ISO-10303-21;
HEADER;
FILE_DESCRIPTION (( 'STEP AP203' ),
    '1' );
FILE_NAME ('CNC Mill Door Handle.STEP',
    '2025-10-10T18:29:25',
    ( '' ),
    ( '' ),
    'SwSTEP 2.0',
    'SolidWorks 2025',
    '' );
FILE_SCHEMA (( 'CONFIG_CONTROL_DESIGN' ));
ENDSEC;

DATA;
#1 = CARTESIAN_POINT ( 'NONE',  ( 11.12603618976622499, 7.129659371537020007, 5.337225627727358201 ) ) ;
#2 = CARTESIAN_POINT ( 'NONE',  ( 14.94033144701996463, 4.884864226797718700, 2.764496580789366664 ) ) ;
#3 = DIRECTION ( 'NONE',  ( -0.7071067811865441310, -1.226634733346693887E-16, -0.7071067811865510144 ) ) ;
#4 = CARTESIAN_POINT ( 'NONE',  ( -15.11427994280452225, 4.717512903608277242, -2.925088661184053862 ) ) ;
#5 = EDGE_CURVE ( 'NONE', #1126, #3435, #1092, .T. ) ;
#6 = LINE ( 'NONE', #1274, #4208 ) ;
#7 = ORIENTED_EDGE ( 'NONE', *, *, #1417, .F. ) ;
#8 = LINE ( 'NONE', #1648, #674 ) ;
#9 = CARTESIAN_POINT ( 'NONE',  ( 29.92636144974735046, 8.000000000000000000, 9.500000000000000000 ) ) ;
#10 = ADVANCED_FACE ( 'NONE', ( #2998 ), #1016, .F. ) ;
#11 = LINE ( 'NONE', #3768, #3279 ) ;
#12 = ADVANCED_FACE ( 'NONE', ( #1336 ), #4036, .T. ) ;
#13 = ORIENTED_EDGE ( 'NONE', *, *, #2176, .T. ) ;
#14 = DIRECTION ( 'NONE',  ( -1.000000000000000000, 0.000000000000000000, -5.782411586589360597E-16 ) ) ;
#15 = ORIENTED_EDGE ( 'NONE', *, *, #3611, .F. ) ;
#16 = CARTESIAN_POINT ( 'NONE',  ( -17.78807915201425160, 5.783166991651950362, 3.990742749227725206 ) ) ;
#17 = CARTESIAN_POINT ( 'NONE',  ( 4.831515271251883625, 7.125513361396935252, -5.333084637097218916 ) ) ;
#18 = CARTESIAN_POINT ( 'NONE',  ( -8.251439517386900846, 8.000000000000000000, 7.312391418772339335 ) ) ;
#19 = DIRECTION ( 'NONE',  ( 0.000000000000000000, 0.000000000000000000, 1.000000000000000000 ) ) ;
#20 = ORIENTED_EDGE ( 'NONE', *, *, #1639, .F. ) ;
#21 = CARTESIAN_POINT ( 'NONE',  ( -18.11266500812582336, 5.599478862783902500, 3.807054620359676456 ) ) ;
#22 = CARTESIAN_POINT ( 'NONE',  ( 9.622838944880356848, 7.432087758274021461, 5.625488803572785912 ) ) ;
#23 = ORIENTED_EDGE ( 'NONE', *, *, #2185, .F. ) ;
#24 = CARTESIAN_POINT ( 'NONE',  ( -6.600175864847320994, 7.999999999999774403, -6.423389952590063068 ) ) ;
#25 = CARTESIAN_POINT ( 'NONE',  ( 17.02365133743596814, 5.010834109730190278, -2.865623285721719427 ) ) ;
#26 = DIRECTION ( 'NONE',  ( 0.000000000000000000, 0.000000000000000000, 1.000000000000000000 ) ) ;
#27 = CARTESIAN_POINT ( 'NONE',  ( -17.80125553170535113, 5.358898464935490935, -3.566474222511357262 ) ) ;
#28 = VERTEX_POINT ( 'NONE', #1474 ) ;
#29 = FACE_BOUND ( 'NONE', #4299, .T. ) ;
#30 = DIRECTION ( 'NONE',  ( -7.382134681296080182E-16, 1.000000000000000000, 0.000000000000000000 ) ) ;
#31 = VECTOR ( 'NONE', #4076, 1000.000000000000000 ) ;
#32 = CARTESIAN_POINT ( 'NONE',  ( -24.22566654420050014, -0.9727623834292100646, 8.757575757575759567 ) ) ;
#33 = EDGE_CURVE ( 'NONE', #1713, #397, #167, .T. ) ;
#34 = EDGE_CURVE ( 'NONE', #2656, #1403, #1223, .T. ) ;
#35 = CIRCLE ( 'NONE', #2019, 0.7500000000000005551 ) ;
#36 = VERTEX_POINT ( 'NONE', #1517 ) ;
#37 = DIRECTION ( 'NONE',  ( 1.000000000000000000, 0.000000000000000000, 0.000000000000000000 ) ) ;
#38 = ORIENTED_EDGE ( 'NONE', *, *, #975, .F. ) ;
#39 = FACE_BOUND ( 'NONE', #811, .T. ) ;
#40 = CARTESIAN_POINT ( 'NONE',  ( 4.815532678565159763, 7.121320343559640165, -5.328896101135399910 ) ) ;
#41 = VECTOR ( 'NONE', #2624, 1000.000000000000114 ) ;
#42 = CARTESIAN_POINT ( 'NONE',  ( -7.398034179292319656, 7.535194928387980440, 5.716784161058019897 ) ) ;
#43 = AXIS2_PLACEMENT_3D ( 'NONE', #3243, #3665, #2980 ) ;
#44 = CARTESIAN_POINT ( 'NONE',  ( 23.08806929125699625, 8.224700838706930028, -6.432276596282680003 ) ) ;
#45 = ORIENTED_EDGE ( 'NONE', *, *, #1681, .T. ) ;
#46 = CARTESIAN_POINT ( 'NONE',  ( 15.76200707051774863, 8.606667790895009773, 8.757575757575759567 ) ) ;
#47 = CARTESIAN_POINT ( 'NONE',  ( -21.92191550131537880, 7.757109699079165033, -5.869631061763904256 ) ) ;
#48 = VERTEX_POINT ( 'NONE', #1810 ) ;
#49 = AXIS2_PLACEMENT_3D ( 'NONE', #3055, #1045, #4030 ) ;
#50 = LINE ( 'NONE', #3473, #1452 ) ;
#51 = LINE ( 'NONE', #2156, #3060 ) ;
#52 = CARTESIAN_POINT ( 'NONE',  ( -23.43203649257928234, 7.999999999999651834, 6.166635650116004008 ) ) ;
#53 = CARTESIAN_POINT ( 'NONE',  ( -51.00000000000000711, -0.5000000000000177636, 0.000000000000000000 ) ) ;
#54 = ORIENTED_EDGE ( 'NONE', *, *, #3903, .T. ) ;
#55 = DIRECTION ( 'NONE',  ( 0.000000000000000000, 0.000000000000000000, -1.000000000000000000 ) ) ;
#56 = DIRECTION ( 'NONE',  ( -1.000000000000000000, 0.000000000000000000, 0.000000000000000000 ) ) ;
#57 = DIRECTION ( 'NONE',  ( 1.000000000000000000, 0.000000000000000000, 0.000000000000000000 ) ) ;
#58 =( BOUNDED_SURFACE ( )  B_SPLINE_SURFACE ( 3, 2, ( 
 ( #1701, #3068, #1409 ),
 ( #744, #396, #2106 ),
 ( #3358, #1725, #3045 ),
 ( #4066, #1101, #2394 ),
 ( #44, #3735, #327 ),
 ( #697, #2059, #3399 ) ),
 .UNSPECIFIED., .F., .F., .F. ) 
 B_SPLINE_SURFACE_WITH_KNOTS ( ( 4, 2, 4 ),
 ( 3, 3 ),
 ( 5.559547724019430426, 5.923537428348989664, 6.287527132678549791 ),
 ( 0.000000000000000000, 1.000000000000000000 ),
 .UNSPECIFIED. ) 
 GEOMETRIC_REPRESENTATION_ITEM ( )  RATIONAL_B_SPLINE_SURFACE ( (
 ( 1.000000000000000000, 0.8746163082023989954, 1.000000000000000000),
 ( 1.000000000000000000, 0.8908605936897360245, 1.000000000000000000),
 ( 1.000000000000000000, 0.9032744197257260854, 1.000000000000000000),
 ( 1.000000000000000000, 0.9198364717361769971, 1.000000000000000000),
 ( 1.000000000000000000, 0.9239852149870220188, 1.000000000000000000),
 ( 1.000000000000000000, 0.9238777289780890634, 1.000000000000000000) ) ) 
 REPRESENTATION_ITEM ( '' )  SURFACE ( )  );
#59 = VERTEX_POINT ( 'NONE', #3836 ) ;
#60 = CARTESIAN_POINT ( 'NONE',  ( 46.60000000000000142, 8.817669172932339094, 0.000000000000000000 ) ) ;
#61 = ORIENTED_EDGE ( 'NONE', *, *, #393, .F. ) ;
#62 = PLANE ( 'NONE',  #1083 ) ;
#63 = CARTESIAN_POINT ( 'NONE',  ( -29.92636144974730072, 1.000000000000000000, -9.500000000000000000 ) ) ;
#64 = EDGE_CURVE ( 'NONE', #1048, #687, #1855, .T. ) ;
#65 = CARTESIAN_POINT ( 'NONE',  ( 32.37964710633750087, 14.50000000000000000, 9.500000000000000000 ) ) ;
#66 = CARTESIAN_POINT ( 'NONE',  ( -15.76200707051774863, 4.796667790895010164, 2.693583376690960041 ) ) ;
#67 = ORIENTED_EDGE ( 'NONE', *, *, #3903, .F. ) ;
#68 = CARTESIAN_POINT ( 'NONE',  ( 36.10963529983394693, 15.42344393713465145, -7.500000000000000000 ) ) ;
#69 = DIRECTION ( 'NONE',  ( 1.734723475976804876E-16, -1.000000000000000000, 0.000000000000000000 ) ) ;
#70 = ORIENTED_EDGE ( 'NONE', *, *, #893, .F. ) ;
#71 = EDGE_CURVE ( 'NONE', #478, #4318, #3442, .T. ) ;
#72 = LINE ( 'NONE', #682, #883 ) ;
#73 = CARTESIAN_POINT ( 'NONE',  ( 55.40000000000000568, 3.276315789473692952, 5.388445916248358943E-16 ) ) ;
#74 = CARTESIAN_POINT ( 'NONE',  ( 20.08523221848557583, 6.992023820072893692, -4.804207322232779021 ) ) ;
#75 = CARTESIAN_POINT ( 'NONE',  ( -18.28466544649865000, 5.751445432112169520, -3.460412663337809835 ) ) ;
#76 = CARTESIAN_POINT ( 'NONE',  ( -5.861203028368087153, 7.238876109078687726, 5.119542253798774922 ) ) ;
#77 = CARTESIAN_POINT ( 'NONE',  ( 7.986678585852429180, 7.433333333333339787, -5.330248919129279450 ) ) ;
#78 = CARTESIAN_POINT ( 'NONE',  ( -20.71186834135991717, 7.451031508358914479, 5.636790928099806308 ) ) ;
#79 = ORIENTED_EDGE ( 'NONE', *, *, #2144, .F. ) ;
#80 = CARTESIAN_POINT ( 'NONE',  ( 19.73661185555179642, 8.000000000000000000, 7.450216444695049844 ) ) ;
#81 = CARTESIAN_POINT ( 'NONE',  ( -5.456892436298897309, 7.274435347784725003, 5.478644775238623588 ) ) ;
#82 = FACE_OUTER_BOUND ( 'NONE', #3467, .T. ) ;
#83 = CARTESIAN_POINT ( 'NONE',  ( 10.80978694325433231, 6.977699199204135283, -4.836528163833933469 ) ) ;
#84 = EDGE_CURVE ( 'NONE', #3435, #4099, #1708, .T. ) ;
#85 = FACE_OUTER_BOUND ( 'NONE', #667, .T. ) ;
#86 = DIRECTION ( 'NONE',  ( 0.8462062767335206681, -0.5328554562137767237, 0.000000000000000000 ) ) ;
#87 = VERTEX_POINT ( 'NONE', #3261 ) ;
#88 = CARTESIAN_POINT ( 'NONE',  ( -24.26462459031010255, 7.999915425348151032, 5.896823941861940810 ) ) ;
#89 = CARTESIAN_POINT ( 'NONE',  ( 11.15782449313978120, 7.121320343559640165, -5.328896101135399910 ) ) ;
#90 = ORIENTED_EDGE ( 'NONE', *, *, #3280, .F. ) ;
#91 = EDGE_CURVE ( 'NONE', #1791, #2723, #253, .T. ) ;
#92 = CARTESIAN_POINT ( 'NONE',  ( 14.58616521124313614, 4.982300984623599049, 2.842675050955723037 ) ) ;
#93 = CARTESIAN_POINT ( 'NONE',  ( -7.986678585852459378, 7.546666666666720147, -5.726677419057850216 ) ) ;
#94 = LINE ( 'NONE', #2134, #2580 ) ;
#95 = DIRECTION ( 'NONE',  ( 1.734723475976805122E-16, -1.000000000000000000, -0.000000000000000000 ) ) ;
#96 = CARTESIAN_POINT ( 'NONE',  ( -17.78807915201425160, 5.783166991651950362, -3.990742749227725206 ) ) ;
#97 = CARTESIAN_POINT ( 'NONE',  ( -15.98921522784970151, 4.796667790895001282, 2.693583376690959597 ) ) ;
#98 = CARTESIAN_POINT ( 'NONE',  ( -19.75876699774075007, 7.129462592693633027, 5.337073068466962944 ) ) ;
#99 = ORIENTED_EDGE ( 'NONE', *, *, #249, .F. ) ;
#100 = AXIS2_PLACEMENT_3D ( 'NONE', #704, #2377, #1328 ) ;
#101 = FACE_OUTER_BOUND ( 'NONE', #1117, .T. ) ;
#102 = CARTESIAN_POINT ( 'NONE',  ( -6.652479482636185715, 7.473785244305571673, 5.663242083175756392 ) ) ;
#103 = COORDINATED_UNIVERSAL_TIME_OFFSET ( 5, 0, .BEHIND. ) ;
#104 = CARTESIAN_POINT ( 'NONE',  ( -55.40000000000000568, -8.500000000000017764, 0.000000000000000000 ) ) ;
#105 = AXIS2_PLACEMENT_3D ( 'NONE', #3278, #2250, #3594 ) ;
#106 = CARTESIAN_POINT ( 'NONE',  ( -20.14373984236554804, 8.000000000000000000, -7.450216443920639975 ) ) ;
#107 = CARTESIAN_POINT ( 'NONE',  ( 21.25547612078701931, 7.603239909111943362, 5.761222820411674661 ) ) ;
#108 = ORIENTED_EDGE ( 'NONE', *, *, #567, .T. ) ;
#109 = CIRCLE ( 'NONE', #2720, 4.400000000000001243 ) ;
#110 = LINE ( 'NONE', #1457, #957 ) ;
#111 = CARTESIAN_POINT ( 'NONE',  ( 8.910420514200376729, 7.510567780034459240, -5.695290348737880315 ) ) ;
#112 = VERTEX_POINT ( 'NONE', #4280 ) ;
#113 = AXIS2_PLACEMENT_3D ( 'NONE', #1896, #556, #3190 ) ;
#114 = CARTESIAN_POINT ( 'NONE',  ( -20.21617300025039654, 7.292662354034132655, -5.494732968116475824 ) ) ;
#115 = DIRECTION ( 'NONE',  ( -6.938893903907228378E-15, 0.000000000000000000, 1.000000000000000000 ) ) ;
#116 = EDGE_CURVE ( 'NONE', #2431, #28, #3341, .T. ) ;
#117 = CARTESIAN_POINT ( 'NONE',  ( 1.744547530567677196, 5.052326459895284394, 2.866470657776030162 ) ) ;
#118 = CIRCLE ( 'NONE', #2729, 3.000000000000000000 ) ;
#119 = CARTESIAN_POINT ( 'NONE',  ( -17.94020040371539793, 5.447102191475670097, 3.215979509442259854 ) ) ;
#120 = EDGE_CURVE ( 'NONE', #3054, #1350, #2816, .T. ) ;
#121 = AXIS2_PLACEMENT_3D ( 'NONE', #1721, #2692, #694 ) ;
#122 = CARTESIAN_POINT ( 'NONE',  ( -16.21977420292964922, 5.030449189766110329, -3.238024947341885174 ) ) ;
#123 = DIRECTION ( 'NONE',  ( 1.000000000000000000, 1.636531581110195656E-16, 0.000000000000000000 ) ) ;
#124 = CARTESIAN_POINT ( 'NONE',  ( -15.76200707051774863, 4.796667790895010164, 2.693583376690960041 ) ) ;
#125 = CARTESIAN_POINT ( 'NONE',  ( -4.815532678565170421, 5.000000000000000000, -7.450216444695040074 ) ) ;
#126 = ADVANCED_FACE ( 'NONE', ( #211 ), #1562, .F. ) ;
#127 = EDGE_LOOP ( 'NONE', ( #15, #931, #364 ) ) ;
#128 = CARTESIAN_POINT ( 'NONE',  ( 13.91892392368488984, 5.246939929858167595, 3.454515687434437154 ) ) ;
#129 = CARTESIAN_POINT ( 'NONE',  ( -6.350471983873112514, 7.432080011124350349, 5.625483981173008630 ) ) ;
#130 = CARTESIAN_POINT ( 'NONE',  ( 8.548579111781556605, 7.999999999999994671, -6.451275074046885827 ) ) ;
#131 = CARTESIAN_POINT ( 'NONE',  ( -21.72794724007034972, 8.000000000000000000, -7.189798396058120211 ) ) ;
#132 = LINE ( 'NONE', #2890, #2585 ) ;
#133 = ORIENTED_EDGE ( 'NONE', *, *, #2549, .T. ) ;
#134 = CARTESIAN_POINT ( 'NONE',  ( 3.705636617033370328, 6.725912723526249692, 4.933488481102020096 ) ) ;
#135 = DIRECTION ( 'NONE',  ( 1.000000000000000000, 0.000000000000000000, 0.000000000000000000 ) ) ;
#136 = DIRECTION ( 'NONE',  ( -1.000000000000000000, 0.000000000000000000, 0.000000000000000000 ) ) ;
#137 = CARTESIAN_POINT ( 'NONE',  ( -9.308218672459199539, 8.000000000000000000, -7.364542852137180518 ) ) ;
#138 = VERTEX_POINT ( 'NONE', #3086 ) ;
#139 = DIRECTION ( 'NONE',  ( -1.000000000000000000, 0.000000000000000000, 0.000000000000000000 ) ) ;
#140 = CYLINDRICAL_SURFACE ( 'NONE', #3502, 4.400000000000001243 ) ;
#141 = EDGE_CURVE ( 'NONE', #3866, #3312, #2685, .T. ) ;
#142 = DIRECTION ( 'NONE',  ( 0.000000000000000000, 0.7071067811865474617, 0.7071067811865474617 ) ) ;
#143 = CARTESIAN_POINT ( 'NONE',  ( -22.06163103306210260, 7.802117098241480697, -5.682492384630569937 ) ) ;
#144 = EDGE_CURVE ( 'NONE', #712, #283, #1494, .T. ) ;
#145 = LINE ( 'NONE', #1156, #3839 ) ;
#146 = CARTESIAN_POINT ( 'NONE',  ( -21.44269789238629897, 7.650159719063528208, 5.796515896590758388 ) ) ;
#147 = ORIENTED_EDGE ( 'NONE', *, *, #148, .T. ) ;
#148 = EDGE_CURVE ( 'NONE', #900, #937, #1158, .T. ) ;
#149 = CARTESIAN_POINT ( 'NONE',  ( -8.885953503854050695, 7.443271316766420398, 5.341017581817440352 ) ) ;
#150 = CARTESIAN_POINT ( 'NONE',  ( -6.045662617470519251, 7.385813178157629721, 5.583210038389323948 ) ) ;
#151 = APPROVAL_ROLE ( '' ) ;
#152 = CARTESIAN_POINT ( 'NONE',  ( -10.38338939457517895, 7.303759441975898881, -5.506756647596705356 ) ) ;
#153 = CARTESIAN_POINT ( 'NONE',  ( 51.00000000000000711, -8.500000000000000000, 0.000000000000000000 ) ) ;
#154 = DIRECTION ( 'NONE',  ( 0.000000000000000000, 0.000000000000000000, 1.000000000000000000 ) ) ;
#155 = ORIENTED_EDGE ( 'NONE', *, *, #120, .F. ) ;
#156 = CARTESIAN_POINT ( 'NONE',  ( 2.991104796424710166, 5.984805763868501494, 4.192381521445895487 ) ) ;
#157 = FACE_OUTER_BOUND ( 'NONE', #681, .T. ) ;
#158 = CARTESIAN_POINT ( 'NONE',  ( -10.71048520252741909, 7.239182484975690279, -5.446758242551450913 ) ) ;
#159 = EDGE_LOOP ( 'NONE', ( #165, #4236, #3344, #3777 ) ) ;
#160 = CARTESIAN_POINT ( 'NONE',  ( 41.00000000000000000, -1.565167132207969880, 7.750000000000000000 ) ) ;
#161 = LINE ( 'NONE', #2157, #3000 ) ;
#162 = CARTESIAN_POINT ( 'NONE',  ( 32.37964710633750087, 16.50000000000000000, 7.500000000000000000 ) ) ;
#163 = DIRECTION ( 'NONE',  ( -1.734723475976805122E-16, 1.000000000000000000, 0.000000000000000000 ) ) ;
#164 = CARTESIAN_POINT ( 'NONE',  ( -15.76200707051774863, 5.016337705005099679, 3.223913462580870082 ) ) ;
#165 = ORIENTED_EDGE ( 'NONE', *, *, #2185, .T. ) ;
#166 = CARTESIAN_POINT ( 'NONE',  ( 20.14374011907780115, 8.000000000000000000, -7.450216443916579223 ) ) ;
#167 = LINE ( 'NONE', #2495, #3498 ) ;
#168 = APPROVAL_DATE_TIME ( #1856, #1206 ) ;
#169 = CARTESIAN_POINT ( 'NONE',  ( -9.053151730770322203, 7.501462323007899613, -5.687419693119407427 ) ) ;
#170 =( BOUNDED_SURFACE ( )  B_SPLINE_SURFACE ( 3, 2, ( 
 ( #4153, #1492, #1877 ),
 ( #826, #804, #1473 ),
 ( #497, #3177, #431 ),
 ( #3835, #3219, #1140 ),
 ( #149, #3481, #2454 ),
 ( #1448, #1809, #779 ),
 ( #2494, #1118, #2842 ),
 ( #2120, #3816, #2475 ),
 ( #2140, #4192, #1423 ),
 ( #1784, #1161, #2207 ) ),
 .UNSPECIFIED., .F., .F., .F. ) 
 B_SPLINE_SURFACE_WITH_KNOTS ( ( 4, 2, 2, 2, 4 ),
 ( 3, 3 ),
 ( 2.487717647697745171, 2.819905454348584861, 3.152093260999424995, 3.484281067650270014, 3.816468874301110148 ),
 ( 0.000000000000000000, 1.000000000000000000 ),
 .UNSPECIFIED. ) 
 GEOMETRIC_REPRESENTATION_ITEM ( )  RATIONAL_B_SPLINE_SURFACE ( (
 ( 1.000000000000000000, 0.8835309257402880201, 1.000000000000000000),
 ( 1.000000000000000000, 0.8970117841665999903, 1.000000000000000000),
 ( 1.000000000000000000, 0.9072406352218629344, 1.000000000000000000),
 ( 1.000000000000000000, 0.9207826461107659899, 1.000000000000000000),
 ( 1.000000000000000000, 0.9240914597839360312, 1.000000000000000000),
 ( 1.000000000000000000, 0.9236465074470879832, 1.000000000000000000),
 ( 1.000000000000000000, 0.9198927250320529936, 1.000000000000000000),
 ( 1.000000000000000000, 0.9054794842110770459, 1.000000000000000000),
 ( 1.000000000000000000, 0.8948243571343950098, 1.000000000000000000),
 ( 1.000000000000000000, 0.8809363964789689305, 1.000000000000000000) ) ) 
 REPRESENTATION_ITEM ( '' )  SURFACE ( )  );
#171 = VECTOR ( 'NONE', #3528, 1000.000000000000114 ) ;
#172 = CARTESIAN_POINT ( 'NONE',  ( -22.06435806384325105, 7.791307203256559788, -5.893918032594199552 ) ) ;
#173 = CARTESIAN_POINT ( 'NONE',  ( -34.00000000000000000, -1.565167132207979872, -9.500000000000000000 ) ) ;
#174 = ORIENTED_EDGE ( 'NONE', *, *, #1053, .F. ) ;
#175 = CARTESIAN_POINT ( 'NONE',  ( 4.035870078470930267, 6.577757247958969877, 4.403158395212105169 ) ) ;
#176 = AXIS2_PLACEMENT_3D ( 'NONE', #734, #3413, #2758 ) ;
#177 = VECTOR ( 'NONE', #4216, 1000.000000000000000 ) ;
#178 = CARTESIAN_POINT ( 'NONE',  ( -1.911890070364605121, 5.521621032120870076, 3.729196789696640479 ) ) ;
#179 = CIRCLE ( 'NONE', #1595, 6.999999999999999112 ) ;
#180 = CARTESIAN_POINT ( 'NONE',  ( -10.17322493976361031, 7.999999999999541700, -6.367732437363582854 ) ) ;
#181 = ORIENTED_EDGE ( 'NONE', *, *, #1853, .T. ) ;
#182 = CARTESIAN_POINT ( 'NONE',  ( 10.27916059509481705, 7.136403264579433525, -5.008366457272884098 ) ) ;
#183 = CIRCLE ( 'NONE', #2654, 2.649999999999999467 ) ;
#184 = CARTESIAN_POINT ( 'NONE',  ( -61.00000000000000000, -16.50000000000000000, 9.500000000000000000 ) ) ;
#185 = AXIS2_PLACEMENT_3D ( 'NONE', #2340, #344, #4361 ) ;
#186 = CARTESIAN_POINT ( 'NONE',  ( -0.3936035337960659408, 4.631151059171254580, -2.838726816747027648 ) ) ;
#187 = CARTESIAN_POINT ( 'NONE',  ( 22.65595629415672363, 7.999999999998592237, 6.338508991722713759 ) ) ;
#188 = VECTOR ( 'NONE', #2489, 1000.000000000000114 ) ;
#189 = LOCAL_TIME ( 14, 29, 25.00000000000000000, #103 ) ;
#190 = ORIENTED_EDGE ( 'NONE', *, *, #1847, .F. ) ;
#191 = CARTESIAN_POINT ( 'NONE',  ( 5.345055359936320194, 8.000000000000000000, -7.450216444695049844 ) ) ;
#192 = CARTESIAN_POINT ( 'NONE',  ( -9.037410570788832587, 7.499785839363897644, 5.685837016400236976 ) ) ;
#193 = DATE_AND_TIME ( #3221, #4219 ) ;
#194 = CARTESIAN_POINT ( 'NONE',  ( 8.251439517386909728, 8.000000000000000000, -7.312391418772339335 ) ) ;
#195 = DIRECTION ( 'NONE',  ( -4.270088556250600220E-16, -1.000000000000000000, 0.000000000000000000 ) ) ;
#196 = CARTESIAN_POINT ( 'NONE',  ( -41.00000000000000000, -16.50000000000000000, 9.500000000000000000 ) ) ;
#197 = ORIENTED_EDGE ( 'NONE', *, *, #2179, .F. ) ;
#198 = DIRECTION ( 'NONE',  ( 1.000000000000000000, 0.000000000000000000, 0.000000000000000000 ) ) ;
#199 = EDGE_CURVE ( 'NONE', #397, #3035, #1294, .T. ) ;
#200 = CARTESIAN_POINT ( 'NONE',  ( -20.30699599355148166, 7.323048626101797076, -5.522852740598520604 ) ) ;
#201 = ORIENTED_EDGE ( 'NONE', *, *, #1123, .F. ) ;
#202 = ADVANCED_FACE ( 'NONE', ( #4053 ), #2666, .F. ) ;
#203 = DIRECTION ( 'NONE',  ( 1.000000000000000000, 3.562378566738086561E-15, 0.000000000000000000 ) ) ;
#204 = CARTESIAN_POINT ( 'NONE',  ( 24.26462459031010255, 7.999915425348140374, 5.896823941861940810 ) ) ;
#205 = EDGE_CURVE ( 'NONE', #2614, #2803, #2406, .T. ) ;
#206 = CARTESIAN_POINT ( 'NONE',  ( -13.05945610220024022, 6.292200252764240886, -4.499776010340005072 ) ) ;
#207 = LINE ( 'NONE', #1556, #3208 ) ;
#208 = CARTESIAN_POINT ( 'NONE',  ( 17.51140297228054976, 5.538716859744019949, 3.746292617319795237 ) ) ;
#209 = ORIENTED_EDGE ( 'NONE', *, *, #3657, .T. ) ;
#210 = LINE ( 'NONE', #1561, #3292 ) ;
#211 = FACE_OUTER_BOUND ( 'NONE', #1808, .T. ) ;
#212 = CARTESIAN_POINT ( 'NONE',  ( -6.892960653395659776, 7.653003247443190382, -5.860579005018950127 ) ) ;
#213 = DIRECTION ( 'NONE',  ( -0.6781345143961781119, -0.5196795071891241458, -0.5196795071891221474 ) ) ;
#214 = CARTESIAN_POINT ( 'NONE',  ( 23.57361491782379304, 7.999969917285479681, -5.965047322832896626 ) ) ;
#215 = ORIENTED_EDGE ( 'NONE', *, *, #1215, .F. ) ;
#216 = EDGE_CURVE ( 'NONE', #908, #1746, #1553, .T. ) ;
#217 = CARTESIAN_POINT ( 'NONE',  ( 1.911890070364605121, 5.521621032120870076, 3.729196789696640479 ) ) ;
#218 = CARTESIAN_POINT ( 'NONE',  ( -19.73661185555204867, 5.000000000000000000, -7.450216444695049844 ) ) ;
#219 = CARTESIAN_POINT ( 'NONE',  ( -11.97792865424779229, 6.500480705806662485, -4.319046954765833668 ) ) ;
#220 = ORIENTED_EDGE ( 'NONE', *, *, #3854, .F. ) ;
#221 = CARTESIAN_POINT ( 'NONE',  ( -9.664090764094304120, 7.278847351383178399, 5.162494234450457853 ) ) ;
#222 = CARTESIAN_POINT ( 'NONE',  ( -41.00000000000000000, -16.50000000000000000, 7.750000000000000000 ) ) ;
#223 = ADVANCED_FACE ( 'NONE', ( #340 ), #3107, .T. ) ;
#224 = CARTESIAN_POINT ( 'NONE',  ( -29.92636144974730072, 1.000000000000000000, 9.500000000000000000 ) ) ;
#225 = EDGE_CURVE ( 'NONE', #3265, #2171, #1442, .T. ) ;
#226 = CARTESIAN_POINT ( 'NONE',  ( -11.79427778328631859, 6.644019634338580005, -4.474959409235860441 ) ) ;
#227 = CARTESIAN_POINT ( 'NONE',  ( 19.03422362316011984, 6.755723374086984201, 4.963299131662757269 ) ) ;
#228 = ORIENTED_EDGE ( 'NONE', *, *, #995, .F. ) ;
#229 = CARTESIAN_POINT ( 'NONE',  ( 17.78807915201425160, 5.783166991651959243, -3.990742749227725206 ) ) ;
#230 = CARTESIAN_POINT ( 'NONE',  ( -9.522538676795027968, 7.445192096321742170, 5.637100528650161202 ) ) ;
#231 = CARTESIAN_POINT ( 'NONE',  ( 7.398034179292769075, 7.535194928387999980, -5.716784161058030556 ) ) ;
#232 = CARTESIAN_POINT ( 'NONE',  ( 13.90071101811527932, 5.647515561390850536, -3.855091318966624936 ) ) ;
#233 = CARTESIAN_POINT ( 'NONE',  ( 19.82379560910163718, 7.153675183212689248, -5.361076459116820736 ) ) ;
#234 = ORIENTED_EDGE ( 'NONE', *, *, #4190, .F. ) ;
#235 = CARTESIAN_POINT ( 'NONE',  ( 0.8570007051151310451, 4.704133290599200379, 2.586682295405459797 ) ) ;
#236 = AXIS2_PLACEMENT_3D ( 'NONE', #1425, #3443, #2780 ) ;
#237 = CARTESIAN_POINT ( 'NONE',  ( 61.00000000000000000, -16.50000000000000000, -7.500000000000000000 ) ) ;
#238 = CARTESIAN_POINT ( 'NONE',  ( -12.62569697493336385, 6.156610059953707470, -3.946428017995244453 ) ) ;
#239 = EDGE_LOOP ( 'NONE', ( #1647, #601, #2399, #3329 ) ) ;
#240 = AXIS2_PLACEMENT_3D ( 'NONE', #3366, #2990, #4354 ) ;
#241 = FACE_BOUND ( 'NONE', #1050, .T. ) ;
#242 = DIRECTION ( 'NONE',  ( -1.000000000000000000, 0.000000000000000000, 0.000000000000000000 ) ) ;
#243 = CARTESIAN_POINT ( 'NONE',  ( -46.59999999999999432, 8.817669172932324884, 8.800000000000000711 ) ) ;
#244 = AXIS2_PLACEMENT_3D ( 'NONE', #1724, #3709, #4364 ) ;
#245 = DIRECTION ( 'NONE',  ( 1.000000000000000000, 1.734723475976804876E-16, 0.000000000000000000 ) ) ;
#246 = CARTESIAN_POINT ( 'NONE',  ( 0.3441868664364435282, 4.850820973281339654, -3.058396730857114942 ) ) ;
#247 = AXIS2_PLACEMENT_3D ( 'NONE', #2153, #2505, #468 ) ;
#248 = CARTESIAN_POINT ( 'NONE',  ( 15.76200707051776995, 4.796667790895009276, 3.004243548470783676 ) ) ;
#249 = EDGE_CURVE ( 'NONE', #2387, #36, #1007, .T. ) ;
#250 = CIRCLE ( 'NONE', #43, 3.000000000000000000 ) ;
#251 = ORIENTED_EDGE ( 'NONE', *, *, #4000, .T. ) ;
#252 = CARTESIAN_POINT ( 'NONE',  ( 9.044229229177069840, 8.000000000000000000, -7.346782657462599175 ) ) ;
#253 = LINE ( 'NONE', #3553, #3283 ) ;
#254 = CARTESIAN_POINT ( 'NONE',  ( -1.911890070364605121, 5.521621032120870076, -3.729196789696635150 ) ) ;
#255 = AXIS2_PLACEMENT_3D ( 'NONE', #412, #4104, #1072 ) ;
#256 = EDGE_CURVE ( 'NONE', #1746, #2429, #492, .T. ) ;
#257 = CARTESIAN_POINT ( 'NONE',  ( -5.873170168930020196, 8.000000000000000000, -7.417823425373460289 ) ) ;
#258 = AXIS2_PLACEMENT_3D ( 'NONE', #2411, #3375, #715 ) ;
#259 = CARTESIAN_POINT ( 'NONE',  ( 20.35443147877163028, 7.339010324193528945, -5.537685271404240162 ) ) ;
#260 = VERTEX_POINT ( 'NONE', #3857 ) ;
#261 = CARTESIAN_POINT ( 'NONE',  ( 7.986678585852459378, 7.433333333333339787, -5.330248919129279450 ) ) ;
#262 = EDGE_CURVE ( 'NONE', #1403, #908, #3077, .T. ) ;
#263 = DIRECTION ( 'NONE',  ( 0.3767857064810136714, -0.5983581965608930631, 0.7071067811865469066 ) ) ;
#264 = DIRECTION ( 'NONE',  ( 0.000000000000000000, 0.000000000000000000, -1.000000000000000000 ) ) ;
#265 = EDGE_LOOP ( 'NONE', ( #2638, #837, #3853, #2542 ) ) ;
#266 = CARTESIAN_POINT ( 'NONE',  ( 8.575322992412020895, 7.535194928388049718, 5.716784161058099833 ) ) ;
#267 = CARTESIAN_POINT ( 'NONE',  ( 7.812584262938113255, 7.544383360543625905, -5.724722889636323586 ) ) ;
#268 = CARTESIAN_POINT ( 'NONE',  ( 24.22566654420050014, 8.000000000000000000, -5.896915585795940551 ) ) ;
#269 = ORIENTED_EDGE ( 'NONE', *, *, #34, .T. ) ;
#270 = DIRECTION ( 'NONE',  ( 0.000000000000000000, 0.000000000000000000, -1.000000000000000000 ) ) ;
#271 = CARTESIAN_POINT ( 'NONE',  ( 0.8570007051151300459, 4.704133290599200379, -2.586682295405459797 ) ) ;
#272 = EDGE_CURVE ( 'NONE', #4093, #1914, #3478, .T. ) ;
#273 = CARTESIAN_POINT ( 'NONE',  ( 22.27016734323695601, 8.000000000000008882, 6.392794721071347830 ) ) ;
#274 = B_SPLINE_CURVE_WITH_KNOTS ( 'NONE', 3,
 ( #1214, #2919, #4230, #3272, #1178, #1239, #2530, #858, #1600, #3874, #2948, #839, #2593, #2203, #1263, #2220, #882, #3567, #532, #2247, #3591, #3940, #904, #3609, #3381, #4044 ),
 .UNSPECIFIED., .F., .F.,
 ( 4, 2, 2, 1, 1, 2, 2, 2, 2, 2, 1, 1, 2, 2, 4 ),
 ( 0.000000000000000000, 0.1249999999999970302, 0.1874999999999953926, 0.2187499999999946154, 0.2343749999999943101, 0.2421874999999942824, 0.2499999999999942268, 0.4999999999999955591, 0.6249999999999962252, 0.6874999999999965583, 0.7187499999999965583, 0.7343749999999966693, 0.7421874999999966693, 0.7499999999999966693, 1.000000000000000000 ),
 .UNSPECIFIED. ) ;
#275 = ADVANCED_FACE ( 'NONE', ( #2822 ), #494, .F. ) ;
#276 = VERTEX_POINT ( 'NONE', #2162 ) ;
#277 = LINE ( 'NONE', #2956, #3646 ) ;
#278 = CARTESIAN_POINT ( 'NONE',  ( -9.347878270025338665, 7.467184535871049356, 5.656862959124185686 ) ) ;
#279 = CARTESIAN_POINT ( 'NONE',  ( -2.213804348269555522, 5.332976929045294412, -3.540552686621071921 ) ) ;
#280 = ADVANCED_FACE ( 'NONE', ( #3506 ), #4127, .T. ) ;
#281 = B_SPLINE_CURVE_WITH_KNOTS ( 'NONE', 3,
 ( #93, #3144, #2817, #4164, #2486, #4270, #3232, #2266, #1532, #1934, #3891, #3566, #531, #3873, #489, #2568, #3914, #2219, #1893, #881 ),
 .UNSPECIFIED., .F., .F.,
 ( 4, 2, 2, 1, 1, 2, 2, 2, 2, 2, 4 ),
 ( 0.000000000000000000, 0.2500000000000068834, 0.3750000000000107692, 0.4375000000000127121, 0.4687500000000136557, 0.4843750000000140443, 0.5000000000000144329, 0.6250000000000117684, 0.6875000000000099920, 0.7500000000000083267, 1.000000000000000000 ),
 .UNSPECIFIED. ) ;
#282 = CARTESIAN_POINT ( 'NONE',  ( 19.73661185555179642, 7.121320343559640165, 5.328896101135399910 ) ) ;
#283 = VERTEX_POINT ( 'NONE', #1067 ) ;
#284 = FACE_OUTER_BOUND ( 'NONE', #4067, .T. ) ;
#285 = CARTESIAN_POINT ( 'NONE',  ( -17.78807915201425160, 6.313497077541869729, -3.460412663337814720 ) ) ;
#286 = CARTESIAN_POINT ( 'NONE',  ( -11.06459589355934980, 6.889277505231143017, -4.740692814404527944 ) ) ;
#287 = ORIENTED_EDGE ( 'NONE', *, *, #1651, .F. ) ;
#288 = CARTESIAN_POINT ( 'NONE',  ( 16.67615890566458603, 4.878899474642902412, 2.759623722790429223 ) ) ;
#289 = CARTESIAN_POINT ( 'NONE',  ( 5.264085598299361735, 7.231758570610568704, 5.437585847105276926 ) ) ;
#290 = ORIENTED_EDGE ( 'NONE', *, *, #1849, .T. ) ;
#291 = DIRECTION ( 'NONE',  ( 0.000000000000000000, 0.000000000000000000, 1.000000000000000000 ) ) ;
#292 = CARTESIAN_POINT ( 'NONE',  ( 42.75000000000000000, -16.50000000000000000, 9.500000000000000000 ) ) ;
#293 = CARTESIAN_POINT ( 'NONE',  ( -24.22566654420050014, 8.000000000000000000, 5.896915585795940551 ) ) ;
#294 = EDGE_CURVE ( 'NONE', #3162, #3204, #475, .T. ) ;
#295 = ORIENTED_EDGE ( 'NONE', *, *, #4350, .T. ) ;
#296 = CARTESIAN_POINT ( 'NONE',  ( 23.90153392538885058, 8.000000000000000000, -6.140657872479629908 ) ) ;
#297 = CARTESIAN_POINT ( 'NONE',  ( -5.076199436578273883, 6.948243695204038950, -4.804610361704412469 ) ) ;
#298 = CARTESIAN_POINT ( 'NONE',  ( -17.23339856606805753, 5.092230224945100581, -2.930965118016971793 ) ) ;
#299 = ORIENTED_EDGE ( 'NONE', *, *, #144, .T. ) ;
#300 = CARTESIAN_POINT ( 'NONE',  ( 22.80590236062619169, 7.938564212736251235, -5.984238406335853355 ) ) ;
#301 = CARTESIAN_POINT ( 'NONE',  ( -4.815532678565149993, 5.000000000000000000, 7.450216444695049844 ) ) ;
#302 = CARTESIAN_POINT ( 'NONE',  ( 0.3442207787312769884, 4.850820973284549531, 3.058396730860329704 ) ) ;
#303 = DIRECTION ( 'NONE',  ( 1.734723475976805122E-16, -1.000000000000000000, -0.000000000000000000 ) ) ;
#304 = CARTESIAN_POINT ( 'NONE',  ( -42.75000000000000000, -1.565167132207979872, 9.500000000000000000 ) ) ;
#305 = ORIENTED_EDGE ( 'NONE', *, *, #1918, .T. ) ;
#306 = CARTESIAN_POINT ( 'NONE',  ( 17.13781107239712398, 5.053625934243004103, 2.899959458251780919 ) ) ;
#307 = CARTESIAN_POINT ( 'NONE',  ( 9.717645001712169162, 7.418542669958386071, 5.613183921401410537 ) ) ;
#308 = VERTEX_POINT ( 'NONE', #1762 ) ;
#309 = EDGE_CURVE ( 'NONE', #2283, #3331, #145, .T. ) ;
#310 = AXIS2_PLACEMENT_3D ( 'NONE', #2245, #3958, #242 ) ;
#311 = CARTESIAN_POINT ( 'NONE',  ( 15.76200707051774863, 4.796667790895010164, 2.693583376690964926 ) ) ;
#312 = PLANE ( 'NONE',  #3980 ) ;
#313 = FACE_OUTER_BOUND ( 'NONE', #3428, .T. ) ;
#314 = ORIENTED_EDGE ( 'NONE', *, *, #3122, .F. ) ;
#315 = AXIS2_PLACEMENT_3D ( 'NONE', #3314, #4001, #1974 ) ;
#316 = LINE ( 'NONE', #1690, #1820 ) ;
#317 = CARTESIAN_POINT ( 'NONE',  ( 6.942382504152230460, 7.433333333331914261, -5.640909090907669565 ) ) ;
#318 = DIRECTION ( 'NONE',  ( 0.000000000000000000, 0.000000000000000000, -1.000000000000000000 ) ) ;
#319 = AXIS2_PLACEMENT_3D ( 'NONE', #2973, #2021, #245 ) ;
#320 = ORIENTED_EDGE ( 'NONE', *, *, #1407, .F. ) ;
#321 = LINE ( 'NONE', #1335, #3153 ) ;
#322 = VERTEX_POINT ( 'NONE', #1510 ) ;
#323 = AXIS2_PLACEMENT_3D ( 'NONE', #4365, #1389, #86 ) ;
#324 = AXIS2_PLACEMENT_3D ( 'NONE', #4091, #2416, #699 ) ;
#325 = CARTESIAN_POINT ( 'NONE',  ( -7.457498925895928998, 8.000000000000000000, 7.320283824002799200 ) ) ;
#326 = PRODUCT_DEFINITION_FORMATION_WITH_SPECIFIED_SOURCE ( 'ANY', '', #1501, .NOT_KNOWN. ) ;
#327 = CARTESIAN_POINT ( 'NONE',  ( 23.17582130823619835, 8.004642848907909780, -5.901946513262239513 ) ) ;
#328 = EDGE_CURVE ( 'NONE', #2110, #2395, #3791, .T. ) ;
#329 = ORIENTED_EDGE ( 'NONE', *, *, #4311, .T. ) ;
#330 = CARTESIAN_POINT ( 'NONE',  ( 14.43974762353379582, 5.234431915721783568, 3.442007673297563297 ) ) ;
#331 = CARTESIAN_POINT ( 'NONE',  ( 7.073297427402018833, 7.511406979491567881, 5.696021294710331695 ) ) ;
#332 = CARTESIAN_POINT ( 'NONE',  ( 15.04230722073289783, 4.863820329688715915, 2.747612484575462144 ) ) ;
#333 = CARTESIAN_POINT ( 'NONE',  ( -61.00000000000000000, -16.50000000000000000, -7.500000000000000000 ) ) ;
#334 = CARTESIAN_POINT ( 'NONE',  ( 23.29707818994245017, 7.967053106666949880, 5.959311361300190235 ) ) ;
#335 = EDGE_CURVE ( 'NONE', #997, #438, #732, .T. ) ;
#336 =( BOUNDED_CURVE ( )  B_SPLINE_CURVE ( 3, ( #2363, #1767, #4061, #2715 ),
 .UNSPECIFIED., .F., .F. ) 
 B_SPLINE_CURVE_WITH_KNOTS ( ( 4, 4 ),
 ( 2.466716432878480081, 3.816468874301110148 ),
 .UNSPECIFIED. ) 
 CURVE ( )  GEOMETRIC_REPRESENTATION_ITEM ( )  RATIONAL_B_SPLINE_CURVE ( ( 1.000000000000000000, 0.8538561963312579772, 0.8538561963312579772, 1.000000000000000000 ) ) 
 REPRESENTATION_ITEM ( '' )  );
#337 = CARTESIAN_POINT ( 'NONE',  ( 1.911890070364605121, 5.521621032120870076, -3.729196789696640479 ) ) ;
#338 = VERTEX_POINT ( 'NONE', #428 ) ;
#339 = CARTESIAN_POINT ( 'NONE',  ( 24.06520262809124944, 8.000000000000000000, -6.021463906859239934 ) ) ;
#340 = FACE_OUTER_BOUND ( 'NONE', #2098, .T. ) ;
#341 =( BOUNDED_CURVE ( )  B_SPLINE_CURVE ( 3, ( #2974, #356, #617, #3693 ),
 .UNSPECIFIED., .F., .F. ) 
 B_SPLINE_CURVE_WITH_KNOTS ( ( 4, 4 ),
 ( 5.608309086468270088, 6.283185307179590673 ),
 .UNSPECIFIED. ) 
 CURVE ( )  GEOMETRIC_REPRESENTATION_ITEM ( )  RATIONAL_B_SPLINE_CURVE ( ( 1.000000000000000000, 0.9624039519617429983, 0.9624039519617429983, 1.000000000000000000 ) ) 
 REPRESENTATION_ITEM ( '' )  );
#342 = CARTESIAN_POINT ( 'NONE',  ( -14.75337353046011657, 4.931836125577774510, -2.802175105491789164 ) ) ;
#343 = ORIENTED_EDGE ( 'NONE', *, *, #520, .T. ) ;
#344 = DIRECTION ( 'NONE',  ( 0.000000000000000000, 0.000000000000000000, -1.000000000000000000 ) ) ;
#345 = ORIENTED_EDGE ( 'NONE', *, *, #3250, .T. ) ;
#346 = CARTESIAN_POINT ( 'NONE',  ( 46.60000000000000142, 8.817669172932339094, 0.000000000000000000 ) ) ;
#347 = CARTESIAN_POINT ( 'NONE',  ( 55.40000000000000568, -8.500000000000000000, 5.388445916248362888E-16 ) ) ;
#348 = FACE_OUTER_BOUND ( 'NONE', #2309, .T. ) ;
#349 = FACE_OUTER_BOUND ( 'NONE', #1433, .T. ) ;
#350 = ORIENTED_EDGE ( 'NONE', *, *, #3088, .F. ) ;
#351 = CYLINDRICAL_SURFACE ( 'NONE', #2592, 3.810000000000000941 ) ;
#352 = CARTESIAN_POINT ( 'NONE',  ( 10.64533965668990412, 7.246313269884327113, 5.451647253691429107 ) ) ;
#353 = ORIENTED_EDGE ( 'NONE', *, *, #3083, .T. ) ;
#354 = CARTESIAN_POINT ( 'NONE',  ( -42.75000000000000000, 0.000000000000000000, -9.500000000000000000 ) ) ;
#355 = EDGE_CURVE ( 'NONE', #4324, #2110, #3561, .T. ) ;
#356 = CARTESIAN_POINT ( 'NONE',  ( -1.363960582345612682, 5.083155866708781723, 3.290731624284553902 ) ) ;
#357 = CARTESIAN_POINT ( 'NONE',  ( 23.82642362091719690, 7.999999998846179849, 6.048308277899225871 ) ) ;
#358 = CARTESIAN_POINT ( 'NONE',  ( 34.00000000000000000, -1.565167132207974987, 9.500000000000000000 ) ) ;
#359 = ORIENTED_EDGE ( 'NONE', *, *, #64, .T. ) ;
#360 = DIRECTION ( 'NONE',  ( -1.000000000000000000, 0.000000000000000000, 0.000000000000000000 ) ) ;
#361 = CARTESIAN_POINT ( 'NONE',  ( -20.44402383675262058, 7.165252174408609065, 4.992137839517730491 ) ) ;
#362 = CARTESIAN_POINT ( 'NONE',  ( -34.00000000000000000, -1.565167132207979872, 9.500000000000000000 ) ) ;
#363 =( BOUNDED_SURFACE ( )  B_SPLINE_SURFACE ( 3, 2, ( 
 ( #1192, #3804, #3165 ),
 ( #2199, #1529, #3562 ),
 ( #854, #792, #1795 ),
 ( #2850, #1173, #3541 ),
 ( #3888, #506, #527 ),
 ( #178, #2873, #1550 ) ),
 .UNSPECIFIED., .F., .F., .T. ) 
 B_SPLINE_SURFACE_WITH_KNOTS ( ( 4, 2, 4 ),
 ( 3, 3 ),
 ( 0.000000000000000000, 0.3374381103556575168, 0.6748762207113150335 ),
 ( 0.000000000000000000, 1.000000000000000000 ),
 .UNSPECIFIED. ) 
 GEOMETRIC_REPRESENTATION_ITEM ( )  RATIONAL_B_SPLINE_SURFACE ( (
 ( 1.000000000000000000, 0.9238795325112859613, 1.000000000000000000),
 ( 1.000000000000000000, 0.9238844685837830362, 1.000000000000000000),
 ( 1.000000000000000000, 0.9202352437055120182, 1.000000000000000000),
 ( 1.000000000000000000, 0.9058152213233410244, 1.000000000000000000),
 ( 1.000000000000000000, 0.8950440969902959676, 1.000000000000000000),
 ( 1.000000000000000000, 0.8809363964789689305, 1.000000000000000000) ) ) 
 REPRESENTATION_ITEM ( '' )  SURFACE ( )  );
#364 = ORIENTED_EDGE ( 'NONE', *, *, #1407, .T. ) ;
#365 = CARTESIAN_POINT ( 'NONE',  ( 41.00000000000000000, 2.299152829026875011, -7.750000000000000000 ) ) ;
#366 = ORIENTED_EDGE ( 'NONE', *, *, #225, .T. ) ;
#367 = CARTESIAN_POINT ( 'NONE',  ( -9.044229229177069840, 8.000000000000000000, 7.346782657462599175 ) ) ;
#368 = CARTESIAN_POINT ( 'NONE',  ( 53.65000000000000568, -8.500000000000000000, 0.000000000000000000 ) ) ;
#369 = CARTESIAN_POINT ( 'NONE',  ( -5.345087597039710481, 8.000000000000000000, 7.450216439760160014 ) ) ;
#370 = CARTESIAN_POINT ( 'NONE',  ( 4.922452866508383096, 6.893912256792352977, 4.745739021759074028 ) ) ;
#371 = ORIENTED_EDGE ( 'NONE', *, *, #1297, .T. ) ;
#372 = CARTESIAN_POINT ( 'NONE',  ( -19.10085412275335059, 6.472567972428939775, 4.241811167970344520 ) ) ;
#373 = CARTESIAN_POINT ( 'NONE',  ( 11.03037660612194060, 7.154314473803777830, 5.361741190718704253 ) ) ;
#374 = ORIENTED_EDGE ( 'NONE', *, *, #416, .T. ) ;
#375 = CARTESIAN_POINT ( 'NONE',  ( -8.575322992412150569, 7.535194928387980440, -5.716784161058000358 ) ) ;
#376 = DIRECTION ( 'NONE',  ( 0.8462062767335200020, 0.5328554562137779449, 0.000000000000000000 ) ) ;
#377 = FACE_OUTER_BOUND ( 'NONE', #2410, .T. ) ;
#378 = B_SPLINE_CURVE_WITH_KNOTS ( 'NONE', 3,
 ( #2601, #3947, #2959, #1205, #4302, #1272, #2621, #1987, #3327, #298, #1650, #4240, #2558, #869, #3578, #1313, #2052, #3038, #342, #2687, #3681, #1354, #2004, #2428, #1022, #643 ),
 .UNSPECIFIED., .F., .F.,
 ( 4, 2, 2, 1, 1, 2, 2, 2, 2, 2, 1, 1, 2, 2, 4 ),
 ( 0.000000000000000000, 0.1250000000000155709, 0.1875000000000226485, 0.2187500000000261180, 0.2343750000000270894, 0.2421875000000275613, 0.2500000000000280331, 0.5000000000000177636, 0.6250000000000116573, 0.6875000000000085487, 0.7187500000000066613, 0.7343750000000058842, 0.7421875000000059952, 0.7500000000000059952, 1.000000000000000000 ),
 .UNSPECIFIED. ) ;
#379 = VECTOR ( 'NONE', #993, 1000.000000000000000 ) ;
#380 = DIRECTION ( 'NONE',  ( 1.000000000000000000, 0.000000000000000000, 0.000000000000000000 ) ) ;
#381 = ORIENTED_EDGE ( 'NONE', *, *, #2709, .T. ) ;
#382 = DIRECTION ( 'NONE',  ( 0.000000000000000000, -0.7071067811865450192, 0.7071067811865500152 ) ) ;
#383 = EDGE_CURVE ( 'NONE', #3951, #1018, #2857, .T. ) ;
#384 = CARTESIAN_POINT ( 'NONE',  ( 31.94671434340985172, 8.000000000000000000, 6.207575757575760633 ) ) ;
#385 = AXIS2_PLACEMENT_3D ( 'NONE', #1768, #2716, #1426 ) ;
#386 = DIRECTION ( 'NONE',  ( -0.7071067811865474617, -1.226634733346699064E-16, 0.7071067811865474617 ) ) ;
#387 = AXIS2_PLACEMENT_3D ( 'NONE', #224, #555, #2613 ) ;
#388 = EDGE_LOOP ( 'NONE', ( #1679, #2788, #2259, #2252 ) ) ;
#389 = CARTESIAN_POINT ( 'NONE',  ( 41.00000000000000000, -16.50000000000000000, 9.500000000000000000 ) ) ;
#390 = ORIENTED_EDGE ( 'NONE', *, *, #1329, .F. ) ;
#391 = DIRECTION ( 'NONE',  ( 1.000000000000000000, 0.000000000000000000, 0.000000000000000000 ) ) ;
#392 = AXIS2_PLACEMENT_3D ( 'NONE', #2204, #1871, #3527 ) ;
#393 = EDGE_CURVE ( 'NONE', #2206, #3560, #598, .T. ) ;
#394 = CARTESIAN_POINT ( 'NONE',  ( -8.515858245809109661, 8.000000000000000000, 7.320283824003029238 ) ) ;
#395 = CIRCLE ( 'NONE', #2866, 0.7500000000000001110 ) ;
#396 = CARTESIAN_POINT ( 'NONE',  ( 18.92535049344196807, 6.354004012019807135, -4.561579769595874190 ) ) ;
#397 = VERTEX_POINT ( 'NONE', #3548 ) ;
#398 = CARTESIAN_POINT ( 'NONE',  ( -22.08676322462684993, 7.809079536014389866, 5.690036786810940050 ) ) ;
#399 = CARTESIAN_POINT ( 'NONE',  ( -51.00000000000000711, -16.50000000000001776, 0.000000000000000000 ) ) ;
#400 = ORIENTED_EDGE ( 'NONE', *, *, #3530, .F. ) ;
#401 = AXIS2_PLACEMENT_3D ( 'NONE', #2633, #4312, #3270 ) ;
#402 = CARTESIAN_POINT ( 'NONE',  ( -18.28466544649865000, 5.751445432112169520, -3.460412663337809835 ) ) ;
#403 = DIRECTION ( 'NONE',  ( 0.000000000000000000, 0.000000000000000000, -1.000000000000000000 ) ) ;
#404 = DIRECTION ( 'NONE',  ( 0.000000000000000000, 0.000000000000000000, 1.000000000000000000 ) ) ;
#405 = CARTESIAN_POINT ( 'NONE',  ( -16.68828941185842041, 4.888900987666275455, -3.096476745242126238 ) ) ;
#406 = EDGE_CURVE ( 'NONE', #1126, #3054, #207, .T. ) ;
#407 = ORIENTED_EDGE ( 'NONE', *, *, #4068, .F. ) ;
#408 = CARTESIAN_POINT ( 'NONE',  ( -21.97733314334325527, 7.784652310418973542, -5.992228067994732399 ) ) ;
#409 = CARTESIAN_POINT ( 'NONE',  ( -17.00154511682986680, 5.003823593442556117, 2.859974092449372840 ) ) ;
#410 = CARTESIAN_POINT ( 'NONE',  ( 21.69597656334506652, 7.637094458701183974, 5.503475271552991543 ) ) ;
#411 = ORIENTED_EDGE ( 'NONE', *, *, #406, .F. ) ;
#412 = CARTESIAN_POINT ( 'NONE',  ( 31.94671434340985172, 8.000000000000000000, 6.207575757575760633 ) ) ;
#413 = CARTESIAN_POINT ( 'NONE',  ( -4.879175727092510684, 7.137942796324405315, 5.345480919218663196 ) ) ;
#414 = CARTESIAN_POINT ( 'NONE',  ( -31.94671434340985172, 8.000000000000000000, 9.500000000000000000 ) ) ;
#415 = CARTESIAN_POINT ( 'NONE',  ( 5.981850536364497373, 7.376622944571542106, -5.574785732959948170 ) ) ;
#416 = EDGE_CURVE ( 'NONE', #1793, #1831, #842, .T. ) ;
#417 = CARTESIAN_POINT ( 'NONE',  ( -10.10018700300891936, 8.000000000000000000, 7.417823419983809785 ) ) ;
#418 = CARTESIAN_POINT ( 'NONE',  ( -15.09511773676179835, 5.071331045403129956, 3.278906802978904800 ) ) ;
#419 = ORIENTED_EDGE ( 'NONE', *, *, #3741, .F. ) ;
#420 = FACE_OUTER_BOUND ( 'NONE', #1817, .T. ) ;
#421 = DIRECTION ( 'NONE',  ( 1.734723475976804876E-16, -1.000000000000000000, 0.000000000000000000 ) ) ;
#422 = ORIENTED_EDGE ( 'NONE', *, *, #3953, .T. ) ;
#423 = CARTESIAN_POINT ( 'NONE',  ( -4.815532678565159763, 7.121320343559640165, -5.328896101135410568 ) ) ;
#424 = DIRECTION ( 'NONE',  ( -1.281026566875180017E-15, 1.000000000000000000, 0.000000000000000000 ) ) ;
#425 = CARTESIAN_POINT ( 'NONE',  ( -16.68089637127710034, 4.880692514194320708, 2.761067800128259808 ) ) ;
#426 = CARTESIAN_POINT ( 'NONE',  ( -15.16456998077864959, 5.054739366550269786, -3.262315124126049959 ) ) ;
#427 = CARTESIAN_POINT ( 'NONE',  ( -22.17058944486910121, 7.121320343559640165, 5.328896101135399910 ) ) ;
#428 = CARTESIAN_POINT ( 'NONE',  ( -33.65634964324375034, 6.923443937134649673, 7.750000000000000000 ) ) ;
#429 = CARTESIAN_POINT ( 'NONE',  ( -20.35446216384554674, 7.339020484051948401, 5.537694600421972702 ) ) ;
#430 = VERTEX_POINT ( 'NONE', #1244 ) ;
#431 = CARTESIAN_POINT ( 'NONE',  ( -12.08207029435504154, 6.813873598030740553, 5.021449355606510068 ) ) ;
#432 = CARTESIAN_POINT ( 'NONE',  ( -5.718375223773715099, 7.327939872876207517, 5.529430452133964558 ) ) ;
#433 = APPLICATION_PROTOCOL_DEFINITION ( 'international standard', 'config_control_design', 1994, #1704 ) ;
#434 = CARTESIAN_POINT ( 'NONE',  ( 4.815532678565159763, 7.121320343559640165, -5.328896101135399910 ) ) ;
#435 = ADVANCED_FACE ( 'NONE', ( #1872 ), #3256, .T. ) ;
#436 = DIRECTION ( 'NONE',  ( 0.000000000000000000, 0.000000000000000000, -1.000000000000000000 ) ) ;
#437 = CARTESIAN_POINT ( 'NONE',  ( 21.53391150720977620, 7.673035545630471077, 5.813732906120664623 ) ) ;
#438 = VERTEX_POINT ( 'NONE', #2881 ) ;
#439 = CARTESIAN_POINT ( 'NONE',  ( 6.600175864847495077, 8.000000000000227374, 6.423389952589907637 ) ) ;
#440 = EDGE_CURVE ( 'NONE', #2339, #4084, #3275, .T. ) ;
#441 = CARTESIAN_POINT ( 'NONE',  ( 10.92176457900904651, 7.183145133100828694, -5.390720890676601762 ) ) ;
#442 = EDGE_LOOP ( 'NONE', ( #2755, #2075, #1298, #1697, #3523 ) ) ;
#443 = CYLINDRICAL_SURFACE ( 'NONE', #4275, 6.999999999999999112 ) ;
#444 = CARTESIAN_POINT ( 'NONE',  ( -4.815532678565165980, 8.000000000000005329, -6.207575757575769515 ) ) ;
#445 = CARTESIAN_POINT ( 'NONE',  ( 7.986678585852459378, -1.539429050095879825, 8.757575757575759567 ) ) ;
#446 = CARTESIAN_POINT ( 'NONE',  ( -18.11266500812584468, 5.599478862783897171, 3.807054620359669794 ) ) ;
#447 = ADVANCED_FACE ( 'NONE', ( #1577 ), #666, .T. ) ;
#448 = CARTESIAN_POINT ( 'NONE',  ( -13.90071101811525978, 5.647515561390850536, -3.855091318966619607 ) ) ;
#449 = CARTESIAN_POINT ( 'NONE',  ( -19.09597959172079840, 6.468261205742130038, -4.237144414599829823 ) ) ;
#450 = CARTESIAN_POINT ( 'NONE',  ( -41.00000000000000000, -1.565167132207979872, -7.750000000000000000 ) ) ;
#451 = CARTESIAN_POINT ( 'NONE',  ( -19.98641142804731885, 7.212743697919853147, 5.418791957660403114 ) ) ;
#452 = CIRCLE ( 'NONE', #3485, 4.400000000000001243 ) ;
#453 = ORIENTED_EDGE ( 'NONE', *, *, #262, .T. ) ;
#454 = CIRCLE ( 'NONE', #2643, 3.000000000000000000 ) ;
#455 = CARTESIAN_POINT ( 'NONE',  ( 20.42240272394683842, 7.999999999999645617, -6.361713451901317207 ) ) ;
#456 = CARTESIAN_POINT ( 'NONE',  ( -4.895184404631826247, 7.142072645637498773, 5.349588299653059487 ) ) ;
#457 = PERSON_AND_ORGANIZATION_ROLE ( 'design_supplier' ) ;
#458 = CARTESIAN_POINT ( 'NONE',  ( 10.68168852332609475, 8.000000000000003553, -6.304223047164081883 ) ) ;
#459 = CARTESIAN_POINT ( 'NONE',  ( -36.10963529983394693, 15.42344393713465145, 9.500000000000000000 ) ) ;
#460 = CARTESIAN_POINT ( 'NONE',  ( 20.81814223381325135, 7.482537481480215469, 5.663595748146425635 ) ) ;
#461 = ORIENTED_EDGE ( 'NONE', *, *, #335, .T. ) ;
#462 = CIRCLE ( 'NONE', #1807, 2.649999999999999467 ) ;
#463 = CARTESIAN_POINT ( 'NONE',  ( 5.733627566932870678, 7.449428061729140182, 5.657003819304910586 ) ) ;
#464 = CARTESIAN_POINT ( 'NONE',  ( -21.93804444690171351, 7.760399215610983781, -5.871695005726388139 ) ) ;
#465 = VECTOR ( 'NONE', #1625, 1000.000000000000000 ) ;
#466 = EDGE_CURVE ( 'NONE', #3388, #48, #1069, .T. ) ;
#467 = DIRECTION ( 'NONE',  ( -1.734723475976805122E-16, 1.000000000000000000, 0.000000000000000000 ) ) ;
#468 = DIRECTION ( 'NONE',  ( 1.000000000000000000, 0.000000000000000000, 0.000000000000000000 ) ) ;
#469 = CARTESIAN_POINT ( 'NONE',  ( 42.75000000000000000, 3.155862576254074564E-14, 9.500000000000000000 ) ) ;
#470 = AXIS2_PLACEMENT_3D ( 'NONE', #3226, #2868, #483 ) ;
#471 = CARTESIAN_POINT ( 'NONE',  ( 2.380490577806915198, 5.466362897138109744, 3.198866703806725109 ) ) ;
#472 = VECTOR ( 'NONE', #3652, 1000.000000000000000 ) ;
#473 = CARTESIAN_POINT ( 'NONE',  ( -12.66813139790256137, 6.177514450273020152, -3.969460783341260068 ) ) ;
#474 = CARTESIAN_POINT ( 'NONE',  ( 38.66248524187054869, 5.839137789210329998, 9.500000000000000000 ) ) ;
#475 = LINE ( 'NONE', #1850, #2574 ) ;
#476 = ADVANCED_FACE ( 'NONE', ( #1626 ), #312, .F. ) ;
#477 = CARTESIAN_POINT ( 'NONE',  ( -20.75506006133224446, 7.463941400361334466, 5.647837754285419010 ) ) ;
#478 = VERTEX_POINT ( 'NONE', #2401 ) ;
#479 = CARTESIAN_POINT ( 'NONE',  ( 13.77415053735511918, 5.329931162399459410, 3.121873643570010071 ) ) ;
#480 = CARTESIAN_POINT ( 'NONE',  ( -6.143051760197820066, 7.401617394332408395, 5.597745503623994701 ) ) ;
#481 = CARTESIAN_POINT ( 'NONE',  ( -34.58884669161790271, 8.404304921418308538, 9.500000000000000000 ) ) ;
#482 = DIRECTION ( 'NONE',  ( -0.3767857064810121726, -0.5983581965608901765, 0.7071067811865502373 ) ) ;
#483 = DIRECTION ( 'NONE',  ( 0.000000000000000000, -0.7071067811865494601, 0.7071067811865454633 ) ) ;
#484 = EDGE_LOOP ( 'NONE', ( #1315, #3084, #2891, #20, #2264 ) ) ;
#485 = DIRECTION ( 'NONE',  ( -0.7071067811865444641, -5.257006000057255853E-16, -0.7071067811865505703 ) ) ;
#486 = CARTESIAN_POINT ( 'NONE',  ( -20.28242026542410414, 7.314872573730035299, -5.515315769872062290 ) ) ;
#487 = CARTESIAN_POINT ( 'NONE',  ( 14.17961367143534090, 5.433782164324799879, -3.641357921900569838 ) ) ;
#488 = ORIENTED_EDGE ( 'NONE', *, *, #596, .F. ) ;
#489 = CARTESIAN_POINT ( 'NONE',  ( -5.853751449267209139, 7.352265684052076367, -5.551992224013740262 ) ) ;
#490 = DIRECTION ( 'NONE',  ( -1.734723475976805122E-16, 1.000000000000000000, 0.000000000000000000 ) ) ;
#491 = EDGE_CURVE ( 'NONE', #2404, #1547, #3743, .T. ) ;
#492 = B_SPLINE_CURVE_WITH_KNOTS ( 'NONE', 3,
 ( #1803, #1782, #3150, #2839, #2470, #3811, #4168, #3437, #3125, #1420, #823 ),
 .UNSPECIFIED., .F., .F.,
 ( 4, 2, 1, 2, 2, 4 ),
 ( -1.545673786772219977E-05, 0.0002859099514416439929, 0.0005872766407510100501, 0.001190010019369743899, 0.002395476776607204875, 0.004806410291082110348 ),
 .UNSPECIFIED. ) ;
#493 = DIRECTION ( 'NONE',  ( 1.734723475976805122E-16, -1.000000000000000000, -0.000000000000000000 ) ) ;
#494 = CYLINDRICAL_SURFACE ( 'NONE', #2853, 6.999999999999999112 ) ;
#495 = CARTESIAN_POINT ( 'NONE',  ( -20.04077196968283303, 7.232074732167712128, 5.437435458503373731 ) ) ;
#496 = ORIENTED_EDGE ( 'NONE', *, *, #1615, .F. ) ;
#497 = CARTESIAN_POINT ( 'NONE',  ( -11.76615762877258042, 6.658932946267860586, 4.491119269716589812 ) ) ;
#498 = CARTESIAN_POINT ( 'NONE',  ( -8.496373924526926302, 7.538536125619652140, 5.719760550561733048 ) ) ;
#499 = CALENDAR_DATE ( 2025, 10, 10 ) ;
#500 = CARTESIAN_POINT ( 'NONE',  ( -0.2122094416979338205, 4.631151059171251916, 2.528066644967210230 ) ) ;
#501 = CARTESIAN_POINT ( 'NONE',  ( -20.07312306272676850, 7.999999999998953726, -6.297707719264890258 ) ) ;
#502 = CARTESIAN_POINT ( 'NONE',  ( -11.15782449313975988, 7.121320343559640165, -5.328896101135399910 ) ) ;
#503 = ORIENTED_EDGE ( 'NONE', *, *, #4250, .T. ) ;
#504 = CARTESIAN_POINT ( 'NONE',  ( 10.03933296767029937, 7.494642245583340134, 5.702218003159110538 ) ) ;
#505 = ORIENTED_EDGE ( 'NONE', *, *, #596, .T. ) ;
#506 = CARTESIAN_POINT ( 'NONE',  ( -1.897957668407590948, 5.110505561714287381, 3.318081319289460485 ) ) ;
#507 = CARTESIAN_POINT ( 'NONE',  ( -19.73661185555179642, 5.000000000000000000, 7.450216444695049844 ) ) ;
#508 = ORIENTED_EDGE ( 'NONE', *, *, #2104, .F. ) ;
#509 = CARTESIAN_POINT ( 'NONE',  ( 9.681627016161879595, 7.275182445036189272, -5.158578272805858234 ) ) ;
#510 = CARTESIAN_POINT ( 'NONE',  ( 19.90294886555171772, 6.973271744248241255, 5.180847501824548118 ) ) ;
#511 = CARTESIAN_POINT ( 'NONE',  ( -11.92691620666618491, 6.587215258637487025, -4.794791016212754720 ) ) ;
#512 = DIRECTION ( 'NONE',  ( 1.000000000000000000, 0.000000000000000000, 0.000000000000000000 ) ) ;
#513 = CARTESIAN_POINT ( 'NONE',  ( 16.22157671559170211, 4.796667790895010164, 2.693583376694165477 ) ) ;
#514 = EDGE_CURVE ( 'NONE', #1675, #2691, #3814, .T. ) ;
#515 = ORIENTED_EDGE ( 'NONE', *, *, #2176, .F. ) ;
#516 = CARTESIAN_POINT ( 'NONE',  ( 21.13976515602891126, 8.000000000000349942, -6.432386364194461414 ) ) ;
#517 = CARTESIAN_POINT ( 'NONE',  ( -21.34333297082945080, 8.000000000000000000, -7.322001687243349544 ) ) ;
#518 = PERSON_AND_ORGANIZATION ( #635, #2222 ) ;
#519 = CARTESIAN_POINT ( 'NONE',  ( -0.8474816114029930514, 4.725042343374158627, 2.603564208934034507 ) ) ;
#520 = EDGE_CURVE ( 'NONE', #2073, #1037, #3347, .T. ) ;
#521 = CARTESIAN_POINT ( 'NONE',  ( 19.73661185555179642, 7.121320343559640165, 5.328896101135399910 ) ) ;
#522 = LINE ( 'NONE', #4221, #4210 ) ;
#523 = EDGE_LOOP ( 'NONE', ( #2831, #1911, #359, #1932 ) ) ;
#524 = FACE_OUTER_BOUND ( 'NONE', #3351, .T. ) ;
#525 = EDGE_CURVE ( 'NONE', #714, #3417, #341, .T. ) ;
#526 = AXIS2_PLACEMENT_3D ( 'NONE', #974, #2385, #1068 ) ;
#527 = CARTESIAN_POINT ( 'NONE',  ( -2.045805535745674586, 5.198540603326390119, 2.983765333974705225 ) ) ;
#528 = CIRCLE ( 'NONE', #3146, 2.649999999999999467 ) ;
#529 = CARTESIAN_POINT ( 'NONE',  ( 29.92636144974735046, 9.750000000000000000, 9.500000000000000000 ) ) ;
#530 = VERTEX_POINT ( 'NONE', #2679 ) ;
#531 = CARTESIAN_POINT ( 'NONE',  ( -6.116969361108332670, 7.397447127200318384, -5.593787400490542794 ) ) ;
#532 = CARTESIAN_POINT ( 'NONE',  ( 1.112369145830224060, 4.796409612393837563, -2.660823169371464125 ) ) ;
#533 = AXIS2_PLACEMENT_3D ( 'NONE', #1187, #3180, #2540 ) ;
#534 = ORIENTED_EDGE ( 'NONE', *, *, #416, .F. ) ;
#535 = CARTESIAN_POINT ( 'NONE',  ( 4.442799242308509200, 6.704769298130060839, -4.540599604684397939 ) ) ;
#536 = AXIS2_PLACEMENT_3D ( 'NONE', #1259, #1931, #3624 ) ;
#537 = DIRECTION ( 'NONE',  ( 1.000000000000000000, 0.000000000000000000, 0.000000000000000000 ) ) ;
#538 = DIRECTION ( 'NONE',  ( -0.3767857064810127277, -0.5983581965608922859, 0.7071067811865480168 ) ) ;
#539 = B_SPLINE_CURVE_WITH_KNOTS ( 'NONE', 3,
 ( #2373, #2634, #3340, #2018, #2987, #2041, #2062, #1, #2398, #1301, #680, #373, #3714, #3739, #3027, #1730, #352, #3402, #1663, #1705, #3048, #4314, #4005, #307, #614, #1682, #22, #1008, #1366, #3361, #946, #2677, #3007, #985, #700, #1282, #4351, #331, #1324, #1343, #4023, #4330, #1978, #2722, #655, #1996, #3653, #2349, #2698, #3691, #4070, #3978, #3318, #2311, #633, #289, #1641, #2659, #966, #2330, #3672, #1819, #2150, #2129, #1432, #3450, #2787, #748, #3780, #3099, #1059 ),
 .UNSPECIFIED., .F., .F.,
 ( 4, 2, 2, 2, 2, 2, 2, 2, 2, 2, 2, 1, 1, 2, 2, 2, 2, 2, 2, 2, 2, 1, 1, 2, 2, 2, 1, 2, 2, 2, 2, 2, 2, 2, 2, 2, 2, 4 ),
 ( 0.000000000000000000, 0.0009765625000002259477, 0.001953125000000451895, 0.003906250000001003538, 0.007812500000001254205, 0.01562500000000175554, 0.03125000000000285882, 0.06250000000000412170, 0.09375000000000538458, 0.1250000000000066336, 0.1875000000000091038, 0.2187500000000099087, 0.2343750000000099087, 0.2421875000000098810, 0.2500000000000098255, 0.3750000000000078271, 0.4375000000000067724, 0.4687500000000067168, 0.5000000000000065503, 0.6250000000000066613, 0.6875000000000065503, 0.7187500000000064393, 0.7343750000000061062, 0.7421875000000058842, 0.7500000000000055511, 0.8125000000000047740, 0.8437500000000043299, 0.8593750000000042188, 0.8750000000000039968, 0.9062500000000032196, 0.9375000000000023315, 0.9687500000000014433, 0.9843750000000009992, 0.9921875000000008882, 0.9960937500000006661, 0.9970703125000004441, 0.9980468750000002220, 1.000000000000000000 ),
 .UNSPECIFIED. ) ;
#540 = VECTOR ( 'NONE', #4287, 1000.000000000000114 ) ;
#541 = EDGE_CURVE ( 'NONE', #2453, #2439, #4026, .T. ) ;
#542 = ORIENTED_EDGE ( 'NONE', *, *, #1684, .F. ) ;
#543 = PLANE ( 'NONE',  #4282 ) ;
#544 = CARTESIAN_POINT ( 'NONE',  ( -11.12606991359813691, 7.129649956541442180, 5.337216221110506531 ) ) ;
#545 = CARTESIAN_POINT ( 'NONE',  ( 5.800132231942246364, 8.000000000000463629, -6.367732437364513665 ) ) ;
#546 = FACE_OUTER_BOUND ( 'NONE', #2055, .T. ) ;
#547 = CARTESIAN_POINT ( 'NONE',  ( 21.44255099921947405, 7.650123923285325311, -5.796489570493062793 ) ) ;
#548 = ORIENTED_EDGE ( 'NONE', *, *, #2920, .T. ) ;
#549 = LINE ( 'NONE', #3245, #3364 ) ;
#550 = LINE ( 'NONE', #2941, #2375 ) ;
#551 = CARTESIAN_POINT ( 'NONE',  ( -10.22358982750526124, 7.344568592026520015, -5.545665746337490098 ) ) ;
#552 = VERTEX_POINT ( 'NONE', #1686 ) ;
#553 = CARTESIAN_POINT ( 'NONE',  ( -4.700286585693776331, 6.810189250402720162, 4.654994601100995943 ) ) ;
#554 = CARTESIAN_POINT ( 'NONE',  ( -29.92636144974730072, 1.000000000000000000, -7.750000000000000000 ) ) ;
#555 = DIRECTION ( 'NONE',  ( 0.000000000000000000, 0.000000000000000000, -1.000000000000000000 ) ) ;
#556 = DIRECTION ( 'NONE',  ( 0.000000000000000000, 0.000000000000000000, -1.000000000000000000 ) ) ;
#557 = DIRECTION ( 'NONE',  ( 0.3767857064810144485, 0.5983581965608950615, 0.7071067811865447972 ) ) ;
#558 = DIRECTION ( 'NONE',  ( -0.8462062767335206681, 0.5328554562137767237, 0.000000000000000000 ) ) ;
#559 = ORIENTED_EDGE ( 'NONE', *, *, #1434, .T. ) ;
#560 = CARTESIAN_POINT ( 'NONE',  ( 22.65587199272506069, 7.999999999999996447, -6.338524932078530405 ) ) ;
#561 = CARTESIAN_POINT ( 'NONE',  ( -9.557613455409130765, 7.440537596074637605, 5.632901643655310764 ) ) ;
#562 = CARTESIAN_POINT ( 'NONE',  ( 7.721917654318030344, 8.000000000000000000, -7.312391418772339335 ) ) ;
#563 = CARTESIAN_POINT ( 'NONE',  ( 12.14750145797167136, 6.779857726078447833, -4.987433483654212907 ) ) ;
#564 = PLANE ( 'NONE',  #3432 ) ;
#565 = VERTEX_POINT ( 'NONE', #2316 ) ;
#566 = CARTESIAN_POINT ( 'NONE',  ( 0.3936349471198765104, 4.631151059173638451, 2.838726816749267190 ) ) ;
#567 = EDGE_CURVE ( 'NONE', #3265, #1621, #1645, .T. ) ;
#568 = CARTESIAN_POINT ( 'NONE',  ( -31.94671434340985172, 8.000000000000000000, -7.450216444695049844 ) ) ;
#569 = FACE_OUTER_BOUND ( 'NONE', #3659, .T. ) ;
#570 = EDGE_CURVE ( 'NONE', #3091, #3746, #1981, .T. ) ;
#571 = ORIENTED_EDGE ( 'NONE', *, *, #3246, .T. ) ;
#572 = CARTESIAN_POINT ( 'NONE',  ( 9.424767377630610454, 7.460651335825209785, 5.651092374051700062 ) ) ;
#573 = CARTESIAN_POINT ( 'NONE',  ( 55.40000000000001279, 3.276315789473691620, 8.800000000000009592 ) ) ;
#574 = CARTESIAN_POINT ( 'NONE',  ( 20.92776032459654090, 7.372017194722210398, -5.216427539902423582 ) ) ;
#575 = FACE_OUTER_BOUND ( 'NONE', #2841, .T. ) ;
#576 = CARTESIAN_POINT ( 'NONE',  ( -0.6882997789114270182, 4.909436623719519943, -3.117012381295289902 ) ) ;
#577 = FACE_OUTER_BOUND ( 'NONE', #2272, .T. ) ;
#578 = EDGE_CURVE ( 'NONE', #2206, #1129, #454, .T. ) ;
#579 = ORIENTED_EDGE ( 'NONE', *, *, #3305, .F. ) ;
#580 = FACE_OUTER_BOUND ( 'NONE', #388, .T. ) ;
#581 = CARTESIAN_POINT ( 'NONE',  ( 4.815532678565140223, 8.000000000000000000, 7.450216444695049844 ) ) ;
#582 = APPROVAL_DATE_TIME ( #2958, #1806 ) ;
#583 = CARTESIAN_POINT ( 'NONE',  ( 6.600175864847273921, 7.999999999999775291, -6.423389952590023100 ) ) ;
#584 = CARTESIAN_POINT ( 'NONE',  ( 11.15782449313978120, 7.121320343559640165, -5.328896101135399910 ) ) ;
#585 = CARTESIAN_POINT ( 'NONE',  ( 20.75499286832620882, 7.463921424278001204, -5.647820725885212667 ) ) ;
#586 = ORIENTED_EDGE ( 'NONE', *, *, #3708, .T. ) ;
#587 = CARTESIAN_POINT ( 'NONE',  ( 22.49717577811685132, 8.000000000000000000, 6.925391811144970156 ) ) ;
#588 = EDGE_CURVE ( 'NONE', #1597, #1048, #452, .T. ) ;
#589 = DIRECTION ( 'NONE',  ( 0.8462062767335204461, 0.5328554562137772788, 0.000000000000000000 ) ) ;
#590 = CARTESIAN_POINT ( 'NONE',  ( 11.15782449313975988, 5.000000000000000000, 7.450216444695049844 ) ) ;
#591 = ORIENTED_EDGE ( 'NONE', *, *, #91, .F. ) ;
#592 = CARTESIAN_POINT ( 'NONE',  ( 9.308218672459160459, 8.000000000000000000, 7.364542852136939821 ) ) ;
#593 = CARTESIAN_POINT ( 'NONE',  ( -11.14184192873333501, 7.125513406293483065, -5.333084671159141976 ) ) ;
#594 = CARTESIAN_POINT ( 'NONE',  ( 18.28466544649865000, 5.751445432112169520, 3.460412663337814720 ) ) ;
#595 = VERTEX_POINT ( 'NONE', #2662 ) ;
#596 = EDGE_CURVE ( 'NONE', #983, #1269, #2297, .T. ) ;
#597 = DIRECTION ( 'NONE',  ( 0.000000000000000000, 0.000000000000000000, 1.000000000000000000 ) ) ;
#598 = LINE ( 'NONE', #2595, #2786 ) ;
#599 = CARTESIAN_POINT ( 'NONE',  ( 18.28466544649865000, 5.751445432112169520, 3.460412663337814720 ) ) ;
#600 = AXIS2_PLACEMENT_3D ( 'NONE', #959, #3644, #3600 ) ;
#601 = ORIENTED_EDGE ( 'NONE', *, *, #3022, .F. ) ;
#602 = DIRECTION ( 'NONE',  ( 1.000000000000000000, 0.000000000000000000, 0.000000000000000000 ) ) ;
#603 = CARTESIAN_POINT ( 'NONE',  ( -10.83742444463323906, 7.201877526134786933, 5.408535908061166353 ) ) ;
#604 = CARTESIAN_POINT ( 'NONE',  ( 4.815532678565170421, 7.121320343559649935, -5.328896101135410568 ) ) ;
#605 = VECTOR ( 'NONE', #627, 1000.000000000000114 ) ;
#606 = CARTESIAN_POINT ( 'NONE',  ( -36.10963529983394693, 15.42344393713465145, 7.500000000000000000 ) ) ;
#607 = FACE_OUTER_BOUND ( 'NONE', #3244, .T. ) ;
#608 = EDGE_LOOP ( 'NONE', ( #1535, #2350, #2640 ) ) ;
#609 = CARTESIAN_POINT ( 'NONE',  ( 1.087130385712952041E-14, 4.850820973281339654, 3.058396730857119827 ) ) ;
#610 = CARTESIAN_POINT ( 'NONE',  ( -34.39999999999999858, 16.50000000000000000, -7.500000000000000000 ) ) ;
#611 = CARTESIAN_POINT ( 'NONE',  ( 4.998324715640036331, 6.921187087215900036, 4.775287565543353985 ) ) ;
#612 = ORIENTED_EDGE ( 'NONE', *, *, #3151, .T. ) ;
#613 = CARTESIAN_POINT ( 'NONE',  ( 32.37964710633750087, 9.500000000000000000, 9.500000000000000000 ) ) ;
#614 = CARTESIAN_POINT ( 'NONE',  ( 9.669370964231326582, 7.425500631847153699, 5.619509857356278282 ) ) ;
#615 =( BOUNDED_CURVE ( )  B_SPLINE_CURVE ( 3, ( #232, #3310, #563, #1926 ),
 .UNSPECIFIED., .F., .F. ) 
 B_SPLINE_CURVE_WITH_KNOTS ( ( 4, 4 ),
 ( 5.629310301287540064, 5.950950027300089928 ),
 .UNSPECIFIED. ) 
 CURVE ( )  GEOMETRIC_REPRESENTATION_ITEM ( )  RATIONAL_B_SPLINE_CURVE ( ( 1.000000000000000000, 0.9913975549943520038, 0.9913975549943520038, 1.000000000000000000 ) ) 
 REPRESENTATION_ITEM ( '' )  );
#616 = PLANE ( 'NONE',  #1023 ) ;
#617 = CARTESIAN_POINT ( 'NONE',  ( -0.7017680707474585056, 4.850820973281338766, 3.058396730857117163 ) ) ;
#618 = CARTESIAN_POINT ( 'NONE',  ( -20.42243134958264150, 7.999999999999997335, 6.361721499946952463 ) ) ;
#619 = EDGE_CURVE ( 'NONE', #1037, #552, #51, .T. ) ;
#620 = ORIENTED_EDGE ( 'NONE', *, *, #2748, .F. ) ;
#621 = CARTESIAN_POINT ( 'NONE',  ( 23.29705562645635197, 7.967052352686070371, -5.959312991731019693 ) ) ;
#622 = CARTESIAN_POINT ( 'NONE',  ( 3.168758456370854848, 6.097152101444620165, -3.882381243189175102 ) ) ;
#623 = CARTESIAN_POINT ( 'NONE',  ( 6.929115851204589838, 8.000000000000000000, -7.346504454358660396 ) ) ;
#624 = ORIENTED_EDGE ( 'NONE', *, *, #4068, .T. ) ;
#625 = CARTESIAN_POINT ( 'NONE',  ( 19.75876651680370699, 7.129462415012205234, -5.337072889087389527 ) ) ;
#626 = VERTEX_POINT ( 'NONE', #73 ) ;
#627 = DIRECTION ( 'NONE',  ( -0.7071067811865444641, 0.000000000000000000, 0.7071067811865505703 ) ) ;
#628 = EDGE_CURVE ( 'NONE', #3312, #438, #1778, .T. ) ;
#629 = LINE ( 'NONE', #1992, #1303 ) ;
#630 = FACE_OUTER_BOUND ( 'NONE', #698, .T. ) ;
#631 = ORIENTED_EDGE ( 'NONE', *, *, #440, .T. ) ;
#632 = CARTESIAN_POINT ( 'NONE',  ( 9.100920346886850254, 7.999999999999771738, 6.435689278559090454 ) ) ;
#633 = CARTESIAN_POINT ( 'NONE',  ( 5.330466514701620362, 7.246726876915973392, 5.452033086981191268 ) ) ;
#634 = EDGE_LOOP ( 'NONE', ( #3041, #1683, #3872, #1727 ) ) ;
#635 = PERSON ( 'UNSPECIFIED', 'UNSPECIFIED', 'UNSPECIFIED', ('UNSPECIFIED'), ('UNSPECIFIED'), ('UNSPECIFIED') ) ;
#636 = FACE_OUTER_BOUND ( 'NONE', #4126, .T. ) ;
#637 = DIRECTION ( 'NONE',  ( -1.281026566875180017E-15, 1.000000000000000000, 0.000000000000000000 ) ) ;
#638 = DIRECTION ( 'NONE',  ( -1.000000000000000000, 0.000000000000000000, 0.000000000000000000 ) ) ;
#639 = ORIENTED_EDGE ( 'NONE', *, *, #3663, .F. ) ;
#640 = LINE ( 'NONE', #972, #3999 ) ;
#641 = CARTESIAN_POINT ( 'NONE',  ( 5.968394166694670488, 7.261456114851149835, -5.144005120061248881 ) ) ;
#642 =( BOUNDED_CURVE ( )  B_SPLINE_CURVE ( 3, ( #672, #2763, #2781, #4107 ),
 .UNSPECIFIED., .F., .F. ) 
 B_SPLINE_CURVE_WITH_KNOTS ( ( 4, 4 ),
 ( 0.3322352798795010220, 0.6748762207113160327 ),
 .UNSPECIFIED. ) 
 CURVE ( )  GEOMETRIC_REPRESENTATION_ITEM ( )  RATIONAL_B_SPLINE_CURVE ( ( 1.000000000000000000, 0.9902403382894759964, 0.9902403382894759964, 1.000000000000000000 ) ) 
 REPRESENTATION_ITEM ( '' )  );
#643 = CARTESIAN_POINT ( 'NONE',  ( -13.44451100527151866, 5.582546102277270883, -3.324761233076709566 ) ) ;
#644 = ADVANCED_FACE ( 'NONE', ( #752 ), #2507, .F. ) ;
#645 = ORIENTED_EDGE ( 'NONE', *, *, #3334, .F. ) ;
#646 = LINE ( 'NONE', #3684, #1380 ) ;
#647 = ORIENTED_EDGE ( 'NONE', *, *, #2632, .F. ) ;
#648 = CARTESIAN_POINT ( 'NONE',  ( 10.10563495301341952, 7.478268879396069657, -5.685844636971840060 ) ) ;
#649 = ADVANCED_FACE ( 'NONE', ( #1153, #3828 ), #4141, .F. ) ;
#650 = CARTESIAN_POINT ( 'NONE',  ( -10.62826957466547917, 8.000000000000000000, 7.450216439756720099 ) ) ;
#651 = CARTESIAN_POINT ( 'NONE',  ( -10.98050594931595469, 6.919196486692975157, -4.773127976263187300 ) ) ;
#652 = ORIENTED_EDGE ( 'NONE', *, *, #2802, .F. ) ;
#653 = EDGE_CURVE ( 'NONE', #4231, #4348, #4116, .T. ) ;
#654 = CARTESIAN_POINT ( 'NONE',  ( 8.267587762289021924, 8.000000000000001776, 6.454733606426827031 ) ) ;
#655 = CARTESIAN_POINT ( 'NONE',  ( 6.396588582082495478, 7.437950085753571194, 5.630564596724314974 ) ) ;
#656 = AXIS2_PLACEMENT_3D ( 'NONE', #384, #1740, #56 ) ;
#657 = CARTESIAN_POINT ( 'NONE',  ( 41.00000000000000000, -16.50000000000000000, -7.750000000000000000 ) ) ;
#658 = CARTESIAN_POINT ( 'NONE',  ( 61.00000000000000000, -16.50000000000000000, -7.500000000000000000 ) ) ;
#659 = EDGE_LOOP ( 'NONE', ( #3615, #45, #1852, #979 ) ) ;
#660 = CIRCLE ( 'NONE', #2233, 3.000000000000000000 ) ;
#661 = DIRECTION ( 'NONE',  ( 1.000000000000000000, 0.000000000000000000, 0.000000000000000000 ) ) ;
#662 = CARTESIAN_POINT ( 'NONE',  ( -5.227030821302001584, 6.998831378927815372, -4.859405280933422944 ) ) ;
#663 = PLANE ( 'NONE',  #176 ) ;
#664 = ADVANCED_FACE ( 'NONE', ( #2792 ), #795, .F. ) ;
#665 = CIRCLE ( 'NONE', #3217, 6.999999999999999112 ) ;
#666 =( BOUNDED_SURFACE ( )  B_SPLINE_SURFACE ( 3, 2, ( 
 ( #2922, #3896, #4274 ),
 ( #3593, #886, #1217 ),
 ( #3571, #3942, #1939 ),
 ( #271, #1897, #862 ),
 ( #3277, #928, #246 ),
 ( #4233, #186, #4211 ),
 ( #906, #3613, #576 ),
 ( #1604, #4296, #1538 ),
 ( #1181, #2533, #3236 ),
 ( #3877, #1200, #2902 ) ),
 .UNSPECIFIED., .F., .F., .T. ) 
 B_SPLINE_SURFACE_WITH_KNOTS ( ( 4, 2, 2, 2, 4 ),
 ( 3, 3 ),
 ( 2.466716432878480081, 2.804154543234135044, 3.141592653589795336, 3.479030763945450300, 3.816468874301110148 ),
 ( 0.000000000000000000, 1.000000000000000000 ),
 .UNSPECIFIED. ) 
 GEOMETRIC_REPRESENTATION_ITEM ( )  RATIONAL_B_SPLINE_SURFACE ( (
 ( 1.000000000000000000, 0.8809363964789689305, 1.000000000000000000),
 ( 1.000000000000000000, 0.8950440969902520028, 1.000000000000000000),
 ( 1.000000000000000000, 0.9058152213233999772, 1.000000000000000000),
 ( 1.000000000000000000, 0.9202352437054530654, 1.000000000000000000),
 ( 1.000000000000000000, 0.9238795325112859613, 1.000000000000000000),
 ( 1.000000000000000000, 0.9238795325112859613, 1.000000000000000000),
 ( 1.000000000000000000, 0.9202352437054330814, 1.000000000000000000),
 ( 1.000000000000000000, 0.9058152213234199612, 1.000000000000000000),
 ( 1.000000000000000000, 0.8950440969902360155, 1.000000000000000000),
 ( 1.000000000000000000, 0.8809363964789689305, 1.000000000000000000) ) ) 
 REPRESENTATION_ITEM ( '' )  SURFACE ( )  );
#667 = EDGE_LOOP ( 'NONE', ( #4328, #407, #3447, #1057 ) ) ;
#668 = DIRECTION ( 'NONE',  ( 1.734723475976804876E-16, -1.000000000000000000, 0.000000000000000000 ) ) ;
#669 = ORIENTED_EDGE ( 'NONE', *, *, #996, .F. ) ;
#670 = CIRCLE ( 'NONE', #1603, 0.7500000000000000000 ) ;
#671 = CARTESIAN_POINT ( 'NONE',  ( -5.873170168930020196, 8.000000000000000000, 7.417823425373460289 ) ) ;
#672 = CARTESIAN_POINT ( 'NONE',  ( 4.815532678565159763, 7.121320343559640165, -5.328896101135399910 ) ) ;
#673 = ADVANCED_FACE ( 'NONE', ( #1109 ), #2750, .T. ) ;
#674 = VECTOR ( 'NONE', #661, 1000.000000000000000 ) ;
#675 = CARTESIAN_POINT ( 'NONE',  ( 61.00000000000000000, -16.50000000000000000, -7.500000000000000000 ) ) ;
#676 = DIRECTION ( 'NONE',  ( 0.000000000000000000, 0.000000000000000000, 1.000000000000000000 ) ) ;
#677 = EDGE_LOOP ( 'NONE', ( #3988, #3069 ) ) ;
#678 = ADVANCED_FACE ( 'NONE', ( #2444 ), #2771, .F. ) ;
#679 = CARTESIAN_POINT ( 'NONE',  ( -18.92535049343798548, 6.354004012020779690, 4.561579769597160272 ) ) ;
#680 = CARTESIAN_POINT ( 'NONE',  ( 11.07818102068747201, 7.142070673317663321, 5.349586062799194686 ) ) ;
#681 = EDGE_LOOP ( 'NONE', ( #2100, #2916, #3393, #730 ) ) ;
#682 = CARTESIAN_POINT ( 'NONE',  ( -31.94671434340985172, 8.000000000000000000, -7.450216444695049844 ) ) ;
#683 = CARTESIAN_POINT ( 'NONE',  ( 17.19791656588818185, 5.077584694525616449, -2.919201779335947045 ) ) ;
#684 = CARTESIAN_POINT ( 'NONE',  ( -21.32208796306414911, 7.625474166765680017, 5.780958265653559636 ) ) ;
#685 = ORIENTED_EDGE ( 'NONE', *, *, #2924, .T. ) ;
#686 = CARTESIAN_POINT ( 'NONE',  ( 0.7017680707474585056, 4.850820973281338766, 3.058396730857117163 ) ) ;
#687 = VERTEX_POINT ( 'NONE', #773 ) ;
#688 = CARTESIAN_POINT ( 'NONE',  ( 20.55089351814130083, 8.000000000000000000, -7.450216444695049844 ) ) ;
#689 = CARTESIAN_POINT ( 'NONE',  ( -19.84894107450942258, 6.864834976669968114, 4.666272215724088568 ) ) ;
#690 = CYLINDRICAL_SURFACE ( 'NONE', #2371, 8.972762383429223831 ) ;
#691 = ORIENTED_EDGE ( 'NONE', *, *, #4235, .T. ) ;
#692 = CARTESIAN_POINT ( 'NONE',  ( 15.76200707051774863, 5.016337705005099679, 3.223913462580875411 ) ) ;
#693 = EDGE_LOOP ( 'NONE', ( #1772, #4082, #3227, #4113, #1744 ) ) ;
#694 = DIRECTION ( 'NONE',  ( 1.000000000000000000, 0.000000000000000000, 0.000000000000000000 ) ) ;
#695 = CARTESIAN_POINT ( 'NONE',  ( 1.911890070364605121, 5.521621032120870076, 3.729196789696640479 ) ) ;
#696 = CARTESIAN_POINT ( 'NONE',  ( 22.17058944486919714, 8.000000000000000000, 7.450216444695049844 ) ) ;
#697 = CARTESIAN_POINT ( 'NONE',  ( 24.26788094920314975, 8.219578270176089774, -6.427154027751850407 ) ) ;
#698 = EDGE_LOOP ( 'NONE', ( #1236, #2190, #2535, #3595 ) ) ;
#699 = DIRECTION ( 'NONE',  ( -1.000000000000000000, 0.000000000000000000, 0.000000000000000000 ) ) ;
#700 = CARTESIAN_POINT ( 'NONE',  ( 8.064984331408632912, 7.546577249829938161, 5.726607267150752634 ) ) ;
#701 = ORIENTED_EDGE ( 'NONE', *, *, #3494, .F. ) ;
#702 = EDGE_CURVE ( 'NONE', #1479, #322, #3131, .T. ) ;
#703 = CARTESIAN_POINT ( 'NONE',  ( -5.800132231942102479, 8.000000000000468958, -6.367732437364195697 ) ) ;
#704 = CARTESIAN_POINT ( 'NONE',  ( -32.37964710633750087, 9.500000000000000000, 9.500000000000000000 ) ) ;
#705 = CARTESIAN_POINT ( 'NONE',  ( -22.49749528711779689, 8.000000000000000000, 6.925266532700489641 ) ) ;
#706 = CARTESIAN_POINT ( 'NONE',  ( -17.57887441403105200, 5.229334962202580428, -3.041079844985110192 ) ) ;
#707 = ORIENTED_EDGE ( 'NONE', *, *, #1439, .T. ) ;
#708 = CYLINDRICAL_SURFACE ( 'NONE', #2315, 4.400000000000001243 ) ;
#709 = DIRECTION ( 'NONE',  ( 1.000000000000000000, 0.000000000000000000, 0.000000000000000000 ) ) ;
#710 = ADVANCED_FACE ( 'NONE', ( #3078 ), #3431, .F. ) ;
#711 = DIRECTION ( 'NONE',  ( 1.000000000000000000, 0.000000000000000000, 0.000000000000000000 ) ) ;
#712 = VERTEX_POINT ( 'NONE', #2112 ) ;
#713 = CARTESIAN_POINT ( 'NONE',  ( 29.92636144974735046, 8.000000000000000000, 7.750000000000000000 ) ) ;
#714 = VERTEX_POINT ( 'NONE', #3120 ) ;
#715 = DIRECTION ( 'NONE',  ( 1.000000000000000000, -6.938893903907226800E-15, 0.000000000000000000 ) ) ;
#716 = LINE ( 'NONE', #4038, #2646 ) ;
#717 = CARTESIAN_POINT ( 'NONE',  ( -7.721917654318030344, 8.000000000000000000, 7.312391418772339335 ) ) ;
#718 = DIRECTION ( 'NONE',  ( 1.000000000000000000, 0.000000000000000000, 0.000000000000000000 ) ) ;
#719 = EDGE_LOOP ( 'NONE', ( #2030, #1988, #2835, #2759 ) ) ;
#720 = CARTESIAN_POINT ( 'NONE',  ( 6.665138499245590431, 8.000000000000000000, 7.364542852137180518 ) ) ;
#721 = CARTESIAN_POINT ( 'NONE',  ( 9.564453346358636310, 7.439623444460249146, -5.632067322994653402 ) ) ;
#722 = ORIENTED_EDGE ( 'NONE', *, *, #2419, .T. ) ;
#723 = EDGE_CURVE ( 'NONE', #2107, #3951, #281, .T. ) ;
#724 = CARTESIAN_POINT ( 'NONE',  ( -8.267587762289023701, 7.999999999999773515, -6.454733606426705350 ) ) ;
#725 = DIRECTION ( 'NONE',  ( 0.000000000000000000, 0.000000000000000000, -1.000000000000000000 ) ) ;
#726 = CARTESIAN_POINT ( 'NONE',  ( 19.15256352729759115, 6.447942722943620808, -4.214522610747398090 ) ) ;
#727 = ADVANCED_FACE ( 'NONE', ( #2591 ), #2226, .T. ) ;
#728 = AXIS2_PLACEMENT_3D ( 'NONE', #3051, #403, #2421 ) ;
#729 = CARTESIAN_POINT ( 'NONE',  ( -13.44451100527151866, 5.582546102277270883, -3.324761233076709566 ) ) ;
#730 = ORIENTED_EDGE ( 'NONE', *, *, #1002, .F. ) ;
#731 = DIRECTION ( 'NONE',  ( 1.000000000000000000, 5.328079247643051376E-15, 0.000000000000000000 ) ) ;
#732 = LINE ( 'NONE', #756, #1365 ) ;
#733 = AXIS2_PLACEMENT_3D ( 'NONE', #3878, #1851, #3192 ) ;
#734 = CARTESIAN_POINT ( 'NONE',  ( -41.00000000000000000, -16.50000000000000000, -7.750000000000000000 ) ) ;
#735 = AXIS2_PLACEMENT_3D ( 'NONE', #218, #1912, #3623 ) ;
#736 = ORIENTED_EDGE ( 'NONE', *, *, #4311, .F. ) ;
#737 = DIRECTION ( 'NONE',  ( 0.000000000000000000, 1.000000000000000000, 0.000000000000000000 ) ) ;
#738 = ORIENTED_EDGE ( 'NONE', *, *, #3577, .F. ) ;
#739 = CARTESIAN_POINT ( 'NONE',  ( -7.457155904481310493, 8.000000000000000000, 7.312391418772349994 ) ) ;
#740 = CARTESIAN_POINT ( 'NONE',  ( 10.45713364078324226, 7.088075236479022934, -4.956060557221225515 ) ) ;
#741 = AXIS2_PLACEMENT_3D ( 'NONE', #3387, #1043, #2403 ) ;
#742 = CARTESIAN_POINT ( 'NONE',  ( 0.000000000000000000, 8.441151059171250637, 8.757575757575759567 ) ) ;
#743 = CONICAL_SURFACE ( 'NONE', #1309, 8.750000000000000000, 0.7853981633974440602 ) ;
#744 = CARTESIAN_POINT ( 'NONE',  ( 18.67246403992184867, 6.564542543089689985, -4.772118300665460389 ) ) ;
#745 = CC_DESIGN_PERSON_AND_ORGANIZATION_ASSIGNMENT ( #1120, #3554, ( #1501 ) ) ;
#746 = VERTEX_POINT ( 'NONE', #3590 ) ;
#747 = CARTESIAN_POINT ( 'NONE',  ( 5.749767344200759744, 7.344568592026880616, 5.545665746337919089 ) ) ;
#748 = CARTESIAN_POINT ( 'NONE',  ( 4.831424567552214278, 7.125498200252428305, 5.333071591782639231 ) ) ;
#749 = ORIENTED_EDGE ( 'NONE', *, *, #3094, .T. ) ;
#750 = VECTOR ( 'NONE', #3559, 1000.000000000000114 ) ;
#751 = CARTESIAN_POINT ( 'NONE',  ( -8.251439517386890188, 8.000000000000000000, -7.312391418772339335 ) ) ;
#752 = FACE_OUTER_BOUND ( 'NONE', #2671, .T. ) ;
#753 = CARTESIAN_POINT ( 'NONE',  ( 20.62450986046860635, 7.247480718262880650, -5.081360062449212123 ) ) ;
#754 = CARTESIAN_POINT ( 'NONE',  ( -17.78807915201425160, 5.783166991651950362, -3.990742749227719877 ) ) ;
#755 = CARTESIAN_POINT ( 'NONE',  ( -8.907523181698849157, 7.400564915016167866, 5.294389728915048998 ) ) ;
#756 = CARTESIAN_POINT ( 'NONE',  ( -29.92636144974730072, 9.750000000000000000, 9.500000000000000000 ) ) ;
#757 = CARTESIAN_POINT ( 'NONE',  ( 15.76200707051774863, 5.016337705005099679, 3.223913462580875411 ) ) ;
#758 = EDGE_CURVE ( 'NONE', #952, #2374, #1656, .T. ) ;
#759 = ORIENTED_EDGE ( 'NONE', *, *, #3603, .T. ) ;
#760 = CARTESIAN_POINT ( 'NONE',  ( 14.16547528137415846, 5.444616934453620161, 3.652192692029390120 ) ) ;
#761 = CARTESIAN_POINT ( 'NONE',  ( -4.816585422927076365, 7.121595345812457900, 5.329171132244599818 ) ) ;
#762 = CARTESIAN_POINT ( 'NONE',  ( 33.65634964324375034, 6.923443937134649673, 7.750000000000000000 ) ) ;
#763 = CARTESIAN_POINT ( 'NONE',  ( -8.160881647765496183, 7.544381040584332787, -5.724719803655753836 ) ) ;
#764 = CARTESIAN_POINT ( 'NONE',  ( -19.73661185555189945, 7.121320343559700561, -5.328896101135460306 ) ) ;
#765 = CARTESIAN_POINT ( 'NONE',  ( 21.93803354892260415, 7.760398244036426085, 5.871693141617235767 ) ) ;
#766 = ORIENTED_EDGE ( 'NONE', *, *, #1969, .F. ) ;
#767 = CARTESIAN_POINT ( 'NONE',  ( 5.873170168695760474, 8.000000000000000000, 7.417823419983349709 ) ) ;
#768 = ADVANCED_FACE ( 'NONE', ( #4206 ), #3608, .T. ) ;
#769 = CARTESIAN_POINT ( 'NONE',  ( -23.89957077567752108, 8.000000000000000000, -5.930988702870859441 ) ) ;
#770 = ORIENTED_EDGE ( 'NONE', *, *, #383, .F. ) ;
#771 = DIRECTION ( 'NONE',  ( 0.7071067811865480168, 5.219957492776854068E-16, 0.7071067811865470176 ) ) ;
#772 = DIRECTION ( 'NONE',  ( -1.734723475976804876E-16, 1.000000000000000000, -0.000000000000000000 ) ) ;
#773 = CARTESIAN_POINT ( 'NONE',  ( -55.40000000000000568, 3.276315789473670748, 0.000000000000000000 ) ) ;
#774 = CARTESIAN_POINT ( 'NONE',  ( -16.18409382426768772, 4.796667790897565453, 3.004243548473505943 ) ) ;
#775 = DIRECTION ( 'NONE',  ( 0.7071067811865470176, 1.226634733346697831E-16, -0.7071067811865480168 ) ) ;
#776 = CARTESIAN_POINT ( 'NONE',  ( -16.66919093405158847, 4.904444005257427186, 2.780261330946505627 ) ) ;
#777 = CARTESIAN_POINT ( 'NONE',  ( -13.61053043287141939, 21.61433489638084993, 9.500000000000000000 ) ) ;
#778 = EDGE_LOOP ( 'NONE', ( #295, #3319, #2589, #738 ) ) ;
#779 = CARTESIAN_POINT ( 'NONE',  ( -6.808050536565279920, 7.641162536029379559, 5.848738293605139305 ) ) ;
#780 = CARTESIAN_POINT ( 'NONE',  ( -4.825507229500914264, 7.123944707929857678, 5.331519513532565924 ) ) ;
#781 = PERSON_AND_ORGANIZATION ( #635, #2222 ) ;
#782 = LINE ( 'NONE', #481, #3701 ) ;
#783 = EDGE_CURVE ( 'NONE', #2761, #3312, #2854, .T. ) ;
#784 =( BOUNDED_CURVE ( )  B_SPLINE_CURVE ( 3, ( #2496, #3462, #3837, #806 ),
 .UNSPECIFIED., .F., .T. ) 
 B_SPLINE_CURVE_WITH_KNOTS ( ( 4, 4 ),
 ( 2.487717647697745171, 2.809357373710289707 ),
 .UNSPECIFIED. ) 
 CURVE ( )  GEOMETRIC_REPRESENTATION_ITEM ( )  RATIONAL_B_SPLINE_CURVE ( ( 1.000000000000000000, 0.9913975549943520038, 0.9913975549943520038, 1.000000000000000000 ) ) 
 REPRESENTATION_ITEM ( '' )  );
#785 = CARTESIAN_POINT ( 'NONE',  ( -32.37964710633750087, 14.50000000000000000, 9.500000000000000000 ) ) ;
#786 = DIRECTION ( 'NONE',  ( -0.8462062767335200020, -0.5328554562137779449, 0.000000000000000000 ) ) ;
#787 = ORIENTED_EDGE ( 'NONE', *, *, #2144, .T. ) ;
#788 = CARTESIAN_POINT ( 'NONE',  ( 9.953817809866301047, 7.274545353793568481, 5.482121111368862820 ) ) ;
#789 = EDGE_CURVE ( 'NONE', #3746, #943, #3271, .T. ) ;
#790 = CARTESIAN_POINT ( 'NONE',  ( -22.96645808631837227, 7.926882425585557890, -5.950250074757185814 ) ) ;
#791 = ORIENTED_EDGE ( 'NONE', *, *, #3663, .T. ) ;
#792 = CARTESIAN_POINT ( 'NONE',  ( -0.7900710736774808618, 4.693105385671627161, 2.900681143247090699 ) ) ;
#793 = EDGE_CURVE ( 'NONE', #3331, #626, #4125, .T. ) ;
#794 = CARTESIAN_POINT ( 'NONE',  ( -9.100920346886967494, 7.999999999999772626, -6.435689278559313387 ) ) ;
#795 = PLANE ( 'NONE',  #2155 ) ;
#796 = DIRECTION ( 'NONE',  ( -0.8462062767335206681, 0.5328554562137768347, 0.000000000000000000 ) ) ;
#797 = CARTESIAN_POINT ( 'NONE',  ( -19.73661185555194919, 8.000000000000000000, -7.450216444695049844 ) ) ;
#798 = LINE ( 'NONE', #427, #2456 ) ;
#799 = DIRECTION ( 'NONE',  ( 1.000000000000000000, 0.000000000000000000, 0.000000000000000000 ) ) ;
#800 = CARTESIAN_POINT ( 'NONE',  ( 21.08000026508225488, 7.430588746197548389, 5.279909175594281301 ) ) ;
#801 = CC_DESIGN_APPROVAL ( #1206, ( #3294 ) ) ;
#802 = ORIENTED_EDGE ( 'NONE', *, *, #1935, .T. ) ;
#803 = AXIS2_PLACEMENT_3D ( 'NONE', #829, #1143, #2194 ) ;
#804 = CARTESIAN_POINT ( 'NONE',  ( -12.81692928307657553, 6.091885346072133167, 4.299461103650060956 ) ) ;
#805 = DIRECTION ( 'NONE',  ( 0.000000000000000000, 0.000000000000000000, 1.000000000000000000 ) ) ;
#806 = CARTESIAN_POINT ( 'NONE',  ( -11.15782449313975988, 7.121320343559640165, 5.328896101135399910 ) ) ;
#807 = CARTESIAN_POINT ( 'NONE',  ( 10.17322493976326392, 8.000000000000468958, -6.367732437364426623 ) ) ;
#808 = VECTOR ( 'NONE', #2145, 1000.000000000000000 ) ;
#809 = CARTESIAN_POINT ( 'NONE',  ( 18.28466544649865000, 5.751445432112169520, 8.757575757575759567 ) ) ;
#810 = DIRECTION ( 'NONE',  ( 1.000000000000000000, 0.000000000000000000, 0.000000000000000000 ) ) ;
#811 = EDGE_LOOP ( 'NONE', ( #3231, #3683, #707, #3887, #290, #4152, #1760, #1731, #1642, #4051, #1965, #1689, #1139, #2493, #2777, #1941 ) ) ;
#812 = AXIS2_PLACEMENT_3D ( 'NONE', #507, #2545, #115 ) ;
#813 = CARTESIAN_POINT ( 'NONE',  ( 11.76615762877082005, 6.658932946268439679, 4.491119269716589812 ) ) ;
#814 =( BOUNDED_CURVE ( )  B_SPLINE_CURVE ( 3, ( #3006, #330, #1300, #3626 ),
 .UNSPECIFIED., .F., .F. ) 
 B_SPLINE_CURVE_WITH_KNOTS ( ( 4, 4 ),
 ( 5.629310301287540064, 6.283185307179590673 ),
 .UNSPECIFIED. ) 
 CURVE ( )  GEOMETRIC_REPRESENTATION_ITEM ( )  RATIONAL_B_SPLINE_CURVE ( ( 1.000000000000000000, 0.9646868575918320365, 0.9646868575918320365, 1.000000000000000000 ) ) 
 REPRESENTATION_ITEM ( '' )  );
#815 = CARTESIAN_POINT ( 'NONE',  ( -20.42228952056771618, 7.360897397906868811, -5.557425909580744339 ) ) ;
#816 = EDGE_CURVE ( 'NONE', #3803, #2389, #1176, .T. ) ;
#817 = CARTESIAN_POINT ( 'NONE',  ( 15.01813932152895070, 4.844481624387560359, -2.731985038236139918 ) ) ;
#818 = ORIENTED_EDGE ( 'NONE', *, *, #3258, .F. ) ;
#819 = CARTESIAN_POINT ( 'NONE',  ( 0.8531329821893999243, 4.702776272846783456, 2.585588598465743182 ) ) ;
#820 = CARTESIAN_POINT ( 'NONE',  ( -15.76200707051774863, 5.016337705005099679, 3.223913462580870082 ) ) ;
#821 = APPLICATION_CONTEXT ( 'configuration controlled 3d designs of mechanical parts and assemblies' ) ;
#822 = CARTESIAN_POINT ( 'NONE',  ( -32.37964710633750087, 16.50000000000000000, 7.500000000000000000 ) ) ;
#823 = CARTESIAN_POINT ( 'NONE',  ( -19.73661185555179642, 8.000000000000000000, 7.450216444695049844 ) ) ;
#824 = CARTESIAN_POINT ( 'NONE',  ( -17.78807915201425160, 5.783166991651950362, 3.990742749227725206 ) ) ;
#825 = EDGE_LOOP ( 'NONE', ( #542, #2182, #896, #4011 ) ) ;
#826 = CARTESIAN_POINT ( 'NONE',  ( -12.65565085463036077, 6.187078751218420436, 3.979824528804785544 ) ) ;
#827 = CARTESIAN_POINT ( 'NONE',  ( 59.00000000000000000, 7.558056744563570145E-14, -9.500000000000000000 ) ) ;
#828 = DIRECTION ( 'NONE',  ( 0.000000000000000000, 0.000000000000000000, 1.000000000000000000 ) ) ;
#829 = CARTESIAN_POINT ( 'NONE',  ( -41.00000000000000000, -16.50000000000000000, 9.500000000000000000 ) ) ;
#830 = PRODUCT_DEFINITION_SHAPE ( 'NONE', 'NONE',  #3294 ) ;
#831 = CARTESIAN_POINT ( 'NONE',  ( -18.38148568467656929, 6.307456091370458928, -4.515031848946225779 ) ) ;
#832 = CARTESIAN_POINT ( 'NONE',  ( 23.89941070646630905, 7.999984509734415994, 5.931005428222550613 ) ) ;
#833 = ORIENTED_EDGE ( 'NONE', *, *, #783, .T. ) ;
#834 = FACE_OUTER_BOUND ( 'NONE', #2810, .T. ) ;
#835 = CARTESIAN_POINT ( 'NONE',  ( -21.11674343200739301, 7.566916004491171854, -5.732992436708745920 ) ) ;
#836 = CARTESIAN_POINT ( 'NONE',  ( -11.15782449313972968, 8.000000000000005329, -6.207575757575769515 ) ) ;
#837 = ORIENTED_EDGE ( 'NONE', *, *, #3974, .F. ) ;
#838 = CARTESIAN_POINT ( 'NONE',  ( -53.65000000000000568, -16.50000000000001776, 3.245314017740486455E-16 ) ) ;
#839 = CARTESIAN_POINT ( 'NONE',  ( -0.8778994010275474880, 4.706995618688934790, -2.588977501294182026 ) ) ;
#840 = EDGE_CURVE ( 'NONE', #565, #2389, #3524, .T. ) ;
#841 = DIRECTION ( 'NONE',  ( 1.000000000000000000, 1.636531581110195656E-16, 0.000000000000000000 ) ) ;
#842 = LINE ( 'NONE', #1920, #940 ) ;
#843 = CARTESIAN_POINT ( 'NONE',  ( -19.96040189156842359, 7.203451944634850612, 5.409805017899146584 ) ) ;
#844 = ADVANCED_FACE ( 'NONE', ( #2547 ), #2898, .F. ) ;
#845 = EDGE_LOOP ( 'NONE', ( #3136, #1159, #228, #1997 ) ) ;
#846 = CARTESIAN_POINT ( 'NONE',  ( 13.90071101811525978, 5.647515561390850536, 3.855091318966624936 ) ) ;
#847 = CARTESIAN_POINT ( 'NONE',  ( -5.328034096322363133, 7.246312486629425287, 5.451654657079579636 ) ) ;
#848 = APPROVAL_STATUS ( 'not_yet_approved' ) ;
#849 = CARTESIAN_POINT ( 'NONE',  ( 8.515858245808990645, 8.000000000000000000, -7.320283824003260165 ) ) ;
#850 = CARTESIAN_POINT ( 'NONE',  ( -22.65595629415818379, 7.999999999997906563, -6.338508991723766250 ) ) ;
#851 = CARTESIAN_POINT ( 'NONE',  ( -12.14750145797167136, 6.779857726078457603, -4.987433483654212907 ) ) ;
#852 = ORIENTED_EDGE ( 'NONE', *, *, #2392, .T. ) ;
#853 = CARTESIAN_POINT ( 'NONE',  ( 8.961120566089940453, 7.663771910131130127, 5.871347667706889872 ) ) ;
#854 = CARTESIAN_POINT ( 'NONE',  ( -0.6882997789114120302, 4.909436623719580339, 3.117012381295354739 ) ) ;
#855 = CARTESIAN_POINT ( 'NONE',  ( 16.68828941185838133, 4.888900987666574771, -3.096476745242352724 ) ) ;
#856 = ORIENTED_EDGE ( 'NONE', *, *, #3094, .F. ) ;
#857 = CARTESIAN_POINT ( 'NONE',  ( 32.37964710633750087, 9.500000000000000000, -9.500000000000000000 ) ) ;
#858 = CARTESIAN_POINT ( 'NONE',  ( -1.379657929678355988, 4.889564962713295770, -2.735620009158532984 ) ) ;
#859 = ADVANCED_FACE ( 'NONE', ( #1506 ), #2299, .T. ) ;
#860 = ORIENTED_EDGE ( 'NONE', *, *, #1606, .F. ) ;
#861 = CARTESIAN_POINT ( 'NONE',  ( 13.44451100527151866, 5.582546102277270883, 3.324761233076709566 ) ) ;
#862 = CARTESIAN_POINT ( 'NONE',  ( 0.6882997789114380094, 4.909436623719599879, -3.117012381295369838 ) ) ;
#863 = CARTESIAN_POINT ( 'NONE',  ( 21.72794724006954681, 8.000000000000000000, 7.189798396058509233 ) ) ;
#864 = VERTEX_POINT ( 'NONE', #838 ) ;
#865 = EDGE_CURVE ( 'NONE', #2322, #430, #1238, .T. ) ;
#866 = CARTESIAN_POINT ( 'NONE',  ( 24.22566654420050014, 8.000000000000000000, -5.896915585795929893 ) ) ;
#867 = CARTESIAN_POINT ( 'NONE',  ( 11.15782449313975988, 8.000000000000000000, 7.450216444695049844 ) ) ;
#868 = DIRECTION ( 'NONE',  ( 0.000000000000000000, 0.7071067811865474617, -0.7071067811865474617 ) ) ;
#869 = CARTESIAN_POINT ( 'NONE',  ( -15.67158467658085641, 4.791193464158125970, -2.689184684462253561 ) ) ;
#870 = CARTESIAN_POINT ( 'NONE',  ( -4.815532678565149993, 8.000000000000000000, -7.450216444695049844 ) ) ;
#871 = CARTESIAN_POINT ( 'NONE',  ( 19.96039635673416157, 7.203449952611451046, -5.409803085624635521 ) ) ;
#872 = ORIENTED_EDGE ( 'NONE', *, *, #116, .F. ) ;
#873 = DIRECTION ( 'NONE',  ( 1.000000000000000000, 0.000000000000000000, 0.000000000000000000 ) ) ;
#874 = VECTOR ( 'NONE', #3253, 1000.000000000000114 ) ;
#875 = ORIENTED_EDGE ( 'NONE', *, *, #1053, .T. ) ;
#876 = CARTESIAN_POINT ( 'NONE',  ( -51.00000000000000711, -0.5000000000000177636, 0.000000000000000000 ) ) ;
#877 = AXIS2_PLACEMENT_3D ( 'NONE', #610, #263, #2607 ) ;
#878 = CARTESIAN_POINT ( 'NONE',  ( 16.21977420292904881, 5.030449189766150297, -3.238024947341924697 ) ) ;
#879 = ORIENTED_EDGE ( 'NONE', *, *, #1918, .F. ) ;
#880 = CARTESIAN_POINT ( 'NONE',  ( -9.915131444412354611, 7.227405312692117612, 5.106817611842709326 ) ) ;
#881 = CARTESIAN_POINT ( 'NONE',  ( -4.815532678565149993, 7.121320343559640165, -5.328896101135399910 ) ) ;
#882 = CARTESIAN_POINT ( 'NONE',  ( 0.8717146359292258229, 4.730558249952822258, -2.608004255119587000 ) ) ;
#883 = VECTOR ( 'NONE', #2376, 1000.000000000000000 ) ;
#884 = CARTESIAN_POINT ( 'NONE',  ( 6.987101450339050501, 7.433333333333342452, -5.330248919129262575 ) ) ;
#885 = AXIS2_PLACEMENT_3D ( 'NONE', #1678, #3024, #810 ) ;
#886 = CARTESIAN_POINT ( 'NONE',  ( 1.897957668407902254, 5.110505561713757139, -3.318081319289528430 ) ) ;
#887 = CARTESIAN_POINT ( 'NONE',  ( -21.88861579984200745, 7.750257308703779380, 5.865289866810565300 ) ) ;
#888 = AXIS2_PLACEMENT_3D ( 'NONE', #2039, #3137, #1364 ) ;
#889 = EDGE_LOOP ( 'NONE', ( #305, #2053, #2528, #1972, #736, #1248, #3531, #3932 ) ) ;
#890 = CARTESIAN_POINT ( 'NONE',  ( 24.22566654420050014, 8.000000000000000000, -5.896915585795929893 ) ) ;
#891 = CARTESIAN_POINT ( 'NONE',  ( 5.873170168930010426, 8.000000000000000000, 7.417823425373460289 ) ) ;
#892 = CARTESIAN_POINT ( 'NONE',  ( -3.168758456369495491, 6.097152101443530370, -3.882381243191140197 ) ) ;
#893 = EDGE_CURVE ( 'NONE', #3956, #3388, #2972, .T. ) ;
#894 = CARTESIAN_POINT ( 'NONE',  ( -21.50034126105554577, 7.578006166483273631, -5.439541220488511186 ) ) ;
#895 = CARTESIAN_POINT ( 'NONE',  ( 19.97846903128272089, 7.209911866255688473, -5.416056354425062835 ) ) ;
#896 = ORIENTED_EDGE ( 'NONE', *, *, #309, .T. ) ;
#897 = CARTESIAN_POINT ( 'NONE',  ( 1.665758539305060015, 4.987891656820580444, 2.814582715520149936 ) ) ;
#898 = DIRECTION ( 'NONE',  ( 1.000000000000000000, 1.636531581110195656E-16, 0.000000000000000000 ) ) ;
#899 = CARTESIAN_POINT ( 'NONE',  ( -7.986678585852459378, 7.433333333333330017, -5.330248919129270568 ) ) ;
#900 = VERTEX_POINT ( 'NONE', #4130 ) ;
#901 = EDGE_CURVE ( 'NONE', #1018, #3018, #1326, .T. ) ;
#902 = CARTESIAN_POINT ( 'NONE',  ( 2.380490577806915198, 5.466362897138109744, -3.198866703806725109 ) ) ;
#903 = CARTESIAN_POINT ( 'NONE',  ( 8.471191910394376023, 7.433333333333340676, -5.330248919129259910 ) ) ;
#904 = CARTESIAN_POINT ( 'NONE',  ( 1.285006158276827737, 4.854367270227761821, -2.707342760837235129 ) ) ;
#905 = DIRECTION ( 'NONE',  ( -0.5328554562137779449, 0.8462062767335200020, 0.000000000000000000 ) ) ;
#906 = CARTESIAN_POINT ( 'NONE',  ( -0.8570007051152489508, 4.704133290599240347, -2.586682295405299925 ) ) ;
#907 = CARTESIAN_POINT ( 'NONE',  ( -22.80602206294069489, 7.938573997598752818, 5.984235265796800540 ) ) ;
#908 = VERTEX_POINT ( 'NONE', #3376 ) ;
#909 = CARTESIAN_POINT ( 'NONE',  ( 23.82642338751438871, 7.999999987561326797, -6.048308365630859385 ) ) ;
#910 = CARTESIAN_POINT ( 'NONE',  ( -11.15376646890269363, 7.122391294915539461, 5.329967516800717675 ) ) ;
#911 = CARTESIAN_POINT ( 'NONE',  ( -6.977328492184049935, 7.433333333333330017, -5.330248919128319329 ) ) ;
#912 = EDGE_CURVE ( 'NONE', #2374, #1024, #1749, .T. ) ;
#913 = CARTESIAN_POINT ( 'NONE',  ( -23.82642362091669597, 7.999999998844068649, -6.048308277896065732 ) ) ;
#914 = CARTESIAN_POINT ( 'NONE',  ( 19.92603116872266966, 7.191094889774262811, -5.397806318918994428 ) ) ;
#915 = ORIENTED_EDGE ( 'NONE', *, *, #1575, .T. ) ;
#916 = CARTESIAN_POINT ( 'NONE',  ( 8.964607690758729319, 7.433333333333339787, -5.330248919129279450 ) ) ;
#917 = EDGE_CURVE ( 'NONE', #1024, #746, #3350, .T. ) ;
#918 = DIRECTION ( 'NONE',  ( 0.000000000000000000, 0.000000000000000000, 1.000000000000000000 ) ) ;
#919 = CARTESIAN_POINT ( 'NONE',  ( 11.78186602007528627, 6.594671495326905664, 4.421197566556856806 ) ) ;
#920 = ORIENTED_EDGE ( 'NONE', *, *, #1114, .T. ) ;
#921 = ADVANCED_FACE ( 'NONE', ( #4062, #2103 ), #3754, .F. ) ;
#922 = LINE ( 'NONE', #1977, #3225 ) ;
#923 = DIRECTION ( 'NONE',  ( -0.3767857064810110068, -0.5983581965608899544, -0.7071067811865510144 ) ) ;
#924 = CARTESIAN_POINT ( 'NONE',  ( 22.00322072594311251, 7.792094589547213346, 5.999670347122436631 ) ) ;
#925 = EDGE_CURVE ( 'NONE', #1410, #864, #716, .T. ) ;
#926 =( BOUNDED_SURFACE ( )  B_SPLINE_SURFACE ( 3, 2, ( 
 ( #1707, #444, #423 ),
 ( #1777, #1797, #3119 ),
 ( #1435, #703, #1108 ),
 ( #3143, #24, #1345 ),
 ( #4115, #3783, #2420 ),
 ( #2400, #1369, #2701 ),
 ( #3761, #1733, #2725 ),
 ( #751, #724, #3430 ),
 ( #2064, #2790, #375 ),
 ( #3848, #794, #2485 ),
 ( #137, #4163, #1890 ),
 ( #1482, #180, #551 ),
 ( #3889, #3871, #158 ),
 ( #3563, #836, #3499 ) ),
 .UNSPECIFIED., .F., .F., .F. ) 
 B_SPLINE_SURFACE_WITH_KNOTS ( ( 4, 2, 2, 2, 2, 2, 4 ),
 ( 3, 3 ),
 ( -8.673617379884039324E-19, 0.001587069792343390098, 0.002380604688515084930, 0.003174139584686774991, 0.003967674480858470257, 0.004761209377030169859, 0.006348279169373560391 ),
 ( 0.000000000000000000, 1.000000000000000000 ),
 .UNSPECIFIED. ) 
 GEOMETRIC_REPRESENTATION_ITEM ( )  RATIONAL_B_SPLINE_SURFACE ( (
 ( 1.000000000000000000, 0.9238795325112869605, 1.000000000000000000),
 ( 1.000000000000000000, 0.9344924826320649691, 1.000000000000000000),
 ( 1.000000000000000000, 0.9438259671375359705, 1.000000000000000000),
 ( 1.000000000000000000, 0.9540021288974919189, 1.000000000000000000),
 ( 1.000000000000000000, 0.9567423952256910447, 1.000000000000000000),
 ( 1.000000000000000000, 0.9604873732734769964, 1.000000000000000000),
 ( 1.000000000000000000, 0.9614803401236819980, 1.000000000000000000),
 ( 1.000000000000000000, 0.9614803401237410618, 1.000000000000000000),
 ( 1.000000000000000000, 0.9604873732734620084, 1.000000000000000000),
 ( 1.000000000000000000, 0.9567423952257070319, 1.000000000000000000),
 ( 1.000000000000000000, 0.9540021288974869229, 1.000000000000000000),
 ( 1.000000000000000000, 0.9438259671375339721, 1.000000000000000000),
 ( 1.000000000000000000, 0.9344924826320659683, 1.000000000000000000),
 ( 1.000000000000000000, 0.9238795325112869605, 1.000000000000000000) ) ) 
 REPRESENTATION_ITEM ( '' )  SURFACE ( )  );
#927 = CYLINDRICAL_SURFACE ( 'NONE', #1240, 3.000000000000000000 ) ;
#928 = CARTESIAN_POINT ( 'NONE',  ( 0.3936035337960669400, 4.631151059171254580, -2.838726816747027648 ) ) ;
#929 = CARTESIAN_POINT ( 'NONE',  ( 15.76200707051774863, 4.796667790895010164, 2.693583376690960041 ) ) ;
#930 = PRODUCT_RELATED_PRODUCT_CATEGORY ( 'detail', '', ( #1501 ) ) ;
#931 = ORIENTED_EDGE ( 'NONE', *, *, #3170, .F. ) ;
#932 = CARTESIAN_POINT ( 'NONE',  ( 10.10018700277490034, 8.000000000000000000, -7.417823425373449631 ) ) ;
#933 = CARTESIAN_POINT ( 'NONE',  ( -20.55089664173999964, 8.000000000000000000, -7.450216444695030305 ) ) ;
#934 = DIRECTION ( 'NONE',  ( -1.000000000000000000, 0.000000000000000000, 0.000000000000000000 ) ) ;
#935 = LINE ( 'NONE', #606, #41 ) ;
#936 = CARTESIAN_POINT ( 'NONE',  ( 19.99577185234928578, 7.216076099268971866, -5.422008109992010105 ) ) ;
#937 = VERTEX_POINT ( 'NONE', #368 ) ;
#938 = B_SPLINE_CURVE_WITH_KNOTS ( 'NONE', 3,
 ( #3284, #3307, #932, #252, #4256, #1221, #2577, #1923, #191, #3990 ),
 .UNSPECIFIED., .F., .F.,
 ( 4, 2, 2, 2, 4 ),
 ( 0.000000000000000000, 0.001587069792343395085, 0.003174139584686790170, 0.004761209377030189809, 0.006348279169373580340 ),
 .UNSPECIFIED. ) ;
#939 = CARTESIAN_POINT ( 'NONE',  ( 0.4285886166556455157, 4.631151059171249251, 2.528066644970190069 ) ) ;
#940 = VECTOR ( 'NONE', #537, 1000.000000000000000 ) ;
#941 = CARTESIAN_POINT ( 'NONE',  ( -34.00000000000000000, -1.565167132207979872, 7.750000000000000000 ) ) ;
#942 = CARTESIAN_POINT ( 'NONE',  ( 13.44451100527151866, 5.582546102277270883, 3.324761233076709566 ) ) ;
#943 = VERTEX_POINT ( 'NONE', #3707 ) ;
#944 = AXIS2_PLACEMENT_3D ( 'NONE', #362, #3727, #57 ) ;
#945 = CARTESIAN_POINT ( 'NONE',  ( 16.21645151406199403, 4.796667790895010164, 2.693583376690968922 ) ) ;
#946 = CARTESIAN_POINT ( 'NONE',  ( 8.513694048128661152, 7.535471467388174638, 5.717115016973953523 ) ) ;
#947 = AXIS2_PLACEMENT_3D ( 'NONE', #3892, #2877, #2970 ) ;
#948 = DIRECTION ( 'NONE',  ( 0.000000000000000000, 0.000000000000000000, -1.000000000000000000 ) ) ;
#949 = DIRECTION ( 'NONE',  ( 0.000000000000000000, 0.000000000000000000, 1.000000000000000000 ) ) ;
#950 = CARTESIAN_POINT ( 'NONE',  ( -23.57366743932194808, 7.999969919637887728, 5.965041830980551296 ) ) ;
#951 = CIRCLE ( 'NONE', #4072, 6.999999999999999112 ) ;
#952 = VERTEX_POINT ( 'NONE', #2285 ) ;
#953 = CARTESIAN_POINT ( 'NONE',  ( 19.73661185555179642, 7.121320343559640165, -5.328896101135399910 ) ) ;
#954 = CARTESIAN_POINT ( 'NONE',  ( -18.70493047374813500, 6.122759802028601150, 3.862763827224353186 ) ) ;
#955 = B_SPLINE_CURVE_WITH_KNOTS ( 'NONE', 3,
 ( #2768, #2417, #4092, #111, #3427, #1392, #2812, #3759, #1412, #721, #2483, #4136, #1792, #3138, #2083, #1774, #3469, #2109, #441, #89 ),
 .UNSPECIFIED., .F., .F.,
 ( 4, 2, 2, 1, 1, 2, 2, 2, 2, 2, 4 ),
 ( 0.000000000000000000, 0.2499999999999920064, 0.3749999999999872324, 0.4374999999999847899, 0.4687499999999836242, 0.4843749999999837907, 0.4999999999999839573, 0.6249999999999885647, 0.6874999999999907851, 0.7499999999999930056, 1.000000000000000000 ),
 .UNSPECIFIED. ) ;
#956 = CARTESIAN_POINT ( 'NONE',  ( -7.986678585852459378, 7.653003247443430190, -5.860579005019189935 ) ) ;
#957 = VECTOR ( 'NONE', #1391, 1000.000000000000000 ) ;
#958 = ORIENTED_EDGE ( 'NONE', *, *, #1042, .F. ) ;
#959 = CARTESIAN_POINT ( 'NONE',  ( 51.00000000000000711, -8.500000000000000000, 0.000000000000000000 ) ) ;
#960 = ORIENTED_EDGE ( 'NONE', *, *, #4031, .F. ) ;
#961 = FACE_OUTER_BOUND ( 'NONE', #4042, .T. ) ;
#962 = DIRECTION ( 'NONE',  ( 0.6248498555122039555, -0.5520700399706459649, 0.5520700399706429673 ) ) ;
#963 = CYLINDRICAL_SURFACE ( 'NONE', #3579, 3.000000000000000000 ) ;
#964 = VERTEX_POINT ( 'NONE', #695 ) ;
#965 = CARTESIAN_POINT ( 'NONE',  ( 17.29112734350118075, 5.116202566173705613, 2.950261062380587163 ) ) ;
#966 = CARTESIAN_POINT ( 'NONE',  ( 4.975291137103448058, 7.162454955904835607, 5.369793574470174136 ) ) ;
#967 = CARTESIAN_POINT ( 'NONE',  ( 15.55627816825473531, 4.796667790895010164, 2.693583376690969811 ) ) ;
#968 = CARTESIAN_POINT ( 'NONE',  ( 14.53904400487311577, 4.998257153000747799, -2.855490641410669550 ) ) ;
#969 = CARTESIAN_POINT ( 'NONE',  ( -22.65607197385244476, 8.000000000000349942, 6.338487108098163958 ) ) ;
#970 = EDGE_CURVE ( 'NONE', #1831, #2550, #1876, .T. ) ;
#971 = EDGE_LOOP ( 'NONE', ( #1073, #1211, #299, #2936, #3359 ) ) ;
#972 = CARTESIAN_POINT ( 'NONE',  ( -48.35000000000000142, -0.5000000000000173195, 0.000000000000000000 ) ) ;
#973 = CARTESIAN_POINT ( 'NONE',  ( 5.799693241641279862, 7.466759448374910235, -5.674335205950669980 ) ) ;
#974 = CARTESIAN_POINT ( 'NONE',  ( 51.00000000000000711, -8.500000000000000000, 0.000000000000000000 ) ) ;
#975 = EDGE_CURVE ( 'NONE', #1018, #2215, #642, .T. ) ;
#976 =( BOUNDED_CURVE ( )  B_SPLINE_CURVE ( 3, ( #824, #2859, #2189, #164 ),
 .UNSPECIFIED., .F., .F. ) 
 B_SPLINE_CURVE_WITH_KNOTS ( ( 4, 4 ),
 ( 5.559547724019430426, 6.283185307179590673 ),
 .UNSPECIFIED. ) 
 CURVE ( )  GEOMETRIC_REPRESENTATION_ITEM ( )  RATIONAL_B_SPLINE_CURVE ( ( 1.000000000000000000, 0.9568363750983909233, 0.9568363750983909233, 1.000000000000000000 ) ) 
 REPRESENTATION_ITEM ( '' )  );
#977 = ORIENTED_EDGE ( 'NONE', *, *, #1651, .T. ) ;
#978 = CARTESIAN_POINT ( 'NONE',  ( 15.42850185749674985, 5.016337705008210079, 3.223913462583984924 ) ) ;
#979 = ORIENTED_EDGE ( 'NONE', *, *, #1853, .F. ) ;
#980 = CARTESIAN_POINT ( 'NONE',  ( 7.986678585852461154, 7.433333333333334458, -5.640909090909097756 ) ) ;
#981 = CARTESIAN_POINT ( 'NONE',  ( -9.424767377631100729, 7.460651335825129848, 5.651092374051730260 ) ) ;
#982 = CARTESIAN_POINT ( 'NONE',  ( -31.94671434340985172, 5.000000000000000000, -7.450216444695049844 ) ) ;
#983 = VERTEX_POINT ( 'NONE', #2433 ) ;
#984 = CARTESIAN_POINT ( 'NONE',  ( 8.548579111781315021, 8.000000000000223821, 6.451275074047001290 ) ) ;
#985 = CARTESIAN_POINT ( 'NONE',  ( 8.126810762820030121, 7.545993920499452834, 5.726114595271700303 ) ) ;
#986 = VERTEX_POINT ( 'NONE', #347 ) ;
#987 = PLANE ( 'NONE',  #319 ) ;
#988 = CARTESIAN_POINT ( 'NONE',  ( 16.34032408111070467, 4.834077611179757206, -2.723760136325652059 ) ) ;
#989 = EDGE_CURVE ( 'NONE', #1334, #4324, #1104, .T. ) ;
#990 = CARTESIAN_POINT ( 'NONE',  ( 19.73661185555179642, 5.000000000000000000, -7.450216444695049844 ) ) ;
#991 = ORIENTED_EDGE ( 'NONE', *, *, #1381, .T. ) ;
#992 = DIRECTION ( 'NONE',  ( 1.734723475976805122E-16, -1.000000000000000000, -0.000000000000000000 ) ) ;
#993 = DIRECTION ( 'NONE',  ( 0.000000000000000000, 1.000000000000000000, 0.000000000000000000 ) ) ;
#994 = LINE ( 'NONE', #4359, #2995 ) ;
#995 = EDGE_CURVE ( 'NONE', #908, #1280, #4272, .T. ) ;
#996 = EDGE_CURVE ( 'NONE', #1831, #2107, #2700, .T. ) ;
#997 = VERTEX_POINT ( 'NONE', #2807 ) ;
#998 = DIRECTION ( 'NONE',  ( 0.000000000000000000, 0.000000000000000000, -1.000000000000000000 ) ) ;
#999 = EDGE_LOOP ( 'NONE', ( #2341, #1149, #3100, #579 ) ) ;
#1000 = FACE_OUTER_BOUND ( 'NONE', #1540, .T. ) ;
#1001 = DIRECTION ( 'NONE',  ( 1.734723475976805122E-16, -1.000000000000000000, -0.000000000000000000 ) ) ;
#1002 = EDGE_CURVE ( 'NONE', #322, #1010, #3912, .T. ) ;
#1003 = CARTESIAN_POINT ( 'NONE',  ( -9.308218672459441123, 8.000000000000000000, 7.364542852136950479 ) ) ;
#1004 = CARTESIAN_POINT ( 'NONE',  ( -14.16547528137321876, 5.444616934453040180, 3.652192692028810139 ) ) ;
#1005 = EDGE_LOOP ( 'NONE', ( #4355, #3251, #1384, #3372 ) ) ;
#1006 = CARTESIAN_POINT ( 'NONE',  ( 35.04392438740640614, 13.73103138366759879, 9.500000000000000000 ) ) ;
#1007 = CIRCLE ( 'NONE', #2360, 0.7500000000000001110 ) ;
#1008 = CARTESIAN_POINT ( 'NONE',  ( 9.321618092420244750, 7.473676911167462578, 5.663153828140480961 ) ) ;
#1009 = VECTOR ( 'NONE', #868, 1000.000000000000114 ) ;
#1010 = VERTEX_POINT ( 'NONE', #3797 ) ;
#1011 = AXIS2_PLACEMENT_3D ( 'NONE', #63, #1338, #2693 ) ;
#1012 = DIRECTION ( 'NONE',  ( 0.000000000000000000, 0.000000000000000000, -1.000000000000000000 ) ) ;
#1013 = CARTESIAN_POINT ( 'NONE',  ( 16.64228890794486304, 4.770833452224593429, -2.978409209800368718 ) ) ;
#1014 = CARTESIAN_POINT ( 'NONE',  ( -20.54534097282319749, 8.000000000000000000, 7.417490420020319775 ) ) ;
#1015 = VECTOR ( 'NONE', #2876, 1000.000000000000000 ) ;
#1016 = CONICAL_SURFACE ( 'NONE', #3986, 8.750000000000000000, 0.7853981633974476129 ) ;
#1017 = CARTESIAN_POINT ( 'NONE',  ( 61.00000000000000000, -16.50000000000000000, 7.500000000000000000 ) ) ;
#1018 = VERTEX_POINT ( 'NONE', #434 ) ;
#1019 = CIRCLE ( 'NONE', #315, 0.7500000000000001110 ) ;
#1020 = DIRECTION ( 'NONE',  ( 0.000000000000000000, 0.000000000000000000, 1.000000000000000000 ) ) ;
#1021 = CARTESIAN_POINT ( 'NONE',  ( -5.136477540158946198, 6.968674822612449304, -4.826742511490722976 ) ) ;
#1022 = CARTESIAN_POINT ( 'NONE',  ( -13.79099855624837012, 5.317019903689429228, -3.111503971218754661 ) ) ;
#1023 = AXIS2_PLACEMENT_3D ( 'NONE', #2661, #905, #2678 ) ;
#1024 = VERTEX_POINT ( 'NONE', #1787 ) ;
#1025 = CARTESIAN_POINT ( 'NONE',  ( -15.76200707051774863, 5.546667790895010164, 2.693583376690960041 ) ) ;
#1026 = ORIENTED_EDGE ( 'NONE', *, *, #865, .F. ) ;
#1027 = VECTOR ( 'NONE', #3770, 1000.000000000000000 ) ;
#1028 = CARTESIAN_POINT ( 'NONE',  ( 4.927464170971193269, 7.150387592798673531, -5.357856219573045031 ) ) ;
#1029 = CC_DESIGN_SECURITY_CLASSIFICATION ( #3515, ( #326 ) ) ;
#1030 = EDGE_CURVE ( 'NONE', #952, #746, #2845, .T. ) ;
#1031 = AXIS2_PLACEMENT_3D ( 'NONE', #2116, #2820, #123 ) ;
#1032 = DIRECTION ( 'NONE',  ( 0.000000000000000000, 0.000000000000000000, -1.000000000000000000 ) ) ;
#1033 = CC_DESIGN_APPROVAL ( #2639, ( #326 ) ) ;
#1034 = FACE_OUTER_BOUND ( 'NONE', #2015, .T. ) ;
#1035 = ORIENTED_EDGE ( 'NONE', *, *, #1502, .F. ) ;
#1036 = CARTESIAN_POINT ( 'NONE',  ( 61.00000000000000000, -0.2499999999999880373, -7.500000000000000000 ) ) ;
#1037 = VERTEX_POINT ( 'NONE', #2123 ) ;
#1038 = ADVANCED_FACE ( 'NONE', ( #4194 ), #3514, .F. ) ;
#1039 = DIRECTION ( 'NONE',  ( 0.8462062767335206681, -0.5328554562137768347, 0.000000000000000000 ) ) ;
#1040 = CARTESIAN_POINT ( 'NONE',  ( 16.94283438546932885, 4.983828857259243073, -2.843961502271877606 ) ) ;
#1041 = DIRECTION ( 'NONE',  ( 0.000000000000000000, 0.000000000000000000, -1.000000000000000000 ) ) ;
#1042 = EDGE_CURVE ( 'NONE', #3740, #338, #3555, .T. ) ;
#1043 = DIRECTION ( 'NONE',  ( 1.000000000000000000, 0.000000000000000000, 0.000000000000000000 ) ) ;
#1044 = ORIENTED_EDGE ( 'NONE', *, *, #1417, .T. ) ;
#1045 = DIRECTION ( 'NONE',  ( 0.000000000000000000, 0.000000000000000000, -1.000000000000000000 ) ) ;
#1046 = CARTESIAN_POINT ( 'NONE',  ( 2.380490577806910313, 5.466362897138109744, -3.198866703806725109 ) ) ;
#1047 = CARTESIAN_POINT ( 'NONE',  ( 24.22566654420050014, 8.000000000000000000, 5.896915585795940551 ) ) ;
#1048 = VERTEX_POINT ( 'NONE', #104 ) ;
#1049 = CARTESIAN_POINT ( 'NONE',  ( 46.86862166275950159, -8.051166769765600861, 21.63137833724049841 ) ) ;
#1050 = EDGE_LOOP ( 'NONE', ( #4058, #4171 ) ) ;
#1051 = CARTESIAN_POINT ( 'NONE',  ( -6.929127942527859574, 8.000000000000000000, 7.346782657462599175 ) ) ;
#1052 = CARTESIAN_POINT ( 'NONE',  ( 7.986678585852459378, 7.546666666666720147, -5.726677419057860874 ) ) ;
#1053 = EDGE_CURVE ( 'NONE', #1398, #3740, #782, .T. ) ;
#1054 = CARTESIAN_POINT ( 'NONE',  ( -8.267587762288565401, 8.000000000000001776, 6.454733606426827031 ) ) ;
#1055 = CARTESIAN_POINT ( 'NONE',  ( -15.42850185749674985, 5.016337705008280246, 3.223913462584055090 ) ) ;
#1056 = ADVANCED_FACE ( 'NONE', ( #2477 ), #4010, .F. ) ;
#1057 = ORIENTED_EDGE ( 'NONE', *, *, #3246, .F. ) ;
#1058 = CARTESIAN_POINT ( 'NONE',  ( 6.929115851204699972, 8.000000000000000000, 7.346504454359349623 ) ) ;
#1059 = CARTESIAN_POINT ( 'NONE',  ( 4.815532678565140223, 7.121320343559640165, 5.328896101135399910 ) ) ;
#1060 = ORIENTED_EDGE ( 'NONE', *, *, #309, .F. ) ;
#1061 = EDGE_CURVE ( 'NONE', #3207, #2110, #1804, .T. ) ;
#1062 = CARTESIAN_POINT ( 'NONE',  ( -19.73661185555179642, 7.121320343559640165, 5.328896101135399910 ) ) ;
#1063 = CARTESIAN_POINT ( 'NONE',  ( -29.92636144974730072, 8.000000000000000000, 7.750000000000000000 ) ) ;
#1064 = CARTESIAN_POINT ( 'NONE',  ( 24.22566654420050014, 8.000000000000000000, 5.896915585795940551 ) ) ;
#1065 = CARTESIAN_POINT ( 'NONE',  ( -16.56861448714694873, 5.103734120477839475, -3.311309878053615208 ) ) ;
#1066 = ORIENTED_EDGE ( 'NONE', *, *, #3551, .T. ) ;
#1067 = CARTESIAN_POINT ( 'NONE',  ( -2.380490577806910313, 5.466362897138109744, -3.198866703806725109 ) ) ;
#1068 = DIRECTION ( 'NONE',  ( 1.000000000000000000, 0.000000000000000000, 0.000000000000000000 ) ) ;
#1069 = B_SPLINE_CURVE_WITH_KNOTS ( 'NONE', 3,
 ( #4252, #2572, #3918, #2249, #3675, #1284, #4007, #3321, #1999, #968, #2022, #2066, #2726, #3982, #988, #4075, #2352, #1040, #25, #3365, #4047, #2702, #683, #2636, #3406, #2332 ),
 .UNSPECIFIED., .F., .F.,
 ( 4, 2, 2, 1, 1, 2, 2, 2, 2, 2, 1, 1, 2, 2, 4 ),
 ( 0.000000000000000000, 0.1249999999999936162, 0.1874999999999907851, 0.2187499999999893141, 0.2343749999999885925, 0.2421874999999881206, 0.2499999999999876765, 0.4999999999999722444, 0.6249999999999635847, 0.6874999999999592548, 0.7187499999999578115, 0.7343749999999572564, 0.7421874999999577005, 0.7499999999999580336, 1.000000000000000000 ),
 .UNSPECIFIED. ) ;
#1070 =( BOUNDED_SURFACE ( )  B_SPLINE_SURFACE ( 3, 2, ( 
 ( #2590, #3124, #3938 ),
 ( #2093, #3505, #1827 ),
 ( #3436, #408, #143 ),
 ( #1441, #2136, #3172 ),
 ( #1761, #3104, #449 ),
 ( #96, #2797, #4148 ) ),
 .UNSPECIFIED., .F., .F., .F. ) 
 B_SPLINE_SURFACE_WITH_KNOTS ( ( 4, 2, 4 ),
 ( 3, 3 ),
 ( 0.000000000000000000, 0.3618187915800799570, 0.7236375831601600250 ),
 ( 0.000000000000000000, 1.000000000000000000 ),
 .UNSPECIFIED. ) 
 GEOMETRIC_REPRESENTATION_ITEM ( )  RATIONAL_B_SPLINE_SURFACE ( (
 ( 1.000000000000000000, 0.9238795325112859613, 1.000000000000000000),
 ( 1.000000000000000000, 0.9238860646826019263, 1.000000000000000000),
 ( 1.000000000000000000, 0.9196873301655790200, 1.000000000000000000),
 ( 1.000000000000000000, 0.9031263429144559263, 1.000000000000000000),
 ( 1.000000000000000000, 0.8907635845714479972, 1.000000000000000000),
 ( 1.000000000000000000, 0.8746163082023989954, 1.000000000000000000) ) ) 
 REPRESENTATION_ITEM ( '' )  SURFACE ( )  );
#1071 = ORIENTED_EDGE ( 'NONE', *, *, #1030, .T. ) ;
#1072 = DIRECTION ( 'NONE',  ( -1.000000000000000000, 0.000000000000000000, 0.000000000000000000 ) ) ;
#1073 = ORIENTED_EDGE ( 'NONE', *, *, #3349, .T. ) ;
#1074 = CARTESIAN_POINT ( 'NONE',  ( 17.78807915201425160, 5.783166991651959243, 3.990742749227725206 ) ) ;
#1075 = DIRECTION ( 'NONE',  ( 0.000000000000000000, 0.000000000000000000, 1.000000000000000000 ) ) ;
#1076 = CARTESIAN_POINT ( 'NONE',  ( 11.15782449313975988, 7.121320343559640165, 5.328896101135399910 ) ) ;
#1077 = CARTESIAN_POINT ( 'NONE',  ( -14.26801884107119633, 5.078360727132525732, 3.285936484708224636 ) ) ;
#1078 = VERTEX_POINT ( 'NONE', #3967 ) ;
#1079 = CARTESIAN_POINT ( 'NONE',  ( -24.26788094920314975, 8.219578270176089774, 6.427154027751850407 ) ) ;
#1080 = CARTESIAN_POINT ( 'NONE',  ( -22.18589982992186194, 7.808341395403370022, -5.900141404667899714 ) ) ;
#1081 = ORIENTED_EDGE ( 'NONE', *, *, #84, .T. ) ;
#1082 = ADVANCED_FACE ( 'NONE', ( #3992 ), #1558, .T. ) ;
#1083 = AXIS2_PLACEMENT_3D ( 'NONE', #1406, #2762, #3021 ) ;
#1084 = DIRECTION ( 'NONE',  ( 0.000000000000000000, 0.000000000000000000, -1.000000000000000000 ) ) ;
#1085 = LINE ( 'NONE', #1507, #2304 ) ;
#1086 = AXIS2_PLACEMENT_3D ( 'NONE', #1437, #1463, #424 ) ;
#1087 = CARTESIAN_POINT ( 'NONE',  ( -15.45778363513309905, 4.783732782261090222, -2.683194629599234826 ) ) ;
#1088 = CARTESIAN_POINT ( 'NONE',  ( -4.346310645270426321, 6.662540745907029383, 4.494870392313495167 ) ) ;
#1089 = DIRECTION ( 'NONE',  ( 0.000000000000000000, 0.000000000000000000, -1.000000000000000000 ) ) ;
#1090 = AXIS2_PLACEMENT_3D ( 'NONE', #4033, #3348, #1716 ) ;
#1091 = CARTESIAN_POINT ( 'NONE',  ( -21.74713416105045383, 7.720282004474769977, 5.845762897323160345 ) ) ;
#1092 = CIRCLE ( 'NONE', #2647, 3.000000000000000000 ) ;
#1093 = VECTOR ( 'NONE', #467, 1000.000000000000000 ) ;
#1094 = EDGE_CURVE ( 'NONE', #1350, #3207, #2321, .T. ) ;
#1095 = EDGE_LOOP ( 'NONE', ( #2872, #872, #2354 ) ) ;
#1096 = CARTESIAN_POINT ( 'NONE',  ( -13.44451100527151866, 5.582546102277270883, 3.324761233076709566 ) ) ;
#1097 = CARTESIAN_POINT ( 'NONE',  ( -36.10963529983394693, 15.42344393713465145, 7.500000000000000000 ) ) ;
#1098 = CARTESIAN_POINT ( 'NONE',  ( 10.10018700300950023, 8.000000000000000000, -7.417823419983469613 ) ) ;
#1099 = AXIS2_PLACEMENT_3D ( 'NONE', #2934, #213, #3289 ) ;
#1100 = CARTESIAN_POINT ( 'NONE',  ( -22.17058944486910121, 7.121320343559640165, 5.328896101135399910 ) ) ;
#1101 = CARTESIAN_POINT ( 'NONE',  ( 22.00322072594318357, 7.792094589547774675, -5.999670347122995295 ) ) ;
#1102 = ORIENTED_EDGE ( 'NONE', *, *, #1252, .F. ) ;
#1103 = CARTESIAN_POINT ( 'NONE',  ( 4.815532678565140223, 8.000000000000000000, 7.450216444695049844 ) ) ;
#1104 =( BOUNDED_CURVE ( )  B_SPLINE_CURVE ( 3, ( #3444, #2057, #1699, #3111 ),
 .UNSPECIFIED., .F., .F. ) 
 B_SPLINE_CURVE_WITH_KNOTS ( ( 4, 4 ),
 ( 0.000000000000000000, 0.7236375831601610242 ),
 .UNSPECIFIED. ) 
 CURVE ( )  GEOMETRIC_REPRESENTATION_ITEM ( )  RATIONAL_B_SPLINE_CURVE ( ( 1.000000000000000000, 0.9568363750983909233, 0.9568363750983909233, 1.000000000000000000 ) ) 
 REPRESENTATION_ITEM ( '' )  );
#1105 = CARTESIAN_POINT ( 'NONE',  ( -51.00000000000000711, -16.50000000000001776, 0.000000000000000000 ) ) ;
#1106 = ORIENTED_EDGE ( 'NONE', *, *, #2497, .F. ) ;
#1107 = CONICAL_SURFACE ( 'NONE', #3930, 8.750000000000000000, 0.7853981633974476129 ) ;
#1108 = CARTESIAN_POINT ( 'NONE',  ( -5.749767344201329955, 7.344568592026640808, -5.545665746337419932 ) ) ;
#1109 = FACE_OUTER_BOUND ( 'NONE', #634, .T. ) ;
#1110 = DIRECTION ( 'NONE',  ( -0.3767857064810110068, -0.5983581965608899544, -0.7071067811865510144 ) ) ;
#1111 = B_SPLINE_CURVE_WITH_KNOTS ( 'NONE', 3,
 ( #3802, #769, #1458, #790, #3492, #1754, #4160, #1080, #4112, #1128, #2438, #464, #47, #3229, #3521, #1889, #835, #3185, #3846, #1503, #2503, #2152, #3141, #4202, #815, #1461, #200, #486, #114, #2216, #1821, #2484, #2465, #2180, #2894, #3826, #2526, #4244, #3870, #1864 ),
 .UNSPECIFIED., .F., .F.,
 ( 4, 2, 2, 2, 1, 1, 2, 2, 2, 1, 1, 2, 2, 2, 1, 2, 2, 1, 1, 1, 1, 1, 2, 2, 4 ),
 ( 0.000000000000000000, 0.2500000000000117684, 0.3750000000000187628, 0.4375000000000223155, 0.4687500000000231482, 0.4843750000000226485, 0.4921875000000224265, 0.5000000000000222045, 0.6250000000000177636, 0.6875000000000155431, 0.7187500000000135447, 0.7343750000000134337, 0.7500000000000134337, 0.8125000000000159872, 0.8437500000000172085, 0.8593750000000167644, 0.8750000000000164313, 0.9062500000000155431, 0.9218750000000149880, 0.9296875000000146549, 0.9335937500000156541, 0.9355468750000160982, 0.9365234375000163203, 0.9375000000000165423, 1.000000000000000000 ),
 .UNSPECIFIED. ) ;
#1112 = DIRECTION ( 'NONE',  ( 0.000000000000000000, 0.000000000000000000, -1.000000000000000000 ) ) ;
#1113 = CARTESIAN_POINT ( 'NONE',  ( 18.28466544649865000, 5.751445432112169520, 3.460412663337814720 ) ) ;
#1114 = EDGE_CURVE ( 'NONE', #2631, #2339, #378, .T. ) ;
#1115 = CARTESIAN_POINT ( 'NONE',  ( 7.986678585852430068, 7.433333333333334458, -5.640909090909097756 ) ) ;
#1116 = CARTESIAN_POINT ( 'NONE',  ( -46.60000000000000142, 8.817669172932321331, 5.388445916248358943E-16 ) ) ;
#1117 = EDGE_LOOP ( 'NONE', ( #1994, #1081, #3115, #3234, #419, #559 ) ) ;
#1118 = CARTESIAN_POINT ( 'NONE',  ( -5.828001897626394978, 7.229603162243826375, 5.437178919818603795 ) ) ;
#1119 = CARTESIAN_POINT ( 'NONE',  ( -15.35052039465279528, 4.796667790894998618, 2.693583376690958708 ) ) ;
#1120 = PERSON_AND_ORGANIZATION ( #635, #2222 ) ;
#1121 = CARTESIAN_POINT ( 'NONE',  ( -8.514837549180333198, 7.539736972728086073, -5.720742206955297782 ) ) ;
#1122 = ADVANCED_BREP_SHAPE_REPRESENTATION ( 'CNC Mill Door Handle', ( #2882, #3486 ), #4124 ) ;
#1123 = EDGE_CURVE ( 'NONE', #937, #900, #1232, .T. ) ;
#1124 = LINE ( 'NONE', #3160, #1165 ) ;
#1125 = CARTESIAN_POINT ( 'NONE',  ( 20.88795180428251896, 7.502760852470399477, 5.680522812107082764 ) ) ;
#1126 = VERTEX_POINT ( 'NONE', #3058 ) ;
#1127 = CARTESIAN_POINT ( 'NONE',  ( 1.897957668407658893, 5.110505561713718059, 3.318081319289928999 ) ) ;
#1128 = CARTESIAN_POINT ( 'NONE',  ( -22.00757312653002629, 7.774373416947359061, -5.880332197039237485 ) ) ;
#1129 = VERTEX_POINT ( 'NONE', #1333 ) ;
#1130 = DIRECTION ( 'NONE',  ( 0.000000000000000000, 0.000000000000000000, -1.000000000000000000 ) ) ;
#1131 = CARTESIAN_POINT ( 'NONE',  ( 15.51767013816230012, 5.005948957913300745, -3.213524715489070260 ) ) ;
#1132 =( BOUNDED_SURFACE ( )  B_SPLINE_SURFACE ( 3, 2, ( 
 ( #594, #3915, #1554 ),
 ( #1196, #3210, #3959 ),
 ( #3233, #510, #4249 ),
 ( #1917, #924, #3629 ),
 ( #2267, #1895, #3545 ),
 ( #204, #3254, #4293 ) ),
 .UNSPECIFIED., .F., .F., .F. ) 
 B_SPLINE_SURFACE_WITH_KNOTS ( ( 4, 2, 4 ),
 ( 3, 3 ),
 ( 2.417955070429635089, 2.781944774759194772, 3.145934479088754898 ),
 ( 0.000000000000000000, 1.000000000000000000 ),
 .UNSPECIFIED. ) 
 GEOMETRIC_REPRESENTATION_ITEM ( )  RATIONAL_B_SPLINE_SURFACE ( (
 ( 1.000000000000000000, 0.8746163082023999946, 1.000000000000000000),
 ( 1.000000000000000000, 0.8908605936897869837, 1.000000000000000000),
 ( 1.000000000000000000, 0.9032744197256570295, 1.000000000000000000),
 ( 1.000000000000000000, 0.9198364717362459420, 1.000000000000000000),
 ( 1.000000000000000000, 0.9239852149869709486, 1.000000000000000000),
 ( 1.000000000000000000, 0.9238777289780890634, 1.000000000000000000) ) ) 
 REPRESENTATION_ITEM ( '' )  SURFACE ( )  );
#1133 = CARTESIAN_POINT ( 'NONE',  ( 1.649260951033785227, 5.004996048297123856, 2.828431093774875116 ) ) ;
#1134 = DIRECTION ( 'NONE',  ( -1.000000000000000000, 0.000000000000000000, 0.000000000000000000 ) ) ;
#1135 = CARTESIAN_POINT ( 'NONE',  ( -14.18497949102959943, 5.110903497785499461, -2.945961660965234596 ) ) ;
#1136 = CARTESIAN_POINT ( 'NONE',  ( -10.88980222442997459, 6.950715381969127193, 4.807290654758847204 ) ) ;
#1137 = CARTESIAN_POINT ( 'NONE',  ( -16.91922755429962066, 4.975853231968748069, 2.837530693579632057 ) ) ;
#1138 = CARTESIAN_POINT ( 'NONE',  ( -17.78807915201425160, 5.783166991651950362, 3.990742749227725206 ) ) ;
#1139 = ORIENTED_EDGE ( 'NONE', *, *, #406, .T. ) ;
#1140 = CARTESIAN_POINT ( 'NONE',  ( -10.03933296766929928, 7.494642245583349904, 5.702218003159110538 ) ) ;
#1141 = CARTESIAN_POINT ( 'NONE',  ( -14.34836294700219206, 5.068265932288182896, 2.911753320097339781 ) ) ;
#1142 = EDGE_CURVE ( 'NONE', #1269, #3923, #994, .T. ) ;
#1143 = DIRECTION ( 'NONE',  ( -1.000000000000000000, 0.000000000000000000, 0.000000000000000000 ) ) ;
#1144 = EDGE_CURVE ( 'NONE', #900, #112, #2708, .T. ) ;
#1145 = CARTESIAN_POINT ( 'NONE',  ( -22.49717577797179757, 8.000000000000000000, -6.925391810297369055 ) ) ;
#1146 = DIRECTION ( 'NONE',  ( -1.000000000000000000, 0.000000000000000000, 0.000000000000000000 ) ) ;
#1147 = ORIENTED_EDGE ( 'NONE', *, *, #1559, .T. ) ;
#1148 = CARTESIAN_POINT ( 'NONE',  ( 3.898568224910087476, 6.516097447716243884, 4.723673205292501898 ) ) ;
#1149 = ORIENTED_EDGE ( 'NONE', *, *, #2688, .F. ) ;
#1150 = CARTESIAN_POINT ( 'NONE',  ( 41.00000000000000000, -1.565167132207969880, -7.750000000000000000 ) ) ;
#1151 = CARTESIAN_POINT ( 'NONE',  ( 17.80125553170311292, 5.358898464937611905, -3.566474222512482584 ) ) ;
#1152 = ORIENTED_EDGE ( 'NONE', *, *, #2440, .F. ) ;
#1153 = FACE_BOUND ( 'NONE', #677, .T. ) ;
#1154 = DIRECTION ( 'NONE',  ( 1.000000000000000000, 0.000000000000000000, 0.000000000000000000 ) ) ;
#1155 = DIRECTION ( 'NONE',  ( 0.000000000000000000, 0.000000000000000000, -1.000000000000000000 ) ) ;
#1156 = CARTESIAN_POINT ( 'NONE',  ( 46.60000000000000142, -8.500000000000000000, 0.000000000000000000 ) ) ;
#1157 = DIRECTION ( 'NONE',  ( 1.000000000000000000, 0.000000000000000000, 0.000000000000000000 ) ) ;
#1158 = CIRCLE ( 'NONE', #1729, 2.649999999999999467 ) ;
#1159 = ORIENTED_EDGE ( 'NONE', *, *, #1257, .F. ) ;
#1160 = AXIS2_PLACEMENT_3D ( 'NONE', #2578, #2051, #30 ) ;
#1161 = CARTESIAN_POINT ( 'NONE',  ( -2.213804348269567512, 5.332976929045305070, 3.540552686621083467 ) ) ;
#1162 = CARTESIAN_POINT ( 'NONE',  ( -8.232128638957146194, 7.546955631661051100, 5.726941610692739992 ) ) ;
#1163 =( NAMED_UNIT ( * ) SI_UNIT ( $, .STERADIAN. ) SOLID_ANGLE_UNIT ( ) );
#1164 = CARTESIAN_POINT ( 'NONE',  ( 11.15782449313975988, 8.000000000000000000, -7.450216444695049844 ) ) ;
#1165 = VECTOR ( 'NONE', #482, 999.9999999999998863 ) ;
#1166 = DIRECTION ( 'NONE',  ( 1.734723475976804876E-16, -1.000000000000000000, 0.000000000000000000 ) ) ;
#1167 = CARTESIAN_POINT ( 'NONE',  ( -13.06973038996693681, 6.284326686841893661, -4.491902444417664064 ) ) ;
#1168 = ORIENTED_EDGE ( 'NONE', *, *, #393, .T. ) ;
#1169 = AXIS2_PLACEMENT_3D ( 'NONE', #1685, #2288, #3654 ) ;
#1170 = CARTESIAN_POINT ( 'NONE',  ( 13.60850995846106493, 5.456867651521887019, 3.664443409097661419 ) ) ;
#1171 = ADVANCED_FACE ( 'NONE', ( #3749 ), #2085, .F. ) ;
#1172 = AXIS2_PLACEMENT_3D ( 'NONE', #1985, #1610, #3965 ) ;
#1173 = CARTESIAN_POINT ( 'NONE',  ( -1.539866014206906719, 4.931068280701382811, 3.138644038277480064 ) ) ;
#1174 = DIRECTION ( 'NONE',  ( 0.000000000000000000, 0.000000000000000000, 1.000000000000000000 ) ) ;
#1175 = ORIENTED_EDGE ( 'NONE', *, *, #2748, .T. ) ;
#1176 = LINE ( 'NONE', #2612, #3066 ) ;
#1177 = AXIS2_PLACEMENT_3D ( 'NONE', #2885, #55, #731 ) ;
#1178 = CARTESIAN_POINT ( 'NONE',  ( -1.672220780479287683, 5.016203689669882948, -2.837420641127270216 ) ) ;
#1179 = ADVANCED_FACE ( 'NONE', ( #4055 ), #1693, .F. ) ;
#1180 = CARTESIAN_POINT ( 'NONE',  ( -9.046349165382730817, 7.653003247442970114, -5.860579005018720089 ) ) ;
#1181 = CARTESIAN_POINT ( 'NONE',  ( -2.045805535745695014, 5.198540603326399889, -2.983765333974710110 ) ) ;
#1182 = FACE_OUTER_BOUND ( 'NONE', #2369, .T. ) ;
#1183 = ORIENTED_EDGE ( 'NONE', *, *, #2261, .T. ) ;
#1184 = CARTESIAN_POINT ( 'NONE',  ( 20.07312327423393583, 8.000000000000000000, -6.297707775911328021 ) ) ;
#1185 = CARTESIAN_POINT ( 'NONE',  ( -4.835456043585095287, 7.126555005692694067, 5.334126954927623565 ) ) ;
#1186 = CARTESIAN_POINT ( 'NONE',  ( -2.380490577806910313, 5.466362897138109744, 3.198866703806725109 ) ) ;
#1187 = CARTESIAN_POINT ( 'NONE',  ( 51.00000000000000711, -16.49999999999999645, 0.000000000000000000 ) ) ;
#1188 = DIRECTION ( 'NONE',  ( 1.000000000000000000, 0.000000000000000000, 0.000000000000000000 ) ) ;
#1189 = ORIENTED_EDGE ( 'NONE', *, *, #2924, .F. ) ;
#1190 = ADVANCED_FACE ( 'NONE', ( #3438 ), #690, .F. ) ;
#1191 = CARTESIAN_POINT ( 'NONE',  ( 5.907424703749589945, 7.245461646611039974, 5.126673733415000100 ) ) ;
#1192 = CARTESIAN_POINT ( 'NONE',  ( 0.000000000000000000, 4.850820973281339654, 3.058396730857119827 ) ) ;
#1193 = CARTESIAN_POINT ( 'NONE',  ( 18.28466544649865000, 5.751445432112169520, -3.460412663337814720 ) ) ;
#1194 = EDGE_LOOP ( 'NONE', ( #1344, #1208, #4366, #3509 ) ) ;
#1195 = CARTESIAN_POINT ( 'NONE',  ( 31.94671434340985172, 8.000000000000000000, -6.207575757575760633 ) ) ;
#1196 = CARTESIAN_POINT ( 'NONE',  ( 19.10085412275510208, 6.472567972430449679, 4.241811167969109952 ) ) ;
#1197 = ADVANCED_FACE ( 'NONE', ( #2734 ), #1661, .T. ) ;
#1198 = EDGE_LOOP ( 'NONE', ( #1844, #1990, #3097, #4191 ) ) ;
#1199 = CARTESIAN_POINT ( 'NONE',  ( -13.60850995846104183, 5.456867651521887019, -3.664443409097668081 ) ) ;
#1200 = CARTESIAN_POINT ( 'NONE',  ( -2.213804348269561295, 5.332976929045294412, -3.540552686621071921 ) ) ;
#1201 = EDGE_LOOP ( 'NONE', ( #2091, #374, #353, #1044 ) ) ;
#1202 = CARTESIAN_POINT ( 'NONE',  ( 0.000000000000000000, 4.850820973281339654, 3.058396730857119827 ) ) ;
#1203 = CARTESIAN_POINT ( 'NONE',  ( -23.39519459532909806, 8.000000000000000000, -6.470510021819300128 ) ) ;
#1204 = SECURITY_CLASSIFICATION_LEVEL ( 'unclassified' ) ;
#1205 = CARTESIAN_POINT ( 'NONE',  ( -17.67566832995941795, 5.310421958594107039, -3.106343434839109463 ) ) ;
#1206 = APPROVAL ( #3197, 'UNSPECIFIED' ) ;
#1207 = CARTESIAN_POINT ( 'NONE',  ( 24.22566654420050014, 8.000000000000000000, 5.896915585795940551 ) ) ;
#1208 = ORIENTED_EDGE ( 'NONE', *, *, #520, .F. ) ;
#1209 = CARTESIAN_POINT ( 'NONE',  ( 34.00000000000000000, -1.565167132207974987, -9.500000000000000000 ) ) ;
#1210 = CARTESIAN_POINT ( 'NONE',  ( 17.78807915201425160, 5.783166991651959243, -3.990742749227725206 ) ) ;
#1211 = ORIENTED_EDGE ( 'NONE', *, *, #2892, .T. ) ;
#1212 = CARTESIAN_POINT ( 'NONE',  ( -4.837271211696617002, 6.862470277446712785, 4.711667071512981586 ) ) ;
#1213 = DIRECTION ( 'NONE',  ( 1.000000000000000000, 0.000000000000000000, 0.000000000000000000 ) ) ;
#1214 = CARTESIAN_POINT ( 'NONE',  ( -2.380490577806910313, 5.466362897138109744, -3.198866703806725109 ) ) ;
#1215 = EDGE_CURVE ( 'NONE', #2415, #2583, #11, .T. ) ;
#1216 = CARTESIAN_POINT ( 'NONE',  ( 4.958419214172629097, 6.906933913033715733, -4.759847268505899898 ) ) ;
#1217 = CARTESIAN_POINT ( 'NONE',  ( 1.643072086961845146, 5.306506999869930574, -3.514082757445704974 ) ) ;
#1218 = CARTESIAN_POINT ( 'NONE',  ( 16.68089637127739877, 4.880692514194430842, 2.761067800128280236 ) ) ;
#1219 = EDGE_CURVE ( 'NONE', #2171, #2566, #3017, .T. ) ;
#1220 = ORIENTED_EDGE ( 'NONE', *, *, #2047, .F. ) ;
#1221 = CARTESIAN_POINT ( 'NONE',  ( 7.457155904481319375, 8.000000000000000000, -7.312391418772339335 ) ) ;
#1222 = CARTESIAN_POINT ( 'NONE',  ( -10.35225964783562524, 7.307954519387439341, 5.510406301930820483 ) ) ;
#1223 = B_SPLINE_CURVE_WITH_KNOTS ( 'NONE', 3,
 ( #1096, #2517, #4173, #2455, #3130, #4154, #1141, #3196, #3795, #4129, #1119, #2476 ),
 .UNSPECIFIED., .F., .F.,
 ( 4, 2, 2, 2, 2, 4 ),
 ( 0.000000000000000000, 0.2499999999999961697, 0.3749999999999943379, 0.4374999999999943379, 0.4999999999999943379, 1.000000000000000000 ),
 .UNSPECIFIED. ) ;
#1224 = CALENDAR_DATE ( 2025, 10, 10 ) ;
#1225 = CARTESIAN_POINT ( 'NONE',  ( -3.927032804353966622, 6.532577044347140038, -4.740152801922897119 ) ) ;
#1226 = ADVANCED_FACE ( 'NONE', ( #1671 ), #663, .F. ) ;
#1227 = AXIS2_PLACEMENT_3D ( 'NONE', #4032, #3057, #709 ) ;
#1228 = CARTESIAN_POINT ( 'NONE',  ( -23.29707818994249990, 7.967053106667010276, -5.959311361300430931 ) ) ;
#1229 = CARTESIAN_POINT ( 'NONE',  ( 20.64662918290268223, 7.431369522366090052, -5.619868733657822801 ) ) ;
#1230 = ORIENTED_EDGE ( 'NONE', *, *, #2396, .T. ) ;
#1231 = CARTESIAN_POINT ( 'NONE',  ( 24.14695974122010114, 8.000000000000000000, 5.959150581462160368 ) ) ;
#1232 = CIRCLE ( 'NONE', #526, 2.649999999999999467 ) ;
#1233 = CARTESIAN_POINT ( 'NONE',  ( 13.61053043287138031, 21.61433489638084993, -9.500000000000000000 ) ) ;
#1234 = VECTOR ( 'NONE', #1594, 1000.000000000000000 ) ;
#1235 = DIRECTION ( 'NONE',  ( 1.000000000000000000, 0.000000000000000000, 0.000000000000000000 ) ) ;
#1236 = ORIENTED_EDGE ( 'NONE', *, *, #2900, .T. ) ;
#1237 = FACE_OUTER_BOUND ( 'NONE', #659, .T. ) ;
#1238 = LINE ( 'NONE', #222, #1299 ) ;
#1239 = CARTESIAN_POINT ( 'NONE',  ( -1.532426071967918579, 4.952542161690298705, -2.786245229407378954 ) ) ;
#1240 = AXIS2_PLACEMENT_3D ( 'NONE', #1283, #2988, #291 ) ;
#1241 =( BOUNDED_CURVE ( )  B_SPLINE_CURVE ( 3, ( #2756, #3747, #4100, #3345 ),
 .UNSPECIFIED., .F., .T. ) 
 B_SPLINE_CURVE_WITH_KNOTS ( ( 4, 4 ),
 ( 5.608309086468270088, 5.950950027300089928 ),
 .UNSPECIFIED. ) 
 CURVE ( )  GEOMETRIC_REPRESENTATION_ITEM ( )  RATIONAL_B_SPLINE_CURVE ( ( 1.000000000000000000, 0.9902403382894759964, 0.9902403382894759964, 1.000000000000000000 ) ) 
 REPRESENTATION_ITEM ( '' )  );
#1242 = CARTESIAN_POINT ( 'NONE',  ( 32.37964710633750087, 14.50000000000000000, -9.500000000000000000 ) ) ;
#1243 = VECTOR ( 'NONE', #3729, 1000.000000000000000 ) ;
#1244 = CARTESIAN_POINT ( 'NONE',  ( -41.00000000000000000, -16.50000000000000000, 7.750000000000000000 ) ) ;
#1245 = CARTESIAN_POINT ( 'NONE',  ( 17.54041375390130142, 5.206003300220990226, 3.022341029850425187 ) ) ;
#1246 = AXIS2_PLACEMENT_3D ( 'NONE', #4052, #2732, #1714 ) ;
#1247 = EDGE_CURVE ( 'NONE', #4231, #2723, #1741, .T. ) ;
#1248 = ORIENTED_EDGE ( 'NONE', *, *, #1219, .T. ) ;
#1249 = CARTESIAN_POINT ( 'NONE',  ( 19.03422362316011984, 6.755723374086984201, -4.963299131662757269 ) ) ;
#1250 = CARTESIAN_POINT ( 'NONE',  ( -11.07800356378209017, 7.142112394735171677, 5.349627421277300954 ) ) ;
#1251 = CARTESIAN_POINT ( 'NONE',  ( 22.17058944486919714, 8.000000000000000000, 7.450216444695049844 ) ) ;
#1252 = EDGE_CURVE ( 'NONE', #87, #530, #2908, .T. ) ;
#1253 = CARTESIAN_POINT ( 'NONE',  ( -21.69597640430312069, 7.637094411645080072, -5.503475271552990655 ) ) ;
#1254 = CARTESIAN_POINT ( 'NONE',  ( 21.86480712621653666, 7.745301474133797548, -5.862116162807891939 ) ) ;
#1255 = ORIENTED_EDGE ( 'NONE', *, *, #917, .T. ) ;
#1256 = DIRECTION ( 'NONE',  ( 0.000000000000000000, 0.000000000000000000, 1.000000000000000000 ) ) ;
#1257 = EDGE_CURVE ( 'NONE', #1280, #2626, #976, .T. ) ;
#1258 = LINE ( 'NONE', #1952, #3847 ) ;
#1259 = CARTESIAN_POINT ( 'NONE',  ( 31.94671434340985172, 5.000000000000000000, 7.450216444695049844 ) ) ;
#1260 = ORIENTED_EDGE ( 'NONE', *, *, #1252, .T. ) ;
#1261 = CARTESIAN_POINT ( 'NONE',  ( 29.92636144974735046, 8.000000000000000000, -7.750000000000000000 ) ) ;
#1262 = CARTESIAN_POINT ( 'NONE',  ( 55.40000000000000568, 3.276315789473692952, 5.388445916248358943E-16 ) ) ;
#1263 = CARTESIAN_POINT ( 'NONE',  ( 0.4377263338347867627, 4.649958903973634428, -2.543290414865059468 ) ) ;
#1264 = ORIENTED_EDGE ( 'NONE', *, *, #2628, .F. ) ;
#1265 = CARTESIAN_POINT ( 'NONE',  ( -55.40000000000001279, 3.276315789473671636, -8.800000000000000711 ) ) ;
#1266 = DIRECTION ( 'NONE',  ( 1.000000000000000000, 0.000000000000000000, 0.000000000000000000 ) ) ;
#1267 = CARTESIAN_POINT ( 'NONE',  ( 20.98017936340055201, 7.532906922310889541, 5.707894986047370445 ) ) ;
#1268 =( BOUNDED_SURFACE ( )  B_SPLINE_SURFACE ( 3, 2, ( 
 ( #729, #2447, #448 ),
 ( #1712, #4119, #2048 ),
 ( #1135, #1736, #4098 ),
 ( #3787, #4146, #426 ),
 ( #1087, #3053, #3434 ),
 ( #1759, #1467, #122 ),
 ( #2819, #405, #1065 ),
 ( #706, #2730, #3476 ),
 ( #3764, #27, #2090 ),
 ( #75, #4077, #754 ) ),
 .UNSPECIFIED., .F., .F., .F. ) 
 B_SPLINE_SURFACE_WITH_KNOTS ( ( 4, 2, 2, 2, 4 ),
 ( 3, 3 ),
 ( 2.487717647697745171, 2.832095794960794777, 3.176473942223850155, 3.520852089486900205, 3.865230236749954695 ),
 ( 0.000000000000000000, 1.000000000000000000 ),
 .UNSPECIFIED. ) 
 GEOMETRIC_REPRESENTATION_ITEM ( )  RATIONAL_B_SPLINE_SURFACE ( (
 ( 1.000000000000000000, 0.8835309257402870209, 1.000000000000000000),
 ( 1.000000000000000000, 0.8975070644437980194, 1.000000000000000000),
 ( 1.000000000000000000, 0.9079863303416259024, 1.000000000000000000),
 ( 1.000000000000000000, 0.9214999211040220128, 1.000000000000000000),
 ( 1.000000000000000000, 0.9245292297780060009, 1.000000000000000000),
 ( 1.000000000000000000, 0.9229970378951239951, 1.000000000000000000),
 ( 1.000000000000000000, 0.9184354718487569569, 1.000000000000000000),
 ( 1.000000000000000000, 0.9019266441112250288, 1.000000000000000000),
 ( 1.000000000000000000, 0.8899843377340370676, 1.000000000000000000),
 ( 1.000000000000000000, 0.8746163082023999946, 1.000000000000000000) ) ) 
 REPRESENTATION_ITEM ( '' )  SURFACE ( )  );
#1269 = VERTEX_POINT ( 'NONE', #3858 ) ;
#1270 = DIRECTION ( 'NONE',  ( 0.6248006765897410331, 0.7807842944968870214, 0.000000000000000000 ) ) ;
#1271 = CARTESIAN_POINT ( 'NONE',  ( -10.04887856152867265, 7.364827550763967778, 5.563644827345729738 ) ) ;
#1272 = CARTESIAN_POINT ( 'NONE',  ( -17.44474260172044211, 5.188011093753576830, -3.007950897798643553 ) ) ;
#1273 = ADVANCED_FACE ( 'NONE', ( #1182 ), #3152, .T. ) ;
#1274 = CARTESIAN_POINT ( 'NONE',  ( 29.92636144974735046, 9.750000000000000000, 9.500000000000000000 ) ) ;
#1275 = CARTESIAN_POINT ( 'NONE',  ( 24.22566654420050014, 8.000000000000000000, -5.896915585795940551 ) ) ;
#1276 = ORIENTED_EDGE ( 'NONE', *, *, #84, .F. ) ;
#1277 = CARTESIAN_POINT ( 'NONE',  ( 9.942181686061349666, 7.272077724806239374, -5.155514551081690655 ) ) ;
#1278 = FACE_OUTER_BOUND ( 'NONE', #4103, .T. ) ;
#1279 = CARTESIAN_POINT ( 'NONE',  ( 5.318826189427722895, 7.029237145470365711, 4.892290582746108285 ) ) ;
#1280 = VERTEX_POINT ( 'NONE', #1138 ) ;
#1281 = CARTESIAN_POINT ( 'NONE',  ( 7.721917654317779878, 8.000000000000000000, 7.312391418772339335 ) ) ;
#1282 = CARTESIAN_POINT ( 'NONE',  ( 7.741924413235866886, 7.546972113884685029, 5.726930124316524484 ) ) ;
#1283 = CARTESIAN_POINT ( 'NONE',  ( -31.94671434340985172, 5.000000000000000000, -7.450216444695049844 ) ) ;
#1284 = CARTESIAN_POINT ( 'NONE',  ( 14.32064836873444413, 5.079443402323910561, -2.920750730488415048 ) ) ;
#1285 = CARTESIAN_POINT ( 'NONE',  ( 17.78575784239246715, 5.346925674954600360, 3.554501432530742022 ) ) ;
#1286 = ORIENTED_EDGE ( 'NONE', *, *, #2037, .T. ) ;
#1287 = CARTESIAN_POINT ( 'NONE',  ( 23.43199103725230259, 8.000000000000010658, -6.166652123761731552 ) ) ;
#1288 = CARTESIAN_POINT ( 'NONE',  ( -11.14193194417821253, 7.125498379212891642, 5.333071759115059152 ) ) ;
#1289 = APPROVAL_ROLE ( '' ) ;
#1290 = APPROVAL_PERSON_ORGANIZATION ( #781, #1206, #151 ) ;
#1291 = CARTESIAN_POINT ( 'NONE',  ( 20.23740165437746796, 7.299779151056043247, -5.501331056535160080 ) ) ;
#1292 = ORIENTED_EDGE ( 'NONE', *, *, #1219, .F. ) ;
#1293 = CARTESIAN_POINT ( 'NONE',  ( 13.44451100527151866, 5.582546102277270883, -3.324761233076709566 ) ) ;
#1294 = CIRCLE ( 'NONE', #1227, 8.750000000000000000 ) ;
#1295 = CARTESIAN_POINT ( 'NONE',  ( -42.75000000000000000, -1.565167132207979872, -9.500000000000000000 ) ) ;
#1296 = CARTESIAN_POINT ( 'NONE',  ( 5.104833457567946375, 6.958376719425638512, 4.815568006717464655 ) ) ;
#1297 = EDGE_CURVE ( 'NONE', #3951, #3182, #3211, .T. ) ;
#1298 = ORIENTED_EDGE ( 'NONE', *, *, #4277, .T. ) ;
#1299 = VECTOR ( 'NONE', #1573, 1000.000000000000000 ) ;
#1300 = CARTESIAN_POINT ( 'NONE',  ( 15.08289105664357876, 5.016337705005097902, 3.223913462580878520 ) ) ;
#1301 = CARTESIAN_POINT ( 'NONE',  ( 11.09415951797686439, 7.137948581372616452, 5.345486508458992425 ) ) ;
#1302 = VERTEX_POINT ( 'NONE', #1116 ) ;
#1303 = VECTOR ( 'NONE', #2914, 1000.000000000000000 ) ;
#1304 = FACE_OUTER_BOUND ( 'NONE', #159, .T. ) ;
#1305 = DIRECTION ( 'NONE',  ( 1.734723475976804876E-16, -1.000000000000000000, 0.000000000000000000 ) ) ;
#1306 = AXIS2_PLACEMENT_3D ( 'NONE', #3799, #1814, #3516 ) ;
#1307 = CARTESIAN_POINT ( 'NONE',  ( -13.90071101811525978, 5.647515561390850536, -3.855091318966619607 ) ) ;
#1308 = ADVANCED_FACE ( 'NONE', ( #3126 ), #2799, .F. ) ;
#1309 = AXIS2_PLACEMENT_3D ( 'NONE', #2294, #3639, #602 ) ;
#1310 = EDGE_LOOP ( 'NONE', ( #1325, #1718, #3543, #802 ) ) ;
#1311 = DIRECTION ( 'NONE',  ( -1.000000000000000000, 0.000000000000000000, 0.000000000000000000 ) ) ;
#1312 = CARTESIAN_POINT ( 'NONE',  ( -4.093483458816797871, 6.603630525054816403, -4.431198892087100383 ) ) ;
#1313 = CARTESIAN_POINT ( 'NONE',  ( -15.11198078578837745, 4.850837305320971460, -2.737219428338763194 ) ) ;
#1314 = VECTOR ( 'NONE', #485, 1000.000000000000114 ) ;
#1315 = ORIENTED_EDGE ( 'NONE', *, *, #1490, .T. ) ;
#1316 = CARTESIAN_POINT ( 'NONE',  ( 20.21616367547330029, 7.292657982330590372, 5.494731068004647057 ) ) ;
#1317 = ORIENTED_EDGE ( 'NONE', *, *, #2821, .T. ) ;
#1318 = CARTESIAN_POINT ( 'NONE',  ( 19.73661185555179642, 8.000000000000000000, 7.450216444695049844 ) ) ;
#1319 = ADVANCED_FACE ( 'NONE', ( #1489 ), #3812, .T. ) ;
#1320 = CARTESIAN_POINT ( 'NONE',  ( -11.15782449313975988, 8.000000000000000000, 7.450216444695049844 ) ) ;
#1321 = DIRECTION ( 'NONE',  ( 0.000000000000000000, 0.000000000000000000, 1.000000000000000000 ) ) ;
#1322 = ORIENTED_EDGE ( 'NONE', *, *, #2628, .T. ) ;
#1323 = CARTESIAN_POINT ( 'NONE',  ( -29.92636144974730072, 8.000000000000000000, -9.500000000000000000 ) ) ;
#1324 = CARTESIAN_POINT ( 'NONE',  ( 6.936909752313526134, 7.499895905743128921, 5.685912967450065025 ) ) ;
#1325 = ORIENTED_EDGE ( 'NONE', *, *, #1215, .T. ) ;
#1326 = B_SPLINE_CURVE_WITH_KNOTS ( 'NONE', 3,
 ( #40, #17, #2969, #1028, #2740, #1722, #3773, #415, #4313, #3419, #3043, #267, #1052 ),
 .UNSPECIFIED., .F., .F.,
 ( 4, 1, 1, 1, 1, 1, 1, 1, 1, 1, 4 ),
 ( 0.000000000000000000, 0.01577793109469887226, 0.03154163439775985178, 0.06302783423122314266, 0.1258471759912531684, 0.2509689956085450757, 0.3779093204265052131, 0.4999872013745418342, 0.6725236702324021154, 0.8388796455393557894, 1.000000000000000000 ),
 .UNSPECIFIED. ) ;
#1327 = CARTESIAN_POINT ( 'NONE',  ( -59.00000000000000000, 2.519352248187855032E-14, -9.500000000000000000 ) ) ;
#1328 = DIRECTION ( 'NONE',  ( 1.000000000000000000, 0.000000000000000000, 0.000000000000000000 ) ) ;
#1329 = EDGE_CURVE ( 'NONE', #986, #2283, #2509, .T. ) ;
#1330 = EDGE_LOOP ( 'NONE', ( #2944, #3059, #1949, #3400 ) ) ;
#1331 = CARTESIAN_POINT ( 'NONE',  ( -3.177207335204569105, 6.050856472468076674, 3.831845145107942052 ) ) ;
#1332 = CARTESIAN_POINT ( 'NONE',  ( -24.22566654420050014, 8.000000000000000000, 5.896915585795940551 ) ) ;
#1333 = CARTESIAN_POINT ( 'NONE',  ( 11.15782449313978120, 8.000000000000000000, -7.450216444695049844 ) ) ;
#1334 = VERTEX_POINT ( 'NONE', #757 ) ;
#1335 = CARTESIAN_POINT ( 'NONE',  ( 0.000000000000000000, 14.50000000000000000, -9.500000000000000000 ) ) ;
#1336 = FACE_OUTER_BOUND ( 'NONE', #3324, .T. ) ;
#1337 = CARTESIAN_POINT ( 'NONE',  ( -35.04392438740640614, 13.73103138366759879, -9.500000000000000000 ) ) ;
#1338 = DIRECTION ( 'NONE',  ( 0.000000000000000000, 0.000000000000000000, 1.000000000000000000 ) ) ;
#1339 = CC_DESIGN_PERSON_AND_ORGANIZATION_ASSIGNMENT ( #1475, #4239, ( #326 ) ) ;
#1340 = CARTESIAN_POINT ( 'NONE',  ( -13.90071101811525978, 5.647515561390850536, 3.855091318966619607 ) ) ;
#1341 = ORIENTED_EDGE ( 'NONE', *, *, #3056, .F. ) ;
#1342 = CARTESIAN_POINT ( 'NONE',  ( 17.21393870700032380, 5.084059723391484376, 2.924419030677415154 ) ) ;
#1343 = CARTESIAN_POINT ( 'NONE',  ( 6.730031643938297670, 7.478778072824388445, 5.667178771496734768 ) ) ;
#1344 = ORIENTED_EDGE ( 'NONE', *, *, #3526, .T. ) ;
#1345 = CARTESIAN_POINT ( 'NONE',  ( -6.548589794074079151, 7.460651335825350117, -5.651092374051900791 ) ) ;
#1346 = CARTESIAN_POINT ( 'NONE',  ( 11.15782449313975988, 5.000000000000000000, -7.450216444695040074 ) ) ;
#1347 = CARTESIAN_POINT ( 'NONE',  ( -16.64228890794488080, 4.770833452224595206, -2.978409209800367385 ) ) ;
#1348 = EDGE_CURVE ( 'NONE', #2696, #1746, #2441, .T. ) ;
#1349 = CARTESIAN_POINT ( 'NONE',  ( -5.345055359936309536, 8.000000000000000000, -7.450216444695049844 ) ) ;
#1350 = VERTEX_POINT ( 'NONE', #3304 ) ;
#1351 = FACE_OUTER_BOUND ( 'NONE', #4078, .T. ) ;
#1352 = EDGE_CURVE ( 'NONE', #2631, #908, #2317, .T. ) ;
#1353 = CARTESIAN_POINT ( 'NONE',  ( -5.990798444836118897, 7.212210925697430497, -5.090364973058298048 ) ) ;
#1354 = CARTESIAN_POINT ( 'NONE',  ( -14.59043848463198323, 4.981239728373033415, -2.841823156597935718 ) ) ;
#1355 = VERTEX_POINT ( 'NONE', #4317 ) ;
#1356 = CARTESIAN_POINT ( 'NONE',  ( -13.44451100527151866, 5.582546102277270883, 8.757575757575759567 ) ) ;
#1357 = ORIENTED_EDGE ( 'NONE', *, *, #3821, .F. ) ;
#1358 = DIRECTION ( 'NONE',  ( 0.000000000000000000, -0.7071067811865450192, 0.7071067811865500152 ) ) ;
#1359 = CARTESIAN_POINT ( 'NONE',  ( -11.15782449313975988, 5.000000000000000000, -7.450216444695049844 ) ) ;
#1360 = ADVANCED_FACE ( 'NONE', ( #3943 ), #1921, .F. ) ;
#1361 = CARTESIAN_POINT ( 'NONE',  ( -10.22358982750302125, 7.344568592026949894, 5.545665746337929747 ) ) ;
#1362 = CARTESIAN_POINT ( 'NONE',  ( -13.77415053735514050, 5.329931162399439870, 3.121873643570129531 ) ) ;
#1363 = EDGE_LOOP ( 'NONE', ( #4294, #2555, #2926, #4298 ) ) ;
#1364 = DIRECTION ( 'NONE',  ( -0.8462062767335206681, 0.5328554562137767237, 0.000000000000000000 ) ) ;
#1365 = VECTOR ( 'NONE', #3457, 1000.000000000000114 ) ;
#1366 = CARTESIAN_POINT ( 'NONE',  ( 9.046360517357232567, 7.501562791135942376, 5.687654661884796958 ) ) ;
#1367 = ORIENTED_EDGE ( 'NONE', *, *, #1776, .F. ) ;
#1368 = VECTOR ( 'NONE', #2975, 1000.000000000000000 ) ;
#1369 = CARTESIAN_POINT ( 'NONE',  ( -7.424778059923473172, 8.000000000000005329, -6.451275074047000402 ) ) ;
#1370 = CARTESIAN_POINT ( 'NONE',  ( 17.78807915201425160, 5.783166991651959243, -3.990742749227725206 ) ) ;
#1371 = CARTESIAN_POINT ( 'NONE',  ( -19.73661185555179642, 7.121320343559640165, 5.328896101135410568 ) ) ;
#1372 = AXIS2_PLACEMENT_3D ( 'NONE', #1646, #1041, #638 ) ;
#1373 = FACE_OUTER_BOUND ( 'NONE', #2648, .T. ) ;
#1374 = ADVANCED_FACE ( 'NONE', ( #577 ), #1436, .T. ) ;
#1375 = ORIENTED_EDGE ( 'NONE', *, *, #4118, .T. ) ;
#1376 = VECTOR ( 'NONE', #775, 1000.000000000000000 ) ;
#1377 = PLANE ( 'NONE',  #1246 ) ;
#1378 = CARTESIAN_POINT ( 'NONE',  ( -23.15544220223953786, 8.000000000000012434, 5.896915585795937886 ) ) ;
#1379 = DIRECTION ( 'NONE',  ( 0.000000000000000000, 0.000000000000000000, -1.000000000000000000 ) ) ;
#1380 = VECTOR ( 'NONE', #737, 1000.000000000000000 ) ;
#1381 = EDGE_CURVE ( 'NONE', #4199, #3312, #2016, .T. ) ;
#1382 = ORIENTED_EDGE ( 'NONE', *, *, #355, .F. ) ;
#1383 = CARTESIAN_POINT ( 'NONE',  ( -41.00000000000000000, -16.50000000000000000, -7.750000000000000000 ) ) ;
#1384 = ORIENTED_EDGE ( 'NONE', *, *, #3869, .F. ) ;
#1385 = AXIS2_PLACEMENT_3D ( 'NONE', #1209, #4179, #2148 ) ;
#1386 = DIRECTION ( 'NONE',  ( 0.000000000000000000, 0.000000000000000000, -1.000000000000000000 ) ) ;
#1387 = CARTESIAN_POINT ( 'NONE',  ( 10.84013457304645911, 6.967575935522853925, -4.825560443813589728 ) ) ;
#1388 = CARTESIAN_POINT ( 'NONE',  ( -7.424778059923370144, 8.000000000000232703, 6.451275074046772140 ) ) ;
#1389 = DIRECTION ( 'NONE',  ( 0.3767857064810137824, 0.5983581965608939512, 0.7071067811865462405 ) ) ;
#1390 = ORIENTED_EDGE ( 'NONE', *, *, #1114, .F. ) ;
#1391 = DIRECTION ( 'NONE',  ( 0.000000000000000000, 0.000000000000000000, -1.000000000000000000 ) ) ;
#1392 = CARTESIAN_POINT ( 'NONE',  ( 9.251992390096715368, 7.477836161471740795, -5.666339069159853636 ) ) ;
#1393 = ORIENTED_EDGE ( 'NONE', *, *, #3472, .T. ) ;
#1394 = LINE ( 'NONE', #4073, #2796 ) ;
#1395 = CARTESIAN_POINT ( 'NONE',  ( 31.94671434340985172, 8.000000000000000000, 9.500000000000000000 ) ) ;
#1396 = CARTESIAN_POINT ( 'NONE',  ( -21.50873888328952788, 7.999999999999294786, 6.440235267436275279 ) ) ;
#1397 = CARTESIAN_POINT ( 'NONE',  ( -13.90071101811527932, 5.647515561390850536, -3.855091318966619607 ) ) ;
#1398 = VERTEX_POINT ( 'NONE', #2637 ) ;
#1399 = ADVANCED_FACE ( 'NONE', ( #2617 ), #1903, .F. ) ;
#1400 = CARTESIAN_POINT ( 'NONE',  ( 24.22566654420050014, 8.000000000000000000, -5.896915585795940551 ) ) ;
#1401 = DIRECTION ( 'NONE',  ( -1.734723475976804876E-16, 1.000000000000000000, -0.000000000000000000 ) ) ;
#1402 = DIRECTION ( 'NONE',  ( 0.3767857064810135603, 0.5983581965608929520, 0.7071067811865470176 ) ) ;
#1403 = VERTEX_POINT ( 'NONE', #3386 ) ;
#1404 = DIRECTION ( 'NONE',  ( 0.000000000000000000, 0.000000000000000000, -1.000000000000000000 ) ) ;
#1405 = ORIENTED_EDGE ( 'NONE', *, *, #789, .T. ) ;
#1406 = CARTESIAN_POINT ( 'NONE',  ( 0.000000000000000000, 9.750000000000000000, 9.500000000000000000 ) ) ;
#1407 = EDGE_CURVE ( 'NONE', #3560, #3970, #4054, .T. ) ;
#1408 = CARTESIAN_POINT ( 'NONE',  ( -10.17322493976221587, 8.000000000000005329, 6.367732437364741926 ) ) ;
#1409 = CARTESIAN_POINT ( 'NONE',  ( 18.28466544649865000, 5.751445432112169520, -3.460412663337809835 ) ) ;
#1410 = VERTEX_POINT ( 'NONE', #3677 ) ;
#1411 = CARTESIAN_POINT ( 'NONE',  ( -23.08806929125864826, 8.224700838704899652, 6.432276596280649628 ) ) ;
#1412 = CARTESIAN_POINT ( 'NONE',  ( 9.529499172761578762, 7.444282505944290307, -5.636271030876684129 ) ) ;
#1413 = ORIENTED_EDGE ( 'NONE', *, *, #2658, .T. ) ;
#1414 = DIRECTION ( 'NONE',  ( 1.000000000000000000, 0.000000000000000000, 0.000000000000000000 ) ) ;
#1415 = CARTESIAN_POINT ( 'NONE',  ( -16.14159384988684920, 25.63381471086509933, -9.500000000000000000 ) ) ;
#1416 = CARTESIAN_POINT ( 'NONE',  ( 4.815532678565159763, 5.000000000000000000, -7.450216444695049844 ) ) ;
#1417 = EDGE_CURVE ( 'NONE', #4084, #276, #2348, .T. ) ;
#1418 = CARTESIAN_POINT ( 'NONE',  ( 1.363960582345612682, 5.083155866708781723, 3.290731624284553902 ) ) ;
#1419 = CARTESIAN_POINT ( 'NONE',  ( -4.877014723966407672, 6.877263629707827342, 4.727699336353294868 ) ) ;
#1420 = CARTESIAN_POINT ( 'NONE',  ( -20.55089358607875027, 8.000000000000000000, 7.450216444695049844 ) ) ;
#1421 = CARTESIAN_POINT ( 'NONE',  ( -20.17250257772474242, 7.277742131813775828, 5.480730557906756673 ) ) ;
#1422 = ORIENTED_EDGE ( 'NONE', *, *, #1142, .F. ) ;
#1423 = CARTESIAN_POINT ( 'NONE',  ( -2.752722456583339916, 6.194473505602410057, 4.402049263178174243 ) ) ;
#1424 = CARTESIAN_POINT ( 'NONE',  ( -6.336195861651948924, 7.430076257054968103, 5.623667258900673538 ) ) ;
#1425 = CARTESIAN_POINT ( 'NONE',  ( 51.00000000000000711, -8.500000000000000000, 0.000000000000000000 ) ) ;
#1426 = DIRECTION ( 'NONE',  ( -0.6621150593125730843, -0.7494021939062548432, 0.000000000000000000 ) ) ;
#1427 = B_SPLINE_CURVE_WITH_KNOTS ( 'NONE', 3,
 ( #311, #967, #2331, #332, #2, #3674, #3941, #3612, #92, #3384, #4140, #2086 ),
 .UNSPECIFIED., .F., .F.,
 ( 4, 2, 2, 2, 2, 4 ),
 ( 0.000000000000000000, 0.2500000000000002776, 0.3750000000000005551, 0.4375000000000015543, 0.5000000000000025535, 1.000000000000000000 ),
 .UNSPECIFIED. ) ;
#1428 = CARTESIAN_POINT ( 'NONE',  ( -23.43201033599900640, 8.000000000002087219, -6.166645145267491301 ) ) ;
#1429 = CARTESIAN_POINT ( 'NONE',  ( -14.14523040007759924, 5.131824908320790080, 2.962764683599869997 ) ) ;
#1430 = EDGE_LOOP ( 'NONE', ( #3062, #3975, #3459, #400, #2546 ) ) ;
#1431 = CARTESIAN_POINT ( 'NONE',  ( -20.04873820885089941, 7.042780304993920382, 4.859685439093859749 ) ) ;
#1432 = CARTESIAN_POINT ( 'NONE',  ( 4.837467992725991373, 7.127081103843960541, 5.334652094450063053 ) ) ;
#1433 = EDGE_LOOP ( 'NONE', ( #3760, #2743, #3645, #1775 ) ) ;
#1434 = EDGE_CURVE ( 'NONE', #1010, #714, #3142, .T. ) ;
#1435 = CARTESIAN_POINT ( 'NONE',  ( -5.873170168695890148, 8.000000000000000000, -7.417823419983459843 ) ) ;
#1436 =( BOUNDED_SURFACE ( )  B_SPLINE_SURFACE ( 3, 2, ( 
 ( #2573, #3920, #599 ),
 ( #208, #1285, #1940 ),
 ( #2596, #2883, #1245 ),
 ( #3257, #4234, #1218 ),
 ( #3963, #1539, #513 ),
 ( #2903, #248, #929 ) ),
 .UNSPECIFIED., .F., .F., .F. ) 
 B_SPLINE_SURFACE_WITH_KNOTS ( ( 4, 2, 4 ),
 ( 3, 3 ),
 ( 5.559547724019430426, 5.921366515599510549, 6.283185307179590673 ),
 ( 0.000000000000000000, 1.000000000000000000 ),
 .UNSPECIFIED. ) 
 GEOMETRIC_REPRESENTATION_ITEM ( )  RATIONAL_B_SPLINE_SURFACE ( (
 ( 1.000000000000000000, 0.8746163082023989954, 1.000000000000000000),
 ( 1.000000000000000000, 0.8907635845373670369, 1.000000000000000000),
 ( 1.000000000000000000, 0.9031263429598339609, 1.000000000000000000),
 ( 1.000000000000000000, 0.9196873301202009854, 1.000000000000000000),
 ( 1.000000000000000000, 0.9238860647166829976, 1.000000000000000000),
 ( 1.000000000000000000, 0.9238795325112859613, 1.000000000000000000) ) ) 
 REPRESENTATION_ITEM ( '' )  SURFACE ( )  );
#1437 = CARTESIAN_POINT ( 'NONE',  ( 61.00000000000000000, -16.50000000000000000, 9.500000000000000000 ) ) ;
#1438 = CARTESIAN_POINT ( 'NONE',  ( -16.50001265065520073, 5.083822128442480270, 3.291397886018260444 ) ) ;
#1439 = EDGE_CURVE ( 'NONE', #3970, #1129, #2751, .T. ) ;
#1440 = LINE ( 'NONE', #2754, #1376 ) ;
#1441 = CARTESIAN_POINT ( 'NONE',  ( -19.68733959848304949, 7.175084109698019574, -5.382659867273779319 ) ) ;
#1442 = LINE ( 'NONE', #2095, #1512 ) ;
#1443 = ADVANCED_FACE ( 'NONE', ( #377 ), #2663, .F. ) ;
#1444 = AXIS2_PLACEMENT_3D ( 'NONE', #3614, #538, #558 ) ;
#1445 = CARTESIAN_POINT ( 'NONE',  ( 18.28466544649865000, 5.751445432112169520, 3.460412663337814720 ) ) ;
#1446 = CONICAL_SURFACE ( 'NONE', #3282, 8.750000000000000000, 0.7853981633974433940 ) ;
#1447 = EDGE_LOOP ( 'NONE', ( #1189, #977, #23, #3964 ) ) ;
#1448 = CARTESIAN_POINT ( 'NONE',  ( -6.898968220460719891, 7.422405997481950735, 5.318408207715690672 ) ) ;
#1449 = CARTESIAN_POINT ( 'NONE',  ( -7.655021172734151946, 7.542146170493573720, 5.722813208987568068 ) ) ;
#1450 =( LENGTH_UNIT ( ) NAMED_UNIT ( * ) SI_UNIT ( .MILLI., .METRE. ) );
#1451 = CARTESIAN_POINT ( 'NONE',  ( -10.93382326117169612, 7.178661597301690733, -5.385823011797508997 ) ) ;
#1452 = VECTOR ( 'NONE', #4046, 1000.000000000000114 ) ;
#1453 = CARTESIAN_POINT ( 'NONE',  ( -20.02931991844270243, 7.231288036424680321, -5.438863794000439178 ) ) ;
#1454 = VECTOR ( 'NONE', #3311, 1000.000000000000000 ) ;
#1455 = DIRECTION ( 'NONE',  ( 0.000000000000000000, 0.000000000000000000, -1.000000000000000000 ) ) ;
#1456 = ORIENTED_EDGE ( 'NONE', *, *, #541, .F. ) ;
#1457 = CARTESIAN_POINT ( 'NONE',  ( -24.22566654420050014, 8.000000000000000000, 8.757575757575759567 ) ) ;
#1458 = CARTESIAN_POINT ( 'NONE',  ( -23.54464118864479616, 7.984416699983380106, -5.952125827716832518 ) ) ;
#1459 = ORIENTED_EDGE ( 'NONE', *, *, #2251, .F. ) ;
#1460 = ADVANCED_FACE ( 'NONE', ( #1710 ), #2800, .F. ) ;
#1461 = CARTESIAN_POINT ( 'NONE',  ( -20.35326811256771506, 7.338313282641142798, -5.536843341626055626 ) ) ;
#1462 = CARTESIAN_POINT ( 'NONE',  ( 15.48288786518843807, 4.785852512340105669, -2.993428269915802797 ) ) ;
#1463 = DIRECTION ( 'NONE',  ( -1.000000000000000000, -1.281026566875180017E-15, 0.000000000000000000 ) ) ;
#1464 = FACE_OUTER_BOUND ( 'NONE', #845, .T. ) ;
#1465 = ADVANCED_FACE ( 'NONE', ( #313 ), #1446, .F. ) ;
#1466 = EDGE_CURVE ( 'NONE', #4222, #4199, #94, .T. ) ;
#1467 = CARTESIAN_POINT ( 'NONE',  ( -16.28587339522594135, 4.811383569226555856, -3.018959326802181042 ) ) ;
#1468 = CARTESIAN_POINT ( 'NONE',  ( -10.47446636250394292, 7.083234938284778792, 4.950802634286458392 ) ) ;
#1469 = CARTESIAN_POINT ( 'NONE',  ( -16.21771334173693546, 4.817047872822732835, 2.710093463215824450 ) ) ;
#1470 = ADVANCED_FACE ( 'NONE', ( #1464 ), #3247, .T. ) ;
#1471 = CARTESIAN_POINT ( 'NONE',  ( -20.10646079499870353, 7.255098280667869659, 5.459423148445079477 ) ) ;
#1472 = EDGE_LOOP ( 'NONE', ( #3569, #67, #3395, #2515 ) ) ;
#1473 = CARTESIAN_POINT ( 'NONE',  ( -13.04593362246682098, 6.302563028076169971, 4.510138785651939486 ) ) ;
#1474 = CARTESIAN_POINT ( 'NONE',  ( -24.22566654420050014, 8.000000000000000000, -5.896915585795940551 ) ) ;
#1475 = PERSON_AND_ORGANIZATION ( #635, #2222 ) ;
#1476 = CARTESIAN_POINT ( 'NONE',  ( -33.65634964324375034, 6.923443937134649673, -7.750000000000000000 ) ) ;
#1477 = CARTESIAN_POINT ( 'NONE',  ( 41.00000000000000000, -16.50000000000000000, -9.500000000000000000 ) ) ;
#1478 = CARTESIAN_POINT ( 'NONE',  ( 38.66248524187054869, 5.839137789210329998, 9.500000000000000000 ) ) ;
#1479 = VERTEX_POINT ( 'NONE', #471 ) ;
#1480 = CARTESIAN_POINT ( 'NONE',  ( 11.89814798151342856, 6.603145195234528586, 4.810720952810786599 ) ) ;
#1481 = LINE ( 'NONE', #1150, #3572 ) ;
#1482 = CARTESIAN_POINT ( 'NONE',  ( -10.10018700300935990, 8.000000000000000000, -7.417823419983349709 ) ) ;
#1483 = EDGE_LOOP ( 'NONE', ( #13, #1168, #1393, #1638 ) ) ;
#1484 = CARTESIAN_POINT ( 'NONE',  ( 2.026066193961201911, 5.207411925914161799, 2.991029207362009501 ) ) ;
#1485 = CARTESIAN_POINT ( 'NONE',  ( -51.00000000000000711, -8.500000000000017764, 0.000000000000000000 ) ) ;
#1486 = CARTESIAN_POINT ( 'NONE',  ( 3.215193847680192452, 6.076215696549680523, -3.859255259959498030 ) ) ;
#1487 = CARTESIAN_POINT ( 'NONE',  ( 17.52011668826974500, 5.224675599436147344, 3.037489391308708431 ) ) ;
#1488 = CARTESIAN_POINT ( 'NONE',  ( 13.90071101811525978, 6.177845647280761021, 3.324761233076709566 ) ) ;
#1489 = FACE_OUTER_BOUND ( 'NONE', #1659, .T. ) ;
#1490 = EDGE_CURVE ( 'NONE', #1018, #1668, #660, .T. ) ;
#1491 = ORIENTED_EDGE ( 'NONE', *, *, #3280, .T. ) ;
#1492 = CARTESIAN_POINT ( 'NONE',  ( -13.60850995846102762, 5.456867651521893237, 3.664443409097668081 ) ) ;
#1493 = CARTESIAN_POINT ( 'NONE',  ( -6.928095940119249896, 7.501685430231225027, 5.687739185888010418 ) ) ;
#1494 = B_SPLINE_CURVE_WITH_KNOTS ( 'NONE', 3,
 ( #1670, #3326, #3037, #3016, #1353, #4080, #3698, #662, #1021, #297, #4357, #1312, #2071, #3346 ),
 .UNSPECIFIED., .F., .F.,
 ( 4, 2, 2, 1, 1, 2, 2, 4 ),
 ( 0.000000000000000000, 0.2500000000000000555, 0.3749999999999998890, 0.4375000000000000555, 0.4687500000000000000, 0.4843750000000001665, 0.5000000000000003331, 1.000000000000000000 ),
 .UNSPECIFIED. ) ;
#1495 = CARTESIAN_POINT ( 'NONE',  ( -9.991532396431562546, 7.376627678023150558, -5.574774838041051339 ) ) ;
#1496 = FACE_OUTER_BOUND ( 'NONE', #1095, .T. ) ;
#1497 = CARTESIAN_POINT ( 'NONE',  ( 4.815532678565140223, 8.000000000000000000, 7.450216444695049844 ) ) ;
#1498 = ORIENTED_EDGE ( 'NONE', *, *, #249, .T. ) ;
#1499 = CARTESIAN_POINT ( 'NONE',  ( 6.861064736761788296, 7.421646652498997021, 5.629222410073817073 ) ) ;
#1500 = EDGE_CURVE ( 'NONE', #59, #3996, #3807, .T. ) ;
#1501 = PRODUCT ( 'CNC Mill Door Handle', 'CNC Mill Door Handle', '', ( #2887 ) ) ;
#1502 = EDGE_CURVE ( 'NONE', #2714, #1410, #3214, .T. ) ;
#1503 = CARTESIAN_POINT ( 'NONE',  ( -20.84231874673880824, 7.489586020881434436, -5.669521259027276550 ) ) ;
#1504 = CARTESIAN_POINT ( 'NONE',  ( 16.33197202950069737, 4.814237972901399765, -2.707694861452010215 ) ) ;
#1505 = EDGE_LOOP ( 'NONE', ( #201, #2084 ) ) ;
#1506 = FACE_OUTER_BOUND ( 'NONE', #2175, .T. ) ;
#1507 = CARTESIAN_POINT ( 'NONE',  ( -35.04392438740640614, 13.73103138366759879, -9.500000000000000000 ) ) ;
#1508 = LOCAL_TIME ( 14, 29, 25.00000000000000000, #2193 ) ;
#1509 = CARTESIAN_POINT ( 'NONE',  ( -8.998465849219757118, 7.433333333331491488, -5.640909090906335521 ) ) ;
#1510 = CARTESIAN_POINT ( 'NONE',  ( 0.000000000000000000, 4.631151059171249251, 2.528066644967204901 ) ) ;
#1511 = DIRECTION ( 'NONE',  ( 0.3767857064810142820, -0.5983581965608939512, 0.7071067811865457964 ) ) ;
#1512 = VECTOR ( 'NONE', #3191, 1000.000000000000000 ) ;
#1513 = EDGE_CURVE ( 'NONE', #2389, #4199, #3829, .T. ) ;
#1514 = ORIENTED_EDGE ( 'NONE', *, *, #1500, .T. ) ;
#1515 = VECTOR ( 'NONE', #3397, 1000.000000000000114 ) ;
#1516 = CARTESIAN_POINT ( 'NONE',  ( 20.33376744155000182, 7.335897900344789946, -5.536928440773379201 ) ) ;
#1517 = CARTESIAN_POINT ( 'NONE',  ( 13.90071101811527932, 5.647515561390850536, 3.855091318966624936 ) ) ;
#1518 = DATE_AND_TIME ( #2538, #3979 ) ;
#1519 = CARTESIAN_POINT ( 'NONE',  ( 10.71048520252879932, 7.239182484976299570, -5.446758242552069973 ) ) ;
#1520 = EDGE_CURVE ( 'NONE', #1597, #1302, #161, .T. ) ;
#1521 = AXIS2_PLACEMENT_3D ( 'NONE', #742, #1032, #3775 ) ;
#1522 = CARTESIAN_POINT ( 'NONE',  ( -20.42241451744188652, 7.999999999999657163, -6.361716787184154676 ) ) ;
#1523 = FACE_OUTER_BOUND ( 'NONE', #1483, .T. ) ;
#1524 = VERTEX_POINT ( 'NONE', #3189 ) ;
#1525 = AXIS2_PLACEMENT_3D ( 'NONE', #3643, #3224, #195 ) ;
#1526 = CARTESIAN_POINT ( 'NONE',  ( 6.808050536565310118, 7.641162536030320140, 5.848738293606079885 ) ) ;
#1527 = ADVANCED_FACE ( 'NONE', ( #1824 ), #140, .F. ) ;
#1528 = VECTOR ( 'NONE', #4035, 1000.000000000000000 ) ;
#1529 = CARTESIAN_POINT ( 'NONE',  ( -0.3936349471199288574, 4.631151059173642892, 2.838726816749271631 ) ) ;
#1530 = CARTESIAN_POINT ( 'NONE',  ( 16.28587339522533739, 4.811383569226098444, -3.018959326801947451 ) ) ;
#1531 = ORIENTED_EDGE ( 'NONE', *, *, #2871, .T. ) ;
#1532 = CARTESIAN_POINT ( 'NONE',  ( -6.443917781737587447, 7.444280408051651143, -5.636285213264685900 ) ) ;
#1533 = AXIS2_PLACEMENT_3D ( 'NONE', #2832, #2481, #198 ) ;
#1534 = CARTESIAN_POINT ( 'NONE',  ( -55.40000000000001279, 3.276315789473670304, 8.800000000000000711 ) ) ;
#1535 = ORIENTED_EDGE ( 'NONE', *, *, #256, .F. ) ;
#1536 = CARTESIAN_POINT ( 'NONE',  ( -10.01690151285620978, 7.258391549308839785, -5.465967306885088028 ) ) ;
#1538 = CARTESIAN_POINT ( 'NONE',  ( -1.337853315032325963, 5.137337043834360628, -3.344912801410135028 ) ) ;
#1537 = CC_DESIGN_PERSON_AND_ORGANIZATION_ASSIGNMENT ( #518, #2142, ( #3294 ) ) ;
#1539 = CARTESIAN_POINT ( 'NONE',  ( 16.18409382426800391, 4.796667790897730654, 3.004243548473185754 ) ) ;
#1540 = EDGE_LOOP ( 'NONE', ( #2166, #133, #2784, #1552 ) ) ;
#1541 = CARTESIAN_POINT ( 'NONE',  ( 19.73661185555179642, 7.121320343559640165, -5.328896101135399910 ) ) ;
#1542 = CARTESIAN_POINT ( 'NONE',  ( -9.576736439771032394, 7.437954710750374510, 5.630568429150539345 ) ) ;
#1543 = APPROVAL_DATE_TIME ( #193, #2639 ) ;
#1544 = CARTESIAN_POINT ( 'NONE',  ( 10.22358982750406042, 7.344568592026920584, -5.545665746337839153 ) ) ;
#1545 = CARTESIAN_POINT ( 'NONE',  ( 15.76200707051774863, 5.546667790895010164, 2.693583376690960041 ) ) ;
#1546 = CARTESIAN_POINT ( 'NONE',  ( 23.54439699569437394, 7.984376925425487492, 5.952128937470716252 ) ) ;
#1547 = VERTEX_POINT ( 'NONE', #1758 ) ;
#1548 = LINE ( 'NONE', #2177, #1314 ) ;
#1549 = EDGE_CURVE ( 'NONE', #2626, #138, #3695, .T. ) ;
#1550 = CARTESIAN_POINT ( 'NONE',  ( -2.380490577806910313, 5.466362897138109744, 3.198866703806729994 ) ) ;
#1551 = CARTESIAN_POINT ( 'NONE',  ( 18.11266500812584468, 5.599478862783897171, -3.807054620359669794 ) ) ;
#1552 = ORIENTED_EDGE ( 'NONE', *, *, #628, .T. ) ;
#1553 = B_SPLINE_CURVE_WITH_KNOTS ( 'NONE', 3,
 ( #2757, #954, #2027, #689, #2356, #361, #3726, #1715, #1691, #2320, #3369, #4013, #1378, #1332 ),
 .UNSPECIFIED., .F., .F.,
 ( 4, 2, 2, 1, 1, 2, 2, 4 ),
 ( 0.000000000000000000, 0.2500000000000135447, 0.3750000000000199840, 0.4375000000000232037, 0.4687500000000247580, 0.4843750000000250355, 0.5000000000000252021, 1.000000000000000000 ),
 .UNSPECIFIED. ) ;
#1554 = CARTESIAN_POINT ( 'NONE',  ( 17.78807915201425160, 5.783166991651959243, 3.990742749227729647 ) ) ;
#1555 = CARTESIAN_POINT ( 'NONE',  ( -7.986678585852470924, 7.433333333333334458, -5.640909090909097756 ) ) ;
#1556 = CARTESIAN_POINT ( 'NONE',  ( 22.17058944486919714, 8.000000000000000000, 7.450216444695049844 ) ) ;
#1557 = CARTESIAN_POINT ( 'NONE',  ( 20.02931991844295112, 7.231288036424159849, 5.438863793999919594 ) ) ;
#1558 =( BOUNDED_SURFACE ( )  B_SPLINE_SURFACE ( 3, 2, ( 
 ( #956, #2255, #2579 ),
 ( #212, #1945, #911 ),
 ( #1632, #2930, #1563 ),
 ( #3309, #1225, #3901 ),
 ( #2907, #4281, #892 ),
 ( #254, #279, #2979 ) ),
 .UNSPECIFIED., .F., .F., .F. ) 
 B_SPLINE_SURFACE_WITH_KNOTS ( ( 4, 2, 4 ),
 ( 3, 3 ),
 ( 0.000000000000000000, 0.3374381103556575168, 0.6748762207113150335 ),
 ( 0.000000000000000000, 1.000000000000000000 ),
 .UNSPECIFIED. ) 
 GEOMETRIC_REPRESENTATION_ITEM ( )  RATIONAL_B_SPLINE_SURFACE ( (
 ( 1.000000000000000000, 0.9238795325112859613, 1.000000000000000000),
 ( 1.000000000000000000, 0.9238844685536340418, 1.000000000000000000),
 ( 1.000000000000000000, 0.9202352437456540191, 1.000000000000000000),
 ( 1.000000000000000000, 0.9058152212831990235, 1.000000000000000000),
 ( 1.000000000000000000, 0.8950440970204439628, 1.000000000000000000),
 ( 1.000000000000000000, 0.8809363964789689305, 1.000000000000000000) ) ) 
 REPRESENTATION_ITEM ( '' )  SURFACE ( )  );
#1559 = EDGE_CURVE ( 'NONE', #4348, #4015, #1085, .T. ) ;
#1560 = ORIENTED_EDGE ( 'NONE', *, *, #3274, .T. ) ;
#1561 = CARTESIAN_POINT ( 'NONE',  ( -38.66248524187054869, 5.839137789210320229, 9.500000000000000000 ) ) ;
#1562 = PLANE ( 'NONE',  #1160 ) ;
#1563 = CARTESIAN_POINT ( 'NONE',  ( -5.968394166694370284, 7.261456114851039700, -5.144005120060879399 ) ) ;
#1564 = CARTESIAN_POINT ( 'NONE',  ( -23.74599452085974960, 8.000000000000000000, -5.947410279321570847 ) ) ;
#1565 = CARTESIAN_POINT ( 'NONE',  ( 19.73702907897842707, 7.121173894417134775, -5.328749651992897185 ) ) ;
#1566 = ORIENTED_EDGE ( 'NONE', *, *, #3205, .T. ) ;
#1567 = FACE_OUTER_BOUND ( 'NONE', #2738, .T. ) ;
#1568 = VERTEX_POINT ( 'NONE', #2422 ) ;
#1569 = CARTESIAN_POINT ( 'NONE',  ( -42.75000000000000000, 0.000000000000000000, 9.500000000000000000 ) ) ;
#1570 = CARTESIAN_POINT ( 'NONE',  ( 10.93135339382643423, 6.936393625320771861, 4.791771282815587618 ) ) ;
#1571 = ORIENTED_EDGE ( 'NONE', *, *, #2047, .T. ) ;
#1572 = CARTESIAN_POINT ( 'NONE',  ( -13.44451100527151866, 5.582546102277270883, 3.324761233076709566 ) ) ;
#1573 = DIRECTION ( 'NONE',  ( 0.000000000000000000, -1.000000000000000000, 0.000000000000000000 ) ) ;
#1574 = CARTESIAN_POINT ( 'NONE',  ( -46.60000000000000142, -8.500000000000017764, 5.388445916248362888E-16 ) ) ;
#1575 = EDGE_CURVE ( 'NONE', #48, #1524, #2645, .T. ) ;
#1576 = CARTESIAN_POINT ( 'NONE',  ( 7.986678585852459378, 7.433333333333330017, -5.330248919129279450 ) ) ;
#1577 = FACE_OUTER_BOUND ( 'NONE', #3842, .T. ) ;
#1578 = CARTESIAN_POINT ( 'NONE',  ( 19.73661185555179642, 8.000000000000000000, 7.450216444695049844 ) ) ;
#1579 = EDGE_CURVE ( 'NONE', #3740, #997, #3989, .T. ) ;
#1580 = ADVANCED_FACE ( 'NONE', ( #2569 ), #1132, .T. ) ;
#1581 = EDGE_LOOP ( 'NONE', ( #2561, #1955, #3689, #3518 ) ) ;
#1582 = DIRECTION ( 'NONE',  ( 0.3767857064810133383, -0.5983581965608887332, -0.7071067811865506814 ) ) ;
#1583 = CARTESIAN_POINT ( 'NONE',  ( -9.244028726291450226, 7.478689541024152732, 5.667113454659887140 ) ) ;
#1584 =( BOUNDED_CURVE ( )  B_SPLINE_CURVE ( 3, ( #1868, #1534, #243, #2548 ),
 .UNSPECIFIED., .F., .F. ) 
 B_SPLINE_CURVE_WITH_KNOTS ( ( 4, 4 ),
 ( 3.141592653589793116, 6.283185307179586232 ),
 .UNSPECIFIED. ) 
 CURVE ( )  GEOMETRIC_REPRESENTATION_ITEM ( )  RATIONAL_B_SPLINE_CURVE ( ( 1.000000000000000000, 0.3333333333333333703, 0.3333333333333333703, 1.000000000000000000 ) ) 
 REPRESENTATION_ITEM ( '' )  );
#1585 = AXIS2_PLACEMENT_3D ( 'NONE', #2552, #557, #3213 ) ;
#1586 = DIRECTION ( 'NONE',  ( 0.000000000000000000, 0.000000000000000000, 1.000000000000000000 ) ) ;
#1587 = AXIS2_PLACEMENT_3D ( 'NONE', #2534, #2164, #4151 ) ;
#1588 = DIRECTION ( 'NONE',  ( -1.000000000000000000, 0.000000000000000000, 0.000000000000000000 ) ) ;
#1589 = CARTESIAN_POINT ( 'NONE',  ( -42.75000000000000000, -16.50000000000000000, -9.500000000000000000 ) ) ;
#1590 = ORIENTED_EDGE ( 'NONE', *, *, #3112, .F. ) ;
#1591 = CARTESIAN_POINT ( 'NONE',  ( 13.90071101811527932, 5.647515561390850536, -3.855091318966624936 ) ) ;
#1592 = AXIS2_PLACEMENT_3D ( 'NONE', #1569, #4326, #3909 ) ;
#1593 = VECTOR ( 'NONE', #3817, 1000.000000000000000 ) ;
#1594 = DIRECTION ( 'NONE',  ( -1.000000000000000000, 0.000000000000000000, 0.000000000000000000 ) ) ;
#1595 = AXIS2_PLACEMENT_3D ( 'NONE', #941, #918, #2280 ) ;
#1596 = CARTESIAN_POINT ( 'NONE',  ( -11.26029696132912683, 6.816340250325165329, -4.661597134320627056 ) ) ;
#1597 = VERTEX_POINT ( 'NONE', #1574 ) ;
#1598 = CARTESIAN_POINT ( 'NONE',  ( 11.15782449313975100, 8.000000000000005329, 6.207575757575758857 ) ) ;
#1599 = DIRECTION ( 'NONE',  ( 0.000000000000000000, 0.000000000000000000, 1.000000000000000000 ) ) ;
#1600 = CARTESIAN_POINT ( 'NONE',  ( -1.344201248281633232, 4.876128979237753569, -2.724823789797288676 ) ) ;
#1601 = VECTOR ( 'NONE', #2111, 1000.000000000000000 ) ;
#1602 = CARTESIAN_POINT ( 'NONE',  ( -29.92636144974730072, 1.000000000000000000, 7.750000000000000000 ) ) ;
#1603 = AXIS2_PLACEMENT_3D ( 'NONE', #1025, #2008, #1404 ) ;
#1604 = CARTESIAN_POINT ( 'NONE',  ( -1.665758539304915020, 4.987891656820530706, -2.814582715520300038 ) ) ;
#1605 = CARTESIAN_POINT ( 'NONE',  ( 20.07312306272694258, 7.999999999999999112, 6.297707719263923920 ) ) ;
#1606 = EDGE_CURVE ( 'NONE', #687, #1302, #1584, .T. ) ;
#1607 = AXIS2_PLACEMENT_3D ( 'NONE', #2651, #1256, #3998 ) ;
#1608 = ORIENTED_EDGE ( 'NONE', *, *, #2622, .T. ) ;
#1609 = ADVANCED_FACE ( 'NONE', ( #2899 ), #3300, .T. ) ;
#1610 = DIRECTION ( 'NONE',  ( -0.6248498555122081743, -0.5520700399706440775, -0.5520700399706400807 ) ) ;
#1611 = CARTESIAN_POINT ( 'NONE',  ( -11.14185036230139048, 7.125519316159584449, 5.333092553471690422 ) ) ;
#1612 = COORDINATED_UNIVERSAL_TIME_OFFSET ( 5, 0, .BEHIND. ) ;
#1613 = CARTESIAN_POINT ( 'NONE',  ( 5.345087597039780647, 8.000000000000000000, -7.450216439758099440 ) ) ;
#1614 = CARTESIAN_POINT ( 'NONE',  ( 42.75000000000000000, -16.50000000000000000, -9.500000000000000000 ) ) ;
#1615 = EDGE_CURVE ( 'NONE', #283, #3911, #274, .T. ) ;
#1616 = CARTESIAN_POINT ( 'NONE',  ( 20.03510949200592961, 7.230014021959995318, 5.435417668570640792 ) ) ;
#1617 = ORIENTED_EDGE ( 'NONE', *, *, #1513, .F. ) ;
#1618 = CARTESIAN_POINT ( 'NONE',  ( 9.046349165383588797, 7.653003247443660229, -5.860579005019419974 ) ) ;
#1619 = CARTESIAN_POINT ( 'NONE',  ( -61.00000000000000000, -0.2500000000000000000, 7.500000000000000000 ) ) ;
#1620 = CARTESIAN_POINT ( 'NONE',  ( -11.75889710166182489, 6.605438371171678646, -4.432849805698439560 ) ) ;
#1621 = VERTEX_POINT ( 'NONE', #1036 ) ;
#1622 = CARTESIAN_POINT ( 'NONE',  ( 7.398034179292769075, 7.535194928388100344, 5.716784161058190428 ) ) ;
#1623 = CARTESIAN_POINT ( 'NONE',  ( 10.75121877353212518, 6.996889357939328313, -4.857316406162157207 ) ) ;
#1624 = CARTESIAN_POINT ( 'NONE',  ( 22.07280452605831300, 7.806346050282169102, -5.687080751533035716 ) ) ;
#1625 = DIRECTION ( 'NONE',  ( 1.000000000000000000, 0.000000000000000000, 0.000000000000000000 ) ) ;
#1626 = FACE_OUTER_BOUND ( 'NONE', #2981, .T. ) ;
#1627 = CARTESIAN_POINT ( 'NONE',  ( -24.22566654420050014, 8.000000000000000000, 5.896915585795940551 ) ) ;
#1628 = ORIENTED_EDGE ( 'NONE', *, *, #3682, .T. ) ;
#1629 = DIRECTION ( 'NONE',  ( -0.3767857064810141710, 0.5983581965608927300, 0.7071067811865470176 ) ) ;
#1630 = CARTESIAN_POINT ( 'NONE',  ( -10.64291520659665835, 7.246725931638171581, 5.452023930190629031 ) ) ;
#1631 = DATE_TIME_ROLE ( 'classification_date' ) ;
#1632 = CARTESIAN_POINT ( 'NONE',  ( -5.799693241641059593, 7.466759448375030139, -5.674335205950789884 ) ) ;
#1633 = EDGE_CURVE ( 'NONE', #2395, #4341, #539, .T. ) ;
#1634 = CARTESIAN_POINT ( 'NONE',  ( 20.04076343630468315, 7.232071707647239833, -5.437432554229109094 ) ) ;
#1635 = EDGE_LOOP ( 'NONE', ( #1875, #3658, #508, #4071, #1608 ) ) ;
#1636 = DIRECTION ( 'NONE',  ( -0.8462062767335206681, 0.5328554562137768347, 0.000000000000000000 ) ) ;
#1637 = CARTESIAN_POINT ( 'NONE',  ( -10.92440085844156705, 6.938845308697494829, -4.794426309335912073 ) ) ;
#1638 = ORIENTED_EDGE ( 'NONE', *, *, #514, .T. ) ;
#1639 = EDGE_CURVE ( 'NONE', #3018, #2206, #955, .T. ) ;
#1640 = DIRECTION ( 'NONE',  ( 0.000000000000000000, 0.000000000000000000, 1.000000000000000000 ) ) ;
#1641 = CARTESIAN_POINT ( 'NONE',  ( 5.135919168260992151, 7.201872317312448146, 5.408534722594090738 ) ) ;
#1642 = ORIENTED_EDGE ( 'NONE', *, *, #3953, .F. ) ;
#1643 = EDGE_CURVE ( 'NONE', #864, #3297, #462, .T. ) ;
#1644 = FACE_OUTER_BOUND ( 'NONE', #4310, .T. ) ;
#1645 = LINE ( 'NONE', #3031, #4268 ) ;
#1646 = CARTESIAN_POINT ( 'NONE',  ( 24.22566654420050014, -0.9727623834292100646, 8.757575757575759567 ) ) ;
#1647 = ORIENTED_EDGE ( 'NONE', *, *, #3718, .T. ) ;
#1648 = CARTESIAN_POINT ( 'NONE',  ( -61.00000000000000000, -16.50000000000000000, 9.500000000000000000 ) ) ;
#1649 = CARTESIAN_POINT ( 'NONE',  ( 3.927032804353482565, 6.532577044347371853, -4.740152801922131509 ) ) ;
#1650 = CARTESIAN_POINT ( 'NONE',  ( -17.22294130491483344, 5.087864780149113031, -2.927458237824415832 ) ) ;
#1651 = EDGE_CURVE ( 'NONE', #4093, #4278, #2446, .T. ) ;
#1652 = ORIENTED_EDGE ( 'NONE', *, *, #4195, .T. ) ;
#1653 = CARTESIAN_POINT ( 'NONE',  ( -4.815532678565149993, 8.000000000000000000, -7.450216444695049844 ) ) ;
#1654 = DIRECTION ( 'NONE',  ( 0.000000000000000000, 0.000000000000000000, 1.000000000000000000 ) ) ;
#1655 = CARTESIAN_POINT ( 'NONE',  ( 12.11254090851467957, 6.797713737550350466, -5.005289495126119981 ) ) ;
#1656 = CIRCLE ( 'NONE', #4201, 6.999999999999999112 ) ;
#1657 = PLANE ( 'NONE',  #2931 ) ;
#1658 = CARTESIAN_POINT ( 'NONE',  ( 11.99783398527363332, 6.490473997887911572, 4.308221899958096124 ) ) ;
#1659 = EDGE_LOOP ( 'NONE', ( #3670, #2151, #958, #174 ) ) ;
#1660 = EDGE_CURVE ( 'NONE', #3297, #864, #528, .T. ) ;
#1661 = CONICAL_SURFACE ( 'NONE', #2927, 5.000000000000000888, 0.7853981633974490562 ) ;
#1662 = CARTESIAN_POINT ( 'NONE',  ( 11.15782449313975988, 7.121320343559640165, 5.328896101135410568 ) ) ;
#1663 = CARTESIAN_POINT ( 'NONE',  ( 10.45406442370489586, 7.287593136138632133, 5.491179055602099623 ) ) ;
#1664 = VECTOR ( 'NONE', #2434, 1000.000000000000000 ) ;
#1665 = DIRECTION ( 'NONE',  ( -4.270088556250600220E-16, -1.000000000000000000, 0.000000000000000000 ) ) ;
#1666 = CARTESIAN_POINT ( 'NONE',  ( -22.45733909130899875, 7.862830168421680810, 5.932582459197500491 ) ) ;
#1667 = CIRCLE ( 'NONE', #3508, 3.000000000000000000 ) ;
#1668 = VERTEX_POINT ( 'NONE', #3117 ) ;
#1669 = DIRECTION ( 'NONE',  ( -1.734723475976805122E-16, 1.000000000000000000, 0.000000000000000000 ) ) ;
#1670 = CARTESIAN_POINT ( 'NONE',  ( -7.986678585852459378, 7.433333333333330017, -5.330248919129270568 ) ) ;
#1671 = FACE_OUTER_BOUND ( 'NONE', #999, .T. ) ;
#1672 = CIRCLE ( 'NONE', #49, 6.999999999999999112 ) ;
#1673 = ORIENTED_EDGE ( 'NONE', *, *, #2005, .F. ) ;
#1674 = LINE ( 'NONE', #3019, #1243 ) ;
#1675 = VERTEX_POINT ( 'NONE', #3825 ) ;
#1676 = DIRECTION ( 'NONE',  ( -0.000000000000000000, 1.000000000000000000, 0.000000000000000000 ) ) ;
#1677 = CARTESIAN_POINT ( 'NONE',  ( -9.100920346886493206, 8.000000000000001776, 6.435689278559207693 ) ) ;
#1678 = CARTESIAN_POINT ( 'NONE',  ( 32.37964710633750087, 9.500000000000000000, -7.500000000000000000 ) ) ;
#1679 = ORIENTED_EDGE ( 'NONE', *, *, #2686, .T. ) ;
#1680 = CARTESIAN_POINT ( 'NONE',  ( 8.251439517387121114, 8.000000000000000000, 7.312391418772339335 ) ) ;
#1681 = EDGE_CURVE ( 'NONE', #28, #1793, #1111, .T. ) ;
#1682 = CARTESIAN_POINT ( 'NONE',  ( 9.637220992941681885, 7.430069596761756046, 5.623658473203400732 ) ) ;
#1683 = ORIENTED_EDGE ( 'NONE', *, *, #789, .F. ) ;
#1684 = EDGE_CURVE ( 'NONE', #986, #626, #4182, .T. ) ;
#1685 = CARTESIAN_POINT ( 'NONE',  ( -32.37964710633750087, 9.500000000000000000, 9.500000000000000000 ) ) ;
#1686 = CARTESIAN_POINT ( 'NONE',  ( -59.00000000000000000, -1.354091417495675964, 9.500000000000000000 ) ) ;
#1687 = CARTESIAN_POINT ( 'NONE',  ( 24.22566654420050014, 8.000000000000000000, 5.896915585795940551 ) ) ;
#1688 = CARTESIAN_POINT ( 'NONE',  ( -24.22566654420050014, 8.000000000000000000, -5.896915585795940551 ) ) ;
#1689 = ORIENTED_EDGE ( 'NONE', *, *, #4225, .T. ) ;
#1690 = CARTESIAN_POINT ( 'NONE',  ( -32.37964710633750087, 16.50000000000000000, 7.500000000000000000 ) ) ;
#1691 = CARTESIAN_POINT ( 'NONE',  ( -20.92776032460886526, 7.372017194727082057, 5.216427539911925315 ) ) ;
#1692 = ADVANCED_FACE ( 'NONE', ( #157 ), #363, .T. ) ;
#1693 = PLANE ( 'NONE',  #1090 ) ;
#1694 =( BOUNDED_CURVE ( )  B_SPLINE_CURVE ( 3, ( #2128, #3116, #3801, #4069 ),
 .UNSPECIFIED., .F., .F. ) 
 B_SPLINE_CURVE_WITH_KNOTS ( ( 4, 4 ),
 ( 3.473827933469295193, 3.816468874301110148 ),
 .UNSPECIFIED. ) 
 CURVE ( )  GEOMETRIC_REPRESENTATION_ITEM ( )  RATIONAL_B_SPLINE_CURVE ( ( 1.000000000000000000, 0.9902403382894759964, 0.9902403382894759964, 1.000000000000000000 ) ) 
 REPRESENTATION_ITEM ( '' )  );
#1695 = ORIENTED_EDGE ( 'NONE', *, *, #2261, .F. ) ;
#1696 = CARTESIAN_POINT ( 'NONE',  ( 61.00000000000000000, -16.50000000000000000, -7.500000000000000000 ) ) ;
#1697 = ORIENTED_EDGE ( 'NONE', *, *, #1257, .T. ) ;
#1698 = DIRECTION ( 'NONE',  ( 0.000000000000000000, 0.000000000000000000, 1.000000000000000000 ) ) ;
#1699 = CARTESIAN_POINT ( 'NONE',  ( 17.22251602772319146, 5.283478220215272358, 3.491053977791047203 ) ) ;
#1700 = CARTESIAN_POINT ( 'NONE',  ( -6.872436824818296763, 7.999999999999771738, 6.435689278559316051 ) ) ;
#1701 = CARTESIAN_POINT ( 'NONE',  ( 17.78807915201425160, 5.783166991651950362, -3.990742749227719877 ) ) ;
#1702 = ORIENTED_EDGE ( 'NONE', *, *, #3588, .T. ) ;
#1703 = CARTESIAN_POINT ( 'NONE',  ( 5.345087597039600347, 8.000000000000000000, 7.450216439758099440 ) ) ;
#1704 = APPLICATION_CONTEXT ( 'configuration controlled 3d designs of mechanical parts and assemblies' ) ;
#1705 = CARTESIAN_POINT ( 'NONE',  ( 10.25522750368538638, 7.327898413113802967, 5.529376686552080145 ) ) ;
#1706 = EDGE_LOOP ( 'NONE', ( #612, #3374, #3587, #155 ) ) ;
#1707 = CARTESIAN_POINT ( 'NONE',  ( -4.815532678565170421, 8.000000000000000000, -7.450216444695049844 ) ) ;
#1708 = B_SPLINE_CURVE_WITH_KNOTS ( 'NONE', 3,
 ( #2168, #3156, #761, #3109, #780, #2192, #1185, #2805, #3461, #413, #456, #2537, #3881, #2121, #1766, #3533, #847, #81, #3511, #432, #3861, #150, #480, #1833, #3178, #1424, #129, #102, #1493, #2141, #2779, #1449, #3482, #2843, #4193, #1162, #498, #3308, #192, #1583, #278, #2929, #230, #561, #1542, #2906, #3285, #1271, #3220, #3991, #3576, #1222, #1943, #1924, #1630, #2620, #603, #2231, #2886, #4320, #1250, #2274, #2978, #544, #2957, #2642, #1611, #1288, #910, #2208, #4301 ),
 .UNSPECIFIED., .F., .F.,
 ( 4, 2, 2, 2, 2, 2, 2, 2, 2, 2, 2, 1, 1, 2, 2, 2, 2, 2, 2, 2, 2, 1, 1, 2, 2, 2, 1, 2, 2, 2, 2, 2, 2, 2, 2, 2, 2, 4 ),
 ( 0.000000000000000000, 0.0009765624999999945790, 0.001953124999999989158, 0.003906249999999878569, 0.007812499999999559380, 0.01562499999999901815, 0.03124999999999765465, 0.06249999999999548972, 0.09374999999999332478, 0.1249999999999911460, 0.1874999999999871214, 0.2187499999999848455, 0.2343749999999835132, 0.2421874999999830691, 0.2499999999999825973, 0.3749999999999799605, 0.4374999999999785727, 0.4687499999999776845, 0.4999999999999767963, 0.6249999999999741318, 0.6874999999999727995, 0.7187499999999724665, 0.7343749999999722444, 0.7421874999999725775, 0.7499999999999729106, 0.8124999999999800160, 0.8437499999999832356, 0.8593749999999847899, 0.8749999999999863443, 0.9062499999999903411, 0.9374999999999943379, 0.9687499999999984457, 0.9843750000000001110, 0.9921875000000004441, 0.9960937500000002220, 0.9970703125000001110, 0.9980468750000000000, 1.000000000000000000 ),
 .UNSPECIFIED. ) ;
#1709 = CARTESIAN_POINT ( 'NONE',  ( -32.37964710633750087, 16.50000000000000000, 9.500000000000000000 ) ) ;
#1710 = FACE_OUTER_BOUND ( 'NONE', #608, .T. ) ;
#1711 = ADVANCED_FACE ( 'NONE', ( #4226 ), #2544, .F. ) ;
#1712 = CARTESIAN_POINT ( 'NONE',  ( -13.79175011098246095, 5.316443959558080579, -3.111041401917669980 ) ) ;
#1713 = VERTEX_POINT ( 'NONE', #3471 ) ;
#1714 = DIRECTION ( 'NONE',  ( 0.000000000000000000, 0.000000000000000000, -1.000000000000000000 ) ) ;
#1715 = CARTESIAN_POINT ( 'NONE',  ( -20.83658756043249838, 7.335793867024781534, 5.177152343541244761 ) ) ;
#1716 = DIRECTION ( 'NONE',  ( -1.000000000000000000, 0.000000000000000000, 0.000000000000000000 ) ) ;
#1717 = ADVANCED_FACE ( 'NONE', ( #3495 ), #443, .T. ) ;
#1718 = ORIENTED_EDGE ( 'NONE', *, *, #1776, .T. ) ;
#1719 = CARTESIAN_POINT ( 'NONE',  ( -11.15782449313975988, 5.000000000000000000, 7.450216444695049844 ) ) ;
#1720 = ORIENTED_EDGE ( 'NONE', *, *, #619, .F. ) ;
#1721 = CARTESIAN_POINT ( 'NONE',  ( 51.00000000000000711, -16.49999999999999645, 0.000000000000000000 ) ) ;
#1722 = CARTESIAN_POINT ( 'NONE',  ( 5.264200404540152256, 7.232768733743391465, -5.438764190713544444 ) ) ;
#1723 =( BOUNDED_SURFACE ( )  B_SPLINE_SURFACE ( 3, 2, ( 
 ( #692, #2670, #3040 ),
 ( #978, #3394, #3532 ),
 ( #1832, #2804, #3129 ),
 ( #3460, #4215, #2167 ),
 ( #760, #128, #479 ),
 ( #846, #3794, #2536 ) ),
 .UNSPECIFIED., .F., .F., .F. ) 
 B_SPLINE_SURFACE_WITH_KNOTS ( ( 4, 2, 4 ),
 ( 3, 3 ),
 ( 0.000000000000000000, 0.3269375029460239723, 0.6538750058920479447 ),
 ( 0.000000000000000000, 1.000000000000000000 ),
 .UNSPECIFIED. ) 
 GEOMETRIC_REPRESENTATION_ITEM ( )  RATIONAL_B_SPLINE_SURFACE ( (
 ( 1.000000000000000000, 0.9238795325112859613, 1.000000000000000000),
 ( 1.000000000000000000, 0.9238838802565979558, 1.000000000000000000),
 ( 1.000000000000000000, 0.9204592835043590160, 1.000000000000000000),
 ( 1.000000000000000000, 0.9069167245978659864, 1.000000000000000000),
 ( 1.000000000000000000, 0.8967984940931380544, 1.000000000000000000),
 ( 1.000000000000000000, 0.8835309257402880201, 1.000000000000000000) ) ) 
 REPRESENTATION_ITEM ( '' )  SURFACE ( )  );
#1724 = CARTESIAN_POINT ( 'NONE',  ( 1.911890070364605121, 6.051951118010780561, -3.198866703806725109 ) ) ;
#1725 = CARTESIAN_POINT ( 'NONE',  ( 19.90294886555179588, 6.973271744247730553, -5.180847501824030310 ) ) ;
#1726 = CC_DESIGN_DATE_AND_TIME_ASSIGNMENT ( #1518, #2864, ( #3294 ) ) ;
#1727 = ORIENTED_EDGE ( 'NONE', *, *, #2960, .F. ) ;
#1728 = CARTESIAN_POINT ( 'NONE',  ( -18.28466544649865000, 5.751445432112180178, 3.460412663337820049 ) ) ;
#1729 = AXIS2_PLACEMENT_3D ( 'NONE', #2707, #1401, #3411 ) ;
#1730 = CARTESIAN_POINT ( 'NONE',  ( 10.70982242737302848, 7.231740987309252411, 5.437577080610918046 ) ) ;
#1731 = ORIENTED_EDGE ( 'NONE', *, *, #116, .T. ) ;
#1732 = AXIS2_PLACEMENT_3D ( 'NONE', #1195, #3209, #4291 ) ;
#1733 = CARTESIAN_POINT ( 'NONE',  ( -7.705769409415887061, 8.000000000000232703, -6.454733606426945158 ) ) ;
#1734 = CARTESIAN_POINT ( 'NONE',  ( 0.4244475318375289241, 4.631151059171251028, 2.528066644967210230 ) ) ;
#1735 = CARTESIAN_POINT ( 'NONE',  ( -23.29710879178829686, 7.967054103169491697, 5.959309120095929835 ) ) ;
#1736 = CARTESIAN_POINT ( 'NONE',  ( -14.30503062181701424, 5.060795323869777818, -3.268371081445718751 ) ) ;
#1737 = ORIENTED_EDGE ( 'NONE', *, *, #970, .F. ) ;
#1738 = VECTOR ( 'NONE', #1993, 1000.000000000000000 ) ;
#1739 = DIRECTION ( 'NONE',  ( 0.6248006765897409220, -0.7807842944968872434, 0.000000000000000000 ) ) ;
#1740 = DIRECTION ( 'NONE',  ( 0.000000000000000000, 0.7071067811865455743, -0.7071067811865495711 ) ) ;
#1741 = LINE ( 'NONE', #2028, #4131 ) ;
#1742 = EDGE_CURVE ( 'NONE', #3621, #3765, #1481, .T. ) ;
#1743 = VECTOR ( 'NONE', #3378, 1000.000000000000000 ) ;
#1744 = ORIENTED_EDGE ( 'NONE', *, *, #989, .T. ) ;
#1745 = DIRECTION ( 'NONE',  ( -5.782411586589356653E-16, 0.000000000000000000, 1.000000000000000000 ) ) ;
#1746 = VERTEX_POINT ( 'NONE', #2965 ) ;
#1747 = CIRCLE ( 'NONE', #3720, 0.7499999999999998890 ) ;
#1748 = CARTESIAN_POINT ( 'NONE',  ( -11.15782449313975988, 8.000000000000000000, 7.450216444695049844 ) ) ;
#1749 = LINE ( 'NONE', #2412, #1515 ) ;
#1750 = CARTESIAN_POINT ( 'NONE',  ( -9.044241320499979864, 8.000000000000000000, 7.346504454358890435 ) ) ;
#1751 = CARTESIAN_POINT ( 'NONE',  ( -14.46349352418000045, 5.285519011914040277, 3.493094769489820006 ) ) ;
#1752 = ORIENTED_EDGE ( 'NONE', *, *, #1123, .T. ) ;
#1753 = CARTESIAN_POINT ( 'NONE',  ( 5.291668648378978546, 8.000000000000007105, 6.304223047162524018 ) ) ;
#1754 = CARTESIAN_POINT ( 'NONE',  ( -22.45387872773096305, 7.854664678733899841, -5.924092509631035952 ) ) ;
#1755 = ORIENTED_EDGE ( 'NONE', *, *, #4170, .T. ) ;
#1756 = CARTESIAN_POINT ( 'NONE',  ( 59.00000000000000000, -0.2499999999999905076, 9.500000000000000000 ) ) ;
#1757 = DIRECTION ( 'NONE',  ( -1.000000000000000000, 0.000000000000000000, 0.000000000000000000 ) ) ;
#1758 = CARTESIAN_POINT ( 'NONE',  ( -59.00000000000000000, -16.50000000000000000, -9.500000000000000000 ) ) ;
#1759 = CARTESIAN_POINT ( 'NONE',  ( -16.33197202950129778, 4.814237972901421081, -2.707694861451935164 ) ) ;
#1760 = ORIENTED_EDGE ( 'NONE', *, *, #2681, .T. ) ;
#1761 = CARTESIAN_POINT ( 'NONE',  ( -18.66718267361070005, 6.559876327542799146, -4.767452085118559779 ) ) ;
#1762 = CARTESIAN_POINT ( 'NONE',  ( -11.15782449313975988, 8.000000000000000000, 7.450216444695049844 ) ) ;
#1763 = CARTESIAN_POINT ( 'NONE',  ( -20.44605766397432589, 7.368713126214725406, 5.564569959143348399 ) ) ;
#1764 = ORIENTED_EDGE ( 'NONE', *, *, #996, .T. ) ;
#1765 = DIRECTION ( 'NONE',  ( -0.8462062767335200020, -0.5328554562137779449, 0.000000000000000000 ) ) ;
#1766 = CARTESIAN_POINT ( 'NONE',  ( -5.134454308599515571, 7.201580757446293113, 5.408255834870742795 ) ) ;
#1767 = CARTESIAN_POINT ( 'NONE',  ( 0.7463747324898413193, 4.588950156422591853, -2.796525913998366253 ) ) ;
#1768 = CARTESIAN_POINT ( 'NONE',  ( -17.78807915201425160, 6.313497077541860847, 3.460412663337809835 ) ) ;
#1769 = ADVANCED_FACE ( 'NONE', ( #1278 ), #1657, .T. ) ;
#1770 = CARTESIAN_POINT ( 'NONE',  ( -11.15782449313975988, 7.121320343559640165, 5.328896101135410568 ) ) ;
#1771 = CARTESIAN_POINT ( 'NONE',  ( 3.157150804538642053, 6.087863404464552097, 3.872316138406187935 ) ) ;
#1772 = ORIENTED_EDGE ( 'NONE', *, *, #355, .T. ) ;
#1773 = CARTESIAN_POINT ( 'NONE',  ( 19.73661185555179642, 8.000000000000000000, -7.450216444695049844 ) ) ;
#1774 = CARTESIAN_POINT ( 'NONE',  ( 10.25296246849667448, 7.327487257254015951, -5.528817111458597999 ) ) ;
#1775 = ORIENTED_EDGE ( 'NONE', *, *, #4114, .T. ) ;
#1776 = EDGE_CURVE ( 'NONE', #2583, #2453, #2587, .T. ) ;
#1777 = CARTESIAN_POINT ( 'NONE',  ( -5.345087597039550609, 8.000000000000000000, -7.450216439760390053 ) ) ;
#1778 = LINE ( 'NONE', #1063, #4196 ) ;
#1779 = CARTESIAN_POINT ( 'NONE',  ( -17.40761902367051661, 5.141037911594191989, 3.348613669170227070 ) ) ;
#1780 = CYLINDRICAL_SURFACE ( 'NONE', #2514, 3.810000000000000941 ) ;
#1781 = DIRECTION ( 'NONE',  ( -1.000000000000000000, 0.000000000000000000, 0.000000000000000000 ) ) ;
#1782 = CARTESIAN_POINT ( 'NONE',  ( -24.14686846720825031, 8.000000000000000000, 5.959222754088900231 ) ) ;
#1783 = ORIENTED_EDGE ( 'NONE', *, *, #2802, .T. ) ;
#1784 = CARTESIAN_POINT ( 'NONE',  ( -2.380490577806920083, 5.466362897138119514, 3.198866703806734879 ) ) ;
#1785 = DIRECTION ( 'NONE',  ( 1.000000000000000000, 0.000000000000000000, 0.000000000000000000 ) ) ;
#1786 = COORDINATED_UNIVERSAL_TIME_OFFSET ( 5, 0, .BEHIND. ) ;
#1787 = CARTESIAN_POINT ( 'NONE',  ( -29.92636144974730072, 9.750000000000000000, -9.500000000000000000 ) ) ;
#1788 = EDGE_CURVE ( 'NONE', #4278, #952, #1258, .T. ) ;
#1789 = CARTESIAN_POINT ( 'NONE',  ( -19.73661185555193143, 8.000000000000000000, -6.207575757575792608 ) ) ;
#1790 = CARTESIAN_POINT ( 'NONE',  ( -13.90071101811525978, 5.647515561390850536, -3.855091318966619607 ) ) ;
#1791 = VERTEX_POINT ( 'NONE', #1619 ) ;
#1792 = CARTESIAN_POINT ( 'NONE',  ( 9.856464708531104790, 7.397444534910097680, -5.593769156835574741 ) ) ;
#1793 = VERTEX_POINT ( 'NONE', #1930 ) ;
#1794 = ADVANCED_FACE ( 'NONE', ( #2306 ), #2564, .F. ) ;
#1795 = CARTESIAN_POINT ( 'NONE',  ( -0.8570007051151740107, 4.704133290599219919, 2.586682295405400289 ) ) ;
#1796 = EDGE_CURVE ( 'NONE', #1078, #397, #3267, .T. ) ;
#1797 = CARTESIAN_POINT ( 'NONE',  ( -5.291668648378843542, 7.999999999999550582, -6.304223047162451188 ) ) ;
#1798 = CARTESIAN_POINT ( 'NONE',  ( 1.286895037211389425, 4.854964736263833736, 2.707822749650126148 ) ) ;
#1799 = CARTESIAN_POINT ( 'NONE',  ( -15.76200707051776995, 4.796667790895004835, 3.004243548470783676 ) ) ;
#1800 = AXIS2_PLACEMENT_3D ( 'NONE', #1962, #3303, #3962 ) ;
#1801 = CYLINDRICAL_SURFACE ( 'NONE', #3357, 2.649999999999999467 ) ;
#1802 = CARTESIAN_POINT ( 'NONE',  ( 17.91614504382446782, 5.455703347897185473, 3.223078403806974190 ) ) ;
#1803 = CARTESIAN_POINT ( 'NONE',  ( -24.22566654420050014, 8.000000000000000000, 5.896915585795940551 ) ) ;
#1804 = CIRCLE ( 'NONE', #3985, 3.000000000000000000 ) ;
#1805 = CARTESIAN_POINT ( 'NONE',  ( 20.07432787817404574, 7.049961104122907329, 4.867472120221417065 ) ) ;
#1806 = APPROVAL ( #4258, 'UNSPECIFIED' ) ;
#1807 = AXIS2_PLACEMENT_3D ( 'NONE', #1105, #69, #2463 ) ;
#1808 = EDGE_LOOP ( 'NONE', ( #2362, #2949, #879, #1405 ) ) ;
#1809 = CARTESIAN_POINT ( 'NONE',  ( -6.861064736761767868, 7.421646652497122965, 5.629222410073817073 ) ) ;
#1810 = CARTESIAN_POINT ( 'NONE',  ( 18.28466544649865000, 5.751445432112169520, -3.460412663337814720 ) ) ;
#1811 = CALENDAR_DATE ( 2025, 10, 10 ) ;
#1812 = CARTESIAN_POINT ( 'NONE',  ( 9.147100393955939879, 7.492115027270129346, -5.678948387545969645 ) ) ;
#1813 = VECTOR ( 'NONE', #948, 1000.000000000000000 ) ;
#1814 = DIRECTION ( 'NONE',  ( -1.000000000000000000, 0.000000000000000000, 0.000000000000000000 ) ) ;
#1815 = VECTOR ( 'NONE', #998, 1000.000000000000000 ) ;
#1816 = CARTESIAN_POINT ( 'NONE',  ( 20.62428812256622734, 7.424702134296575551, 5.614177774139219146 ) ) ;
#1817 = EDGE_LOOP ( 'NONE', ( #2522, #1862, #3906, #287 ) ) ;
#1818 = CARTESIAN_POINT ( 'NONE',  ( 6.898968220460759859, 7.422405997481950735, 5.318408207715699554 ) ) ;
#1819 = CARTESIAN_POINT ( 'NONE',  ( 4.879182897566771260, 7.137942256342143743, 5.345480323227699948 ) ) ;
#1820 = VECTOR ( 'NONE', #382, 1000.000000000000000 ) ;
#1821 = CARTESIAN_POINT ( 'NONE',  ( -20.07339083221516063, 7.243480519486742431, -5.448308956734826403 ) ) ;
#1822 = CARTESIAN_POINT ( 'NONE',  ( 15.16456998077864959, 5.054739366550280444, -3.262315124126049959 ) ) ;
#1823 = CARTESIAN_POINT ( 'NONE',  ( 61.00000000000000000, -0.2499999999999880373, 9.500000000000000000 ) ) ;
#1824 = FACE_OUTER_BOUND ( 'NONE', #523, .T. ) ;
#1825 = EDGE_CURVE ( 'NONE', #952, #338, #2262, .T. ) ;
#1826 = LINE ( 'NONE', #184, #3429 ) ;
#1827 = CARTESIAN_POINT ( 'NONE',  ( -23.14335440111425157, 8.000000000000000000, -5.896915585794920034 ) ) ;
#1828 = DIRECTION ( 'NONE',  ( 0.7071067811865474617, 0.000000000000000000, 0.7071067811865474617 ) ) ;
#1829 = CARTESIAN_POINT ( 'NONE',  ( -20.97990983624578831, 7.530084023254081771, 5.703801860625422826 ) ) ;
#1830 = ADVANCED_FACE ( 'NONE', ( #3649 ), #3972, .F. ) ;
#1831 = VERTEX_POINT ( 'NONE', #3954 ) ;
#1832 = CARTESIAN_POINT ( 'NONE',  ( 15.09511773676179835, 5.071331045403089988, 3.278906802978870161 ) ) ;
#1833 = CARTESIAN_POINT ( 'NONE',  ( -6.255900757630881159, 7.418566730893213723, 5.613211521498763901 ) ) ;
#1834 = DIRECTION ( 'NONE',  ( 1.000000000000000000, 0.000000000000000000, 0.000000000000000000 ) ) ;
#1835 = CARTESIAN_POINT ( 'NONE',  ( -1.653113415574928968, 4.983455026350191552, 2.811015782875155633 ) ) ;
#1836 = CARTESIAN_POINT ( 'NONE',  ( 59.00000000000000000, -1.354091417495664196, 9.500000000000000000 ) ) ;
#1837 = CARTESIAN_POINT ( 'NONE',  ( 20.35327016056303862, 7.338312468595990623, 5.536845068937634728 ) ) ;
#1838 = VERTEX_POINT ( 'NONE', #237 ) ;
#1839 = CARTESIAN_POINT ( 'NONE',  ( 37.72998819349644606, 4.358276804926674686, -7.750000000000000000 ) ) ;
#1840 = ORIENTED_EDGE ( 'NONE', *, *, #33, .T. ) ;
#1841 = CARTESIAN_POINT ( 'NONE',  ( 55.40000000000000568, -8.500000000000000000, 5.388445916248358943E-16 ) ) ;
#1842 = LINE ( 'NONE', #4204, #3288 ) ;
#1843 =( BOUNDED_SURFACE ( )  B_SPLINE_SURFACE ( 3, 2, ( 
 ( #1662, #1598, #2611 ),
 ( #3957, #2657, #2676 ),
 ( #4022, #4329, #1933 ),
 ( #572, #4004, #592 ),
 ( #3671, #632, #1995 ),
 ( #266, #984, #4367 ),
 ( #3339, #654, #1680 ),
 ( #3298, #3026, #1281 ),
 ( #1622, #3607, #2968 ),
 ( #3098, #2744, #1058 ),
 ( #2721, #439, #720 ),
 ( #747, #4111, #767 ),
 ( #2397, #1753, #1703 ),
 ( #2081, #4135, #1103 ) ),
 .UNSPECIFIED., .F., .F., .F. ) 
 B_SPLINE_SURFACE_WITH_KNOTS ( ( 4, 2, 2, 2, 2, 2, 4 ),
 ( 3, 3 ),
 ( -7.372574772901430151E-18, 0.001587069792343390098, 0.002380604688515090134, 0.003174139584686790170, 0.003967674480858490206, 0.004761209377030189809, 0.006348279169373589881 ),
 ( 0.000000000000000000, 1.000000000000000000 ),
 .UNSPECIFIED. ) 
 GEOMETRIC_REPRESENTATION_ITEM ( )  RATIONAL_B_SPLINE_SURFACE ( (
 ( 1.000000000000000000, 0.9238795325112869605, 1.000000000000000000),
 ( 1.000000000000000000, 0.9344924826320419875, 1.000000000000000000),
 ( 1.000000000000000000, 0.9438259671375659465, 1.000000000000000000),
 ( 1.000000000000000000, 0.9540021288974769309, 1.000000000000000000),
 ( 1.000000000000000000, 0.9567423952257060327, 1.000000000000000000),
 ( 1.000000000000000000, 0.9604873732734630076, 1.000000000000000000),
 ( 1.000000000000000000, 0.9614803401237120850, 1.000000000000000000),
 ( 1.000000000000000000, 0.9614803401237120850, 1.000000000000000000),
 ( 1.000000000000000000, 0.9604873732734909852, 1.000000000000000000),
 ( 1.000000000000000000, 0.9567423952256770558, 1.000000000000000000),
 ( 1.000000000000000000, 0.9540021288974729341, 1.000000000000000000),
 ( 1.000000000000000000, 0.9438259671375639481, 1.000000000000000000),
 ( 1.000000000000000000, 0.9344924826320429867, 1.000000000000000000),
 ( 1.000000000000000000, 0.9238795325112859613, 1.000000000000000000) ) ) 
 REPRESENTATION_ITEM ( '' )  SURFACE ( )  );
#1844 = ORIENTED_EDGE ( 'NONE', *, *, #1247, .T. ) ;
#1845 = DIRECTION ( 'NONE',  ( 1.000000000000000000, 0.000000000000000000, 0.000000000000000000 ) ) ;
#1846 = DIRECTION ( 'NONE',  ( -1.000000000000000000, 0.000000000000000000, 0.000000000000000000 ) ) ;
#1847 = EDGE_CURVE ( 'NONE', #3388, #2691, #1019, .T. ) ;
#1848 = CARTESIAN_POINT ( 'NONE',  ( -32.37964710633750087, 16.50000000000000000, -7.500000000000000000 ) ) ;
#1849 = EDGE_CURVE ( 'NONE', #1668, #3182, #2241, .T. ) ;
#1850 = CARTESIAN_POINT ( 'NONE',  ( -41.00000000000000000, -16.50000000000000000, -7.750000000000000000 ) ) ;
#1851 = DIRECTION ( 'NONE',  ( 0.7071067811865475727, 9.058225723175622340E-16, 0.7071067811865475727 ) ) ;
#1852 = ORIENTED_EDGE ( 'NONE', *, *, #2043, .F. ) ;
#1853 = EDGE_CURVE ( 'NONE', #2631, #276, #35, .T. ) ;
#1854 = CARTESIAN_POINT ( 'NONE',  ( 19.73661185555179642, 8.000000000000000000, -7.450216444695049844 ) ) ;
#1855 = LINE ( 'NONE', #2863, #1593 ) ;
#1856 = DATE_AND_TIME ( #499, #1508 ) ;
#1857 = CARTESIAN_POINT ( 'NONE',  ( 9.044241320500100656, 8.000000000000000000, -7.346504454358670166 ) ) ;
#1858 = DIRECTION ( 'NONE',  ( 1.000000000000000000, 1.734723475976804876E-16, 0.000000000000000000 ) ) ;
#1859 = CARTESIAN_POINT ( 'NONE',  ( 20.71162089104539561, 7.451219242299801593, 5.637106802053037491 ) ) ;
#1860 = EDGE_LOOP ( 'NONE', ( #181, #7, #2769, #1390 ) ) ;
#1861 = CARTESIAN_POINT ( 'NONE',  ( 2.380490577806910313, 5.466362897138109744, 3.198866703806729994 ) ) ;
#1862 = ORIENTED_EDGE ( 'NONE', *, *, #3030, .F. ) ;
#1863 = CC_DESIGN_PERSON_AND_ORGANIZATION_ASSIGNMENT ( #2827, #457, ( #326 ) ) ;
#1864 = CARTESIAN_POINT ( 'NONE',  ( -19.73661185555189945, 7.121320343559700561, -5.328896101135460306 ) ) ;
#1865 = CARTESIAN_POINT ( 'NONE',  ( 17.44357990786975776, 5.160634643864709048, -3.368210401440479007 ) ) ;
#1866 = ORIENTED_EDGE ( 'NONE', *, *, #3577, .T. ) ;
#1867 = CARTESIAN_POINT ( 'NONE',  ( 9.921784288765744364, 7.225622690217021749, -5.104931195829797375 ) ) ;
#1868 = CARTESIAN_POINT ( 'NONE',  ( -55.40000000000000568, 3.276315789473670748, 0.000000000000000000 ) ) ;
#1869 = EDGE_CURVE ( 'NONE', #3673, #3265, #550, .T. ) ;
#1870 =( BOUNDED_SURFACE ( )  B_SPLINE_SURFACE ( 3, 2, ( 
 ( #1340, #2718, #2695 ),
 ( #1004, #3446, #1362 ),
 ( #1751, #1077, #1429 ),
 ( #418, #2036, #3711 ),
 ( #1055, #4089, #3756 ),
 ( #2765, #3423, #66 ) ),
 .UNSPECIFIED., .F., .F., .F. ) 
 B_SPLINE_SURFACE_WITH_KNOTS ( ( 4, 2, 4 ),
 ( 3, 3 ),
 ( 5.629310301287540064, 5.956247804233560039, 6.283185307179590673 ),
 ( 0.000000000000000000, 1.000000000000000000 ),
 .UNSPECIFIED. ) 
 GEOMETRIC_REPRESENTATION_ITEM ( )  RATIONAL_B_SPLINE_SURFACE ( (
 ( 1.000000000000000000, 0.8835309257402870209, 1.000000000000000000),
 ( 1.000000000000000000, 0.8967984940931089666, 1.000000000000000000),
 ( 1.000000000000000000, 0.9069167245979059544, 1.000000000000000000),
 ( 1.000000000000000000, 0.9204592835043200472, 1.000000000000000000),
 ( 1.000000000000000000, 0.9238838802566270436, 1.000000000000000000),
 ( 1.000000000000000000, 0.9238795325112859613, 1.000000000000000000) ) ) 
 REPRESENTATION_ITEM ( '' )  SURFACE ( )  );
#1871 = DIRECTION ( 'NONE',  ( 0.000000000000000000, 0.7071067811865455743, -0.7071067811865495711 ) ) ;
#1872 = FACE_OUTER_BOUND ( 'NONE', #265, .T. ) ;
#1873 = CARTESIAN_POINT ( 'NONE',  ( 21.50858726885600447, 8.000000000000003553, 6.440231863572090099 ) ) ;
#1874 = AXIS2_PLACEMENT_3D ( 'NONE', #1823, #4185, #3762 ) ;
#1875 = ORIENTED_EDGE ( 'NONE', *, *, #3404, .F. ) ;
#1876 = CIRCLE ( 'NONE', #3420, 3.000000000000000000 ) ;
#1877 = CARTESIAN_POINT ( 'NONE',  ( -13.90071101811525978, 5.647515561390850536, 3.855091318966624936 ) ) ;
#1878 = CARTESIAN_POINT ( 'NONE',  ( -22.49717577811689750, 8.000000000000000000, -6.925391811144949727 ) ) ;
#1879 = EDGE_CURVE ( 'NONE', #260, #2322, #179, .T. ) ;
#1880 = COORDINATED_UNIVERSAL_TIME_OFFSET ( 5, 0, .BEHIND. ) ;
#1881 = DIRECTION ( 'NONE',  ( 0.3767857064810128942, -0.5983581965608888442, -0.7071067811865507924 ) ) ;
#1882 = CARTESIAN_POINT ( 'NONE',  ( -10.10018700277490034, 8.000000000000000000, -7.417823425373449631 ) ) ;
#1883 = CARTESIAN_POINT ( 'NONE',  ( 29.92636144974735046, 9.750000000000000000, -9.500000000000000000 ) ) ;
#1884 = ORIENTED_EDGE ( 'NONE', *, *, #2622, .F. ) ;
#1885 = AXIS2_PLACEMENT_3D ( 'NONE', #4187, #2551, #841 ) ;
#1886 = CARTESIAN_POINT ( 'NONE',  ( 2.752722456585410260, 6.194473505601030716, 4.402049263176799343 ) ) ;
#1887 = ORIENTED_EDGE ( 'NONE', *, *, #34, .F. ) ;
#1888 = CIRCLE ( 'NONE', #1177, 6.999999999999999112 ) ;
#1889 = CARTESIAN_POINT ( 'NONE',  ( -21.25529196882452254, 7.603187805173591940, -5.761185303683980408 ) ) ;
#1890 = CARTESIAN_POINT ( 'NONE',  ( -9.424767377629958531, 7.460651335825350117, -5.651092374051949641 ) ) ;
#1891 = EDGE_LOOP ( 'NONE', ( #3696, #3367, #3879, #3379 ) ) ;
#1892 = EDGE_CURVE ( 'NONE', #1793, #2431, #3497, .T. ) ;
#1893 = CARTESIAN_POINT ( 'NONE',  ( -5.051680423221374561, 7.183174612949073889, -5.390750370524833635 ) ) ;
#1894 = CIRCLE ( 'NONE', #4345, 0.7500000000000005551 ) ;
#1895 = CARTESIAN_POINT ( 'NONE',  ( 23.13959698262680575, 8.004963789443067412, 6.212539547017810193 ) ) ;
#1896 = CARTESIAN_POINT ( 'NONE',  ( 34.00000000000000000, -1.565167132207974987, 9.500000000000000000 ) ) ;
#1897 = CARTESIAN_POINT ( 'NONE',  ( 0.7900710736775128362, 4.693105385671443308, -2.900681143247222149 ) ) ;
#1898 = CARTESIAN_POINT ( 'NONE',  ( 22.45721722536169906, 7.862812241616258468, 5.932575364941200746 ) ) ;
#1899 = UNCERTAINTY_MEASURE_WITH_UNIT (LENGTH_MEASURE( 1.000000000000000082E-05 ), #1450, 'distance_accuracy_value', 'NONE');
#1900 = EDGE_LOOP ( 'NONE', ( #4184, #2461, #3139, #2042 ) ) ;
#1901 = CARTESIAN_POINT ( 'NONE',  ( 22.45712842025555389, 7.862799172611010690, -5.932570188908670161 ) ) ;
#1902 = CARTESIAN_POINT ( 'NONE',  ( -24.06522056865005155, 8.000000000000000000, -6.021450425152360175 ) ) ;
#1903 =( BOUNDED_SURFACE ( )  B_SPLINE_SURFACE ( 3, 2, ( 
 ( #1578, #1963, #2923 ),
 ( #3983, #1605, #1557 ),
 ( #2553, #2952, #4276 ),
 ( #3897, #4297, #1267 ),
 ( #863, #1873, #2290 ),
 ( #3635, #273, #3215 ),
 ( #3573, #187, #1898 ),
 ( #3237, #4334, #334 ),
 ( #3694, #357, #3032 ),
 ( #1687, #1064, #2023 ) ),
 .UNSPECIFIED., .F., .F., .F. ) 
 B_SPLINE_SURFACE_WITH_KNOTS ( ( 4, 2, 2, 2, 4 ),
 ( 3, 3 ),
 ( 0.000000000000000000, 0.001204070427765540014, 0.002408140855531080027, 0.003612211283296615054, 0.004816281711062160055 ),
 ( 0.000000000000000000, 1.000000000000000000 ),
 .UNSPECIFIED. ) 
 GEOMETRIC_REPRESENTATION_ITEM ( )  RATIONAL_B_SPLINE_SURFACE ( (
 ( 1.000000000000000000, 0.9238795325112859613, 1.000000000000000000),
 ( 1.000000000000000000, 0.9337920590416239897, 1.000000000000000000),
 ( 1.000000000000000000, 0.9430754909359759797, 1.000000000000000000),
 ( 1.000000000000000000, 0.9603257502371139731, 1.000000000000000000),
 ( 1.000000000000000000, 0.9683092516943019312, 1.000000000000000000),
 ( 1.000000000000000000, 0.9824805716436100234, 1.000000000000000000),
 ( 1.000000000000000000, 0.9885112594549649856, 1.000000000000000000),
 ( 1.000000000000000000, 0.9972602403475010480, 1.000000000000000000),
 ( 1.000000000000000000, 0.9999854131497879495, 1.000000000000000000),
 ( 1.000000000000000000, 1.000000000000000000, 1.000000000000000000) ) ) 
 REPRESENTATION_ITEM ( '' )  SURFACE ( )  );
#1904 = CARTESIAN_POINT ( 'NONE',  ( 8.281295827672998655, 7.546666666666399514, -5.726677419057940810 ) ) ;
#1905 = B_SPLINE_CURVE_WITH_KNOTS ( 'NONE', 3,
 ( #1318, #2606, #1991, #587, #3332, #3354, #2627, #2912, #4263, #3293, #1231, #2584 ),
 .UNSPECIFIED., .F., .F.,
 ( 4, 2, 2, 2, 2, 4 ),
 ( 0.000000000000000000, 0.002408140855531080027, 0.003612211283296614620, 0.004214246497179384952, 0.004515264104120769902, 0.004816281711062160055 ),
 .UNSPECIFIED. ) ;
#1906 = CARTESIAN_POINT ( 'NONE',  ( -9.044229229177060958, 8.000000000000000000, -7.346782657462599175 ) ) ;
#1907 = CARTESIAN_POINT ( 'NONE',  ( 21.89807615095571691, 7.752215948834637160, -5.866537546786432245 ) ) ;
#1908 = EDGE_LOOP ( 'NONE', ( #1695, #3601, #99, #1884 ) ) ;
#1909 = CARTESIAN_POINT ( 'NONE',  ( -13.90071101811525978, 5.647515561390850536, -3.855091318966619607 ) ) ;
#1910 = ADVANCED_FACE ( 'NONE', ( #3668 ), #2983, .T. ) ;
#1911 = ORIENTED_EDGE ( 'NONE', *, *, #588, .T. ) ;
#1912 = DIRECTION ( 'NONE',  ( -1.000000000000000000, 2.775557561562890089E-14, 4.954683940282450424E-15 ) ) ;
#1913 = CARTESIAN_POINT ( 'NONE',  ( 13.44451100527151866, 5.582546102277270883, -3.324761233076705125 ) ) ;
#1914 = VERTEX_POINT ( 'NONE', #1295 ) ;
#1915 = CARTESIAN_POINT ( 'NONE',  ( -4.796137929290833490, 6.847013458069690195, 4.694914209331912502 ) ) ;
#1916 = DIRECTION ( 'NONE',  ( 0.000000000000000000, 0.000000000000000000, -1.000000000000000000 ) ) ;
#1917 = CARTESIAN_POINT ( 'NONE',  ( 22.08676322462875063, 7.809079536015110179, 5.690036786810940050 ) ) ;
#1918 = EDGE_CURVE ( 'NONE', #3746, #2502, #629, .T. ) ;
#1919 = CARTESIAN_POINT ( 'NONE',  ( -7.986678585852469148, 7.653003247443430190, -5.860579005019189935 ) ) ;
#1920 = CARTESIAN_POINT ( 'NONE',  ( 31.94671434340985172, 7.121320343559640165, -5.328896101135399910 ) ) ;
#1921 = PLANE ( 'NONE',  #1444 ) ;
#1922 = VERTEX_POINT ( 'NONE', #3335 ) ;
#1923 = CARTESIAN_POINT ( 'NONE',  ( 5.873170168930029966, 8.000000000000000000, -7.417823425373449631 ) ) ;
#1924 = CARTESIAN_POINT ( 'NONE',  ( -10.51326468574534090, 7.274935278948310824, 5.479073016298682930 ) ) ;
#1925 = CARTESIAN_POINT ( 'NONE',  ( 7.705769409416141080, 8.000000000000001776, -6.454733606426944270 ) ) ;
#1926 = CARTESIAN_POINT ( 'NONE',  ( 11.15782449313978120, 7.121320343559640165, -5.328896101135399910 ) ) ;
#1927 = CARTESIAN_POINT ( 'NONE',  ( 21.58254815860390963, 7.683658621477272632, -5.820807153432192571 ) ) ;
#1928 = ORIENTED_EDGE ( 'NONE', *, *, #3928, .T. ) ;
#1929 = CARTESIAN_POINT ( 'NONE',  ( 17.78807915201425160, 6.313497077541869729, -3.460412663337814720 ) ) ;
#1930 = CARTESIAN_POINT ( 'NONE',  ( -19.73661185555189945, 7.121320343559700561, -5.328896101135460306 ) ) ;
#1931 = DIRECTION ( 'NONE',  ( 1.000000000000000000, 0.000000000000000000, 0.000000000000000000 ) ) ;
#1932 = ORIENTED_EDGE ( 'NONE', *, *, #1606, .T. ) ;
#1933 = CARTESIAN_POINT ( 'NONE',  ( 10.10018700300950023, 8.000000000000000000, 7.417823419983469613 ) ) ;
#1934 = CARTESIAN_POINT ( 'NONE',  ( -6.408934687147181286, 7.439617580822930343, -5.632078199270631025 ) ) ;
#1935 = EDGE_CURVE ( 'NONE', #2439, #2415, #4265, .T. ) ;
#1936 = CARTESIAN_POINT ( 'NONE',  ( 23.15544220213882909, 7.999999999999998224, -5.896915585795941439 ) ) ;
#1937 = EDGE_CURVE ( 'NONE', #2395, #36, #2040, .T. ) ;
#1938 = DIRECTION ( 'NONE',  ( 1.000000000000000000, -4.270088556250600220E-16, 0.000000000000000000 ) ) ;
#1939 = CARTESIAN_POINT ( 'NONE',  ( 1.337853315032338175, 5.137337043834289574, -3.344912801410059977 ) ) ;
#1940 = CARTESIAN_POINT ( 'NONE',  ( 17.94020040371534819, 5.447102191475599930, 3.215979509442799866 ) ) ;
#1941 = ORIENTED_EDGE ( 'NONE', *, *, #4180, .T. ) ;
#1942 = PLANE ( 'NONE',  #3856 ) ;
#1943 = CARTESIAN_POINT ( 'NONE',  ( -10.44870337450889686, 7.288476381379087599, 5.491968019101232557 ) ) ;
#1944 = VECTOR ( 'NONE', #949, 1000.000000000000000 ) ;
#1945 = CARTESIAN_POINT ( 'NONE',  ( -6.942382504152576850, 7.433333333331915149, -5.640909090905780410 ) ) ;
#1946 = AXIS2_PLACEMENT_3D ( 'NONE', #777, #1511, #2138 ) ;
#1947 = DIRECTION ( 'NONE',  ( 0.000000000000000000, 0.000000000000000000, -1.000000000000000000 ) ) ;
#1948 = CARTESIAN_POINT ( 'NONE',  ( 19.73661185555179642, 7.121320343559640165, -5.328896101135399910 ) ) ;
#1949 = ORIENTED_EDGE ( 'NONE', *, *, #1247, .F. ) ;
#1950 = CARTESIAN_POINT ( 'NONE',  ( 13.05945610219790076, 6.292200252763020529, -4.499776010338785603 ) ) ;
#1951 = VECTOR ( 'NONE', #1636, 1000.000000000000114 ) ;
#1952 = CARTESIAN_POINT ( 'NONE',  ( -41.00000000000000000, 2.299152829026864797, -7.750000000000000000 ) ) ;
#1953 = AXIS2_PLACEMENT_3D ( 'NONE', #1545, #2889, #3580 ) ;
#1954 = CARTESIAN_POINT ( 'NONE',  ( 5.875391801384382440, 7.185183501659942351, 5.061064074160032789 ) ) ;
#1955 = ORIENTED_EDGE ( 'NONE', *, *, #2954, .F. ) ;
#1956 = DIRECTION ( 'NONE',  ( 1.000000000000000000, 0.000000000000000000, 0.000000000000000000 ) ) ;
#1957 = CARTESIAN_POINT ( 'NONE',  ( -11.10989250337012457, 7.133897615952342619, -5.341459899450058835 ) ) ;
#1958 = ORIENTED_EDGE ( 'NONE', *, *, #3530, .T. ) ;
#1959 = VECTOR ( 'NONE', #1765, 1000.000000000000000 ) ;
#1960 = PLANE ( 'NONE',  #2237 ) ;
#1961 = VECTOR ( 'NONE', #3738, 1000.000000000000114 ) ;
#1962 = CARTESIAN_POINT ( 'NONE',  ( -13.90071101811525978, 6.177845647280761021, -3.324761233076709566 ) ) ;
#1963 = CARTESIAN_POINT ( 'NONE',  ( 19.73661185555180353, 8.000000000000001776, 6.207575757575765962 ) ) ;
#1964 = EDGE_CURVE ( 'NONE', #3911, #2215, #4057, .T. ) ;
#1965 = ORIENTED_EDGE ( 'NONE', *, *, #1969, .T. ) ;
#1966 = DIRECTION ( 'NONE',  ( 0.3767857064810102852, -0.5983581965608896214, 0.7071067811865515695 ) ) ;
#1967 = CARTESIAN_POINT ( 'NONE',  ( 10.62830181176859945, 8.000000000000000000, 7.450216444695049844 ) ) ;
#1968 = CARTESIAN_POINT ( 'NONE',  ( 4.815532678565179303, 8.000000000000000000, -7.450216444695049844 ) ) ;
#1969 = EDGE_CURVE ( 'NONE', #2429, #308, #2105, .T. ) ;
#1970 = CARTESIAN_POINT ( 'NONE',  ( -21.17772557085285712, 7.466531906780723205, -5.318845207421275312 ) ) ;
#1971 = FACE_BOUND ( 'NONE', #3898, .T. ) ;
#1972 = ORIENTED_EDGE ( 'NONE', *, *, #3338, .T. ) ;
#1973 = DIRECTION ( 'NONE',  ( -0.6621150593125730843, 0.7494021939062548432, 0.000000000000000000 ) ) ;
#1974 = DIRECTION ( 'NONE',  ( 0.6082666837916629321, 0.7937327266713232188, 0.000000000000000000 ) ) ;
#1975 = CARTESIAN_POINT ( 'NONE',  ( 4.952786828787897555, 6.904872322070604973, 4.757613272220210021 ) ) ;
#1976 = ORIENTED_EDGE ( 'NONE', *, *, #2210, .T. ) ;
#1977 = CARTESIAN_POINT ( 'NONE',  ( 61.00000000000000000, -0.2499999999999880373, -7.500000000000000000 ) ) ;
#1978 = CARTESIAN_POINT ( 'NONE',  ( 6.450988343361033550, 7.445215807429200972, 5.637120003305570393 ) ) ;
#1979 = ORIENTED_EDGE ( 'NONE', *, *, #4254, .T. ) ;
#1980 = CARTESIAN_POINT ( 'NONE',  ( 31.94671434340985172, 5.000000000000000000, 7.450216444695049844 ) ) ;
#1981 = LINE ( 'NONE', #292, #2366 ) ;
#1982 = ADVANCED_FACE ( 'NONE', ( #348 ), #3023, .T. ) ;
#1983 = CARTESIAN_POINT ( 'NONE',  ( -23.90647478531594672, 8.000000000000000000, 6.149306702402550506 ) ) ;
#1984 = VERTEX_POINT ( 'NONE', #65 ) ;
#1985 = CARTESIAN_POINT ( 'NONE',  ( 17.78807915201425160, 6.313497077541869729, 3.460412663337814720 ) ) ;
#1986 = CARTESIAN_POINT ( 'NONE',  ( 3.735819131088060185, 6.742634721616059146, -4.950210479191829549 ) ) ;
#1987 = CARTESIAN_POINT ( 'NONE',  ( -17.29240355388154526, 5.117378258995618268, -2.951171199234799314 ) ) ;
#1988 = ORIENTED_EDGE ( 'NONE', *, *, #2871, .F. ) ;
#1989 = CARTESIAN_POINT ( 'NONE',  ( 19.73720169418977477, 7.121263800737247074, 5.328839558313005931 ) ) ;
#1990 = ORIENTED_EDGE ( 'NONE', *, *, #3708, .F. ) ;
#1991 = CARTESIAN_POINT ( 'NONE',  ( 21.34333297082935132, 8.000000000000000000, 7.322001687243379742 ) ) ;
#1992 = CARTESIAN_POINT ( 'NONE',  ( 41.00000000000000000, -16.50000000000000000, 9.500000000000000000 ) ) ;
#1993 = DIRECTION ( 'NONE',  ( -7.382134681296080182E-16, 1.000000000000000000, 0.000000000000000000 ) ) ;
#1994 = ORIENTED_EDGE ( 'NONE', *, *, #3928, .F. ) ;
#1995 = CARTESIAN_POINT ( 'NONE',  ( 9.044241320500089998, 8.000000000000000000, 7.346504454358900205 ) ) ;
#1996 = CARTESIAN_POINT ( 'NONE',  ( 6.252688771529883560, 7.418220659491424840, 5.612726523925353206 ) ) ;
#1997 = ORIENTED_EDGE ( 'NONE', *, *, #262, .F. ) ;
#1998 = LINE ( 'NONE', #3010, #465 ) ;
#1999 = CARTESIAN_POINT ( 'NONE',  ( 14.51466808347052329, 5.006610646488630856, -2.862202280218676176 ) ) ;
#2000 = CARTESIAN_POINT ( 'NONE',  ( -24.22566654420050014, 8.000000000000000000, 5.896915585795940551 ) ) ;
#2001 = ORIENTED_EDGE ( 'NONE', *, *, #1144, .T. ) ;
#2002 = PLANE ( 'NONE',  #2101 ) ;
#2003 = CARTESIAN_POINT ( 'NONE',  ( 6.892960653395480364, 7.653003247443430190, -5.860579005019189935 ) ) ;
#2004 = CARTESIAN_POINT ( 'NONE',  ( -14.57565373497356731, 4.986055811774870783, -2.845690396426357793 ) ) ;
#2005 = EDGE_CURVE ( 'NONE', #1838, #1621, #3398, .T. ) ;
#2006 = ORIENTED_EDGE ( 'NONE', *, *, #216, .T. ) ;
#2007 = VECTOR ( 'NONE', #1386, 1000.000000000000000 ) ;
#2008 = DIRECTION ( 'NONE',  ( 1.000000000000000000, 0.000000000000000000, 0.000000000000000000 ) ) ;
#2009 = ORIENTED_EDGE ( 'NONE', *, *, #3360, .T. ) ;
#2010 = CYLINDRICAL_SURFACE ( 'NONE', #1607, 6.999999999999999112 ) ;
#2011 = ADVANCED_FACE ( 'NONE', ( #2393 ), #2492, .F. ) ;
#2012 = VECTOR ( 'NONE', #3390, 1000.000000000000000 ) ;
#2013 = CARTESIAN_POINT ( 'NONE',  ( -6.665138499245649939, 8.000000000000000000, 7.364542852136939821 ) ) ;
#2014 = CARTESIAN_POINT ( 'NONE',  ( -41.00000000000000000, -1.565167132207979872, 9.500000000000000000 ) ) ;
#2015 = EDGE_LOOP ( 'NONE', ( #3750, #345, #1887, #2197 ) ) ;
#2016 = CIRCLE ( 'NONE', #105, 6.999999999999999112 ) ;
#2017 = PLANE ( 'NONE',  #2386 ) ;
#2018 = CARTESIAN_POINT ( 'NONE',  ( 11.15279484126225817, 7.122644019930151060, 5.330219565570724072 ) ) ;
#2019 = AXIS2_PLACEMENT_3D ( 'NONE', #285, #962, #4308 ) ;
#2020 = EDGE_CURVE ( 'NONE', #2228, #4318, #2673, .T. ) ;
#2021 = DIRECTION ( 'NONE',  ( 1.734723475976804876E-16, -1.000000000000000000, 0.000000000000000000 ) ) ;
#2022 = CARTESIAN_POINT ( 'NONE',  ( 14.54996523131089958, 4.994569185719216264, -2.852527920378852500 ) ) ;
#2023 = CARTESIAN_POINT ( 'NONE',  ( 24.22566654420050014, 8.000000000000000000, 5.896915585795940551 ) ) ;
#2024 = AXIS2_PLACEMENT_3D ( 'NONE', #173, #154, #2174 ) ;
#2025 = ORIENTED_EDGE ( 'NONE', *, *, #3338, .F. ) ;
#2026 = CARTESIAN_POINT ( 'NONE',  ( -7.986678585852459378, 8.183333333333330017, -5.330248919129270568 ) ) ;
#2027 = CARTESIAN_POINT ( 'NONE',  ( -19.15256352736595602, 6.447942722990374520, 4.214522610806733738 ) ) ;
#2028 = CARTESIAN_POINT ( 'NONE',  ( -61.00000000000000000, -0.2500000000000080491, -7.500000000000000000 ) ) ;
#2029 = VECTOR ( 'NONE', #1358, 1000.000000000000000 ) ;
#2030 = ORIENTED_EDGE ( 'NONE', *, *, #912, .T. ) ;
#2031 = CARTESIAN_POINT ( 'NONE',  ( -51.00000000000000711, -8.500000000000017764, 0.000000000000000000 ) ) ;
#2032 = CARTESIAN_POINT ( 'NONE',  ( 0.000000000000000000, 0.000000000000000000, 9.500000000000000000 ) ) ;
#2033 = CARTESIAN_POINT ( 'NONE',  ( -4.815532678565149993, 8.000000000000000000, 7.450216444695049844 ) ) ;
#2034 = DIRECTION ( 'NONE',  ( 1.000000000000000000, 1.734723475976804876E-16, 0.000000000000000000 ) ) ;
#2035 = CARTESIAN_POINT ( 'NONE',  ( -4.815532678565159763, 8.000000000000000000, 7.450216444695049844 ) ) ;
#2036 = CARTESIAN_POINT ( 'NONE',  ( -14.99667923674606840, 4.854744765538248963, 3.062320523114100634 ) ) ;
#2037 = EDGE_CURVE ( 'NONE', #4267, #4015, #3840, .T. ) ;
#2038 = ORIENTED_EDGE ( 'NONE', *, *, #2427, .F. ) ;
#2039 = CARTESIAN_POINT ( 'NONE',  ( 13.61053043287139985, 21.61433489638084993, 9.500000000000000000 ) ) ;
#2040 =( BOUNDED_CURVE ( )  B_SPLINE_CURVE ( 3, ( #1076, #2367, #2694, #2058 ),
 .UNSPECIFIED., .F., .F. ) 
 B_SPLINE_CURVE_WITH_KNOTS ( ( 4, 4 ),
 ( 3.473827933469295193, 3.795467659481840172 ),
 .UNSPECIFIED. ) 
 CURVE ( )  GEOMETRIC_REPRESENTATION_ITEM ( )  RATIONAL_B_SPLINE_CURVE ( ( 1.000000000000000000, 0.9913975549943520038, 0.9913975549943520038, 1.000000000000000000 ) ) 
 REPRESENTATION_ITEM ( '' )  );
#2041 = CARTESIAN_POINT ( 'NONE',  ( 11.14196190703786549, 7.125490654502280918, 5.333064042957285977 ) ) ;
#2042 = ORIENTED_EDGE ( 'NONE', *, *, #995, .T. ) ;
#2043 = EDGE_CURVE ( 'NONE', #276, #1793, #2939, .T. ) ;
#2044 = CARTESIAN_POINT ( 'NONE',  ( 4.815532678565140223, 7.121320343559640165, 5.328896101135399910 ) ) ;
#2045 = CARTESIAN_POINT ( 'NONE',  ( -51.00000000000000711, -8.500000000000017764, 0.000000000000000000 ) ) ;
#2046 = CARTESIAN_POINT ( 'NONE',  ( -22.06468131113944864, 7.791372471736740302, 5.893958245553680086 ) ) ;
#2047 = EDGE_CURVE ( 'NONE', #2283, #986, #109, .T. ) ;
#2048 = CARTESIAN_POINT ( 'NONE',  ( -14.17961367143524143, 5.433782164324740371, -3.641357921900514771 ) ) ;
#2049 = EDGE_LOOP ( 'NONE', ( #1456, #251, #2524, #759 ) ) ;
#2050 = DIRECTION ( 'NONE',  ( 0.000000000000000000, 0.000000000000000000, -1.000000000000000000 ) ) ;
#2051 = DIRECTION ( 'NONE',  ( 1.000000000000000000, 7.382134681296080182E-16, 0.000000000000000000 ) ) ;
#2052 = CARTESIAN_POINT ( 'NONE',  ( -15.00089889410211796, 4.871748757576715327, -2.753990927974233394 ) ) ;
#2053 = ORIENTED_EDGE ( 'NONE', *, *, #2291, .T. ) ;
#2054 = FACE_OUTER_BOUND ( 'NONE', #1908, .T. ) ;
#2055 = EDGE_LOOP ( 'NONE', ( #2436, #3737, #4045, #3666 ) ) ;
#2056 = LINE ( 'NONE', #3396, #2007 ) ;
#2057 = CARTESIAN_POINT ( 'NONE',  ( 16.51669277719156170, 5.016337705005097902, 3.223913462580873635 ) ) ;
#2058 = CARTESIAN_POINT ( 'NONE',  ( 13.90071101811527932, 5.647515561390850536, 3.855091318966624936 ) ) ;
#2059 = CARTESIAN_POINT ( 'NONE',  ( 24.26597341088004356, 7.999909568967795259, -6.207485326543553228 ) ) ;
#2060 = ORIENTED_EDGE ( 'NONE', *, *, #3013, .T. ) ;
#2061 = CARTESIAN_POINT ( 'NONE',  ( -23.17582130823760167, 8.004642848907899122, 5.901946513262229743 ) ) ;
#2062 = CARTESIAN_POINT ( 'NONE',  ( 11.13790373954288526, 7.126554331504252104, 5.334126263812425606 ) ) ;
#2063 = ORIENTED_EDGE ( 'NONE', *, *, #2005, .T. ) ;
#2064 = CARTESIAN_POINT ( 'NONE',  ( -8.515858245808878735, 8.000000000000000000, -7.320283824002799200 ) ) ;
#2065 = EDGE_CURVE ( 'NONE', #4341, #3435, #2211, .T. ) ;
#2066 = CARTESIAN_POINT ( 'NONE',  ( 14.99489965850251494, 4.847114386127472585, -2.734095816630060849 ) ) ;
#2067 = CARTESIAN_POINT ( 'NONE',  ( -20.02931995318454739, 7.231288049478909130, 5.438863807054669763 ) ) ;
#2068 = FACE_OUTER_BOUND ( 'NONE', #4158, .T. ) ;
#2069 = EDGE_LOOP ( 'NONE', ( #3558, #2060, #215, #1560 ) ) ;
#2070 = CARTESIAN_POINT ( 'NONE',  ( 41.00000000000000000, -1.565167132207969880, -7.750000000000000000 ) ) ;
#2071 = CARTESIAN_POINT ( 'NONE',  ( -3.193121737013538297, 6.116648131701346358, -3.903506874462226772 ) ) ;
#2072 = CARTESIAN_POINT ( 'NONE',  ( -32.37964710633750087, 9.500000000000000000, -9.500000000000000000 ) ) ;
#2073 = VERTEX_POINT ( 'NONE', #785 ) ;
#2074 = LINE ( 'NONE', #1696, #3223 ) ;
#2075 = ORIENTED_EDGE ( 'NONE', *, *, #3809, .T. ) ;
#2076 = FACE_OUTER_BOUND ( 'NONE', #4090, .T. ) ;
#2077 = DIRECTION ( 'NONE',  ( -1.000000000000000000, 0.000000000000000000, 0.000000000000000000 ) ) ;
#2078 = CARTESIAN_POINT ( 'NONE',  ( -5.749767344201780261, 7.344568592026949894, 5.545665746337819613 ) ) ;
#2079 = LINE ( 'NONE', #2014, #2240 ) ;
#2080 = ORIENTED_EDGE ( 'NONE', *, *, #2960, .T. ) ;
#2081 = CARTESIAN_POINT ( 'NONE',  ( 4.815532678565140223, 7.121320343559640165, 5.328896101135399910 ) ) ;
#2082 = VECTOR ( 'NONE', #512, 1000.000000000000000 ) ;
#2083 = CARTESIAN_POINT ( 'NONE',  ( 10.11967589699079006, 7.352260756140394093, -5.551974385813735147 ) ) ;
#2084 = ORIENTED_EDGE ( 'NONE', *, *, #148, .F. ) ;
#2085 = CONICAL_SURFACE ( 'NONE', #944, 8.750000000000000000, 0.7853981633974440602 ) ;
#2086 = CARTESIAN_POINT ( 'NONE',  ( 13.44451100527151866, 5.582546102277270883, 3.324761233076709566 ) ) ;
#2087 = CARTESIAN_POINT ( 'NONE',  ( 2.380490577806915198, 5.466362897138109744, 3.198866703806725109 ) ) ;
#2088 = CARTESIAN_POINT ( 'NONE',  ( -16.60958044525118993, 4.868141149707590820, 3.075716907283113422 ) ) ;
#2089 = VECTOR ( 'NONE', #1858, 1000.000000000000000 ) ;
#2090 = CARTESIAN_POINT ( 'NONE',  ( -17.52475464181845410, 5.550513384413480189, -3.758089141989255033 ) ) ;
#2091 = ORIENTED_EDGE ( 'NONE', *, *, #2043, .T. ) ;
#2092 = VECTOR ( 'NONE', #3363, 1000.000000000000000 ) ;
#2093 = CARTESIAN_POINT ( 'NONE',  ( -23.05288793464399788, 8.219669914109589470, -6.427245671685340334 ) ) ;
#2094 = ADVANCED_FACE ( 'NONE', ( #85 ), #2459, .T. ) ;
#2095 = CARTESIAN_POINT ( 'NONE',  ( 61.00000000000000000, -16.50000000000000000, 7.500000000000000000 ) ) ;
#2096 = DIRECTION ( 'NONE',  ( -0.6587000062146677326, 0.3636325117829758424, 0.6587000062146657342 ) ) ;
#2097 = CIRCLE ( 'NONE', #185, 6.999999999999999112 ) ;
#2098 = EDGE_LOOP ( 'NONE', ( #3451, #3301, #4105, #3046, #38 ) ) ;
#2099 = DIRECTION ( 'NONE',  ( 0.000000000000000000, 0.000000000000000000, -1.000000000000000000 ) ) ;
#2100 = ORIENTED_EDGE ( 'NONE', *, *, #2821, .F. ) ;
#2101 = AXIS2_PLACEMENT_3D ( 'NONE', #3368, #2684, #2050 ) ;
#2102 = CYLINDRICAL_SURFACE ( 'NONE', #236, 4.400000000000001243 ) ;
#2103 = FACE_OUTER_BOUND ( 'NONE', #889, .T. ) ;
#2104 = EDGE_CURVE ( 'NONE', #530, #48, #4132, .T. ) ;
#2105 = LINE ( 'NONE', #696, #1664 ) ;
#2106 = CARTESIAN_POINT ( 'NONE',  ( 19.10085412275294914, 6.472567972428540095, -4.241811167973135177 ) ) ;
#2107 = VERTEX_POINT ( 'NONE', #4220 ) ;
#2108 = CARTESIAN_POINT ( 'NONE',  ( -24.26597341088004356, 7.999909568967806806, 6.207485326543563886 ) ) ;
#2109 = CARTESIAN_POINT ( 'NONE',  ( 10.66510620292072353, 7.244695315206778119, -5.450514934036368331 ) ) ;
#2110 = VERTEX_POINT ( 'NONE', #521 ) ;
#2111 = DIRECTION ( 'NONE',  ( 0.000000000000000000, -1.000000000000000000, 0.000000000000000000 ) ) ;
#2112 = CARTESIAN_POINT ( 'NONE',  ( -7.986678585852459378, 7.433333333333330017, -5.330248919129270568 ) ) ;
#2113 = CARTESIAN_POINT ( 'NONE',  ( -17.78575784239279756, 5.346925674955038232, 3.554501432530432936 ) ) ;
#2114 = CARTESIAN_POINT ( 'NONE',  ( -15.76200707051774863, 8.606667790894999115, 8.757575757575759567 ) ) ;
#2115 = ADVANCED_FACE ( 'NONE', ( #2478 ), #3487, .F. ) ;
#2116 = CARTESIAN_POINT ( 'NONE',  ( 51.00000000000000711, -0.4999999999999970024, 0.000000000000000000 ) ) ;
#2117 = CARTESIAN_POINT ( 'NONE',  ( -17.92774399354023629, 5.436096650220218152, 3.207140413314372385 ) ) ;
#2118 = DIRECTION ( 'NONE',  ( -1.000000000000000000, 4.625929269271490844E-15, 1.916122641910914945E-15 ) ) ;
#2119 = EDGE_LOOP ( 'NONE', ( #2236, #4003, #1590, #1755, #3752, #1514, #852, #4144 ) ) ;
#2120 = CARTESIAN_POINT ( 'NONE',  ( -4.035870078470079392, 6.577757247958670561, 4.403158395213094600 ) ) ;
#2121 = CARTESIAN_POINT ( 'NONE',  ( -5.070841617930834211, 7.186231729381982625, 5.393233122375151289 ) ) ;
#2122 = CARTESIAN_POINT ( 'NONE',  ( 34.00000000000000000, -1.565167132207974987, 7.750000000000000000 ) ) ;
#2123 = CARTESIAN_POINT ( 'NONE',  ( -35.04392438740640614, 13.73103138366759879, 9.500000000000000000 ) ) ;
#2124 = EDGE_CURVE ( 'NONE', #3673, #1355, #1124, .T. ) ;
#2125 = CARTESIAN_POINT ( 'NONE',  ( -19.73661185555194919, 8.000000000000000000, -7.450216444695049844 ) ) ;
#2126 = CARTESIAN_POINT ( 'NONE',  ( 21.92190765730332203, 7.757109529121605007, 5.869629509450676075 ) ) ;
#2127 = EDGE_LOOP ( 'NONE', ( #1702, #749, #3167, #2766 ) ) ;
#2128 = CARTESIAN_POINT ( 'NONE',  ( -4.815532678565149993, 7.121320343559640165, 5.328896101135399910 ) ) ;
#2129 = CARTESIAN_POINT ( 'NONE',  ( 4.847289975940081597, 7.129650645398137421, 5.337216952985913032 ) ) ;
#2130 = ORIENTED_EDGE ( 'NONE', *, *, #1892, .T. ) ;
#2131 = DIRECTION ( 'NONE',  ( 0.000000000000000000, -1.000000000000000000, 7.382134681296090042E-16 ) ) ;
#2132 = DIRECTION ( 'NONE',  ( -1.281026566875180017E-15, 1.000000000000000000, 0.000000000000000000 ) ) ;
#2133 = CARTESIAN_POINT ( 'NONE',  ( 2.207969934332461470, 5.328308103351574232, 3.087988050529356876 ) ) ;
#2134 = CARTESIAN_POINT ( 'NONE',  ( 34.58884669161790271, 8.404304921418308538, 9.500000000000000000 ) ) ;
#2135 = CYLINDRICAL_SURFACE ( 'NONE', #741, 3.000000000000000000 ) ;
#2136 = CARTESIAN_POINT ( 'NONE',  ( -19.89140490331870481, 6.966023139675598941, -5.173598897251357798 ) ) ;
#2137 = CARTESIAN_POINT ( 'NONE',  ( -16.83615639224937155, 4.950763099177406090, 2.817409025627453545 ) ) ;
#2138 = DIRECTION ( 'NONE',  ( -0.8462062767335204461, -0.5328554562137772788, 0.000000000000000000 ) ) ;
#2139 = VERTEX_POINT ( 'NONE', #1836 ) ;
#2140 = CARTESIAN_POINT ( 'NONE',  ( -3.156480717384030132, 6.087327186061419759, 3.871735099492624954 ) ) ;
#2141 = CARTESIAN_POINT ( 'NONE',  ( -7.329071741472008128, 7.528907391302154473, 5.711433549102776119 ) ) ;
#2142 = PERSON_AND_ORGANIZATION_ROLE ( 'creator' ) ;
#2143 = CARTESIAN_POINT ( 'NONE',  ( 10.62826957466501909, 8.000000000000000000, -7.450216439760390053 ) ) ;
#2144 = EDGE_CURVE ( 'NONE', #112, #2913, #4340, .T. ) ;
#2145 = DIRECTION ( 'NONE',  ( -1.000000000000000000, 0.000000000000000000, 0.000000000000000000 ) ) ;
#2146 = CARTESIAN_POINT ( 'NONE',  ( 22.96620927432521597, 7.926833472843206607, 5.950238856253904807 ) ) ;
#2147 = ORIENTED_EDGE ( 'NONE', *, *, #3551, .F. ) ;
#2148 = DIRECTION ( 'NONE',  ( -1.000000000000000000, 0.000000000000000000, 0.000000000000000000 ) ) ;
#2149 = ADVANCED_FACE ( 'NONE', ( #1496 ), #2933, .F. ) ;
#2150 = CARTESIAN_POINT ( 'NONE',  ( 4.855432492280917778, 7.131773238123140679, 5.339333750555396385 ) ) ;
#2151 = ORIENTED_EDGE ( 'NONE', *, *, #3203, .F. ) ;
#2152 = CARTESIAN_POINT ( 'NONE',  ( -20.71161842021418664, 7.451219658903544207, -5.637105468595085433 ) ) ;
#2153 = CARTESIAN_POINT ( 'NONE',  ( -34.00000000000000000, -1.565167132207979872, 9.500000000000000000 ) ) ;
#2154 =( BOUNDED_SURFACE ( )  B_SPLINE_SURFACE ( 3, 2, ( 
 ( #1397, #1199, #2901 ),
 ( #206, #2880, #473 ),
 ( #4209, #511, #226 ),
 ( #2531, #1536, #3876 ),
 ( #1180, #1509, #4232 ),
 ( #1919, #1555, #3547 ) ),
 .UNSPECIFIED., .F., .F., .F. ) 
 B_SPLINE_SURFACE_WITH_KNOTS ( ( 4, 2, 4 ),
 ( 3, 3 ),
 ( 5.629310301287540064, 5.956247804233560039, 6.283185307179590673 ),
 ( 0.000000000000000000, 1.000000000000000000 ),
 .UNSPECIFIED. ) 
 GEOMETRIC_REPRESENTATION_ITEM ( )  RATIONAL_B_SPLINE_SURFACE ( (
 ( 1.000000000000000000, 0.8835309257402870209, 1.000000000000000000),
 ( 1.000000000000000000, 0.8967984941213540395, 1.000000000000000000),
 ( 1.000000000000000000, 0.9069167245602970384, 1.000000000000000000),
 ( 1.000000000000000000, 0.9204592835419279639, 1.000000000000000000),
 ( 1.000000000000000000, 0.9238838802283819707, 1.000000000000000000),
 ( 1.000000000000000000, 0.9238795325112859613, 1.000000000000000000) ) ) 
 REPRESENTATION_ITEM ( '' )  SURFACE ( )  );
#2155 = AXIS2_PLACEMENT_3D ( 'NONE', #1395, #2183, #1084 ) ;
#2156 = CARTESIAN_POINT ( 'NONE',  ( -59.93428908757240237, -1.942412553467045111, 9.500000000000000000 ) ) ;
#2157 = CARTESIAN_POINT ( 'NONE',  ( -46.60000000000000142, -8.500000000000017764, 5.388445916248358943E-16 ) ) ;
#2158 = EDGE_CURVE ( 'NONE', #28, #2631, #3902, .T. ) ;
#2159 = AXIS2_PLACEMENT_3D ( 'NONE', #990, #2728, #26 ) ;
#2160 = LINE ( 'NONE', #2187, #2860 ) ;
#2161 = CARTESIAN_POINT ( 'NONE',  ( -10.87316819199316242, 6.956387684989648434, 4.813436543522020550 ) ) ;
#2162 = CARTESIAN_POINT ( 'NONE',  ( -17.78807915201425160, 5.783166991651950362, -3.990742749227725206 ) ) ;
#2163 = VECTOR ( 'NONE', #2172, 1000.000000000000000 ) ;
#2164 = DIRECTION ( 'NONE',  ( 0.000000000000000000, 0.000000000000000000, 1.000000000000000000 ) ) ;
#2165 = CONICAL_SURFACE ( 'NONE', #3921, 8.750000000000000000, 0.7853981633974440602 ) ;
#2166 = ORIENTED_EDGE ( 'NONE', *, *, #3869, .T. ) ;
#2167 = CARTESIAN_POINT ( 'NONE',  ( 14.14523040007759924, 5.131824908320790080, 2.962764683599945048 ) ) ;
#2168 = CARTESIAN_POINT ( 'NONE',  ( -4.815532678565149993, 7.121320343559640165, 5.328896101135399910 ) ) ;
#2169 = CARTESIAN_POINT ( 'NONE',  ( -2.035425098679294109, 5.190233950454280709, 2.977093848989795344 ) ) ;
#2170 = VECTOR ( 'NONE', #2200, 1000.000000000000000 ) ;
#2171 = VERTEX_POINT ( 'NONE', #1017 ) ;
#2172 = DIRECTION ( 'NONE',  ( 0.000000000000000000, 0.000000000000000000, -1.000000000000000000 ) ) ;
#2173 = VECTOR ( 'NONE', #2099, 1000.000000000000000 ) ;
#2174 = DIRECTION ( 'NONE',  ( 1.000000000000000000, 0.000000000000000000, 0.000000000000000000 ) ) ;
#2175 = EDGE_LOOP ( 'NONE', ( #3664, #2904, #1422, #488 ) ) ;
#2176 = EDGE_CURVE ( 'NONE', #2691, #2206, #615, .T. ) ;
#2177 = CARTESIAN_POINT ( 'NONE',  ( 42.75000000000000000, -1.565167132207969880, 9.500000000000000000 ) ) ;
#2178 = CIRCLE ( 'NONE', #121, 2.649999999999999467 ) ;
#2179 = EDGE_CURVE ( 'NONE', #3018, #3956, #3852, .T. ) ;
#2180 = CARTESIAN_POINT ( 'NONE',  ( -20.00644987553880227, 7.219870232306349500, -5.425663636684124214 ) ) ;
#2181 = CARTESIAN_POINT ( 'NONE',  ( 13.93523671979344591, 5.235907861378136019, -3.443483618954870096 ) ) ;
#2182 = ORIENTED_EDGE ( 'NONE', *, *, #1329, .T. ) ;
#2183 = DIRECTION ( 'NONE',  ( 0.5328554562137767237, 0.8462062767335206681, 0.000000000000000000 ) ) ;
#2184 = CARTESIAN_POINT ( 'NONE',  ( -14.43974762353379582, 5.234431915721783568, 3.442007673297558856 ) ) ;
#2185 = EDGE_CURVE ( 'NONE', #260, #4278, #3968, .T. ) ;
#2186 =( BOUNDED_CURVE ( )  B_SPLINE_CURVE ( 3, ( #2351, #4295, #1265, #3302 ),
 .UNSPECIFIED., .F., .T. ) 
 B_SPLINE_CURVE_WITH_KNOTS ( ( 4, 4 ),
 ( 0.000000000000000000, 3.141592653589793116 ),
 .UNSPECIFIED. ) 
 CURVE ( )  GEOMETRIC_REPRESENTATION_ITEM ( )  RATIONAL_B_SPLINE_CURVE ( ( 1.000000000000000000, 0.3333333333333333703, 0.3333333333333333703, 1.000000000000000000 ) ) 
 REPRESENTATION_ITEM ( '' )  );
#2187 = CARTESIAN_POINT ( 'NONE',  ( 53.65000000000000568, -0.4999999999999965583, 0.000000000000000000 ) ) ;
#2188 = CARTESIAN_POINT ( 'NONE',  ( -17.52473418801023186, 5.200068886318832462, 3.017570997198215643 ) ) ;
#2189 = CARTESIAN_POINT ( 'NONE',  ( -16.51669277719156170, 5.016337705005097902, 3.223913462580873635 ) ) ;
#2190 = ORIENTED_EDGE ( 'NONE', *, *, #328, .F. ) ;
#2191 = CARTESIAN_POINT ( 'NONE',  ( 19.73661185555180353, 8.000000000000001776, -6.207575757575755304 ) ) ;
#2192 = CARTESIAN_POINT ( 'NONE',  ( -4.831393993769964368, 7.125490315033553124, 5.333063715223157253 ) ) ;
#2193 = COORDINATED_UNIVERSAL_TIME_OFFSET ( 5, 0, .BEHIND. ) ;
#2194 = DIRECTION ( 'NONE',  ( 0.000000000000000000, 0.000000000000000000, 1.000000000000000000 ) ) ;
#2195 = CARTESIAN_POINT ( 'NONE',  ( -59.00000000000000000, 2.519352248187855032E-14, 9.500000000000000000 ) ) ;
#2196 = CARTESIAN_POINT ( 'NONE',  ( 22.45370968251078381, 7.854628486237658080, 5.924077640598563121 ) ) ;
#2197 = ORIENTED_EDGE ( 'NONE', *, *, #2227, .T. ) ;
#2198 = CARTESIAN_POINT ( 'NONE',  ( 1.643072086961925082, 5.306506999869860408, 3.514082757445634808 ) ) ;
#2199 = CARTESIAN_POINT ( 'NONE',  ( -0.3442207787312590028, 4.850820973284549531, 3.058396730860329704 ) ) ;
#2200 = DIRECTION ( 'NONE',  ( 0.000000000000000000, 0.000000000000000000, -1.000000000000000000 ) ) ;
#2201 = ORIENTED_EDGE ( 'NONE', *, *, #1579, .F. ) ;
#2202 = CARTESIAN_POINT ( 'NONE',  ( 29.92636144974735046, 9.750000000000000000, 9.500000000000000000 ) ) ;
#2203 = CARTESIAN_POINT ( 'NONE',  ( 0.2182918532063781170, 4.631151059171251028, -2.528064672938181712 ) ) ;
#2204 = CARTESIAN_POINT ( 'NONE',  ( 31.94671434340985172, 8.000000000000000000, 6.207575757575760633 ) ) ;
#2205 = DIRECTION ( 'NONE',  ( 1.734723475976804876E-16, -1.000000000000000000, 0.000000000000000000 ) ) ;
#2206 = VERTEX_POINT ( 'NONE', #584 ) ;
#2207 = CARTESIAN_POINT ( 'NONE',  ( -1.911890070364615113, 5.521621032120879846, 3.729196789696650249 ) ) ;
#2208 = CARTESIAN_POINT ( 'NONE',  ( -11.15774781876645605, 7.121338165591172498, 5.328913923166941125 ) ) ;
#2209 = CARTESIAN_POINT ( 'NONE',  ( -1.003841312880378256, 4.765379046943489350, 2.635920307776960847 ) ) ;
#2210 = EDGE_CURVE ( 'NONE', #1791, #4267, #935, .T. ) ;
#2211 = LINE ( 'NONE', #1100, #808 ) ;
#2212 = CARTESIAN_POINT ( 'NONE',  ( 22.76586846265821151, 7.901954277058989895, 5.943992829225798857 ) ) ;
#2213 = ORIENTED_EDGE ( 'NONE', *, *, #2920, .F. ) ;
#2214 = CARTESIAN_POINT ( 'NONE',  ( 13.44451100527153997, 5.582546102277260225, 3.324761233076705125 ) ) ;
#2215 = VERTEX_POINT ( 'NONE', #337 ) ;
#2216 = CARTESIAN_POINT ( 'NONE',  ( -20.15011474450733431, 7.270177790820340213, -5.473682197007962102 ) ) ;
#2217 = CARTESIAN_POINT ( 'NONE',  ( 14.30503062181696627, 5.060795323869804463, -3.268371081445816007 ) ) ;
#2218 = ORIENTED_EDGE ( 'NONE', *, *, #702, .F. ) ;
#2219 = CARTESIAN_POINT ( 'NONE',  ( -5.308336615387411861, 7.244710182899130935, -5.450533620793458489 ) ) ;
#2220 = CARTESIAN_POINT ( 'NONE',  ( 0.7636259868361128245, 4.706832389390956273, -2.588970598689225522 ) ) ;
#2221 = EDGE_LOOP ( 'NONE', ( #3849, #1026, #2650, #4255 ) ) ;
#2222 = ORGANIZATION ( 'UNSPECIFIED', 'UNSPECIFIED', '' ) ;
#2223 = CARTESIAN_POINT ( 'NONE',  ( -61.00000000000000000, -16.50000000000000000, -7.500000000000000000 ) ) ;
#2224 = CARTESIAN_POINT ( 'NONE',  ( 19.73661185555179642, 7.121320343559640165, 5.328896101135399910 ) ) ;
#2225 = CARTESIAN_POINT ( 'NONE',  ( -21.86500421606110933, 7.745342689104380618, 5.862142675049032192 ) ) ;
#2226 = CONICAL_SURFACE ( 'NONE', #310, 4.999999999999997335, 0.7853981633974447263 ) ;
#2227 = EDGE_CURVE ( 'NONE', #2656, #138, #2378, .T. ) ;
#2228 = VERTEX_POINT ( 'NONE', #1614 ) ;
#2229 = VECTOR ( 'NONE', #3700, 1000.000000000000000 ) ;
#2230 = CARTESIAN_POINT ( 'NONE',  ( 24.22566654420050014, 8.000000000000000000, -5.896915585795929893 ) ) ;
#2231 = CARTESIAN_POINT ( 'NONE',  ( -10.90233399036690720, 7.186241255500604552, 5.393237047088491387 ) ) ;
#2232 = CARTESIAN_POINT ( 'NONE',  ( 6.665138499245719217, 8.000000000000000000, -7.364542852137059725 ) ) ;
#2233 = AXIS2_PLACEMENT_3D ( 'NONE', #1416, #1134, #404 ) ;
#2234 = CARTESIAN_POINT ( 'NONE',  ( -6.929127942527849804, 8.000000000000000000, -7.346782657462599175 ) ) ;
#2235 = CARTESIAN_POINT ( 'NONE',  ( 19.99173843475771051, 7.214641192522176283, -5.420623880634219738 ) ) ;
#2236 = ORIENTED_EDGE ( 'NONE', *, *, #3056, .T. ) ;
#2237 = AXIS2_PLACEMENT_3D ( 'NONE', #3276, #1938, #1665 ) ;
#2238 = CARTESIAN_POINT ( 'NONE',  ( -51.00000000000000711, -8.500000000000017764, 0.000000000000000000 ) ) ;
#2239 = EDGE_CURVE ( 'NONE', #3182, #2550, #3323, .T. ) ;
#2240 = VECTOR ( 'NONE', #19, 1000.000000000000000 ) ;
#2241 = LINE ( 'NONE', #568, #1234 ) ;
#2242 = CARTESIAN_POINT ( 'NONE',  ( 14.18497949102959943, 5.110903497785510119, -2.945961660965239926 ) ) ;
#2243 = EDGE_LOOP ( 'NONE', ( #3154, #652, #3625, #818 ) ) ;
#2244 = CARTESIAN_POINT ( 'NONE',  ( -12.65610051640159739, 6.186734158806853401, 3.979451133189496836 ) ) ;
#2245 = CARTESIAN_POINT ( 'NONE',  ( -32.37964710633750087, 9.500000000000000000, 9.500000000000000000 ) ) ;
#2246 = CONICAL_SURFACE ( 'NONE', #324, 8.750000000000000000, 0.7853981633974476129 ) ;
#2247 = CARTESIAN_POINT ( 'NONE',  ( 1.204897432325207518, 4.826503566909684295, -2.684972509210697744 ) ) ;
#2248 = FACE_OUTER_BOUND ( 'NONE', #442, .T. ) ;
#2249 = CARTESIAN_POINT ( 'NONE',  ( 14.08128997429715668, 5.185772287474787134, -3.006221370141593852 ) ) ;
#2250 = DIRECTION ( 'NONE',  ( 0.000000000000000000, 0.000000000000000000, 1.000000000000000000 ) ) ;
#2251 = EDGE_CURVE ( 'NONE', #997, #2761, #6, .T. ) ;
#2252 = ORIENTED_EDGE ( 'NONE', *, *, #1788, .F. ) ;
#2253 = CARTESIAN_POINT ( 'NONE',  ( 22.26993574535962495, 8.000000000000698108, -6.392818215158580841 ) ) ;
#2254 = CARTESIAN_POINT ( 'NONE',  ( 9.044229229177060958, 8.000000000000000000, 7.346782657462599175 ) ) ;
#2255 = CARTESIAN_POINT ( 'NONE',  ( -7.986678585852461154, 7.433333333333334458, -5.640909090909097756 ) ) ;
#2256 = ADVANCED_FACE ( 'NONE', ( #3242 ), #3723, .F. ) ;
#2257 = CARTESIAN_POINT ( 'NONE',  ( -21.27417146966957873, 7.501156722106620656, -5.356344987372555266 ) ) ;
#2258 = CARTESIAN_POINT ( 'NONE',  ( 21.74695107840232211, 7.720241930257375707, -5.845735993805548425 ) ) ;
#2259 = ORIENTED_EDGE ( 'NONE', *, *, #1030, .F. ) ;
#2260 = CARTESIAN_POINT ( 'NONE',  ( -29.92636144974730072, 1.000000000000000000, -9.500000000000000000 ) ) ;
#2261 = EDGE_CURVE ( 'NONE', #1334, #1922, #3782, .T. ) ;
#2262 = LINE ( 'NONE', #3248, #4336 ) ;
#2263 = CARTESIAN_POINT ( 'NONE',  ( 10.91889030878529887, 6.940715923725887748, 4.796455372352782298 ) ) ;
#2264 = ORIENTED_EDGE ( 'NONE', *, *, #901, .F. ) ;
#2265 = DIRECTION ( 'NONE',  ( 1.000000000000000000, 0.000000000000000000, 0.000000000000000000 ) ) ;
#2266 = CARTESIAN_POINT ( 'NONE',  ( -6.496320504640985760, 7.451150601698320664, -5.642475746041127671 ) ) ;
#2267 = CARTESIAN_POINT ( 'NONE',  ( 23.17582130823615216, 8.004642848907899122, 5.901946513262269711 ) ) ;
#2268 = CYLINDRICAL_SURFACE ( 'NONE', #1169, 6.999999999999999112 ) ;
#2269 = B_SPLINE_CURVE_WITH_KNOTS ( 'NONE', 3,
 ( #4079, #3085, #1331, #2897, #3831, #1088, #2567, #553, #1915, #1212, #4247, #1419, #76, #2917, #3913, #755, #221, #880, #2449, #1468, #2774, #3252, #3477, #2161, #1136, #3810, #2244, #1572 ),
 .UNSPECIFIED., .F., .F.,
 ( 4, 2, 2, 1, 1, 1, 2, 2, 2, 2, 2, 1, 1, 1, 2, 2, 4 ),
 ( 0.000000000000000000, 0.1249999999999995282, 0.1874999999999992784, 0.2187499999999991673, 0.2343749999999991396, 0.2421874999999990841, 0.2460937499999990841, 0.2499999999999990563, 0.5000000000000035527, 0.6250000000000056621, 0.6875000000000067724, 0.7187500000000073275, 0.7343750000000075495, 0.7421875000000077716, 0.7460937500000078826, 0.7500000000000078826, 1.000000000000000000 ),
 .UNSPECIFIED. ) ;
#2270 = CARTESIAN_POINT ( 'NONE',  ( 17.78807915201425160, 5.783166991651959243, 3.990742749227725206 ) ) ;
#2271 = CARTESIAN_POINT ( 'NONE',  ( -18.28466544649865000, 5.751445432112169520, 8.757575757575759567 ) ) ;
#2272 = EDGE_LOOP ( 'NONE', ( #3574, #1183, #1357, #3480 ) ) ;
#2273 = CARTESIAN_POINT ( 'NONE',  ( 22.06412631863145180, 7.791260401709839023, -5.893889191675410366 ) ) ;
#2274 = CARTESIAN_POINT ( 'NONE',  ( -11.09418542092231519, 7.137939449274654180, 5.345477351525655507 ) ) ;
#2275 = CARTESIAN_POINT ( 'NONE',  ( 6.548589794073929937, 7.460651335825150277, -5.651092374051750689 ) ) ;
#2276 = CARTESIAN_POINT ( 'NONE',  ( -19.12522063437147324, 6.494096377891926508, -4.265139053170695860 ) ) ;
#2277 = CARTESIAN_POINT ( 'NONE',  ( 20.17248729624136416, 7.277736886260457005, -5.480725625028897596 ) ) ;
#2278 = ORIENTED_EDGE ( 'NONE', *, *, #1490, .F. ) ;
#2279 = DIRECTION ( 'NONE',  ( 0.000000000000000000, 0.000000000000000000, -1.000000000000000000 ) ) ;
#2280 = DIRECTION ( 'NONE',  ( 1.000000000000000000, 0.000000000000000000, 0.000000000000000000 ) ) ;
#2281 = CARTESIAN_POINT ( 'NONE',  ( 9.928535984467261599, 7.281164837139206369, 5.165365768455156825 ) ) ;
#2282 = ADVANCED_FACE ( 'NONE', ( #546 ), #2165, .F. ) ;
#2283 = VERTEX_POINT ( 'NONE', #3808 ) ;
#2284 = CARTESIAN_POINT ( 'NONE',  ( 17.36776586891616958, 5.151118799179472241, 2.978342071118822432 ) ) ;
#2285 = CARTESIAN_POINT ( 'NONE',  ( -33.65634964324375034, 6.923443937134649673, -7.750000000000000000 ) ) ;
#2286 = CARTESIAN_POINT ( 'NONE',  ( 20.98860034085749504, 7.395805835591890087, -5.242215751183050720 ) ) ;
#2287 = EDGE_LOOP ( 'NONE', ( #3539, #220, #2147, #647 ) ) ;
#2288 = DIRECTION ( 'NONE',  ( 0.000000000000000000, 0.000000000000000000, -1.000000000000000000 ) ) ;
#2289 = CARTESIAN_POINT ( 'NONE',  ( 31.94671434340985172, 7.121320343559640165, -5.328896101135399910 ) ) ;
#2290 = CARTESIAN_POINT ( 'NONE',  ( 21.32194644855195165, 7.625435601259740181, 5.780927750466720916 ) ) ;
#2291 = EDGE_CURVE ( 'NONE', #2502, #2228, #1440, .T. ) ;
#2292 = ADVANCED_FACE ( 'NONE', ( #2423 ), #1268, .T. ) ;
#2293 = ORIENTED_EDGE ( 'NONE', *, *, #2501, .F. ) ;
#2294 = CARTESIAN_POINT ( 'NONE',  ( -29.92636144974730072, 1.000000000000000000, 9.500000000000000000 ) ) ;
#2295 = CARTESIAN_POINT ( 'NONE',  ( 5.345055359936289996, 8.000000000000000000, 7.450216444695049844 ) ) ;
#2296 =( BOUNDED_SURFACE ( )  B_SPLINE_SURFACE ( 3, 2, ( 
 ( #88, #2108, #1079 ),
 ( #2061, #3401, #1411 ),
 ( #398, #2767, #3713 ),
 ( #1431, #2437, #3047 ),
 ( #372, #679, #2785 ),
 ( #1728, #21, #3380 ) ),
 .UNSPECIFIED., .F., .F., .F. ) 
 B_SPLINE_SURFACE_WITH_KNOTS ( ( 4, 2, 4 ),
 ( 3, 3 ),
 ( 3.137250828090830002, 3.501240532420395013, 3.865230236749954695 ),
 ( 0.000000000000000000, 1.000000000000000000 ),
 .UNSPECIFIED. ) 
 GEOMETRIC_REPRESENTATION_ITEM ( )  RATIONAL_B_SPLINE_SURFACE ( (
 ( 1.000000000000000000, 0.9238777289780890634, 1.000000000000000000),
 ( 1.000000000000000000, 0.9239852149869179909, 1.000000000000000000),
 ( 1.000000000000000000, 0.9198364717363159970, 1.000000000000000000),
 ( 1.000000000000000000, 0.9032744197255870855, 1.000000000000000000),
 ( 1.000000000000000000, 0.8908605936898389421, 1.000000000000000000),
 ( 1.000000000000000000, 0.8746163082023999946, 1.000000000000000000) ) ) 
 REPRESENTATION_ITEM ( '' )  SURFACE ( )  );
#2297 = CIRCLE ( 'NONE', #728, 4.999999999999997335 ) ;
#2298 = CARTESIAN_POINT ( 'NONE',  ( 5.873170168695549975, 8.000000000000000000, -7.417823419983569977 ) ) ;
#2299 = CONICAL_SURFACE ( 'NONE', #3845, 4.999999999999997335, 0.7853981633974490562 ) ;
#2300 = DIRECTION ( 'NONE',  ( 1.000000000000000000, 0.000000000000000000, 0.000000000000000000 ) ) ;
#2301 = FACE_OUTER_BOUND ( 'NONE', #825, .T. ) ;
#2302 = EDGE_LOOP ( 'NONE', ( #2609, #147, #3781, #691 ) ) ;
#2303 = CARTESIAN_POINT ( 'NONE',  ( 10.01690151285142427, 7.258391549307268598, -5.465967306882066445 ) ) ;
#2304 = VECTOR ( 'NONE', #2837, 1000.000000000000114 ) ;
#2305 = EDGE_CURVE ( 'NONE', #3417, #964, #4097, .T. ) ;
#2306 = FACE_OUTER_BOUND ( 'NONE', #4024, .T. ) ;
#2307 = AXIS2_PLACEMENT_3D ( 'NONE', #3268, #3249, #264 ) ;
#2308 = FACE_OUTER_BOUND ( 'NONE', #3800, .T. ) ;
#2309 = EDGE_LOOP ( 'NONE', ( #2605, #2875, #3583, #3994, #2669 ) ) ;
#2310 = DIRECTION ( 'NONE',  ( -0.000000000000000000, 1.000000000000000000, 0.000000000000000000 ) ) ;
#2311 = CARTESIAN_POINT ( 'NONE',  ( 5.460117266071779163, 7.274934450819604770, 5.479083141681477365 ) ) ;
#2312 = VECTOR ( 'NONE', #2498, 1000.000000000000114 ) ;
#2313 = ADVANCED_FACE ( 'NONE', ( #3745 ), #1780, .T. ) ;
#2314 = CARTESIAN_POINT ( 'NONE',  ( 32.37964710633750087, 16.50000000000000000, -7.500000000000000000 ) ) ;
#2315 = AXIS2_PLACEMENT_3D ( 'NONE', #3036, #1669, #360 ) ;
#2316 = CARTESIAN_POINT ( 'NONE',  ( 37.72998819349644606, 4.358276804926674686, -7.750000000000000000 ) ) ;
#2317 = LINE ( 'NONE', #2271, #1368 ) ;
#2318 = EDGE_LOOP ( 'NONE', ( #2884, #314, #3757 ) ) ;
#2319 = DIRECTION ( 'NONE',  ( 0.6621630696465248267, -0.5298773769450318971, 0.5298773769450288995 ) ) ;
#2320 = CARTESIAN_POINT ( 'NONE',  ( -20.98860034086383664, 7.395805835594342348, 5.242215751187917938 ) ) ;
#2321 = LINE ( 'NONE', #1251, #2789 ) ;
#2322 = VERTEX_POINT ( 'NONE', #3123 ) ;
#2323 = LINE ( 'NONE', #4342, #1454 ) ;
#2324 = ORIENTED_EDGE ( 'NONE', *, *, #925, .F. ) ;
#2325 = CARTESIAN_POINT ( 'NONE',  ( 1.539866014206839218, 4.931068280701557782, 3.138644038277335291 ) ) ;
#2326 = CARTESIAN_POINT ( 'NONE',  ( -16.14159384988684920, 25.63381471086504959, 9.500000000000000000 ) ) ;
#2327 = CARTESIAN_POINT ( 'NONE',  ( 0.000000000000000000, 0.000000000000000000, -9.500000000000000000 ) ) ;
#2328 = EDGE_LOOP ( 'NONE', ( #2967, #2824, #320, #61 ) ) ;
#2329 = CARTESIAN_POINT ( 'NONE',  ( 17.16237297470496515, 5.063244529605186450, 2.907688559994204613 ) ) ;
#2330 = CARTESIAN_POINT ( 'NONE',  ( 4.943043705302706314, 7.154320743315597753, 5.361747694546542320 ) ) ;
#2331 = CARTESIAN_POINT ( 'NONE',  ( 15.34960107734852031, 4.813368268928274851, 2.707090653662093782 ) ) ;
#2332 = CARTESIAN_POINT ( 'NONE',  ( 18.28466544649865000, 5.751445432112169520, -3.460412663337814720 ) ) ;
#2333 = CARTESIAN_POINT ( 'NONE',  ( -23.57125319256055107, 8.000000000000000000, 6.373612753524590779 ) ) ;
#2334 = ADVANCED_FACE ( 'NONE', ( #3082 ), #1801, .F. ) ;
#2335 = ORIENTED_EDGE ( 'NONE', *, *, #1849, .F. ) ;
#2336 = DIRECTION ( 'NONE',  ( -0.6621630696465248267, -0.5298773769450318971, -0.5298773769450288995 ) ) ;
#2337 = CARTESIAN_POINT ( 'NONE',  ( 2.213804348269555522, 5.332976929045294412, -3.540552686621071921 ) ) ;
#2338 = DIRECTION ( 'NONE',  ( -1.000000000000000000, 0.000000000000000000, 0.000000000000000000 ) ) ;
#2339 = VERTEX_POINT ( 'NONE', #3147 ) ;
#2340 = CARTESIAN_POINT ( 'NONE',  ( 32.37964710633750087, 9.500000000000000000, 7.500000000000000000 ) ) ;
#2341 = ORIENTED_EDGE ( 'NONE', *, *, #294, .F. ) ;
#2342 = CARTESIAN_POINT ( 'NONE',  ( 0.6882997789113990406, 4.909436623719599879, 3.117012381295374723 ) ) ;
#2343 = ADVANCED_FACE ( 'NONE', ( #1373 ), #2135, .F. ) ;
#2344 = CARTESIAN_POINT ( 'NONE',  ( -4.815532678565153546, 8.000000000000005329, 6.207575757575758857 ) ) ;
#2345 = LINE ( 'NONE', #3973, #4142 ) ;
#2346 = ORIENTED_EDGE ( 'NONE', *, *, #2020, .F. ) ;
#2347 = PLANE ( 'NONE',  #401 ) ;
#2348 =( BOUNDED_CURVE ( )  B_SPLINE_CURVE ( 3, ( #1307, #4, #1347, #3744 ),
 .UNSPECIFIED., .F., .F. ) 
 B_SPLINE_CURVE_WITH_KNOTS ( ( 4, 4 ),
 ( 2.487717647697745171, 3.865230236749954695 ),
 .UNSPECIFIED. ) 
 CURVE ( )  GEOMETRIC_REPRESENTATION_ITEM ( )  RATIONAL_B_SPLINE_CURVE ( ( 1.000000000000000000, 0.8480247220586769608, 0.8480247220586769608, 1.000000000000000000 ) ) 
 REPRESENTATION_ITEM ( '' )  );
#2349 = CARTESIAN_POINT ( 'NONE',  ( 5.924864460928715104, 7.364886896910125991, 5.563713321250284061 ) ) ;
#2350 = ORIENTED_EDGE ( 'NONE', *, *, #1348, .F. ) ;
#2351 = CARTESIAN_POINT ( 'NONE',  ( -46.60000000000000142, 8.817669172932321331, 5.388445916248358943E-16 ) ) ;
#2352 = CARTESIAN_POINT ( 'NONE',  ( 16.78033675282778248, 4.933526763744275456, -2.803611144040341507 ) ) ;
#2353 = CARTESIAN_POINT ( 'NONE',  ( -20.98026510759354935, 7.532931803599760556, 5.707915816317220781 ) ) ;
#2354 = ORIENTED_EDGE ( 'NONE', *, *, #1892, .F. ) ;
#2355 = CARTESIAN_POINT ( 'NONE',  ( 22.49693439268759931, 8.000000000000000000, -6.925486524479349981 ) ) ;
#2356 = CARTESIAN_POINT ( 'NONE',  ( -20.08523221855302765, 6.992023820107508669, 4.804207322287166626 ) ) ;
#2357 = CARTESIAN_POINT ( 'NONE',  ( 59.00000000000000000, -16.50000000000000000, 9.500000000000000000 ) ) ;
#2358 = ADVANCED_FACE ( 'NONE', ( #2068 ), #2154, .T. ) ;
#2359 = ORIENTED_EDGE ( 'NONE', *, *, #3112, .T. ) ;
#2360 = AXIS2_PLACEMENT_3D ( 'NONE', #1488, #2775, #4101 ) ;
#2361 = CARTESIAN_POINT ( 'NONE',  ( 24.22566654420050014, 8.000000000000000000, 8.757575757575759567 ) ) ;
#2362 = ORIENTED_EDGE ( 'NONE', *, *, #2497, .T. ) ;
#2363 = CARTESIAN_POINT ( 'NONE',  ( 1.911890070364605121, 5.521621032120870076, -3.729196789696640479 ) ) ;
#2364 = CARTESIAN_POINT ( 'NONE',  ( 10.66324277765340511, 7.025213978746495336, -4.887995828307844626 ) ) ;
#2365 = ADVANCED_FACE ( 'NONE', ( #2838 ), #2571, .F. ) ;
#2366 = VECTOR ( 'NONE', #3, 999.9999999999998863 ) ;
#2367 = CARTESIAN_POINT ( 'NONE',  ( 12.14750145797167136, 6.779857726078447833, 4.987433483654222677 ) ) ;
#2368 = CARTESIAN_POINT ( 'NONE',  ( 4.905884020345239627, 6.887870845618198956, 4.739193176775461147 ) ) ;
#2369 = EDGE_LOOP ( 'NONE', ( #1292, #2408, #2009, #2736 ) ) ;
#2370 = ADVANCED_FACE ( 'NONE', ( #2248 ), #3895, .F. ) ;
#2371 = AXIS2_PLACEMENT_3D ( 'NONE', #32, #1379, #2338 ) ;
#2372 = CARTESIAN_POINT ( 'NONE',  ( -4.815532678565149993, 7.121320343559640165, -5.328896101135399910 ) ) ;
#2373 = CARTESIAN_POINT ( 'NONE',  ( 11.15782449313975988, 7.121320343559640165, 5.328896101135399910 ) ) ;
#2374 = VERTEX_POINT ( 'NONE', #3503 ) ;
#2375 = VECTOR ( 'NONE', #4288, 1000.000000000000114 ) ;
#2376 = DIRECTION ( 'NONE',  ( -1.000000000000000000, 0.000000000000000000, 0.000000000000000000 ) ) ;
#2377 = DIRECTION ( 'NONE',  ( 0.000000000000000000, 0.000000000000000000, 1.000000000000000000 ) ) ;
#2378 = CIRCLE ( 'NONE', #1099, 0.7500000000000001110 ) ;
#2379 = CARTESIAN_POINT ( 'NONE',  ( -21.13992510768160571, 8.000000000000005329, 6.432396986905499325 ) ) ;
#2380 = AXIS2_PLACEMENT_3D ( 'NONE', #2414, #676, #718 ) ;
#2381 = CARTESIAN_POINT ( 'NONE',  ( -11.15782449313975988, 8.000000000000000000, -7.450216444695049844 ) ) ;
#2382 = ORIENTED_EDGE ( 'NONE', *, *, #91, .T. ) ;
#2383 = LINE ( 'NONE', #3766, #2806 ) ;
#2384 = CARTESIAN_POINT ( 'NONE',  ( -42.75000000000000000, -1.565167132207979872, 9.500000000000000000 ) ) ;
#2385 = DIRECTION ( 'NONE',  ( -1.734723475976804876E-16, 1.000000000000000000, -0.000000000000000000 ) ) ;
#2386 = AXIS2_PLACEMENT_3D ( 'NONE', #2697, #2310, #2265 ) ;
#2387 = VERTEX_POINT ( 'NONE', #861 ) ;
#2388 = DIRECTION ( 'NONE',  ( 7.382134681296080182E-16, -1.000000000000000000, 0.000000000000000000 ) ) ;
#2389 = VERTEX_POINT ( 'NONE', #3212 ) ;
#2390 = CARTESIAN_POINT ( 'NONE',  ( 46.60000000000000142, 8.817669172932339094, -8.800000000000009592 ) ) ;
#2391 = CARTESIAN_POINT ( 'NONE',  ( 41.00000000000000000, -16.50000000000000000, 9.500000000000000000 ) ) ;
#2392 = EDGE_CURVE ( 'NONE', #3996, #2404, #1826, .T. ) ;
#2393 = FACE_OUTER_BOUND ( 'NONE', #3194, .T. ) ;
#2394 = CARTESIAN_POINT ( 'NONE',  ( 22.08676322462875063, 7.809079536015110179, -5.690036786810940050 ) ) ;
#2395 = VERTEX_POINT ( 'NONE', #3592 ) ;
#2396 = EDGE_CURVE ( 'NONE', #3803, #1568, #3710, .T. ) ;
#2397 = CARTESIAN_POINT ( 'NONE',  ( 5.262871969175689557, 7.239182484977179755, 5.446758242552939500 ) ) ;
#2398 = CARTESIAN_POINT ( 'NONE',  ( 11.11800921191807667, 7.131752278980429516, 5.339312801524045859 ) ) ;
#2399 = ORIENTED_EDGE ( 'NONE', *, *, #4181, .F. ) ;
#2400 = CARTESIAN_POINT ( 'NONE',  ( -7.457498925895928998, 8.000000000000000000, -7.320283824002689066 ) ) ;
#2401 = CARTESIAN_POINT ( 'NONE',  ( 59.00000000000000000, -1.354091417495654204, -9.500000000000000000 ) ) ;
#2402 = CARTESIAN_POINT ( 'NONE',  ( -19.73661185555179642, 8.000000000000000000, 7.450216444695049844 ) ) ;
#2403 = DIRECTION ( 'NONE',  ( 0.000000000000000000, 0.000000000000000000, -1.000000000000000000 ) ) ;
#2404 = VERTEX_POINT ( 'NONE', #2223 ) ;
#2405 = CARTESIAN_POINT ( 'NONE',  ( 19.73661185555179642, 8.000000000000000000, -7.450216444695049844 ) ) ;
#2406 = LINE ( 'NONE', #2384, #379 ) ;
#2407 = CARTESIAN_POINT ( 'NONE',  ( 23.69056985625920930, 8.000000000000001776, 5.896915585795941439 ) ) ;
#2408 = ORIENTED_EDGE ( 'NONE', *, *, #225, .F. ) ;
#2409 = DIRECTION ( 'NONE',  ( 1.000000000000000000, 1.734723475976804876E-16, 0.000000000000000000 ) ) ;
#2410 = EDGE_LOOP ( 'NONE', ( #3014, #915, #645, #1260 ) ) ;
#2411 = CARTESIAN_POINT ( 'NONE',  ( -32.37964710633750087, 9.500000000000000000, -9.500000000000000000 ) ) ;
#2412 = CARTESIAN_POINT ( 'NONE',  ( -29.92636144974730072, 8.000000000000000000, -7.750000000000000000 ) ) ;
#2413 = CARTESIAN_POINT ( 'NONE',  ( -8.575322992412841572, 7.535194928387939584, 5.716784161057960389 ) ) ;
#2414 = CARTESIAN_POINT ( 'NONE',  ( 34.00000000000000000, -1.565167132207974987, -9.500000000000000000 ) ) ;
#2415 = VERTEX_POINT ( 'NONE', #162 ) ;
#2416 = DIRECTION ( 'NONE',  ( 0.000000000000000000, 0.000000000000000000, -1.000000000000000000 ) ) ;
#2417 = CARTESIAN_POINT ( 'NONE',  ( 8.244455626709402907, 7.546666646626773556, -5.726677431535978080 ) ) ;
#2418 = EDGE_LOOP ( 'NONE', ( #4286, #2689, #2499, #620 ) ) ;
#2419 = EDGE_CURVE ( 'NONE', #3911, #3956, #2753, .T. ) ;
#2420 = CARTESIAN_POINT ( 'NONE',  ( -6.826256777748869631, 7.492115027270149774, -5.678948387545999843 ) ) ;
#2421 = DIRECTION ( 'NONE',  ( 1.000000000000000000, 1.734723475976808080E-15, 0.000000000000000000 ) ) ;
#2422 = CARTESIAN_POINT ( 'NONE',  ( 42.75000000000000000, -1.565167132207969880, 9.500000000000000000 ) ) ;
#2423 = FACE_OUTER_BOUND ( 'NONE', #1860, .T. ) ;
#2424 = VERTEX_POINT ( 'NONE', #2921 ) ;
#2425 = CARTESIAN_POINT ( 'NONE',  ( 23.39514837769040057, 8.000000000000000000, -6.470537732563729882 ) ) ;
#2426 = DIRECTION ( 'NONE',  ( -1.000000000000000000, 0.000000000000000000, 0.000000000000000000 ) ) ;
#2427 = EDGE_CURVE ( 'NONE', #983, #2583, #4273, .T. ) ;
#2428 = CARTESIAN_POINT ( 'NONE',  ( -14.17286754129715654, 5.119542352346154068, -2.952896583109887896 ) ) ;
#2429 = VERTEX_POINT ( 'NONE', #3830 ) ;
#2430 = CARTESIAN_POINT ( 'NONE',  ( 13.44451100527151866, 5.582546102277270883, -3.324761233076709566 ) ) ;
#2431 = VERTEX_POINT ( 'NONE', #797 ) ;
#2432 = CARTESIAN_POINT ( 'NONE',  ( -37.72998819349644606, 4.358276804926659587, -7.750000000000000000 ) ) ;
#2433 = CARTESIAN_POINT ( 'NONE',  ( 32.37964710633750087, 14.50000000000000000, -9.500000000000000000 ) ) ;
#2434 = DIRECTION ( 'NONE',  ( 1.000000000000000000, 0.000000000000000000, 0.000000000000000000 ) ) ;
#2435 = CARTESIAN_POINT ( 'NONE',  ( 42.75000000000000000, -16.50000000000000000, 9.500000000000000000 ) ) ;
#2436 = ORIENTED_EDGE ( 'NONE', *, *, #816, .T. ) ;
#2437 = CARTESIAN_POINT ( 'NONE',  ( -19.90294886555381026, 6.973271744248204840, 5.180847501823411250 ) ) ;
#2438 = CARTESIAN_POINT ( 'NONE',  ( -21.96589251788384800, 7.766024872924218947, -5.875190505705743860 ) ) ;
#2439 = VERTEX_POINT ( 'NONE', #822 ) ;
#2440 = EDGE_CURVE ( 'NONE', #937, #2913, #2160, .T. ) ;
#2441 = B_SPLINE_CURVE_WITH_KNOTS ( 'NONE', 3,
 ( #4212, #2471, #98, #3833, #3792, #2491, #2823, #843, #3529, #451, #2451, #4123, #495, #1471, #1421, #3549, #3458, #429, #1763, #3507, #4169, #78, #477, #2776, #1829, #3175, #146, #2840, #1091, #4189, #2225, #887, #4253, #907, #950, #1627 ),
 .UNSPECIFIED., .F., .F.,
 ( 4, 2, 2, 1, 1, 1, 2, 2, 1, 2, 2, 2, 1, 2, 2, 2, 1, 1, 1, 2, 2, 4 ),
 ( 0.000000000000000000, 0.03125000000003740758, 0.04687500000005610790, 0.05468750000006540601, 0.05859375000006943057, 0.06054687500007197715, 0.06152343750007325390, 0.06250000000007452372, 0.09375000000006802892, 0.1093750000000658779, 0.1250000000000637268, 0.1875000000000536238, 0.2187500000000484335, 0.2343750000000458522, 0.2500000000000432432, 0.3750000000000339728, 0.4375000000000282552, 0.4687500000000254241, 0.4843750000000239253, 0.4921875000000233147, 0.5000000000000226485, 1.000000000000000000 ),
 .UNSPECIFIED. ) ;
#2442 = VECTOR ( 'NONE', #1881, 1000.000000000000000 ) ;
#2443 = LINE ( 'NONE', #354, #1601 ) ;
#2444 = FACE_OUTER_BOUND ( 'NONE', #971, .T. ) ;
#2445 = CARTESIAN_POINT ( 'NONE',  ( 18.28466544649865000, 5.751445432112169520, -3.460412663337814720 ) ) ;
#2446 = CIRCLE ( 'NONE', #3919, 6.999999999999999112 ) ;
#2447 = CARTESIAN_POINT ( 'NONE',  ( -13.60850995846104183, 5.456867651521899454, -3.664443409097668081 ) ) ;
#2448 = VECTOR ( 'NONE', #1947, 1000.000000000000000 ) ;
#2449 = CARTESIAN_POINT ( 'NONE',  ( -10.28854596549653877, 7.133997836187548458, 5.005735491251761538 ) ) ;
#2450 = CARTESIAN_POINT ( 'NONE',  ( -18.28466544649865000, 5.751445432112169520, 3.460412663337809835 ) ) ;
#2451 = CARTESIAN_POINT ( 'NONE',  ( -19.99174476325659811, 7.214643455049911225, 5.420626065380474756 ) ) ;
#2452 = VECTOR ( 'NONE', #1455, 1000.000000000000000 ) ;
#2453 = VERTEX_POINT ( 'NONE', #1848 ) ;
#2454 = CARTESIAN_POINT ( 'NONE',  ( -8.961120566089920914, 7.663771910132060050, 5.871347667707819795 ) ) ;
#2455 = CARTESIAN_POINT ( 'NONE',  ( -14.06724253437794481, 5.192777318328318792, 3.011837736622916317 ) ) ;
#2456 = VECTOR ( 'NONE', #1781, 1000.000000000000000 ) ;
#2457 = CARTESIAN_POINT ( 'NONE',  ( -19.73661185555179642, 7.121320343559640165, 5.328896101135399910 ) ) ;
#2458 = CARTESIAN_POINT ( 'NONE',  ( -10.70915681658792806, 7.232770674747456496, -5.438762416051193149 ) ) ;
#2459 = PLANE ( 'NONE',  #2512 ) ;
#2460 = FACE_OUTER_BOUND ( 'NONE', #4029, .T. ) ;
#2461 = ORIENTED_EDGE ( 'NONE', *, *, #1348, .T. ) ;
#2462 = FACE_OUTER_BOUND ( 'NONE', #4290, .T. ) ;
#2463 = DIRECTION ( 'NONE',  ( 1.000000000000000000, 0.000000000000000000, 0.000000000000000000 ) ) ;
#2464 = EDGE_LOOP ( 'NONE', ( #2618, #2711, #3678, #3793, #669 ) ) ;
#2465 = CARTESIAN_POINT ( 'NONE',  ( -20.01600175819346461, 7.223257317174242687, -5.428924001996612958 ) ) ;
#2466 = CARTESIAN_POINT ( 'NONE',  ( 13.90071101811527932, 5.647515561390850536, -3.855091318966624936 ) ) ;
#2467 = DIRECTION ( 'NONE',  ( -0.7071067811865510144, -5.219957492776876748E-16, 0.7071067811865441310 ) ) ;
#2468 = DIRECTION ( 'NONE',  ( 1.000000000000000000, 1.636531581110195656E-16, 0.000000000000000000 ) ) ;
#2469 = CARTESIAN_POINT ( 'NONE',  ( 18.10621625889356778, 5.593781236042051574, 3.333784726336616266 ) ) ;
#2470 = CARTESIAN_POINT ( 'NONE',  ( -23.65301002004315123, 8.000000000000000000, 6.313916083419949921 ) ) ;
#2471 = CARTESIAN_POINT ( 'NONE',  ( -19.73702904163800298, 7.121173874968356188, 5.328749632544123038 ) ) ;
#2472 = ADVANCED_FACE ( 'NONE', ( #575 ), #1960, .F. ) ;
#2473 = ADVANCED_FACE ( 'NONE', ( #1644, #2635 ), #987, .F. ) ;
#2474 = ORIENTED_EDGE ( 'NONE', *, *, #4225, .F. ) ;
#2475 = CARTESIAN_POINT ( 'NONE',  ( -3.705636617032409763, 6.725912723526750625, 4.933488481102519252 ) ) ;
#2476 = CARTESIAN_POINT ( 'NONE',  ( -15.76200707051774863, 4.796667790895010164, 2.693583376690960041 ) ) ;
#2477 = FACE_OUTER_BOUND ( 'NONE', #484, .T. ) ;
#2478 = FACE_OUTER_BOUND ( 'NONE', #2328, .T. ) ;
#2479 = CARTESIAN_POINT ( 'NONE',  ( 31.94671434340985172, 8.000000000000000000, -7.750000000000000000 ) ) ;
#2480 = ORIENTED_EDGE ( 'NONE', *, *, #3088, .T. ) ;
#2481 = DIRECTION ( 'NONE',  ( 0.000000000000000000, 0.000000000000000000, 1.000000000000000000 ) ) ;
#2482 = EDGE_CURVE ( 'NONE', #438, #338, #665, .T. ) ;
#2483 = CARTESIAN_POINT ( 'NONE',  ( 9.583535312082190671, 7.437035000967900267, -5.629728684042190956 ) ) ;
#2484 = CARTESIAN_POINT ( 'NONE',  ( -20.03511666732429575, 7.230017331087911003, -5.435419423448983878 ) ) ;
#2485 = CARTESIAN_POINT ( 'NONE',  ( -9.147100393956279163, 7.492115027270149774, -5.678948387546009613 ) ) ;
#2486 = CARTESIAN_POINT ( 'NONE',  ( -6.927527482475788645, 7.499021701334643630, -5.685156825509737999 ) ) ;
#2487 = CARTESIAN_POINT ( 'NONE',  ( -59.00000000000000000, -16.50000000000000000, 9.500000000000000000 ) ) ;
#2488 = CARTESIAN_POINT ( 'NONE',  ( 0.000000000000000000, 4.850820973281339654, 3.058396730857119827 ) ) ;
#2489 = DIRECTION ( 'NONE',  ( 0.7071067811865444641, 0.000000000000000000, -0.7071067811865505703 ) ) ;
#2490 = CARTESIAN_POINT ( 'NONE',  ( -34.00000000000000000, -1.565167132207979872, 9.500000000000000000 ) ) ;
#2491 = CARTESIAN_POINT ( 'NONE',  ( -19.89962961181815615, 7.181503618092744290, 5.388433955494750904 ) ) ;
#2492 =( BOUNDED_SURFACE ( )  B_SPLINE_SURFACE ( 3, 2, ( 
 ( #3734, #2344, #2035 ),
 ( #3095, #3356, #369 ),
 ( #2078, #3445, #2717 ),
 ( #3377, #4040, #2013 ),
 ( #3067, #1700, #3687 ),
 ( #42, #1388, #325 ),
 ( #2742, #3755, #717 ),
 ( #4088, #1054, #18 ),
 ( #2413, #3422, #394 ),
 ( #4064, #1677, #1750 ),
 ( #981, #3044, #1003 ),
 ( #1361, #1408, #417 ),
 ( #2764, #4108, #650 ),
 ( #1770, #4346, #1320 ) ),
 .UNSPECIFIED., .F., .F., .F. ) 
 B_SPLINE_SURFACE_WITH_KNOTS ( ( 4, 2, 2, 2, 2, 2, 4 ),
 ( 3, 3 ),
 ( -7.372574772901430151E-18, 0.001587069792343390098, 0.002380604688515084930, 0.003174139584686784966, 0.003967674480858485002, 0.004761209377030180268, 0.006348279169373580340 ),
 ( 0.000000000000000000, 1.000000000000000000 ),
 .UNSPECIFIED. ) 
 GEOMETRIC_REPRESENTATION_ITEM ( )  RATIONAL_B_SPLINE_SURFACE ( (
 ( 1.000000000000000000, 0.9238795325112869605, 1.000000000000000000),
 ( 1.000000000000000000, 0.9344924826320419875, 1.000000000000000000),
 ( 1.000000000000000000, 0.9438259671375659465, 1.000000000000000000),
 ( 1.000000000000000000, 0.9540021288974769309, 1.000000000000000000),
 ( 1.000000000000000000, 0.9567423952256910447, 1.000000000000000000),
 ( 1.000000000000000000, 0.9604873732734769964, 1.000000000000000000),
 ( 1.000000000000000000, 0.9614803401237120850, 1.000000000000000000),
 ( 1.000000000000000000, 0.9614803401237120850, 1.000000000000000000),
 ( 1.000000000000000000, 0.9604873732734620084, 1.000000000000000000),
 ( 1.000000000000000000, 0.9567423952257070319, 1.000000000000000000),
 ( 1.000000000000000000, 0.9540021288974729341, 1.000000000000000000),
 ( 1.000000000000000000, 0.9438259671375629489, 1.000000000000000000),
 ( 1.000000000000000000, 0.9344924826320429867, 1.000000000000000000),
 ( 1.000000000000000000, 0.9238795325112859613, 1.000000000000000000) ) ) 
 REPRESENTATION_ITEM ( '' )  SURFACE ( )  );
#2493 = ORIENTED_EDGE ( 'NONE', *, *, #120, .T. ) ;
#2494 = CARTESIAN_POINT ( 'NONE',  ( -5.907424703750490558, 7.245461646611359718, 5.126673733414019551 ) ) ;
#2495 = CARTESIAN_POINT ( 'NONE',  ( 33.65634964324375034, 6.923443937134649673, -7.750000000000000000 ) ) ;
#2496 = CARTESIAN_POINT ( 'NONE',  ( -13.90071101811525978, 5.647515561390850536, 3.855091318966619607 ) ) ;
#2497 = EDGE_CURVE ( 'NONE', #943, #3621, #3320, .T. ) ;
#2498 = DIRECTION ( 'NONE',  ( 0.8462062767335206681, -0.5328554562137768347, 0.000000000000000000 ) ) ;
#2499 = ORIENTED_EDGE ( 'NONE', *, *, #3449, .F. ) ;
#2500 = CARTESIAN_POINT ( 'NONE',  ( 13.04593362246479948, 6.302563028074379403, 4.510138785650149806 ) ) ;
#2501 = EDGE_CURVE ( 'NONE', #1302, #687, #2186, .T. ) ;
#2502 = VERTEX_POINT ( 'NONE', #657 ) ;
#2503 = CARTESIAN_POINT ( 'NONE',  ( -20.81814276056442026, 7.482538094139832729, -5.663595599747034193 ) ) ;
#2504 = ADVANCED_FACE ( 'NONE', ( #636 ), #2615, .F. ) ;
#2505 = DIRECTION ( 'NONE',  ( 0.000000000000000000, 0.000000000000000000, -1.000000000000000000 ) ) ;
#2506 = EDGE_LOOP ( 'NONE', ( #1375, #1367, #2038, #90 ) ) ;
#2507 = CYLINDRICAL_SURFACE ( 'NONE', #4331, 8.972762383429220279 ) ;
#2508 = CARTESIAN_POINT ( 'NONE',  ( -51.00000000000000711, -8.500000000000017764, 0.000000000000000000 ) ) ;
#2509 = CIRCLE ( 'NONE', #2576, 4.400000000000001243 ) ;
#2510 = CARTESIAN_POINT ( 'NONE',  ( 4.986013545893422716, 6.916780974553669914, -4.770519711630341497 ) ) ;
#2511 = CARTESIAN_POINT ( 'NONE',  ( 6.977328492183811015, 7.433333333333330017, -5.330248919129279450 ) ) ;
#2512 = AXIS2_PLACEMENT_3D ( 'NONE', #2195, #3134, #2782 ) ;
#2513 = CARTESIAN_POINT ( 'NONE',  ( 51.00000000000000711, -8.500000000000000000, 0.000000000000000000 ) ) ;
#2514 = AXIS2_PLACEMENT_3D ( 'NONE', #2114, #1112, #3455 ) ;
#2515 = ORIENTED_EDGE ( 'NONE', *, *, #3274, .F. ) ;
#2516 = FACE_OUTER_BOUND ( 'NONE', #127, .T. ) ;
#2517 = CARTESIAN_POINT ( 'NONE',  ( -13.61409049344205080, 5.452591081597744527, 3.220387909381349445 ) ) ;
#2518 = CARTESIAN_POINT ( 'NONE',  ( -0.7423521969479062177, 4.702636452170991355, 2.585588598465744070 ) ) ;
#2519 = VECTOR ( 'NONE', #2690, 999.9999999999998863 ) ;
#2520 = CARTESIAN_POINT ( 'NONE',  ( -21.33741587125520311, 8.000000000000000000, -7.287277977312819566 ) ) ;
#2521 = LINE ( 'NONE', #1478, #2312 ) ;
#2522 = ORIENTED_EDGE ( 'NONE', *, *, #272, .T. ) ;
#2523 = CARTESIAN_POINT ( 'NONE',  ( 13.90071101811530063, 5.647515561390839878, 3.855091318966615166 ) ) ;
#2524 = ORIENTED_EDGE ( 'NONE', *, *, #2037, .F. ) ;
#2525 = EDGE_CURVE ( 'NONE', #283, #1010, #3632, .T. ) ;
#2526 = CARTESIAN_POINT ( 'NONE',  ( -19.99960926342874501, 7.217441095594246292, -5.423323139461257547 ) ) ;
#2527 = LINE ( 'NONE', #2874, #1738 ) ;
#2528 = ORIENTED_EDGE ( 'NONE', *, *, #2020, .T. ) ;
#2529 = DIRECTION ( 'NONE',  ( 0.000000000000000000, 0.000000000000000000, 1.000000000000000000 ) ) ;
#2530 = CARTESIAN_POINT ( 'NONE',  ( -1.462159035485924186, 4.922244478190673789, -2.761886836512805310 ) ) ;
#2531 = CARTESIAN_POINT ( 'NONE',  ( -10.10563495301457948, 7.478268879396409829, -5.685844636972170463 ) ) ;
#2532 = B_SPLINE_CURVE_WITH_KNOTS ( 'NONE', 3,
 ( #1207, #832, #1546, #2146, #2212, #2196, #3200, #3557, #3865, #4157, #2560, #765, #2126, #3466, #437, #107, #3135, #2809, #1125, #3488, #460, #1859, #1816, #3538, #4177, #1837, #3181, #2847, #1316, #3330, #2604, #1616, #3950, #2625, #3264, #2649, #2997, #4323, #1989, #282 ),
 .UNSPECIFIED., .F., .F.,
 ( 4, 2, 2, 2, 1, 1, 2, 2, 2, 1, 1, 2, 2, 2, 1, 2, 2, 1, 1, 1, 1, 1, 2, 2, 4 ),
 ( 0.000000000000000000, 0.2500000000000519584, 0.3750000000000779377, 0.4375000000000899281, 0.4687500000000949796, 0.4843750000000965894, 0.4921875000000964784, 0.5000000000000962563, 0.6250000000000657252, 0.6875000000000494049, 0.7187500000000401901, 0.7343750000000347500, 0.7500000000000291989, 0.8125000000000054401, 0.8437499999999946709, 0.8593749999999885647, 0.8749999999999823475, 0.9062499999999678035, 0.9218749999999606981, 0.9296874999999571454, 0.9335937499999555911, 0.9355468749999549249, 0.9365234374999555911, 0.9374999999999562572, 1.000000000000000000 ),
 .UNSPECIFIED. ) ;
#2533 = CARTESIAN_POINT ( 'NONE',  ( -1.897957668408008614, 5.110505561713893918, -3.318081319289313935 ) ) ;
#2534 = CARTESIAN_POINT ( 'NONE',  ( -29.92636144974730072, 1.000000000000000000, 9.500000000000000000 ) ) ;
#2535 = ORIENTED_EDGE ( 'NONE', *, *, #1061, .F. ) ;
#2536 = CARTESIAN_POINT ( 'NONE',  ( 13.44451100527151866, 5.582546102277270883, 3.324761233076709566 ) ) ;
#2537 = CARTESIAN_POINT ( 'NONE',  ( -4.942964063630569171, 7.154309897105560090, 5.361737333481561230 ) ) ;
#2538 = CALENDAR_DATE ( 2025, 10, 10 ) ;
#2539 = CARTESIAN_POINT ( 'NONE',  ( 11.15782449313975100, 8.000000000000005329, -6.207575757575758857 ) ) ;
#2540 = DIRECTION ( 'NONE',  ( 1.000000000000000000, 0.000000000000000000, 0.000000000000000000 ) ) ;
#2541 = PLANE ( 'NONE',  #470 ) ;
#2542 = ORIENTED_EDGE ( 'NONE', *, *, #1869, .F. ) ;
#2543 = CARTESIAN_POINT ( 'NONE',  ( -61.00000000000000000, -16.50000000000000000, 7.500000000000000000 ) ) ;
#2544 = PLANE ( 'NONE',  #3638 ) ;
#2545 = DIRECTION ( 'NONE',  ( -1.000000000000000000, 0.000000000000000000, -6.938893903907229955E-15 ) ) ;
#2546 = ORIENTED_EDGE ( 'NONE', *, *, #144, .F. ) ;
#2547 = FACE_OUTER_BOUND ( 'NONE', #3281, .T. ) ;
#2548 = CARTESIAN_POINT ( 'NONE',  ( -46.60000000000000142, 8.817669172932321331, 5.388445916248358943E-16 ) ) ;
#2549 = EDGE_CURVE ( 'NONE', #2374, #3866, #1998, .T. ) ;
#2550 = VERTEX_POINT ( 'NONE', #4315 ) ;
#2551 = DIRECTION ( 'NONE',  ( 1.734723475976805122E-16, -1.000000000000000000, -0.000000000000000000 ) ) ;
#2552 = CARTESIAN_POINT ( 'NONE',  ( 16.14159384988684920, 25.63381471086504959, 9.500000000000000000 ) ) ;
#2553 = CARTESIAN_POINT ( 'NONE',  ( 20.54531995504885344, 8.000000000000000000, 7.417490402382189707 ) ) ;
#2554 = ADVANCED_FACE ( 'NONE', ( #4353 ), #927, .F. ) ;
#2555 = ORIENTED_EDGE ( 'NONE', *, *, #1520, .T. ) ;
#2556 = CARTESIAN_POINT ( 'NONE',  ( 23.57121703449654859, 8.000000000000000000, -6.373640864100980075 ) ) ;
#2557 = CARTESIAN_POINT ( 'NONE',  ( -23.90155562767614938, 8.000000000000000000, -6.140642483642070104 ) ) ;
#2558 = CARTESIAN_POINT ( 'NONE',  ( -16.34146414378982826, 4.814569204427489701, -2.707964867652234098 ) ) ;
#2559 = CARTESIAN_POINT ( 'NONE',  ( -23.15243947801251068, 7.952002160258135888, -5.844456877230215675 ) ) ;
#2560 = CARTESIAN_POINT ( 'NONE',  ( 21.96587123329480562, 7.766021479504589209, 5.875187465924248009 ) ) ;
#2561 = ORIENTED_EDGE ( 'NONE', *, *, #4031, .T. ) ;
#2562 = CARTESIAN_POINT ( 'NONE',  ( -36.10963529983394693, 15.42344393713465145, -7.500000000000000000 ) ) ;
#2563 = ORIENTED_EDGE ( 'NONE', *, *, #758, .F. ) ;
#2564 = CYLINDRICAL_SURFACE ( 'NONE', #3355, 2.649999999999999467 ) ;
#2565 = FACE_OUTER_BOUND ( 'NONE', #1891, .T. ) ;
#2566 = VERTEX_POINT ( 'NONE', #3981 ) ;
#2567 = CARTESIAN_POINT ( 'NONE',  ( -4.509123182458801615, 6.733501791719245233, 4.571836998738816327 ) ) ;
#2568 = CARTESIAN_POINT ( 'NONE',  ( -5.720439329236103987, 7.327489273174390583, -5.528830424995677895 ) ) ;
#2569 = FACE_OUTER_BOUND ( 'NONE', #2747, .T. ) ;
#2570 = EDGE_CURVE ( 'NONE', #1547, #4231, #2594, .T. ) ;
#2571 = CYLINDRICAL_SURFACE ( 'NONE', #1885, 2.649999999999999467 ) ;
#2572 = CARTESIAN_POINT ( 'NONE',  ( 13.61774343837892154, 5.449791695068561204, -3.218139583192541231 ) ) ;
#2573 = CARTESIAN_POINT ( 'NONE',  ( 17.78807915201425160, 5.783166991651959243, 3.990742749227725206 ) ) ;
#2574 = VECTOR ( 'NONE', #1828, 1000.000000000000114 ) ;
#2575 = ORIENTED_EDGE ( 'NONE', *, *, #653, .T. ) ;
#2576 = AXIS2_PLACEMENT_3D ( 'NONE', #2513, #2205, #1157 ) ;
#2577 = CARTESIAN_POINT ( 'NONE',  ( 6.929127942527859574, 8.000000000000000000, -7.346782657462599175 ) ) ;
#2578 = CARTESIAN_POINT ( 'NONE',  ( 41.00000000000000000, 2.299152829026875011, 9.500000000000000000 ) ) ;
#2579 = CARTESIAN_POINT ( 'NONE',  ( -7.986678585852459378, 7.433333333333330017, -5.330248919129270568 ) ) ;
#2580 = VECTOR ( 'NONE', #1110, 1000.000000000000000 ) ;
#2581 = CARTESIAN_POINT ( 'NONE',  ( -22.35391055545446903, 7.806769935246397729, -5.687080751533033052 ) ) ;
#2582 = CARTESIAN_POINT ( 'NONE',  ( 20.77503444704168345, 7.469865061792070549, -5.652878415661306555 ) ) ;
#2583 = VERTEX_POINT ( 'NONE', #2314 ) ;
#2584 = CARTESIAN_POINT ( 'NONE',  ( 24.22566654420050014, 8.000000000000000000, 5.896915585795940551 ) ) ;
#2585 = VECTOR ( 'NONE', #1188, 1000.000000000000000 ) ;
#2586 = CC_DESIGN_DATE_AND_TIME_ASSIGNMENT ( #3158, #1631, ( #3515 ) ) ;
#2587 = LINE ( 'NONE', #2653, #2794 ) ;
#2588 = CARTESIAN_POINT ( 'NONE',  ( 11.29024611716944371, 6.804507328419854062, 4.648779322887684806 ) ) ;
#2589 = ORIENTED_EDGE ( 'NONE', *, *, #33, .F. ) ;
#2590 = CARTESIAN_POINT ( 'NONE',  ( -24.22566654420050014, 8.219669914110090403, -6.427245671685850148 ) ) ;
#2591 = FACE_OUTER_BOUND ( 'NONE', #1194, .T. ) ;
#2592 = AXIS2_PLACEMENT_3D ( 'NONE', #46, #3448, #4223 ) ;
#2593 = CARTESIAN_POINT ( 'NONE',  ( -0.4365837064127539024, 4.631151059171250139, -2.528070589025243287 ) ) ;
#2594 = LINE ( 'NONE', #1327, #3074 ) ;
#2595 = CARTESIAN_POINT ( 'NONE',  ( 31.94671434340985172, 7.121320343559640165, -5.328896101135399910 ) ) ;
#2596 = CARTESIAN_POINT ( 'NONE',  ( 17.19033369811710088, 5.345095358164609678, 3.552671115740379637 ) ) ;
#2597 = EDGE_LOOP ( 'NONE', ( #3705, #920, #4343, #269, #453 ) ) ;
#2598 = CARTESIAN_POINT ( 'NONE',  ( 23.90647470122394935, 8.000000000000000000, -6.149306765607679637 ) ) ;
#2599 = CARTESIAN_POINT ( 'NONE',  ( -22.86708118379139876, 8.000000000000000000, -6.761153261502039769 ) ) ;
#2600 =( BOUNDED_CURVE ( )  B_SPLINE_CURVE ( 3, ( #2457, #3418, #3042, #16 ),
 .UNSPECIFIED., .F., .F. ) 
 B_SPLINE_CURVE_WITH_KNOTS ( ( 4, 4 ),
 ( 3.621509804568110003, 3.865230236749954695 ),
 .UNSPECIFIED. ) 
 CURVE ( )  GEOMETRIC_REPRESENTATION_ITEM ( )  RATIONAL_B_SPLINE_CURVE ( ( 1.000000000000000000, 0.9950561517660500011, 0.9950561517660500011, 1.000000000000000000 ) ) 
 REPRESENTATION_ITEM ( '' )  );
#2601 = CARTESIAN_POINT ( 'NONE',  ( -18.28466544649865000, 5.751445432112169520, -3.460412663337809835 ) ) ;
#2602 = ADVANCED_FACE ( 'NONE', ( #4332 ), #2268, .T. ) ;
#2603 = CARTESIAN_POINT ( 'NONE',  ( -24.22566654420050014, 8.000000000000000000, -5.896915585795940551 ) ) ;
#2604 = CARTESIAN_POINT ( 'NONE',  ( 20.07337851560099651, 7.243475323812719857, 5.448305592686057075 ) ) ;
#2605 = ORIENTED_EDGE ( 'NONE', *, *, #2525, .F. ) ;
#2606 = CARTESIAN_POINT ( 'NONE',  ( 20.55089664173985042, 8.000000000000000000, 7.450216444695049844 ) ) ;
#2607 = DIRECTION ( 'NONE',  ( -0.8462062767335204461, -0.5328554562137772788, 0.000000000000000000 ) ) ;
#2608 = CARTESIAN_POINT ( 'NONE',  ( -13.04513306631437253, 5.888604157269887729, -3.656401548184488259 ) ) ;
#2609 = ORIENTED_EDGE ( 'NONE', *, *, #1144, .F. ) ;
#2610 = ADVANCED_FACE ( 'NONE', ( #1304 ), #616, .F. ) ;
#2611 = CARTESIAN_POINT ( 'NONE',  ( 11.15782449313975988, 8.000000000000000000, 7.450216444695049844 ) ) ;
#2612 = CARTESIAN_POINT ( 'NONE',  ( 38.66248524187054869, 5.839137789210329998, 9.500000000000000000 ) ) ;
#2613 = DIRECTION ( 'NONE',  ( 1.000000000000000000, 0.000000000000000000, 0.000000000000000000 ) ) ;
#2614 = VERTEX_POINT ( 'NONE', #4006 ) ;
#2615 = CYLINDRICAL_SURFACE ( 'NONE', #3148, 3.000000000000000000 ) ;
#2616 = CARTESIAN_POINT ( 'NONE',  ( 18.38148568467651955, 6.307456091370439388, 4.515031848946205351 ) ) ;
#2617 = FACE_OUTER_BOUND ( 'NONE', #2318, .T. ) ;
#2618 = ORIENTED_EDGE ( 'NONE', *, *, #970, .T. ) ;
#2619 = FACE_OUTER_BOUND ( 'NONE', #3834, .T. ) ;
#2620 = CARTESIAN_POINT ( 'NONE',  ( -10.70928528150786363, 7.231758990574891577, 5.437579529540783163 ) ) ;
#2621 = CARTESIAN_POINT ( 'NONE',  ( -17.37470945737981509, 5.154139825339665748, -2.980719120920565679 ) ) ;
#2622 = EDGE_CURVE ( 'NONE', #1922, #2387, #1427, .T. ) ;
#2623 =( BOUNDED_SURFACE ( )  B_SPLINE_SURFACE ( 3, 2, ( 
 ( #2825, #2191, #1854 ),
 ( #3195, #1184, #166 ),
 ( #1516, #455, #2862 ),
 ( #3552, #516, #2778 ),
 ( #4128, #3155, #2928 ),
 ( #2273, #2253, #4237 ),
 ( #1901, #560, #3924 ),
 ( #621, #1287, #2556 ),
 ( #3899, #909, #2598 ),
 ( #866, #890, #2230 ) ),
 .UNSPECIFIED., .F., .F., .F. ) 
 B_SPLINE_SURFACE_WITH_KNOTS ( ( 4, 2, 2, 2, 4 ),
 ( 3, 3 ),
 ( 0.000000000000000000, 0.001203977540480973950, 0.002407955080961950069, 0.003611932621442920117, 0.004815910161923900139 ),
 ( 0.000000000000000000, 1.000000000000000000 ),
 .UNSPECIFIED. ) 
 GEOMETRIC_REPRESENTATION_ITEM ( )  RATIONAL_B_SPLINE_SURFACE ( (
 ( 1.000000000000000000, 0.9238795325112859613, 1.000000000000000000),
 ( 1.000000000000000000, 0.9337920667289899557, 1.000000000000000000),
 ( 1.000000000000000000, 0.9430751292354979665, 1.000000000000000000),
 ( 1.000000000000000000, 0.9603242042229779285, 1.000000000000000000),
 ( 1.000000000000000000, 0.9683068716675010679, 1.000000000000000000),
 ( 1.000000000000000000, 0.9824765962075580061, 1.000000000000000000),
 ( 1.000000000000000000, 0.9885101600112190523, 1.000000000000000000),
 ( 1.000000000000000000, 0.9972601796216640224, 1.000000000000000000),
 ( 1.000000000000000000, 0.9999854318513340390, 1.000000000000000000),
 ( 1.000000000000000000, 1.000000000000000000, 1.000000000000000000) ) ) 
 REPRESENTATION_ITEM ( '' )  SURFACE ( )  );
#2624 = DIRECTION ( 'NONE',  ( 0.8462062767335204461, 0.5328554562137772788, 0.000000000000000000 ) ) ;
#2625 = CARTESIAN_POINT ( 'NONE',  ( 20.00644790945157681, 7.219868837348249357, 5.425663578867085945 ) ) ;
#2626 = VERTEX_POINT ( 'NONE', #3075 ) ;
#2627 = CARTESIAN_POINT ( 'NONE',  ( 23.56706686309410159, 8.000000000000000000, 6.366117569068059368 ) ) ;
#2628 = EDGE_CURVE ( 'NONE', #964, #4341, #3333, .T. ) ;
#2629 = DIRECTION ( 'NONE',  ( -1.000000000000000000, 0.000000000000000000, 0.000000000000000000 ) ) ;
#2630 = CARTESIAN_POINT ( 'NONE',  ( -9.933856627495181613, 7.274900807471287756, -5.158578272805860898 ) ) ;
#2631 = VERTEX_POINT ( 'NONE', #402 ) ;
#2632 = EDGE_CURVE ( 'NONE', #1269, #478, #1394, .T. ) ;
#2633 = CARTESIAN_POINT ( 'NONE',  ( 31.94671434340985172, 8.000000000000000000, -6.207575757575760633 ) ) ;
#2634 = CARTESIAN_POINT ( 'NONE',  ( 11.15778551155901965, 7.121327224019155189, 5.328902981594919375 ) ) ;
#2635 = FACE_BOUND ( 'NONE', #1505, .T. ) ;
#2636 = CARTESIAN_POINT ( 'NONE',  ( 17.58832342019602279, 5.237962626379896847, -3.048005883152054007 ) ) ;
#2637 = CARTESIAN_POINT ( 'NONE',  ( -38.66248524187054869, 5.839137789210320229, 9.500000000000000000 ) ) ;
#2638 = ORIENTED_EDGE ( 'NONE', *, *, #2124, .T. ) ;
#2639 = APPROVAL ( #848, 'UNSPECIFIED' ) ;
#2640 = ORIENTED_EDGE ( 'NONE', *, *, #2752, .F. ) ;
#2641 = CARTESIAN_POINT ( 'NONE',  ( -31.94671434340985172, 8.000000000000000000, -7.750000000000000000 ) ) ;
#2642 = CARTESIAN_POINT ( 'NONE',  ( -11.13786635979514372, 7.126563413990600004, 5.334135214098896682 ) ) ;
#2643 = AXIS2_PLACEMENT_3D ( 'NONE', #1346, #3721, #2989 ) ;
#2644 = CARTESIAN_POINT ( 'NONE',  ( 4.815532678565176639, 8.000000000000005329, -6.207575757575769515 ) ) ;
#2645 = B_SPLINE_CURVE_WITH_KNOTS ( 'NONE', 3,
 ( #2445, #3763, #726, #3103, #74, #3785, #753, #3454, #574, #2286, #4271, #1624, #1936, #268 ),
 .UNSPECIFIED., .F., .F.,
 ( 4, 2, 2, 1, 1, 2, 2, 4 ),
 ( 0.000000000000000000, 0.2499999999999925060, 0.3749999999999887312, 0.4374999999999867328, 0.4687499999999862887, 0.4843749999999866218, 0.4999999999999870104, 1.000000000000000000 ),
 .UNSPECIFIED. ) ;
#2646 = VECTOR ( 'NONE', #1001, 1000.000000000000000 ) ;
#2647 = AXIS2_PLACEMENT_3D ( 'NONE', #301, #3353, #1654 ) ;
#2648 = EDGE_LOOP ( 'NONE', ( #2699, #3424, #4178, #766 ) ) ;
#2649 = CARTESIAN_POINT ( 'NONE',  ( 19.99962880819149902, 7.217447151154837037, 5.423330093283431630 ) ) ;
#2650 = ORIENTED_EDGE ( 'NONE', *, *, #3798, .F. ) ;
#2651 = CARTESIAN_POINT ( 'NONE',  ( 29.92636144974735046, 1.000000000000000000, 9.500000000000000000 ) ) ;
#2652 = AXIS2_PLACEMENT_3D ( 'NONE', #2508, #4186, #3121 ) ;
#2653 = CARTESIAN_POINT ( 'NONE',  ( 34.39999999999999858, 16.50000000000000000, -7.500000000000000000 ) ) ;
#2654 = AXIS2_PLACEMENT_3D ( 'NONE', #3452, #772, #1414 ) ;
#2655 = CARTESIAN_POINT ( 'NONE',  ( -10.89742889427347272, 6.948147050575460781, -4.804507564763848215 ) ) ;
#2656 = VERTEX_POINT ( 'NONE', #4094 ) ;
#2657 = CARTESIAN_POINT ( 'NONE',  ( 10.68168852332573593, 8.000000000000003553, 6.304223047162486715 ) ) ;
#2658 = EDGE_CURVE ( 'NONE', #2566, #2139, #3405, .T. ) ;
#2659 = CARTESIAN_POINT ( 'NONE',  ( 5.071056411885266790, 7.186248185775123254, 5.393246424792407012 ) ) ;
#2660 = VECTOR ( 'NONE', #3660, 1000.000000000000000 ) ;
#2661 = CARTESIAN_POINT ( 'NONE',  ( -41.00000000000000000, 2.299152829026864797, 9.500000000000000000 ) ) ;
#2662 = CARTESIAN_POINT ( 'NONE',  ( -1.911890070364605121, 5.521621032120870076, -3.729196789696640479 ) ) ;
#2663 = CYLINDRICAL_SURFACE ( 'NONE', #1372, 8.972762383429211397 ) ;
#2664 = ORIENTED_EDGE ( 'NONE', *, *, #199, .T. ) ;
#2665 = FACE_OUTER_BOUND ( 'NONE', #1363, .T. ) ;
#2666 = PLANE ( 'NONE',  #656 ) ;
#2667 = EDGE_CURVE ( 'NONE', #2761, #4222, #2937, .T. ) ;
#2668 = CARTESIAN_POINT ( 'NONE',  ( 21.17772560831037509, 7.466531920348232099, 5.318845207421277976 ) ) ;
#2669 = ORIENTED_EDGE ( 'NONE', *, *, #1002, .T. ) ;
#2670 = CARTESIAN_POINT ( 'NONE',  ( 15.76200707051776995, 4.796667790895009276, 3.004243548470783676 ) ) ;
#2671 = EDGE_LOOP ( 'NONE', ( #3712, #722, #4228, #3651, #548 ) ) ;
#2672 = CARTESIAN_POINT ( 'NONE',  ( 1.243215247448923330E-14, 4.631151059171254580, 2.838726816747032977 ) ) ;
#2673 = LINE ( 'NONE', #1477, #2089 ) ;
#2674 = DIRECTION ( 'NONE',  ( -1.000000000000000000, 0.000000000000000000, 0.000000000000000000 ) ) ;
#2675 = ORIENTED_EDGE ( 'NONE', *, *, #2632, .T. ) ;
#2676 = CARTESIAN_POINT ( 'NONE',  ( 10.62826957466503863, 8.000000000000000000, 7.450216439760390053 ) ) ;
#2677 = CARTESIAN_POINT ( 'NONE',  ( 8.319057959410796954, 7.542103802838902027, 5.722800718164914535 ) ) ;
#2678 = DIRECTION ( 'NONE',  ( 0.000000000000000000, 0.000000000000000000, 1.000000000000000000 ) ) ;
#2679 = CARTESIAN_POINT ( 'NONE',  ( 18.28466544649865000, 5.751445432112169520, 3.460412663337814720 ) ) ;
#2680 = DIRECTION ( 'NONE',  ( 0.000000000000000000, 0.000000000000000000, 1.000000000000000000 ) ) ;
#2681 = EDGE_CURVE ( 'NONE', #2550, #2431, #72, .T. ) ;
#2682 = B_SPLINE_CURVE_WITH_KNOTS ( 'NONE', 3,
 ( #1748, #4106, #4085, #367, #3706, #739, #1051, #671, #3063, #2033 ),
 .UNSPECIFIED., .F., .F.,
 ( 4, 2, 2, 2, 4 ),
 ( 0.000000000000000000, 0.001587069792343395085, 0.003174139584686790170, 0.004761209377030189809, 0.006348279169373580340 ),
 .UNSPECIFIED. ) ;
#2683 = ORIENTED_EDGE ( 'NONE', *, *, #2570, .T. ) ;
#2684 = DIRECTION ( 'NONE',  ( 0.000000000000000000, -1.000000000000000000, 0.000000000000000000 ) ) ;
#2685 = LINE ( 'NONE', #9, #2012 ) ;
#2686 = EDGE_CURVE ( 'NONE', #4278, #2424, #50, .T. ) ;
#2687 = CARTESIAN_POINT ( 'NONE',  ( -14.65813223440687452, 4.959892468517415054, -2.824686395176132514 ) ) ;
#2688 = EDGE_CURVE ( 'NONE', #1914, #3162, #2443, .T. ) ;
#2689 = ORIENTED_EDGE ( 'NONE', *, *, #1879, .F. ) ;
#2690 = DIRECTION ( 'NONE',  ( -0.6587000062146669555, -0.3636325117829730114, 0.6587000062146680657 ) ) ;
#2691 = VERTEX_POINT ( 'NONE', #2466 ) ;
#2692 = DIRECTION ( 'NONE',  ( 1.734723475976804876E-16, -1.000000000000000000, 0.000000000000000000 ) ) ;
#2693 = DIRECTION ( 'NONE',  ( 1.000000000000000000, 0.000000000000000000, 0.000000000000000000 ) ) ;
#2694 = CARTESIAN_POINT ( 'NONE',  ( 13.06973038996693681, 6.284326686841893661, 4.491902444417668505 ) ) ;
#2695 = CARTESIAN_POINT ( 'NONE',  ( -13.44451100527151866, 5.582546102277270883, 3.324761233076709566 ) ) ;
#2696 = VERTEX_POINT ( 'NONE', #1062 ) ;
#2697 = CARTESIAN_POINT ( 'NONE',  ( -61.00000000000000000, -16.50000000000000000, 9.500000000000000000 ) ) ;
#2698 = CARTESIAN_POINT ( 'NONE',  ( 5.825152143444490171, 7.347212092430154051, 5.547303565964719851 ) ) ;
#2699 = ORIENTED_EDGE ( 'NONE', *, *, #2752, .T. ) ;
#2700 = B_SPLINE_CURVE_WITH_KNOTS ( 'NONE', 3,
 ( #3627, #593, #1957, #3299, #1451, #2458, #152, #1495, #4175, #169, #1121, #763, #2865 ),
 .UNSPECIFIED., .F., .F.,
 ( 4, 1, 1, 1, 1, 1, 1, 1, 1, 1, 4 ),
 ( 0.000000000000000000, 0.01577793301266807238, 0.03154163490573660966, 0.06302783184980123576, 0.1258471676133987305, 0.2509689773386387657, 0.3778853009115334394, 0.4999871953708965311, 0.6724219079125972609, 0.8387790500761490575, 1.000000000000000000 ),
 .UNSPECIFIED. ) ;
#2701 = CARTESIAN_POINT ( 'NONE',  ( -7.398034179292559465, 7.535194928387990210, -5.716784161058019897 ) ) ;
#2702 = CARTESIAN_POINT ( 'NONE',  ( 17.18333022937969190, 5.071679294404559890, -2.914459677026936646 ) ) ;
#2703 = CARTESIAN_POINT ( 'NONE',  ( -19.73661185555178577, 8.000000000000005329, 6.207575757575758857 ) ) ;
#2704 = CARTESIAN_POINT ( 'NONE',  ( -23.90647483550424823, 8.000000000000000000, -6.149306660700690763 ) ) ;
#2705 = ORIENTED_EDGE ( 'NONE', *, *, #1964, .F. ) ;
#2706 = LINE ( 'NONE', #3697, #3512 ) ;
#2707 = CARTESIAN_POINT ( 'NONE',  ( 51.00000000000000711, -8.500000000000000000, 0.000000000000000000 ) ) ;
#2708 = LINE ( 'NONE', #3392, #2229 ) ;
#2709 = EDGE_CURVE ( 'NONE', #1410, #2714, #183, .T. ) ;
#2710 = ADVANCED_FACE ( 'NONE', ( #3050 ), #926, .F. ) ;
#2711 = ORIENTED_EDGE ( 'NONE', *, *, #2239, .F. ) ;
#2712 = AXIS2_PLACEMENT_3D ( 'NONE', #469, #2467, #3168 ) ;
#2713 = LINE ( 'NONE', #1049, #2519 ) ;
#2714 = VERTEX_POINT ( 'NONE', #2834 ) ;
#2715 = CARTESIAN_POINT ( 'NONE',  ( -1.911890070364605121, 5.521621032120870076, -3.729196789696640479 ) ) ;
#2716 = DIRECTION ( 'NONE',  ( -0.6248498555122039555, 0.5520700399706459649, 0.5520700399706429673 ) ) ;
#2717 = CARTESIAN_POINT ( 'NONE',  ( -5.873170168695659221, 8.000000000000000000, 7.417823419983469613 ) ) ;
#2718 = CARTESIAN_POINT ( 'NONE',  ( -13.60850995846104183, 5.456867651521899454, 3.664443409097668081 ) ) ;
#2719 = ORIENTED_EDGE ( 'NONE', *, *, #3151, .F. ) ;
#2720 = AXIS2_PLACEMENT_3D ( 'NONE', #153, #1166, #3864 ) ;
#2721 = CARTESIAN_POINT ( 'NONE',  ( 6.548589794074379355, 7.460651335825169816, 5.651092374051740030 ) ) ;
#2722 = CARTESIAN_POINT ( 'NONE',  ( 6.415830790161771269, 7.440549649570142421, 5.632912088100366255 ) ) ;
#2723 = VERTEX_POINT ( 'NONE', #4183 ) ;
#2724 = CIRCLE ( 'NONE', #812, 3.000000000000000000 ) ;
#2725 = CARTESIAN_POINT ( 'NONE',  ( -7.692061344031690062, 7.546666666666340006, -5.726677419057840446 ) ) ;
#2726 = CARTESIAN_POINT ( 'NONE',  ( 15.45021492744938207, 4.783468668859131689, -2.682986467622313853 ) ) ;
#2727 = VECTOR ( 'NONE', #4172, 1000.000000000000000 ) ;
#2728 = DIRECTION ( 'NONE',  ( -1.000000000000000000, 0.000000000000000000, 0.000000000000000000 ) ) ;
#2729 = AXIS2_PLACEMENT_3D ( 'NONE', #1719, #14, #1745 ) ;
#2730 = CARTESIAN_POINT ( 'NONE',  ( -17.44357990786984658, 5.160634643865047444, -3.368210401440741464 ) ) ;
#2731 = ORIENTED_EDGE ( 'NONE', *, *, #3974, .T. ) ;
#2732 = DIRECTION ( 'NONE',  ( 0.5328554562137772788, -0.8462062767335204461, 0.000000000000000000 ) ) ;
#2733 = CARTESIAN_POINT ( 'NONE',  ( 1.911890070364605121, 5.521621032120870076, -3.729196789696640479 ) ) ;
#2734 = FACE_OUTER_BOUND ( 'NONE', #3637, .T. ) ;
#2735 = CIRCLE ( 'NONE', #3648, 6.999999999999999112 ) ;
#2736 = ORIENTED_EDGE ( 'NONE', *, *, #2658, .F. ) ;
#2737 = LINE ( 'NONE', #2361, #2173 ) ;
#2738 = EDGE_LOOP ( 'NONE', ( #3860, #1866, #3128, #991 ) ) ;
#2739 = PLANE ( 'NONE',  #3859 ) ;
#2740 = CARTESIAN_POINT ( 'NONE',  ( 5.039533913518425834, 7.178661095640122447, -5.385823508302447493 ) ) ;
#2741 = EDGE_CURVE ( 'NONE', #1479, #3911, #3230, .T. ) ;
#2742 = CARTESIAN_POINT ( 'NONE',  ( -7.692061344032610215, 7.546666666666450141, 5.726677419058020746 ) ) ;
#2743 = ORIENTED_EDGE ( 'NONE', *, *, #3170, .T. ) ;
#2744 = CARTESIAN_POINT ( 'NONE',  ( 6.872436824818167089, 8.000000000000003553, 6.435689278559097559 ) ) ;
#2745 =( BOUNDED_SURFACE ( )  B_SPLINE_SURFACE ( 3, 2, ( 
 ( #217, #2811, #4159 ),
 ( #2198, #1127, #3824 ),
 ( #3540, #2325, #897 ),
 ( #2342, #3667, #235 ),
 ( #302, #566, #939 ),
 ( #609, #2672, #2964 ) ),
 .UNSPECIFIED., .F., .F., .F. ) 
 B_SPLINE_SURFACE_WITH_KNOTS ( ( 4, 2, 4 ),
 ( 3, 3 ),
 ( 5.608309086468270088, 5.945747196823929492, 6.283185307179590673 ),
 ( 0.000000000000000000, 1.000000000000000000 ),
 .UNSPECIFIED. ) 
 GEOMETRIC_REPRESENTATION_ITEM ( )  RATIONAL_B_SPLINE_SURFACE ( (
 ( 1.000000000000000000, 0.8809363964789689305, 1.000000000000000000),
 ( 1.000000000000000000, 0.8950440969902510036, 1.000000000000000000),
 ( 1.000000000000000000, 0.9058152213233999772, 1.000000000000000000),
 ( 1.000000000000000000, 0.9202352437054530654, 1.000000000000000000),
 ( 1.000000000000000000, 0.9238844685838270010, 1.000000000000000000),
 ( 1.000000000000000000, 0.9238795325112859613, 1.000000000000000000) ) ) 
 REPRESENTATION_ITEM ( '' )  SURFACE ( )  );
#2746 = DIRECTION ( 'NONE',  ( 0.000000000000000000, 0.000000000000000000, -1.000000000000000000 ) ) ;
#2747 = EDGE_LOOP ( 'NONE', ( #1102, #2985, #1382, #701 ) ) ;
#2748 = EDGE_CURVE ( 'NONE', #2803, #1398, #4063, .T. ) ;
#2749 = CARTESIAN_POINT ( 'NONE',  ( 2.783197804950893861, 6.218860546189443284, 4.426436303765214575 ) ) ;
#2750 = PLANE ( 'NONE',  #2712 ) ;
#2751 = LINE ( 'NONE', #3322, #31 ) ;
#2752 = EDGE_CURVE ( 'NONE', #2429, #2696, #2724, .T. ) ;
#2753 = B_SPLINE_CURVE_WITH_KNOTS ( 'NONE', 3,
 ( #2856, #3855, #1486, #3255, #3570, #535, #3171, #3235, #4251, #1216, #2510, #3917, #884, #1576 ),
 .UNSPECIFIED., .F., .F.,
 ( 4, 2, 2, 1, 1, 2, 2, 4 ),
 ( 0.000000000000000000, 0.2499999999999953371, 0.3749999999999930611, 0.4374999999999919509, 0.4687499999999915623, 0.4843749999999916178, 0.4999999999999916733, 1.000000000000000000 ),
 .UNSPECIFIED. ) ;
#2754 = CARTESIAN_POINT ( 'NONE',  ( 41.00000000000000000, -16.50000000000000000, -7.750000000000000000 ) ) ;
#2755 = ORIENTED_EDGE ( 'NONE', *, *, #4358, .T. ) ;
#2756 = CARTESIAN_POINT ( 'NONE',  ( -1.911890070364605121, 5.521621032120870076, -3.729196789696640479 ) ) ;
#2757 = CARTESIAN_POINT ( 'NONE',  ( -18.28466544649865000, 5.751445432112169520, 3.460412663337809835 ) ) ;
#2758 = DIRECTION ( 'NONE',  ( 0.000000000000000000, 1.000000000000000000, 0.000000000000000000 ) ) ;
#2759 = ORIENTED_EDGE ( 'NONE', *, *, #2549, .F. ) ;
#2760 = PLANE ( 'NONE',  #255 ) ;
#2761 = VERTEX_POINT ( 'NONE', #529 ) ;
#2762 = DIRECTION ( 'NONE',  ( 0.000000000000000000, -0.7071067811865504593, 0.7071067811865445751 ) ) ;
#2763 = CARTESIAN_POINT ( 'NONE',  ( 3.760617964456903994, 6.757349116281455181, -4.964924873857223808 ) ) ;
#2764 = CARTESIAN_POINT ( 'NONE',  ( -10.71048520252989888, 7.239182484976820042, 5.446758242552590445 ) ) ;
#2765 = CARTESIAN_POINT ( 'NONE',  ( -15.76200707051774863, 5.016337705005099679, 3.223913462580870082 ) ) ;
#2766 = ORIENTED_EDGE ( 'NONE', *, *, #1513, .T. ) ;
#2767 = CARTESIAN_POINT ( 'NONE',  ( -22.00322072594083878, 7.792094589547162720, 5.999670347123469583 ) ) ;
#2768 = CARTESIAN_POINT ( 'NONE',  ( 7.986678585852459378, 7.546666666666720147, -5.726677419057860874 ) ) ;
#2769 = ORIENTED_EDGE ( 'NONE', *, *, #440, .F. ) ;
#2770 = ADVANCED_FACE ( 'NONE', ( #2565 ), #3813, .T. ) ;
#2771 = CYLINDRICAL_SURFACE ( 'NONE', #3565, 8.972762383429209621 ) ;
#2772 = DIRECTION ( 'NONE',  ( -1.734723475976805122E-16, 1.000000000000000000, 0.000000000000000000 ) ) ;
#2773 = CARTESIAN_POINT ( 'NONE',  ( 1.911890070364605121, 5.521621032120870076, 3.729196789696640479 ) ) ;
#2774 = CARTESIAN_POINT ( 'NONE',  ( -10.68968333640884971, 7.016941901261398939, 4.879028656988063872 ) ) ;
#2775 = DIRECTION ( 'NONE',  ( -0.6781345143961781119, 0.5196795071891241458, 0.5196795071891221474 ) ) ;
#2776 = CARTESIAN_POINT ( 'NONE',  ( -20.77510209570687039, 7.469885070062423971, 5.652895409638314383 ) ) ;
#2777 = ORIENTED_EDGE ( 'NONE', *, *, #1094, .T. ) ;
#2778 = CARTESIAN_POINT ( 'NONE',  ( 21.33734302949624961, 8.000000000000000000, -7.287292422499289657 ) ) ;
#2779 = CARTESIAN_POINT ( 'NONE',  ( -7.460659186275502286, 7.535543453816811343, 5.717147394983355113 ) ) ;
#2780 = DIRECTION ( 'NONE',  ( -1.000000000000000000, 0.000000000000000000, 0.000000000000000000 ) ) ;
#2781 = CARTESIAN_POINT ( 'NONE',  ( 2.783197804950893861, 6.218860546189453942, -4.426436303765214575 ) ) ;
#2782 = DIRECTION ( 'NONE',  ( 4.270088556250600220E-16, 1.000000000000000000, 0.000000000000000000 ) ) ;
#2783 = LINE ( 'NONE', #2435, #1743 ) ;
#2784 = ORIENTED_EDGE ( 'NONE', *, *, #141, .T. ) ;
#2785 = CARTESIAN_POINT ( 'NONE',  ( -18.67246403991959980, 6.564542543089850746, 4.772118300665610491 ) ) ;
#2786 = VECTOR ( 'NONE', #1266, 1000.000000000000000 ) ;
#2787 = CARTESIAN_POINT ( 'NONE',  ( 4.831505790300037795, 7.125519042866418573, 5.333092292619264541 ) ) ;
#2788 = ORIENTED_EDGE ( 'NONE', *, *, #3033, .F. ) ;
#2789 = VECTOR ( 'NONE', #3662, 1000.000000000000000 ) ;
#2790 = CARTESIAN_POINT ( 'NONE',  ( -8.548579111781210216, 8.000000000000232703, -6.451275074046757929 ) ) ;
#2791 = EDGE_CURVE ( 'NONE', #3923, #3673, #1842, .T. ) ;
#2792 = FACE_OUTER_BOUND ( 'NONE', #2127, .T. ) ;
#2793 = CARTESIAN_POINT ( 'NONE',  ( -17.19033369811734957, 5.345095358164480004, 3.552671115740254848 ) ) ;
#2794 = VECTOR ( 'NONE', #2629, 1000.000000000000000 ) ;
#2795 = B_SPLINE_CURVE_WITH_KNOTS ( 'NONE', 3,
 ( #3003, #2608, #238, #219, #1620, #3688, #1596, #286, #651, #1637, #2655, #2630, #3296, #899 ),
 .UNSPECIFIED., .F., .F.,
 ( 4, 2, 2, 1, 1, 2, 2, 4 ),
 ( 0.000000000000000000, 0.2499999999999935607, 0.3749999999999903411, 0.4374999999999886202, 0.4687499999999877875, 0.4843749999999876765, 0.4999999999999876765, 1.000000000000000000 ),
 .UNSPECIFIED. ) ;
#2796 = VECTOR ( 'NONE', #1039, 1000.000000000000114 ) ;
#2797 = CARTESIAN_POINT ( 'NONE',  ( -18.11266500812584468, 5.599478862783897171, -3.807054620359669794 ) ) ;
#2798 = CARTESIAN_POINT ( 'NONE',  ( -17.05624085564975090, 5.023108137590076794, 2.875452298566434806 ) ) ;
#2799 = CYLINDRICAL_SURFACE ( 'NONE', #1587, 6.999999999999999112 ) ;
#2800 =( BOUNDED_SURFACE ( )  B_SPLINE_SURFACE ( 3, 2, ( 
 ( #1371, #2703, #2402 ),
 ( #2067, #4027, #4048 ),
 ( #4008, #618, #1014 ),
 ( #2353, #2379, #3722 ),
 ( #684, #1396, #3080 ),
 ( #2046, #3052, #705 ),
 ( #1666, #969, #3407 ),
 ( #1735, #52, #2333 ),
 ( #4096, #3656, #1983 ),
 ( #293, #2000, #3343 ) ),
 .UNSPECIFIED., .F., .F., .T. ) 
 B_SPLINE_SURFACE_WITH_KNOTS ( ( 4, 2, 2, 2, 4 ),
 ( 3, 3 ),
 ( 4.336808689942019662E-19, 0.001204199622253249993, 0.002408399244506500420, 0.003612598866759744991, 0.004816798489013000839 ),
 ( 0.000000000000000000, 1.000000000000000000 ),
 .UNSPECIFIED. ) 
 GEOMETRIC_REPRESENTATION_ITEM ( )  RATIONAL_B_SPLINE_SURFACE ( (
 ( 1.000000000000000000, 0.9238795325112869605, 1.000000000000000000),
 ( 1.000000000000000000, 0.9337920553563999748, 1.000000000000000000),
 ( 1.000000000000000000, 0.9430760053513830288, 1.000000000000000000),
 ( 1.000000000000000000, 0.9603279167556080242, 1.000000000000000000),
 ( 1.000000000000000000, 0.9683125787734380152, 1.000000000000000000),
 ( 1.000000000000000000, 0.9824861156508420956, 1.000000000000000000),
 ( 1.000000000000000000, 0.9885127675576970141, 1.000000000000000000),
 ( 1.000000000000000000, 0.9972603204856109738, 1.000000000000000000),
 ( 1.000000000000000000, 0.9999853871860089338, 1.000000000000000000),
 ( 1.000000000000000000, 1.000000000000000000, 1.000000000000000000) ) ) 
 REPRESENTATION_ITEM ( '' )  SURFACE ( )  );
#2801 = CIRCLE ( 'NONE', #2380, 8.750000000000000000 ) ;
#2802 = EDGE_CURVE ( 'NONE', #2228, #3765, #2527, .T. ) ;
#2803 = VERTEX_POINT ( 'NONE', #304 ) ;
#2804 = CARTESIAN_POINT ( 'NONE',  ( 14.99667923674608616, 4.854744765538256068, 3.062320523114030912 ) ) ;
#2805 = CARTESIAN_POINT ( 'NONE',  ( -4.847315759180357730, 7.129657982682899409, 5.337224285721681838 ) ) ;
#2806 = VECTOR ( 'NONE', #3389, 1000.000000000000114 ) ;
#2807 = CARTESIAN_POINT ( 'NONE',  ( -29.92636144974730072, 9.750000000000000000, 9.500000000000000000 ) ) ;
#2808 = CARTESIAN_POINT ( 'NONE',  ( -20.54531995504900266, 8.000000000000000000, -7.417490402381988979 ) ) ;
#2809 = CARTESIAN_POINT ( 'NONE',  ( 20.95644967857538532, 7.522355056999437295, 5.696776447276636013 ) ) ;
#2810 = EDGE_LOOP ( 'NONE', ( #3724, #1317, #2218, #791 ) ) ;
#2811 = CARTESIAN_POINT ( 'NONE',  ( 2.213804348269561295, 5.332976929045305070, 3.540552686621071921 ) ) ;
#2812 = CARTESIAN_POINT ( 'NONE',  ( 9.355454878058115042, 7.466304373757474799, -5.656063115543148001 ) ) ;
#2813 = ORIENTED_EDGE ( 'NONE', *, *, #1502, .T. ) ;
#2814 = CARTESIAN_POINT ( 'NONE',  ( 41.00000000000000000, 2.299152829026875011, -7.750000000000000000 ) ) ;
#2815 = CARTESIAN_POINT ( 'NONE',  ( 13.60850995846102762, 5.456867651521880802, -3.664443409097663196 ) ) ;
#2816 = B_SPLINE_CURVE_WITH_KNOTS ( 'NONE', 3,
 ( #581, #2295, #891, #3597, #3640, #3240, #2254, #3900, #1967, #867 ),
 .UNSPECIFIED., .F., .F.,
 ( 4, 2, 2, 2, 4 ),
 ( 0.000000000000000000, 0.001587069792343400072, 0.003174139584686794940, 0.004761209377030200217, 0.006348279169373600289 ),
 .UNSPECIFIED. ) ;
#2817 = CARTESIAN_POINT ( 'NONE',  ( -7.466290777242885923, 7.538045232619884573, -5.719319632283913712 ) ) ;
#2818 = CARTESIAN_POINT ( 'NONE',  ( -17.54041375390155011, 5.206003300221080821, 3.022341029850425187 ) ) ;
#2819 = CARTESIAN_POINT ( 'NONE',  ( -16.76631238337940033, 4.905484896434559872, -2.780979792163785547 ) ) ;
#2820 = DIRECTION ( 'NONE',  ( 1.734723475976805122E-16, -1.000000000000000000, -0.000000000000000000 ) ) ;
#2821 = EDGE_CURVE ( 'NONE', #3417, #322, #3993, .T. ) ;
#2822 = FACE_OUTER_BOUND ( 'NONE', #1447, .T. ) ;
#2823 = CARTESIAN_POINT ( 'NONE',  ( -19.92603583455424854, 7.191096581532907095, 5.397807968393011357 ) ) ;
#2824 = ORIENTED_EDGE ( 'NONE', *, *, #1439, .F. ) ;
#2825 = CARTESIAN_POINT ( 'NONE',  ( 19.73661185555179642, 7.121320343559640165, -5.328896101135399910 ) ) ;
#2826 = DIRECTION ( 'NONE',  ( 0.3767857064810123391, 0.5983581965608927300, -0.7071067811865477948 ) ) ;
#2827 = PERSON_AND_ORGANIZATION ( #635, #2222 ) ;
#2828 = CARTESIAN_POINT ( 'NONE',  ( 8.267587762288812314, 8.000000000000005329, -6.454733606426716896 ) ) ;
#2829 = ADVANCED_FACE ( 'NONE', ( #569 ), #963, .F. ) ;
#2830 = LINE ( 'NONE', #2479, #3716 ) ;
#2831 = ORIENTED_EDGE ( 'NONE', *, *, #1520, .F. ) ;
#2832 = CARTESIAN_POINT ( 'NONE',  ( -32.37964710633750087, 9.500000000000000000, -7.500000000000000000 ) ) ;
#2833 = DIRECTION ( 'NONE',  ( 0.7071067811865474617, 5.257006000057316004E-16, -0.7071067811865474617 ) ) ;
#2834 = CARTESIAN_POINT ( 'NONE',  ( -48.35000000000000142, -8.500000000000017764, 0.000000000000000000 ) ) ;
#2835 = ORIENTED_EDGE ( 'NONE', *, *, #4350, .F. ) ;
#2836 = DIRECTION ( 'NONE',  ( 0.000000000000000000, 0.000000000000000000, -1.000000000000000000 ) ) ;
#2837 = DIRECTION ( 'NONE',  ( -0.3767857064810134493, 0.5983581965608919528, 0.7071067811865479058 ) ) ;
#2838 = FACE_OUTER_BOUND ( 'NONE', #2302, .T. ) ;
#2839 = CARTESIAN_POINT ( 'NONE',  ( -23.90154996911974905, 8.000000000000000000, 6.140646421845699088 ) ) ;
#2840 = CARTESIAN_POINT ( 'NONE',  ( -21.58271169702792491, 7.683696701229761672, 5.820834125375711210 ) ) ;
#2841 = EDGE_LOOP ( 'NONE', ( #2382, #2848, #3703, #571 ) ) ;
#2842 = CARTESIAN_POINT ( 'NONE',  ( -5.733627566933879649, 7.449428061728659678, 5.657003819304420311 ) ) ;
#2843 = CARTESIAN_POINT ( 'NONE',  ( -7.846884168407419757, 7.546008268064337443, 5.726113861940667071 ) ) ;
#2844 = ADVANCED_FACE ( 'NONE', ( #630 ), #2915, .F. ) ;
#2845 = LINE ( 'NONE', #1476, #2855 ) ;
#2846 = CARTESIAN_POINT ( 'NONE',  ( -20.33377775077034855, 7.335901932386920343, -5.536932481862950617 ) ) ;
#2847 = CARTESIAN_POINT ( 'NONE',  ( 20.28242507939426176, 7.314872812396707502, 5.515318332884382002 ) ) ;
#2848 = ORIENTED_EDGE ( 'NONE', *, *, #3140, .T. ) ;
#2849 = CARTESIAN_POINT ( 'NONE',  ( 12.65565085463092032, 6.187078751217989669, 3.979824528803884931 ) ) ;
#2850 = CARTESIAN_POINT ( 'NONE',  ( -1.337853315032351942, 5.137337043834300232, 3.344912801410079961 ) ) ;
#2851 = CARTESIAN_POINT ( 'NONE',  ( 15.45778363513374920, 4.783732782261120420, -2.683194629599159775 ) ) ;
#2852 = EDGE_LOOP ( 'NONE', ( #108, #3414, #3894, #3409 ) ) ;
#2853 = AXIS2_PLACEMENT_3D ( 'NONE', #2490, #3832, #799 ) ;
#2854 = LINE ( 'NONE', #2202, #874 ) ;
#2855 = VECTOR ( 'NONE', #3159, 1000.000000000000000 ) ;
#2856 = CARTESIAN_POINT ( 'NONE',  ( 2.380490577806915198, 5.466362897138109744, -3.198866703806725109 ) ) ;
#2857 = LINE ( 'NONE', #2289, #2082 ) ;
#2858 = VECTOR ( 'NONE', #4019, 1000.000000000000000 ) ;
#2859 = CARTESIAN_POINT ( 'NONE',  ( -17.22251602772319146, 5.283478220215272358, 3.491053977791042762 ) ) ;
#2860 = VECTOR ( 'NONE', #493, 1000.000000000000000 ) ;
#2861 = ORIENTED_EDGE ( 'NONE', *, *, #4190, .T. ) ;
#2862 = CARTESIAN_POINT ( 'NONE',  ( 20.54530519873800287, 8.000000000000000000, -7.417490357144310487 ) ) ;
#2863 = CARTESIAN_POINT ( 'NONE',  ( -55.40000000000000568, -8.500000000000017764, 0.000000000000000000 ) ) ;
#2864 = DATE_TIME_ROLE ( 'creation_date' ) ;
#2865 = CARTESIAN_POINT ( 'NONE',  ( -7.986678585852459378, 7.546666666666720147, -5.726677419057850216 ) ) ;
#2866 = AXIS2_PLACEMENT_3D ( 'NONE', #4300, #2319, #1270 ) ;
#2867 = CARTESIAN_POINT ( 'NONE',  ( -19.03422362316016958, 6.755723374087034827, -4.963299131662797237 ) ) ;
#2868 = DIRECTION ( 'NONE',  ( 0.000000000000000000, -0.7071067811865455743, -0.7071067811865495711 ) ) ;
#2869 = ORIENTED_EDGE ( 'NONE', *, *, #2688, .T. ) ;
#2870 = CARTESIAN_POINT ( 'NONE',  ( 8.916838027985843240, 7.443956781724680560, 5.651532539301372893 ) ) ;
#2871 = EDGE_CURVE ( 'NONE', #3035, #1024, #2345, .T. ) ;
#2872 = ORIENTED_EDGE ( 'NONE', *, *, #1681, .F. ) ;
#2873 = CARTESIAN_POINT ( 'NONE',  ( -2.213804348269561295, 5.332976929045294412, 3.540552686621071921 ) ) ;
#2874 = CARTESIAN_POINT ( 'NONE',  ( 42.75000000000000000, 3.155862576254074564E-14, -9.500000000000000000 ) ) ;
#2875 = ORIENTED_EDGE ( 'NONE', *, *, #1615, .T. ) ;
#2876 = DIRECTION ( 'NONE',  ( -7.382134681296080182E-16, 1.000000000000000000, 0.000000000000000000 ) ) ;
#2877 = DIRECTION ( 'NONE',  ( -0.000000000000000000, 0.7071067811865500152, 0.7071067811865450192 ) ) ;
#2878 = ADVANCED_FACE ( 'NONE', ( #2308 ), #2984, .F. ) ;
#2879 = ORIENTED_EDGE ( 'NONE', *, *, #2667, .F. ) ;
#2880 = CARTESIAN_POINT ( 'NONE',  ( -12.82926809134398027, 6.081986972068026631, -4.289562729645913564 ) ) ;
#2881 = CARTESIAN_POINT ( 'NONE',  ( -29.92636144974730072, 8.000000000000000000, 7.750000000000000000 ) ) ;
#2882 = MANIFOLD_SOLID_BREP ( 'Chamfer2[1]', #3421 ) ;
#2883 = CARTESIAN_POINT ( 'NONE',  ( 17.40761902367092162, 5.141037911594453114, 3.348613669170312335 ) ) ;
#2884 = ORIENTED_EDGE ( 'NONE', *, *, #1061, .T. ) ;
#2885 = CARTESIAN_POINT ( 'NONE',  ( 29.92636144974735046, 1.000000000000000000, -7.750000000000000000 ) ) ;
#2886 = CARTESIAN_POINT ( 'NONE',  ( -10.99804943731663798, 7.162459637195931705, 5.369797102896355590 ) ) ;
#2887 = MECHANICAL_CONTEXT ( 'NONE', #821, 'mechanical' ) ;
#2888 = CARTESIAN_POINT ( 'NONE',  ( 9.373181306857373940, 7.999999999999774403, -6.423389952589953822 ) ) ;
#2889 = DIRECTION ( 'NONE',  ( 1.000000000000000000, 0.000000000000000000, 0.000000000000000000 ) ) ;
#2890 = CARTESIAN_POINT ( 'NONE',  ( -61.00000000000000000, -16.50000000000000000, -9.500000000000000000 ) ) ;
#2891 = ORIENTED_EDGE ( 'NONE', *, *, #578, .F. ) ;
#2892 = EDGE_CURVE ( 'NONE', #2339, #712, #2795, .T. ) ;
#2893 = DIRECTION ( 'NONE',  ( -4.270088556250600220E-16, -1.000000000000000000, 0.000000000000000000 ) ) ;
#2894 = CARTESIAN_POINT ( 'NONE',  ( -20.00235740860830447, 7.218417110689637539, -5.424263626541216965 ) ) ;
#2895 = CARTESIAN_POINT ( 'NONE',  ( 17.95682028449855139, 5.461786260244020141, -3.227773013492269971 ) ) ;
#2896 = ORIENTED_EDGE ( 'NONE', *, *, #2305, .T. ) ;
#2897 = CARTESIAN_POINT ( 'NONE',  ( -3.808727497381394045, 6.404967421673908312, 4.215560391388607719 ) ) ;
#2898 = CYLINDRICAL_SURFACE ( 'NONE', #3774, 6.999999999999999112 ) ;
#2899 = FACE_OUTER_BOUND ( 'NONE', #239, .T. ) ;
#2900 = EDGE_CURVE ( 'NONE', #1350, #2395, #1667, .T. ) ;
#2901 = CARTESIAN_POINT ( 'NONE',  ( -13.44451100527151866, 5.582546102277270883, -3.324761233076705125 ) ) ;
#2902 = CARTESIAN_POINT ( 'NONE',  ( -1.911890070364605121, 5.521621032120870076, -3.729196789696640479 ) ) ;
#2903 = CARTESIAN_POINT ( 'NONE',  ( 15.76200707051774863, 5.016337705005099679, 3.223913462580875411 ) ) ;
#2904 = ORIENTED_EDGE ( 'NONE', *, *, #3013, .F. ) ;
#2905 = CARTESIAN_POINT ( 'NONE',  ( -41.00000000000000000, 2.299152829026864797, -7.750000000000000000 ) ) ;
#2906 = CARTESIAN_POINT ( 'NONE',  ( -9.720925890898143962, 7.418189212600860394, 5.612691858792040023 ) ) ;
#2907 = CARTESIAN_POINT ( 'NONE',  ( -2.766025168554144820, 6.205118626797839987, -4.412694384373605061 ) ) ;
#2908 = B_SPLINE_CURVE_WITH_KNOTS ( 'NONE', 3,
 ( #1047, #2407, #3087, #3370, #4102, #410, #2994, #4339, #2668, #4014, #800, #1805, #3479, #1445 ),
 .UNSPECIFIED., .F., .F.,
 ( 4, 2, 2, 1, 1, 2, 2, 4 ),
 ( 0.000000000000000000, 0.2500000000000031086, 0.3750000000000046629, 0.4375000000000054401, 0.4687500000000065503, 0.4843750000000072164, 0.5000000000000077716, 1.000000000000000000 ),
 .UNSPECIFIED. ) ;
#2909 = CARTESIAN_POINT ( 'NONE',  ( -21.08000027569387669, 7.430588750213853011, -5.279909183734722511 ) ) ;
#2910 = CARTESIAN_POINT ( 'NONE',  ( 20.21658993837815643, 7.292746039429244043, -5.494777930834439772 ) ) ;
#2911 = ORIENTED_EDGE ( 'NONE', *, *, #71, .T. ) ;
#2912 = CARTESIAN_POINT ( 'NONE',  ( 23.81870467248295142, 8.000000000000000000, 6.198401962145400290 ) ) ;
#2913 = VERTEX_POINT ( 'NONE', #4327 ) ;
#2914 = DIRECTION ( 'NONE',  ( 0.000000000000000000, 0.000000000000000000, -1.000000000000000000 ) ) ;
#2915 = CYLINDRICAL_SURFACE ( 'NONE', #536, 3.000000000000000000 ) ;
#2916 = ORIENTED_EDGE ( 'NONE', *, *, #525, .F. ) ;
#2917 = CARTESIAN_POINT ( 'NONE',  ( -6.880238730221290844, 7.422209319229144953, 5.318190229473222175 ) ) ;
#2918 = CARTESIAN_POINT ( 'NONE',  ( 37.72998819349644606, 4.358276804926674686, 9.500000000000000000 ) ) ;
#2919 = CARTESIAN_POINT ( 'NONE',  ( -2.213115051737835959, 5.332425338878296728, -3.091294806621666780 ) ) ;
#2920 = EDGE_CURVE ( 'NONE', #2387, #1479, #3371, .T. ) ;
#2921 = CARTESIAN_POINT ( 'NONE',  ( -38.66248524187054869, 5.839137789210309570, -9.500000000000000000 ) ) ;
#2922 = CARTESIAN_POINT ( 'NONE',  ( 2.380490577806915198, 5.466362897138109744, -3.198866703806725109 ) ) ;
#2923 = CARTESIAN_POINT ( 'NONE',  ( 19.73661185555179642, 7.121320343559640165, 5.328896101135399910 ) ) ;
#2924 = EDGE_CURVE ( 'NONE', #4093, #2322, #2079, .T. ) ;
#2925 = VECTOR ( 'NONE', #386, 1000.000000000000114 ) ;
#2926 = ORIENTED_EDGE ( 'NONE', *, *, #2501, .T. ) ;
#2927 = AXIS2_PLACEMENT_3D ( 'NONE', #2072, #4081, #711 ) ;
#2928 = CARTESIAN_POINT ( 'NONE',  ( 21.72783135158745083, 8.000000000000000000, -7.189827165281580612 ) ) ;
#2929 = CARTESIAN_POINT ( 'NONE',  ( -9.469995696939633945, 7.452049517365209041, 5.643278702474573194 ) ) ;
#2930 = CARTESIAN_POINT ( 'NONE',  ( -5.890834730821318033, 7.246698668431437618, -5.454274426007208021 ) ) ;
#2931 = AXIS2_PLACEMENT_3D ( 'NONE', #2326, #3585, #589 ) ;
#2932 = ADVANCED_FACE ( 'NONE', ( #2460 ), #3114, .F. ) ;
#2933 =( BOUNDED_SURFACE ( )  B_SPLINE_SURFACE ( 3, 2, ( 
 ( #2125, #1789, #3537 ),
 ( #106, #501, #1453 ),
 ( #2808, #1522, #2846 ),
 ( #2520, #4156, #4176 ),
 ( #131, #4197, #3199 ),
 ( #1145, #3113, #172 ),
 ( #3885, #850, #3822 ),
 ( #3556, #1428, #1228 ),
 ( #2704, #913, #1564 ),
 ( #4241, #2603, #4283 ) ),
 .UNSPECIFIED., .F., .F., .T. ) 
 B_SPLINE_SURFACE_WITH_KNOTS ( ( 4, 2, 2, 2, 4 ),
 ( 3, 3 ),
 ( 0.000000000000000000, 0.001204070427765500115, 0.002408140855531000230, 0.003612211283296499695, 0.004816281711062000460 ),
 ( 0.000000000000000000, 1.000000000000000000 ),
 .UNSPECIFIED. ) 
 GEOMETRIC_REPRESENTATION_ITEM ( )  RATIONAL_B_SPLINE_SURFACE ( (
 ( 1.000000000000000000, 0.9238795325112899581, 1.000000000000000000),
 ( 1.000000000000000000, 0.9337920590416269873, 1.000000000000000000),
 ( 1.000000000000000000, 0.9430754909359779781, 1.000000000000000000),
 ( 1.000000000000000000, 0.9603257502371169707, 1.000000000000000000),
 ( 1.000000000000000000, 0.9683092516943039296, 1.000000000000000000),
 ( 1.000000000000000000, 0.9824805716436110226, 1.000000000000000000),
 ( 1.000000000000000000, 0.9885112594549649856, 1.000000000000000000),
 ( 1.000000000000000000, 0.9972602403475010480, 1.000000000000000000),
 ( 1.000000000000000000, 0.9999854131497879495, 1.000000000000000000),
 ( 1.000000000000000000, 1.000000000000000000, 1.000000000000000000) ) ) 
 REPRESENTATION_ITEM ( '' )  SURFACE ( )  );
#2934 = CARTESIAN_POINT ( 'NONE',  ( -13.90071101811525978, 6.177845647280761021, 3.324761233076709566 ) ) ;
#2935 = CARTESIAN_POINT ( 'NONE',  ( 21.16386824917955067, 7.580296502009702841, -5.743973227990736063 ) ) ;
#2936 = ORIENTED_EDGE ( 'NONE', *, *, #2525, .T. ) ;
#2937 = CIRCLE ( 'NONE', #3504, 8.750000000000000000 ) ;
#2938 = LINE ( 'NONE', #3622, #605 ) ;
#2939 =( BOUNDED_CURVE ( )  B_SPLINE_CURVE ( 3, ( #3465, #831, #2867, #764 ),
 .UNSPECIFIED., .F., .T. ) 
 B_SPLINE_CURVE_WITH_KNOTS ( ( 4, 4 ),
 ( 5.559547724019430426, 5.803268156201280448 ),
 .UNSPECIFIED. ) 
 CURVE ( )  GEOMETRIC_REPRESENTATION_ITEM ( )  RATIONAL_B_SPLINE_CURVE ( ( 1.000000000000000000, 0.9950561517660500011, 0.9950561517660500011, 1.000000000000000000 ) ) 
 REPRESENTATION_ITEM ( '' )  );
#2940 = AXIS2_PLACEMENT_3D ( 'NONE', #2327, #3955, #1235 ) ;
#2941 = CARTESIAN_POINT ( 'NONE',  ( 61.00000000000000000, -0.2499999999999880373, 7.500000000000000000 ) ) ;
#2942 = CC_DESIGN_APPROVAL ( #1806, ( #3515 ) ) ;
#2943 = CARTESIAN_POINT ( 'NONE',  ( 11.00054526740775351, 6.912113977670964360, 4.765456361747848035 ) ) ;
#2944 = ORIENTED_EDGE ( 'NONE', *, *, #491, .F. ) ;
#2945 = CARTESIAN_POINT ( 'NONE',  ( 15.76200707051774863, 4.796667790895010164, 2.693583376690964926 ) ) ;
#2946 = CARTESIAN_POINT ( 'NONE',  ( 34.00000000000000000, -1.565167132207974987, 9.500000000000000000 ) ) ;
#2947 = CONICAL_SURFACE ( 'NONE', #1385, 8.750000000000000000, 0.7853981633974476129 ) ;
#2948 = CARTESIAN_POINT ( 'NONE',  ( -1.309946697076508570, 4.863395684342064484, -2.714593938981663790 ) ) ;
#2949 = ORIENTED_EDGE ( 'NONE', *, *, #3258, .T. ) ;
#2950 = DIRECTION ( 'NONE',  ( 1.000000000000000000, 0.000000000000000000, 0.000000000000000000 ) ) ;
#2951 = ADVANCED_FACE ( 'NONE', ( #1034 ), #1870, .T. ) ;
#2952 = CARTESIAN_POINT ( 'NONE',  ( 20.42241451744176928, 7.999999999999652722, 6.361716787183786970 ) ) ;
#2953 = B_SPLINE_CURVE_WITH_KNOTS ( 'NONE', 3,
 ( #1400, #3325, #339, #296, #2992, #2425, #3015, #2355, #4012, #688, #2405 ),
 .UNSPECIFIED., .F., .F.,
 ( 4, 2, 1, 2, 2, 4 ),
 ( -1.545673783342970160E-05, 0.0002859692708493915387, 0.0005873952795322130195, 0.001190247296897856090, 0.002395951331629145049, 0.004807359401091709956 ),
 .UNSPECIFIED. ) ;
#2954 = EDGE_CURVE ( 'NONE', #3765, #1078, #2801, .T. ) ;
#2955 = EDGE_LOOP ( 'NONE', ( #2359, #3273, #685, #3489 ) ) ;
#2956 = CARTESIAN_POINT ( 'NONE',  ( -36.10963529983394693, 15.42344393713465145, 7.500000000000000000 ) ) ;
#2957 = CARTESIAN_POINT ( 'NONE',  ( -11.13588849955462834, 7.127081292955871561, 5.334652260620877051 ) ) ;
#2958 = DATE_AND_TIME ( #1224, #3717 ) ;
#2959 = CARTESIAN_POINT ( 'NONE',  ( -17.94613500884214119, 5.477669682805720974, -3.240670367174300015 ) ) ;
#2960 = EDGE_CURVE ( 'NONE', #1568, #3091, #2783, .T. ) ;
#2961 = CARTESIAN_POINT ( 'NONE',  ( -8.516201267223610927, 8.000000000000000000, -7.312391418772339335 ) ) ;
#2962 = CARTESIAN_POINT ( 'NONE',  ( 20.97981792579505722, 7.530058000981532551, -5.703780448007120363 ) ) ;
#2963 = ORIENTED_EDGE ( 'NONE', *, *, #4118, .F. ) ;
#2964 = CARTESIAN_POINT ( 'NONE',  ( 1.353583911622989926E-14, 4.631151059171249251, 2.528066644967204901 ) ) ;
#2965 = CARTESIAN_POINT ( 'NONE',  ( -24.22566654420050014, 8.000000000000000000, 5.896915585795940551 ) ) ;
#2966 = CARTESIAN_POINT ( 'NONE',  ( 5.503785117361151613, 7.083922249275279803, 4.951472837079951894 ) ) ;
#2967 = ORIENTED_EDGE ( 'NONE', *, *, #578, .T. ) ;
#2968 = CARTESIAN_POINT ( 'NONE',  ( 7.457498925896030251, 8.000000000000000000, 7.320283824002579820 ) ) ;
#2969 = CARTESIAN_POINT ( 'NONE',  ( 4.863464661998231797, 7.133897619177401062, -5.341459935168263229 ) ) ;
#2970 = DIRECTION ( 'NONE',  ( 1.000000000000000000, 0.000000000000000000, 0.000000000000000000 ) ) ;
#2971 = ORIENTED_EDGE ( 'NONE', *, *, #4250, .F. ) ;
#2972 = B_SPLINE_CURVE_WITH_KNOTS ( 'NONE', 3,
 ( #3939, #903, #3544, #509, #1867, #182, #740, #2364, #1623, #83, #1387, #3064, #4086, #3093 ),
 .UNSPECIFIED., .F., .F.,
 ( 4, 2, 2, 1, 1, 2, 2, 4 ),
 ( 0.000000000000000000, 0.2500000000000033307, 0.3750000000000046074, 0.4375000000000052736, 0.4687500000000051070, 0.4843750000000051625, 0.5000000000000052180, 1.000000000000000000 ),
 .UNSPECIFIED. ) ;
#2973 = CARTESIAN_POINT ( 'NONE',  ( 51.00000000000000711, -8.500000000000000000, 0.000000000000000000 ) ) ;
#2974 = CARTESIAN_POINT ( 'NONE',  ( -1.911890070364605121, 5.521621032120870076, 3.729196789696640479 ) ) ;
#2975 = DIRECTION ( 'NONE',  ( 0.000000000000000000, 0.000000000000000000, 1.000000000000000000 ) ) ;
#2976 = ORIENTED_EDGE ( 'NONE', *, *, #2065, .F. ) ;
#2977 = LINE ( 'NONE', #4319, #2660 ) ;
#2978 = CARTESIAN_POINT ( 'NONE',  ( -11.11791910635083802, 7.131774721489083646, 5.339335157513658281 ) ) ;
#2979 = CARTESIAN_POINT ( 'NONE',  ( -2.380490577806910313, 5.466362897138109744, -3.198866703806725109 ) ) ;
#2980 = DIRECTION ( 'NONE',  ( 0.000000000000000000, 0.000000000000000000, 1.000000000000000000 ) ) ;
#2981 = EDGE_LOOP ( 'NONE', ( #2025, #3073, #1066, #1673 ) ) ;
#2982 = CARTESIAN_POINT ( 'NONE',  ( 8.998465849223586943, 7.433333333331496817, -5.640909090907719303 ) ) ;
#2983 = PLANE ( 'NONE',  #1592 ) ;
#2984 = PLANE ( 'NONE',  #2940 ) ;
#2985 = ORIENTED_EDGE ( 'NONE', *, *, #3122, .T. ) ;
#2986 = FACE_OUTER_BOUND ( 'NONE', #1706, .T. ) ;
#2987 = CARTESIAN_POINT ( 'NONE',  ( 11.14785057765833542, 7.123944543464551415, 5.331519344412809502 ) ) ;
#2988 = DIRECTION ( 'NONE',  ( -1.000000000000000000, 0.000000000000000000, 0.000000000000000000 ) ) ;
#2989 = DIRECTION ( 'NONE',  ( -4.625929269271485322E-15, -1.000000000000000000, 0.000000000000000000 ) ) ;
#2990 = DIRECTION ( 'NONE',  ( -0.6621630696465242716, 0.5298773769450322302, 0.5298773769450292326 ) ) ;
#2991 = EDGE_LOOP ( 'NONE', ( #1322, #3218, #1928, #4161, #2896 ) ) ;
#2992 = CARTESIAN_POINT ( 'NONE',  ( 23.65297312878739788, 8.000000000000000000, -6.313941097692310045 ) ) ;
#2993 = CARTESIAN_POINT ( 'NONE',  ( 4.063724356511089653, 6.593189335005710028, -4.419880393301415467 ) ) ;
#2994 = CARTESIAN_POINT ( 'NONE',  ( 21.50034138178650522, 7.578006205851956167, 5.439541220488512963 ) ) ;
#2995 = VECTOR ( 'NONE', #1402, 999.9999999999998863 ) ;
#2996 = ORIENTED_EDGE ( 'NONE', *, *, #3657, .F. ) ;
#2997 = CARTESIAN_POINT ( 'NONE',  ( 19.99960829343635282, 7.217440072477598889, 5.423323406270352365 ) ) ;
#2998 = FACE_OUTER_BOUND ( 'NONE', #778, .T. ) ;
#2999 = CARTESIAN_POINT ( 'NONE',  ( 11.92691620667130259, 6.587215258639001370, -4.794791016215736335 ) ) ;
#3000 = VECTOR ( 'NONE', #490, 1000.000000000000000 ) ;
#3001 = CARTESIAN_POINT ( 'NONE',  ( 32.37964710633750087, 16.50000000000000000, 7.500000000000000000 ) ) ;
#3002 = AXIS2_PLACEMENT_3D ( 'NONE', #3263, #1588, #3949 ) ;
#3003 = CARTESIAN_POINT ( 'NONE',  ( -13.44451100527151866, 5.582546102277270883, -3.324761233076709566 ) ) ;
#3004 = EDGE_CURVE ( 'NONE', #565, #3621, #951, .T. ) ;
#3005 = ORIENTED_EDGE ( 'NONE', *, *, #2892, .F. ) ;
#3006 = CARTESIAN_POINT ( 'NONE',  ( 13.90071101811527932, 5.647515561390850536, 3.855091318966624936 ) ) ;
#3007 = CARTESIAN_POINT ( 'NONE',  ( 8.254660162882384355, 7.543756201097141734, 5.724210505797528548 ) ) ;
#3008 = VECTOR ( 'NONE', #1146, 1000.000000000000000 ) ;
#3009 = ADVANCED_FACE ( 'NONE', ( #349 ), #58, .T. ) ;
#3010 = CARTESIAN_POINT ( 'NONE',  ( -31.94671434340985172, 8.000000000000000000, -7.750000000000000000 ) ) ;
#3011 = CARTESIAN_POINT ( 'NONE',  ( 13.90071101811527932, 5.647515561390850536, -3.855091318966624936 ) ) ;
#3012 = CARTESIAN_POINT ( 'NONE',  ( 29.92636144974735046, 1.000000000000000000, 9.500000000000000000 ) ) ;
#3013 = EDGE_CURVE ( 'NONE', #3923, #2583, #3927, .T. ) ;
#3014 = ORIENTED_EDGE ( 'NONE', *, *, #2104, .T. ) ;
#3015 = CARTESIAN_POINT ( 'NONE',  ( 22.86698972633769955, 8.000000000000000000, -6.761199042803849757 ) ) ;
#3016 = CARTESIAN_POINT ( 'NONE',  ( -6.238382720366392853, 7.264978257455616983, -5.147480198313287403 ) ) ;
#3017 = LINE ( 'NONE', #2357, #2925 ) ;
#3018 = VERTEX_POINT ( 'NONE', #3841 ) ;
#3019 = CARTESIAN_POINT ( 'NONE',  ( -46.86862166275940211, -8.051166769765629283, 21.63137833724055170 ) ) ;
#3020 = DIRECTION ( 'NONE',  ( 0.000000000000000000, 0.000000000000000000, -1.000000000000000000 ) ) ;
#3021 = DIRECTION ( 'NONE',  ( -1.000000000000000000, 0.000000000000000000, 0.000000000000000000 ) ) ;
#3022 = EDGE_CURVE ( 'NONE', #1984, #2073, #3161, .T. ) ;
#3023 = CYLINDRICAL_SURFACE ( 'NONE', #1521, 3.810000000000000053 ) ;
#3024 = DIRECTION ( 'NONE',  ( 0.000000000000000000, 0.000000000000000000, 1.000000000000000000 ) ) ;
#3025 = ORIENTED_EDGE ( 'NONE', *, *, #1796, .F. ) ;
#3026 = CARTESIAN_POINT ( 'NONE',  ( 7.705769409415884397, 8.000000000000001776, 6.454733606426827031 ) ) ;
#3027 = CARTESIAN_POINT ( 'NONE',  ( 10.83889206067368072, 7.201585313678418920, 5.408256428517224990 ) ) ;
#3028 = ORIENTED_EDGE ( 'NONE', *, *, #2709, .F. ) ;
#3029 = DIRECTION ( 'NONE',  ( 4.270088556250600220E-16, 1.000000000000000000, 0.000000000000000000 ) ) ;
#3030 = EDGE_CURVE ( 'NONE', #2424, #1914, #3362, .T. ) ;
#3031 = CARTESIAN_POINT ( 'NONE',  ( 61.00000000000000000, -0.2499999999999880373, 9.500000000000000000 ) ) ;
#3032 = CARTESIAN_POINT ( 'NONE',  ( 23.74599452086009777, 8.000000000000000000, 5.947410279324030213 ) ) ;
#3033 = EDGE_CURVE ( 'NONE', #746, #2424, #522, .T. ) ;
#3034 = CARTESIAN_POINT ( 'NONE',  ( -7.457155904481299835, 8.000000000000000000, -7.312391418772339335 ) ) ;
#3035 = VERTEX_POINT ( 'NONE', #1883 ) ;
#3036 = CARTESIAN_POINT ( 'NONE',  ( -51.00000000000000711, -8.500000000000017764, 0.000000000000000000 ) ) ;
#3037 = CARTESIAN_POINT ( 'NONE',  ( -6.984675515352967601, 7.391478034877647652, -5.284556738925268782 ) ) ;
#3038 = CARTESIAN_POINT ( 'NONE',  ( -14.83565250867332175, 4.910565967870842208, -2.785118636477579734 ) ) ;
#3039 = ORIENTED_EDGE ( 'NONE', *, *, #3004, .T. ) ;
#3040 = CARTESIAN_POINT ( 'NONE',  ( 15.76200707051774863, 4.796667790895010164, 2.693583376690960041 ) ) ;
#3041 = ORIENTED_EDGE ( 'NONE', *, *, #4039, .T. ) ;
#3042 = CARTESIAN_POINT ( 'NONE',  ( -18.38148568467651955, 6.307456091370439388, 4.515031848946205351 ) ) ;
#3043 = CARTESIAN_POINT ( 'NONE',  ( 7.458738405956208517, 7.539742552053406932, -5.720750318178617455 ) ) ;
#3044 = CARTESIAN_POINT ( 'NONE',  ( -9.373181306857874873, 7.999999999999997335, 6.423389952589907637 ) ) ;
#3045 = CARTESIAN_POINT ( 'NONE',  ( 20.04873820884900226, 7.042780304993220497, -4.859685439093869519 ) ) ;
#3046 = ORIENTED_EDGE ( 'NONE', *, *, #1964, .T. ) ;
#3047 = CARTESIAN_POINT ( 'NONE',  ( -19.69960422784905063, 7.182439767408010489, 5.390015524983780004 ) ) ;
#3048 = CARTESIAN_POINT ( 'NONE',  ( 10.12372705952198793, 7.352415736924487355, 5.552293761366053459 ) ) ;
#3049 = ORIENTED_EDGE ( 'NONE', *, *, #1466, .F. ) ;
#3050 = FACE_OUTER_BOUND ( 'NONE', #2464, .T. ) ;
#3051 = CARTESIAN_POINT ( 'NONE',  ( 32.37964710633750087, 9.500000000000000000, -9.500000000000000000 ) ) ;
#3052 = CARTESIAN_POINT ( 'NONE',  ( -22.27049037477478777, 8.000000000000705214, 6.392761929972628820 ) ) ;
#3053 = CARTESIAN_POINT ( 'NONE',  ( -15.48288786518778437, 4.785852512339642928, -2.993428269915569206 ) ) ;
#3054 = VERTEX_POINT ( 'NONE', #1497 ) ;
#3055 = CARTESIAN_POINT ( 'NONE',  ( -32.37964710633750087, 9.500000000000000000, 7.500000000000000000 ) ) ;
#3056 = EDGE_CURVE ( 'NONE', #1547, #3162, #132, .T. ) ;
#3057 = DIRECTION ( 'NONE',  ( 0.000000000000000000, 0.000000000000000000, 1.000000000000000000 ) ) ;
#3058 = CARTESIAN_POINT ( 'NONE',  ( -4.815532678565149993, 8.000000000000000000, 7.450216444695049844 ) ) ;
#3059 = ORIENTED_EDGE ( 'NONE', *, *, #3140, .F. ) ;
#3060 = VECTOR ( 'NONE', #3500, 1000.000000000000000 ) ;
#3061 = LINE ( 'NONE', #365, #3997 ) ;
#3062 = ORIENTED_EDGE ( 'NONE', *, *, #3682, .F. ) ;
#3063 = CARTESIAN_POINT ( 'NONE',  ( -5.345055359936309536, 8.000000000000000000, 7.450216444695049844 ) ) ;
#3064 = CARTESIAN_POINT ( 'NONE',  ( 11.76727490675944487, 6.653176489155152140, -4.484886143214128040 ) ) ;
#3065 = ADVANCED_FACE ( 'NONE', ( #1523 ), #2541, .T. ) ;
#3066 = VECTOR ( 'NONE', #923, 1000.000000000000000 ) ;
#3067 = CARTESIAN_POINT ( 'NONE',  ( -6.826256777749089899, 7.492115027270149774, 5.678948387545999843 ) ) ;
#3068 = CARTESIAN_POINT ( 'NONE',  ( 18.11266500812584468, 5.599478862783897171, -3.807054620359664465 ) ) ;
#3069 = ORIENTED_EDGE ( 'NONE', *, *, #4195, .F. ) ;
#3070 = VECTOR ( 'NONE', #3935, 1000.000000000000000 ) ;
#3071 = FACE_OUTER_BOUND ( 'NONE', #1900, .T. ) ;
#3072 = CARTESIAN_POINT ( 'NONE',  ( -34.00000000000000000, -1.565167132207979872, -7.750000000000000000 ) ) ;
#3073 = ORIENTED_EDGE ( 'NONE', *, *, #71, .F. ) ;
#3074 = VECTOR ( 'NONE', #3029, 1000.000000000000000 ) ;
#3075 = CARTESIAN_POINT ( 'NONE',  ( -15.76200707051774863, 5.016337705005099679, 3.223913462580870082 ) ) ;
#3076 =( BOUNDED_SURFACE ( )  B_SPLINE_SURFACE ( 3, 2, ( 
 ( #1861, #3907, #4200 ),
 ( #3202, #156, #1886 ),
 ( #175, #1148, #134 ),
 ( #1191, #3843, #463 ),
 ( #1818, #1499, #1526 ),
 ( #3163, #2870, #853 ),
 ( #3519, #788, #504 ),
 ( #813, #1480, #3584 ),
 ( #2849, #3183, #2500 ),
 ( #2214, #1170, #2523 ) ),
 .UNSPECIFIED., .F., .F., .F. ) 
 B_SPLINE_SURFACE_WITH_KNOTS ( ( 4, 2, 2, 2, 4 ),
 ( 3, 3 ),
 ( 2.466716432878480081, 2.798904239529320215, 3.131092046180159905, 3.463279852831000039, 3.795467659481840172 ),
 ( 0.000000000000000000, 1.000000000000000000 ),
 .UNSPECIFIED. ) 
 GEOMETRIC_REPRESENTATION_ITEM ( )  RATIONAL_B_SPLINE_SURFACE ( (
 ( 1.000000000000000000, 0.8809363964789689305, 1.000000000000000000),
 ( 1.000000000000000000, 0.8948243571343960090, 1.000000000000000000),
 ( 1.000000000000000000, 0.9054794842110770459, 1.000000000000000000),
 ( 1.000000000000000000, 0.9198927250320529936, 1.000000000000000000),
 ( 1.000000000000000000, 0.9236465074470879832, 1.000000000000000000),
 ( 1.000000000000000000, 0.9240914597839360312, 1.000000000000000000),
 ( 1.000000000000000000, 0.9207826461108290506, 1.000000000000000000),
 ( 1.000000000000000000, 0.9072406352217999848, 1.000000000000000000),
 ( 1.000000000000000000, 0.8970117841666480629, 1.000000000000000000),
 ( 1.000000000000000000, 0.8835309257402870209, 1.000000000000000000) ) ) 
 REPRESENTATION_ITEM ( '' )  SURFACE ( )  );
#3077 = B_SPLINE_CURVE_WITH_KNOTS ( 'NONE', 3,
 ( #124, #97, #1469, #4188, #776, #2137, #1137, #409, #2798, #4121, #2188, #2117, #2450 ),
 .UNSPECIFIED., .F., .F.,
 ( 4, 2, 2, 1, 2, 2, 4 ),
 ( 0.000000000000000000, 0.2499999999999977796, 0.3749999999999984457, 0.4374999999999987788, 0.4687499999999990563, 0.4999999999999993339, 1.000000000000000000 ),
 .UNSPECIFIED. ) ;
#3078 = FACE_OUTER_BOUND ( 'NONE', #3868, .T. ) ;
#3079 = CIRCLE ( 'NONE', #1172, 0.7499999999999995559 ) ;
#3080 = CARTESIAN_POINT ( 'NONE',  ( -21.72810927092435307, 8.000000000000000000, 7.189758144456050104 ) ) ;
#3081 = AXIS2_PLACEMENT_3D ( 'NONE', #2238, #3867, #873 ) ;
#3082 = FACE_OUTER_BOUND ( 'NONE', #3960, .T. ) ;
#3083 = EDGE_CURVE ( 'NONE', #1831, #4084, #4292, .T. ) ;
#3084 = ORIENTED_EDGE ( 'NONE', *, *, #3496, .F. ) ;
#3085 = CARTESIAN_POINT ( 'NONE',  ( -2.768810145221014096, 5.777104711699966977, 3.535582276611835884 ) ) ;
#3086 = CARTESIAN_POINT ( 'NONE',  ( -13.90071101811525978, 5.647515561390850536, 3.855091318966619607 ) ) ;
#3087 = CARTESIAN_POINT ( 'NONE',  ( 23.15243972543156659, 7.952002190010935223, 5.844456877230212122 ) ) ;
#3088 = EDGE_CURVE ( 'NONE', #4222, #3803, #2521, .T. ) ;
#3089 = ORIENTED_EDGE ( 'NONE', *, *, #912, .F. ) ;
#3090 = CARTESIAN_POINT ( 'NONE',  ( -48.35000000000000142, -16.50000000000001776, 0.000000000000000000 ) ) ;
#3091 = VERTEX_POINT ( 'NONE', #3517 ) ;
#3092 = CARTESIAN_POINT ( 'NONE',  ( 59.00000000000000000, -16.50000000000000000, -9.500000000000000000 ) ) ;
#3093 = CARTESIAN_POINT ( 'NONE',  ( 13.44451100527151866, 5.582546102277270883, -3.324761233076709566 ) ) ;
#3094 = EDGE_CURVE ( 'NONE', #1713, #565, #2830, .T. ) ;
#3095 = CARTESIAN_POINT ( 'NONE',  ( -5.262871969175780151, 7.239182484975580145, 5.446758242551349660 ) ) ;
#3096 = CARTESIAN_POINT ( 'NONE',  ( 34.00000000000000000, -1.565167132207974987, -7.750000000000000000 ) ) ;
#3097 = ORIENTED_EDGE ( 'NONE', *, *, #1559, .F. ) ;
#3098 = CARTESIAN_POINT ( 'NONE',  ( 6.826256777748629823, 7.492115027270029870, 5.678948387545830201 ) ) ;
#3099 = CARTESIAN_POINT ( 'NONE',  ( 4.815610704981158285, 7.121338442073756880, 5.328914199649528172 ) ) ;
#3100 = ORIENTED_EDGE ( 'NONE', *, *, #272, .F. ) ;
#3101 = DIRECTION ( 'NONE',  ( 1.000000000000000000, -2.676430505792788145E-15, 0.000000000000000000 ) ) ;
#3102 = DIRECTION ( 'NONE',  ( -1.000000000000000000, 0.000000000000000000, 0.000000000000000000 ) ) ;
#3103 = CARTESIAN_POINT ( 'NONE',  ( 19.84894107443720657, 6.864834976629626162, -4.666272215664752920 ) ) ;
#3104 = CARTESIAN_POINT ( 'NONE',  ( -18.92058454303209558, 6.349579139778760428, -4.557154897357824197 ) ) ;
#3105 = CARTESIAN_POINT ( 'NONE',  ( -22.17058944486910121, 7.121320343559640165, 5.328896101135399910 ) ) ;
#3106 = DIRECTION ( 'NONE',  ( -4.625929269271485322E-15, -1.000000000000000000, 0.000000000000000000 ) ) ;
#3107 =( BOUNDED_SURFACE ( )  B_SPLINE_SURFACE ( 3, 2, ( 
 ( #2733, #2337, #1046 ),
 ( #3661, #3748, #622 ),
 ( #1986, #1649, #2993 ),
 ( #973, #3680, #641 ),
 ( #2003, #317, #2511 ),
 ( #4149, #1115, #77 ) ),
 .UNSPECIFIED., .F., .F., .F. ) 
 B_SPLINE_SURFACE_WITH_KNOTS ( ( 4, 2, 4 ),
 ( 3, 3 ),
 ( 5.608309086468270088, 5.945747196823929492, 6.283185307179590673 ),
 ( 0.000000000000000000, 1.000000000000000000 ),
 .UNSPECIFIED. ) 
 GEOMETRIC_REPRESENTATION_ITEM ( )  RATIONAL_B_SPLINE_SURFACE ( (
 ( 1.000000000000000000, 0.8809363964789689305, 1.000000000000000000),
 ( 1.000000000000000000, 0.8950440970201949398, 1.000000000000000000),
 ( 1.000000000000000000, 0.9058152212835309802, 1.000000000000000000),
 ( 1.000000000000000000, 0.9202352437453220624, 1.000000000000000000),
 ( 1.000000000000000000, 0.9238844685538830648, 1.000000000000000000),
 ( 1.000000000000000000, 0.9238795325112859613, 1.000000000000000000) ) ) 
 REPRESENTATION_ITEM ( '' )  SURFACE ( )  );
#3108 = EDGE_LOOP ( 'NONE', ( #371, #2335, #2278, #770 ) ) ;
#3109 = CARTESIAN_POINT ( 'NONE',  ( -4.820563376436656888, 7.122644274115936369, 5.330219820827048594 ) ) ;
#3110 = CARTESIAN_POINT ( 'NONE',  ( 55.40000000000000568, 3.276315789473692952, 5.388445916248358943E-16 ) ) ;
#3111 = CARTESIAN_POINT ( 'NONE',  ( 17.78807915201425160, 5.783166991651959243, 3.990742749227725206 ) ) ;
#3112 = EDGE_CURVE ( 'NONE', #430, #3204, #3886, .T. ) ;
#3113 = CARTESIAN_POINT ( 'NONE',  ( -22.27016734323631653, 8.000000000000344613, -6.392794721070648833 ) ) ;
#3114 = PLANE ( 'NONE',  #323 ) ;
#3115 = ORIENTED_EDGE ( 'NONE', *, *, #4358, .F. ) ;
#3116 = CARTESIAN_POINT ( 'NONE',  ( -3.760617964456909323, 6.757349116281455181, 4.964924873857223808 ) ) ;
#3117 = CARTESIAN_POINT ( 'NONE',  ( 4.815532678565159763, 8.000000000000000000, -7.450216444695049844 ) ) ;
#3118 = ORIENTED_EDGE ( 'NONE', *, *, #1352, .T. ) ;
#3119 = CARTESIAN_POINT ( 'NONE',  ( -5.262871969175850317, 7.239182484976409704, -5.446758242552180107 ) ) ;
#3120 = CARTESIAN_POINT ( 'NONE',  ( -1.911890070364605121, 5.521621032120870076, 3.729196789696640479 ) ) ;
#3121 = DIRECTION ( 'NONE',  ( 1.000000000000000000, 0.000000000000000000, 0.000000000000000000 ) ) ;
#3122 = EDGE_CURVE ( 'NONE', #87, #2110, #2532, .T. ) ;
#3123 = CARTESIAN_POINT ( 'NONE',  ( -41.00000000000000000, -1.565167132207979872, 7.750000000000000000 ) ) ;
#3124 = CARTESIAN_POINT ( 'NONE',  ( -24.22566654420049304, 8.000000000000001776, -6.207575757575755304 ) ) ;
#3125 = CARTESIAN_POINT ( 'NONE',  ( -21.34341089467825014, 8.000000000000000000, 7.322004791641269605 ) ) ;
#3126 = FACE_OUTER_BOUND ( 'NONE', #1005, .T. ) ;
#3127 = DESIGN_CONTEXT ( 'detailed design', #1704, 'design' ) ;
#3128 = ORIENTED_EDGE ( 'NONE', *, *, #3588, .F. ) ;
#3129 = CARTESIAN_POINT ( 'NONE',  ( 14.93166446868432118, 4.865139891194580457, 2.748576717088955235 ) ) ;
#3130 = CARTESIAN_POINT ( 'NONE',  ( -14.16024780024486596, 5.148209914125984277, 2.976020804925226138 ) ) ;
#3131 = B_SPLINE_CURVE_WITH_KNOTS ( 'NONE', 3,
 ( #2087, #2133, #1484, #117, #1133, #3474, #4095, #3850, #3784, #1798, #819, #1734, #3453 ),
 .UNSPECIFIED., .F., .F.,
 ( 4, 2, 2, 1, 2, 2, 4 ),
 ( 0.000000000000000000, 0.2500000000000009437, 0.3750000000000015543, 0.4375000000000016653, 0.4687500000000017208, 0.5000000000000017764, 1.000000000000000000 ),
 .UNSPECIFIED. ) ;
#3132 = PERSON_AND_ORGANIZATION ( #635, #2222 ) ;
#3133 = CARTESIAN_POINT ( 'NONE',  ( -1.236896260124795921, 4.837422314169871562, 2.693733550624537454 ) ) ;
#3134 = DIRECTION ( 'NONE',  ( -0.7071067811865461294, 3.019408574391867868E-16, 0.7071067811865490160 ) ) ;
#3135 = CARTESIAN_POINT ( 'NONE',  ( 21.11690477002693100, 7.566963547732491691, 5.733028771331536433 ) ) ;
#3136 = ORIENTED_EDGE ( 'NONE', *, *, #3250, .F. ) ;
#3137 = DIRECTION ( 'NONE',  ( -0.3767857064810149481, -0.5983581965608958386, 0.7071067811865440200 ) ) ;
#3138 = CARTESIAN_POINT ( 'NONE',  ( 10.05351312542856590, 7.364015420592356698, -5.562890817172344349 ) ) ;
#3139 = ORIENTED_EDGE ( 'NONE', *, *, #216, .F. ) ;
#3140 = EDGE_CURVE ( 'NONE', #2723, #2404, #2323, .T. ) ;
#3141 = CARTESIAN_POINT ( 'NONE',  ( -20.62428448991684959, 7.424702449718843411, -5.614175868068799424 ) ) ;
#3142 = CIRCLE ( 'NONE', #240, 0.7499999999999998890 ) ;
#3143 = CARTESIAN_POINT ( 'NONE',  ( -6.665138499245539805, 8.000000000000000000, -7.364542852136939821 ) ) ;
#3144 = CARTESIAN_POINT ( 'NONE',  ( -7.729144330454913003, 7.546666644644146160, -5.726677432770492793 ) ) ;
#3145 = CARTESIAN_POINT ( 'NONE',  ( -17.78807915201425160, 5.783166991651950362, 3.990742749227725206 ) ) ;
#3146 = AXIS2_PLACEMENT_3D ( 'NONE', #399, #421, #135 ) ;
#3147 = CARTESIAN_POINT ( 'NONE',  ( -13.44451100527151866, 5.582546102277270883, -3.324761233076709566 ) ) ;
#3148 = AXIS2_PLACEMENT_3D ( 'NONE', #1980, #3961, #270 ) ;
#3149 = CARTESIAN_POINT ( 'NONE',  ( 17.62045061050867645, 5.278682748720749274, 3.080901341719857633 ) ) ;
#3150 = CARTESIAN_POINT ( 'NONE',  ( -24.06520882102295289, 8.000000000000000000, 6.021459163308449547 ) ) ;
#3151 = EDGE_CURVE ( 'NONE', #3054, #4341, #250, .T. ) ;
#3152 = PLANE ( 'NONE',  #733 ) ;
#3153 = VECTOR ( 'NONE', #37, 1000.000000000000000 ) ;
#3154 = ORIENTED_EDGE ( 'NONE', *, *, #1742, .T. ) ;
#3155 = CARTESIAN_POINT ( 'NONE',  ( 21.50847884409968813, 7.999999999999289457, -6.440229411913620972 ) ) ;
#3156 = CARTESIAN_POINT ( 'NONE',  ( -4.815572430912352431, 7.121327280971049944, 5.328903038546814130 ) ) ;
#3157 = CIRCLE ( 'NONE', #4213, 0.7499999999999997780 ) ;
#3158 = DATE_AND_TIME ( #1811, #189 ) ;
#3159 = DIRECTION ( 'NONE',  ( -0.3767857064810123391, 0.5983581965608917308, -0.7071067811865486830 ) ) ;
#3160 = CARTESIAN_POINT ( 'NONE',  ( 36.10963529983394693, 15.42344393713465145, 7.500000000000000000 ) ) ;
#3161 = LINE ( 'NONE', #4198, #3008 ) ;
#3162 = VERTEX_POINT ( 'NONE', #1589 ) ;
#3163 = CARTESIAN_POINT ( 'NONE',  ( 8.885953503854050695, 7.443271316766420398, 5.341017581817450122 ) ) ;
#3164 = DIRECTION ( 'NONE',  ( 1.000000000000000000, -1.765700680904964618E-15, 0.000000000000000000 ) ) ;
#3165 = CARTESIAN_POINT ( 'NONE',  ( 0.000000000000000000, 4.631151059171249251, 2.528066644967204901 ) ) ;
#3166 = CARTESIAN_POINT ( 'NONE',  ( 13.79175011098259951, 5.316443959558000643, -3.111041401917919558 ) ) ;
#3167 = ORIENTED_EDGE ( 'NONE', *, *, #840, .T. ) ;
#3168 = DIRECTION ( 'NONE',  ( -7.382134681296080182E-16, 1.000000000000000000, 0.000000000000000000 ) ) ;
#3169 = CARTESIAN_POINT ( 'NONE',  ( -15.76200707051774863, 4.796667790895010164, 2.693583376690960041 ) ) ;
#3170 = EDGE_CURVE ( 'NONE', #3560, #1524, #3642, .T. ) ;
#3171 = CARTESIAN_POINT ( 'NONE',  ( 4.613804987636000554, 6.776863735659018673, -4.618808023844079180 ) ) ;
#3172 = CARTESIAN_POINT ( 'NONE',  ( -20.03741965547159865, 7.035992052209700809, -4.852329781383869722 ) ) ;
#3173 = CARTESIAN_POINT ( 'NONE',  ( 32.37964710633750087, 9.500000000000000000, 9.500000000000000000 ) ) ;
#3174 = ADVANCED_FACE ( 'NONE', ( #2301 ), #3995, .F. ) ;
#3175 = CARTESIAN_POINT ( 'NONE',  ( -21.16398201891676223, 7.580327007915670379, 5.743997339727569873 ) ) ;
#3176 = ORIENTED_EDGE ( 'NONE', *, *, #3083, .F. ) ;
#3177 = CARTESIAN_POINT ( 'NONE',  ( -11.89814798151533637, 6.603145195235051723, 4.810720952810810580 ) ) ;
#3178 = CARTESIAN_POINT ( 'NONE',  ( -6.304099763960894443, 7.425514435428135052, 5.619526348766779478 ) ) ;
#3179 = CARTESIAN_POINT ( 'NONE',  ( -1.210265310339681877, 4.828383780220210753, 2.686476712219030283 ) ) ;
#3180 = DIRECTION ( 'NONE',  ( 1.734723475976804876E-16, -1.000000000000000000, 0.000000000000000000 ) ) ;
#3181 = CARTESIAN_POINT ( 'NONE',  ( 20.30699717137891369, 7.323047598929080415, 5.522854188878346449 ) ) ;
#3182 = VERTEX_POINT ( 'NONE', #1653 ) ;
#3183 = CARTESIAN_POINT ( 'NONE',  ( 12.81692928307653645, 6.091885346073770080, 4.299461103646854632 ) ) ;
#3184 = ORIENTED_EDGE ( 'NONE', *, *, #1633, .T. ) ;
#3185 = CARTESIAN_POINT ( 'NONE',  ( -20.95635587439651815, 7.522326935424931804, -5.696753745001227109 ) ) ;
#3186 = CARTESIAN_POINT ( 'NONE',  ( 13.90071101811527932, 5.647515561390850536, -3.855091318966619607 ) ) ;
#3187 = ORIENTED_EDGE ( 'NONE', *, *, #3022, .T. ) ;
#3188 = CARTESIAN_POINT ( 'NONE',  ( 46.60000000000000142, 8.817669172932339094, 0.000000000000000000 ) ) ;
#3189 = CARTESIAN_POINT ( 'NONE',  ( 24.22566654420050014, 8.000000000000000000, -5.896915585795940551 ) ) ;
#3190 = DIRECTION ( 'NONE',  ( 1.000000000000000000, -3.543792243781191692E-15, 0.000000000000000000 ) ) ;
#3191 = DIRECTION ( 'NONE',  ( 1.281026566875180017E-15, -1.000000000000000000, 0.000000000000000000 ) ) ;
#3192 = DIRECTION ( 'NONE',  ( 0.000000000000000000, -1.000000000000000000, 1.281026566875180017E-15 ) ) ;
#3193 = ADVANCED_FACE ( 'NONE', ( #607, #1971 ), #564, .F. ) ;
#3194 = EDGE_LOOP ( 'NONE', ( #3564, #1276, #3550, #2474 ) ) ;
#3195 = CARTESIAN_POINT ( 'NONE',  ( 20.02932004238534702, 7.231288082988440280, -5.438863840564199137 ) ) ;
#3196 = CARTESIAN_POINT ( 'NONE',  ( -14.44314663406476917, 5.031855268523888647, 2.882484280459645998 ) ) ;
#3197 = APPROVAL_STATUS ( 'not_yet_approved' ) ;
#3198 = CARTESIAN_POINT ( 'NONE',  ( 9.100920346886633538, 8.000000000000001776, -6.435689278559205029 ) ) ;
#3199 = CARTESIAN_POINT ( 'NONE',  ( -21.32194644855199783, 7.625435601259759721, -5.780927750466730686 ) ) ;
#3200 = CARTESIAN_POINT ( 'NONE',  ( 22.34771658673426131, 7.837184361623935835, 5.915678054739367475 ) ) ;
#3201 = ORIENTED_EDGE ( 'NONE', *, *, #1937, .F. ) ;
#3202 = CARTESIAN_POINT ( 'NONE',  ( 3.156480717385329982, 6.087327186062470474, 3.871735099489964860 ) ) ;
#3203 = EDGE_CURVE ( 'NONE', #338, #260, #4016, .T. ) ;
#3204 = VERTEX_POINT ( 'NONE', #1383 ) ;
#3205 = EDGE_CURVE ( 'NONE', #3091, #2566, #3751, .T. ) ;
#3206 = CARTESIAN_POINT ( 'NONE',  ( 17.22122336215819871, 5.363834173299129482, -3.571409930874905214 ) ) ;
#3207 = VERTEX_POINT ( 'NONE', #80 ) ;
#3208 = VECTOR ( 'NONE', #3634, 1000.000000000000000 ) ;
#3209 = DIRECTION ( 'NONE',  ( 0.000000000000000000, -0.7071067811865455743, -0.7071067811865495711 ) ) ;
#3210 = CARTESIAN_POINT ( 'NONE',  ( 18.92535049344868980, 6.354004012016918779, 4.561579769590579758 ) ) ;
#3211 = CIRCLE ( 'NONE', #3491, 3.000000000000000000 ) ;
#3212 = CARTESIAN_POINT ( 'NONE',  ( 37.72998819349644606, 4.358276804926674686, 7.750000000000000000 ) ) ;
#3213 = DIRECTION ( 'NONE',  ( 0.8462062767335206681, -0.5328554562137767237, 0.000000000000000000 ) ) ;
#3214 = CIRCLE ( 'NONE', #2652, 2.649999999999999467 ) ;
#3215 = CARTESIAN_POINT ( 'NONE',  ( 22.06435806384320131, 7.791307203256550018, 5.893918032594188894 ) ) ;
#3216 = EDGE_CURVE ( 'NONE', #308, #4099, #118, .T. ) ;
#3217 = AXIS2_PLACEMENT_3D ( 'NONE', #1602, #597, #2950 ) ;
#3218 = ORIENTED_EDGE ( 'NONE', *, *, #2065, .T. ) ;
#3219 = CARTESIAN_POINT ( 'NONE',  ( -9.953817809864293764, 7.274545353793111957, 5.482121111368879696 ) ) ;
#3220 = CARTESIAN_POINT ( 'NONE',  ( -10.14854248811445636, 7.347158172891935735, 5.547238892725978587 ) ) ;
#3221 = CALENDAR_DATE ( 2025, 10, 10 ) ;
#3222 = CARTESIAN_POINT ( 'NONE',  ( 8.575322992412489853, 7.535194928387999980, -5.716784161058050096 ) ) ;
#3223 = VECTOR ( 'NONE', #4083, 1000.000000000000114 ) ;
#3224 = DIRECTION ( 'NONE',  ( 0.7071067811865461294, -3.019408574391867868E-16, 0.7071067811865490160 ) ) ;
#3225 = VECTOR ( 'NONE', #4349, 1000.000000000000114 ) ;
#3226 = CARTESIAN_POINT ( 'NONE',  ( 31.94671434340985172, 8.000000000000000000, -6.207575757575760633 ) ) ;
#3227 = ORIENTED_EDGE ( 'NONE', *, *, #1937, .T. ) ;
#3228 = LINE ( 'NONE', #1839, #750 ) ;
#3229 = CARTESIAN_POINT ( 'NONE',  ( -21.72113517928396931, 7.715861697151489729, -5.843560196322595601 ) ) ;
#3230 = LINE ( 'NONE', #4227, #2170 ) ;
#3231 = ORIENTED_EDGE ( 'NONE', *, *, #3334, .T. ) ;
#3232 = CARTESIAN_POINT ( 'NONE',  ( -6.618091572616091156, 7.466317588891669743, -5.656090200314448424 ) ) ;
#3233 = CARTESIAN_POINT ( 'NONE',  ( 20.04873820884900226, 7.042780304993220497, 4.859685439093869519 ) ) ;
#3234 = ORIENTED_EDGE ( 'NONE', *, *, #2227, .F. ) ;
#3235 = CARTESIAN_POINT ( 'NONE',  ( 4.814571337437171472, 6.854305795986987526, -4.702794337579623729 ) ) ;
#3236 = CARTESIAN_POINT ( 'NONE',  ( -1.643072086961970157, 5.306506999869790242, -3.514082757445565086 ) ) ;
#3237 = CARTESIAN_POINT ( 'NONE',  ( 23.57123239924385061, 8.000000000000000000, 6.373628942049410107 ) ) ;
#3238 = ORIENTED_EDGE ( 'NONE', *, *, #3033, .T. ) ;
#3239 = DIRECTION ( 'NONE',  ( -0.000000000000000000, 0.7071067811865475727, 0.7071067811865475727 ) ) ;
#3240 = CARTESIAN_POINT ( 'NONE',  ( 8.516201267223610927, 8.000000000000000000, 7.312391418772349994 ) ) ;
#3241 = CARTESIAN_POINT ( 'NONE',  ( 19.73661185555179642, 5.000000000000000000, 7.450216444695049844 ) ) ;
#3242 = FACE_OUTER_BOUND ( 'NONE', #1330, .T. ) ;
#3243 = CARTESIAN_POINT ( 'NONE',  ( 4.815532678565140223, 5.000000000000000000, 7.450216444695049844 ) ) ;
#3244 = EDGE_LOOP ( 'NONE', ( #4360, #4205 ) ) ;
#3245 = CARTESIAN_POINT ( 'NONE',  ( -59.00000000000000000, -16.50000000000000000, 9.500000000000000000 ) ) ;
#3246 = EDGE_CURVE ( 'NONE', #3996, #1791, #4059, .T. ) ;
#3247 =( BOUNDED_SURFACE ( )  B_SPLINE_SURFACE ( 3, 2, ( 
 ( #3501, #1799, #3169 ),
 ( #4207, #774, #4117 ),
 ( #1438, #2088, #425 ),
 ( #2793, #1779, #2818 ),
 ( #4165, #2113, #119 ),
 ( #3145, #446, #3475 ) ),
 .UNSPECIFIED., .F., .F., .T. ) 
 B_SPLINE_SURFACE_WITH_KNOTS ( ( 4, 2, 4 ),
 ( 3, 3 ),
 ( 0.000000000000000000, 0.3618187915800804566, 0.7236375831601610242 ),
 ( 0.000000000000000000, 1.000000000000000000 ),
 .UNSPECIFIED. ) 
 GEOMETRIC_REPRESENTATION_ITEM ( )  RATIONAL_B_SPLINE_SURFACE ( (
 ( 1.000000000000000000, 0.9238795325112859613, 1.000000000000000000),
 ( 1.000000000000000000, 0.9238860647167109752, 1.000000000000000000),
 ( 1.000000000000000000, 0.9196873301201640150, 1.000000000000000000),
 ( 1.000000000000000000, 0.9031263429598719306, 1.000000000000000000),
 ( 1.000000000000000000, 0.8907635845373389483, 1.000000000000000000),
 ( 1.000000000000000000, 0.8746163082023989954, 1.000000000000000000) ) ) 
 REPRESENTATION_ITEM ( '' )  SURFACE ( )  );
#3248 = CARTESIAN_POINT ( 'NONE',  ( -33.65634964324375034, 6.923443937134649673, 9.500000000000000000 ) ) ;
#3249 = DIRECTION ( 'NONE',  ( 1.000000000000000000, 0.000000000000000000, 0.000000000000000000 ) ) ;
#3250 = EDGE_CURVE ( 'NONE', #2626, #1403, #670, .T. ) ;
#3251 = ORIENTED_EDGE ( 'NONE', *, *, #758, .T. ) ;
#3252 = CARTESIAN_POINT ( 'NONE',  ( -10.79683008739970873, 6.982033772078345635, 4.841220257295815621 ) ) ;
#3253 = DIRECTION ( 'NONE',  ( 0.000000000000000000, -0.7071067811865444641, -0.7071067811865505703 ) ) ;
#3254 = CARTESIAN_POINT ( 'NONE',  ( 24.26597341088004356, 7.999909568967795259, 6.207485326543553228 ) ) ;
#3255 = CARTESIAN_POINT ( 'NONE',  ( 3.878186668545285709, 6.441449387517593550, -4.255024273178155347 ) ) ;
#3256 = PLANE ( 'NONE',  #1585 ) ;
#3257 = CARTESIAN_POINT ( 'NONE',  ( 16.50001265065549916, 5.083822128442370136, 3.291397886018149865 ) ) ;
#3258 = EDGE_CURVE ( 'NONE', #3621, #2502, #3061, .T. ) ;
#3259 = ORIENTED_EDGE ( 'NONE', *, *, #3328, .T. ) ;
#3260 = CARTESIAN_POINT ( 'NONE',  ( 18.38148568467651955, 6.307456091370439388, -4.515031848946200910 ) ) ;
#3261 = CARTESIAN_POINT ( 'NONE',  ( 24.22566654420050014, 8.000000000000000000, 5.896915585795940551 ) ) ;
#3262 = CARTESIAN_POINT ( 'NONE',  ( 7.457498925896159925, 8.000000000000000000, -7.320283824003260165 ) ) ;
#3263 = CARTESIAN_POINT ( 'NONE',  ( 7.986678585852459378, 8.183333333333330017, -5.330248919129279450 ) ) ;
#3264 = CARTESIAN_POINT ( 'NONE',  ( 20.00235628335730809, 7.218416025213661769, 5.424263846825292390 ) ) ;
#3265 = VERTEX_POINT ( 'NONE', #3373 ) ;
#3266 = CARTESIAN_POINT ( 'NONE',  ( 7.986678585852459378, 7.653003247443430190, -5.860579005019189935 ) ) ;
#3267 = LINE ( 'NONE', #1233, #1951 ) ;
#3268 = CARTESIAN_POINT ( 'NONE',  ( 0.000000000000000000, 5.381151059171249251, 2.528066644967204901 ) ) ;
#3269 = ORIENTED_EDGE ( 'NONE', *, *, #2482, .F. ) ;
#3270 = DIRECTION ( 'NONE',  ( 0.000000000000000000, -0.7071067811865494601, 0.7071067811865454633 ) ) ;
#3271 = LINE ( 'NONE', #160, #1015 ) ;
#3272 = CARTESIAN_POINT ( 'NONE',  ( -1.764432481861399893, 5.062735211035694682, -2.874815750181521246 ) ) ;
#3273 = ORIENTED_EDGE ( 'NONE', *, *, #3305, .T. ) ;
#3274 = EDGE_CURVE ( 'NONE', #2415, #3673, #2097, .T. ) ;
#3275 = CIRCLE ( 'NONE', #1800, 0.7500000000000001110 ) ;
#3276 = CARTESIAN_POINT ( 'NONE',  ( -61.00000000000000000, -0.2500000000000000000, 9.500000000000000000 ) ) ;
#3277 = CARTESIAN_POINT ( 'NONE',  ( 0.4285463925238074956, 4.631151059171249251, -2.528066644967204901 ) ) ;
#3278 = CARTESIAN_POINT ( 'NONE',  ( 29.92636144974735046, 1.000000000000000000, 7.750000000000000000 ) ) ;
#3279 = VECTOR ( 'NONE', #318, 1000.000000000000000 ) ;
#3280 = EDGE_CURVE ( 'NONE', #3944, #983, #321, .T. ) ;
#3281 = EDGE_LOOP ( 'NONE', ( #3908, #3039, #1106, #1979 ) ) ;
#3282 = AXIS2_PLACEMENT_3D ( 'NONE', #3012, #2680, #1154 ) ;
#3283 = VECTOR ( 'NONE', #4238, 1000.000000000000000 ) ;
#3284 = CARTESIAN_POINT ( 'NONE',  ( 11.15782449313978120, 8.000000000000000000, -7.450216444695049844 ) ) ;
#3285 = CARTESIAN_POINT ( 'NONE',  ( -9.850970531249616968, 7.398320873858978963, 5.594576166625258473 ) ) ;
#3286 = PERSON_AND_ORGANIZATION ( #635, #2222 ) ;
#3287 = CARTESIAN_POINT ( 'NONE',  ( 6.872436824818065837, 8.000000000000001776, -6.435689278559082460 ) ) ;
#3288 = VECTOR ( 'NONE', #1174, 1000.000000000000000 ) ;
#3289 = DIRECTION ( 'NONE',  ( 0.6082666837916629321, -0.7937327266713232188, 0.000000000000000000 ) ) ;
#3290 = CARTESIAN_POINT ( 'NONE',  ( 20.10644900371070065, 7.255094159046652003, -5.459419226440957118 ) ) ;
#3291 = ORIENTED_EDGE ( 'NONE', *, *, #1466, .T. ) ;
#3292 = VECTOR ( 'NONE', #1582, 1000.000000000000000 ) ;
#3293 = CARTESIAN_POINT ( 'NONE',  ( 24.06522056865015458, 8.000000000000000000, 6.021450425152369945 ) ) ;
#3294 = PRODUCT_DEFINITION ( 'UNKNOWN', '', #326, #3127 ) ;
#3295 = DIRECTION ( 'NONE',  ( 0.8462062767335200020, 0.5328554562137779449, 0.000000000000000000 ) ) ;
#3296 = CARTESIAN_POINT ( 'NONE',  ( -8.955732064074684473, 7.433333333333329129, -5.330248919129261687 ) ) ;
#3297 = VERTEX_POINT ( 'NONE', #3090 ) ;
#3298 = CARTESIAN_POINT ( 'NONE',  ( 7.692061344032150139, 7.546666666666459911, 5.726677419058030516 ) ) ;
#3299 = CARTESIAN_POINT ( 'NONE',  ( -11.04589300725254830, 7.150387734913321580, -5.357856101221173617 ) ) ;
#3300 = PLANE ( 'NONE',  #947 ) ;
#3301 = ORIENTED_EDGE ( 'NONE', *, *, #2179, .T. ) ;
#3302 = CARTESIAN_POINT ( 'NONE',  ( -55.40000000000000568, 3.276315789473670748, 0.000000000000000000 ) ) ;
#3303 = DIRECTION ( 'NONE',  ( 0.6781345143961786670, 0.5196795071891238127, -0.5196795071891218143 ) ) ;
#3304 = CARTESIAN_POINT ( 'NONE',  ( 11.15782449313975988, 8.000000000000000000, 7.450216444695049844 ) ) ;
#3305 = EDGE_CURVE ( 'NONE', #3204, #4093, #646, .T. ) ;
#3306 = ORIENTED_EDGE ( 'NONE', *, *, #2667, .T. ) ;
#3307 = CARTESIAN_POINT ( 'NONE',  ( 10.62830181176862077, 8.000000000000000000, -7.450216444695049844 ) ) ;
#3308 = CARTESIAN_POINT ( 'NONE',  ( -8.901106866034412590, 7.511298131567252234, 5.695951192415611430 ) ) ;
#3309 = CARTESIAN_POINT ( 'NONE',  ( -3.735819131088315093, 6.742634721615949900, -4.950210479191709645 ) ) ;
#3310 = CARTESIAN_POINT ( 'NONE',  ( 13.06973038996695990, 6.284326686841893661, -4.491902444417664064 ) ) ;
#3311 = DIRECTION ( 'NONE',  ( -4.270088556250600220E-16, -1.000000000000000000, 0.000000000000000000 ) ) ;
#3312 = VERTEX_POINT ( 'NONE', #713 ) ;
#3313 = CARTESIAN_POINT ( 'NONE',  ( -32.37964710633750087, 14.50000000000000000, -9.500000000000000000 ) ) ;
#3314 = CARTESIAN_POINT ( 'NONE',  ( 13.90071101811527932, 6.177845647280761021, -3.324761233076709566 ) ) ;
#3315 = DIRECTION ( 'NONE',  ( -1.000000000000000000, 0.000000000000000000, 0.000000000000000000 ) ) ;
#3316 = ORIENTED_EDGE ( 'NONE', *, *, #2251, .T. ) ;
#3317 = LINE ( 'NONE', #1323, #472 ) ;
#3318 = CARTESIAN_POINT ( 'NONE',  ( 5.524670525583677438, 7.288472993417205004, 5.491976864915440792 ) ) ;
#3319 = ORIENTED_EDGE ( 'NONE', *, *, #199, .F. ) ;
#3320 = LINE ( 'NONE', #3692, #1813 ) ;
#3321 = CARTESIAN_POINT ( 'NONE',  ( 14.47813311536068603, 5.019338222089574586, -2.872429804578130241 ) ) ;
#3322 = CARTESIAN_POINT ( 'NONE',  ( -31.94671434340985172, 8.000000000000000000, -7.450216444695049844 ) ) ;
#3323 = B_SPLINE_CURVE_WITH_KNOTS ( 'NONE', 3,
 ( #870, #1349, #257, #2234, #3034, #2961, #1906, #1882, #4304, #2381 ),
 .UNSPECIFIED., .F., .F.,
 ( 4, 2, 2, 2, 4 ),
 ( 0.000000000000000000, 0.001587069792343390098, 0.003174139584686780195, 0.004761209377030180268, 0.006348279169373569931 ),
 .UNSPECIFIED. ) ;
#3324 = EDGE_LOOP ( 'NONE', ( #1230, #2080, #1566, #1413, #2731, #54, #3187, #343, #4246, #624, #3715, #4060, #1175, #875, #4262, #3316, #3306, #2480 ) ) ;
#3325 = CARTESIAN_POINT ( 'NONE',  ( 24.14685295662975051, 8.000000000000000000, -5.959235017791730371 ) ) ;
#3326 = CARTESIAN_POINT ( 'NONE',  ( -7.486903289182757604, 7.433333333333333570, -5.330248919129263463 ) ) ;
#3327 = CARTESIAN_POINT ( 'NONE',  ( -17.25701492262026804, 5.102211219571930023, -2.938984050942046622 ) ) ;
#3328 = EDGE_CURVE ( 'NONE', #1791, #552, #1674, .T. ) ;
#3329 = ORIENTED_EDGE ( 'NONE', *, *, #1935, .F. ) ;
#3330 = CARTESIAN_POINT ( 'NONE',  ( 20.15009833112148740, 7.270171057163843820, 5.473677772345156178 ) ) ;
#3331 = VERTEX_POINT ( 'NONE', #60 ) ;
#3332 = CARTESIAN_POINT ( 'NONE',  ( 22.86708118379134902, 8.000000000000000000, 6.761153261502059308 ) ) ;
#3333 =( BOUNDED_CURVE ( )  B_SPLINE_CURVE ( 3, ( #3719, #2749, #3805, #2044 ),
 .UNSPECIFIED., .F., .T. ) 
 B_SPLINE_CURVE_WITH_KNOTS ( ( 4, 4 ),
 ( 2.466716432878480081, 2.809357373710289707 ),
 .UNSPECIFIED. ) 
 CURVE ( )  GEOMETRIC_REPRESENTATION_ITEM ( )  RATIONAL_B_SPLINE_CURVE ( ( 1.000000000000000000, 0.9902403382894759964, 0.9902403382894759964, 1.000000000000000000 ) ) 
 REPRESENTATION_ITEM ( '' )  );
#3334 = EDGE_CURVE ( 'NONE', #87, #1524, #2737, .T. ) ;
#3335 = CARTESIAN_POINT ( 'NONE',  ( 15.76200707051774863, 4.796667790895010164, 2.693583376690964926 ) ) ;
#3336 = CARTESIAN_POINT ( 'NONE',  ( 12.63661055413358270, 6.149626855228913058, 3.938879479000225281 ) ) ;
#3337 = ORIENTED_EDGE ( 'NONE', *, *, #2681, .F. ) ;
#3338 = EDGE_CURVE ( 'NONE', #4318, #1838, #2074, .T. ) ;
#3339 = CARTESIAN_POINT ( 'NONE',  ( 8.281295827672769505, 7.546666666666450141, 5.726677419058030516 ) ) ;
#3340 = CARTESIAN_POINT ( 'NONE',  ( 11.15677283386921914, 7.121595153511403709, 5.329170940080010688 ) ) ;
#3341 = B_SPLINE_CURVE_WITH_KNOTS ( 'NONE', 3,
 ( #3925, #933, #517, #1878, #2599, #1203, #3966, #3946, #2557, #1902, #4257, #3617 ),
 .UNSPECIFIED., .F., .F.,
 ( 4, 2, 2, 2, 2, 4 ),
 ( 0.000000000000000000, 0.002408140855530995026, 0.003612211283296494491, 0.004214246497179245307, 0.004515264104120619848, 0.004816281711062000460 ),
 .UNSPECIFIED. ) ;
#3342 = DIRECTION ( 'NONE',  ( -0.7071067811865475727, -9.058225723175622340E-16, 0.7071067811865475727 ) ) ;
#3343 = CARTESIAN_POINT ( 'NONE',  ( -24.22566654420050014, 8.000000000000000000, 5.896915585795940551 ) ) ;
#3344 = ORIENTED_EDGE ( 'NONE', *, *, #1825, .T. ) ;
#3345 = CARTESIAN_POINT ( 'NONE',  ( -4.815532678565149993, 7.121320343559640165, -5.328896101135399910 ) ) ;
#3346 = CARTESIAN_POINT ( 'NONE',  ( -2.380490577806910313, 5.466362897138109744, -3.198866703806725109 ) ) ;
#3347 = CIRCLE ( 'NONE', #100, 5.000000000000000888 ) ;
#3348 = DIRECTION ( 'NONE',  ( 0.000000000000000000, -0.7071067811865475727, 0.7071067811865475727 ) ) ;
#3349 = EDGE_CURVE ( 'NONE', #2656, #2339, #3441, .T. ) ;
#3350 = CIRCLE ( 'NONE', #1011, 8.750000000000000000 ) ;
#3351 = EDGE_LOOP ( 'NONE', ( #3201, #3184, #1264, #639, #2213, #1498 ) ) ;
#3352 = CARTESIAN_POINT ( 'NONE',  ( -61.00000000000000000, -0.2500000000000000000, 7.500000000000000000 ) ) ;
#3353 = DIRECTION ( 'NONE',  ( -1.000000000000000000, 0.000000000000000000, 0.000000000000000000 ) ) ;
#3354 = CARTESIAN_POINT ( 'NONE',  ( 23.39519459532909806, 8.000000000000000000, 6.470510021819300128 ) ) ;
#3355 = AXIS2_PLACEMENT_3D ( 'NONE', #876, #303, #898 ) ;
#3356 = CARTESIAN_POINT ( 'NONE',  ( -5.291668648378717421, 8.000000000000003553, 6.304223047161846338 ) ) ;
#3357 = AXIS2_PLACEMENT_3D ( 'NONE', #53, #95, #2468 ) ;
#3358 = CARTESIAN_POINT ( 'NONE',  ( 19.69960422784690124, 7.182439767407750253, -5.390015524983509998 ) ) ;
#3359 = ORIENTED_EDGE ( 'NONE', *, *, #3741, .T. ) ;
#3360 = EDGE_CURVE ( 'NONE', #3265, #2139, #2713, .T. ) ;
#3361 = CARTESIAN_POINT ( 'NONE',  ( 8.645375628969917514, 7.528816180736590091, 5.711384328526654564 ) ) ;
#3362 = CIRCLE ( 'NONE', #2024, 8.750000000000000000 ) ;
#3363 = DIRECTION ( 'NONE',  ( 0.000000000000000000, 0.000000000000000000, 1.000000000000000000 ) ) ;
#3364 = VECTOR ( 'NONE', #2893, 1000.000000000000000 ) ;
#3365 = CARTESIAN_POINT ( 'NONE',  ( 17.11703055590466249, 5.045567982876105972, -2.893496923997838532 ) ) ;
#3366 = CARTESIAN_POINT ( 'NONE',  ( -1.911890070364605121, 6.051951118010780561, 3.198866703806725109 ) ) ;
#3367 = ORIENTED_EDGE ( 'NONE', *, *, #514, .F. ) ;
#3368 = CARTESIAN_POINT ( 'NONE',  ( 34.39999999999999858, 16.50000000000000000, 9.500000000000000000 ) ) ;
#3369 = CARTESIAN_POINT ( 'NONE',  ( -21.01754786983293499, 7.406951716628974225, 5.254296405865791719 ) ) ;
#3370 = CARTESIAN_POINT ( 'NONE',  ( 22.35391079884727716, 7.806769987136613409, 5.687080751533035716 ) ) ;
#3371 = B_SPLINE_CURVE_WITH_KNOTS ( 'NONE', 3,
 ( #942, #4309, #3336, #1658, #919, #3936, #2588, #4347, #2943, #4266, #1570, #2263, #2281, #3605, #4289, #3650, #4002, #1954, #2966, #1279, #1296, #611, #1975, #370, #2368, #4109, #1771, #4041 ),
 .UNSPECIFIED., .F., .F.,
 ( 4, 2, 2, 1, 1, 1, 2, 2, 2, 2, 2, 1, 1, 1, 2, 2, 4 ),
 ( 0.000000000000000000, 0.1250000000000183464, 0.1875000000000273115, 0.2187500000000320577, 0.2343750000000342226, 0.2421875000000351663, 0.2460937500000354161, 0.2500000000000356937, 0.5000000000000268674, 0.6250000000000223155, 0.6875000000000200950, 0.7187500000000189848, 0.7343750000000184297, 0.7421875000000179856, 0.7460937500000177636, 0.7500000000000175415, 1.000000000000000000 ),
 .UNSPECIFIED. ) ;
#3372 = ORIENTED_EDGE ( 'NONE', *, *, #2482, .T. ) ;
#3373 = CARTESIAN_POINT ( 'NONE',  ( 61.00000000000000000, -0.2499999999999880373, 7.500000000000000000 ) ) ;
#3374 = ORIENTED_EDGE ( 'NONE', *, *, #1633, .F. ) ;
#3375 = DIRECTION ( 'NONE',  ( 0.000000000000000000, 0.000000000000000000, -1.000000000000000000 ) ) ;
#3376 = CARTESIAN_POINT ( 'NONE',  ( -18.28466544649865000, 5.751445432112169520, 3.460412663337809835 ) ) ;
#3377 = CARTESIAN_POINT ( 'NONE',  ( -6.548589794073850001, 7.460651335825200015, 5.651092374051700062 ) ) ;
#3378 = DIRECTION ( 'NONE',  ( 7.382134681296080182E-16, -1.000000000000000000, 0.000000000000000000 ) ) ;
#3379 = ORIENTED_EDGE ( 'NONE', *, *, #466, .F. ) ;
#3380 = CARTESIAN_POINT ( 'NONE',  ( -17.78807915201425160, 5.783166991651959243, 3.990742749227734976 ) ) ;
#3381 = CARTESIAN_POINT ( 'NONE',  ( 2.045716809438679284, 5.198469602594129491, -2.983708309763536182 ) ) ;
#3382 = EDGE_LOOP ( 'NONE', ( #3771, #79 ) ) ;
#3383 = ADVANCED_FACE ( 'NONE', ( #3704 ), #2760, .F. ) ;
#3384 = CARTESIAN_POINT ( 'NONE',  ( 14.15670521948369576, 5.127933720830329278, 2.959635895454256094 ) ) ;
#3385 = DIRECTION ( 'NONE',  ( 1.000000000000000000, 0.000000000000000000, 0.000000000000000000 ) ) ;
#3386 = CARTESIAN_POINT ( 'NONE',  ( -15.76200707051774863, 4.796667790895010164, 2.693583376690960041 ) ) ;
#3387 = CARTESIAN_POINT ( 'NONE',  ( 31.94671434340985172, 5.000000000000000000, 7.450216444695049844 ) ) ;
#3388 = VERTEX_POINT ( 'NONE', #2430 ) ;
#3389 = DIRECTION ( 'NONE',  ( -0.8462062767335204461, -0.5328554562137772788, 0.000000000000000000 ) ) ;
#3390 = DIRECTION ( 'NONE',  ( 0.000000000000000000, 0.000000000000000000, 1.000000000000000000 ) ) ;
#3391 = ADVANCED_FACE ( 'NONE', ( #2054 ), #1723, .T. ) ;
#3392 = CARTESIAN_POINT ( 'NONE',  ( 48.35000000000000142, -0.4999999999999973910, 3.245314017740485962E-16 ) ) ;
#3393 = ORIENTED_EDGE ( 'NONE', *, *, #1434, .F. ) ;
#3394 = CARTESIAN_POINT ( 'NONE',  ( 15.38062509738618111, 4.796667790897318540, 3.004243548472955272 ) ) ;
#3395 = ORIENTED_EDGE ( 'NONE', *, *, #2124, .F. ) ;
#3396 = CARTESIAN_POINT ( 'NONE',  ( 61.00000000000000000, -16.50000000000000000, 9.500000000000000000 ) ) ;
#3397 = DIRECTION ( 'NONE',  ( 0.000000000000000000, 0.7071067811865474617, -0.7071067811865474617 ) ) ;
#3398 = LINE ( 'NONE', #675, #2858 ) ;
#3399 = CARTESIAN_POINT ( 'NONE',  ( 24.26462459031015229, 7.999915425348140374, -5.896823941861930152 ) ) ;
#3400 = ORIENTED_EDGE ( 'NONE', *, *, #2570, .F. ) ;
#3401 = CARTESIAN_POINT ( 'NONE',  ( -23.13959698262840803, 8.004963789437921307, 6.212539547021857622 ) ) ;
#3402 = CARTESIAN_POINT ( 'NONE',  ( 10.51648154556515991, 7.274437812660640823, 5.478636331959520156 ) ) ;
#3403 = EDGE_LOOP ( 'NONE', ( #422, #4306, #3118, #2006 ) ) ;
#3404 = EDGE_CURVE ( 'NONE', #3388, #2387, #3510, .T. ) ;
#3405 = LINE ( 'NONE', #1756, #4065 ) ;
#3406 = CARTESIAN_POINT ( 'NONE',  ( 17.95588376839511113, 5.460958825496176949, -3.227108459598974299 ) ) ;
#3407 = CARTESIAN_POINT ( 'NONE',  ( -22.86718822065769885, 8.000000000000000000, 6.761099098618689851 ) ) ;
#3408 = ADVANCED_FACE ( 'NONE', ( #101 ), #170, .T. ) ;
#3409 = ORIENTED_EDGE ( 'NONE', *, *, #1869, .T. ) ;
#3410 = CARTESIAN_POINT ( 'NONE',  ( 1.911890070364605121, 6.051951118010780561, 3.198866703806725109 ) ) ;
#3411 = DIRECTION ( 'NONE',  ( 1.000000000000000000, 0.000000000000000000, 0.000000000000000000 ) ) ;
#3412 = ADVANCED_FACE ( 'NONE', ( #2516 ), #2623, .F. ) ;
#3413 = DIRECTION ( 'NONE',  ( -0.7071067811865475727, 0.000000000000000000, 0.7071067811865475727 ) ) ;
#3414 = ORIENTED_EDGE ( 'NONE', *, *, #3854, .T. ) ;
#3415 = VECTOR ( 'NONE', #4333, 1000.000000000000114 ) ;
#3416 = CARTESIAN_POINT ( 'NONE',  ( -37.72998819349644606, 4.358276804926659587, 7.750000000000000000 ) ) ;
#3417 = VERTEX_POINT ( 'NONE', #1202 ) ;
#3418 = CARTESIAN_POINT ( 'NONE',  ( -19.03422362316011984, 6.755723374086994859, 4.963299131662757269 ) ) ;
#3419 = CARTESIAN_POINT ( 'NONE',  ( 6.920422612098630744, 7.501477151513500807, -5.687445711929925984 ) ) ;
#3420 = AXIS2_PLACEMENT_3D ( 'NONE', #1359, #2077, #1075 ) ;
#3421 = CLOSED_SHELL ( 'NONE', ( #3733, #4279, #3790, #2334, #673, #2282, #3948, #1465, #4322, #3546, #1319, #1171, #1910, #1711, #4009, #2932, #10, #3439, #4122, #3464, #3934, #1226, #476, #1360, #859, #1179, #1197, #1830, #2256, #1273, #435, #280, #1609, #727, #1769, #2094, #1399, #2844, #3922, #2504, #2011, #2343, #1460, #3412, #2115, #1056, #2554, #2710, #2829, #2149, #3984, #1470, #3408, #1692, #4028, #3391, #1580, #3009, #2770, #4138, #447, #1082, #2292, #3818, #2313, #1982, #3987, #1308, #275, #4150, #844, #2602, #1717, #12, #2878, #2370, #3065, #921, #3875, #3736, #3702, #649, #710, #126, #664, #2610, #1038, #2472, #4303, #1443, #644, #678, #1190, #3893, #768, #3383, #202, #2358, #223, #1374, #4087, #2951, #1794, #2365, #3174, #2473, #1527, #3193 ) ) ;
#3422 = CARTESIAN_POINT ( 'NONE',  ( -8.548579111781677398, 8.000000000000003553, 6.451275074046871616 ) ) ;
#3423 = CARTESIAN_POINT ( 'NONE',  ( -15.76200707051774508, 4.796667790895004835, 3.004243548470783676 ) ) ;
#3424 = ORIENTED_EDGE ( 'NONE', *, *, #3809, .F. ) ;
#3425 = VECTOR ( 'NONE', #4143, 1000.000000000000114 ) ;
#3426 = CARTESIAN_POINT ( 'NONE',  ( -32.37964710633750087, 14.50000000000000000, -9.500000000000000000 ) ) ;
#3427 = CARTESIAN_POINT ( 'NONE',  ( 9.046168278549876263, 7.498997277784501314, -5.685123113174808118 ) ) ;
#3428 = EDGE_LOOP ( 'NONE', ( #833, #3769, #3049, #2879 ) ) ;
#3429 = VECTOR ( 'NONE', #1155, 1000.000000000000000 ) ;
#3430 = CARTESIAN_POINT ( 'NONE',  ( -8.281295827673218923, 7.546666666666570045, -5.726677419058209928 ) ) ;
#3431 = PLANE ( 'NONE',  #1086 ) ;
#3432 = AXIS2_PLACEMENT_3D ( 'NONE', #2031, #668, #2409 ) ;
#3433 = CARTESIAN_POINT ( 'NONE',  ( 33.65634964324375034, 6.923443937134649673, 7.750000000000000000 ) ) ;
#3434 = CARTESIAN_POINT ( 'NONE',  ( -15.51767013816169971, 5.005948957913330055, -3.213524715489109784 ) ) ;
#3435 = VERTEX_POINT ( 'NONE', #3575 ) ;
#3436 = CARTESIAN_POINT ( 'NONE',  ( -21.88074731364455161, 8.005246712944730447, -6.212822470520489304 ) ) ;
#3437 = CARTESIAN_POINT ( 'NONE',  ( -22.49748625522270018, 8.000000000000000000, 6.925270139634710276 ) ) ;
#3438 = FACE_OUTER_BOUND ( 'NONE', #3403, .T. ) ;
#3439 = ADVANCED_FACE ( 'NONE', ( #3945 ), #543, .F. ) ;
#3440 = ORIENTED_EDGE ( 'NONE', *, *, #816, .F. ) ;
#3441 = LINE ( 'NONE', #1356, #1815 ) ;
#3442 = LINE ( 'NONE', #827, #177 ) ;
#3443 = DIRECTION ( 'NONE',  ( -1.734723475976805122E-16, 1.000000000000000000, 0.000000000000000000 ) ) ;
#3444 = CARTESIAN_POINT ( 'NONE',  ( 15.76200707051774863, 5.016337705005099679, 3.223913462580875411 ) ) ;
#3445 = CARTESIAN_POINT ( 'NONE',  ( -5.800132231942341399, 7.999999999999991118, 6.367732437364659326 ) ) ;
#3446 = CARTESIAN_POINT ( 'NONE',  ( -13.91892392368279907, 5.246939929856552887, 3.454515687432994753 ) ) ;
#3447 = ORIENTED_EDGE ( 'NONE', *, *, #3328, .F. ) ;
#3448 = DIRECTION ( 'NONE',  ( 0.000000000000000000, 0.000000000000000000, -1.000000000000000000 ) ) ;
#3449 = EDGE_CURVE ( 'NONE', #1398, #260, #210, .T. ) ;
#3450 = CARTESIAN_POINT ( 'NONE',  ( 4.835489792786177965, 7.126563137640642864, 5.334134956927658600 ) ) ;
#3451 = ORIENTED_EDGE ( 'NONE', *, *, #901, .T. ) ;
#3452 = CARTESIAN_POINT ( 'NONE',  ( -51.00000000000000711, -8.500000000000017764, 0.000000000000000000 ) ) ;
#3453 = CARTESIAN_POINT ( 'NONE',  ( 0.000000000000000000, 4.631151059171249251, 2.528066644967204901 ) ) ;
#3454 = CARTESIAN_POINT ( 'NONE',  ( 20.83658756041151960, 7.335793867016298542, -5.177152343525021294 ) ) ;
#3455 = DIRECTION ( 'NONE',  ( -1.000000000000000000, 0.000000000000000000, 0.000000000000000000 ) ) ;
#3456 = FACE_OUTER_BOUND ( 'NONE', #4034, .T. ) ;
#3457 = DIRECTION ( 'NONE',  ( 0.000000000000000000, -0.7071067811865444641, -0.7071067811865505703 ) ) ;
#3458 = CARTESIAN_POINT ( 'NONE',  ( -20.23741912696675627, 7.299785062542139435, 5.501336562323789536 ) ) ;
#3459 = ORIENTED_EDGE ( 'NONE', *, *, #3676, .F. ) ;
#3460 = CARTESIAN_POINT ( 'NONE',  ( 14.46349352418000045, 5.285519011914079357, 3.493094769489859974 ) ) ;
#3461 = CARTESIAN_POINT ( 'NONE',  ( -4.855358923445944441, 7.131755091844649286, 5.339315674812799450 ) ) ;
#3462 = CARTESIAN_POINT ( 'NONE',  ( -13.06973038996693681, 6.284326686841893661, 4.491902444417664064 ) ) ;
#3463 = CARTESIAN_POINT ( 'NONE',  ( -34.58884669161790271, 8.404304921418308538, 9.500000000000000000 ) ) ;
#3464 = ADVANCED_FACE ( 'NONE', ( #580 ), #1942, .F. ) ;
#3465 = CARTESIAN_POINT ( 'NONE',  ( -17.78807915201425160, 5.783166991651950362, -3.990742749227725206 ) ) ;
#3466 = CARTESIAN_POINT ( 'NONE',  ( 21.72125666806659439, 7.715890333124365341, 5.843574534869111048 ) ) ;
#3467 = EDGE_LOOP ( 'NONE', ( #1571, #4214, #1652, #1060 ) ) ;
#3468 = PLANE ( 'NONE',  #888 ) ;
#3469 = CARTESIAN_POINT ( 'NONE',  ( 10.31833566969613791, 7.314822445407696883, -5.516911469424359282 ) ) ;
#3470 = ORIENTED_EDGE ( 'NONE', *, *, #1796, .T. ) ;
#3471 = CARTESIAN_POINT ( 'NONE',  ( 33.65634964324375034, 6.923443937134649673, -7.750000000000000000 ) ) ;
#3472 = EDGE_CURVE ( 'NONE', #3560, #1675, #3534, .T. ) ;
#3473 = CARTESIAN_POINT ( 'NONE',  ( -37.72998819349644606, 4.358276804926659587, -7.750000000000000000 ) ) ;
#3474 = CARTESIAN_POINT ( 'NONE',  ( 1.504800694735690891, 4.940514602044771664, 2.776591676564405198 ) ) ;
#3475 = CARTESIAN_POINT ( 'NONE',  ( -18.28466544649865000, 5.751445432112169520, 3.460412663337809835 ) ) ;
#3476 = CARTESIAN_POINT ( 'NONE',  ( -17.22122336215819871, 5.363834173299330210, -3.571409930875105054 ) ) ;
#3477 = CARTESIAN_POINT ( 'NONE',  ( -10.84264698221131340, 6.966696317044970499, 4.824604926489913126 ) ) ;
#3478 = LINE ( 'NONE', #450, #171 ) ;
#3479 = CARTESIAN_POINT ( 'NONE',  ( 19.12522090646369932, 6.494096618292003242, 4.265139313664948695 ) ) ;
#3480 = ORIENTED_EDGE ( 'NONE', *, *, #3494, .T. ) ;
#3481 = CARTESIAN_POINT ( 'NONE',  ( -8.916838027985809489, 7.443956781726542182, 5.651532539301372893 ) ) ;
#3482 = CARTESIAN_POINT ( 'NONE',  ( -7.719305454258758026, 7.543788576000657997, 5.724217264026402852 ) ) ;
#3483 = APPROVAL_ROLE ( '' ) ;
#3484 = CARTESIAN_POINT ( 'NONE',  ( -1.081687455149590527, 4.787228576243694356, 2.653446527983543302 ) ) ;
#3485 = AXIS2_PLACEMENT_3D ( 'NONE', #2045, #1305, #3385 ) ;
#3486 = AXIS2_PLACEMENT_3D ( 'NONE', #3513, #828, #1834 ) ;
#3487 = CYLINDRICAL_SURFACE ( 'NONE', #1306, 3.000000000000000000 ) ;
#3488 = CARTESIAN_POINT ( 'NONE',  ( 20.84234823959901917, 7.489594374936688226, 5.669528715215792936 ) ) ;
#3489 = ORIENTED_EDGE ( 'NONE', *, *, #865, .T. ) ;
#3490 = FACE_OUTER_BOUND ( 'NONE', #1581, .T. ) ;
#3491 = AXIS2_PLACEMENT_3D ( 'NONE', #125, #2118, #3106 ) ;
#3492 = CARTESIAN_POINT ( 'NONE',  ( -22.76609844674786487, 7.902001849490252638, -5.944007887281155256 ) ) ;
#3493 = ORIENTED_EDGE ( 'NONE', *, *, #3030, .T. ) ;
#3494 = EDGE_CURVE ( 'NONE', #530, #4324, #3079, .T. ) ;
#3495 = FACE_OUTER_BOUND ( 'NONE', #2069, .T. ) ;
#3496 = EDGE_CURVE ( 'NONE', #1129, #1668, #938, .T. ) ;
#3497 = CIRCLE ( 'NONE', #735, 3.000000000000000000 ) ;
#3498 = VECTOR ( 'NONE', #2826, 1000.000000000000114 ) ;
#3499 = CARTESIAN_POINT ( 'NONE',  ( -11.15782449313974034, 7.121320343559649935, -5.328896101135410568 ) ) ;
#3500 = DIRECTION ( 'NONE',  ( -0.8462062767335200020, -0.5328554562137779449, 0.000000000000000000 ) ) ;
#3501 = CARTESIAN_POINT ( 'NONE',  ( -15.76200707051774863, 5.016337705005099679, 3.223913462580870082 ) ) ;
#3502 = AXIS2_PLACEMENT_3D ( 'NONE', #1485, #2772, #1846 ) ;
#3503 = CARTESIAN_POINT ( 'NONE',  ( -29.92636144974730072, 8.000000000000000000, -7.750000000000000000 ) ) ;
#3504 = AXIS2_PLACEMENT_3D ( 'NONE', #3742, #1012, #3101 ) ;
#3505 = CARTESIAN_POINT ( 'NONE',  ( -23.10588241036590063, 8.000000000000005329, -6.207575757574742781 ) ) ;
#3506 = FACE_OUTER_BOUND ( 'NONE', #1472, .T. ) ;
#3507 = CARTESIAN_POINT ( 'NONE',  ( -20.58033073068787999, 7.410889839817482283, 5.601937469003282821 ) ) ;
#3508 = AXIS2_PLACEMENT_3D ( 'NONE', #590, #3669, #4020 ) ;
#3509 = ORIENTED_EDGE ( 'NONE', *, *, #3603, .F. ) ;
#3510 = LINE ( 'NONE', #3880, #2727 ) ;
#3511 = CARTESIAN_POINT ( 'NONE',  ( -5.519170440594338700, 7.287561637450835406, 5.491161107794976459 ) ) ;
#3512 = VECTOR ( 'NONE', #3725, 1000.000000000000000 ) ;
#3513 = CARTESIAN_POINT ( 'NONE',  ( 0.000000000000000000, 0.000000000000000000, 0.000000000000000000 ) ) ;
#3514 = PLANE ( 'NONE',  #803 ) ;
#3515 = SECURITY_CLASSIFICATION ( '', '', #1204 ) ;
#3516 = DIRECTION ( 'NONE',  ( 0.000000000000000000, 0.000000000000000000, 1.000000000000000000 ) ) ;
#3517 = CARTESIAN_POINT ( 'NONE',  ( 42.75000000000000000, -16.50000000000000000, 9.500000000000000000 ) ) ;
#3518 = ORIENTED_EDGE ( 'NONE', *, *, #3004, .F. ) ;
#3519 = CARTESIAN_POINT ( 'NONE',  ( 9.880994141146910437, 7.287188072916729986, 5.171887917269200052 ) ) ;
#3520 = ORIENTED_EDGE ( 'NONE', *, *, #5, .T. ) ;
#3521 = CARTESIAN_POINT ( 'NONE',  ( -21.53372795053352817, 7.672987185465550475, -5.813702058197450562 ) ) ;
#3522 = CARTESIAN_POINT ( 'NONE',  ( 15.07626006566620269, 4.837443416607691837, -3.045019174183230426 ) ) ;
#3523 = ORIENTED_EDGE ( 'NONE', *, *, #1549, .T. ) ;
#3524 = LINE ( 'NONE', #2918, #3916 ) ;
#3525 = CARTESIAN_POINT ( 'NONE',  ( -13.90071101811525978, 5.647515561390850536, 3.855091318966619607 ) ) ;
#3526 = EDGE_CURVE ( 'NONE', #4267, #1037, #277, .T. ) ;
#3527 = DIRECTION ( 'NONE',  ( -1.000000000000000000, 0.000000000000000000, 0.000000000000000000 ) ) ;
#3528 = DIRECTION ( 'NONE',  ( -0.7071067811865474617, 0.000000000000000000, -0.7071067811865474617 ) ) ;
#3529 = CARTESIAN_POINT ( 'NONE',  ( -19.97847502364925631, 7.209914014644806635, 5.416058432906133646 ) ) ;
#3530 = EDGE_CURVE ( 'NONE', #283, #595, #395, .T. ) ;
#3531 = ORIENTED_EDGE ( 'NONE', *, *, #3205, .F. ) ;
#3532 = CARTESIAN_POINT ( 'NONE',  ( 15.34676038371709872, 4.796667790895010164, 2.693583376693855058 ) ) ;
#3533 = CARTESIAN_POINT ( 'NONE',  ( -5.263545704119848345, 7.231739943449460917, 5.437582754978081745 ) ) ;
#3534 =( BOUNDED_CURVE ( )  B_SPLINE_CURVE ( 3, ( #953, #1249, #3260, #229 ),
 .UNSPECIFIED., .F., .F. ) 
 B_SPLINE_CURVE_WITH_KNOTS ( ( 4, 4 ),
 ( 0.4799171509783149991, 0.7236375831601600250 ),
 .UNSPECIFIED. ) 
 CURVE ( )  GEOMETRIC_REPRESENTATION_ITEM ( )  RATIONAL_B_SPLINE_CURVE ( ( 1.000000000000000000, 0.9950561517660500011, 0.9950561517660500011, 1.000000000000000000 ) ) 
 REPRESENTATION_ITEM ( '' )  );
#3535 =( NAMED_UNIT ( * ) PLANE_ANGLE_UNIT ( ) SI_UNIT ( $, .RADIAN. ) );
#3536 = CARTESIAN_POINT ( 'NONE',  ( 9.424767377630610454, 7.460651335825209785, -5.651092374051690292 ) ) ;
#3537 = CARTESIAN_POINT ( 'NONE',  ( -19.73661185555189945, 7.121320343559680133, -5.328896101135439878 ) ) ;
#3538 = CARTESIAN_POINT ( 'NONE',  ( 20.49014777283534627, 7.382559804917916857, 5.576836218830292680 ) ) ;
#3539 = ORIENTED_EDGE ( 'NONE', *, *, #1142, .T. ) ;
#3540 = CARTESIAN_POINT ( 'NONE',  ( 1.337853315032375923, 5.137337043834289574, 3.344912801410059977 ) ) ;
#3541 = CARTESIAN_POINT ( 'NONE',  ( -1.665758539305004948, 4.987891656820560016, 2.814582715520205003 ) ) ;
#3542 = CARTESIAN_POINT ( 'NONE',  ( 17.57887441403094897, 5.229334962202540460, -3.041079844985035141 ) ) ;
#3543 = ORIENTED_EDGE ( 'NONE', *, *, #541, .T. ) ;
#3544 = CARTESIAN_POINT ( 'NONE',  ( 8.957933058564808704, 7.394001105610276348, -5.287331257548412822 ) ) ;
#3545 = CARTESIAN_POINT ( 'NONE',  ( 23.08806929125699625, 8.224700838706979766, 6.432276596282740400 ) ) ;
#3546 = ADVANCED_FACE ( 'NONE', ( #2619 ), #743, .F. ) ;
#3547 = CARTESIAN_POINT ( 'NONE',  ( -7.986678585852469148, 7.433333333333330017, -5.330248919129270568 ) ) ;
#3548 = CARTESIAN_POINT ( 'NONE',  ( 34.58884669161785297, 8.404304921418299656, -9.500000000000000000 ) ) ;
#3549 = CARTESIAN_POINT ( 'NONE',  ( -20.21660759811294383, 7.292752039274021492, 5.494783534869077890 ) ) ;
#3550 = ORIENTED_EDGE ( 'NONE', *, *, #5, .F. ) ;
#3551 = EDGE_CURVE ( 'NONE', #478, #1621, #2977, .T. ) ;
#3552 = CARTESIAN_POINT ( 'NONE',  ( 20.98011818710970289, 7.532889167485720350, -5.707880120259400059 ) ) ;
#3553 = CARTESIAN_POINT ( 'NONE',  ( -61.00000000000000000, -0.2500000000000000000, 9.500000000000000000 ) ) ;
#3554 = PERSON_AND_ORGANIZATION_ROLE ( 'design_owner' ) ;
#3555 = LINE ( 'NONE', #3463, #2442 ) ;
#3556 = CARTESIAN_POINT ( 'NONE',  ( -23.57123239924385061, 8.000000000000000000, -6.373628942049410107 ) ) ;
#3557 = CARTESIAN_POINT ( 'NONE',  ( 22.18580372872707684, 7.808320884285786079, 5.900131009977379826 ) ) ;
#3558 = ORIENTED_EDGE ( 'NONE', *, *, #2791, .F. ) ;
#3559 = DIRECTION ( 'NONE',  ( 0.3767857064810130607, 0.5983581965608920639, -0.7071067811865480168 ) ) ;
#3560 = VERTEX_POINT ( 'NONE', #1541 ) ;
#3561 =( BOUNDED_CURVE ( )  B_SPLINE_CURVE ( 3, ( #2270, #2616, #227, #2224 ),
 .UNSPECIFIED., .F., .T. ) 
 B_SPLINE_CURVE_WITH_KNOTS ( ( 4, 4 ),
 ( 2.417955070429635089, 2.661675502611479782 ),
 .UNSPECIFIED. ) 
 CURVE ( )  GEOMETRIC_REPRESENTATION_ITEM ( )  RATIONAL_B_SPLINE_CURVE ( ( 1.000000000000000000, 0.9950561517660500011, 0.9950561517660500011, 1.000000000000000000 ) ) 
 REPRESENTATION_ITEM ( '' )  );
#3562 = CARTESIAN_POINT ( 'NONE',  ( -0.4285886166556025501, 4.631151059171249251, 2.528066644970190069 ) ) ;
#3563 = CARTESIAN_POINT ( 'NONE',  ( -11.15782449313974034, 8.000000000000000000, -7.450216444695049844 ) ) ;
#3564 = ORIENTED_EDGE ( 'NONE', *, *, #3216, .T. ) ;
#3565 = AXIS2_PLACEMENT_3D ( 'NONE', #3806, #725, #139 ) ;
#3566 = CARTESIAN_POINT ( 'NONE',  ( -6.246388828010517535, 7.417281207518925612, -5.611875970585725959 ) ) ;
#3567 = CARTESIAN_POINT ( 'NONE',  ( 1.032393420876080325, 4.773272220508368413, -2.642265132498592184 ) ) ;
#3568 = AXIS2_PLACEMENT_3D ( 'NONE', #2032, #805, #1785 ) ;
#3569 = ORIENTED_EDGE ( 'NONE', *, *, #4181, .T. ) ;
#3570 = CARTESIAN_POINT ( 'NONE',  ( 4.102590864824477102, 6.552914061319228267, -4.375889232707047327 ) ) ;
#3571 = CARTESIAN_POINT ( 'NONE',  ( 1.665758539305060015, 4.987891656820580444, -2.814582715520149936 ) ) ;
#3572 = VECTOR ( 'NONE', #2833, 1000.000000000000114 ) ;
#3573 = CARTESIAN_POINT ( 'NONE',  ( 22.86708118372009935, 8.000000000000000000, 6.761153261373379131 ) ) ;
#3574 = ORIENTED_EDGE ( 'NONE', *, *, #989, .F. ) ;
#3575 = CARTESIAN_POINT ( 'NONE',  ( -4.815532678565149993, 7.121320343559640165, 5.328896101135399910 ) ) ;
#3576 = CARTESIAN_POINT ( 'NONE',  ( -10.31666253428979907, 7.315003827050819751, 5.517057805621476518 ) ) ;
#3577 = EDGE_CURVE ( 'NONE', #3866, #1713, #1888, .T. ) ;
#3578 = CARTESIAN_POINT ( 'NONE',  ( -15.44662792391183181, 4.803061183645605858, -2.698845847532633790 ) ) ;
#3579 = AXIS2_PLACEMENT_3D ( 'NONE', #982, #3315, #1321 ) ;
#3580 = DIRECTION ( 'NONE',  ( 0.000000000000000000, 0.000000000000000000, -1.000000000000000000 ) ) ;
#3581 = AXIS2_PLACEMENT_3D ( 'NONE', #613, #1640, #1956 ) ;
#3582 = CARTESIAN_POINT ( 'NONE',  ( 20.71180450690019370, 7.451012316559316062, -5.636774438602979664 ) ) ;
#3583 = ORIENTED_EDGE ( 'NONE', *, *, #2741, .F. ) ;
#3584 = CARTESIAN_POINT ( 'NONE',  ( 12.08207029435407875, 6.813873598030740553, 5.021449355606499410 ) ) ;
#3585 = DIRECTION ( 'NONE',  ( -0.3767857064810148926, 0.5983581965608949504, 0.7071067811865447972 ) ) ;
#3586 = CARTESIAN_POINT ( 'NONE',  ( 14.49541799092894045, 5.268715989279379563, -3.476291746855154852 ) ) ;
#3587 = ORIENTED_EDGE ( 'NONE', *, *, #2900, .F. ) ;
#3588 = EDGE_CURVE ( 'NONE', #4199, #1713, #2706, .T. ) ;
#3589 = LINE ( 'NONE', #4269, #188 ) ;
#3590 = CARTESIAN_POINT ( 'NONE',  ( -34.58884669161785297, 8.404304921418290775, -9.500000000000000000 ) ) ;
#3591 = CARTESIAN_POINT ( 'NONE',  ( 1.244370910350196979, 4.840063069177751309, -2.695857575603420209 ) ) ;
#3592 = CARTESIAN_POINT ( 'NONE',  ( 11.15782449313975988, 7.121320343559640165, 5.328896101135399910 ) ) ;
#3593 = CARTESIAN_POINT ( 'NONE',  ( 2.045805535745535142, 5.198540603326270215, -2.983765333975030298 ) ) ;
#3594 = DIRECTION ( 'NONE',  ( 1.000000000000000000, 0.000000000000000000, 0.000000000000000000 ) ) ;
#3595 = ORIENTED_EDGE ( 'NONE', *, *, #1094, .F. ) ;
#3596 = DIRECTION ( 'NONE',  ( 0.8462062767335200020, 0.5328554562137779449, 0.000000000000000000 ) ) ;
#3597 = CARTESIAN_POINT ( 'NONE',  ( 6.929127942527849804, 8.000000000000000000, 7.346782657462599175 ) ) ;
#3598 = CARTESIAN_POINT ( 'NONE',  ( 5.291668648379277862, 7.999999999999995559, -6.304223047159548621 ) ) ;
#3599 = CARTESIAN_POINT ( 'NONE',  ( -21.11354032602237041, 7.443074039405401798, -5.293435520459749632 ) ) ;
#3600 = DIRECTION ( 'NONE',  ( -1.000000000000000000, 0.000000000000000000, 0.000000000000000000 ) ) ;
#3601 = ORIENTED_EDGE ( 'NONE', *, *, #3844, .F. ) ;
#3602 = DIRECTION ( 'NONE',  ( -1.000000000000000000, 0.000000000000000000, 0.000000000000000000 ) ) ;
#3603 = EDGE_CURVE ( 'NONE', #4267, #2439, #1672, .T. ) ;
#3604 = DIRECTION ( 'NONE',  ( 0.000000000000000000, 0.000000000000000000, 1.000000000000000000 ) ) ;
#3605 = CARTESIAN_POINT ( 'NONE',  ( 8.903422529533234098, 7.443454758889243017, 5.341211502843329129 ) ) ;
#3606 = ORIENTED_EDGE ( 'NONE', *, *, #2954, .T. ) ;
#3607 = CARTESIAN_POINT ( 'NONE',  ( 7.424778059923460738, 8.000000000000003553, 6.451275074047000402 ) ) ;
#3608 = PLANE ( 'NONE',  #1732 ) ;
#3609 = CARTESIAN_POINT ( 'NONE',  ( 1.675996642617386900, 4.995904870346623561, -2.821015201915916037 ) ) ;
#3610 = ORIENTED_EDGE ( 'NONE', *, *, #628, .F. ) ;
#3611 = EDGE_CURVE ( 'NONE', #1524, #3970, #2953, .T. ) ;
#3612 = CARTESIAN_POINT ( 'NONE',  ( 14.63793143881582637, 4.965887055048431087, 2.829500351212897780 ) ) ;
#3613 = CARTESIAN_POINT ( 'NONE',  ( -0.7900710736774538834, 4.693105385671594298, -2.900681143247215488 ) ) ;
#3614 = CARTESIAN_POINT ( 'NONE',  ( 61.00000000000000000, -0.2499999999999880373, -7.500000000000000000 ) ) ;
#3615 = ORIENTED_EDGE ( 'NONE', *, *, #2158, .F. ) ;
#3616 = DIRECTION ( 'NONE',  ( 1.000000000000000000, 0.000000000000000000, 0.000000000000000000 ) ) ;
#3617 = CARTESIAN_POINT ( 'NONE',  ( -24.22566654420050014, 8.000000000000000000, -5.896915585795940551 ) ) ;
#3618 = CARTESIAN_POINT ( 'NONE',  ( 7.692061344031930759, 7.546666666666509649, -5.726677419058110452 ) ) ;
#3619 = CARTESIAN_POINT ( 'NONE',  ( -37.72998819349644606, 4.358276804926659587, -9.500000000000000000 ) ) ;
#3620 = CARTESIAN_POINT ( 'NONE',  ( 20.58027800764414295, 7.410873436914572565, -5.601923035155937036 ) ) ;
#3621 = VERTEX_POINT ( 'NONE', #2070 ) ;
#3622 = CARTESIAN_POINT ( 'NONE',  ( -42.75000000000000000, -16.50000000000000000, 9.500000000000000000 ) ) ;
#3623 = DIRECTION ( 'NONE',  ( -2.775557561562891351E-14, -1.000000000000000000, 0.000000000000000000 ) ) ;
#3624 = DIRECTION ( 'NONE',  ( 0.000000000000000000, 0.000000000000000000, -1.000000000000000000 ) ) ;
#3625 = ORIENTED_EDGE ( 'NONE', *, *, #2291, .F. ) ;
#3626 = CARTESIAN_POINT ( 'NONE',  ( 15.76200707051774863, 5.016337705005099679, 3.223913462580875411 ) ) ;
#3627 = CARTESIAN_POINT ( 'NONE',  ( -11.15782449313975988, 7.121320343559640165, -5.328896101135399910 ) ) ;
#3628 = EDGE_CURVE ( 'NONE', #59, #2614, #8, .T. ) ;
#3629 = CARTESIAN_POINT ( 'NONE',  ( 21.90798021209269919, 8.012791115125100561, 6.220366872700860306 ) ) ;
#3630 = ORIENTED_EDGE ( 'NONE', *, *, #4000, .F. ) ;
#3631 = VECTOR ( 'NONE', #2426, 1000.000000000000000 ) ;
#3632 = LINE ( 'NONE', #4025, #2092 ) ;
#3633 = B_SPLINE_CURVE_WITH_KNOTS ( 'NONE', 3,
 ( #1113, #2469, #1802, #3149, #1487, #2284, #965, #1342, #2329, #306, #288, #945, #2945 ),
 .UNSPECIFIED., .F., .F.,
 ( 4, 2, 2, 1, 2, 2, 4 ),
 ( 0.000000000000000000, 0.2500000000000079936, 0.3750000000000119904, 0.4375000000000124345, 0.4687500000000126565, 0.5000000000000128786, 1.000000000000000000 ),
 .UNSPECIFIED. ) ;
#3634 = DIRECTION ( 'NONE',  ( 1.000000000000000000, 0.000000000000000000, 0.000000000000000000 ) ) ;
#3635 = CARTESIAN_POINT ( 'NONE',  ( 22.49717577797245127, 8.000000000000000000, 6.925391810297049311 ) ) ;
#3636 = AXIS2_PLACEMENT_3D ( 'NONE', #2391, #3732, #2034 ) ;
#3637 = EDGE_LOOP ( 'NONE', ( #1147, #3630, #2963, #2971 ) ) ;
#3638 = AXIS2_PLACEMENT_3D ( 'NONE', #2814, #771, #2131 ) ;
#3639 = DIRECTION ( 'NONE',  ( 0.000000000000000000, 0.000000000000000000, 1.000000000000000000 ) ) ;
#3640 = CARTESIAN_POINT ( 'NONE',  ( 7.457155904481290065, 8.000000000000000000, 7.312391418772339335 ) ) ;
#3641 = CARTESIAN_POINT ( 'NONE',  ( 5.749767344201689667, 7.344568592026920584, -5.545665746337899549 ) ) ;
#3642 = B_SPLINE_CURVE_WITH_KNOTS ( 'NONE', 3,
 ( #1948, #1565, #625, #233, #3931, #3905, #914, #871, #895, #3969, #2235, #936, #1634, #3290, #2277, #2910, #1291, #259, #4261, #3620, #1229, #3582, #585, #2582, #2962, #2935, #547, #1927, #2258, #4285, #1254, #4305, #1907, #300, #214, #1275 ),
 .UNSPECIFIED., .F., .F.,
 ( 4, 2, 2, 1, 1, 1, 2, 2, 1, 2, 2, 2, 1, 2, 2, 2, 1, 1, 1, 2, 2, 4 ),
 ( 0.000000000000000000, 0.03124999999996516675, 0.04687499999994784033, 0.05468749999993918059, 0.05859374999993489930, 0.06054687499993222782, 0.06152343749993149924, 0.06249999999993076372, 0.09374999999992775224, 0.1093749999999271832, 0.1249999999999266143, 0.1874999999999306666, 0.2187499999999315825, 0.2343749999999321099, 0.2499999999999326650, 0.3749999999999313327, 0.4374999999999305555, 0.4687499999999301115, 0.4843749999999300004, 0.4921874999999298894, 0.4999999999999298339, 1.000000000000000000 ),
 .UNSPECIFIED. ) ;
#3643 = CARTESIAN_POINT ( 'NONE',  ( -61.00000000000000000, -0.2500000000000000000, -7.500000000000000000 ) ) ;
#3644 = DIRECTION ( 'NONE',  ( -1.734723475976805122E-16, 1.000000000000000000, 0.000000000000000000 ) ) ;
#3645 = ORIENTED_EDGE ( 'NONE', *, *, #1575, .F. ) ;
#3646 = VECTOR ( 'NONE', #1966, 1000.000000000000114 ) ;
#3647 = CARTESIAN_POINT ( 'NONE',  ( -41.00000000000000000, -1.565167132207979872, -7.750000000000000000 ) ) ;
#3648 = AXIS2_PLACEMENT_3D ( 'NONE', #2122, #1698, #391 ) ;
#3649 = FACE_OUTER_BOUND ( 'NONE', #1198, .T. ) ;
#3650 = CARTESIAN_POINT ( 'NONE',  ( 6.879239828422489822, 7.379372790088790879, 5.271423504889240164 ) ) ;
#3651 = ORIENTED_EDGE ( 'NONE', *, *, #3404, .T. ) ;
#3652 = DIRECTION ( 'NONE',  ( 0.000000000000000000, 0.000000000000000000, -1.000000000000000000 ) ) ;
#3653 = CARTESIAN_POINT ( 'NONE',  ( 6.122772737095687923, 7.398375728557872399, 5.594636761776955680 ) ) ;
#3654 = DIRECTION ( 'NONE',  ( -1.000000000000000000, 0.000000000000000000, 0.000000000000000000 ) ) ;
#3655 = DIRECTION ( 'NONE',  ( 0.000000000000000000, 0.000000000000000000, -1.000000000000000000 ) ) ;
#3656 = CARTESIAN_POINT ( 'NONE',  ( -23.82642364855239947, 7.999999987560635795, 6.048308268619008388 ) ) ;
#3657 = EDGE_CURVE ( 'NONE', #2714, #3297, #640, .T. ) ;
#3658 = ORIENTED_EDGE ( 'NONE', *, *, #466, .T. ) ;
#3659 = EDGE_LOOP ( 'NONE', ( #2130, #3337, #1737, #534 ) ) ;
#3660 = DIRECTION ( 'NONE',  ( 0.6587000062146650681, 0.3636325117829800613, 0.6587000062146660673 ) ) ;
#3661 = CARTESIAN_POINT ( 'NONE',  ( 2.766025168556434988, 6.205118626796429560, -4.412694384372195522 ) ) ;
#3662 = DIRECTION ( 'NONE',  ( 1.000000000000000000, 0.000000000000000000, 0.000000000000000000 ) ) ;
#3663 = EDGE_CURVE ( 'NONE', #1479, #964, #1747, .T. ) ;
#3664 = ORIENTED_EDGE ( 'NONE', *, *, #2427, .T. ) ;
#3665 = DIRECTION ( 'NONE',  ( -1.000000000000000000, 0.000000000000000000, 0.000000000000000000 ) ) ;
#3666 = ORIENTED_EDGE ( 'NONE', *, *, #2396, .F. ) ;
#3667 = CARTESIAN_POINT ( 'NONE',  ( 0.7900710736775139464, 4.693105385671443308, 2.900681143247222149 ) ) ;
#3668 = FACE_OUTER_BOUND ( 'NONE', #2221, .T. ) ;
#3669 = DIRECTION ( 'NONE',  ( -1.000000000000000000, 0.000000000000000000, 0.000000000000000000 ) ) ;
#3670 = ORIENTED_EDGE ( 'NONE', *, *, #3449, .T. ) ;
#3671 = CARTESIAN_POINT ( 'NONE',  ( 9.147100393956389297, 7.492115027270089378, 5.678948387545929677 ) ) ;
#3672 = CARTESIAN_POINT ( 'NONE',  ( 4.895330292563164321, 7.142106284118979964, 5.349621635154916177 ) ) ;
#3673 = VERTEX_POINT ( 'NONE', #3679 ) ;
#3674 = CARTESIAN_POINT ( 'NONE',  ( 14.78858125305968763, 4.922748637615372402, 2.794887953974395156 ) ) ;
#3675 = CARTESIAN_POINT ( 'NONE',  ( 14.17645847419943905, 5.140684117121874230, -2.969984267593093641 ) ) ;
#3676 = EDGE_CURVE ( 'NONE', #595, #3951, #1241, .T. ) ;
#3677 = CARTESIAN_POINT ( 'NONE',  ( -53.65000000000000568, -8.500000000000017764, 3.245314017740486455E-16 ) ) ;
#3678 = ORIENTED_EDGE ( 'NONE', *, *, #1297, .F. ) ;
#3679 = CARTESIAN_POINT ( 'NONE',  ( 36.10963529983394693, 15.42344393713465145, 7.500000000000000000 ) ) ;
#3680 = CARTESIAN_POINT ( 'NONE',  ( 5.890834730822476217, 7.246698668431454493, -5.454274426008208110 ) ) ;
#3681 = CARTESIAN_POINT ( 'NONE',  ( -14.61749134900101055, 4.972608717192818162, -2.834893821291088578 ) ) ;
#3682 = EDGE_CURVE ( 'NONE', #2107, #712, #3157, .T. ) ;
#3683 = ORIENTED_EDGE ( 'NONE', *, *, #3611, .T. ) ;
#3684 = CARTESIAN_POINT ( 'NONE',  ( -41.00000000000000000, -16.50000000000000000, -7.750000000000000000 ) ) ;
#3685 = CARTESIAN_POINT ( 'NONE',  ( 29.92636144974735046, 1.000000000000000000, -9.500000000000000000 ) ) ;
#3686 = CARTESIAN_POINT ( 'NONE',  ( 12.82926809133703649, 6.081986972065505981, -4.289562729640752359 ) ) ;
#3687 = CARTESIAN_POINT ( 'NONE',  ( -6.929115851204819876, 8.000000000000000000, 7.346504454359130243 ) ) ;
#3688 = CARTESIAN_POINT ( 'NONE',  ( -11.42704790555264083, 6.748443535582398844, -4.587948890110961742 ) ) ;
#3689 = ORIENTED_EDGE ( 'NONE', *, *, #1742, .F. ) ;
#3690 = FACE_OUTER_BOUND ( 'NONE', #2119, .T. ) ;
#3691 = CARTESIAN_POINT ( 'NONE',  ( 5.724301615924711761, 7.328092655779731679, 5.529381408223196459 ) ) ;
#3692 = CARTESIAN_POINT ( 'NONE',  ( 41.00000000000000000, -1.565167132207969880, -9.500000000000000000 ) ) ;
#3693 = CARTESIAN_POINT ( 'NONE',  ( 0.000000000000000000, 4.850820973281339654, 3.058396730857119827 ) ) ;
#3694 = CARTESIAN_POINT ( 'NONE',  ( 23.90647483550734975, 8.000000000000000000, 6.149306660704559668 ) ) ;
#3695 =( BOUNDED_CURVE ( )  B_SPLINE_CURVE ( 3, ( #820, #3851, #2184, #3525 ),
 .UNSPECIFIED., .F., .F. ) 
 B_SPLINE_CURVE_WITH_KNOTS ( ( 4, 4 ),
 ( 0.000000000000000000, 0.6538750058920489439 ),
 .UNSPECIFIED. ) 
 CURVE ( )  GEOMETRIC_REPRESENTATION_ITEM ( )  RATIONAL_B_SPLINE_CURVE ( ( 1.000000000000000000, 0.9646868575918320365, 0.9646868575918320365, 1.000000000000000000 ) ) 
 REPRESENTATION_ITEM ( '' )  );
#3696 = ORIENTED_EDGE ( 'NONE', *, *, #1847, .T. ) ;
#3697 = CARTESIAN_POINT ( 'NONE',  ( 33.65634964324375034, 6.923443937134649673, -9.500000000000000000 ) ) ;
#3698 = CARTESIAN_POINT ( 'NONE',  ( -5.439236832848812320, 7.065759809585054896, -4.931870222975695661 ) ) ;
#3699 = AXIS2_PLACEMENT_3D ( 'NONE', #3173, #1089, #3767 ) ;
#3700 = DIRECTION ( 'NONE',  ( 1.734723475976805122E-16, -1.000000000000000000, -0.000000000000000000 ) ) ;
#3701 = VECTOR ( 'NONE', #4155, 1000.000000000000000 ) ;
#3702 = ADVANCED_FACE ( 'NONE', ( #4337 ), #2002, .F. ) ;
#3703 = ORIENTED_EDGE ( 'NONE', *, *, #2392, .F. ) ;
#3704 = FACE_OUTER_BOUND ( 'NONE', #2991, .T. ) ;
#3705 = ORIENTED_EDGE ( 'NONE', *, *, #1352, .F. ) ;
#3706 = CARTESIAN_POINT ( 'NONE',  ( -8.516201267223619809, 8.000000000000000000, 7.312391418772339335 ) ) ;
#3707 = CARTESIAN_POINT ( 'NONE',  ( 41.00000000000000000, -1.565167132207969880, 7.750000000000000000 ) ) ;
#3708 = EDGE_CURVE ( 'NONE', #4015, #2723, #2383, .T. ) ;
#3709 = DIRECTION ( 'NONE',  ( 0.6621630696465242716, 0.5298773769450322302, -0.5298773769450292326 ) ) ;
#3710 = CIRCLE ( 'NONE', #113, 8.750000000000000000 ) ;
#3711 = CARTESIAN_POINT ( 'NONE',  ( -14.93166446868432118, 4.865139891194580457, 2.748576717089029842 ) ) ;
#3712 = ORIENTED_EDGE ( 'NONE', *, *, #2741, .T. ) ;
#3713 = CARTESIAN_POINT ( 'NONE',  ( -21.90798021209050006, 8.012791115125089902, 6.220366872700849648 ) ) ;
#3714 = CARTESIAN_POINT ( 'NONE',  ( 10.99846367227501354, 7.162370734087566859, 5.369710034524614706 ) ) ;
#3715 = ORIENTED_EDGE ( 'NONE', *, *, #3628, .T. ) ;
#3716 = VECTOR ( 'NONE', #4242, 1000.000000000000114 ) ;
#3717 = LOCAL_TIME ( 14, 29, 25.00000000000000000, #1612 ) ;
#3718 = EDGE_CURVE ( 'NONE', #2439, #2073, #316, .T. ) ;
#3719 = CARTESIAN_POINT ( 'NONE',  ( 1.911890070364605121, 5.521621032120870076, 3.729196789696640479 ) ) ;
#3720 = AXIS2_PLACEMENT_3D ( 'NONE', #3410, #2336, #1739 ) ;
#3721 = DIRECTION ( 'NONE',  ( -1.000000000000000000, 4.625929269271490844E-15, 1.916122641910914945E-15 ) ) ;
#3722 = CARTESIAN_POINT ( 'NONE',  ( -21.33751795677619967, 8.000000000000000000, 7.287257722218750011 ) ) ;
#3723 = PLANE ( 'NONE',  #1525 ) ;
#3724 = ORIENTED_EDGE ( 'NONE', *, *, #2305, .F. ) ;
#3725 = DIRECTION ( 'NONE',  ( 0.000000000000000000, 0.000000000000000000, -1.000000000000000000 ) ) ;
#3726 = CARTESIAN_POINT ( 'NONE',  ( -20.62450986050738422, 7.247480718279582845, 5.081360062479499895 ) ) ;
#3727 = DIRECTION ( 'NONE',  ( 0.000000000000000000, 0.000000000000000000, 1.000000000000000000 ) ) ;
#3728 = ORIENTED_EDGE ( 'NONE', *, *, #3526, .F. ) ;
#3729 = DIRECTION ( 'NONE',  ( 0.6587000062146690649, -0.3636325117829710685, 0.6587000062146670665 ) ) ;
#3730 = ORIENTED_EDGE ( 'NONE', *, *, #567, .F. ) ;
#3731 = DIRECTION ( 'NONE',  ( 1.000000000000000000, 0.000000000000000000, 0.000000000000000000 ) ) ;
#3732 = DIRECTION ( 'NONE',  ( -1.734723475976804876E-16, 1.000000000000000000, 0.000000000000000000 ) ) ;
#3733 = ADVANCED_FACE ( 'NONE', ( #2665 ), #708, .F. ) ;
#3734 = CARTESIAN_POINT ( 'NONE',  ( -4.815532678565159763, 7.121320343559640165, 5.328896101135410568 ) ) ;
#3735 = CARTESIAN_POINT ( 'NONE',  ( 23.13959698262688747, 8.004963789442030020, -6.212539547019825470 ) ) ;
#3736 = ADVANCED_FACE ( 'NONE', ( #29, #1351 ), #1377, .F. ) ;
#3737 = ORIENTED_EDGE ( 'NONE', *, *, #4254, .F. ) ;
#3738 = DIRECTION ( 'NONE',  ( -0.8462062767335206681, 0.5328554562137768347, 0.000000000000000000 ) ) ;
#3739 = CARTESIAN_POINT ( 'NONE',  ( 10.90250064172778366, 7.186236759166665600, 5.393235542472622157 ) ) ;
#3740 = VERTEX_POINT ( 'NONE', #4356 ) ;
#3741 = EDGE_CURVE ( 'NONE', #1010, #2656, #2269, .T. ) ;
#3742 = CARTESIAN_POINT ( 'NONE',  ( 29.92636144974735046, 1.000000000000000000, 9.500000000000000000 ) ) ;
#3743 = LINE ( 'NONE', #333, #3415 ) ;
#3744 = CARTESIAN_POINT ( 'NONE',  ( -17.78807915201425160, 5.783166991651950362, -3.990742749227725206 ) ) ;
#3745 = FACE_OUTER_BOUND ( 'NONE', #2597, .T. ) ;
#3746 = VERTEX_POINT ( 'NONE', #4120 ) ;
#3747 = CARTESIAN_POINT ( 'NONE',  ( -2.783197804950893861, 6.218860546189443284, -4.426436303765214575 ) ) ;
#3748 = CARTESIAN_POINT ( 'NONE',  ( 3.003209979516395123, 5.994956931813185896, -4.202532689387308729 ) ) ;
#3749 = FACE_OUTER_BOUND ( 'NONE', #2418, .T. ) ;
#3750 = ORIENTED_EDGE ( 'NONE', *, *, #1549, .F. ) ;
#3751 = LINE ( 'NONE', #389, #1027 ) ;
#3752 = ORIENTED_EDGE ( 'NONE', *, *, #3628, .F. ) ;
#3753 = CARTESIAN_POINT ( 'NONE',  ( 34.58884669161790271, 8.404304921418308538, 9.500000000000000000 ) ) ;
#3754 = PLANE ( 'NONE',  #3636 ) ;
#3755 = CARTESIAN_POINT ( 'NONE',  ( -7.705769409416353355, 8.000000000000001776, 6.454733606426827031 ) ) ;
#3756 = CARTESIAN_POINT ( 'NONE',  ( -15.34676038371709872, 4.796667790895010164, 2.693583376693850173 ) ) ;
#3757 = ORIENTED_EDGE ( 'NONE', *, *, #4180, .F. ) ;
#3758 = CARTESIAN_POINT ( 'NONE',  ( 7.986678585852459378, 7.433333333333330017, -5.330248919129279450 ) ) ;
#3759 = CARTESIAN_POINT ( 'NONE',  ( 9.477138368977826133, 7.451147402922093654, -5.642456968825518615 ) ) ;
#3760 = ORIENTED_EDGE ( 'NONE', *, *, #3472, .F. ) ;
#3761 = CARTESIAN_POINT ( 'NONE',  ( -7.721917654318019686, 8.000000000000000000, -7.312391418772339335 ) ) ;
#3762 = DIRECTION ( 'NONE',  ( -0.8462062767335206681, 0.5328554562137767237, 0.000000000000000000 ) ) ;
#3763 = CARTESIAN_POINT ( 'NONE',  ( 18.70493047370682760, 6.122759801992094353, -3.862763827184786614 ) ) ;
#3764 = CARTESIAN_POINT ( 'NONE',  ( -17.95682028449860113, 5.461786260244091196, -3.227773013491864962 ) ) ;
#3765 = VERTEX_POINT ( 'NONE', #3789 ) ;
#3766 = CARTESIAN_POINT ( 'NONE',  ( -34.39999999999999858, 16.50000000000000000, -7.500000000000000000 ) ) ;
#3767 = DIRECTION ( 'NONE',  ( -1.000000000000000000, 0.000000000000000000, 0.000000000000000000 ) ) ;
#3768 = CARTESIAN_POINT ( 'NONE',  ( 32.37964710633750087, 16.50000000000000000, 9.500000000000000000 ) ) ;
#3769 = ORIENTED_EDGE ( 'NONE', *, *, #1381, .F. ) ;
#3770 = DIRECTION ( 'NONE',  ( 1.000000000000000000, 1.734723475976804876E-16, 0.000000000000000000 ) ) ;
#3771 = ORIENTED_EDGE ( 'NONE', *, *, #4235, .F. ) ;
#3772 = CARTESIAN_POINT ( 'NONE',  ( 55.40000000000001279, 3.276315789473689843, -8.800000000000009592 ) ) ;
#3773 = CARTESIAN_POINT ( 'NONE',  ( 5.589992794857404412, 7.303759576692861799, -5.506766354848269707 ) ) ;
#3774 = AXIS2_PLACEMENT_3D ( 'NONE', #2946, #4248, #1845 ) ;
#3775 = DIRECTION ( 'NONE',  ( -1.000000000000000000, 0.000000000000000000, 0.000000000000000000 ) ) ;
#3776 = DIRECTION ( 'NONE',  ( 0.000000000000000000, 0.000000000000000000, -1.000000000000000000 ) ) ;
#3777 = ORIENTED_EDGE ( 'NONE', *, *, #3203, .T. ) ;
#3778 = VECTOR ( 'NONE', #436, 1000.000000000000000 ) ;
#3779 = FACE_OUTER_BOUND ( 'NONE', #1635, .T. ) ;
#3780 = CARTESIAN_POINT ( 'NONE',  ( 4.819592022761701067, 7.122391642279767510, 5.329967861991105060 ) ) ;
#3781 = ORIENTED_EDGE ( 'NONE', *, *, #2440, .T. ) ;
#3782 = CIRCLE ( 'NONE', #1953, 0.7500000000000000000 ) ;
#3783 = CARTESIAN_POINT ( 'NONE',  ( -6.872436824818182188, 8.000000000000000000, -6.435689278559085125 ) ) ;
#3784 = CARTESIAN_POINT ( 'NONE',  ( 1.310311526104620095, 4.863461516661464756, 2.714649855705094428 ) ) ;
#3785 = CARTESIAN_POINT ( 'NONE',  ( 20.44402383670257706, 7.165252174385456918, -4.992137839478173689 ) ) ;
#3786 = CIRCLE ( 'NONE', #3081, 4.400000000000001243 ) ;
#3787 = CARTESIAN_POINT ( 'NONE',  ( -15.01813932152899866, 4.844481624387550589, -2.731985038236135033 ) ) ;
#3788 = APPROVAL_PERSON_ORGANIZATION ( #3286, #1806, #1289 ) ;
#3789 = CARTESIAN_POINT ( 'NONE',  ( 42.75000000000000000, -1.565167132207969880, -9.500000000000000000 ) ) ;
#3790 = ADVANCED_FACE ( 'NONE', ( #3456 ), #4167, .F. ) ;
#3791 = LINE ( 'NONE', #3105, #3631 ) ;
#3792 = CARTESIAN_POINT ( 'NONE',  ( -19.85088014246696275, 7.163699764326533881, 5.370981188652488747 ) ) ;
#3793 = ORIENTED_EDGE ( 'NONE', *, *, #723, .F. ) ;
#3794 = CARTESIAN_POINT ( 'NONE',  ( 13.60850995846102762, 5.456867651521893237, 3.664443409097663196 ) ) ;
#3795 = CARTESIAN_POINT ( 'NONE',  ( -14.48885446728003146, 5.015299704359043709, 2.869177977315573447 ) ) ;
#3796 = CARTESIAN_POINT ( 'NONE',  ( 32.37964710633750087, 16.50000000000000000, 7.500000000000000000 ) ) ;
#3797 = CARTESIAN_POINT ( 'NONE',  ( -2.380490577806910313, 5.466362897138109744, 3.198866703806725109 ) ) ;
#3798 = EDGE_CURVE ( 'NONE', #2803, #2322, #3589, .T. ) ;
#3799 = CARTESIAN_POINT ( 'NONE',  ( -31.94671434340985172, 5.000000000000000000, -7.450216444695049844 ) ) ;
#3800 = EDGE_LOOP ( 'NONE', ( #2346, #1783, #3606, #3470, #2664, #1531, #1255, #3238, #3493, #2869, #1341, #2683, #2575, #503, #1491, #505, #2675, #2911 ) ) ;
#3801 = CARTESIAN_POINT ( 'NONE',  ( -2.783197804950899190, 6.218860546189453942, 4.426436303765219904 ) ) ;
#3802 = CARTESIAN_POINT ( 'NONE',  ( -24.22566654420050014, 8.000000000000000000, -5.896915585795940551 ) ) ;
#3803 = VERTEX_POINT ( 'NONE', #474 ) ;
#3804 = CARTESIAN_POINT ( 'NONE',  ( 0.000000000000000000, 4.631151059171254580, 2.838726816747032977 ) ) ;
#3805 = CARTESIAN_POINT ( 'NONE',  ( 3.760617964456894224, 6.757349116281455181, 4.964924873857212262 ) ) ;
#3806 = CARTESIAN_POINT ( 'NONE',  ( -7.986678585852459378, -1.539429050095879825, 8.757575757575759567 ) ) ;
#3807 = LINE ( 'NONE', #2487, #3425 ) ;
#3808 = CARTESIAN_POINT ( 'NONE',  ( 46.60000000000000142, -8.500000000000000000, 0.000000000000000000 ) ) ;
#3809 = EDGE_CURVE ( 'NONE', #4099, #2696, #798, .T. ) ;
#3810 = CARTESIAN_POINT ( 'NONE',  ( -11.79017338320528374, 6.641199509571823256, 4.471907694466657368 ) ) ;
#3811 = CARTESIAN_POINT ( 'NONE',  ( -23.39522580151999875, 8.000000000000000000, 6.470490873048889924 ) ) ;
#3812 = PLANE ( 'NONE',  #1946 ) ;
#3813 =( BOUNDED_SURFACE ( )  B_SPLINE_SURFACE ( 3, 2, ( 
 ( #1193, #1551, #1210 ),
 ( #2895, #1151, #3827 ),
 ( #3542, #1865, #3206 ),
 ( #4245, #855, #3910 ),
 ( #1504, #1530, #878 ),
 ( #2851, #1462, #1131 ),
 ( #817, #3522, #1822 ),
 ( #2242, #2217, #3586 ),
 ( #3166, #2181, #487 ),
 ( #1913, #2815, #3186 ) ),
 .UNSPECIFIED., .F., .F., .F. ) 
 B_SPLINE_SURFACE_WITH_KNOTS ( ( 4, 2, 2, 2, 4 ),
 ( 3, 3 ),
 ( 2.417955070429630204, 2.762333217692685139, 3.106711364955734744, 3.451089512218790123, 3.795467659481840172 ),
 ( 0.000000000000000000, 1.000000000000000000 ),
 .UNSPECIFIED. ) 
 GEOMETRIC_REPRESENTATION_ITEM ( )  RATIONAL_B_SPLINE_SURFACE ( (
 ( 1.000000000000000000, 0.8746163082023989954, 1.000000000000000000),
 ( 1.000000000000000000, 0.8899843377339440309, 1.000000000000000000),
 ( 1.000000000000000000, 0.9019266441113500399, 1.000000000000000000),
 ( 1.000000000000000000, 0.9184354718486330560, 1.000000000000000000),
 ( 1.000000000000000000, 0.9229970378950660415, 1.000000000000000000),
 ( 1.000000000000000000, 0.9245292297780639545, 1.000000000000000000),
 ( 1.000000000000000000, 0.9214999211041039473, 1.000000000000000000),
 ( 1.000000000000000000, 0.9079863303415439679, 1.000000000000000000),
 ( 1.000000000000000000, 0.8975070644438599698, 1.000000000000000000),
 ( 1.000000000000000000, 0.8835309257402880201, 1.000000000000000000) ) ) 
 REPRESENTATION_ITEM ( '' )  SURFACE ( )  );
#3814 =( BOUNDED_CURVE ( )  B_SPLINE_CURVE ( 3, ( #1370, #1013, #4316, #3011 ),
 .UNSPECIFIED., .F., .F. ) 
 B_SPLINE_CURVE_WITH_KNOTS ( ( 4, 4 ),
 ( 2.417955070429630204, 3.795467659481840172 ),
 .UNSPECIFIED. ) 
 CURVE ( )  GEOMETRIC_REPRESENTATION_ITEM ( )  RATIONAL_B_SPLINE_CURVE ( ( 1.000000000000000000, 0.8480247220586779600, 0.8480247220586779600, 1.000000000000000000 ) ) 
 REPRESENTATION_ITEM ( '' )  );
#3815 = ORIENTED_EDGE ( 'NONE', *, *, #2210, .F. ) ;
#3816 = CARTESIAN_POINT ( 'NONE',  ( -3.898568224909115365, 6.516097447717236868, 4.723673205293999366 ) ) ;
#3817 = DIRECTION ( 'NONE',  ( -1.734723475976805122E-16, 1.000000000000000000, 0.000000000000000000 ) ) ;
#3818 = ADVANCED_FACE ( 'NONE', ( #1237 ), #1070, .T. ) ;
#3819 = CARTESIAN_POINT ( 'NONE',  ( 29.92636144974735046, 8.000000000000000000, -7.750000000000000000 ) ) ;
#3820 = CARTESIAN_POINT ( 'NONE',  ( -1.158922941914447557, 4.811588117441861989, 2.672995004367809901 ) ) ;
#3821 = EDGE_CURVE ( 'NONE', #530, #1922, #3633, .T. ) ;
#3822 = CARTESIAN_POINT ( 'NONE',  ( -22.45721722536169906, 7.862812241616209619, -5.932575364940970708 ) ) ;
#3823 = ORIENTED_EDGE ( 'NONE', *, *, #917, .F. ) ;
#3824 = CARTESIAN_POINT ( 'NONE',  ( 2.045805535745579995, 5.198540603326309295, 2.983765333974925049 ) ) ;
#3825 = CARTESIAN_POINT ( 'NONE',  ( 17.78807915201425160, 5.783166991651959243, -3.990742749227725206 ) ) ;
#3826 = CARTESIAN_POINT ( 'NONE',  ( -19.99962936367944621, 7.217448026860538768, -5.423329684171049436 ) ) ;
#3827 = CARTESIAN_POINT ( 'NONE',  ( 17.52475464181870279, 5.550513384413510387, -3.758089141989275017 ) ) ;
#3828 = FACE_OUTER_BOUND ( 'NONE', #2852, .T. ) ;
#3829 = LINE ( 'NONE', #3433, #4203 ) ;
#3830 = CARTESIAN_POINT ( 'NONE',  ( -19.73661185555179642, 8.000000000000000000, 7.450216444695049844 ) ) ;
#3831 = CARTESIAN_POINT ( 'NONE',  ( -4.022394787186177822, 6.513608184676551893, 4.333352297404911901 ) ) ;
#3832 = DIRECTION ( 'NONE',  ( 0.000000000000000000, 0.000000000000000000, 1.000000000000000000 ) ) ;
#3833 = CARTESIAN_POINT ( 'NONE',  ( -19.82379770448346079, 7.153675955635977246, 5.361077222981950996 ) ) ;
#3834 = EDGE_LOOP ( 'NONE', ( #3890, #3269, #4017, #2201 ) ) ;
#3835 = CARTESIAN_POINT ( 'NONE',  ( -9.880994141145130527, 7.287188072917319737, 5.171887917269200052 ) ) ;
#3836 = CARTESIAN_POINT ( 'NONE',  ( -59.00000000000000000, -16.50000000000000000, 9.500000000000000000 ) ) ;
#3837 = CARTESIAN_POINT ( 'NONE',  ( -12.14750145797167136, 6.779857726078447833, 4.987433483654212907 ) ) ;
#3838 = CARTESIAN_POINT ( 'NONE',  ( 0.000000000000000000, 4.631151059171249251, 2.528066644967204901 ) ) ;
#3839 = VECTOR ( 'NONE', #163, 1000.000000000000000 ) ;
#3840 = LINE ( 'NONE', #459, #2163 ) ;
#3841 = CARTESIAN_POINT ( 'NONE',  ( 7.986678585852459378, 7.546666666666720147, -5.726677419057860874 ) ) ;
#3842 = EDGE_LOOP ( 'NONE', ( #1958, #234, #2705, #496 ) ) ;
#3843 = CARTESIAN_POINT ( 'NONE',  ( 5.828001897625384231, 7.229603162244793602, 5.437178919820071954 ) ) ;
#3844 = EDGE_CURVE ( 'NONE', #36, #1334, #814, .T. ) ;
#3845 = AXIS2_PLACEMENT_3D ( 'NONE', #857, #2529, #1213 ) ;
#3846 = CARTESIAN_POINT ( 'NONE',  ( -20.88789593649105569, 7.502744478511448989, -5.680509162079089513 ) ) ;
#3847 = VECTOR ( 'NONE', #3295, 1000.000000000000000 ) ;
#3848 = CARTESIAN_POINT ( 'NONE',  ( -9.044241320500209014, 8.000000000000000000, -7.346504454359119585 ) ) ;
#3849 = ORIENTED_EDGE ( 'NONE', *, *, #4170, .F. ) ;
#3850 = CARTESIAN_POINT ( 'NONE',  ( 1.359115573567978963, 4.881715202787337837, 2.729319697046288073 ) ) ;
#3851 = CARTESIAN_POINT ( 'NONE',  ( -15.08289105664357876, 5.016337705005097902, 3.223913462580873635 ) ) ;
#3852 = CIRCLE ( 'NONE', #3002, 0.7499999999999997780 ) ;
#3853 = ORIENTED_EDGE ( 'NONE', *, *, #3360, .F. ) ;
#3854 = EDGE_CURVE ( 'NONE', #1621, #3923, #922, .T. ) ;
#3855 = CARTESIAN_POINT ( 'NONE',  ( 2.786794950639798873, 5.791496546516833099, -3.551177071637758864 ) ) ;
#3856 = AXIS2_PLACEMENT_3D ( 'NONE', #2905, #1629, #3596 ) ;
#3857 = CARTESIAN_POINT ( 'NONE',  ( -37.72998819349644606, 4.358276804926659587, 7.750000000000000000 ) ) ;
#3858 = CARTESIAN_POINT ( 'NONE',  ( 35.04392438740640614, 13.73103138366762010, -9.500000000000000000 ) ) ;
#3859 = AXIS2_PLACEMENT_3D ( 'NONE', #414, #1676, #3731 ) ;
#3860 = ORIENTED_EDGE ( 'NONE', *, *, #141, .F. ) ;
#3861 = CARTESIAN_POINT ( 'NONE',  ( -5.849999047435205490, 7.352473916838219381, 5.552362414317051353 ) ) ;
#3862 = APPLICATION_PROTOCOL_DEFINITION ( 'international standard', 'config_control_design', 1994, #821 ) ;
#3863 = CARTESIAN_POINT ( 'NONE',  ( 9.308218672459160459, 8.000000000000000000, -7.364542852136939821 ) ) ;
#3864 = DIRECTION ( 'NONE',  ( 1.000000000000000000, 0.000000000000000000, 0.000000000000000000 ) ) ;
#3865 = CARTESIAN_POINT ( 'NONE',  ( 22.10411671045211079, 7.793214684166240858, 5.891620072372659500 ) ) ;
#3866 = VERTEX_POINT ( 'NONE', #1261 ) ;
#3867 = DIRECTION ( 'NONE',  ( 1.734723475976804876E-16, -1.000000000000000000, 0.000000000000000000 ) ) ;
#3868 = EDGE_LOOP ( 'NONE', ( #3730, #366, #329, #2063 ) ) ;
#3869 = EDGE_CURVE ( 'NONE', #438, #2374, #3317, .T. ) ;
#3870 = CARTESIAN_POINT ( 'NONE',  ( -19.73713541700779572, 7.121242094781675469, -5.328817852357436102 ) ) ;
#3871 = CARTESIAN_POINT ( 'NONE',  ( -10.68168852332512309, 8.000000000000001776, -6.304223047161043425 ) ) ;
#3872 = ORIENTED_EDGE ( 'NONE', *, *, #570, .F. ) ;
#3873 = CARTESIAN_POINT ( 'NONE',  ( -5.919920681210871116, 7.364020495717523040, -5.562909549532166764 ) ) ;
#3874 = CARTESIAN_POINT ( 'NONE',  ( -1.320542879918955803, 4.867297966416790800, -2.717728752970238748 ) ) ;
#3875 = ADVANCED_FACE ( 'NONE', ( #241, #3690 ), #2017, .F. ) ;
#3876 = CARTESIAN_POINT ( 'NONE',  ( -9.942181686061960733, 7.272077724806019994, -5.155514551082260866 ) ) ;
#3877 = CARTESIAN_POINT ( 'NONE',  ( -2.380490577806910313, 5.466362897138109744, -3.198866703806725109 ) ) ;
#3878 = CARTESIAN_POINT ( 'NONE',  ( 59.00000000000000000, 7.558056744563570145E-14, 9.500000000000000000 ) ) ;
#3879 = ORIENTED_EDGE ( 'NONE', *, *, #4114, .F. ) ;
#3880 = CARTESIAN_POINT ( 'NONE',  ( 13.44451100527151866, 5.582546102277270883, 8.757575757575759567 ) ) ;
#3881 = CARTESIAN_POINT ( 'NONE',  ( -4.974900974585853675, 7.162372037064492325, 5.369712397895993305 ) ) ;
#3882 = PERSON_AND_ORGANIZATION ( #635, #2222 ) ;
#3883 = CARTESIAN_POINT ( 'NONE',  ( 11.15782449313975988, 7.121320343559640165, -5.328896101135410568 ) ) ;
#3884 = CC_DESIGN_PERSON_AND_ORGANIZATION_ASSIGNMENT ( #3132, #4174, ( #3515 ) ) ;
#3885 = CARTESIAN_POINT ( 'NONE',  ( -22.86708118372014908, 8.000000000000000000, -6.761153261373359591 ) ) ;
#3886 = LINE ( 'NONE', #196, #2452 ) ;
#3887 = ORIENTED_EDGE ( 'NONE', *, *, #3496, .T. ) ;
#3888 = CARTESIAN_POINT ( 'NONE',  ( -1.643072086961995026, 5.306506999869809782, 3.514082757445585070 ) ) ;
#3889 = CARTESIAN_POINT ( 'NONE',  ( -10.62826957466512035, 8.000000000000000000, -7.450216439759019593 ) ) ;
#3890 = ORIENTED_EDGE ( 'NONE', *, *, #1042, .T. ) ;
#3891 = CARTESIAN_POINT ( 'NONE',  ( -6.389815951774869163, 7.437024133493952860, -5.629735070415614828 ) ) ;
#3892 = CARTESIAN_POINT ( 'NONE',  ( 0.000000000000000000, 14.50000000000000000, 9.500000000000000000 ) ) ;
#3893 = ADVANCED_FACE ( 'NONE', ( #3976 ), #2347, .T. ) ;
#3894 = ORIENTED_EDGE ( 'NONE', *, *, #2791, .T. ) ;
#3895 = PLANE ( 'NONE',  #392 ) ;
#3896 = CARTESIAN_POINT ( 'NONE',  ( 2.213804348269561295, 5.332976929045294412, -3.540552686621071921 ) ) ;
#3897 = CARTESIAN_POINT ( 'NONE',  ( 21.33741587125510009, 8.000000000000000000, 7.287277977312669464 ) ) ;
#3898 = EDGE_LOOP ( 'NONE', ( #1035, #3028 ) ) ;
#3899 = CARTESIAN_POINT ( 'NONE',  ( 23.74599415709820249, 8.000000000000000000, -5.947410317342899155 ) ) ;
#3900 = CARTESIAN_POINT ( 'NONE',  ( 10.10018700277490034, 8.000000000000000000, 7.417823425373460289 ) ) ;
#3901 = CARTESIAN_POINT ( 'NONE',  ( -4.063724356511410285, 6.593189335005829932, -4.419880393301794719 ) ) ;
#3902 = B_SPLINE_CURVE_WITH_KNOTS ( 'NONE', 3,
 ( #1688, #3904, #2559, #2581, #3929, #1253, #894, #2257, #1970, #3599, #2909, #4050, #2276, #4260 ),
 .UNSPECIFIED., .F., .F.,
 ( 4, 2, 2, 1, 1, 2, 2, 4 ),
 ( 0.000000000000000000, 0.2500000000000001665, 0.3750000000000002220, 0.4375000000000010547, 0.4687500000000021094, 0.4843750000000019429, 0.5000000000000017764, 1.000000000000000000 ),
 .UNSPECIFIED. ) ;
#3903 = EDGE_CURVE ( 'NONE', #1355, #1984, #4145, .T. ) ;
#3904 = CARTESIAN_POINT ( 'NONE',  ( -23.69056969042609140, 8.000000000000012434, -5.896915585795941439 ) ) ;
#3905 = CARTESIAN_POINT ( 'NONE',  ( 19.89962561191859436, 7.181502161179277088, -5.388432530172972079 ) ) ;
#3906 = ORIENTED_EDGE ( 'NONE', *, *, #2686, .F. ) ;
#3907 = CARTESIAN_POINT ( 'NONE',  ( 2.213804348269561295, 5.332976929045305070, 3.540552686621071921 ) ) ;
#3908 = ORIENTED_EDGE ( 'NONE', *, *, #840, .F. ) ;
#3909 = DIRECTION ( 'NONE',  ( 0.000000000000000000, -1.000000000000000000, 0.000000000000000000 ) ) ;
#3910 = CARTESIAN_POINT ( 'NONE',  ( 16.56861448714694873, 5.103734120478049974, -3.311309878053825262 ) ) ;
#3911 = VERTEX_POINT ( 'NONE', #902 ) ;
#3912 = B_SPLINE_CURVE_WITH_KNOTS ( 'NONE', 3,
 ( #3838, #500, #4218, #2518, #519, #2209, #3484, #3820, #3179, #3133, #1835, #2169, #1186 ),
 .UNSPECIFIED., .F., .F.,
 ( 4, 2, 2, 1, 2, 2, 4 ),
 ( 0.000000000000000000, 0.2499999999999984457, 0.3749999999999977796, 0.4374999999999976130, 0.4687499999999975575, 0.4999999999999975575, 1.000000000000000000 ),
 .UNSPECIFIED. ) ;
#3913 = CARTESIAN_POINT ( 'NONE',  ( -8.398571928125443620, 7.438153326071703653, 5.335474227413241621 ) ) ;
#3914 = CARTESIAN_POINT ( 'NONE',  ( -5.655000362255067969, 7.314812240605133908, -5.516912228158499687 ) ) ;
#3915 = CARTESIAN_POINT ( 'NONE',  ( 18.11266500812582336, 5.599478862783902500, 3.807054620359676456 ) ) ;
#3916 = VECTOR ( 'NONE', #1599, 1000.000000000000000 ) ;
#3917 = CARTESIAN_POINT ( 'NONE',  ( 5.977522164306295238, 7.264658736921257187, -5.147480198313289179 ) ) ;
#3918 = CARTESIAN_POINT ( 'NONE',  ( 13.79988700596024387, 5.333881689779274460, -3.125176911223243703 ) ) ;
#3919 = AXIS2_PLACEMENT_3D ( 'NONE', #3072, #2746, #3164 ) ;
#3920 = CARTESIAN_POINT ( 'NONE',  ( 18.11266500812584468, 5.599478862783909605, 3.807054620359675567 ) ) ;
#3921 = AXIS2_PLACEMENT_3D ( 'NONE', #358, #4166, #380 ) ;
#3922 = ADVANCED_FACE ( 'NONE', ( #2986 ), #1843, .F. ) ;
#3923 = VERTEX_POINT ( 'NONE', #68 ) ;
#3924 = CARTESIAN_POINT ( 'NONE',  ( 22.86700317500590174, 8.000000000000000000, -6.761192726243829831 ) ) ;
#3925 = CARTESIAN_POINT ( 'NONE',  ( -19.73661185555194919, 8.000000000000000000, -7.450216444695049844 ) ) ;
#3926 = CARTESIAN_POINT ( 'NONE',  ( 6.826256777748649363, 7.492115027270129346, -5.678948387545990073 ) ) ;
#3927 = CIRCLE ( 'NONE', #885, 6.999999999999999112 ) ;
#3928 = EDGE_CURVE ( 'NONE', #3435, #714, #1694, .T. ) ;
#3929 = CARTESIAN_POINT ( 'NONE',  ( -22.08918599867313759, 7.746178002446798772, -5.621507365825876512 ) ) ;
#3930 = AXIS2_PLACEMENT_3D ( 'NONE', #2260, #2279, #3602 ) ;
#3931 = CARTESIAN_POINT ( 'NONE',  ( 19.85087736934642777, 7.163698744374200622, -5.370980183133373664 ) ) ;
#3932 = ORIENTED_EDGE ( 'NONE', *, *, #570, .T. ) ;
#3933 = CARTESIAN_POINT ( 'NONE',  ( 12.66813139790155951, 6.177514450273780433, -3.969460783339620047 ) ) ;
#3934 = ADVANCED_FACE ( 'NONE', ( #420 ), #2246, .F. ) ;
#3935 = DIRECTION ( 'NONE',  ( 1.000000000000000000, 0.000000000000000000, 0.000000000000000000 ) ) ;
#3936 = CARTESIAN_POINT ( 'NONE',  ( 11.45466199057484324, 6.736904651046462966, 4.575453355874206984 ) ) ;
#3937 = ORIENTED_EDGE ( 'NONE', *, *, #1660, .T. ) ;
#3938 = CARTESIAN_POINT ( 'NONE',  ( -24.22566654420050014, 8.000000000000000000, -5.896915585795940551 ) ) ;
#3939 = CARTESIAN_POINT ( 'NONE',  ( 7.986678585852459378, 7.433333333333330017, -5.330248919129279450 ) ) ;
#3940 = CARTESIAN_POINT ( 'NONE',  ( 1.270644555753179139, 4.849249600732280285, -2.703233253047181872 ) ) ;
#3941 = CARTESIAN_POINT ( 'NONE',  ( 14.73820015839890196, 4.936429406403439302, 2.805862616513433494 ) ) ;
#3942 = CARTESIAN_POINT ( 'NONE',  ( 1.539866014206836997, 4.931068280701557782, -3.138644038277335291 ) ) ;
#3943 = FACE_OUTER_BOUND ( 'NONE', #2287, .T. ) ;
#3944 = VERTEX_POINT ( 'NONE', #3426 ) ;
#3945 = FACE_OUTER_BOUND ( 'NONE', #719, .T. ) ;
#3946 = CARTESIAN_POINT ( 'NONE',  ( -23.81870467248290169, 8.000000000000000000, -6.198401962145429600 ) ) ;
#3947 = CARTESIAN_POINT ( 'NONE',  ( -18.12028541232908196, 5.606211675180297505, -3.343768228636620155 ) ) ;
#3948 = ADVANCED_FACE ( 'NONE', ( #2462 ), #3468, .T. ) ;
#3949 = DIRECTION ( 'NONE',  ( 0.000000000000000000, 0.000000000000000000, 1.000000000000000000 ) ) ;
#3950 = CARTESIAN_POINT ( 'NONE',  ( 20.01599792681456336, 7.223255236218470543, 5.428923331114423156 ) ) ;
#3951 = VERTEX_POINT ( 'NONE', #2372 ) ;
#3952 = CARTESIAN_POINT ( 'NONE',  ( 11.79427778328691900, 6.644019634338380165, -4.474959409236444863 ) ) ;
#3953 = EDGE_CURVE ( 'NONE', #1746, #28, #110, .T. ) ;
#3954 = CARTESIAN_POINT ( 'NONE',  ( -11.15782449313975988, 7.121320343559640165, -5.328896101135399910 ) ) ;
#3955 = DIRECTION ( 'NONE',  ( 0.000000000000000000, 0.000000000000000000, 1.000000000000000000 ) ) ;
#3956 = VERTEX_POINT ( 'NONE', #3758 ) ;
#3957 = CARTESIAN_POINT ( 'NONE',  ( 10.71048520252879932, 7.239182484976280030, 5.446758242552049545 ) ) ;
#3958 = DIRECTION ( 'NONE',  ( 0.000000000000000000, 0.000000000000000000, -1.000000000000000000 ) ) ;
#3959 = CARTESIAN_POINT ( 'NONE',  ( 18.67246403992189840, 6.564542543089450177, 4.772118300665209922 ) ) ;
#3960 = EDGE_LOOP ( 'NONE', ( #2813, #4243, #4335, #2996 ) ) ;
#3961 = DIRECTION ( 'NONE',  ( 1.000000000000000000, 0.000000000000000000, 0.000000000000000000 ) ) ;
#3962 = DIRECTION ( 'NONE',  ( -0.6082666837916629321, 0.7937327266713232188, 0.000000000000000000 ) ) ;
#3963 = CARTESIAN_POINT ( 'NONE',  ( 16.13111025002589827, 5.016337705008620418, 3.223913462584394818 ) ) ;
#3964 = ORIENTED_EDGE ( 'NONE', *, *, #1879, .T. ) ;
#3965 = DIRECTION ( 'NONE',  ( 0.6621150593125693096, -0.7494021939062580628, 0.000000000000000000 ) ) ;
#3966 = CARTESIAN_POINT ( 'NONE',  ( -23.56706686309410159, 8.000000000000000000, -6.366117569068070026 ) ) ;
#3967 = CARTESIAN_POINT ( 'NONE',  ( 38.66248524187054869, 5.839137789210320229, -9.500000000000000000 ) ) ;
#3968 = LINE ( 'NONE', #3619, #2448 ) ;
#3969 = CARTESIAN_POINT ( 'NONE',  ( 19.98640523465954644, 7.212741481218184703, -5.418789815546120714 ) ) ;
#3970 = VERTEX_POINT ( 'NONE', #1773 ) ;
#3971 = LINE ( 'NONE', #3796, #2029 ) ;
#3972 = PLANE ( 'NONE',  #877 ) ;
#3973 = CARTESIAN_POINT ( 'NONE',  ( 0.000000000000000000, 9.750000000000000000, -9.500000000000000000 ) ) ;
#3974 = EDGE_CURVE ( 'NONE', #2139, #1355, #4043, .T. ) ;
#3975 = ORIENTED_EDGE ( 'NONE', *, *, #723, .T. ) ;
#3976 = FACE_OUTER_BOUND ( 'NONE', #4224, .T. ) ;
#3977 =( BOUNDED_SURFACE ( )  B_SPLINE_SURFACE ( 3, 2, ( 
 ( #3266, #980, #261 ),
 ( #1618, #2982, #916 ),
 ( #648, #2303, #1277 ),
 ( #1655, #2999, #3952 ),
 ( #1950, #3686, #3933 ),
 ( #1591, #4325, #1293 ) ),
 .UNSPECIFIED., .F., .F., .F. ) 
 B_SPLINE_SURFACE_WITH_KNOTS ( ( 4, 2, 4 ),
 ( 3, 3 ),
 ( 0.000000000000000000, 0.3269375029460244719, 0.6538750058920489439 ),
 ( 0.000000000000000000, 1.000000000000000000 ),
 .UNSPECIFIED. ) 
 GEOMETRIC_REPRESENTATION_ITEM ( )  RATIONAL_B_SPLINE_SURFACE ( (
 ( 1.000000000000000000, 0.9238795325112859613, 1.000000000000000000),
 ( 1.000000000000000000, 0.9238838802282829388, 1.000000000000000000),
 ( 1.000000000000000000, 0.9204592835420599695, 1.000000000000000000),
 ( 1.000000000000000000, 0.9069167245601660321, 1.000000000000000000),
 ( 1.000000000000000000, 0.8967984941214529604, 1.000000000000000000),
 ( 1.000000000000000000, 0.8835309257402870209, 1.000000000000000000) ) ) 
 REPRESENTATION_ITEM ( '' )  SURFACE ( )  );
#3978 = CARTESIAN_POINT ( 'NONE',  ( 5.621089614965735670, 7.307945377486253946, 5.510410942627690822 ) ) ;
#3979 = LOCAL_TIME ( 14, 29, 25.00000000000000000, #1786 ) ;
#3980 = AXIS2_PLACEMENT_3D ( 'NONE', #658, #3342, #637 ) ;
#3981 = CARTESIAN_POINT ( 'NONE',  ( 59.00000000000000000, -16.50000000000000000, 9.500000000000000000 ) ) ;
#3982 = CARTESIAN_POINT ( 'NONE',  ( 16.11720928475113368, 4.806743731942322739, -2.701673884477214127 ) ) ;
#3983 = CARTESIAN_POINT ( 'NONE',  ( 20.14373984236545212, 8.000000000000000000, 7.450216443919059905 ) ) ;
#3984 = ADVANCED_FACE ( 'NONE', ( #3071 ), #2296, .T. ) ;
#3985 = AXIS2_PLACEMENT_3D ( 'NONE', #3241, #934, #1586 ) ;
#3986 = AXIS2_PLACEMENT_3D ( 'NONE', #3685, #3020, #4362 ) ;
#3987 = ADVANCED_FACE ( 'NONE', ( #3779 ), #351, .T. ) ;
#3988 = ORIENTED_EDGE ( 'NONE', *, *, #793, .F. ) ;
#3989 = CIRCLE ( 'NONE', #387, 8.750000000000000000 ) ;
#3990 = CARTESIAN_POINT ( 'NONE',  ( 4.815532678565159763, 8.000000000000000000, -7.450216444695049844 ) ) ;
#3991 = CARTESIAN_POINT ( 'NONE',  ( -10.24927248214297570, 7.328059210294887826, 5.529335964499721534 ) ) ;
#3992 = FACE_OUTER_BOUND ( 'NONE', #1430, .T. ) ;
#3993 = CIRCLE ( 'NONE', #2307, 0.7500000000000000000 ) ;
#3994 = ORIENTED_EDGE ( 'NONE', *, *, #702, .T. ) ;
#3995 = CYLINDRICAL_SURFACE ( 'NONE', #600, 4.400000000000001243 ) ;
#3996 = VERTEX_POINT ( 'NONE', #2543 ) ;
#3997 = VECTOR ( 'NONE', #2388, 1000.000000000000000 ) ;
#3998 = DIRECTION ( 'NONE',  ( 1.000000000000000000, 0.000000000000000000, 0.000000000000000000 ) ) ;
#3999 = VECTOR ( 'NONE', #992, 1000.000000000000000 ) ;
#4000 = EDGE_CURVE ( 'NONE', #2453, #4015, #4284, .T. ) ;
#4001 = DIRECTION ( 'NONE',  ( 0.6781345143961790001, -0.5196795071891240347, 0.5196795071891210371 ) ) ;
#4002 = CARTESIAN_POINT ( 'NONE',  ( 6.125380619610362842, 7.241873825301356149, 5.122427203429944953 ) ) ;
#4003 = ORIENTED_EDGE ( 'NONE', *, *, #294, .T. ) ;
#4004 = CARTESIAN_POINT ( 'NONE',  ( 9.373181306857373940, 8.000000000000234479, 6.423389952590069285 ) ) ;
#4005 = CARTESIAN_POINT ( 'NONE',  ( 9.830628612656825638, 7.401573059113452757, 5.597695609546631701 ) ) ;
#4006 = CARTESIAN_POINT ( 'NONE',  ( -42.75000000000000000, -16.50000000000000000, 9.500000000000000000 ) ) ;
#4007 = CARTESIAN_POINT ( 'NONE',  ( 14.39310300542497778, 5.050420026170889365, -2.897414491115597013 ) ) ;
#4008 = CARTESIAN_POINT ( 'NONE',  ( -20.33379246722395095, 7.335907668477080534, 5.536938221480969702 ) ) ;
#4009 = ADVANCED_FACE ( 'NONE', ( #3490 ), #2947, .F. ) ;
#4010 =( BOUNDED_SURFACE ( )  B_SPLINE_SURFACE ( 3, 2, ( 
 ( #1164, #2539, #3883 ),
 ( #2143, #458, #1519 ),
 ( #1098, #807, #1544 ),
 ( #3863, #2888, #3536 ),
 ( #1857, #3198, #1812 ),
 ( #849, #130, #3222 ),
 ( #194, #2828, #1904 ),
 ( #562, #1925, #3618 ),
 ( #3262, #4321, #231 ),
 ( #623, #3287, #3926 ),
 ( #2232, #583, #2275 ),
 ( #2298, #545, #3641 ),
 ( #1613, #3598, #4259 ),
 ( #1968, #2644, #604 ) ),
 .UNSPECIFIED., .F., .F., .F. ) 
 B_SPLINE_SURFACE_WITH_KNOTS ( ( 4, 2, 2, 2, 2, 2, 4 ),
 ( 3, 3 ),
 ( -1.301042606982603973E-18, 0.001587069792343390098, 0.002380604688515090134, 0.003174139584686784966, 0.003967674480858479798, 0.004761209377030180268, 0.006348279169373569931 ),
 ( 0.000000000000000000, 1.000000000000000000 ),
 .UNSPECIFIED. ) 
 GEOMETRIC_REPRESENTATION_ITEM ( )  RATIONAL_B_SPLINE_SURFACE ( (
 ( 1.000000000000000000, 0.9238795325112869605, 1.000000000000000000),
 ( 1.000000000000000000, 0.9344924826320419875, 1.000000000000000000),
 ( 1.000000000000000000, 0.9438259671375659465, 1.000000000000000000),
 ( 1.000000000000000000, 0.9540021288974769309, 1.000000000000000000),
 ( 1.000000000000000000, 0.9567423952257060327, 1.000000000000000000),
 ( 1.000000000000000000, 0.9604873732734630076, 1.000000000000000000),
 ( 1.000000000000000000, 0.9614803401236819980, 1.000000000000000000),
 ( 1.000000000000000000, 0.9614803401237410618, 1.000000000000000000),
 ( 1.000000000000000000, 0.9604873732734620084, 1.000000000000000000),
 ( 1.000000000000000000, 0.9567423952257070319, 1.000000000000000000),
 ( 1.000000000000000000, 0.9540021288974729341, 1.000000000000000000),
 ( 1.000000000000000000, 0.9438259671375639481, 1.000000000000000000),
 ( 1.000000000000000000, 0.9344924826320429867, 1.000000000000000000),
 ( 1.000000000000000000, 0.9238795325112869605, 1.000000000000000000) ) ) 
 REPRESENTATION_ITEM ( '' )  SURFACE ( )  );
#4011 = ORIENTED_EDGE ( 'NONE', *, *, #793, .T. ) ;
#4012 = CARTESIAN_POINT ( 'NONE',  ( 21.34326636781235464, 8.000000000000000000, -7.322001088223710319 ) ) ;
#4013 = CARTESIAN_POINT ( 'NONE',  ( -22.07280452615249189, 7.806346050317825913, 5.687080751533032164 ) ) ;
#4014 = CARTESIAN_POINT ( 'NONE',  ( 21.11354034514838673, 7.443074046517525133, 5.293435520459753185 ) ) ;
#4015 = VERTEX_POINT ( 'NONE', #2562 ) ;
#4016 = LINE ( 'NONE', #3416, #1959 ) ;
#4017 = ORIENTED_EDGE ( 'NONE', *, *, #335, .F. ) ;
#4018 = LINE ( 'NONE', #3313, #540 ) ;
#4019 = DIRECTION ( 'NONE',  ( -1.281026566875180017E-15, 1.000000000000000000, 0.000000000000000000 ) ) ;
#4020 = DIRECTION ( 'NONE',  ( 0.000000000000000000, 0.000000000000000000, 1.000000000000000000 ) ) ;
#4021 = ORIENTED_EDGE ( 'NONE', *, *, #3676, .T. ) ;
#4022 = CARTESIAN_POINT ( 'NONE',  ( 10.22358982750406042, 7.344568592026920584, 5.545665746337839153 ) ) ;
#4023 = CARTESIAN_POINT ( 'NONE',  ( 6.626018632039356149, 7.467256472999237005, 5.656918104055434604 ) ) ;
#4024 = EDGE_LOOP ( 'NONE', ( #2324, #381, #209, #3937 ) ) ;
#4025 = CARTESIAN_POINT ( 'NONE',  ( -2.380490577806910313, 5.466362897138109744, 8.757575757575759567 ) ) ;
#4026 = LINE ( 'NONE', #1709, #1944 ) ;
#4027 = CARTESIAN_POINT ( 'NONE',  ( -20.07312300439275887, 7.999999999999647393, 6.297707703643952826 ) ) ;
#4028 = ADVANCED_FACE ( 'NONE', ( #524 ), #3076, .T. ) ;
#4029 = EDGE_LOOP ( 'NONE', ( #1840, #3025, #960, #856 ) ) ;
#4030 = DIRECTION ( 'NONE',  ( 1.000000000000000000, 3.469446951953614583E-15, 0.000000000000000000 ) ) ;
#4031 = EDGE_CURVE ( 'NONE', #565, #1078, #3228, .T. ) ;
#4032 = CARTESIAN_POINT ( 'NONE',  ( 29.92636144974735046, 1.000000000000000000, -9.500000000000000000 ) ) ;
#4033 = CARTESIAN_POINT ( 'NONE',  ( 34.39999999999999858, 16.50000000000000000, -7.500000000000000000 ) ) ;
#4034 = EDGE_LOOP ( 'NONE', ( #1752, #2001, #787, #1152 ) ) ;
#4035 = DIRECTION ( 'NONE',  ( 4.270088556250600220E-16, 1.000000000000000000, 0.000000000000000000 ) ) ;
#4036 = PLANE ( 'NONE',  #3568 ) ;
#4037 = CARTESIAN_POINT ( 'NONE',  ( -59.00000000000000000, -1.354091417495664196, -9.500000000000000000 ) ) ;
#4038 = CARTESIAN_POINT ( 'NONE',  ( -53.65000000000000568, -0.5000000000000182077, 3.245314017740485962E-16 ) ) ;
#4039 = EDGE_CURVE ( 'NONE', #1568, #943, #1548, .T. ) ;
#4040 = CARTESIAN_POINT ( 'NONE',  ( -6.600175864847204643, 8.000000000000005329, 6.423389952589838359 ) ) ;
#4041 = CARTESIAN_POINT ( 'NONE',  ( 2.380490577806915198, 5.466362897138109744, 3.198866703806725109 ) ) ;
#4042 = EDGE_LOOP ( 'NONE', ( #1071, #3823, #3089, #2563 ) ) ;
#4043 = LINE ( 'NONE', #1006, #1961 ) ;
#4044 = CARTESIAN_POINT ( 'NONE',  ( 2.380490577806915198, 5.466362897138109744, -3.198866703806725109 ) ) ;
#4045 = ORIENTED_EDGE ( 'NONE', *, *, #4039, .F. ) ;
#4046 = DIRECTION ( 'NONE',  ( -0.3767857064810123391, 0.5983581965608927300, -0.7071067811865477948 ) ) ;
#4047 = CARTESIAN_POINT ( 'NONE',  ( 17.15683953645542559, 5.061143064679815673, -2.906000245598592269 ) ) ;
#4048 = CARTESIAN_POINT ( 'NONE',  ( -20.14373974578079896, 8.000000000000000000, 7.450216443925940624 ) ) ;
#4049 = VECTOR ( 'NONE', #376, 1000.000000000000000 ) ;
#4050 = CARTESIAN_POINT ( 'NONE',  ( -20.07432753860273777, 7.049960975601716306, -4.867471859727167782 ) ) ;
#4051 = ORIENTED_EDGE ( 'NONE', *, *, #256, .T. ) ;
#4052 = CARTESIAN_POINT ( 'NONE',  ( -34.39999999999999858, 16.50000000000000000, 9.500000000000000000 ) ) ;
#4053 = FACE_OUTER_BOUND ( 'NONE', #693, .T. ) ;
#4054 = CIRCLE ( 'NONE', #2159, 3.000000000000000000 ) ;
#4055 = FACE_OUTER_BOUND ( 'NONE', #2506, .T. ) ;
#4056 = EDGE_CURVE ( 'NONE', #1048, #1597, #3786, .T. ) ;
#4057 = CIRCLE ( 'NONE', #244, 0.7500000000000001110 ) ;
#4058 = ORIENTED_EDGE ( 'NONE', *, *, #1660, .F. ) ;
#4059 = LINE ( 'NONE', #3352, #1528 ) ;
#4060 = ORIENTED_EDGE ( 'NONE', *, *, #205, .T. ) ;
#4061 = CARTESIAN_POINT ( 'NONE',  ( -0.7463747324898388769, 4.588950156422591853, -2.796525913998366253 ) ) ;
#4062 = FACE_BOUND ( 'NONE', #3382, .T. ) ;
#4063 = CIRCLE ( 'NONE', #247, 8.750000000000000000 ) ;
#4064 = CARTESIAN_POINT ( 'NONE',  ( -9.147100393955588160, 7.492115027270199512, 5.678948387546060239 ) ) ;
#4065 = VECTOR ( 'NONE', #2132, 1000.000000000000000 ) ;
#4066 = CARTESIAN_POINT ( 'NONE',  ( 21.90798021209269919, 8.012791115125370567, -6.220366872701119654 ) ) ;
#4067 = EDGE_LOOP ( 'NONE', ( #197, #4110, #515, #190, #70 ) ) ;
#4068 = EDGE_CURVE ( 'NONE', #552, #59, #549, .T. ) ;
#4069 = CARTESIAN_POINT ( 'NONE',  ( -1.911890070364605121, 5.521621032120870076, 3.729196789696640479 ) ) ;
#4070 = CARTESIAN_POINT ( 'NONE',  ( 5.656815225828164984, 7.315019863181442261, 5.517086561901813013 ) ) ;
#4071 = ORIENTED_EDGE ( 'NONE', *, *, #3821, .T. ) ;
#4072 = AXIS2_PLACEMENT_3D ( 'NONE', #3096, #3776, #4133 ) ;
#4073 = CARTESIAN_POINT ( 'NONE',  ( 16.14159384988684920, 25.63381471086509933, -9.500000000000000000 ) ) ;
#4074 = CIRCLE ( 'NONE', #258, 5.000000000000000888 ) ;
#4075 = CARTESIAN_POINT ( 'NONE',  ( 16.67085380360292390, 4.904939218597105466, -2.780675183443516829 ) ) ;
#4076 = DIRECTION ( 'NONE',  ( -1.000000000000000000, 0.000000000000000000, 0.000000000000000000 ) ) ;
#4077 = CARTESIAN_POINT ( 'NONE',  ( -18.11266500812582336, 5.599478862783890953, -3.807054620359665353 ) ) ;
#4078 = EDGE_LOOP ( 'NONE', ( #1286, #586, #591, #1976 ) ) ;
#4079 = CARTESIAN_POINT ( 'NONE',  ( -2.380490577806910313, 5.466362897138109744, 3.198866703806725109 ) ) ;
#4080 = CARTESIAN_POINT ( 'NONE',  ( -5.622566469070523709, 7.117216226349163399, -4.987557567599314012 ) ) ;
#4081 = DIRECTION ( 'NONE',  ( 0.000000000000000000, 0.000000000000000000, 1.000000000000000000 ) ) ;
#4082 = ORIENTED_EDGE ( 'NONE', *, *, #328, .T. ) ;
#4083 = DIRECTION ( 'NONE',  ( 0.7071067811865474617, 1.226634733346699064E-16, 0.7071067811865474617 ) ) ;
#4084 = VERTEX_POINT ( 'NONE', #1909 ) ;
#4085 = CARTESIAN_POINT ( 'NONE',  ( -10.10018700277490034, 8.000000000000000000, 7.417823425373460289 ) ) ;
#4086 = CARTESIAN_POINT ( 'NONE',  ( 12.64573220939752041, 6.194679775140903288, -3.988060894186672645 ) ) ;
#4087 = ADVANCED_FACE ( 'NONE', ( #834 ), #2745, .T. ) ;
#4088 = CARTESIAN_POINT ( 'NONE',  ( -8.281295827672309429, 7.546666666666450141, 5.726677419058020746 ) ) ;
#4089 = CARTESIAN_POINT ( 'NONE',  ( -15.38062509738619532, 4.796667790897460648, 3.004243548473239933 ) ) ;
#4090 = EDGE_LOOP ( 'NONE', ( #461, #3610, #4352, #1459 ) ) ;
#4091 = CARTESIAN_POINT ( 'NONE',  ( -34.00000000000000000, -1.565167132207979872, -9.500000000000000000 ) ) ;
#4092 = CARTESIAN_POINT ( 'NONE',  ( 8.507433296916646626, 7.538030559606418990, -5.719302778031367218 ) ) ;
#4093 = VERTEX_POINT ( 'NONE', #3647 ) ;
#4094 = CARTESIAN_POINT ( 'NONE',  ( -13.44451100527151866, 5.582546102277270883, 3.324761233076709566 ) ) ;
#4095 = CARTESIAN_POINT ( 'NONE',  ( 1.432187530578047596, 4.909901461114599464, 2.751976950156986401 ) ) ;
#4096 = CARTESIAN_POINT ( 'NONE',  ( -23.74599466876630061, 8.000000000000000000, 5.947410264137209523 ) ) ;
#4097 =( BOUNDED_CURVE ( )  B_SPLINE_CURVE ( 3, ( #2488, #686, #1418, #2773 ),
 .UNSPECIFIED., .F., .F. ) 
 B_SPLINE_CURVE_WITH_KNOTS ( ( 4, 4 ),
 ( 0.000000000000000000, 0.6748762207113160327 ),
 .UNSPECIFIED. ) 
 CURVE ( )  GEOMETRIC_REPRESENTATION_ITEM ( )  RATIONAL_B_SPLINE_CURVE ( ( 1.000000000000000000, 0.9624039519617429983, 0.9624039519617429983, 1.000000000000000000 ) ) 
 REPRESENTATION_ITEM ( '' )  );
#4098 = CARTESIAN_POINT ( 'NONE',  ( -14.49541799092894045, 5.268715989279379563, -3.476291746855149967 ) ) ;
#4099 = VERTEX_POINT ( 'NONE', #4307 ) ;
#4100 = CARTESIAN_POINT ( 'NONE',  ( -3.760617964456903994, 6.757349116281455181, -4.964924873857223808 ) ) ;
#4101 = DIRECTION ( 'NONE',  ( -0.6082666837916629321, -0.7937327266713232188, 0.000000000000000000 ) ) ;
#4102 = CARTESIAN_POINT ( 'NONE',  ( 22.08918621990740760, 7.746178057951354390, 5.621507365825876512 ) ) ;
#4103 = EDGE_LOOP ( 'NONE', ( #3259, #1720, #3728, #3815 ) ) ;
#4104 = DIRECTION ( 'NONE',  ( 0.000000000000000000, 0.7071067811865455743, -0.7071067811865495711 ) ) ;
#4105 = ORIENTED_EDGE ( 'NONE', *, *, #2419, .F. ) ;
#4106 = CARTESIAN_POINT ( 'NONE',  ( -10.62830181176859945, 8.000000000000000000, 7.450216444695049844 ) ) ;
#4107 = CARTESIAN_POINT ( 'NONE',  ( 1.911890070364605121, 5.521621032120870076, -3.729196789696640479 ) ) ;
#4108 = CARTESIAN_POINT ( 'NONE',  ( -10.68168852332664720, 8.000000000000007105, 6.304223047162738069 ) ) ;
#4109 = CARTESIAN_POINT ( 'NONE',  ( 4.013568060123191117, 6.560014290815663784, 4.383936466780408381 ) ) ;
#4110 = ORIENTED_EDGE ( 'NONE', *, *, #1639, .T. ) ;
#4111 = CARTESIAN_POINT ( 'NONE',  ( 5.800132231941771188, 7.999999999999542588, 6.367732437364747256 ) ) ;
#4112 = CARTESIAN_POINT ( 'NONE',  ( -22.10418709696191186, 7.793229418761900895, -5.891628275945883786 ) ) ;
#4113 = ORIENTED_EDGE ( 'NONE', *, *, #3844, .T. ) ;
#4114 = EDGE_CURVE ( 'NONE', #48, #1675, #1894, .T. ) ;
#4115 = CARTESIAN_POINT ( 'NONE',  ( -6.929115851204829646, 8.000000000000000000, -7.346504454359240377 ) ) ;
#4116 = LINE ( 'NONE', #1415, #4049 ) ;
#4117 = CARTESIAN_POINT ( 'NONE',  ( -16.22157671559185133, 4.796667790895010164, 2.693583376694160147 ) ) ;
#4118 = EDGE_CURVE ( 'NONE', #3944, #2453, #4018, .T. ) ;
#4119 = CARTESIAN_POINT ( 'NONE',  ( -13.93523671979153455, 5.235907861377349981, -3.443483618952857483 ) ) ;
#4120 = CARTESIAN_POINT ( 'NONE',  ( 41.00000000000000000, -16.50000000000000000, 7.750000000000000000 ) ) ;
#4121 = CARTESIAN_POINT ( 'NONE',  ( -17.08477511725051556, 5.033552846013248150, 2.883837753601294018 ) ) ;
#4122 = ADVANCED_FACE ( 'NONE', ( #961 ), #1107, .F. ) ;
#4123 = CARTESIAN_POINT ( 'NONE',  ( -19.99577825297594202, 7.216078385680256169, 5.422010316538465879 ) ) ;
#4124 =( GEOMETRIC_REPRESENTATION_CONTEXT ( 3 ) GLOBAL_UNCERTAINTY_ASSIGNED_CONTEXT ( ( #1899 ) ) GLOBAL_UNIT_ASSIGNED_CONTEXT ( ( #1450, #3535, #1163 ) ) REPRESENTATION_CONTEXT ( 'NONE', 'WORKASPACE' ) );
#4125 =( BOUNDED_CURVE ( )  B_SPLINE_CURVE ( 3, ( #3188, #4229, #573, #1262 ),
 .UNSPECIFIED., .F., .F. ) 
 B_SPLINE_CURVE_WITH_KNOTS ( ( 4, 4 ),
 ( 0.000000000000000000, 3.141592653589793116 ),
 .UNSPECIFIED. ) 
 CURVE ( )  GEOMETRIC_REPRESENTATION_ITEM ( )  RATIONAL_B_SPLINE_CURVE ( ( 1.000000000000000000, 0.3333333333333333703, 0.3333333333333333703, 1.000000000000000000 ) ) 
 REPRESENTATION_ITEM ( '' )  );
#4126 = EDGE_LOOP ( 'NONE', ( #3520, #2976, #2719, #411 ) ) ;
#4127 = CONICAL_SURFACE ( 'NONE', #3699, 5.000000000000000888, 0.7853981633974447263 ) ;
#4128 = CARTESIAN_POINT ( 'NONE',  ( 21.32184525229595096, 7.625408013894089621, -5.780905916944790057 ) ) ;
#4129 = CARTESIAN_POINT ( 'NONE',  ( -14.93519117118832717, 4.863943962946764898, 2.747612484575455039 ) ) ;
#4130 = CARTESIAN_POINT ( 'NONE',  ( 48.35000000000000142, -8.500000000000000000, 3.245314017740486455E-16 ) ) ;
#4131 = VECTOR ( 'NONE', #2096, 999.9999999999998863 ) ;
#4132 = LINE ( 'NONE', #809, #3778 ) ;
#4133 = DIRECTION ( 'NONE',  ( 1.000000000000000000, -4.429740304726490108E-15, 0.000000000000000000 ) ) ;
#4134 = ORIENTED_EDGE ( 'NONE', *, *, #383, .T. ) ;
#4135 = CARTESIAN_POINT ( 'NONE',  ( 4.815532678565137559, 8.000000000000001776, 6.207575757575765962 ) ) ;
#4136 = CARTESIAN_POINT ( 'NONE',  ( 9.727019911732799784, 7.417284151835371375, -5.611862268102038698 ) ) ;
#4137 = ORIENTED_EDGE ( 'NONE', *, *, #975, .T. ) ;
#4138 = ADVANCED_FACE ( 'NONE', ( #284 ), #3977, .T. ) ;
#4139 = VECTOR ( 'NONE', #142, 1000.000000000000114 ) ;
#4140 = CARTESIAN_POINT ( 'NONE',  ( 13.78369464405880862, 5.322617161175443812, 3.115999406365011826 ) ) ;
#4141 = PLANE ( 'NONE',  #1874 ) ;
#4142 = VECTOR ( 'NONE', #2674, 1000.000000000000000 ) ;
#4143 = DIRECTION ( 'NONE',  ( -0.7071067811865489050, 0.000000000000000000, -0.7071067811865460184 ) ) ;
#4144 = ORIENTED_EDGE ( 'NONE', *, *, #491, .T. ) ;
#4145 = CIRCLE ( 'NONE', #3581, 4.999999999999997335 ) ;
#4146 = CARTESIAN_POINT ( 'NONE',  ( -15.07626006566624000, 4.837443416607676738, -3.045019174183294375 ) ) ;
#4147 = APPROVAL_PERSON_ORGANIZATION ( #3882, #2639, #3483 ) ;
#4148 = CARTESIAN_POINT ( 'NONE',  ( -18.28466544649865000, 5.751445432112169520, -3.460412663337809835 ) ) ;
#4149 = CARTESIAN_POINT ( 'NONE',  ( 7.986678585852429180, 7.653003247443430190, -5.860579005019189935 ) ) ;
#4150 = ADVANCED_FACE ( 'NONE', ( #1567 ), #2010, .F. ) ;
#4151 = DIRECTION ( 'NONE',  ( 1.000000000000000000, 0.000000000000000000, 0.000000000000000000 ) ) ;
#4152 = ORIENTED_EDGE ( 'NONE', *, *, #2239, .T. ) ;
#4153 = CARTESIAN_POINT ( 'NONE',  ( -13.44451100527151866, 5.582546102277270883, 3.324761233076709566 ) ) ;
#4154 = CARTESIAN_POINT ( 'NONE',  ( -14.30115861001291400, 5.087486396484739437, 2.927206326423687610 ) ) ;
#4155 = DIRECTION ( 'NONE',  ( 0.8462062767335200020, 0.5328554562137779449, 0.000000000000000000 ) ) ;
#4156 = CARTESIAN_POINT ( 'NONE',  ( -21.13983175867260300, 8.000000000000348166, -6.432390791125489393 ) ) ;
#4157 = CARTESIAN_POINT ( 'NONE',  ( 22.00753653680590105, 7.774366465029559414, 5.880327464054947662 ) ) ;
#4158 = EDGE_LOOP ( 'NONE', ( #1764, #1628, #3005, #631, #3176 ) ) ;
#4159 = CARTESIAN_POINT ( 'NONE',  ( 2.380490577806915198, 5.466362897138109744, 3.198866703806729994 ) ) ;
#4160 = CARTESIAN_POINT ( 'NONE',  ( -22.34785985980663980, 7.837215236554593289, -5.915691889457356467 ) ) ;
#4161 = ORIENTED_EDGE ( 'NONE', *, *, #525, .T. ) ;
#4162 = CARTESIAN_POINT ( 'NONE',  ( 32.37964710633750087, 9.500000000000000000, 9.500000000000000000 ) ) ;
#4163 = CARTESIAN_POINT ( 'NONE',  ( -9.373181306857190975, 8.000000000000236255, -6.423389952590484064 ) ) ;
#4164 = CARTESIAN_POINT ( 'NONE',  ( -7.063305359759975310, 7.510591377614374231, -5.695321243567468272 ) ) ;
#4165 = CARTESIAN_POINT ( 'NONE',  ( -17.51140297228079845, 5.538716859743860077, 3.746292617319634921 ) ) ;
#4166 = DIRECTION ( 'NONE',  ( 0.000000000000000000, 0.000000000000000000, 1.000000000000000000 ) ) ;
#4167 = CYLINDRICAL_SURFACE ( 'NONE', #1031, 2.649999999999999467 ) ;
#4168 = CARTESIAN_POINT ( 'NONE',  ( -22.86717835293554657, 8.000000000000000000, 6.761103733657889414 ) ) ;
#4169 = CARTESIAN_POINT ( 'NONE',  ( -20.64668777240480324, 7.431387452675164873, 5.619884330499129277 ) ) ;
#4170 = EDGE_CURVE ( 'NONE', #430, #2614, #2938, .T. ) ;
#4171 = ORIENTED_EDGE ( 'NONE', *, *, #1643, .F. ) ;
#4172 = DIRECTION ( 'NONE',  ( 0.000000000000000000, 0.000000000000000000, 1.000000000000000000 ) ) ;
#4173 = CARTESIAN_POINT ( 'NONE',  ( -13.79218845732948928, 5.338791630803851440, 3.129110369805981229 ) ) ;
#4174 = PERSON_AND_ORGANIZATION_ROLE ( 'classification_officer' ) ;
#4175 = CARTESIAN_POINT ( 'NONE',  ( -9.545636249149662689, 7.445263291268103600, -5.637385498216806567 ) ) ;
#4176 = CARTESIAN_POINT ( 'NONE',  ( -20.98017936340059819, 7.532906922310918851, -5.707894986047389985 ) ) ;
#4177 = CARTESIAN_POINT ( 'NONE',  ( 20.42229266555066403, 7.360896848366912160, 5.557427962819481593 ) ) ;
#4178 = ORIENTED_EDGE ( 'NONE', *, *, #3216, .F. ) ;
#4179 = DIRECTION ( 'NONE',  ( 0.000000000000000000, 0.000000000000000000, -1.000000000000000000 ) ) ;
#4180 = EDGE_CURVE ( 'NONE', #3207, #87, #1905, .T. ) ;
#4181 = EDGE_CURVE ( 'NONE', #2415, #1984, #3971, .T. ) ;
#4182 = LINE ( 'NONE', #1841, #1093 ) ;
#4183 = CARTESIAN_POINT ( 'NONE',  ( -61.00000000000000000, -0.2500000000000000000, -7.500000000000000000 ) ) ;
#4184 = ORIENTED_EDGE ( 'NONE', *, *, #4277, .F. ) ;
#4185 = DIRECTION ( 'NONE',  ( -0.5328554562137767237, -0.8462062767335206681, 0.000000000000000000 ) ) ;
#4186 = DIRECTION ( 'NONE',  ( -1.734723475976804876E-16, 1.000000000000000000, -0.000000000000000000 ) ) ;
#4187 = CARTESIAN_POINT ( 'NONE',  ( 51.00000000000000711, -0.4999999999999970024, 0.000000000000000000 ) ) ;
#4188 = CARTESIAN_POINT ( 'NONE',  ( -16.55678350713361979, 4.878715638832177959, 2.759623722790422118 ) ) ;
#4189 = CARTESIAN_POINT ( 'NONE',  ( -21.82960491792167446, 7.737923379316537620, 5.857359485257787490 ) ) ;
#4190 = EDGE_CURVE ( 'NONE', #2215, #595, #336, .T. ) ;
#4191 = ORIENTED_EDGE ( 'NONE', *, *, #653, .F. ) ;
#4192 = CARTESIAN_POINT ( 'NONE',  ( -2.991104796421981682, 5.984805763870319595, 4.192381521446364445 ) ) ;
#4193 = CARTESIAN_POINT ( 'NONE',  ( -7.908198869280939292, 7.546582580679517704, 5.726603641893557750 ) ) ;
#4194 = FACE_OUTER_BOUND ( 'NONE', #2955, .T. ) ;
#4195 = EDGE_CURVE ( 'NONE', #626, #3331, #4264, .T. ) ;
#4196 = VECTOR ( 'NONE', #1757, 1000.000000000000000 ) ;
#4197 = CARTESIAN_POINT ( 'NONE',  ( -21.50858726885678962, 7.999999999999647393, -6.440231863572789095 ) ) ;
#4198 = CARTESIAN_POINT ( 'NONE',  ( -32.37964710633745113, 14.50000000000000000, 9.500000000000000000 ) ) ;
#4199 = VERTEX_POINT ( 'NONE', #762 ) ;
#4200 = CARTESIAN_POINT ( 'NONE',  ( 1.911890070364605121, 5.521621032120870076, 3.729196789696640479 ) ) ;
#4201 = AXIS2_PLACEMENT_3D ( 'NONE', #554, #1916, #203 ) ;
#4202 = CARTESIAN_POINT ( 'NONE',  ( -20.49014417041572145, 7.382560231939868878, -5.576834105701020228 ) ) ;
#4203 = VECTOR ( 'NONE', #796, 1000.000000000000114 ) ;
#4204 = CARTESIAN_POINT ( 'NONE',  ( 36.10963529983394693, 15.42344393713465145, 9.500000000000000000 ) ) ;
#4205 = ORIENTED_EDGE ( 'NONE', *, *, #588, .F. ) ;
#4206 = FACE_OUTER_BOUND ( 'NONE', #1201, .T. ) ;
#4207 = CARTESIAN_POINT ( 'NONE',  ( -16.13111025002610077, 5.016337705008539594, 3.223913462584315326 ) ) ;
#4208 = VECTOR ( 'NONE', #2300, 1000.000000000000000 ) ;
#4209 = CARTESIAN_POINT ( 'NONE',  ( -12.11254090851354093, 6.797713737550010293, -5.005289495125770038 ) ) ;
#4210 = VECTOR ( 'NONE', #786, 1000.000000000000000 ) ;
#4211 = CARTESIAN_POINT ( 'NONE',  ( -0.3441868664364430286, 4.850820973281339654, -3.058396730857114942 ) ) ;
#4212 = CARTESIAN_POINT ( 'NONE',  ( -19.73661185555179642, 7.121320343559640165, 5.328896101135399910 ) ) ;
#4213 = AXIS2_PLACEMENT_3D ( 'NONE', #2026, #1311, #1020 ) ;
#4214 = ORIENTED_EDGE ( 'NONE', *, *, #1684, .T. ) ;
#4215 = CARTESIAN_POINT ( 'NONE',  ( 14.26801884107118390, 5.078360727132528396, 3.285936484708308125 ) ) ;
#4216 = DIRECTION ( 'NONE',  ( 1.281026566875180017E-15, -1.000000000000000000, 0.000000000000000000 ) ) ;
#4217 = LINE ( 'NONE', #3819, #1009 ) ;
#4218 = CARTESIAN_POINT ( 'NONE',  ( -0.4254624530980934960, 4.648922861228186321, 2.542447133341842580 ) ) ;
#4219 = LOCAL_TIME ( 14, 29, 25.00000000000000000, #1880 ) ;
#4220 = CARTESIAN_POINT ( 'NONE',  ( -7.986678585852459378, 7.546666666666720147, -5.726677419057850216 ) ) ;
#4221 = CARTESIAN_POINT ( 'NONE',  ( -13.61053043287139985, 21.61433489638084993, -9.500000000000000000 ) ) ;
#4222 = VERTEX_POINT ( 'NONE', #3753 ) ;
#4223 = DIRECTION ( 'NONE',  ( -1.000000000000000000, 0.000000000000000000, 0.000000000000000000 ) ) ;
#4224 = EDGE_LOOP ( 'NONE', ( #4021, #4134, #4137, #2861 ) ) ;
#4225 = EDGE_CURVE ( 'NONE', #308, #1126, #2682, .T. ) ;
#4226 = FACE_OUTER_BOUND ( 'NONE', #2243, .T. ) ;
#4227 = CARTESIAN_POINT ( 'NONE',  ( 2.380490577806915198, 5.466362897138109744, 8.757575757575759567 ) ) ;
#4228 = ORIENTED_EDGE ( 'NONE', *, *, #893, .T. ) ;
#4229 = CARTESIAN_POINT ( 'NONE',  ( 46.60000000000000142, 8.817669172932339094, 8.800000000000009592 ) ) ;
#4230 = CARTESIAN_POINT ( 'NONE',  ( -2.036938416786393535, 5.214660025533624399, -2.996835581067233800 ) ) ;
#4231 = VERTEX_POINT ( 'NONE', #4037 ) ;
#4232 = CARTESIAN_POINT ( 'NONE',  ( -8.964607690758279901, 7.433333333333330017, -5.330248919128349527 ) ) ;
#4233 = CARTESIAN_POINT ( 'NONE',  ( -0.4285463925238064409, 4.631151059171249251, -2.528066644967204901 ) ) ;
#4234 = CARTESIAN_POINT ( 'NONE',  ( 16.60958044525084532, 4.868141149707367887, 3.075716907283054358 ) ) ;
#4235 = EDGE_CURVE ( 'NONE', #2913, #112, #2178, .T. ) ;
#4236 = ORIENTED_EDGE ( 'NONE', *, *, #1788, .T. ) ;
#4237 = CARTESIAN_POINT ( 'NONE',  ( 22.49694669373370104, 8.000000000000000000, -6.925481613432290295 ) ) ;
#4238 = DIRECTION ( 'NONE',  ( 0.000000000000000000, 0.000000000000000000, -1.000000000000000000 ) ) ;
#4239 = PERSON_AND_ORGANIZATION_ROLE ( 'creator' ) ;
#4240 = CARTESIAN_POINT ( 'NONE',  ( -16.78753177134318975, 4.908999886427769965, -2.783799211521067907 ) ) ;
#4241 = CARTESIAN_POINT ( 'NONE',  ( -24.22566654420050014, 8.000000000000000000, -5.896915585795940551 ) ) ;
#4242 = DIRECTION ( 'NONE',  ( 0.8462062767335206681, -0.5328554562137768347, 0.000000000000000000 ) ) ;
#4243 = ORIENTED_EDGE ( 'NONE', *, *, #925, .T. ) ;
#4244 = CARTESIAN_POINT ( 'NONE',  ( -19.82361884045257128, 7.154868421119009447, -5.362983573244583191 ) ) ;
#4245 = CARTESIAN_POINT ( 'NONE',  ( 16.76631238337949981, 4.905484896434609610, -2.780979792163870368 ) ) ;
#4246 = ORIENTED_EDGE ( 'NONE', *, *, #619, .T. ) ;
#4247 = CARTESIAN_POINT ( 'NONE',  ( -4.864705027200057152, 6.872702678403329379, 4.722756637112256684 ) ) ;
#4248 = DIRECTION ( 'NONE',  ( 0.000000000000000000, 0.000000000000000000, 1.000000000000000000 ) ) ;
#4249 = CARTESIAN_POINT ( 'NONE',  ( 19.69960422784690124, 7.182439767408020259, 5.390015524983780004 ) ) ;
#4250 = EDGE_CURVE ( 'NONE', #4348, #3944, #4074, .T. ) ;
#4251 = CARTESIAN_POINT ( 'NONE',  ( 4.900850713045372231, 6.886072030937875788, -4.737233434476837424 ) ) ;
#4252 = CARTESIAN_POINT ( 'NONE',  ( 13.44451100527151866, 5.582546102277270883, -3.324761233076709566 ) ) ;
#4253 = CARTESIAN_POINT ( 'NONE',  ( -21.89828015056972887, 7.752258052941982669, 5.866564285141287804 ) ) ;
#4254 = EDGE_CURVE ( 'NONE', #943, #2389, #2735, .T. ) ;
#4255 = ORIENTED_EDGE ( 'NONE', *, *, #205, .F. ) ;
#4256 = CARTESIAN_POINT ( 'NONE',  ( 8.516201267223619809, 8.000000000000000000, -7.312391418772339335 ) ) ;
#4257 = CARTESIAN_POINT ( 'NONE',  ( -24.14695974121730160, 8.000000000000000000, -5.959150581458599660 ) ) ;
#4258 = APPROVAL_STATUS ( 'not_yet_approved' ) ;
#4259 = CARTESIAN_POINT ( 'NONE',  ( 5.262871969175949793, 7.239182484975360765, -5.446758242551130280 ) ) ;
#4260 = CARTESIAN_POINT ( 'NONE',  ( -18.28466544649865000, 5.751445432112169520, -3.460412663337809835 ) ) ;
#4261 = CARTESIAN_POINT ( 'NONE',  ( 20.44601750126609829, 7.368700162151117006, -5.564558261047030996 ) ) ;
#4262 = ORIENTED_EDGE ( 'NONE', *, *, #1579, .T. ) ;
#4263 = CARTESIAN_POINT ( 'NONE',  ( 23.90155562767624886, 8.000000000000000000, 6.140642483642059446 ) ) ;
#4264 =( BOUNDED_CURVE ( )  B_SPLINE_CURVE ( 3, ( #3110, #3772, #2390, #346 ),
 .UNSPECIFIED., .F., .F. ) 
 B_SPLINE_CURVE_WITH_KNOTS ( ( 4, 4 ),
 ( 3.141592653589793116, 6.283185307179586232 ),
 .UNSPECIFIED. ) 
 CURVE ( )  GEOMETRIC_REPRESENTATION_ITEM ( )  RATIONAL_B_SPLINE_CURVE ( ( 1.000000000000000000, 0.3333333333333333703, 0.3333333333333333703, 1.000000000000000000 ) ) 
 REPRESENTATION_ITEM ( '' )  );
#4265 = LINE ( 'NONE', #3001, #3070 ) ;
#4266 = CARTESIAN_POINT ( 'NONE',  ( 10.95903664477686412, 6.926725172416889897, 4.781292838484057839 ) ) ;
#4267 = VERTEX_POINT ( 'NONE', #1097 ) ;
#4268 = VECTOR ( 'NONE', #3655, 1000.000000000000000 ) ;
#4269 = CARTESIAN_POINT ( 'NONE',  ( -42.75000000000000000, -1.565167132207979872, 9.500000000000000000 ) ) ;
#4270 = CARTESIAN_POINT ( 'NONE',  ( -6.721611595890967017, 7.477854357020372156, -5.666369599030081972 ) ) ;
#4271 = CARTESIAN_POINT ( 'NONE',  ( 21.01754786983586243, 7.406951716630068461, -5.254296405865787278 ) ) ;
#4272 = CIRCLE ( 'NONE', #385, 0.7500000000000005551 ) ;
#4273 = LINE ( 'NONE', #1242, #4139 ) ;
#4274 = CARTESIAN_POINT ( 'NONE',  ( 1.911890070364605121, 5.521621032120870076, -3.729196789696640479 ) ) ;
#4275 = AXIS2_PLACEMENT_3D ( 'NONE', #4162, #1130, #136 ) ;
#4276 = CARTESIAN_POINT ( 'NONE',  ( 20.33377775077019933, 7.335901932386890145, 5.536932481862920419 ) ) ;
#4277 = EDGE_CURVE ( 'NONE', #2696, #1280, #2600, .T. ) ;
#4278 = VERTEX_POINT ( 'NONE', #2432 ) ;
#4279 = ADVANCED_FACE ( 'NONE', ( #82 ), #2102, .F. ) ;
#4280 = CARTESIAN_POINT ( 'NONE',  ( 48.35000000000000142, -16.49999999999999645, 3.245314017740486455E-16 ) ) ;
#4281 = CARTESIAN_POINT ( 'NONE',  ( -3.003209979510693906, 5.994956931813840484, -4.202532689391541787 ) ) ;
#4282 = AXIS2_PLACEMENT_3D ( 'NONE', #2641, #3239, #3616 ) ;
#4283 = CARTESIAN_POINT ( 'NONE',  ( -24.22566654420050014, 8.000000000000000000, -5.896915585795940551 ) ) ;
#4284 = CIRCLE ( 'NONE', #1533, 6.999999999999999112 ) ;
#4285 = CARTESIAN_POINT ( 'NONE',  ( 21.82941203437594524, 7.737882480330318558, -5.857332824175639274 ) ) ;
#4286 = ORIENTED_EDGE ( 'NONE', *, *, #3798, .T. ) ;
#4287 = DIRECTION ( 'NONE',  ( 0.000000000000000000, 0.7071067811865474617, 0.7071067811865474617 ) ) ;
#4288 = DIRECTION ( 'NONE',  ( 0.8462062767335206681, -0.5328554562137768347, 0.000000000000000000 ) ) ;
#4289 = CARTESIAN_POINT ( 'NONE',  ( 7.386980028469499082, 7.427530606241671052, 5.323963590728194362 ) ) ;
#4290 = EDGE_LOOP ( 'NONE', ( #3291, #1617, #3440, #350 ) ) ;
#4291 = DIRECTION ( 'NONE',  ( 0.000000000000000000, -0.7071067811865494601, 0.7071067811865454633 ) ) ;
#4292 =( BOUNDED_CURVE ( )  B_SPLINE_CURVE ( 3, ( #502, #851, #1167, #1790 ),
 .UNSPECIFIED., .F., .F. ) 
 B_SPLINE_CURVE_WITH_KNOTS ( ( 4, 4 ),
 ( 0.3322352798794999673, 0.6538750058920489439 ),
 .UNSPECIFIED. ) 
 CURVE ( )  GEOMETRIC_REPRESENTATION_ITEM ( )  RATIONAL_B_SPLINE_CURVE ( ( 1.000000000000000000, 0.9913975549943520038, 0.9913975549943520038, 1.000000000000000000 ) ) 
 REPRESENTATION_ITEM ( '' )  );
#4293 = CARTESIAN_POINT ( 'NONE',  ( 24.26788094920314975, 8.219578270176089774, 6.427154027751850407 ) ) ;
#4294 = ORIENTED_EDGE ( 'NONE', *, *, #4056, .T. ) ;
#4295 = CARTESIAN_POINT ( 'NONE',  ( -46.59999999999999432, 8.817669172932324884, -8.800000000000000711 ) ) ;
#4296 = CARTESIAN_POINT ( 'NONE',  ( -1.539866014206856537, 4.931068280701395246, -3.138644038277327297 ) ) ;
#4297 = CARTESIAN_POINT ( 'NONE',  ( 21.13983175867251418, 8.000000000000351719, 6.432390791125834895 ) ) ;
#4298 = ORIENTED_EDGE ( 'NONE', *, *, #64, .F. ) ;
#4299 = EDGE_LOOP ( 'NONE', ( #860, #2293 ) ) ;
#4300 = CARTESIAN_POINT ( 'NONE',  ( -1.911890070364605121, 6.051951118010780561, -3.198866703806725109 ) ) ;
#4301 = CARTESIAN_POINT ( 'NONE',  ( -11.15782449313975988, 7.121320343559640165, 5.328896101135399910 ) ) ;
#4302 = CARTESIAN_POINT ( 'NONE',  ( -17.58396911253139905, 5.258921647444281255, -3.064954434037094888 ) ) ;
#4303 = ADVANCED_FACE ( 'NONE', ( #39, #1000 ), #2739, .F. ) ;
#4304 = CARTESIAN_POINT ( 'NONE',  ( -10.62830181176859945, 8.000000000000000000, -7.450216444695049844 ) ) ;
#4305 = CARTESIAN_POINT ( 'NONE',  ( 21.88841590451158226, 7.750215891466992524, -5.865263463821721146 ) ) ;
#4306 = ORIENTED_EDGE ( 'NONE', *, *, #2158, .T. ) ;
#4307 = CARTESIAN_POINT ( 'NONE',  ( -11.15782449313975988, 7.121320343559640165, 5.328896101135399910 ) ) ;
#4308 = DIRECTION ( 'NONE',  ( 0.6621150593125730843, 0.7494021939062548432, 0.000000000000000000 ) ) ;
#4309 = CARTESIAN_POINT ( 'NONE',  ( 13.05031645416178776, 5.884631935852278950, 3.652097303479529433 ) ) ;
#4310 = EDGE_LOOP ( 'NONE', ( #1220, #390 ) ) ;
#4311 = EDGE_CURVE ( 'NONE', #2171, #1838, #2056, .T. ) ;
#4312 = DIRECTION ( 'NONE',  ( 0.000000000000000000, -0.7071067811865455743, -0.7071067811865495711 ) ) ;
#4313 = CARTESIAN_POINT ( 'NONE',  ( 6.427854750016586571, 7.445272044213782969, -5.637410667654303431 ) ) ;
#4314 = CARTESIAN_POINT ( 'NONE',  ( 9.928063775603447993, 7.385759307039687194, 5.583148892214390813 ) ) ;
#4315 = CARTESIAN_POINT ( 'NONE',  ( -11.15782449313975988, 8.000000000000000000, -7.450216444695049844 ) ) ;
#4316 = CARTESIAN_POINT ( 'NONE',  ( 15.11427994280450449, 4.717512903608276353, -2.925088661184050309 ) ) ;
#4317 = CARTESIAN_POINT ( 'NONE',  ( 35.04392438740640614, 13.73103138366759879, 9.500000000000000000 ) ) ;
#4318 = VERTEX_POINT ( 'NONE', #3092 ) ;
#4319 = CARTESIAN_POINT ( 'NONE',  ( 61.00000000000000000, -0.2499999999999880373, -7.500000000000000000 ) ) ;
#4320 = CARTESIAN_POINT ( 'NONE',  ( -11.03036010206139039, 7.154309155805943732, 5.361735503369509104 ) ) ;
#4321 = CARTESIAN_POINT ( 'NONE',  ( 7.424778059923589524, 8.000000000000003553, -6.451275074046997737 ) ) ;
#4322 = ADVANCED_FACE ( 'NONE', ( #2076 ), #62, .T. ) ;
#4323 = CARTESIAN_POINT ( 'NONE',  ( 19.82368274538833575, 7.154890951310089342, 5.363005698266155363 ) ) ;
#4324 = VERTEX_POINT ( 'NONE', #1074 ) ;
#4325 = CARTESIAN_POINT ( 'NONE',  ( 13.60850995846104183, 5.456867651521899454, -3.664443409097672522 ) ) ;
#4326 = DIRECTION ( 'NONE',  ( 0.7071067811865504593, 0.000000000000000000, 0.7071067811865445751 ) ) ;
#4327 = CARTESIAN_POINT ( 'NONE',  ( 53.65000000000000568, -16.49999999999999645, 0.000000000000000000 ) ) ;
#4328 = ORIENTED_EDGE ( 'NONE', *, *, #1500, .F. ) ;
#4329 = CARTESIAN_POINT ( 'NONE',  ( 10.17322493976326392, 7.999999999999536371, 6.367732437364193920 ) ) ;
#4330 = CARTESIAN_POINT ( 'NONE',  ( 6.503651221368366819, 7.452089714916953156, 5.643310770408927368 ) ) ;
#4331 = AXIS2_PLACEMENT_3D ( 'NONE', #445, #2836, #3102 ) ;
#4332 = FACE_OUTER_BOUND ( 'NONE', #2049, .T. ) ;
#4333 = DIRECTION ( 'NONE',  ( 0.7071067811865489050, 0.000000000000000000, -0.7071067811865460184 ) ) ;
#4334 = CARTESIAN_POINT ( 'NONE',  ( 23.43201033600035643, 8.000000000001394440, 6.166645145268534023 ) ) ;
#4335 = ORIENTED_EDGE ( 'NONE', *, *, #1643, .T. ) ;
#4336 = VECTOR ( 'NONE', #3604, 1000.000000000000000 ) ;
#4337 = FACE_OUTER_BOUND ( 'NONE', #1310, .T. ) ;
#4338 = SHAPE_DEFINITION_REPRESENTATION ( #830, #1122 ) ;
#4339 = CARTESIAN_POINT ( 'NONE',  ( 21.27417153382420523, 7.501156744710338664, 5.356344987372558819 ) ) ;
#4340 = CIRCLE ( 'NONE', #533, 2.649999999999999467 ) ;
#4341 = VERTEX_POINT ( 'NONE', #4363 ) ;
#4342 = CARTESIAN_POINT ( 'NONE',  ( -61.00000000000000000, -0.2500000000000000000, -7.500000000000000000 ) ) ;
#4343 = ORIENTED_EDGE ( 'NONE', *, *, #3349, .F. ) ;
#4344 = DIRECTION ( 'NONE',  ( 0.6248498555122059539, 0.5520700399706478523, -0.5520700399706388595 ) ) ;
#4345 = AXIS2_PLACEMENT_3D ( 'NONE', #1929, #4344, #1973 ) ;
#4346 = CARTESIAN_POINT ( 'NONE',  ( -11.15782449313976343, 8.000000000000001776, 6.207575757575765962 ) ) ;
#4347 = CARTESIAN_POINT ( 'NONE',  ( 11.09728075079810594, 6.877260826976729469, 4.727672911024308533 ) ) ;
#4348 = VERTEX_POINT ( 'NONE', #1337 ) ;
#4349 = DIRECTION ( 'NONE',  ( -0.8462062767335206681, 0.5328554562137768347, 0.000000000000000000 ) ) ;
#4350 = EDGE_CURVE ( 'NONE', #3866, #3035, #4217, .T. ) ;
#4351 = CARTESIAN_POINT ( 'NONE',  ( 7.478021316490623960, 7.538615430720597033, 5.719798321153136023 ) ) ;
#4352 = ORIENTED_EDGE ( 'NONE', *, *, #783, .F. ) ;
#4353 = FACE_OUTER_BOUND ( 'NONE', #3108, .T. ) ;
#4354 = DIRECTION ( 'NONE',  ( -0.6248006765897409220, -0.7807842944968872434, 0.000000000000000000 ) ) ;
#4355 = ORIENTED_EDGE ( 'NONE', *, *, #1825, .F. ) ;
#4356 = CARTESIAN_POINT ( 'NONE',  ( -34.58884669161790271, 8.404304921418308538, 9.500000000000000000 ) ) ;
#4357 = CARTESIAN_POINT ( 'NONE',  ( -5.044889755439955437, 6.937438106174478314, -4.792903502449909148 ) ) ;
#4358 = EDGE_CURVE ( 'NONE', #138, #4099, #784, .T. ) ;
#4359 = CARTESIAN_POINT ( 'NONE',  ( 35.04392438740640614, 13.73103138366762010, -9.500000000000000000 ) ) ;
#4360 = ORIENTED_EDGE ( 'NONE', *, *, #4056, .F. ) ;
#4361 = DIRECTION ( 'NONE',  ( 1.000000000000000000, 3.469446951953614583E-15, 0.000000000000000000 ) ) ;
#4362 = DIRECTION ( 'NONE',  ( -1.000000000000000000, 0.000000000000000000, 0.000000000000000000 ) ) ;
#4363 = CARTESIAN_POINT ( 'NONE',  ( 4.815532678565140223, 7.121320343559640165, 5.328896101135399910 ) ) ;
#4364 = DIRECTION ( 'NONE',  ( -0.6248006765897410331, 0.7807842944968870214, 0.000000000000000000 ) ) ;
#4365 = CARTESIAN_POINT ( 'NONE',  ( 31.94671434340985172, 8.000000000000000000, -7.750000000000000000 ) ) ;
#4366 = ORIENTED_EDGE ( 'NONE', *, *, #3718, .F. ) ;
#4367 = CARTESIAN_POINT ( 'NONE',  ( 8.515858245808990645, 8.000000000000000000, 7.320283824003029238 ) ) ;
ENDSEC;
END-ISO-10303-21;
