ISO-10303-21;
HEADER;
FILE_DESCRIPTION (( 'STEP AP214' ),
    '1' );
FILE_NAME ('Connector cover top.STEP',
    '2025-01-23T19:07:12',
    ( '' ),
    ( '' ),
    'SwSTEP 2.0',
    'SolidWorks 2023',
    '' );
FILE_SCHEMA (( 'AUTOMOTIVE_DESIGN' ));
ENDSEC;

DATA;
#1 = FACE_OUTER_BOUND ( 'NONE', #733, .T. ) ;
#2 = DIRECTION ( 'NONE',  ( 0.6246950475544241765, 0.000000000000000000, -0.7808688094430303872 ) ) ;
#3 = DIRECTION ( 'NONE',  ( 0.000000000000000000, 0.9191450300180578070, -0.3939192985791677981 ) ) ;
#4 = ORIENTED_EDGE ( 'NONE', *, *, #42, .F. ) ;
#5 = ORIENTED_EDGE ( 'NONE', *, *, #1778, .F. ) ;
#6 = ORIENTED_EDGE ( 'NONE', *, *, #1326, .F. ) ;
#7 = CARTESIAN_POINT ( 'NONE',  ( -15.00000000000000000, 0.9052577019546387271, 8.999999999999998224 ) ) ;
#8 = ADVANCED_FACE ( 'NONE', ( #663 ), #258, .T. ) ;
#9 = CARTESIAN_POINT ( 'NONE',  ( 0.000000000000000000, 7.000000000000000000, 11.61203241344800929 ) ) ;
#10 = AXIS2_PLACEMENT_3D ( 'NONE', #1489, #527, #1810 ) ;
#11 = FACE_OUTER_BOUND ( 'NONE', #605, .T. ) ;
#12 = CARTESIAN_POINT ( 'NONE',  ( 40.25010000000000332, 5.500000000000000888, 0.000000000000000000 ) ) ;
#13 = EDGE_CURVE ( 'NONE', #701, #188, #1798, .T. ) ;
#14 = DIRECTION ( 'NONE',  ( 0.000000000000000000, 0.000000000000000000, 1.000000000000000000 ) ) ;
#15 = ORIENTED_EDGE ( 'NONE', *, *, #280, .F. ) ;
#16 = ORIENTED_EDGE ( 'NONE', *, *, #1574, .F. ) ;
#17 = VERTEX_POINT ( 'NONE', #764 ) ;
#18 = CARTESIAN_POINT ( 'NONE',  ( 39.25000000000000000, 5.500000000000000888, -2.750000000000000000 ) ) ;
#19 = CARTESIAN_POINT ( 'NONE',  ( 15.12377634753673661, 2.778337394316464426, -9.802748439583643503 ) ) ;
#20 = DIRECTION ( 'NONE',  ( 0.000000000000000000, 0.000000000000000000, 1.000000000000000000 ) ) ;
#21 = CARTESIAN_POINT ( 'NONE',  ( 15.00000000000000000, 1.000000000000000000, 8.999999999999998224 ) ) ;
#22 = ADVANCED_FACE ( 'NONE', ( #779 ), #2073, .T. ) ;
#23 = LINE ( 'NONE', #374, #2081 ) ;
#24 = ORIENTED_EDGE ( 'NONE', *, *, #119, .F. ) ;
#25 = ORIENTED_EDGE ( 'NONE', *, *, #956, .T. ) ;
#26 = VERTEX_POINT ( 'NONE', #124 ) ;
#27 = CARTESIAN_POINT ( 'NONE',  ( 9.667750061005373041, 9.500000000000000000, 11.49999999999999822 ) ) ;
#28 = CARTESIAN_POINT ( 'NONE',  ( 19.41666666666672114, 0.000000000000000000, -8.708333333333321491 ) ) ;
#29 = EDGE_LOOP ( 'NONE', ( #1251, #1753, #567, #1427 ) ) ;
#30 = ORIENTED_EDGE ( 'NONE', *, *, #847, .T. ) ;
#31 = VECTOR ( 'NONE', #913, 1000.000000000000000 ) ;
#32 = DIRECTION ( 'NONE',  ( 0.000000000000000000, 0.000000000000000000, -1.000000000000000000 ) ) ;
#33 = CIRCLE ( 'NONE', #1848, 2.750000000000000000 ) ;
#34 = CIRCLE ( 'NONE', #1402, 0.3999999999999993006 ) ;
#35 = DIRECTION ( 'NONE',  ( -0.000000000000000000, 1.000000000000000000, 0.000000000000000000 ) ) ;
#36 = CARTESIAN_POINT ( 'NONE',  ( -39.25000000000000000, 3.710200345930474430, 3.007099328956247764 ) ) ;
#37 = AXIS2_PLACEMENT_3D ( 'NONE', #370, #1016, #907 ) ;
#38 = CARTESIAN_POINT ( 'NONE',  ( 14.93743308164233952, 7.374182264594168146, -11.82690804928027717 ) ) ;
#39 = CARTESIAN_POINT ( 'NONE',  ( -23.14525500796266755, 2.994358277650713607, -7.610946547357116287 ) ) ;
#40 = DIRECTION ( 'NONE',  ( -1.000000000000000000, 0.000000000000000000, 2.168404344971008868E-16 ) ) ;
#41 = VERTEX_POINT ( 'NONE', #611 ) ;
#42 = EDGE_CURVE ( 'NONE', #713, #26, #1552, .T. ) ;
#43 = DIRECTION ( 'NONE',  ( 0.000000000000000000, -1.000000000000000000, 0.000000000000000000 ) ) ;
#44 = FACE_OUTER_BOUND ( 'NONE', #954, .T. ) ;
#45 = ORIENTED_EDGE ( 'NONE', *, *, #1290, .T. ) ;
#46 = PRODUCT_DEFINITION_SHAPE ( 'NONE', 'NONE',  #545 ) ;
#47 = ORIENTED_EDGE ( 'NONE', *, *, #1829, .F. ) ;
#48 = EDGE_CURVE ( 'NONE', #734, #1794, #94, .T. ) ;
#49 = FACE_OUTER_BOUND ( 'NONE', #153, .T. ) ;
#50 = CARTESIAN_POINT ( 'NONE',  ( -39.24999999999999289, 1.000000000000000888, -2.973026360885468566 ) ) ;
#51 = LINE ( 'NONE', #1017, #1787 ) ;
#52 = CARTESIAN_POINT ( 'NONE',  ( 17.64078380977200311, 1.000000000000000000, 8.418256128378477143 ) ) ;
#53 = AXIS2_PLACEMENT_3D ( 'NONE', #1528, #1540, #1363 ) ;
#54 = EDGE_CURVE ( 'NONE', #554, #580, #601, .T. ) ;
#55 = CARTESIAN_POINT ( 'NONE',  ( 40.25000000000000000, 0.000000000000000000, -3.750000000000001776 ) ) ;
#56 = FACE_OUTER_BOUND ( 'NONE', #1050, .T. ) ;
#57 = EDGE_LOOP ( 'NONE', ( #2059, #597, #816, #1208, #911, #1992, #884, #146, #477, #1605, #880, #1475 ) ) ;
#58 = ADVANCED_FACE ( 'NONE', ( #297 ), #1406, .T. ) ;
#59 = LINE ( 'NONE', #1987, #478 ) ;
#60 = ORIENTED_EDGE ( 'NONE', *, *, #893, .T. ) ;
#61 = ORIENTED_EDGE ( 'NONE', *, *, #2034, .F. ) ;
#62 = DIRECTION ( 'NONE',  ( -0.7808688094430301652, 0.000000000000000000, -0.6246950475544243986 ) ) ;
#63 = LINE ( 'NONE', #244, #142 ) ;
#64 = VECTOR ( 'NONE', #1779, 999.9999999999998863 ) ;
#65 = DIRECTION ( 'NONE',  ( -0.000000000000000000, -1.000000000000000000, -0.000000000000000000 ) ) ;
#66 = CARTESIAN_POINT ( 'NONE',  ( 41.59691632810185524, 1.000000000000000000, 9.040603842019438119 ) ) ;
#67 = DIRECTION ( 'NONE',  ( 1.000000000000000000, 0.000000000000000000, 0.000000000000000000 ) ) ;
#68 = ORIENTED_EDGE ( 'NONE', *, *, #1304, .F. ) ;
#69 = EDGE_CURVE ( 'NONE', #1557, #566, #1910, .T. ) ;
#70 = EDGE_LOOP ( 'NONE', ( #760, #285, #1505, #217 ) ) ;
#71 = ADVANCED_FACE ( 'NONE', ( #1589 ), #132, .T. ) ;
#72 = CARTESIAN_POINT ( 'NONE',  ( -39.39519998881635132, 7.008356227106430580, -2.993904839350244984 ) ) ;
#73 = VECTOR ( 'NONE', #1420, 1000.000000000000000 ) ;
#74 = CARTESIAN_POINT ( 'NONE',  ( -9.980097584782583908, 7.000000000000000000, -10.85012198097822989 ) ) ;
#75 = ORIENTED_EDGE ( 'NONE', *, *, #1613, .T. ) ;
#76 = VECTOR ( 'NONE', #1078, 1000.000000000000000 ) ;
#77 = CARTESIAN_POINT ( 'NONE',  ( 9.667750061005373041, 7.000000000000000000, -11.09999999999999787 ) ) ;
#78 = VECTOR ( 'NONE', #1869, 1000.000000000000000 ) ;
#79 = CARTESIAN_POINT ( 'NONE',  ( -8.499999999999998224, 7.000000000000000000, 8.999999999999998224 ) ) ;
#80 = DIRECTION ( 'NONE',  ( -1.000000000000000000, 0.000000000000000000, 0.000000000000000000 ) ) ;
#81 = ORIENTED_EDGE ( 'NONE', *, *, #1642, .F. ) ;
#82 = ORIENTED_EDGE ( 'NONE', *, *, #1743, .T. ) ;
#83 = CARTESIAN_POINT ( 'NONE',  ( -40.25000000000000000, 7.000000000000000888, 2.304886114323221324 ) ) ;
#84 = CARTESIAN_POINT ( 'NONE',  ( 41.59691632810185524, 7.393919298579167965, 11.78085496998193982 ) ) ;
#85 = VERTEX_POINT ( 'NONE', #2089 ) ;
#86 = CARTESIAN_POINT ( 'NONE',  ( 23.08389419506095308, 7.269139704825326120, -8.865456730775479244 ) ) ;
#87 = DIRECTION ( 'NONE',  ( 0.6246950475544243986, 0.000000000000000000, -0.7808688094430301652 ) ) ;
#88 = EDGE_CURVE ( 'NONE', #1822, #1566, #613, .T. ) ;
#89 = CARTESIAN_POINT ( 'NONE',  ( -31.91666666666691299, 6.999999999999999112, -6.733333333333247239 ) ) ;
#90 = ORIENTED_EDGE ( 'NONE', *, *, #1710, .F. ) ;
#91 = ORIENTED_EDGE ( 'NONE', *, *, #191, .T. ) ;
#92 = LINE ( 'NONE', #1403, #307 ) ;
#93 = DIRECTION ( 'NONE',  ( -1.000000000000000000, 0.000000000000000000, 0.000000000000000000 ) ) ;
#94 = LINE ( 'NONE', #1733, #1833 ) ;
#95 = FACE_OUTER_BOUND ( 'NONE', #1880, .T. ) ;
#96 = EDGE_CURVE ( 'NONE', #1486, #309, #1280, .T. ) ;
#97 = EDGE_CURVE ( 'NONE', #368, #1543, #1623, .T. ) ;
#98 = LINE ( 'NONE', #2082, #1634 ) ;
#99 = ORIENTED_EDGE ( 'NONE', *, *, #1778, .T. ) ;
#100 = EDGE_LOOP ( 'NONE', ( #2046, #60, #1811, #1272 ) ) ;
#101 = LINE ( 'NONE', #753, #1227 ) ;
#102 = FACE_OUTER_BOUND ( 'NONE', #1366, .T. ) ;
#103 = DIRECTION ( 'NONE',  ( 0.000000000000000000, 0.000000000000000000, -1.000000000000000000 ) ) ;
#104 = CARTESIAN_POINT ( 'NONE',  ( 40.25000000000000000, 0.000000000000000000, 1.249999999999998890 ) ) ;
#105 = COLOUR_RGB ( '',0.7921568627450980005, 0.8196078431372548767, 0.9333333333333333481 ) ;
#106 = CIRCLE ( 'NONE', #312, 0.3999999999999993006 ) ;
#107 = DIRECTION ( 'NONE',  ( 0.000000000000000000, 0.000000000000000000, 1.000000000000000000 ) ) ;
#108 = EDGE_CURVE ( 'NONE', #624, #682, #1148, .T. ) ;
#109 = ORIENTED_EDGE ( 'NONE', *, *, #1246, .T. ) ;
#110 = VERTEX_POINT ( 'NONE', #483 ) ;
#111 = CARTESIAN_POINT ( 'NONE',  ( 40.25000000000000000, 7.000000000000000000, -3.750000000000001776 ) ) ;
#112 = ADVANCED_FACE ( 'NONE', ( #2106 ), #979, .F. ) ;
#113 = CARTESIAN_POINT ( 'NONE',  ( -3.332249938994626959, 9.500000000000000000, 11.09999999999999964 ) ) ;
#114 = CARTESIAN_POINT ( 'NONE',  ( 15.10553238783764840, 5.221660475459566797, 10.84988690293068636 ) ) ;
#115 = ADVANCED_FACE ( 'NONE', ( #11 ), #1128, .F. ) ;
#116 = LINE ( 'NONE', #620, #1168 ) ;
#117 = CARTESIAN_POINT ( 'NONE',  ( 15.00000000000000000, 7.000000000000000000, -11.61203241344800929 ) ) ;
#118 = AXIS2_PLACEMENT_3D ( 'NONE', #213, #373, #1873 ) ;
#119 = EDGE_CURVE ( 'NONE', #1543, #624, #1945, .T. ) ;
#120 = ORIENTED_EDGE ( 'NONE', *, *, #878, .F. ) ;
#121 = B_SPLINE_CURVE_WITH_KNOTS ( 'NONE', 3,
 ( #111, #1393, #769, #1907 ),
 .UNSPECIFIED., .F., .F.,
 ( 4, 4 ),
 ( 0.000000000000000000, 0.1926818514236098567 ),
 .UNSPECIFIED. ) ;
#122 = CARTESIAN_POINT ( 'NONE',  ( 40.25000000000000000, 5.500000000000000888, 0.000000000000000000 ) ) ;
#123 = CARTESIAN_POINT ( 'NONE',  ( 19.41666666666667140, 0.000000000000000000, 8.708333333333328596 ) ) ;
#124 = CARTESIAN_POINT ( 'NONE',  ( 40.25000000000000000, 0.000000000000000000, 3.749999999999999112 ) ) ;
#125 = DIRECTION ( 'NONE',  ( 0.000000000000000000, -1.000000000000000000, 0.000000000000000000 ) ) ;
#126 = CARTESIAN_POINT ( 'NONE',  ( -23.58333333333341386, 0.000000000000000000, -7.716666666666649022 ) ) ;
#127 = ORIENTED_EDGE ( 'NONE', *, *, #1872, .F. ) ;
#128 = ADVANCED_FACE ( 'NONE', ( #1 ), #1137, .F. ) ;
#129 = DIRECTION ( 'NONE',  ( -0.000000000000000000, -0.000000000000000000, 1.000000000000000000 ) ) ;
#130 = DIRECTION ( 'NONE',  ( 0.000000000000000000, 0.000000000000000000, -1.000000000000000000 ) ) ;
#131 = EDGE_CURVE ( 'NONE', #41, #1348, #156, .T. ) ;
#132 = PLANE ( 'NONE',  #2103 ) ;
#133 = DIRECTION ( 'NONE',  ( -0.000000000000000000, 0.000000000000000000, 1.000000000000000000 ) ) ;
#134 = CARTESIAN_POINT ( 'NONE',  ( 2.500000000000000444, 9.500000000000000000, -11.49999999999999822 ) ) ;
#135 = ORIENTED_EDGE ( 'NONE', *, *, #2032, .T. ) ;
#136 = ORIENTED_EDGE ( 'NONE', *, *, #1940, .F. ) ;
#137 = AXIS2_PLACEMENT_3D ( 'NONE', #1488, #80, #538 ) ;
#138 = VECTOR ( 'NONE', #1422, 1000.000000000000000 ) ;
#139 = CARTESIAN_POINT ( 'NONE',  ( -9.980097584782583908, 9.500000000000000000, 10.85012198097822989 ) ) ;
#140 = CARTESIAN_POINT ( 'NONE',  ( 39.25000000000000000, 7.000000000000000000, 2.304886114323221769 ) ) ;
#141 = CARTESIAN_POINT ( 'NONE',  ( -22.64636373950476766, 0.9999999999999991118, 7.167315778529416370 ) ) ;
#142 = VECTOR ( 'NONE', #1394, 1000.000000000000000 ) ;
#143 = CARTESIAN_POINT ( 'NONE',  ( 39.24999999999998579, 1.677547235455852714, 2.981772429277641745 ) ) ;
#144 = CARTESIAN_POINT ( 'NONE',  ( 40.25000000000000000, 7.000000000000000000, 3.749999999999998224 ) ) ;
#145 = ORIENTED_EDGE ( 'NONE', *, *, #447, .F. ) ;
#146 = ORIENTED_EDGE ( 'NONE', *, *, #829, .F. ) ;
#147 = VECTOR ( 'NONE', #1201, 1000.000000000000000 ) ;
#148 = CARTESIAN_POINT ( 'NONE',  ( 40.25000000000000000, 0.000000000000000000, -3.750000000000001776 ) ) ;
#149 = CARTESIAN_POINT ( 'NONE',  ( 39.24999999999998579, 5.065310154977308521, -3.023331420098256839 ) ) ;
#150 = CARTESIAN_POINT ( 'NONE',  ( -15.00000000000000000, 1.000000000000000000, -0.000000000000000000 ) ) ;
#151 = PLANE ( 'NONE',  #1130 ) ;
#152 = DIRECTION ( 'NONE',  ( -1.000000000000000000, 0.000000000000000000, 0.000000000000000000 ) ) ;
#153 = EDGE_LOOP ( 'NONE', ( #1091, #689, #1173, #145 ) ) ;
#154 = ORIENTED_EDGE ( 'NONE', *, *, #436, .F. ) ;
#155 = ORIENTED_EDGE ( 'NONE', *, *, #895, .T. ) ;
#156 = CIRCLE ( 'NONE', #1904, 0.3999999999999993006 ) ;
#157 = LINE ( 'NONE', #1596, #813 ) ;
#158 = B_SPLINE_SURFACE_WITH_KNOTS ( 'NONE', 3, 1, ( 
 ( #1429, #148 ),
 ( #2086, #626 ),
 ( #1273, #1439 ),
 ( #1923, #797 ),
 ( #1448, #28 ),
 ( #828, #1504 ) ),
 .UNSPECIFIED., .F., .F., .F.,
 ( 4, 2, 4 ),
 ( 2, 2 ),
 ( 0.000000000000000000, 0.5000000000000000000, 1.000000000000000000 ),
 ( 0.000000000000000000, 1.000000000000000000 ),
 .UNSPECIFIED. ) ;
#159 = CARTESIAN_POINT ( 'NONE',  ( -3.332249938994626959, 7.000000000000000000, -11.09999999999999964 ) ) ;
#160 = CARTESIAN_POINT ( 'NONE',  ( -3.332249938994626959, 7.000000000000000000, 11.09999999999999964 ) ) ;
#161 = CARTESIAN_POINT ( 'NONE',  ( -39.25000000000000000, 1.000000000000000000, 0.000000000000000000 ) ) ;
#162 = CARTESIAN_POINT ( 'NONE',  ( 9.667750061005373041, 7.000000000000000000, 11.49999999999999822 ) ) ;
#163 = ORIENTED_EDGE ( 'NONE', *, *, #239, .T. ) ;
#164 = EDGE_CURVE ( 'NONE', #1486, #987, #521, .T. ) ;
#165 = VERTEX_POINT ( 'NONE', #1647 ) ;
#166 = ORIENTED_EDGE ( 'NONE', *, *, #1855, .F. ) ;
#167 = AXIS2_PLACEMENT_3D ( 'NONE', #1313, #1963, #1643 ) ;
#168 = DIRECTION ( 'NONE',  ( -0.000000000000000000, -0.000000000000000000, 1.000000000000000000 ) ) ;
#169 = CARTESIAN_POINT ( 'NONE',  ( 23.58333333333357373, 6.999999999999999112, -9.716666666666581520 ) ) ;
#170 = EDGE_CURVE ( 'NONE', #392, #2101, #831, .T. ) ;
#171 = CARTESIAN_POINT ( 'NONE',  ( 15.00000000000000000, 7.000000000000000000, -8.999999999999998224 ) ) ;
#172 = CARTESIAN_POINT ( 'NONE',  ( -15.00000000000000000, 0.3939192985791677981, -8.780854969981943370 ) ) ;
#173 = CARTESIAN_POINT ( 'NONE',  ( 28.98152594742477106, 1.000000000000000222, -5.576921509032299440 ) ) ;
#174 = ORIENTED_EDGE ( 'NONE', *, *, #1480, .F. ) ;
#175 = ORIENTED_EDGE ( 'NONE', *, *, #699, .T. ) ;
#176 = ORIENTED_EDGE ( 'NONE', *, *, #1447, .F. ) ;
#177 = CARTESIAN_POINT ( 'NONE',  ( -4.499999999999999112, 9.500000000000000000, 9.000000000000001776 ) ) ;
#178 = DIRECTION ( 'NONE',  ( 0.000000000000000000, 0.000000000000000000, -1.000000000000000000 ) ) ;
#179 = AXIS2_PLACEMENT_3D ( 'NONE', #1718, #298, #748 ) ;
#180 = DIRECTION ( 'NONE',  ( 0.000000000000000000, 0.000000000000000000, -1.000000000000000000 ) ) ;
#181 = DIRECTION ( 'NONE',  ( -1.000000000000000000, 0.000000000000000000, 0.000000000000000000 ) ) ;
#182 = DIRECTION ( 'NONE',  ( -0.000000000000000000, 0.000000000000000000, 1.000000000000000000 ) ) ;
#183 = EDGE_LOOP ( 'NONE', ( #1109, #973, #855, #1652 ) ) ;
#184 = VERTEX_POINT ( 'NONE', #1305 ) ;
#185 = ORIENTED_EDGE ( 'NONE', *, *, #2005, .F. ) ;
#186 = LINE ( 'NONE', #1680, #656 ) ;
#187 = DIRECTION ( 'NONE',  ( 1.000000000000000000, 0.000000000000000000, 0.000000000000000000 ) ) ;
#188 = VERTEX_POINT ( 'NONE', #1482 ) ;
#189 = DIRECTION ( 'NONE',  ( -1.000000000000000000, -0.000000000000000000, -0.000000000000000000 ) ) ;
#190 = VERTEX_POINT ( 'NONE', #629 ) ;
#191 = EDGE_CURVE ( 'NONE', #1382, #577, #1768, .T. ) ;
#192 = DIRECTION ( 'NONE',  ( 0.6246950475544241765, 0.000000000000000000, 0.7808688094430303872 ) ) ;
#193 = PRESENTATION_STYLE_ASSIGNMENT (( #1163 ) ) ;
#194 = FACE_OUTER_BOUND ( 'NONE', #1506, .T. ) ;
#195 = LINE ( 'NONE', #1497, #892 ) ;
#196 = CARTESIAN_POINT ( 'NONE',  ( -39.25000000000000711, 5.710204937755309906, -3.030973342132663895 ) ) ;
#197 = DIRECTION ( 'NONE',  ( 0.000000000000000000, 0.000000000000000000, 1.000000000000000000 ) ) ;
#198 = ORIENTED_EDGE ( 'NONE', *, *, #932, .F. ) ;
#199 = ORIENTED_EDGE ( 'NONE', *, *, #617, .F. ) ;
#200 = CARTESIAN_POINT ( 'NONE',  ( 9.667750061005373041, 9.500000000000000000, 11.09999999999999787 ) ) ;
#201 = PLANE ( 'NONE',  #1534 ) ;
#202 = ORIENTED_EDGE ( 'NONE', *, *, #878, .T. ) ;
#203 =( LENGTH_UNIT ( ) NAMED_UNIT ( * ) SI_UNIT ( .MILLI., .METRE. ) );
#204 = ORIENTED_EDGE ( 'NONE', *, *, #494, .F. ) ;
#205 = EDGE_CURVE ( 'NONE', #944, #794, #1925, .T. ) ;
#206 = CARTESIAN_POINT ( 'NONE',  ( 8.500000000000000000, 9.500000000000000000, -8.999999999999998224 ) ) ;
#207 = AXIS2_PLACEMENT_3D ( 'NONE', #928, #1248, #2049 ) ;
#208 = CARTESIAN_POINT ( 'NONE',  ( 41.59691632810185524, 7.000000000000000000, -12.70000000000000107 ) ) ;
#209 =( NAMED_UNIT ( * ) SI_UNIT ( $, .STERADIAN. ) SOLID_ANGLE_UNIT ( ) );
#210 = CARTESIAN_POINT ( 'NONE',  ( -40.25000000000000000, 0.000000000000000000, -3.750000000000001776 ) ) ;
#211 = ADVANCED_FACE ( 'NONE', ( #305 ), #1601, .T. ) ;
#212 = LINE ( 'NONE', #863, #1060 ) ;
#213 = CARTESIAN_POINT ( 'NONE',  ( -9.667750061005371265, 9.500000000000000000, 11.09999999999999787 ) ) ;
#214 = CARTESIAN_POINT ( 'NONE',  ( -9.667750061005371265, 7.000000000000000000, 11.49999999999999822 ) ) ;
#215 = ORIENTED_EDGE ( 'NONE', *, *, #1562, .F. ) ;
#216 = CARTESIAN_POINT ( 'NONE',  ( 41.59691632810185524, 1.000000000000000000, 9.040603842019438119 ) ) ;
#217 = ORIENTED_EDGE ( 'NONE', *, *, #164, .T. ) ;
#218 = VERTEX_POINT ( 'NONE', #1934 ) ;
#219 = B_SPLINE_CURVE_WITH_KNOTS ( 'NONE', 3,
 ( #50, #1365, #1857, #391, #233, #883, #1529, #705, #1351, #2008 ),
 .UNSPECIFIED., .F., .F.,
 ( 4, 3, 3, 4 ),
 ( 7.152448122690996019E-18, 0.007739284343676658233, 0.01630187651182677874, 0.02486450321653047024 ),
 .UNSPECIFIED. ) ;
#220 = DIRECTION ( 'NONE',  ( 1.000000000000000000, 0.000000000000000000, 0.000000000000000000 ) ) ;
#221 = CARTESIAN_POINT ( 'NONE',  ( 8.500000000000000000, 9.500000000000000000, 8.999999999999998224 ) ) ;
#222 = VECTOR ( 'NONE', #220, 1000.000000000000000 ) ;
#223 = CARTESIAN_POINT ( 'NONE',  ( 15.02781344586309942, 0.9632622175411572618, -9.052053728914723152 ) ) ;
#224 = FACE_OUTER_BOUND ( 'NONE', #29, .T. ) ;
#225 = EDGE_CURVE ( 'NONE', #890, #1362, #639, .T. ) ;
#226 = EDGE_CURVE ( 'NONE', #1336, #1392, #693, .T. ) ;
#227 = FACE_OUTER_BOUND ( 'NONE', #517, .T. ) ;
#228 = VERTEX_POINT ( 'NONE', #1845 ) ;
#229 = DIRECTION ( 'NONE',  ( -1.000000000000000000, 0.000000000000000000, 0.000000000000000000 ) ) ;
#230 = VERTEX_POINT ( 'NONE', #1176 ) ;
#231 = B_SPLINE_CURVE_WITH_KNOTS ( 'NONE', 3,
 ( #1277, #1821, #1499, #849 ),
 .UNSPECIFIED., .F., .F.,
 ( 4, 4 ),
 ( 1.734723475976807094E-18, 0.02563143361762558470 ),
 .UNSPECIFIED. ) ;
#232 = LINE ( 'NONE', #1993, #1441 ) ;
#233 = CARTESIAN_POINT ( 'NONE',  ( -28.98152594742477106, 1.000000000000000444, -5.576921509032299440 ) ) ;
#234 = ORIENTED_EDGE ( 'NONE', *, *, #2020, .F. ) ;
#235 = CARTESIAN_POINT ( 'NONE',  ( 31.26541750629487737, 5.001415005815013082, -5.587146574223037732 ) ) ;
#236 = CARTESIAN_POINT ( 'NONE',  ( -23.17786138461536538, 0.8563833414167789648, -6.985615597403634247 ) ) ;
#237 = B_SPLINE_SURFACE_WITH_KNOTS ( 'NONE', 3, 3, ( 
 ( #1111, #1931, #635, #1941 ),
 ( #989, #2113, #1755, #957 ),
 ( #818, #1764, #966, #334 ),
 ( #658, #1301, #314, #1619 ) ),
 .UNSPECIFIED., .F., .F., .F.,
 ( 4, 4 ),
 ( 4, 4 ),
 ( 0.000000000000000000, 0.9792896088274041233 ),
 ( 0.000000000000000000, 0.9172586774218574046 ),
 .UNSPECIFIED. ) ;
#238 = CARTESIAN_POINT ( 'NONE',  ( 15.25000000000000178, 0.000000000000000000, 9.699999999999997513 ) ) ;
#239 = EDGE_CURVE ( 'NONE', #500, #984, #2079, .T. ) ;
#240 = ORIENTED_EDGE ( 'NONE', *, *, #1090, .T. ) ;
#241 = ORIENTED_EDGE ( 'NONE', *, *, #436, .T. ) ;
#242 = CARTESIAN_POINT ( 'NONE',  ( -15.25000000000000178, 7.000000000000000000, 12.69999999999999751 ) ) ;
#243 = VECTOR ( 'NONE', #411, 1000.000000000000000 ) ;
#244 = CARTESIAN_POINT ( 'NONE',  ( -9.667750061005371265, 9.500000000000000000, -11.49999999999999822 ) ) ;
#245 = ORIENTED_EDGE ( 'NONE', *, *, #1966, .F. ) ;
#246 = EDGE_CURVE ( 'NONE', #85, #1228, #803, .T. ) ;
#247 = AXIS2_PLACEMENT_3D ( 'NONE', #1054, #1997, #1686 ) ;
#248 = CARTESIAN_POINT ( 'NONE',  ( 39.45805713199135312, 2.728000416489638535, -2.935103868124092408 ) ) ;
#249 = VECTOR ( 'NONE', #445, 1000.000000000000000 ) ;
#250 = CARTESIAN_POINT ( 'NONE',  ( -39.25000000000000000, 5.500000000000000888, 2.750000000000000000 ) ) ;
#251 = CARTESIAN_POINT ( 'NONE',  ( -15.25000000000000355, 0.000000000000000000, -9.700000000000001066 ) ) ;
#252 = ORIENTED_EDGE ( 'NONE', *, *, #1748, .T. ) ;
#253 = AXIS2_PLACEMENT_3D ( 'NONE', #533, #1847, #548 ) ;
#254 = ORIENTED_EDGE ( 'NONE', *, *, #772, .T. ) ;
#255 = CARTESIAN_POINT ( 'NONE',  ( -9.667750061005371265, 9.500000000000000000, -11.49999999999999822 ) ) ;
#256 = CARTESIAN_POINT ( 'NONE',  ( 33.71770634773904618, 0.9999999999999995559, 4.380082393835557752 ) ) ;
#257 = EDGE_CURVE ( 'NONE', #743, #987, #51, .T. ) ;
#258 = CYLINDRICAL_SURFACE ( 'NONE', #1640, 0.3999999999999993006 ) ;
#259 = VECTOR ( 'NONE', #87, 1000.000000000000114 ) ;
#260 = CARTESIAN_POINT ( 'NONE',  ( 41.59691632810185524, 0.3939192985791677981, -8.780854969981943370 ) ) ;
#261 = FACE_OUTER_BOUND ( 'NONE', #183, .T. ) ;
#262 = ORIENTED_EDGE ( 'NONE', *, *, #643, .T. ) ;
#263 = VERTEX_POINT ( 'NONE', #1494 ) ;
#264 = MANIFOLD_SOLID_BREP ( 'Mirror3', #1139 ) ;
#265 = CARTESIAN_POINT ( 'NONE',  ( -39.25000000000000000, 7.000000000000000000, 2.304886114323221769 ) ) ;
#266 = CARTESIAN_POINT ( 'NONE',  ( -39.25000000000000000, 5.500000000000000888, 0.000000000000000000 ) ) ;
#267 = EDGE_CURVE ( 'NONE', #738, #1298, #740, .T. ) ;
#268 = DIRECTION ( 'NONE',  ( 0.000000000000000000, -1.000000000000000000, 0.000000000000000000 ) ) ;
#269 = CARTESIAN_POINT ( 'NONE',  ( 3.332249938994627403, 9.500000000000000000, 11.49999999999999822 ) ) ;
#270 = AXIS2_PLACEMENT_3D ( 'NONE', #316, #495, #800 ) ;
#271 = DIRECTION ( 'NONE',  ( 0.000000000000000000, -0.9191450300180578070, -0.3939192985791677981 ) ) ;
#272 = ADVANCED_FACE ( 'NONE', ( #382 ), #1081, .T. ) ;
#273 = ORIENTED_EDGE ( 'NONE', *, *, #205, .F. ) ;
#274 = ORIENTED_EDGE ( 'NONE', *, *, #1625, .F. ) ;
#275 = LINE ( 'NONE', #2077, #243 ) ;
#276 = ADVANCED_FACE ( 'NONE', ( #549 ), #2047, .F. ) ;
#277 = DIRECTION ( 'NONE',  ( -0.000000000000000000, 1.000000000000000000, 0.000000000000000000 ) ) ;
#278 = VECTOR ( 'NONE', #168, 1000.000000000000000 ) ;
#279 = CARTESIAN_POINT ( 'NONE',  ( 39.39519998881636553, 7.008356227106428804, 2.993904839350235658 ) ) ;
#280 = EDGE_CURVE ( 'NONE', #110, #218, #846, .T. ) ;
#281 = CARTESIAN_POINT ( 'NONE',  ( -40.25000000000000000, 5.500000000000000888, 2.750000000000000000 ) ) ;
#282 = VECTOR ( 'NONE', #967, 1000.000000000000000 ) ;
#283 = DIRECTION ( 'NONE',  ( 0.000000000000000000, 0.000000000000000000, 1.000000000000000000 ) ) ;
#284 = ORIENTED_EDGE ( 'NONE', *, *, #1457, .T. ) ;
#285 = ORIENTED_EDGE ( 'NONE', *, *, #985, .T. ) ;
#286 = DIRECTION ( 'NONE',  ( 1.000000000000000000, 0.000000000000000000, 0.000000000000000000 ) ) ;
#287 = LINE ( 'NONE', #933, #138 ) ;
#288 = CARTESIAN_POINT ( 'NONE',  ( 14.96633746355221994, 5.237658623193715890, 10.90090729138491454 ) ) ;
#289 = FACE_OUTER_BOUND ( 'NONE', #1865, .T. ) ;
#290 = EDGE_CURVE ( 'NONE', #1344, #1784, #1535, .T. ) ;
#291 = PLANE ( 'NONE',  #1122 ) ;
#292 = VECTOR ( 'NONE', #1662, 1000.000000000000000 ) ;
#293 = ORIENTED_EDGE ( 'NONE', *, *, #457, .T. ) ;
#294 = EDGE_CURVE ( 'NONE', #697, #964, #718, .T. ) ;
#295 = CARTESIAN_POINT ( 'NONE',  ( 8.500000000000000000, 7.000000000000000000, 8.999999999999998224 ) ) ;
#296 = CARTESIAN_POINT ( 'NONE',  ( -4.499999999999999112, 9.500000000000000000, 9.000000000000001776 ) ) ;
#297 = FACE_OUTER_BOUND ( 'NONE', #999, .T. ) ;
#298 = DIRECTION ( 'NONE',  ( -0.000000000000000000, 1.000000000000000000, 0.000000000000000000 ) ) ;
#299 = B_SPLINE_CURVE_WITH_KNOTS ( 'NONE', 3,
 ( #938, #762, #1746, #587, #931, #1072, #1723, #1062, #453, #1714 ),
 .UNSPECIFIED., .F., .F.,
 ( 4, 3, 3, 4 ),
 ( 8.673617379884034509E-19, 0.001934820123254251713, 0.003869640246162388796, 0.006527959167234694687 ),
 .UNSPECIFIED. ) ;
#300 = CARTESIAN_POINT ( 'NONE',  ( -15.00000000000000000, 7.000000000000000000, 11.61203241344800929 ) ) ;
#301 = ORIENTED_EDGE ( 'NONE', *, *, #1408, .F. ) ;
#302 = VERTEX_POINT ( 'NONE', #1215 ) ;
#303 = FACE_OUTER_BOUND ( 'NONE', #1950, .T. ) ;
#304 = DIRECTION ( 'NONE',  ( -0.000000000000000000, 1.000000000000000000, -0.000000000000000000 ) ) ;
#305 = FACE_OUTER_BOUND ( 'NONE', #1525, .T. ) ;
#306 = CARTESIAN_POINT ( 'NONE',  ( 39.24999999999999289, 5.710204937755310795, 3.030973342132658566 ) ) ;
#307 = VECTOR ( 'NONE', #2070, 1000.000000000000000 ) ;
#308 = CARTESIAN_POINT ( 'NONE',  ( 41.59691632810185524, 0.3939192985791677981, -8.780854969981943370 ) ) ;
#309 = VERTEX_POINT ( 'NONE', #562 ) ;
#310 = ORIENTED_EDGE ( 'NONE', *, *, #834, .T. ) ;
#311 = AXIS2_PLACEMENT_3D ( 'NONE', #1358, #853, #1026 ) ;
#312 = AXIS2_PLACEMENT_3D ( 'NONE', #481, #977, #2114 ) ;
#313 = AXIS2_PLACEMENT_3D ( 'NONE', #84, #737, #579 ) ;
#314 = CARTESIAN_POINT ( 'NONE',  ( -39.45805713199138864, 2.728000416489637647, 2.935103868124081306 ) ) ;
#315 = PLANE ( 'NONE',  #479 ) ;
#316 = CARTESIAN_POINT ( 'NONE',  ( 40.25000000000000000, 0.000000000000000000, -0.000000000000000000 ) ) ;
#317 = LINE ( 'NONE', #172, #518 ) ;
#318 = EDGE_CURVE ( 'NONE', #944, #218, #885, .T. ) ;
#319 = CARTESIAN_POINT ( 'NONE',  ( -8.499999999999998224, 9.500000000000000000, 8.999999999999998224 ) ) ;
#320 = ORIENTED_EDGE ( 'NONE', *, *, #1374, .T. ) ;
#321 = ORIENTED_EDGE ( 'NONE', *, *, #1574, .T. ) ;
#322 = VECTOR ( 'NONE', #535, 1000.000000000000000 ) ;
#323 = DIRECTION ( 'NONE',  ( 0.000000000000000000, -1.000000000000000000, 0.000000000000000000 ) ) ;
#324 = CARTESIAN_POINT ( 'NONE',  ( 41.59691632810185524, 7.000000000000000000, -11.61203241344801462 ) ) ;
#325 = DIRECTION ( 'NONE',  ( 2.168404344971008868E-16, -0.000000000000000000, 1.000000000000000000 ) ) ;
#326 = CARTESIAN_POINT ( 'NONE',  ( 10.50000000000000000, 7.000000000000000000, -11.49999999999999822 ) ) ;
#327 = EDGE_CURVE ( 'NONE', #1823, #815, #1230, .T. ) ;
#328 = DIRECTION ( 'NONE',  ( 0.000000000000000000, 0.000000000000000000, -1.000000000000000000 ) ) ;
#329 = EDGE_LOOP ( 'NONE', ( #1029, #1070, #1376, #4 ) ) ;
#330 = ORIENTED_EDGE ( 'NONE', *, *, #1178, .F. ) ;
#331 = ORIENTED_EDGE ( 'NONE', *, *, #472, .F. ) ;
#332 = EDGE_CURVE ( 'NONE', #963, #1887, #899, .T. ) ;
#333 = VECTOR ( 'NONE', #959, 1000.000000000000000 ) ;
#334 = CARTESIAN_POINT ( 'NONE',  ( -31.33114065813497007, 0.7235762820741152845, 4.932210775048439189 ) ) ;
#335 = CARTESIAN_POINT ( 'NONE',  ( 39.25000000000000000, 5.500000000000000888, 0.000000000000000000 ) ) ;
#336 = CARTESIAN_POINT ( 'NONE',  ( -39.25000000000000000, 1.000000000000000444, 2.973026360885461461 ) ) ;
#337 = CARTESIAN_POINT ( 'NONE',  ( 39.24999999999999289, 5.065310154977309409, 3.023331420098250177 ) ) ;
#338 = DIRECTION ( 'NONE',  ( 0.000000000000000000, -1.000000000000000000, 0.000000000000000000 ) ) ;
#339 = ORIENTED_EDGE ( 'NONE', *, *, #593, .T. ) ;
#340 = ORIENTED_EDGE ( 'NONE', *, *, #13, .F. ) ;
#341 = VERTEX_POINT ( 'NONE', #384 ) ;
#342 = VECTOR ( 'NONE', #2096, 1000.000000000000000 ) ;
#343 = DIRECTION ( 'NONE',  ( -0.000000000000000000, -0.9191450300180578070, -0.3939192985791676871 ) ) ;
#344 = DIRECTION ( 'NONE',  ( 0.000000000000000000, 0.9191450300180578070, -0.3939192985791677981 ) ) ;
#345 = AXIS2_PLACEMENT_3D ( 'NONE', #221, #1508, #873 ) ;
#346 = CARTESIAN_POINT ( 'NONE',  ( -15.09243026567527934, 7.000000000000002665, 11.61203241344800929 ) ) ;
#347 = LINE ( 'NONE', #2099, #1606 ) ;
#348 = DIRECTION ( 'NONE',  ( 1.000000000000000000, 0.000000000000000000, 0.000000000000000000 ) ) ;
#349 = ORIENTED_EDGE ( 'NONE', *, *, #1577, .F. ) ;
#350 = ORIENTED_EDGE ( 'NONE', *, *, #1033, .T. ) ;
#351 = EDGE_LOOP ( 'NONE', ( #1951, #2102, #1681, #1445, #1840, #1615, #2004, #510, #912, #1053, #1279, #120, #469, #1628, #1682, #1323, #1413, #1027, #16, #1312, #838, #836, #995, #632, #1058, #1400, #1009, #654 ) ) ;
#352 = ADVANCED_FACE ( 'NONE', ( #1387 ), #1860, .F. ) ;
#353 = CARTESIAN_POINT ( 'NONE',  ( 31.91666666666662167, 6.999999999999999112, 6.733333333333346715 ) ) ;
#354 = VERTEX_POINT ( 'NONE', #581 ) ;
#355 = LINE ( 'NONE', #9, #1061 ) ;
#356 = ORIENTED_EDGE ( 'NONE', *, *, #191, .F. ) ;
#357 = LINE ( 'NONE', #735, #147 ) ;
#358 = SURFACE_SIDE_STYLE ('',( #520 ) ) ;
#359 = CARTESIAN_POINT ( 'NONE',  ( -39.25000000000000000, 1.000000000000000444, 2.973026360885461461 ) ) ;
#360 = CARTESIAN_POINT ( 'NONE',  ( 39.42581836735286771, 4.868183264034972701, -2.963947537301789836 ) ) ;
#361 = CARTESIAN_POINT ( 'NONE',  ( -39.25000000000000711, 5.065310154977310297, -3.023331420098254618 ) ) ;
#362 = PLANE ( 'NONE',  #721 ) ;
#363 = VERTEX_POINT ( 'NONE', #1819 ) ;
#364 = ORIENTED_EDGE ( 'NONE', *, *, #1757, .T. ) ;
#365 = DIRECTION ( 'NONE',  ( -0.6246950475544241765, 0.000000000000000000, -0.7808688094430303872 ) ) ;
#366 = CARTESIAN_POINT ( 'NONE',  ( -9.980097584782583908, 7.000000000000000000, 10.85012198097822989 ) ) ;
#367 = EDGE_LOOP ( 'NONE', ( #468, #1154, #215, #676 ) ) ;
#368 = VERTEX_POINT ( 'NONE', #1661 ) ;
#369 = CARTESIAN_POINT ( 'NONE',  ( 0.000000000000000000, 9.499999999999998224, 0.000000000000000000 ) ) ;
#370 = CARTESIAN_POINT ( 'NONE',  ( 40.25010000000000332, 5.500000000000000888, 0.000000000000000000 ) ) ;
#371 = CARTESIAN_POINT ( 'NONE',  ( 15.00000000000000000, 0.3939192985791677981, -8.780854969981943370 ) ) ;
#372 = DIRECTION ( 'NONE',  ( -1.000000000000000000, -0.000000000000000000, -0.000000000000000000 ) ) ;
#373 = DIRECTION ( 'NONE',  ( 0.000000000000000000, -1.000000000000000000, 0.000000000000000000 ) ) ;
#374 = CARTESIAN_POINT ( 'NONE',  ( -9.980097584782583908, 9.500000000000000000, -10.85012198097822989 ) ) ;
#375 = ORIENTED_EDGE ( 'NONE', *, *, #1308, .F. ) ;
#376 = CARTESIAN_POINT ( 'NONE',  ( 39.25000000000000711, 7.000000000000000888, 3.045788534918735913 ) ) ;
#377 = ORIENTED_EDGE ( 'NONE', *, *, #608, .F. ) ;
#378 = ORIENTED_EDGE ( 'NONE', *, *, #1590, .T. ) ;
#379 = LINE ( 'NONE', #1031, #1896 ) ;
#380 = VECTOR ( 'NONE', #1205, 1000.000000000000227 ) ;
#381 = CARTESIAN_POINT ( 'NONE',  ( 39.24999999999999289, 1.000000000000000888, -2.973026360885468566 ) ) ;
#382 = FACE_OUTER_BOUND ( 'NONE', #1454, .T. ) ;
#383 = DIRECTION ( 'NONE',  ( 0.000000000000000000, 0.000000000000000000, -1.000000000000000000 ) ) ;
#384 = CARTESIAN_POINT ( 'NONE',  ( -9.667750061005371265, 9.500000000000000000, 11.49999999999999822 ) ) ;
#385 = CARTESIAN_POINT ( 'NONE',  ( -39.24999999999999289, 1.000000000000000888, -2.973026360885468566 ) ) ;
#386 = CARTESIAN_POINT ( 'NONE',  ( 8.500000000000000000, 7.000000000000000000, -8.999999999999998224 ) ) ;
#387 = ORIENTED_EDGE ( 'NONE', *, *, #1909, .T. ) ;
#388 = SHAPE_DEFINITION_REPRESENTATION ( #46, #2003 ) ;
#389 = ORIENTED_EDGE ( 'NONE', *, *, #225, .F. ) ;
#390 = PLANE ( 'NONE',  #53 ) ;
#391 = CARTESIAN_POINT ( 'NONE',  ( -31.74866355479911917, 1.000000000000000444, -4.877356607502282948 ) ) ;
#392 = VERTEX_POINT ( 'NONE', #1520 ) ;
#393 = VECTOR ( 'NONE', #192, 999.9999999999998863 ) ;
#394 = EDGE_CURVE ( 'NONE', #1344, #1100, #195, .T. ) ;
#395 = CARTESIAN_POINT ( 'NONE',  ( 14.99655587061015183, 3.100726554173150351, -9.975859531269819058 ) ) ;
#396 = LINE ( 'NONE', #1698, #2095 ) ;
#397 = PLANE ( 'NONE',  #687 ) ;
#398 = ORIENTED_EDGE ( 'NONE', *, *, #1408, .T. ) ;
#399 = ORIENTED_EDGE ( 'NONE', *, *, #829, .T. ) ;
#400 = EDGE_CURVE ( 'NONE', #529, #85, #212, .T. ) ;
#401 = CARTESIAN_POINT ( 'NONE',  ( -31.33114065813505533, 0.7235762820741098444, -4.932210775048421425 ) ) ;
#402 = FACE_OUTER_BOUND ( 'NONE', #70, .T. ) ;
#403 = ORIENTED_EDGE ( 'NONE', *, *, #1872, .T. ) ;
#404 = CARTESIAN_POINT ( 'NONE',  ( 39.49160592150126092, 0.5878039904253775649, -2.907790020887803806 ) ) ;
#405 = CARTESIAN_POINT ( 'NONE',  ( -39.25000000000000711, 4.387754230280977552, -3.015302467641580275 ) ) ;
#406 = CARTESIAN_POINT ( 'NONE',  ( 15.09243026567527934, 7.000000000000005329, 11.61203241344801107 ) ) ;
#407 = VERTEX_POINT ( 'NONE', #55 ) ;
#408 = DIRECTION ( 'NONE',  ( -0.000000000000000000, -0.000000000000000000, 1.000000000000000000 ) ) ;
#409 = ORIENTED_EDGE ( 'NONE', *, *, #97, .T. ) ;
#410 = EDGE_CURVE ( 'NONE', #2035, #713, #501, .T. ) ;
#411 = DIRECTION ( 'NONE',  ( -1.000000000000000000, 0.000000000000000000, 0.000000000000000000 ) ) ;
#412 = AXIS2_PLACEMENT_3D ( 'NONE', #1007, #182, #348 ) ;
#413 = LINE ( 'NONE', #1831, #902 ) ;
#414 = ORIENTED_EDGE ( 'NONE', *, *, #1555, .T. ) ;
#415 = VECTOR ( 'NONE', #565, 999.9999999999998863 ) ;
#416 = CARTESIAN_POINT ( 'NONE',  ( 15.25000000000000000, 7.000000000000000888, 12.69999999999999751 ) ) ;
#417 = VECTOR ( 'NONE', #93, 1000.000000000000000 ) ;
#418 = CARTESIAN_POINT ( 'NONE',  ( 40.25000000000000000, 0.000000000000000000, -1.250000000000001554 ) ) ;
#419 = CARTESIAN_POINT ( 'NONE',  ( 39.25000000000000000, 7.000000000000000000, -2.304886114323221769 ) ) ;
#420 = EDGE_CURVE ( 'NONE', #690, #230, #887, .T. ) ;
#421 = ORIENTED_EDGE ( 'NONE', *, *, #69, .F. ) ;
#422 = VECTOR ( 'NONE', #1032, 999.9999999999998863 ) ;
#423 = EDGE_LOOP ( 'NONE', ( #1939, #1938, #1359, #1930 ) ) ;
#424 = LINE ( 'NONE', #1739, #1564 ) ;
#425 = DIRECTION ( 'NONE',  ( 0.000000000000000000, 0.000000000000000000, 1.000000000000000000 ) ) ;
#426 = APPLICATION_CONTEXT ( 'automotive_design' ) ;
#427 = CARTESIAN_POINT ( 'NONE',  ( 23.08389419506060136, 7.269139704825327009, 8.865456730775603589 ) ) ;
#428 = VECTOR ( 'NONE', #125, 1000.000000000000000 ) ;
#429 = ADVANCED_FACE ( 'NONE', ( #1864 ), #397, .F. ) ;
#430 = CARTESIAN_POINT ( 'NONE',  ( 40.25000000000000000, 0.000000000000000000, -3.750000000000001776 ) ) ;
#431 = CARTESIAN_POINT ( 'NONE',  ( 3.332249938994628291, 9.500000000000000000, -11.49999999999999822 ) ) ;
#432 = ADVANCED_FACE ( 'NONE', ( #227 ), #1010, .T. ) ;
#433 = ORIENTED_EDGE ( 'NONE', *, *, #617, .T. ) ;
#434 = VERTEX_POINT ( 'NONE', #386 ) ;
#435 = DIRECTION ( 'NONE',  ( 1.000000000000000000, 0.000000000000000000, 0.000000000000000000 ) ) ;
#436 = EDGE_CURVE ( 'NONE', #1784, #2035, #1430, .T. ) ;
#437 = FACE_OUTER_BOUND ( 'NONE', #1970, .T. ) ;
#438 = CARTESIAN_POINT ( 'NONE',  ( -10.49999999999999822, 9.500000000000000000, 11.49999999999999822 ) ) ;
#439 = DIRECTION ( 'NONE',  ( 0.000000000000000000, -1.000000000000000000, 0.000000000000000000 ) ) ;
#440 = VECTOR ( 'NONE', #747, 999.9999999999998863 ) ;
#441 = CARTESIAN_POINT ( 'NONE',  ( -36.08333333333349202, 6.999999999999999112, -5.241666666666609409 ) ) ;
#442 = ORIENTED_EDGE ( 'NONE', *, *, #1025, .T. ) ;
#443 = ORIENTED_EDGE ( 'NONE', *, *, #956, .F. ) ;
#444 = LINE ( 'NONE', #1899, #1800 ) ;
#445 = DIRECTION ( 'NONE',  ( 0.000000000000000000, -1.000000000000000000, 0.000000000000000000 ) ) ;
#446 = VECTOR ( 'NONE', #40, 1000.000000000000000 ) ;
#447 = EDGE_CURVE ( 'NONE', #228, #188, #526, .T. ) ;
#448 = CARTESIAN_POINT ( 'NONE',  ( 15.10113940661645060, 5.814440157117401142, 11.10393533792690057 ) ) ;
#449 = DIRECTION ( 'NONE',  ( 0.6246950475544243986, 0.000000000000000000, -0.7808688094430301652 ) ) ;
#450 = VECTOR ( 'NONE', #774, 999.9999999999998863 ) ;
#451 = EDGE_CURVE ( 'NONE', #1172, #1512, #59, .T. ) ;
#452 = CARTESIAN_POINT ( 'NONE',  ( -19.41666666666672114, 0.000000000000000000, -8.708333333333321491 ) ) ;
#453 = CARTESIAN_POINT ( 'NONE',  ( -15.13103215045943983, 1.814440372993311623, -9.389649716159436110 ) ) ;
#454 = CARTESIAN_POINT ( 'NONE',  ( 3.332249938994627403, 9.500000000000000000, 11.49999999999999822 ) ) ;
#455 = DIRECTION ( 'NONE',  ( 0.000000000000000000, -1.000000000000000000, 0.000000000000000000 ) ) ;
#456 = CARTESIAN_POINT ( 'NONE',  ( -15.00000000000000000, 1.000000000000001776, -9.040603842019439895 ) ) ;
#457 = EDGE_CURVE ( 'NONE', #434, #815, #1523, .T. ) ;
#458 = CARTESIAN_POINT ( 'NONE',  ( 15.09243026567526336, 6.999999999999998224, -11.61203241344802350 ) ) ;
#459 = ORIENTED_EDGE ( 'NONE', *, *, #1302, .T. ) ;
#460 = VERTEX_POINT ( 'NONE', #1170 ) ;
#461 = LINE ( 'NONE', #1288, #278 ) ;
#462 = ADVANCED_FACE ( 'NONE', ( #686 ), #709, .T. ) ;
#463 = CARTESIAN_POINT ( 'NONE',  ( 8.500000000000000000, 9.500000000000000000, -8.999999999999998224 ) ) ;
#464 = B_SPLINE_CURVE_WITH_KNOTS ( 'NONE', 3,
 ( #1995, #1004, #845, #1164, #522, #36, #1495, #1818, #1193, #359 ),
 .UNSPECIFIED., .F., .F.,
 ( 4, 3, 3, 4 ),
 ( 0.000000000000000000, 0.001934820177287794761, 0.003967630668354419320, 0.006000441726156061951 ),
 .UNSPECIFIED. ) ;
#465 = DIRECTION ( 'NONE',  ( -0.9414860325703559019, -0.000000000000000000, 0.3370519996601873958 ) ) ;
#466 = FACE_OUTER_BOUND ( 'NONE', #1722, .T. ) ;
#467 = DIRECTION ( 'NONE',  ( 0.000000000000000000, 0.000000000000000000, 1.000000000000000000 ) ) ;
#468 = ORIENTED_EDGE ( 'NONE', *, *, #246, .F. ) ;
#469 = ORIENTED_EDGE ( 'NONE', *, *, #1988, .F. ) ;
#470 = FACE_OUTER_BOUND ( 'NONE', #351, .T. ) ;
#471 = CARTESIAN_POINT ( 'NONE',  ( 15.12823458043843594, 2.185558124397145363, -9.548700181046791968 ) ) ;
#472 = EDGE_CURVE ( 'NONE', #407, #110, #978, .T. ) ;
#473 = CARTESIAN_POINT ( 'NONE',  ( -15.12823458043844482, 2.185558124397148916, 9.548700181046784863 ) ) ;
#474 = CARTESIAN_POINT ( 'NONE',  ( 2.500000000000000444, 9.500000000000000000, 11.49999999999999822 ) ) ;
#475 = FACE_OUTER_BOUND ( 'NONE', #1691, .T. ) ;
#476 = ORIENTED_EDGE ( 'NONE', *, *, #170, .F. ) ;
#477 = ORIENTED_EDGE ( 'NONE', *, *, #1030, .F. ) ;
#478 = VECTOR ( 'NONE', #1207, 999.9999999999998863 ) ;
#479 = AXIS2_PLACEMENT_3D ( 'NONE', #958, #1943, #344 ) ;
#480 = DIRECTION ( 'NONE',  ( 0.000000000000000000, 0.000000000000000000, -1.000000000000000000 ) ) ;
#481 = CARTESIAN_POINT ( 'NONE',  ( 9.667750061005373041, 9.499999999999998224, -11.09999999999999787 ) ) ;
#482 = EDGE_CURVE ( 'NONE', #1008, #41, #186, .T. ) ;
#483 = CARTESIAN_POINT ( 'NONE',  ( 15.25000000000000000, 0.000000000000000000, -9.700000000000001066 ) ) ;
#484 = PLANE ( 'NONE',  #952 ) ;
#485 = ADVANCED_FACE ( 'NONE', ( #1851 ), #842, .F. ) ;
#486 = CARTESIAN_POINT ( 'NONE',  ( 9.980097584782585685, 9.500000000000000000, 10.85012198097822989 ) ) ;
#487 = EDGE_LOOP ( 'NONE', ( #293, #710, #1200, #785 ) ) ;
#488 = VERTEX_POINT ( 'NONE', #574 ) ;
#489 = ORIENTED_EDGE ( 'NONE', *, *, #1816, .F. ) ;
#490 = CIRCLE ( 'NONE', #1955, 0.3999999999999993006 ) ;
#491 = EDGE_CURVE ( 'NONE', #460, #701, #901, .T. ) ;
#492 = FACE_OUTER_BOUND ( 'NONE', #1188, .T. ) ;
#493 = DIRECTION ( 'NONE',  ( -0.000000000000000000, -0.9191450300180578070, -0.3939192985791676871 ) ) ;
#494 = EDGE_CURVE ( 'NONE', #1784, #1372, #1036, .T. ) ;
#495 = DIRECTION ( 'NONE',  ( -1.000000000000000000, 0.000000000000000000, 0.000000000000000000 ) ) ;
#496 = CARTESIAN_POINT ( 'NONE',  ( 15.00000000000000000, 1.000000000000000000, -9.040603842019443448 ) ) ;
#497 = CARTESIAN_POINT ( 'NONE',  ( 36.75018950618943592, 0.9999999999999995559, -3.610299162019751762 ) ) ;
#498 = ORIENTED_EDGE ( 'NONE', *, *, #2071, .T. ) ;
#499 = ORIENTED_EDGE ( 'NONE', *, *, #2071, .F. ) ;
#500 = VERTEX_POINT ( 'NONE', #1575 ) ;
#501 = B_SPLINE_CURVE_WITH_KNOTS ( 'NONE', 3,
 ( #1667, #1514, #867, #1824 ),
 .UNSPECIFIED., .F., .F.,
 ( 4, 4 ),
 ( 0.8073181485764298060, 1.000000000000000000 ),
 .UNSPECIFIED. ) ;
#502 = CARTESIAN_POINT ( 'NONE',  ( 39.25000000000000000, 0.000000000000000000, 0.000000000000000000 ) ) ;
#503 = CARTESIAN_POINT ( 'NONE',  ( 15.11488231464180920, 3.963896077239861704, -10.31084501797938380 ) ) ;
#504 = CARTESIAN_POINT ( 'NONE',  ( -28.18312908927594407, 1.000000000000000000, 5.778066219311784657 ) ) ;
#505 = CARTESIAN_POINT ( 'NONE',  ( -15.09243026567526336, 7.000000000000000000, -11.61203241344801995 ) ) ;
#506 = EDGE_CURVE ( 'NONE', #723, #1841, #2065, .T. ) ;
#507 = ADVANCED_FACE ( 'NONE', ( #1565 ), #291, .T. ) ;
#508 = LINE ( 'NONE', #1354, #981 ) ;
#509 = EDGE_CURVE ( 'NONE', #807, #1132, #951, .T. ) ;
#510 = ORIENTED_EDGE ( 'NONE', *, *, #2060, .F. ) ;
#511 = ORIENTED_EDGE ( 'NONE', *, *, #1973, .T. ) ;
#512 = EDGE_LOOP ( 'NONE', ( #1299, #443, #805, #1616 ) ) ;
#513 = AXIS2_PLACEMENT_3D ( 'NONE', #2092, #152, #467 ) ;
#514 = FACE_OUTER_BOUND ( 'NONE', #974, .T. ) ;
#515 = AXIS2_PLACEMENT_3D ( 'NONE', #1491, #555, #1853 ) ;
#516 = CARTESIAN_POINT ( 'NONE',  ( 39.24999999999998579, 4.387754230280975776, -3.015302467641582940 ) ) ;
#517 = EDGE_LOOP ( 'NONE', ( #68, #1399, #1467, #865 ) ) ;
#518 = VECTOR ( 'NONE', #1129, 999.9999999999998863 ) ;
#519 = DIRECTION ( 'NONE',  ( 0.000000000000000000, 1.000000000000000000, 0.000000000000000000 ) ) ;
#520 = SURFACE_STYLE_FILL_AREA ( #1980 ) ;
#521 = B_SPLINE_CURVE_WITH_KNOTS ( 'NONE', 3,
 ( #992, #671, #473, #660, #1120, #1611, #821, #1315, #1965, #346 ),
 .UNSPECIFIED., .F., .F.,
 ( 4, 3, 3, 4 ),
 ( 8.673617379884035472E-19, 0.001934820122691162641, 0.003869640245728877496, 0.006527959168571314738 ),
 .UNSPECIFIED. ) ;
#522 = CARTESIAN_POINT ( 'NONE',  ( -39.25000000000005684, 4.387754230280981105, 3.015302467641572282 ) ) ;
#523 = DIRECTION ( 'NONE',  ( -1.000000000000000000, -0.000000000000000000, -0.000000000000000000 ) ) ;
#524 = ORIENTED_EDGE ( 'NONE', *, *, #1178, .T. ) ;
#525 = ORIENTED_EDGE ( 'NONE', *, *, #1988, .T. ) ;
#526 = LINE ( 'NONE', #216, #1328 ) ;
#527 = DIRECTION ( 'NONE',  ( -1.000000000000000000, 0.000000000000000000, 0.000000000000000000 ) ) ;
#528 = ORIENTED_EDGE ( 'NONE', *, *, #929, .T. ) ;
#529 = VERTEX_POINT ( 'NONE', #604 ) ;
#530 = CARTESIAN_POINT ( 'NONE',  ( -39.45805713199136022, 2.728000416489638535, -2.935103868124091964 ) ) ;
#531 = LINE ( 'NONE', #746, #422 ) ;
#532 = DIRECTION ( 'NONE',  ( -0.000000000000000000, -1.000000000000000000, -0.000000000000000000 ) ) ;
#533 = CARTESIAN_POINT ( 'NONE',  ( 0.000000000000000000, 7.000000000000000000, 0.000000000000000000 ) ) ;
#534 = DIRECTION ( 'NONE',  ( -1.000000000000000000, 0.000000000000000000, 0.000000000000000000 ) ) ;
#535 = DIRECTION ( 'NONE',  ( -0.000000000000000000, 0.000000000000000000, 1.000000000000000000 ) ) ;
#536 = DIRECTION ( 'NONE',  ( 0.000000000000000000, -0.000000000000000000, 1.000000000000000000 ) ) ;
#537 = ORIENTED_EDGE ( 'NONE', *, *, #1850, .F. ) ;
#538 = DIRECTION ( 'NONE',  ( 0.000000000000000000, 0.000000000000000000, 1.000000000000000000 ) ) ;
#539 = PLANE ( 'NONE',  #1345 ) ;
#540 = ORIENTED_EDGE ( 'NONE', *, *, #1302, .F. ) ;
#541 = LINE ( 'NONE', #856, #1296 ) ;
#542 = ORIENTED_EDGE ( 'NONE', *, *, #1030, .T. ) ;
#543 = AXIS2_PLACEMENT_3D ( 'NONE', #1352, #1324, #1817 ) ;
#544 = LINE ( 'NONE', #1702, #1039 ) ;
#545 = PRODUCT_DEFINITION ( 'UNKNOWN', '', #591, #810 ) ;
#546 = CARTESIAN_POINT ( 'NONE',  ( 9.667750061005373041, 7.000000000000000000, -11.49999999999999822 ) ) ;
#547 = CARTESIAN_POINT ( 'NONE',  ( 40.25010000000000332, 5.500000000000000888, 2.750000000000000000 ) ) ;
#548 = DIRECTION ( 'NONE',  ( 0.000000000000000000, -0.000000000000000000, -1.000000000000000000 ) ) ;
#549 = FACE_OUTER_BOUND ( 'NONE', #1889, .T. ) ;
#550 = LINE ( 'NONE', #1388, #259 ) ;
#551 = CARTESIAN_POINT ( 'NONE',  ( 31.91666666666667496, 0.000000000000000000, 5.733333333333328952 ) ) ;
#552 = UNCERTAINTY_MEASURE_WITH_UNIT (LENGTH_MEASURE( 1.000000000000000082E-05 ), #203, 'distance_accuracy_value', 'NONE');
#553 = CIRCLE ( 'NONE', #778, 2.750000000000000000 ) ;
#554 = VERTEX_POINT ( 'NONE', #614 ) ;
#555 = DIRECTION ( 'NONE',  ( 0.000000000000000000, 0.000000000000000000, 1.000000000000000000 ) ) ;
#556 = ORIENTED_EDGE ( 'NONE', *, *, #895, .F. ) ;
#557 = FACE_OUTER_BOUND ( 'NONE', #1330, .T. ) ;
#558 = EDGE_CURVE ( 'NONE', #488, #1199, #584, .T. ) ;
#559 = DIRECTION ( 'NONE',  ( -3.522376571575256973E-17, 0.9191450300180579180, -0.3939192985791678536 ) ) ;
#560 = EDGE_CURVE ( 'NONE', #1827, #1218, #33, .T. ) ;
#561 = ORIENTED_EDGE ( 'NONE', *, *, #290, .F. ) ;
#562 = CARTESIAN_POINT ( 'NONE',  ( -39.25000000000000000, 1.000000000000000444, 2.973026360885461461 ) ) ;
#563 = CARTESIAN_POINT ( 'NONE',  ( -23.08389419506095308, 7.269139704825326120, -8.865456730775479244 ) ) ;
#564 = ADVANCED_FACE ( 'NONE', ( #261 ), #1390, .T. ) ;
#565 = DIRECTION ( 'NONE',  ( 0.6246950475544241765, 0.000000000000000000, -0.7808688094430303872 ) ) ;
#566 = VERTEX_POINT ( 'NONE', #419 ) ;
#567 = ORIENTED_EDGE ( 'NONE', *, *, #509, .F. ) ;
#568 = CARTESIAN_POINT ( 'NONE',  ( -31.23482418870492694, 7.140054930171502612, -5.916488317929024632 ) ) ;
#569 = LINE ( 'NONE', #1212, #78 ) ;
#570 = ORIENTED_EDGE ( 'NONE', *, *, #1421, .F. ) ;
#571 = VECTOR ( 'NONE', #1425, 1000.000000000000000 ) ;
#572 = DIRECTION ( 'NONE',  ( -1.000000000000000000, -0.000000000000000000, -0.000000000000000000 ) ) ;
#573 = CARTESIAN_POINT ( 'NONE',  ( -39.25000000000001421, 1.677547235455852270, -2.981772429277642189 ) ) ;
#574 = CARTESIAN_POINT ( 'NONE',  ( -3.019902415217414759, 7.000000000000000000, -10.85012198097822989 ) ) ;
#575 = ORIENTED_EDGE ( 'NONE', *, *, #2032, .F. ) ;
#576 = CARTESIAN_POINT ( 'NONE',  ( -15.00000000000000000, 1.000000000000000000, 8.999999999999998224 ) ) ;
#577 = VERTEX_POINT ( 'NONE', #1226 ) ;
#578 = DIRECTION ( 'NONE',  ( -0.000000000000000000, 1.000000000000000000, 0.000000000000000000 ) ) ;
#579 = DIRECTION ( 'NONE',  ( 0.000000000000000000, -0.9191450300180578070, -0.3939192985791677981 ) ) ;
#580 = VERTEX_POINT ( 'NONE', #1418 ) ;
#581 = CARTESIAN_POINT ( 'NONE',  ( 15.13721627127416802, 1.000000000000000000, -9.040603842019441672 ) ) ;
#582 = ADVANCED_FACE ( 'NONE', ( #1903 ), #1812, .T. ) ;
#583 = PLANE ( 'NONE',  #2040 ) ;
#584 = LINE ( 'NONE', #1744, #1597 ) ;
#585 = ORIENTED_EDGE ( 'NONE', *, *, #1269, .F. ) ;
#586 = ORIENTED_EDGE ( 'NONE', *, *, #927, .T. ) ;
#587 = CARTESIAN_POINT ( 'NONE',  ( -15.10553238783766616, 5.221660475459563244, -10.84988690293068103 ) ) ;
#588 = VECTOR ( 'NONE', #1578, 1000.000000000000000 ) ;
#589 = CARTESIAN_POINT ( 'NONE',  ( -9.667750061005371265, 9.500000000000000000, -11.09999999999999787 ) ) ;
#590 =( GEOMETRIC_REPRESENTATION_CONTEXT ( 3 ) GLOBAL_UNCERTAINTY_ASSIGNED_CONTEXT ( ( #1581 ) ) GLOBAL_UNIT_ASSIGNED_CONTEXT ( ( #1994, #861, #209 ) ) REPRESENTATION_CONTEXT ( 'NONE', 'WORKASPACE' ) );
#591 = PRODUCT_DEFINITION_FORMATION_WITH_SPECIFIED_SOURCE ( 'ANY', '', #1837, .NOT_KNOWN. ) ;
#592 = DIRECTION ( 'NONE',  ( 0.000000000000000000, -1.000000000000000000, 1.239088197126290817E-16 ) ) ;
#593 = EDGE_CURVE ( 'NONE', #1650, #1794, #1099, .T. ) ;
#594 = VECTOR ( 'NONE', #1052, 999.9999999999998863 ) ;
#595 = CARTESIAN_POINT ( 'NONE',  ( -15.25000000000000178, 7.000000000000000000, 12.69999999999999751 ) ) ;
#596 = DIRECTION ( 'NONE',  ( 0.000000000000000000, 0.000000000000000000, 1.000000000000000000 ) ) ;
#597 = ORIENTED_EDGE ( 'NONE', *, *, #1618, .T. ) ;
#598 = ORIENTED_EDGE ( 'NONE', *, *, #1379, .T. ) ;
#599 = CARTESIAN_POINT ( 'NONE',  ( 4.500000000000000888, 9.500000000000000000, -8.999999999999998224 ) ) ;
#600 = LINE ( 'NONE', #1917, #1600 ) ;
#601 = LINE ( 'NONE', #416, #440 ) ;
#602 = CIRCLE ( 'NONE', #792, 0.3999999999999993006 ) ;
#603 = DIRECTION ( 'NONE',  ( 0.000000000000000000, 0.9191450300180578070, -0.3939192985791677981 ) ) ;
#604 = CARTESIAN_POINT ( 'NONE',  ( 9.667750061005373041, 9.500000000000000000, -11.49999999999999822 ) ) ;
#605 = EDGE_LOOP ( 'NONE', ( #202, #25, #1782, #241, #837, #975, #1144, #665 ) ) ;
#606 = ORIENTED_EDGE ( 'NONE', *, *, #610, .F. ) ;
#607 = LINE ( 'NONE', #599, #922 ) ;
#608 = EDGE_CURVE ( 'NONE', #1754, #1745, #98, .T. ) ;
#609 = CARTESIAN_POINT ( 'NONE',  ( -3.332249938994626959, 9.500000000000000000, -11.09999999999999964 ) ) ;
#610 = EDGE_CURVE ( 'NONE', #623, #1887, #622, .T. ) ;
#611 = CARTESIAN_POINT ( 'NONE',  ( -3.019902415217414759, 7.000000000000000000, 10.85012198097822989 ) ) ;
#612 = DIRECTION ( 'NONE',  ( -0.000000000000000000, -1.000000000000000000, -0.000000000000000000 ) ) ;
#613 = CIRCLE ( 'NONE', #1522, 0.3999999999999993006 ) ;
#614 = CARTESIAN_POINT ( 'NONE',  ( 15.25000000000000711, 7.000000000000000000, 12.69999999999999751 ) ) ;
#615 = DIRECTION ( 'NONE',  ( -1.000000000000000000, 0.000000000000000000, 0.000000000000000000 ) ) ;
#616 = CARTESIAN_POINT ( 'NONE',  ( 23.58333333333334281, 0.000000000000000000, 7.716666666666662344 ) ) ;
#617 = EDGE_CURVE ( 'NONE', #851, #1065, #1920, .T. ) ;
#618 = VECTOR ( 'NONE', #972, 1000.000000000000000 ) ;
#619 = CARTESIAN_POINT ( 'NONE',  ( 23.14525500796247925, 2.994358277650716715, 7.610946547357174019 ) ) ;
#620 = CARTESIAN_POINT ( 'NONE',  ( 8.500000000000000000, 9.500000000000000000, -8.999999999999998224 ) ) ;
#621 = VECTOR ( 'NONE', #2013, 1000.000000000000227 ) ;
#622 = LINE ( 'NONE', #910, #725 ) ;
#623 = VERTEX_POINT ( 'NONE', #1554 ) ;
#624 = VERTEX_POINT ( 'NONE', #1709 ) ;
#625 = EDGE_CURVE ( 'NONE', #1530, #263, #903, .T. ) ;
#626 = CARTESIAN_POINT ( 'NONE',  ( 36.08333333333338544, 0.000000000000000000, -4.741666666666656482 ) ) ;
#627 = VECTOR ( 'NONE', #1981, 1000.000000000000000 ) ;
#628 = DIRECTION ( 'NONE',  ( 0.000000000000000000, 1.000000000000000000, 0.000000000000000000 ) ) ;
#629 = CARTESIAN_POINT ( 'NONE',  ( -15.00000000000000000, 7.000000000000000000, -8.999999999999998224 ) ) ;
#630 = DIRECTION ( 'NONE',  ( 0.000000000000000000, -0.000000000000000000, -1.000000000000000000 ) ) ;
#631 = CARTESIAN_POINT ( 'NONE',  ( 20.67642771072341645, 1.000000000000000444, -7.661041242804450313 ) ) ;
#632 = ORIENTED_EDGE ( 'NONE', *, *, #88, .T. ) ;
#633 = ORIENTED_EDGE ( 'NONE', *, *, #796, .F. ) ;
#634 = EDGE_CURVE ( 'NONE', #1984, #85, #1238, .T. ) ;
#635 = CARTESIAN_POINT ( 'NONE',  ( -14.99655587061015360, 3.100726554173150795, 9.975859531269817282 ) ) ;
#636 = CARTESIAN_POINT ( 'NONE',  ( -3.019902415217414759, 9.500000000000000000, 10.85012198097822989 ) ) ;
#637 = CARTESIAN_POINT ( 'NONE',  ( -33.71770634773904618, 1.000000000000000000, 4.380082393835559529 ) ) ;
#638 = CARTESIAN_POINT ( 'NONE',  ( 0.000000000000000000, 1.000000000000000000, 0.000000000000000000 ) ) ;
#639 = CIRCLE ( 'NONE', #543, 0.3999999999999993006 ) ;
#640 = CARTESIAN_POINT ( 'NONE',  ( 26.21362695425593259, 1.000000000000000444, -6.273480596113291341 ) ) ;
#641 = ORIENTED_EDGE ( 'NONE', *, *, #332, .T. ) ;
#642 = VERTEX_POINT ( 'NONE', #1727 ) ;
#643 = EDGE_CURVE ( 'NONE', #1218, #1392, #1977, .T. ) ;
#644 = LINE ( 'NONE', #7, #1260 ) ;
#645 = CARTESIAN_POINT ( 'NONE',  ( 3.332249938994628291, 7.000000000000000000, -11.49999999999999822 ) ) ;
#646 = EDGE_CURVE ( 'NONE', #1446, #690, #1327, .T. ) ;
#647 = DIRECTION ( 'NONE',  ( 0.000000000000000000, -1.000000000000000000, 0.000000000000000000 ) ) ;
#648 = CARTESIAN_POINT ( 'NONE',  ( 39.25000000000000000, 6.355101608504233113, 3.038457472728576469 ) ) ;
#649 = B_SPLINE_CURVE_WITH_KNOTS ( 'NONE', 3,
 ( #1656, #1620, #2097, #149, #516, #1813, #1964, #798, #1440, #2105 ),
 .UNSPECIFIED., .F., .F.,
 ( 4, 3, 3, 4 ),
 ( 0.000000000000000000, 0.001934820177287795628, 0.003967630668354419320, 0.006000441726156057615 ),
 .UNSPECIFIED. ) ;
#650 = VECTOR ( 'NONE', #1343, 1000.000000000000000 ) ;
#651 = ADVANCED_FACE ( 'NONE', ( #783 ), #1947, .T. ) ;
#652 = CARTESIAN_POINT ( 'NONE',  ( 3.332249938994627403, 9.500000000000000000, 11.09999999999999787 ) ) ;
#653 = ORIENTED_EDGE ( 'NONE', *, *, #1989, .F. ) ;
#654 = ORIENTED_EDGE ( 'NONE', *, *, #1189, .F. ) ;
#655 = ORIENTED_EDGE ( 'NONE', *, *, #2015, .F. ) ;
#656 = VECTOR ( 'NONE', #1380, 1000.000000000000114 ) ;
#657 = ADVANCED_FACE ( 'NONE', ( #1604 ), #1453, .T. ) ;
#658 = CARTESIAN_POINT ( 'NONE',  ( -39.39519998881636553, 7.008356227106428804, 2.993904839350235658 ) ) ;
#659 = CARTESIAN_POINT ( 'NONE',  ( 15.24999999999999645, 7.000000000000000000, -12.70000000000000107 ) ) ;
#660 = CARTESIAN_POINT ( 'NONE',  ( -15.12377634753674549, 2.778337394316468423, 9.802748439583636397 ) ) ;
#661 = LINE ( 'NONE', #1316, #1720 ) ;
#662 = CARTESIAN_POINT ( 'NONE',  ( 15.00000000000000000, 7.000000000000000000, -11.61203241344801462 ) ) ;
#663 = FACE_OUTER_BOUND ( 'NONE', #367, .T. ) ;
#664 = ORIENTED_EDGE ( 'NONE', *, *, #1618, .F. ) ;
#665 = ORIENTED_EDGE ( 'NONE', *, *, #1457, .F. ) ;
#666 = VECTOR ( 'NONE', #1434, 1000.000000000000000 ) ;
#667 = LINE ( 'NONE', #1775, #1843 ) ;
#668 = CARTESIAN_POINT ( 'NONE',  ( 15.00000000000000000, 0.9052577019546387271, 8.999999999999998224 ) ) ;
#669 = EDGE_CURVE ( 'NONE', #682, #1446, #1760, .T. ) ;
#670 = EDGE_CURVE ( 'NONE', #1298, #2023, #1626, .T. ) ;
#671 = CARTESIAN_POINT ( 'NONE',  ( -15.13271524571885251, 1.592778996715688233, 9.294651983469019996 ) ) ;
#672 = CARTESIAN_POINT ( 'NONE',  ( -39.24999999999999289, 6.999999999999997335, -3.045788534918747903 ) ) ;
#673 = DIRECTION ( 'NONE',  ( 0.000000000000000000, -0.3939192985791678536, -0.9191450300180579180 ) ) ;
#674 = ORIENTED_EDGE ( 'NONE', *, *, #1855, .T. ) ;
#675 = ORIENTED_EDGE ( 'NONE', *, *, #1774, .T. ) ;
#676 = ORIENTED_EDGE ( 'NONE', *, *, #945, .F. ) ;
#677 = DIRECTION ( 'NONE',  ( 0.7808688094430301652, 0.000000000000000000, -0.6246950475544243986 ) ) ;
#678 = CARTESIAN_POINT ( 'NONE',  ( 15.09839479226725167, 6.185558243187545102, -11.26298594624268112 ) ) ;
#679 = FILL_AREA_STYLE_COLOUR ( '', #105 ) ;
#680 = DIRECTION ( 'NONE',  ( 0.000000000000000000, -0.9191450300180579180, 0.3939192985791678536 ) ) ;
#681 = FACE_OUTER_BOUND ( 'NONE', #1793, .T. ) ;
#682 = VERTEX_POINT ( 'NONE', #1781 ) ;
#683 = ORIENTED_EDGE ( 'NONE', *, *, #1590, .F. ) ;
#684 = VERTEX_POINT ( 'NONE', #458 ) ;
#685 = AXIS2_PLACEMENT_3D ( 'NONE', #2061, #923, #1549 ) ;
#686 = FACE_OUTER_BOUND ( 'NONE', #1080, .T. ) ;
#687 = AXIS2_PLACEMENT_3D ( 'NONE', #732, #1690, #365 ) ;
#688 = LINE ( 'NONE', #1157, #1307 ) ;
#689 = ORIENTED_EDGE ( 'NONE', *, *, #2068, .F. ) ;
#690 = VERTEX_POINT ( 'NONE', #162 ) ;
#691 = AXIS2_PLACEMENT_3D ( 'NONE', #860, #1519, #1684 ) ;
#692 = PLANE ( 'NONE',  #1579 ) ;
#693 = LINE ( 'NONE', #547, #1083 ) ;
#694 = CARTESIAN_POINT ( 'NONE',  ( -39.25000000000000000, 5.500000000000000888, 0.000000000000000000 ) ) ;
#695 = CARTESIAN_POINT ( 'NONE',  ( 3.332249938994627403, 7.000000000000000000, 11.49999999999999822 ) ) ;
#696 = CARTESIAN_POINT ( 'NONE',  ( 40.25010000000000332, 7.000000000000000000, 2.304886114323221769 ) ) ;
#697 = VERTEX_POINT ( 'NONE', #1115 ) ;
#698 = CARTESIAN_POINT ( 'NONE',  ( 15.25000000000000178, 7.000000000000000000, 12.69999999999999751 ) ) ;
#699 = EDGE_CURVE ( 'NONE', #1228, #734, #1297, .T. ) ;
#700 = FACE_OUTER_BOUND ( 'NONE', #1182, .T. ) ;
#701 = VERTEX_POINT ( 'NONE', #1928 ) ;
#702 = ORIENTED_EDGE ( 'NONE', *, *, #736, .F. ) ;
#703 = CIRCLE ( 'NONE', #10, 2.750000000000000000 ) ;
#704 = CARTESIAN_POINT ( 'NONE',  ( 3.019902415217416536, 9.500000000000000000, -10.85012198097822811 ) ) ;
#705 = CARTESIAN_POINT ( 'NONE',  ( -20.67642771072341645, 0.9999999999999995559, -7.661041242804448537 ) ) ;
#706 = CARTESIAN_POINT ( 'NONE',  ( 22.64636373950477477, 1.000000000000000000, 7.167315778529416370 ) ) ;
#707 = CARTESIAN_POINT ( 'NONE',  ( 31.23482418870490918, 7.140054930171499947, -5.916488317929026408 ) ) ;
#708 = CARTESIAN_POINT ( 'NONE',  ( -39.25000000000000000, 3.032648703069731777, -2.998716821851040049 ) ) ;
#709 = CYLINDRICAL_SURFACE ( 'NONE', #311, 0.3999999999999993006 ) ;
#710 = ORIENTED_EDGE ( 'NONE', *, *, #1850, .T. ) ;
#711 = EDGE_CURVE ( 'NONE', #794, #1827, #962, .T. ) ;
#712 = DIRECTION ( 'NONE',  ( -1.000000000000000000, 0.000000000000000000, 0.000000000000000000 ) ) ;
#713 = VERTEX_POINT ( 'NONE', #144 ) ;
#714 = AXIS2_PLACEMENT_3D ( 'NONE', #1451, #325, #968 ) ;
#715 = DIRECTION ( 'NONE',  ( -0.6246950475544243986, 0.000000000000000000, 0.7808688094430301652 ) ) ;
#716 = CARTESIAN_POINT ( 'NONE',  ( -39.25000000000000711, 7.000000000000001776, 3.045788534918735913 ) ) ;
#717 = ADVANCED_FACE ( 'NONE', ( #793 ), #814, .F. ) ;
#718 = LINE ( 'NONE', #1367, #1884 ) ;
#719 = CARTESIAN_POINT ( 'NONE',  ( -39.25000000000000000, 6.355101608504230448, -3.038457472728581354 ) ) ;
#720 = CARTESIAN_POINT ( 'NONE',  ( 31.91666666666662167, 6.999999999999999112, 6.733333333333346715 ) ) ;
#721 = AXIS2_PLACEMENT_3D ( 'NONE', #1999, #536, #1181 ) ;
#722 = ORIENTED_EDGE ( 'NONE', *, *, #1748, .F. ) ;
#723 = VERTEX_POINT ( 'NONE', #662 ) ;
#724 = EDGE_CURVE ( 'NONE', #1745, #354, #1863, .T. ) ;
#725 = VECTOR ( 'NONE', #1270, 1000.000000000000000 ) ;
#726 = DIRECTION ( 'NONE',  ( 0.9728270868517947534, 0.000000000000000000, -0.2315328466707271271 ) ) ;
#727 = CARTESIAN_POINT ( 'NONE',  ( 39.25000000000000000, 1.000000000000000444, 2.973026360885461461 ) ) ;
#728 = ORIENTED_EDGE ( 'NONE', *, *, #400, .T. ) ;
#729 = AXIS2_PLACEMENT_3D ( 'NONE', #438, #1407, #1881 ) ;
#730 = CARTESIAN_POINT ( 'NONE',  ( -15.25000000000000000, 0.000000000000000000, -9.700000000000001066 ) ) ;
#731 = CARTESIAN_POINT ( 'NONE',  ( -39.25000000000000000, 3.710200345930470878, -3.007099328956250872 ) ) ;
#732 = CARTESIAN_POINT ( 'NONE',  ( -10.49999999999999822, 9.500000000000000000, -11.49999999999999822 ) ) ;
#733 = EDGE_LOOP ( 'NONE', ( #585, #252, #1806, #1142 ) ) ;
#734 = VERTEX_POINT ( 'NONE', #1474 ) ;
#735 = CARTESIAN_POINT ( 'NONE',  ( 40.25010000000000332, 5.500000000000000888, -2.750000000000000000 ) ) ;
#736 = EDGE_CURVE ( 'NONE', #1372, #1905, #553, .T. ) ;
#737 = DIRECTION ( 'NONE',  ( 0.000000000000000000, -0.3939192985791678536, 0.9191450300180579180 ) ) ;
#738 = VERTEX_POINT ( 'NONE', #319 ) ;
#739 = ADVANCED_FACE ( 'NONE', ( #475 ), #804, .F. ) ;
#740 = LINE ( 'NONE', #1697, #1708 ) ;
#741 = DIRECTION ( 'NONE',  ( 0.000000000000000000, -1.000000000000000000, 0.000000000000000000 ) ) ;
#742 = CARTESIAN_POINT ( 'NONE',  ( -15.25000000000000000, 7.000000000000000000, -12.70000000000000107 ) ) ;
#743 = VERTEX_POINT ( 'NONE', #300 ) ;
#744 = ORIENTED_EDGE ( 'NONE', *, *, #834, .F. ) ;
#745 = LINE ( 'NONE', #906, #31 ) ;
#746 = CARTESIAN_POINT ( 'NONE',  ( 8.500000000000000000, 7.000000000000000000, 8.999999999999998224 ) ) ;
#747 = DIRECTION ( 'NONE',  ( -3.522376571575256973E-17, -0.9191450300180579180, -0.3939192985791678536 ) ) ;
#748 = DIRECTION ( 'NONE',  ( 0.000000000000000000, -0.000000000000000000, 1.000000000000000000 ) ) ;
#749 = CARTESIAN_POINT ( 'NONE',  ( 15.00000000000000000, 1.000000000000000000, -0.000000000000000000 ) ) ;
#750 = ORIENTED_EDGE ( 'NONE', *, *, #646, .T. ) ;
#751 = CIRCLE ( 'NONE', #1944, 0.3999999999999993006 ) ;
#752 = VERTEX_POINT ( 'NONE', #2108 ) ;
#753 = CARTESIAN_POINT ( 'NONE',  ( 15.00000000000000000, 7.000000000000000000, -8.999999999999998224 ) ) ;
#754 = DIRECTION ( 'NONE',  ( 0.000000000000000000, -1.000000000000000000, 0.000000000000000000 ) ) ;
#755 = AXIS2_PLACEMENT_3D ( 'NONE', #1426, #758, #1410 ) ;
#756 = CARTESIAN_POINT ( 'NONE',  ( -15.13721627127416092, 0.9999999999999995559, 9.040603842019438119 ) ) ;
#757 = FACE_OUTER_BOUND ( 'NONE', #1477, .T. ) ;
#758 = DIRECTION ( 'NONE',  ( 0.000000000000000000, -1.000000000000000000, 0.000000000000000000 ) ) ;
#759 = ORIENTED_EDGE ( 'NONE', *, *, #225, .T. ) ;
#760 = ORIENTED_EDGE ( 'NONE', *, *, #257, .F. ) ;
#761 = EDGE_CURVE ( 'NONE', #684, #1557, #231, .T. ) ;
#762 = CARTESIAN_POINT ( 'NONE',  ( -15.09677146265742209, 6.407219996039194676, -11.35798384032195685 ) ) ;
#763 = CARTESIAN_POINT ( 'NONE',  ( -40.25000000000000000, 0.000000000000000000, 3.749999999999999112 ) ) ;
#764 = CARTESIAN_POINT ( 'NONE',  ( -15.13721627127416802, 1.000000000000000444, -9.040603842019439895 ) ) ;
#765 = AXIS2_PLACEMENT_3D ( 'NONE', #12, #1276, #812 ) ;
#766 = LINE ( 'NONE', #2075, #1689 ) ;
#767 = CARTESIAN_POINT ( 'NONE',  ( 40.25010000000000332, 5.500000000000000888, 2.750000000000000000 ) ) ;
#768 = EDGE_CURVE ( 'NONE', #1412, #1566, #942, .T. ) ;
#769 = CARTESIAN_POINT ( 'NONE',  ( 40.25000000000000000, 7.000000000000000888, -2.786590742881952298 ) ) ;
#770 = DIRECTION ( 'NONE',  ( 0.000000000000000000, 0.000000000000000000, 1.000000000000000000 ) ) ;
#771 = CARTESIAN_POINT ( 'NONE',  ( 31.23482418870457167, 7.140054930171501724, 5.916488317929147200 ) ) ;
#772 = EDGE_CURVE ( 'NONE', #1362, #1822, #23, .T. ) ;
#773 = CARTESIAN_POINT ( 'NONE',  ( -10.49999999999999822, 9.500000000000000000, 11.49999999999999822 ) ) ;
#774 = DIRECTION ( 'NONE',  ( 0.6246950475544241765, 0.000000000000000000, 0.7808688094430303872 ) ) ;
#775 = ORIENTED_EDGE ( 'NONE', *, *, #108, .F. ) ;
#776 = CARTESIAN_POINT ( 'NONE',  ( -8.500000000000000000, 7.000000000000000000, -8.999999999999998224 ) ) ;
#777 = DIRECTION ( 'NONE',  ( 1.000000000000000000, 0.000000000000000000, 0.000000000000000000 ) ) ;
#778 = AXIS2_PLACEMENT_3D ( 'NONE', #1285, #1937, #14 ) ;
#779 = FACE_OUTER_BOUND ( 'NONE', #1692, .T. ) ;
#780 = CARTESIAN_POINT ( 'NONE',  ( 40.25000000000000000, 7.000000000000000000, -3.750000000000001776 ) ) ;
#781 = VECTOR ( 'NONE', #408, 1000.000000000000000 ) ;
#782 = VECTOR ( 'NONE', #1769, 1000.000000000000000 ) ;
#783 = FACE_OUTER_BOUND ( 'NONE', #100, .T. ) ;
#784 = ORIENTED_EDGE ( 'NONE', *, *, #1757, .F. ) ;
#785 = ORIENTED_EDGE ( 'NONE', *, *, #1480, .T. ) ;
#786 = LINE ( 'NONE', #1281, #1093 ) ;
#787 = AXIS2_PLACEMENT_3D ( 'NONE', #589, #1598, #1244 ) ;
#788 = CARTESIAN_POINT ( 'NONE',  ( 9.980097584782585685, 9.500000000000000000, -10.85012198097822989 ) ) ;
#789 = EDGE_CURVE ( 'NONE', #2035, #1905, #1805, .T. ) ;
#790 = CARTESIAN_POINT ( 'NONE',  ( -40.25000000000000000, 7.000000000000000000, -3.750000000000001776 ) ) ;
#791 = CARTESIAN_POINT ( 'NONE',  ( 39.25000000000000000, 1.000000000000000444, 2.973026360885461461 ) ) ;
#792 = AXIS2_PLACEMENT_3D ( 'NONE', #1677, #1006, #1355 ) ;
#793 = FACE_OUTER_BOUND ( 'NONE', #1651, .T. ) ;
#794 = VERTEX_POINT ( 'NONE', #835 ) ;
#795 = ORIENTED_EDGE ( 'NONE', *, *, #888, .F. ) ;
#796 = EDGE_CURVE ( 'NONE', #1929, #1008, #1329, .T. ) ;
#797 = CARTESIAN_POINT ( 'NONE',  ( 23.58333333333341386, 0.000000000000000000, -7.716666666666649022 ) ) ;
#798 = CARTESIAN_POINT ( 'NONE',  ( 39.24999999999998579, 2.355096872194911484, -2.990334312419763219 ) ) ;
#799 = ADVANCED_FACE ( 'NONE', ( #681 ), #362, .T. ) ;
#800 = DIRECTION ( 'NONE',  ( 0.000000000000000000, 0.000000000000000000, -1.000000000000000000 ) ) ;
#801 = CARTESIAN_POINT ( 'NONE',  ( -31.20565014526679803, 7.000000000000000000, -5.924189858715410928 ) ) ;
#802 = ADVANCED_FACE ( 'NONE', ( #1836 ), #1165, .F. ) ;
#803 = CIRCLE ( 'NONE', #2012, 0.3999999999999993006 ) ;
#804 = CYLINDRICAL_SURFACE ( 'NONE', #948, 2.750000000000000000 ) ;
#805 = ORIENTED_EDGE ( 'NONE', *, *, #1204, .F. ) ;
#806 = ORIENTED_EDGE ( 'NONE', *, *, #643, .F. ) ;
#807 = VERTEX_POINT ( 'NONE', #214 ) ;
#808 = CARTESIAN_POINT ( 'NONE',  ( -39.25000000000000000, 5.500000000000000888, -2.750000000000000000 ) ) ;
#809 = DIRECTION ( 'NONE',  ( 0.000000000000000000, 1.000000000000000000, 0.000000000000000000 ) ) ;
#810 = PRODUCT_DEFINITION_CONTEXT ( 'detailed design', #426, 'design' ) ;
#811 = CARTESIAN_POINT ( 'NONE',  ( 4.500000000000000888, 9.500000000000000000, 8.999999999999998224 ) ) ;
#812 = DIRECTION ( 'NONE',  ( 0.000000000000000000, 0.000000000000000000, 1.000000000000000000 ) ) ;
#813 = VECTOR ( 'NONE', #976, 1000.000000000000000 ) ;
#814 = PLANE ( 'NONE',  #1496 ) ;
#815 = VERTEX_POINT ( 'NONE', #994 ) ;
#816 = ORIENTED_EDGE ( 'NONE', *, *, #1360, .T. ) ;
#817 = ORIENTED_EDGE ( 'NONE', *, *, #1940, .T. ) ;
#818 = CARTESIAN_POINT ( 'NONE',  ( -31.23482418870457167, 7.140054930171501724, 5.916488317929147200 ) ) ;
#819 = EDGE_CURVE ( 'NONE', #1905, #460, #1023, .T. ) ;
#820 = LINE ( 'NONE', #1799, #1020 ) ;
#821 = CARTESIAN_POINT ( 'NONE',  ( -15.11047087152293500, 4.556675642958511574, 10.56489340328737470 ) ) ;
#822 = DIRECTION ( 'NONE',  ( 0.000000000000000000, 0.000000000000000000, -1.000000000000000000 ) ) ;
#823 = CARTESIAN_POINT ( 'NONE',  ( 17.90712580454064451, 0.9999999999999991118, -8.352047676262863263 ) ) ;
#824 = ORIENTED_EDGE ( 'NONE', *, *, #509, .T. ) ;
#825 = ORIENTED_EDGE ( 'NONE', *, *, #48, .T. ) ;
#826 = ORIENTED_EDGE ( 'NONE', *, *, #1308, .T. ) ;
#827 = VECTOR ( 'NONE', #449, 1000.000000000000114 ) ;
#828 = CARTESIAN_POINT ( 'NONE',  ( 15.25000000000000000, 7.000000000000000000, -12.70000000000000107 ) ) ;
#829 = EDGE_CURVE ( 'NONE', #2093, #1008, #1678, .T. ) ;
#830 = CARTESIAN_POINT ( 'NONE',  ( 3.332249938994627403, 9.499999999999998224, 11.09999999999999787 ) ) ;
#831 = LINE ( 'NONE', #150, #971 ) ;
#832 = DIRECTION ( 'NONE',  ( 0.000000000000000000, -1.000000000000000000, 0.000000000000000000 ) ) ;
#833 = EDGE_CURVE ( 'NONE', #577, #263, #508, .T. ) ;
#834 = EDGE_CURVE ( 'NONE', #1991, #368, #1890, .T. ) ;
#835 = CARTESIAN_POINT ( 'NONE',  ( -40.25000000000000000, 7.000000000000000000, -3.750000000000001776 ) ) ;
#836 = ORIENTED_EDGE ( 'NONE', *, *, #918, .F. ) ;
#837 = ORIENTED_EDGE ( 'NONE', *, *, #410, .T. ) ;
#838 = ORIENTED_EDGE ( 'NONE', *, *, #1423, .T. ) ;
#839 = CARTESIAN_POINT ( 'NONE',  ( 15.25000000000000000, 0.000000000000000000, -9.700000000000001066 ) ) ;
#840 = DIRECTION ( 'NONE',  ( 1.000000000000000000, 0.000000000000000000, -0.000000000000000000 ) ) ;
#841 = ORIENTED_EDGE ( 'NONE', *, *, #1045, .T. ) ;
#842 = B_SPLINE_SURFACE_WITH_KNOTS ( 'NONE', 3, 1, ( 
 ( #698, #238 ),
 ( #1346, #2041 ),
 ( #1047, #2001 ),
 ( #720, #551 ),
 ( #1197, #1839 ),
 ( #2027, #1699 ) ),
 .UNSPECIFIED., .F., .F., .F.,
 ( 4, 2, 4 ),
 ( 2, 2 ),
 ( 0.000000000000000000, 0.5000000000000000000, 1.000000000000000000 ),
 ( 0.000000000000000000, 1.000000000000000000 ),
 .UNSPECIFIED. ) ;
#843 = VERTEX_POINT ( 'NONE', #1221 ) ;
#844 = DIRECTION ( 'NONE',  ( -1.000000000000000000, -0.000000000000000000, -0.000000000000000000 ) ) ;
#845 = CARTESIAN_POINT ( 'NONE',  ( -39.25000000000005684, 5.710204937755313459, 3.030973342132654569 ) ) ;
#846 = LINE ( 'NONE', #730, #1295 ) ;
#847 = EDGE_CURVE ( 'NONE', #697, #363, #424, .T. ) ;
#848 = DIRECTION ( 'NONE',  ( 0.7808688094430303872, 0.000000000000000000, -0.6246950475544241765 ) ) ;
#849 = CARTESIAN_POINT ( 'NONE',  ( 39.24999999999998579, 6.999999999999997335, -3.045788534918747903 ) ) ;
#850 = ORIENTED_EDGE ( 'NONE', *, *, #97, .F. ) ;
#851 = VERTEX_POINT ( 'NONE', #1558 ) ;
#852 = VECTOR ( 'NONE', #1126, 1000.000000000000000 ) ;
#853 = DIRECTION ( 'NONE',  ( 0.000000000000000000, -1.000000000000000000, 0.000000000000000000 ) ) ;
#854 = CARTESIAN_POINT ( 'NONE',  ( 19.41666666666663588, 6.999999999999999112, 11.20833333333334103 ) ) ;
#855 = ORIENTED_EDGE ( 'NONE', *, *, #131, .F. ) ;
#856 = CARTESIAN_POINT ( 'NONE',  ( 41.59691632810185524, 7.000000000000000000, -11.61203241344801462 ) ) ;
#857 = VERTEX_POINT ( 'NONE', #265 ) ;
#858 = AXIS2_PLACEMENT_3D ( 'NONE', #2053, #1724, #1560 ) ;
#859 = CARTESIAN_POINT ( 'NONE',  ( -3.019902415217414759, 9.500000000000000000, -10.85012198097822989 ) ) ;
#860 = CARTESIAN_POINT ( 'NONE',  ( -9.667750061005371265, 9.500000000000000000, 11.09999999999999787 ) ) ;
#861 =( NAMED_UNIT ( * ) PLANE_ANGLE_UNIT ( ) SI_UNIT ( $, .RADIAN. ) );
#862 = CARTESIAN_POINT ( 'NONE',  ( -9.667750061005371265, 9.500000000000000000, 11.49999999999999822 ) ) ;
#863 = CARTESIAN_POINT ( 'NONE',  ( 10.50000000000000000, 9.500000000000000000, -11.49999999999999822 ) ) ;
#864 = CARTESIAN_POINT ( 'NONE',  ( -39.25000000000000000, 2.355096872194911928, -2.990334312419764107 ) ) ;
#865 = ORIENTED_EDGE ( 'NONE', *, *, #669, .F. ) ;
#866 = ADVANCED_FACE ( 'NONE', ( #2044 ), #1587, .T. ) ;
#867 = CARTESIAN_POINT ( 'NONE',  ( 40.25000000000000000, 7.000000000000000000, 3.268295371441072295 ) ) ;
#868 = ORIENTED_EDGE ( 'NONE', *, *, #724, .F. ) ;
#869 = EDGE_LOOP ( 'NONE', ( #127, #254, #1278, #199 ) ) ;
#870 = AXIS2_PLACEMENT_3D ( 'NONE', #1751, #1591, #133 ) ;
#871 = EDGE_CURVE ( 'NONE', #1841, #263, #92, .T. ) ;
#872 = FACE_OUTER_BOUND ( 'NONE', #1160, .T. ) ;
#873 = DIRECTION ( 'NONE',  ( -0.6246950475544241765, 0.000000000000000000, -0.7808688094430303872 ) ) ;
#874 = EDGE_CURVE ( 'NONE', #554, #642, #275, .T. ) ;
#875 = B_SPLINE_CURVE_WITH_KNOTS ( 'NONE', 3,
 ( #505, #1443, #801, #672 ),
 .UNSPECIFIED., .F., .F.,
 ( 4, 4 ),
 ( 1.734723475976807094E-18, 0.02563143361762559858 ),
 .UNSPECIFIED. ) ;
#876 = DIRECTION ( 'NONE',  ( 1.000000000000000000, 0.000000000000000000, 0.000000000000000000 ) ) ;
#877 = CARTESIAN_POINT ( 'NONE',  ( -15.02781344586309942, 0.9632622175411572618, -9.052053728914723152 ) ) ;
#878 = EDGE_CURVE ( 'NONE', #997, #165, #121, .T. ) ;
#879 = CARTESIAN_POINT ( 'NONE',  ( 40.25000000000000000, 0.000000000000000000, -3.750000000000001776 ) ) ;
#880 = ORIENTED_EDGE ( 'NONE', *, *, #1829, .T. ) ;
#881 = ORIENTED_EDGE ( 'NONE', *, *, #871, .F. ) ;
#882 = PLANE ( 'NONE',  #961 ) ;
#883 = CARTESIAN_POINT ( 'NONE',  ( -26.21362695425593259, 0.9999999999999995559, -6.273480596113289565 ) ) ;
#884 = ORIENTED_EDGE ( 'NONE', *, *, #796, .T. ) ;
#885 = LINE ( 'NONE', #1377, #380 ) ;
#886 = DIRECTION ( 'NONE',  ( -1.000000000000000000, 0.000000000000000000, 2.168404344971008868E-16 ) ) ;
#887 = LINE ( 'NONE', #27, #1151 ) ;
#888 = EDGE_CURVE ( 'NONE', #898, #17, #299, .T. ) ;
#889 = VECTOR ( 'NONE', #983, 1000.000000000000000 ) ;
#890 = VERTEX_POINT ( 'NONE', #255 ) ;
#891 = ORIENTED_EDGE ( 'NONE', *, *, #625, .F. ) ;
#892 = VECTOR ( 'NONE', #372, 1000.000000000000000 ) ;
#893 = EDGE_CURVE ( 'NONE', #1348, #302, #745, .T. ) ;
#894 = CARTESIAN_POINT ( 'NONE',  ( -4.499999999999999112, 9.500000000000000000, -9.000000000000001776 ) ) ;
#895 = EDGE_CURVE ( 'NONE', #734, #1172, #607, .T. ) ;
#896 = AXIS2_PLACEMENT_3D ( 'NONE', #1084, #1732, #130 ) ;
#897 = CARTESIAN_POINT ( 'NONE',  ( 15.25000000000000000, -8.530011551306916171E-16, -9.700000000000001066 ) ) ;
#898 = VERTEX_POINT ( 'NONE', #1252 ) ;
#899 = LINE ( 'NONE', #1834, #621 ) ;
#900 = LINE ( 'NONE', #1055, #1210 ) ;
#901 = B_SPLINE_CURVE_WITH_KNOTS ( 'NONE', 3,
 ( #376, #1217, #1875, #406 ),
 .UNSPECIFIED., .F., .F.,
 ( 4, 4 ),
 ( 0.000000000000000000, 0.02563143154429194798 ),
 .UNSPECIFIED. ) ;
#902 = VECTOR ( 'NONE', #1041, 1000.000000000000000 ) ;
#903 = LINE ( 'NONE', #749, #982 ) ;
#904 = ORIENTED_EDGE ( 'NONE', *, *, #170, .T. ) ;
#905 = ORIENTED_EDGE ( 'NONE', *, *, #789, .T. ) ;
#906 = CARTESIAN_POINT ( 'NONE',  ( -3.332249938994626959, 9.500000000000000000, 11.50000000000000000 ) ) ;
#907 = DIRECTION ( 'NONE',  ( 0.000000000000000000, 0.000000000000000000, 1.000000000000000000 ) ) ;
#908 = CARTESIAN_POINT ( 'NONE',  ( 15.12488648410225167, 2.628880993654630238, 9.738695696442851713 ) ) ;
#909 = FACE_OUTER_BOUND ( 'NONE', #1335, .T. ) ;
#910 = CARTESIAN_POINT ( 'NONE',  ( -40.25000000000000000, 3.500000000000000000, 3.749999999999998668 ) ) ;
#911 = ORIENTED_EDGE ( 'NONE', *, *, #267, .F. ) ;
#912 = ORIENTED_EDGE ( 'NONE', *, *, #761, .T. ) ;
#913 = DIRECTION ( 'NONE',  ( -0.000000000000000000, 1.000000000000000000, -0.000000000000000000 ) ) ;
#914 = VECTOR ( 'NONE', #1066, 1000.000000000000000 ) ;
#915 = CYLINDRICAL_SURFACE ( 'NONE', #1332, 2.750000000000000000 ) ;
#916 = CARTESIAN_POINT ( 'NONE',  ( 39.42581836735288903, 4.868183264034970925, 2.963947537301780066 ) ) ;
#917 = PLANE ( 'NONE',  #179 ) ;
#918 = EDGE_CURVE ( 'NONE', #1065, #190, #101, .T. ) ;
#919 = DIRECTION ( 'NONE',  ( 0.000000000000000000, -0.3939192985791678536, 0.9191450300180579180 ) ) ;
#920 = EDGE_LOOP ( 'NONE', ( #389, #1773, #1133, #1858 ) ) ;
#921 = ORIENTED_EDGE ( 'NONE', *, *, #634, .T. ) ;
#922 = VECTOR ( 'NONE', #435, 1000.000000000000000 ) ;
#923 = DIRECTION ( 'NONE',  ( 0.000000000000000000, -1.000000000000000000, 0.000000000000000000 ) ) ;
#924 = CARTESIAN_POINT ( 'NONE',  ( 40.25010000000000332, 5.500000000000000888, 0.000000000000000000 ) ) ;
#925 = CARTESIAN_POINT ( 'NONE',  ( 23.11383355139396656, 5.131906766433052880, 8.237677953474078052 ) ) ;
#926 = CARTESIAN_POINT ( 'NONE',  ( 40.25010000000000332, 5.500000000000000888, 0.000000000000000000 ) ) ;
#927 = EDGE_CURVE ( 'NONE', #1310, #1991, #1428, .T. ) ;
#928 = CARTESIAN_POINT ( 'NONE',  ( -3.332249938994626959, 9.500000000000000000, 11.09999999999999964 ) ) ;
#929 = EDGE_CURVE ( 'NONE', #690, #1310, #2052, .T. ) ;
#930 = ORIENTED_EDGE ( 'NONE', *, *, #1326, .T. ) ;
#931 = CARTESIAN_POINT ( 'NONE',  ( -15.10992536905839501, 4.628880793865264742, -10.59583846796169482 ) ) ;
#932 = EDGE_CURVE ( 'NONE', #1929, #2028, #444, .T. ) ;
#933 = CARTESIAN_POINT ( 'NONE',  ( -2.499999999999998668, 7.000000000000000000, 11.50000000000000000 ) ) ;
#934 = CARTESIAN_POINT ( 'NONE',  ( 14.99655587061015183, 3.100726554173150351, 9.975859531269815506 ) ) ;
#935 = PLANE ( 'NONE',  #870 ) ;
#936 = CARTESIAN_POINT ( 'NONE',  ( -40.25000000000000000, 7.000000000000000000, -3.750000000000001776 ) ) ;
#937 = ORIENTED_EDGE ( 'NONE', *, *, #1003, .F. ) ;
#938 = CARTESIAN_POINT ( 'NONE',  ( -15.09243026567526336, 7.000000000000000000, -11.61203241344801995 ) ) ;
#939 = LINE ( 'NONE', #1740, #1982 ) ;
#940 = CARTESIAN_POINT ( 'NONE',  ( 14.93743308164234129, 7.374182264594168146, 11.82690804928027362 ) ) ;
#941 = DIRECTION ( 'NONE',  ( 0.000000000000000000, -0.3939192985791678536, -0.9191450300180579180 ) ) ;
#942 = LINE ( 'NONE', #1983, #446 ) ;
#943 = ORIENTED_EDGE ( 'NONE', *, *, #1481, .F. ) ;
#944 = VERTEX_POINT ( 'NONE', #1731 ) ;
#945 = EDGE_CURVE ( 'NONE', #1228, #1650, #1570, .T. ) ;
#946 = CARTESIAN_POINT ( 'NONE',  ( -4.499999999999997335, 7.000000000000000000, 8.999999999999998224 ) ) ;
#947 = DIRECTION ( 'NONE',  ( -1.000000000000000000, -0.000000000000000000, -0.000000000000000000 ) ) ;
#948 = AXIS2_PLACEMENT_3D ( 'NONE', #1317, #1592, #1752 ) ;
#949 = CARTESIAN_POINT ( 'NONE',  ( -15.00000000000000000, 1.000000000000000000, 0.000000000000000000 ) ) ;
#950 = CARTESIAN_POINT ( 'NONE',  ( 39.24999999999999289, 3.710200345930470434, 3.007099328956246875 ) ) ;
#951 = CIRCLE ( 'NONE', #755, 0.3999999999999993006 ) ;
#952 = AXIS2_PLACEMENT_3D ( 'NONE', #474, #1121, #2107 ) ;
#953 = CARTESIAN_POINT ( 'NONE',  ( 9.667750061005373041, 7.000000000000000000, 11.09999999999999787 ) ) ;
#954 = EDGE_LOOP ( 'NONE', ( #1617, #45, #1286, #633 ) ) ;
#955 = ORIENTED_EDGE ( 'NONE', *, *, #1550, .F. ) ;
#956 = EDGE_CURVE ( 'NONE', #165, #1344, #1883, .T. ) ;
#957 = CARTESIAN_POINT ( 'NONE',  ( -23.17786138461526235, 0.8563833414167836278, 6.985615597403660004 ) ) ;
#958 = CARTESIAN_POINT ( 'NONE',  ( 41.59691632810185524, 0.000000000000000000, -9.700000000000001066 ) ) ;
#959 = DIRECTION ( 'NONE',  ( 1.000000000000000000, 0.000000000000000000, 0.000000000000000000 ) ) ;
#960 = CARTESIAN_POINT ( 'NONE',  ( 4.500000000000000888, 9.500000000000000000, 8.999999999999998224 ) ) ;
#961 = AXIS2_PLACEMENT_3D ( 'NONE', #894, #62, #715 ) ;
#962 = LINE ( 'NONE', #2100, #618 ) ;
#963 = VERTEX_POINT ( 'NONE', #1101 ) ;
#964 = VERTEX_POINT ( 'NONE', #295 ) ;
#965 = EDGE_LOOP ( 'NONE', ( #109, #2069, #1014, #356, #1223, #489, #81, #2110, #320, #904, #664, #1116, #1962, #1124, #1826, #1492 ) ) ;
#966 = CARTESIAN_POINT ( 'NONE',  ( -31.29762628755343457, 2.862609422672457882, 5.258916066636106557 ) ) ;
#967 = DIRECTION ( 'NONE',  ( -1.000000000000000000, 0.000000000000000000, 0.000000000000000000 ) ) ;
#968 = DIRECTION ( 'NONE',  ( 1.000000000000000000, 0.000000000000000000, -2.168404344971008868E-16 ) ) ;
#969 = LINE ( 'NONE', #161, #1542 ) ;
#970 = ADVANCED_FACE ( 'NONE', ( #303 ), #237, .F. ) ;
#971 = VECTOR ( 'NONE', #1293, 1000.000000000000000 ) ;
#972 = DIRECTION ( 'NONE',  ( -0.000000000000000000, -0.000000000000000000, 1.000000000000000000 ) ) ;
#973 = ORIENTED_EDGE ( 'NONE', *, *, #893, .F. ) ;
#974 = EDGE_LOOP ( 'NONE', ( #955, #641, #99, #524, #15, #331, #176, #245 ) ) ;
#975 = ORIENTED_EDGE ( 'NONE', *, *, #42, .T. ) ;
#976 = DIRECTION ( 'NONE',  ( 0.000000000000000000, 0.000000000000000000, -1.000000000000000000 ) ) ;
#977 = DIRECTION ( 'NONE',  ( -0.000000000000000000, 1.000000000000000000, 0.000000000000000000 ) ) ;
#978 = B_SPLINE_CURVE_WITH_KNOTS ( 'NONE', 3,
 ( #879, #1333, #1186, #1503, #2016, #839 ),
 .UNSPECIFIED., .F., .F.,
 ( 4, 2, 4 ),
 ( 0.000000000000000000, 0.5000000000000000000, 1.000000000000000000 ),
 .UNSPECIFIED. ) ;
#979 = PLANE ( 'NONE',  #1184 ) ;
#980 = LINE ( 'NONE', #1935, #988 ) ;
#981 = VECTOR ( 'NONE', #286, 1000.000000000000000 ) ;
#982 = VECTOR ( 'NONE', #596, 1000.000000000000000 ) ;
#983 = DIRECTION ( 'NONE',  ( 0.000000000000000000, -1.000000000000000000, 0.000000000000000000 ) ) ;
#984 = VERTEX_POINT ( 'NONE', #1608 ) ;
#985 = EDGE_CURVE ( 'NONE', #743, #392, #644, .T. ) ;
#986 = ORIENTED_EDGE ( 'NONE', *, *, #1423, .F. ) ;
#987 = VERTEX_POINT ( 'NONE', #1952 ) ;
#988 = VECTOR ( 'NONE', #1636, 1000.000000000000000 ) ;
#989 = CARTESIAN_POINT ( 'NONE',  ( -23.08389419506060136, 7.269139704825327009, 8.865456730775603589 ) ) ;
#990 = LINE ( 'NONE', #1361, #781 ) ;
#991 = ADVANCED_FACE ( 'NONE', ( #492 ), #1458, .T. ) ;
#992 = CARTESIAN_POINT ( 'NONE',  ( -15.13721627127416092, 0.9999999999999995559, 9.040603842019438119 ) ) ;
#993 = FACE_OUTER_BOUND ( 'NONE', #1870, .T. ) ;
#994 = CARTESIAN_POINT ( 'NONE',  ( 9.980097584782587461, 7.000000000000000000, -10.85012198097822989 ) ) ;
#995 = ORIENTED_EDGE ( 'NONE', *, *, #1169, .F. ) ;
#996 = EDGE_LOOP ( 'NONE', ( #525, #284, #1203, #364 ) ) ;
#997 = VERTEX_POINT ( 'NONE', #1785 ) ;
#998 = CARTESIAN_POINT ( 'NONE',  ( 10.50000000000000000, 9.500000000000000000, -11.49999999999999822 ) ) ;
#999 = EDGE_LOOP ( 'NONE', ( #1125, #75, #90, #340 ) ) ;
#1000 = CARTESIAN_POINT ( 'NONE',  ( 36.08333333333349202, 6.999999999999999112, -5.241666666666609409 ) ) ;
#1001 = ORIENTED_EDGE ( 'NONE', *, *, #1642, .T. ) ;
#1002 = CARTESIAN_POINT ( 'NONE',  ( -40.25000000000000000, 7.000000000000000000, 3.749999999999998224 ) ) ;
#1003 = EDGE_CURVE ( 'NONE', #2023, #743, #461, .T. ) ;
#1004 = CARTESIAN_POINT ( 'NONE',  ( -39.25000000000000711, 6.355101608504234889, 3.038457472728575581 ) ) ;
#1005 = DIRECTION ( 'NONE',  ( 0.000000000000000000, 0.000000000000000000, -1.000000000000000000 ) ) ;
#1006 = DIRECTION ( 'NONE',  ( 0.000000000000000000, 1.000000000000000000, 0.000000000000000000 ) ) ;
#1007 = CARTESIAN_POINT ( 'NONE',  ( 15.00000000000000000, 7.000000000000000000, 8.999999999999998224 ) ) ;
#1008 = VERTEX_POINT ( 'NONE', #946 ) ;
#1009 = ORIENTED_EDGE ( 'NONE', *, *, #1468, .F. ) ;
#1010 = CYLINDRICAL_SURFACE ( 'NONE', #1979, 0.3999999999999993006 ) ;
#1011 = DIRECTION ( 'NONE',  ( 0.000000000000000000, -0.000000000000000000, 1.000000000000000000 ) ) ;
#1012 = ORIENTED_EDGE ( 'NONE', *, *, #1033, .F. ) ;
#1013 = LINE ( 'NONE', #1516, #1198 ) ;
#1014 = ORIENTED_EDGE ( 'NONE', *, *, #833, .F. ) ;
#1015 = CARTESIAN_POINT ( 'NONE',  ( -19.41666666666663588, 6.999999999999999112, 11.20833333333334103 ) ) ;
#1016 = DIRECTION ( 'NONE',  ( -1.000000000000000000, -0.000000000000000000, -0.000000000000000000 ) ) ;
#1017 = CARTESIAN_POINT ( 'NONE',  ( 0.000000000000000000, 7.000000000000000000, 11.61203241344800929 ) ) ;
#1018 = EDGE_CURVE ( 'NONE', #228, #1700, #157, .T. ) ;
#1019 = CARTESIAN_POINT ( 'NONE',  ( -39.24999999999999289, 1.000000000000000888, -2.973026360885468566 ) ) ;
#1020 = VECTOR ( 'NONE', #189, 1000.000000000000000 ) ;
#1021 = DIRECTION ( 'NONE',  ( 0.000000000000000000, 0.000000000000000000, -1.000000000000000000 ) ) ;
#1022 = FACE_OUTER_BOUND ( 'NONE', #1807, .T. ) ;
#1023 = LINE ( 'NONE', #1663, #1735 ) ;
#1024 = EDGE_LOOP ( 'NONE', ( #301, #2017, #1229, #1716 ) ) ;
#1025 = EDGE_CURVE ( 'NONE', #1132, #1548, #2104, .T. ) ;
#1026 = DIRECTION ( 'NONE',  ( 0.000000000000000000, 0.000000000000000000, -1.000000000000000000 ) ) ;
#1027 = ORIENTED_EDGE ( 'NONE', *, *, #1621, .F. ) ;
#1028 = APPLICATION_PROTOCOL_DEFINITION ( 'draft international standard', 'automotive_design', 1998, #1888 ) ;
#1029 = ORIENTED_EDGE ( 'NONE', *, *, #1106, .T. ) ;
#1030 = EDGE_CURVE ( 'NONE', #1543, #2093, #1469, .T. ) ;
#1031 = CARTESIAN_POINT ( 'NONE',  ( -40.25000000000000000, 0.000000000000000000, -3.750000000000001776 ) ) ;
#1032 = DIRECTION ( 'NONE',  ( 0.6246950475544241765, 0.000000000000000000, 0.7808688094430303872 ) ) ;
#1033 = EDGE_CURVE ( 'NONE', #794, #1669, #667, .T. ) ;
#1034 = CARTESIAN_POINT ( 'NONE',  ( -40.25000000000000000, 0.000000000000000000, 0.000000000000000000 ) ) ;
#1035 = DIRECTION ( 'NONE',  ( -0.6246950475544241765, 0.000000000000000000, -0.7808688094430303872 ) ) ;
#1036 = LINE ( 'NONE', #767, #1675 ) ;
#1037 = ORIENTED_EDGE ( 'NONE', *, *, #2011, .F. ) ;
#1038 = ORIENTED_EDGE ( 'NONE', *, *, #410, .F. ) ;
#1039 = VECTOR ( 'NONE', #844, 1000.000000000000000 ) ;
#1040 = CARTESIAN_POINT ( 'NONE',  ( 41.59691632810185524, 7.393919298579167965, 11.78085496998193982 ) ) ;
#1041 = DIRECTION ( 'NONE',  ( 0.000000000000000000, -1.000000000000000000, 0.000000000000000000 ) ) ;
#1042 = ORIENTED_EDGE ( 'NONE', *, *, #1621, .T. ) ;
#1043 = CARTESIAN_POINT ( 'NONE',  ( 40.25000000000000000, 5.500000000000000888, 0.000000000000000000 ) ) ;
#1044 = CARTESIAN_POINT ( 'NONE',  ( -15.00000000000000000, 0.000000000000000000, 0.000000000000000000 ) ) ;
#1045 = EDGE_CURVE ( 'NONE', #1700, #697, #786, .T. ) ;
#1046 = ADVANCED_FACE ( 'NONE', ( #470 ), #1797, .F. ) ;
#1047 = CARTESIAN_POINT ( 'NONE',  ( 23.58333333333328952, 6.999999999999999112, 9.716666666666680996 ) ) ;
#1048 = EDGE_LOOP ( 'NONE', ( #784, #1166, #1239, #1876 ) ) ;
#1049 = APPLICATION_PROTOCOL_DEFINITION ( 'draft international standard', 'automotive_design', 1998, #426 ) ;
#1050 = EDGE_LOOP ( 'NONE', ( #2058, #1485, #339, #1679 ) ) ;
#1051 = CARTESIAN_POINT ( 'NONE',  ( -23.58333333333328952, 6.999999999999999112, 9.716666666666680996 ) ) ;
#1052 = DIRECTION ( 'NONE',  ( 0.6246950475544241765, 0.000000000000000000, -0.7808688094430303872 ) ) ;
#1053 = ORIENTED_EDGE ( 'NONE', *, *, #69, .T. ) ;
#1054 = CARTESIAN_POINT ( 'NONE',  ( 40.25010000000000332, 5.500000000000000888, 0.000000000000000000 ) ) ;
#1055 = CARTESIAN_POINT ( 'NONE',  ( -3.019902415217414759, 9.500000000000000000, 10.85012198097822989 ) ) ;
#1056 = DIRECTION ( 'NONE',  ( -0.000000000000000000, -1.000000000000000000, -0.000000000000000000 ) ) ;
#1057 = AXIS2_PLACEMENT_3D ( 'NONE', #652, #338, #328 ) ;
#1058 = ORIENTED_EDGE ( 'NONE', *, *, #768, .F. ) ;
#1059 = VERTEX_POINT ( 'NONE', #808 ) ;
#1060 = VECTOR ( 'NONE', #1510, 1000.000000000000000 ) ;
#1061 = VECTOR ( 'NONE', #1282, 1000.000000000000000 ) ;
#1062 = CARTESIAN_POINT ( 'NONE',  ( -15.12488648410226233, 2.628880993654628018, -9.738695696442853489 ) ) ;
#1063 = AXIS2_PLACEMENT_3D ( 'NONE', #694, #1660, #383 ) ;
#1064 = LINE ( 'NONE', #1879, #594 ) ;
#1065 = VERTEX_POINT ( 'NONE', #776 ) ;
#1066 = DIRECTION ( 'NONE',  ( 0.000000000000000000, 0.000000000000000000, 1.000000000000000000 ) ) ;
#1067 = LINE ( 'NONE', #773, #1747 ) ;
#1068 = AXIS2_PLACEMENT_3D ( 'NONE', #1612, #1926, #1759 ) ;
#1069 = CARTESIAN_POINT ( 'NONE',  ( 41.59691632810185524, 7.000000000000000000, 12.69999999999999751 ) ) ;
#1070 = ORIENTED_EDGE ( 'NONE', *, *, #54, .T. ) ;
#1071 = ORIENTED_EDGE ( 'NONE', *, *, #1246, .F. ) ;
#1072 = CARTESIAN_POINT ( 'NONE',  ( -15.11434338722638238, 4.036101268642076967, -10.34179010000890209 ) ) ;
#1073 = AXIS2_PLACEMENT_3D ( 'NONE', #177, #677, #1321 ) ;
#1074 = LINE ( 'NONE', #788, #1711 ) ;
#1075 = ADVANCED_FACE ( 'NONE', ( #1118 ), #158, .F. ) ;
#1076 = CARTESIAN_POINT ( 'NONE',  ( 3.332249938994628291, 9.500000000000000000, -11.09999999999999787 ) ) ;
#1077 = LINE ( 'NONE', #1563, #1104 ) ;
#1078 = DIRECTION ( 'NONE',  ( -0.000000000000000000, 1.000000000000000000, -0.000000000000000000 ) ) ;
#1079 = VERTEX_POINT ( 'NONE', #1347 ) ;
#1080 = EDGE_LOOP ( 'NONE', ( #1037, #537, #1320, #943 ) ) ;
#1081 = B_SPLINE_SURFACE_WITH_KNOTS ( 'NONE', 3, 3, ( 
 ( #38, #1341, #395, #223 ),
 ( #86, #1871, #1674, #2024 ),
 ( #707, #235, #2038, #1532 ),
 ( #1194, #360, #248, #404 ) ),
 .UNSPECIFIED., .F., .F., .F.,
 ( 4, 4 ),
 ( 4, 4 ),
 ( 0.000000000000000000, 0.9792896088274025690 ),
 ( 0.000000000000000000, 0.9172586774218574046 ),
 .UNSPECIFIED. ) ;
#1082 = DIRECTION ( 'NONE',  ( 0.6246950475544243986, 0.000000000000000000, 0.7808688094430301652 ) ) ;
#1083 = VECTOR ( 'NONE', #1339, 1000.000000000000000 ) ;
#1084 = CARTESIAN_POINT ( 'NONE',  ( 0.000000000000000000, 9.500000000000000000, 0.000000000000000000 ) ) ;
#1085 = B_SPLINE_CURVE_WITH_KNOTS ( 'NONE', 3,
 ( #1509, #52, #1673, #706, #1325, #1353, #1191, #256, #1222, #727 ),
 .UNSPECIFIED., .F., .F.,
 ( 4, 3, 3, 4 ),
 ( 1.734723475976806902E-18, 0.007739283162441365493, 0.01630187489079464730, 0.02486450545323160705 ),
 .UNSPECIFIED. ) ;
#1086 = ADVANCED_FACE ( 'NONE', ( #514 ), #201, .T. ) ;
#1087 = CARTESIAN_POINT ( 'NONE',  ( 15.11878457566049505, 3.443321890522597517, 10.08774179510055191 ) ) ;
#1088 = DIRECTION ( 'NONE',  ( 0.6246950475544241765, 0.000000000000000000, -0.7808688094430303872 ) ) ;
#1089 = CARTESIAN_POINT ( 'NONE',  ( -36.08333333333338544, 0.000000000000000000, -4.741666666666656482 ) ) ;
#1090 = EDGE_CURVE ( 'NONE', #1100, #1372, #703, .T. ) ;
#1091 = ORIENTED_EDGE ( 'NONE', *, *, #1973, .F. ) ;
#1092 = ORIENTED_EDGE ( 'NONE', *, *, #560, .T. ) ;
#1093 = VECTOR ( 'NONE', #1146, 1000.000000000000000 ) ;
#1094 = CARTESIAN_POINT ( 'NONE',  ( 3.019902415217416092, 9.500000000000000000, -10.85012198097822811 ) ) ;
#1095 = FACE_OUTER_BOUND ( 'NONE', #920, .T. ) ;
#1096 = CARTESIAN_POINT ( 'NONE',  ( 39.45805713199138864, 2.728000416489637203, 2.935103868124081306 ) ) ;
#1097 = EDGE_CURVE ( 'NONE', #1827, #843, #688, .T. ) ;
#1098 = CYLINDRICAL_SURFACE ( 'NONE', #1996, 2.750000000000000000 ) ;
#1099 = LINE ( 'NONE', #1584, #450 ) ;
#1100 = VERTEX_POINT ( 'NONE', #18 ) ;
#1101 = CARTESIAN_POINT ( 'NONE',  ( -15.25000000000000178, 0.000000000000000000, 9.699999999999997513 ) ) ;
#1102 = CARTESIAN_POINT ( 'NONE',  ( 36.08333333333334281, 0.000000000000000000, 4.741666666666662699 ) ) ;
#1103 = CARTESIAN_POINT ( 'NONE',  ( 15.13721627127416092, 1.000000000000000222, 9.040603842019438119 ) ) ;
#1104 = VECTOR ( 'NONE', #1726, 1000.000000000000000 ) ;
#1105 = DIRECTION ( 'NONE',  ( -1.000000000000000000, -0.000000000000000000, -0.000000000000000000 ) ) ;
#1106 = EDGE_CURVE ( 'NONE', #713, #554, #1646, .T. ) ;
#1107 = CARTESIAN_POINT ( 'NONE',  ( 15.13721627127416802, 1.000000000000000000, -9.040603842019441672 ) ) ;
#1108 = ORIENTED_EDGE ( 'NONE', *, *, #1693, .T. ) ;
#1109 = ORIENTED_EDGE ( 'NONE', *, *, #1859, .F. ) ;
#1110 = ADVANCED_FACE ( 'NONE', ( #700 ), #539, .F. ) ;
#1111 = CARTESIAN_POINT ( 'NONE',  ( -14.93743308164234129, 7.374182264594168146, 11.82690804928027362 ) ) ;
#1112 = PLANE ( 'NONE',  #896 ) ;
#1113 = CARTESIAN_POINT ( 'NONE',  ( -25.41509006249742697, 0.9999999999999991118, 6.474066897403671028 ) ) ;
#1114 = LINE ( 'NONE', #1789, #1234 ) ;
#1115 = CARTESIAN_POINT ( 'NONE',  ( 15.00000000000000000, 7.000000000000000000, 8.999999999999998224 ) ) ;
#1116 = ORIENTED_EDGE ( 'NONE', *, *, #1018, .F. ) ;
#1117 = ORIENTED_EDGE ( 'NONE', *, *, #1956, .T. ) ;
#1118 = FACE_OUTER_BOUND ( 'NONE', #996, .T. ) ;
#1119 = FACE_OUTER_BOUND ( 'NONE', #1048, .T. ) ;
#1120 = CARTESIAN_POINT ( 'NONE',  ( -15.11931811463456832, 3.371116664299406374, 10.05679669814775323 ) ) ;
#1121 = DIRECTION ( 'NONE',  ( -0.7808688094430303872, 0.000000000000000000, -0.6246950475544241765 ) ) ;
#1122 = AXIS2_PLACEMENT_3D ( 'NONE', #1069, #919, #271 ) ;
#1123 = DIRECTION ( 'NONE',  ( -2.168404344971008868E-16, 0.000000000000000000, 1.000000000000000000 ) ) ;
#1124 = ORIENTED_EDGE ( 'NONE', *, *, #1710, .T. ) ;
#1125 = ORIENTED_EDGE ( 'NONE', *, *, #491, .F. ) ;
#1126 = DIRECTION ( 'NONE',  ( -0.000000000000000000, 1.000000000000000000, -0.000000000000000000 ) ) ;
#1127 = DIRECTION ( 'NONE',  ( -0.6246950475544241765, 0.000000000000000000, 0.7808688094430303872 ) ) ;
#1128 = PLANE ( 'NONE',  #270 ) ;
#1129 = DIRECTION ( 'NONE',  ( 0.000000000000000000, -0.9191450300180579180, 0.3939192985791678536 ) ) ;
#1130 = AXIS2_PLACEMENT_3D ( 'NONE', #638, #1472, #630 ) ;
#1131 = CARTESIAN_POINT ( 'NONE',  ( 15.00000000000000000, 7.000000000000000000, 8.999999999999998224 ) ) ;
#1132 = VERTEX_POINT ( 'NONE', #366 ) ;
#1133 = ORIENTED_EDGE ( 'NONE', *, *, #88, .F. ) ;
#1134 = EDGE_LOOP ( 'NONE', ( #185, #744, #1657, #2000 ) ) ;
#1135 = DIRECTION ( 'NONE',  ( -1.000000000000000000, 0.000000000000000000, 0.000000000000000000 ) ) ;
#1136 = CARTESIAN_POINT ( 'NONE',  ( 15.11931811463455588, 3.371116664299401489, -10.05679669814776034 ) ) ;
#1137 = PLANE ( 'NONE',  #714 ) ;
#1138 = ADVANCED_FACE ( 'NONE', ( #44 ), #1668, .T. ) ;
#1139 = CLOSED_SHELL ( 'NONE', ( #276, #1398, #1766, #739, #1046, #717, #1531, #1242, #1644, #1086, #507, #2037, #582, #1145, #352, #1075, #485, #115, #1830, #1461, #1249, #970, #71, #272, #58, #991, #1846, #1559, #802, #1214, #1524, #112, #211, #1292, #429, #1183, #128, #1411, #1266, #1972, #1110, #866, #1914, #1874, #462, #8, #22, #651, #1138, #1933, #1603, #799, #1795, #1231, #564, #1264, #432, #657 ) ) ;
#1140 = DIRECTION ( 'NONE',  ( 1.000000000000000000, 0.000000000000000000, 0.000000000000000000 ) ) ;
#1141 = CARTESIAN_POINT ( 'NONE',  ( 31.74866355479911917, 1.000000000000000222, -4.877356607502282948 ) ) ;
#1142 = ORIENTED_EDGE ( 'NONE', *, *, #1792, .T. ) ;
#1143 = ORIENTED_EDGE ( 'NONE', *, *, #164, .F. ) ;
#1144 = ORIENTED_EDGE ( 'NONE', *, *, #1447, .T. ) ;
#1145 = ADVANCED_FACE ( 'NONE', ( #1974 ), #1664, .T. ) ;
#1146 = DIRECTION ( 'NONE',  ( -0.000000000000000000, 1.000000000000000000, -0.000000000000000000 ) ) ;
#1147 = CARTESIAN_POINT ( 'NONE',  ( 15.10440983123736203, 5.371116797803923149, -10.91393961250683908 ) ) ;
#1148 = LINE ( 'NONE', #1802, #1622 ) ;
#1149 = LINE ( 'NONE', #326, #1610 ) ;
#1150 = VECTOR ( 'NONE', #615, 1000.000000000000000 ) ;
#1151 = VECTOR ( 'NONE', #1370, 1000.000000000000000 ) ;
#1152 = DIRECTION ( 'NONE',  ( 0.000000000000000000, -1.000000000000000000, 0.000000000000000000 ) ) ;
#1153 = ORIENTED_EDGE ( 'NONE', *, *, #669, .T. ) ;
#1154 = ORIENTED_EDGE ( 'NONE', *, *, #634, .F. ) ;
#1155 = ORIENTED_EDGE ( 'NONE', *, *, #2074, .F. ) ;
#1156 = AXIS2_PLACEMENT_3D ( 'NONE', #609, #277, #1431 ) ;
#1157 = CARTESIAN_POINT ( 'NONE',  ( 40.25010000000000332, 7.000000000000000000, -2.304886114323221769 ) ) ;
#1158 = ORIENTED_EDGE ( 'NONE', *, *, #1097, .F. ) ;
#1159 = CARTESIAN_POINT ( 'NONE',  ( 3.019902415217415204, 7.000000000000000000, 10.85012198097822989 ) ) ;
#1160 = EDGE_LOOP ( 'NONE', ( #1155, #1567, #775, #24, #850, #1696 ) ) ;
#1161 = DIRECTION ( 'NONE',  ( -1.000000000000000000, 0.000000000000000000, 0.000000000000000000 ) ) ;
#1162 = CIRCLE ( 'NONE', #858, 2.750000000000000000 ) ;
#1163 = SURFACE_STYLE_USAGE ( .BOTH. , #358 ) ;
#1164 = CARTESIAN_POINT ( 'NONE',  ( -39.25000000000005684, 5.065310154977313850, 3.023331420098245292 ) ) ;
#1165 = PLANE ( 'NONE',  #412 ) ;
#1166 = ORIENTED_EDGE ( 'NONE', *, *, #280, .T. ) ;
#1167 = VERTEX_POINT ( 'NONE', #83 ) ;
#1168 = VECTOR ( 'NONE', #612, 1000.000000000000000 ) ;
#1169 = EDGE_CURVE ( 'NONE', #1822, #1065, #1493, .T. ) ;
#1170 = CARTESIAN_POINT ( 'NONE',  ( 39.25000000000000711, 7.000000000000000888, 3.045788534918735913 ) ) ;
#1171 = CARTESIAN_POINT ( 'NONE',  ( 40.25000000000000000, 7.000000000000000000, 3.749999999999998224 ) ) ;
#1172 = VERTEX_POINT ( 'NONE', #206 ) ;
#1173 = ORIENTED_EDGE ( 'NONE', *, *, #13, .T. ) ;
#1174 = CARTESIAN_POINT ( 'NONE',  ( -15.25000000000000178, 0.000000000000000000, 9.699999999999997513 ) ) ;
#1175 = PLANE ( 'NONE',  #345 ) ;
#1176 = CARTESIAN_POINT ( 'NONE',  ( 9.667750061005373041, 9.500000000000000000, 11.49999999999999822 ) ) ;
#1177 = CARTESIAN_POINT ( 'NONE',  ( 3.019902415217416536, 7.000000000000000000, -10.85012198097822811 ) ) ;
#1178 = EDGE_CURVE ( 'NONE', #1669, #218, #379, .T. ) ;
#1179 = DIRECTION ( 'NONE',  ( 0.000000000000000000, 0.000000000000000000, 1.000000000000000000 ) ) ;
#1180 = CARTESIAN_POINT ( 'NONE',  ( 40.25000000000000000, 5.500000000000000888, -2.750000000000000000 ) ) ;
#1181 = DIRECTION ( 'NONE',  ( 1.000000000000000000, 0.000000000000000000, -0.000000000000000000 ) ) ;
#1182 = EDGE_LOOP ( 'NONE', ( #1538, #1585, #414, #921 ) ) ;
#1183 = ADVANCED_FACE ( 'NONE', ( #1507 ), #882, .F. ) ;
#1184 = AXIS2_PLACEMENT_3D ( 'NONE', #171, #1957, #1635 ) ;
#1185 = B_SPLINE_CURVE_WITH_KNOTS ( 'NONE', 3,
 ( #1580, #123, #616, #1263, #1102, #1274 ),
 .UNSPECIFIED., .F., .F.,
 ( 4, 2, 4 ),
 ( 0.000000000000000000, 0.5000000000000000000, 1.000000000000000000 ),
 .UNSPECIFIED. ) ;
#1186 = CARTESIAN_POINT ( 'NONE',  ( 31.91666666666674601, 0.000000000000000000, -5.733333333333315629 ) ) ;
#1187 = ORIENTED_EDGE ( 'NONE', *, *, #711, .F. ) ;
#1188 = EDGE_LOOP ( 'NONE', ( #655, #421, #135, #377, #1476, #1629, #702, #1311 ) ) ;
#1189 = EDGE_CURVE ( 'NONE', #1794, #984, #544, .T. ) ;
#1190 = CARTESIAN_POINT ( 'NONE',  ( -31.91666666666667496, 0.000000000000000000, 5.733333333333328952 ) ) ;
#1191 = CARTESIAN_POINT ( 'NONE',  ( 30.95041150405981512, 0.9999999999999995559, 5.079075876286574420 ) ) ;
#1192 = DIRECTION ( 'NONE',  ( -1.000000000000000000, 0.000000000000000000, 0.000000000000000000 ) ) ;
#1193 = CARTESIAN_POINT ( 'NONE',  ( -39.24999999999997158, 1.677547235455853825, 2.981772429277641745 ) ) ;
#1194 = CARTESIAN_POINT ( 'NONE',  ( 39.39519998881635132, 7.008356227106430580, -2.993904839350244984 ) ) ;
#1195 = CARTESIAN_POINT ( 'NONE',  ( 39.25000000000000000, 5.500000000000000888, 2.750000000000000000 ) ) ;
#1196 = AXIS2_PLACEMENT_3D ( 'NONE', #1444, #1123, #1465 ) ;
#1197 = CARTESIAN_POINT ( 'NONE',  ( 36.08333333333330017, 6.999999999999999112, 5.241666666666675134 ) ) ;
#1199 = VERTEX_POINT ( 'NONE', #859 ) ;
#1198 = VECTOR ( 'NONE', #712, 1000.000000000000000 ) ;
#1200 = ORIENTED_EDGE ( 'NONE', *, *, #451, .F. ) ;
#1201 = DIRECTION ( 'NONE',  ( -1.000000000000000000, -0.000000000000000000, -0.000000000000000000 ) ) ;
#1202 = CARTESIAN_POINT ( 'NONE',  ( -40.25000000000000000, 0.000000000000000000, 3.749999999999998224 ) ) ;
#1203 = ORIENTED_EDGE ( 'NONE', *, *, #472, .T. ) ;
#1204 = EDGE_CURVE ( 'NONE', #566, #165, #1683, .T. ) ;
#1205 = DIRECTION ( 'NONE',  ( -0.000000000000000000, -0.9191450300180578070, 0.3939192985791677426 ) ) ;
#1206 = PLANE ( 'NONE',  #1862 ) ;
#1207 = DIRECTION ( 'NONE',  ( 0.6246950475544241765, 0.000000000000000000, -0.7808688094430303872 ) ) ;
#1208 = ORIENTED_EDGE ( 'NONE', *, *, #670, .F. ) ;
#1209 = ORIENTED_EDGE ( 'NONE', *, *, #1685, .F. ) ;
#1210 = VECTOR ( 'NONE', #741, 1000.000000000000000 ) ;
#1211 = CARTESIAN_POINT ( 'NONE',  ( -31.26541750629488448, 5.001415005815014858, -5.587146574223036843 ) ) ;
#1212 = CARTESIAN_POINT ( 'NONE',  ( 8.500000000000000000, 9.500000000000000000, 8.999999999999998224 ) ) ;
#1213 = ORIENTED_EDGE ( 'NONE', *, *, #1688, .F. ) ;
#1214 = ADVANCED_FACE ( 'NONE', ( #557 ), #390, .F. ) ;
#1215 = CARTESIAN_POINT ( 'NONE',  ( -3.332249938994626959, 9.500000000000000000, 11.50000000000000000 ) ) ;
#1216 = CARTESIAN_POINT ( 'NONE',  ( -23.15253156731333206, 7.000000000000000000, 8.778039919224978505 ) ) ;
#1217 = CARTESIAN_POINT ( 'NONE',  ( 31.20565029565503679, 7.000000000000000000, 5.924189804904001377 ) ) ;
#1218 = VERTEX_POINT ( 'NONE', #2021 ) ;
#1219 = ORIENTED_EDGE ( 'NONE', *, *, #1003, .T. ) ;
#1220 = EDGE_CURVE ( 'NONE', #1059, #1218, #357, .T. ) ;
#1221 = CARTESIAN_POINT ( 'NONE',  ( -39.25000000000000000, 7.000000000000000000, -2.304886114323221769 ) ) ;
#1222 = CARTESIAN_POINT ( 'NONE',  ( 36.48424690958695749, 1.000000000000000444, 3.678095494540714938 ) ) ;
#1223 = ORIENTED_EDGE ( 'NONE', *, *, #1954, .T. ) ;
#1224 = CARTESIAN_POINT ( 'NONE',  ( -9.667750061005371265, 7.000000000000000000, -11.09999999999999787 ) ) ;
#1225 = LINE ( 'NONE', #1742, #666 ) ;
#1226 = CARTESIAN_POINT ( 'NONE',  ( -15.00000000000000000, 1.000000000000000000, -8.999999999999998224 ) ) ;
#1227 = VECTOR ( 'NONE', #1233, 1000.000000000000000 ) ;
#1228 = VERTEX_POINT ( 'NONE', #704 ) ;
#1229 = ORIENTED_EDGE ( 'NONE', *, *, #332, .F. ) ;
#1230 = CIRCLE ( 'NONE', #1262, 0.3999999999999993006 ) ;
#1231 = ADVANCED_FACE ( 'NONE', ( #872 ), #1856, .T. ) ;
#1232 = AXIS2_PLACEMENT_3D ( 'NONE', #335, #1479, #1609 ) ;
#1233 = DIRECTION ( 'NONE',  ( -1.000000000000000000, -0.000000000000000000, -0.000000000000000000 ) ) ;
#1234 = VECTOR ( 'NONE', #1803, 1000.000000000000000 ) ;
#1235 = CARTESIAN_POINT ( 'NONE',  ( -3.332249938994626959, 9.500000000000000000, -11.09999999999999964 ) ) ;
#1236 = DIRECTION ( 'NONE',  ( 0.000000000000000000, 0.000000000000000000, -1.000000000000000000 ) ) ;
#1237 = LINE ( 'NONE', #1268, #571 ) ;
#1238 = LINE ( 'NONE', #431, #76 ) ;
#1239 = ORIENTED_EDGE ( 'NONE', *, *, #318, .F. ) ;
#1240 = ORIENTED_EDGE ( 'NONE', *, *, #246, .T. ) ;
#1241 = CARTESIAN_POINT ( 'NONE',  ( 10.50000000000000000, 7.000000000000000000, 11.49999999999999822 ) ) ;
#1242 = ADVANCED_FACE ( 'NONE', ( #49 ), #692, .F. ) ;
#1243 = AXIS2_PLACEMENT_3D ( 'NONE', #369, #519, #32 ) ;
#1244 = DIRECTION ( 'NONE',  ( 0.000000000000000000, 0.000000000000000000, -1.000000000000000000 ) ) ;
#1245 = CARTESIAN_POINT ( 'NONE',  ( -17.64078380977199956, 0.9999999999999993339, 8.418256128378477143 ) ) ;
#1246 = EDGE_CURVE ( 'NONE', #354, #1530, #232, .T. ) ;
#1247 = LINE ( 'NONE', #1902, #2066 ) ;
#1248 = DIRECTION ( 'NONE',  ( 0.000000000000000000, -1.000000000000000000, 0.000000000000000000 ) ) ;
#1249 = ADVANCED_FACE ( 'NONE', ( #1337 ), #1949, .F. ) ;
#1250 = ORIENTED_EDGE ( 'NONE', *, *, #451, .T. ) ;
#1251 = ORIENTED_EDGE ( 'NONE', *, *, #1790, .F. ) ;
#1252 = CARTESIAN_POINT ( 'NONE',  ( -15.09243026567526336, 7.000000000000000000, -11.61203241344801995 ) ) ;
#1253 = EDGE_CURVE ( 'NONE', #500, #1199, #550, .T. ) ;
#1254 = VECTOR ( 'NONE', #1275, 1000.000000000000000 ) ;
#1255 = LINE ( 'NONE', #1405, #1804 ) ;
#1256 = CARTESIAN_POINT ( 'NONE',  ( 15.02781344586309764, 0.9632622175411569287, 9.052053728914717823 ) ) ;
#1257 = LINE ( 'NONE', #1734, #827 ) ;
#1258 = CARTESIAN_POINT ( 'NONE',  ( -23.58333333333357373, 6.999999999999999112, -9.716666666666581520 ) ) ;
#1259 = B_SPLINE_CURVE_WITH_KNOTS ( 'NONE', 3,
 ( #659, #1776, #169, #1765, #1000, #1303 ),
 .UNSPECIFIED., .F., .F.,
 ( 4, 2, 4 ),
 ( 0.000000000000000000, 0.5000000000000000000, 1.000000000000000000 ),
 .UNSPECIFIED. ) ;
#1260 = VECTOR ( 'NONE', #343, 1000.000000000000227 ) ;
#1261 = DIRECTION ( 'NONE',  ( -1.000000000000000000, 0.000000000000000000, 0.000000000000000000 ) ) ;
#1262 = AXIS2_PLACEMENT_3D ( 'NONE', #77, #1544, #1005 ) ;
#1263 = CARTESIAN_POINT ( 'NONE',  ( 31.91666666666667496, 0.000000000000000000, 5.733333333333328952 ) ) ;
#1264 = ADVANCED_FACE ( 'NONE', ( #224 ), #1820, .T. ) ;
#1265 = VECTOR ( 'NONE', #680, 999.9999999999998863 ) ;
#1266 = ADVANCED_FACE ( 'NONE', ( #56 ), #1206, .F. ) ;
#1267 = CARTESIAN_POINT ( 'NONE',  ( 15.11434338722637172, 4.036101268642082296, 10.34179010000890209 ) ) ;
#1268 = CARTESIAN_POINT ( 'NONE',  ( -2.499999999999998668, 9.500000000000000000, 11.50000000000000000 ) ) ;
#1269 = EDGE_CURVE ( 'NONE', #2042, #890, #396, .T. ) ;
#1270 = DIRECTION ( 'NONE',  ( 0.000000000000000000, -1.000000000000000000, 1.239088197126290817E-16 ) ) ;
#1271 = ORIENTED_EDGE ( 'NONE', *, *, #494, .T. ) ;
#1272 = ORIENTED_EDGE ( 'NONE', *, *, #1676, .T. ) ;
#1273 = CARTESIAN_POINT ( 'NONE',  ( 31.91666666666691299, 6.999999999999999112, -6.733333333333247239 ) ) ;
#1274 = CARTESIAN_POINT ( 'NONE',  ( 40.25000000000000000, 0.000000000000000000, 3.749999999999999112 ) ) ;
#1275 = DIRECTION ( 'NONE',  ( 0.000000000000000000, 0.000000000000000000, 1.000000000000000000 ) ) ;
#1276 = DIRECTION ( 'NONE',  ( -1.000000000000000000, -0.000000000000000000, -0.000000000000000000 ) ) ;
#1277 = CARTESIAN_POINT ( 'NONE',  ( 15.09243026567526336, 6.999999999999998224, -11.61203241344802350 ) ) ;
#1278 = ORIENTED_EDGE ( 'NONE', *, *, #1169, .T. ) ;
#1279 = ORIENTED_EDGE ( 'NONE', *, *, #1204, .T. ) ;
#1280 = B_SPLINE_CURVE_WITH_KNOTS ( 'NONE', 3,
 ( #756, #1245, #1901, #141, #1113, #504, #1758, #637, #1471, #336 ),
 .UNSPECIFIED., .F., .F.,
 ( 4, 3, 3, 4 ),
 ( 0.000000000000000000, 0.007739283162441360289, 0.01630187489079465077, 0.02486450545323161399 ),
 .UNSPECIFIED. ) ;
#1281 = CARTESIAN_POINT ( 'NONE',  ( 15.00000000000000000, 7.000000000000000000, 8.999999999999998224 ) ) ;
#1282 = DIRECTION ( 'NONE',  ( -1.000000000000000000, 0.000000000000000000, 0.000000000000000000 ) ) ;
#1283 = DIRECTION ( 'NONE',  ( 0.000000000000000000, 0.000000000000000000, -1.000000000000000000 ) ) ;
#1284 = CYLINDRICAL_SURFACE ( 'NONE', #765, 2.750000000000000000 ) ;
#1285 = CARTESIAN_POINT ( 'NONE',  ( 39.25000000000000000, 5.500000000000000888, 0.000000000000000000 ) ) ;
#1286 = ORIENTED_EDGE ( 'NONE', *, *, #482, .F. ) ;
#1287 = ORIENTED_EDGE ( 'NONE', *, *, #558, .T. ) ;
#1288 = CARTESIAN_POINT ( 'NONE',  ( -15.00000000000000000, 7.000000000000000000, 11.61203241344800929 ) ) ;
#1289 =( GEOMETRIC_REPRESENTATION_CONTEXT ( 3 ) GLOBAL_UNCERTAINTY_ASSIGNED_CONTEXT ( ( #552 ) ) GLOBAL_UNIT_ASSIGNED_CONTEXT ( ( #203, #2029, #1866 ) ) REPRESENTATION_CONTEXT ( 'NONE', 'WORKASPACE' ) );
#1290 = EDGE_CURVE ( 'NONE', #2028, #41, #900, .T. ) ;
#1291 = CARTESIAN_POINT ( 'NONE',  ( 40.25000000000000711, 7.000000000000000000, 2.304886114323221769 ) ) ;
#1292 = ADVANCED_FACE ( 'NONE', ( #1022 ), #583, .F. ) ;
#1293 = DIRECTION ( 'NONE',  ( 0.000000000000000000, 0.000000000000000000, -1.000000000000000000 ) ) ;
#1294 = LINE ( 'NONE', #1958, #782 ) ;
#1295 = VECTOR ( 'NONE', #572, 1000.000000000000000 ) ;
#1296 = VECTOR ( 'NONE', #229, 1000.000000000000000 ) ;
#1297 = LINE ( 'NONE', #134, #1707 ) ;
#1298 = VERTEX_POINT ( 'NONE', #79 ) ;
#1299 = ORIENTED_EDGE ( 'NONE', *, *, #394, .F. ) ;
#1300 = ORIENTED_EDGE ( 'NONE', *, *, #226, .F. ) ;
#1301 = CARTESIAN_POINT ( 'NONE',  ( -39.42581836735288903, 4.868183264034970925, 2.963947537301780066 ) ) ;
#1302 = EDGE_CURVE ( 'NONE', #184, #1701, #1569, .T. ) ;
#1303 = CARTESIAN_POINT ( 'NONE',  ( 40.25000000000000000, 7.000000000000000000, -3.750000000000001776 ) ) ;
#1304 = EDGE_CURVE ( 'NONE', #230, #682, #602, .T. ) ;
#1305 = CARTESIAN_POINT ( 'NONE',  ( -39.24999999999999289, 6.999999999999997335, -3.045788534918747903 ) ) ;
#1306 = CARTESIAN_POINT ( 'NONE',  ( 39.24999999999998579, 6.999999999999997335, -3.045788534918747903 ) ) ;
#1307 = VECTOR ( 'NONE', #187, 1000.000000000000000 ) ;
#1308 = EDGE_CURVE ( 'NONE', #857, #1808, #1998, .T. ) ;
#1309 = DIRECTION ( 'NONE',  ( -1.000000000000000000, -0.000000000000000000, -0.000000000000000000 ) ) ;
#1310 = VERTEX_POINT ( 'NONE', #695 ) ;
#1311 = ORIENTED_EDGE ( 'NONE', *, *, #1090, .F. ) ;
#1312 = ORIENTED_EDGE ( 'NONE', *, *, #2088, .F. ) ;
#1313 = CARTESIAN_POINT ( 'NONE',  ( 0.000000000000000000, 7.000000000000000000, 0.000000000000000000 ) ) ;
#1314 = DIRECTION ( 'NONE',  ( 0.000000000000000000, -1.000000000000000000, 0.000000000000000000 ) ) ;
#1315 = CARTESIAN_POINT ( 'NONE',  ( -15.10440983123737269, 5.371116797803924925, 10.91393961250683731 ) ) ;
#1316 = CARTESIAN_POINT ( 'NONE',  ( -15.25000000000000178, 0.000000000000000000, 9.699999999999997513 ) ) ;
#1317 = CARTESIAN_POINT ( 'NONE',  ( 40.25010000000000332, 5.500000000000000888, 0.000000000000000000 ) ) ;
#1318 = ORIENTED_EDGE ( 'NONE', *, *, #96, .T. ) ;
#1319 = ORIENTED_EDGE ( 'NONE', *, *, #257, .T. ) ;
#1320 = ORIENTED_EDGE ( 'NONE', *, *, #327, .F. ) ;
#1321 = DIRECTION ( 'NONE',  ( -0.6246950475544243986, 0.000000000000000000, -0.7808688094430301652 ) ) ;
#1322 = CARTESIAN_POINT ( 'NONE',  ( -15.00000000000000000, 7.000000000000000000, 8.999999999999998224 ) ) ;
#1323 = ORIENTED_EDGE ( 'NONE', *, *, #711, .T. ) ;
#1324 = DIRECTION ( 'NONE',  ( -0.000000000000000000, 1.000000000000000000, 0.000000000000000000 ) ) ;
#1325 = CARTESIAN_POINT ( 'NONE',  ( 25.41509006249743052, 1.000000000000000000, 6.474066897403672805 ) ) ;
#1326 = EDGE_CURVE ( 'NONE', #1808, #987, #1357, .T. ) ;
#1327 = CIRCLE ( 'NONE', #1633, 0.3999999999999993006 ) ;
#1328 = VECTOR ( 'NONE', #67, 1000.000000000000000 ) ;
#1329 = LINE ( 'NONE', #1484, #650 ) ;
#1330 = EDGE_LOOP ( 'NONE', ( #511, #1638, #841, #30 ) ) ;
#1331 = ORIENTED_EDGE ( 'NONE', *, *, #1625, .T. ) ;
#1332 = AXIS2_PLACEMENT_3D ( 'NONE', #924, #947, #425 ) ;
#1333 = CARTESIAN_POINT ( 'NONE',  ( 36.08333333333338544, 0.000000000000000000, -4.741666666666656482 ) ) ;
#1334 = CARTESIAN_POINT ( 'NONE',  ( 0.000000000000000000, 0.000000000000000000, 0.000000000000000000 ) ) ;
#1335 = EDGE_LOOP ( 'NONE', ( #378, #1547, #674, #61 ) ) ;
#1336 = VERTEX_POINT ( 'NONE', #250 ) ;
#1337 = FACE_OUTER_BOUND ( 'NONE', #1655, .T. ) ;
#1338 = AXIS2_PLACEMENT_3D ( 'NONE', #1235, #754, #1415 ) ;
#1339 = DIRECTION ( 'NONE',  ( -1.000000000000000000, -0.000000000000000000, -0.000000000000000000 ) ) ;
#1340 = LINE ( 'NONE', #862, #627 ) ;
#1341 = CARTESIAN_POINT ( 'NONE',  ( 14.96633746355221817, 5.237658623193715890, -10.90090729138491810 ) ) ;
#1342 = CARTESIAN_POINT ( 'NONE',  ( -31.20565029565504389, 7.000000000000000000, 5.924189804904005818 ) ) ;
#1343 = DIRECTION ( 'NONE',  ( -0.000000000000000000, -1.000000000000000000, -0.000000000000000000 ) ) ;
#1344 = VERTEX_POINT ( 'NONE', #1180 ) ;
#1345 = AXIS2_PLACEMENT_3D ( 'NONE', #998, #1011, #840 ) ;
#1346 = CARTESIAN_POINT ( 'NONE',  ( 19.41666666666663588, 6.999999999999999112, 11.20833333333334103 ) ) ;
#1347 = CARTESIAN_POINT ( 'NONE',  ( -15.00000000000000000, 7.000000000000000000, -11.61203241344801462 ) ) ;
#1348 = VERTEX_POINT ( 'NONE', #1835 ) ;
#1349 = ORIENTED_EDGE ( 'NONE', *, *, #789, .F. ) ;
#1350 = DIRECTION ( 'NONE',  ( 0.000000000000000000, -0.3939192985791678536, 0.9191450300180579180 ) ) ;
#1351 = CARTESIAN_POINT ( 'NONE',  ( -17.90712580454064451, 0.9999999999999983347, -8.352047676262863263 ) ) ;
#1352 = CARTESIAN_POINT ( 'NONE',  ( -9.667750061005371265, 9.500000000000000000, -11.09999999999999787 ) ) ;
#1353 = CARTESIAN_POINT ( 'NONE',  ( 28.18312908927594762, 0.9999999999999995559, 5.778066219311781104 ) ) ;
#1354 = CARTESIAN_POINT ( 'NONE',  ( 0.000000000000000000, 1.000000000000000000, -8.999999999999998224 ) ) ;
#1355 = DIRECTION ( 'NONE',  ( 0.000000000000000000, 0.000000000000000000, 1.000000000000000000 ) ) ;
#1356 = VECTOR ( 'NONE', #465, 999.9999999999998863 ) ;
#1357 = B_SPLINE_CURVE_WITH_KNOTS ( 'NONE', 3,
 ( #1368, #1342, #1216, #1521 ),
 .UNSPECIFIED., .F., .F.,
 ( 4, 4 ),
 ( 4.336808689942017736E-19, 0.02563143154429194104 ),
 .UNSPECIFIED. ) ;
#1358 = CARTESIAN_POINT ( 'NONE',  ( 9.667750061005373041, 9.500000000000000000, -11.09999999999999787 ) ) ;
#1359 = ORIENTED_EDGE ( 'NONE', *, *, #1927, .F. ) ;
#1360 = EDGE_CURVE ( 'NONE', #2101, #2023, #1687, .T. ) ;
#1361 = CARTESIAN_POINT ( 'NONE',  ( -40.25000000000000000, 7.000000000000000000, 3.749999999999998224 ) ) ;
#1362 = VERTEX_POINT ( 'NONE', #2014 ) ;
#1363 = DIRECTION ( 'NONE',  ( -0.000000000000000000, 0.000000000000000000, 1.000000000000000000 ) ) ;
#1364 = PRODUCT_RELATED_PRODUCT_CATEGORY ( 'part', '', ( #1837 ) ) ;
#1365 = CARTESIAN_POINT ( 'NONE',  ( -36.75018950618943592, 0.9999999999999995559, -3.610299162019751762 ) ) ;
#1366 = EDGE_LOOP ( 'NONE', ( #2111, #1898, #653, #722 ) ) ;
#1367 = CARTESIAN_POINT ( 'NONE',  ( 15.00000000000000000, 7.000000000000000000, 8.999999999999998224 ) ) ;
#1368 = CARTESIAN_POINT ( 'NONE',  ( -39.25000000000000711, 7.000000000000001776, 3.045788534918735913 ) ) ;
#1369 = VECTOR ( 'NONE', #1309, 1000.000000000000000 ) ;
#1370 = DIRECTION ( 'NONE',  ( -0.000000000000000000, 1.000000000000000000, -0.000000000000000000 ) ) ;
#1371 = ORIENTED_EDGE ( 'NONE', *, *, #491, .T. ) ;
#1372 = VERTEX_POINT ( 'NONE', #1195 ) ;
#1373 = CARTESIAN_POINT ( 'NONE',  ( -39.42581836735287482, 4.868183264034971813, -2.963947537301789836 ) ) ;
#1374 = EDGE_CURVE ( 'NONE', #1486, #392, #1849, .T. ) ;
#1375 = CARTESIAN_POINT ( 'NONE',  ( 4.500000000000000888, 7.000000000000000000, -8.999999999999998224 ) ) ;
#1376 = ORIENTED_EDGE ( 'NONE', *, *, #1966, .T. ) ;
#1377 = CARTESIAN_POINT ( 'NONE',  ( -15.25000000000000178, 0.000000000000000000, -9.700000000000001066 ) ) ;
#1378 = CARTESIAN_POINT ( 'NONE',  ( -14.99655587061015183, 3.100726554173150351, -9.975859531269819058 ) ) ;
#1379 = EDGE_CURVE ( 'NONE', #851, #500, #1225, .T. ) ;
#1380 = DIRECTION ( 'NONE',  ( 0.6246950475544243986, 0.000000000000000000, 0.7808688094430301652 ) ) ;
#1381 = ORIENTED_EDGE ( 'NONE', *, *, #1220, .T. ) ;
#1382 = VERTEX_POINT ( 'NONE', #456 ) ;
#1383 = AXIS2_PLACEMENT_3D ( 'NONE', #260, #941, #603 ) ;
#1384 = CARTESIAN_POINT ( 'NONE',  ( 3.019902415217415204, 9.500000000000000000, 10.85012198097822989 ) ) ;
#1385 = CARTESIAN_POINT ( 'NONE',  ( 39.25000000000000000, 1.000000000000000444, 2.973026360885461461 ) ) ;
#1386 = ORIENTED_EDGE ( 'NONE', *, *, #131, .T. ) ;
#1387 = FACE_OUTER_BOUND ( 'NONE', #1737, .T. ) ;
#1388 = CARTESIAN_POINT ( 'NONE',  ( -4.499999999999999112, 9.500000000000000000, -9.000000000000001776 ) ) ;
#1389 = EDGE_CURVE ( 'NONE', #1841, #434, #1247, .T. ) ;
#1390 = CYLINDRICAL_SURFACE ( 'NONE', #207, 0.3999999999999993006 ) ;
#1391 = ORIENTED_EDGE ( 'NONE', *, *, #985, .F. ) ;
#1392 = VERTEX_POINT ( 'NONE', #281 ) ;
#1393 = CARTESIAN_POINT ( 'NONE',  ( 40.25000000000000000, 7.000000000000000000, -3.268295371440976815 ) ) ;
#1394 = DIRECTION ( 'NONE',  ( -0.000000000000000000, 1.000000000000000000, -0.000000000000000000 ) ) ;
#1395 = CARTESIAN_POINT ( 'NONE',  ( 23.17786138461525880, 0.8563833414167832947, 6.985615597403658228 ) ) ;
#1396 = LINE ( 'NONE', #780, #428 ) ;
#1397 = CARTESIAN_POINT ( 'NONE',  ( -31.91666666666674601, 0.000000000000000000, -5.733333333333315629 ) ) ;
#1398 = ADVANCED_FACE ( 'NONE', ( #909 ), #1098, .F. ) ;
#1399 = ORIENTED_EDGE ( 'NONE', *, *, #420, .F. ) ;
#1400 = ORIENTED_EDGE ( 'NONE', *, *, #1989, .T. ) ;
#1401 = VECTOR ( 'NONE', #107, 1000.000000000000000 ) ;
#1402 = AXIS2_PLACEMENT_3D ( 'NONE', #830, #809, #1459 ) ;
#1403 = CARTESIAN_POINT ( 'NONE',  ( 15.00000000000000000, 7.000000000000000000, -8.999999999999998224 ) ) ;
#1404 = EDGE_CURVE ( 'NONE', #1921, #1310, #2080, .T. ) ;
#1405 = CARTESIAN_POINT ( 'NONE',  ( -15.25000000000000178, 7.000000000000000000, 12.69999999999999751 ) ) ;
#1406 = B_SPLINE_SURFACE_WITH_KNOTS ( 'NONE', 3, 3, ( 
 ( #279, #916, #1096, #2063 ),
 ( #771, #1561, #1725, #1424 ),
 ( #427, #925, #619, #1395 ),
 ( #940, #288, #934, #1256 ) ),
 .UNSPECIFIED., .F., .F., .F.,
 ( 4, 4 ),
 ( 4, 4 ),
 ( 0.000000000000000000, 0.9792896088274041233 ),
 ( 0.000000000000000000, 0.9172586774218575156 ),
 .UNSPECIFIED. ) ;
#1407 = DIRECTION ( 'NONE',  ( -0.7808688094430303872, 0.000000000000000000, -0.6246950475544241765 ) ) ;
#1408 = EDGE_CURVE ( 'NONE', #623, #642, #1553, .T. ) ;
#1409 = PLANE ( 'NONE',  #1383 ) ;
#1410 = DIRECTION ( 'NONE',  ( 0.000000000000000000, 0.000000000000000000, -1.000000000000000000 ) ) ;
#1411 = ADVANCED_FACE ( 'NONE', ( #95 ), #917, .T. ) ;
#1412 = VERTEX_POINT ( 'NONE', #1882 ) ;
#1413 = ORIENTED_EDGE ( 'NONE', *, *, #1097, .T. ) ;
#1414 = DIRECTION ( 'NONE',  ( 0.000000000000000000, -0.000000000000000000, 1.000000000000000000 ) ) ;
#1415 = DIRECTION ( 'NONE',  ( 0.000000000000000000, 0.000000000000000000, -1.000000000000000000 ) ) ;
#1416 = CARTESIAN_POINT ( 'NONE',  ( 15.13103215045944872, 1.814440372993314066, 9.389649716159427228 ) ) ;
#1417 = CARTESIAN_POINT ( 'NONE',  ( -15.13721627127416092, 0.9999999999999995559, 9.040603842019438119 ) ) ;
#1418 = CARTESIAN_POINT ( 'NONE',  ( 15.25000000000000178, 0.000000000000000000, 9.699999999999997513 ) ) ;
#1419 = VECTOR ( 'NONE', #592, 1000.000000000000000 ) ;
#1420 = DIRECTION ( 'NONE',  ( -0.000000000000000000, 1.000000000000000000, -0.000000000000000000 ) ) ;
#1421 = EDGE_CURVE ( 'NONE', #302, #341, #1237, .T. ) ;
#1422 = DIRECTION ( 'NONE',  ( -1.000000000000000000, 0.000000000000000000, -2.168404344971008868E-16 ) ) ;
#1423 = EDGE_CURVE ( 'NONE', #1079, #190, #1077, .T. ) ;
#1424 = CARTESIAN_POINT ( 'NONE',  ( 31.33114065813495586, 0.7235762820741148404, 4.932210775048441853 ) ) ;
#1425 = DIRECTION ( 'NONE',  ( -1.000000000000000000, 0.000000000000000000, -2.168404344971008868E-16 ) ) ;
#1426 = CARTESIAN_POINT ( 'NONE',  ( -9.667750061005371265, 7.000000000000000000, 11.09999999999999787 ) ) ;
#1427 = ORIENTED_EDGE ( 'NONE', *, *, #1676, .F. ) ;
#1428 = CIRCLE ( 'NONE', #685, 0.3999999999999993006 ) ;
#1429 = CARTESIAN_POINT ( 'NONE',  ( 40.25000000000000000, 7.000000000000000000, -3.750000000000001776 ) ) ;
#1430 = CIRCLE ( 'NONE', #137, 2.750000000000000000 ) ;
#1431 = DIRECTION ( 'NONE',  ( 0.000000000000000000, 0.000000000000000000, 1.000000000000000000 ) ) ;
#1432 = CIRCLE ( 'NONE', #1063, 2.750000000000000000 ) ;
#1433 = DIRECTION ( 'NONE',  ( 0.000000000000000000, 0.000000000000000000, -1.000000000000000000 ) ) ;
#1434 = DIRECTION ( 'NONE',  ( 1.000000000000000000, 0.000000000000000000, -8.673617379884035472E-16 ) ) ;
#1435 = CARTESIAN_POINT ( 'NONE',  ( 23.44503301025901365, 1.000000000000000444, -6.967259496672919106 ) ) ;
#1436 = ORIENTED_EDGE ( 'NONE', *, *, #1936, .T. ) ;
#1437 = AXIS2_PLACEMENT_3D ( 'NONE', #113, #628, #770 ) ;
#1438 = ORIENTED_EDGE ( 'NONE', *, *, #1586, .T. ) ;
#1439 = CARTESIAN_POINT ( 'NONE',  ( 31.91666666666674601, 0.000000000000000000, -5.733333333333315629 ) ) ;
#1440 = CARTESIAN_POINT ( 'NONE',  ( 39.25000000000001421, 1.677547235455852270, -2.981772429277643077 ) ) ;
#1441 = VECTOR ( 'NONE', #1161, 1000.000000000000000 ) ;
#1442 = CARTESIAN_POINT ( 'NONE',  ( 15.00000000000000000, 0.000000000000000000, 0.000000000000000000 ) ) ;
#1443 = CARTESIAN_POINT ( 'NONE',  ( -23.15253181882125588, 7.000000000000000000, -8.778039830792883080 ) ) ;
#1444 = CARTESIAN_POINT ( 'NONE',  ( -2.499999999999998668, 9.500000000000000000, 11.50000000000000000 ) ) ;
#1445 = ORIENTED_EDGE ( 'NONE', *, *, #327, .T. ) ;
#1446 = VERTEX_POINT ( 'NONE', #2064 ) ;
#1447 = EDGE_CURVE ( 'NONE', #26, #407, #2026, .T. ) ;
#1448 = CARTESIAN_POINT ( 'NONE',  ( 19.41666666666682417, 6.999999999999999112, -11.20833333333327708 ) ) ;
#1449 = CARTESIAN_POINT ( 'NONE',  ( 15.13271524571885784, 1.592778996715687789, -9.294651983469021772 ) ) ;
#1450 = AXIS2_PLACEMENT_3D ( 'NONE', #1442, #2098, #1283 ) ;
#1451 = CARTESIAN_POINT ( 'NONE',  ( -2.499999999999998668, 9.500000000000000000, -11.50000000000000000 ) ) ;
#1452 = CARTESIAN_POINT ( 'NONE',  ( 39.25000000000000711, 7.000000000000000888, 3.045788534918735913 ) ) ;
#1453 = CYLINDRICAL_SURFACE ( 'NONE', #1057, 0.3999999999999993006 ) ;
#1454 = EDGE_LOOP ( 'NONE', ( #1517, #234, #868, #575 ) ) ;
#1455 = ORIENTED_EDGE ( 'NONE', *, *, #1220, .F. ) ;
#1456 = ORIENTED_EDGE ( 'NONE', *, *, #2088, .T. ) ;
#1457 = EDGE_CURVE ( 'NONE', #997, #407, #1396, .T. ) ;
#1458 = PLANE ( 'NONE',  #1763 ) ;
#1459 = DIRECTION ( 'NONE',  ( 0.000000000000000000, 0.000000000000000000, 1.000000000000000000 ) ) ;
#1460 = VECTOR ( 'NONE', #523, 1000.000000000000000 ) ;
#1461 = ADVANCED_FACE ( 'NONE', ( #757 ), #1409, .F. ) ;
#1462 = DIRECTION ( 'NONE',  ( 0.6246950475544241765, 0.000000000000000000, 0.7808688094430303872 ) ) ;
#1463 = DIRECTION ( 'NONE',  ( 0.000000000000000000, 0.000000000000000000, -1.000000000000000000 ) ) ;
#1464 = EDGE_CURVE ( 'NONE', #1548, #738, #1067, .T. ) ;
#1465 = DIRECTION ( 'NONE',  ( 1.000000000000000000, 0.000000000000000000, 2.168404344971008868E-16 ) ) ;
#1466 = EDGE_LOOP ( 'NONE', ( #561, #1501, #240, #204 ) ) ;
#1467 = ORIENTED_EDGE ( 'NONE', *, *, #646, .F. ) ;
#1468 = EDGE_CURVE ( 'NONE', #984, #488, #1257, .T. ) ;
#1469 = LINE ( 'NONE', #1631, #342 ) ;
#1470 = LINE ( 'NONE', #324, #282 ) ;
#1471 = CARTESIAN_POINT ( 'NONE',  ( -36.48424690958696459, 1.000000000000000000, 3.678095494540714938 ) ) ;
#1472 = DIRECTION ( 'NONE',  ( 0.000000000000000000, -1.000000000000000000, 0.000000000000000000 ) ) ;
#1473 = VECTOR ( 'NONE', #1573, 999.9999999999998863 ) ;
#1474 = CARTESIAN_POINT ( 'NONE',  ( 4.500000000000000888, 9.500000000000000000, -8.999999999999998224 ) ) ;
#1475 = ORIENTED_EDGE ( 'NONE', *, *, #294, .F. ) ;
#1476 = ORIENTED_EDGE ( 'NONE', *, *, #1613, .F. ) ;
#1477 = EDGE_LOOP ( 'NONE', ( #1838, #1108, #1071, #2094 ) ) ;
#1478 = DIRECTION ( 'NONE',  ( 0.000000000000000000, -1.000000000000000000, 0.000000000000000000 ) ) ;
#1479 = DIRECTION ( 'NONE',  ( -1.000000000000000000, 0.000000000000000000, 0.000000000000000000 ) ) ;
#1480 = EDGE_CURVE ( 'NONE', #1172, #434, #116, .T. ) ;
#1481 = EDGE_CURVE ( 'NONE', #529, #1823, #766, .T. ) ;
#1482 = CARTESIAN_POINT ( 'NONE',  ( 15.13721627127416092, 1.000000000000000222, 9.040603842019438119 ) ) ;
#1483 = CARTESIAN_POINT ( 'NONE',  ( -9.667750061005371265, 7.000000000000000000, -11.49999999999999822 ) ) ;
#1484 = CARTESIAN_POINT ( 'NONE',  ( -4.499999999999999112, 9.500000000000000000, 9.000000000000001776 ) ) ;
#1485 = ORIENTED_EDGE ( 'NONE', *, *, #945, .T. ) ;
#1486 = VERTEX_POINT ( 'NONE', #1417 ) ;
#1487 = ORIENTED_EDGE ( 'NONE', *, *, #1688, .T. ) ;
#1488 = CARTESIAN_POINT ( 'NONE',  ( 40.25000000000000000, 5.500000000000000888, 0.000000000000000000 ) ) ;
#1489 = CARTESIAN_POINT ( 'NONE',  ( 39.25000000000000000, 5.500000000000000888, 0.000000000000000000 ) ) ;
#1490 = ORIENTED_EDGE ( 'NONE', *, *, #736, .T. ) ;
#1491 = CARTESIAN_POINT ( 'NONE',  ( 0.000000000000000000, 0.000000000000000000, 0.000000000000000000 ) ) ;
#1492 = ORIENTED_EDGE ( 'NONE', *, *, #724, .T. ) ;
#1493 = LINE ( 'NONE', #1694, #393 ) ;
#1494 = CARTESIAN_POINT ( 'NONE',  ( 15.00000000000000000, 1.000000000000000000, -8.999999999999998224 ) ) ;
#1495 = CARTESIAN_POINT ( 'NONE',  ( -39.25000000000000000, 3.032648703069735330, 2.998716821851036940 ) ) ;
#1496 = AXIS2_PLACEMENT_3D ( 'NONE', #308, #673, #3 ) ;
#1497 = CARTESIAN_POINT ( 'NONE',  ( 40.25010000000000332, 5.500000000000000888, -2.750000000000000000 ) ) ;
#1498 = DIRECTION ( 'NONE',  ( 0.000000000000000000, 0.000000000000000000, -1.000000000000000000 ) ) ;
#1499 = CARTESIAN_POINT ( 'NONE',  ( 31.20565014526679093, 7.000000000000000000, -5.924189858715413592 ) ) ;
#1500 = VECTOR ( 'NONE', #493, 1000.000000000000227 ) ;
#1501 = ORIENTED_EDGE ( 'NONE', *, *, #394, .T. ) ;
#1502 = CIRCLE ( 'NONE', #1068, 2.750000000000000000 ) ;
#1503 = CARTESIAN_POINT ( 'NONE',  ( 23.58333333333341386, 0.000000000000000000, -7.716666666666649022 ) ) ;
#1504 = CARTESIAN_POINT ( 'NONE',  ( 15.25000000000000355, 0.000000000000000000, -9.700000000000001066 ) ) ;
#1505 = ORIENTED_EDGE ( 'NONE', *, *, #1374, .F. ) ;
#1506 = EDGE_LOOP ( 'NONE', ( #675, #750, #528, #586, #1438, #399, #1969, #1386, #1117, #824, #82, #1852, #1219, #1319, #6, #375, #1607, #498, #398, #2083, #1729, #1038, #905, #2109, #1371, #1738, #1527, #1670 ) ) ;
#1507 = FACE_OUTER_BOUND ( 'NONE', #1593, .T. ) ;
#1508 = DIRECTION ( 'NONE',  ( 0.7808688094430303872, 0.000000000000000000, -0.6246950475544241765 ) ) ;
#1509 = CARTESIAN_POINT ( 'NONE',  ( 15.13721627127416092, 1.000000000000000222, 9.040603842019438119 ) ) ;
#1510 = DIRECTION ( 'NONE',  ( -1.000000000000000000, 0.000000000000000000, 0.000000000000000000 ) ) ;
#1511 = CARTESIAN_POINT ( 'NONE',  ( -15.00000000000000000, 7.000000000000000000, 8.999999999999998224 ) ) ;
#1512 = VERTEX_POINT ( 'NONE', #1911 ) ;
#1513 = VECTOR ( 'NONE', #1583, 1000.000000000000000 ) ;
#1514 = CARTESIAN_POINT ( 'NONE',  ( 40.25000000000000000, 7.000000000000000888, 2.786590742882147698 ) ) ;
#1515 = ORIENTED_EDGE ( 'NONE', *, *, #506, .T. ) ;
#1516 = CARTESIAN_POINT ( 'NONE',  ( 10.50000000000000000, 9.500000000000000000, 11.49999999999999822 ) ) ;
#1517 = ORIENTED_EDGE ( 'NONE', *, *, #761, .F. ) ;
#1518 = CARTESIAN_POINT ( 'NONE',  ( -40.25000000000000000, 0.000000000000000000, 3.749999999999999112 ) ) ;
#1519 = DIRECTION ( 'NONE',  ( 0.000000000000000000, 1.000000000000000000, 0.000000000000000000 ) ) ;
#1520 = CARTESIAN_POINT ( 'NONE',  ( -15.00000000000000000, 1.000000000000000000, 9.040603842019438119 ) ) ;
#1521 = CARTESIAN_POINT ( 'NONE',  ( -15.09243026567527934, 7.000000000000002665, 11.61203241344800929 ) ) ;
#1522 = AXIS2_PLACEMENT_3D ( 'NONE', #1224, #268, #1236 ) ;
#1523 = LINE ( 'NONE', #1653, #415 ) ;
#1524 = ADVANCED_FACE ( 'NONE', ( #289 ), #935, .T. ) ;
#1525 = EDGE_LOOP ( 'NONE', ( #891, #1814, #1515, #1976 ) ) ;
#1526 = CARTESIAN_POINT ( 'NONE',  ( 4.500000000000000888, 7.000000000000000000, 8.999999999999998224 ) ) ;
#1527 = ORIENTED_EDGE ( 'NONE', *, *, #847, .F. ) ;
#1528 = CARTESIAN_POINT ( 'NONE',  ( 15.00000000000000000, 0.000000000000000000, 0.000000000000000000 ) ) ;
#1529 = CARTESIAN_POINT ( 'NONE',  ( -23.44503301025901365, 0.9999999999999995559, -6.967259496672917329 ) ) ;
#1530 = VERTEX_POINT ( 'NONE', #496 ) ;
#1531 = ADVANCED_FACE ( 'NONE', ( #1780 ), #151, .F. ) ;
#1532 = CARTESIAN_POINT ( 'NONE',  ( 31.33114065813504112, 0.7235762820741096224, -4.932210775048423201 ) ) ;
#1533 = DIRECTION ( 'NONE',  ( 1.000000000000000000, -0.000000000000000000, 0.000000000000000000 ) ) ;
#1534 = AXIS2_PLACEMENT_3D ( 'NONE', #1334, #1478, #2002 ) ;
#1535 = CIRCLE ( 'NONE', #2056, 2.750000000000000000 ) ;
#1536 = DIRECTION ( 'NONE',  ( 0.000000000000000000, 0.000000000000000000, -1.000000000000000000 ) ) ;
#1537 = CIRCLE ( 'NONE', #1437, 0.3999999999999993006 ) ;
#1538 = ORIENTED_EDGE ( 'NONE', *, *, #400, .F. ) ;
#1539 = ORIENTED_EDGE ( 'NONE', *, *, #833, .T. ) ;
#1540 = DIRECTION ( 'NONE',  ( -1.000000000000000000, 0.000000000000000000, -0.000000000000000000 ) ) ;
#1541 = LINE ( 'NONE', #1202, #1767 ) ;
#1542 = VECTOR ( 'NONE', #1463, 1000.000000000000000 ) ;
#1543 = VERTEX_POINT ( 'NONE', #960 ) ;
#1544 = DIRECTION ( 'NONE',  ( 0.000000000000000000, -1.000000000000000000, 0.000000000000000000 ) ) ;
#1545 = CARTESIAN_POINT ( 'NONE',  ( -23.11383355139423657, 5.131906766433050215, -8.237677953473985681 ) ) ;
#1546 = DIRECTION ( 'NONE',  ( -1.000000000000000000, -0.000000000000000000, -0.000000000000000000 ) ) ;
#1547 = ORIENTED_EDGE ( 'NONE', *, *, #226, .T. ) ;
#1548 = VERTEX_POINT ( 'NONE', #1967 ) ;
#1549 = DIRECTION ( 'NONE',  ( 0.000000000000000000, 0.000000000000000000, -1.000000000000000000 ) ) ;
#1550 = EDGE_CURVE ( 'NONE', #963, #580, #661, .T. ) ;
#1551 = FACE_OUTER_BOUND ( 'NONE', #1466, .T. ) ;
#1552 = LINE ( 'NONE', #1918, #1419 ) ;
#1553 = LINE ( 'NONE', #595, #1473 ) ;
#1554 = CARTESIAN_POINT ( 'NONE',  ( -40.25000000000000000, 7.000000000000000000, 3.749999999999998224 ) ) ;
#1555 = EDGE_CURVE ( 'NONE', #1823, #1984, #1149, .T. ) ;
#1556 = ORIENTED_EDGE ( 'NONE', *, *, #2011, .T. ) ;
#1557 = VERTEX_POINT ( 'NONE', #1306 ) ;
#1558 = CARTESIAN_POINT ( 'NONE',  ( -8.499999999999998224, 9.500000000000000000, -8.999999999999998224 ) ) ;
#1559 = ADVANCED_FACE ( 'NONE', ( #993 ), #1284, .F. ) ;
#1560 = DIRECTION ( 'NONE',  ( 0.000000000000000000, 0.000000000000000000, 1.000000000000000000 ) ) ;
#1561 = CARTESIAN_POINT ( 'NONE',  ( 31.26541750629461447, 5.001415005815015746, 5.587146574223125661 ) ) ;
#1562 = EDGE_CURVE ( 'NONE', #1650, #1984, #490, .T. ) ;
#1563 = CARTESIAN_POINT ( 'NONE',  ( -15.00000000000000000, 7.000000000000000000, -11.61203241344800929 ) ) ;
#1564 = VECTOR ( 'NONE', #129, 1000.000000000000000 ) ;
#1565 = FACE_OUTER_BOUND ( 'NONE', #423, .T. ) ;
#1566 = VERTEX_POINT ( 'NONE', #1483 ) ;
#1567 = ORIENTED_EDGE ( 'NONE', *, *, #1304, .T. ) ;
#1568 = AXIS2_PLACEMENT_3D ( 'NONE', #1034, #876, #1021 ) ;
#1569 = B_SPLINE_CURVE_WITH_KNOTS ( 'NONE', 3,
 ( #2039, #719, #196, #361, #405, #731, #708, #864, #573, #385 ),
 .UNSPECIFIED., .F., .F.,
 ( 4, 3, 3, 4 ),
 ( 0.000000000000000000, 0.001934820177287793676, 0.003967630668354418452, 0.006000441726156057615 ),
 .UNSPECIFIED. ) ;
#1570 = LINE ( 'NONE', #1094, #588 ) ;
#1571 = CARTESIAN_POINT ( 'NONE',  ( 15.00000000000000000, 7.000000000000000000, -8.999999999999998224 ) ) ;
#1572 = CARTESIAN_POINT ( 'NONE',  ( 15.10992536905837547, 4.628880793865267407, 10.59583846796170015 ) ) ;
#1573 = DIRECTION ( 'NONE',  ( 0.9414860325703559019, -0.000000000000000000, 0.3370519996601873958 ) ) ;
#1574 = EDGE_CURVE ( 'NONE', #898, #184, #875, .T. ) ;
#1575 = CARTESIAN_POINT ( 'NONE',  ( -4.499999999999999112, 9.500000000000000000, -9.000000000000001776 ) ) ;
#1576 = ORIENTED_EDGE ( 'NONE', *, *, #1464, .T. ) ;
#1577 = EDGE_CURVE ( 'NONE', #738, #1929, #1114, .T. ) ;
#1578 = DIRECTION ( 'NONE',  ( 0.000000000000000000, -1.000000000000000000, 0.000000000000000000 ) ) ;
#1579 = AXIS2_PLACEMENT_3D ( 'NONE', #1040, #1350, #1978 ) ;
#1580 = CARTESIAN_POINT ( 'NONE',  ( 15.25000000000000178, 0.000000000000000000, 9.699999999999997513 ) ) ;
#1581 = UNCERTAINTY_MEASURE_WITH_UNIT (LENGTH_MEASURE( 1.000000000000000082E-05 ), #1994, 'distance_accuracy_value', 'NONE');
#1582 = CARTESIAN_POINT ( 'NONE',  ( 39.25000000000000000, 7.000000000000000000, 0.000000000000000000 ) ) ;
#1583 = DIRECTION ( 'NONE',  ( 1.000000000000000000, 0.000000000000000000, 0.000000000000000000 ) ) ;
#1584 = CARTESIAN_POINT ( 'NONE',  ( 2.500000000000000444, 7.000000000000000000, -11.49999999999999822 ) ) ;
#1585 = ORIENTED_EDGE ( 'NONE', *, *, #1481, .T. ) ;
#1586 = EDGE_CURVE ( 'NONE', #1991, #2093, #347, .T. ) ;
#1587 = PLANE ( 'NONE',  #1595 ) ;
#1588 = DIRECTION ( 'NONE',  ( 0.6246950475544241765, 0.000000000000000000, 0.7808688094430303872 ) ) ;
#1589 = FACE_OUTER_BOUND ( 'NONE', #2019, .T. ) ;
#1590 = EDGE_CURVE ( 'NONE', #857, #1336, #1502, .T. ) ;
#1591 = DIRECTION ( 'NONE',  ( -1.000000000000000000, 0.000000000000000000, -0.000000000000000000 ) ) ;
#1592 = DIRECTION ( 'NONE',  ( -1.000000000000000000, -0.000000000000000000, -0.000000000000000000 ) ) ;
#1593 = EDGE_LOOP ( 'NONE', ( #1922, #1287, #1762, #163 ) ) ;
#1594 = ORIENTED_EDGE ( 'NONE', *, *, #1464, .F. ) ;
#1595 = AXIS2_PLACEMENT_3D ( 'NONE', #1878, #578, #1414 ) ;
#1596 = CARTESIAN_POINT ( 'NONE',  ( 15.00000000000000000, 1.000000000000000000, 0.000000000000000000 ) ) ;
#1597 = VECTOR ( 'NONE', #1736, 1000.000000000000000 ) ;
#1598 = DIRECTION ( 'NONE',  ( 0.000000000000000000, -1.000000000000000000, 0.000000000000000000 ) ) ;
#1599 = CIRCLE ( 'NONE', #1232, 2.750000000000000000 ) ;
#1600 = VECTOR ( 'NONE', #1588, 999.9999999999998863 ) ;
#1601 = PLANE ( 'NONE',  #1450 ) ;
#1602 = CARTESIAN_POINT ( 'NONE',  ( 39.24999999999999289, 2.355096872194911928, 2.990334312419760554 ) ) ;
#1603 = ADVANCED_FACE ( 'NONE', ( #466 ), #484, .T. ) ;
#1604 = FACE_OUTER_BOUND ( 'NONE', #1134, .T. ) ;
#1605 = ORIENTED_EDGE ( 'NONE', *, *, #119, .T. ) ;
#1606 = VECTOR ( 'NONE', #2, 999.9999999999998863 ) ;
#1607 = ORIENTED_EDGE ( 'NONE', *, *, #2034, .T. ) ;
#1608 = CARTESIAN_POINT ( 'NONE',  ( -4.499999999999999112, 7.000000000000000000, -9.000000000000001776 ) ) ;
#1609 = DIRECTION ( 'NONE',  ( 0.000000000000000000, 0.000000000000000000, 1.000000000000000000 ) ) ;
#1610 = VECTOR ( 'NONE', #181, 1000.000000000000000 ) ;
#1611 = CARTESIAN_POINT ( 'NONE',  ( -15.11488231464181808, 3.963896077239865257, 10.31084501797938202 ) ) ;
#1612 = CARTESIAN_POINT ( 'NONE',  ( -39.25000000000000000, 5.500000000000000888, 0.000000000000000000 ) ) ;
#1613 = EDGE_CURVE ( 'NONE', #460, #1754, #1630, .T. ) ;
#1614 = CARTESIAN_POINT ( 'NONE',  ( 34.24973634326099869, 1.000000000000000222, -4.245056018504854478 ) ) ;
#1615 = ORIENTED_EDGE ( 'NONE', *, *, #1389, .F. ) ;
#1616 = ORIENTED_EDGE ( 'NONE', *, *, #2015, .T. ) ;
#1617 = ORIENTED_EDGE ( 'NONE', *, *, #932, .T. ) ;
#1618 = EDGE_CURVE ( 'NONE', #1700, #2101, #980, .T. ) ;
#1619 = CARTESIAN_POINT ( 'NONE',  ( -39.49160592150130356, 0.5878039904253766768, 2.907790020887792704 ) ) ;
#1620 = CARTESIAN_POINT ( 'NONE',  ( 39.24999999999999289, 6.355101608504229560, -3.038457472728586239 ) ) ;
#1621 = EDGE_CURVE ( 'NONE', #184, #843, #1294, .T. ) ;
#1622 = VECTOR ( 'NONE', #1462, 999.9999999999998863 ) ;
#1623 = LINE ( 'NONE', #1788, #64 ) ;
#1624 = CARTESIAN_POINT ( 'NONE',  ( 39.24999999999999289, 3.032648703069731777, 2.998716821851036052 ) ) ;
#1625 = EDGE_CURVE ( 'NONE', #1079, #1382, #317, .T. ) ;
#1626 = LINE ( 'NONE', #1131, #1369 ) ;
#1627 = EDGE_LOOP ( 'NONE', ( #1250, #1556, #728, #1240, #175, #155 ) ) ;
#1628 = ORIENTED_EDGE ( 'NONE', *, *, #1770, .T. ) ;
#1629 = ORIENTED_EDGE ( 'NONE', *, *, #819, .F. ) ;
#1630 = B_SPLINE_CURVE_WITH_KNOTS ( 'NONE', 3,
 ( #1452, #648, #306, #337, #1946, #950, #1624, #1602, #143, #791 ),
 .UNSPECIFIED., .F., .F.,
 ( 4, 3, 3, 4 ),
 ( 0.000000000000000000, 0.001934820177287798230, 0.003967630668354421922, 0.006000441726156061084 ),
 .UNSPECIFIED. ) ;
#1631 = CARTESIAN_POINT ( 'NONE',  ( 4.500000000000000888, 9.500000000000000000, 8.999999999999998224 ) ) ;
#1632 = CARTESIAN_POINT ( 'NONE',  ( -3.332249938994626959, 9.500000000000000000, -11.50000000000000000 ) ) ;
#1633 = AXIS2_PLACEMENT_3D ( 'NONE', #953, #1791, #1637 ) ;
#1634 = VECTOR ( 'NONE', #1885, 1000.000000000000000 ) ;
#1635 = DIRECTION ( 'NONE',  ( -1.000000000000000000, 0.000000000000000000, -0.000000000000000000 ) ) ;
#1636 = DIRECTION ( 'NONE',  ( -1.000000000000000000, 0.000000000000000000, 0.000000000000000000 ) ) ;
#1637 = DIRECTION ( 'NONE',  ( 0.000000000000000000, 0.000000000000000000, -1.000000000000000000 ) ) ;
#1638 = ORIENTED_EDGE ( 'NONE', *, *, #1018, .T. ) ;
#1639 = ORIENTED_EDGE ( 'NONE', *, *, #1954, .F. ) ;
#1640 = AXIS2_PLACEMENT_3D ( 'NONE', #1076, #455, #103 ) ;
#1641 = ORIENTED_EDGE ( 'NONE', *, *, #267, .T. ) ;
#1642 = EDGE_CURVE ( 'NONE', #309, #1701, #969, .T. ) ;
#1643 = DIRECTION ( 'NONE',  ( 0.000000000000000000, -0.000000000000000000, -1.000000000000000000 ) ) ;
#1644 = ADVANCED_FACE ( 'NONE', ( #194 ), #2010, .F. ) ;
#1645 = CARTESIAN_POINT ( 'NONE',  ( 15.13721627127416802, 1.000000000000000000, -9.040603842019441672 ) ) ;
#1646 = B_SPLINE_CURVE_WITH_KNOTS ( 'NONE', 3,
 ( #1171, #1990, #353, #1825, #854, #1654 ),
 .UNSPECIFIED., .F., .F.,
 ( 4, 2, 4 ),
 ( 0.000000000000000000, 0.5000000000000000000, 1.000000000000000000 ),
 .UNSPECIFIED. ) ;
#1647 = CARTESIAN_POINT ( 'NONE',  ( 40.25000000000000000, 7.000000000000000000, -2.304886114323221769 ) ) ;
#1648 = CARTESIAN_POINT ( 'NONE',  ( 3.332249938994628291, 7.000000000000000000, -11.09999999999999787 ) ) ;
#1649 = DIRECTION ( 'NONE',  ( -1.000000000000000000, -0.000000000000000000, -0.000000000000000000 ) ) ;
#1650 = VERTEX_POINT ( 'NONE', #1177 ) ;
#1651 = EDGE_LOOP ( 'NONE', ( #274, #1456, #1665, #1639 ) ) ;
#1652 = ORIENTED_EDGE ( 'NONE', *, *, #1290, .F. ) ;
#1653 = CARTESIAN_POINT ( 'NONE',  ( 8.500000000000000000, 7.000000000000000000, -8.999999999999998224 ) ) ;
#1654 = CARTESIAN_POINT ( 'NONE',  ( 15.25000000000000711, 7.000000000000000000, 12.69999999999999751 ) ) ;
#1655 = EDGE_LOOP ( 'NONE', ( #321, #459, #1796, #795 ) ) ;
#1656 = CARTESIAN_POINT ( 'NONE',  ( 39.24999999999998579, 6.999999999999997335, -3.045788534918747903 ) ) ;
#1657 = ORIENTED_EDGE ( 'NONE', *, *, #927, .F. ) ;
#1658 = CARTESIAN_POINT ( 'NONE',  ( -23.58333333333334281, 0.000000000000000000, 7.716666666666662344 ) ) ;
#1659 = CARTESIAN_POINT ( 'NONE',  ( -4.499999999999999112, 9.500000000000000000, -9.000000000000001776 ) ) ;
#1660 = DIRECTION ( 'NONE',  ( 1.000000000000000000, 0.000000000000000000, 0.000000000000000000 ) ) ;
#1661 = CARTESIAN_POINT ( 'NONE',  ( 3.019902415217415204, 9.500000000000000000, 10.85012198097822989 ) ) ;
#1662 = DIRECTION ( 'NONE',  ( -0.000000000000000000, 1.000000000000000000, -0.000000000000000000 ) ) ;
#1663 = CARTESIAN_POINT ( 'NONE',  ( 39.25000000000000000, 7.000000000000000000, 0.000000000000000000 ) ) ;
#1664 = B_SPLINE_SURFACE_WITH_KNOTS ( 'NONE', 3, 1, ( 
 ( #242, #1174 ),
 ( #1015, #1671 ),
 ( #1051, #1658 ),
 ( #1815, #1190 ),
 ( #1828, #1842 ),
 ( #1002, #1518 ) ),
 .UNSPECIFIED., .F., .F., .F.,
 ( 4, 2, 4 ),
 ( 2, 2 ),
 ( 0.000000000000000000, 0.5000000000000000000, 1.000000000000000000 ),
 ( 0.000000000000000000, 1.000000000000000000 ),
 .UNSPECIFIED. ) ;
#1665 = ORIENTED_EDGE ( 'NONE', *, *, #888, .T. ) ;
#1666 = ORIENTED_EDGE ( 'NONE', *, *, #1859, .T. ) ;
#1667 = CARTESIAN_POINT ( 'NONE',  ( 40.25000000000000711, 7.000000000000000000, 2.304886114323221769 ) ) ;
#1668 = PLANE ( 'NONE',  #1073 ) ;
#1669 = VERTEX_POINT ( 'NONE', #210 ) ;
#1670 = ORIENTED_EDGE ( 'NONE', *, *, #294, .T. ) ;
#1671 = CARTESIAN_POINT ( 'NONE',  ( -19.41666666666667140, 0.000000000000000000, 8.708333333333328596 ) ) ;
#1672 = CARTESIAN_POINT ( 'NONE',  ( 40.25000000000000000, 5.500000000000000888, 2.750000000000000000 ) ) ;
#1673 = CARTESIAN_POINT ( 'NONE',  ( 20.14385504832705820, 1.000000000000000000, 7.793907628998490544 ) ) ;
#1674 = CARTESIAN_POINT ( 'NONE',  ( 23.14525500796266755, 2.994358277650713607, -7.610946547357116287 ) ) ;
#1675 = VECTOR ( 'NONE', #1546, 1000.000000000000000 ) ;
#1676 = EDGE_CURVE ( 'NONE', #341, #807, #1340, .T. ) ;
#1677 = CARTESIAN_POINT ( 'NONE',  ( 9.667750061005373041, 9.499999999999998224, 11.09999999999999787 ) ) ;
#1678 = LINE ( 'NONE', #1968, #1912 ) ;
#1679 = ORIENTED_EDGE ( 'NONE', *, *, #48, .F. ) ;
#1680 = CARTESIAN_POINT ( 'NONE',  ( -4.499999999999999112, 7.000000000000000000, 9.000000000000001776 ) ) ;
#1681 = ORIENTED_EDGE ( 'NONE', *, *, #1555, .F. ) ;
#1682 = ORIENTED_EDGE ( 'NONE', *, *, #205, .T. ) ;
#1683 = LINE ( 'NONE', #2007, #222 ) ;
#1684 = DIRECTION ( 'NONE',  ( 0.000000000000000000, 0.000000000000000000, 1.000000000000000000 ) ) ;
#1685 = EDGE_CURVE ( 'NONE', #1808, #309, #464, .T. ) ;
#1686 = DIRECTION ( 'NONE',  ( 0.000000000000000000, 0.000000000000000000, 1.000000000000000000 ) ) ;
#1687 = LINE ( 'NONE', #1511, #292 ) ;
#1688 = EDGE_CURVE ( 'NONE', #1059, #843, #1432, .T. ) ;
#1689 = VECTOR ( 'NONE', #1919, 1000.000000000000000 ) ;
#1690 = DIRECTION ( 'NONE',  ( 0.7808688094430303872, 0.000000000000000000, -0.6246950475544241765 ) ) ;
#1691 = EDGE_LOOP ( 'NONE', ( #154, #1271, #1490, #1349 ) ) ;
#1692 = EDGE_LOOP ( 'NONE', ( #1906, #442, #1576, #1641 ) ) ;
#1693 = EDGE_CURVE ( 'NONE', #723, #1530, #1832, .T. ) ;
#1694 = CARTESIAN_POINT ( 'NONE',  ( -10.49999999999999822, 7.000000000000000000, -11.49999999999999822 ) ) ;
#1695 = DIRECTION ( 'NONE',  ( 0.000000000000000000, 0.000000000000000000, -1.000000000000000000 ) ) ;
#1696 = ORIENTED_EDGE ( 'NONE', *, *, #2005, .T. ) ;
#1697 = CARTESIAN_POINT ( 'NONE',  ( -8.499999999999998224, 9.500000000000000000, 8.999999999999998224 ) ) ;
#1698 = CARTESIAN_POINT ( 'NONE',  ( -2.499999999999998668, 9.500000000000000000, -11.50000000000000000 ) ) ;
#1699 = CARTESIAN_POINT ( 'NONE',  ( 40.25000000000000000, 0.000000000000000000, 3.749999999999999112 ) ) ;
#1700 = VERTEX_POINT ( 'NONE', #21 ) ;
#1701 = VERTEX_POINT ( 'NONE', #1019 ) ;
#1702 = CARTESIAN_POINT ( 'NONE',  ( 15.00000000000000000, 7.000000000000000000, -8.999999999999998224 ) ) ;
#1703 = PLANE ( 'NONE',  #313 ) ;
#1704 = ORIENTED_EDGE ( 'NONE', *, *, #918, .T. ) ;
#1705 = DIRECTION ( 'NONE',  ( -1.000000000000000000, -0.000000000000000000, -0.000000000000000000 ) ) ;
#1706 = CARTESIAN_POINT ( 'NONE',  ( -39.25000000000000000, 7.000000000000000000, 0.000000000000000000 ) ) ;
#1707 = VECTOR ( 'NONE', #1771, 999.9999999999998863 ) ;
#1708 = VECTOR ( 'NONE', #65, 1000.000000000000000 ) ;
#1709 = CARTESIAN_POINT ( 'NONE',  ( 8.500000000000000000, 9.500000000000000000, 8.999999999999998224 ) ) ;
#1710 = EDGE_CURVE ( 'NONE', #188, #1754, #1085, .T. ) ;
#1711 = VECTOR ( 'NONE', #304, 1000.000000000000000 ) ;
#1712 = ORIENTED_EDGE ( 'NONE', *, *, #1909, .F. ) ;
#1713 = ORIENTED_EDGE ( 'NONE', *, *, #1790, .T. ) ;
#1714 = CARTESIAN_POINT ( 'NONE',  ( -15.13721627127416802, 1.000000000000000444, -9.040603842019439895 ) ) ;
#1715 = CYLINDRICAL_SURFACE ( 'NONE', #37, 2.750000000000000000 ) ;
#1716 = ORIENTED_EDGE ( 'NONE', *, *, #1927, .T. ) ;
#1717 = DIRECTION ( 'NONE',  ( 1.000000000000000000, 0.000000000000000000, 0.000000000000000000 ) ) ;
#1718 = CARTESIAN_POINT ( 'NONE',  ( 0.000000000000000000, 9.500000000000000000, 0.000000000000000000 ) ) ;
#1719 = CARTESIAN_POINT ( 'NONE',  ( -8.499999999999998224, 9.500000000000000000, -8.999999999999998224 ) ) ;
#1720 = VECTOR ( 'NONE', #1140, 1000.000000000000000 ) ;
#1721 = ORIENTED_EDGE ( 'NONE', *, *, #1189, .T. ) ;
#1722 = EDGE_LOOP ( 'NONE', ( #1897, #310, #409, #542 ) ) ;
#1723 = CARTESIAN_POINT ( 'NONE',  ( -15.11878457566050571, 3.443321890522593076, -10.08774179510055191 ) ) ;
#1724 = DIRECTION ( 'NONE',  ( -1.000000000000000000, 0.000000000000000000, 0.000000000000000000 ) ) ;
#1725 = CARTESIAN_POINT ( 'NONE',  ( 31.29762628755342746, 2.862609422672457438, 5.258916066636108333 ) ) ;
#1726 = DIRECTION ( 'NONE',  ( 0.000000000000000000, 0.000000000000000000, 1.000000000000000000 ) ) ;
#1727 = CARTESIAN_POINT ( 'NONE',  ( -15.25000000000000178, 7.000000000000000000, 12.69999999999999751 ) ) ;
#1728 = VECTOR ( 'NONE', #532, 1000.000000000000000 ) ;
#1729 = ORIENTED_EDGE ( 'NONE', *, *, #1106, .F. ) ;
#1730 = ORIENTED_EDGE ( 'NONE', *, *, #108, .T. ) ;
#1731 = CARTESIAN_POINT ( 'NONE',  ( -15.25000000000000178, 7.000000000000000000, -12.70000000000000107 ) ) ;
#1732 = DIRECTION ( 'NONE',  ( 0.000000000000000000, 1.000000000000000000, 0.000000000000000000 ) ) ;
#1733 = CARTESIAN_POINT ( 'NONE',  ( 4.500000000000000888, 9.500000000000000000, -8.999999999999998224 ) ) ;
#1734 = CARTESIAN_POINT ( 'NONE',  ( -4.499999999999999112, 7.000000000000000000, -9.000000000000001776 ) ) ;
#1735 = VECTOR ( 'NONE', #197, 1000.000000000000000 ) ;
#1736 = DIRECTION ( 'NONE',  ( -0.000000000000000000, 1.000000000000000000, -0.000000000000000000 ) ) ;
#1737 = EDGE_LOOP ( 'NONE', ( #499, #166, #806, #1961, #1187, #350, #5, #606 ) ) ;
#1738 = ORIENTED_EDGE ( 'NONE', *, *, #2068, .T. ) ;
#1739 = CARTESIAN_POINT ( 'NONE',  ( 15.00000000000000000, 7.000000000000000000, 11.61203241344800929 ) ) ;
#1740 = CARTESIAN_POINT ( 'NONE',  ( 41.59691632810185524, 1.000000000000000000, -9.040603842019443448 ) ) ;
#1741 = CARTESIAN_POINT ( 'NONE',  ( 15.09677146265743453, 6.407219996039199117, 11.35798384032195329 ) ) ;
#1742 = CARTESIAN_POINT ( 'NONE',  ( -8.499999999999998224, 9.500000000000000000, -8.999999999999998224 ) ) ;
#1743 = EDGE_CURVE ( 'NONE', #1132, #1298, #1064, .T. ) ;
#1744 = CARTESIAN_POINT ( 'NONE',  ( -3.019902415217414759, 9.500000000000000000, -10.85012198097822989 ) ) ;
#1745 = VERTEX_POINT ( 'NONE', #381 ) ;
#1746 = CARTESIAN_POINT ( 'NONE',  ( -15.10113940661646659, 5.814440157117398478, -11.10393533792689524 ) ) ;
#1747 = VECTOR ( 'NONE', #1088, 999.9999999999998863 ) ;
#1748 = EDGE_CURVE ( 'NONE', #2042, #1412, #413, .T. ) ;
#1749 = CYLINDRICAL_SURFACE ( 'NONE', #787, 0.3999999999999993006 ) ;
#1750 = CARTESIAN_POINT ( 'NONE',  ( 15.09243026567527934, 7.000000000000005329, 11.61203241344801107 ) ) ;
#1751 = CARTESIAN_POINT ( 'NONE',  ( -15.00000000000000000, 0.000000000000000000, 0.000000000000000000 ) ) ;
#1752 = DIRECTION ( 'NONE',  ( 0.000000000000000000, 0.000000000000000000, 1.000000000000000000 ) ) ;
#1753 = ORIENTED_EDGE ( 'NONE', *, *, #1025, .F. ) ;
#1754 = VERTEX_POINT ( 'NONE', #1385 ) ;
#1755 = CARTESIAN_POINT ( 'NONE',  ( -23.14525500796247925, 2.994358277650717159, 7.610946547357175795 ) ) ;
#1756 = PLANE ( 'NONE',  #1886 ) ;
#1757 = EDGE_CURVE ( 'NONE', #110, #752, #1844, .T. ) ;
#1758 = CARTESIAN_POINT ( 'NONE',  ( -30.95041150405981512, 1.000000000000000000, 5.079075876286577085 ) ) ;
#1759 = DIRECTION ( 'NONE',  ( 0.000000000000000000, 0.000000000000000000, -1.000000000000000000 ) ) ;
#1760 = LINE ( 'NONE', #486, #889 ) ;
#1761 = ORIENTED_EDGE ( 'NONE', *, *, #1360, .F. ) ;
#1762 = ORIENTED_EDGE ( 'NONE', *, *, #1253, .F. ) ;
#1763 = AXIS2_PLACEMENT_3D ( 'NONE', #502, #1135, #480 ) ;
#1764 = CARTESIAN_POINT ( 'NONE',  ( -31.26541750629461447, 5.001415005815015746, 5.587146574223125661 ) ) ;
#1765 = CARTESIAN_POINT ( 'NONE',  ( 31.91666666666691299, 6.999999999999999112, -6.733333333333247239 ) ) ;
#1766 = ADVANCED_FACE ( 'NONE', ( #1551 ), #1715, .F. ) ;
#1767 = VECTOR ( 'NONE', #1695, 1000.000000000000000 ) ;
#1768 = LINE ( 'NONE', #949, #1254 ) ;
#1769 = DIRECTION ( 'NONE',  ( -0.000000000000000000, 0.000000000000000000, 1.000000000000000000 ) ) ;
#1770 = EDGE_CURVE ( 'NONE', #752, #944, #2022, .T. ) ;
#1771 = DIRECTION ( 'NONE',  ( 0.6246950475544241765, 0.000000000000000000, 0.7808688094430303872 ) ) ;
#1772 = EDGE_LOOP ( 'NONE', ( #1730, #1153, #1985, #47 ) ) ;
#1773 = ORIENTED_EDGE ( 'NONE', *, *, #1792, .F. ) ;
#1774 = EDGE_CURVE ( 'NONE', #964, #1446, #531, .T. ) ;
#1775 = CARTESIAN_POINT ( 'NONE',  ( -40.25000000000000000, 7.000000000000000000, -3.750000000000001776 ) ) ;
#1776 = CARTESIAN_POINT ( 'NONE',  ( 19.41666666666682417, 6.999999999999999112, -11.20833333333327708 ) ) ;
#1777 = VECTOR ( 'NONE', #439, 1000.000000000000000 ) ;
#1778 = EDGE_CURVE ( 'NONE', #1887, #1669, #1541, .T. ) ;
#1779 = DIRECTION ( 'NONE',  ( 0.6246950475544241765, 0.000000000000000000, -0.7808688094430303872 ) ) ;
#1780 = FACE_OUTER_BOUND ( 'NONE', #965, .T. ) ;
#1781 = CARTESIAN_POINT ( 'NONE',  ( 9.980097584782587461, 9.500000000000000000, 10.85012198097822989 ) ) ;
#1782 = ORIENTED_EDGE ( 'NONE', *, *, #290, .T. ) ;
#1783 = ORIENTED_EDGE ( 'NONE', *, *, #1685, .T. ) ;
#1784 = VERTEX_POINT ( 'NONE', #1672 ) ;
#1785 = CARTESIAN_POINT ( 'NONE',  ( 40.25000000000000000, 7.000000000000000000, -3.750000000000001776 ) ) ;
#1786 = CARTESIAN_POINT ( 'NONE',  ( 15.11047087152292434, 4.556675642958506245, -10.56489340328737470 ) ) ;
#1787 = VECTOR ( 'NONE', #1192, 1000.000000000000000 ) ;
#1788 = CARTESIAN_POINT ( 'NONE',  ( 2.500000000000000444, 9.500000000000000000, 11.49999999999999822 ) ) ;
#1789 = CARTESIAN_POINT ( 'NONE',  ( -8.499999999999998224, 9.500000000000000000, 8.999999999999998224 ) ) ;
#1790 = EDGE_CURVE ( 'NONE', #1548, #341, #1809, .T. ) ;
#1791 = DIRECTION ( 'NONE',  ( 0.000000000000000000, -1.000000000000000000, 0.000000000000000000 ) ) ;
#1792 = EDGE_CURVE ( 'NONE', #1566, #890, #63, .T. ) ;
#1793 = EDGE_LOOP ( 'NONE', ( #1877, #1960, #2050, #1867 ) ) ;
#1794 = VERTEX_POINT ( 'NONE', #1375 ) ;
#1795 = ADVANCED_FACE ( 'NONE', ( #2045 ), #1175, .T. ) ;
#1796 = ORIENTED_EDGE ( 'NONE', *, *, #1816, .T. ) ;
#1797 = PLANE ( 'NONE',  #167 ) ;
#1798 = B_SPLINE_CURVE_WITH_KNOTS ( 'NONE', 3,
 ( #1750, #1741, #448, #114, #1572, #1267, #1087, #908, #1416, #1103 ),
 .UNSPECIFIED., .F., .F.,
 ( 4, 3, 3, 4 ),
 ( 8.673617379884035472E-19, 0.001934820123254248677, 0.003869640246162387928, 0.006527959167234699892 ),
 .UNSPECIFIED. ) ;
#1799 = CARTESIAN_POINT ( 'NONE',  ( 40.25010000000000332, 7.000000000000000000, 2.304886114323221769 ) ) ;
#1800 = VECTOR ( 'NONE', #1082, 1000.000000000000114 ) ;
#1801 = STYLED_ITEM ( 'NONE', ( #193 ), #264 ) ;
#1802 = CARTESIAN_POINT ( 'NONE',  ( 8.500000000000000000, 9.500000000000000000, 8.999999999999998224 ) ) ;
#1803 = DIRECTION ( 'NONE',  ( 1.000000000000000000, 0.000000000000000000, 8.673617379884035472E-16 ) ) ;
#1804 = VECTOR ( 'NONE', #2072, 1000.000000000000227 ) ;
#1805 = LINE ( 'NONE', #696, #1460 ) ;
#1806 = ORIENTED_EDGE ( 'NONE', *, *, #768, .T. ) ;
#1807 = EDGE_LOOP ( 'NONE', ( #1331, #91, #136, #986 ) ) ;
#1808 = VERTEX_POINT ( 'NONE', #716 ) ;
#1809 = CIRCLE ( 'NONE', #691, 0.3999999999999993006 ) ;
#1810 = DIRECTION ( 'NONE',  ( 0.000000000000000000, 0.000000000000000000, 1.000000000000000000 ) ) ;
#1811 = ORIENTED_EDGE ( 'NONE', *, *, #1421, .T. ) ;
#1812 = B_SPLINE_SURFACE_WITH_KNOTS ( 'NONE', 3, 1, ( 
 ( #936, #2076 ),
 ( #441, #1089 ),
 ( #89, #1397 ),
 ( #1258, #126 ),
 ( #1913, #452 ),
 ( #742, #251 ) ),
 .UNSPECIFIED., .F., .F., .F.,
 ( 4, 2, 4 ),
 ( 2, 2 ),
 ( 0.000000000000000000, 0.5000000000000000000, 1.000000000000000000 ),
 ( 0.000000000000000000, 1.000000000000000000 ),
 .UNSPECIFIED. ) ;
#1813 = CARTESIAN_POINT ( 'NONE',  ( 39.24999999999998579, 3.710200345930469989, -3.007099328956248652 ) ) ;
#1814 = ORIENTED_EDGE ( 'NONE', *, *, #1693, .F. ) ;
#1815 = CARTESIAN_POINT ( 'NONE',  ( -31.91666666666662167, 6.999999999999999112, 6.733333333333346715 ) ) ;
#1816 = EDGE_CURVE ( 'NONE', #1701, #17, #219, .T. ) ;
#1817 = DIRECTION ( 'NONE',  ( 0.000000000000000000, 0.000000000000000000, 1.000000000000000000 ) ) ;
#1818 = CARTESIAN_POINT ( 'NONE',  ( -39.25000000000000000, 2.355096872194914148, 2.990334312419761442 ) ) ;
#1819 = CARTESIAN_POINT ( 'NONE',  ( 15.00000000000000000, 7.000000000000000000, 11.61203241344800929 ) ) ;
#1820 = CYLINDRICAL_SURFACE ( 'NONE', #118, 0.3999999999999993006 ) ;
#1821 = CARTESIAN_POINT ( 'NONE',  ( 23.15253181882125588, 6.999999999999999112, -8.778039830792893738 ) ) ;
#1822 = VERTEX_POINT ( 'NONE', #74 ) ;
#1823 = VERTEX_POINT ( 'NONE', #546 ) ;
#1824 = CARTESIAN_POINT ( 'NONE',  ( 40.25000000000000000, 7.000000000000000000, 3.749999999999998224 ) ) ;
#1825 = CARTESIAN_POINT ( 'NONE',  ( 23.58333333333328952, 6.999999999999999112, 9.716666666666680996 ) ) ;
#1826 = ORIENTED_EDGE ( 'NONE', *, *, #608, .T. ) ;
#1827 = VERTEX_POINT ( 'NONE', #2033 ) ;
#1828 = CARTESIAN_POINT ( 'NONE',  ( -36.08333333333330017, 6.999999999999999112, 5.241666666666675134 ) ) ;
#1829 = EDGE_CURVE ( 'NONE', #624, #964, #569, .T. ) ;
#1830 = ADVANCED_FACE ( 'NONE', ( #402 ), #1703, .F. ) ;
#1831 = CARTESIAN_POINT ( 'NONE',  ( -3.332249938994626959, 9.500000000000000000, -11.50000000000000000 ) ) ;
#1832 = LINE ( 'NONE', #371, #1265 ) ;
#1833 = VECTOR ( 'NONE', #1893, 1000.000000000000000 ) ;
#1834 = CARTESIAN_POINT ( 'NONE',  ( -15.25000000000000178, 0.000000000000000000, 9.699999999999997513 ) ) ;
#1835 = CARTESIAN_POINT ( 'NONE',  ( -3.332249938994626959, 7.000000000000000000, 11.50000000000000000 ) ) ;
#1836 = FACE_OUTER_BOUND ( 'NONE', #57, .T. ) ;
#1837 = PRODUCT ( 'Connector cover top', 'Connector cover top', '', ( #2018 ) ) ;
#1838 = ORIENTED_EDGE ( 'NONE', *, *, #2060, .T. ) ;
#1839 = CARTESIAN_POINT ( 'NONE',  ( 36.08333333333334281, 0.000000000000000000, 4.741666666666662699 ) ) ;
#1840 = ORIENTED_EDGE ( 'NONE', *, *, #457, .F. ) ;
#1841 = VERTEX_POINT ( 'NONE', #1571 ) ;
#1842 = CARTESIAN_POINT ( 'NONE',  ( -36.08333333333334281, 0.000000000000000000, 4.741666666666662699 ) ) ;
#1843 = VECTOR ( 'NONE', #323, 1000.000000000000000 ) ;
#1844 = LINE ( 'NONE', #897, #2090 ) ;
#1845 = CARTESIAN_POINT ( 'NONE',  ( 15.00000000000000000, 1.000000000000000000, 9.040603842019438119 ) ) ;
#1846 = ADVANCED_FACE ( 'NONE', ( #1891 ), #915, .F. ) ;
#1847 = DIRECTION ( 'NONE',  ( 0.000000000000000000, -1.000000000000000000, 0.000000000000000000 ) ) ;
#1848 = AXIS2_PLACEMENT_3D ( 'NONE', #2057, #1895, #283 ) ;
#1849 = LINE ( 'NONE', #66, #1513 ) ;
#1850 = EDGE_CURVE ( 'NONE', #815, #1512, #1074, .T. ) ;
#1851 = FACE_OUTER_BOUND ( 'NONE', #329, .T. ) ;
#1852 = ORIENTED_EDGE ( 'NONE', *, *, #670, .T. ) ;
#1853 = DIRECTION ( 'NONE',  ( 1.000000000000000000, 0.000000000000000000, 0.000000000000000000 ) ) ;
#1854 = ORIENTED_EDGE ( 'NONE', *, *, #1269, .T. ) ;
#1855 = EDGE_CURVE ( 'NONE', #1392, #1167, #1162, .T. ) ;
#1856 = PLANE ( 'NONE',  #1243 ) ;
#1857 = CARTESIAN_POINT ( 'NONE',  ( -34.24973634326099869, 1.000000000000000444, -4.245056018504854478 ) ) ;
#1858 = ORIENTED_EDGE ( 'NONE', *, *, #772, .F. ) ;
#1859 = EDGE_CURVE ( 'NONE', #302, #2028, #1537, .T. ) ;
#1860 = PLANE ( 'NONE',  #1568 ) ;
#1861 = CARTESIAN_POINT ( 'NONE',  ( 2.500000000000000444, 9.500000000000000000, -11.49999999999999822 ) ) ;
#1862 = AXIS2_PLACEMENT_3D ( 'NONE', #1861, #848, #1035 ) ;
#1863 = B_SPLINE_CURVE_WITH_KNOTS ( 'NONE', 3,
 ( #1959, #497, #1614, #1141, #173, #640, #1435, #631, #823, #1107 ),
 .UNSPECIFIED., .F., .F.,
 ( 4, 3, 3, 4 ),
 ( 7.152448122690996019E-18, 0.007739284343676658233, 0.01630187651182677874, 0.02486450321653047024 ),
 .UNSPECIFIED. ) ;
#1864 = FACE_OUTER_BOUND ( 'NONE', #869, .T. ) ;
#1865 = EDGE_LOOP ( 'NONE', ( #476, #1391, #937, #1761 ) ) ;
#1866 =( NAMED_UNIT ( * ) SI_UNIT ( $, .STERADIAN. ) SOLID_ANGLE_UNIT ( ) );
#1867 = ORIENTED_EDGE ( 'NONE', *, *, #1404, .T. ) ;
#1868 = CARTESIAN_POINT ( 'NONE',  ( -31.29762628755360865, 2.862609422672454773, -5.258916066636054154 ) ) ;
#1869 = DIRECTION ( 'NONE',  ( -0.000000000000000000, -1.000000000000000000, -0.000000000000000000 ) ) ;
#1870 = EDGE_LOOP ( 'NONE', ( #1455, #1487, #1158, #1092 ) ) ;
#1871 = CARTESIAN_POINT ( 'NONE',  ( 23.11383355139423657, 5.131906766433050215, -8.237677953473985681 ) ) ;
#1872 = EDGE_CURVE ( 'NONE', #1362, #851, #600, .T. ) ;
#1873 = DIRECTION ( 'NONE',  ( 0.000000000000000000, 0.000000000000000000, -1.000000000000000000 ) ) ;
#1874 = ADVANCED_FACE ( 'NONE', ( #1095 ), #1749, .T. ) ;
#1875 = CARTESIAN_POINT ( 'NONE',  ( 23.15253156731333206, 7.000000000000000000, 8.778039919224974952 ) ) ;
#1876 = ORIENTED_EDGE ( 'NONE', *, *, #1770, .F. ) ;
#1877 = ORIENTED_EDGE ( 'NONE', *, *, #929, .F. ) ;
#1878 = CARTESIAN_POINT ( 'NONE',  ( 0.000000000000000000, 9.499999999999998224, 0.000000000000000000 ) ) ;
#1879 = CARTESIAN_POINT ( 'NONE',  ( -10.49999999999999822, 7.000000000000000000, 11.49999999999999822 ) ) ;
#1880 = EDGE_LOOP ( 'NONE', ( #1971, #1436, #1854, #759, #403, #598 ) ) ;
#1881 = DIRECTION ( 'NONE',  ( -0.6246950475544241765, 0.000000000000000000, 0.7808688094430303872 ) ) ;
#1882 = CARTESIAN_POINT ( 'NONE',  ( -3.332249938994626959, 7.000000000000000000, -11.50000000000000000 ) ) ;
#1883 = CIRCLE ( 'NONE', #2112, 2.750000000000000000 ) ;
#1884 = VECTOR ( 'NONE', #1705, 1000.000000000000000 ) ;
#1885 = DIRECTION ( 'NONE',  ( 0.000000000000000000, 0.000000000000000000, -1.000000000000000000 ) ) ;
#1886 = AXIS2_PLACEMENT_3D ( 'NONE', #463, #1953, #1127 ) ;
#1887 = VERTEX_POINT ( 'NONE', #763 ) ;
#1888 = APPLICATION_CONTEXT ( 'automotive_design' ) ;
#1889 = EDGE_LOOP ( 'NONE', ( #387, #1381, #262, #1300 ) ) ;
#1890 = LINE ( 'NONE', #1384, #73 ) ;
#1891 = FACE_OUTER_BOUND ( 'NONE', #512, .T. ) ;
#1892 = AXIS2_PLACEMENT_3D ( 'NONE', #266, #777, #2062 ) ;
#1893 = DIRECTION ( 'NONE',  ( -0.000000000000000000, -1.000000000000000000, -0.000000000000000000 ) ) ;
#1894 = DIRECTION ( 'NONE',  ( -1.000000000000000000, -0.000000000000000000, -0.000000000000000000 ) ) ;
#1895 = DIRECTION ( 'NONE',  ( -1.000000000000000000, 0.000000000000000000, 0.000000000000000000 ) ) ;
#1896 = VECTOR ( 'NONE', #726, 1000.000000000000227 ) ;
#1897 = ORIENTED_EDGE ( 'NONE', *, *, #1586, .F. ) ;
#1898 = ORIENTED_EDGE ( 'NONE', *, *, #558, .F. ) ;
#1899 = CARTESIAN_POINT ( 'NONE',  ( -4.499999999999999112, 9.500000000000000000, 9.000000000000001776 ) ) ;
#1900 = CYLINDRICAL_SURFACE ( 'NONE', #1338, 0.3999999999999993006 ) ;
#1901 = CARTESIAN_POINT ( 'NONE',  ( -20.14385504832705465, 0.9999999999999991118, 7.793907628998490544 ) ) ;
#1902 = CARTESIAN_POINT ( 'NONE',  ( 15.00000000000000000, 7.000000000000000000, -8.999999999999998224 ) ) ;
#1903 = FACE_OUTER_BOUND ( 'NONE', #2067, .T. ) ;
#1904 = AXIS2_PLACEMENT_3D ( 'NONE', #160, #647, #180 ) ;
#1905 = VERTEX_POINT ( 'NONE', #140 ) ;
#1906 = ORIENTED_EDGE ( 'NONE', *, *, #1743, .F. ) ;
#1907 = CARTESIAN_POINT ( 'NONE',  ( 40.25000000000000000, 7.000000000000000000, -2.304886114323221769 ) ) ;
#1908 = CARTESIAN_POINT ( 'NONE',  ( -15.00000000000000000, 7.000000000000000000, -8.999999999999998224 ) ) ;
#1909 = EDGE_CURVE ( 'NONE', #1336, #1059, #1986, .T. ) ;
#1910 = LINE ( 'NONE', #1582, #914 ) ;
#1911 = CARTESIAN_POINT ( 'NONE',  ( 9.980097584782587461, 9.500000000000000000, -10.85012198097822989 ) ) ;
#1912 = VECTOR ( 'NONE', #1649, 1000.000000000000000 ) ;
#1913 = CARTESIAN_POINT ( 'NONE',  ( -19.41666666666682417, 6.999999999999999112, -11.20833333333327708 ) ) ;
#1914 = ADVANCED_FACE ( 'NONE', ( #102 ), #1900, .T. ) ;
#1915 = VECTOR ( 'NONE', #1056, 1000.000000000000000 ) ;
#1916 = DIRECTION ( 'NONE',  ( 0.000000000000000000, 0.000000000000000000, 1.000000000000000000 ) ) ;
#1917 = CARTESIAN_POINT ( 'NONE',  ( -10.49999999999999822, 9.500000000000000000, -11.49999999999999822 ) ) ;
#1918 = CARTESIAN_POINT ( 'NONE',  ( 40.25000000000000000, 3.500000000000000000, 3.749999999999998668 ) ) ;
#1919 = DIRECTION ( 'NONE',  ( 0.000000000000000000, -1.000000000000000000, 0.000000000000000000 ) ) ;
#1920 = LINE ( 'NONE', #1719, #1915 ) ;
#1921 = VERTEX_POINT ( 'NONE', #454 ) ;
#1922 = ORIENTED_EDGE ( 'NONE', *, *, #1468, .T. ) ;
#1923 = CARTESIAN_POINT ( 'NONE',  ( 23.58333333333357373, 6.999999999999999112, -9.716666666666581520 ) ) ;
#1924 = FACE_OUTER_BOUND ( 'NONE', #487, .T. ) ;
#1925 = LINE ( 'NONE', #790, #1356 ) ;
#1926 = DIRECTION ( 'NONE',  ( 1.000000000000000000, 0.000000000000000000, 0.000000000000000000 ) ) ;
#1927 = EDGE_CURVE ( 'NONE', #963, #642, #1255, .T. ) ;
#1928 = CARTESIAN_POINT ( 'NONE',  ( 15.09243026567527934, 7.000000000000005329, 11.61203241344801107 ) ) ;
#1929 = VERTEX_POINT ( 'NONE', #296 ) ;
#1930 = ORIENTED_EDGE ( 'NONE', *, *, #1550, .T. ) ;
#1931 = CARTESIAN_POINT ( 'NONE',  ( -14.96633746355221994, 5.237658623193715890, 10.90090729138491454 ) ) ;
#1932 = CARTESIAN_POINT ( 'NONE',  ( 15.09243026567526336, 6.999999999999998224, -11.61203241344802350 ) ) ;
#1933 = ADVANCED_FACE ( 'NONE', ( #437 ), #1112, .T. ) ;
#1934 = CARTESIAN_POINT ( 'NONE',  ( -15.25000000000000178, 0.000000000000000000, -9.700000000000001066 ) ) ;
#1935 = CARTESIAN_POINT ( 'NONE',  ( 0.000000000000000000, 1.000000000000000000, 8.999999999999998224 ) ) ;
#1936 = EDGE_CURVE ( 'NONE', #1199, #2042, #2085, .T. ) ;
#1937 = DIRECTION ( 'NONE',  ( -1.000000000000000000, 0.000000000000000000, 0.000000000000000000 ) ) ;
#1938 = ORIENTED_EDGE ( 'NONE', *, *, #874, .T. ) ;
#1939 = ORIENTED_EDGE ( 'NONE', *, *, #54, .F. ) ;
#1940 = EDGE_CURVE ( 'NONE', #190, #577, #2078, .T. ) ;
#1941 = CARTESIAN_POINT ( 'NONE',  ( -15.02781344586309942, 0.9632622175411574839, 9.052053728914719599 ) ) ;
#1942 = MECHANICAL_DESIGN_GEOMETRIC_PRESENTATION_REPRESENTATION (  '', ( #1801 ), #590 ) ;
#1943 = DIRECTION ( 'NONE',  ( 0.000000000000000000, -0.3939192985791678536, -0.9191450300180579180 ) ) ;
#1944 = AXIS2_PLACEMENT_3D ( 'NONE', #159, #1314, #178 ) ;
#1945 = LINE ( 'NONE', #811, #333 ) ;
#1946 = CARTESIAN_POINT ( 'NONE',  ( 39.24999999999999289, 4.387754230280976664, 3.015302467641577611 ) ) ;
#1947 = PLANE ( 'NONE',  #1196 ) ;
#1948 = ORIENTED_EDGE ( 'NONE', *, *, #239, .F. ) ;
#1949 = B_SPLINE_SURFACE_WITH_KNOTS ( 'NONE', 3, 3, ( 
 ( #72, #1373, #530, #2031 ),
 ( #568, #1211, #1868, #401 ),
 ( #563, #1545, #39, #236 ),
 ( #2025, #2048, #1378, #877 ) ),
 .UNSPECIFIED., .F., .F., .F.,
 ( 4, 4 ),
 ( 4, 4 ),
 ( 0.02071039117259744142, 1.000000000000000000 ),
 ( 0.000000000000000000, 0.9172586774218574046 ),
 .UNSPECIFIED. ) ;
#1950 = EDGE_LOOP ( 'NONE', ( #930, #1143, #1318, #1209 ) ) ;
#1951 = ORIENTED_EDGE ( 'NONE', *, *, #593, .F. ) ;
#1952 = CARTESIAN_POINT ( 'NONE',  ( -15.09243026567527934, 7.000000000000002665, 11.61203241344800929 ) ) ;
#1953 = DIRECTION ( 'NONE',  ( -0.7808688094430303872, 0.000000000000000000, -0.6246950475544241765 ) ) ;
#1954 = EDGE_CURVE ( 'NONE', #1382, #17, #939, .T. ) ;
#1955 = AXIS2_PLACEMENT_3D ( 'NONE', #1648, #832, #822 ) ;
#1956 = EDGE_CURVE ( 'NONE', #1348, #807, #287, .T. ) ;
#1957 = DIRECTION ( 'NONE',  ( 0.000000000000000000, 0.000000000000000000, -1.000000000000000000 ) ) ;
#1958 = CARTESIAN_POINT ( 'NONE',  ( -39.25000000000000000, 7.000000000000000000, 0.000000000000000000 ) ) ;
#1959 = CARTESIAN_POINT ( 'NONE',  ( 39.24999999999999289, 1.000000000000000888, -2.973026360885468566 ) ) ;
#1960 = ORIENTED_EDGE ( 'NONE', *, *, #420, .T. ) ;
#1961 = ORIENTED_EDGE ( 'NONE', *, *, #560, .F. ) ;
#1962 = ORIENTED_EDGE ( 'NONE', *, *, #447, .T. ) ;
#1963 = DIRECTION ( 'NONE',  ( 0.000000000000000000, -1.000000000000000000, 0.000000000000000000 ) ) ;
#1964 = CARTESIAN_POINT ( 'NONE',  ( 39.24999999999998579, 3.032648703069731333, -2.998716821851038272 ) ) ;
#1965 = CARTESIAN_POINT ( 'NONE',  ( -15.09839479226725878, 6.185558243187545102, 11.26298594624267402 ) ) ;
#1966 = EDGE_CURVE ( 'NONE', #580, #26, #1185, .T. ) ;
#1967 = CARTESIAN_POINT ( 'NONE',  ( -9.980097584782583908, 9.500000000000000000, 10.85012198097822989 ) ) ;
#1968 = CARTESIAN_POINT ( 'NONE',  ( 15.00000000000000000, 7.000000000000000000, 8.999999999999998224 ) ) ;
#1969 = ORIENTED_EDGE ( 'NONE', *, *, #482, .T. ) ;
#1970 = EDGE_LOOP ( 'NONE', ( #570, #1666, #198, #349, #1594, #1713 ) ) ;
#1971 = ORIENTED_EDGE ( 'NONE', *, *, #1253, .T. ) ;
#1972 = ADVANCED_FACE ( 'NONE', ( #1924 ), #1756, .F. ) ;
#1973 = EDGE_CURVE ( 'NONE', #363, #228, #1975, .T. ) ;
#1974 = FACE_OUTER_BOUND ( 'NONE', #1024, .T. ) ;
#1975 = LINE ( 'NONE', #668, #1500 ) ;
#1976 = ORIENTED_EDGE ( 'NONE', *, *, #871, .T. ) ;
#1977 = CIRCLE ( 'NONE', #513, 2.750000000000000000 ) ;
#1978 = DIRECTION ( 'NONE',  ( 0.000000000000000000, -0.9191450300180578070, -0.3939192985791677981 ) ) ;
#1979 = AXIS2_PLACEMENT_3D ( 'NONE', #200, #43, #1536 ) ;
#1980 = FILL_AREA_STYLE ('',( #679 ) ) ;
#1981 = DIRECTION ( 'NONE',  ( 0.000000000000000000, -1.000000000000000000, 0.000000000000000000 ) ) ;
#1982 = VECTOR ( 'NONE', #2087, 1000.000000000000000 ) ;
#1983 = CARTESIAN_POINT ( 'NONE',  ( -2.499999999999998668, 7.000000000000000000, -11.50000000000000000 ) ) ;
#1984 = VERTEX_POINT ( 'NONE', #645 ) ;
#1985 = ORIENTED_EDGE ( 'NONE', *, *, #1774, .F. ) ;
#1986 = CIRCLE ( 'NONE', #1892, 2.750000000000000000 ) ;
#1987 = CARTESIAN_POINT ( 'NONE',  ( 8.500000000000000000, 9.500000000000000000, -8.999999999999998224 ) ) ;
#1988 = EDGE_CURVE ( 'NONE', #752, #997, #1259, .T. ) ;
#1989 = EDGE_CURVE ( 'NONE', #1412, #488, #751, .T. ) ;
#1990 = CARTESIAN_POINT ( 'NONE',  ( 36.08333333333330017, 6.999999999999999112, 5.241666666666675134 ) ) ;
#1991 = VERTEX_POINT ( 'NONE', #1159 ) ;
#1992 = ORIENTED_EDGE ( 'NONE', *, *, #1577, .T. ) ;
#1993 = CARTESIAN_POINT ( 'NONE',  ( 41.59691632810185524, 1.000000000000000000, -9.040603842019443448 ) ) ;
#1994 =( LENGTH_UNIT ( ) NAMED_UNIT ( * ) SI_UNIT ( .MILLI., .METRE. ) );
#1995 = CARTESIAN_POINT ( 'NONE',  ( -39.25000000000000711, 7.000000000000001776, 3.045788534918735913 ) ) ;
#1996 = AXIS2_PLACEMENT_3D ( 'NONE', #926, #1105, #2055 ) ;
#1997 = DIRECTION ( 'NONE',  ( -1.000000000000000000, -0.000000000000000000, -0.000000000000000000 ) ) ;
#1998 = LINE ( 'NONE', #1706, #322 ) ;
#1999 = CARTESIAN_POINT ( 'NONE',  ( 10.50000000000000000, 9.500000000000000000, 11.49999999999999822 ) ) ;
#2000 = ORIENTED_EDGE ( 'NONE', *, *, #1404, .F. ) ;
#2001 = CARTESIAN_POINT ( 'NONE',  ( 23.58333333333334281, 0.000000000000000000, 7.716666666666662344 ) ) ;
#2002 = DIRECTION ( 'NONE',  ( 0.000000000000000000, -0.000000000000000000, -1.000000000000000000 ) ) ;
#2003 = ADVANCED_BREP_SHAPE_REPRESENTATION ( 'Connector cover top', ( #264, #515 ), #1289 ) ;
#2004 = ORIENTED_EDGE ( 'NONE', *, *, #506, .F. ) ;
#2005 = EDGE_CURVE ( 'NONE', #368, #1921, #34, .T. ) ;
#2006 = ORIENTED_EDGE ( 'NONE', *, *, #1389, .T. ) ;
#2007 = CARTESIAN_POINT ( 'NONE',  ( 40.25010000000000332, 7.000000000000000000, -2.304886114323221769 ) ) ;
#2008 = CARTESIAN_POINT ( 'NONE',  ( -15.13721627127416802, 1.000000000000000444, -9.040603842019439895 ) ) ;
#2009 = CARTESIAN_POINT ( 'NONE',  ( 3.332249938994628291, 9.499999999999998224, -11.09999999999999787 ) ) ;
#2010 = PLANE ( 'NONE',  #253 ) ;
#2011 = EDGE_CURVE ( 'NONE', #1512, #529, #106, .T. ) ;
#2012 = AXIS2_PLACEMENT_3D ( 'NONE', #2009, #35, #20 ) ;
#2013 = DIRECTION ( 'NONE',  ( -0.9728270868517947534, 0.000000000000000000, -0.2315328466707271271 ) ) ;
#2014 = CARTESIAN_POINT ( 'NONE',  ( -9.980097584782583908, 9.500000000000000000, -10.85012198097822989 ) ) ;
#2015 = EDGE_CURVE ( 'NONE', #566, #1100, #1599, .T. ) ;
#2016 = CARTESIAN_POINT ( 'NONE',  ( 19.41666666666672114, 0.000000000000000000, -8.708333333333321491 ) ) ;
#2017 = ORIENTED_EDGE ( 'NONE', *, *, #610, .T. ) ;
#2018 = PRODUCT_CONTEXT ( 'NONE', #1888, 'mechanical' ) ;
#2019 = EDGE_LOOP ( 'NONE', ( #683, #826, #1783, #1001, #540, #1042, #1213, #1712 ) ) ;
#2020 = EDGE_CURVE ( 'NONE', #354, #684, #2036, .T. ) ;
#2021 = CARTESIAN_POINT ( 'NONE',  ( -40.25000000000000000, 5.500000000000000888, -2.750000000000000000 ) ) ;
#2022 = LINE ( 'NONE', #208, #417 ) ;
#2023 = VERTEX_POINT ( 'NONE', #1322 ) ;
#2024 = CARTESIAN_POINT ( 'NONE',  ( 23.17786138461536538, 0.8563833414167789648, -6.985615597403634247 ) ) ;
#2025 = CARTESIAN_POINT ( 'NONE',  ( -14.93743308164233952, 7.374182264594168146, -11.82690804928027717 ) ) ;
#2026 = B_SPLINE_CURVE_WITH_KNOTS ( 'NONE', 3,
 ( #2091, #104, #418, #430 ),
 .UNSPECIFIED., .F., .F.,
 ( 4, 4 ),
 ( 0.000000000000000000, 1.000000000000000000 ),
 .UNSPECIFIED. ) ;
#2027 = CARTESIAN_POINT ( 'NONE',  ( 40.25000000000000000, 7.000000000000000000, 3.749999999999998224 ) ) ;
#2028 = VERTEX_POINT ( 'NONE', #636 ) ;
#2029 =( NAMED_UNIT ( * ) PLANE_ANGLE_UNIT ( ) SI_UNIT ( $, .RADIAN. ) );
#2030 = ORIENTED_EDGE ( 'NONE', *, *, #318, .T. ) ;
#2031 = CARTESIAN_POINT ( 'NONE',  ( -39.49160592150126803, 0.5878039904253772319, -2.907790020887803806 ) ) ;
#2032 = EDGE_CURVE ( 'NONE', #1557, #1745, #649, .T. ) ;
#2033 = CARTESIAN_POINT ( 'NONE',  ( -40.25000000000000000, 7.000000000000000888, -2.304886114323221324 ) ) ;
#2034 = EDGE_CURVE ( 'NONE', #857, #1167, #820, .T. ) ;
#2035 = VERTEX_POINT ( 'NONE', #1291 ) ;
#2036 = B_SPLINE_CURVE_WITH_KNOTS ( 'NONE', 3,
 ( #1645, #1449, #471, #19, #1136, #503, #1786, #1147, #678, #1932 ),
 .UNSPECIFIED., .F., .F.,
 ( 4, 3, 3, 4 ),
 ( 2.168404344971008868E-19, 0.001934820122691161557, 0.003869640245728871858, 0.006527959168571316473 ),
 .UNSPECIFIED. ) ;
#2037 = ADVANCED_FACE ( 'NONE', ( #1119 ), #315, .T. ) ;
#2038 = CARTESIAN_POINT ( 'NONE',  ( 31.29762628755359444, 2.862609422672453441, -5.258916066636055930 ) ) ;
#2039 = CARTESIAN_POINT ( 'NONE',  ( -39.24999999999999289, 6.999999999999997335, -3.045788534918747903 ) ) ;
#2040 = AXIS2_PLACEMENT_3D ( 'NONE', #1044, #1533, #1498 ) ;
#2041 = CARTESIAN_POINT ( 'NONE',  ( 19.41666666666667140, 0.000000000000000000, 8.708333333333328596 ) ) ;
#2042 = VERTEX_POINT ( 'NONE', #1632 ) ;
#2043 = ORIENTED_EDGE ( 'NONE', *, *, #1379, .F. ) ;
#2044 = FACE_OUTER_BOUND ( 'NONE', #1627, .T. ) ;
#2045 = FACE_OUTER_BOUND ( 'NONE', #1772, .T. ) ;
#2046 = ORIENTED_EDGE ( 'NONE', *, *, #1956, .F. ) ;
#2047 = CYLINDRICAL_SURFACE ( 'NONE', #247, 2.750000000000000000 ) ;
#2048 = CARTESIAN_POINT ( 'NONE',  ( -14.96633746355221817, 5.237658623193715890, -10.90090729138491810 ) ) ;
#2049 = DIRECTION ( 'NONE',  ( 0.000000000000000000, 0.000000000000000000, -1.000000000000000000 ) ) ;
#2050 = ORIENTED_EDGE ( 'NONE', *, *, #2074, .T. ) ;
#2051 = EDGE_LOOP ( 'NONE', ( #817, #1539, #881, #2006, #174, #556, #825, #1721, #1948, #2043, #433, #1704 ) ) ;
#2052 = LINE ( 'NONE', #1241, #1150 ) ;
#2053 = CARTESIAN_POINT ( 'NONE',  ( -40.25000000000000000, 5.500000000000000888, 0.000000000000000000 ) ) ;
#2054 = CARTESIAN_POINT ( 'NONE',  ( -39.25000000000000000, 0.000000000000000000, 0.000000000000000000 ) ) ;
#2055 = DIRECTION ( 'NONE',  ( 0.000000000000000000, 0.000000000000000000, 1.000000000000000000 ) ) ;
#2056 = AXIS2_PLACEMENT_3D ( 'NONE', #1043, #534, #1179 ) ;
#2057 = CARTESIAN_POINT ( 'NONE',  ( -40.25000000000000000, 5.500000000000000888, 0.000000000000000000 ) ) ;
#2058 = ORIENTED_EDGE ( 'NONE', *, *, #699, .F. ) ;
#2059 = ORIENTED_EDGE ( 'NONE', *, *, #1045, .F. ) ;
#2060 = EDGE_CURVE ( 'NONE', #684, #723, #1470, .T. ) ;
#2061 = CARTESIAN_POINT ( 'NONE',  ( 3.332249938994627403, 7.000000000000000000, 11.09999999999999787 ) ) ;
#2062 = DIRECTION ( 'NONE',  ( 0.000000000000000000, 0.000000000000000000, -1.000000000000000000 ) ) ;
#2063 = CARTESIAN_POINT ( 'NONE',  ( 39.49160592150130356, 0.5878039904253760106, 2.907790020887792704 ) ) ;
#2064 = CARTESIAN_POINT ( 'NONE',  ( 9.980097584782587461, 7.000000000000000000, 10.85012198097822989 ) ) ;
#2065 = LINE ( 'NONE', #117, #1401 ) ;
#2066 = VECTOR ( 'NONE', #1894, 1000.000000000000000 ) ;
#2067 = EDGE_LOOP ( 'NONE', ( #273, #2030, #330, #1012 ) ) ;
#2068 = EDGE_CURVE ( 'NONE', #701, #363, #355, .T. ) ;
#2069 = ORIENTED_EDGE ( 'NONE', *, *, #625, .T. ) ;
#2070 = DIRECTION ( 'NONE',  ( 0.000000000000000000, -1.000000000000000000, 0.000000000000000000 ) ) ;
#2071 = EDGE_CURVE ( 'NONE', #1167, #623, #990, .T. ) ;
#2072 = DIRECTION ( 'NONE',  ( -0.000000000000000000, 0.9191450300180578070, 0.3939192985791677426 ) ) ;
#2073 = PLANE ( 'NONE',  #729 ) ;
#2074 = EDGE_CURVE ( 'NONE', #230, #1921, #1013, .T. ) ;
#2075 = CARTESIAN_POINT ( 'NONE',  ( 9.667750061005373041, 9.500000000000000000, -11.49999999999999822 ) ) ;
#2076 = CARTESIAN_POINT ( 'NONE',  ( -40.25000000000000000, 0.000000000000000000, -3.750000000000001776 ) ) ;
#2077 = CARTESIAN_POINT ( 'NONE',  ( 41.59691632810185524, 7.000000000000000000, 12.69999999999999751 ) ) ;
#2078 = LINE ( 'NONE', #1908, #249 ) ;
#2079 = LINE ( 'NONE', #1659, #1728 ) ;
#2080 = LINE ( 'NONE', #269, #1777 ) ;
#2081 = VECTOR ( 'NONE', #1152, 1000.000000000000000 ) ;
#2082 = CARTESIAN_POINT ( 'NONE',  ( 39.25000000000000000, 1.000000000000000000, 0.000000000000000000 ) ) ;
#2083 = ORIENTED_EDGE ( 'NONE', *, *, #874, .F. ) ;
#2084 = PRESENTATION_LAYER_ASSIGNMENT (  '', '', ( #1801 ) ) ;
#2085 = CIRCLE ( 'NONE', #1156, 0.3999999999999993006 ) ;
#2086 = CARTESIAN_POINT ( 'NONE',  ( 36.08333333333349202, 6.999999999999999112, -5.241666666666609409 ) ) ;
#2087 = DIRECTION ( 'NONE',  ( -1.000000000000000000, 0.000000000000000000, 0.000000000000000000 ) ) ;
#2088 = EDGE_CURVE ( 'NONE', #1079, #898, #541, .T. ) ;
#2089 = CARTESIAN_POINT ( 'NONE',  ( 3.332249938994628291, 9.500000000000000000, -11.49999999999999822 ) ) ;
#2090 = VECTOR ( 'NONE', #559, 999.9999999999998863 ) ;
#2091 = CARTESIAN_POINT ( 'NONE',  ( 40.25000000000000000, 0.000000000000000000, 3.749999999999999112 ) ) ;
#2092 = CARTESIAN_POINT ( 'NONE',  ( -40.25000000000000000, 5.500000000000000888, 0.000000000000000000 ) ) ;
#2093 = VERTEX_POINT ( 'NONE', #1526 ) ;
#2094 = ORIENTED_EDGE ( 'NONE', *, *, #2020, .T. ) ;
#2095 = VECTOR ( 'NONE', #886, 1000.000000000000000 ) ;
#2096 = DIRECTION ( 'NONE',  ( -0.000000000000000000, -1.000000000000000000, -0.000000000000000000 ) ) ;
#2097 = CARTESIAN_POINT ( 'NONE',  ( 39.24999999999998579, 5.710204937755309018, -3.030973342132666115 ) ) ;
#2098 = DIRECTION ( 'NONE',  ( 1.000000000000000000, -0.000000000000000000, 0.000000000000000000 ) ) ;
#2099 = CARTESIAN_POINT ( 'NONE',  ( 2.500000000000000444, 7.000000000000000000, 11.49999999999999822 ) ) ;
#2100 = CARTESIAN_POINT ( 'NONE',  ( -40.25000000000000000, 7.000000000000000000, 3.749999999999998224 ) ) ;
#2101 = VERTEX_POINT ( 'NONE', #576 ) ;
#2102 = ORIENTED_EDGE ( 'NONE', *, *, #1562, .T. ) ;
#2103 = AXIS2_PLACEMENT_3D ( 'NONE', #2054, #1717, #1433 ) ;
#2104 = LINE ( 'NONE', #139, #852 ) ;
#2105 = CARTESIAN_POINT ( 'NONE',  ( 39.24999999999999289, 1.000000000000000888, -2.973026360885468566 ) ) ;
#2106 = FACE_OUTER_BOUND ( 'NONE', #2051, .T. ) ;
#2107 = DIRECTION ( 'NONE',  ( -0.6246950475544241765, 0.000000000000000000, 0.7808688094430303872 ) ) ;
#2108 = CARTESIAN_POINT ( 'NONE',  ( 15.24999999999999645, 7.000000000000000000, -12.70000000000000107 ) ) ;
#2109 = ORIENTED_EDGE ( 'NONE', *, *, #819, .T. ) ;
#2110 = ORIENTED_EDGE ( 'NONE', *, *, #96, .F. ) ;
#2111 = ORIENTED_EDGE ( 'NONE', *, *, #1936, .F. ) ;
#2112 = AXIS2_PLACEMENT_3D ( 'NONE', #122, #1261, #1916 ) ;
#2113 = CARTESIAN_POINT ( 'NONE',  ( -23.11383355139396656, 5.131906766433052880, 8.237677953474078052 ) ) ;
#2114 = DIRECTION ( 'NONE',  ( 0.000000000000000000, 0.000000000000000000, 1.000000000000000000 ) ) ;
ENDSEC;
END-ISO-10303-21;
