ISO-10303-21;
HEADER;
FILE_DESCRIPTION (( 'STEP AP214' ),
    '1' );
FILE_NAME ('Connector cover bottom.STEP',
    '2025-01-23T19:07:43',
    ( '' ),
    ( '' ),
    'SwSTEP 2.0',
    'SolidWorks 2023',
    '' );
FILE_SCHEMA (( 'AUTOMOTIVE_DESIGN' ));
ENDSEC;

DATA;
#1 = DIRECTION ( 'NONE',  ( 1.000000000000000000, 0.000000000000000000, 0.000000000000000000 ) ) ;
#2 = CARTESIAN_POINT ( 'NONE',  ( -19.11165021111711937, 12.00000000000000888, 10.23590060234406351 ) ) ;
#3 = DIRECTION ( 'NONE',  ( 0.000000000000000000, 1.000000000000000000, -1.624745375527012597E-16 ) ) ;
#4 = CARTESIAN_POINT ( 'NONE',  ( 10.49999999999999822, 9.400000000000000355, -11.49999999999999822 ) ) ;
#5 = CARTESIAN_POINT ( 'NONE',  ( 31.91666666666665719, 12.00000000000000000, 6.733333333333341386 ) ) ;
#6 = ORIENTED_EDGE ( 'NONE', *, *, #1776, .F. ) ;
#7 = B_SPLINE_CURVE_WITH_KNOTS ( 'NONE', 3,
 ( #740, #1194, #585, #157, #1075, #2, #724 ),
 .UNSPECIFIED., .F., .F.,
 ( 4, 3, 4 ),
 ( 0.000000000000000000, 0.01283004199373387506, 0.02566009650137199977 ),
 .UNSPECIFIED. ) ;
#8 = ORIENTED_EDGE ( 'NONE', *, *, #905, .F. ) ;
#9 = CARTESIAN_POINT ( 'NONE',  ( 18.79730078519909142, 0.9999999999999993339, -8.018959396859678179 ) ) ;
#10 = AXIS2_PLACEMENT_3D ( 'NONE', #1204, #1483, #751 ) ;
#11 = CARTESIAN_POINT ( 'NONE',  ( -10.49999999999999822, 9.400000000000000355, 11.49999999999999822 ) ) ;
#12 = CARTESIAN_POINT ( 'NONE',  ( -36.08333333333332149, 0.000000000000000000, 4.741666666666671581 ) ) ;
#13 = DIRECTION ( 'NONE',  ( 1.000000000000000000, 0.000000000000000000, 2.154935995002244899E-16 ) ) ;
#14 = DIRECTION ( 'NONE',  ( 0.000000000000000000, 0.000000000000000000, 1.000000000000000000 ) ) ;
#15 = CARTESIAN_POINT ( 'NONE',  ( 39.24999999999997868, 8.577350269189622622, -3.022642127424429503 ) ) ;
#16 = CARTESIAN_POINT ( 'NONE',  ( -27.16827263499258649, 12.00000000000000000, -7.363485496094934746 ) ) ;
#17 = CARTESIAN_POINT ( 'NONE',  ( -26.12564434701767269, 0.9999999999999997780, 6.213231025249928763 ) ) ;
#18 = ORIENTED_EDGE ( 'NONE', *, *, #1026, .F. ) ;
#19 = EDGE_CURVE ( 'NONE', #1740, #543, #875, .T. ) ;
#20 = CARTESIAN_POINT ( 'NONE',  ( -35.67839322768083576, 5.360581599372453709, -5.113932227558414034 ) ) ;
#21 = CARTESIAN_POINT ( 'NONE',  ( -10.49999999999999822, 9.400000000000000355, -11.49999999999999822 ) ) ;
#22 = VECTOR ( 'NONE', #1203, 1000.000000000000114 ) ;
#23 = FACE_BOUND ( 'NONE', #246, .T. ) ;
#24 = CARTESIAN_POINT ( 'NONE',  ( -31.19623313749868387, 12.00000000000000000, -5.926277385282181953 ) ) ;
#25 = DIRECTION ( 'NONE',  ( -0.000000000000000000, 1.000000000000000000, -0.000000000000000000 ) ) ;
#26 = VECTOR ( 'NONE', #1351, 1000.000000000000000 ) ;
#27 = ORIENTED_EDGE ( 'NONE', *, *, #534, .F. ) ;
#28 = VERTEX_POINT ( 'NONE', #124 ) ;
#29 = CARTESIAN_POINT ( 'NONE',  ( 31.33370921094320138, 0.7820081716977479447, -4.905141482742813253 ) ) ;
#30 = VERTEX_POINT ( 'NONE', #722 ) ;
#31 = ORIENTED_EDGE ( 'NONE', *, *, #1613, .T. ) ;
#32 = CARTESIAN_POINT ( 'NONE',  ( 40.25000000000000000, 12.00000000000000000, -3.749999999999996891 ) ) ;
#33 = DIRECTION ( 'NONE',  ( -1.000000000000000000, 1.084202172485504681E-16, 0.000000000000000000 ) ) ;
#34 = FACE_OUTER_BOUND ( 'NONE', #1617, .T. ) ;
#35 = CARTESIAN_POINT ( 'NONE',  ( 20.99999999999999645, 1.000000000000000000, 5.000000000000000000 ) ) ;
#36 = DIRECTION ( 'NONE',  ( -1.000000000000000000, -0.000000000000000000, -0.000000000000000000 ) ) ;
#37 = EDGE_CURVE ( 'NONE', #1732, #543, #49, .T. ) ;
#38 = ADVANCED_FACE ( 'NONE', ( #899 ), #1472, .T. ) ;
#39 = CARTESIAN_POINT ( 'NONE',  ( -43.34199174141983235, 12.24253562503633219, -11.72985749985466697 ) ) ;
#40 = VERTEX_POINT ( 'NONE', #1352 ) ;
#41 = EDGE_CURVE ( 'NONE', #1303, #1421, #1947, .T. ) ;
#42 = ORIENTED_EDGE ( 'NONE', *, *, #1727, .T. ) ;
#43 = EDGE_CURVE ( 'NONE', #1892, #55, #440, .T. ) ;
#44 = VECTOR ( 'NONE', #1218, 1000.000000000000114 ) ;
#45 = VECTOR ( 'NONE', #1176, 1000.000000000000000 ) ;
#46 = DIRECTION ( 'NONE',  ( -0.000000000000000000, -1.000000000000000000, -0.000000000000000000 ) ) ;
#47 = LINE ( 'NONE', #665, #1154 ) ;
#48 = CARTESIAN_POINT ( 'NONE',  ( -43.34199174141983235, 12.00000000000000000, -12.69999999999999929 ) ) ;
#49 = B_SPLINE_CURVE_WITH_KNOTS ( 'NONE', 3,
 ( #1633, #303, #911, #1937 ),
 .UNSPECIFIED., .F., .F.,
 ( 4, 4 ),
 ( 1.734723475976806902E-18, 0.01132130053024326885 ),
 .UNSPECIFIED. ) ;
#50 = ORIENTED_EDGE ( 'NONE', *, *, #477, .F. ) ;
#51 = CARTESIAN_POINT ( 'NONE',  ( 26.12564434701767269, 0.9999999999999997780, 6.213231025249928763 ) ) ;
#52 = ORIENTED_EDGE ( 'NONE', *, *, #235, .F. ) ;
#53 = ORIENTED_EDGE ( 'NONE', *, *, #679, .T. ) ;
#54 = CARTESIAN_POINT ( 'NONE',  ( -31.23463092308550415, 12.08170357366846481, 5.915761821694119682 ) ) ;
#55 = VERTEX_POINT ( 'NONE', #1467 ) ;
#56 = VECTOR ( 'NONE', #276, 1000.000000000000000 ) ;
#57 = EDGE_CURVE ( 'NONE', #1037, #1564, #1331, .T. ) ;
#58 = DIRECTION ( 'NONE',  ( 0.000000000000000000, -0.2425356250363326638, -0.9701425001453319874 ) ) ;
#59 = CARTESIAN_POINT ( 'NONE',  ( -20.99999999999999645, 0.9999999999999983347, 5.000000000000000000 ) ) ;
#60 = EDGE_CURVE ( 'NONE', #1444, #333, #792, .T. ) ;
#61 = ORIENTED_EDGE ( 'NONE', *, *, #1094, .T. ) ;
#62 = ORIENTED_EDGE ( 'NONE', *, *, #1462, .F. ) ;
#63 = LINE ( 'NONE', #200, #1186 ) ;
#64 = ORIENTED_EDGE ( 'NONE', *, *, #1908, .T. ) ;
#65 = VERTEX_POINT ( 'NONE', #558 ) ;
#66 = DIRECTION ( 'NONE',  ( 0.000000000000000000, 0.000000000000000000, 1.000000000000000000 ) ) ;
#67 = VERTEX_POINT ( 'NONE', #1896 ) ;
#68 = ORIENTED_EDGE ( 'NONE', *, *, #110, .T. ) ;
#69 = CARTESIAN_POINT ( 'NONE',  ( -39.45987058680744042, 4.470130364524845135, 2.933509619015091552 ) ) ;
#70 = VERTEX_POINT ( 'NONE', #249 ) ;
#71 = VECTOR ( 'NONE', #651, 1000.000000000000000 ) ;
#72 = CARTESIAN_POINT ( 'NONE',  ( 40.25000000000000000, 0.000000000000000000, -3.749999999999996447 ) ) ;
#73 = B_SPLINE_CURVE_WITH_KNOTS ( 'NONE', 3,
 ( #764, #901, #1505, #135, #1187, #1376 ),
 .UNSPECIFIED., .F., .F.,
 ( 4, 2, 4 ),
 ( 0.000000000000000000, 0.5000000000000000000, 1.000000000000000000 ),
 .UNSPECIFIED. ) ;
#74 = ORIENTED_EDGE ( 'NONE', *, *, #1091, .F. ) ;
#75 = VERTEX_POINT ( 'NONE', #854 ) ;
#76 = ORIENTED_EDGE ( 'NONE', *, *, #1391, .F. ) ;
#77 = CARTESIAN_POINT ( 'NONE',  ( -15.00000000000000000, 12.00000000000000000, -11.66922359359558037 ) ) ;
#78 = CARTESIAN_POINT ( 'NONE',  ( 37.09346834247801894, 7.332276136203386585, -3.712111631328725458 ) ) ;
#79 = CARTESIAN_POINT ( 'NONE',  ( -15.00000000000000000, 12.00000000000000000, 9.000000000000000000 ) ) ;
#80 = B_SPLINE_CURVE_WITH_KNOTS ( 'NONE', 3,
 ( #1016, #96, #412, #864, #1907, #1476, #117 ),
 .UNSPECIFIED., .F., .F.,
 ( 4, 3, 4 ),
 ( 0.000000000000000000, 0.01283004199373387333, 0.02566009650137199283 ),
 .UNSPECIFIED. ) ;
#81 = CARTESIAN_POINT ( 'NONE',  ( -43.34199174141983235, 0.9999999999999991118, -8.919223593595587474 ) ) ;
#82 = AXIS2_PLACEMENT_3D ( 'NONE', #995, #1768, #572 ) ;
#83 = AXIS2_PLACEMENT_3D ( 'NONE', #325, #1828, #1383 ) ;
#84 = ORIENTED_EDGE ( 'NONE', *, *, #709, .T. ) ;
#85 = ORIENTED_EDGE ( 'NONE', *, *, #1245, .T. ) ;
#86 = DIRECTION ( 'NONE',  ( -0.8944271909999158554, 0.4472135954999579277, -0.000000000000000000 ) ) ;
#87 = CARTESIAN_POINT ( 'NONE',  ( 23.14115101895690074, 4.626959723893727450, 7.556807420718191004 ) ) ;
#88 = CARTESIAN_POINT ( 'NONE',  ( 15.00000000000000000, 12.00000000000000000, 11.66922359359558037 ) ) ;
#89 = FACE_OUTER_BOUND ( 'NONE', #1058, .T. ) ;
#90 = ORIENTED_EDGE ( 'NONE', *, *, #1657, .T. ) ;
#91 = ORIENTED_EDGE ( 'NONE', *, *, #648, .F. ) ;
#92 = CARTESIAN_POINT ( 'NONE',  ( 4.450000000000000178, 12.00000000000000000, -8.999999999999998224 ) ) ;
#93 = EDGE_CURVE ( 'NONE', #1339, #1892, #94, .T. ) ;
#94 = LINE ( 'NONE', #242, #109 ) ;
#95 = ADVANCED_FACE ( 'NONE', ( #1906 ), #1928, .T. ) ;
#96 = CARTESIAN_POINT ( 'NONE',  ( 35.22348513711214224, 12.00000000000000000, 4.487069641699570788 ) ) ;
#97 = CARTESIAN_POINT ( 'NONE',  ( 39.25000000000000711, 12.00000000000000178, 3.045828660559338541 ) ) ;
#98 = AXIS2_PLACEMENT_3D ( 'NONE', #183, #1697, #350 ) ;
#99 = CARTESIAN_POINT ( 'NONE',  ( -10.49999999999999822, 12.00000000000000000, 11.49999999999999822 ) ) ;
#100 = ORIENTED_EDGE ( 'NONE', *, *, #1808, .T. ) ;
#101 = APPLICATION_CONTEXT ( 'automotive_design' ) ;
#102 = DIRECTION ( 'NONE',  ( -0.6246950475544241765, 0.000000000000000000, -0.7808688094430303872 ) ) ;
#103 = CARTESIAN_POINT ( 'NONE',  ( -37.97409628706547835, 6.686006378687603835, 4.473737380713185274 ) ) ;
#104 = CARTESIAN_POINT ( 'NONE',  ( -40.25000000000000000, 12.00000000000000000, -3.749999999999996891 ) ) ;
#105 = CARTESIAN_POINT ( 'NONE',  ( -15.10046277705892592, 7.962192679736898704, -10.65977176352980749 ) ) ;
#106 = CARTESIAN_POINT ( 'NONE',  ( -15.25000000000000711, 12.00000000000000000, 12.69999999999999929 ) ) ;
#107 = LINE ( 'NONE', #1561, #783 ) ;
#108 = EDGE_CURVE ( 'NONE', #456, #1096, #1298, .T. ) ;
#109 = VECTOR ( 'NONE', #832, 1000.000000000000000 ) ;
#110 = EDGE_CURVE ( 'NONE', #1893, #614, #847, .T. ) ;
#111 = AXIS2_PLACEMENT_3D ( 'NONE', #667, #361, #1567 ) ;
#112 = LINE ( 'NONE', #1287, #968 ) ;
#113 = ADVANCED_FACE ( 'NONE', ( #1474 ), #1155, .T. ) ;
#114 = CARTESIAN_POINT ( 'NONE',  ( 15.08680720759251948, 10.99054801124770364, 11.41686059640751338 ) ) ;
#115 = EDGE_CURVE ( 'NONE', #917, #827, #882, .T. ) ;
#116 = DIRECTION ( 'NONE',  ( 1.000000000000000000, 0.000000000000000000, 0.000000000000000000 ) ) ;
#117 = CARTESIAN_POINT ( 'NONE',  ( 15.08230552318380546, 12.00000000000001066, 11.66922359359558392 ) ) ;
#118 = CARTESIAN_POINT ( 'NONE',  ( 15.00000000000000000, 12.00000000000000000, -11.66922359359558037 ) ) ;
#119 = CARTESIAN_POINT ( 'NONE',  ( 23.58333333333332149, 12.00000000000000000, 9.716666666666672114 ) ) ;
#120 = EDGE_CURVE ( 'NONE', #1127, #1500, #404, .T. ) ;
#121 = ORIENTED_EDGE ( 'NONE', *, *, #1638, .F. ) ;
#122 = DIRECTION ( 'NONE',  ( -0.8944271909999158554, -0.4472135954999579277, 0.000000000000000000 ) ) ;
#123 = LINE ( 'NONE', #721, #1392 ) ;
#124 = CARTESIAN_POINT ( 'NONE',  ( -15.00000000000000000, 12.00000000000000000, -9.000000000000000000 ) ) ;
#125 = FACE_OUTER_BOUND ( 'NONE', #171, .T. ) ;
#126 = LINE ( 'NONE', #1030, #285 ) ;
#127 = ORIENTED_EDGE ( 'NONE', *, *, #1385, .F. ) ;
#128 = CARTESIAN_POINT ( 'NONE',  ( -37.97404582493618364, 6.685977244363673577, -4.473753427670289717 ) ) ;
#129 = AXIS2_PLACEMENT_3D ( 'NONE', #522, #498, #823 ) ;
#130 = PLANE ( 'NONE',  #1449 ) ;
#131 = ORIENTED_EDGE ( 'NONE', *, *, #1632, .T. ) ;
#132 = CARTESIAN_POINT ( 'NONE',  ( -4.449999999999999289, 9.400000000000000355, 9.000000000000000000 ) ) ;
#133 = CARTESIAN_POINT ( 'NONE',  ( -40.25000000000000711, 12.00000000000000000, 3.750000000000001776 ) ) ;
#134 = AXIS2_PLACEMENT_3D ( 'NONE', #1648, #1326, #706 ) ;
#135 = CARTESIAN_POINT ( 'NONE',  ( 31.91666666666672469, 12.00000000000000000, -6.733333333333310300 ) ) ;
#136 = CARTESIAN_POINT ( 'NONE',  ( -39.25000000000000000, 12.00000000000000000, 0.000000000000000000 ) ) ;
#137 = DIRECTION ( 'NONE',  ( 0.000000000000000000, 1.000000000000000000, 0.000000000000000000 ) ) ;
#138 = ORIENTED_EDGE ( 'NONE', *, *, #755, .T. ) ;
#139 = EDGE_LOOP ( 'NONE', ( #1620, #776, #894, #151, #362, #1675, #334, #127, #245, #554, #1263, #1446, #1637, #27, #1851, #162, #795, #237, #956, #438, #972, #1704, #512, #1496 ) ) ;
#140 = ORIENTED_EDGE ( 'NONE', *, *, #1175, .F. ) ;
#141 = CARTESIAN_POINT ( 'NONE',  ( 15.01877765353565053, 0.9336823950708301734, -8.930577270699219028 ) ) ;
#142 = DIRECTION ( 'NONE',  ( -0.4472135954999579832, 0.8944271909999159664, 0.000000000000000000 ) ) ;
#143 = ORIENTED_EDGE ( 'NONE', *, *, #37, .F. ) ;
#144 = CARTESIAN_POINT ( 'NONE',  ( -31.05992616368430603, 2.694108396730666488, 6.215653323831481281 ) ) ;
#145 = EDGE_LOOP ( 'NONE', ( #91, #277, #371, #1792 ) ) ;
#146 = CARTESIAN_POINT ( 'NONE',  ( -15.12311321275609366, 3.018902379286503290, 9.423949188417209299 ) ) ;
#147 = LINE ( 'NONE', #1229, #1055 ) ;
#148 = FACE_OUTER_BOUND ( 'NONE', #342, .T. ) ;
#149 = LINE ( 'NONE', #4, #1071 ) ;
#150 = CARTESIAN_POINT ( 'NONE',  ( 15.25000000000000711, 0.000000000000000000, 9.700000000000001066 ) ) ;
#151 = ORIENTED_EDGE ( 'NONE', *, *, #178, .F. ) ;
#152 = ORIENTED_EDGE ( 'NONE', *, *, #1777, .F. ) ;
#153 = FACE_OUTER_BOUND ( 'NONE', #668, .T. ) ;
#154 = CARTESIAN_POINT ( 'NONE',  ( -39.25000000000000711, 12.00000000000000355, 3.045828660559338541 ) ) ;
#155 = CARTESIAN_POINT ( 'NONE',  ( -26.12564434701767269, 1.000000000000000000, 0.000000000000000000 ) ) ;
#156 = DIRECTION ( 'NONE',  ( -0.6246950475544241765, 0.000000000000000000, -0.7808688094430302762 ) ) ;
#157 = CARTESIAN_POINT ( 'NONE',  ( -27.16828434780772028, 12.00000000000000000, 7.363481316870013060 ) ) ;
#158 = CARTESIAN_POINT ( 'NONE',  ( -39.49439073973646686, 0.7027472273232627797, -2.905550321321026974 ) ) ;
#159 = FACE_OUTER_BOUND ( 'NONE', #1854, .T. ) ;
#160 = CARTESIAN_POINT ( 'NONE',  ( 40.25000000000000711, 12.00000000000000000, 3.750000000000001776 ) ) ;
#161 = UNCERTAINTY_MEASURE_WITH_UNIT (LENGTH_MEASURE( 1.000000000000000082E-05 ), #950, 'distance_accuracy_value', 'NONE');
#162 = ORIENTED_EDGE ( 'NONE', *, *, #1632, .F. ) ;
#163 = VERTEX_POINT ( 'NONE', #535 ) ;
#164 = CARTESIAN_POINT ( 'NONE',  ( 39.39528106761701309, 12.00487374167038368, -2.993851344241547086 ) ) ;
#165 = AXIS2_PLACEMENT_3D ( 'NONE', #198, #1714, #957 ) ;
#166 = FACE_OUTER_BOUND ( 'NONE', #869, .T. ) ;
#167 = CARTESIAN_POINT ( 'NONE',  ( -14.92191345868694441, 12.22911071320744725, -11.78355714717020852 ) ) ;
#168 = LINE ( 'NONE', #1407, #1739 ) ;
#169 = CARTESIAN_POINT ( 'NONE',  ( 15.10918623850313480, 6.047256547093633472, -10.18103773036899540 ) ) ;
#170 = VERTEX_POINT ( 'NONE', #565 ) ;
#171 = EDGE_LOOP ( 'NONE', ( #239, #1355, #607 ) ) ;
#172 = CARTESIAN_POINT ( 'NONE',  ( 39.49439073973646686, 0.7027472273232632238, -2.905550321321026974 ) ) ;
#173 = ORIENTED_EDGE ( 'NONE', *, *, #382, .F. ) ;
#174 = ORIENTED_EDGE ( 'NONE', *, *, #530, .F. ) ;
#175 = CARTESIAN_POINT ( 'NONE',  ( -15.25000000000000711, 12.00000000000000000, -12.69999999999999929 ) ) ;
#176 = ADVANCED_FACE ( 'NONE', ( #1735 ), #206, .T. ) ;
#177 = EDGE_CURVE ( 'NONE', #964, #462, #1876, .T. ) ;
#178 = EDGE_CURVE ( 'NONE', #189, #40, #1609, .T. ) ;
#179 = CARTESIAN_POINT ( 'NONE',  ( 0.000000000000000000, 0.000000000000000000, 0.000000000000000000 ) ) ;
#180 = AXIS2_PLACEMENT_3D ( 'NONE', #231, #563, #545 ) ;
#181 = CARTESIAN_POINT ( 'NONE',  ( -15.25000000000000533, 0.000000000000000000, 9.700000000000001066 ) ) ;
#182 = PLANE ( 'NONE',  #1912 ) ;
#183 = CARTESIAN_POINT ( 'NONE',  ( -26.39359353944878706, 0.000000000000000000, -10.00000000000000000 ) ) ;
#184 = VECTOR ( 'NONE', #761, 1000.000000000000000 ) ;
#185 = EDGE_CURVE ( 'NONE', #309, #1558, #256, .T. ) ;
#186 = LINE ( 'NONE', #1861, #228 ) ;
#187 = EDGE_CURVE ( 'NONE', #801, #170, #851, .T. ) ;
#188 = ADVANCED_FACE ( 'NONE', ( #521 ), #1465, .F. ) ;
#189 = VERTEX_POINT ( 'NONE', #92 ) ;
#190 = ORIENTED_EDGE ( 'NONE', *, *, #880, .T. ) ;
#191 = CARTESIAN_POINT ( 'NONE',  ( 15.24999999999999467, 0.000000000000000000, -9.700000000000004619 ) ) ;
#192 = CARTESIAN_POINT ( 'NONE',  ( -15.08680720759252480, 10.99054801124769121, -11.41686059640750805 ) ) ;
#193 = VECTOR ( 'NONE', #268, 1000.000000000000000 ) ;
#194 = PLANE ( 'NONE',  #1264 ) ;
#195 = ORIENTED_EDGE ( 'NONE', *, *, #115, .T. ) ;
#196 = ORIENTED_EDGE ( 'NONE', *, *, #473, .T. ) ;
#197 = VECTOR ( 'NONE', #1148, 1000.000000000000227 ) ;
#198 = CARTESIAN_POINT ( 'NONE',  ( 4.450000000000000178, 9.400000000000000355, -8.999999999999998224 ) ) ;
#199 = ADVANCED_FACE ( 'NONE', ( #1436 ), #1726, .F. ) ;
#200 = CARTESIAN_POINT ( 'NONE',  ( 8.499999999999998224, 9.400000000000000355, -8.999999999999998224 ) ) ;
#201 = EDGE_CURVE ( 'NONE', #55, #1953, #112, .T. ) ;
#202 = CARTESIAN_POINT ( 'NONE',  ( 34.92129799104554877, 6.078172999078148564, 4.325181977692812652 ) ) ;
#203 = DIRECTION ( 'NONE',  ( 0.000000000000000000, -0.000000000000000000, 1.000000000000000000 ) ) ;
#204 = ORIENTED_EDGE ( 'NONE', *, *, #1519, .F. ) ;
#205 = ORIENTED_EDGE ( 'NONE', *, *, #41, .T. ) ;
#206 = B_SPLINE_SURFACE_WITH_KNOTS ( 'NONE', 3, 3, ( 
 ( #1759, #1147, #713, #1012 ),
 ( #1611, #1589, #232, #258 ),
 ( #862, #1451, #87, #1306 ),
 ( #241, #1162, #1448, #1750 ) ),
 .UNSPECIFIED., .F., .F., .F.,
 ( 4, 4 ),
 ( 4, 4 ),
 ( 0.000000000000000000, 0.9792931625678016339 ),
 ( 0.000000000000000000, 0.9418567284121071026 ),
 .UNSPECIFIED. ) ;
#207 = FACE_OUTER_BOUND ( 'NONE', #145, .T. ) ;
#208 = CARTESIAN_POINT ( 'NONE',  ( 10.49999999999999822, 9.400000000000000355, 11.49999999999999822 ) ) ;
#209 = VERTEX_POINT ( 'NONE', #1594 ) ;
#210 = ORIENTED_EDGE ( 'NONE', *, *, #508, .T. ) ;
#211 = VECTOR ( 'NONE', #409, 1000.000000000000114 ) ;
#212 = VECTOR ( 'NONE', #1536, 1000.000000000000000 ) ;
#213 = CARTESIAN_POINT ( 'NONE',  ( 8.499999999999998224, 9.400000000000000355, -8.999999999999998224 ) ) ;
#214 = DIRECTION ( 'NONE',  ( -0.000000000000000000, -0.000000000000000000, -1.000000000000000000 ) ) ;
#215 = VERTEX_POINT ( 'NONE', #401 ) ;
#216 = ORIENTED_EDGE ( 'NONE', *, *, #815, .F. ) ;
#217 = ORIENTED_EDGE ( 'NONE', *, *, #347, .F. ) ;
#218 = DIRECTION ( 'NONE',  ( 1.000000000000000000, 0.000000000000000000, 0.000000000000000000 ) ) ;
#219 = ORIENTED_EDGE ( 'NONE', *, *, #759, .F. ) ;
#220 = CARTESIAN_POINT ( 'NONE',  ( 40.25000000000000000, 12.00000000000000000, -3.749999999999996891 ) ) ;
#221 = EDGE_LOOP ( 'NONE', ( #6, #1140, #216, #949 ) ) ;
#222 = VERTEX_POINT ( 'NONE', #383 ) ;
#223 = CARTESIAN_POINT ( 'NONE',  ( 26.39359353944878706, 0.000000000000000000, 7.047824737611190216 ) ) ;
#224 = DIRECTION ( 'NONE',  ( -0.000000000000000000, 1.000000000000000000, -0.000000000000000000 ) ) ;
#225 = AXIS2_PLACEMENT_3D ( 'NONE', #1316, #1940, #420 ) ;
#226 = CARTESIAN_POINT ( 'NONE',  ( 19.11164630550424093, 12.00000000000000000, -10.23590199165303183 ) ) ;
#227 = DIRECTION ( 'NONE',  ( -0.000000000000000000, 1.000000000000000000, -0.000000000000000000 ) ) ;
#228 = VECTOR ( 'NONE', #1709, 999.9999999999998863 ) ;
#229 = ORIENTED_EDGE ( 'NONE', *, *, #250, .T. ) ;
#230 = ORIENTED_EDGE ( 'NONE', *, *, #1702, .F. ) ;
#231 = CARTESIAN_POINT ( 'NONE',  ( 0.000000000000000000, 12.00000000000000000, 0.000000000000000000 ) ) ;
#232 = CARTESIAN_POINT ( 'NONE',  ( 31.29920116416477782, 4.548701251425971925, 5.240541954731999574 ) ) ;
#233 = DIRECTION ( 'NONE',  ( -0.000000000000000000, 1.000000000000000000, 1.624745375527012597E-16 ) ) ;
#234 = CARTESIAN_POINT ( 'NONE',  ( 20.99999999999999645, 0.9999999999999983347, 5.000000000000000000 ) ) ;
#235 = EDGE_CURVE ( 'NONE', #1455, #984, #860, .T. ) ;
#236 = VECTOR ( 'NONE', #912, 1000.000000000000000 ) ;
#237 = ORIENTED_EDGE ( 'NONE', *, *, #317, .T. ) ;
#238 = EDGE_CURVE ( 'NONE', #1576, #1892, #1313, .T. ) ;
#239 = ORIENTED_EDGE ( 'NONE', *, *, #41, .F. ) ;
#240 = B_SPLINE_CURVE_WITH_KNOTS ( 'NONE', 3,
 ( #32, #1062, #910, #1689 ),
 .UNSPECIFIED., .F., .F.,
 ( 4, 4 ),
 ( 0.000000000000000000, 0.1926818514238716196 ),
 .UNSPECIFIED. ) ;
#241 = CARTESIAN_POINT ( 'NONE',  ( 14.92191345868694086, 12.22911071320744725, 11.78355714717020852 ) ) ;
#242 = CARTESIAN_POINT ( 'NONE',  ( 2.449999999999999289, 9.400000000000000355, 11.49999999999999822 ) ) ;
#243 = CARTESIAN_POINT ( 'NONE',  ( 15.08230552318380546, 12.00000000000001066, 11.66922359359558392 ) ) ;
#244 = CARTESIAN_POINT ( 'NONE',  ( 4.450000000000000178, 12.00000000000000000, -8.999999999999998224 ) ) ;
#245 = ORIENTED_EDGE ( 'NONE', *, *, #1437, .T. ) ;
#246 = EDGE_LOOP ( 'NONE', ( #274, #1825, #1847, #1688 ) ) ;
#247 = FACE_OUTER_BOUND ( 'NONE', #1695, .T. ) ;
#248 = FACE_OUTER_BOUND ( 'NONE', #1209, .T. ) ;
#249 = CARTESIAN_POINT ( 'NONE',  ( -2.449999999999998845, 9.400000000000000355, 11.50000000000000000 ) ) ;
#250 = EDGE_CURVE ( 'NONE', #283, #309, #1135, .T. ) ;
#251 = CARTESIAN_POINT ( 'NONE',  ( 27.16827263499258649, 12.00000000000000000, -7.363485496094934746 ) ) ;
#252 = LINE ( 'NONE', #858, #729 ) ;
#253 = VECTOR ( 'NONE', #458, 1000.000000000000000 ) ;
#254 = CARTESIAN_POINT ( 'NONE',  ( 0.000000000000000000, 12.00000000000000000, -11.66922359359558570 ) ) ;
#255 = ADVANCED_FACE ( 'NONE', ( #247 ), #1734, .T. ) ;
#256 = LINE ( 'NONE', #839, #779 ) ;
#257 = CARTESIAN_POINT ( 'NONE',  ( 40.25000000000000000, 12.00000000000000000, -3.749999999999996891 ) ) ;
#258 = CARTESIAN_POINT ( 'NONE',  ( 31.33370921094312678, 0.7820081716977502762, 4.905141482742828352 ) ) ;
#259 = EDGE_CURVE ( 'NONE', #808, #1789, #1320, .T. ) ;
#260 = CARTESIAN_POINT ( 'NONE',  ( -4.449999999999999289, 9.400000000000000355, -9.000000000000000000 ) ) ;
#261 = DIRECTION ( 'NONE',  ( 0.000000000000000000, 0.000000000000000000, -1.000000000000000000 ) ) ;
#262 = APPLICATION_CONTEXT ( 'automotive_design' ) ;
#263 = CARTESIAN_POINT ( 'NONE',  ( -20.99999999999999645, 3.999999999999998224, 5.000000000000000000 ) ) ;
#264 = ORIENTED_EDGE ( 'NONE', *, *, #1554, .F. ) ;
#265 = B_SPLINE_SURFACE_WITH_KNOTS ( 'NONE', 3, 3, ( 
 ( #1066, #1660, #313, #158 ),
 ( #1516, #765, #1377, #624 ),
 ( #1230, #1821, #921, #1528 ),
 ( #167, #773, #754, #569 ) ),
 .UNSPECIFIED., .F., .F., .F.,
 ( 4, 4 ),
 ( 4, 4 ),
 ( 0.02070683743219840778, 1.000000000000000000 ),
 ( 0.000000000000000000, 0.9418567284121071026 ),
 .UNSPECIFIED. ) ;
#266 = VECTOR ( 'NONE', #1889, 1000.000000000000000 ) ;
#267 = AXIS2_PLACEMENT_3D ( 'NONE', #289, #712, #1502 ) ;
#268 = DIRECTION ( 'NONE',  ( -0.000000000000000000, 1.000000000000000000, -0.000000000000000000 ) ) ;
#269 = CARTESIAN_POINT ( 'NONE',  ( -39.24999999999998579, 8.577350269189642162, -3.022642127424425951 ) ) ;
#270 = ORIENTED_EDGE ( 'NONE', *, *, #874, .T. ) ;
#271 =( NAMED_UNIT ( * ) SI_UNIT ( $, .STERADIAN. ) SOLID_ANGLE_UNIT ( ) );
#272 = CARTESIAN_POINT ( 'NONE',  ( -2.449999999999998845, 9.400000000000000355, -11.50000000000000000 ) ) ;
#273 = CARTESIAN_POINT ( 'NONE',  ( -20.99999999999999645, 3.999999999999998224, -5.000000000000000000 ) ) ;
#274 = ORIENTED_EDGE ( 'NONE', *, *, #725, .F. ) ;
#275 = CARTESIAN_POINT ( 'NONE',  ( 15.00000000000000178, 1.000000000000000000, 5.000000000000000000 ) ) ;
#276 = DIRECTION ( 'NONE',  ( -0.000000000000000000, -0.000000000000000000, 1.000000000000000000 ) ) ;
#277 = ORIENTED_EDGE ( 'NONE', *, *, #1284, .F. ) ;
#278 = DIRECTION ( 'NONE',  ( 0.8944271909999158554, 0.4472135954999579277, 0.000000000000000000 ) ) ;
#279 = CARTESIAN_POINT ( 'NONE',  ( -31.91666666666665719, 12.00000000000000000, 6.733333333333341386 ) ) ;
#280 = PLANE ( 'NONE',  #1260 ) ;
#281 = CARTESIAN_POINT ( 'NONE',  ( 40.25000000000000000, 8.000000000000000000, -3.749999999999996447 ) ) ;
#282 = ADVANCED_FACE ( 'NONE', ( #978 ), #1587, .F. ) ;
#283 = VERTEX_POINT ( 'NONE', #1169 ) ;
#284 = VERTEX_POINT ( 'NONE', #223 ) ;
#285 = VECTOR ( 'NONE', #916, 1000.000000000000000 ) ;
#286 = CARTESIAN_POINT ( 'NONE',  ( -4.449999999999999289, 12.00000000000000000, 9.000000000000000000 ) ) ;
#287 = AXIS2_PLACEMENT_3D ( 'NONE', #208, #1280, #1265 ) ;
#288 = LINE ( 'NONE', #1358, #193 ) ;
#289 = CARTESIAN_POINT ( 'NONE',  ( 26.39359353944878706, 0.000000000000000000, -10.00000000000000000 ) ) ;
#290 = CARTESIAN_POINT ( 'NONE',  ( 2.449999999999999289, 12.00000000000000000, 11.49999999999999822 ) ) ;
#291 = LINE ( 'NONE', #1809, #631 ) ;
#292 = CARTESIAN_POINT ( 'NONE',  ( -15.25000000000000711, 12.00000000000000000, 12.69999999999999929 ) ) ;
#293 = FACE_OUTER_BOUND ( 'NONE', #1435, .T. ) ;
#294 = CARTESIAN_POINT ( 'NONE',  ( -2.449999999999998845, 9.400000000000000355, -11.50000000000000000 ) ) ;
#295 = LINE ( 'NONE', #1343, #1464 ) ;
#296 = ORIENTED_EDGE ( 'NONE', *, *, #1929, .F. ) ;
#297 = VERTEX_POINT ( 'NONE', #830 ) ;
#298 = CARTESIAN_POINT ( 'NONE',  ( -15.00000000000000000, 0.9999999999999988898, 5.000000000000000000 ) ) ;
#299 = EDGE_CURVE ( 'NONE', #28, #1455, #1153, .T. ) ;
#300 = CARTESIAN_POINT ( 'NONE',  ( 2.449999999999999289, 12.00000000000000000, -11.49999999999999822 ) ) ;
#301 = ADVANCED_FACE ( 'NONE', ( #1743 ), #395, .F. ) ;
#302 = CARTESIAN_POINT ( 'NONE',  ( 37.97409628706547835, 6.686006378687603835, 4.473737380713185274 ) ) ;
#303 = CARTESIAN_POINT ( 'NONE',  ( -18.79730078519908787, 0.9999999999999993339, 8.018959396859676403 ) ) ;
#304 = VECTOR ( 'NONE', #156, 1000.000000000000114 ) ;
#305 = CARTESIAN_POINT ( 'NONE',  ( -39.25000000000000000, 12.00000000000000000, 0.000000000000000000 ) ) ;
#306 = CARTESIAN_POINT ( 'NONE',  ( -39.25000000000000711, 10.85911565250079924, 3.038264521356047076 ) ) ;
#307 = CARTESIAN_POINT ( 'NONE',  ( -43.34199174141983235, 0.000000000000000000, 9.700000000000001066 ) ) ;
#308 = CARTESIAN_POINT ( 'NONE',  ( -8.499999999999998224, 9.400000000000000355, 8.999999999999996447 ) ) ;
#309 = VERTEX_POINT ( 'NONE', #1641 ) ;
#310 = LINE ( 'NONE', #1072, #1412 ) ;
#311 = CARTESIAN_POINT ( 'NONE',  ( 40.25000000000000000, 12.00000000000000000, -3.749999999999996891 ) ) ;
#312 = SURFACE_STYLE_USAGE ( .BOTH. , #1795 ) ;
#313 = CARTESIAN_POINT ( 'NONE',  ( -39.45987058680743331, 4.470130364524845135, -2.933509619015086667 ) ) ;
#314 = CARTESIAN_POINT ( 'NONE',  ( -15.00000000000000000, 1.323105625617666758, 9.000000000000003553 ) ) ;
#315 = CARTESIAN_POINT ( 'NONE',  ( 8.499999999999998224, 9.400000000000000355, 8.999999999999998224 ) ) ;
#316 = ORIENTED_EDGE ( 'NONE', *, *, #405, .F. ) ;
#317 = EDGE_CURVE ( 'NONE', #1130, #1707, #1804, .T. ) ;
#318 = CARTESIAN_POINT ( 'NONE',  ( -40.25000000000000000, 8.000000000000001776, -3.749999999999996891 ) ) ;
#319 = ADVANCED_FACE ( 'NONE', ( #1791 ), #130, .F. ) ;
#320 = ADVANCED_FACE ( 'NONE', ( #1921 ), #1499, .T. ) ;
#321 = AXIS2_PLACEMENT_3D ( 'NONE', #742, #137, #1635 ) ;
#322 = VECTOR ( 'NONE', #1393, 1000.000000000000000 ) ;
#323 = VERTEX_POINT ( 'NONE', #1200 ) ;
#324 = VERTEX_POINT ( 'NONE', #1944 ) ;
#325 = CARTESIAN_POINT ( 'NONE',  ( -15.00000000000000000, 0.000000000000000000, 0.000000000000000000 ) ) ;
#326 =( NAMED_UNIT ( * ) SI_UNIT ( $, .STERADIAN. ) SOLID_ANGLE_UNIT ( ) );
#327 = LINE ( 'NONE', #1811, #1898 ) ;
#328 = CARTESIAN_POINT ( 'NONE',  ( 15.25000000000000711, 0.000000000000000000, -9.700000000000004619 ) ) ;
#329 = EDGE_CURVE ( 'NONE', #30, #1037, #1337, .T. ) ;
#330 = CARTESIAN_POINT ( 'NONE',  ( 39.25000000000000000, 12.00000000000000178, -3.045828660559332324 ) ) ;
#331 = EDGE_CURVE ( 'NONE', #324, #75, #1344, .T. ) ;
#332 = DIRECTION ( 'NONE',  ( -0.000000000000000000, 0.000000000000000000, 1.000000000000000000 ) ) ;
#333 = VERTEX_POINT ( 'NONE', #719 ) ;
#334 = ORIENTED_EDGE ( 'NONE', *, *, #57, .T. ) ;
#335 = LINE ( 'NONE', #939, #1033 ) ;
#336 = VECTOR ( 'NONE', #711, 1000.000000000000000 ) ;
#337 = VECTOR ( 'NONE', #1629, 1000.000000000000227 ) ;
#338 = CARTESIAN_POINT ( 'NONE',  ( -35.22348123423836341, 12.00000000000000178, -4.487071038684748991 ) ) ;
#339 = CARTESIAN_POINT ( 'NONE',  ( -15.09590124692834046, 8.971644415583600818, -10.91213469749148324 ) ) ;
#340 = VECTOR ( 'NONE', #203, 1000.000000000000000 ) ;
#341 = UNCERTAINTY_MEASURE_WITH_UNIT (LENGTH_MEASURE( 1.000000000000000082E-05 ), #890, 'distance_accuracy_value', 'NONE');
#342 = EDGE_LOOP ( 'NONE', ( #399, #1954, #799, #981, #143, #1626, #1869, #1097 ) ) ;
#343 = B_SPLINE_CURVE_WITH_KNOTS ( 'NONE', 3,
 ( #887, #619, #1397, #455, #302, #1098 ),
 .UNSPECIFIED., .F., .F.,
 ( 4, 2, 4 ),
 ( 0.000000000000000000, 0.008175037192277256198, 0.01635007438455451240 ),
 .UNSPECIFIED. ) ;
#344 = DIRECTION ( 'NONE',  ( -0.6246950475544239545, 0.000000000000000000, -0.7808688094430306093 ) ) ;
#345 = ORIENTED_EDGE ( 'NONE', *, *, #1301, .F. ) ;
#346 = ORIENTED_EDGE ( 'NONE', *, *, #1458, .F. ) ;
#347 = EDGE_CURVE ( 'NONE', #739, #1273, #746, .T. ) ;
#348 = LINE ( 'NONE', #1829, #1013 ) ;
#349 = LINE ( 'NONE', #1129, #1645 ) ;
#350 = DIRECTION ( 'NONE',  ( -0.8660254037844417052, 0.4999999999999947820, 0.000000000000000000 ) ) ;
#351 = ORIENTED_EDGE ( 'NONE', *, *, #108, .F. ) ;
#352 = CARTESIAN_POINT ( 'NONE',  ( 30.54403634229601394, 3.550959807859205952, 5.391615972978182292 ) ) ;
#353 = ORIENTED_EDGE ( 'NONE', *, *, #1498, .T. ) ;
#354 = EDGE_LOOP ( 'NONE', ( #937, #62, #1143, #1116 ) ) ;
#355 = AXIS2_PLACEMENT_3D ( 'NONE', #567, #699, #1141 ) ;
#356 = CARTESIAN_POINT ( 'NONE',  ( -39.39528106761702020, 12.00487374167038368, 2.993851344241552859 ) ) ;
#357 = EDGE_LOOP ( 'NONE', ( #1390, #517, #74, #353 ) ) ;
#358 = ORIENTED_EDGE ( 'NONE', *, *, #93, .F. ) ;
#359 = ADVANCED_BREP_SHAPE_REPRESENTATION ( 'Connector cover bottom', ( #1856, #1259 ), #1185 ) ;
#360 = CARTESIAN_POINT ( 'NONE',  ( -26.39359353944878706, 0.000000000000000000, 7.047824737611190216 ) ) ;
#361 = DIRECTION ( 'NONE',  ( 0.000000000000000000, 1.000000000000000000, 0.000000000000000000 ) ) ;
#362 = ORIENTED_EDGE ( 'NONE', *, *, #648, .T. ) ;
#363 = VERTEX_POINT ( 'NONE', #1212 ) ;
#364 = EDGE_CURVE ( 'NONE', #363, #1576, #1023, .T. ) ;
#365 = CARTESIAN_POINT ( 'NONE',  ( 15.00000000000000000, 0.9999999999999988898, 5.000000000000000000 ) ) ;
#366 = CARTESIAN_POINT ( 'NONE',  ( -23.10827851286082080, 8.392702252320500378, 8.200975832397665144 ) ) ;
#367 = ORIENTED_EDGE ( 'NONE', *, *, #178, .T. ) ;
#368 = VECTOR ( 'NONE', #546, 1000.000000000000000 ) ;
#369 = VECTOR ( 'NONE', #1149, 1000.000000000000000 ) ;
#370 = LINE ( 'NONE', #1159, #710 ) ;
#371 = ORIENTED_EDGE ( 'NONE', *, *, #852, .T. ) ;
#372 = ORIENTED_EDGE ( 'NONE', *, *, #382, .T. ) ;
#373 = ORIENTED_EDGE ( 'NONE', *, *, #1242, .F. ) ;
#374 = DIRECTION ( 'NONE',  ( 0.7808688094430307203, 0.000000000000000000, -0.6246950475544239545 ) ) ;
#375 = CARTESIAN_POINT ( 'NONE',  ( 40.25010000000001753, 12.00000000000000000, -2.304886114323221324 ) ) ;
#376 = VERTEX_POINT ( 'NONE', #592 ) ;
#377 = PRODUCT_DEFINITION_CONTEXT ( 'detailed design', #262, 'design' ) ;
#378 = LINE ( 'NONE', #1290, #925 ) ;
#379 = CARTESIAN_POINT ( 'NONE',  ( 19.41666666666667851, 0.000000000000000000, -8.708333333333333925 ) ) ;
#380 = ORIENTED_EDGE ( 'NONE', *, *, #874, .F. ) ;
#381 = ORIENTED_EDGE ( 'NONE', *, *, #1721, .T. ) ;
#382 = EDGE_CURVE ( 'NONE', #1262, #1725, #288, .T. ) ;
#383 = CARTESIAN_POINT ( 'NONE',  ( -8.499999999999998224, 9.400000000000000355, 8.999999999999996447 ) ) ;
#384 = CARTESIAN_POINT ( 'NONE',  ( 39.24999999999997868, 8.577350269189622622, -3.022642127424429503 ) ) ;
#385 = PRODUCT_DEFINITION_FORMATION_WITH_SPECIFIED_SOURCE ( 'ANY', '', #866, .NOT_KNOWN. ) ;
#386 = VECTOR ( 'NONE', #1517, 1000.000000000000000 ) ;
#387 = DIRECTION ( 'NONE',  ( 1.000000000000000000, 0.000000000000000000, 0.000000000000000000 ) ) ;
#388 = EDGE_CURVE ( 'NONE', #363, #1339, #437, .T. ) ;
#389 = EDGE_CURVE ( 'NONE', #1542, #1521, #1958, .T. ) ;
#390 = CARTESIAN_POINT ( 'NONE',  ( -39.25000000000000000, 8.577350269189629728, 0.000000000000000000 ) ) ;
#391 = EDGE_CURVE ( 'NONE', #1210, #1455, #1778, .T. ) ;
#392 = AXIS2_PLACEMENT_3D ( 'NONE', #1615, #1052, #261 ) ;
#393 = ORIENTED_EDGE ( 'NONE', *, *, #299, .T. ) ;
#394 = ORIENTED_EDGE ( 'NONE', *, *, #1146, .F. ) ;
#395 = PLANE ( 'NONE',  #82 ) ;
#396 = CARTESIAN_POINT ( 'NONE',  ( 26.12564434701767269, 0.9999999999999986677, -6.213231025249926986 ) ) ;
#397 = CARTESIAN_POINT ( 'NONE',  ( -15.12481783761559129, 2.647762904208367463, -9.331164319647681893 ) ) ;
#398 = LINE ( 'NONE', #1552, #969 ) ;
#399 = ORIENTED_EDGE ( 'NONE', *, *, #1117, .T. ) ;
#400 = ORIENTED_EDGE ( 'NONE', *, *, #238, .F. ) ;
#401 = CARTESIAN_POINT ( 'NONE',  ( -10.49999999999999822, 9.400000000000000355, -11.49999999999999822 ) ) ;
#402 = EDGE_CURVE ( 'NONE', #462, #163, #1654, .T. ) ;
#403 = DIRECTION ( 'NONE',  ( -0.6246950475544241765, 0.000000000000000000, -0.7808688094430303872 ) ) ;
#404 = LINE ( 'NONE', #691, #266 ) ;
#405 = EDGE_CURVE ( 'NONE', #70, #456, #1642, .T. ) ;
#406 = CARTESIAN_POINT ( 'NONE',  ( 20.99999999999999645, 0.9999999999999983347, 5.000000000000000000 ) ) ;
#407 = LINE ( 'NONE', #1008, #45 ) ;
#408 = CARTESIAN_POINT ( 'NONE',  ( -8.499999999999998224, 9.400000000000000355, 8.999999999999996447 ) ) ;
#409 = DIRECTION ( 'NONE',  ( -0.6246950475544241765, 0.000000000000000000, 0.7808688094430302762 ) ) ;
#410 = PLANE ( 'NONE',  #426 ) ;
#411 = DIRECTION ( 'NONE',  ( -0.000000000000000000, 0.000000000000000000, 1.000000000000000000 ) ) ;
#412 = CARTESIAN_POINT ( 'NONE',  ( 31.19624094466492181, 12.00000000000000711, 5.926274595270951018 ) ) ;
#413 = LINE ( 'NONE', #1950, #1933 ) ;
#414 = DIRECTION ( 'NONE',  ( -0.6246950475544241765, 0.000000000000000000, 0.7808688094430303872 ) ) ;
#415 = ORIENTED_EDGE ( 'NONE', *, *, #177, .T. ) ;
#416 = CARTESIAN_POINT ( 'NONE',  ( 4.450000000000000178, 9.400000000000000355, 8.999999999999998224 ) ) ;
#417 = CARTESIAN_POINT ( 'NONE',  ( -4.449999999999999289, 9.400000000000000355, 9.000000000000000000 ) ) ;
#418 = CARTESIAN_POINT ( 'NONE',  ( -15.25000000000000711, 0.000000000000000000, -9.700000000000004619 ) ) ;
#419 = SURFACE_STYLE_FILL_AREA ( #469 ) ;
#420 = DIRECTION ( 'NONE',  ( 0.000000000000000000, -0.000000000000000000, -1.000000000000000000 ) ) ;
#421 = CARTESIAN_POINT ( 'NONE',  ( 15.00000000000000000, 12.00000000000000000, 9.000000000000000000 ) ) ;
#422 = B_SPLINE_CURVE_WITH_KNOTS ( 'NONE', 3,
 ( #1051, #1623, #1949, #575 ),
 .UNSPECIFIED., .F., .F.,
 ( 4, 4 ),
 ( 0.8073181485764293619, 1.000000000000000000 ),
 .UNSPECIFIED. ) ;
#423 = ORIENTED_EDGE ( 'NONE', *, *, #201, .F. ) ;
#424 = CARTESIAN_POINT ( 'NONE',  ( 40.25010000000001753, 13.50000000000000000, 0.000000000000000000 ) ) ;
#425 = VECTOR ( 'NONE', #453, 1000.000000000000114 ) ;
#426 = AXIS2_PLACEMENT_3D ( 'NONE', #1922, #573, #1769 ) ;
#427 = CARTESIAN_POINT ( 'NONE',  ( 0.000000000000000000, 12.00000000000000000, -11.66922359359558570 ) ) ;
#428 = DIRECTION ( 'NONE',  ( 0.000000000000000000, -0.000000000000000000, -1.000000000000000000 ) ) ;
#429 = CARTESIAN_POINT ( 'NONE',  ( -15.25000000000000711, 12.00000000000000000, 12.69999999999999929 ) ) ;
#430 = EDGE_CURVE ( 'NONE', #1676, #324, #538, .T. ) ;
#431 = CARTESIAN_POINT ( 'NONE',  ( 2.449999999999999289, 12.00000000000000000, 11.49999999999999822 ) ) ;
#432 = CARTESIAN_POINT ( 'NONE',  ( 15.00000000000000000, 12.00000000000000000, 11.66922359359558037 ) ) ;
#433 = CARTESIAN_POINT ( 'NONE',  ( 23.58333333333331794, 0.000000000000000000, 7.716666666666670338 ) ) ;
#434 = ORIENTED_EDGE ( 'NONE', *, *, #235, .T. ) ;
#435 = ORIENTED_EDGE ( 'NONE', *, *, #725, .T. ) ;
#436 = CARTESIAN_POINT ( 'NONE',  ( 31.26606217553193900, 8.315253373001674220, -5.577565085444097015 ) ) ;
#437 = LINE ( 'NONE', #1934, #425 ) ;
#438 = ORIENTED_EDGE ( 'NONE', *, *, #679, .F. ) ;
#439 = LINE ( 'NONE', #738, #686 ) ;
#440 = LINE ( 'NONE', #290, #1621 ) ;
#441 = LINE ( 'NONE', #244, #304 ) ;
#442 = CARTESIAN_POINT ( 'NONE',  ( 40.25000000000000000, 13.50000000000000000, 0.000000000000000000 ) ) ;
#443 = FACE_OUTER_BOUND ( 'NONE', #809, .T. ) ;
#444 = CARTESIAN_POINT ( 'NONE',  ( -39.25000000000000000, 12.00000000000000178, -3.045828660559332324 ) ) ;
#445 = DIRECTION ( 'NONE',  ( -1.000000000000000000, 0.000000000000000000, 0.000000000000000000 ) ) ;
#446 = EDGE_CURVE ( 'NONE', #333, #75, #1330, .T. ) ;
#447 = ORIENTED_EDGE ( 'NONE', *, *, #1715, .F. ) ;
#448 = MECHANICAL_DESIGN_GEOMETRIC_PRESENTATION_REPRESENTATION (  '', ( #1582 ), #1089 ) ;
#449 = EDGE_LOOP ( 'NONE', ( #639, #1336, #1665, #1310 ) ) ;
#450 = ADVANCED_FACE ( 'NONE', ( #861 ), #1914, .F. ) ;
#451 = EDGE_CURVE ( 'NONE', #1350, #209, #789, .T. ) ;
#452 = CARTESIAN_POINT ( 'NONE',  ( -8.499999999999998224, 9.400000000000000355, 8.999999999999996447 ) ) ;
#453 = DIRECTION ( 'NONE',  ( -0.6246950475544241765, 0.000000000000000000, 0.7808688094430302762 ) ) ;
#454 = VERTEX_POINT ( 'NONE', #1163 ) ;
#455 = CARTESIAN_POINT ( 'NONE',  ( 35.68121656258917795, 5.362211652541794216, 5.113183495862435812 ) ) ;
#456 = VERTEX_POINT ( 'NONE', #132 ) ;
#457 = DIRECTION ( 'NONE',  ( -0.000000000000000000, -0.9701425001453318764, -0.2425356250363329136 ) ) ;
#458 = DIRECTION ( 'NONE',  ( 1.000000000000000000, 0.000000000000000000, 0.000000000000000000 ) ) ;
#459 = DIRECTION ( 'NONE',  ( 1.000000000000000000, 0.000000000000000000, -0.000000000000000000 ) ) ;
#460 = CARTESIAN_POINT ( 'NONE',  ( 4.450000000000000178, 9.400000000000000355, -8.999999999999998224 ) ) ;
#461 = CARTESIAN_POINT ( 'NONE',  ( 40.25000000000000000, 0.000000000000000000, 3.750000000000003109 ) ) ;
#462 = VERTEX_POINT ( 'NONE', #1171 ) ;
#463 = ORIENTED_EDGE ( 'NONE', *, *, #1284, .T. ) ;
#464 = CARTESIAN_POINT ( 'NONE',  ( -25.89359353944879416, 0.8660254037844417052, -10.00000000000000000 ) ) ;
#465 = VECTOR ( 'NONE', #1010, 1000.000000000000000 ) ;
#466 = LINE ( 'NONE', #21, #1234 ) ;
#467 = CIRCLE ( 'NONE', #1664, 2.750000000000000000 ) ;
#468 = ADVANCED_FACE ( 'NONE', ( #248 ), #1011, .F. ) ;
#469 = FILL_AREA_STYLE ('',( #1771 ) ) ;
#470 = DIRECTION ( 'NONE',  ( 1.000000000000000000, 0.000000000000000000, 0.000000000000000000 ) ) ;
#471 = DIRECTION ( 'NONE',  ( -0.7808688094430303872, 0.000000000000000000, -0.6246950475544241765 ) ) ;
#472 = LINE ( 'NONE', #1078, #1124 ) ;
#473 = EDGE_CURVE ( 'NONE', #593, #1543, #1610, .T. ) ;
#474 = ADVANCED_FACE ( 'NONE', ( #1192 ), #1321, .T. ) ;
#475 = EDGE_LOOP ( 'NONE', ( #230, #1347, #1846, #1243, #488, #53 ) ) ;
#476 = CARTESIAN_POINT ( 'NONE',  ( 23.14115101895697180, 4.626959723893726562, -7.556807420718171464 ) ) ;
#477 = EDGE_CURVE ( 'NONE', #456, #222, #1038, .T. ) ;
#478 = ORIENTED_EDGE ( 'NONE', *, *, #1445, .T. ) ;
#479 = LINE ( 'NONE', #900, #1450 ) ;
#480 = DIRECTION ( 'NONE',  ( -0.000000000000000000, 1.000000000000000000, 1.624745375527012597E-16 ) ) ;
#481 = DIRECTION ( 'NONE',  ( -1.000000000000000000, 0.000000000000000000, 0.000000000000000000 ) ) ;
#482 = FACE_OUTER_BOUND ( 'NONE', #1224, .T. ) ;
#483 = LINE ( 'NONE', #935, #1805 ) ;
#484 = CARTESIAN_POINT ( 'NONE',  ( 28.34044195356221962, 2.278713994339015336, 5.844495865134561541 ) ) ;
#485 = VECTOR ( 'NONE', #1760, 1000.000000000000000 ) ;
#486 = AXIS2_PLACEMENT_3D ( 'NONE', #424, #1381, #745 ) ;
#487 = ORIENTED_EDGE ( 'NONE', *, *, #1636, .F. ) ;
#488 = ORIENTED_EDGE ( 'NONE', *, *, #451, .F. ) ;
#489 = DIRECTION ( 'NONE',  ( -0.7808688094430303872, 0.000000000000000000, -0.6246950475544241765 ) ) ;
#490 = DIRECTION ( 'NONE',  ( 0.000000000000000000, -1.000000000000000000, 0.000000000000000000 ) ) ;
#491 = DIRECTION ( 'NONE',  ( -0.6246950475544241765, 0.000000000000000000, -0.7808688094430302762 ) ) ;
#492 = VECTOR ( 'NONE', #1511, 1000.000000000000000 ) ;
#493 = CARTESIAN_POINT ( 'NONE',  ( -30.54403634229601394, 3.550959807859205952, 5.391615972978182292 ) ) ;
#494 = DIRECTION ( 'NONE',  ( 0.000000000000000000, -0.2425356250363326638, -0.9701425001453319874 ) ) ;
#495 = ORIENTED_EDGE ( 'NONE', *, *, #1073, .T. ) ;
#496 = ORIENTED_EDGE ( 'NONE', *, *, #1364, .T. ) ;
#497 = DIRECTION ( 'NONE',  ( 1.000000000000000000, 0.000000000000000000, 0.000000000000000000 ) ) ;
#498 = DIRECTION ( 'NONE',  ( 0.000000000000000000, 1.000000000000000000, 0.000000000000000000 ) ) ;
#499 = CARTESIAN_POINT ( 'NONE',  ( -34.92129799104554877, 6.078172999078148564, 4.325181977692812652 ) ) ;
#500 = ORIENTED_EDGE ( 'NONE', *, *, #1613, .F. ) ;
#501 = PLANE ( 'NONE',  #1583 ) ;
#502 = VERTEX_POINT ( 'NONE', #1631 ) ;
#503 = ORIENTED_EDGE ( 'NONE', *, *, #803, .F. ) ;
#504 = PRODUCT_CONTEXT ( 'NONE', #101, 'mechanical' ) ;
#505 = CARTESIAN_POINT ( 'NONE',  ( -15.00000000000000000, 1.323105625617666758, 8.999999999999998224 ) ) ;
#506 = ORIENTED_EDGE ( 'NONE', *, *, #675, .T. ) ;
#507 = EDGE_LOOP ( 'NONE', ( #1886, #1428, #1361 ) ) ;
#508 = EDGE_CURVE ( 'NONE', #917, #284, #439, .T. ) ;
#509 = DIRECTION ( 'NONE',  ( 0.000000000000000000, 0.000000000000000000, -1.000000000000000000 ) ) ;
#510 = DIRECTION ( 'NONE',  ( -1.000000000000000000, 0.000000000000000000, 0.000000000000000000 ) ) ;
#511 = EDGE_CURVE ( 'NONE', #1190, #744, #1251, .T. ) ;
#512 = ORIENTED_EDGE ( 'NONE', *, *, #299, .F. ) ;
#513 = EDGE_LOOP ( 'NONE', ( #1942, #580, #1955, #270 ) ) ;
#514 = AXIS2_PLACEMENT_3D ( 'NONE', #442, #1493, #609 ) ;
#515 = DIRECTION ( 'NONE',  ( -0.000000000000000000, 1.000000000000000000, -0.000000000000000000 ) ) ;
#516 = FACE_OUTER_BOUND ( 'NONE', #354, .T. ) ;
#517 = ORIENTED_EDGE ( 'NONE', *, *, #596, .F. ) ;
#518 = DIRECTION ( 'NONE',  ( 0.000000000000000000, -1.000000000000000000, -1.624745375527012597E-16 ) ) ;
#519 = ORIENTED_EDGE ( 'NONE', *, *, #676, .T. ) ;
#520 = ORIENTED_EDGE ( 'NONE', *, *, #999, .T. ) ;
#521 = FACE_OUTER_BOUND ( 'NONE', #1292, .T. ) ;
#522 = CARTESIAN_POINT ( 'NONE',  ( 0.000000000000000000, 9.400000000000000355, 0.000000000000000000 ) ) ;
#523 = VERTEX_POINT ( 'NONE', #1183 ) ;
#524 = VECTOR ( 'NONE', #1573, 1000.000000000000000 ) ;
#525 = CARTESIAN_POINT ( 'NONE',  ( 39.24999999999999289, 10.85911565250079924, 3.038264521356051961 ) ) ;
#526 = ADVANCED_FACE ( 'NONE', ( #703 ), #410, .F. ) ;
#527 = VECTOR ( 'NONE', #873, 1000.000000000000000 ) ;
#528 = EDGE_CURVE ( 'NONE', #1500, #297, #123, .T. ) ;
#529 = CARTESIAN_POINT ( 'NONE',  ( -40.25000000000000000, 13.50000000000000000, 0.000000000000000000 ) ) ;
#530 = EDGE_CURVE ( 'NONE', #284, #1789, #343, .T. ) ;
#531 = VERTEX_POINT ( 'NONE', #175 ) ;
#532 = ORIENTED_EDGE ( 'NONE', *, *, #1440, .T. ) ;
#533 = CARTESIAN_POINT ( 'NONE',  ( 40.25000000000000711, 6.000000000000000000, 3.750000000000002665 ) ) ;
#534 = EDGE_CURVE ( 'NONE', #593, #845, #240, .T. ) ;
#535 = CARTESIAN_POINT ( 'NONE',  ( -15.00000000000000000, 12.00000000000000000, 11.66922359359558037 ) ) ;
#536 = EDGE_CURVE ( 'NONE', #1134, #283, #1837, .T. ) ;
#537 = EDGE_CURVE ( 'NONE', #1247, #284, #878, .T. ) ;
#538 = B_SPLINE_CURVE_WITH_KNOTS ( 'NONE', 3,
 ( #1024, #114, #1779, #1202, #1338, #1751, #583, #1005, #1905, #898 ),
 .UNSPECIFIED., .F., .F.,
 ( 4, 3, 3, 4 ),
 ( 1.734723475976807094E-18, 0.003121587094087590036, 0.006243174187911504705, 0.01133865154405331102 ),
 .UNSPECIFIED. ) ;
#539 = LINE ( 'NONE', #1917, #197 ) ;
#540 = B_SPLINE_CURVE_WITH_KNOTS ( 'NONE', 3,
 ( #1239, #306, #752, #633 ),
 .UNSPECIFIED., .F., .F.,
 ( 4, 4 ),
 ( 0.000000000000000000, 0.003422728267790936009 ),
 .UNSPECIFIED. ) ;
#541 = CARTESIAN_POINT ( 'NONE',  ( -40.25000000000000000, 8.000000000000000000, 3.750000000000001776 ) ) ;
#542 = VECTOR ( 'NONE', #1618, 1000.000000000000000 ) ;
#543 = VERTEX_POINT ( 'NONE', #1655 ) ;
#544 = VERTEX_POINT ( 'NONE', #154 ) ;
#545 = DIRECTION ( 'NONE',  ( 0.000000000000000000, -0.000000000000000000, -1.000000000000000000 ) ) ;
#546 = DIRECTION ( 'NONE',  ( 1.000000000000000000, 0.000000000000000000, 0.000000000000000000 ) ) ;
#547 = VECTOR ( 'NONE', #445, 1000.000000000000000 ) ;
#548 = VECTOR ( 'NONE', #1537, 1000.000000000000000 ) ;
#549 = DIRECTION ( 'NONE',  ( -1.000000000000000000, -0.000000000000000000, -0.000000000000000000 ) ) ;
#550 = B_SPLINE_CURVE_WITH_KNOTS ( 'NONE', 3,
 ( #772, #1084, #1680, #811, #1128, #650 ),
 .UNSPECIFIED., .F., .F.,
 ( 4, 2, 4 ),
 ( 0.000000000000000000, 0.008175233633316444926, 0.01635046726663288985 ),
 .UNSPECIFIED. ) ;
#551 = CARTESIAN_POINT ( 'NONE',  ( 0.000000000000000000, 0.000000000000000000, 5.000000000000000000 ) ) ;
#552 = ADVANCED_FACE ( 'NONE', ( #166 ), #1074, .T. ) ;
#553 = ORIENTED_EDGE ( 'NONE', *, *, #115, .F. ) ;
#554 = ORIENTED_EDGE ( 'NONE', *, *, #672, .T. ) ;
#555 = EDGE_CURVE ( 'NONE', #1542, #309, #335, .T. ) ;
#556 = CARTESIAN_POINT ( 'NONE',  ( 4.450000000000000178, 12.00000000000000000, 8.999999999999998224 ) ) ;
#557 = CARTESIAN_POINT ( 'NONE',  ( -28.73251824487914874, 1.350378808294466326, 6.678274634153192224 ) ) ;
#558 = CARTESIAN_POINT ( 'NONE',  ( -15.25000000000000711, 0.000000000000000000, -9.700000000000004619 ) ) ;
#559 = CARTESIAN_POINT ( 'NONE',  ( -26.12564434701766913, 0.9999999999999997780, -6.213231025249929651 ) ) ;
#560 = DIRECTION ( 'NONE',  ( -0.000000000000000000, 0.000000000000000000, 1.000000000000000000 ) ) ;
#561 = CARTESIAN_POINT ( 'NONE',  ( -15.09708424626385082, 8.704471758884732679, 10.84534153331676976 ) ) ;
#562 = VECTOR ( 'NONE', #662, 1000.000000000000000 ) ;
#563 = DIRECTION ( 'NONE',  ( 0.000000000000000000, -1.000000000000000000, 0.000000000000000000 ) ) ;
#564 = CARTESIAN_POINT ( 'NONE',  ( -39.24999999999999289, 9.718232373149875869, -3.030537406636081066 ) ) ;
#565 = CARTESIAN_POINT ( 'NONE',  ( -8.499999999999998224, 12.00000000000000000, -8.999999999999996447 ) ) ;
#566 = ORIENTED_EDGE ( 'NONE', *, *, #555, .T. ) ;
#567 = CARTESIAN_POINT ( 'NONE',  ( -39.25000000000000000, 13.50000000000000000, 0.000000000000000000 ) ) ;
#568 = FACE_OUTER_BOUND ( 'NONE', #1593, .T. ) ;
#569 = CARTESIAN_POINT ( 'NONE',  ( -15.01877765353565053, 0.9336823950708301734, -8.930577270699219028 ) ) ;
#570 = CARTESIAN_POINT ( 'NONE',  ( -15.13248966257223316, 1.000000000000002665, 8.919223593595580368 ) ) ;
#571 = ORIENTED_EDGE ( 'NONE', *, *, #477, .T. ) ;
#572 = DIRECTION ( 'NONE',  ( 0.000000000000000000, 0.000000000000000000, -1.000000000000000000 ) ) ;
#573 = DIRECTION ( 'NONE',  ( -2.154935995002244899E-16, 0.000000000000000000, 1.000000000000000000 ) ) ;
#574 = CARTESIAN_POINT ( 'NONE',  ( -36.08333333333334281, 0.000000000000000000, -4.741666666666662699 ) ) ;
#575 = CARTESIAN_POINT ( 'NONE',  ( 40.25000000000000000, 12.00000000000000000, 3.750000000000003109 ) ) ;
#576 = CARTESIAN_POINT ( 'NONE',  ( 4.450000000000000178, 9.400000000000000355, -8.999999999999998224 ) ) ;
#577 = CARTESIAN_POINT ( 'NONE',  ( 39.24999999999997868, 8.577350269189622622, -3.022642127424429503 ) ) ;
#578 = COLOUR_RGB ( '',0.7921568627450980005, 0.8196078431372548767, 0.9333333333333333481 ) ;
#579 = VECTOR ( 'NONE', #700, 1000.000000000000000 ) ;
#580 = ORIENTED_EDGE ( 'NONE', *, *, #1956, .F. ) ;
#581 = AXIS2_PLACEMENT_3D ( 'NONE', #774, #471, #611 ) ;
#582 = DIRECTION ( 'NONE',  ( 1.000000000000000000, 0.000000000000000000, 0.000000000000000000 ) ) ;
#583 = CARTESIAN_POINT ( 'NONE',  ( 15.10967090278971092, 5.943289570951978185, 10.15504598633357958 ) ) ;
#584 = ORIENTED_EDGE ( 'NONE', *, *, #530, .T. ) ;
#585 = CARTESIAN_POINT ( 'NONE',  ( -31.19624094466492181, 12.00000000000000000, 5.926274595270951018 ) ) ;
#586 = PLANE ( 'NONE',  #1346 ) ;
#587 = DIRECTION ( 'NONE',  ( -0.000000000000000000, 1.000000000000000000, -0.000000000000000000 ) ) ;
#588 = ORIENTED_EDGE ( 'NONE', *, *, #1026, .T. ) ;
#589 = ADVANCED_FACE ( 'NONE', ( #1083 ), #1960, .F. ) ;
#590 = CARTESIAN_POINT ( 'NONE',  ( 14.95272333397801923, 8.464279078465889228, -10.83131930313061453 ) ) ;
#591 = AXIS2_PLACEMENT_3D ( 'NONE', #606, #1818, #1668 ) ;
#592 = CARTESIAN_POINT ( 'NONE',  ( 15.13248966257224026, 1.000000000000000666, -8.919223593595585697 ) ) ;
#593 = VERTEX_POINT ( 'NONE', #311 ) ;
#594 = CARTESIAN_POINT ( 'NONE',  ( 0.000000000000000000, 12.00000000000000000, 0.000000000000000000 ) ) ;
#595 = EDGE_LOOP ( 'NONE', ( #1741, #8, #1420, #435 ) ) ;
#596 = EDGE_CURVE ( 'NONE', #1651, #688, #630, .T. ) ;
#597 = EDGE_CURVE ( 'NONE', #215, #323, #466, .T. ) ;
#598 = DIRECTION ( 'NONE',  ( 0.000000000000000000, 0.000000000000000000, -1.000000000000000000 ) ) ;
#599 = DIRECTION ( 'NONE',  ( -0.6246950475544241765, 0.000000000000000000, 0.7808688094430303872 ) ) ;
#600 = EDGE_CURVE ( 'NONE', #67, #55, #771, .T. ) ;
#601 = CARTESIAN_POINT ( 'NONE',  ( -15.00000000000000000, 12.00000000000000000, -11.66922359359558570 ) ) ;
#602 = ORIENTED_EDGE ( 'NONE', *, *, #364, .T. ) ;
#603 = DIRECTION ( 'NONE',  ( 0.000000000000000000, -1.000000000000000000, -0.000000000000000000 ) ) ;
#604 = DIRECTION ( 'NONE',  ( 0.000000000000000000, 0.000000000000000000, 1.000000000000000000 ) ) ;
#605 = ORIENTED_EDGE ( 'NONE', *, *, #1439, .T. ) ;
#606 = CARTESIAN_POINT ( 'NONE',  ( 25.89359353944879416, 0.8660254037844417052, -10.00000000000000000 ) ) ;
#607 = ORIENTED_EDGE ( 'NONE', *, *, #1445, .F. ) ;
#608 = CARTESIAN_POINT ( 'NONE',  ( -26.39359353944878706, 0.000000000000000000, -7.047824737611187551 ) ) ;
#609 = DIRECTION ( 'NONE',  ( 0.000000000000000000, 0.000000000000000000, 1.000000000000000000 ) ) ;
#610 = CARTESIAN_POINT ( 'NONE',  ( 15.00000000000000000, 12.00000000000000000, -11.66922359359558037 ) ) ;
#611 = DIRECTION ( 'NONE',  ( -0.6246950475544241765, 0.000000000000000000, 0.7808688094430303872 ) ) ;
#612 = CARTESIAN_POINT ( 'NONE',  ( 31.91666666666665009, 0.000000000000000000, 5.733333333333338722 ) ) ;
#613 = ORIENTED_EDGE ( 'NONE', *, *, #621, .T. ) ;
#614 = VERTEX_POINT ( 'NONE', #1677 ) ;
#615 = VECTOR ( 'NONE', #387, 1000.000000000000000 ) ;
#616 = ORIENTED_EDGE ( 'NONE', *, *, #317, .F. ) ;
#617 = CARTESIAN_POINT ( 'NONE',  ( 15.13248966257224026, 1.000000000000000666, -8.919223593595585697 ) ) ;
#618 = ADVANCED_FACE ( 'NONE', ( #1228 ), #919, .T. ) ;
#619 = CARTESIAN_POINT ( 'NONE',  ( 28.73251824487914874, 1.350378808294466326, 6.678274634153192224 ) ) ;
#620 = CARTESIAN_POINT ( 'NONE',  ( -40.25000000000000000, 0.000000000000000000, 3.750000000000003109 ) ) ;
#621 = EDGE_CURVE ( 'NONE', #1543, #1789, #479, .T. ) ;
#622 = CARTESIAN_POINT ( 'NONE',  ( -10.49999999999999822, 9.400000000000000355, -11.49999999999999822 ) ) ;
#623 = FACE_OUTER_BOUND ( 'NONE', #1711, .T. ) ;
#624 = CARTESIAN_POINT ( 'NONE',  ( -31.33370921094320138, 0.7820081716977480557, -4.905141482742813253 ) ) ;
#625 = DIRECTION ( 'NONE',  ( 0.000000000000000000, -0.9701425001453319874, -0.2425356250363328858 ) ) ;
#626 = CARTESIAN_POINT ( 'NONE',  ( 4.450000000000000178, 12.00000000000000000, 8.999999999999998224 ) ) ;
#627 = EDGE_LOOP ( 'NONE', ( #205, #496, #52, #1722, #881, #219, #1132, #1079 ) ) ;
#628 = ADVANCED_FACE ( 'NONE', ( #763 ), #708, .F. ) ;
#629 = DIRECTION ( 'NONE',  ( -0.000000000000000000, 1.624745375527012597E-16, 1.000000000000000000 ) ) ;
#630 = LINE ( 'NONE', #11, #184 ) ;
#631 = VECTOR ( 'NONE', #457, 1000.000000000000114 ) ;
#632 = CARTESIAN_POINT ( 'NONE',  ( -15.25000000000000533, 0.000000000000000000, -9.700000000000004619 ) ) ;
#633 = CARTESIAN_POINT ( 'NONE',  ( -39.25000000000000711, 8.577350269189629728, 3.022642127424433500 ) ) ;
#634 = DIRECTION ( 'NONE',  ( 1.000000000000000000, 0.000000000000000000, -2.154935995002244899E-16 ) ) ;
#635 = DIRECTION ( 'NONE',  ( -0.000000000000000000, 1.000000000000000000, -0.000000000000000000 ) ) ;
#636 = EDGE_LOOP ( 'NONE', ( #196, #663, #195, #1150, #100 ) ) ;
#637 = ORIENTED_EDGE ( 'NONE', *, *, #1657, .F. ) ;
#638 = CARTESIAN_POINT ( 'NONE',  ( -31.05710999376417902, 2.692482480269205336, -6.216249878646287641 ) ) ;
#639 = ORIENTED_EDGE ( 'NONE', *, *, #1718, .F. ) ;
#640 = ORIENTED_EDGE ( 'NONE', *, *, #658, .T. ) ;
#641 = DIRECTION ( 'NONE',  ( -0.6246950475544241765, 0.000000000000000000, 0.7808688094430303872 ) ) ;
#642 = CARTESIAN_POINT ( 'NONE',  ( 15.08230552318380724, 12.00000000000000000, -11.66922359359557326 ) ) ;
#643 = DIRECTION ( 'NONE',  ( -1.000000000000000000, -0.000000000000000000, -0.000000000000000000 ) ) ;
#644 = DIRECTION ( 'NONE',  ( 0.9728270868517946424, -0.000000000000000000, -0.2315328466707274602 ) ) ;
#645 = FACE_OUTER_BOUND ( 'NONE', #1125, .T. ) ;
#646 = AXIS2_PLACEMENT_3D ( 'NONE', #1365, #490, #914 ) ;
#647 = ORIENTED_EDGE ( 'NONE', *, *, #1719, .T. ) ;
#648 = EDGE_CURVE ( 'NONE', #189, #30, #441, .T. ) ;
#649 = ORIENTED_EDGE ( 'NONE', *, *, #905, .T. ) ;
#650 = CARTESIAN_POINT ( 'NONE',  ( 26.39359353944880127, 0.000000000000000000, -7.047824737611185775 ) ) ;
#651 = DIRECTION ( 'NONE',  ( 1.000000000000000000, 0.000000000000000000, 0.000000000000000000 ) ) ;
#652 = DIRECTION ( 'NONE',  ( 1.000000000000000000, 0.000000000000000000, 0.000000000000000000 ) ) ;
#653 = VERTEX_POINT ( 'NONE', #998 ) ;
#654 = CARTESIAN_POINT ( 'NONE',  ( 39.25000000000000711, 8.577350269189629728, 3.022642127424433500 ) ) ;
#655 = ORIENTED_EDGE ( 'NONE', *, *, #1638, .T. ) ;
#656 = ORIENTED_EDGE ( 'NONE', *, *, #1424, .F. ) ;
#657 = CARTESIAN_POINT ( 'NONE',  ( -2.449999999999998845, 9.400000000000000355, 11.50000000000000000 ) ) ;
#658 = EDGE_CURVE ( 'NONE', #1732, #666, #1764, .T. ) ;
#659 = ORIENTED_EDGE ( 'NONE', *, *, #537, .T. ) ;
#660 = EDGE_CURVE ( 'NONE', #664, #1190, #1763, .T. ) ;
#661 = DIRECTION ( 'NONE',  ( 0.000000000000000000, 0.000000000000000000, 1.000000000000000000 ) ) ;
#662 = DIRECTION ( 'NONE',  ( -0.000000000000000000, -1.000000000000000000, -0.000000000000000000 ) ) ;
#663 = ORIENTED_EDGE ( 'NONE', *, *, #1929, .T. ) ;
#664 = VERTEX_POINT ( 'NONE', #608 ) ;
#665 = CARTESIAN_POINT ( 'NONE',  ( -43.34199174141983235, 12.00000000000000000, 11.66922359359558392 ) ) ;
#666 = VERTEX_POINT ( 'NONE', #1363 ) ;
#667 = CARTESIAN_POINT ( 'NONE',  ( 0.000000000000000000, 9.400000000000000355, 0.000000000000000000 ) ) ;
#668 = EDGE_LOOP ( 'NONE', ( #487, #1063, #790, #1549 ) ) ;
#669 = EDGE_LOOP ( 'NONE', ( #1270, #674, #758 ) ) ;
#670 = AXIS2_PLACEMENT_3D ( 'NONE', #1333, #1925, #14 ) ;
#671 = AXIS2_PLACEMENT_3D ( 'NONE', #895, #629, #1246 ) ;
#672 = EDGE_CURVE ( 'NONE', #1303, #1396, #1216, .T. ) ;
#673 = CARTESIAN_POINT ( 'NONE',  ( -15.00000000000000000, 12.00000000000000000, -9.000000000000000000 ) ) ;
#674 = ORIENTED_EDGE ( 'NONE', *, *, #1911, .F. ) ;
#675 = EDGE_CURVE ( 'NONE', #1717, #838, #291, .T. ) ;
#676 = EDGE_CURVE ( 'NONE', #1651, #70, #1064, .T. ) ;
#677 = CARTESIAN_POINT ( 'NONE',  ( 31.91666666666672469, 12.00000000000000000, -6.733333333333310300 ) ) ;
#678 = EDGE_LOOP ( 'NONE', ( #1520, #1289, #743 ) ) ;
#679 = EDGE_CURVE ( 'NONE', #1350, #1557, #1658, .T. ) ;
#680 = ORIENTED_EDGE ( 'NONE', *, *, #451, .T. ) ;
#681 = EDGE_LOOP ( 'NONE', ( #1370, #1277, #637, #718 ) ) ;
#682 = EDGE_CURVE ( 'NONE', #215, #1262, #1514, .T. ) ;
#683 = DIRECTION ( 'NONE',  ( 0.000000000000000000, 0.000000000000000000, -1.000000000000000000 ) ) ;
#684 = CARTESIAN_POINT ( 'NONE',  ( 30.54196664467680833, 3.549764867381624445, -5.392067199361735952 ) ) ;
#685 = CARTESIAN_POINT ( 'NONE',  ( -2.449999999999998845, 12.00000000000000000, -11.50000000000000000 ) ) ;
#686 = VECTOR ( 'NONE', #853, 1000.000000000000000 ) ;
#687 = CARTESIAN_POINT ( 'NONE',  ( 40.25010000000001753, 12.00000000000000000, 2.304886114323221324 ) ) ;
#688 = VERTEX_POINT ( 'NONE', #99 ) ;
#689 = ORIENTED_EDGE ( 'NONE', *, *, #536, .F. ) ;
#690 = CARTESIAN_POINT ( 'NONE',  ( -40.25000000000000000, 0.000000000000000000, 0.000000000000000000 ) ) ;
#691 = CARTESIAN_POINT ( 'NONE',  ( 15.00000000000000000, 0.9999999999999988898, 5.000000000000000000 ) ) ;
#692 = CARTESIAN_POINT ( 'NONE',  ( -40.25000000000000000, 11.99999999999999822, -2.304886114323220880 ) ) ;
#693 = CARTESIAN_POINT ( 'NONE',  ( 40.25000000000000000, 12.00000000000000000, 3.750000000000003109 ) ) ;
#694 = EDGE_CURVE ( 'NONE', #808, #614, #1332, .T. ) ;
#695 = ORIENTED_EDGE ( 'NONE', *, *, #1777, .T. ) ;
#696 = ORIENTED_EDGE ( 'NONE', *, *, #1048, .T. ) ;
#697 = DIRECTION ( 'NONE',  ( 1.000000000000000000, 0.000000000000000000, -0.000000000000000000 ) ) ;
#698 = CARTESIAN_POINT ( 'NONE',  ( -43.34199174141983235, 12.00000000000000000, 12.69999999999999929 ) ) ;
#699 = DIRECTION ( 'NONE',  ( 1.000000000000000000, 0.000000000000000000, -0.000000000000000000 ) ) ;
#700 = DIRECTION ( 'NONE',  ( 0.000000000000000000, 0.000000000000000000, 1.000000000000000000 ) ) ;
#701 = CARTESIAN_POINT ( 'NONE',  ( 36.08333333333332860, 12.00000000000000000, 5.241666666666672469 ) ) ;
#702 = CARTESIAN_POINT ( 'NONE',  ( -8.499999999999998224, 9.400000000000000355, -8.999999999999996447 ) ) ;
#703 = FACE_OUTER_BOUND ( 'NONE', #1931, .T. ) ;
#704 = CARTESIAN_POINT ( 'NONE',  ( -23.58333333333334991, 0.000000000000000000, -7.716666666666665009 ) ) ;
#705 = DIRECTION ( 'NONE',  ( 0.000000000000000000, -0.9701425001453319874, -0.2425356250363328858 ) ) ;
#706 = DIRECTION ( 'NONE',  ( 0.000000000000000000, 0.000000000000000000, -1.000000000000000000 ) ) ;
#707 = CLOSED_SHELL ( 'NONE', ( #282, #1100, #1244, #1699, #468, #1382, #1568, #1319, #825, #883, #1226, #38, #188, #95, #1596, #474, #1411, #176, #1173, #1095, #1019, #1394, #1447, #1157, #589, #199, #1103, #822, #1443, #618, #1252, #1362, #1029, #1307, #319, #1873, #450, #526, #628, #819, #1935, #113, #552, #1001, #255, #856, #945, #1501, #947, #301, #961, #1170, #320, #1742, #727, #1222 ) ) ;
#708 = PLANE ( 'NONE',  #1562 ) ;
#709 = EDGE_CURVE ( 'NONE', #1127, #948, #107, .T. ) ;
#710 = VECTOR ( 'NONE', #843, 1000.000000000000000 ) ;
#711 = DIRECTION ( 'NONE',  ( -0.000000000000000000, -0.000000000000000000, 1.000000000000000000 ) ) ;
#712 = DIRECTION ( 'NONE',  ( 0.4999999999999947820, -0.8660254037844417052, 0.000000000000000000 ) ) ;
#713 = CARTESIAN_POINT ( 'NONE',  ( 39.45987058680744042, 4.470130364524845135, 2.933509619015092884 ) ) ;
#714 = CARTESIAN_POINT ( 'NONE',  ( 10.49999999999999822, 9.400000000000000355, 11.49999999999999822 ) ) ;
#715 = CARTESIAN_POINT ( 'NONE',  ( -39.25000000000000000, 12.00000000000000178, -3.045828660559332324 ) ) ;
#716 = CARTESIAN_POINT ( 'NONE',  ( 36.08333333333332860, 12.00000000000000000, 5.241666666666672469 ) ) ;
#717 = B_SPLINE_CURVE_WITH_KNOTS ( 'NONE', 3,
 ( #1206, #1661, #1797, #16, #24, #338, #444 ),
 .UNSPECIFIED., .F., .F.,
 ( 4, 3, 4 ),
 ( 1.734723475976806902E-18, 0.01283004215082677799, 0.02566009665990220262 ),
 .UNSPECIFIED. ) ;
#718 = ORIENTED_EDGE ( 'NONE', *, *, #60, .T. ) ;
#719 = CARTESIAN_POINT ( 'NONE',  ( 26.12564434701767269, 0.9999999999999986677, -6.213231025249926986 ) ) ;
#720 = PRODUCT_DEFINITION_SHAPE ( 'NONE', 'NONE',  #1104 ) ;
#721 = CARTESIAN_POINT ( 'NONE',  ( 20.99999999999999645, 3.999999999999998224, -5.000000000000000000 ) ) ;
#722 = CARTESIAN_POINT ( 'NONE',  ( 2.449999999999999289, 12.00000000000000000, -11.49999999999999822 ) ) ;
#723 = EDGE_CURVE ( 'NONE', #209, #502, #1899, .T. ) ;
#724 = CARTESIAN_POINT ( 'NONE',  ( -15.08230552318380546, 12.00000000000000533, 11.66922359359558214 ) ) ;
#725 = EDGE_CURVE ( 'NONE', #966, #1057, #1891, .T. ) ;
#726 = DIRECTION ( 'NONE',  ( -0.000000000000000000, -0.000000000000000000, 1.000000000000000000 ) ) ;
#727 = ADVANCED_FACE ( 'NONE', ( #817 ), #1431, .T. ) ;
#728 = CARTESIAN_POINT ( 'NONE',  ( 8.499999999999998224, 9.400000000000000355, 8.999999999999998224 ) ) ;
#729 = VECTOR ( 'NONE', #865, 1000.000000000000000 ) ;
#730 = VECTOR ( 'NONE', #604, 1000.000000000000000 ) ;
#731 = EDGE_LOOP ( 'NONE', ( #1120, #656, #1865, #1601, #1534 ) ) ;
#732 = CARTESIAN_POINT ( 'NONE',  ( -26.39359353944878706, 0.000000000000000000, -7.047824737611187551 ) ) ;
#733 = EDGE_CURVE ( 'NONE', #1521, #1134, #1418, .T. ) ;
#734 = AXIS2_PLACEMENT_3D ( 'NONE', #39, #494, #1845 ) ;
#735 = CARTESIAN_POINT ( 'NONE',  ( 20.99999999999999645, 3.999999999999998224, 5.000000000000000000 ) ) ;
#736 = ORIENTED_EDGE ( 'NONE', *, *, #1318, .F. ) ;
#737 = EDGE_CURVE ( 'NONE', #323, #1725, #370, .T. ) ;
#738 = CARTESIAN_POINT ( 'NONE',  ( 26.39359353944878706, 0.000000000000000000, -10.00000000000000000 ) ) ;
#739 = VERTEX_POINT ( 'NONE', #1580 ) ;
#740 = CARTESIAN_POINT ( 'NONE',  ( -39.25000000000000711, 12.00000000000000355, 3.045828660559338541 ) ) ;
#741 = LINE ( 'NONE', #432, #991 ) ;
#742 = CARTESIAN_POINT ( 'NONE',  ( 0.000000000000000000, 9.400000000000000355, 0.000000000000000000 ) ) ;
#743 = ORIENTED_EDGE ( 'NONE', *, *, #1146, .T. ) ;
#744 = VERTEX_POINT ( 'NONE', #541 ) ;
#745 = DIRECTION ( 'NONE',  ( 0.000000000000000000, 0.000000000000000000, 1.000000000000000000 ) ) ;
#746 = LINE ( 'NONE', #1349, #730 ) ;
#747 = ORIENTED_EDGE ( 'NONE', *, *, #1895, .T. ) ;
#748 = DIRECTION ( 'NONE',  ( 0.000000000000000000, -1.000000000000000000, 0.000000000000000000 ) ) ;
#749 = ORIENTED_EDGE ( 'NONE', *, *, #1117, .F. ) ;
#750 = CARTESIAN_POINT ( 'NONE',  ( -15.10458880312679852, 7.056708129583424416, 10.43340062599144247 ) ) ;
#751 = DIRECTION ( 'NONE',  ( 0.000000000000000000, -0.000000000000000000, 1.000000000000000000 ) ) ;
#752 = CARTESIAN_POINT ( 'NONE',  ( -39.25000000000001421, 9.718232373149866987, 3.030537406636087283 ) ) ;
#753 = LINE ( 'NONE', #1378, #386 ) ;
#754 = CARTESIAN_POINT ( 'NONE',  ( -14.98511981466930187, 4.699169213925342703, -9.880194378286988766 ) ) ;
#755 = EDGE_CURVE ( 'NONE', #1707, #454, #467, .T. ) ;
#756 = ORIENTED_EDGE ( 'NONE', *, *, #1364, .F. ) ;
#757 = ORIENTED_EDGE ( 'NONE', *, *, #177, .F. ) ;
#758 = ORIENTED_EDGE ( 'NONE', *, *, #958, .F. ) ;
#759 = EDGE_CURVE ( 'NONE', #376, #837, #992, .T. ) ;
#760 = CARTESIAN_POINT ( 'NONE',  ( 39.42672107535853598, 8.237505093030611292, -2.963093248931444101 ) ) ;
#761 = DIRECTION ( 'NONE',  ( -0.000000000000000000, 1.000000000000000000, -0.000000000000000000 ) ) ;
#762 = CARTESIAN_POINT ( 'NONE',  ( -19.41666666666665719, 12.00000000000000000, 11.20833333333333748 ) ) ;
#763 = FACE_OUTER_BOUND ( 'NONE', #357, .T. ) ;
#764 = CARTESIAN_POINT ( 'NONE',  ( 15.24999999999999467, 12.00000000000000000, -12.69999999999999929 ) ) ;
#765 = CARTESIAN_POINT ( 'NONE',  ( -31.26606217553194611, 8.315253373001674220, -5.577565085444097015 ) ) ;
#766 = PLANE ( 'NONE',  #1527 ) ;
#767 = CARTESIAN_POINT ( 'NONE',  ( 15.08230552318380724, 12.00000000000000000, -11.66922359359557326 ) ) ;
#768 = VECTOR ( 'NONE', #879, 1000.000000000000000 ) ;
#769 = EDGE_LOOP ( 'NONE', ( #1775, #1835, #1566, #1070 ) ) ;
#770 = CARTESIAN_POINT ( 'NONE',  ( 40.25000000000000000, 12.00000000000000000, 2.304886114323221324 ) ) ;
#771 = LINE ( 'NONE', #1214, #908 ) ;
#772 = CARTESIAN_POINT ( 'NONE',  ( 40.25000000000000000, 8.000000000000000000, -3.749999999999996447 ) ) ;
#773 = CARTESIAN_POINT ( 'NONE',  ( -14.95272333397801923, 8.464279078465889228, -10.83131930313061453 ) ) ;
#774 = CARTESIAN_POINT ( 'NONE',  ( -2.449999999999998845, 9.400000000000000355, -11.50000000000000000 ) ) ;
#775 = LINE ( 'NONE', #1545, #1050 ) ;
#776 = ORIENTED_EDGE ( 'NONE', *, *, #737, .T. ) ;
#777 = ORIENTED_EDGE ( 'NONE', *, *, #511, .T. ) ;
#778 = DIRECTION ( 'NONE',  ( 0.000000000000000000, -1.000000000000000000, 0.000000000000000000 ) ) ;
#779 = VECTOR ( 'NONE', #86, 1000.000000000000227 ) ;
#780 = ORIENTED_EDGE ( 'NONE', *, *, #802, .F. ) ;
#781 = EDGE_LOOP ( 'NONE', ( #1081, #358, #974, #602 ) ) ;
#782 = CARTESIAN_POINT ( 'NONE',  ( 26.39359353944878706, 0.000000000000000000, 7.047824737611190216 ) ) ;
#783 = VECTOR ( 'NONE', #1309, 1000.000000000000227 ) ;
#784 = FACE_OUTER_BOUND ( 'NONE', #1215, .T. ) ;
#785 = DIRECTION ( 'NONE',  ( 1.000000000000000000, 0.000000000000000000, 0.000000000000000000 ) ) ;
#786 = CARTESIAN_POINT ( 'NONE',  ( 15.10458880312680208, 7.056708129583421751, -10.43340062599144247 ) ) ;
#787 = CARTESIAN_POINT ( 'NONE',  ( -18.79730078519908787, 0.9999999999999986677, -8.018959396859678179 ) ) ;
#788 = B_SPLINE_CURVE_WITH_KNOTS ( 'NONE', 3,
 ( #17, #1266, #493, #499, #1842, #1823 ),
 .UNSPECIFIED., .F., .F.,
 ( 4, 2, 4 ),
 ( 0.000000000000000000, 0.007748940789980245450, 0.01549788157996049090 ),
 .UNSPECIFIED. ) ;
#789 = B_SPLINE_CURVE_WITH_KNOTS ( 'NONE', 3,
 ( #1793, #1936, #564, #269 ),
 .UNSPECIFIED., .F., .F.,
 ( 4, 4 ),
 ( 0.000000000000000000, 0.003422728267790922131 ),
 .UNSPECIFIED. ) ;
#790 = ORIENTED_EDGE ( 'NONE', *, *, #1628, .F. ) ;
#791 = ORIENTED_EDGE ( 'NONE', *, *, #108, .T. ) ;
#792 = B_SPLINE_CURVE_WITH_KNOTS ( 'NONE', 3,
 ( #384, #78, #1457, #684, #988, #396 ),
 .UNSPECIFIED., .F., .F.,
 ( 4, 2, 4 ),
 ( 0.000000000000000000, 0.007749124331874258573, 0.01549824866374852408 ),
 .UNSPECIFIED. ) ;
#793 = LINE ( 'NONE', #294, #1475 ) ;
#794 = CARTESIAN_POINT ( 'NONE',  ( -4.449999999999999289, 9.400000000000000355, -9.000000000000000000 ) ) ;
#795 = ORIENTED_EDGE ( 'NONE', *, *, #1774, .T. ) ;
#796 = FACE_OUTER_BOUND ( 'NONE', #1121, .T. ) ;
#797 = VECTOR ( 'NONE', #1669, 1000.000000000000000 ) ;
#798 = VECTOR ( 'NONE', #470, 1000.000000000000000 ) ;
#799 = ORIENTED_EDGE ( 'NONE', *, *, #1158, .F. ) ;
#800 = EDGE_CURVE ( 'NONE', #1878, #1102, #398, .T. ) ;
#801 = VERTEX_POINT ( 'NONE', #1276 ) ;
#802 = EDGE_CURVE ( 'NONE', #1225, #1564, #1862, .T. ) ;
#803 = EDGE_CURVE ( 'NONE', #531, #65, #826, .T. ) ;
#804 = LINE ( 'NONE', #673, #1938 ) ;
#805 = ORIENTED_EDGE ( 'NONE', *, *, #1870, .F. ) ;
#806 = FACE_OUTER_BOUND ( 'NONE', #1652, .T. ) ;
#807 = DIRECTION ( 'NONE',  ( 1.000000000000000000, 0.000000000000000000, 0.000000000000000000 ) ) ;
#808 = VERTEX_POINT ( 'NONE', #693 ) ;
#809 = EDGE_LOOP ( 'NONE', ( #824, #907, #1788, #1687, #1069, #1112 ) ) ;
#810 = VECTOR ( 'NONE', #227, 1000.000000000000000 ) ;
#811 = CARTESIAN_POINT ( 'NONE',  ( 31.05710999376417902, 2.692482480269205336, -6.216249878646287641 ) ) ;
#812 = DIRECTION ( 'NONE',  ( -0.000000000000000000, 1.000000000000000000, -0.000000000000000000 ) ) ;
#813 = EDGE_LOOP ( 'NONE', ( #1286, #351, #316, #520 ) ) ;
#814 = EDGE_LOOP ( 'NONE', ( #863, #886, #84, #649 ) ) ;
#815 = EDGE_CURVE ( 'NONE', #1088, #739, #1710, .T. ) ;
#816 = FACE_OUTER_BOUND ( 'NONE', #627, .T. ) ;
#817 = FACE_OUTER_BOUND ( 'NONE', #669, .T. ) ;
#818 = ORIENTED_EDGE ( 'NONE', *, *, #597, .T. ) ;
#819 = ADVANCED_FACE ( 'NONE', ( #1300 ), #1131, .T. ) ;
#820 = EDGE_LOOP ( 'NONE', ( #1034, #500, #1198, #1430 ) ) ;
#821 = VERTEX_POINT ( 'NONE', #963 ) ;
#822 = ADVANCED_FACE ( 'NONE', ( #89 ), #1720, .F. ) ;
#823 = DIRECTION ( 'NONE',  ( 0.000000000000000000, 0.000000000000000000, -1.000000000000000000 ) ) ;
#824 = ORIENTED_EDGE ( 'NONE', *, *, #534, .T. ) ;
#825 = ADVANCED_FACE ( 'NONE', ( #1737 ), #1180, .F. ) ;
#826 = LINE ( 'NONE', #836, #369 ) ;
#827 = VERTEX_POINT ( 'NONE', #191 ) ;
#828 = ORIENTED_EDGE ( 'NONE', *, *, #430, .T. ) ;
#829 = VECTOR ( 'NONE', #33, 1000.000000000000000 ) ;
#830 = CARTESIAN_POINT ( 'NONE',  ( 20.99999999999999645, 3.999999999999998224, -5.000000000000000000 ) ) ;
#831 = VECTOR ( 'NONE', #1754, 1000.000000000000000 ) ;
#832 = DIRECTION ( 'NONE',  ( -0.000000000000000000, 1.000000000000000000, -0.000000000000000000 ) ) ;
#833 = AXIS2_PLACEMENT_3D ( 'NONE', #735, #142, #122 ) ;
#834 = CARTESIAN_POINT ( 'NONE',  ( 39.25000000000000000, 12.00000000000000178, -3.045828660559332324 ) ) ;
#835 = VECTOR ( 'NONE', #1422, 1000.000000000000114 ) ;
#836 = CARTESIAN_POINT ( 'NONE',  ( -15.25000000000000711, 12.00000000000000000, -12.69999999999999929 ) ) ;
#837 = VERTEX_POINT ( 'NONE', #1529 ) ;
#838 = VERTEX_POINT ( 'NONE', #1220 ) ;
#839 = CARTESIAN_POINT ( 'NONE',  ( -20.99999999999999645, 3.999999999999998224, -5.000000000000000000 ) ) ;
#840 = CARTESIAN_POINT ( 'NONE',  ( -31.91666666666667496, 0.000000000000000000, -5.733333333333329840 ) ) ;
#841 = CARTESIAN_POINT ( 'NONE',  ( -15.11720833411841092, 4.295526082985493765, -9.743105114341958028 ) ) ;
#842 = AXIS2_PLACEMENT_3D ( 'NONE', #1282, #1872, #518 ) ;
#843 = DIRECTION ( 'NONE',  ( 1.000000000000000000, 0.000000000000000000, -2.154935995002244899E-16 ) ) ;
#844 = ORIENTED_EDGE ( 'NONE', *, *, #660, .F. ) ;
#845 = VERTEX_POINT ( 'NONE', #1231 ) ;
#846 = CARTESIAN_POINT ( 'NONE',  ( -8.499999999999998224, 9.400000000000000355, -8.999999999999996447 ) ) ;
#847 = LINE ( 'NONE', #698, #368 ) ;
#848 = FACE_OUTER_BOUND ( 'NONE', #1415, .T. ) ;
#849 = CARTESIAN_POINT ( 'NONE',  ( -10.49999999999999822, 9.400000000000000355, 11.49999999999999822 ) ) ;
#850 = EDGE_LOOP ( 'NONE', ( #777, #1945, #61, #1025 ) ) ;
#851 = LINE ( 'NONE', #846, #1882 ) ;
#852 = EDGE_CURVE ( 'NONE', #1733, #1878, #1812, .T. ) ;
#853 = DIRECTION ( 'NONE',  ( -0.000000000000000000, -0.000000000000000000, 1.000000000000000000 ) ) ;
#854 = CARTESIAN_POINT ( 'NONE',  ( 26.12564434701767269, 0.9999999999999997780, 6.213231025249928763 ) ) ;
#855 = CIRCLE ( 'NONE', #514, 2.750000000000000000 ) ;
#856 = ADVANCED_FACE ( 'NONE', ( #1507 ), #182, .T. ) ;
#857 = CARTESIAN_POINT ( 'NONE',  ( 31.19623313749868387, 12.00000000000000000, -5.926277385282181953 ) ) ;
#858 = CARTESIAN_POINT ( 'NONE',  ( 15.00000000000000000, 12.00000000000000000, -9.000000000000000000 ) ) ;
#859 = CARTESIAN_POINT ( 'NONE',  ( 19.41666666666665719, 12.00000000000000000, 11.20833333333333748 ) ) ;
#860 = LINE ( 'NONE', #986, #1032 ) ;
#861 = FACE_OUTER_BOUND ( 'NONE', #813, .T. ) ;
#862 = CARTESIAN_POINT ( 'NONE',  ( 23.07706807443796038, 12.15824765694662091, 8.846296030666135124 ) ) ;
#863 = ORIENTED_EDGE ( 'NONE', *, *, #528, .F. ) ;
#864 = CARTESIAN_POINT ( 'NONE',  ( 27.16828434780772028, 12.00000000000000711, 7.363481316870013060 ) ) ;
#865 = DIRECTION ( 'NONE',  ( -1.000000000000000000, -0.000000000000000000, -0.000000000000000000 ) ) ;
#866 = PRODUCT ( 'Connector cover bottom', 'Connector cover bottom', '', ( #504 ) ) ;
#867 = LINE ( 'NONE', #1951, #954 ) ;
#868 = VECTOR ( 'NONE', #1822, 1000.000000000000000 ) ;
#869 = EDGE_LOOP ( 'NONE', ( #1546, #380, #1486, #1359 ) ) ;
#870 = EDGE_CURVE ( 'NONE', #170, #28, #915, .T. ) ;
#871 = CARTESIAN_POINT ( 'NONE',  ( -40.25000000000000000, 12.00000000000000000, 3.750000000000003109 ) ) ;
#872 = EDGE_CURVE ( 'NONE', #1210, #1350, #717, .T. ) ;
#873 = DIRECTION ( 'NONE',  ( -1.000000000000000000, 0.000000000000000000, -8.566535683836084989E-16 ) ) ;
#874 = EDGE_CURVE ( 'NONE', #1102, #1037, #149, .T. ) ;
#875 = LINE ( 'NONE', #155, #1819 ) ;
#876 = PLANE ( 'NONE',  #10 ) ;
#877 = CARTESIAN_POINT ( 'NONE',  ( -40.25000000000000000, 8.000000000000001776, -3.749999999999996891 ) ) ;
#878 = B_SPLINE_CURVE_WITH_KNOTS ( 'NONE', 3,
 ( #1525, #931, #1512, #782 ),
 .UNSPECIFIED., .F., .F.,
 ( 4, 4 ),
 ( 0.000000000000000000, 0.4457437415779504364 ),
 .UNSPECIFIED. ) ;
#879 = DIRECTION ( 'NONE',  ( -1.000000000000000000, -0.000000000000000000, -0.000000000000000000 ) ) ;
#880 = EDGE_CURVE ( 'NONE', #1262, #1592, #793, .T. ) ;
#881 = ORIENTED_EDGE ( 'NONE', *, *, #1663, .T. ) ;
#882 = B_SPLINE_CURVE_WITH_KNOTS ( 'NONE', 3,
 ( #1744, #1006, #1752, #1915 ),
 .UNSPECIFIED., .F., .F.,
 ( 4, 4 ),
 ( 0.5542562584220480648, 1.000000000000000000 ),
 .UNSPECIFIED. ) ;
#883 = ADVANCED_FACE ( 'NONE', ( #482 ), #1053, .T. ) ;
#884 = LINE ( 'NONE', #1487, #492 ) ;
#885 = CARTESIAN_POINT ( 'NONE',  ( 4.450000000000000178, 9.400000000000000355, 8.999999999999998224 ) ) ;
#886 = ORIENTED_EDGE ( 'NONE', *, *, #120, .F. ) ;
#887 = CARTESIAN_POINT ( 'NONE',  ( 26.39359353944878706, 0.000000000000000000, 7.047824737611190216 ) ) ;
#888 = EDGE_LOOP ( 'NONE', ( #1014, #152, #1713, #930, #993 ) ) ;
#889 = B_SPLINE_CURVE_WITH_KNOTS ( 'NONE', 3,
 ( #1211, #1802, #9, #617 ),
 .UNSPECIFIED., .F., .F.,
 ( 4, 4 ),
 ( 0.000000000000000000, 0.01132130053024326538 ),
 .UNSPECIFIED. ) ;
#890 =( LENGTH_UNIT ( ) NAMED_UNIT ( * ) SI_UNIT ( .MILLI., .METRE. ) );
#891 = DIRECTION ( 'NONE',  ( 0.9414860325703557908, -0.000000000000000000, 0.3370519996601872847 ) ) ;
#892 = CARTESIAN_POINT ( 'NONE',  ( 15.12311321275609366, 3.018902379286499738, -9.423949188417211076 ) ) ;
#893 = VECTOR ( 'NONE', #891, 1000.000000000000114 ) ;
#894 = ORIENTED_EDGE ( 'NONE', *, *, #1175, .T. ) ;
#895 = CARTESIAN_POINT ( 'NONE',  ( 15.00000000000000000, 12.00000000000000000, -9.000000000000000000 ) ) ;
#896 = DIRECTION ( 'NONE',  ( -0.6246950475544241765, 0.000000000000000000, 0.7808688094430302762 ) ) ;
#897 = ORIENTED_EDGE ( 'NONE', *, *, #1318, .T. ) ;
#898 = CARTESIAN_POINT ( 'NONE',  ( 15.13248966257223316, 1.000000000000002442, 8.919223593595576816 ) ) ;
#899 = FACE_OUTER_BOUND ( 'NONE', #888, .T. ) ;
#900 = CARTESIAN_POINT ( 'NONE',  ( 40.25000000000000000, 8.000000000000000000, -10.00000000000000000 ) ) ;
#901 = CARTESIAN_POINT ( 'NONE',  ( 19.41666666666671759, 12.00000000000000000, -11.20833333333331616 ) ) ;
#902 = FACE_BOUND ( 'NONE', #1395, .T. ) ;
#903 = DIRECTION ( 'NONE',  ( 0.000000000000000000, -0.2425356250363328858, 0.9701425001453319874 ) ) ;
#904 = CARTESIAN_POINT ( 'NONE',  ( -15.00000000000000178, 1.000000000000000000, 5.000000000000000000 ) ) ;
#905 = EDGE_CURVE ( 'NONE', #948, #297, #942, .T. ) ;
#906 = ORIENTED_EDGE ( 'NONE', *, *, #250, .F. ) ;
#907 = ORIENTED_EDGE ( 'NONE', *, *, #1866, .T. ) ;
#908 = VECTOR ( 'NONE', #1806, 1000.000000000000000 ) ;
#909 = DIRECTION ( 'NONE',  ( 1.000000000000000000, 1.084202172485504681E-16, -0.000000000000000000 ) ) ;
#910 = CARTESIAN_POINT ( 'NONE',  ( 40.25000000000000000, 12.00000000000000000, -2.786590742880639127 ) ) ;
#911 = CARTESIAN_POINT ( 'NONE',  ( -22.46169466557174133, 1.000000000000000000, 7.116994777724176657 ) ) ;
#912 = DIRECTION ( 'NONE',  ( 0.000000000000000000, 0.000000000000000000, 1.000000000000000000 ) ) ;
#913 = DIRECTION ( 'NONE',  ( -0.6246950475544241765, 0.000000000000000000, -0.7808688094430303872 ) ) ;
#914 = DIRECTION ( 'NONE',  ( 0.000000000000000000, -0.000000000000000000, -1.000000000000000000 ) ) ;
#915 = LINE ( 'NONE', #1387, #1108 ) ;
#916 = DIRECTION ( 'NONE',  ( 1.000000000000000000, 0.000000000000000000, 0.000000000000000000 ) ) ;
#917 = VERTEX_POINT ( 'NONE', #1086 ) ;
#918 = CARTESIAN_POINT ( 'NONE',  ( 23.10827851286090961, 8.392702252320500378, -8.200975832397638499 ) ) ;
#919 = PLANE ( 'NONE',  #83 ) ;
#920 = LINE ( 'NONE', #714, #1708 ) ;
#921 = CARTESIAN_POINT ( 'NONE',  ( -23.14115101895697180, 4.626959723893726562, -7.556807420718171464 ) ) ;
#922 = CARTESIAN_POINT ( 'NONE',  ( 20.99999999999999645, 3.999999999999998224, 5.000000000000000000 ) ) ;
#923 = LINE ( 'NONE', #1379, #1644 ) ;
#924 = ORIENTED_EDGE ( 'NONE', *, *, #1571, .T. ) ;
#925 = VECTOR ( 'NONE', #549, 1000.000000000000000 ) ;
#926 = AXIS2_PLACEMENT_3D ( 'NONE', #464, #1235, #1268 ) ;
#927 = EDGE_LOOP ( 'NONE', ( #1423, #955, #1312, #1223, #756, #478, #1855, #780, #1748, #463, #367, #1409 ) ) ;
#928 = CARTESIAN_POINT ( 'NONE',  ( -28.73256322735875301, 1.350404778941168837, -6.678267526921413122 ) ) ;
#929 = VERTEX_POINT ( 'NONE', #1690 ) ;
#930 = ORIENTED_EDGE ( 'NONE', *, *, #1269, .F. ) ;
#931 = CARTESIAN_POINT ( 'NONE',  ( 18.96453117981624459, 0.000000000000000000, 8.815941579203732559 ) ) ;
#932 = CARTESIAN_POINT ( 'NONE',  ( -15.25000000000000533, 0.000000000000000000, 9.700000000000001066 ) ) ;
#933 = CARTESIAN_POINT ( 'NONE',  ( 15.00000000000000000, 1.323105625617666758, -8.999999999999998224 ) ) ;
#934 = FACE_OUTER_BOUND ( 'NONE', #1281, .T. ) ;
#935 = CARTESIAN_POINT ( 'NONE',  ( 39.25000000000000000, 8.577350269189629728, 0.000000000000000000 ) ) ;
#936 = DIRECTION ( 'NONE',  ( -1.000000000000000000, 0.000000000000000000, 0.000000000000000000 ) ) ;
#937 = ORIENTED_EDGE ( 'NONE', *, *, #1022, .F. ) ;
#938 = ORIENTED_EDGE ( 'NONE', *, *, #537, .F. ) ;
#939 = CARTESIAN_POINT ( 'NONE',  ( -15.00000000000000000, 0.9999999999999988898, 5.000000000000000000 ) ) ;
#940 = AXIS2_PLACEMENT_3D ( 'NONE', #1946, #1619, #1046 ) ;
#941 = EDGE_CURVE ( 'NONE', #1057, #1500, #753, .T. ) ;
#942 = LINE ( 'NONE', #1366, #868 ) ;
#943 = CARTESIAN_POINT ( 'NONE',  ( 15.09708424626385437, 8.704471758884730903, -10.84534153331676976 ) ) ;
#944 = ORIENTED_EDGE ( 'NONE', *, *, #1269, .T. ) ;
#945 = ADVANCED_FACE ( 'NONE', ( #934 ), #1240, .T. ) ;
#946 = CARTESIAN_POINT ( 'NONE',  ( 15.25000000000000533, 0.000000000000000000, 9.700000000000001066 ) ) ;
#947 = ADVANCED_FACE ( 'NONE', ( #159 ), #766, .F. ) ;
#948 = VERTEX_POINT ( 'NONE', #922 ) ;
#949 = ORIENTED_EDGE ( 'NONE', *, *, #1866, .F. ) ;
#950 =( LENGTH_UNIT ( ) NAMED_UNIT ( * ) SI_UNIT ( .MILLI., .METRE. ) );
#951 = CARTESIAN_POINT ( 'NONE',  ( -31.29920116416477782, 4.548701251425971925, 5.240541954732000463 ) ) ;
#952 = VERTEX_POINT ( 'NONE', #314 ) ;
#953 = CARTESIAN_POINT ( 'NONE',  ( 0.000000000000000000, 0.000000000000000000, -5.000000000000000000 ) ) ;
#954 = VECTOR ( 'NONE', #1207, 1000.000000000000000 ) ;
#955 = ORIENTED_EDGE ( 'NONE', *, *, #187, .T. ) ;
#956 = ORIENTED_EDGE ( 'NONE', *, *, #989, .T. ) ;
#957 = DIRECTION ( 'NONE',  ( -0.6246950475544241765, 0.000000000000000000, -0.7808688094430302762 ) ) ;
#958 = EDGE_CURVE ( 'NONE', #948, #966, #168, .T. ) ;
#959 = DIRECTION ( 'NONE',  ( -1.000000000000000000, 0.000000000000000000, 0.000000000000000000 ) ) ;
#960 = EDGE_LOOP ( 'NONE', ( #1213, #1151, #138, #1179 ) ) ;
#961 = ADVANCED_FACE ( 'NONE', ( #1682 ), #1544, .T. ) ;
#962 = CARTESIAN_POINT ( 'NONE',  ( -43.34199174141983235, 12.00000000000000000, -12.69999999999999929 ) ) ;
#963 = CARTESIAN_POINT ( 'NONE',  ( 8.499999999999998224, 9.400000000000000355, 9.000000000000000000 ) ) ;
#964 = VERTEX_POINT ( 'NONE', #1400 ) ;
#965 = ORIENTED_EDGE ( 'NONE', *, *, #1440, .F. ) ;
#966 = VERTEX_POINT ( 'NONE', #35 ) ;
#967 = VECTOR ( 'NONE', #224, 1000.000000000000000 ) ;
#968 = VECTOR ( 'NONE', #102, 999.9999999999998863 ) ;
#969 = VECTOR ( 'NONE', #807, 1000.000000000000000 ) ;
#970 = LINE ( 'NONE', #1857, #1283 ) ;
#971 = CARTESIAN_POINT ( 'NONE',  ( -14.98511981466930010, 4.699169213925342703, 9.880194378286986989 ) ) ;
#972 = ORIENTED_EDGE ( 'NONE', *, *, #872, .F. ) ;
#973 = DIRECTION ( 'NONE',  ( -1.000000000000000000, -0.000000000000000000, -0.000000000000000000 ) ) ;
#974 = ORIENTED_EDGE ( 'NONE', *, *, #388, .F. ) ;
#975 = ORIENTED_EDGE ( 'NONE', *, *, #1803, .F. ) ;
#976 = B_SPLINE_CURVE_WITH_KNOTS ( 'NONE', 3,
 ( #1256, #192, #1691, #339, #105, #1299, #1730, #841, #397, #1597 ),
 .UNSPECIFIED., .F., .F.,
 ( 4, 3, 3, 4 ),
 ( 0.000000000000000000, 0.003121587094087594372, 0.006243174187911510777, 0.01133865154405329367 ),
 .UNSPECIFIED. ) ;
#977 = ORIENTED_EDGE ( 'NONE', *, *, #694, .F. ) ;
#978 = FACE_OUTER_BOUND ( 'NONE', #139, .T. ) ;
#979 = B_SPLINE_CURVE_WITH_KNOTS ( 'NONE', 3,
 ( #1325, #525, #1897, #1614 ),
 .UNSPECIFIED., .F., .F.,
 ( 4, 4 ),
 ( 0.000000000000000000, 0.003422728267790934274 ),
 .UNSPECIFIED. ) ;
#980 = CARTESIAN_POINT ( 'NONE',  ( -23.07706807443796038, 12.15824765694662091, 8.846296030666135124 ) ) ;
#981 = ORIENTED_EDGE ( 'NONE', *, *, #19, .T. ) ;
#982 = CARTESIAN_POINT ( 'NONE',  ( 4.449999999999999289, 9.400000000000000355, -9.000000000000000000 ) ) ;
#983 = CARTESIAN_POINT ( 'NONE',  ( 15.25000000000001066, 12.00000000000000000, -12.69999999999999929 ) ) ;
#984 = VERTEX_POINT ( 'NONE', #1849 ) ;
#985 = ORIENTED_EDGE ( 'NONE', *, *, #755, .F. ) ;
#986 = CARTESIAN_POINT ( 'NONE',  ( -15.00000000000000000, 1.323105625617666758, -8.999999999999998224 ) ) ;
#987 = VECTOR ( 'NONE', #909, 1000.000000000000000 ) ;
#988 = CARTESIAN_POINT ( 'NONE',  ( 28.34047331160437011, 2.278732098913087256, -5.844490644426059589 ) ) ;
#989 = EDGE_CURVE ( 'NONE', #1707, #1557, #1868, .T. ) ;
#990 = LINE ( 'NONE', #1590, #44 ) ;
#991 = VECTOR ( 'NONE', #726, 1000.000000000000000 ) ;
#992 = LINE ( 'NONE', #81, #1824 ) ;
#993 = ORIENTED_EDGE ( 'NONE', *, *, #1305, .T. ) ;
#994 = ORIENTED_EDGE ( 'NONE', *, *, #1094, .F. ) ;
#995 = CARTESIAN_POINT ( 'NONE',  ( -20.99999999999999645, 0.9999999999999983347, 5.000000000000000000 ) ) ;
#996 = CARTESIAN_POINT ( 'NONE',  ( -19.41666666666667851, 0.000000000000000000, -8.708333333333333925 ) ) ;
#997 = LINE ( 'NONE', #260, #485 ) ;
#998 = CARTESIAN_POINT ( 'NONE',  ( -2.449999999999998845, 12.00000000000000000, 11.50000000000000000 ) ) ;
#999 = EDGE_CURVE ( 'NONE', #70, #653, #1272, .T. ) ;
#1000 = ORIENTED_EDGE ( 'NONE', *, *, #528, .T. ) ;
#1001 = ADVANCED_FACE ( 'NONE', ( #516 ), #1877, .T. ) ;
#1002 = ORIENTED_EDGE ( 'NONE', *, *, #1924, .T. ) ;
#1003 = EDGE_CURVE ( 'NONE', #1916, #1893, #349, .T. ) ;
#1004 = CARTESIAN_POINT ( 'NONE',  ( -15.00000000000000000, 0.9999999999999988898, -5.000000000000000000 ) ) ;
#1005 = CARTESIAN_POINT ( 'NONE',  ( 15.11720833411840914, 4.295526082985502647, 9.743105114341959805 ) ) ;
#1006 = CARTESIAN_POINT ( 'NONE',  ( 22.67906235963254957, 0.000000000000000000, -7.931883158407456058 ) ) ;
#1007 = LINE ( 'NONE', #79, #1217 ) ;
#1008 = CARTESIAN_POINT ( 'NONE',  ( -10.49999999999999822, 12.00000000000000000, 11.49999999999999822 ) ) ;
#1009 = CARTESIAN_POINT ( 'NONE',  ( -15.11381145395093384, 5.037805083376322379, 9.928674864439663850 ) ) ;
#1010 = DIRECTION ( 'NONE',  ( 1.000000000000000000, 1.084202172485504681E-16, -0.000000000000000000 ) ) ;
#1011 = PLANE ( 'NONE',  #1540 ) ;
#1012 = CARTESIAN_POINT ( 'NONE',  ( 39.49439073973646686, 0.7027472273232632238, 2.905550321321033191 ) ) ;
#1013 = VECTOR ( 'NONE', #480, 1000.000000000000000 ) ;
#1014 = ORIENTED_EDGE ( 'NONE', *, *, #511, .F. ) ;
#1015 = EDGE_CURVE ( 'NONE', #163, #952, #1858, .T. ) ;
#1016 = CARTESIAN_POINT ( 'NONE',  ( 39.25000000000000711, 12.00000000000000178, 3.045828660559338541 ) ) ;
#1017 = LINE ( 'NONE', #106, #893 ) ;
#1018 = CARTESIAN_POINT ( 'NONE',  ( 8.499999999999998224, 12.00000000000000000, -8.999999999999998224 ) ) ;
#1019 = ADVANCED_FACE ( 'NONE', ( #1416 ), #1747, .F. ) ;
#1020 = ORIENTED_EDGE ( 'NONE', *, *, #1181, .F. ) ;
#1021 = EDGE_CURVE ( 'NONE', #984, #28, #804, .T. ) ;
#1022 = EDGE_CURVE ( 'NONE', #1225, #1733, #63, .T. ) ;
#1023 = LINE ( 'NONE', #885, #542 ) ;
#1024 = CARTESIAN_POINT ( 'NONE',  ( 15.08230552318380546, 12.00000000000001066, 11.66922359359558392 ) ) ;
#1025 = ORIENTED_EDGE ( 'NONE', *, *, #660, .T. ) ;
#1026 = EDGE_CURVE ( 'NONE', #1717, #1676, #47, .T. ) ;
#1027 =( NAMED_UNIT ( * ) PLANE_ANGLE_UNIT ( ) SI_UNIT ( $, .RADIAN. ) );
#1028 = LINE ( 'NONE', #1624, #1838 ) ;
#1029 = ADVANCED_FACE ( 'NONE', ( #1575 ), #1556, .F. ) ;
#1030 = CARTESIAN_POINT ( 'NONE',  ( -43.34199174141983235, 1.000000000000000000, 8.919223593595583921 ) ) ;
#1031 = AXIS2_PLACEMENT_3D ( 'NONE', #690, #697, #1304 ) ;
#1032 = VECTOR ( 'NONE', #1894, 1000.000000000000114 ) ;
#1033 = VECTOR ( 'NONE', #1360, 1000.000000000000000 ) ;
#1034 = ORIENTED_EDGE ( 'NONE', *, *, #201, .T. ) ;
#1035 = CYLINDRICAL_SURFACE ( 'NONE', #486, 2.750000000000000000 ) ;
#1036 = CARTESIAN_POINT ( 'NONE',  ( -15.00000000000000000, 12.00000000000000000, 11.66922359359558037 ) ) ;
#1037 = VERTEX_POINT ( 'NONE', #1059 ) ;
#1038 = LINE ( 'NONE', #417, #527 ) ;
#1039 = CARTESIAN_POINT ( 'NONE',  ( -23.58333333333331794, 0.000000000000000000, 7.716666666666670338 ) ) ;
#1040 = LINE ( 'NONE', #1810, #253 ) ;
#1041 = FACE_OUTER_BOUND ( 'NONE', #475, .T. ) ;
#1042 = CARTESIAN_POINT ( 'NONE',  ( 39.25000000000000000, 12.00000000000000000, -2.304886114323221769 ) ) ;
#1043 = ORIENTED_EDGE ( 'NONE', *, *, #733, .F. ) ;
#1044 = CARTESIAN_POINT ( 'NONE',  ( 31.29920116416485243, 4.548701251425969261, -5.240541954731977370 ) ) ;
#1045 = CARTESIAN_POINT ( 'NONE',  ( 26.12564434701767269, 0.9999999999999997780, 6.213231025249928763 ) ) ;
#1046 = DIRECTION ( 'NONE',  ( -0.6246950475544241765, 0.000000000000000000, -0.7808688094430303872 ) ) ;
#1047 = CARTESIAN_POINT ( 'NONE',  ( -15.25000000000000711, 0.000000000000000000, 9.700000000000001066 ) ) ;
#1048 = EDGE_CURVE ( 'NONE', #454, #929, #884, .T. ) ;
#1049 = DIRECTION ( 'NONE',  ( -0.7808688094430307203, 0.000000000000000000, -0.6246950475544239545 ) ) ;
#1050 = VECTOR ( 'NONE', #644, 1000.000000000000114 ) ;
#1051 = CARTESIAN_POINT ( 'NONE',  ( 40.25000000000000000, 12.00000000000000000, 2.304886114323221324 ) ) ;
#1052 = DIRECTION ( 'NONE',  ( -1.000000000000000000, 0.000000000000000000, 0.000000000000000000 ) ) ;
#1053 = PLANE ( 'NONE',  #1723 ) ;
#1054 = LINE ( 'NONE', #1762, #1410 ) ;
#1055 = VECTOR ( 'NONE', #1647, 1000.000000000000000 ) ;
#1056 = ORIENTED_EDGE ( 'NONE', *, *, #1701, .T. ) ;
#1057 = VERTEX_POINT ( 'NONE', #1199 ) ;
#1058 = EDGE_LOOP ( 'NONE', ( #50, #791, #264, #1369, #1107, #31, #965, #1233, #655, #1056, #757, #1816 ) ) ;
#1059 = CARTESIAN_POINT ( 'NONE',  ( 10.49999999999999822, 12.00000000000000000, -11.49999999999999822 ) ) ;
#1060 = CARTESIAN_POINT ( 'NONE',  ( -20.99999999999999645, 3.999999999999998224, 5.000000000000000000 ) ) ;
#1061 = ORIENTED_EDGE ( 'NONE', *, *, #1015, .T. ) ;
#1062 = CARTESIAN_POINT ( 'NONE',  ( 40.25000000000000000, 12.00000000000000000, -3.268295371440317787 ) ) ;
#1063 = ORIENTED_EDGE ( 'NONE', *, *, #19, .F. ) ;
#1064 = LINE ( 'NONE', #849, #1782 ) ;
#1065 = CARTESIAN_POINT ( 'NONE',  ( -8.499999999999998224, 12.00000000000000000, -8.999999999999996447 ) ) ;
#1066 = CARTESIAN_POINT ( 'NONE',  ( -39.39528106761700599, 12.00487374167038368, -2.993851344241547530 ) ) ;
#1067 = DIRECTION ( 'NONE',  ( 2.154935995002244899E-16, 0.000000000000000000, 1.000000000000000000 ) ) ;
#1068 = DIRECTION ( 'NONE',  ( -0.000000000000000000, -0.000000000000000000, -1.000000000000000000 ) ) ;
#1069 = ORIENTED_EDGE ( 'NONE', *, *, #621, .F. ) ;
#1070 = ORIENTED_EDGE ( 'NONE', *, *, #93, .T. ) ;
#1071 = VECTOR ( 'NONE', #1841, 1000.000000000000000 ) ;
#1072 = CARTESIAN_POINT ( 'NONE',  ( -40.25000000000000000, 12.00000000000000000, -3.749999999999996891 ) ) ;
#1073 = EDGE_CURVE ( 'NONE', #1130, #1293, #310, .T. ) ;
#1074 = PLANE ( 'NONE',  #1324 ) ;
#1075 = CARTESIAN_POINT ( 'NONE',  ( -23.14032379736038436, 12.00000000000000000, 8.800689449141255949 ) ) ;
#1076 = LINE ( 'NONE', #1254, #1932 ) ;
#1077 = CARTESIAN_POINT ( 'NONE',  ( -20.99999999999999645, 3.999999999999998224, 5.000000000000000000 ) ) ;
#1078 = CARTESIAN_POINT ( 'NONE',  ( 15.00000000000000000, 1.323105625617666758, 8.999999999999998224 ) ) ;
#1079 = ORIENTED_EDGE ( 'NONE', *, *, #672, .F. ) ;
#1080 = CARTESIAN_POINT ( 'NONE',  ( 31.23463092308557876, 12.08170357366846304, -5.915761821694079714 ) ) ;
#1081 = ORIENTED_EDGE ( 'NONE', *, *, #238, .T. ) ;
#1082 = ORIENTED_EDGE ( 'NONE', *, *, #185, .T. ) ;
#1083 = FACE_OUTER_BOUND ( 'NONE', #681, .T. ) ;
#1084 = CARTESIAN_POINT ( 'NONE',  ( 37.97404582493618364, 6.685977244363673577, -4.473753427670289717 ) ) ;
#1085 = LINE ( 'NONE', #181, #798 ) ;
#1086 = CARTESIAN_POINT ( 'NONE',  ( 26.39359353944880127, 0.000000000000000000, -7.047824737611185775 ) ) ;
#1087 = CARTESIAN_POINT ( 'NONE',  ( -26.12564434701766913, 0.9999999999999997780, -6.213231025249929651 ) ) ;
#1088 = VERTEX_POINT ( 'NONE', #770 ) ;
#1089 =( GEOMETRIC_REPRESENTATION_CONTEXT ( 3 ) GLOBAL_UNCERTAINTY_ASSIGNED_CONTEXT ( ( #341 ) ) GLOBAL_UNIT_ASSIGNED_CONTEXT ( ( #890, #1027, #271 ) ) REPRESENTATION_CONTEXT ( 'NONE', 'WORKASPACE' ) );
#1090 = AXIS2_PLACEMENT_3D ( 'NONE', #1606, #1353, #598 ) ;
#1091 = EDGE_CURVE ( 'NONE', #222, #1651, #1497, .T. ) ;
#1092 = PLANE ( 'NONE',  #1844 ) ;
#1093 = VECTOR ( 'NONE', #1329, 1000.000000000000000 ) ;
#1094 = EDGE_CURVE ( 'NONE', #1293, #664, #1952, .T. ) ;
#1095 = ADVANCED_FACE ( 'NONE', ( #1348 ), #1559, .T. ) ;
#1096 = VERTEX_POINT ( 'NONE', #286 ) ;
#1097 = ORIENTED_EDGE ( 'NONE', *, *, #446, .F. ) ;
#1098 = CARTESIAN_POINT ( 'NONE',  ( 40.25000000000000000, 8.000000000000000000, 3.750000000000001776 ) ) ;
#1099 = CARTESIAN_POINT ( 'NONE',  ( 0.000000000000000000, 0.000000000000000000, 5.000000000000000000 ) ) ;
#1100 = ADVANCED_FACE ( 'NONE', ( #1523 ), #1674, .T. ) ;
#1101 = CARTESIAN_POINT ( 'NONE',  ( -34.91922018934145910, 6.076973379704958766, -4.325741158009431153 ) ) ;
#1102 = VERTEX_POINT ( 'NONE', #1533 ) ;
#1103 = ADVANCED_FACE ( 'NONE', ( #1371 ), #1035, .F. ) ;
#1104 = PRODUCT_DEFINITION ( 'UNKNOWN', '', #385, #377 ) ;
#1105 = LINE ( 'NONE', #1693, #1901 ) ;
#1106 = ORIENTED_EDGE ( 'NONE', *, *, #331, .F. ) ;
#1107 = ORIENTED_EDGE ( 'NONE', *, *, #1530, .F. ) ;
#1108 = VECTOR ( 'NONE', #643, 1000.000000000000000 ) ;
#1109 = CARTESIAN_POINT ( 'NONE',  ( -20.99999999999999645, 0.9999999999999983347, -5.000000000000000000 ) ) ;
#1110 = CARTESIAN_POINT ( 'NONE',  ( -23.17535149018718599, 0.8609453828262981778, 6.914218457977679755 ) ) ;
#1111 = FACE_OUTER_BOUND ( 'NONE', #850, .T. ) ;
#1112 = ORIENTED_EDGE ( 'NONE', *, *, #473, .F. ) ;
#1113 = PLANE ( 'NONE',  #1588 ) ;
#1114 = ORIENTED_EDGE ( 'NONE', *, *, #737, .F. ) ;
#1115 = EDGE_CURVE ( 'NONE', #297, #1057, #1357, .T. ) ;
#1116 = ORIENTED_EDGE ( 'NONE', *, *, #852, .F. ) ;
#1117 = EDGE_CURVE ( 'NONE', #333, #376, #889, .T. ) ;
#1118 = DIRECTION ( 'NONE',  ( 0.000000000000000000, 0.000000000000000000, 1.000000000000000000 ) ) ;
#1119 = DIRECTION ( 'NONE',  ( 0.000000000000000000, 0.9701425001453318764, 0.2425356250363328581 ) ) ;
#1120 = ORIENTED_EDGE ( 'NONE', *, *, #1636, .T. ) ;
#1121 = EDGE_LOOP ( 'NONE', ( #1463, #76, #1833, #90, #1285, #217 ) ) ;
#1122 = LINE ( 'NONE', #1261, #1679 ) ;
#1123 = CARTESIAN_POINT ( 'NONE',  ( 8.499999999999998224, 9.400000000000000355, -8.999999999999998224 ) ) ;
#1124 = VECTOR ( 'NONE', #36, 1000.000000000000000 ) ;
#1125 = EDGE_LOOP ( 'NONE', ( #1000, #1249, #1510 ) ) ;
#1126 = ORIENTED_EDGE ( 'NONE', *, *, #1158, .T. ) ;
#1127 = VERTEX_POINT ( 'NONE', #275 ) ;
#1128 = CARTESIAN_POINT ( 'NONE',  ( 28.73256322735875301, 1.350404778941168837, -6.678267526921413122 ) ) ;
#1129 = CARTESIAN_POINT ( 'NONE',  ( -15.25000000000000711, 0.000000000000000000, 9.700000000000001066 ) ) ;
#1130 = VERTEX_POINT ( 'NONE', #1627 ) ;
#1131 = PLANE ( 'NONE',  #111 ) ;
#1132 = ORIENTED_EDGE ( 'NONE', *, *, #1572, .T. ) ;
#1133 = ORIENTED_EDGE ( 'NONE', *, *, #1572, .F. ) ;
#1134 = VERTEX_POINT ( 'NONE', #1826 ) ;
#1135 = LINE ( 'NONE', #1004, #465 ) ;
#1136 = AXIS2_PLACEMENT_3D ( 'NONE', #1314, #411, #1172 ) ;
#1137 = AXIS2_PLACEMENT_3D ( 'NONE', #702, #374, #1145 ) ;
#1138 = VECTOR ( 'NONE', #748, 1000.000000000000000 ) ;
#1139 = CARTESIAN_POINT ( 'NONE',  ( -31.26606217553186440, 8.315253373001675996, 5.577565085444127213 ) ) ;
#1140 = ORIENTED_EDGE ( 'NONE', *, *, #1864, .T. ) ;
#1141 = DIRECTION ( 'NONE',  ( 0.000000000000000000, 0.000000000000000000, -1.000000000000000000 ) ) ;
#1142 = CARTESIAN_POINT ( 'NONE',  ( 23.58333333333334991, 0.000000000000000000, -7.716666666666665009 ) ) ;
#1143 = ORIENTED_EDGE ( 'NONE', *, *, #800, .F. ) ;
#1144 = ORIENTED_EDGE ( 'NONE', *, *, #999, .F. ) ;
#1145 = DIRECTION ( 'NONE',  ( -0.6246950475544238435, 0.000000000000000000, -0.7808688094430306093 ) ) ;
#1146 = EDGE_CURVE ( 'NONE', #1134, #1542, #1817, .T. ) ;
#1147 = CARTESIAN_POINT ( 'NONE',  ( 39.42672107535853598, 8.237505093030611292, 2.963093248931450763 ) ) ;
#1148 = DIRECTION ( 'NONE',  ( -0.9414860325703556798, -0.000000000000000000, 0.3370519996601875623 ) ) ;
#1149 = DIRECTION ( 'NONE',  ( -0.000000000000000000, -0.9701425001453319874, 0.2425356250363326638 ) ) ;
#1150 = ORIENTED_EDGE ( 'NONE', *, *, #1715, .T. ) ;
#1151 = ORIENTED_EDGE ( 'NONE', *, *, #989, .F. ) ;
#1152 = VECTOR ( 'NONE', #635, 1000.000000000000000 ) ;
#1153 = LINE ( 'NONE', #77, #1296 ) ;
#1154 = VECTOR ( 'NONE', #218, 1000.000000000000000 ) ;
#1155 = PLANE ( 'NONE',  #1136 ) ;
#1156 = DIRECTION ( 'NONE',  ( 1.000000000000000000, 0.000000000000000000, -0.000000000000000000 ) ) ;
#1157 = ADVANCED_FACE ( 'NONE', ( #153 ), #1227, .T. ) ;
#1158 = EDGE_CURVE ( 'NONE', #1740, #837, #1345, .T. ) ;
#1159 = CARTESIAN_POINT ( 'NONE',  ( -10.49999999999999822, 12.00000000000000000, -11.49999999999999822 ) ) ;
#1160 = ORIENTED_EDGE ( 'NONE', *, *, #1305, .F. ) ;
#1161 = ORIENTED_EDGE ( 'NONE', *, *, #187, .F. ) ;
#1162 = CARTESIAN_POINT ( 'NONE',  ( 14.95272333397801745, 8.464279078465889228, 10.83131930313061275 ) ) ;
#1163 = CARTESIAN_POINT ( 'NONE',  ( -40.25000000000000000, 12.00000000000000000, 2.304886114323221769 ) ) ;
#1164 = CARTESIAN_POINT ( 'NONE',  ( -31.91666666666672469, 12.00000000000000000, -6.733333333333310300 ) ) ;
#1165 = VECTOR ( 'NONE', #403, 999.9999999999998863 ) ;
#1166 = DIRECTION ( 'NONE',  ( -0.000000000000000000, 0.9701425001453319874, -0.2425356250363326638 ) ) ;
#1167 = PLANE ( 'NONE',  #134 ) ;
#1168 = CARTESIAN_POINT ( 'NONE',  ( 40.25000000000000000, 12.00000000000000000, 3.750000000000003109 ) ) ;
#1169 = CARTESIAN_POINT ( 'NONE',  ( -20.99999999999999645, 0.9999999999999983347, -5.000000000000000000 ) ) ;
#1170 = ADVANCED_FACE ( 'NONE', ( #806 ), #194, .F. ) ;
#1171 = CARTESIAN_POINT ( 'NONE',  ( -15.00000000000000000, 12.00000000000000000, 9.000000000000000000 ) ) ;
#1172 = DIRECTION ( 'NONE',  ( 1.000000000000000000, 0.000000000000000000, 0.000000000000000000 ) ) ;
#1173 = ADVANCED_FACE ( 'NONE', ( #796 ), #1113, .T. ) ;
#1174 = CARTESIAN_POINT ( 'NONE',  ( 40.25010000000001753, 12.00000000000000000, -2.304886114323221324 ) ) ;
#1175 = EDGE_CURVE ( 'NONE', #1725, #40, #1122, .T. ) ;
#1176 = DIRECTION ( 'NONE',  ( 1.000000000000000000, 0.000000000000000000, 2.154935995002244899E-16 ) ) ;
#1177 = LINE ( 'NONE', #308, #1766 ) ;
#1178 = DIRECTION ( 'NONE',  ( -0.6246950475544238435, 0.000000000000000000, 0.7808688094430306093 ) ) ;
#1179 = ORIENTED_EDGE ( 'NONE', *, *, #1727, .F. ) ;
#1180 = B_SPLINE_SURFACE_WITH_KNOTS ( 'NONE', 3, 1, ( 
 ( #220, #72 ),
 ( #1591, #1881 ),
 ( #677, #1291 ),
 ( #1453, #1142 ),
 ( #1731, #379 ),
 ( #983, #328 ) ),
 .UNSPECIFIED., .F., .F., .F.,
 ( 4, 2, 4 ),
 ( 2, 2 ),
 ( 0.000000000000000000, 0.5000000000000000000, 1.000000000000000000 ),
 ( 0.000000000000000000, 1.000000000000000000 ),
 .UNSPECIFIED. ) ;
#1181 = EDGE_CURVE ( 'NONE', #75, #1548, #1612, .T. ) ;
#1182 = CARTESIAN_POINT ( 'NONE',  ( 15.13248966257223316, 1.000000000000002442, 8.919223593595576816 ) ) ;
#1183 = CARTESIAN_POINT ( 'NONE',  ( 15.00000000000000000, 12.00000000000000000, 9.000000000000000000 ) ) ;
#1184 = CARTESIAN_POINT ( 'NONE',  ( -23.58333333333339965, 12.00000000000000000, -9.716666666666643692 ) ) ;
#1185 =( GEOMETRIC_REPRESENTATION_CONTEXT ( 3 ) GLOBAL_UNCERTAINTY_ASSIGNED_CONTEXT ( ( #161 ) ) GLOBAL_UNIT_ASSIGNED_CONTEXT ( ( #950, #1848, #326 ) ) REPRESENTATION_CONTEXT ( 'NONE', 'WORKASPACE' ) );
#1186 = VECTOR ( 'NONE', #959, 1000.000000000000000 ) ;
#1187 = CARTESIAN_POINT ( 'NONE',  ( 36.08333333333337123, 12.00000000000000000, -5.241666666666649377 ) ) ;
#1188 = CARTESIAN_POINT ( 'NONE',  ( -40.25000000000000711, 6.000000000000000000, 3.750000000000002665 ) ) ;
#1189 = LINE ( 'NONE', #1773, #1491 ) ;
#1190 = VERTEX_POINT ( 'NONE', #360 ) ;
#1191 = CARTESIAN_POINT ( 'NONE',  ( 22.46169466557174488, 1.000000000000000000, 7.116994777724176657 ) ) ;
#1192 = FACE_OUTER_BOUND ( 'NONE', #1553, .T. ) ;
#1193 = ORIENTED_EDGE ( 'NONE', *, *, #1384, .F. ) ;
#1194 = CARTESIAN_POINT ( 'NONE',  ( -35.22348513711214224, 12.00000000000000000, 4.487069641699569011 ) ) ;
#1195 = PLANE ( 'NONE',  #1090 ) ;
#1196 = LINE ( 'NONE', #728, #547 ) ;
#1197 = VECTOR ( 'NONE', #214, 1000.000000000000000 ) ;
#1198 = ORIENTED_EDGE ( 'NONE', *, *, #1786, .F. ) ;
#1199 = CARTESIAN_POINT ( 'NONE',  ( 20.99999999999999645, 1.000000000000000000, -5.000000000000000000 ) ) ;
#1200 = CARTESIAN_POINT ( 'NONE',  ( -10.49999999999999822, 12.00000000000000000, -11.49999999999999822 ) ) ;
#1201 = ORIENTED_EDGE ( 'NONE', *, *, #1384, .T. ) ;
#1202 = CARTESIAN_POINT ( 'NONE',  ( 15.09590124692834756, 8.971644415583616805, 10.91213469749148501 ) ) ;
#1203 = DIRECTION ( 'NONE',  ( -0.000000000000000000, -0.9701425001453318764, 0.2425356250363329136 ) ) ;
#1204 = CARTESIAN_POINT ( 'NONE',  ( 0.000000000000000000, 9.400000000000000355, 0.000000000000000000 ) ) ;
#1205 = DIRECTION ( 'NONE',  ( -0.000000000000000000, 1.000000000000000000, -0.000000000000000000 ) ) ;
#1206 = CARTESIAN_POINT ( 'NONE',  ( -15.08230552318380724, 12.00000000000000000, -11.66922359359557326 ) ) ;
#1207 = DIRECTION ( 'NONE',  ( -0.000000000000000000, -0.000000000000000000, 1.000000000000000000 ) ) ;
#1208 = ORIENTED_EDGE ( 'NONE', *, *, #1774, .F. ) ;
#1209 = EDGE_LOOP ( 'NONE', ( #1666, #1780, #1193, #1630, #415, #1271, #1959, #1765, #345, #42, #696, #944, #68, #977, #805, #1724, #1860, #381, #18, #736, #532, #423, #1884, #400 ) ) ;
#1210 = VERTEX_POINT ( 'NONE', #1541 ) ;
#1211 = CARTESIAN_POINT ( 'NONE',  ( 26.12564434701767269, 0.9999999999999986677, -6.213231025249926986 ) ) ;
#1212 = CARTESIAN_POINT ( 'NONE',  ( 4.450000000000000178, 9.400000000000000355, 8.999999999999998224 ) ) ;
#1213 = ORIENTED_EDGE ( 'NONE', *, *, #1702, .T. ) ;
#1214 = CARTESIAN_POINT ( 'NONE',  ( 10.49999999999999822, 9.400000000000000355, 11.49999999999999822 ) ) ;
#1215 = EDGE_LOOP ( 'NONE', ( #506, #1002, #897 ) ) ;
#1216 = LINE ( 'NONE', #254, #1419 ) ;
#1217 = VECTOR ( 'NONE', #233, 1000.000000000000000 ) ;
#1218 = DIRECTION ( 'NONE',  ( -0.9728270868517947534, -0.000000000000000000, -0.2315328466707270993 ) ) ;
#1219 = DIRECTION ( 'NONE',  ( -1.000000000000000000, -0.000000000000000000, -0.000000000000000000 ) ) ;
#1220 = CARTESIAN_POINT ( 'NONE',  ( 15.00000000000000000, 1.323105625617666758, 8.999999999999998224 ) ) ;
#1221 = DIRECTION ( 'NONE',  ( 1.000000000000000000, 0.000000000000000000, 0.000000000000000000 ) ) ;
#1222 = ADVANCED_FACE ( 'NONE', ( #645 ), #501, .F. ) ;
#1223 = ORIENTED_EDGE ( 'NONE', *, *, #1021, .F. ) ;
#1224 = EDGE_LOOP ( 'NONE', ( #1356, #605, #373, #1569 ) ) ;
#1225 = VERTEX_POINT ( 'NONE', #213 ) ;
#1226 = ADVANCED_FACE ( 'NONE', ( #1417 ), #1092, .T. ) ;
#1227 = PLANE ( 'NONE',  #926 ) ;
#1228 = FACE_OUTER_BOUND ( 'NONE', #507, .T. ) ;
#1229 = CARTESIAN_POINT ( 'NONE',  ( -8.499999999999998224, 12.00000000000000000, 8.999999999999996447 ) ) ;
#1230 = CARTESIAN_POINT ( 'NONE',  ( -23.07706807443807406, 12.15824765694662091, -8.846296030666094268 ) ) ;
#1231 = CARTESIAN_POINT ( 'NONE',  ( 40.25000000000000000, 12.00000000000000000, -2.304886114323221324 ) ) ;
#1232 = CARTESIAN_POINT ( 'NONE',  ( -37.09346834247802605, 7.332276136203403460, -3.712111631328723682 ) ) ;
#1233 = ORIENTED_EDGE ( 'NONE', *, *, #1924, .F. ) ;
#1234 = VECTOR ( 'NONE', #1372, 1000.000000000000000 ) ;
#1235 = DIRECTION ( 'NONE',  ( 0.4999999999999947820, 0.8660254037844417052, 0.000000000000000000 ) ) ;
#1236 = ORIENTED_EDGE ( 'NONE', *, *, #597, .F. ) ;
#1237 = CARTESIAN_POINT ( 'NONE',  ( 10.49999999999999822, 9.400000000000000355, -11.49999999999999822 ) ) ;
#1238 = DIRECTION ( 'NONE',  ( -1.000000000000000000, -0.000000000000000000, -0.000000000000000000 ) ) ;
#1239 = CARTESIAN_POINT ( 'NONE',  ( -39.25000000000000711, 12.00000000000000355, 3.045828660559338541 ) ) ;
#1240 = PLANE ( 'NONE',  #581 ) ;
#1241 = CARTESIAN_POINT ( 'NONE',  ( -28.34047331160434879, 2.278732098913087256, -5.844490644426063142 ) ) ;
#1242 = EDGE_CURVE ( 'NONE', #614, #1247, #186, .T. ) ;
#1243 = ORIENTED_EDGE ( 'NONE', *, *, #723, .F. ) ;
#1244 = ADVANCED_FACE ( 'NONE', ( #816 ), #1403, .F. ) ;
#1245 = EDGE_CURVE ( 'NONE', #801, #215, #1105, .T. ) ;
#1246 = DIRECTION ( 'NONE',  ( 0.000000000000000000, -1.000000000000000000, 1.624745375527012597E-16 ) ) ;
#1247 = VERTEX_POINT ( 'NONE', #946 ) ;
#1248 = EDGE_CURVE ( 'NONE', #653, #1096, #413, .T. ) ;
#1249 = ORIENTED_EDGE ( 'NONE', *, *, #1115, .T. ) ;
#1250 = CARTESIAN_POINT ( 'NONE',  ( -20.99999999999999645, 0.9999999999999983347, 5.000000000000000000 ) ) ;
#1251 = B_SPLINE_CURVE_WITH_KNOTS ( 'NONE', 3,
 ( #1603, #557, #144, #1466, #103, #1758 ),
 .UNSPECIFIED., .F., .F.,
 ( 4, 2, 4 ),
 ( 0.000000000000000000, 0.008175037192277256198, 0.01635007438455451240 ),
 .UNSPECIFIED. ) ;
#1252 = ADVANCED_FACE ( 'NONE', ( #125 ), #1195, .F. ) ;
#1253 = APPLICATION_PROTOCOL_DEFINITION ( 'draft international standard', 'automotive_design', 1998, #101 ) ;
#1254 = CARTESIAN_POINT ( 'NONE',  ( 15.00000000000000000, 12.00000000000000000, 9.000000000000000000 ) ) ;
#1255 = DIRECTION ( 'NONE',  ( 0.8944271909999158554, -0.4472135954999579277, 0.000000000000000000 ) ) ;
#1256 = CARTESIAN_POINT ( 'NONE',  ( -15.08230552318380724, 12.00000000000000000, -11.66922359359557326 ) ) ;
#1257 = B_SPLINE_CURVE_WITH_KNOTS ( 'NONE', 3,
 ( #1919, #1485, #1798, #577 ),
 .UNSPECIFIED., .F., .F.,
 ( 4, 4 ),
 ( 0.000000000000000000, 0.003422728267790941213 ),
 .UNSPECIFIED. ) ;
#1258 = ORIENTED_EDGE ( 'NONE', *, *, #1663, .F. ) ;
#1259 = AXIS2_PLACEMENT_3D ( 'NONE', #179, #1118, #497 ) ;
#1260 = AXIS2_PLACEMENT_3D ( 'NONE', #1494, #459, #1386 ) ;
#1261 = CARTESIAN_POINT ( 'NONE',  ( -2.449999999999998845, 12.00000000000000000, -11.50000000000000000 ) ) ;
#1262 = VERTEX_POINT ( 'NONE', #272 ) ;
#1263 = ORIENTED_EDGE ( 'NONE', *, *, #1756, .T. ) ;
#1264 = AXIS2_PLACEMENT_3D ( 'NONE', #1834, #332, #1853 ) ;
#1265 = DIRECTION ( 'NONE',  ( -0.6246950475544241765, 0.000000000000000000, -0.7808688094430303872 ) ) ;
#1266 = CARTESIAN_POINT ( 'NONE',  ( -28.34044195356221962, 2.278713994339015336, 5.844495865134561541 ) ) ;
#1267 = ORIENTED_EDGE ( 'NONE', *, *, #1756, .F. ) ;
#1268 = DIRECTION ( 'NONE',  ( -0.8660254037844417052, 0.4999999999999947820, 0.000000000000000000 ) ) ;
#1269 = EDGE_CURVE ( 'NONE', #929, #1893, #1017, .T. ) ;
#1270 = ORIENTED_EDGE ( 'NONE', *, *, #709, .F. ) ;
#1271 = ORIENTED_EDGE ( 'NONE', *, *, #402, .T. ) ;
#1272 = LINE ( 'NONE', #657, #1684 ) ;
#1273 = VERTEX_POINT ( 'NONE', #97 ) ;
#1274 = ORIENTED_EDGE ( 'NONE', *, *, #1786, .T. ) ;
#1275 = DIRECTION ( 'NONE',  ( -0.6246950475544241765, 0.000000000000000000, 0.7808688094430303872 ) ) ;
#1276 = CARTESIAN_POINT ( 'NONE',  ( -8.500000000000000000, 9.400000000000000355, -9.000000000000000000 ) ) ;
#1277 = ORIENTED_EDGE ( 'NONE', *, *, #1181, .T. ) ;
#1278 = ORIENTED_EDGE ( 'NONE', *, *, #803, .T. ) ;
#1279 = SHAPE_DEFINITION_REPRESENTATION ( #720, #359 ) ;
#1280 = DIRECTION ( 'NONE',  ( 0.7808688094430303872, 0.000000000000000000, -0.6246950475544241765 ) ) ;
#1281 = EDGE_LOOP ( 'NONE', ( #140, #173, #190, #1887 ) ) ;
#1282 = CARTESIAN_POINT ( 'NONE',  ( 15.00000000000000000, 12.00000000000000000, 9.000000000000000000 ) ) ;
#1283 = VECTOR ( 'NONE', #515, 1000.000000000000000 ) ;
#1284 = EDGE_CURVE ( 'NONE', #1733, #189, #1772, .T. ) ;
#1285 = ORIENTED_EDGE ( 'NONE', *, *, #1719, .F. ) ;
#1286 = ORIENTED_EDGE ( 'NONE', *, *, #1248, .T. ) ;
#1287 = CARTESIAN_POINT ( 'NONE',  ( 10.49999999999999822, 12.00000000000000000, 11.49999999999999822 ) ) ;
#1288 = DIRECTION ( 'NONE',  ( 0.000000000000000000, 1.000000000000000000, -1.624745375527012597E-16 ) ) ;
#1289 = ORIENTED_EDGE ( 'NONE', *, *, #733, .T. ) ;
#1290 = CARTESIAN_POINT ( 'NONE',  ( 40.25010000000001753, 12.00000000000000000, 2.304886114323221324 ) ) ;
#1291 = CARTESIAN_POINT ( 'NONE',  ( 31.91666666666667496, 0.000000000000000000, -5.733333333333329840 ) ) ;
#1292 = EDGE_LOOP ( 'NONE', ( #1801, #985, #616, #495, #1535, #1160 ) ) ;
#1293 = VERTEX_POINT ( 'NONE', #877 ) ;
#1294 = CARTESIAN_POINT ( 'NONE',  ( 40.25010000000001753, 13.50000000000000000, 0.000000000000000000 ) ) ;
#1295 = VECTOR ( 'NONE', #1471, 1000.000000000000000 ) ;
#1296 = VECTOR ( 'NONE', #683, 1000.000000000000000 ) ;
#1297 = VECTOR ( 'NONE', #1461, 1000.000000000000000 ) ;
#1298 = LINE ( 'NONE', #1322, #967 ) ;
#1299 = CARTESIAN_POINT ( 'NONE',  ( -15.10505332788500787, 6.952741066975561601, -10.40740886033947454 ) ) ;
#1300 = FACE_OUTER_BOUND ( 'NONE', #1454, .T. ) ;
#1301 = EDGE_CURVE ( 'NONE', #1414, #544, #1796, .T. ) ;
#1302 = ORIENTED_EDGE ( 'NONE', *, *, #185, .F. ) ;
#1303 = VERTEX_POINT ( 'NONE', #118 ) ;
#1304 = DIRECTION ( 'NONE',  ( -0.000000000000000000, 0.000000000000000000, -1.000000000000000000 ) ) ;
#1305 = EDGE_CURVE ( 'NONE', #929, #744, #1761, .T. ) ;
#1306 = CARTESIAN_POINT ( 'NONE',  ( 23.17535149018718243, 0.8609453828262981778, 6.914218457977680643 ) ) ;
#1307 = ADVANCED_FACE ( 'NONE', ( #1484 ), #586, .F. ) ;
#1308 = PLANE ( 'NONE',  #1871 ) ;
#1309 = DIRECTION ( 'NONE',  ( 0.8944271909999158554, 0.4472135954999579277, 0.000000000000000000 ) ) ;
#1310 = ORIENTED_EDGE ( 'NONE', *, *, #1245, .F. ) ;
#1311 = PRESENTATION_LAYER_ASSIGNMENT (  '', '', ( #1582 ) ) ;
#1312 = ORIENTED_EDGE ( 'NONE', *, *, #870, .T. ) ;
#1313 = LINE ( 'NONE', #556, #211 ) ;
#1314 = CARTESIAN_POINT ( 'NONE',  ( 2.449999999999999289, 9.400000000000000355, -11.49999999999999822 ) ) ;
#1315 = CARTESIAN_POINT ( 'NONE',  ( 15.24999999999999467, 12.00000000000000000, -12.69999999999999929 ) ) ;
#1316 = CARTESIAN_POINT ( 'NONE',  ( 0.000000000000000000, 0.000000000000000000, 0.000000000000000000 ) ) ;
#1317 = CARTESIAN_POINT ( 'NONE',  ( 31.91666666666665719, 12.00000000000000000, 6.733333333333341386 ) ) ;
#1318 = EDGE_CURVE ( 'NONE', #523, #1717, #741, .T. ) ;
#1319 = ADVANCED_FACE ( 'NONE', ( #443 ), #1167, .F. ) ;
#1320 = LINE ( 'NONE', #533, #1781 ) ;
#1321 = PLANE ( 'NONE',  #267 ) ;
#1322 = CARTESIAN_POINT ( 'NONE',  ( -4.449999999999999289, 9.400000000000000355, 9.000000000000000000 ) ) ;
#1323 = ORIENTED_EDGE ( 'NONE', *, *, #676, .F. ) ;
#1324 = AXIS2_PLACEMENT_3D ( 'NONE', #1237, #489, #641 ) ;
#1325 = CARTESIAN_POINT ( 'NONE',  ( 39.25000000000000711, 12.00000000000000178, 3.045828660559338541 ) ) ;
#1326 = DIRECTION ( 'NONE',  ( -1.000000000000000000, 0.000000000000000000, 0.000000000000000000 ) ) ;
#1327 = CARTESIAN_POINT ( 'NONE',  ( 15.11846233335363365, 4.028353731305057472, -9.676312026421850732 ) ) ;
#1328 = CARTESIAN_POINT ( 'NONE',  ( -15.10918623850313303, 6.047256547093637025, 10.18103773036899540 ) ) ;
#1329 = DIRECTION ( 'NONE',  ( 1.000000000000000000, 0.000000000000000000, 0.000000000000000000 ) ) ;
#1330 = LINE ( 'NONE', #1473, #26 ) ;
#1331 = LINE ( 'NONE', #1438, #1389 ) ;
#1332 = B_SPLINE_CURVE_WITH_KNOTS ( 'NONE', 3,
 ( #1168, #701, #1317, #1910, #859, #1470 ),
 .UNSPECIFIED., .F., .F.,
 ( 4, 2, 4 ),
 ( 0.000000000000000000, 0.5000000000000000000, 1.000000000000000000 ),
 .UNSPECIFIED. ) ;
#1333 = CARTESIAN_POINT ( 'NONE',  ( 39.25000000000000000, 13.50000000000000000, 0.000000000000000000 ) ) ;
#1334 = PLANE ( 'NONE',  #392 ) ;
#1335 = CARTESIAN_POINT ( 'NONE',  ( 15.13248966257224026, 1.000000000000000666, -8.919223593595585697 ) ) ;
#1336 = ORIENTED_EDGE ( 'NONE', *, *, #880, .F. ) ;
#1337 = LINE ( 'NONE', #300, #1093 ) ;
#1338 = CARTESIAN_POINT ( 'NONE',  ( 15.10046277705893125, 7.962192679736913803, 10.65977176352980926 ) ) ;
#1339 = VERTEX_POINT ( 'NONE', #1460 ) ;
#1340 = CIRCLE ( 'NONE', #355, 2.750000000000000000 ) ;
#1341 = VECTOR ( 'NONE', #1927, 1000.000000000000000 ) ;
#1342 = CARTESIAN_POINT ( 'NONE',  ( 15.00000000000000000, 1.323105625617666758, -8.999999999999998224 ) ) ;
#1343 = CARTESIAN_POINT ( 'NONE',  ( -43.34199174141983235, 12.00000000000000000, 11.66922359359558392 ) ) ;
#1344 = B_SPLINE_CURVE_WITH_KNOTS ( 'NONE', 3,
 ( #1182, #1488, #1191, #1045 ),
 .UNSPECIFIED., .F., .F.,
 ( 4, 4 ),
 ( 0.000000000000000000, 0.01132130053024326712 ),
 .UNSPECIFIED. ) ;
#1345 = B_SPLINE_CURVE_WITH_KNOTS ( 'NONE', 3,
 ( #1547, #1700, #787, #1425 ),
 .UNSPECIFIED., .F., .F.,
 ( 4, 4 ),
 ( 0.000000000000000000, 0.01132130053024326365 ),
 .UNSPECIFIED. ) ;
#1346 = AXIS2_PLACEMENT_3D ( 'NONE', #1785, #560, #1909 ) ;
#1347 = ORIENTED_EDGE ( 'NONE', *, *, #1301, .T. ) ;
#1348 = FACE_OUTER_BOUND ( 'NONE', #1814, .T. ) ;
#1349 = CARTESIAN_POINT ( 'NONE',  ( 39.25000000000000000, 12.00000000000000000, 0.000000000000000000 ) ) ;
#1350 = VERTEX_POINT ( 'NONE', #715 ) ;
#1351 = DIRECTION ( 'NONE',  ( 0.000000000000000000, 0.000000000000000000, 1.000000000000000000 ) ) ;
#1352 = CARTESIAN_POINT ( 'NONE',  ( -4.449999999999999289, 12.00000000000000000, -9.000000000000000000 ) ) ;
#1353 = DIRECTION ( 'NONE',  ( -1.000000000000000000, 0.000000000000000000, 0.000000000000000000 ) ) ;
#1354 = CARTESIAN_POINT ( 'NONE',  ( 15.24999999999999467, 12.00000000000000000, -12.69999999999999929 ) ) ;
#1355 = ORIENTED_EDGE ( 'NONE', *, *, #1437, .F. ) ;
#1356 = ORIENTED_EDGE ( 'NONE', *, *, #1003, .F. ) ;
#1357 = LINE ( 'NONE', #1957, #1767 ) ;
#1358 = CARTESIAN_POINT ( 'NONE',  ( -2.449999999999998845, 9.400000000000000355, -11.50000000000000000 ) ) ;
#1359 = ORIENTED_EDGE ( 'NONE', *, *, #802, .T. ) ;
#1360 = DIRECTION ( 'NONE',  ( -0.000000000000000000, -0.000000000000000000, -1.000000000000000000 ) ) ;
#1361 = ORIENTED_EDGE ( 'NONE', *, *, #1701, .F. ) ;
#1362 = ADVANCED_FACE ( 'NONE', ( #568 ), #1334, .T. ) ;
#1363 = CARTESIAN_POINT ( 'NONE',  ( -15.08230552318380546, 12.00000000000000533, 11.66922359359558214 ) ) ;
#1364 = EDGE_CURVE ( 'NONE', #1421, #984, #1918, .T. ) ;
#1365 = CARTESIAN_POINT ( 'NONE',  ( 0.000000000000000000, 1.000000000000000000, 0.000000000000000000 ) ) ;
#1366 = CARTESIAN_POINT ( 'NONE',  ( 20.99999999999999645, 3.999999999999998224, 5.000000000000000000 ) ) ;
#1367 = CARTESIAN_POINT ( 'NONE',  ( 39.25000000000000711, 8.577350269189629728, 3.022642127424433500 ) ) ;
#1368 = ORIENTED_EDGE ( 'NONE', *, *, #60, .F. ) ;
#1369 = ORIENTED_EDGE ( 'NONE', *, *, #364, .F. ) ;
#1370 = ORIENTED_EDGE ( 'NONE', *, *, #446, .T. ) ;
#1371 = FACE_OUTER_BOUND ( 'NONE', #221, .T. ) ;
#1372 = DIRECTION ( 'NONE',  ( -0.000000000000000000, 1.000000000000000000, -0.000000000000000000 ) ) ;
#1373 = CARTESIAN_POINT ( 'NONE',  ( -23.58333333333332149, 12.00000000000000000, 9.716666666666672114 ) ) ;
#1374 = CARTESIAN_POINT ( 'NONE',  ( -15.08230552318380546, 12.00000000000000533, 11.66922359359558214 ) ) ;
#1375 = VECTOR ( 'NONE', #1238, 1000.000000000000000 ) ;
#1376 = CARTESIAN_POINT ( 'NONE',  ( 40.25000000000000000, 12.00000000000000000, -3.749999999999996891 ) ) ;
#1377 = CARTESIAN_POINT ( 'NONE',  ( -31.29920116416484888, 4.548701251425969261, -5.240541954731977370 ) ) ;
#1378 = CARTESIAN_POINT ( 'NONE',  ( 15.00000000000000000, 0.9999999999999988898, -5.000000000000000000 ) ) ;
#1379 = CARTESIAN_POINT ( 'NONE',  ( -4.449999999999999289, 9.400000000000000355, -9.000000000000000000 ) ) ;
#1380 = EDGE_LOOP ( 'NONE', ( #1114, #1236, #1555, #372 ) ) ;
#1381 = DIRECTION ( 'NONE',  ( -1.000000000000000000, -0.000000000000000000, -0.000000000000000000 ) ) ;
#1382 = ADVANCED_FACE ( 'NONE', ( #293 ), #1634, .T. ) ;
#1383 = DIRECTION ( 'NONE',  ( 0.000000000000000000, 0.000000000000000000, 1.000000000000000000 ) ) ;
#1384 = EDGE_CURVE ( 'NONE', #688, #653, #407, .T. ) ;
#1385 = EDGE_CURVE ( 'NONE', #1584, #1564, #252, .T. ) ;
#1386 = DIRECTION ( 'NONE',  ( -0.000000000000000000, 0.000000000000000000, -1.000000000000000000 ) ) ;
#1387 = CARTESIAN_POINT ( 'NONE',  ( 15.00000000000000000, 12.00000000000000000, -9.000000000000000000 ) ) ;
#1388 = CARTESIAN_POINT ( 'NONE',  ( -39.24999999999998579, 8.577350269189642162, -3.022642127424425951 ) ) ;
#1389 = VECTOR ( 'NONE', #1574, 999.9999999999998863 ) ;
#1390 = ORIENTED_EDGE ( 'NONE', *, *, #1852, .T. ) ;
#1391 = EDGE_CURVE ( 'NONE', #1656, #1570, #1028, .T. ) ;
#1392 = VECTOR ( 'NONE', #278, 1000.000000000000227 ) ;
#1393 = DIRECTION ( 'NONE',  ( -0.6246950475544239545, 0.000000000000000000, 0.7808688094430306093 ) ) ;
#1394 = ADVANCED_FACE ( 'NONE', ( #1041 ), #280, .T. ) ;
#1395 = EDGE_LOOP ( 'NONE', ( #1863, #394, #1902, #229 ) ) ;
#1396 = VERTEX_POINT ( 'NONE', #642 ) ;
#1397 = CARTESIAN_POINT ( 'NONE',  ( 31.05992616368430603, 2.694108396730666488, 6.215653323831481281 ) ) ;
#1398 = CARTESIAN_POINT ( 'NONE',  ( 8.499999999999998224, 12.00000000000000000, 8.999999999999998224 ) ) ;
#1399 = CARTESIAN_POINT ( 'NONE',  ( -39.25000000000000000, 12.00000000000000000, 2.304886114323221769 ) ) ;
#1400 = CARTESIAN_POINT ( 'NONE',  ( -8.499999999999998224, 12.00000000000000000, 8.999999999999996447 ) ) ;
#1401 = LINE ( 'NONE', #315, #1152 ) ;
#1402 = ORIENTED_EDGE ( 'NONE', *, *, #405, .T. ) ;
#1403 = PLANE ( 'NONE',  #734 ) ;
#1404 = ORIENTED_EDGE ( 'NONE', *, *, #259, .F. ) ;
#1405 = EDGE_LOOP ( 'NONE', ( #1106, #1729, #1799, #647, #1020 ) ) ;
#1406 = LINE ( 'NONE', #365, #829 ) ;
#1407 = CARTESIAN_POINT ( 'NONE',  ( 20.99999999999999645, 0.9999999999999983347, 5.000000000000000000 ) ) ;
#1408 = CARTESIAN_POINT ( 'NONE',  ( 15.00000000000000000, 12.00000000000000000, -9.000000000000000000 ) ) ;
#1409 = ORIENTED_EDGE ( 'NONE', *, *, #1578, .F. ) ;
#1410 = VECTOR ( 'NONE', #414, 999.9999999999998863 ) ;
#1411 = ADVANCED_FACE ( 'NONE', ( #23, #902, #148 ), #1840, .F. ) ;
#1412 = VECTOR ( 'NONE', #778, 1000.000000000000000 ) ;
#1413 = CARTESIAN_POINT ( 'NONE',  ( 39.25000000000000000, 0.000000000000000000, 0.000000000000000000 ) ) ;
#1414 = VERTEX_POINT ( 'NONE', #1399 ) ;
#1415 = EDGE_LOOP ( 'NONE', ( #1875, #588, #828, #204, #640, #1586, #1061, #121 ) ) ;
#1416 = FACE_OUTER_BOUND ( 'NONE', #731, .T. ) ;
#1417 = FACE_OUTER_BOUND ( 'NONE', #1694, .T. ) ;
#1418 = LINE ( 'NONE', #59, #562 ) ;
#1419 = VECTOR ( 'NONE', #1, 1000.000000000000000 ) ;
#1420 = ORIENTED_EDGE ( 'NONE', *, *, #958, .T. ) ;
#1421 = VERTEX_POINT ( 'NONE', #933 ) ;
#1422 = DIRECTION ( 'NONE',  ( -0.000000000000000000, -0.9701425001453318764, -0.2425356250363329136 ) ) ;
#1423 = ORIENTED_EDGE ( 'NONE', *, *, #1718, .T. ) ;
#1424 = EDGE_CURVE ( 'NONE', #544, #502, #540, .T. ) ;
#1425 = CARTESIAN_POINT ( 'NONE',  ( -15.13248966257224026, 1.000000000000001332, -8.919223593595585697 ) ) ;
#1426 = DIRECTION ( 'NONE',  ( -1.000000000000000000, 0.000000000000000000, 0.000000000000000000 ) ) ;
#1427 = EDGE_LOOP ( 'NONE', ( #994, #1800, #1208, #1278, #1961 ) ) ;
#1428 = ORIENTED_EDGE ( 'NONE', *, *, #402, .F. ) ;
#1429 = CARTESIAN_POINT ( 'NONE',  ( -14.92191345868694086, 12.22911071320744725, 11.78355714717020852 ) ) ;
#1430 = ORIENTED_EDGE ( 'NONE', *, *, #600, .T. ) ;
#1431 = PLANE ( 'NONE',  #1885 ) ;
#1432 = AXIS2_PLACEMENT_3D ( 'NONE', #406, #1156, #1890 ) ;
#1433 = VECTOR ( 'NONE', #1205, 1000.000000000000000 ) ;
#1434 = ORIENTED_EDGE ( 'NONE', *, *, #1571, .F. ) ;
#1435 = EDGE_LOOP ( 'NONE', ( #553, #210, #938, #1836, #695, #844, #1703, #1479 ) ) ;
#1436 = FACE_OUTER_BOUND ( 'NONE', #960, .T. ) ;
#1437 = EDGE_CURVE ( 'NONE', #1584, #1303, #1830, .T. ) ;
#1438 = CARTESIAN_POINT ( 'NONE',  ( 10.49999999999999822, 12.00000000000000000, -11.49999999999999822 ) ) ;
#1439 = EDGE_CURVE ( 'NONE', #1916, #1247, #1085, .T. ) ;
#1440 = EDGE_CURVE ( 'NONE', #523, #1953, #1076, .T. ) ;
#1441 = DIRECTION ( 'NONE',  ( 0.000000000000000000, -0.2425356250363328858, 0.9701425001453319874 ) ) ;
#1442 = DIRECTION ( 'NONE',  ( 0.000000000000000000, 0.000000000000000000, 1.000000000000000000 ) ) ;
#1443 = ADVANCED_FACE ( 'NONE', ( #784 ), #1670, .F. ) ;
#1444 = VERTEX_POINT ( 'NONE', #15 ) ;
#1445 = EDGE_CURVE ( 'NONE', #1421, #1584, #327, .T. ) ;
#1446 = ORIENTED_EDGE ( 'NONE', *, *, #1391, .T. ) ;
#1447 = ADVANCED_FACE ( 'NONE', ( #34 ), #265, .F. ) ;
#1448 = CARTESIAN_POINT ( 'NONE',  ( 14.98511981466930010, 4.699169213925342703, 9.880194378286986989 ) ) ;
#1449 = AXIS2_PLACEMENT_3D ( 'NONE', #416, #1480, #896 ) ;
#1450 = VECTOR ( 'NONE', #1755, 1000.000000000000000 ) ;
#1451 = CARTESIAN_POINT ( 'NONE',  ( 23.10827851286082080, 8.392702252320500378, 8.200975832397665144 ) ) ;
#1452 = CARTESIAN_POINT ( 'NONE',  ( -43.34199174141983235, 0.2425356250363329136, 8.729857499854668745 ) ) ;
#1453 = CARTESIAN_POINT ( 'NONE',  ( 23.58333333333339965, 12.00000000000000000, -9.716666666666643692 ) ) ;
#1454 = EDGE_LOOP ( 'NONE', ( #571, #1698, #519, #1402 ) ) ;
#1455 = VERTEX_POINT ( 'NONE', #601 ) ;
#1456 = CARTESIAN_POINT ( 'NONE',  ( 15.00000000000000000, 12.00000000000000000, 9.000000000000000000 ) ) ;
#1457 = CARTESIAN_POINT ( 'NONE',  ( 34.91922018934143779, 6.076973379704951661, -4.325741158009434706 ) ) ;
#1458 = EDGE_CURVE ( 'NONE', #1656, #1444, #1257, .T. ) ;
#1459 = LINE ( 'NONE', #1315, #1678 ) ;
#1460 = CARTESIAN_POINT ( 'NONE',  ( 2.449999999999999289, 9.400000000000000355, 11.49999999999999822 ) ) ;
#1461 = DIRECTION ( 'NONE',  ( 1.000000000000000000, 0.000000000000000000, -2.154935995002244899E-16 ) ) ;
#1462 = EDGE_CURVE ( 'NONE', #1102, #1225, #1054, .T. ) ;
#1463 = ORIENTED_EDGE ( 'NONE', *, *, #1864, .F. ) ;
#1464 = VECTOR ( 'NONE', #1221, 1000.000000000000000 ) ;
#1465 = PLANE ( 'NONE',  #1031 ) ;
#1466 = CARTESIAN_POINT ( 'NONE',  ( -35.68121656258917795, 5.362211652541794216, 5.113183495862435812 ) ) ;
#1467 = CARTESIAN_POINT ( 'NONE',  ( 10.49999999999999822, 12.00000000000000000, 11.49999999999999822 ) ) ;
#1468 = CARTESIAN_POINT ( 'NONE',  ( 35.22348123423836341, 12.00000000000000355, -4.487071038684748991 ) ) ;
#1469 = DIRECTION ( 'NONE',  ( -0.6246950475544241765, 0.000000000000000000, -0.7808688094430303872 ) ) ;
#1470 = CARTESIAN_POINT ( 'NONE',  ( 15.24999999999999467, 12.00000000000000000, 12.69999999999999929 ) ) ;
#1471 = DIRECTION ( 'NONE',  ( -1.000000000000000000, -0.000000000000000000, -0.000000000000000000 ) ) ;
#1472 = B_SPLINE_SURFACE_WITH_KNOTS ( 'NONE', 3, 1, ( 
 ( #429, #1047 ),
 ( #762, #1503 ),
 ( #1373, #1039 ),
 ( #279, #1643 ),
 ( #1513, #12 ),
 ( #133, #620 ) ),
 .UNSPECIFIED., .F., .F., .F.,
 ( 4, 2, 4 ),
 ( 2, 2 ),
 ( 0.000000000000000000, 0.5000000000000000000, 1.000000000000000000 ),
 ( 0.000000000000000000, 1.000000000000000000 ),
 .UNSPECIFIED. ) ;
#1473 = CARTESIAN_POINT ( 'NONE',  ( 26.12564434701767269, 1.000000000000000000, 0.000000000000000000 ) ) ;
#1474 = FACE_OUTER_BOUND ( 'NONE', #513, .T. ) ;
#1475 = VECTOR ( 'NONE', #599, 999.9999999999998863 ) ;
#1476 = CARTESIAN_POINT ( 'NONE',  ( 19.11165021111711937, 12.00000000000000711, 10.23590060234406174 ) ) ;
#1477 = DIRECTION ( 'NONE',  ( 0.000000000000000000, 0.000000000000000000, 1.000000000000000000 ) ) ;
#1478 = CARTESIAN_POINT ( 'NONE',  ( 19.41666666666665719, 0.000000000000000000, 8.708333333333335702 ) ) ;
#1479 = ORIENTED_EDGE ( 'NONE', *, *, #1908, .F. ) ;
#1480 = DIRECTION ( 'NONE',  ( -0.7808688094430303872, 0.000000000000000000, -0.6246950475544242876 ) ) ;
#1481 = DIRECTION ( 'NONE',  ( 0.000000000000000000, -1.000000000000000000, 0.000000000000000000 ) ) ;
#1482 = DIRECTION ( 'NONE',  ( -0.000000000000000000, 0.000000000000000000, 1.000000000000000000 ) ) ;
#1483 = DIRECTION ( 'NONE',  ( 0.000000000000000000, 1.000000000000000000, 0.000000000000000000 ) ) ;
#1484 = FACE_OUTER_BOUND ( 'NONE', #769, .T. ) ;
#1485 = CARTESIAN_POINT ( 'NONE',  ( 39.25000000000000000, 10.85911565250079569, -3.038264521356042192 ) ) ;
#1486 = ORIENTED_EDGE ( 'NONE', *, *, #1462, .T. ) ;
#1487 = CARTESIAN_POINT ( 'NONE',  ( -40.25000000000000000, 12.00000000000000000, 3.750000000000003109 ) ) ;
#1488 = CARTESIAN_POINT ( 'NONE',  ( 18.79730078519908787, 0.9999999999999991118, 8.018959396859671074 ) ) ;
#1489 = CARTESIAN_POINT ( 'NONE',  ( -2.449999999999998845, 9.400000000000000355, 11.50000000000000000 ) ) ;
#1490 = ORIENTED_EDGE ( 'NONE', *, *, #388, .T. ) ;
#1491 = VECTOR ( 'NONE', #1068, 1000.000000000000000 ) ;
#1492 = AXIS2_PLACEMENT_3D ( 'NONE', #1099, #1538, #785 ) ;
#1493 = DIRECTION ( 'NONE',  ( -1.000000000000000000, 0.000000000000000000, 0.000000000000000000 ) ) ;
#1494 = CARTESIAN_POINT ( 'NONE',  ( -39.25000000000000000, 0.000000000000000000, 0.000000000000000000 ) ) ;
#1495 = CARTESIAN_POINT ( 'NONE',  ( 15.11381145395093206, 5.037805083376318827, -9.928674864439665626 ) ) ;
#1496 = ORIENTED_EDGE ( 'NONE', *, *, #870, .F. ) ;
#1497 = LINE ( 'NONE', #452, #322 ) ;
#1498 = EDGE_CURVE ( 'NONE', #222, #964, #1177, .T. ) ;
#1499 = PLANE ( 'NONE',  #833 ) ;
#1500 = VERTEX_POINT ( 'NONE', #1616 ) ;
#1501 = ADVANCED_FACE ( 'NONE', ( #1650 ), #1941, .T. ) ;
#1502 = DIRECTION ( 'NONE',  ( 0.8660254037844417052, 0.4999999999999947820, 0.000000000000000000 ) ) ;
#1503 = CARTESIAN_POINT ( 'NONE',  ( -19.41666666666665719, 0.000000000000000000, 8.708333333333335702 ) ) ;
#1504 = CARTESIAN_POINT ( 'NONE',  ( -15.12778975555555938, 2.009451138298830930, 9.171586378170296427 ) ) ;
#1505 = CARTESIAN_POINT ( 'NONE',  ( 23.58333333333339965, 12.00000000000000000, -9.716666666666643692 ) ) ;
#1506 = CARTESIAN_POINT ( 'NONE',  ( 15.00000000000000000, 0.000000000000000000, 0.000000000000000000 ) ) ;
#1507 = FACE_OUTER_BOUND ( 'NONE', #1380, .T. ) ;
#1508 = CARTESIAN_POINT ( 'NONE',  ( -39.25000000000000000, 12.00000000000000000, -2.304886114323221769 ) ) ;
#1509 = VERTEX_POINT ( 'NONE', #1354 ) ;
#1510 = ORIENTED_EDGE ( 'NONE', *, *, #941, .T. ) ;
#1511 = DIRECTION ( 'NONE',  ( -0.000000000000000000, -0.000000000000000000, 1.000000000000000000 ) ) ;
#1512 = CARTESIAN_POINT ( 'NONE',  ( 22.67906235963249273, 0.000000000000000000, 7.931883158407464940 ) ) ;
#1513 = CARTESIAN_POINT ( 'NONE',  ( -36.08333333333332860, 12.00000000000000000, 5.241666666666672469 ) ) ;
#1514 = LINE ( 'NONE', #622, #1297 ) ;
#1515 = CARTESIAN_POINT ( 'NONE',  ( 40.25000000000000000, 8.000000000000000000, 3.750000000000001776 ) ) ;
#1516 = CARTESIAN_POINT ( 'NONE',  ( -31.23463092308558586, 12.08170357366846304, -5.915761821694079714 ) ) ;
#1517 = DIRECTION ( 'NONE',  ( -1.000000000000000000, 1.084202172485504681E-16, 0.000000000000000000 ) ) ;
#1518 = FACE_OUTER_BOUND ( 'NONE', #1859, .T. ) ;
#1519 = EDGE_CURVE ( 'NONE', #1732, #324, #126, .T. ) ;
#1520 = ORIENTED_EDGE ( 'NONE', *, *, #389, .T. ) ;
#1521 = VERTEX_POINT ( 'NONE', #263 ) ;
#1522 = EDGE_CURVE ( 'NONE', #1293, #744, #867, .T. ) ;
#1523 = FACE_OUTER_BOUND ( 'NONE', #927, .T. ) ;
#1524 = EDGE_CURVE ( 'NONE', #666, #163, #295, .T. ) ;
#1525 = CARTESIAN_POINT ( 'NONE',  ( 15.25000000000000533, 0.000000000000000000, 9.700000000000001066 ) ) ;
#1526 = AXIS2_PLACEMENT_3D ( 'NONE', #1506, #481, #1681 ) ;
#1527 = AXIS2_PLACEMENT_3D ( 'NONE', #1077, #1671, #1255 ) ;
#1528 = CARTESIAN_POINT ( 'NONE',  ( -23.17535149018723217, 0.8609453828262969566, -6.914218457977671761 ) ) ;
#1529 = CARTESIAN_POINT ( 'NONE',  ( -15.13248966257224026, 1.000000000000001332, -8.919223593595585697 ) ) ;
#1530 = EDGE_CURVE ( 'NONE', #821, #363, #1196, .T. ) ;
#1531 = CARTESIAN_POINT ( 'NONE',  ( -30.54196664467681899, 3.549764867381627109, -5.392067199361738616 ) ) ;
#1532 = ORIENTED_EDGE ( 'NONE', *, *, #1628, .T. ) ;
#1533 = CARTESIAN_POINT ( 'NONE',  ( 10.49999999999999822, 9.400000000000000355, -11.49999999999999822 ) ) ;
#1534 = ORIENTED_EDGE ( 'NONE', *, *, #37, .T. ) ;
#1535 = ORIENTED_EDGE ( 'NONE', *, *, #1522, .T. ) ;
#1536 = DIRECTION ( 'NONE',  ( -0.000000000000000000, -0.000000000000000000, -1.000000000000000000 ) ) ;
#1537 = DIRECTION ( 'NONE',  ( 0.000000000000000000, 0.000000000000000000, -1.000000000000000000 ) ) ;
#1538 = DIRECTION ( 'NONE',  ( -0.000000000000000000, 0.000000000000000000, 1.000000000000000000 ) ) ;
#1539 = DIRECTION ( 'NONE',  ( 0.000000000000000000, 0.000000000000000000, 1.000000000000000000 ) ) ;
#1540 = AXIS2_PLACEMENT_3D ( 'NONE', #594, #1481, #428 ) ;
#1541 = CARTESIAN_POINT ( 'NONE',  ( -15.08230552318380724, 12.00000000000000000, -11.66922359359557326 ) ) ;
#1542 = VERTEX_POINT ( 'NONE', #904 ) ;
#1543 = VERTEX_POINT ( 'NONE', #281 ) ;
#1544 = PLANE ( 'NONE',  #1492 ) ;
#1545 = CARTESIAN_POINT ( 'NONE',  ( -15.25000000000000711, 0.000000000000000000, -9.700000000000004619 ) ) ;
#1546 = ORIENTED_EDGE ( 'NONE', *, *, #57, .F. ) ;
#1547 = CARTESIAN_POINT ( 'NONE',  ( -26.12564434701766913, 0.9999999999999997780, -6.213231025249929651 ) ) ;
#1548 = VERTEX_POINT ( 'NONE', #1367 ) ;
#1549 = ORIENTED_EDGE ( 'NONE', *, *, #723, .T. ) ;
#1550 = CARTESIAN_POINT ( 'NONE',  ( -39.49439073973647396, 0.7027472273232632238, 2.905550321321031859 ) ) ;
#1551 = DIRECTION ( 'NONE',  ( -1.000000000000000000, 0.000000000000000000, 0.000000000000000000 ) ) ;
#1552 = CARTESIAN_POINT ( 'NONE',  ( 2.449999999999999289, 9.400000000000000355, -11.49999999999999822 ) ) ;
#1553 = EDGE_LOOP ( 'NONE', ( #1712, #296, #613, #174 ) ) ;
#1554 = EDGE_CURVE ( 'NONE', #1576, #1096, #1662, .T. ) ;
#1555 = ORIENTED_EDGE ( 'NONE', *, *, #682, .T. ) ;
#1556 = PLANE ( 'NONE',  #287 ) ;
#1557 = VERTEX_POINT ( 'NONE', #1508 ) ;
#1558 = VERTEX_POINT ( 'NONE', #273 ) ;
#1559 = B_SPLINE_SURFACE_WITH_KNOTS ( 'NONE', 3, 3, ( 
 ( #1943, #590, #1667, #141 ),
 ( #1790, #918, #476, #1653 ),
 ( #1080, #436, #1044, #29 ),
 ( #164, #760, #1640, #172 ) ),
 .UNSPECIFIED., .F., .F., .F.,
 ( 4, 4 ),
 ( 4, 4 ),
 ( 0.000000000000000000, 0.9792931625678016339 ),
 ( 0.000000000000000000, 0.9418567284121071026 ),
 .UNSPECIFIED. ) ;
#1560 = DIRECTION ( 'NONE',  ( 0.000000000000000000, 0.9701425001453319874, -0.2425356250363326638 ) ) ;
#1561 = CARTESIAN_POINT ( 'NONE',  ( 20.99999999999999645, 3.999999999999998224, 5.000000000000000000 ) ) ;
#1562 = AXIS2_PLACEMENT_3D ( 'NONE', #408, #1049, #1178 ) ;
#1563 = ORIENTED_EDGE ( 'NONE', *, *, #1530, .T. ) ;
#1564 = VERTEX_POINT ( 'NONE', #1018 ) ;
#1565 = CARTESIAN_POINT ( 'NONE',  ( -31.33370921094312678, 0.7820081716977501651, 4.905141482742829240 ) ) ;
#1566 = ORIENTED_EDGE ( 'NONE', *, *, #1895, .F. ) ;
#1567 = DIRECTION ( 'NONE',  ( 0.000000000000000000, -0.000000000000000000, 1.000000000000000000 ) ) ;
#1568 = ADVANCED_FACE ( 'NONE', ( #1518 ), #1880, .F. ) ;
#1569 = ORIENTED_EDGE ( 'NONE', *, *, #110, .F. ) ;
#1570 = VERTEX_POINT ( 'NONE', #1042 ) ;
#1571 = EDGE_CURVE ( 'NONE', #1521, #1558, #1189, .T. ) ;
#1572 = EDGE_CURVE ( 'NONE', #376, #1396, #1686, .T. ) ;
#1573 = DIRECTION ( 'NONE',  ( -1.000000000000000000, -0.000000000000000000, -0.000000000000000000 ) ) ;
#1574 = DIRECTION ( 'NONE',  ( -0.6246950475544241765, 0.000000000000000000, 0.7808688094430303872 ) ) ;
#1575 = FACE_OUTER_BOUND ( 'NONE', #820, .T. ) ;
#1576 = VERTEX_POINT ( 'NONE', #626 ) ;
#1577 = CARTESIAN_POINT ( 'NONE',  ( -15.13248966257223316, 1.000000000000002665, 8.919223593595580368 ) ) ;
#1578 = EDGE_CURVE ( 'NONE', #1592, #40, #923, .T. ) ;
#1579 = VECTOR ( 'NONE', #582, 1000.000000000000000 ) ;
#1580 = CARTESIAN_POINT ( 'NONE',  ( 39.25000000000000000, 12.00000000000000000, 2.304886114323221769 ) ) ;
#1581 = EDGE_CURVE ( 'NONE', #664, #65, #775, .T. ) ;
#1582 = STYLED_ITEM ( 'NONE', ( #1820 ), #1856 ) ;
#1583 = AXIS2_PLACEMENT_3D ( 'NONE', #953, #661, #1551 ) ;
#1584 = VERTEX_POINT ( 'NONE', #1408 ) ;
#1585 = B_SPLINE_CURVE_WITH_KNOTS ( 'NONE', 3,
 ( #1388, #1232, #1101, #1531, #1241, #1087 ),
 .UNSPECIFIED., .F., .F.,
 ( 4, 2, 4 ),
 ( 0.000000000000000000, 0.007749124331874270716, 0.01549824866374854143 ),
 .UNSPECIFIED. ) ;
#1586 = ORIENTED_EDGE ( 'NONE', *, *, #1524, .T. ) ;
#1587 = PLANE ( 'NONE',  #180 ) ;
#1588 = AXIS2_PLACEMENT_3D ( 'NONE', #1413, #936, #509 ) ;
#1589 = CARTESIAN_POINT ( 'NONE',  ( 31.26606217553187150, 8.315253373001675996, 5.577565085444127213 ) ) ;
#1590 = CARTESIAN_POINT ( 'NONE',  ( -40.25000000000000000, 0.000000000000000000, 3.750000000000003109 ) ) ;
#1591 = CARTESIAN_POINT ( 'NONE',  ( 36.08333333333337123, 12.00000000000000000, -5.241666666666649377 ) ) ;
#1592 = VERTEX_POINT ( 'NONE', #794 ) ;
#1593 = EDGE_LOOP ( 'NONE', ( #434, #1874, #393 ) ) ;
#1594 = CARTESIAN_POINT ( 'NONE',  ( -39.24999999999998579, 8.577350269189642162, -3.022642127424425951 ) ) ;
#1595 = CARTESIAN_POINT ( 'NONE',  ( -15.25000000000001066, 12.00000000000000000, -12.69999999999999929 ) ) ;
#1596 = ADVANCED_FACE ( 'NONE', ( #1111 ), #1850, .F. ) ;
#1597 = CARTESIAN_POINT ( 'NONE',  ( -15.13248966257224026, 1.000000000000001332, -8.919223593595585697 ) ) ;
#1598 = CARTESIAN_POINT ( 'NONE',  ( -15.08965378234471899, 10.35223570770795298, 11.25728252052257261 ) ) ;
#1599 = ORIENTED_EDGE ( 'NONE', *, *, #1926, .T. ) ;
#1600 = B_SPLINE_CURVE_WITH_KNOTS ( 'NONE', 3,
 ( #1745, #226, #1605, #251, #857, #1468, #834 ),
 .UNSPECIFIED., .F., .F.,
 ( 4, 3, 4 ),
 ( 1.734723475976806902E-18, 0.01283004215082677799, 0.02566009665990220262 ),
 .UNSPECIFIED. ) ;
#1601 = ORIENTED_EDGE ( 'NONE', *, *, #658, .F. ) ;
#1602 = DIRECTION ( 'NONE',  ( -0.000000000000000000, 1.000000000000000000, -0.000000000000000000 ) ) ;
#1603 = CARTESIAN_POINT ( 'NONE',  ( -26.39359353944878706, 0.000000000000000000, 7.047824737611190216 ) ) ;
#1604 = CARTESIAN_POINT ( 'NONE',  ( -40.25000000000000000, 0.000000000000000000, -3.749999999999996447 ) ) ;
#1605 = CARTESIAN_POINT ( 'NONE',  ( 23.14031598743882512, 12.00000000000000000, -8.800692231430257806 ) ) ;
#1606 = CARTESIAN_POINT ( 'NONE',  ( 15.00000000000000000, 0.000000000000000000, 0.000000000000000000 ) ) ;
#1607 = DIRECTION ( 'NONE',  ( -0.000000000000000000, -0.000000000000000000, 1.000000000000000000 ) ) ;
#1608 = VECTOR ( 'NONE', #46, 1000.000000000000000 ) ;
#1609 = LINE ( 'NONE', #1904, #524 ) ;
#1610 = LINE ( 'NONE', #257, #1138 ) ;
#1611 = CARTESIAN_POINT ( 'NONE',  ( 31.23463092308551126, 12.08170357366846481, 5.915761821694118794 ) ) ;
#1612 = B_SPLINE_CURVE_WITH_KNOTS ( 'NONE', 3,
 ( #51, #484, #352, #202, #1685, #654 ),
 .UNSPECIFIED., .F., .F.,
 ( 4, 2, 4 ),
 ( 0.000000000000000000, 0.007748940789980245450, 0.01549788157996049090 ),
 .UNSPECIFIED. ) ;
#1613 = EDGE_CURVE ( 'NONE', #821, #1953, #1401, .T. ) ;
#1614 = CARTESIAN_POINT ( 'NONE',  ( 39.25000000000000711, 8.577350269189629728, 3.022642127424433500 ) ) ;
#1615 = CARTESIAN_POINT ( 'NONE',  ( -15.00000000000000000, 0.000000000000000000, 0.000000000000000000 ) ) ;
#1616 = CARTESIAN_POINT ( 'NONE',  ( 15.00000000000000000, 0.9999999999999988898, -5.000000000000000000 ) ) ;
#1617 = EDGE_LOOP ( 'NONE', ( #1532, #1126, #1258, #1843, #680 ) ) ;
#1618 = DIRECTION ( 'NONE',  ( -0.000000000000000000, 1.000000000000000000, -0.000000000000000000 ) ) ;
#1619 = DIRECTION ( 'NONE',  ( 0.7808688094430303872, 0.000000000000000000, -0.6246950475544241765 ) ) ;
#1620 = ORIENTED_EDGE ( 'NONE', *, *, #1803, .T. ) ;
#1621 = VECTOR ( 'NONE', #116, 1000.000000000000000 ) ;
#1622 = VECTOR ( 'NONE', #1607, 1000.000000000000000 ) ;
#1623 = CARTESIAN_POINT ( 'NONE',  ( 40.25000000000000000, 12.00000000000000000, 2.786590742882148586 ) ) ;
#1624 = CARTESIAN_POINT ( 'NONE',  ( 39.25000000000000000, 12.00000000000000000, 0.000000000000000000 ) ) ;
#1625 = CARTESIAN_POINT ( 'NONE',  ( 15.12778975555556293, 2.009451138298829598, -9.171586378170292875 ) ) ;
#1626 = ORIENTED_EDGE ( 'NONE', *, *, #1519, .T. ) ;
#1627 = CARTESIAN_POINT ( 'NONE',  ( -40.25000000000000000, 12.00000000000000000, -3.749999999999996891 ) ) ;
#1628 = EDGE_CURVE ( 'NONE', #209, #1740, #1585, .T. ) ;
#1629 = DIRECTION ( 'NONE',  ( -0.8944271909999158554, 0.4472135954999579277, -0.000000000000000000 ) ) ;
#1630 = ORIENTED_EDGE ( 'NONE', *, *, #1852, .F. ) ;
#1631 = CARTESIAN_POINT ( 'NONE',  ( -39.25000000000000711, 8.577350269189629728, 3.022642127424433500 ) ) ;
#1632 = EDGE_CURVE ( 'NONE', #531, #1509, #1832, .T. ) ;
#1633 = CARTESIAN_POINT ( 'NONE',  ( -15.13248966257223316, 1.000000000000002665, 8.919223593595580368 ) ) ;
#1634 = PLANE ( 'NONE',  #225 ) ;
#1635 = DIRECTION ( 'NONE',  ( 0.000000000000000000, 0.000000000000000000, -1.000000000000000000 ) ) ;
#1636 = EDGE_CURVE ( 'NONE', #543, #502, #788, .T. ) ;
#1637 = ORIENTED_EDGE ( 'NONE', *, *, #1776, .T. ) ;
#1638 = EDGE_CURVE ( 'NONE', #838, #952, #472, .T. ) ;
#1639 = PRODUCT_RELATED_PRODUCT_CATEGORY ( 'part', '', ( #866 ) ) ;
#1640 = CARTESIAN_POINT ( 'NONE',  ( 39.45987058680744042, 4.470130364524845135, -2.933509619015086667 ) ) ;
#1641 = CARTESIAN_POINT ( 'NONE',  ( -15.00000000000000000, 1.000000000000000000, -5.000000000000000000 ) ) ;
#1642 = LINE ( 'NONE', #1489, #1165 ) ;
#1643 = CARTESIAN_POINT ( 'NONE',  ( -31.91666666666665009, 0.000000000000000000, 5.733333333333338722 ) ) ;
#1644 = VECTOR ( 'NONE', #25, 1000.000000000000000 ) ;
#1645 = VECTOR ( 'NONE', #1119, 1000.000000000000227 ) ;
#1646 = CARTESIAN_POINT ( 'NONE',  ( -15.11846233335363543, 4.028353731305061025, 9.676312026421848955 ) ) ;
#1647 = DIRECTION ( 'NONE',  ( -0.6246950475544239545, 0.000000000000000000, 0.7808688094430306093 ) ) ;
#1648 = CARTESIAN_POINT ( 'NONE',  ( 40.25000000000000000, 0.000000000000000000, 0.000000000000000000 ) ) ;
#1649 = CARTESIAN_POINT ( 'NONE',  ( -10.49999999999999822, 9.400000000000000355, -11.49999999999999822 ) ) ;
#1650 = FACE_OUTER_BOUND ( 'NONE', #449, .T. ) ;
#1651 = VERTEX_POINT ( 'NONE', #1683 ) ;
#1652 = EDGE_LOOP ( 'NONE', ( #1302, #906, #1827 ) ) ;
#1653 = CARTESIAN_POINT ( 'NONE',  ( 23.17535149018723217, 0.8609453828262969566, -6.914218457977671761 ) ) ;
#1654 = LINE ( 'NONE', #1036, #56 ) ;
#1655 = CARTESIAN_POINT ( 'NONE',  ( -26.12564434701767269, 0.9999999999999997780, 6.213231025249928763 ) ) ;
#1656 = VERTEX_POINT ( 'NONE', #330 ) ;
#1657 = EDGE_CURVE ( 'NONE', #1444, #1548, #483, .T. ) ;
#1658 = LINE ( 'NONE', #305, #236 ) ;
#1659 = LINE ( 'NONE', #632, #1375 ) ;
#1660 = CARTESIAN_POINT ( 'NONE',  ( -39.42672107535853598, 8.237505093030611292, -2.963093248931444545 ) ) ;
#1661 = CARTESIAN_POINT ( 'NONE',  ( -19.11164630550424093, 12.00000000000000000, -10.23590199165303183 ) ) ;
#1662 = LINE ( 'NONE', #421, #768 ) ;
#1663 = EDGE_CURVE ( 'NONE', #1210, #837, #976, .T. ) ;
#1664 = AXIS2_PLACEMENT_3D ( 'NONE', #529, #1426, #66 ) ;
#1665 = ORIENTED_EDGE ( 'NONE', *, *, #682, .F. ) ;
#1666 = ORIENTED_EDGE ( 'NONE', *, *, #1554, .T. ) ;
#1667 = CARTESIAN_POINT ( 'NONE',  ( 14.98511981466930187, 4.699169213925342703, -9.880194378286988766 ) ) ;
#1668 = DIRECTION ( 'NONE',  ( 0.8660254037844417052, 0.4999999999999947820, 0.000000000000000000 ) ) ;
#1669 = DIRECTION ( 'NONE',  ( -0.6246950475544239545, 0.000000000000000000, -0.7808688094430306093 ) ) ;
#1670 = PLANE ( 'NONE',  #1526 ) ;
#1671 = DIRECTION ( 'NONE',  ( -0.4472135954999579832, -0.8944271909999159664, 0.000000000000000000 ) ) ;
#1672 = CARTESIAN_POINT ( 'NONE',  ( 15.08965378234473853, 10.35223570770795121, -11.25728252052256906 ) ) ;
#1673 = ORIENTED_EDGE ( 'NONE', *, *, #694, .T. ) ;
#1674 = PLANE ( 'NONE',  #671 ) ;
#1675 = ORIENTED_EDGE ( 'NONE', *, *, #329, .T. ) ;
#1676 = VERTEX_POINT ( 'NONE', #243 ) ;
#1677 = CARTESIAN_POINT ( 'NONE',  ( 15.24999999999999467, 12.00000000000000000, 12.69999999999999929 ) ) ;
#1678 = VECTOR ( 'NONE', #1166, 1000.000000000000000 ) ;
#1679 = VECTOR ( 'NONE', #1275, 999.9999999999998863 ) ;
#1680 = CARTESIAN_POINT ( 'NONE',  ( 35.67839322768083576, 5.360581599372453709, -5.113932227558414034 ) ) ;
#1681 = DIRECTION ( 'NONE',  ( 0.000000000000000000, 0.000000000000000000, 1.000000000000000000 ) ) ;
#1682 = FACE_OUTER_BOUND ( 'NONE', #678, .T. ) ;
#1683 = CARTESIAN_POINT ( 'NONE',  ( -10.49999999999999822, 9.400000000000000355, 11.49999999999999822 ) ) ;
#1684 = VECTOR ( 'NONE', #812, 1000.000000000000000 ) ;
#1685 = CARTESIAN_POINT ( 'NONE',  ( 37.09350317200361502, 7.332296245039358951, 3.712100495904106623 ) ) ;
#1686 = B_SPLINE_CURVE_WITH_KNOTS ( 'NONE', 3,
 ( #1335, #1625, #892, #1327, #1495, #169, #786, #943, #1672, #767 ),
 .UNSPECIFIED., .F., .F.,
 ( 4, 3, 3, 4 ),
 ( 4.336808689942017736E-19, 0.003121587093610171150, 0.006243174187492135305, 0.01133865154543039003 ),
 .UNSPECIFIED. ) ;
#1687 = ORIENTED_EDGE ( 'NONE', *, *, #259, .T. ) ;
#1688 = ORIENTED_EDGE ( 'NONE', *, *, #941, .F. ) ;
#1689 = CARTESIAN_POINT ( 'NONE',  ( 40.25000000000000000, 12.00000000000000000, -2.304886114323221324 ) ) ;
#1690 = CARTESIAN_POINT ( 'NONE',  ( -40.25000000000000000, 12.00000000000000000, 3.750000000000003109 ) ) ;
#1691 = CARTESIAN_POINT ( 'NONE',  ( -15.09133971679752406, 9.981096151481326118, -11.16449763146591501 ) ) ;
#1692 = VECTOR ( 'NONE', #973, 1000.000000000000000 ) ;
#1693 = CARTESIAN_POINT ( 'NONE',  ( -8.499999999999998224, 9.400000000000000355, -8.999999999999996447 ) ) ;
#1694 = EDGE_LOOP ( 'NONE', ( #503, #131, #447, #64 ) ) ;
#1695 = EDGE_LOOP ( 'NONE', ( #975, #1161, #85, #818 ) ) ;
#1696 = CARTESIAN_POINT ( 'NONE',  ( -23.14115101895690074, 4.626959723893727450, 7.556807420718188339 ) ) ;
#1697 = DIRECTION ( 'NONE',  ( 0.4999999999999947820, 0.8660254037844417052, 0.000000000000000000 ) ) ;
#1698 = ORIENTED_EDGE ( 'NONE', *, *, #1091, .T. ) ;
#1699 = ADVANCED_FACE ( 'NONE', ( #848 ), #1308, .F. ) ;
#1700 = CARTESIAN_POINT ( 'NONE',  ( -22.46169466557174133, 0.9999999999999993339, -7.116994777724178434 ) ) ;
#1701 = EDGE_CURVE ( 'NONE', #952, #462, #1007, .T. ) ;
#1702 = EDGE_CURVE ( 'NONE', #1414, #1557, #1340, .T. ) ;
#1703 = ORIENTED_EDGE ( 'NONE', *, *, #1581, .T. ) ;
#1704 = ORIENTED_EDGE ( 'NONE', *, *, #391, .T. ) ;
#1705 = PLANE ( 'NONE',  #165 ) ;
#1706 = CARTESIAN_POINT ( 'NONE',  ( -39.42672107535854309, 8.237505093030611292, 2.963093248931449875 ) ) ;
#1707 = VERTEX_POINT ( 'NONE', #692 ) ;
#1708 = VECTOR ( 'NONE', #913, 999.9999999999998863 ) ;
#1709 = DIRECTION ( 'NONE',  ( -0.000000000000000000, -0.9701425001453319874, -0.2425356250363329136 ) ) ;
#1710 = LINE ( 'NONE', #687, #1692 ) ;
#1711 = EDGE_LOOP ( 'NONE', ( #1563, #1490, #747, #1274 ) ) ;
#1712 = ORIENTED_EDGE ( 'NONE', *, *, #508, .F. ) ;
#1713 = ORIENTED_EDGE ( 'NONE', *, *, #1003, .T. ) ;
#1714 = DIRECTION ( 'NONE',  ( 0.7808688094430303872, 0.000000000000000000, -0.6246950475544242876 ) ) ;
#1715 = EDGE_CURVE ( 'NONE', #827, #1509, #1459, .T. ) ;
#1716 = CARTESIAN_POINT ( 'NONE',  ( -14.95272333397801745, 8.464279078465889228, 10.83131930313061275 ) ) ;
#1717 = VERTEX_POINT ( 'NONE', #88 ) ;
#1718 = EDGE_CURVE ( 'NONE', #1592, #801, #997, .T. ) ;
#1719 = EDGE_CURVE ( 'NONE', #1273, #1548, #979, .T. ) ;
#1720 = PLANE ( 'NONE',  #842 ) ;
#1721 = EDGE_CURVE ( 'NONE', #1273, #1676, #80, .T. ) ;
#1722 = ORIENTED_EDGE ( 'NONE', *, *, #391, .F. ) ;
#1723 = AXIS2_PLACEMENT_3D ( 'NONE', #307, #903, #625 ) ;
#1724 = ORIENTED_EDGE ( 'NONE', *, *, #815, .T. ) ;
#1725 = VERTEX_POINT ( 'NONE', #685 ) ;
#1726 = CYLINDRICAL_SURFACE ( 'NONE', #1883, 2.750000000000000000 ) ;
#1727 = EDGE_CURVE ( 'NONE', #1414, #454, #378, .T. ) ;
#1728 = CARTESIAN_POINT ( 'NONE',  ( -15.01877765353564875, 0.9336823950708301734, 8.930577270699217252 ) ) ;
#1729 = ORIENTED_EDGE ( 'NONE', *, *, #430, .F. ) ;
#1730 = CARTESIAN_POINT ( 'NONE',  ( -15.10967090278971448, 5.943289570951963086, -10.15504598633357602 ) ) ;
#1731 = CARTESIAN_POINT ( 'NONE',  ( 19.41666666666671759, 12.00000000000000000, -11.20833333333331616 ) ) ;
#1732 = VERTEX_POINT ( 'NONE', #1577 ) ;
#1733 = VERTEX_POINT ( 'NONE', #982 ) ;
#1734 = PLANE ( 'NONE',  #1137 ) ;
#1735 = FACE_OUTER_BOUND ( 'NONE', #1405, .T. ) ;
#1736 = LINE ( 'NONE', #1174, #615 ) ;
#1737 = FACE_OUTER_BOUND ( 'NONE', #636, .T. ) ;
#1738 = CIRCLE ( 'NONE', #670, 2.750000000000000000 ) ;
#1739 = VECTOR ( 'NONE', #1831, 1000.000000000000000 ) ;
#1740 = VERTEX_POINT ( 'NONE', #559 ) ;
#1741 = ORIENTED_EDGE ( 'NONE', *, *, #1115, .F. ) ;
#1742 = ADVANCED_FACE ( 'NONE', ( #1879 ), #1753, .T. ) ;
#1743 = FACE_OUTER_BOUND ( 'NONE', #1749, .T. ) ;
#1744 = CARTESIAN_POINT ( 'NONE',  ( 26.39359353944880127, 0.000000000000000000, -7.047824737611185775 ) ) ;
#1745 = CARTESIAN_POINT ( 'NONE',  ( 15.08230552318380724, 12.00000000000000000, -11.66922359359557326 ) ) ;
#1746 = DIRECTION ( 'NONE',  ( -1.000000000000000000, 0.000000000000000000, 0.000000000000000000 ) ) ;
#1747 = B_SPLINE_SURFACE_WITH_KNOTS ( 'NONE', 3, 3, ( 
 ( #1429, #1716, #971, #1728 ),
 ( #980, #366, #1696, #1110 ),
 ( #54, #1139, #951, #1565 ),
 ( #356, #1706, #69, #1550 ) ),
 .UNSPECIFIED., .F., .F., .F.,
 ( 4, 4 ),
 ( 4, 4 ),
 ( 0.000000000000000000, 0.9792931625678017449 ),
 ( 0.000000000000000000, 0.9418567284121071026 ),
 .UNSPECIFIED. ) ;
#1748 = ORIENTED_EDGE ( 'NONE', *, *, #1022, .T. ) ;
#1749 = EDGE_LOOP ( 'NONE', ( #1599, #689, #1043, #924 ) ) ;
#1750 = CARTESIAN_POINT ( 'NONE',  ( 15.01877765353564875, 0.9336823950708301734, 8.930577270699217252 ) ) ;
#1751 = CARTESIAN_POINT ( 'NONE',  ( 15.10505332788500432, 6.952741066975576700, 10.40740886033947810 ) ) ;
#1752 = CARTESIAN_POINT ( 'NONE',  ( 18.96453117981628012, 0.000000000000000000, -8.815941579203729006 ) ) ;
#1753 = PLANE ( 'NONE',  #1432 ) ;
#1754 = DIRECTION ( 'NONE',  ( 5.782411586589356653E-16, -1.000000000000000000, 1.084202172485504434E-16 ) ) ;
#1755 = DIRECTION ( 'NONE',  ( -0.000000000000000000, -0.000000000000000000, 1.000000000000000000 ) ) ;
#1756 = EDGE_CURVE ( 'NONE', #1396, #1656, #1600, .T. ) ;
#1757 = DIRECTION ( 'NONE',  ( 0.000000000000000000, 0.000000000000000000, 1.000000000000000000 ) ) ;
#1758 = CARTESIAN_POINT ( 'NONE',  ( -40.25000000000000000, 8.000000000000000000, 3.750000000000001776 ) ) ;
#1759 = CARTESIAN_POINT ( 'NONE',  ( 39.39528106761701309, 12.00487374167038368, 2.993851344241553747 ) ) ;
#1760 = DIRECTION ( 'NONE',  ( -1.000000000000000000, 0.000000000000000000, 8.566535683836084989E-16 ) ) ;
#1761 = LINE ( 'NONE', #1188, #831 ) ;
#1762 = CARTESIAN_POINT ( 'NONE',  ( 10.49999999999999822, 9.400000000000000355, -11.49999999999999822 ) ) ;
#1763 = LINE ( 'NONE', #1920, #1622 ) ;
#1764 = B_SPLINE_CURVE_WITH_KNOTS ( 'NONE', 3,
 ( #570, #1504, #146, #1646, #1009, #1328, #750, #561, #1598, #1374 ),
 .UNSPECIFIED., .F., .F.,
 ( 4, 3, 3, 4 ),
 ( 1.734723475976807094E-18, 0.003121587093610171150, 0.006243174187492136172, 0.01133865154543039350 ),
 .UNSPECIFIED. ) ;
#1765 = ORIENTED_EDGE ( 'NONE', *, *, #1783, .F. ) ;
#1766 = VECTOR ( 'NONE', #587, 1000.000000000000000 ) ;
#1767 = VECTOR ( 'NONE', #603, 1000.000000000000000 ) ;
#1768 = DIRECTION ( 'NONE',  ( 1.000000000000000000, 0.000000000000000000, 0.000000000000000000 ) ) ;
#1769 = DIRECTION ( 'NONE',  ( 1.000000000000000000, 0.000000000000000000, 2.154935995002244899E-16 ) ) ;
#1770 = CARTESIAN_POINT ( 'NONE',  ( -19.41666666666671759, 12.00000000000000000, -11.20833333333331616 ) ) ;
#1771 = FILL_AREA_STYLE_COLOUR ( '', #578 ) ;
#1772 = LINE ( 'NONE', #576, #1433 ) ;
#1773 = CARTESIAN_POINT ( 'NONE',  ( -20.99999999999999645, 3.999999999999998224, 5.000000000000000000 ) ) ;
#1774 = EDGE_CURVE ( 'NONE', #531, #1130, #539, .T. ) ;
#1775 = ORIENTED_EDGE ( 'NONE', *, *, #43, .T. ) ;
#1776 = EDGE_CURVE ( 'NONE', #1570, #845, #1736, .T. ) ;
#1777 = EDGE_CURVE ( 'NONE', #1916, #1190, #990, .T. ) ;
#1778 = LINE ( 'NONE', #427, #1579 ) ;
#1779 = CARTESIAN_POINT ( 'NONE',  ( 15.09133971679753294, 9.981096151481340328, 11.16449763146591678 ) ) ;
#1780 = ORIENTED_EDGE ( 'NONE', *, *, #1248, .F. ) ;
#1781 = VECTOR ( 'NONE', #1913, 1000.000000000000000 ) ;
#1782 = VECTOR ( 'NONE', #13, 1000.000000000000000 ) ;
#1783 = EDGE_CURVE ( 'NONE', #544, #666, #7, .T. ) ;
#1784 = LINE ( 'NONE', #1065, #797 ) ;
#1785 = CARTESIAN_POINT ( 'NONE',  ( 2.449999999999999289, 9.400000000000000355, 11.49999999999999822 ) ) ;
#1786 = EDGE_CURVE ( 'NONE', #67, #821, #920, .T. ) ;
#1787 = CARTESIAN_POINT ( 'NONE',  ( 19.41666666666665719, 12.00000000000000000, 11.20833333333333748 ) ) ;
#1788 = ORIENTED_EDGE ( 'NONE', *, *, #1870, .T. ) ;
#1789 = VERTEX_POINT ( 'NONE', #1515 ) ;
#1790 = CARTESIAN_POINT ( 'NONE',  ( 23.07706807443807406, 12.15824765694662091, -8.846296030666094268 ) ) ;
#1791 = FACE_OUTER_BOUND ( 'NONE', #781, .T. ) ;
#1792 = ORIENTED_EDGE ( 'NONE', *, *, #1956, .T. ) ;
#1793 = CARTESIAN_POINT ( 'NONE',  ( -39.25000000000000000, 12.00000000000000178, -3.045828660559332324 ) ) ;
#1794 = CARTESIAN_POINT ( 'NONE',  ( 15.00000000000000000, 1.323105625617666758, -8.999999999999998224 ) ) ;
#1795 = SURFACE_SIDE_STYLE ('',( #419 ) ) ;
#1796 = LINE ( 'NONE', #136, #579 ) ;
#1797 = CARTESIAN_POINT ( 'NONE',  ( -23.14031598743882512, 12.00000000000000000, -8.800692231430257806 ) ) ;
#1798 = CARTESIAN_POINT ( 'NONE',  ( 39.25000000000000000, 9.718232373149861658, -3.030537406636081510 ) ) ;
#1799 = ORIENTED_EDGE ( 'NONE', *, *, #1721, .F. ) ;
#1800 = ORIENTED_EDGE ( 'NONE', *, *, #1073, .F. ) ;
#1801 = ORIENTED_EDGE ( 'NONE', *, *, #1048, .F. ) ;
#1802 = CARTESIAN_POINT ( 'NONE',  ( 22.46169466557174488, 0.9999999999999995559, -7.116994777724177546 ) ) ;
#1803 = EDGE_CURVE ( 'NONE', #170, #323, #1784, .T. ) ;
#1804 = LINE ( 'NONE', #871, #336 ) ;
#1805 = VECTOR ( 'NONE', #1539, 1000.000000000000000 ) ;
#1806 = DIRECTION ( 'NONE',  ( -0.000000000000000000, 1.000000000000000000, -0.000000000000000000 ) ) ;
#1807 = ORIENTED_EDGE ( 'NONE', *, *, #389, .F. ) ;
#1808 = EDGE_CURVE ( 'NONE', #1509, #593, #73, .T. ) ;
#1809 = CARTESIAN_POINT ( 'NONE',  ( 15.00000000000000000, 1.323105625617666758, 8.999999999999998224 ) ) ;
#1810 = CARTESIAN_POINT ( 'NONE',  ( 2.449999999999999289, 9.400000000000000355, 11.49999999999999822 ) ) ;
#1811 = CARTESIAN_POINT ( 'NONE',  ( 15.00000000000000000, 12.00000000000000000, -9.000000000000000000 ) ) ;
#1812 = LINE ( 'NONE', #460, #1948 ) ;
#1813 = CARTESIAN_POINT ( 'NONE',  ( 36.08333333333332149, 0.000000000000000000, 4.741666666666671581 ) ) ;
#1814 = EDGE_LOOP ( 'NONE', ( #346, #1267, #1133, #749, #1368 ) ) ;
#1815 = ORIENTED_EDGE ( 'NONE', *, *, #1242, .T. ) ;
#1816 = ORIENTED_EDGE ( 'NONE', *, *, #1498, .F. ) ;
#1817 = LINE ( 'NONE', #298, #987 ) ;
#1818 = DIRECTION ( 'NONE',  ( 0.4999999999999947820, -0.8660254037844417052, 0.000000000000000000 ) ) ;
#1819 = VECTOR ( 'NONE', #1482, 1000.000000000000000 ) ;
#1820 = PRESENTATION_STYLE_ASSIGNMENT (( #312 ) ) ;
#1821 = CARTESIAN_POINT ( 'NONE',  ( -23.10827851286090961, 8.392702252320500378, -8.200975832397638499 ) ) ;
#1822 = DIRECTION ( 'NONE',  ( -0.000000000000000000, -0.000000000000000000, -1.000000000000000000 ) ) ;
#1823 = CARTESIAN_POINT ( 'NONE',  ( -39.25000000000000711, 8.577350269189629728, 3.022642127424433500 ) ) ;
#1824 = VECTOR ( 'NONE', #1746, 1000.000000000000000 ) ;
#1825 = ORIENTED_EDGE ( 'NONE', *, *, #1911, .T. ) ;
#1826 = CARTESIAN_POINT ( 'NONE',  ( -20.99999999999999645, 1.000000000000000000, 5.000000000000000000 ) ) ;
#1827 = ORIENTED_EDGE ( 'NONE', *, *, #1926, .F. ) ;
#1828 = DIRECTION ( 'NONE',  ( -1.000000000000000000, 0.000000000000000000, 0.000000000000000000 ) ) ;
#1829 = CARTESIAN_POINT ( 'NONE',  ( 15.00000000000000000, 12.00000000000000000, 9.000000000000000000 ) ) ;
#1830 = LINE ( 'NONE', #610, #548 ) ;
#1831 = DIRECTION ( 'NONE',  ( 0.000000000000000000, -1.000000000000000000, -0.000000000000000000 ) ) ;
#1832 = LINE ( 'NONE', #48, #1900 ) ;
#1833 = ORIENTED_EDGE ( 'NONE', *, *, #1458, .T. ) ;
#1834 = CARTESIAN_POINT ( 'NONE',  ( 0.000000000000000000, 0.000000000000000000, -5.000000000000000000 ) ) ;
#1835 = ORIENTED_EDGE ( 'NONE', *, *, #600, .F. ) ;
#1836 = ORIENTED_EDGE ( 'NONE', *, *, #1439, .F. ) ;
#1837 = LINE ( 'NONE', #1250, #212 ) ;
#1838 = VECTOR ( 'NONE', #1477, 1000.000000000000000 ) ;
#1839 = APPLICATION_PROTOCOL_DEFINITION ( 'draft international standard', 'automotive_design', 1998, #262 ) ;
#1840 = PLANE ( 'NONE',  #646 ) ;
#1841 = DIRECTION ( 'NONE',  ( -0.000000000000000000, 1.000000000000000000, -0.000000000000000000 ) ) ;
#1842 = CARTESIAN_POINT ( 'NONE',  ( -37.09350317200361502, 7.332296245039358951, 3.712100495904106623 ) ) ;
#1843 = ORIENTED_EDGE ( 'NONE', *, *, #872, .T. ) ;
#1844 = AXIS2_PLACEMENT_3D ( 'NONE', #962, #58, #1560 ) ;
#1845 = DIRECTION ( 'NONE',  ( 0.000000000000000000, 0.9701425001453319874, -0.2425356250363326638 ) ) ;
#1846 = ORIENTED_EDGE ( 'NONE', *, *, #1424, .T. ) ;
#1847 = ORIENTED_EDGE ( 'NONE', *, *, #120, .T. ) ;
#1848 =( NAMED_UNIT ( * ) PLANE_ANGLE_UNIT ( ) SI_UNIT ( $, .RADIAN. ) );
#1849 = CARTESIAN_POINT ( 'NONE',  ( -15.00000000000000000, 1.323105625617666758, -8.999999999999998224 ) ) ;
#1850 = PLANE ( 'NONE',  #98 ) ;
#1851 = ORIENTED_EDGE ( 'NONE', *, *, #1808, .F. ) ;
#1852 = EDGE_CURVE ( 'NONE', #964, #688, #147, .T. ) ;
#1853 = DIRECTION ( 'NONE',  ( 1.000000000000000000, 0.000000000000000000, 0.000000000000000000 ) ) ;
#1854 = EDGE_LOOP ( 'NONE', ( #1082, #1434, #1807, #566 ) ) ;
#1855 = ORIENTED_EDGE ( 'NONE', *, *, #1385, .T. ) ;
#1856 = MANIFOLD_SOLID_BREP ( 'Mirror4', #707 ) ;
#1857 = CARTESIAN_POINT ( 'NONE',  ( 2.449999999999999289, 9.400000000000000355, -11.49999999999999822 ) ) ;
#1858 = LINE ( 'NONE', #505, #835 ) ;
#1859 = EDGE_LOOP ( 'NONE', ( #659, #584, #1404, #1673, #1815 ) ) ;
#1860 = ORIENTED_EDGE ( 'NONE', *, *, #347, .T. ) ;
#1861 = CARTESIAN_POINT ( 'NONE',  ( 15.24999999999999467, 0.000000000000000000, 9.700000000000001066 ) ) ;
#1862 = LINE ( 'NONE', #1123, #810 ) ;
#1863 = ORIENTED_EDGE ( 'NONE', *, *, #555, .F. ) ;
#1864 = EDGE_CURVE ( 'NONE', #1570, #739, #1738, .T. ) ;
#1865 = ORIENTED_EDGE ( 'NONE', *, *, #1783, .T. ) ;
#1866 = EDGE_CURVE ( 'NONE', #845, #1088, #855, .T. ) ;
#1867 = LINE ( 'NONE', #1109, #1608 ) ;
#1868 = LINE ( 'NONE', #375, #71 ) ;
#1869 = ORIENTED_EDGE ( 'NONE', *, *, #331, .T. ) ;
#1870 = EDGE_CURVE ( 'NONE', #1088, #808, #422, .T. ) ;
#1871 = AXIS2_PLACEMENT_3D ( 'NONE', #1452, #1441, #705 ) ;
#1872 = DIRECTION ( 'NONE',  ( 0.000000000000000000, -1.624745375527012597E-16, 1.000000000000000000 ) ) ;
#1873 = ADVANCED_FACE ( 'NONE', ( #623 ), #876, .T. ) ;
#1874 = ORIENTED_EDGE ( 'NONE', *, *, #1021, .T. ) ;
#1875 = ORIENTED_EDGE ( 'NONE', *, *, #675, .F. ) ;
#1876 = LINE ( 'NONE', #1456, #1295 ) ;
#1877 = PLANE ( 'NONE',  #129 ) ;
#1878 = VERTEX_POINT ( 'NONE', #1939 ) ;
#1879 = FACE_OUTER_BOUND ( 'NONE', #595, .T. ) ;
#1880 = B_SPLINE_SURFACE_WITH_KNOTS ( 'NONE', 3, 1, ( 
 ( #1930, #150 ),
 ( #1787, #1478 ),
 ( #119, #433 ),
 ( #5, #612 ),
 ( #716, #1813 ),
 ( #160, #461 ) ),
 .UNSPECIFIED., .F., .F., .F.,
 ( 4, 2, 4 ),
 ( 2, 2 ),
 ( 0.000000000000000000, 0.5000000000000000000, 1.000000000000000000 ),
 ( 0.000000000000000000, 1.000000000000000000 ),
 .UNSPECIFIED. ) ;
#1881 = CARTESIAN_POINT ( 'NONE',  ( 36.08333333333334281, 0.000000000000000000, -4.741666666666662699 ) ) ;
#1882 = VECTOR ( 'NONE', #1602, 1000.000000000000000 ) ;
#1883 = AXIS2_PLACEMENT_3D ( 'NONE', #1294, #1888, #1757 ) ;
#1884 = ORIENTED_EDGE ( 'NONE', *, *, #43, .F. ) ;
#1885 = AXIS2_PLACEMENT_3D ( 'NONE', #551, #1442, #510 ) ;
#1886 = ORIENTED_EDGE ( 'NONE', *, *, #1015, .F. ) ;
#1887 = ORIENTED_EDGE ( 'NONE', *, *, #1578, .T. ) ;
#1888 = DIRECTION ( 'NONE',  ( -1.000000000000000000, -0.000000000000000000, -0.000000000000000000 ) ) ;
#1889 = DIRECTION ( 'NONE',  ( -0.000000000000000000, -0.000000000000000000, -1.000000000000000000 ) ) ;
#1890 = DIRECTION ( 'NONE',  ( -0.000000000000000000, 0.000000000000000000, -1.000000000000000000 ) ) ;
#1891 = LINE ( 'NONE', #234, #1197 ) ;
#1892 = VERTEX_POINT ( 'NONE', #431 ) ;
#1893 = VERTEX_POINT ( 'NONE', #292 ) ;
#1894 = DIRECTION ( 'NONE',  ( -0.000000000000000000, -0.9701425001453318764, 0.2425356250363329136 ) ) ;
#1895 = EDGE_CURVE ( 'NONE', #1339, #67, #1040, .T. ) ;
#1896 = CARTESIAN_POINT ( 'NONE',  ( 10.49999999999999822, 9.400000000000000355, 11.49999999999999822 ) ) ;
#1897 = CARTESIAN_POINT ( 'NONE',  ( 39.25000000000000000, 9.718232373149866987, 3.030537406636086395 ) ) ;
#1898 = VECTOR ( 'NONE', #3, 1000.000000000000000 ) ;
#1899 = LINE ( 'NONE', #390, #340 ) ;
#1900 = VECTOR ( 'NONE', #652, 1000.000000000000000 ) ;
#1901 = VECTOR ( 'NONE', #344, 1000.000000000000000 ) ;
#1902 = ORIENTED_EDGE ( 'NONE', *, *, #536, .T. ) ;
#1903 = ORIENTED_EDGE ( 'NONE', *, *, #596, .T. ) ;
#1904 = CARTESIAN_POINT ( 'NONE',  ( 15.00000000000000000, 12.00000000000000000, -9.000000000000000000 ) ) ;
#1905 = CARTESIAN_POINT ( 'NONE',  ( 15.12481783761558951, 2.647762904208371015, 9.331164319647681893 ) ) ;
#1906 = FACE_OUTER_BOUND ( 'NONE', #1427, .T. ) ;
#1907 = CARTESIAN_POINT ( 'NONE',  ( 23.14032379736038436, 12.00000000000000711, 8.800689449141255949 ) ) ;
#1908 = EDGE_CURVE ( 'NONE', #827, #65, #1659, .T. ) ;
#1909 = DIRECTION ( 'NONE',  ( 1.000000000000000000, 0.000000000000000000, 0.000000000000000000 ) ) ;
#1910 = CARTESIAN_POINT ( 'NONE',  ( 23.58333333333332149, 12.00000000000000000, 9.716666666666672114 ) ) ;
#1911 = EDGE_CURVE ( 'NONE', #966, #1127, #1406, .T. ) ;
#1912 = AXIS2_PLACEMENT_3D ( 'NONE', #1649, #1067, #634 ) ;
#1913 = DIRECTION ( 'NONE',  ( -5.782411586589356653E-16, -1.000000000000000000, 1.084202172485504434E-16 ) ) ;
#1914 = PLANE ( 'NONE',  #940 ) ;
#1915 = CARTESIAN_POINT ( 'NONE',  ( 15.24999999999999467, 0.000000000000000000, -9.700000000000004619 ) ) ;
#1916 = VERTEX_POINT ( 'NONE', #932 ) ;
#1917 = CARTESIAN_POINT ( 'NONE',  ( -40.25000000000000000, 12.00000000000000000, -3.749999999999996891 ) ) ;
#1918 = LINE ( 'NONE', #1342, #1341 ) ;
#1919 = CARTESIAN_POINT ( 'NONE',  ( 39.25000000000000000, 12.00000000000000178, -3.045828660559332324 ) ) ;
#1920 = CARTESIAN_POINT ( 'NONE',  ( -26.39359353944878706, 0.000000000000000000, -10.00000000000000000 ) ) ;
#1921 = FACE_OUTER_BOUND ( 'NONE', #814, .T. ) ;
#1922 = CARTESIAN_POINT ( 'NONE',  ( -10.49999999999999822, 9.400000000000000355, 11.49999999999999822 ) ) ;
#1923 = CARTESIAN_POINT ( 'NONE',  ( -36.08333333333337123, 12.00000000000000000, -5.241666666666649377 ) ) ;
#1924 = EDGE_CURVE ( 'NONE', #838, #523, #348, .T. ) ;
#1925 = DIRECTION ( 'NONE',  ( -1.000000000000000000, 0.000000000000000000, 0.000000000000000000 ) ) ;
#1926 = EDGE_CURVE ( 'NONE', #1558, #283, #1867, .T. ) ;
#1927 = DIRECTION ( 'NONE',  ( -1.000000000000000000, -0.000000000000000000, -0.000000000000000000 ) ) ;
#1928 = B_SPLINE_SURFACE_WITH_KNOTS ( 'NONE', 3, 1, ( 
 ( #104, #1604 ),
 ( #1923, #574 ),
 ( #1164, #840 ),
 ( #1184, #704 ),
 ( #1770, #996 ),
 ( #1595, #418 ) ),
 .UNSPECIFIED., .F., .F., .F.,
 ( 4, 2, 4 ),
 ( 2, 2 ),
 ( 0.000000000000000000, 0.5000000000000000000, 1.000000000000000000 ),
 ( 0.000000000000000000, 1.000000000000000000 ),
 .UNSPECIFIED. ) ;
#1929 = EDGE_CURVE ( 'NONE', #1543, #917, #550, .T. ) ;
#1930 = CARTESIAN_POINT ( 'NONE',  ( 15.25000000000000711, 12.00000000000000000, 12.69999999999999929 ) ) ;
#1931 = EDGE_LOOP ( 'NONE', ( #1201, #1144, #1323, #1903 ) ) ;
#1932 = VECTOR ( 'NONE', #1219, 1000.000000000000000 ) ;
#1933 = VECTOR ( 'NONE', #1469, 999.9999999999998863 ) ;
#1934 = CARTESIAN_POINT ( 'NONE',  ( 4.450000000000000178, 9.400000000000000355, 8.999999999999998224 ) ) ;
#1935 = ADVANCED_FACE ( 'NONE', ( #207 ), #1705, .T. ) ;
#1936 = CARTESIAN_POINT ( 'NONE',  ( -39.25000000000000000, 10.85911565250080280, -3.038264521356042192 ) ) ;
#1937 = CARTESIAN_POINT ( 'NONE',  ( -26.12564434701767269, 0.9999999999999997780, 6.213231025249928763 ) ) ;
#1938 = VECTOR ( 'NONE', #1288, 1000.000000000000000 ) ;
#1939 = CARTESIAN_POINT ( 'NONE',  ( 2.449999999999999289, 9.400000000000000355, -11.49999999999999822 ) ) ;
#1940 = DIRECTION ( 'NONE',  ( 0.000000000000000000, -1.000000000000000000, 0.000000000000000000 ) ) ;
#1941 = PLANE ( 'NONE',  #321 ) ;
#1942 = ORIENTED_EDGE ( 'NONE', *, *, #329, .F. ) ;
#1943 = CARTESIAN_POINT ( 'NONE',  ( 14.92191345868694441, 12.22911071320744725, -11.78355714717020852 ) ) ;
#1944 = CARTESIAN_POINT ( 'NONE',  ( 15.13248966257223316, 1.000000000000002442, 8.919223593595576816 ) ) ;
#1945 = ORIENTED_EDGE ( 'NONE', *, *, #1522, .F. ) ;
#1946 = CARTESIAN_POINT ( 'NONE',  ( -2.449999999999998845, 9.400000000000000355, 11.50000000000000000 ) ) ;
#1947 = LINE ( 'NONE', #1794, #22 ) ;
#1948 = VECTOR ( 'NONE', #491, 1000.000000000000114 ) ;
#1949 = CARTESIAN_POINT ( 'NONE',  ( 40.25000000000000000, 12.00000000000000000, 3.268295371441074959 ) ) ;
#1950 = CARTESIAN_POINT ( 'NONE',  ( -2.449999999999998845, 12.00000000000000000, 11.50000000000000000 ) ) ;
#1951 = CARTESIAN_POINT ( 'NONE',  ( -40.25000000000000000, 8.000000000000000000, -10.00000000000000000 ) ) ;
#1952 = B_SPLINE_CURVE_WITH_KNOTS ( 'NONE', 3,
 ( #318, #128, #20, #638, #928, #732 ),
 .UNSPECIFIED., .F., .F.,
 ( 4, 2, 4 ),
 ( 0.000000000000000000, 0.008175233633316444926, 0.01635046726663288985 ),
 .UNSPECIFIED. ) ;
#1953 = VERTEX_POINT ( 'NONE', #1398 ) ;
#1954 = ORIENTED_EDGE ( 'NONE', *, *, #759, .T. ) ;
#1955 = ORIENTED_EDGE ( 'NONE', *, *, #800, .T. ) ;
#1956 = EDGE_CURVE ( 'NONE', #1878, #30, #970, .T. ) ;
#1957 = CARTESIAN_POINT ( 'NONE',  ( 20.99999999999999645, 0.9999999999999983347, -5.000000000000000000 ) ) ;
#1958 = LINE ( 'NONE', #1060, #337 ) ;
#1959 = ORIENTED_EDGE ( 'NONE', *, *, #1524, .F. ) ;
#1960 = PLANE ( 'NONE',  #591 ) ;
#1961 = ORIENTED_EDGE ( 'NONE', *, *, #1581, .F. ) ;
ENDSEC;
END-ISO-10303-21;
