ISO-10303-21;
HEADER;
FILE_DESCRIPTION (( 'STEP AP203' ),
    '1' );
FILE_NAME ('Corner Bracket with Magnet Bottom V2.STEP',
    '2025-10-10T18:28:39',
    ( '' ),
    ( '' ),
    'SwSTEP 2.0',
    'SolidWorks 2025',
    '' );
FILE_SCHEMA (( 'CONFIG_CONTROL_DESIGN' ));
ENDSEC;

DATA;
#1 = ORIENTED_EDGE ( 'NONE', *, *, #612, .F. ) ;
#2 = LINE ( 'NONE', #13, #1485 ) ;
#3 = FACE_OUTER_BOUND ( 'NONE', #974, .T. ) ;
#4 = CARTESIAN_POINT ( 'NONE',  ( 46.74999999999998579, 18.97533188057740716, 75.84999999999998010 ) ) ;
#5 = EDGE_CURVE ( 'NONE', #618, #663, #519, .T. ) ;
#6 = ORIENTED_EDGE ( 'NONE', *, *, #51, .F. ) ;
#7 = ORIENTED_EDGE ( 'NONE', *, *, #985, .F. ) ;
#8 = FACE_OUTER_BOUND ( 'NONE', #153, .T. ) ;
#9 = DIRECTION ( 'NONE',  ( 0.000000000000000000, 0.000000000000000000, -1.000000000000000000 ) ) ;
#10 = LINE ( 'NONE', #490, #1028 ) ;
#11 = EDGE_LOOP ( 'NONE', ( #1535, #162, #575, #420 ) ) ;
#12 = ORIENTED_EDGE ( 'NONE', *, *, #51, .T. ) ;
#13 = CARTESIAN_POINT ( 'NONE',  ( 20.00000000000000000, -9.999999999999994671, 18.99999999999999645 ) ) ;
#14 = CIRCLE ( 'NONE', #1534, 3.000000000000000888 ) ;
#15 = DIRECTION ( 'NONE',  ( 0.000000000000000000, -0.000000000000000000, 1.000000000000000000 ) ) ;
#16 = CYLINDRICAL_SURFACE ( 'NONE', #547, 4.500000000000000888 ) ;
#17 = CIRCLE ( 'NONE', #350, 4.500000000000003553 ) ;
#18 = VECTOR ( 'NONE', #786, 1000.000000000000000 ) ;
#19 = CARTESIAN_POINT ( 'NONE',  ( 25.74999999999998934, -9.999999999999994671, 78.49999999999998579 ) ) ;
#20 = VECTOR ( 'NONE', #383, 1000.000000000000000 ) ;
#21 = EDGE_CURVE ( 'NONE', #1147, #631, #1100, .T. ) ;
#22 = ORIENTED_EDGE ( 'NONE', *, *, #163, .T. ) ;
#23 = DIRECTION ( 'NONE',  ( -0.000000000000000000, 1.000000000000000000, -0.000000000000000000 ) ) ;
#24 = EDGE_LOOP ( 'NONE', ( #864, #465, #426, #1142 ) ) ;
#25 = PLANE ( 'NONE',  #1186 ) ;
#26 = DIRECTION ( 'NONE',  ( -1.000000000000000000, -0.000000000000000000, -0.000000000000000000 ) ) ;
#27 = CARTESIAN_POINT ( 'NONE',  ( 25.74999999999998934, 18.97533188057740716, 75.84999999999998010 ) ) ;
#28 = CARTESIAN_POINT ( 'NONE',  ( 25.74999999999998934, 5.000000000000004441, 78.49999999999998579 ) ) ;
#29 = EDGE_CURVE ( 'NONE', #1169, #665, #1179, .T. ) ;
#30 = VERTEX_POINT ( 'NONE', #1344 ) ;
#31 = CARTESIAN_POINT ( 'NONE',  ( 2.000000000000000000, 11.48000000000000398, 6.000000000000005329 ) ) ;
#32 = VERTEX_POINT ( 'NONE', #1237 ) ;
#33 =( LENGTH_UNIT ( ) NAMED_UNIT ( * ) SI_UNIT ( .MILLI., .METRE. ) );
#34 = CARTESIAN_POINT ( 'NONE',  ( 42.67500000000000426, 1.480000000000005533, 17.32999999999999474 ) ) ;
#35 = DIRECTION ( 'NONE',  ( 0.000000000000000000, 0.000000000000000000, -1.000000000000000000 ) ) ;
#36 = EDGE_LOOP ( 'NONE', ( #897, #1213, #755, #1017 ) ) ;
#37 = ORIENTED_EDGE ( 'NONE', *, *, #1302, .F. ) ;
#38 = DIRECTION ( 'NONE',  ( 0.000000000000000000, -1.000000000000000000, 0.000000000000000000 ) ) ;
#39 = ADVANCED_FACE ( 'NONE', ( #989, #139 ), #133, .T. ) ;
#40 = ORIENTED_EDGE ( 'NONE', *, *, #1442, .F. ) ;
#41 = CARTESIAN_POINT ( 'NONE',  ( 10.00000000000000000, -3.999999999999994671, 38.99999999999999289 ) ) ;
#42 = AXIS2_PLACEMENT_3D ( 'NONE', #446, #562, #814 ) ;
#43 = CARTESIAN_POINT ( 'NONE',  ( 0.000000000000000000, 0.000000000000000000, 0.000000000000000000 ) ) ;
#44 = EDGE_LOOP ( 'NONE', ( #263, #1198, #89, #393 ) ) ;
#45 = DIRECTION ( 'NONE',  ( -0.000000000000000000, -1.000000000000000000, -0.000000000000000000 ) ) ;
#46 = AXIS2_PLACEMENT_3D ( 'NONE', #106, #1322, #715 ) ;
#47 = VECTOR ( 'NONE', #1496, 1000.000000000000000 ) ;
#48 = ORIENTED_EDGE ( 'NONE', *, *, #596, .F. ) ;
#49 = APPROVAL_STATUS ( 'not_yet_approved' ) ;
#50 = DIRECTION ( 'NONE',  ( -1.000000000000000000, 0.000000000000000000, 0.000000000000000000 ) ) ;
#51 = EDGE_CURVE ( 'NONE', #32, #614, #1374, .T. ) ;
#52 = LINE ( 'NONE', #912, #368 ) ;
#53 = EDGE_CURVE ( 'NONE', #1167, #178, #617, .T. ) ;
#54 = ORIENTED_EDGE ( 'NONE', *, *, #743, .T. ) ;
#55 = CARTESIAN_POINT ( 'NONE',  ( 0.000000000000000000, 36.00000000000000711, 6.000000000000005329 ) ) ;
#56 = ORIENTED_EDGE ( 'NONE', *, *, #158, .F. ) ;
#57 = CARTESIAN_POINT ( 'NONE',  ( 2.000000000000000000, -3.999999999999994671, 46.00000000000000000 ) ) ;
#58 = DIRECTION ( 'NONE',  ( -1.000000000000000000, -0.000000000000000000, -0.000000000000000000 ) ) ;
#59 = PRODUCT_DEFINITION_SHAPE ( 'NONE', 'NONE',  #950 ) ;
#60 = ORIENTED_EDGE ( 'NONE', *, *, #588, .T. ) ;
#61 = EDGE_CURVE ( 'NONE', #239, #190, #1248, .T. ) ;
#62 = CARTESIAN_POINT ( 'NONE',  ( 25.74999999999998934, -9.999999999999994671, 22.49999999999998579 ) ) ;
#63 = ORIENTED_EDGE ( 'NONE', *, *, #101, .F. ) ;
#64 = DIRECTION ( 'NONE',  ( -0.000000000000000000, -3.183627912681742218E-16, 1.000000000000000000 ) ) ;
#65 = APPROVAL_STATUS ( 'not_yet_approved' ) ;
#66 = FACE_BOUND ( 'NONE', #561, .T. ) ;
#67 = CARTESIAN_POINT ( 'NONE',  ( 1.999999999999998224, 11.48000000000000398, 5.999999999999997335 ) ) ;
#68 = EDGE_LOOP ( 'NONE', ( #487, #695, #443, #1405 ) ) ;
#69 = CARTESIAN_POINT ( 'NONE',  ( 46.74999999999998579, 5.000000000000004441, 78.49999999999998579 ) ) ;
#70 = VECTOR ( 'NONE', #1211, 1000.000000000000000 ) ;
#71 = ORIENTED_EDGE ( 'NONE', *, *, #603, .F. ) ;
#72 = CARTESIAN_POINT ( 'NONE',  ( 25.74999999999998934, 5.000000000000004441, 81.14999999999999147 ) ) ;
#73 = AXIS2_PLACEMENT_3D ( 'NONE', #399, #628, #391 ) ;
#74 = APPROVAL_PERSON_ORGANIZATION ( #650, #1392, #414 ) ;
#75 = PRODUCT ( 'Corner Bracket with Magnet Bottom V2', 'Corner Bracket with Magnet Bottom V2', '', ( #1245 ) ) ;
#76 = FACE_OUTER_BOUND ( 'NONE', #129, .T. ) ;
#77 = CARTESIAN_POINT ( 'NONE',  ( 0.000000000000000000, 0.000000000000000000, 18.99999999999999645 ) ) ;
#78 = ADVANCED_FACE ( 'NONE', ( #268, #636 ), #745, .T. ) ;
#79 = ORIENTED_EDGE ( 'NONE', *, *, #588, .F. ) ;
#80 = CARTESIAN_POINT ( 'NONE',  ( 10.00000000000000000, -9.999999999999994671, 35.99999999999999289 ) ) ;
#81 = ORIENTED_EDGE ( 'NONE', *, *, #53, .F. ) ;
#82 = CARTESIAN_POINT ( 'NONE',  ( 2.000000000000000000, -3.999999999999994671, 46.00000000000000000 ) ) ;
#83 = COORDINATED_UNIVERSAL_TIME_OFFSET ( 5, 0, .BEHIND. ) ;
#84 = DIRECTION ( 'NONE',  ( 0.000000000000000000, -1.000000000000000000, 0.000000000000000000 ) ) ;
#85 = DIRECTION ( 'NONE',  ( -2.071311613106635153E-16, 0.000000000000000000, 1.000000000000000000 ) ) ;
#86 = ORIENTED_EDGE ( 'NONE', *, *, #1043, .T. ) ;
#87 = DIRECTION ( 'NONE',  ( 1.000000000000000000, -0.000000000000000000, 0.000000000000000000 ) ) ;
#88 = ADVANCED_FACE ( 'NONE', ( #1472 ), #392, .F. ) ;
#89 = ORIENTED_EDGE ( 'NONE', *, *, #1501, .T. ) ;
#90 = CARTESIAN_POINT ( 'NONE',  ( 60.17499999999999005, 11.48000000000000398, 10.99999999999999645 ) ) ;
#91 = SHAPE_DEFINITION_REPRESENTATION ( #59, #1479 ) ;
#92 = DIRECTION ( 'NONE',  ( -1.000000000000000000, -0.000000000000000000, -0.000000000000000000 ) ) ;
#93 = DIRECTION ( 'NONE',  ( -0.000000000000000000, -1.000000000000000000, -0.000000000000000000 ) ) ;
#94 = ORIENTED_EDGE ( 'NONE', *, *, #1276, .F. ) ;
#95 = VECTOR ( 'NONE', #502, 1000.000000000000000 ) ;
#96 = ORIENTED_EDGE ( 'NONE', *, *, #1264, .F. ) ;
#97 = CARTESIAN_POINT ( 'NONE',  ( 0.000000000000000000, 0.000000000000000000, 18.99999999999999645 ) ) ;
#98 = AXIS2_PLACEMENT_3D ( 'NONE', #830, #1557, #964 ) ;
#99 = DIRECTION ( 'NONE',  ( -1.000000000000000000, -0.000000000000000000, -0.000000000000000000 ) ) ;
#100 = CARTESIAN_POINT ( 'NONE',  ( 20.00000000000000000, 85.94643539206104776, 18.99999999999999645 ) ) ;
#101 = EDGE_CURVE ( 'NONE', #1011, #963, #515, .T. ) ;
#102 = ORIENTED_EDGE ( 'NONE', *, *, #671, .T. ) ;
#103 = ADVANCED_FACE ( 'NONE', ( #1498 ), #206, .F. ) ;
#104 = EDGE_LOOP ( 'NONE', ( #539, #81, #1025, #497 ) ) ;
#105 = CARTESIAN_POINT ( 'NONE',  ( 47.52500000000000568, 1.480000000000006199, 17.32999999999999474 ) ) ;
#106 = CARTESIAN_POINT ( 'NONE',  ( 46.74999999999998579, 11.48000000000000398, 22.49999999999998579 ) ) ;
#107 = PLANE ( 'NONE',  #146 ) ;
#108 = ORIENTED_EDGE ( 'NONE', *, *, #542, .T. ) ;
#109 = EDGE_CURVE ( 'NONE', #285, #201, #896, .T. ) ;
#110 = ORIENTED_EDGE ( 'NONE', *, *, #207, .T. ) ;
#111 = CARTESIAN_POINT ( 'NONE',  ( 46.74999999999998579, -9.999999999999994671, 78.49999999999998579 ) ) ;
#112 = EDGE_CURVE ( 'NONE', #740, #453, #52, .T. ) ;
#113 = DIRECTION ( 'NONE',  ( 1.000000000000000000, -0.000000000000000000, -0.000000000000000000 ) ) ;
#114 = LINE ( 'NONE', #1433, #1201 ) ;
#115 = VERTEX_POINT ( 'NONE', #43 ) ;
#116 = APPLICATION_CONTEXT ( 'configuration controlled 3d designs of mechanical parts and assemblies' ) ;
#117 = ORIENTED_EDGE ( 'NONE', *, *, #109, .F. ) ;
#118 = DIRECTION ( 'NONE',  ( 0.000000000000000000, 0.000000000000000000, -1.000000000000000000 ) ) ;
#119 = VECTOR ( 'NONE', #195, 1000.000000000000000 ) ;
#120 = AXIS2_PLACEMENT_3D ( 'NONE', #1360, #304, #941 ) ;
#121 = VECTOR ( 'NONE', #632, 1000.000000000000000 ) ;
#122 = DIRECTION ( 'NONE',  ( 0.000000000000000000, 0.000000000000000000, -1.000000000000000000 ) ) ;
#123 = CIRCLE ( 'NONE', #1204, 2.649999999999999467 ) ;
#124 = DIRECTION ( 'NONE',  ( 0.000000000000000000, 0.000000000000000000, -1.000000000000000000 ) ) ;
#125 = VECTOR ( 'NONE', #99, 1000.000000000000000 ) ;
#126 = EDGE_LOOP ( 'NONE', ( #142, #54 ) ) ;
#127 = LOCAL_TIME ( 14, 28, 39.00000000000000000, #808 ) ;
#128 = APPROVAL ( #910, 'UNSPECIFIED' ) ;
#129 = EDGE_LOOP ( 'NONE', ( #948, #511, #1386, #1277 ) ) ;
#130 = DIRECTION ( 'NONE',  ( -1.000000000000000000, 0.000000000000000000, 0.000000000000000000 ) ) ;
#131 = CARTESIAN_POINT ( 'NONE',  ( 42.67500000000000426, 1.480000000000005533, 17.32999999999999474 ) ) ;
#132 = PLANE ( 'NONE',  #1101 ) ;
#133 = PLANE ( 'NONE',  #347 ) ;
#134 = VERTEX_POINT ( 'NONE', #775 ) ;
#135 = DIRECTION ( 'NONE',  ( 0.000000000000000000, 0.000000000000000000, -1.000000000000000000 ) ) ;
#136 = DIRECTION ( 'NONE',  ( 0.000000000000000000, -1.000000000000000000, -4.625929269271481378E-15 ) ) ;
#137 = LINE ( 'NONE', #156, #1537 ) ;
#138 = EDGE_CURVE ( 'NONE', #738, #1370, #1247, .T. ) ;
#139 = FACE_OUTER_BOUND ( 'NONE', #940, .T. ) ;
#140 = ORIENTED_EDGE ( 'NONE', *, *, #112, .T. ) ;
#141 = DIRECTION ( 'NONE',  ( 0.000000000000000000, 0.000000000000000000, -1.000000000000000000 ) ) ;
#142 = ORIENTED_EDGE ( 'NONE', *, *, #1191, .T. ) ;
#143 = VECTOR ( 'NONE', #464, 1000.000000000000000 ) ;
#144 = DIRECTION ( 'NONE',  ( 1.000000000000000000, 0.000000000000000000, 0.000000000000000000 ) ) ;
#145 = CARTESIAN_POINT ( 'NONE',  ( 20.00000000000000000, 36.00000000000000711, 6.000000000000005329 ) ) ;
#146 = AXIS2_PLACEMENT_3D ( 'NONE', #587, #1342, #605 ) ;
#147 = CARTESIAN_POINT ( 'NONE',  ( 25.74999999999998934, 11.48000000000000398, 78.49999999999998579 ) ) ;
#148 = AXIS2_PLACEMENT_3D ( 'NONE', #198, #664, #1042 ) ;
#149 = VERTEX_POINT ( 'NONE', #1385 ) ;
#150 = AXIS2_PLACEMENT_3D ( 'NONE', #131, #1215, #1092 ) ;
#151 = EDGE_CURVE ( 'NONE', #239, #32, #1492, .T. ) ;
#152 = LOCAL_TIME ( 14, 28, 39.00000000000000000, #781 ) ;
#153 = EDGE_LOOP ( 'NONE', ( #316, #584, #997, #233 ) ) ;
#154 = CYLINDRICAL_SURFACE ( 'NONE', #1304, 3.000000000000002665 ) ;
#155 = CARTESIAN_POINT ( 'NONE',  ( 20.00000000000000000, -9.999999999999994671, 10.99999999999999467 ) ) ;
#156 = CARTESIAN_POINT ( 'NONE',  ( 25.74999999999998934, 18.97533188057740716, 25.14999999999998437 ) ) ;
#157 = LINE ( 'NONE', #1525, #1130 ) ;
#158 = EDGE_CURVE ( 'NONE', #246, #606, #14, .T. ) ;
#159 = DIRECTION ( 'NONE',  ( 0.000000000000000000, 1.000000000000000000, -0.000000000000000000 ) ) ;
#160 = ORIENTED_EDGE ( 'NONE', *, *, #973, .T. ) ;
#161 = LINE ( 'NONE', #639, #1325 ) ;
#162 = ORIENTED_EDGE ( 'NONE', *, *, #138, .T. ) ;
#163 = EDGE_CURVE ( 'NONE', #225, #1258, #548, .T. ) ;
#164 = CARTESIAN_POINT ( 'NONE',  ( 0.000000000000000000, 0.000000000000000000, 0.000000000000000000 ) ) ;
#165 = FACE_OUTER_BOUND ( 'NONE', #1368, .T. ) ;
#166 = ORIENTED_EDGE ( 'NONE', *, *, #473, .F. ) ;
#167 = ORIENTED_EDGE ( 'NONE', *, *, #468, .T. ) ;
#168 = FACE_OUTER_BOUND ( 'NONE', #590, .T. ) ;
#169 = EDGE_LOOP ( 'NONE', ( #1402, #6 ) ) ;
#170 = APPLICATION_PROTOCOL_DEFINITION ( 'international standard', 'config_control_design', 1994, #116 ) ;
#171 = AXIS2_PLACEMENT_3D ( 'NONE', #1196, #1305, #961 ) ;
#172 = DIRECTION ( 'NONE',  ( -0.000000000000000000, 1.000000000000000000, -0.000000000000000000 ) ) ;
#173 = VECTOR ( 'NONE', #253, 1000.000000000000000 ) ;
#174 = DIRECTION ( 'NONE',  ( -0.000000000000000000, -1.000000000000000000, -0.000000000000000000 ) ) ;
#175 = VERTEX_POINT ( 'NONE', #298 ) ;
#176 = DIRECTION ( 'NONE',  ( -1.000000000000000000, 0.000000000000000000, -0.000000000000000000 ) ) ;
#177 = CIRCLE ( 'NONE', #1085, 3.380000000000001226 ) ;
#178 = VERTEX_POINT ( 'NONE', #533 ) ;
#179 = CARTESIAN_POINT ( 'NONE',  ( 20.00000000000000000, 11.48000000000000398, 10.99999999999999822 ) ) ;
#180 = DIRECTION ( 'NONE',  ( 1.000000000000000000, 0.000000000000000000, 0.000000000000000000 ) ) ;
#181 = ORIENTED_EDGE ( 'NONE', *, *, #1043, .F. ) ;
#182 = CARTESIAN_POINT ( 'NONE',  ( 46.74999999999998579, 18.97533188057740716, 25.14999999999998437 ) ) ;
#183 = ORIENTED_EDGE ( 'NONE', *, *, #1024, .T. ) ;
#184 = DIRECTION ( 'NONE',  ( -0.000000000000000000, -3.183627912681742218E-16, 1.000000000000000000 ) ) ;
#185 = CARTESIAN_POINT ( 'NONE',  ( 37.82500000000000284, 1.480000000000005533, 10.99999999999999645 ) ) ;
#186 = DIRECTION ( 'NONE',  ( 0.000000000000000000, 0.000000000000000000, -1.000000000000000000 ) ) ;
#187 = ADVANCED_FACE ( 'NONE', ( #1016 ), #1401, .F. ) ;
#188 = ORIENTED_EDGE ( 'NONE', *, *, #718, .T. ) ;
#189 = DIRECTION ( 'NONE',  ( 0.000000000000000000, 0.000000000000000000, -1.000000000000000000 ) ) ;
#190 = VERTEX_POINT ( 'NONE', #1284 ) ;
#191 = DIRECTION ( 'NONE',  ( 0.000000000000000000, 1.000000000000000000, 2.891205793294679312E-16 ) ) ;
#192 = CC_DESIGN_DATE_AND_TIME_ASSIGNMENT ( #563, #571, ( #880 ) ) ;
#193 = EDGE_CURVE ( 'NONE', #460, #30, #1506, .T. ) ;
#194 = CARTESIAN_POINT ( 'NONE',  ( 25.74999999999998934, 11.48000000000000398, 81.14999999999999147 ) ) ;
#195 = DIRECTION ( 'NONE',  ( 0.000000000000000000, 0.000000000000000000, 1.000000000000000000 ) ) ;
#196 = VECTOR ( 'NONE', #816, 1000.000000000000000 ) ;
#197 = EDGE_LOOP ( 'NONE', ( #733, #1487, #1507, #1483 ) ) ;
#198 = CARTESIAN_POINT ( 'NONE',  ( 25.74999999999998934, 11.48000000000000398, 78.49999999999998579 ) ) ;
#199 = CIRCLE ( 'NONE', #98, 4.850000000000000533 ) ;
#200 = CIRCLE ( 'NONE', #680, 4.500000000000003553 ) ;
#201 = VERTEX_POINT ( 'NONE', #558 ) ;
#202 = CARTESIAN_POINT ( 'NONE',  ( 10.00000000000000000, 26.00000000000000000, 6.000000000000001776 ) ) ;
#203 = AXIS2_PLACEMENT_3D ( 'NONE', #1039, #448, #546 ) ;
#204 = AXIS2_PLACEMENT_3D ( 'NONE', #1561, #477, #1439 ) ;
#205 = CARTESIAN_POINT ( 'NONE',  ( 25.74999999999998934, 11.48000000000000398, 22.49999999999998579 ) ) ;
#206 = PLANE ( 'NONE',  #926 ) ;
#207 = EDGE_CURVE ( 'NONE', #1427, #933, #1275, .T. ) ;
#208 = ORIENTED_EDGE ( 'NONE', *, *, #1033, .F. ) ;
#209 = FACE_OUTER_BOUND ( 'NONE', #683, .T. ) ;
#210 = ORIENTED_EDGE ( 'NONE', *, *, #1218, .F. ) ;
#211 = DIRECTION ( 'NONE',  ( 0.000000000000000000, 0.000000000000000000, -1.000000000000000000 ) ) ;
#212 = CALENDAR_DATE ( 2025, 10, 10 ) ;
#213 = CARTESIAN_POINT ( 'NONE',  ( 20.00000000000000000, 36.00000000000000711, 6.000000000000005329 ) ) ;
#214 = DIRECTION ( 'NONE',  ( -0.000000000000000000, -1.000000000000000000, -0.000000000000000000 ) ) ;
#215 = ORIENTED_EDGE ( 'NONE', *, *, #944, .T. ) ;
#216 = ORIENTED_EDGE ( 'NONE', *, *, #219, .T. ) ;
#217 = DIRECTION ( 'NONE',  ( -1.000000000000000000, 0.000000000000000000, 0.000000000000000000 ) ) ;
#218 = ADVANCED_FACE ( 'NONE', ( #1021, #307, #416, #1373, #424 ), #1031, .F. ) ;
#219 = EDGE_CURVE ( 'NONE', #1129, #963, #1146, .T. ) ;
#220 = CYLINDRICAL_SURFACE ( 'NONE', #500, 3.000000000000000888 ) ;
#221 = EDGE_CURVE ( 'NONE', #1011, #1167, #433, .T. ) ;
#222 = DIRECTION ( 'NONE',  ( -0.000000000000000000, 0.7071067811865475727, -0.7071067811865474617 ) ) ;
#223 = VERTEX_POINT ( 'NONE', #679 ) ;
#224 = VECTOR ( 'NONE', #58, 1000.000000000000000 ) ;
#225 = VERTEX_POINT ( 'NONE', #1040 ) ;
#226 = DIRECTION ( 'NONE',  ( 0.000000000000000000, -4.625929269271481378E-15, 1.000000000000000000 ) ) ;
#227 = CIRCLE ( 'NONE', #324, 4.500000000000000888 ) ;
#228 = AXIS2_PLACEMENT_3D ( 'NONE', #532, #996, #408 ) ;
#229 = CARTESIAN_POINT ( 'NONE',  ( 20.00000000000000000, 0.000000000000000000, 0.000000000000000000 ) ) ;
#230 = CC_DESIGN_APPROVAL ( #128, ( #880 ) ) ;
#231 = CARTESIAN_POINT ( 'NONE',  ( 25.74999999999998934, 5.000000000000004441, 73.99999999999998579 ) ) ;
#232 = ADVANCED_FACE ( 'NONE', ( #441 ), #920, .T. ) ;
#233 = ORIENTED_EDGE ( 'NONE', *, *, #943, .T. ) ;
#234 = EDGE_CURVE ( 'NONE', #1169, #1338, #1312, .T. ) ;
#235 = VERTEX_POINT ( 'NONE', #459 ) ;
#236 = DIRECTION ( 'NONE',  ( 0.000000000000000000, -1.000000000000000000, 0.000000000000000000 ) ) ;
#237 = DIRECTION ( 'NONE',  ( 0.000000000000000000, -1.000000000000000000, 0.000000000000000000 ) ) ;
#238 = DIRECTION ( 'NONE',  ( 0.000000000000000000, 0.000000000000000000, 1.000000000000000000 ) ) ;
#239 = VERTEX_POINT ( 'NONE', #1532 ) ;
#240 = VERTEX_POINT ( 'NONE', #352 ) ;
#241 = CYLINDRICAL_SURFACE ( 'NONE', #1455, 2.649999999999999467 ) ;
#242 = DIRECTION ( 'NONE',  ( -0.000000000000000000, -0.000000000000000000, -1.000000000000000000 ) ) ;
#243 = DIRECTION ( 'NONE',  ( 0.000000000000000000, -1.000000000000000000, 0.000000000000000000 ) ) ;
#244 = EDGE_CURVE ( 'NONE', #1388, #134, #573, .T. ) ;
#245 = VERTEX_POINT ( 'NONE', #479 ) ;
#246 = VERTEX_POINT ( 'NONE', #1183 ) ;
#247 = DIRECTION ( 'NONE',  ( -0.000000000000000000, -0.000000000000000000, -1.000000000000000000 ) ) ;
#248 = VECTOR ( 'NONE', #765, 999.9999999999998863 ) ;
#249 = VECTOR ( 'NONE', #336, 1000.000000000000000 ) ;
#250 = AXIS2_PLACEMENT_3D ( 'NONE', #914, #1035, #1403 ) ;
#251 = CARTESIAN_POINT ( 'NONE',  ( 20.00000000000000000, -3.999999999999994671, 18.99999999999999645 ) ) ;
#252 = AXIS2_PLACEMENT_3D ( 'NONE', #1361, #870, #1365 ) ;
#253 = DIRECTION ( 'NONE',  ( 0.000000000000000000, -1.000000000000000000, 0.000000000000000000 ) ) ;
#254 = DIRECTION ( 'NONE',  ( -0.000000000000000000, -1.000000000000000000, -0.000000000000000000 ) ) ;
#255 = ORIENTED_EDGE ( 'NONE', *, *, #1475, .T. ) ;
#256 = CARTESIAN_POINT ( 'NONE',  ( 20.00000000000000000, 36.00000000000002842, 0.000000000000000000 ) ) ;
#257 = EDGE_CURVE ( 'NONE', #921, #246, #114, .T. ) ;
#258 = CARTESIAN_POINT ( 'NONE',  ( 46.74999999999998579, 5.000000000000004441, 22.49999999999998579 ) ) ;
#259 = DIRECTION ( 'NONE',  ( -0.7071067811865477948, -0.000000000000000000, -0.7071067811865473507 ) ) ;
#260 = DIRECTION ( 'NONE',  ( 0.000000000000000000, -1.000000000000000000, 0.000000000000000000 ) ) ;
#261 = ORIENTED_EDGE ( 'NONE', *, *, #61, .F. ) ;
#262 = DIRECTION ( 'NONE',  ( -0.000000000000000000, -1.000000000000000000, -0.000000000000000000 ) ) ;
#263 = ORIENTED_EDGE ( 'NONE', *, *, #138, .F. ) ;
#264 = DIRECTION ( 'NONE',  ( -1.000000000000000000, 0.000000000000000000, 0.000000000000000000 ) ) ;
#265 = EDGE_CURVE ( 'NONE', #190, #614, #840, .T. ) ;
#266 = ADVANCED_FACE ( 'NONE', ( #1077 ), #1318, .T. ) ;
#267 = CARTESIAN_POINT ( 'NONE',  ( 20.00000000000000000, -9.999999999999994671, 10.99999999999999467 ) ) ;
#268 = FACE_OUTER_BOUND ( 'NONE', #395, .T. ) ;
#269 = ORIENTED_EDGE ( 'NONE', *, *, #952, .F. ) ;
#270 = CARTESIAN_POINT ( 'NONE',  ( 2.000000000000000000, -3.999999999999994671, 0.000000000000000000 ) ) ;
#271 = ORIENTED_EDGE ( 'NONE', *, *, #891, .T. ) ;
#272 = PLANE ( 'NONE',  #776 ) ;
#273 = CARTESIAN_POINT ( 'NONE',  ( 46.74999999999998579, 5.000000000000004441, 75.84999999999998010 ) ) ;
#274 = CIRCLE ( 'NONE', #1053, 2.999999999999999112 ) ;
#275 = CARTESIAN_POINT ( 'NONE',  ( 25.74999999999998934, 5.000000000000004441, 17.99999999999998579 ) ) ;
#276 = CIRCLE ( 'NONE', #851, 4.499999999999997335 ) ;
#277 = DIRECTION ( 'NONE',  ( -0.000000000000000000, -1.000000000000000000, -0.000000000000000000 ) ) ;
#278 = EDGE_CURVE ( 'NONE', #1370, #1293, #846, .T. ) ;
#279 = AXIS2_PLACEMENT_3D ( 'NONE', #1132, #50, #642 ) ;
#280 = EDGE_CURVE ( 'NONE', #1258, #235, #593, .T. ) ;
#281 = ORIENTED_EDGE ( 'NONE', *, *, #221, .T. ) ;
#282 = DIRECTION ( 'NONE',  ( 0.000000000000000000, 0.000000000000000000, -1.000000000000000000 ) ) ;
#283 = DIRECTION ( 'NONE',  ( -0.000000000000000000, -1.000000000000000000, -0.000000000000000000 ) ) ;
#284 = VERTEX_POINT ( 'NONE', #581 ) ;
#285 = VERTEX_POINT ( 'NONE', #1166 ) ;
#286 = DIRECTION ( 'NONE',  ( 0.000000000000000000, -1.000000000000000000, 0.000000000000000000 ) ) ;
#287 = EDGE_CURVE ( 'NONE', #1414, #1375, #832, .T. ) ;
#288 = DIRECTION ( 'NONE',  ( 0.000000000000000000, 4.625929269271481378E-15, -1.000000000000000000 ) ) ;
#289 = FACE_OUTER_BOUND ( 'NONE', #1435, .T. ) ;
#290 = DIRECTION ( 'NONE',  ( 0.000000000000000000, 0.000000000000000000, -1.000000000000000000 ) ) ;
#291 = EDGE_LOOP ( 'NONE', ( #494, #7 ) ) ;
#292 = FACE_OUTER_BOUND ( 'NONE', #1267, .T. ) ;
#293 = ORIENTED_EDGE ( 'NONE', *, *, #1552, .T. ) ;
#294 = DIRECTION ( 'NONE',  ( 1.000000000000000000, 0.000000000000000000, 0.000000000000000000 ) ) ;
#295 = AXIS2_PLACEMENT_3D ( 'NONE', #486, #643, #1456 ) ;
#296 = FACE_BOUND ( 'NONE', #706, .T. ) ;
#297 = VECTOR ( 'NONE', #501, 1000.000000000000000 ) ;
#298 = CARTESIAN_POINT ( 'NONE',  ( 46.74999999999998579, 11.48000000000000398, 75.84999999999998010 ) ) ;
#299 = ORIENTED_EDGE ( 'NONE', *, *, #1422, .F. ) ;
#300 = DIRECTION ( 'NONE',  ( -0.000000000000000000, -1.000000000000000000, -0.000000000000000000 ) ) ;
#301 = CIRCLE ( 'NONE', #1434, 2.649999999999999467 ) ;
#302 = AXIS2_PLACEMENT_3D ( 'NONE', #1311, #237, #821 ) ;
#303 = ORIENTED_EDGE ( 'NONE', *, *, #729, .T. ) ;
#304 = DIRECTION ( 'NONE',  ( -0.000000000000000000, 0.7071067811865475727, 0.7071067811865475727 ) ) ;
#305 = EDGE_CURVE ( 'NONE', #201, #411, #953, .T. ) ;
#306 = CARTESIAN_POINT ( 'NONE',  ( 1.999999999999998224, 11.48000000000000398, 18.99999999999999645 ) ) ;
#307 = FACE_BOUND ( 'NONE', #1415, .T. ) ;
#308 = VERTEX_POINT ( 'NONE', #716 ) ;
#309 = LINE ( 'NONE', #182, #1355 ) ;
#310 = ORIENTED_EDGE ( 'NONE', *, *, #1227, .F. ) ;
#311 = DIRECTION ( 'NONE',  ( -0.000000000000000000, -1.000000000000000000, -0.000000000000000000 ) ) ;
#312 = ADVANCED_FACE ( 'NONE', ( #1424 ), #946, .F. ) ;
#313 = CALENDAR_DATE ( 2025, 10, 10 ) ;
#314 = CARTESIAN_POINT ( 'NONE',  ( 25.74999999999998934, 5.000000000000004441, 78.49999999999998579 ) ) ;
#315 = DIRECTION ( 'NONE',  ( -0.000000000000000000, -1.000000000000000000, -0.000000000000000000 ) ) ;
#316 = ORIENTED_EDGE ( 'NONE', *, *, #1273, .F. ) ;
#317 = DIRECTION ( 'NONE',  ( 0.000000000000000000, -1.000000000000000000, 0.000000000000000000 ) ) ;
#318 = EDGE_LOOP ( 'NONE', ( #434, #346 ) ) ;
#319 = CARTESIAN_POINT ( 'NONE',  ( 25.74999999999998934, 5.000000000000004441, 19.84999999999998721 ) ) ;
#320 = EDGE_CURVE ( 'NONE', #1307, #644, #1554, .T. ) ;
#321 = DIRECTION ( 'NONE',  ( -0.000000000000000000, 1.000000000000000000, -0.000000000000000000 ) ) ;
#322 = CARTESIAN_POINT ( 'NONE',  ( 19.99999999999998579, 85.94643539206104776, 86.00000000000000000 ) ) ;
#323 = VECTOR ( 'NONE', #791, 1000.000000000000000 ) ;
#324 = AXIS2_PLACEMENT_3D ( 'NONE', #1334, #243, #124 ) ;
#325 = ORIENTED_EDGE ( 'NONE', *, *, #952, .T. ) ;
#326 = CARTESIAN_POINT ( 'NONE',  ( 13.00000000000000178, 26.00000000000000000, 14.48528137423856954 ) ) ;
#327 = CIRCLE ( 'NONE', #1082, 2.649999999999999467 ) ;
#328 = ORIENTED_EDGE ( 'NONE', *, *, #493, .T. ) ;
#329 = PLANE ( 'NONE',  #398 ) ;
#330 = AXIS2_PLACEMENT_3D ( 'NONE', #1047, #1384, #1411 ) ;
#331 = PERSON_AND_ORGANIZATION_ROLE ( 'design_supplier' ) ;
#332 = DIRECTION ( 'NONE',  ( 0.000000000000000000, 0.000000000000000000, -1.000000000000000000 ) ) ;
#333 = DIRECTION ( 'NONE',  ( -0.000000000000000000, -1.000000000000000000, -0.000000000000000000 ) ) ;
#334 = ORIENTED_EDGE ( 'NONE', *, *, #1164, .T. ) ;
#335 = ORIENTED_EDGE ( 'NONE', *, *, #1422, .T. ) ;
#336 = DIRECTION ( 'NONE',  ( -0.000000000000000000, 0.7071067811865475727, -0.7071067811865474617 ) ) ;
#337 = EDGE_CURVE ( 'NONE', #436, #963, #449, .T. ) ;
#338 = EDGE_CURVE ( 'NONE', #1504, #618, #823, .T. ) ;
#339 = CARTESIAN_POINT ( 'NONE',  ( 46.74999999999998579, 5.000000000000004441, 22.49999999999998579 ) ) ;
#340 = CARTESIAN_POINT ( 'NONE',  ( 20.00000000000000000, -3.999999999999994671, 10.99999999999999467 ) ) ;
#341 = ORIENTED_EDGE ( 'NONE', *, *, #305, .T. ) ;
#342 = VERTEX_POINT ( 'NONE', #1412 ) ;
#343 = DIRECTION ( 'NONE',  ( 0.000000000000000000, 0.000000000000000000, -1.000000000000000000 ) ) ;
#344 = DIRECTION ( 'NONE',  ( -0.000000000000000000, -1.000000000000000000, -0.000000000000000000 ) ) ;
#345 = CARTESIAN_POINT ( 'NONE',  ( 52.50000000000000711, 85.94643539206104776, 18.99999999999998934 ) ) ;
#346 = ORIENTED_EDGE ( 'NONE', *, *, #1513, .F. ) ;
#347 = AXIS2_PLACEMENT_3D ( 'NONE', #384, #159, #1335 ) ;
#348 = ORIENTED_EDGE ( 'NONE', *, *, #287, .T. ) ;
#349 = DIRECTION ( 'NONE',  ( 0.000000000000000000, 0.000000000000000000, -1.000000000000000000 ) ) ;
#350 = AXIS2_PLACEMENT_3D ( 'NONE', #111, #236, #482 ) ;
#351 = DIRECTION ( 'NONE',  ( 0.000000000000000000, 0.000000000000000000, -1.000000000000000000 ) ) ;
#352 = CARTESIAN_POINT ( 'NONE',  ( 46.74999999999998579, 11.48000000000000398, 81.14999999999999147 ) ) ;
#353 = ORIENTED_EDGE ( 'NONE', *, *, #798, .T. ) ;
#354 = VERTEX_POINT ( 'NONE', #1056 ) ;
#355 = CARTESIAN_POINT ( 'NONE',  ( 46.74999999999998579, 5.000000000000004441, 81.14999999999999147 ) ) ;
#356 = EDGE_CURVE ( 'NONE', #178, #935, #1542, .T. ) ;
#357 = LINE ( 'NONE', #1316, #1062 ) ;
#358 = CARTESIAN_POINT ( 'NONE',  ( 46.74999999999998579, 18.97533188057740716, 19.84999999999998721 ) ) ;
#359 = ORIENTED_EDGE ( 'NONE', *, *, #866, .T. ) ;
#360 = ORIENTED_EDGE ( 'NONE', *, *, #1115, .F. ) ;
#361 = CYLINDRICAL_SURFACE ( 'NONE', #454, 4.850000000000000533 ) ;
#362 = CARTESIAN_POINT ( 'NONE',  ( 47.52500000000000568, 1.480000000000006199, 10.99999999999999645 ) ) ;
#363 = EDGE_CURVE ( 'NONE', #640, #436, #1066, .T. ) ;
#364 = DIRECTION ( 'NONE',  ( -0.000000000000000000, 1.000000000000000000, -0.000000000000000000 ) ) ;
#365 = EDGE_LOOP ( 'NONE', ( #1249, #188 ) ) ;
#366 = VERTEX_POINT ( 'NONE', #700 ) ;
#367 = DIRECTION ( 'NONE',  ( -0.000000000000000000, -1.000000000000000000, -0.000000000000000000 ) ) ;
#368 = VECTOR ( 'NONE', #654, 1000.000000000000000 ) ;
#369 = CIRCLE ( 'NONE', #825, 4.499999999999997335 ) ;
#370 = VECTOR ( 'NONE', #1474, 1000.000000000000000 ) ;
#371 = DIRECTION ( 'NONE',  ( -2.071311613106635153E-16, 0.000000000000000000, 1.000000000000000000 ) ) ;
#372 = AXIS2_PLACEMENT_3D ( 'NONE', #1518, #84, #1165 ) ;
#373 = CARTESIAN_POINT ( 'NONE',  ( 2.000000000000000000, 0.000000000000000000, 0.000000000000000000 ) ) ;
#374 = VECTOR ( 'NONE', #741, 1000.000000000000000 ) ;
#375 = DIRECTION ( 'NONE',  ( 0.000000000000000000, -1.000000000000000000, 0.000000000000000000 ) ) ;
#376 = ORIENTED_EDGE ( 'NONE', *, *, #630, .T. ) ;
#377 = CYLINDRICAL_SURFACE ( 'NONE', #1232, 3.380000000000001226 ) ;
#378 = ORIENTED_EDGE ( 'NONE', *, *, #556, .F. ) ;
#379 = ADVANCED_FACE ( 'NONE', ( #1548 ), #107, .T. ) ;
#380 = ADVANCED_FACE ( 'NONE', ( #981 ), #16, .F. ) ;
#381 = UNCERTAINTY_MEASURE_WITH_UNIT (LENGTH_MEASURE( 1.000000000000000082E-05 ), #33, 'distance_accuracy_value', 'NONE');
#382 = LINE ( 'NONE', #626, #678 ) ;
#383 = DIRECTION ( 'NONE',  ( -1.000000000000000000, 0.000000000000000000, 0.000000000000000000 ) ) ;
#384 = CARTESIAN_POINT ( 'NONE',  ( 0.000000000000000000, -3.999999999999994671, 0.000000000000000000 ) ) ;
#385 = ORIENTED_EDGE ( 'NONE', *, *, #1543, .T. ) ;
#386 = LINE ( 'NONE', #747, #121 ) ;
#387 = ORIENTED_EDGE ( 'NONE', *, *, #29, .F. ) ;
#388 = EDGE_CURVE ( 'NONE', #481, #1258, #1203, .T. ) ;
#389 = LINE ( 'NONE', #610, #955 ) ;
#390 = EDGE_CURVE ( 'NONE', #240, #688, #1224, .T. ) ;
#391 = DIRECTION ( 'NONE',  ( 2.071311613106635153E-16, 0.000000000000000000, -1.000000000000000000 ) ) ;
#392 = CYLINDRICAL_SURFACE ( 'NONE', #594, 2.649999999999999467 ) ;
#393 = ORIENTED_EDGE ( 'NONE', *, *, #646, .T. ) ;
#394 = DIRECTION ( 'NONE',  ( 0.000000000000000000, 0.000000000000000000, -1.000000000000000000 ) ) ;
#395 = EDGE_LOOP ( 'NONE', ( #1205, #732 ) ) ;
#396 = CARTESIAN_POINT ( 'NONE',  ( 20.00000000000000000, 36.00000000000000711, 6.000000000000005329 ) ) ;
#397 = CARTESIAN_POINT ( 'NONE',  ( 2.000000000000000000, 36.00000000000000711, 6.000000000000005329 ) ) ;
#398 = AXIS2_PLACEMENT_3D ( 'NONE', #675, #1150, #544 ) ;
#399 = CARTESIAN_POINT ( 'NONE',  ( 52.50000000000000711, 85.94643539206104776, 18.99999999999998934 ) ) ;
#400 = AXIS2_PLACEMENT_3D ( 'NONE', #80, #1396, #1160 ) ;
#401 = ORIENTED_EDGE ( 'NONE', *, *, #337, .T. ) ;
#402 = VECTOR ( 'NONE', #965, 1000.000000000000000 ) ;
#403 = ORIENTED_EDGE ( 'NONE', *, *, #1061, .F. ) ;
#404 = CARTESIAN_POINT ( 'NONE',  ( 1.999999999999998224, -9.999999999999994671, 18.99999999999999645 ) ) ;
#405 = ORIENTED_EDGE ( 'NONE', *, *, #530, .F. ) ;
#406 = CC_DESIGN_PERSON_AND_ORGANIZATION_ASSIGNMENT ( #1539, #1290, ( #880 ) ) ;
#407 = FACE_BOUND ( 'NONE', #655, .T. ) ;
#408 = DIRECTION ( 'NONE',  ( 0.000000000000000000, 0.000000000000000000, -1.000000000000000000 ) ) ;
#409 = PERSON ( 'UNSPECIFIED', 'UNSPECIFIED', 'UNSPECIFIED', ('UNSPECIFIED'), ('UNSPECIFIED'), ('UNSPECIFIED') ) ;
#410 = DIRECTION ( 'NONE',  ( 0.000000000000000000, -0.000000000000000000, -1.000000000000000000 ) ) ;
#411 = VERTEX_POINT ( 'NONE', #1323 ) ;
#412 = DIRECTION ( 'NONE',  ( 0.000000000000000000, -1.000000000000000000, 0.000000000000000000 ) ) ;
#413 = VERTEX_POINT ( 'NONE', #723 ) ;
#414 = APPROVAL_ROLE ( '' ) ;
#415 = DIRECTION ( 'NONE',  ( -0.000000000000000000, -0.000000000000000000, -1.000000000000000000 ) ) ;
#416 = FACE_BOUND ( 'NONE', #291, .T. ) ;
#417 = EDGE_LOOP ( 'NONE', ( #841, #889, #1136, #812 ) ) ;
#418 = DIRECTION ( 'NONE',  ( -0.000000000000000000, -0.000000000000000000, -1.000000000000000000 ) ) ;
#419 = ADVANCED_FACE ( 'NONE', ( #1235 ), #855, .F. ) ;
#420 = ORIENTED_EDGE ( 'NONE', *, *, #1501, .F. ) ;
#421 = CLOSED_SHELL ( 'NONE', ( #1009, #883, #1254, #187, #721, #917, #555, #419, #88, #772, #1431, #698, #1332, #1206, #1174, #1081, #564, #39, #431, #1091, #218, #662, #1310, #1562, #1559, #379, #1068, #637, #820, #1158, #103, #1144, #266, #232, #1172, #811, #1426, #1341, #312, #909, #835, #380, #78, #768, #1516, #1502, #1229, #661 ) ) ;
#422 = DIRECTION ( 'NONE',  ( 0.000000000000000000, 0.000000000000000000, -1.000000000000000000 ) ) ;
#423 = VECTOR ( 'NONE', #753, 1000.000000000000000 ) ;
#424 = FACE_OUTER_BOUND ( 'NONE', #760, .T. ) ;
#425 = AXIS2_PLACEMENT_3D ( 'NONE', #885, #517, #1000 ) ;
#426 = ORIENTED_EDGE ( 'NONE', *, *, #1331, .T. ) ;
#427 = FACE_BOUND ( 'NONE', #947, .T. ) ;
#428 = EDGE_LOOP ( 'NONE', ( #506, #86, #958, #1555 ) ) ;
#429 = DIRECTION ( 'NONE',  ( 0.000000000000000000, 0.000000000000000000, -1.000000000000000000 ) ) ;
#430 = DATE_AND_TIME ( #658, #805 ) ;
#431 = ADVANCED_FACE ( 'NONE', ( #736, #1117 ), #132, .F. ) ;
#432 = FACE_BOUND ( 'NONE', #1544, .T. ) ;
#433 = LINE ( 'NONE', #888, #119 ) ;
#434 = ORIENTED_EDGE ( 'NONE', *, *, #207, .F. ) ;
#435 = CARTESIAN_POINT ( 'NONE',  ( 20.00000000000000000, 11.48000000000000398, 5.999999999999997335 ) ) ;
#436 = VERTEX_POINT ( 'NONE', #397 ) ;
#437 = DIRECTION ( 'NONE',  ( -0.000000000000000000, -1.000000000000000000, 0.000000000000000000 ) ) ;
#438 = DATE_AND_TIME ( #212, #152 ) ;
#439 = DIRECTION ( 'NONE',  ( -0.000000000000000000, -0.000000000000000000, -1.000000000000000000 ) ) ;
#440 = EDGE_CURVE ( 'NONE', #481, #460, #1109, .T. ) ;
#441 = FACE_OUTER_BOUND ( 'NONE', #847, .T. ) ;
#442 = EDGE_CURVE ( 'NONE', #1063, #481, #1454, .T. ) ;
#443 = ORIENTED_EDGE ( 'NONE', *, *, #1218, .T. ) ;
#444 = CARTESIAN_POINT ( 'NONE',  ( 19.99999999999998579, 11.48000000000000398, 86.00000000000000000 ) ) ;
#445 = EDGE_LOOP ( 'NONE', ( #1314, #387, #696, #777 ) ) ;
#446 = CARTESIAN_POINT ( 'NONE',  ( 10.00000000000000000, 26.00000000000000000, 14.48528137423856954 ) ) ;
#447 = COORDINATED_UNIVERSAL_TIME_OFFSET ( 5, 0, .BEHIND. ) ;
#448 = DIRECTION ( 'NONE',  ( 0.000000000000000000, -1.000000000000000000, 0.000000000000000000 ) ) ;
#449 = LINE ( 'NONE', #1440, #676 ) ;
#450 = VECTOR ( 'NONE', #810, 1000.000000000000000 ) ;
#451 = EDGE_CURVE ( 'NONE', #1529, #1011, #1093, .T. ) ;
#452 = AXIS2_PLACEMENT_3D ( 'NONE', #97, #211, #780 ) ;
#453 = VERTEX_POINT ( 'NONE', #508 ) ;
#454 = AXIS2_PLACEMENT_3D ( 'NONE', #843, #247, #819 ) ;
#455 = AXIS2_PLACEMENT_3D ( 'NONE', #1071, #945, #735 ) ;
#456 = VERTEX_POINT ( 'NONE', #513 ) ;
#457 = LINE ( 'NONE', #90, #797 ) ;
#458 = FACE_OUTER_BOUND ( 'NONE', #1252, .T. ) ;
#459 = CARTESIAN_POINT ( 'NONE',  ( 52.50000000000000711, -9.999999999999994671, 18.99999999999999645 ) ) ;
#460 = VERTEX_POINT ( 'NONE', #1349 ) ;
#461 = ORIENTED_EDGE ( 'NONE', *, *, #1058, .T. ) ;
#462 = PLANE ( 'NONE',  #120 ) ;
#463 = FACE_OUTER_BOUND ( 'NONE', #725, .T. ) ;
#464 = DIRECTION ( 'NONE',  ( 0.000000000000000000, -1.000000000000000000, 0.000000000000000000 ) ) ;
#465 = ORIENTED_EDGE ( 'NONE', *, *, #1358, .F. ) ;
#466 = ORIENTED_EDGE ( 'NONE', *, *, #518, .F. ) ;
#467 = CARTESIAN_POINT ( 'NONE',  ( 25.74999999999998934, 5.000000000000004441, 22.49999999999998579 ) ) ;
#468 = EDGE_CURVE ( 'NONE', #1095, #201, #389, .T. ) ;
#469 = DIRECTION ( 'NONE',  ( 0.000000000000000000, 0.000000000000000000, -1.000000000000000000 ) ) ;
#470 = DIRECTION ( 'NONE',  ( 1.000000000000000000, 0.000000000000000000, 0.000000000000000000 ) ) ;
#471 = ORIENTED_EDGE ( 'NONE', *, *, #582, .T. ) ;
#472 = PRODUCT_RELATED_PRODUCT_CATEGORY ( 'detail', '', ( #75 ) ) ;
#473 = EDGE_CURVE ( 'NONE', #665, #1169, #227, .T. ) ;
#474 = EDGE_LOOP ( 'NONE', ( #818, #842, #1397, #1481 ) ) ;
#475 = DIRECTION ( 'NONE',  ( 1.000000000000000000, -0.000000000000000000, -0.000000000000000000 ) ) ;
#476 = AXIS2_PLACEMENT_3D ( 'NONE', #788, #795, #666 ) ;
#477 = DIRECTION ( 'NONE',  ( 0.000000000000000000, -1.000000000000000000, 0.000000000000000000 ) ) ;
#478 = VECTOR ( 'NONE', #831, 1000.000000000000000 ) ;
#479 = CARTESIAN_POINT ( 'NONE',  ( 46.74999999999998579, 11.48000000000000398, 25.14999999999998437 ) ) ;
#480 = ORIENTED_EDGE ( 'NONE', *, *, #257, .T. ) ;
#481 = VERTEX_POINT ( 'NONE', #485 ) ;
#482 = DIRECTION ( 'NONE',  ( 0.000000000000000000, 0.000000000000000000, -1.000000000000000000 ) ) ;
#483 = EDGE_CURVE ( 'NONE', #1375, #1095, #10, .T. ) ;
#484 = CARTESIAN_POINT ( 'NONE',  ( 46.74999999999998579, 5.000000000000004441, 73.99999999999998579 ) ) ;
#485 = CARTESIAN_POINT ( 'NONE',  ( 52.49999999999999289, 11.48000000000000398, 86.00000000000000000 ) ) ;
#486 = CARTESIAN_POINT ( 'NONE',  ( 46.74999999999998579, 5.000000000000004441, 22.49999999999998579 ) ) ;
#487 = ORIENTED_EDGE ( 'NONE', *, *, #492, .F. ) ;
#488 = LINE ( 'NONE', #256, #600 ) ;
#489 = DIRECTION ( 'NONE',  ( 0.000000000000000000, -1.000000000000000000, 0.000000000000000000 ) ) ;
#490 = CARTESIAN_POINT ( 'NONE',  ( 0.000000000000000000, -3.999999999999994671, 46.00000000000000000 ) ) ;
#491 = ORIENTED_EDGE ( 'NONE', *, *, #280, .F. ) ;
#492 = EDGE_CURVE ( 'NONE', #223, #342, #137, .T. ) ;
#493 = EDGE_CURVE ( 'NONE', #175, #527, #1087, .T. ) ;
#494 = ORIENTED_EDGE ( 'NONE', *, *, #892, .F. ) ;
#495 = CARTESIAN_POINT ( 'NONE',  ( 60.17499999999999005, 11.48000000000000398, 18.99999999999999645 ) ) ;
#496 = CIRCLE ( 'NONE', #1407, 3.000000000000002665 ) ;
#497 = ORIENTED_EDGE ( 'NONE', *, *, #630, .F. ) ;
#498 = AXIS2_PLACEMENT_3D ( 'NONE', #975, #1494, #1121 ) ;
#499 = CARTESIAN_POINT ( 'NONE',  ( 2.000000000000000000, 18.00000000000000355, 16.00000000000000711 ) ) ;
#500 = AXIS2_PLACEMENT_3D ( 'NONE', #937, #1020, #1505 ) ;
#501 = DIRECTION ( 'NONE',  ( -0.000000000000000000, -1.000000000000000000, -0.000000000000000000 ) ) ;
#502 = DIRECTION ( 'NONE',  ( 0.000000000000000000, -1.000000000000000000, -1.615198767203731130E-16 ) ) ;
#503 = ORIENTED_EDGE ( 'NONE', *, *, #442, .T. ) ;
#504 = CYLINDRICAL_SURFACE ( 'NONE', #425, 4.500000000000003553 ) ;
#505 = CC_DESIGN_PERSON_AND_ORGANIZATION_ASSIGNMENT ( #624, #521, ( #75 ) ) ;
#506 = ORIENTED_EDGE ( 'NONE', *, *, #612, .T. ) ;
#507 = PLANE ( 'NONE',  #904 ) ;
#508 = CARTESIAN_POINT ( 'NONE',  ( 0.000000000000000000, 36.00000000000002842, 0.000000000000000000 ) ) ;
#509 = PLANE ( 'NONE',  #522 ) ;
#510 = ORIENTED_EDGE ( 'NONE', *, *, #390, .T. ) ;
#511 = ORIENTED_EDGE ( 'NONE', *, *, #1273, .T. ) ;
#512 = PLANE ( 'NONE',  #498 ) ;
#513 = CARTESIAN_POINT ( 'NONE',  ( 46.74999999999998579, -9.999999999999994671, 73.99999999999998579 ) ) ;
#514 = FACE_OUTER_BOUND ( 'NONE', #1238, .T. ) ;
#515 = LINE ( 'NONE', #1138, #724 ) ;
#516 = ORIENTED_EDGE ( 'NONE', *, *, #1394, .F. ) ;
#517 = DIRECTION ( 'NONE',  ( -0.000000000000000000, -1.000000000000000000, -0.000000000000000000 ) ) ;
#518 = EDGE_CURVE ( 'NONE', #1036, #411, #382, .T. ) ;
#519 = CIRCLE ( 'NONE', #295, 2.649999999999999467 ) ;
#520 = AXIS2_PLACEMENT_3D ( 'NONE', #1051, #916, #908 ) ;
#521 = PERSON_AND_ORGANIZATION_ROLE ( 'design_owner' ) ;
#522 = AXIS2_PLACEMENT_3D ( 'NONE', #1350, #635, #1118 ) ;
#523 = LINE ( 'NONE', #27, #752 ) ;
#524 = VECTOR ( 'NONE', #1154, 1000.000000000000000 ) ;
#525 = CARTESIAN_POINT ( 'NONE',  ( 25.74999999999998934, 5.000000000000004441, 82.99999999999998579 ) ) ;
#526 = PRODUCT_DEFINITION_FORMATION_WITH_SPECIFIED_SOURCE ( 'ANY', '', #75, .NOT_KNOWN. ) ;
#527 = VERTEX_POINT ( 'NONE', #273 ) ;
#528 = DIRECTION ( 'NONE',  ( 1.000000000000000000, -0.000000000000000000, -0.000000000000000000 ) ) ;
#529 = ORIENTED_EDGE ( 'NONE', *, *, #1449, .F. ) ;
#530 = EDGE_CURVE ( 'NONE', #115, #453, #994, .T. ) ;
#531 = FACE_BOUND ( 'NONE', #779, .T. ) ;
#532 = CARTESIAN_POINT ( 'NONE',  ( 46.74999999999998579, 18.97533188057740716, 22.49999999999998579 ) ) ;
#533 = CARTESIAN_POINT ( 'NONE',  ( 20.00000000000000000, -9.999999999999994671, 10.99999999999999645 ) ) ;
#534 = ORIENTED_EDGE ( 'NONE', *, *, #61, .T. ) ;
#535 = CARTESIAN_POINT ( 'NONE',  ( 25.74999999999998934, 5.000000000000004441, 78.49999999999998579 ) ) ;
#536 = ORIENTED_EDGE ( 'NONE', *, *, #995, .T. ) ;
#537 = DIRECTION ( 'NONE',  ( -1.000000000000000000, 0.000000000000000000, -0.000000000000000000 ) ) ;
#538 = CARTESIAN_POINT ( 'NONE',  ( 2.000000000000000000, 18.00000000000000355, 16.00000000000000711 ) ) ;
#539 = ORIENTED_EDGE ( 'NONE', *, *, #356, .F. ) ;
#540 = DIRECTION ( 'NONE',  ( 0.000000000000000000, 0.000000000000000000, -1.000000000000000000 ) ) ;
#541 = EDGE_CURVE ( 'NONE', #1504, #245, #1430, .T. ) ;
#542 = EDGE_CURVE ( 'NONE', #1089, #1147, #1127, .T. ) ;
#543 = ORIENTED_EDGE ( 'NONE', *, *, #1489, .T. ) ;
#544 = DIRECTION ( 'NONE',  ( 0.7071067811865477948, 0.000000000000000000, 0.7071067811865473507 ) ) ;
#545 = AXIS2_PLACEMENT_3D ( 'NONE', #28, #863, #1352 ) ;
#546 = DIRECTION ( 'NONE',  ( 0.000000000000000000, 0.000000000000000000, -1.000000000000000000 ) ) ;
#547 = AXIS2_PLACEMENT_3D ( 'NONE', #971, #1446, #845 ) ;
#548 = LINE ( 'NONE', #903, #224 ) ;
#549 = VECTOR ( 'NONE', #418, 1000.000000000000000 ) ;
#550 = ORIENTED_EDGE ( 'NONE', *, *, #492, .T. ) ;
#551 = CARTESIAN_POINT ( 'NONE',  ( 46.74999999999998579, 11.48000000000000398, 78.49999999999998579 ) ) ;
#552 = CIRCLE ( 'NONE', #627, 4.500000000000000888 ) ;
#553 = ORIENTED_EDGE ( 'NONE', *, *, #109, .T. ) ;
#554 = FACE_OUTER_BOUND ( 'NONE', #1420, .T. ) ;
#555 = ADVANCED_FACE ( 'NONE', ( #1295 ), #1389, .F. ) ;
#556 = EDGE_CURVE ( 'NONE', #1089, #1208, #1261, .T. ) ;
#557 = CARTESIAN_POINT ( 'NONE',  ( 60.17499999999999005, 11.48000000000000398, 18.99999999999999645 ) ) ;
#558 = CARTESIAN_POINT ( 'NONE',  ( 0.000000000000000000, -9.999999999999994671, 46.00000000000000000 ) ) ;
#559 = ORIENTED_EDGE ( 'NONE', *, *, #1317, .T. ) ;
#560 = FACE_OUTER_BOUND ( 'NONE', #967, .T. ) ;
#561 = EDGE_LOOP ( 'NONE', ( #559, #1240 ) ) ;
#562 = DIRECTION ( 'NONE',  ( -0.000000000000000000, -0.000000000000000000, -1.000000000000000000 ) ) ;
#563 = DATE_AND_TIME ( #1524, #127 ) ;
#564 = ADVANCED_FACE ( 'NONE', ( #1170 ), #1398, .F. ) ;
#565 = PLANE ( 'NONE',  #330 ) ;
#566 = DIRECTION ( 'NONE',  ( 0.000000000000000000, 0.000000000000000000, -1.000000000000000000 ) ) ;
#567 = VERTEX_POINT ( 'NONE', #1536 ) ;
#568 = DIRECTION ( 'NONE',  ( 0.000000000000000000, 0.000000000000000000, -1.000000000000000000 ) ) ;
#569 = EDGE_LOOP ( 'NONE', ( #867, #534 ) ) ;
#570 = CARTESIAN_POINT ( 'NONE',  ( 46.74999999999998579, 5.000000000000004441, 19.84999999999998721 ) ) ;
#571 = DATE_TIME_ROLE ( 'classification_date' ) ;
#572 = CARTESIAN_POINT ( 'NONE',  ( 25.74999999999998934, 18.97533188057740716, 78.49999999999998579 ) ) ;
#573 = LINE ( 'NONE', #1292, #620 ) ;
#574 = CIRCLE ( 'NONE', #649, 4.850000000000000533 ) ;
#575 = ORIENTED_EDGE ( 'NONE', *, *, #278, .T. ) ;
#576 = CIRCLE ( 'NONE', #250, 2.649999999999999467 ) ;
#577 = ORIENTED_EDGE ( 'NONE', *, *, #112, .F. ) ;
#578 = DIRECTION ( 'NONE',  ( -0.000000000000000000, 1.000000000000000000, -0.000000000000000000 ) ) ;
#579 = CC_DESIGN_APPROVAL ( #1409, ( #526 ) ) ;
#580 = LINE ( 'NONE', #1195, #934 ) ;
#581 = CARTESIAN_POINT ( 'NONE',  ( 1.999999999999998224, -3.999999999999994671, 18.99999999999999645 ) ) ;
#582 = EDGE_CURVE ( 'NONE', #1095, #1073, #936, .T. ) ;
#583 = VERTEX_POINT ( 'NONE', #319 ) ;
#584 = ORIENTED_EDGE ( 'NONE', *, *, #673, .F. ) ;
#585 = CYLINDRICAL_SURFACE ( 'NONE', #1279, 3.380000000000001226 ) ;
#586 = DIRECTION ( 'NONE',  ( -1.000000000000000000, -0.000000000000000000, -0.000000000000000000 ) ) ;
#587 = CARTESIAN_POINT ( 'NONE',  ( 20.00000000000000000, 0.000000000000000000, 0.000000000000000000 ) ) ;
#588 = EDGE_CURVE ( 'NONE', #308, #921, #621, .T. ) ;
#589 = ORIENTED_EDGE ( 'NONE', *, *, #1217, .T. ) ;
#590 = EDGE_LOOP ( 'NONE', ( #962, #681, #183, #378 ) ) ;
#591 = DIRECTION ( 'NONE',  ( 0.000000000000000000, 0.7071067811865474617, -0.7071067811865474617 ) ) ;
#592 = CARTESIAN_POINT ( 'NONE',  ( 25.74999999999998934, 11.48000000000000398, 22.49999999999998579 ) ) ;
#593 = LINE ( 'NONE', #345, #143 ) ;
#594 = AXIS2_PLACEMENT_3D ( 'NONE', #871, #277, #1119 ) ;
#595 = ORIENTED_EDGE ( 'NONE', *, *, #440, .F. ) ;
#596 = EDGE_CURVE ( 'NONE', #606, #246, #928, .T. ) ;
#597 = AXIS2_PLACEMENT_3D ( 'NONE', #19, #260, #737 ) ;
#598 = ORIENTED_EDGE ( 'NONE', *, *, #750, .F. ) ;
#599 = DIRECTION ( 'NONE',  ( 0.000000000000000000, 0.000000000000000000, -1.000000000000000000 ) ) ;
#600 = VECTOR ( 'NONE', #226, 1000.000000000000000 ) ;
#601 = AXIS2_PLACEMENT_3D ( 'NONE', #1110, #283, #754 ) ;
#602 = CARTESIAN_POINT ( 'NONE',  ( 46.74999999999998579, 5.000000000000004441, 78.49999999999998579 ) ) ;
#603 = EDGE_CURVE ( 'NONE', #411, #115, #1037, .T. ) ;
#604 = AXIS2_PLACEMENT_3D ( 'NONE', #164, #641, #144 ) ;
#605 = DIRECTION ( 'NONE',  ( 0.000000000000000000, 0.000000000000000000, -1.000000000000000000 ) ) ;
#606 = VERTEX_POINT ( 'NONE', #697 ) ;
#607 = VERTEX_POINT ( 'NONE', #1523 ) ;
#608 = FACE_OUTER_BOUND ( 'NONE', #474, .T. ) ;
#609 = CYLINDRICAL_SURFACE ( 'NONE', #1458, 2.649999999999999467 ) ;
#610 = CARTESIAN_POINT ( 'NONE',  ( 0.000000000000000000, -3.999999999999994671, 46.00000000000000000 ) ) ;
#611 = EDGE_CURVE ( 'NONE', #1147, #1089, #496, .T. ) ;
#612 = EDGE_CURVE ( 'NONE', #921, #308, #274, .T. ) ;
#613 = ORIENTED_EDGE ( 'NONE', *, *, #750, .T. ) ;
#614 = VERTEX_POINT ( 'NONE', #1278 ) ;
#615 = LINE ( 'NONE', #1096, #1228 ) ;
#616 = DIRECTION ( 'NONE',  ( 2.071311613106635153E-16, 0.000000000000000000, -1.000000000000000000 ) ) ;
#617 = LINE ( 'NONE', #1464, #95 ) ;
#618 = VERTEX_POINT ( 'NONE', #570 ) ;
#619 = CARTESIAN_POINT ( 'NONE',  ( 2.000000000000000000, 36.00000000000000711, 6.000000000000005329 ) ) ;
#620 = VECTOR ( 'NONE', #214, 1000.000000000000000 ) ;
#621 = CIRCLE ( 'NONE', #1480, 2.999999999999999112 ) ;
#622 = ORIENTED_EDGE ( 'NONE', *, *, #338, .T. ) ;
#623 = AXIS2_PLACEMENT_3D ( 'NONE', #991, #38, #1105 ) ;
#624 = PERSON_AND_ORGANIZATION ( #409, #1255 ) ;
#625 = VECTOR ( 'NONE', #489, 1000.000000000000000 ) ;
#626 = CARTESIAN_POINT ( 'NONE',  ( 20.00000000000000000, -9.999999999999994671, 9.999999999999994671 ) ) ;
#627 = AXIS2_PLACEMENT_3D ( 'NONE', #1432, #1076, #351 ) ;
#628 = DIRECTION ( 'NONE',  ( 1.000000000000000000, 0.000000000000000000, 2.071311613106635153E-16 ) ) ;
#629 = DIRECTION ( 'NONE',  ( 0.000000000000000000, -1.000000000000000000, 0.000000000000000000 ) ) ;
#630 = EDGE_CURVE ( 'NONE', #935, #567, #457, .T. ) ;
#631 = VERTEX_POINT ( 'NONE', #1416 ) ;
#632 = DIRECTION ( 'NONE',  ( -2.071311613106635153E-16, 0.000000000000000000, 1.000000000000000000 ) ) ;
#633 = FACE_BOUND ( 'NONE', #1097, .T. ) ;
#634 = CARTESIAN_POINT ( 'NONE',  ( 52.50000000000000711, 11.48000000000000398, 18.99999999999998934 ) ) ;
#635 = DIRECTION ( 'NONE',  ( 0.000000000000000000, 3.183627912681742218E-16, -1.000000000000000000 ) ) ;
#636 = FACE_BOUND ( 'NONE', #992, .T. ) ;
#637 = ADVANCED_FACE ( 'NONE', ( #1162 ), #329, .T. ) ;
#638 = ORIENTED_EDGE ( 'NONE', *, *, #473, .T. ) ;
#639 = CARTESIAN_POINT ( 'NONE',  ( -9.560083681642124631, 18.00000000000000355, 12.62000000000000632 ) ) ;
#640 = VERTEX_POINT ( 'NONE', #82 ) ;
#641 = DIRECTION ( 'NONE',  ( 0.000000000000000000, 0.000000000000000000, 1.000000000000000000 ) ) ;
#642 = DIRECTION ( 'NONE',  ( 0.000000000000000000, 0.000000000000000000, 1.000000000000000000 ) ) ;
#643 = DIRECTION ( 'NONE',  ( -0.000000000000000000, 1.000000000000000000, -0.000000000000000000 ) ) ;
#644 = VERTEX_POINT ( 'NONE', #72 ) ;
#645 = DIRECTION ( 'NONE',  ( 0.000000000000000000, 0.7071067811865474617, 0.7071067811865475727 ) ) ;
#646 = EDGE_CURVE ( 'NONE', #1293, #1370, #574, .T. ) ;
#647 = ORIENTED_EDGE ( 'NONE', *, *, #973, .F. ) ;
#648 = VECTOR ( 'NONE', #174, 1000.000000000000000 ) ;
#649 = AXIS2_PLACEMENT_3D ( 'NONE', #807, #1512, #217 ) ;
#650 = PERSON_AND_ORGANIZATION ( #409, #1255 ) ;
#651 = VECTOR ( 'NONE', #45, 1000.000000000000000 ) ;
#652 = DIRECTION ( 'NONE',  ( 0.000000000000000000, 0.000000000000000000, -1.000000000000000000 ) ) ;
#653 = VECTOR ( 'NONE', #415, 1000.000000000000000 ) ;
#654 = DIRECTION ( 'NONE',  ( -1.000000000000000000, -0.000000000000000000, -0.000000000000000000 ) ) ;
#655 = EDGE_LOOP ( 'NONE', ( #712, #598 ) ) ;
#656 = LINE ( 'NONE', #270, #370 ) ;
#657 = ORIENTED_EDGE ( 'NONE', *, *, #798, .F. ) ;
#658 = CALENDAR_DATE ( 2025, 10, 10 ) ;
#659 = CARTESIAN_POINT ( 'NONE',  ( 25.74999999999998934, 5.000000000000004441, 22.49999999999998579 ) ) ;
#660 = DIRECTION ( 'NONE',  ( 0.000000000000000000, 0.000000000000000000, -1.000000000000000000 ) ) ;
#661 = ADVANCED_FACE ( 'NONE', ( #1546 ), #691, .F. ) ;
#662 = ADVANCED_FACE ( 'NONE', ( #554 ), #462, .F. ) ;
#663 = VERTEX_POINT ( 'NONE', #1075 ) ;
#664 = DIRECTION ( 'NONE',  ( -0.000000000000000000, 1.000000000000000000, -0.000000000000000000 ) ) ;
#665 = VERTEX_POINT ( 'NONE', #1300 ) ;
#666 = DIRECTION ( 'NONE',  ( -1.000000000000000000, 0.000000000000000000, 0.000000000000000000 ) ) ;
#667 = CALENDAR_DATE ( 2025, 10, 10 ) ;
#668 = DIRECTION ( 'NONE',  ( 0.000000000000000000, -0.000000000000000000, -1.000000000000000000 ) ) ;
#669 = DIRECTION ( 'NONE',  ( 0.000000000000000000, -1.000000000000000000, 0.000000000000000000 ) ) ;
#670 = ORIENTED_EDGE ( 'NONE', *, *, #1217, .F. ) ;
#671 = EDGE_CURVE ( 'NONE', #1414, #284, #1209, .T. ) ;
#672 = CARTESIAN_POINT ( 'NONE',  ( 60.17499999999999005, -9.999999999999994671, 18.99999999999999645 ) ) ;
#673 = EDGE_CURVE ( 'NONE', #1388, #413, #369, .T. ) ;
#674 = ORIENTED_EDGE ( 'NONE', *, *, #1448, .T. ) ;
#675 = CARTESIAN_POINT ( 'NONE',  ( 0.000000000000000000, -3.999999999999994671, 46.00000000000000000 ) ) ;
#676 = VECTOR ( 'NONE', #93, 1000.000000000000000 ) ;
#677 = DIRECTION ( 'NONE',  ( -0.000000000000000000, -1.000000000000000000, -0.000000000000000000 ) ) ;
#678 = VECTOR ( 'NONE', #26, 1000.000000000000000 ) ;
#679 = CARTESIAN_POINT ( 'NONE',  ( 25.74999999999998934, 11.48000000000000398, 25.14999999999998437 ) ) ;
#680 = AXIS2_PLACEMENT_3D ( 'NONE', #69, #1286, #1141 ) ;
#681 = ORIENTED_EDGE ( 'NONE', *, *, #21, .T. ) ;
#682 = LINE ( 'NONE', #1259, #957 ) ;
#683 = EDGE_LOOP ( 'NONE', ( #471, #299, #405, #71, #1473, #787 ) ) ;
#684 = DIRECTION ( 'NONE',  ( 0.000000000000000000, 0.7071067811865474617, -0.7071067811865474617 ) ) ;
#685 = DATE_AND_TIME ( #313, #708 ) ;
#686 = LINE ( 'NONE', #213, #125 ) ;
#687 = DIRECTION ( 'NONE',  ( -0.000000000000000000, -1.000000000000000000, -0.000000000000000000 ) ) ;
#688 = VERTEX_POINT ( 'NONE', #355 ) ;
#689 = CARTESIAN_POINT ( 'NONE',  ( 0.000000000000000000, 0.000000000000000000, 0.000000000000000000 ) ) ;
#690 = ORIENTED_EDGE ( 'NONE', *, *, #1366, .T. ) ;
#691 = CYLINDRICAL_SURFACE ( 'NONE', #1509, 4.500000000000003553 ) ;
#692 = APPROVAL_DATE_TIME ( #789, #1392 ) ;
#693 = DIRECTION ( 'NONE',  ( 0.000000000000000000, 0.000000000000000000, -1.000000000000000000 ) ) ;
#694 = DIRECTION ( 'NONE',  ( 0.000000000000000000, 0.000000000000000000, -1.000000000000000000 ) ) ;
#695 = ORIENTED_EDGE ( 'NONE', *, *, #1264, .T. ) ;
#696 = ORIENTED_EDGE ( 'NONE', *, *, #234, .T. ) ;
#697 = CARTESIAN_POINT ( 'NONE',  ( 13.00000000000000178, 26.00000000000000000, 0.000000000000000000 ) ) ;
#698 = ADVANCED_FACE ( 'NONE', ( #608 ), #707, .F. ) ;
#699 = PLANE ( 'NONE',  #1283 ) ;
#700 = CARTESIAN_POINT ( 'NONE',  ( 25.74999999999998934, 5.000000000000004441, 75.84999999999998010 ) ) ;
#701 = VECTOR ( 'NONE', #254, 1000.000000000000000 ) ;
#702 = AXIS2_PLACEMENT_3D ( 'NONE', #467, #728, #349 ) ;
#703 = ORIENTED_EDGE ( 'NONE', *, *, #451, .F. ) ;
#704 = AXIS2_PLACEMENT_3D ( 'NONE', #551, #906, #1387 ) ;
#705 = AXIS2_PLACEMENT_3D ( 'NONE', #1241, #1372, #35 ) ;
#706 = EDGE_LOOP ( 'NONE', ( #834, #1079 ) ) ;
#707 = CYLINDRICAL_SURFACE ( 'NONE', #1560, 2.649999999999999467 ) ;
#708 = LOCAL_TIME ( 14, 28, 39.00000000000000000, #447 ) ;
#709 = CARTESIAN_POINT ( 'NONE',  ( 46.74999999999998579, 5.000000000000004441, 17.99999999999998934 ) ) ;
#710 = CARTESIAN_POINT ( 'NONE',  ( 0.000000000000000000, -9.999999999999994671, 10.99999999999999467 ) ) ;
#711 = EDGE_CURVE ( 'NONE', #1221, #1192, #769, .T. ) ;
#712 = ORIENTED_EDGE ( 'NONE', *, *, #944, .F. ) ;
#713 = EDGE_LOOP ( 'NONE', ( #982, #836, #1041, #978 ) ) ;
#714 = CARTESIAN_POINT ( 'NONE',  ( 46.74999999999998579, 5.000000000000004441, 22.49999999999998579 ) ) ;
#715 = DIRECTION ( 'NONE',  ( 0.000000000000000000, 0.000000000000000000, -1.000000000000000000 ) ) ;
#716 = CARTESIAN_POINT ( 'NONE',  ( 13.00000000000000178, 26.00000000000000000, 6.000000000000001776 ) ) ;
#717 = EDGE_LOOP ( 'NONE', ( #1447, #37 ) ) ;
#718 = EDGE_CURVE ( 'NONE', #738, #849, #199, .T. ) ;
#719 = ORIENTED_EDGE ( 'NONE', *, *, #388, .F. ) ;
#720 = DIRECTION ( 'NONE',  ( -0.000000000000000000, -1.000000000000000000, -0.000000000000000000 ) ) ;
#721 = ADVANCED_FACE ( 'NONE', ( #1451 ), #585, .F. ) ;
#722 = CYLINDRICAL_SURFACE ( 'NONE', #1357, 4.500000000000003553 ) ;
#723 = CARTESIAN_POINT ( 'NONE',  ( 46.74999999999998579, 5.000000000000004441, 26.99999999999998224 ) ) ;
#724 = VECTOR ( 'NONE', #1124, 1000.000000000000000 ) ;
#725 = EDGE_LOOP ( 'NONE', ( #876, #510, #647, #1069 ) ) ;
#726 = VECTOR ( 'NONE', #1330, 1000.000000000000000 ) ;
#727 = ORIENTED_EDGE ( 'NONE', *, *, #1102, .F. ) ;
#728 = DIRECTION ( 'NONE',  ( -0.000000000000000000, 1.000000000000000000, -0.000000000000000000 ) ) ;
#729 = EDGE_CURVE ( 'NONE', #567, #1167, #949, .T. ) ;
#730 = DIRECTION ( 'NONE',  ( 0.000000000000000000, -4.625929269271481378E-15, 1.000000000000000000 ) ) ;
#731 = DIRECTION ( 'NONE',  ( -0.000000000000000000, -0.000000000000000000, -1.000000000000000000 ) ) ;
#732 = ORIENTED_EDGE ( 'NONE', *, *, #1438, .T. ) ;
#733 = ORIENTED_EDGE ( 'NONE', *, *, #541, .T. ) ;
#734 = DIRECTION ( 'NONE',  ( 0.000000000000000000, 0.000000000000000000, -1.000000000000000000 ) ) ;
#735 = DIRECTION ( 'NONE',  ( 0.000000000000000000, 0.000000000000000000, -1.000000000000000000 ) ) ;
#736 = FACE_BOUND ( 'NONE', #318, .T. ) ;
#737 = DIRECTION ( 'NONE',  ( 0.000000000000000000, 0.000000000000000000, -1.000000000000000000 ) ) ;
#738 = VERTEX_POINT ( 'NONE', #105 ) ;
#739 = CARTESIAN_POINT ( 'NONE',  ( 6.999999999999999112, 26.00000000000000000, 6.000000000000001776 ) ) ;
#740 = VERTEX_POINT ( 'NONE', #850 ) ;
#741 = DIRECTION ( 'NONE',  ( -0.000000000000000000, -1.000000000000000000, -0.000000000000000000 ) ) ;
#742 = DIRECTION ( 'NONE',  ( 0.000000000000000000, -1.000000000000000000, -3.183627912681742218E-16 ) ) ;
#743 = EDGE_CURVE ( 'NONE', #342, #583, #1377, .T. ) ;
#744 = CARTESIAN_POINT ( 'NONE',  ( 2.000000000000000000, 11.48000000000000398, 18.99999999999999645 ) ) ;
#745 = PLANE ( 'NONE',  #1452 ) ;
#746 = EDGE_LOOP ( 'NONE', ( #94, #1260, #1287, #110 ) ) ;
#747 = CARTESIAN_POINT ( 'NONE',  ( 20.00000000000000000, 11.48000000000000398, 18.99999999999999645 ) ) ;
#748 = VECTOR ( 'NONE', #1519, 1000.000000000000000 ) ;
#749 = CC_DESIGN_PERSON_AND_ORGANIZATION_ASSIGNMENT ( #1408, #331, ( #526 ) ) ;
#750 = EDGE_CURVE ( 'NONE', #1520, #456, #17, .T. ) ;
#751 = FACE_OUTER_BOUND ( 'NONE', #1161, .T. ) ;
#752 = VECTOR ( 'NONE', #895, 1000.000000000000000 ) ;
#753 = DIRECTION ( 'NONE',  ( 0.000000000000000000, 1.000000000000000000, 0.000000000000000000 ) ) ;
#754 = DIRECTION ( 'NONE',  ( 0.000000000000000000, 0.000000000000000000, -1.000000000000000000 ) ) ;
#755 = ORIENTED_EDGE ( 'NONE', *, *, #1103, .T. ) ;
#756 = ORIENTED_EDGE ( 'NONE', *, *, #1503, .T. ) ;
#757 = DIRECTION ( 'NONE',  ( 0.000000000000000000, -0.7071067811865475727, 0.7071067811865474617 ) ) ;
#758 = CARTESIAN_POINT ( 'NONE',  ( 10.00000000000000000, -9.999999999999994671, 32.99999999999998579 ) ) ;
#759 = EDGE_CURVE ( 'NONE', #1036, #1242, #615, .T. ) ;
#760 = EDGE_LOOP ( 'NONE', ( #884, #913, #325, #503, #1193, #1265, #1094, #303, #1493, #899 ) ) ;
#761 = ORIENTED_EDGE ( 'NONE', *, *, #158, .T. ) ;
#762 = FACE_OUTER_BOUND ( 'NONE', #1499, .T. ) ;
#763 =( NAMED_UNIT ( * ) SI_UNIT ( $, .STERADIAN. ) SOLID_ANGLE_UNIT ( ) );
#764 = CYLINDRICAL_SURFACE ( 'NONE', #601, 2.649999999999999467 ) ;
#765 = DIRECTION ( 'NONE',  ( -0.7071067811865477948, -0.000000000000000000, -0.7071067811865473507 ) ) ;
#766 = ORIENTED_EDGE ( 'NONE', *, *, #280, .T. ) ;
#767 = DIRECTION ( 'NONE',  ( 1.000000000000000000, -0.000000000000000000, -0.000000000000000000 ) ) ;
#768 = ADVANCED_FACE ( 'NONE', ( #8 ), #1309, .F. ) ;
#769 = CIRCLE ( 'NONE', #875, 3.380000000000001226 ) ;
#770 = DIRECTION ( 'NONE',  ( 0.000000000000000000, -1.000000000000000000, 0.000000000000000000 ) ) ;
#771 = EDGE_CURVE ( 'NONE', #740, #1529, #488, .T. ) ;
#772 = ADVANCED_FACE ( 'NONE', ( #1315 ), #241, .F. ) ;
#773 = AXIS2_PLACEMENT_3D ( 'NONE', #714, #1090, #837 ) ;
#774 = PLANE ( 'NONE',  #279 ) ;
#775 = CARTESIAN_POINT ( 'NONE',  ( 46.74999999999998579, -9.999999999999994671, 17.99999999999998934 ) ) ;
#776 = AXIS2_PLACEMENT_3D ( 'NONE', #1122, #770, #894 ) ;
#777 = ORIENTED_EDGE ( 'NONE', *, *, #1061, .T. ) ;
#778 = PLANE ( 'NONE',  #1002 ) ;
#779 = EDGE_LOOP ( 'NONE', ( #160, #972 ) ) ;
#780 = DIRECTION ( 'NONE',  ( -1.000000000000000000, 0.000000000000000000, -0.000000000000000000 ) ) ;
#781 = COORDINATED_UNIVERSAL_TIME_OFFSET ( 5, 0, .BEHIND. ) ;
#782 = CARTESIAN_POINT ( 'NONE',  ( 46.74999999999998579, 5.000000000000004441, 73.99999999999998579 ) ) ;
#783 = EDGE_CURVE ( 'NONE', #849, #738, #1106, .T. ) ;
#784 = CARTESIAN_POINT ( 'NONE',  ( 10.00000000000000000, 26.00000000000000000, 0.000000000000000000 ) ) ;
#785 = ORIENTED_EDGE ( 'NONE', *, *, #1058, .F. ) ;
#786 = DIRECTION ( 'NONE',  ( -0.000000000000000000, -1.000000000000000000, -0.000000000000000000 ) ) ;
#787 = ORIENTED_EDGE ( 'NONE', *, *, #468, .F. ) ;
#788 = CARTESIAN_POINT ( 'NONE',  ( 10.00000000000000000, 26.00000000000000000, 0.000000000000000000 ) ) ;
#789 = DATE_AND_TIME ( #667, #1517 ) ;
#790 = CARTESIAN_POINT ( 'NONE',  ( 25.74999999999998934, 5.000000000000004441, 78.49999999999998579 ) ) ;
#791 = DIRECTION ( 'NONE',  ( -0.000000000000000000, -0.000000000000000000, -1.000000000000000000 ) ) ;
#792 = ORIENTED_EDGE ( 'NONE', *, *, #151, .T. ) ;
#793 = DIRECTION ( 'NONE',  ( 0.000000000000000000, 0.000000000000000000, -1.000000000000000000 ) ) ;
#794 = ORIENTED_EDGE ( 'NONE', *, *, #759, .T. ) ;
#795 = DIRECTION ( 'NONE',  ( 0.000000000000000000, 0.000000000000000000, -1.000000000000000000 ) ) ;
#796 = PERSON_AND_ORGANIZATION ( #409, #1255 ) ;
#797 = VECTOR ( 'NONE', #578, 1000.000000000000000 ) ;
#798 = EDGE_CURVE ( 'NONE', #30, #285, #2, .T. ) ;
#799 = CARTESIAN_POINT ( 'NONE',  ( 46.74999999999998579, 5.000000000000004441, 26.99999999999998224 ) ) ;
#800 = AXIS2_PLACEMENT_3D ( 'NONE', #966, #364, #429 ) ;
#801 = DIRECTION ( 'NONE',  ( -1.000000000000000000, 0.000000000000000000, 0.000000000000000000 ) ) ;
#802 = ORIENTED_EDGE ( 'NONE', *, *, #541, .F. ) ;
#803 = FACE_BOUND ( 'NONE', #1034, .T. ) ;
#804 = VECTOR ( 'NONE', #902, 1000.000000000000000 ) ;
#805 = LOCAL_TIME ( 14, 28, 39.00000000000000000, #83 ) ;
#806 = ORIENTED_EDGE ( 'NONE', *, *, #363, .T. ) ;
#807 = CARTESIAN_POINT ( 'NONE',  ( 42.67500000000000426, 1.480000000000005533, 10.99999999999999645 ) ) ;
#808 = COORDINATED_UNIVERSAL_TIME_OFFSET ( 5, 0, .BEHIND. ) ;
#809 = DIRECTION ( 'NONE',  ( -0.000000000000000000, -1.000000000000000000, -0.000000000000000000 ) ) ;
#810 = DIRECTION ( 'NONE',  ( -0.000000000000000000, -1.000000000000000000, -0.000000000000000000 ) ) ;
#811 = ADVANCED_FACE ( 'NONE', ( #1444 ), #361, .F. ) ;
#812 = ORIENTED_EDGE ( 'NONE', *, *, #1227, .T. ) ;
#813 = ORIENTED_EDGE ( 'NONE', *, *, #193, .T. ) ;
#814 = DIRECTION ( 'NONE',  ( -1.000000000000000000, 0.000000000000000000, 0.000000000000000000 ) ) ;
#815 = LINE ( 'NONE', #1282, #804 ) ;
#816 = DIRECTION ( 'NONE',  ( 1.000000000000000000, -0.000000000000000000, -0.000000000000000000 ) ) ;
#817 = ORIENTED_EDGE ( 'NONE', *, *, #1164, .F. ) ;
#818 = ORIENTED_EDGE ( 'NONE', *, *, #1139, .T. ) ;
#819 = DIRECTION ( 'NONE',  ( -1.000000000000000000, 0.000000000000000000, 0.000000000000000000 ) ) ;
#820 = ADVANCED_FACE ( 'NONE', ( #292 ), #1239, .T. ) ;
#821 = DIRECTION ( 'NONE',  ( 0.000000000000000000, 0.000000000000000000, -1.000000000000000000 ) ) ;
#822 = EDGE_CURVE ( 'NONE', #1221, #1427, #161, .T. ) ;
#823 = LINE ( 'NONE', #358, #874 ) ;
#824 = AXIS2_PLACEMENT_3D ( 'NONE', #100, #1072, #85 ) ;
#825 = AXIS2_PLACEMENT_3D ( 'NONE', #1070, #1321, #599 ) ;
#826 = ORIENTED_EDGE ( 'NONE', *, *, #891, .F. ) ;
#827 = AXIS2_PLACEMENT_3D ( 'NONE', #535, #1521, #189 ) ;
#828 = CIRCLE ( 'NONE', #455, 2.649999999999999467 ) ;
#829 = ORIENTED_EDGE ( 'NONE', *, *, #518, .T. ) ;
#830 = CARTESIAN_POINT ( 'NONE',  ( 42.67500000000000426, 1.480000000000005533, 17.32999999999999474 ) ) ;
#831 = DIRECTION ( 'NONE',  ( 0.000000000000000000, -1.000000000000000000, 0.000000000000000000 ) ) ;
#832 = LINE ( 'NONE', #340, #1558 ) ;
#833 = CC_DESIGN_DATE_AND_TIME_ASSIGNMENT ( #430, #1390, ( #950 ) ) ;
#834 = ORIENTED_EDGE ( 'NONE', *, *, #646, .F. ) ;
#835 = ADVANCED_FACE ( 'NONE', ( #762, #1369 ), #512, .T. ) ;
#836 = ORIENTED_EDGE ( 'NONE', *, *, #1276, .T. ) ;
#837 = DIRECTION ( 'NONE',  ( 0.000000000000000000, 0.000000000000000000, -1.000000000000000000 ) ) ;
#838 = MANIFOLD_SOLID_BREP ( 'Cut-Extrude6', #421 ) ;
#839 = CARTESIAN_POINT ( 'NONE',  ( 20.00000000000000000, -3.999999999999994671, 65.99999999999998579 ) ) ;
#840 = LINE ( 'NONE', #231, #1404 ) ;
#841 = ORIENTED_EDGE ( 'NONE', *, *, #21, .F. ) ;
#842 = ORIENTED_EDGE ( 'NONE', *, *, #320, .T. ) ;
#843 = CARTESIAN_POINT ( 'NONE',  ( 42.67500000000000426, 1.480000000000005533, 17.32999999999999474 ) ) ;
#844 = DIRECTION ( 'NONE',  ( 0.000000000000000000, 0.000000000000000000, -1.000000000000000000 ) ) ;
#845 = DIRECTION ( 'NONE',  ( 0.000000000000000000, 0.000000000000000000, -1.000000000000000000 ) ) ;
#846 = CIRCLE ( 'NONE', #171, 4.850000000000000533 ) ;
#847 = EDGE_LOOP ( 'NONE', ( #999, #915, #1134, #595 ) ) ;
#848 = VECTOR ( 'NONE', #616, 1000.000000000000000 ) ;
#849 = VERTEX_POINT ( 'NONE', #1113 ) ;
#850 = CARTESIAN_POINT ( 'NONE',  ( 20.00000000000000000, 36.00000000000002842, 0.000000000000000000 ) ) ;
#851 = AXIS2_PLACEMENT_3D ( 'NONE', #1364, #286, #282 ) ;
#852 = VECTOR ( 'NONE', #439, 1000.000000000000000 ) ;
#853 = CIRCLE ( 'NONE', #204, 4.500000000000003553 ) ;
#854 = LINE ( 'NONE', #1423, #1327 ) ;
#855 = CYLINDRICAL_SURFACE ( 'NONE', #1001, 4.850000000000000533 ) ;
#856 = DIRECTION ( 'NONE',  ( 0.000000000000000000, 0.000000000000000000, -1.000000000000000000 ) ) ;
#857 = ORIENTED_EDGE ( 'NONE', *, *, #711, .F. ) ;
#858 = LINE ( 'NONE', #495, #1055 ) ;
#859 = ORIENTED_EDGE ( 'NONE', *, *, #1358, .T. ) ;
#860 = EDGE_CURVE ( 'NONE', #614, #32, #1538, .T. ) ;
#861 = CARTESIAN_POINT ( 'NONE',  ( 52.49999999999999289, 85.94643539206104776, 86.00000000000000000 ) ) ;
#862 = CARTESIAN_POINT ( 'NONE',  ( 0.000000000000000000, 0.000000000000000000, 10.99999999999999645 ) ) ;
#863 = DIRECTION ( 'NONE',  ( 0.000000000000000000, -1.000000000000000000, 0.000000000000000000 ) ) ;
#864 = ORIENTED_EDGE ( 'NONE', *, *, #671, .F. ) ;
#865 = CARTESIAN_POINT ( 'NONE',  ( -9.560083681642124631, 18.00000000000000355, 16.00000000000000711 ) ) ;
#866 = EDGE_CURVE ( 'NONE', #1022, #225, #858, .T. ) ;
#867 = ORIENTED_EDGE ( 'NONE', *, *, #1115, .T. ) ;
#868 = CARTESIAN_POINT ( 'NONE',  ( 20.00000000000000000, 0.000000000000000000, 0.000000000000000000 ) ) ;
#869 = CARTESIAN_POINT ( 'NONE',  ( 0.000000000000000000, 0.000000000000000000, 0.000000000000000000 ) ) ;
#870 = DIRECTION ( 'NONE',  ( -0.000000000000000000, 1.000000000000000000, -0.000000000000000000 ) ) ;
#871 = CARTESIAN_POINT ( 'NONE',  ( 25.74999999999998934, 18.97533188057740716, 22.49999999999998579 ) ) ;
#872 = EDGE_LOOP ( 'NONE', ( #1049, #550, #1220, #210 ) ) ;
#873 = DIRECTION ( 'NONE',  ( -1.000000000000000000, 0.000000000000000000, 0.000000000000000000 ) ) ;
#874 = VECTOR ( 'NONE', #1048, 1000.000000000000000 ) ;
#875 = AXIS2_PLACEMENT_3D ( 'NONE', #1084, #959, #135 ) ;
#876 = ORIENTED_EDGE ( 'NONE', *, *, #892, .T. ) ;
#877 = EDGE_CURVE ( 'NONE', #1129, #284, #1460, .T. ) ;
#878 = FACE_OUTER_BOUND ( 'NONE', #1243, .T. ) ;
#879 = CARTESIAN_POINT ( 'NONE',  ( 19.99999999999998579, 11.48000000000000398, 86.00000000000000000 ) ) ;
#880 = SECURITY_CLASSIFICATION ( '', '', #1171 ) ;
#881 = FACE_OUTER_BOUND ( 'NONE', #104, .T. ) ;
#882 = ORIENTED_EDGE ( 'NONE', *, *, #530, .T. ) ;
#883 = ADVANCED_FACE ( 'NONE', ( #1135 ), #504, .F. ) ;
#884 = ORIENTED_EDGE ( 'NONE', *, *, #219, .F. ) ;
#885 = CARTESIAN_POINT ( 'NONE',  ( 46.74999999999998579, 5.000000000000004441, 78.49999999999998579 ) ) ;
#886 =( NAMED_UNIT ( * ) PLANE_ANGLE_UNIT ( ) SI_UNIT ( $, .RADIAN. ) );
#887 = DIRECTION ( 'NONE',  ( 0.000000000000000000, 0.000000000000000000, -1.000000000000000000 ) ) ;
#888 = CARTESIAN_POINT ( 'NONE',  ( 20.00000000000000000, 11.48000000000000398, 5.999999999999997335 ) ) ;
#889 = ORIENTED_EDGE ( 'NONE', *, *, #542, .F. ) ;
#890 = CARTESIAN_POINT ( 'NONE',  ( 0.000000000000000000, 18.00000000000000355, 16.00000000000000711 ) ) ;
#891 = EDGE_CURVE ( 'NONE', #284, #640, #656, .T. ) ;
#892 = EDGE_CURVE ( 'NONE', #175, #240, #123, .T. ) ;
#893 = EDGE_LOOP ( 'NONE', ( #166, #385, #255, #1088 ) ) ;
#894 = DIRECTION ( 'NONE',  ( 0.000000000000000000, -0.000000000000000000, -1.000000000000000000 ) ) ;
#895 = DIRECTION ( 'NONE',  ( -0.000000000000000000, -1.000000000000000000, -0.000000000000000000 ) ) ;
#896 = LINE ( 'NONE', #1156, #248 ) ;
#897 = ORIENTED_EDGE ( 'NONE', *, *, #320, .F. ) ;
#898 = DIRECTION ( 'NONE',  ( -0.000000000000000000, -1.000000000000000000, -0.000000000000000000 ) ) ;
#899 = ORIENTED_EDGE ( 'NONE', *, *, #101, .T. ) ;
#900 = VECTOR ( 'NONE', #987, 1000.000000000000000 ) ;
#901 = CIRCLE ( 'NONE', #148, 2.649999999999999467 ) ;
#902 = DIRECTION ( 'NONE',  ( 1.000000000000000000, -0.000000000000000000, -0.000000000000000000 ) ) ;
#903 = CARTESIAN_POINT ( 'NONE',  ( 1.999999999999998224, 11.48000000000000398, 18.99999999999999645 ) ) ;
#904 = AXIS2_PLACEMENT_3D ( 'NONE', #1461, #136, #288 ) ;
#905 = EDGE_LOOP ( 'NONE', ( #1294, #216, #968, #1185, #826 ) ) ;
#906 = DIRECTION ( 'NONE',  ( -0.000000000000000000, 1.000000000000000000, -0.000000000000000000 ) ) ;
#907 = ORIENTED_EDGE ( 'NONE', *, *, #151, .F. ) ;
#908 = DIRECTION ( 'NONE',  ( 0.000000000000000000, 0.000000000000000000, 1.000000000000000000 ) ) ;
#909 = ADVANCED_FACE ( 'NONE', ( #1484 ), #377, .F. ) ;
#910 = APPROVAL_STATUS ( 'not_yet_approved' ) ;
#911 = DIRECTION ( 'NONE',  ( 0.000000000000000000, -1.000000000000000000, 0.000000000000000000 ) ) ;
#912 = CARTESIAN_POINT ( 'NONE',  ( 20.00000000000000000, 36.00000000000002842, 0.000000000000000000 ) ) ;
#913 = ORIENTED_EDGE ( 'NONE', *, *, #1331, .F. ) ;
#914 = CARTESIAN_POINT ( 'NONE',  ( 46.74999999999998579, 5.000000000000004441, 78.49999999999998579 ) ) ;
#915 = ORIENTED_EDGE ( 'NONE', *, *, #1468, .T. ) ;
#916 = DIRECTION ( 'NONE',  ( -0.000000000000000000, -1.000000000000000000, 0.000000000000000000 ) ) ;
#917 = ADVANCED_FACE ( 'NONE', ( #168 ), #154, .F. ) ;
#918 = PERSON_AND_ORGANIZATION ( #409, #1255 ) ;
#919 = CARTESIAN_POINT ( 'NONE',  ( 20.00000000000000000, 0.000000000000000000, 0.000000000000000000 ) ) ;
#920 = PLANE ( 'NONE',  #954 ) ;
#921 = VERTEX_POINT ( 'NONE', #739 ) ;
#922 = CARTESIAN_POINT ( 'NONE',  ( 25.74999999999998934, 11.48000000000000398, 75.84999999999998010 ) ) ;
#923 = EDGE_LOOP ( 'NONE', ( #882, #577, #1533, #956 ) ) ;
#924 = CARTESIAN_POINT ( 'NONE',  ( 10.00000000000000000, 26.00000000000000000, 6.000000000000001776 ) ) ;
#925 = APPROVAL_DATE_TIME ( #685, #1409 ) ;
#926 = AXIS2_PLACEMENT_3D ( 'NONE', #77, #186, #1526 ) ;
#927 = EDGE_CURVE ( 'NONE', #436, #1073, #1231, .T. ) ;
#928 = CIRCLE ( 'NONE', #476, 3.000000000000000888 ) ;
#929 = CARTESIAN_POINT ( 'NONE',  ( 52.50000000000000711, 11.48000000000000398, 18.99999999999999645 ) ) ;
#930 = AXIS2_PLACEMENT_3D ( 'NONE', #1023, #300, #540 ) ;
#931 = CARTESIAN_POINT ( 'NONE',  ( 25.74999999999998934, 5.000000000000004441, 17.99999999999998579 ) ) ;
#932 = AXIS2_PLACEMENT_3D ( 'NONE', #572, #677, #1296 ) ;
#933 = VERTEX_POINT ( 'NONE', #1354 ) ;
#934 = VECTOR ( 'NONE', #113, 1000.000000000000000 ) ;
#935 = VERTEX_POINT ( 'NONE', #1012 ) ;
#936 = LINE ( 'NONE', #1143, #249 ) ;
#937 = CARTESIAN_POINT ( 'NONE',  ( 10.00000000000000000, 26.00000000000000000, 14.48528137423856954 ) ) ;
#938 = CARTESIAN_POINT ( 'NONE',  ( 60.17499999999999005, -9.999999999999994671, 10.99999999999999645 ) ) ;
#939 = ORIENTED_EDGE ( 'NONE', *, *, #1059, .F. ) ;
#940 = EDGE_LOOP ( 'NONE', ( #1230, #102, #271, #334, #1112 ) ) ;
#941 = DIRECTION ( 'NONE',  ( 0.000000000000000000, -0.7071067811865474617, 0.7071067811865474617 ) ) ;
#942 = EDGE_CURVE ( 'NONE', #1192, #1221, #1128, .T. ) ;
#943 = EDGE_CURVE ( 'NONE', #134, #1159, #276, .T. ) ;
#944 = EDGE_CURVE ( 'NONE', #456, #1520, #1378, .T. ) ;
#945 = DIRECTION ( 'NONE',  ( -0.000000000000000000, 1.000000000000000000, -0.000000000000000000 ) ) ;
#946 = CYLINDRICAL_SURFACE ( 'NONE', #1351, 3.000000000000002665 ) ;
#947 = EDGE_LOOP ( 'NONE', ( #1, #79 ) ) ;
#948 = ORIENTED_EDGE ( 'NONE', *, *, #1438, .F. ) ;
#949 = LINE ( 'NONE', #1428, #726 ) ;
#950 = PRODUCT_DEFINITION ( 'UNKNOWN', '', #526, #1339 ) ;
#951 = DIRECTION ( 'NONE',  ( -0.000000000000000000, 1.000000000000000000, -0.000000000000000000 ) ) ;
#952 = EDGE_CURVE ( 'NONE', #1549, #1063, #386, .T. ) ;
#953 = LINE ( 'NONE', #710, #1151 ) ;
#954 = AXIS2_PLACEMENT_3D ( 'NONE', #322, #1367, #470 ) ;
#955 = VECTOR ( 'NONE', #1462, 1000.000000000000000 ) ;
#956 = ORIENTED_EDGE ( 'NONE', *, *, #1383, .T. ) ;
#957 = VECTOR ( 'NONE', #317, 1000.000000000000000 ) ;
#958 = ORIENTED_EDGE ( 'NONE', *, *, #596, .T. ) ;
#959 = DIRECTION ( 'NONE',  ( -1.000000000000000000, 0.000000000000000000, -0.000000000000000000 ) ) ;
#960 = CARTESIAN_POINT ( 'NONE',  ( 46.74999999999998579, 18.97533188057740716, 78.49999999999998579 ) ) ;
#961 = DIRECTION ( 'NONE',  ( -1.000000000000000000, 0.000000000000000000, 0.000000000000000000 ) ) ;
#962 = ORIENTED_EDGE ( 'NONE', *, *, #611, .F. ) ;
#963 = VERTEX_POINT ( 'NONE', #31 ) ;
#964 = DIRECTION ( 'NONE',  ( -1.000000000000000000, 0.000000000000000000, 0.000000000000000000 ) ) ;
#965 = DIRECTION ( 'NONE',  ( -0.000000000000000000, -1.000000000000000000, -0.000000000000000000 ) ) ;
#966 = CARTESIAN_POINT ( 'NONE',  ( 46.74999999999998579, 11.48000000000000398, 22.49999999999998579 ) ) ;
#967 = EDGE_LOOP ( 'NONE', ( #261, #792, #12, #1140 ) ) ;
#968 = ORIENTED_EDGE ( 'NONE', *, *, #337, .F. ) ;
#969 = DIRECTION ( 'NONE',  ( -1.000000000000000000, 0.000000000000000000, 0.000000000000000000 ) ) ;
#970 = LINE ( 'NONE', #1453, #979 ) ;
#971 = CARTESIAN_POINT ( 'NONE',  ( 25.74999999999998934, 5.000000000000004441, 22.49999999999998579 ) ) ;
#972 = ORIENTED_EDGE ( 'NONE', *, *, #1394, .T. ) ;
#973 = EDGE_CURVE ( 'NONE', #527, #688, #576, .T. ) ;
#974 = EDGE_LOOP ( 'NONE', ( #1441, #939, #756, #215 ) ) ;
#975 = CARTESIAN_POINT ( 'NONE',  ( 25.74999999999998934, 5.000000000000004441, 22.49999999999998579 ) ) ;
#976 = AXIS2_PLACEMENT_3D ( 'NONE', #619, #645, #757 ) ;
#977 = AXIS2_PLACEMENT_3D ( 'NONE', #339, #1029, #422 ) ;
#978 = ORIENTED_EDGE ( 'NONE', *, *, #822, .F. ) ;
#979 = VECTOR ( 'NONE', #371, 1000.000000000000000 ) ;
#980 = FACE_BOUND ( 'NONE', #1565, .T. ) ;
#981 = FACE_OUTER_BOUND ( 'NONE', #445, .T. ) ;
#982 = ORIENTED_EDGE ( 'NONE', *, *, #711, .T. ) ;
#983 = ORIENTED_EDGE ( 'NONE', *, *, #1468, .F. ) ;
#984 = DIRECTION ( 'NONE',  ( -0.000000000000000000, 1.000000000000000000, -0.000000000000000000 ) ) ;
#985 = EDGE_CURVE ( 'NONE', #240, #175, #1153, .T. ) ;
#986 = LINE ( 'NONE', #868, #47 ) ;
#987 = DIRECTION ( 'NONE',  ( -0.000000000000000000, -1.000000000000000000, -0.000000000000000000 ) ) ;
#988 = PLANE ( 'NONE',  #1207 ) ;
#989 = FACE_BOUND ( 'NONE', #1345, .T. ) ;
#990 = ORIENTED_EDGE ( 'NONE', *, *, #265, .T. ) ;
#991 = CARTESIAN_POINT ( 'NONE',  ( 25.74999999999998934, -9.999999999999994671, 78.49999999999998579 ) ) ;
#992 = EDGE_LOOP ( 'NONE', ( #1465, #1419 ) ) ;
#993 = EDGE_CURVE ( 'NONE', #245, #663, #309, .T. ) ;
#994 = LINE ( 'NONE', #869, #423 ) ;
#995 = EDGE_CURVE ( 'NONE', #354, #1520, #1274, .T. ) ;
#996 = DIRECTION ( 'NONE',  ( -0.000000000000000000, -1.000000000000000000, -0.000000000000000000 ) ) ;
#997 = ORIENTED_EDGE ( 'NONE', *, *, #244, .T. ) ;
#998 = AXIS2_PLACEMENT_3D ( 'NONE', #1133, #315, #290 ) ;
#999 = ORIENTED_EDGE ( 'NONE', *, *, #442, .F. ) ;
#1000 = DIRECTION ( 'NONE',  ( 0.000000000000000000, 0.000000000000000000, -1.000000000000000000 ) ) ;
#1001 = AXIS2_PLACEMENT_3D ( 'NONE', #34, #731, #1216 ) ;
#1002 = AXIS2_PLACEMENT_3D ( 'NONE', #689, #87, #568 ) ;
#1003 = ORIENTED_EDGE ( 'NONE', *, *, #1503, .F. ) ;
#1004 = CIRCLE ( 'NONE', #400, 3.000000000000002665 ) ;
#1005 = CARTESIAN_POINT ( 'NONE',  ( 46.74999999999998579, -9.999999999999994671, 82.99999999999998579 ) ) ;
#1006 = CIRCLE ( 'NONE', #372, 4.499999999999997335 ) ;
#1007 = APPROVAL_PERSON_ORGANIZATION ( #1381, #128, #1046 ) ;
#1008 = CYLINDRICAL_SURFACE ( 'NONE', #228, 2.649999999999999467 ) ;
#1009 = ADVANCED_FACE ( 'NONE', ( #560 ), #1266, .F. ) ;
#1010 = DIRECTION ( 'NONE',  ( -1.000000000000000000, -0.000000000000000000, -0.000000000000000000 ) ) ;
#1011 = VERTEX_POINT ( 'NONE', #435 ) ;
#1012 = CARTESIAN_POINT ( 'NONE',  ( 60.17499999999999005, -9.999999999999994671, 10.99999999999999645 ) ) ;
#1013 = VERTEX_POINT ( 'NONE', #922 ) ;
#1014 = APPLICATION_PROTOCOL_DEFINITION ( 'international standard', 'config_control_design', 1994, #1515 ) ;
#1015 = LINE ( 'NONE', #1225, #653 ) ;
#1016 = FACE_OUTER_BOUND ( 'NONE', #893, .T. ) ;
#1017 = ORIENTED_EDGE ( 'NONE', *, *, #1197, .F. ) ;
#1018 = FACE_OUTER_BOUND ( 'NONE', #68, .T. ) ;
#1019 = ORIENTED_EDGE ( 'NONE', *, *, #985, .T. ) ;
#1020 = DIRECTION ( 'NONE',  ( -0.000000000000000000, -0.000000000000000000, -1.000000000000000000 ) ) ;
#1021 = FACE_BOUND ( 'NONE', #1067, .T. ) ;
#1022 = VERTEX_POINT ( 'NONE', #672 ) ;
#1023 = CARTESIAN_POINT ( 'NONE',  ( 25.74999999999998934, 18.97533188057740716, 22.49999999999998579 ) ) ;
#1024 = EDGE_CURVE ( 'NONE', #631, #1208, #1004, .T. ) ;
#1025 = ORIENTED_EDGE ( 'NONE', *, *, #729, .F. ) ;
#1026 = DIRECTION ( 'NONE',  ( 0.000000000000000000, 0.000000000000000000, -1.000000000000000000 ) ) ;
#1027 = AXIS2_PLACEMENT_3D ( 'NONE', #1212, #375, #856 ) ;
#1028 = VECTOR ( 'NONE', #259, 999.9999999999998863 ) ;
#1029 = DIRECTION ( 'NONE',  ( -0.000000000000000000, -1.000000000000000000, -0.000000000000000000 ) ) ;
#1030 = AXIS2_PLACEMENT_3D ( 'NONE', #592, #1445, #844 ) ;
#1031 = PLANE ( 'NONE',  #1477 ) ;
#1032 = CC_DESIGN_PERSON_AND_ORGANIZATION_ASSIGNMENT ( #796, #1269, ( #526 ) ) ;
#1033 = EDGE_CURVE ( 'NONE', #1307, #1013, #901, .T. ) ;
#1034 = EDGE_LOOP ( 'NONE', ( #857, #1379 ) ) ;
#1035 = DIRECTION ( 'NONE',  ( -0.000000000000000000, 1.000000000000000000, -0.000000000000000000 ) ) ;
#1036 = VERTEX_POINT ( 'NONE', #1500 ) ;
#1037 = LINE ( 'NONE', #1268, #1180 ) ;
#1038 = APPROVAL_ROLE ( '' ) ;
#1039 = CARTESIAN_POINT ( 'NONE',  ( 10.00000000000000000, -9.999999999999994671, 35.99999999999999289 ) ) ;
#1040 = CARTESIAN_POINT ( 'NONE',  ( 60.17499999999999005, 11.48000000000000398, 18.99999999999999645 ) ) ;
#1041 = ORIENTED_EDGE ( 'NONE', *, *, #1513, .T. ) ;
#1042 = DIRECTION ( 'NONE',  ( 0.000000000000000000, 0.000000000000000000, -1.000000000000000000 ) ) ;
#1043 = EDGE_CURVE ( 'NONE', #308, #606, #1148, .T. ) ;
#1044 = ORIENTED_EDGE ( 'NONE', *, *, #1102, .T. ) ;
#1045 = DIRECTION ( 'NONE',  ( 0.000000000000000000, 0.000000000000000000, 1.000000000000000000 ) ) ;
#1046 = APPROVAL_ROLE ( '' ) ;
#1047 = CARTESIAN_POINT ( 'NONE',  ( 20.00000000000000000, 0.000000000000000000, 0.000000000000000000 ) ) ;
#1048 = DIRECTION ( 'NONE',  ( -0.000000000000000000, -1.000000000000000000, -0.000000000000000000 ) ) ;
#1049 = ORIENTED_EDGE ( 'NONE', *, *, #1382, .T. ) ;
#1050 = ORIENTED_EDGE ( 'NONE', *, *, #993, .F. ) ;
#1051 = CARTESIAN_POINT ( 'NONE',  ( 10.00000000000000000, -3.999999999999994671, 35.99999999999999289 ) ) ;
#1052 = VECTOR ( 'NONE', #1175, 1000.000000000000000 ) ;
#1053 = AXIS2_PLACEMENT_3D ( 'NONE', #202, #64, #191 ) ;
#1054 = CYLINDRICAL_SURFACE ( 'NONE', #932, 2.649999999999999467 ) ;
#1055 = VECTOR ( 'NONE', #23, 1000.000000000000000 ) ;
#1056 = CARTESIAN_POINT ( 'NONE',  ( 46.74999999999998579, 5.000000000000004441, 82.99999999999998579 ) ) ;
#1057 = CIRCLE ( 'NONE', #46, 2.649999999999999467 ) ;
#1058 = EDGE_CURVE ( 'NONE', #1375, #285, #682, .T. ) ;
#1059 = EDGE_CURVE ( 'NONE', #1336, #354, #200, .T. ) ;
#1060 = ORIENTED_EDGE ( 'NONE', *, *, #1024, .F. ) ;
#1061 = EDGE_CURVE ( 'NONE', #1338, #149, #1563, .T. ) ;
#1062 = VECTOR ( 'NONE', #242, 1000.000000000000000 ) ;
#1063 = VERTEX_POINT ( 'NONE', #444 ) ;
#1064 = DIRECTION ( 'NONE',  ( -0.000000000000000000, -1.000000000000000000, -0.000000000000000000 ) ) ;
#1065 = LINE ( 'NONE', #1303, #478 ) ;
#1066 = LINE ( 'NONE', #1297, #1078 ) ;
#1067 = EDGE_LOOP ( 'NONE', ( #1347, #96 ) ) ;
#1068 = ADVANCED_FACE ( 'NONE', ( #803, #209 ), #778, .F. ) ;
#1069 = ORIENTED_EDGE ( 'NONE', *, *, #493, .F. ) ;
#1070 = CARTESIAN_POINT ( 'NONE',  ( 46.74999999999998579, 5.000000000000004441, 22.49999999999998579 ) ) ;
#1071 = CARTESIAN_POINT ( 'NONE',  ( 46.74999999999998579, 5.000000000000004441, 78.49999999999998579 ) ) ;
#1072 = DIRECTION ( 'NONE',  ( -1.000000000000000000, 0.000000000000000000, -2.071311613106635153E-16 ) ) ;
#1073 = VERTEX_POINT ( 'NONE', #55 ) ;
#1074 = ORIENTED_EDGE ( 'NONE', *, *, #1448, .F. ) ;
#1075 = CARTESIAN_POINT ( 'NONE',  ( 46.74999999999998579, 5.000000000000004441, 25.14999999999998437 ) ) ;
#1076 = DIRECTION ( 'NONE',  ( 0.000000000000000000, -1.000000000000000000, 0.000000000000000000 ) ) ;
#1077 = FACE_OUTER_BOUND ( 'NONE', #1550, .T. ) ;
#1078 = VECTOR ( 'NONE', #222, 1000.000000000000000 ) ;
#1079 = ORIENTED_EDGE ( 'NONE', *, *, #278, .F. ) ;
#1080 = AXIS2_PLACEMENT_3D ( 'NONE', #1200, #118, #969 ) ;
#1081 = ADVANCED_FACE ( 'NONE', ( #1018 ), #1376, .F. ) ;
#1082 = AXIS2_PLACEMENT_3D ( 'NONE', #147, #172, #1497 ) ;
#1083 = ORIENTED_EDGE ( 'NONE', *, *, #860, .T. ) ;
#1084 = CARTESIAN_POINT ( 'NONE',  ( 0.000000000000000000, 18.00000000000000355, 16.00000000000000711 ) ) ;
#1085 = AXIS2_PLACEMENT_3D ( 'NONE', #499, #294, #1108 ) ;
#1086 = LINE ( 'NONE', #484, #402 ) ;
#1087 = LINE ( 'NONE', #4, #297 ) ;
#1088 = ORIENTED_EDGE ( 'NONE', *, *, #234, .F. ) ;
#1089 = VERTEX_POINT ( 'NONE', #1508 ) ;
#1090 = DIRECTION ( 'NONE',  ( -0.000000000000000000, -1.000000000000000000, -0.000000000000000000 ) ) ;
#1091 = ADVANCED_FACE ( 'NONE', ( #427, #165 ), #509, .F. ) ;
#1092 = DIRECTION ( 'NONE',  ( -1.000000000000000000, 0.000000000000000000, -0.000000000000000000 ) ) ;
#1093 = LINE ( 'NONE', #145, #1482 ) ;
#1094 = ORIENTED_EDGE ( 'NONE', *, *, #1219, .T. ) ;
#1095 = VERTEX_POINT ( 'NONE', #1246 ) ;
#1096 = CARTESIAN_POINT ( 'NONE',  ( 20.00000000000000000, -9.999999999999994671, 9.999999999999994671 ) ) ;
#1097 = EDGE_LOOP ( 'NONE', ( #310, #1060 ) ) ;
#1098 = LINE ( 'NONE', #1340, #374 ) ;
#1099 = DIRECTION ( 'NONE',  ( -0.000000000000000000, -1.000000000000000000, -0.000000000000000000 ) ) ;
#1100 = LINE ( 'NONE', #1326, #701 ) ;
#1101 = AXIS2_PLACEMENT_3D ( 'NONE', #373, #264, #1476 ) ;
#1102 = EDGE_CURVE ( 'NONE', #1022, #935, #1015, .T. ) ;
#1103 = EDGE_CURVE ( 'NONE', #1013, #366, #523, .T. ) ;
#1104 = ORIENTED_EDGE ( 'NONE', *, *, #390, .F. ) ;
#1105 = DIRECTION ( 'NONE',  ( 0.000000000000000000, 0.000000000000000000, -1.000000000000000000 ) ) ;
#1106 = CIRCLE ( 'NONE', #1080, 4.850000000000000533 ) ;
#1107 = EDGE_LOOP ( 'NONE', ( #1527, #208 ) ) ;
#1108 = DIRECTION ( 'NONE',  ( 0.000000000000000000, 0.000000000000000000, -1.000000000000000000 ) ) ;
#1109 = LINE ( 'NONE', #861, #173 ) ;
#1110 = CARTESIAN_POINT ( 'NONE',  ( 46.74999999999998579, 18.97533188057740716, 78.49999999999998579 ) ) ;
#1111 = DIRECTION ( 'NONE',  ( 0.000000000000000000, -0.000000000000000000, -1.000000000000000000 ) ) ;
#1112 = ORIENTED_EDGE ( 'NONE', *, *, #483, .F. ) ;
#1113 = CARTESIAN_POINT ( 'NONE',  ( 37.82500000000000284, 1.480000000000005533, 17.32999999999999474 ) ) ;
#1114 = CC_DESIGN_PERSON_AND_ORGANIZATION_ASSIGNMENT ( #918, #1399, ( #950 ) ) ;
#1115 = EDGE_CURVE ( 'NONE', #190, #239, #1540, .T. ) ;
#1116 = DIRECTION ( 'NONE',  ( -0.000000000000000000, 1.000000000000000000, 0.000000000000000000 ) ) ;
#1117 = FACE_OUTER_BOUND ( 'NONE', #905, .T. ) ;
#1118 = DIRECTION ( 'NONE',  ( 0.000000000000000000, 1.000000000000000000, 3.183627912681742218E-16 ) ) ;
#1119 = DIRECTION ( 'NONE',  ( 0.000000000000000000, 0.000000000000000000, -1.000000000000000000 ) ) ;
#1120 = ORIENTED_EDGE ( 'NONE', *, *, #1059, .T. ) ;
#1121 = DIRECTION ( 'NONE',  ( 0.000000000000000000, -0.000000000000000000, -1.000000000000000000 ) ) ;
#1122 = CARTESIAN_POINT ( 'NONE',  ( 46.74999999999998579, 5.000000000000004441, 78.49999999999998579 ) ) ;
#1123 = LINE ( 'NONE', #57, #20 ) ;
#1124 = DIRECTION ( 'NONE',  ( -1.000000000000000000, -0.000000000000000000, -0.000000000000000000 ) ) ;
#1125 = ORIENTED_EDGE ( 'NONE', *, *, #927, .F. ) ;
#1126 = DIRECTION ( 'NONE',  ( 0.000000000000000000, 0.000000000000000000, -1.000000000000000000 ) ) ;
#1127 = CIRCLE ( 'NONE', #520, 3.000000000000002665 ) ;
#1128 = CIRCLE ( 'NONE', #1510, 3.380000000000001226 ) ;
#1129 = VERTEX_POINT ( 'NONE', #744 ) ;
#1130 = VECTOR ( 'NONE', #809, 1000.000000000000000 ) ;
#1131 =( GEOMETRIC_REPRESENTATION_CONTEXT ( 3 ) GLOBAL_UNCERTAINTY_ASSIGNED_CONTEXT ( ( #381 ) ) GLOBAL_UNIT_ASSIGNED_CONTEXT ( ( #33, #886, #763 ) ) REPRESENTATION_CONTEXT ( 'NONE', 'WORKASPACE' ) );
#1132 = CARTESIAN_POINT ( 'NONE',  ( 60.17499999999999005, 11.48000000000000398, 18.99999999999999645 ) ) ;
#1133 = CARTESIAN_POINT ( 'NONE',  ( 25.74999999999998934, 5.000000000000004441, 22.49999999999998579 ) ) ;
#1134 = ORIENTED_EDGE ( 'NONE', *, *, #193, .F. ) ;
#1135 = FACE_OUTER_BOUND ( 'NONE', #1149, .T. ) ;
#1136 = ORIENTED_EDGE ( 'NONE', *, *, #556, .T. ) ;
#1137 = CARTESIAN_POINT ( 'NONE',  ( 0.000000000000000000, 18.00000000000000355, 19.38000000000000966 ) ) ;
#1138 = CARTESIAN_POINT ( 'NONE',  ( 20.00000000000000000, 11.48000000000000398, 5.999999999999997335 ) ) ;
#1139 = EDGE_CURVE ( 'NONE', #1013, #1307, #327, .T. ) ;
#1140 = ORIENTED_EDGE ( 'NONE', *, *, #265, .F. ) ;
#1141 = DIRECTION ( 'NONE',  ( 0.000000000000000000, 0.000000000000000000, -1.000000000000000000 ) ) ;
#1142 = ORIENTED_EDGE ( 'NONE', *, *, #877, .T. ) ;
#1143 = CARTESIAN_POINT ( 'NONE',  ( 0.000000000000000000, 36.00000000000000711, 6.000000000000005329 ) ) ;
#1144 = ADVANCED_FACE ( 'NONE', ( #296, #881 ), #988, .T. ) ;
#1145 = LINE ( 'NONE', #1189, #625 ) ;
#1146 = LINE ( 'NONE', #67, #748 ) ;
#1147 = VERTEX_POINT ( 'NONE', #41 ) ;
#1148 = LINE ( 'NONE', #326, #549 ) ;
#1149 = EDGE_LOOP ( 'NONE', ( #1522, #536, #613, #1003 ) ) ;
#1150 = DIRECTION ( 'NONE',  ( -0.7071067811865473507, 0.000000000000000000, 0.7071067811865477948 ) ) ;
#1151 = VECTOR ( 'NONE', #566, 1000.000000000000000 ) ;
#1152 = VECTOR ( 'NONE', #130, 1000.000000000000000 ) ;
#1153 = CIRCLE ( 'NONE', #704, 2.649999999999999467 ) ;
#1154 = DIRECTION ( 'NONE',  ( -0.000000000000000000, -1.000000000000000000, -0.000000000000000000 ) ) ;
#1155 = CIRCLE ( 'NONE', #203, 3.000000000000002665 ) ;
#1156 = CARTESIAN_POINT ( 'NONE',  ( 0.000000000000000000, -9.999999999999994671, 46.00000000000000000 ) ) ;
#1157 = CC_DESIGN_SECURITY_CLASSIFICATION ( #880, ( #526 ) ) ;
#1158 = ADVANCED_FACE ( 'NONE', ( #1471 ), #774, .F. ) ;
#1159 = VERTEX_POINT ( 'NONE', #1478 ) ;
#1160 = DIRECTION ( 'NONE',  ( 0.000000000000000000, 0.000000000000000000, -1.000000000000000000 ) ) ;
#1161 = EDGE_LOOP ( 'NONE', ( #529, #674, #813, #353, #553, #341, #466, #670, #1363, #727 ) ) ;
#1162 = FACE_OUTER_BOUND ( 'NONE', #1450, .T. ) ;
#1163 = PERSON_AND_ORGANIZATION ( #409, #1255 ) ;
#1164 = EDGE_CURVE ( 'NONE', #640, #1095, #1123, .T. ) ;
#1165 = DIRECTION ( 'NONE',  ( 0.000000000000000000, 0.000000000000000000, -1.000000000000000000 ) ) ;
#1166 = CARTESIAN_POINT ( 'NONE',  ( 20.00000000000000000, -9.999999999999994671, 65.99999999999998579 ) ) ;
#1167 = VERTEX_POINT ( 'NONE', #179 ) ;
#1168 = CARTESIAN_POINT ( 'NONE',  ( 46.74999999999998579, 5.000000000000004441, 82.99999999999998579 ) ) ;
#1169 = VERTEX_POINT ( 'NONE', #275 ) ;
#1170 = FACE_OUTER_BOUND ( 'NONE', #24, .T. ) ;
#1171 = SECURITY_CLASSIFICATION_LEVEL ( 'unclassified' ) ;
#1172 = ADVANCED_FACE ( 'NONE', ( #514 ), #1256, .T. ) ;
#1173 = LINE ( 'NONE', #306, #1253 ) ;
#1174 = ADVANCED_FACE ( 'NONE', ( #1463 ), #1008, .F. ) ;
#1175 = DIRECTION ( 'NONE',  ( -0.000000000000000000, -1.000000000000000000, -0.000000000000000000 ) ) ;
#1176 = ORIENTED_EDGE ( 'NONE', *, *, #451, .T. ) ;
#1177 = EDGE_LOOP ( 'NONE', ( #335, #1125, #1320, #1285, #140 ) ) ;
#1178 = CARTESIAN_POINT ( 'NONE',  ( 10.00000000000000000, 4.485281374238581975, 32.99999999999998579 ) ) ;
#1179 = CIRCLE ( 'NONE', #1027, 4.500000000000000888 ) ;
#1180 = VECTOR ( 'NONE', #684, 1000.000000000000114 ) ;
#1181 = LINE ( 'NONE', #799, #524 ) ;
#1182 = VECTOR ( 'NONE', #873, 1000.000000000000000 ) ;
#1183 = CARTESIAN_POINT ( 'NONE',  ( 6.999999999999999112, 26.00000000000000000, 0.000000000000000000 ) ) ;
#1184 = AXIS2_PLACEMENT_3D ( 'NONE', #314, #1531, #693 ) ;
#1185 = ORIENTED_EDGE ( 'NONE', *, *, #363, .F. ) ;
#1186 = AXIS2_PLACEMENT_3D ( 'NONE', #155, #1116, #15 ) ;
#1187 = ORIENTED_EDGE ( 'NONE', *, *, #1383, .F. ) ;
#1188 = CARTESIAN_POINT ( 'NONE',  ( 25.74999999999998934, 18.97533188057740716, 78.49999999999998579 ) ) ;
#1189 = CARTESIAN_POINT ( 'NONE',  ( 20.00000000000000000, 85.94643539206104776, 18.99999999999999645 ) ) ;
#1190 = CARTESIAN_POINT ( 'NONE',  ( 25.74999999999998934, 18.97533188057740716, 81.14999999999999147 ) ) ;
#1191 = EDGE_CURVE ( 'NONE', #583, #342, #301, .T. ) ;
#1192 = VERTEX_POINT ( 'NONE', #1137 ) ;
#1193 = ORIENTED_EDGE ( 'NONE', *, *, #388, .T. ) ;
#1194 = CARTESIAN_POINT ( 'NONE',  ( 46.74999999999998579, 18.97533188057740716, 22.49999999999998579 ) ) ;
#1195 = CARTESIAN_POINT ( 'NONE',  ( 60.17499999999999005, -9.999999999999994671, 18.99999999999999645 ) ) ;
#1196 = CARTESIAN_POINT ( 'NONE',  ( 42.67500000000000426, 1.480000000000005533, 10.99999999999999645 ) ) ;
#1197 = EDGE_CURVE ( 'NONE', #644, #366, #1356, .T. ) ;
#1198 = ORIENTED_EDGE ( 'NONE', *, *, #783, .F. ) ;
#1199 = ORIENTED_EDGE ( 'NONE', *, *, #771, .T. ) ;
#1200 = CARTESIAN_POINT ( 'NONE',  ( 42.67500000000000426, 1.480000000000005533, 17.32999999999999474 ) ) ;
#1201 = VECTOR ( 'NONE', #1564, 1000.000000000000000 ) ;
#1202 = DIRECTION ( 'NONE',  ( -0.000000000000000000, -1.000000000000000000, -0.000000000000000000 ) ) ;
#1203 = LINE ( 'NONE', #634, #848 ) ;
#1204 = AXIS2_PLACEMENT_3D ( 'NONE', #1250, #984, #394 ) ;
#1205 = ORIENTED_EDGE ( 'NONE', *, *, #673, .T. ) ;
#1206 = ADVANCED_FACE ( 'NONE', ( #289 ), #764, .F. ) ;
#1207 = AXIS2_PLACEMENT_3D ( 'NONE', #862, #652, #537 ) ;
#1208 = VERTEX_POINT ( 'NONE', #758 ) ;
#1209 = LINE ( 'NONE', #1214, #1152 ) ;
#1210 = CARTESIAN_POINT ( 'NONE',  ( 2.000000000000000000, 18.00000000000000355, 12.62000000000000632 ) ) ;
#1211 = DIRECTION ( 'NONE',  ( 1.000000000000000000, 0.000000000000000000, 0.000000000000000000 ) ) ;
#1212 = CARTESIAN_POINT ( 'NONE',  ( 25.74999999999998934, 5.000000000000004441, 22.49999999999998579 ) ) ;
#1213 = ORIENTED_EDGE ( 'NONE', *, *, #1033, .T. ) ;
#1214 = CARTESIAN_POINT ( 'NONE',  ( 0.000000000000000000, -3.999999999999994671, 18.99999999999999645 ) ) ;
#1215 = DIRECTION ( 'NONE',  ( 0.000000000000000000, 0.000000000000000000, -1.000000000000000000 ) ) ;
#1216 = DIRECTION ( 'NONE',  ( -1.000000000000000000, 0.000000000000000000, 0.000000000000000000 ) ) ;
#1217 = EDGE_CURVE ( 'NONE', #178, #1036, #1343, .T. ) ;
#1218 = EDGE_CURVE ( 'NONE', #607, #583, #157, .T. ) ;
#1219 = EDGE_CURVE ( 'NONE', #225, #567, #1262, .T. ) ;
#1220 = ORIENTED_EDGE ( 'NONE', *, *, #1191, .F. ) ;
#1221 = VERTEX_POINT ( 'NONE', #1291 ) ;
#1222 = CARTESIAN_POINT ( 'NONE',  ( 46.74999999999998579, -9.999999999999994671, 78.49999999999998579 ) ) ;
#1223 = ORIENTED_EDGE ( 'NONE', *, *, #582, .F. ) ;
#1224 = LINE ( 'NONE', #1470, #900 ) ;
#1225 = CARTESIAN_POINT ( 'NONE',  ( 60.17499999999999005, -9.999999999999994671, 18.99999999999999645 ) ) ;
#1226 = CARTESIAN_POINT ( 'NONE',  ( 46.74999999999998579, 5.000000000000004441, 22.49999999999998579 ) ) ;
#1227 = EDGE_CURVE ( 'NONE', #1208, #631, #1155, .T. ) ;
#1228 = VECTOR ( 'NONE', #591, 1000.000000000000114 ) ;
#1229 = ADVANCED_FACE ( 'NONE', ( #1400, #66 ), #699, .T. ) ;
#1230 = ORIENTED_EDGE ( 'NONE', *, *, #287, .F. ) ;
#1231 = LINE ( 'NONE', #1346, #1182 ) ;
#1232 = AXIS2_PLACEMENT_3D ( 'NONE', #865, #528, #1244 ) ;
#1233 = CIRCLE ( 'NONE', #302, 4.499999999999997335 ) ;
#1234 = FACE_BOUND ( 'NONE', #169, .T. ) ;
#1235 = FACE_OUTER_BOUND ( 'NONE', #11, .T. ) ;
#1236 = DIRECTION ( 'NONE',  ( 0.000000000000000000, 0.000000000000000000, -1.000000000000000000 ) ) ;
#1237 = CARTESIAN_POINT ( 'NONE',  ( 25.74999999999998934, -9.999999999999994671, 82.99999999999998579 ) ) ;
#1238 = EDGE_LOOP ( 'NONE', ( #719, #1272, #1074, #491 ) ) ;
#1239 = PLANE ( 'NONE',  #976 ) ;
#1240 = ORIENTED_EDGE ( 'NONE', *, *, #1197, .T. ) ;
#1241 = CARTESIAN_POINT ( 'NONE',  ( 25.74999999999998934, 5.000000000000004441, 78.49999999999998579 ) ) ;
#1242 = VERTEX_POINT ( 'NONE', #919 ) ;
#1243 = EDGE_LOOP ( 'NONE', ( #1120, #543 ) ) ;
#1244 = DIRECTION ( 'NONE',  ( 0.000000000000000000, 0.000000000000000000, -1.000000000000000000 ) ) ;
#1245 = MECHANICAL_CONTEXT ( 'NONE', #1515, 'mechanical' ) ;
#1246 = CARTESIAN_POINT ( 'NONE',  ( 0.000000000000000000, -3.999999999999994671, 46.00000000000000000 ) ) ;
#1247 = LINE ( 'NONE', #1257, #323 ) ;
#1248 = CIRCLE ( 'NONE', #545, 4.500000000000003553 ) ;
#1249 = ORIENTED_EDGE ( 'NONE', *, *, #783, .T. ) ;
#1250 = CARTESIAN_POINT ( 'NONE',  ( 46.74999999999998579, 11.48000000000000398, 78.49999999999998579 ) ) ;
#1251 = AXIS2_PLACEMENT_3D ( 'NONE', #1222, #412, #141 ) ;
#1252 = EDGE_LOOP ( 'NONE', ( #181, #60, #480, #761 ) ) ;
#1253 = VECTOR ( 'NONE', #92, 1000.000000000000000 ) ;
#1254 = ADVANCED_FACE ( 'NONE', ( #76 ), #1417, .F. ) ;
#1255 = ORGANIZATION ( 'UNSPECIFIED', 'UNSPECIFIED', '' ) ;
#1256 = PLANE ( 'NONE',  #73 ) ;
#1257 = CARTESIAN_POINT ( 'NONE',  ( 47.52500000000000568, 1.480000000000006199, 17.32999999999999474 ) ) ;
#1258 = VERTEX_POINT ( 'NONE', #929 ) ;
#1259 = CARTESIAN_POINT ( 'NONE',  ( 20.00000000000000000, -3.999999999999994671, 65.99999999999998579 ) ) ;
#1260 = ORIENTED_EDGE ( 'NONE', *, *, #942, .T. ) ;
#1261 = LINE ( 'NONE', #1178, #1324 ) ;
#1262 = LINE ( 'NONE', #557, #852 ) ;
#1263 = CARTESIAN_POINT ( 'NONE',  ( 20.00000000000000000, 11.48000000000000398, 5.999999999999997335 ) ) ;
#1264 = EDGE_CURVE ( 'NONE', #223, #607, #1306, .T. ) ;
#1265 = ORIENTED_EDGE ( 'NONE', *, *, #163, .F. ) ;
#1266 = CYLINDRICAL_SURFACE ( 'NONE', #827, 4.500000000000003553 ) ;
#1267 = EDGE_LOOP ( 'NONE', ( #1223, #817, #806, #1467 ) ) ;
#1268 = CARTESIAN_POINT ( 'NONE',  ( 0.000000000000000000, -9.999999999999994671, 9.999999999999994671 ) ) ;
#1269 = PERSON_AND_ORGANIZATION_ROLE ( 'creator' ) ;
#1270 = FACE_OUTER_BOUND ( 'NONE', #36, .T. ) ;
#1271 = CARTESIAN_POINT ( 'NONE',  ( 19.99999999999998579, -9.999999999999994671, 86.00000000000000000 ) ) ;
#1272 = ORIENTED_EDGE ( 'NONE', *, *, #440, .T. ) ;
#1273 = EDGE_CURVE ( 'NONE', #413, #1159, #1181, .T. ) ;
#1274 = LINE ( 'NONE', #1168, #18 ) ;
#1275 = CIRCLE ( 'NONE', #1301, 3.380000000000001226 ) ;
#1276 = EDGE_CURVE ( 'NONE', #1192, #933, #815, .T. ) ;
#1277 = ORIENTED_EDGE ( 'NONE', *, *, #244, .F. ) ;
#1278 = CARTESIAN_POINT ( 'NONE',  ( 25.74999999999998934, -9.999999999999994671, 73.99999999999998579 ) ) ;
#1279 = AXIS2_PLACEMENT_3D ( 'NONE', #1551, #475, #343 ) ;
#1280 = APPROVAL_DATE_TIME ( #438, #128 ) ;
#1281 = AXIS2_PLACEMENT_3D ( 'NONE', #62, #1528, #793 ) ;
#1282 = CARTESIAN_POINT ( 'NONE',  ( -9.560083681642124631, 18.00000000000000355, 19.38000000000000966 ) ) ;
#1283 = AXIS2_PLACEMENT_3D ( 'NONE', #790, #911, #668 ) ;
#1284 = CARTESIAN_POINT ( 'NONE',  ( 25.74999999999998934, 5.000000000000004441, 73.99999999999998579 ) ) ;
#1285 = ORIENTED_EDGE ( 'NONE', *, *, #771, .F. ) ;
#1286 = DIRECTION ( 'NONE',  ( 0.000000000000000000, -1.000000000000000000, 0.000000000000000000 ) ) ;
#1287 = ORIENTED_EDGE ( 'NONE', *, *, #822, .T. ) ;
#1288 = DIRECTION ( 'NONE',  ( 0.000000000000000000, 1.000000000000000000, 2.891205793294679312E-16 ) ) ;
#1289 = EDGE_CURVE ( 'NONE', #1529, #436, #686, .T. ) ;
#1290 = PERSON_AND_ORGANIZATION_ROLE ( 'classification_officer' ) ;
#1291 = CARTESIAN_POINT ( 'NONE',  ( 0.000000000000000000, 18.00000000000000355, 12.62000000000000632 ) ) ;
#1292 = CARTESIAN_POINT ( 'NONE',  ( 46.74999999999998579, 5.000000000000004441, 17.99999999999998934 ) ) ;
#1293 = VERTEX_POINT ( 'NONE', #185 ) ;
#1294 = ORIENTED_EDGE ( 'NONE', *, *, #877, .F. ) ;
#1295 = FACE_OUTER_BOUND ( 'NONE', #428, .T. ) ;
#1296 = DIRECTION ( 'NONE',  ( 0.000000000000000000, 0.000000000000000000, -1.000000000000000000 ) ) ;
#1297 = CARTESIAN_POINT ( 'NONE',  ( 2.000000000000000000, 36.00000000000000711, 6.000000000000005329 ) ) ;
#1298 = EDGE_LOOP ( 'NONE', ( #22, #766, #1395, #359 ) ) ;
#1299 = EDGE_LOOP ( 'NONE', ( #907, #360, #990, #1083 ) ) ;
#1300 = CARTESIAN_POINT ( 'NONE',  ( 25.74999999999998934, 5.000000000000004441, 26.99999999999998579 ) ) ;
#1301 = AXIS2_PLACEMENT_3D ( 'NONE', #538, #180, #660 ) ;
#1302 = EDGE_CURVE ( 'NONE', #1159, #134, #1006, .T. ) ;
#1303 = CARTESIAN_POINT ( 'NONE',  ( 19.99999999999998579, 85.94643539206104776, 86.00000000000000000 ) ) ;
#1304 = AXIS2_PLACEMENT_3D ( 'NONE', #1337, #262, #1126 ) ;
#1305 = DIRECTION ( 'NONE',  ( 0.000000000000000000, 0.000000000000000000, -1.000000000000000000 ) ) ;
#1306 = CIRCLE ( 'NONE', #1486, 2.649999999999999467 ) ;
#1307 = VERTEX_POINT ( 'NONE', #194 ) ;
#1308 = ORIENTED_EDGE ( 'NONE', *, *, #29, .T. ) ;
#1309 = CYLINDRICAL_SURFACE ( 'NONE', #773, 4.499999999999997335 ) ;
#1310 = ADVANCED_FACE ( 'NONE', ( #432, #1391 ), #565, .F. ) ;
#1311 = CARTESIAN_POINT ( 'NONE',  ( 46.74999999999998579, 5.000000000000004441, 22.49999999999998579 ) ) ;
#1312 = LINE ( 'NONE', #931, #450 ) ;
#1313 = ORIENTED_EDGE ( 'NONE', *, *, #53, .T. ) ;
#1314 = ORIENTED_EDGE ( 'NONE', *, *, #1543, .F. ) ;
#1315 = FACE_OUTER_BOUND ( 'NONE', #197, .T. ) ;
#1316 = CARTESIAN_POINT ( 'NONE',  ( 37.82500000000000284, 1.480000000000005533, 17.32999999999999474 ) ) ;
#1317 = EDGE_CURVE ( 'NONE', #366, #644, #1410, .T. ) ;
#1318 = PLANE ( 'NONE',  #824 ) ;
#1319 = ORIENTED_EDGE ( 'NONE', *, *, #1475, .F. ) ;
#1320 = ORIENTED_EDGE ( 'NONE', *, *, #1289, .F. ) ;
#1321 = DIRECTION ( 'NONE',  ( 0.000000000000000000, -1.000000000000000000, 0.000000000000000000 ) ) ;
#1322 = DIRECTION ( 'NONE',  ( -0.000000000000000000, 1.000000000000000000, -0.000000000000000000 ) ) ;
#1323 = CARTESIAN_POINT ( 'NONE',  ( 0.000000000000000000, -9.999999999999994671, 9.999999999999994671 ) ) ;
#1324 = VECTOR ( 'NONE', #311, 1000.000000000000000 ) ;
#1325 = VECTOR ( 'NONE', #767, 1000.000000000000000 ) ;
#1326 = CARTESIAN_POINT ( 'NONE',  ( 10.00000000000000000, 4.485281374238581975, 38.99999999999999289 ) ) ;
#1327 = VECTOR ( 'NONE', #730, 1000.000000000000000 ) ;
#1328 = CC_DESIGN_APPROVAL ( #1392, ( #950 ) ) ;
#1329 = EDGE_LOOP ( 'NONE', ( #376, #1556, #1443, #1044 ) ) ;
#1330 = DIRECTION ( 'NONE',  ( -1.000000000000000000, -0.000000000000000000, -0.000000000000000000 ) ) ;
#1331 = EDGE_CURVE ( 'NONE', #1549, #1129, #1173, .T. ) ;
#1332 = ADVANCED_FACE ( 'NONE', ( #1270 ), #1054, .F. ) ;
#1333 = FACE_OUTER_BOUND ( 'NONE', #365, .T. ) ;
#1334 = CARTESIAN_POINT ( 'NONE',  ( 25.74999999999998934, 5.000000000000004441, 22.49999999999998579 ) ) ;
#1335 = DIRECTION ( 'NONE',  ( 0.000000000000000000, 0.000000000000000000, 1.000000000000000000 ) ) ;
#1336 = VERTEX_POINT ( 'NONE', #782 ) ;
#1337 = CARTESIAN_POINT ( 'NONE',  ( 10.00000000000000000, 4.485281374238581975, 35.99999999999999289 ) ) ;
#1338 = VERTEX_POINT ( 'NONE', #1541 ) ;
#1339 = DESIGN_CONTEXT ( 'detailed design', #116, 'design' ) ;
#1340 = CARTESIAN_POINT ( 'NONE',  ( 25.74999999999998934, 5.000000000000004441, 26.99999999999998579 ) ) ;
#1341 = ADVANCED_FACE ( 'NONE', ( #458 ), #220, .F. ) ;
#1342 = DIRECTION ( 'NONE',  ( 1.000000000000000000, -0.000000000000000000, 0.000000000000000000 ) ) ;
#1343 = LINE ( 'NONE', #267, #1457 ) ;
#1344 = CARTESIAN_POINT ( 'NONE',  ( 19.99999999999998579, -9.999999999999994671, 86.00000000000000000 ) ) ;
#1345 = EDGE_LOOP ( 'NONE', ( #108, #1511 ) ) ;
#1346 = CARTESIAN_POINT ( 'NONE',  ( 2.000000000000000000, 36.00000000000000711, 6.000000000000005329 ) ) ;
#1347 = ORIENTED_EDGE ( 'NONE', *, *, #1382, .F. ) ;
#1348 = CARTESIAN_POINT ( 'NONE',  ( 46.74999999999998579, 11.48000000000000398, 19.84999999999998721 ) ) ;
#1349 = CARTESIAN_POINT ( 'NONE',  ( 52.49999999999999289, -9.999999999999994671, 86.00000000000000000 ) ) ;
#1350 = CARTESIAN_POINT ( 'NONE',  ( 20.00000000000000000, 36.00000000000000711, 6.000000000000005329 ) ) ;
#1351 = AXIS2_PLACEMENT_3D ( 'NONE', #1418, #333, #694 ) ;
#1352 = DIRECTION ( 'NONE',  ( 0.000000000000000000, 0.000000000000000000, -1.000000000000000000 ) ) ;
#1353 = ORIENTED_EDGE ( 'NONE', *, *, #1289, .T. ) ;
#1354 = CARTESIAN_POINT ( 'NONE',  ( 2.000000000000000000, 18.00000000000000355, 19.38000000000000966 ) ) ;
#1355 = VECTOR ( 'NONE', #898, 1000.000000000000000 ) ;
#1356 = CIRCLE ( 'NONE', #252, 2.649999999999999467 ) ;
#1357 = AXIS2_PLACEMENT_3D ( 'NONE', #602, #1202, #122 ) ;
#1358 = EDGE_CURVE ( 'NONE', #1549, #1414, #1145, .T. ) ;
#1359 = FACE_BOUND ( 'NONE', #717, .T. ) ;
#1360 = CARTESIAN_POINT ( 'NONE',  ( 20.00000000000000000, -9.999999999999994671, 9.999999999999994671 ) ) ;
#1361 = CARTESIAN_POINT ( 'NONE',  ( 25.74999999999998934, 5.000000000000004441, 78.49999999999998579 ) ) ;
#1362 = ORIENTED_EDGE ( 'NONE', *, *, #483, .T. ) ;
#1363 = ORIENTED_EDGE ( 'NONE', *, *, #356, .T. ) ;
#1364 = CARTESIAN_POINT ( 'NONE',  ( 46.74999999999998579, -9.999999999999994671, 22.49999999999998579 ) ) ;
#1365 = DIRECTION ( 'NONE',  ( 0.000000000000000000, 0.000000000000000000, -1.000000000000000000 ) ) ;
#1366 = EDGE_CURVE ( 'NONE', #245, #1504, #1057, .T. ) ;
#1367 = DIRECTION ( 'NONE',  ( -0.000000000000000000, 0.000000000000000000, 1.000000000000000000 ) ) ;
#1368 = EDGE_LOOP ( 'NONE', ( #401, #63, #703, #1353 ) ) ;
#1369 = FACE_BOUND ( 'NONE', #126, .T. ) ;
#1370 = VERTEX_POINT ( 'NONE', #362 ) ;
#1371 = COORDINATED_UNIVERSAL_TIME_OFFSET ( 5, 0, .BEHIND. ) ;
#1372 = DIRECTION ( 'NONE',  ( 0.000000000000000000, -1.000000000000000000, 0.000000000000000000 ) ) ;
#1373 = FACE_BOUND ( 'NONE', #1107, .T. ) ;
#1374 = CIRCLE ( 'NONE', #597, 4.500000000000003553 ) ;
#1375 = VERTEX_POINT ( 'NONE', #839 ) ;
#1376 = CYLINDRICAL_SURFACE ( 'NONE', #930, 2.649999999999999467 ) ;
#1377 = CIRCLE ( 'NONE', #702, 2.649999999999999467 ) ;
#1378 = CIRCLE ( 'NONE', #1251, 4.500000000000003553 ) ;
#1379 = ORIENTED_EDGE ( 'NONE', *, *, #942, .F. ) ;
#1380 = VECTOR ( 'NONE', #586, 1000.000000000000000 ) ;
#1381 = PERSON_AND_ORGANIZATION ( #409, #1255 ) ;
#1382 = EDGE_CURVE ( 'NONE', #607, #223, #1514, .T. ) ;
#1383 = EDGE_CURVE ( 'NONE', #1242, #115, #1547, .T. ) ;
#1384 = DIRECTION ( 'NONE',  ( 0.000000000000000000, 0.000000000000000000, 1.000000000000000000 ) ) ;
#1385 = CARTESIAN_POINT ( 'NONE',  ( 25.74999999999998934, -9.999999999999994671, 26.99999999999998579 ) ) ;
#1386 = ORIENTED_EDGE ( 'NONE', *, *, #1302, .T. ) ;
#1387 = DIRECTION ( 'NONE',  ( 0.000000000000000000, 0.000000000000000000, -1.000000000000000000 ) ) ;
#1388 = VERTEX_POINT ( 'NONE', #709 ) ;
#1389 = CYLINDRICAL_SURFACE ( 'NONE', #42, 3.000000000000000888 ) ;
#1390 = DATE_TIME_ROLE ( 'creation_date' ) ;
#1391 = FACE_OUTER_BOUND ( 'NONE', #923, .T. ) ;
#1392 = APPROVAL ( #49, 'UNSPECIFIED' ) ;
#1393 = DIRECTION ( 'NONE',  ( 0.000000000000000000, 0.000000000000000000, -1.000000000000000000 ) ) ;
#1394 = EDGE_CURVE ( 'NONE', #688, #527, #828, .T. ) ;
#1395 = ORIENTED_EDGE ( 'NONE', *, *, #1449, .T. ) ;
#1396 = DIRECTION ( 'NONE',  ( 0.000000000000000000, -1.000000000000000000, 0.000000000000000000 ) ) ;
#1397 = ORIENTED_EDGE ( 'NONE', *, *, #1317, .F. ) ;
#1398 = PLANE ( 'NONE',  #452 ) ;
#1399 = PERSON_AND_ORGANIZATION_ROLE ( 'creator' ) ;
#1400 = FACE_OUTER_BOUND ( 'NONE', #569, .T. ) ;
#1401 = CYLINDRICAL_SURFACE ( 'NONE', #998, 4.500000000000000888 ) ;
#1402 = ORIENTED_EDGE ( 'NONE', *, *, #860, .F. ) ;
#1403 = DIRECTION ( 'NONE',  ( 0.000000000000000000, 0.000000000000000000, -1.000000000000000000 ) ) ;
#1404 = VECTOR ( 'NONE', #687, 1000.000000000000000 ) ;
#1405 = ORIENTED_EDGE ( 'NONE', *, *, #743, .F. ) ;
#1406 = CARTESIAN_POINT ( 'NONE',  ( 10.00000000000000000, -3.999999999999994671, 35.99999999999999289 ) ) ;
#1407 = AXIS2_PLACEMENT_3D ( 'NONE', #1406, #437, #1045 ) ;
#1408 = PERSON_AND_ORGANIZATION ( #409, #1255 ) ;
#1409 = APPROVAL ( #65, 'UNSPECIFIED' ) ;
#1410 = CIRCLE ( 'NONE', #1184, 2.649999999999999467 ) ;
#1411 = DIRECTION ( 'NONE',  ( 1.000000000000000000, 0.000000000000000000, -0.000000000000000000 ) ) ;
#1412 = CARTESIAN_POINT ( 'NONE',  ( 25.74999999999998934, 5.000000000000004441, 25.14999999999998437 ) ) ;
#1413 = AXIS2_PLACEMENT_3D ( 'NONE', #258, #951, #9 ) ;
#1414 = VERTEX_POINT ( 'NONE', #251 ) ;
#1415 = EDGE_LOOP ( 'NONE', ( #802, #1436 ) ) ;
#1416 = CARTESIAN_POINT ( 'NONE',  ( 10.00000000000000000, -9.999999999999994671, 38.99999999999999289 ) ) ;
#1417 = CYLINDRICAL_SURFACE ( 'NONE', #977, 4.499999999999997335 ) ;
#1418 = CARTESIAN_POINT ( 'NONE',  ( 10.00000000000000000, 4.485281374238581975, 35.99999999999999289 ) ) ;
#1419 = ORIENTED_EDGE ( 'NONE', *, *, #1442, .T. ) ;
#1420 = EDGE_LOOP ( 'NONE', ( #1495, #1187, #1545, #829 ) ) ;
#1421 = DIRECTION ( 'NONE',  ( 2.071311613106635153E-16, -0.000000000000000000, -1.000000000000000000 ) ) ;
#1422 = EDGE_CURVE ( 'NONE', #453, #1073, #854, .T. ) ;
#1423 = CARTESIAN_POINT ( 'NONE',  ( 0.000000000000000000, 36.00000000000002842, 0.000000000000000000 ) ) ;
#1424 = FACE_OUTER_BOUND ( 'NONE', #417, .T. ) ;
#1425 = EDGE_LOOP ( 'NONE', ( #1313, #589, #794, #293, #1199, #1176, #281 ) ) ;
#1426 = ADVANCED_FACE ( 'NONE', ( #1333 ), #1553, .T. ) ;
#1427 = VERTEX_POINT ( 'NONE', #1210 ) ;
#1428 = CARTESIAN_POINT ( 'NONE',  ( 1.999999999999998224, 11.48000000000000398, 10.99999999999999645 ) ) ;
#1429 = VECTOR ( 'NONE', #1010, 1000.000000000000000 ) ;
#1430 = CIRCLE ( 'NONE', #800, 2.649999999999999467 ) ;
#1431 = ADVANCED_FACE ( 'NONE', ( #463 ), #609, .F. ) ;
#1432 = CARTESIAN_POINT ( 'NONE',  ( 25.74999999999998934, -9.999999999999994671, 22.49999999999998579 ) ) ;
#1433 = CARTESIAN_POINT ( 'NONE',  ( 6.999999999999999112, 26.00000000000000000, 14.48528137423856954 ) ) ;
#1434 = AXIS2_PLACEMENT_3D ( 'NONE', #659, #1491, #887 ) ;
#1435 = EDGE_LOOP ( 'NONE', ( #1104, #1019, #328, #516 ) ) ;
#1436 = ORIENTED_EDGE ( 'NONE', *, *, #1366, .F. ) ;
#1437 = DIRECTION ( 'NONE',  ( 0.000000000000000000, 0.000000000000000000, -1.000000000000000000 ) ) ;
#1438 = EDGE_CURVE ( 'NONE', #413, #1388, #1233, .T. ) ;
#1439 = DIRECTION ( 'NONE',  ( 0.000000000000000000, 0.000000000000000000, -1.000000000000000000 ) ) ;
#1440 = CARTESIAN_POINT ( 'NONE',  ( 2.000000000000000000, -3.999999999999994671, 6.000000000000005329 ) ) ;
#1441 = ORIENTED_EDGE ( 'NONE', *, *, #995, .F. ) ;
#1442 = EDGE_CURVE ( 'NONE', #663, #618, #1488, .T. ) ;
#1443 = ORIENTED_EDGE ( 'NONE', *, *, #866, .F. ) ;
#1444 = FACE_OUTER_BOUND ( 'NONE', #44, .T. ) ;
#1445 = DIRECTION ( 'NONE',  ( -0.000000000000000000, 1.000000000000000000, -0.000000000000000000 ) ) ;
#1446 = DIRECTION ( 'NONE',  ( -0.000000000000000000, -1.000000000000000000, -0.000000000000000000 ) ) ;
#1447 = ORIENTED_EDGE ( 'NONE', *, *, #943, .F. ) ;
#1448 = EDGE_CURVE ( 'NONE', #235, #460, #970, .T. ) ;
#1449 = EDGE_CURVE ( 'NONE', #235, #1022, #580, .T. ) ;
#1450 = EDGE_LOOP ( 'NONE', ( #117, #785, #1362, #167 ) ) ;
#1451 = FACE_OUTER_BOUND ( 'NONE', #713, .T. ) ;
#1452 = AXIS2_PLACEMENT_3D ( 'NONE', #1226, #629, #1111 ) ;
#1453 = CARTESIAN_POINT ( 'NONE',  ( 52.50000000000000711, -9.999999999999994671, 18.99999999999998934 ) ) ;
#1454 = LINE ( 'NONE', #879, #70 ) ;
#1455 = AXIS2_PLACEMENT_3D ( 'NONE', #1194, #720, #734 ) ;
#1456 = DIRECTION ( 'NONE',  ( 0.000000000000000000, 0.000000000000000000, -1.000000000000000000 ) ) ;
#1457 = VECTOR ( 'NONE', #1236, 1000.000000000000000 ) ;
#1458 = AXIS2_PLACEMENT_3D ( 'NONE', #960, #344, #469 ) ;
#1459 = EDGE_LOOP ( 'NONE', ( #1050, #690, #622, #40 ) ) ;
#1460 = LINE ( 'NONE', #404, #651 ) ;
#1461 = CARTESIAN_POINT ( 'NONE',  ( 20.00000000000000000, 36.00000000000002842, 0.000000000000000000 ) ) ;
#1462 = DIRECTION ( 'NONE',  ( 0.000000000000000000, -1.000000000000000000, 0.000000000000000000 ) ) ;
#1463 = FACE_OUTER_BOUND ( 'NONE', #1459, .T. ) ;
#1464 = CARTESIAN_POINT ( 'NONE',  ( 20.00000000000000000, 11.48000000000000398, 10.99999999999999822 ) ) ;
#1465 = ORIENTED_EDGE ( 'NONE', *, *, #5, .T. ) ;
#1466 = DIRECTION ( 'NONE',  ( 0.000000000000000000, 0.000000000000000000, -1.000000000000000000 ) ) ;
#1467 = ORIENTED_EDGE ( 'NONE', *, *, #927, .T. ) ;
#1468 = EDGE_CURVE ( 'NONE', #1063, #30, #1065, .T. ) ;
#1469 = FACE_OUTER_BOUND ( 'NONE', #1177, .T. ) ;
#1470 = CARTESIAN_POINT ( 'NONE',  ( 46.74999999999998579, 18.97533188057740716, 81.14999999999999147 ) ) ;
#1471 = FACE_OUTER_BOUND ( 'NONE', #1329, .T. ) ;
#1472 = FACE_OUTER_BOUND ( 'NONE', #872, .T. ) ;
#1473 = ORIENTED_EDGE ( 'NONE', *, *, #305, .F. ) ;
#1474 = DIRECTION ( 'NONE',  ( 0.000000000000000000, 0.000000000000000000, 1.000000000000000000 ) ) ;
#1475 = EDGE_CURVE ( 'NONE', #149, #1338, #552, .T. ) ;
#1476 = DIRECTION ( 'NONE',  ( 0.000000000000000000, 0.000000000000000000, 1.000000000000000000 ) ) ;
#1477 = AXIS2_PLACEMENT_3D ( 'NONE', #1263, #669, #410 ) ;
#1478 = CARTESIAN_POINT ( 'NONE',  ( 46.74999999999998579, -9.999999999999994671, 26.99999999999998224 ) ) ;
#1479 = ADVANCED_BREP_SHAPE_REPRESENTATION ( 'Corner Bracket with Magnet Bottom V2', ( #838, #604 ), #1131 ) ;
#1480 = AXIS2_PLACEMENT_3D ( 'NONE', #924, #184, #1288 ) ;
#1481 = ORIENTED_EDGE ( 'NONE', *, *, #1103, .F. ) ;
#1482 = VECTOR ( 'NONE', #742, 1000.000000000000000 ) ;
#1483 = ORIENTED_EDGE ( 'NONE', *, *, #338, .F. ) ;
#1484 = FACE_OUTER_BOUND ( 'NONE', #746, .T. ) ;
#1485 = VECTOR ( 'NONE', #1421, 1000.000000000000000 ) ;
#1486 = AXIS2_PLACEMENT_3D ( 'NONE', #205, #321, #332 ) ;
#1487 = ORIENTED_EDGE ( 'NONE', *, *, #993, .T. ) ;
#1488 = CIRCLE ( 'NONE', #1413, 2.649999999999999467 ) ;
#1489 = EDGE_CURVE ( 'NONE', #354, #1336, #853, .T. ) ;
#1490 = CARTESIAN_POINT ( 'NONE',  ( 20.00000000000000000, 11.48000000000000398, 18.99999999999999645 ) ) ;
#1491 = DIRECTION ( 'NONE',  ( -0.000000000000000000, 1.000000000000000000, -0.000000000000000000 ) ) ;
#1492 = LINE ( 'NONE', #525, #648 ) ;
#1493 = ORIENTED_EDGE ( 'NONE', *, *, #221, .F. ) ;
#1494 = DIRECTION ( 'NONE',  ( 0.000000000000000000, -1.000000000000000000, 0.000000000000000000 ) ) ;
#1495 = ORIENTED_EDGE ( 'NONE', *, *, #603, .T. ) ;
#1496 = DIRECTION ( 'NONE',  ( 0.000000000000000000, 1.000000000000000000, 0.000000000000000000 ) ) ;
#1497 = DIRECTION ( 'NONE',  ( 0.000000000000000000, 0.000000000000000000, -1.000000000000000000 ) ) ;
#1498 = FACE_OUTER_BOUND ( 'NONE', #1298, .T. ) ;
#1499 = EDGE_LOOP ( 'NONE', ( #1308, #638 ) ) ;
#1500 = CARTESIAN_POINT ( 'NONE',  ( 20.00000000000000000, -9.999999999999994671, 9.999999999999994671 ) ) ;
#1501 = EDGE_CURVE ( 'NONE', #849, #1293, #357, .T. ) ;
#1502 = ADVANCED_FACE ( 'NONE', ( #3 ), #722, .F. ) ;
#1503 = EDGE_CURVE ( 'NONE', #1336, #456, #1086, .T. ) ;
#1504 = VERTEX_POINT ( 'NONE', #1348 ) ;
#1505 = DIRECTION ( 'NONE',  ( -1.000000000000000000, 0.000000000000000000, 0.000000000000000000 ) ) ;
#1506 = LINE ( 'NONE', #1271, #1429 ) ;
#1507 = ORIENTED_EDGE ( 'NONE', *, *, #5, .F. ) ;
#1508 = CARTESIAN_POINT ( 'NONE',  ( 10.00000000000000000, -3.999999999999994671, 32.99999999999998579 ) ) ;
#1509 = AXIS2_PLACEMENT_3D ( 'NONE', #1530, #1064, #1026 ) ;
#1510 = AXIS2_PLACEMENT_3D ( 'NONE', #890, #176, #1466 ) ;
#1511 = ORIENTED_EDGE ( 'NONE', *, *, #611, .T. ) ;
#1512 = DIRECTION ( 'NONE',  ( 0.000000000000000000, 0.000000000000000000, -1.000000000000000000 ) ) ;
#1513 = EDGE_CURVE ( 'NONE', #933, #1427, #177, .T. ) ;
#1514 = CIRCLE ( 'NONE', #1030, 2.649999999999999467 ) ;
#1515 = APPLICATION_CONTEXT ( 'configuration controlled 3d designs of mechanical parts and assemblies' ) ;
#1516 = ADVANCED_FACE ( 'NONE', ( #878, #531 ), #272, .T. ) ;
#1517 = LOCAL_TIME ( 14, 28, 39.00000000000000000, #1371 ) ;
#1518 = CARTESIAN_POINT ( 'NONE',  ( 46.74999999999998579, -9.999999999999994671, 22.49999999999998579 ) ) ;
#1519 = DIRECTION ( 'NONE',  ( 0.000000000000000000, 0.000000000000000000, -1.000000000000000000 ) ) ;
#1520 = VERTEX_POINT ( 'NONE', #1005 ) ;
#1521 = DIRECTION ( 'NONE',  ( -0.000000000000000000, -1.000000000000000000, -0.000000000000000000 ) ) ;
#1522 = ORIENTED_EDGE ( 'NONE', *, *, #1489, .F. ) ;
#1523 = CARTESIAN_POINT ( 'NONE',  ( 25.74999999999998934, 11.48000000000000398, 19.84999999999998721 ) ) ;
#1524 = CALENDAR_DATE ( 2025, 10, 10 ) ;
#1525 = CARTESIAN_POINT ( 'NONE',  ( 25.74999999999998934, 18.97533188057740716, 19.84999999999998721 ) ) ;
#1526 = DIRECTION ( 'NONE',  ( -1.000000000000000000, 0.000000000000000000, -0.000000000000000000 ) ) ;
#1527 = ORIENTED_EDGE ( 'NONE', *, *, #1139, .F. ) ;
#1528 = DIRECTION ( 'NONE',  ( 0.000000000000000000, -1.000000000000000000, 0.000000000000000000 ) ) ;
#1529 = VERTEX_POINT ( 'NONE', #396 ) ;
#1530 = CARTESIAN_POINT ( 'NONE',  ( 25.74999999999998934, 5.000000000000004441, 78.49999999999998579 ) ) ;
#1531 = DIRECTION ( 'NONE',  ( -0.000000000000000000, 1.000000000000000000, -0.000000000000000000 ) ) ;
#1532 = CARTESIAN_POINT ( 'NONE',  ( 25.74999999999998934, 5.000000000000004441, 82.99999999999998579 ) ) ;
#1533 = ORIENTED_EDGE ( 'NONE', *, *, #1552, .F. ) ;
#1534 = AXIS2_PLACEMENT_3D ( 'NONE', #784, #1393, #801 ) ;
#1535 = ORIENTED_EDGE ( 'NONE', *, *, #718, .F. ) ;
#1536 = CARTESIAN_POINT ( 'NONE',  ( 60.17499999999999005, 11.48000000000000398, 10.99999999999999645 ) ) ;
#1537 = VECTOR ( 'NONE', #1099, 1000.000000000000000 ) ;
#1538 = CIRCLE ( 'NONE', #623, 4.500000000000003553 ) ;
#1539 = PERSON_AND_ORGANIZATION ( #409, #1255 ) ;
#1540 = CIRCLE ( 'NONE', #705, 4.500000000000003553 ) ;
#1541 = CARTESIAN_POINT ( 'NONE',  ( 25.74999999999998934, -9.999999999999994671, 17.99999999999998579 ) ) ;
#1542 = LINE ( 'NONE', #938, #196 ) ;
#1543 = EDGE_CURVE ( 'NONE', #665, #149, #1098, .T. ) ;
#1544 = EDGE_LOOP ( 'NONE', ( #56, #48 ) ) ;
#1545 = ORIENTED_EDGE ( 'NONE', *, *, #759, .F. ) ;
#1546 = FACE_OUTER_BOUND ( 'NONE', #1299, .T. ) ;
#1547 = LINE ( 'NONE', #229, #1380 ) ;
#1548 = FACE_OUTER_BOUND ( 'NONE', #1425, .T. ) ;
#1549 = VERTEX_POINT ( 'NONE', #1490 ) ;
#1550 = EDGE_LOOP ( 'NONE', ( #859, #348, #461, #657, #983, #269 ) ) ;
#1551 = CARTESIAN_POINT ( 'NONE',  ( -9.560083681642124631, 18.00000000000000355, 16.00000000000000711 ) ) ;
#1552 = EDGE_CURVE ( 'NONE', #1242, #740, #986, .T. ) ;
#1553 = PLANE ( 'NONE',  #150 ) ;
#1554 = LINE ( 'NONE', #1190, #1052 ) ;
#1555 = ORIENTED_EDGE ( 'NONE', *, *, #257, .F. ) ;
#1556 = ORIENTED_EDGE ( 'NONE', *, *, #1219, .F. ) ;
#1557 = DIRECTION ( 'NONE',  ( 0.000000000000000000, 0.000000000000000000, -1.000000000000000000 ) ) ;
#1558 = VECTOR ( 'NONE', #238, 1000.000000000000000 ) ;
#1559 = ADVANCED_FACE ( 'NONE', ( #980, #1359, #407, #1234, #633, #751 ), #25, .F. ) ;
#1560 = AXIS2_PLACEMENT_3D ( 'NONE', #1188, #367, #1437 ) ;
#1561 = CARTESIAN_POINT ( 'NONE',  ( 46.74999999999998579, 5.000000000000004441, 78.49999999999998579 ) ) ;
#1562 = ADVANCED_FACE ( 'NONE', ( #1469 ), #507, .F. ) ;
#1563 = CIRCLE ( 'NONE', #1281, 4.500000000000000888 ) ;
#1564 = DIRECTION ( 'NONE',  ( -0.000000000000000000, -0.000000000000000000, -1.000000000000000000 ) ) ;
#1565 = EDGE_LOOP ( 'NONE', ( #403, #1319 ) ) ;
#1566 = APPROVAL_PERSON_ORGANIZATION ( #1163, #1409, #1038 ) ;
ENDSEC;
END-ISO-10303-21;
