ISO-10303-21;
HEADER;
FILE_DESCRIPTION (( 'STEP AP203' ),
    '1' );
FILE_NAME ('Y-axis Way Cover Cover Side.STEP',
    '2026-05-26T16:15:33',
    ( '' ),
    ( '' ),
    'SwSTEP 2.0',
    'SolidWorks 2025',
    '' );
FILE_SCHEMA (( 'CONFIG_CONTROL_DESIGN' ));
ENDSEC;

DATA;
#1 = CARTESIAN_POINT ( 'NONE',  ( -161.1629999999999825, 0.000000000000000000, 11.02099878600000160 ) ) ;
#2 = DIRECTION ( 'NONE',  ( -0.000000000000000000, 0.000000000000000000, 1.000000000000000000 ) ) ;
#3 = ORIENTED_EDGE ( 'NONE', *, *, #900, .F. ) ;
#4 = PRODUCT_RELATED_PRODUCT_CATEGORY ( 'detail', '', ( #918 ) ) ;
#5 = VECTOR ( 'NONE', #563, 1000.000000000000000 ) ;
#6 = DIRECTION ( 'NONE',  ( 0.000000000000000000, -0.000000000000000000, -1.000000000000000000 ) ) ;
#7 = CARTESIAN_POINT ( 'NONE',  ( -107.6064999999999827, -6.349999999999983658, 23.74892084735787634 ) ) ;
#8 = CIRCLE ( 'NONE', #313, 2.875000000000002665 ) ;
#9 = ADVANCED_FACE ( 'NONE', ( #1206 ), #1319, .F. ) ;
#10 = VECTOR ( 'NONE', #1035, 1000.000000000000114 ) ;
#11 = PLANE ( 'NONE',  #435 ) ;
#12 = ORIENTED_EDGE ( 'NONE', *, *, #159, .T. ) ;
#13 = VECTOR ( 'NONE', #1421, 1000.000000000000000 ) ;
#14 = DIRECTION ( 'NONE',  ( -0.000000000000000000, -1.000000000000000000, -0.000000000000000000 ) ) ;
#15 = CARTESIAN_POINT ( 'NONE',  ( -155.5829999999999700, 2.269999999999994245, 3.809999999999999165 ) ) ;
#16 = UNCERTAINTY_MEASURE_WITH_UNIT (LENGTH_MEASURE( 1.000000000000000082E-05 ), #115, 'distance_accuracy_value', 'NONE');
#17 = ORIENTED_EDGE ( 'NONE', *, *, #574, .T. ) ;
#18 = DIRECTION ( 'NONE',  ( 1.000000000000000000, 0.000000000000000000, 0.000000000000000000 ) ) ;
#19 = DIRECTION ( 'NONE',  ( 0.000000000000000000, 0.000000000000000000, -1.000000000000000000 ) ) ;
#20 = FACE_OUTER_BOUND ( 'NONE', #272, .T. ) ;
#21 = CC_DESIGN_APPROVAL ( #492, ( #775 ) ) ;
#22 = CARTESIAN_POINT ( 'NONE',  ( 1.769999999999993356, 0.000000000000000000, 49.91099999999999426 ) ) ;
#23 = CARTESIAN_POINT ( 'NONE',  ( -77.10649999999998272, -6.349999999999988987, 6.020998786000000713 ) ) ;
#24 = VERTEX_POINT ( 'NONE', #250 ) ;
#25 = CARTESIAN_POINT ( 'NONE',  ( -28.92150679999999241, -12.69999999999999396, 7.210998786000001104 ) ) ;
#26 = DIRECTION ( 'NONE',  ( 0.7071067811865492381, 0.000000000000000000, -0.7071067811865457964 ) ) ;
#27 = EDGE_CURVE ( 'NONE', #1032, #1276, #1341, .T. ) ;
#28 = DIRECTION ( 'NONE',  ( 1.000000000000000000, -0.000000000000000000, 0.000000000000000000 ) ) ;
#29 = CC_DESIGN_PERSON_AND_ORGANIZATION_ASSIGNMENT ( #148, #154, ( #1197 ) ) ;
#30 = LINE ( 'NONE', #847, #216 ) ;
#31 = DIRECTION ( 'NONE',  ( -1.000000000000000000, 0.000000000000000000, 0.000000000000000000 ) ) ;
#32 = ADVANCED_FACE ( 'NONE', ( #379 ), #1431, .F. ) ;
#33 = ORIENTED_EDGE ( 'NONE', *, *, #927, .F. ) ;
#34 = COORDINATED_UNIVERSAL_TIME_OFFSET ( 5, 0, .BEHIND. ) ;
#35 = CARTESIAN_POINT ( 'NONE',  ( 1.769999999999993356, 1.270000000000000018, 21.58999999999998565 ) ) ;
#36 = CARTESIAN_POINT ( 'NONE',  ( 12.69999999999998863, -12.69999999999998863, -5.489001213999998185 ) ) ;
#37 = AXIS2_PLACEMENT_3D ( 'NONE', #912, #802, #1278 ) ;
#38 = LINE ( 'NONE', #881, #340 ) ;
#39 = FACE_OUTER_BOUND ( 'NONE', #1328, .T. ) ;
#40 = AXIS2_PLACEMENT_3D ( 'NONE', #314, #161, #1231 ) ;
#41 = VERTEX_POINT ( 'NONE', #1538 ) ;
#42 = DIRECTION ( 'NONE',  ( 0.000000000000000000, -1.000000000000000000, 0.000000000000000000 ) ) ;
#43 = CARTESIAN_POINT ( 'NONE',  ( -3.810000000000007603, 2.269999999999994245, 27.17000000000000881 ) ) ;
#44 = LINE ( 'NONE', #1136, #1244 ) ;
#45 = CARTESIAN_POINT ( 'NONE',  ( -12.63649999999999451, 0.000000000000000000, 0.000000000000000000 ) ) ;
#46 = EDGE_CURVE ( 'NONE', #102, #807, #625, .T. ) ;
#47 = ORIENTED_EDGE ( 'NONE', *, *, #92, .F. ) ;
#48 = APPLICATION_PROTOCOL_DEFINITION ( 'international standard', 'config_control_design', 1994, #579 ) ;
#49 = ORIENTED_EDGE ( 'NONE', *, *, #1081, .F. ) ;
#50 = DIRECTION ( 'NONE',  ( 0.000000000000000000, -1.000000000000000000, 0.000000000000000000 ) ) ;
#51 = EDGE_CURVE ( 'NONE', #974, #1183, #868, .T. ) ;
#52 = DIRECTION ( 'NONE',  ( 3.973597081693475565E-15, 0.000000000000000000, 1.000000000000000000 ) ) ;
#53 = DIRECTION ( 'NONE',  ( -1.000000000000000000, 0.000000000000000000, 0.000000000000000000 ) ) ;
#54 = ORIENTED_EDGE ( 'NONE', *, *, #696, .F. ) ;
#55 = EDGE_CURVE ( 'NONE', #1491, #792, #853, .T. ) ;
#56 = CARTESIAN_POINT ( 'NONE',  ( 1.769999999999993356, 0.000000000000000000, -1.269999999999996909 ) ) ;
#57 = DIRECTION ( 'NONE',  ( 0.000000000000000000, -0.000000000000000000, -1.000000000000000000 ) ) ;
#58 = VECTOR ( 'NONE', #1246, 1000.000000000000000 ) ;
#59 = CARTESIAN_POINT ( 'NONE',  ( -68.10649999999996851, -6.349999999999988098, 23.74892084735787279 ) ) ;
#60 = VECTOR ( 'NONE', #1397, 1000.000000000000000 ) ;
#61 = ORIENTED_EDGE ( 'NONE', *, *, #1504, .F. ) ;
#62 = ORIENTED_EDGE ( 'NONE', *, *, #619, .F. ) ;
#63 = VECTOR ( 'NONE', #463, 1000.000000000000000 ) ;
#64 = ORIENTED_EDGE ( 'NONE', *, *, #1316, .F. ) ;
#65 = VECTOR ( 'NONE', #1122, 1000.000000000000000 ) ;
#66 = SECURITY_CLASSIFICATION_LEVEL ( 'unclassified' ) ;
#67 = VERTEX_POINT ( 'NONE', #604 ) ;
#68 = FACE_BOUND ( 'NONE', #830, .T. ) ;
#69 = CARTESIAN_POINT ( 'NONE',  ( -181.9829999999999757, 0.000000000000000000, 0.000000000000000000 ) ) ;
#70 = FACE_OUTER_BOUND ( 'NONE', #1281, .T. ) ;
#71 = VERTEX_POINT ( 'NONE', #1326 ) ;
#72 = EDGE_LOOP ( 'NONE', ( #1376, #164, #698, #883 ) ) ;
#73 = LINE ( 'NONE', #1163, #1048 ) ;
#74 = DIRECTION ( 'NONE',  ( 0.000000000000000000, 0.000000000000000000, 1.000000000000000000 ) ) ;
#75 = CARTESIAN_POINT ( 'NONE',  ( -192.9129999999999825, -12.69999999999998863, -5.489001213999998185 ) ) ;
#76 = VERTEX_POINT ( 'NONE', #494 ) ;
#77 = ORIENTED_EDGE ( 'NONE', *, *, #1159, .T. ) ;
#78 = EDGE_CURVE ( 'NONE', #67, #1139, #30, .T. ) ;
#79 = DIRECTION ( 'NONE',  ( 0.000000000000000000, -1.000000000000000000, 0.000000000000000000 ) ) ;
#80 = CARTESIAN_POINT ( 'NONE',  ( -112.1064999999999827, -6.349999999999983658, -5.489001214000007955 ) ) ;
#81 = CIRCLE ( 'NONE', #528, 2.875000000000002665 ) ;
#82 = LINE ( 'NONE', #804, #1049 ) ;
#83 = ORIENTED_EDGE ( 'NONE', *, *, #635, .T. ) ;
#84 = VECTOR ( 'NONE', #254, 1000.000000000000114 ) ;
#85 = VECTOR ( 'NONE', #1320, 1000.000000000000000 ) ;
#86 = ORIENTED_EDGE ( 'NONE', *, *, #437, .T. ) ;
#87 = LINE ( 'NONE', #181, #1479 ) ;
#88 = VECTOR ( 'NONE', #306, 1000.000000000000000 ) ;
#89 = LINE ( 'NONE', #1061, #5 ) ;
#90 = DIRECTION ( 'NONE',  ( -0.000000000000000000, 0.000000000000000000, 1.000000000000000000 ) ) ;
#91 = ORIENTED_EDGE ( 'NONE', *, *, #1159, .F. ) ;
#92 = EDGE_CURVE ( 'NONE', #76, #1196, #961, .T. ) ;
#93 = ORIENTED_EDGE ( 'NONE', *, *, #721, .T. ) ;
#94 = ORIENTED_EDGE ( 'NONE', *, *, #1129, .F. ) ;
#95 = CARTESIAN_POINT ( 'NONE',  ( -167.5764999999999816, -12.69999999999998863, 51.18099999999999739 ) ) ;
#96 = EDGE_CURVE ( 'NONE', #1126, #591, #615, .T. ) ;
#97 = VERTEX_POINT ( 'NONE', #1198 ) ;
#98 = DIRECTION ( 'NONE',  ( 1.000000000000000000, 0.000000000000000000, 0.000000000000000000 ) ) ;
#99 = VERTEX_POINT ( 'NONE', #22 ) ;
#100 = ORIENTED_EDGE ( 'NONE', *, *, #1142, .T. ) ;
#101 = DIRECTION ( 'NONE',  ( -1.365923996832132842E-16, -0.000000000000000000, -1.000000000000000000 ) ) ;
#102 = VERTEX_POINT ( 'NONE', #862 ) ;
#103 = DIRECTION ( 'NONE',  ( 0.000000000000000000, -1.000000000000000000, 0.000000000000000000 ) ) ;
#104 = ORIENTED_EDGE ( 'NONE', *, *, #1081, .T. ) ;
#105 = VERTEX_POINT ( 'NONE', #487 ) ;
#106 = CIRCLE ( 'NONE', #920, 6.984999999999984333 ) ;
#107 = CARTESIAN_POINT ( 'NONE',  ( -176.4029999999999632, -1.208654451933713058E-15, 51.18099999999999739 ) ) ;
#108 = DIRECTION ( 'NONE',  ( 1.000000000000000000, 0.000000000000000000, -4.218418767239443746E-18 ) ) ;
#109 = AXIS2_PLACEMENT_3D ( 'NONE', #335, #90, #685 ) ;
#110 = EDGE_CURVE ( 'NONE', #1480, #1344, #145, .T. ) ;
#111 = DIRECTION ( 'NONE',  ( 0.000000000000000000, -1.000000000000000000, -0.000000000000000000 ) ) ;
#112 = CARTESIAN_POINT ( 'NONE',  ( -35.90650679999999539, -12.69999999999999396, 7.210998786000001104 ) ) ;
#113 = DIRECTION ( 'NONE',  ( -1.365923996832132842E-16, 0.000000000000000000, -1.000000000000000000 ) ) ;
#114 = ORIENTED_EDGE ( 'NONE', *, *, #1399, .F. ) ;
#115 =( LENGTH_UNIT ( ) NAMED_UNIT ( * ) SI_UNIT ( .MILLI., .METRE. ) );
#116 = DIRECTION ( 'NONE',  ( 0.000000000000000000, -1.000000000000000000, 0.000000000000000000 ) ) ;
#117 = EDGE_CURVE ( 'NONE', #227, #950, #510, .T. ) ;
#118 = VECTOR ( 'NONE', #367, 1000.000000000000000 ) ;
#119 = DIRECTION ( 'NONE',  ( 0.000000000000000000, 0.000000000000000000, 1.000000000000000000 ) ) ;
#120 = EDGE_CURVE ( 'NONE', #818, #701, #731, .T. ) ;
#121 = DIRECTION ( 'NONE',  ( 0.000000000000000000, 0.000000000000000000, 1.000000000000000000 ) ) ;
#122 = LINE ( 'NONE', #520, #729 ) ;
#123 = EDGE_LOOP ( 'NONE', ( #3, #222, #1515, #1531 ) ) ;
#124 = EDGE_CURVE ( 'NONE', #1449, #105, #1166, .T. ) ;
#125 = DIRECTION ( 'NONE',  ( -0.000000000000000000, 0.000000000000000000, 1.000000000000000000 ) ) ;
#126 = CARTESIAN_POINT ( 'NONE',  ( -12.63649999999999451, 0.000000000000000000, 11.02099878600000160 ) ) ;
#127 = DIRECTION ( 'NONE',  ( 1.000000000000000000, 0.000000000000000000, 0.000000000000000000 ) ) ;
#128 = CARTESIAN_POINT ( 'NONE',  ( -72.60649999999998272, -6.349999999999988987, 6.020998786000000713 ) ) ;
#129 = ORIENTED_EDGE ( 'NONE', *, *, #790, .F. ) ;
#130 = VECTOR ( 'NONE', #1398, 1000.000000000000000 ) ;
#131 = ORIENTED_EDGE ( 'NONE', *, *, #1255, .F. ) ;
#132 = DIRECTION ( 'NONE',  ( -1.365923996832133088E-16, -0.000000000000000000, -1.000000000000000000 ) ) ;
#133 = AXIS2_PLACEMENT_3D ( 'NONE', #1121, #524, #287 ) ;
#134 = AXIS2_PLACEMENT_3D ( 'NONE', #1365, #291, #908 ) ;
#135 = LINE ( 'NONE', #1084, #1217 ) ;
#136 = AXIS2_PLACEMENT_3D ( 'NONE', #377, #354, #1106 ) ;
#137 = DIRECTION ( 'NONE',  ( 0.000000000000000000, 0.000000000000000000, -1.000000000000000000 ) ) ;
#138 = DIRECTION ( 'NONE',  ( -1.000000000000000000, 0.000000000000000000, 0.000000000000000000 ) ) ;
#139 = ORIENTED_EDGE ( 'NONE', *, *, #562, .T. ) ;
#140 = ADVANCED_FACE ( 'NONE', ( #589 ), #1078, .F. ) ;
#141 = LINE ( 'NONE', #869, #118 ) ;
#142 = FACE_OUTER_BOUND ( 'NONE', #655, .T. ) ;
#143 = CARTESIAN_POINT ( 'NONE',  ( -167.5764999999999816, 0.000000000000000000, 0.000000000000000000 ) ) ;
#144 = CC_DESIGN_APPROVAL ( #260, ( #1197 ) ) ;
#145 = LINE ( 'NONE', #598, #1190 ) ;
#146 = CYLINDRICAL_SURFACE ( 'NONE', #1285, 6.984999999999984333 ) ;
#147 = ORIENTED_EDGE ( 'NONE', *, *, #577, .F. ) ;
#148 = PERSON_AND_ORGANIZATION ( #1004, #930 ) ;
#149 = PLANE ( 'NONE',  #133 ) ;
#150 = CARTESIAN_POINT ( 'NONE',  ( -161.1629999999999825, 2.269999999999994245, -1.770000000000002016 ) ) ;
#151 = CARTESIAN_POINT ( 'NONE',  ( -137.3214931999999919, -12.69999999999999929, 7.210998785999988669 ) ) ;
#152 = DIRECTION ( 'NONE',  ( -0.000000000000000000, -0.000000000000000000, -1.000000000000000000 ) ) ;
#153 = ORIENTED_EDGE ( 'NONE', *, *, #189, .F. ) ;
#154 = PERSON_AND_ORGANIZATION_ROLE ( 'classification_officer' ) ;
#155 = LINE ( 'NONE', #1235, #1141 ) ;
#156 = CARTESIAN_POINT ( 'NONE',  ( -107.6064999999999827, -6.349999999999983658, 6.020998786000000713 ) ) ;
#157 = VECTOR ( 'NONE', #1194, 1000.000000000000000 ) ;
#158 = EDGE_CURVE ( 'NONE', #1371, #324, #1085, .T. ) ;
#159 = EDGE_CURVE ( 'NONE', #479, #466, #716, .T. ) ;
#160 = AXIS2_PLACEMENT_3D ( 'NONE', #502, #1464, #31 ) ;
#161 = DIRECTION ( 'NONE',  ( -1.365923996832132842E-16, -0.000000000000000000, -1.000000000000000000 ) ) ;
#162 = DIRECTION ( 'NONE',  ( 1.000000000000000000, -0.000000000000000000, 1.490098905635051858E-15 ) ) ;
#163 = AXIS2_PLACEMENT_3D ( 'NONE', #519, #1160, #1153 ) ;
#164 = ORIENTED_EDGE ( 'NONE', *, *, #1171, .T. ) ;
#165 = PERSON_AND_ORGANIZATION_ROLE ( 'creator' ) ;
#166 = ORIENTED_EDGE ( 'NONE', *, *, #860, .F. ) ;
#167 = CARTESIAN_POINT ( 'NONE',  ( -28.92150679999999241, 0.000000000000000000, 7.210998786000001104 ) ) ;
#168 = LINE ( 'NONE', #1253, #1264 ) ;
#169 = LINE ( 'NONE', #1261, #1028 ) ;
#170 = EDGE_CURVE ( 'NONE', #1126, #940, #44, .T. ) ;
#171 = ORIENTED_EDGE ( 'NONE', *, *, #597, .T. ) ;
#172 = CALENDAR_DATE ( 2026, 26, 5 ) ;
#173 = DIRECTION ( 'NONE',  ( -0.000000000000000000, 0.000000000000000000, 1.000000000000000000 ) ) ;
#174 = EDGE_CURVE ( 'NONE', #427, #1270, #299, .T. ) ;
#175 = DIRECTION ( 'NONE',  ( -0.000000000000000000, 0.000000000000000000, 1.000000000000000000 ) ) ;
#176 = VERTEX_POINT ( 'NONE', #151 ) ;
#177 = PLANE ( 'NONE',  #239 ) ;
#178 = ORIENTED_EDGE ( 'NONE', *, *, #635, .F. ) ;
#179 = VERTEX_POINT ( 'NONE', #664 ) ;
#180 = APPROVAL_DATE_TIME ( #1034, #865 ) ;
#181 = CARTESIAN_POINT ( 'NONE',  ( -12.63649999999999451, 0.000000000000000000, 51.18099999999999739 ) ) ;
#182 = DIRECTION ( 'NONE',  ( 0.000000000000000000, -1.000000000000000000, -0.000000000000000000 ) ) ;
#183 = VECTOR ( 'NONE', #511, 1000.000000000000000 ) ;
#184 = LINE ( 'NONE', #59, #584 ) ;
#185 = AXIS2_PLACEMENT_3D ( 'NONE', #751, #365, #605 ) ;
#186 = ORIENTED_EDGE ( 'NONE', *, *, #397, .F. ) ;
#187 = ORIENTED_EDGE ( 'NONE', *, *, #1454, .T. ) ;
#188 = VECTOR ( 'NONE', #127, 1000.000000000000000 ) ;
#189 = EDGE_CURVE ( 'NONE', #466, #204, #1131, .T. ) ;
#190 = ORIENTED_EDGE ( 'NONE', *, *, #1067, .F. ) ;
#191 = FACE_OUTER_BOUND ( 'NONE', #1103, .T. ) ;
#192 = EDGE_CURVE ( 'NONE', #308, #71, #1355, .T. ) ;
#193 = DIRECTION ( 'NONE',  ( 0.000000000000000000, 0.000000000000000000, -1.000000000000000000 ) ) ;
#194 = CARTESIAN_POINT ( 'NONE',  ( -161.1629999999999825, 2.269999999999994245, 3.809999999999999609 ) ) ;
#195 = ORIENTED_EDGE ( 'NONE', *, *, #1461, .T. ) ;
#196 = ORIENTED_EDGE ( 'NONE', *, *, #189, .T. ) ;
#197 = VECTOR ( 'NONE', #1304, 1000.000000000000000 ) ;
#198 = ORIENTED_EDGE ( 'NONE', *, *, #884, .T. ) ;
#199 = CARTESIAN_POINT ( 'NONE',  ( -161.1629999999999825, 2.269999999999994245, -1.770000000000002016 ) ) ;
#200 = FACE_OUTER_BOUND ( 'NONE', #521, .T. ) ;
#201 = EDGE_CURVE ( 'NONE', #818, #1249, #283, .T. ) ;
#202 = LINE ( 'NONE', #677, #268 ) ;
#203 = ORIENTED_EDGE ( 'NONE', *, *, #174, .F. ) ;
#204 = VERTEX_POINT ( 'NONE', #1021 ) ;
#205 = DIRECTION ( 'NONE',  ( -0.000000000000000000, -1.000000000000000000, -0.000000000000000000 ) ) ;
#206 = CARTESIAN_POINT ( 'NONE',  ( 12.69999999999998863, 4.445000000000000284, 49.91100000000001558 ) ) ;
#207 = EDGE_CURVE ( 'NONE', #1401, #909, #184, .T. ) ;
#208 = EDGE_CURVE ( 'NONE', #1155, #67, #408, .T. ) ;
#209 = CARTESIAN_POINT ( 'NONE',  ( -12.63649999999999451, -12.69999999999998863, 51.18099999999999739 ) ) ;
#210 = AXIS2_PLACEMENT_3D ( 'NONE', #719, #1305, #1089 ) ;
#211 = EDGE_LOOP ( 'NONE', ( #1015, #49, #1009, #316 ) ) ;
#212 = VERTEX_POINT ( 'NONE', #1488 ) ;
#213 = VECTOR ( 'NONE', #990, 1000.000000000000114 ) ;
#214 = ORIENTED_EDGE ( 'NONE', *, *, #861, .F. ) ;
#215 = CARTESIAN_POINT ( 'NONE',  ( -72.60649999999998272, -6.349999999999988987, -5.489001214000014173 ) ) ;
#216 = VECTOR ( 'NONE', #1107, 1000.000000000000000 ) ;
#217 = CARTESIAN_POINT ( 'NONE',  ( -35.90650679999999539, -12.69999999999999396, 7.210998786000001104 ) ) ;
#218 = ORIENTED_EDGE ( 'NONE', *, *, #446, .F. ) ;
#219 = DIRECTION ( 'NONE',  ( -1.365923996832133088E-16, -0.000000000000000000, -1.000000000000000000 ) ) ;
#220 = ORIENTED_EDGE ( 'NONE', *, *, #1423, .T. ) ;
#221 = CC_DESIGN_PERSON_AND_ORGANIZATION_ASSIGNMENT ( #421, #657, ( #981 ) ) ;
#222 = ORIENTED_EDGE ( 'NONE', *, *, #885, .T. ) ;
#223 = VECTOR ( 'NONE', #1338, 1000.000000000000000 ) ;
#224 = CYLINDRICAL_SURFACE ( 'NONE', #235, 4.500000000000003553 ) ;
#225 = ORIENTED_EDGE ( 'NONE', *, *, #1237, .F. ) ;
#226 = DIRECTION ( 'NONE',  ( 0.000000000000000000, -1.000000000000000000, 0.000000000000000000 ) ) ;
#227 = VERTEX_POINT ( 'NONE', #1248 ) ;
#228 = VERTEX_POINT ( 'NONE', #1038 ) ;
#229 = LINE ( 'NONE', #612, #262 ) ;
#230 = EDGE_LOOP ( 'NONE', ( #252, #711 ) ) ;
#231 = CARTESIAN_POINT ( 'NONE',  ( -28.92150679999999596, 0.000000000000000000, 11.02099878600000160 ) ) ;
#232 = EDGE_CURVE ( 'NONE', #71, #818, #914, .T. ) ;
#233 = ORIENTED_EDGE ( 'NONE', *, *, #78, .T. ) ;
#234 = ORIENTED_EDGE ( 'NONE', *, *, #96, .T. ) ;
#235 = AXIS2_PLACEMENT_3D ( 'NONE', #700, #101, #1036 ) ;
#236 = CIRCLE ( 'NONE', #1243, 4.500000000000003553 ) ;
#237 = DIRECTION ( 'NONE',  ( 0.000000000000000000, -0.000000000000000000, -1.000000000000000000 ) ) ;
#238 = DIRECTION ( 'NONE',  ( 0.000000000000000000, 0.000000000000000000, -1.000000000000000000 ) ) ;
#239 = AXIS2_PLACEMENT_3D ( 'NONE', #646, #653, #1470 ) ;
#240 = ADVANCED_FACE ( 'NONE', ( #417 ), #901, .T. ) ;
#241 = DIRECTION ( 'NONE',  ( -1.365923996832132842E-16, 0.000000000000000000, -1.000000000000000000 ) ) ;
#242 = DIRECTION ( 'NONE',  ( -1.365923996832132842E-16, -0.000000000000000000, -1.000000000000000000 ) ) ;
#243 = DIRECTION ( 'NONE',  ( 1.000000000000000000, 0.000000000000000000, 0.000000000000000000 ) ) ;
#244 = ADVANCED_FACE ( 'NONE', ( #773 ), #1254, .F. ) ;
#245 = ORIENTED_EDGE ( 'NONE', *, *, #668, .T. ) ;
#246 = CARTESIAN_POINT ( 'NONE',  ( -75.48149999999998272, -6.349999999999988987, 51.18100000000001160 ) ) ;
#247 = CARTESIAN_POINT ( 'NONE',  ( -151.2914931999999908, 0.000000000000000000, 11.02099878600000160 ) ) ;
#248 = LINE ( 'NONE', #749, #65 ) ;
#249 = EDGE_CURVE ( 'NONE', #176, #916, #169, .T. ) ;
#250 = CARTESIAN_POINT ( 'NONE',  ( -181.9829999999999757, 0.000000000000000000, 49.91099999999999426 ) ) ;
#251 = CARTESIAN_POINT ( 'NONE',  ( -176.4029999999999632, 1.270000000000000018, 27.17000000000003723 ) ) ;
#252 = ORIENTED_EDGE ( 'NONE', *, *, #1315, .F. ) ;
#253 = CARTESIAN_POINT ( 'NONE',  ( -181.9829999999999757, 0.000000000000000000, -1.770000000000002016 ) ) ;
#254 = DIRECTION ( 'NONE',  ( -0.7071067811865457964, -0.000000000000000000, -0.7071067811865492381 ) ) ;
#255 = CARTESIAN_POINT ( 'NONE',  ( -151.2914931999999908, 21.02656346635214746, 0.000000000000000000 ) ) ;
#256 = ADVANCED_FACE ( 'NONE', ( #70 ), #177, .T. ) ;
#257 = CARTESIAN_POINT ( 'NONE',  ( -161.1629999999999825, 1.270000000000000018, 3.809999999999999609 ) ) ;
#258 = VECTOR ( 'NONE', #1124, 1000.000000000000000 ) ;
#259 = FACE_BOUND ( 'NONE', #1416, .T. ) ;
#260 = APPROVAL ( #1016, 'UNSPECIFIED' ) ;
#261 = ORIENTED_EDGE ( 'NONE', *, *, #1379, .T. ) ;
#262 = VECTOR ( 'NONE', #125, 1000.000000000000000 ) ;
#263 = CARTESIAN_POINT ( 'NONE',  ( 1.769999999999993356, 2.269999999999994245, -1.770000000000002016 ) ) ;
#264 = ORIENTED_EDGE ( 'NONE', *, *, #714, .T. ) ;
#265 = EDGE_LOOP ( 'NONE', ( #94, #774, #1489, #1510 ) ) ;
#266 = DIRECTION ( 'NONE',  ( -0.000000000000000000, -1.000000000000000000, -0.000000000000000000 ) ) ;
#267 = AXIS2_PLACEMENT_3D ( 'NONE', #616, #1335, #138 ) ;
#268 = VECTOR ( 'NONE', #555, 1000.000000000000000 ) ;
#269 = CARTESIAN_POINT ( 'NONE',  ( -180.2129999999999939, 4.445000000000000284, -5.489001213999999074 ) ) ;
#270 = DIRECTION ( 'NONE',  ( 1.000000000000000000, 0.000000000000000000, 0.000000000000000000 ) ) ;
#271 = FACE_OUTER_BOUND ( 'NONE', #1291, .T. ) ;
#272 = EDGE_LOOP ( 'NONE', ( #433, #190, #514, #54 ) ) ;
#273 = DIRECTION ( 'NONE',  ( 0.000000000000000000, 1.000000000000000000, 0.000000000000000000 ) ) ;
#274 = CARTESIAN_POINT ( 'NONE',  ( -144.3064932000000056, -12.69999999999999396, 0.2259987860000166326 ) ) ;
#275 = LOCAL_TIME ( 12, 15, 33.00000000000000000, #760 ) ;
#276 = DIRECTION ( 'NONE',  ( 0.000000000000000000, -1.000000000000000000, 0.000000000000000000 ) ) ;
#277 = LINE ( 'NONE', #971, #583 ) ;
#278 = ORIENTED_EDGE ( 'NONE', *, *, #158, .T. ) ;
#279 = EDGE_CURVE ( 'NONE', #503, #1413, #394, .T. ) ;
#280 = APPROVAL_STATUS ( 'not_yet_approved' ) ;
#281 = CARTESIAN_POINT ( 'NONE',  ( -28.92150679999998175, 0.000000000000000000, -4.309590563199668367E-14 ) ) ;
#282 = DIRECTION ( 'NONE',  ( -1.000000000000000000, 2.916201808798666708E-16, 0.000000000000000000 ) ) ;
#283 = LINE ( 'NONE', #1013, #1482 ) ;
#284 = FACE_OUTER_BOUND ( 'NONE', #1395, .T. ) ;
#285 = ORIENTED_EDGE ( 'NONE', *, *, #46, .F. ) ;
#286 = DIRECTION ( 'NONE',  ( 0.000000000000000000, 0.000000000000000000, 1.000000000000000000 ) ) ;
#287 = DIRECTION ( 'NONE',  ( 0.000000000000000000, 0.000000000000000000, -1.000000000000000000 ) ) ;
#288 = LINE ( 'NONE', #1236, #1477 ) ;
#289 = VECTOR ( 'NONE', #850, 1000.000000000000000 ) ;
#290 = CC_DESIGN_DATE_AND_TIME_ASSIGNMENT ( #911, #770, ( #1197 ) ) ;
#291 = DIRECTION ( 'NONE',  ( -1.000000000000000000, 0.000000000000000000, -0.000000000000000000 ) ) ;
#292 = ADVANCED_FACE ( 'NONE', ( #1496 ), #425, .F. ) ;
#293 = ORIENTED_EDGE ( 'NONE', *, *, #1067, .T. ) ;
#294 = COORDINATED_UNIVERSAL_TIME_OFFSET ( 5, 0, .BEHIND. ) ;
#295 = VERTEX_POINT ( 'NONE', #1114 ) ;
#296 = FACE_OUTER_BOUND ( 'NONE', #1300, .T. ) ;
#297 = DIRECTION ( 'NONE',  ( 1.000000000000000000, 0.000000000000000000, 0.000000000000000000 ) ) ;
#298 = LOCAL_TIME ( 12, 15, 33.00000000000000000, #34 ) ;
#299 = LINE ( 'NONE', #401, #88 ) ;
#300 = ORIENTED_EDGE ( 'NONE', *, *, #1125, .F. ) ;
#301 = ORIENTED_EDGE ( 'NONE', *, *, #597, .F. ) ;
#302 = PERSON_AND_ORGANIZATION_ROLE ( 'creator' ) ;
#303 = CARTESIAN_POINT ( 'NONE',  ( -3.810000000000007603, 2.269999999999994245, 51.18099999999999739 ) ) ;
#304 = CARTESIAN_POINT ( 'NONE',  ( -181.9829999999999757, 2.269999999999994245, 21.58999999999998209 ) ) ;
#305 = ORIENTED_EDGE ( 'NONE', *, *, #832, .F. ) ;
#306 = DIRECTION ( 'NONE',  ( -0.000000000000000000, -1.000000000000000000, -0.000000000000000000 ) ) ;
#307 = EDGE_CURVE ( 'NONE', #420, #940, #38, .T. ) ;
#308 = VERTEX_POINT ( 'NONE', #756 ) ;
#309 = ORIENTED_EDGE ( 'NONE', *, *, #1158, .F. ) ;
#310 = ADVANCED_FACE ( 'NONE', ( #1238 ), #1123, .T. ) ;
#311 = CARTESIAN_POINT ( 'NONE',  ( -167.5764999999999816, 0.000000000000000000, 11.02099878600000160 ) ) ;
#312 = DIRECTION ( 'NONE',  ( -0.000000000000000000, 0.000000000000000000, 1.000000000000000000 ) ) ;
#313 = AXIS2_PLACEMENT_3D ( 'NONE', #890, #175, #1130 ) ;
#314 = CARTESIAN_POINT ( 'NONE',  ( -72.60649999999998272, -6.349999999999988987, 23.74892084735787279 ) ) ;
#315 = AXIS2_PLACEMENT_3D ( 'NONE', #896, #173, #623 ) ;
#316 = ORIENTED_EDGE ( 'NONE', *, *, #124, .T. ) ;
#317 = CLOSED_SHELL ( 'NONE', ( #32, #1390, #886, #292, #669, #1364, #140, #1393, #1098, #256, #678, #1020, #1282, #1409, #1273, #781, #481, #486, #310, #1440, #964, #240, #400, #814, #378, #464, #915, #244, #370, #1205, #1299, #1507, #845, #533, #936, #1037, #336, #1425, #941, #658, #1204, #744, #9, #984, #517, #609 ) ) ;
#318 = CARTESIAN_POINT ( 'NONE',  ( -176.4029999999999632, 4.445000000000000284, 49.91100000000001558 ) ) ;
#319 = DIRECTION ( 'NONE',  ( -0.000000000000000000, 1.000000000000000000, -0.000000000000000000 ) ) ;
#320 = DIRECTION ( 'NONE',  ( -1.000000000000000000, 0.000000000000000000, 0.000000000000000000 ) ) ;
#321 = ORIENTED_EDGE ( 'NONE', *, *, #1487, .T. ) ;
#322 = VECTOR ( 'NONE', #586, 1000.000000000000000 ) ;
#323 = EDGE_LOOP ( 'NONE', ( #1256, #396, #351, #540, #1303, #629 ) ) ;
#324 = VERTEX_POINT ( 'NONE', #939 ) ;
#325 = DIRECTION ( 'NONE',  ( 0.000000000000000000, 0.000000000000000000, 1.000000000000000000 ) ) ;
#326 = EDGE_CURVE ( 'NONE', #591, #568, #580, .T. ) ;
#327 = FACE_OUTER_BOUND ( 'NONE', #374, .T. ) ;
#328 = FACE_OUTER_BOUND ( 'NONE', #687, .T. ) ;
#329 = ORIENTED_EDGE ( 'NONE', *, *, #726, .F. ) ;
#330 = ORIENTED_EDGE ( 'NONE', *, *, #680, .T. ) ;
#331 = ORIENTED_EDGE ( 'NONE', *, *, #647, .T. ) ;
#332 = CARTESIAN_POINT ( 'NONE',  ( -19.05000000000001137, 1.270000000000000018, -1.770000000000002016 ) ) ;
#333 = CARTESIAN_POINT ( 'NONE',  ( -12.63649999999999451, -12.69999999999998863, 51.18099999999999739 ) ) ;
#334 = ORIENTED_EDGE ( 'NONE', *, *, #1113, .F. ) ;
#335 = CARTESIAN_POINT ( 'NONE',  ( 0.000000000000000000, 0.000000000000000000, 51.18099999999999739 ) ) ;
#336 = ADVANCED_FACE ( 'NONE', ( #1411 ), #1516, .T. ) ;
#337 = AXIS2_PLACEMENT_3D ( 'NONE', #755, #1406, #670 ) ;
#338 = EDGE_LOOP ( 'NONE', ( #461, #61, #278, #825 ) ) ;
#339 = VECTOR ( 'NONE', #935, 1000.000000000000000 ) ;
#340 = VECTOR ( 'NONE', #1350, 1000.000000000000000 ) ;
#341 = ORIENTED_EDGE ( 'NONE', *, *, #1520, .T. ) ;
#342 = CIRCLE ( 'NONE', #739, 4.500000000000003553 ) ;
#343 = PLANE ( 'NONE',  #707 ) ;
#344 = VERTEX_POINT ( 'NONE', #75 ) ;
#345 = DIRECTION ( 'NONE',  ( 0.000000000000000000, 0.000000000000000000, -1.000000000000000000 ) ) ;
#346 = EDGE_CURVE ( 'NONE', #420, #734, #1400, .T. ) ;
#347 = ORIENTED_EDGE ( 'NONE', *, *, #201, .F. ) ;
#348 = EDGE_LOOP ( 'NONE', ( #1357, #321 ) ) ;
#349 = CYLINDRICAL_SURFACE ( 'NONE', #1091, 4.500000000000003553 ) ;
#350 = CARTESIAN_POINT ( 'NONE',  ( -137.3214931999999635, -3.174999999999999822, 11.02099878600000160 ) ) ;
#351 = ORIENTED_EDGE ( 'NONE', *, *, #1142, .F. ) ;
#352 = EDGE_LOOP ( 'NONE', ( #305, #820, #347, #878, #926, #147 ) ) ;
#353 = LINE ( 'NONE', #1083, #1046 ) ;
#354 = DIRECTION ( 'NONE',  ( 0.000000000000000000, -0.000000000000000000, -1.000000000000000000 ) ) ;
#355 = DIRECTION ( 'NONE',  ( 0.000000000000000000, -1.000000000000000000, 0.000000000000000000 ) ) ;
#356 = DIRECTION ( 'NONE',  ( -1.000000000000000000, 0.000000000000000000, 0.000000000000000000 ) ) ;
#357 = ORIENTED_EDGE ( 'NONE', *, *, #1423, .F. ) ;
#358 = AXIS2_PLACEMENT_3D ( 'NONE', #1452, #1362, #518 ) ;
#359 = VECTOR ( 'NONE', #928, 1000.000000000000000 ) ;
#360 = CARTESIAN_POINT ( 'NONE',  ( -176.4029999999999632, 1.270000000000000018, 49.91099999999999426 ) ) ;
#361 = CARTESIAN_POINT ( 'NONE',  ( 1.769999999999993356, 0.000000000000000000, 49.91099999999999426 ) ) ;
#362 = AXIS2_PLACEMENT_3D ( 'NONE', #363, #28, #603 ) ;
#363 = CARTESIAN_POINT ( 'NONE',  ( -192.9129999999999825, 4.445000000000000284, 49.91100000000001558 ) ) ;
#364 = DIRECTION ( 'NONE',  ( 0.000000000000000000, -0.000000000000000000, -1.000000000000000000 ) ) ;
#365 = DIRECTION ( 'NONE',  ( -1.365923996832132842E-16, 0.000000000000000000, -1.000000000000000000 ) ) ;
#366 = ORIENTED_EDGE ( 'NONE', *, *, #1380, .F. ) ;
#367 = DIRECTION ( 'NONE',  ( 0.000000000000000000, 7.656524645920016286E-18, 1.000000000000000000 ) ) ;
#368 = FACE_OUTER_BOUND ( 'NONE', #866, .T. ) ;
#369 = EDGE_CURVE ( 'NONE', #295, #536, #1383, .T. ) ;
#370 = ADVANCED_FACE ( 'NONE', ( #1392 ), #931, .F. ) ;
#371 = FACE_OUTER_BOUND ( 'NONE', #801, .T. ) ;
#372 = DIRECTION ( 'NONE',  ( 0.000000000000000000, 0.000000000000000000, -1.000000000000000000 ) ) ;
#373 = LINE ( 'NONE', #863, #1265 ) ;
#374 = EDGE_LOOP ( 'NONE', ( #17, #666, #100, #187, #636, #1245, #233, #1312 ) ) ;
#375 = DIRECTION ( 'NONE',  ( 1.000000000000000000, 0.000000000000000000, 0.000000000000000000 ) ) ;
#376 = CARTESIAN_POINT ( 'NONE',  ( -68.10649999999996851, -6.349999999999988098, -5.489001214000015061 ) ) ;
#377 = CARTESIAN_POINT ( 'NONE',  ( -107.6064999999999827, -6.349999999999983658, 6.020998786000000713 ) ) ;
#378 = ADVANCED_FACE ( 'NONE', ( #328 ), #1509, .T. ) ;
#379 = FACE_OUTER_BOUND ( 'NONE', #72, .T. ) ;
#380 = CARTESIAN_POINT ( 'NONE',  ( 12.69999999999998508, 2.269999999999994245, 51.18099999999999739 ) ) ;
#381 = ORIENTED_EDGE ( 'NONE', *, *, #967, .F. ) ;
#382 = DIRECTION ( 'NONE',  ( -0.000000000000000000, -1.000000000000000000, -0.000000000000000000 ) ) ;
#383 = CARTESIAN_POINT ( 'NONE',  ( -155.5829999999999700, 4.445000000000000284, 3.809999999999999165 ) ) ;
#384 = VECTOR ( 'NONE', #1093, 1000.000000000000000 ) ;
#385 = DIRECTION ( 'NONE',  ( 0.7071067811865475727, 0.000000000000000000, 0.7071067811865475727 ) ) ;
#386 = CARTESIAN_POINT ( 'NONE',  ( -167.5764999999999816, 0.000000000000000000, 51.18099999999999739 ) ) ;
#387 = DIRECTION ( 'NONE',  ( 1.000000000000000000, 0.000000000000000000, 0.000000000000000000 ) ) ;
#388 = EDGE_CURVE ( 'NONE', #1249, #1413, #815, .T. ) ;
#389 = EDGE_CURVE ( 'NONE', #643, #1449, #1174, .T. ) ;
#390 = ORIENTED_EDGE ( 'NONE', *, *, #651, .T. ) ;
#391 = PERSON_AND_ORGANIZATION ( #1004, #930 ) ;
#392 = CARTESIAN_POINT ( 'NONE',  ( -137.3214931999999635, 0.000000000000000000, 11.02099878600000160 ) ) ;
#393 = CARTESIAN_POINT ( 'NONE',  ( -167.5764999999999816, 212.9456876847032731, 11.02099878600000160 ) ) ;
#394 = LINE ( 'NONE', #538, #973 ) ;
#395 = DIRECTION ( 'NONE',  ( 1.490098905635051858E-15, 0.000000000000000000, -1.000000000000000000 ) ) ;
#396 = ORIENTED_EDGE ( 'NONE', *, *, #46, .T. ) ;
#397 = EDGE_CURVE ( 'NONE', #690, #24, #82, .T. ) ;
#398 = CARTESIAN_POINT ( 'NONE',  ( -35.90650679999999539, 0.000000000000000000, 7.210998786000001104 ) ) ;
#399 = CARTESIAN_POINT ( 'NONE',  ( -107.6064999999999827, -6.349999999999983658, 11.02099878600000515 ) ) ;
#400 = ADVANCED_FACE ( 'NONE', ( #1057 ), #1280, .T. ) ;
#401 = CARTESIAN_POINT ( 'NONE',  ( 12.69999999999998863, 4.445000000000000284, -5.489001213999997297 ) ) ;
#402 = ORIENTED_EDGE ( 'NONE', *, *, #1315, .T. ) ;
#403 = PERSON_AND_ORGANIZATION ( #1004, #930 ) ;
#404 = ORIENTED_EDGE ( 'NONE', *, *, #307, .T. ) ;
#405 = PLANE ( 'NONE',  #315 ) ;
#406 = DIRECTION ( 'NONE',  ( 0.000000000000000000, 0.000000000000000000, -1.000000000000000000 ) ) ;
#407 = VECTOR ( 'NONE', #441, 1000.000000000000000 ) ;
#408 = LINE ( 'NONE', #632, #1118 ) ;
#409 = AXIS2_PLACEMENT_3D ( 'NONE', #1275, #694, #1523 ) ;
#410 = ORIENTED_EDGE ( 'NONE', *, *, #937, .F. ) ;
#411 = ORIENTED_EDGE ( 'NONE', *, *, #1379, .F. ) ;
#412 = COORDINATED_UNIVERSAL_TIME_OFFSET ( 5, 0, .BEHIND. ) ;
#413 = ORIENTED_EDGE ( 'NONE', *, *, #746, .T. ) ;
#414 = DIRECTION ( 'NONE',  ( -1.490098905635051858E-15, 0.000000000000000000, 1.000000000000000000 ) ) ;
#415 = DIRECTION ( 'NONE',  ( -0.000000000000000000, 0.000000000000000000, 1.000000000000000000 ) ) ;
#416 = EDGE_CURVE ( 'NONE', #734, #204, #571, .T. ) ;
#417 = FACE_OUTER_BOUND ( 'NONE', #1492, .T. ) ;
#418 = ORIENTED_EDGE ( 'NONE', *, *, #397, .T. ) ;
#419 = ORIENTED_EDGE ( 'NONE', *, *, #713, .F. ) ;
#420 = VERTEX_POINT ( 'NONE', #454 ) ;
#421 = PERSON_AND_ORGANIZATION ( #1004, #930 ) ;
#422 = CARTESIAN_POINT ( 'NONE',  ( -42.89150679999999483, 0.000000000000000000, 11.02099878600000160 ) ) ;
#423 = CARTESIAN_POINT ( 'NONE',  ( 0.000000000000000000, 0.000000000000000000, -1.770000000000002016 ) ) ;
#424 = VERTEX_POINT ( 'NONE', #1043 ) ;
#425 = CYLINDRICAL_SURFACE ( 'NONE', #40, 4.500000000000003553 ) ;
#426 = ORIENTED_EDGE ( 'NONE', *, *, #1472, .F. ) ;
#427 = VERTEX_POINT ( 'NONE', #947 ) ;
#428 = CARTESIAN_POINT ( 'NONE',  ( 12.69999999999998863, 2.269999999999994245, -5.489001213999997297 ) ) ;
#429 = CARTESIAN_POINT ( 'NONE',  ( 1.769999999999993356, 2.269999999999994245, -1.770000000000002016 ) ) ;
#430 = CIRCLE ( 'NONE', #210, 2.875000000000002665 ) ;
#431 = DIRECTION ( 'NONE',  ( 1.000000000000000000, 0.000000000000000000, -6.103324382627934694E-17 ) ) ;
#432 = VECTOR ( 'NONE', #273, 1000.000000000000000 ) ;
#433 = ORIENTED_EDGE ( 'NONE', *, *, #1203, .F. ) ;
#434 = EDGE_CURVE ( 'NONE', #1402, #76, #791, .T. ) ;
#435 = AXIS2_PLACEMENT_3D ( 'NONE', #986, #715, #720 ) ;
#436 = EDGE_CURVE ( 'NONE', #1139, #1402, #702, .T. ) ;
#437 = EDGE_CURVE ( 'NONE', #1402, #1491, #1180, .T. ) ;
#438 = CARTESIAN_POINT ( 'NONE',  ( -181.9830000000000041, 2.270000000000000462, 21.58999999999998209 ) ) ;
#439 = CARTESIAN_POINT ( 'NONE',  ( -110.4814999999999827, -6.349999999999983658, 11.02099878600000515 ) ) ;
#440 = ORIENTED_EDGE ( 'NONE', *, *, #907, .T. ) ;
#441 = DIRECTION ( 'NONE',  ( 0.000000000000000000, 1.000000000000000000, -0.000000000000000000 ) ) ;
#442 = ORIENTED_EDGE ( 'NONE', *, *, #1426, .F. ) ;
#443 = ORIENTED_EDGE ( 'NONE', *, *, #192, .F. ) ;
#444 = ORIENTED_EDGE ( 'NONE', *, *, #1399, .T. ) ;
#445 = LINE ( 'NONE', #428, #339 ) ;
#446 = EDGE_CURVE ( 'NONE', #689, #1126, #925, .T. ) ;
#447 = PLANE ( 'NONE',  #1332 ) ;
#448 = CARTESIAN_POINT ( 'NONE',  ( 12.69999999999998863, -12.69999999999998863, 51.18099999999999739 ) ) ;
#449 = EDGE_CURVE ( 'NONE', #1196, #1491, #202, .T. ) ;
#450 = EDGE_LOOP ( 'NONE', ( #783, #261, #47, #578 ) ) ;
#451 = ORIENTED_EDGE ( 'NONE', *, *, #956, .T. ) ;
#452 = CARTESIAN_POINT ( 'NONE',  ( -137.3214931999999919, 21.02656346635214746, 7.210998785999988669 ) ) ;
#453 = ORIENTED_EDGE ( 'NONE', *, *, #170, .F. ) ;
#454 = CARTESIAN_POINT ( 'NONE',  ( 12.69999999999998863, -12.69999999999998863, 51.18099999999999739 ) ) ;
#455 = VECTOR ( 'NONE', #904, 1000.000000000000000 ) ;
#456 = VERTEX_POINT ( 'NONE', #1050 ) ;
#457 = VECTOR ( 'NONE', #152, 1000.000000000000000 ) ;
#458 = AXIS2_PLACEMENT_3D ( 'NONE', #269, #706, #859 ) ;
#459 = ORIENTED_EDGE ( 'NONE', *, *, #27, .F. ) ;
#460 = LINE ( 'NONE', #705, #157 ) ;
#461 = ORIENTED_EDGE ( 'NONE', *, *, #207, .F. ) ;
#462 = EDGE_CURVE ( 'NONE', #910, #1276, #1308, .T. ) ;
#463 = DIRECTION ( 'NONE',  ( -0.000000000000000000, -1.000000000000000000, -0.000000000000000000 ) ) ;
#464 = ADVANCED_FACE ( 'NONE', ( #493 ), #11, .F. ) ;
#465 = ORIENTED_EDGE ( 'NONE', *, *, #619, .T. ) ;
#466 = VERTEX_POINT ( 'NONE', #126 ) ;
#467 = LOCAL_TIME ( 12, 15, 33.00000000000000000, #412 ) ;
#468 = DIRECTION ( 'NONE',  ( -1.000000000000000000, 0.000000000000000000, -0.000000000000000000 ) ) ;
#469 = CARTESIAN_POINT ( 'NONE',  ( -107.6064999999999827, -6.349999999999983658, -5.489001214000008844 ) ) ;
#470 = CARTESIAN_POINT ( 'NONE',  ( 1.769999999999993356, 2.269999999999994245, 21.58999999999998209 ) ) ;
#471 = CARTESIAN_POINT ( 'NONE',  ( -103.1064999999999827, -6.349999999999982769, 23.74892084735787634 ) ) ;
#472 = VERTEX_POINT ( 'NONE', #1543 ) ;
#473 = CARTESIAN_POINT ( 'NONE',  ( -72.60649999999998272, -6.349999999999988987, 6.020998786000000713 ) ) ;
#474 = FACE_OUTER_BOUND ( 'NONE', #943, .T. ) ;
#475 = DIRECTION ( 'NONE',  ( 1.000000000000000000, 0.000000000000000000, 0.000000000000000000 ) ) ;
#476 = APPLICATION_CONTEXT ( 'configuration controlled 3d designs of mechanical parts and assemblies' ) ;
#477 = DIRECTION ( 'NONE',  ( 1.000000000000000000, 0.000000000000000000, 0.000000000000000000 ) ) ;
#478 = DIRECTION ( 'NONE',  ( 0.000000000000000000, 0.000000000000000000, -1.000000000000000000 ) ) ;
#479 = VERTEX_POINT ( 'NONE', #231 ) ;
#480 = VECTOR ( 'NONE', #803, 1000.000000000000000 ) ;
#481 = ADVANCED_FACE ( 'NONE', ( #1090, #588, #1331 ), #1202, .F. ) ;
#482 = LINE ( 'NONE', #1329, #1465 ) ;
#483 = DIRECTION ( 'NONE',  ( -1.365923996832132842E-16, -0.000000000000000000, -1.000000000000000000 ) ) ;
#484 = AXIS2_PLACEMENT_3D ( 'NONE', #112, #1214, #137 ) ;
#485 = CARTESIAN_POINT ( 'NONE',  ( -3.810000000000007603, 4.445000000000000284, 27.17000000000000881 ) ) ;
#486 = ADVANCED_FACE ( 'NONE', ( #371 ), #730, .F. ) ;
#487 = CARTESIAN_POINT ( 'NONE',  ( -35.90650679999999539, -12.69999999999999396, 0.2259987859999992854 ) ) ;
#488 = FACE_OUTER_BOUND ( 'NONE', #338, .T. ) ;
#489 = ORIENTED_EDGE ( 'NONE', *, *, #618, .T. ) ;
#490 =( NAMED_UNIT ( * ) PLANE_ANGLE_UNIT ( ) SI_UNIT ( $, .RADIAN. ) );
#491 = CYLINDRICAL_SURFACE ( 'NONE', #838, 6.985000000000001208 ) ;
#492 = APPROVAL ( #628, 'UNSPECIFIED' ) ;
#493 = FACE_OUTER_BOUND ( 'NONE', #747, .T. ) ;
#494 = CARTESIAN_POINT ( 'NONE',  ( -155.5829999999999700, 1.270000000000000018, 3.809999999999999165 ) ) ;
#495 = CARTESIAN_POINT ( 'NONE',  ( -3.142247407067489512E-30, 2.294704387520198855E-14, 51.18099999999999739 ) ) ;
#496 = ORIENTED_EDGE ( 'NONE', *, *, #1363, .F. ) ;
#497 = DIRECTION ( 'NONE',  ( 1.000000000000000000, 0.000000000000000000, 0.000000000000000000 ) ) ;
#498 = DIRECTION ( 'NONE',  ( 1.000000000000000000, 0.000000000000000000, 0.000000000000000000 ) ) ;
#499 = LINE ( 'NONE', #1317, #1407 ) ;
#500 = EDGE_LOOP ( 'NONE', ( #1366, #1262, #459, #1532 ) ) ;
#501 = DIRECTION ( 'NONE',  ( -0.7071067811865475727, -0.000000000000000000, -0.7071067811865475727 ) ) ;
#502 = CARTESIAN_POINT ( 'NONE',  ( -107.6064999999999827, -6.349999999999983658, 51.18100000000001870 ) ) ;
#503 = VERTEX_POINT ( 'NONE', #1211 ) ;
#504 = EDGE_CURVE ( 'NONE', #689, #1072, #1189, .T. ) ;
#505 = CIRCLE ( 'NONE', #1378, 6.985000000000001208 ) ;
#506 = DATE_AND_TIME ( #1484, #298 ) ;
#507 = ORIENTED_EDGE ( 'NONE', *, *, #1241, .F. ) ;
#508 = LINE ( 'NONE', #56, #455 ) ;
#509 = CIRCLE ( 'NONE', #686, 4.500000000000003553 ) ;
#510 = CIRCLE ( 'NONE', #1267, 6.984999999999984333 ) ;
#511 = DIRECTION ( 'NONE',  ( 0.000000000000000000, 0.000000000000000000, 1.000000000000000000 ) ) ;
#512 = CARTESIAN_POINT ( 'NONE',  ( -12.63649999999999451, 212.9456876847032731, 11.02099878600000160 ) ) ;
#513 = DIRECTION ( 'NONE',  ( -0.000000000000000000, -1.000000000000000000, -0.000000000000000000 ) ) ;
#514 = ORIENTED_EDGE ( 'NONE', *, *, #948, .F. ) ;
#515 = APPROVAL_ROLE ( '' ) ;
#516 = DIRECTION ( 'NONE',  ( -3.973597081693475565E-15, 0.000000000000000000, -1.000000000000000000 ) ) ;
#517 = ADVANCED_FACE ( 'NONE', ( #20 ), #614, .F. ) ;
#518 = DIRECTION ( 'NONE',  ( -1.000000000000000000, 0.000000000000000000, 0.000000000000000000 ) ) ;
#519 = CARTESIAN_POINT ( 'NONE',  ( 0.000000000000000000, 1.270000000000000018, 0.000000000000000000 ) ) ;
#520 = CARTESIAN_POINT ( 'NONE',  ( -180.2129999999999939, 1.270000000000000018, 49.91100000000001558 ) ) ;
#521 = EDGE_LOOP ( 'NONE', ( #220, #1191, #171, #186 ) ) ;
#522 = DATE_TIME_ROLE ( 'creation_date' ) ;
#523 = ORIENTED_EDGE ( 'NONE', *, *, #817, .F. ) ;
#524 = DIRECTION ( 'NONE',  ( 0.000000000000000000, -1.000000000000000000, -0.000000000000000000 ) ) ;
#525 = PLANE ( 'NONE',  #613 ) ;
#526 = DIRECTION ( 'NONE',  ( -1.000000000000000000, 0.000000000000000000, 0.000000000000000000 ) ) ;
#527 = ORIENTED_EDGE ( 'NONE', *, *, #985, .T. ) ;
#528 = AXIS2_PLACEMENT_3D ( 'NONE', #128, #848, #243 ) ;
#529 = ORIENTED_EDGE ( 'NONE', *, *, #1296, .F. ) ;
#530 = EDGE_CURVE ( 'NONE', #179, #212, #1483, .T. ) ;
#531 = LINE ( 'NONE', #281, #1405 ) ;
#532 = AXIS2_PLACEMENT_3D ( 'NONE', #383, #26, #1368 ) ;
#533 = ADVANCED_FACE ( 'NONE', ( #851 ), #1324, .T. ) ;
#534 = DIRECTION ( 'NONE',  ( -0.000000000000000000, -1.000000000000000000, -0.000000000000000000 ) ) ;
#535 = AXIS2_PLACEMENT_3D ( 'NONE', #1432, #599, #387 ) ;
#536 = VERTEX_POINT ( 'NONE', #740 ) ;
#537 = VECTOR ( 'NONE', #873, 1000.000000000000000 ) ;
#538 = CARTESIAN_POINT ( 'NONE',  ( -192.9129999999999825, 2.269999999999994245, -5.489001213999997297 ) ) ;
#539 = VECTOR ( 'NONE', #1076, 1000.000000000000000 ) ;
#540 = ORIENTED_EDGE ( 'NONE', *, *, #988, .T. ) ;
#541 = ORIENTED_EDGE ( 'NONE', *, *, #721, .F. ) ;
#542 = CARTESIAN_POINT ( 'NONE',  ( 11.67999999999999972, 1.270000000000000018, 11.67999999999999972 ) ) ;
#543 = FACE_OUTER_BOUND ( 'NONE', #265, .T. ) ;
#544 = DIRECTION ( 'NONE',  ( 0.000000000000000000, 0.000000000000000000, 1.000000000000000000 ) ) ;
#545 = ORIENTED_EDGE ( 'NONE', *, *, #699, .F. ) ;
#546 = ORIENTED_EDGE ( 'NONE', *, *, #232, .T. ) ;
#547 = CARTESIAN_POINT ( 'NONE',  ( -12.63649999999999451, -12.69999999999998863, 11.02099878600000160 ) ) ;
#548 = DIRECTION ( 'NONE',  ( 0.000000000000000000, 0.000000000000000000, -1.000000000000000000 ) ) ;
#549 = EDGE_CURVE ( 'NONE', #591, #472, #135, .T. ) ;
#550 = CARTESIAN_POINT ( 'NONE',  ( -3.810000000000035580, 3.106988124944954422E-13, 51.18099999999999739 ) ) ;
#551 = ORIENTED_EDGE ( 'NONE', *, *, #1017, .F. ) ;
#552 = LINE ( 'NONE', #1266, #1188 ) ;
#553 = LINE ( 'NONE', #361, #893 ) ;
#554 = VECTOR ( 'NONE', #1384, 1000.000000000000000 ) ;
#555 = DIRECTION ( 'NONE',  ( 0.000000000000000000, 1.000000000000000000, 0.000000000000000000 ) ) ;
#556 = EDGE_LOOP ( 'NONE', ( #329, #1175, #444, #822 ) ) ;
#557 = AXIS2_PLACEMENT_3D ( 'NONE', #1447, #501, #276 ) ;
#558 = ORIENTED_EDGE ( 'NONE', *, *, #1125, .T. ) ;
#559 = CC_DESIGN_PERSON_AND_ORGANIZATION_ASSIGNMENT ( #1473, #165, ( #775 ) ) ;
#560 = ORIENTED_EDGE ( 'NONE', *, *, #832, .T. ) ;
#561 = DIRECTION ( 'NONE',  ( -1.000000000000000000, 0.000000000000000000, 0.000000000000000000 ) ) ;
#562 = EDGE_CURVE ( 'NONE', #1169, #701, #1100, .T. ) ;
#563 = DIRECTION ( 'NONE',  ( 0.000000000000000000, -1.000000000000000000, 0.000000000000000000 ) ) ;
#564 = CARTESIAN_POINT ( 'NONE',  ( -72.60649999999998272, -6.349999999999988987, 51.18100000000001160 ) ) ;
#565 = ORIENTED_EDGE ( 'NONE', *, *, #462, .F. ) ;
#566 = CIRCLE ( 'NONE', #592, 4.500000000000003553 ) ;
#567 = ORIENTED_EDGE ( 'NONE', *, *, #948, .T. ) ;
#568 = VERTEX_POINT ( 'NONE', #624 ) ;
#569 = CARTESIAN_POINT ( 'NONE',  ( -192.9129999999999825, 2.269999999999994245, 51.18099999999999739 ) ) ;
#570 = ORIENTED_EDGE ( 'NONE', *, *, #449, .F. ) ;
#571 = LINE ( 'NONE', #209, #663 ) ;
#572 = VERTEX_POINT ( 'NONE', #595 ) ;
#573 = ORIENTED_EDGE ( 'NONE', *, *, #326, .T. ) ;
#574 = EDGE_CURVE ( 'NONE', #1480, #1154, #499, .T. ) ;
#575 = EDGE_CURVE ( 'NONE', #916, #1032, #968, .T. ) ;
#576 = DIRECTION ( 'NONE',  ( -0.000000000000000000, -1.000000000000000000, -0.000000000000000000 ) ) ;
#577 = EDGE_CURVE ( 'NONE', #777, #1525, #1301, .T. ) ;
#578 = ORIENTED_EDGE ( 'NONE', *, *, #927, .T. ) ;
#579 = APPLICATION_CONTEXT ( 'configuration controlled 3d designs of mechanical parts and assemblies' ) ;
#580 = LINE ( 'NONE', #550, #1359 ) ;
#581 = VECTOR ( 'NONE', #652, 1000.000000000000000 ) ;
#582 = ORIENTED_EDGE ( 'NONE', *, *, #416, .T. ) ;
#583 = VECTOR ( 'NONE', #634, 1000.000000000000000 ) ;
#584 = VECTOR ( 'NONE', #1375, 1000.000000000000000 ) ;
#585 = VERTEX_POINT ( 'NONE', #1535 ) ;
#586 = DIRECTION ( 'NONE',  ( 1.000000000000000000, 0.000000000000000000, 0.000000000000000000 ) ) ;
#587 = PLANE ( 'NONE',  #1212 ) ;
#588 = FACE_BOUND ( 'NONE', #230, .T. ) ;
#589 = FACE_OUTER_BOUND ( 'NONE', #1263, .T. ) ;
#590 = PLANE ( 'NONE',  #1307 ) ;
#591 = VERTEX_POINT ( 'NONE', #846 ) ;
#592 = AXIS2_PLACEMENT_3D ( 'NONE', #965, #237, #375 ) ;
#593 = CARTESIAN_POINT ( 'NONE',  ( -161.1629999999999825, -3.174999999999999822, 11.02099878600000160 ) ) ;
#594 = CARTESIAN_POINT ( 'NONE',  ( -151.2914931999999908, 0.000000000000000000, 7.210998785999986005 ) ) ;
#595 = CARTESIAN_POINT ( 'NONE',  ( 1.769999999999993356, 1.270000000000000240, 49.91099999999999426 ) ) ;
#596 = EDGE_CURVE ( 'NONE', #41, #855, #342, .T. ) ;
#597 = EDGE_CURVE ( 'NONE', #761, #24, #248, .T. ) ;
#598 = CARTESIAN_POINT ( 'NONE',  ( -181.9829999999999757, 2.269999999999994245, -1.269999999999996909 ) ) ;
#599 = DIRECTION ( 'NONE',  ( -0.000000000000000000, 0.000000000000000000, 1.000000000000000000 ) ) ;
#600 = ORIENTED_EDGE ( 'NONE', *, *, #120, .F. ) ;
#601 = APPLICATION_PROTOCOL_DEFINITION ( 'international standard', 'config_control_design', 1994, #476 ) ;
#602 = CARTESIAN_POINT ( 'NONE',  ( -176.4029999999999632, 2.269999999999994245, 27.17000000000003723 ) ) ;
#603 = DIRECTION ( 'NONE',  ( 0.000000000000000000, 0.000000000000000000, -1.000000000000000000 ) ) ;
#604 = CARTESIAN_POINT ( 'NONE',  ( -161.1629999999999825, 1.270000000000000018, -1.770000000000002016 ) ) ;
#605 = DIRECTION ( 'NONE',  ( -1.000000000000000000, 0.000000000000000000, 1.927470528863117569E-16 ) ) ;
#606 = AXIS2_PLACEMENT_3D ( 'NONE', #640, #182, #871 ) ;
#607 = EDGE_LOOP ( 'NONE', ( #131, #1346 ) ) ;
#608 = AXIS2_PLACEMENT_3D ( 'NONE', #398, #42, #889 ) ;
#609 = ADVANCED_FACE ( 'NONE', ( #880 ), #525, .F. ) ;
#610 = VECTOR ( 'NONE', #797, 1000.000000000000000 ) ;
#611 = VERTEX_POINT ( 'NONE', #274 ) ;
#612 = CARTESIAN_POINT ( 'NONE',  ( -151.2914931999999908, 0.000000000000000000, -0.000000000000000000 ) ) ;
#613 = AXIS2_PLACEMENT_3D ( 'NONE', #772, #385, #1019 ) ;
#614 = PLANE ( 'NONE',  #841 ) ;
#615 = LINE ( 'NONE', #722, #384 ) ;
#616 = CARTESIAN_POINT ( 'NONE',  ( -72.60649999999998272, -6.349999999999988987, 23.74892084735787279 ) ) ;
#617 = ORIENTED_EDGE ( 'NONE', *, *, #124, .F. ) ;
#618 = EDGE_CURVE ( 'NONE', #1062, #1032, #1012, .T. ) ;
#619 = EDGE_CURVE ( 'NONE', #991, #1466, #8, .T. ) ;
#620 = LOCAL_TIME ( 12, 15, 33.00000000000000000, #294 ) ;
#621 = LINE ( 'NONE', #253, #322 ) ;
#622 = ORIENTED_EDGE ( 'NONE', *, *, #1461, .F. ) ;
#623 = DIRECTION ( 'NONE',  ( 1.000000000000000000, 0.000000000000000000, 0.000000000000000000 ) ) ;
#624 = CARTESIAN_POINT ( 'NONE',  ( -3.810000000000035580, 3.106988124944954422E-13, 49.91099999999999426 ) ) ;
#625 = LINE ( 'NONE', #470, #13 ) ;
#626 = DIRECTION ( 'NONE',  ( 0.000000000000000000, 0.000000000000000000, -1.000000000000000000 ) ) ;
#627 = EDGE_LOOP ( 'NONE', ( #957, #565, #980, #805 ) ) ;
#628 = APPROVAL_STATUS ( 'not_yet_approved' ) ;
#629 = ORIENTED_EDGE ( 'NONE', *, *, #1519, .T. ) ;
#630 = CARTESIAN_POINT ( 'NONE',  ( -176.4029999999999632, 4.445000000000000284, 27.17000000000003723 ) ) ;
#631 = CARTESIAN_POINT ( 'NONE',  ( -167.5764999999999816, 0.000000000000000000, 51.18099999999999739 ) ) ;
#632 = CARTESIAN_POINT ( 'NONE',  ( -19.05000000000001137, 1.270000000000000018, -1.770000000000002016 ) ) ;
#633 = AXIS2_PLACEMENT_3D ( 'NONE', #757, #162, #395 ) ;
#634 = DIRECTION ( 'NONE',  ( -1.365923996832133088E-16, -0.000000000000000000, -1.000000000000000000 ) ) ;
#635 = EDGE_CURVE ( 'NONE', #950, #97, #288, .T. ) ;
#636 = ORIENTED_EDGE ( 'NONE', *, *, #1380, .T. ) ;
#637 = AXIS2_PLACEMENT_3D ( 'NONE', #959, #1298, #19 ) ;
#638 = FACE_OUTER_BOUND ( 'NONE', #450, .T. ) ;
#639 = AXIS2_PLACEMENT_3D ( 'NONE', #1463, #641, #1370 ) ;
#640 = CARTESIAN_POINT ( 'NONE',  ( 0.000000000000000000, 1.270000000000000018, 0.000000000000000000 ) ) ;
#641 = DIRECTION ( 'NONE',  ( -1.365923996832133088E-16, -0.000000000000000000, -1.000000000000000000 ) ) ;
#642 = LINE ( 'NONE', #45, #258 ) ;
#643 = VERTEX_POINT ( 'NONE', #1003 ) ;
#644 = CARTESIAN_POINT ( 'NONE',  ( -137.3214931999999919, 0.000000000000000000, 7.210998785999988669 ) ) ;
#645 = DIRECTION ( 'NONE',  ( -1.365923996832132842E-16, -0.000000000000000000, -1.000000000000000000 ) ) ;
#646 = CARTESIAN_POINT ( 'NONE',  ( 0.000000000000000000, -12.69999999999999929, 0.000000000000000000 ) ) ;
#647 = EDGE_CURVE ( 'NONE', #611, #97, #1404, .T. ) ;
#648 = ORIENTED_EDGE ( 'NONE', *, *, #549, .T. ) ;
#649 = DATE_AND_TIME ( #172, #620 ) ;
#650 = DIRECTION ( 'NONE',  ( 0.000000000000000000, -0.000000000000000000, -1.000000000000000000 ) ) ;
#651 = EDGE_CURVE ( 'NONE', #212, #179, #1164, .T. ) ;
#652 = DIRECTION ( 'NONE',  ( 0.000000000000000000, -1.000000000000000000, 3.469446951953634305E-15 ) ) ;
#653 = DIRECTION ( 'NONE',  ( 0.000000000000000000, -1.000000000000000000, 0.000000000000000000 ) ) ;
#654 = ORIENTED_EDGE ( 'NONE', *, *, #988, .F. ) ;
#655 = EDGE_LOOP ( 'NONE', ( #1059, #1522, #33, #1441 ) ) ;
#656 = ORIENTED_EDGE ( 'NONE', *, *, #833, .F. ) ;
#657 = PERSON_AND_ORGANIZATION_ROLE ( 'design_supplier' ) ;
#658 = ADVANCED_FACE ( 'NONE', ( #766 ), #1247, .T. ) ;
#659 = DIRECTION ( 'NONE',  ( 1.000000000000000000, -0.000000000000000000, 0.000000000000000000 ) ) ;
#660 = AXIS2_PLACEMENT_3D ( 'NONE', #1391, #683, #1514 ) ;
#661 = FACE_OUTER_BOUND ( 'NONE', #963, .T. ) ;
#662 = VECTOR ( 'NONE', #1252, 1000.000000000000000 ) ;
#663 = VECTOR ( 'NONE', #345, 1000.000000000000000 ) ;
#664 = CARTESIAN_POINT ( 'NONE',  ( -110.4814999999999827, -6.349999999999983658, 6.020998786000000713 ) ) ;
#665 = ORIENTED_EDGE ( 'NONE', *, *, #232, .F. ) ;
#666 = ORIENTED_EDGE ( 'NONE', *, *, #1472, .T. ) ;
#667 = CARTESIAN_POINT ( 'NONE',  ( 12.69999999999998863, -12.69999999999998863, -5.489001213999998185 ) ) ;
#668 = EDGE_CURVE ( 'NONE', #295, #855, #168, .T. ) ;
#669 = ADVANCED_FACE ( 'NONE', ( #661 ), #899, .F. ) ;
#670 = DIRECTION ( 'NONE',  ( 0.000000000000000000, 0.000000000000000000, -1.000000000000000000 ) ) ;
#671 = EDGE_LOOP ( 'NONE', ( #203, #681, #1377, #419 ) ) ;
#672 = CARTESIAN_POINT ( 'NONE',  ( -192.9129999999999825, 0.000000000000000000, 51.18099999999999739 ) ) ;
#673 = ORIENTED_EDGE ( 'NONE', *, *, #192, .T. ) ;
#674 = ORIENTED_EDGE ( 'NONE', *, *, #985, .F. ) ;
#675 = DIRECTION ( 'NONE',  ( 0.000000000000000000, 0.000000000000000000, 1.000000000000000000 ) ) ;
#676 = CARTESIAN_POINT ( 'NONE',  ( -176.4029999999999632, 2.269999999999994245, 51.18099999999999739 ) ) ;
#677 = CARTESIAN_POINT ( 'NONE',  ( -24.63000000000004164, 4.445000000000000284, 3.809999999999991172 ) ) ;
#678 = ADVANCED_FACE ( 'NONE', ( #543 ), #1259, .T. ) ;
#679 = ORIENTED_EDGE ( 'NONE', *, *, #1537, .F. ) ;
#680 = EDGE_CURVE ( 'NONE', #799, #456, #811, .T. ) ;
#681 = ORIENTED_EDGE ( 'NONE', *, *, #1349, .F. ) ;
#682 = DIRECTION ( 'NONE',  ( -1.365923996832132842E-16, 0.000000000000000000, -1.000000000000000000 ) ) ;
#683 = DIRECTION ( 'NONE',  ( -0.000000000000000000, 0.000000000000000000, 1.000000000000000000 ) ) ;
#684 = VECTOR ( 'NONE', #52, 1000.000000000000000 ) ;
#685 = DIRECTION ( 'NONE',  ( 1.000000000000000000, 0.000000000000000000, 0.000000000000000000 ) ) ;
#686 = AXIS2_PLACEMENT_3D ( 'NONE', #215, #682, #1258 ) ;
#687 = EDGE_LOOP ( 'NONE', ( #453, #234, #648, #849, #1502, #404 ) ) ;
#688 = VECTOR ( 'NONE', #320, 1000.000000000000000 ) ;
#689 = VERTEX_POINT ( 'NONE', #43 ) ;
#690 = VERTEX_POINT ( 'NONE', #1469 ) ;
#691 = LINE ( 'NONE', #542, #10 ) ;
#692 = LINE ( 'NONE', #1500, #1453 ) ;
#693 = ORIENTED_EDGE ( 'NONE', *, *, #279, .T. ) ;
#694 = DIRECTION ( 'NONE',  ( 0.000000000000000000, -0.000000000000000000, -1.000000000000000000 ) ) ;
#695 = ORIENTED_EDGE ( 'NONE', *, *, #92, .T. ) ;
#696 = EDGE_CURVE ( 'NONE', #1344, #424, #1230, .T. ) ;
#697 = EDGE_CURVE ( 'NONE', #1139, #1480, #1354, .T. ) ;
#698 = ORIENTED_EDGE ( 'NONE', *, *, #764, .T. ) ;
#699 = EDGE_CURVE ( 'NONE', #503, #344, #1135, .T. ) ;
#700 = CARTESIAN_POINT ( 'NONE',  ( -107.6064999999999827, -6.349999999999983658, 23.74892084735787634 ) ) ;
#701 = VERTEX_POINT ( 'NONE', #631 ) ;
#702 = LINE ( 'NONE', #1501, #710 ) ;
#703 = EDGE_LOOP ( 'NONE', ( #1080, #769 ) ) ;
#704 = ORIENTED_EDGE ( 'NONE', *, *, #837, .F. ) ;
#705 = CARTESIAN_POINT ( 'NONE',  ( -101.7865000000004301, 1.270000000000000018, 101.7864999999999469 ) ) ;
#706 = DIRECTION ( 'NONE',  ( 1.365923996832132842E-16, -0.000000000000000000, 1.000000000000000000 ) ) ;
#707 = AXIS2_PLACEMENT_3D ( 'NONE', #206, #821, #74 ) ;
#708 = ORIENTED_EDGE ( 'NONE', *, *, #798, .T. ) ;
#709 = VECTOR ( 'NONE', #1041, 1000.000000000000000 ) ;
#710 = VECTOR ( 'NONE', #1269, 1000.000000000000114 ) ;
#711 = ORIENTED_EDGE ( 'NONE', *, *, #596, .F. ) ;
#712 = FACE_OUTER_BOUND ( 'NONE', #211, .T. ) ;
#713 = EDGE_CURVE ( 'NONE', #1270, #420, #1112, .T. ) ;
#714 = EDGE_CURVE ( 'NONE', #1169, #71, #1462, .T. ) ;
#715 = DIRECTION ( 'NONE',  ( -0.000000000000000000, 0.000000000000000000, 1.000000000000000000 ) ) ;
#716 = LINE ( 'NONE', #1, #765 ) ;
#717 = CARTESIAN_POINT ( 'NONE',  ( -10.41000000000002501, 1.270000000000000018, -10.41000000000002501 ) ) ;
#718 = ORIENTED_EDGE ( 'NONE', *, *, #618, .F. ) ;
#719 = CARTESIAN_POINT ( 'NONE',  ( -72.60649999999998272, -6.349999999999988987, 11.02099878599999805 ) ) ;
#720 = DIRECTION ( 'NONE',  ( 1.000000000000000000, 0.000000000000000000, 0.000000000000000000 ) ) ;
#721 = EDGE_CURVE ( 'NONE', #1062, #227, #1526, .T. ) ;
#722 = CARTESIAN_POINT ( 'NONE',  ( -3.810000000000007603, 0.000000000000000000, 51.18099999999999739 ) ) ;
#723 = DIRECTION ( 'NONE',  ( -6.103324382627934694E-17, 0.000000000000000000, -1.000000000000000000 ) ) ;
#724 = ORIENTED_EDGE ( 'NONE', *, *, #1129, .T. ) ;
#725 = VECTOR ( 'NONE', #1313, 1000.000000000000000 ) ;
#726 = EDGE_CURVE ( 'NONE', #456, #212, #1286, .T. ) ;
#727 = CARTESIAN_POINT ( 'NONE',  ( -181.9829999999999757, 2.270000000000000462, -1.770000000000002016 ) ) ;
#728 = LINE ( 'NONE', #1436, #1306 ) ;
#729 = VECTOR ( 'NONE', #1014, 1000.000000000000000 ) ;
#730 = PLANE ( 'NONE',  #362 ) ;
#731 = LINE ( 'NONE', #386, #537 ) ;
#732 = LINE ( 'NONE', #495, #85 ) ;
#733 = VECTOR ( 'NONE', #1293, 1000.000000000000000 ) ;
#734 = VERTEX_POINT ( 'NONE', #333 ) ;
#735 = AXIS2_PLACEMENT_3D ( 'NONE', #564, #219, #1530 ) ;
#736 = DIRECTION ( 'NONE',  ( -0.000000000000000000, 0.000000000000000000, 1.000000000000000000 ) ) ;
#737 = ORIENTED_EDGE ( 'NONE', *, *, #446, .T. ) ;
#738 = CARTESIAN_POINT ( 'NONE',  ( -42.89150679999998061, -12.69999999999999396, -4.260839156247893567E-14 ) ) ;
#739 = AXIS2_PLACEMENT_3D ( 'NONE', #469, #241, #1195 ) ;
#740 = CARTESIAN_POINT ( 'NONE',  ( -103.1064999999999827, -6.349999999999982769, 6.020998786000000713 ) ) ;
#741 = CARTESIAN_POINT ( 'NONE',  ( -72.60649999999998272, -6.349999999999988987, 6.020998786000000713 ) ) ;
#742 = CARTESIAN_POINT ( 'NONE',  ( -19.05000000000001137, 2.269999999999994245, -1.770000000000002016 ) ) ;
#743 = ORIENTED_EDGE ( 'NONE', *, *, #1349, .T. ) ;
#744 = ADVANCED_FACE ( 'NONE', ( #327 ), #447, .T. ) ;
#745 = APPROVAL_PERSON_ORGANIZATION ( #403, #492, #1257 ) ;
#746 = EDGE_CURVE ( 'NONE', #176, #611, #106, .T. ) ;
#747 = EDGE_LOOP ( 'NONE', ( #1408, #166, #892, #788 ) ) ;
#748 = CARTESIAN_POINT ( 'NONE',  ( -75.48149999999998272, -6.349999999999988987, 11.02099878599999805 ) ) ;
#749 = CARTESIAN_POINT ( 'NONE',  ( 0.000000000000000000, 0.000000000000000000, 49.91099999999999426 ) ) ;
#750 = CARTESIAN_POINT ( 'NONE',  ( -144.3064932000000056, 0.000000000000000000, 7.210998786000001104 ) ) ;
#751 = CARTESIAN_POINT ( 'NONE',  ( -107.6064999999999827, -6.349999999999983658, -5.489001214000008844 ) ) ;
#752 = ORIENTED_EDGE ( 'NONE', *, *, #900, .T. ) ;
#753 = PERSON_AND_ORGANIZATION ( #1004, #930 ) ;
#754 = DIRECTION ( 'NONE',  ( -0.000000000000000000, 0.000000000000000000, 1.000000000000000000 ) ) ;
#755 = CARTESIAN_POINT ( 'NONE',  ( -144.3064932000000056, 0.000000000000000000, 7.210998786000001104 ) ) ;
#756 = CARTESIAN_POINT ( 'NONE',  ( -151.2914931999999908, -12.69999999999999396, 11.02099878600000160 ) ) ;
#757 = CARTESIAN_POINT ( 'NONE',  ( -28.92150679999998175, 21.02656346635214746, -4.309590563199668367E-14 ) ) ;
#758 = ORIENTED_EDGE ( 'NONE', *, *, #1007, .T. ) ;
#759 = VECTOR ( 'NONE', #548, 1000.000000000000000 ) ;
#760 = COORDINATED_UNIVERSAL_TIME_OFFSET ( 5, 0, .BEHIND. ) ;
#761 = VERTEX_POINT ( 'NONE', #913 ) ;
#762 = CARTESIAN_POINT ( 'NONE',  ( -69.73149999999996851, -6.349999999999988987, 6.020998786000000713 ) ) ;
#763 = CIRCLE ( 'NONE', #867, 6.985000000000001208 ) ;
#764 = EDGE_CURVE ( 'NONE', #105, #1458, #505, .T. ) ;
#765 = VECTOR ( 'NONE', #477, 1000.000000000000000 ) ;
#766 = FACE_OUTER_BOUND ( 'NONE', #1490, .T. ) ;
#767 = EDGE_CURVE ( 'NONE', #99, #568, #795, .T. ) ;
#768 = CARTESIAN_POINT ( 'NONE',  ( -12.63649999999999451, -12.69999999999998863, 11.02099878600000160 ) ) ;
#769 = ORIENTED_EDGE ( 'NONE', *, *, #651, .F. ) ;
#770 = DATE_TIME_ROLE ( 'classification_date' ) ;
#771 = CARTESIAN_POINT ( 'NONE',  ( -137.3214932000000204, 21.02656346635214746, 5.456602846333104531E-13 ) ) ;
#772 = CARTESIAN_POINT ( 'NONE',  ( -3.810000000000007603, 4.445000000000000284, 27.17000000000000881 ) ) ;
#773 = FACE_OUTER_BOUND ( 'NONE', #556, .T. ) ;
#774 = ORIENTED_EDGE ( 'NONE', *, *, #1241, .T. ) ;
#775 = PRODUCT_DEFINITION ( 'UNKNOWN', '', #981, #1433 ) ;
#776 = EDGE_LOOP ( 'NONE', ( #1260, #1518, #245, #402 ) ) ;
#777 = VERTEX_POINT ( 'NONE', #810 ) ;
#778 = LINE ( 'NONE', #1105, #709 ) ;
#779 = DIRECTION ( 'NONE',  ( -0.000000000000000000, -1.000000000000000000, -0.000000000000000000 ) ) ;
#780 = DIRECTION ( 'NONE',  ( -1.000000000000000000, 0.000000000000000000, 0.000000000000000000 ) ) ;
#781 = ADVANCED_FACE ( 'NONE', ( #1374 ), #343, .F. ) ;
#782 = ORIENTED_EDGE ( 'NONE', *, *, #549, .F. ) ;
#783 = ORIENTED_EDGE ( 'NONE', *, *, #208, .F. ) ;
#784 = PLANE ( 'NONE',  #1025 ) ;
#785 = AXIS2_PLACEMENT_3D ( 'NONE', #906, #1476, #406 ) ;
#786 = LINE ( 'NONE', #1508, #759 ) ;
#787 = AXIS2_PLACEMENT_3D ( 'NONE', #840, #723, #1311 ) ;
#788 = ORIENTED_EDGE ( 'NONE', *, *, #884, .F. ) ;
#789 = VECTOR ( 'NONE', #1478, 1000.000000000000000 ) ;
#790 = EDGE_CURVE ( 'NONE', #204, #1498, #692, .T. ) ;
#791 = LINE ( 'NONE', #823, #1000 ) ;
#792 = VERTEX_POINT ( 'NONE', #1274 ) ;
#793 = ORIENTED_EDGE ( 'NONE', *, *, #110, .T. ) ;
#794 = CARTESIAN_POINT ( 'NONE',  ( 1.769999999999993356, 0.000000000000000000, 0.000000000000000000 ) ) ;
#795 = LINE ( 'NONE', #1178, #554 ) ;
#796 = VECTOR ( 'NONE', #382, 1000.000000000000000 ) ;
#797 = DIRECTION ( 'NONE',  ( 0.000000000000000000, 0.000000000000000000, 1.000000000000000000 ) ) ;
#798 = EDGE_CURVE ( 'NONE', #1498, #479, #1279, .T. ) ;
#799 = VERTEX_POINT ( 'NONE', #439 ) ;
#800 = EDGE_LOOP ( 'NONE', ( #1511, #622, #674, #178 ) ) ;
#801 = EDGE_LOOP ( 'NONE', ( #1170, #1023, #1372, #91 ) ) ;
#802 = DIRECTION ( 'NONE',  ( -0.000000000000000000, 0.000000000000000000, 1.000000000000000000 ) ) ;
#803 = DIRECTION ( 'NONE',  ( 0.000000000000000000, 1.000000000000000000, 0.000000000000000000 ) ) ;
#804 = CARTESIAN_POINT ( 'NONE',  ( -181.9829999999999757, 1.270000000000000240, 49.91099999999999426 ) ) ;
#805 = ORIENTED_EDGE ( 'NONE', *, *, #389, .F. ) ;
#806 = VECTOR ( 'NONE', #834, 1000.000000000000000 ) ;
#807 = VERTEX_POINT ( 'NONE', #429 ) ;
#808 = ORIENTED_EDGE ( 'NONE', *, *, #55, .F. ) ;
#809 = CARTESIAN_POINT ( 'NONE',  ( -192.9129999999999825, -12.69999999999998863, 51.18099999999999739 ) ) ;
#810 = CARTESIAN_POINT ( 'NONE',  ( -176.4029999999999632, 2.269999999999994245, 51.18099999999999739 ) ) ;
#811 = CIRCLE ( 'NONE', #1187, 2.875000000000002665 ) ;
#812 = ORIENTED_EDGE ( 'NONE', *, *, #647, .F. ) ;
#813 = VECTOR ( 'NONE', #1505, 1000.000000000000000 ) ;
#814 = ADVANCED_FACE ( 'NONE', ( #200 ), #922, .F. ) ;
#815 = LINE ( 'NONE', #672, #407 ) ;
#816 = AXIS2_PLACEMENT_3D ( 'NONE', #1438, #14, #372 ) ;
#817 = EDGE_CURVE ( 'NONE', #777, #875, #1172, .T. ) ;
#818 = VERTEX_POINT ( 'NONE', #95 ) ;
#819 = VECTOR ( 'NONE', #1420, 1000.000000000000000 ) ;
#820 = ORIENTED_EDGE ( 'NONE', *, *, #388, .F. ) ;
#821 = DIRECTION ( 'NONE',  ( -1.000000000000000000, 0.000000000000000000, 0.000000000000000000 ) ) ;
#822 = ORIENTED_EDGE ( 'NONE', *, *, #530, .T. ) ;
#823 = CARTESIAN_POINT ( 'NONE',  ( -155.5829999999999700, 4.445000000000000284, 3.809999999999999165 ) ) ;
#824 = AXIS2_PLACEMENT_3D ( 'NONE', #473, #6, #497 ) ;
#825 = ORIENTED_EDGE ( 'NONE', *, *, #1255, .T. ) ;
#826 = ADVANCED_BREP_SHAPE_REPRESENTATION ( 'Y-axis Way Cover Cover Side', ( #1223, #1250 ), #1010 ) ;
#827 = ORIENTED_EDGE ( 'NONE', *, *, #596, .T. ) ;
#828 = FACE_OUTER_BOUND ( 'NONE', #1302, .T. ) ;
#829 = DIRECTION ( 'NONE',  ( -1.000000000000000000, -7.332769396067994153E-15, 0.000000000000000000 ) ) ;
#830 = EDGE_LOOP ( 'NONE', ( #1352, #998 ) ) ;
#831 = EDGE_LOOP ( 'NONE', ( #808, #570, #411, #366 ) ) ;
#832 = EDGE_CURVE ( 'NONE', #1413, #777, #1165, .T. ) ;
#833 = EDGE_CURVE ( 'NONE', #1512, #761, #89, .T. ) ;
#834 = DIRECTION ( 'NONE',  ( -1.000000000000000000, 0.000000000000000000, 0.000000000000000000 ) ) ;
#835 = CYLINDRICAL_SURFACE ( 'NONE', #969, 6.984999999999984333 ) ;
#836 = CARTESIAN_POINT ( 'NONE',  ( -176.4029999999999632, 0.000000000000000000, 51.18099999999999739 ) ) ;
#837 = EDGE_CURVE ( 'NONE', #1062, #176, #1521, .T. ) ;
#838 = AXIS2_PLACEMENT_3D ( 'NONE', #983, #576, #1066 ) ;
#839 = DIRECTION ( 'NONE',  ( 0.000000000000000000, -0.000000000000000000, -1.000000000000000000 ) ) ;
#840 = CARTESIAN_POINT ( 'NONE',  ( -161.1629999999999825, 4.445000000000000284, 3.809999999999999609 ) ) ;
#841 = AXIS2_PLACEMENT_3D ( 'NONE', #977, #1437, #1444 ) ;
#842 = ORIENTED_EDGE ( 'NONE', *, *, #852, .T. ) ;
#843 = LINE ( 'NONE', #1435, #223 ) ;
#844 = LINE ( 'NONE', #1314, #1116 ) ;
#845 = ADVANCED_FACE ( 'NONE', ( #944 ), #224, .F. ) ;
#846 = CARTESIAN_POINT ( 'NONE',  ( -3.810000000000035580, 3.106988124944954422E-13, 51.18099999999999739 ) ) ;
#847 = CARTESIAN_POINT ( 'NONE',  ( -161.1629999999999825, 1.270000000000000018, -1.770000000000002016 ) ) ;
#848 = DIRECTION ( 'NONE',  ( 0.000000000000000000, -0.000000000000000000, -1.000000000000000000 ) ) ;
#849 = ORIENTED_EDGE ( 'NONE', *, *, #1158, .T. ) ;
#850 = DIRECTION ( 'NONE',  ( -9.933992704233686941E-16, 0.000000000000000000, 1.000000000000000000 ) ) ;
#851 = FACE_OUTER_BOUND ( 'NONE', #800, .T. ) ;
#852 = EDGE_CURVE ( 'NONE', #24, #1154, #786, .T. ) ;
#853 = LINE ( 'NONE', #1101, #898 ) ;
#854 = LINE ( 'NONE', #717, #213 ) ;
#855 = VERTEX_POINT ( 'NONE', #80 ) ;
#856 = FACE_OUTER_BOUND ( 'NONE', #348, .T. ) ;
#857 = ORIENTED_EDGE ( 'NONE', *, *, #110, .F. ) ;
#858 = CARTESIAN_POINT ( 'NONE',  ( 1.769999999999993356, 1.270000000000000018, 21.58999999999998565 ) ) ;
#859 = DIRECTION ( 'NONE',  ( 1.000000000000000000, 0.000000000000000000, -1.365923996832132842E-16 ) ) ;
#860 = EDGE_CURVE ( 'NONE', #99, #572, #553, .T. ) ;
#861 = EDGE_CURVE ( 'NONE', #643, #1276, #844, .T. ) ;
#862 = CARTESIAN_POINT ( 'NONE',  ( 1.769999999999993356, 2.270000000000000462, 21.58999999999998565 ) ) ;
#863 = CARTESIAN_POINT ( 'NONE',  ( -176.4029999999999632, 1.270000000000000018, 49.91100000000001558 ) ) ;
#864 = VECTOR ( 'NONE', #779, 1000.000000000000000 ) ;
#865 = APPROVAL ( #280, 'UNSPECIFIED' ) ;
#866 = EDGE_LOOP ( 'NONE', ( #1467, #1040, #827, #1277 ) ) ;
#867 = AXIS2_PLACEMENT_3D ( 'NONE', #1475, #50, #1111 ) ;
#868 = CIRCLE ( 'NONE', #1288, 2.875000000000002665 ) ;
#869 = CARTESIAN_POINT ( 'NONE',  ( -181.9829999999999757, 1.270000000000000018, 21.58999999999998565 ) ) ;
#870 = CARTESIAN_POINT ( 'NONE',  ( -28.92150679999998175, -12.69999999999999396, -4.309590563199668367E-14 ) ) ;
#871 = DIRECTION ( 'NONE',  ( 0.000000000000000000, 0.000000000000000000, -1.000000000000000000 ) ) ;
#872 = VERTEX_POINT ( 'NONE', #247 ) ;
#873 = DIRECTION ( 'NONE',  ( 0.000000000000000000, 1.000000000000000000, -0.000000000000000000 ) ) ;
#874 = PLANE ( 'NONE',  #1527 ) ;
#875 = VERTEX_POINT ( 'NONE', #602 ) ;
#876 = LOCAL_TIME ( 12, 15, 33.00000000000000000, #1001 ) ;
#877 = CALENDAR_DATE ( 2026, 26, 5 ) ;
#878 = ORIENTED_EDGE ( 'NONE', *, *, #120, .T. ) ;
#879 = LINE ( 'NONE', #870, #1429 ) ;
#880 = FACE_OUTER_BOUND ( 'NONE', #987, .T. ) ;
#881 = CARTESIAN_POINT ( 'NONE',  ( 12.69999999999998863, 0.000000000000000000, 51.18099999999999739 ) ) ;
#882 = PLANE ( 'NONE',  #1182 ) ;
#883 = ORIENTED_EDGE ( 'NONE', *, *, #1520, .F. ) ;
#884 = EDGE_CURVE ( 'NONE', #585, #568, #1534, .T. ) ;
#885 = EDGE_CURVE ( 'NONE', #1466, #991, #430, .T. ) ;
#886 = ADVANCED_FACE ( 'NONE', ( #368 ), #349, .F. ) ;
#887 = CARTESIAN_POINT ( 'NONE',  ( 0.000000000000000000, 0.000000000000000000, 0.000000000000000000 ) ) ;
#888 = ORIENTED_EDGE ( 'NONE', *, *, #1052, .T. ) ;
#889 = DIRECTION ( 'NONE',  ( 0.000000000000000000, 0.000000000000000000, -1.000000000000000000 ) ) ;
#890 = CARTESIAN_POINT ( 'NONE',  ( -72.60649999999998272, -6.349999999999988987, 11.02099878599999805 ) ) ;
#891 = DIRECTION ( 'NONE',  ( 0.000000000000000000, -1.000000000000000000, 0.000000000000000000 ) ) ;
#892 = ORIENTED_EDGE ( 'NONE', *, *, #767, .T. ) ;
#893 = VECTOR ( 'NONE', #1428, 1000.000000000000000 ) ;
#894 = VECTOR ( 'NONE', #1056, 1000.000000000000000 ) ;
#895 = CALENDAR_DATE ( 2026, 26, 5 ) ;
#896 = CARTESIAN_POINT ( 'NONE',  ( -161.1629999999999825, -3.174999999999999822, 11.02099878600000160 ) ) ;
#897 = CIRCLE ( 'NONE', #535, 2.875000000000002665 ) ;
#898 = VECTOR ( 'NONE', #978, 1000.000000000000114 ) ;
#899 = CYLINDRICAL_SURFACE ( 'NONE', #358, 2.875000000000002665 ) ;
#900 = EDGE_CURVE ( 'NONE', #1466, #974, #728, .T. ) ;
#901 = PLANE ( 'NONE',  #134 ) ;
#902 = ORIENTED_EDGE ( 'NONE', *, *, #921, .F. ) ;
#903 = ORIENTED_EDGE ( 'NONE', *, *, #562, .F. ) ;
#904 = DIRECTION ( 'NONE',  ( 0.000000000000000000, 0.000000000000000000, 1.000000000000000000 ) ) ;
#905 = AXIS2_PLACEMENT_3D ( 'NONE', #1082, #736, #982 ) ;
#906 = CARTESIAN_POINT ( 'NONE',  ( -144.3064932000000056, -12.69999999999999396, 7.210998786000001104 ) ) ;
#907 = EDGE_CURVE ( 'NONE', #1449, #910, #1542, .T. ) ;
#908 = DIRECTION ( 'NONE',  ( -0.000000000000000000, 0.000000000000000000, 1.000000000000000000 ) ) ;
#909 = VERTEX_POINT ( 'NONE', #376 ) ;
#910 = VERTEX_POINT ( 'NONE', #1186 ) ;
#911 = DATE_AND_TIME ( #877, #467 ) ;
#912 = CARTESIAN_POINT ( 'NONE',  ( -161.1629999999999825, -3.174999999999999822, 6.020998786000001601 ) ) ;
#913 = CARTESIAN_POINT ( 'NONE',  ( -176.4029999999999632, -1.208654451933713058E-15, 49.91099999999999426 ) ) ;
#914 = LINE ( 'NONE', #1031, #789 ) ;
#915 = ADVANCED_FACE ( 'NONE', ( #828 ), #1210, .F. ) ;
#916 = VERTEX_POINT ( 'NONE', #953 ) ;
#917 = ORIENTED_EDGE ( 'NONE', *, *, #577, .T. ) ;
#918 = PRODUCT ( 'Y-axis Way Cover Cover Side', 'Y-axis Way Cover Cover Side', '', ( #1127 ) ) ;
#919 = DIRECTION ( 'NONE',  ( -1.000000000000000000, 0.000000000000000000, 1.927470528863117569E-16 ) ) ;
#920 = AXIS2_PLACEMENT_3D ( 'NONE', #1494, #319, #193 ) ;
#921 = EDGE_CURVE ( 'NONE', #1109, #102, #1201, .T. ) ;
#922 = PLANE ( 'NONE',  #660 ) ;
#923 = VECTOR ( 'NONE', #356, 1000.000000000000000 ) ;
#924 = AXIS2_PLACEMENT_3D ( 'NONE', #989, #355, #839 ) ;
#925 = LINE ( 'NONE', #1385, #610 ) ;
#926 = ORIENTED_EDGE ( 'NONE', *, *, #1296, .T. ) ;
#927 = EDGE_CURVE ( 'NONE', #76, #67, #1323, .T. ) ;
#928 = DIRECTION ( 'NONE',  ( -0.7071067811865457964, -0.000000000000000000, -0.7071067811865492381 ) ) ;
#929 = DIRECTION ( 'NONE',  ( 0.000000000000000000, 0.000000000000000000, -1.000000000000000000 ) ) ;
#930 = ORGANIZATION ( 'UNSPECIFIED', 'UNSPECIFIED', '' ) ;
#931 = CYLINDRICAL_SURFACE ( 'NONE', #735, 2.875000000000002665 ) ;
#932 = ORIENTED_EDGE ( 'NONE', *, *, #1219, .T. ) ;
#933 = ORIENTED_EDGE ( 'NONE', *, *, #51, .T. ) ;
#934 = ORIENTED_EDGE ( 'NONE', *, *, #696, .T. ) ;
#935 = DIRECTION ( 'NONE',  ( -1.000000000000000000, 0.000000000000000000, 0.000000000000000000 ) ) ;
#936 = ADVANCED_FACE ( 'NONE', ( #1419 ), #835, .F. ) ;
#937 = EDGE_CURVE ( 'NONE', #950, #872, #229, .T. ) ;
#938 = CARTESIAN_POINT ( 'NONE',  ( -28.92150679999999596, -3.174999999999999822, 11.02099878600000160 ) ) ;
#939 = CARTESIAN_POINT ( 'NONE',  ( -77.10649999999998272, -6.349999999999988987, -5.489001214000013285 ) ) ;
#940 = VERTEX_POINT ( 'NONE', #1099 ) ;
#941 = ADVANCED_FACE ( 'NONE', ( #712 ), #491, .F. ) ;
#942 = ORIENTED_EDGE ( 'NONE', *, *, #436, .T. ) ;
#943 = EDGE_LOOP ( 'NONE', ( #970, #139, #600, #665 ) ) ;
#944 = FACE_OUTER_BOUND ( 'NONE', #776, .T. ) ;
#945 = VECTOR ( 'NONE', #1348, 1000.000000000000000 ) ;
#946 = VERTEX_POINT ( 'NONE', #1528 ) ;
#947 = CARTESIAN_POINT ( 'NONE',  ( 12.69999999999998863, 2.269999999999994245, -5.489001213999998185 ) ) ;
#948 = EDGE_CURVE ( 'NONE', #424, #1417, #460, .T. ) ;
#949 = AXIS2_PLACEMENT_3D ( 'NONE', #1290, #1415, #98 ) ;
#950 = VERTEX_POINT ( 'NONE', #594 ) ;
#951 = AXIS2_PLACEMENT_3D ( 'NONE', #255, #475, #960 ) ;
#952 = ORIENTED_EDGE ( 'NONE', *, *, #1325, .T. ) ;
#953 = CARTESIAN_POINT ( 'NONE',  ( -137.3214931999999635, -12.69999999999999396, 11.02099878600000160 ) ) ;
#954 = EDGE_LOOP ( 'NONE', ( #679, #1424, #83, #812 ) ) ;
#955 = DIRECTION ( 'NONE',  ( 9.933992704233688913E-16, 0.000000000000000000, -1.000000000000000000 ) ) ;
#956 = EDGE_CURVE ( 'NONE', #344, #1270, #353, .T. ) ;
#957 = ORIENTED_EDGE ( 'NONE', *, *, #861, .T. ) ;
#958 = ORIENTED_EDGE ( 'NONE', *, *, #207, .T. ) ;
#959 = CARTESIAN_POINT ( 'NONE',  ( 0.000000000000000000, 2.270000000000000462, 0.000000000000000000 ) ) ;
#960 = DIRECTION ( 'NONE',  ( 0.000000000000000000, 0.000000000000000000, -1.000000000000000000 ) ) ;
#961 = LINE ( 'NONE', #257, #1071 ) ;
#962 = CARTESIAN_POINT ( 'NONE',  ( -3.810000000000007603, 4.445000000000000284, 49.91100000000001558 ) ) ;
#963 = EDGE_LOOP ( 'NONE', ( #465, #752, #933, #1176 ) ) ;
#964 = ADVANCED_FACE ( 'NONE', ( #474 ), #587, .F. ) ;
#965 = CARTESIAN_POINT ( 'NONE',  ( -107.6064999999999827, -6.349999999999983658, 6.020998786000000713 ) ) ;
#966 = DIRECTION ( 'NONE',  ( 0.000000000000000000, 1.000000000000000000, -3.469446951953634305E-15 ) ) ;
#967 = EDGE_CURVE ( 'NONE', #1169, #872, #1011, .T. ) ;
#968 = LINE ( 'NONE', #350, #819 ) ;
#969 = AXIS2_PLACEMENT_3D ( 'NONE', #1330, #266, #238 ) ;
#970 = ORIENTED_EDGE ( 'NONE', *, *, #714, .F. ) ;
#971 = CARTESIAN_POINT ( 'NONE',  ( -110.4814999999999827, -6.349999999999983658, 51.18100000000001870 ) ) ;
#972 = CIRCLE ( 'NONE', #185, 4.500000000000003553 ) ;
#973 = VECTOR ( 'NONE', #544, 1000.000000000000000 ) ;
#974 = VERTEX_POINT ( 'NONE', #762 ) ;
#975 = CARTESIAN_POINT ( 'NONE',  ( -69.73149999999996851, -6.349999999999988987, 11.02099878599999805 ) ) ;
#976 = DIRECTION ( 'NONE',  ( -1.000000000000000000, 0.000000000000000000, 0.000000000000000000 ) ) ;
#977 = CARTESIAN_POINT ( 'NONE',  ( -181.9830000000000041, 4.445000000000000284, 21.58999999999998209 ) ) ;
#978 = DIRECTION ( 'NONE',  ( 0.7071067811865474617, -0.000000000000000000, -0.7071067811865474617 ) ) ;
#979 = LINE ( 'NONE', #742, #1095 ) ;
#980 = ORIENTED_EDGE ( 'NONE', *, *, #907, .F. ) ;
#981 = PRODUCT_DEFINITION_FORMATION_WITH_SPECIFIED_SOURCE ( 'ANY', '', #918, .NOT_KNOWN. ) ;
#982 = DIRECTION ( 'NONE',  ( 1.000000000000000000, 0.000000000000000000, 0.000000000000000000 ) ) ;
#983 = CARTESIAN_POINT ( 'NONE',  ( -35.90650679999999539, 21.02656346635214746, 7.210998786000001104 ) ) ;
#984 = ADVANCED_FACE ( 'NONE', ( #142 ), #1027, .F. ) ;
#985 = EDGE_CURVE ( 'NONE', #97, #308, #1361, .T. ) ;
#986 = CARTESIAN_POINT ( 'NONE',  ( 0.000000000000000000, 0.000000000000000000, 49.91099999999999426 ) ) ;
#987 = EDGE_LOOP ( 'NONE', ( #551, #902, #507, #1064 ) ) ;
#988 = EDGE_CURVE ( 'NONE', #946, #99, #508, .T. ) ;
#989 = CARTESIAN_POINT ( 'NONE',  ( 0.000000000000000000, 0.000000000000000000, 0.000000000000000000 ) ) ;
#990 = DIRECTION ( 'NONE',  ( -0.7071067811865474617, -0.000000000000000000, 0.7071067811865474617 ) ) ;
#991 = VERTEX_POINT ( 'NONE', #748 ) ;
#992 = LINE ( 'NONE', #1220, #796 ) ;
#993 = CARTESIAN_POINT ( 'NONE',  ( -151.2914931999999908, -12.69999999999999396, 0.000000000000000000 ) ) ;
#994 = DIRECTION ( 'NONE',  ( 0.000000000000000000, -1.000000000000000000, 0.000000000000000000 ) ) ;
#995 = DIRECTION ( 'NONE',  ( -0.000000000000000000, 1.000000000000000000, -0.000000000000000000 ) ) ;
#996 = CARTESIAN_POINT ( 'NONE',  ( -181.9829999999999757, 2.269999999999994245, 21.58999999999998209 ) ) ;
#997 = VECTOR ( 'NONE', #1157, 1000.000000000000000 ) ;
#998 = ORIENTED_EDGE ( 'NONE', *, *, #51, .F. ) ;
#999 = AXIS2_PLACEMENT_3D ( 'NONE', #771, #1002, #516 ) ;
#1000 = VECTOR ( 'NONE', #226, 1000.000000000000000 ) ;
#1001 = COORDINATED_UNIVERSAL_TIME_OFFSET ( 5, 0, .BEHIND. ) ;
#1002 = DIRECTION ( 'NONE',  ( 1.000000000000000000, 0.000000000000000000, -3.973597081693475565E-15 ) ) ;
#1003 = CARTESIAN_POINT ( 'NONE',  ( -42.89150679999999483, 0.000000000000000000, 7.210998786000000216 ) ) ;
#1004 = PERSON ( 'UNSPECIFIED', 'UNSPECIFIED', 'UNSPECIFIED', ('UNSPECIFIED'), ('UNSPECIFIED'), ('UNSPECIFIED') ) ;
#1005 = DIRECTION ( 'NONE',  ( 3.973597081693474776E-15, 0.000000000000000000, 1.000000000000000000 ) ) ;
#1006 = PLANE ( 'NONE',  #787 ) ;
#1007 = EDGE_CURVE ( 'NONE', #228, #1054, #1333, .T. ) ;
#1008 = EDGE_CURVE ( 'NONE', #585, #572, #1229, .T. ) ;
#1009 = ORIENTED_EDGE ( 'NONE', *, *, #389, .T. ) ;
#1010 =( GEOMETRIC_REPRESENTATION_CONTEXT ( 3 ) GLOBAL_UNCERTAINTY_ASSIGNED_CONTEXT ( ( #16 ) ) GLOBAL_UNIT_ASSIGNED_CONTEXT ( ( #115, #490, #1418 ) ) REPRESENTATION_CONTEXT ( 'NONE', 'WORKASPACE' ) );
#1011 = LINE ( 'NONE', #1468, #1068 ) ;
#1012 = LINE ( 'NONE', #1340, #684 ) ;
#1013 = CARTESIAN_POINT ( 'NONE',  ( -167.5764999999999816, -12.69999999999998863, 51.18099999999999739 ) ) ;
#1014 = DIRECTION ( 'NONE',  ( 1.000000000000000000, 0.000000000000000000, 0.000000000000000000 ) ) ;
#1015 = ORIENTED_EDGE ( 'NONE', *, *, #1171, .F. ) ;
#1016 = APPROVAL_STATUS ( 'not_yet_approved' ) ;
#1017 = EDGE_CURVE ( 'NONE', #102, #689, #155, .T. ) ;
#1018 = FACE_OUTER_BOUND ( 'NONE', #1138, .T. ) ;
#1019 = DIRECTION ( 'NONE',  ( 0.000000000000000000, -1.000000000000000000, 0.000000000000000000 ) ) ;
#1020 = ADVANCED_FACE ( 'NONE', ( #638 ), #149, .T. ) ;
#1021 = CARTESIAN_POINT ( 'NONE',  ( -12.63649999999999451, -12.69999999999998863, 11.02099878600000160 ) ) ;
#1022 = ORIENTED_EDGE ( 'NONE', *, *, #574, .F. ) ;
#1023 = ORIENTED_EDGE ( 'NONE', *, *, #279, .F. ) ;
#1024 = VECTOR ( 'NONE', #116, 1000.000000000000000 ) ;
#1025 = AXIS2_PLACEMENT_3D ( 'NONE', #794, #561, #325 ) ;
#1026 = CALENDAR_DATE ( 2026, 26, 5 ) ;
#1027 = PLANE ( 'NONE',  #532 ) ;
#1028 = VECTOR ( 'NONE', #1005, 1000.000000000000000 ) ;
#1029 = VECTOR ( 'NONE', #119, 1000.000000000000000 ) ;
#1030 = DIRECTION ( 'NONE',  ( 1.000000000000000000, -0.000000000000000000, 0.000000000000000000 ) ) ;
#1031 = CARTESIAN_POINT ( 'NONE',  ( -167.5764999999999816, -12.69999999999998863, 11.02099878600000160 ) ) ;
#1032 = VERTEX_POINT ( 'NONE', #392 ) ;
#1033 = EDGE_LOOP ( 'NONE', ( #545, #225, #1292, #1218 ) ) ;
#1034 = DATE_AND_TIME ( #895, #876 ) ;
#1035 = DIRECTION ( 'NONE',  ( 0.7071067811865474617, -0.000000000000000000, -0.7071067811865474617 ) ) ;
#1036 = DIRECTION ( 'NONE',  ( -1.000000000000000000, 0.000000000000000000, 0.000000000000000000 ) ) ;
#1037 = ADVANCED_FACE ( 'NONE', ( #296 ), #1353, .F. ) ;
#1038 = CARTESIAN_POINT ( 'NONE',  ( -35.90650679999999539, 0.000000000000000000, 0.2259987859999992854 ) ) ;
#1039 = ORIENTED_EDGE ( 'NONE', *, *, #1536, .F. ) ;
#1040 = ORIENTED_EDGE ( 'NONE', *, *, #1184, .T. ) ;
#1041 = DIRECTION ( 'NONE',  ( -0.000000000000000000, -0.000000000000000000, 1.000000000000000000 ) ) ;
#1042 = DIRECTION ( 'NONE',  ( -1.000000000000000000, 0.000000000000000000, 0.000000000000000000 ) ) ;
#1043 = CARTESIAN_POINT ( 'NONE',  ( -181.9829999999999757, 1.270000000000000018, 21.58999999999998565 ) ) ;
#1044 = ORIENTED_EDGE ( 'NONE', *, *, #434, .T. ) ;
#1045 = LINE ( 'NONE', #1055, #813 ) ;
#1046 = VECTOR ( 'NONE', #108, 1000.000000000000000 ) ;
#1047 = CARTESIAN_POINT ( 'NONE',  ( -104.7314999999999827, -6.349999999999983658, 51.18100000000001870 ) ) ;
#1048 = VECTOR ( 'NONE', #1192, 1000.000000000000000 ) ;
#1049 = VECTOR ( 'NONE', #103, 1000.000000000000000 ) ;
#1050 = CARTESIAN_POINT ( 'NONE',  ( -104.7314999999999827, -6.349999999999983658, 11.02099878600000515 ) ) ;
#1051 = ORIENTED_EDGE ( 'NONE', *, *, #158, .F. ) ;
#1052 = EDGE_CURVE ( 'NONE', #1458, #1498, #879, .T. ) ;
#1053 = ORIENTED_EDGE ( 'NONE', *, *, #201, .T. ) ;
#1054 = VERTEX_POINT ( 'NONE', #167 ) ;
#1055 = CARTESIAN_POINT ( 'NONE',  ( -192.9129999999999825, -12.69999999999998863, 51.18099999999999739 ) ) ;
#1056 = DIRECTION ( 'NONE',  ( -1.365923996832133088E-16, -0.000000000000000000, -1.000000000000000000 ) ) ;
#1057 = FACE_OUTER_BOUND ( 'NONE', #352, .T. ) ;
#1058 = ORIENTED_EDGE ( 'NONE', *, *, #449, .T. ) ;
#1059 = ORIENTED_EDGE ( 'NONE', *, *, #436, .F. ) ;
#1060 = CC_DESIGN_PERSON_AND_ORGANIZATION_ASSIGNMENT ( #391, #1360, ( #918 ) ) ;
#1061 = CARTESIAN_POINT ( 'NONE',  ( -176.4029999999999632, 0.000000000000000000, 49.91099999999999426 ) ) ;
#1062 = VERTEX_POINT ( 'NONE', #644 ) ;
#1063 = CARTESIAN_POINT ( 'NONE',  ( -42.89150679999999483, 21.02656346635214746, 7.210998786000000216 ) ) ;
#1064 = ORIENTED_EDGE ( 'NONE', *, *, #504, .F. ) ;
#1065 = ORIENTED_EDGE ( 'NONE', *, *, #575, .T. ) ;
#1066 = DIRECTION ( 'NONE',  ( 0.000000000000000000, 0.000000000000000000, -1.000000000000000000 ) ) ;
#1067 = EDGE_CURVE ( 'NONE', #1417, #875, #1128, .T. ) ;
#1068 = VECTOR ( 'NONE', #498, 1000.000000000000000 ) ;
#1069 = ORIENTED_EDGE ( 'NONE', *, *, #1237, .T. ) ;
#1070 = DIRECTION ( 'NONE',  ( -0.000000000000000000, -0.000000000000000000, -1.000000000000000000 ) ) ;
#1071 = VECTOR ( 'NONE', #1225, 1000.000000000000000 ) ;
#1072 = VERTEX_POINT ( 'NONE', #1460 ) ;
#1073 = ORIENTED_EDGE ( 'NONE', *, *, #852, .F. ) ;
#1074 = DIRECTION ( 'NONE',  ( 0.000000000000000000, -7.656524645920016286E-18, -1.000000000000000000 ) ) ;
#1075 = CARTESIAN_POINT ( 'NONE',  ( -167.5764999999999816, 212.9456876847032731, 0.000000000000000000 ) ) ;
#1076 = DIRECTION ( 'NONE',  ( 0.000000000000000000, -1.000000000000000000, 0.000000000000000000 ) ) ;
#1077 = CC_DESIGN_DATE_AND_TIME_ASSIGNMENT ( #506, #522, ( #775 ) ) ;
#1078 = PLANE ( 'NONE',  #924 ) ;
#1079 = LINE ( 'NONE', #471, #60 ) ;
#1080 = ORIENTED_EDGE ( 'NONE', *, *, #530, .F. ) ;
#1081 = EDGE_CURVE ( 'NONE', #643, #228, #763, .T. ) ;
#1082 = CARTESIAN_POINT ( 'NONE',  ( -161.1629999999999825, -3.174999999999999822, 6.020998786000001601 ) ) ;
#1083 = CARTESIAN_POINT ( 'NONE',  ( -192.9129999999999825, -12.69999999999998863, -5.489001213999997297 ) ) ;
#1084 = CARTESIAN_POINT ( 'NONE',  ( -4.761427309039232424E-27, 6.493354763880101290E-13, 51.18099999999999739 ) ) ;
#1085 = LINE ( 'NONE', #1310, #1309 ) ;
#1086 = FACE_OUTER_BOUND ( 'NONE', #1495, .T. ) ;
#1087 = ORIENTED_EDGE ( 'NONE', *, *, #767, .F. ) ;
#1088 = LINE ( 'NONE', #1541, #197 ) ;
#1089 = DIRECTION ( 'NONE',  ( 1.000000000000000000, 0.000000000000000000, 0.000000000000000000 ) ) ;
#1090 = FACE_BOUND ( 'NONE', #607, .T. ) ;
#1091 = AXIS2_PLACEMENT_3D ( 'NONE', #7, #483, #976 ) ;
#1092 = VECTOR ( 'NONE', #1439, 1000.000000000000000 ) ;
#1093 = DIRECTION ( 'NONE',  ( 0.000000000000000000, -1.000000000000000000, 0.000000000000000000 ) ) ;
#1094 = LINE ( 'NONE', #380, #1092 ) ;
#1095 = VECTOR ( 'NONE', #1226, 1000.000000000000000 ) ;
#1096 = AXIS2_PLACEMENT_3D ( 'NONE', #1294, #1167, #955 ) ;
#1097 = ORIENTED_EDGE ( 'NONE', *, *, #1113, .T. ) ;
#1098 = ADVANCED_FACE ( 'NONE', ( #1018 ), #405, .T. ) ;
#1099 = CARTESIAN_POINT ( 'NONE',  ( 12.69999999999998153, 2.269999999999994245, 51.18099999999999739 ) ) ;
#1100 = LINE ( 'NONE', #143, #1029 ) ;
#1101 = CARTESIAN_POINT ( 'NONE',  ( -19.05000000000001137, 2.270000000000000462, -1.770000000000038431 ) ) ;
#1102 = CYLINDRICAL_SURFACE ( 'NONE', #160, 2.875000000000002665 ) ;
#1103 = EDGE_LOOP ( 'NONE', ( #1283, #1097 ) ) ;
#1104 = CARTESIAN_POINT ( 'NONE',  ( -42.89150679999999483, -12.69999999999999929, 7.210998786000000216 ) ) ;
#1105 = CARTESIAN_POINT ( 'NONE',  ( -3.810000000000007603, 1.270000000000000018, 49.91100000000001558 ) ) ;
#1106 = DIRECTION ( 'NONE',  ( 1.000000000000000000, 0.000000000000000000, 0.000000000000000000 ) ) ;
#1107 = DIRECTION ( 'NONE',  ( 0.000000000000000000, 1.000000000000000000, 0.000000000000000000 ) ) ;
#1108 = FACE_BOUND ( 'NONE', #1149, .T. ) ;
#1109 = VERTEX_POINT ( 'NONE', #35 ) ;
#1110 = APPROVAL_DATE_TIME ( #1119, #492 ) ;
#1111 = DIRECTION ( 'NONE',  ( 0.000000000000000000, 0.000000000000000000, -1.000000000000000000 ) ) ;
#1112 = LINE ( 'NONE', #36, #183 ) ;
#1113 = EDGE_CURVE ( 'NONE', #1401, #1371, #1358, .T. ) ;
#1114 = CARTESIAN_POINT ( 'NONE',  ( -112.1064999999999827, -6.349999999999983658, 6.020998786000000713 ) ) ;
#1115 = CARTESIAN_POINT ( 'NONE',  ( -68.10649999999996851, -6.349999999999988098, 6.020998786000000713 ) ) ;
#1116 = VECTOR ( 'NONE', #1222, 1000.000000000000000 ) ;
#1117 = ORIENTED_EDGE ( 'NONE', *, *, #713, .T. ) ;
#1118 = VECTOR ( 'NONE', #780, 1000.000000000000000 ) ;
#1119 = DATE_AND_TIME ( #1026, #275 ) ;
#1120 = ORIENTED_EDGE ( 'NONE', *, *, #437, .F. ) ;
#1121 = CARTESIAN_POINT ( 'NONE',  ( 0.000000000000000000, 1.270000000000000018, 0.000000000000000000 ) ) ;
#1122 = DIRECTION ( 'NONE',  ( -1.000000000000000000, 0.000000000000000000, 0.000000000000000000 ) ) ;
#1123 = PLANE ( 'NONE',  #163 ) ;
#1124 = DIRECTION ( 'NONE',  ( 0.000000000000000000, 0.000000000000000000, 1.000000000000000000 ) ) ;
#1125 = EDGE_CURVE ( 'NONE', #1054, #479, #531, .T. ) ;
#1126 = VERTEX_POINT ( 'NONE', #303 ) ;
#1127 = MECHANICAL_CONTEXT ( 'NONE', #476, 'mechanical' ) ;
#1128 = LINE ( 'NONE', #630, #432 ) ;
#1129 = EDGE_CURVE ( 'NONE', #1072, #585, #778, .T. ) ;
#1130 = DIRECTION ( 'NONE',  ( 1.000000000000000000, 0.000000000000000000, 0.000000000000000000 ) ) ;
#1131 = LINE ( 'NONE', #512, #1336 ) ;
#1132 = EDGE_LOOP ( 'NONE', ( #1039, #567, #64, #357 ) ) ;
#1133 = SHAPE_DEFINITION_REPRESENTATION ( #1137, #826 ) ;
#1134 = DIRECTION ( 'NONE',  ( 1.000000000000000000, 0.000000000000000000, 0.000000000000000000 ) ) ;
#1135 = LINE ( 'NONE', #1486, #864 ) ;
#1136 = CARTESIAN_POINT ( 'NONE',  ( -3.810000000000007603, 2.269999999999994245, 51.18099999999999739 ) ) ;
#1137 = PRODUCT_DEFINITION_SHAPE ( 'NONE', 'NONE',  #775 ) ;
#1138 = EDGE_LOOP ( 'NONE', ( #443, #195, #381, #264 ) ) ;
#1139 = VERTEX_POINT ( 'NONE', #199 ) ;
#1140 = AXIS2_PLACEMENT_3D ( 'NONE', #69, #1030, #1369 ) ;
#1141 = VECTOR ( 'NONE', #1451, 1000.000000000000114 ) ;
#1142 = EDGE_CURVE ( 'NONE', #946, #807, #73, .T. ) ;
#1143 = DIRECTION ( 'NONE',  ( 1.000000000000000000, 0.000000000000000000, 0.000000000000000000 ) ) ;
#1144 = LINE ( 'NONE', #438, #359 ) ;
#1145 = VECTOR ( 'NONE', #1430, 1000.000000000000000 ) ;
#1146 = DIRECTION ( 'NONE',  ( 1.000000000000000000, 0.000000000000000000, 0.000000000000000000 ) ) ;
#1147 = DIRECTION ( 'NONE',  ( 1.000000000000000000, 0.000000000000000000, 0.000000000000000000 ) ) ;
#1148 = ORIENTED_EDGE ( 'NONE', *, *, #764, .F. ) ;
#1149 = EDGE_LOOP ( 'NONE', ( #1289, #496 ) ) ;
#1150 = FACE_OUTER_BOUND ( 'NONE', #1208, .T. ) ;
#1151 = APPROVAL_PERSON_ORGANIZATION ( #1345, #865, #515 ) ;
#1152 = DIRECTION ( 'NONE',  ( 0.000000000000000000, -1.000000000000000000, 0.000000000000000000 ) ) ;
#1153 = DIRECTION ( 'NONE',  ( 0.000000000000000000, 0.000000000000000000, -1.000000000000000000 ) ) ;
#1154 = VERTEX_POINT ( 'NONE', #1539 ) ;
#1155 = VERTEX_POINT ( 'NONE', #332 ) ;
#1156 = CARTESIAN_POINT ( 'NONE',  ( -24.63000000000004164, 1.270000000000000018, 3.809999999999991172 ) ) ;
#1157 = DIRECTION ( 'NONE',  ( 1.000000000000000000, 0.000000000000000000, 0.000000000000000000 ) ) ;
#1158 = EDGE_CURVE ( 'NONE', #472, #734, #87, .T. ) ;
#1159 = EDGE_CURVE ( 'NONE', #1249, #344, #1045, .T. ) ;
#1160 = DIRECTION ( 'NONE',  ( 0.000000000000000000, -1.000000000000000000, -0.000000000000000000 ) ) ;
#1161 = ORIENTED_EDGE ( 'NONE', *, *, #249, .F. ) ;
#1162 = ORIENTED_EDGE ( 'NONE', *, *, #798, .F. ) ;
#1163 = CARTESIAN_POINT ( 'NONE',  ( 1.769999999999993356, 0.000000000000000000, -1.770000000000002016 ) ) ;
#1164 = CIRCLE ( 'NONE', #1356, 2.875000000000002665 ) ;
#1165 = LINE ( 'NONE', #569, #997 ) ;
#1166 = CIRCLE ( 'NONE', #484, 6.985000000000001208 ) ;
#1167 = DIRECTION ( 'NONE',  ( 1.000000000000000000, -0.000000000000000000, 9.933992704233688913E-16 ) ) ;
#1168 = ORIENTED_EDGE ( 'NONE', *, *, #817, .T. ) ;
#1169 = VERTEX_POINT ( 'NONE', #311 ) ;
#1170 = ORIENTED_EDGE ( 'NONE', *, *, #388, .T. ) ;
#1171 = EDGE_CURVE ( 'NONE', #228, #105, #552, .T. ) ;
#1172 = LINE ( 'NONE', #676, #130 ) ;
#1173 = ORIENTED_EDGE ( 'NONE', *, *, #1203, .T. ) ;
#1174 = LINE ( 'NONE', #1063, #63 ) ;
#1175 = ORIENTED_EDGE ( 'NONE', *, *, #1363, .T. ) ;
#1176 = ORIENTED_EDGE ( 'NONE', *, *, #1445, .F. ) ;
#1177 = EDGE_CURVE ( 'NONE', #910, #916, #1422, .T. ) ;
#1178 = CARTESIAN_POINT ( 'NONE',  ( 0.000000000000000000, 0.000000000000000000, 49.91100000000001558 ) ) ;
#1179 = ORIENTED_EDGE ( 'NONE', *, *, #837, .T. ) ;
#1180 = LINE ( 'NONE', #194, #1287 ) ;
#1181 = ORIENTED_EDGE ( 'NONE', *, *, #746, .F. ) ;
#1182 = AXIS2_PLACEMENT_3D ( 'NONE', #593, #1533, #18 ) ;
#1183 = VERTEX_POINT ( 'NONE', #1499 ) ;
#1184 = EDGE_CURVE ( 'NONE', #536, #41, #1079, .T. ) ;
#1185 = LINE ( 'NONE', #246, #725 ) ;
#1186 = CARTESIAN_POINT ( 'NONE',  ( -42.89150679999999483, -12.69999999999999396, 11.02099878600000160 ) ) ;
#1187 = AXIS2_PLACEMENT_3D ( 'NONE', #399, #415, #297 ) ;
#1188 = VECTOR ( 'NONE', #205, 1000.000000000000000 ) ;
#1189 = LINE ( 'NONE', #485, #1506 ) ;
#1190 = VECTOR ( 'NONE', #121, 1000.000000000000000 ) ;
#1191 = ORIENTED_EDGE ( 'NONE', *, *, #833, .T. ) ;
#1192 = DIRECTION ( 'NONE',  ( 0.000000000000000000, 1.000000000000000000, 0.000000000000000000 ) ) ;
#1193 = ORIENTED_EDGE ( 'NONE', *, *, #885, .F. ) ;
#1194 = DIRECTION ( 'NONE',  ( 0.7071067811865457964, -0.000000000000000000, 0.7071067811865492381 ) ) ;
#1195 = DIRECTION ( 'NONE',  ( -1.000000000000000000, 0.000000000000000000, 1.927470528863117569E-16 ) ) ;
#1196 = VERTEX_POINT ( 'NONE', #1156 ) ;
#1197 = SECURITY_CLASSIFICATION ( '', '', #66 ) ;
#1198 = CARTESIAN_POINT ( 'NONE',  ( -151.2914931999999908, -12.69999999999999396, 7.210998785999986005 ) ) ;
#1199 = CARTESIAN_POINT ( 'NONE',  ( -192.9129999999999825, 2.269999999999994245, 51.18099999999999739 ) ) ;
#1200 = ORIENTED_EDGE ( 'NONE', *, *, #326, .F. ) ;
#1201 = LINE ( 'NONE', #858, #1503 ) ;
#1202 = PLANE ( 'NONE',  #458 ) ;
#1203 = EDGE_CURVE ( 'NONE', #875, #1344, #1144, .T. ) ;
#1204 = ADVANCED_FACE ( 'NONE', ( #1388 ), #784, .T. ) ;
#1205 = ADVANCED_FACE ( 'NONE', ( #191, #68 ), #1513, .F. ) ;
#1206 = FACE_OUTER_BOUND ( 'NONE', #831, .T. ) ;
#1207 = CARTESIAN_POINT ( 'NONE',  ( -161.1629999999999825, -3.174999999999999822, 11.02099878600000160 ) ) ;
#1208 = EDGE_LOOP ( 'NONE', ( #1524, #293, #523, #917, #952, #656 ) ) ;
#1209 = CARTESIAN_POINT ( 'NONE',  ( -28.92150679999999952, -12.69999999999999396, 11.02099878600000160 ) ) ;
#1210 = PLANE ( 'NONE',  #637 ) ;
#1211 = CARTESIAN_POINT ( 'NONE',  ( -192.9129999999999825, 2.269999999999994245, -5.489001213999997297 ) ) ;
#1212 = AXIS2_PLACEMENT_3D ( 'NONE', #1075, #468, #754 ) ;
#1213 = AXIS2_PLACEMENT_3D ( 'NONE', #318, #1272, #675 ) ;
#1214 = DIRECTION ( 'NONE',  ( 0.000000000000000000, -1.000000000000000000, 0.000000000000000000 ) ) ;
#1215 = CYLINDRICAL_SURFACE ( 'NONE', #267, 4.500000000000003553 ) ;
#1216 = VECTOR ( 'NONE', #53, 1000.000000000000000 ) ;
#1217 = VECTOR ( 'NONE', #829, 1000.000000000000000 ) ;
#1218 = ORIENTED_EDGE ( 'NONE', *, *, #956, .F. ) ;
#1219 = EDGE_CURVE ( 'NONE', #909, #324, #509, .T. ) ;
#1220 = CARTESIAN_POINT ( 'NONE',  ( -28.92150679999999241, 21.02656346635214746, 7.210998786000001104 ) ) ;
#1221 = ORIENTED_EDGE ( 'NONE', *, *, #96, .F. ) ;
#1222 = DIRECTION ( 'NONE',  ( -9.933992704233688913E-16, 0.000000000000000000, 1.000000000000000000 ) ) ;
#1223 = MANIFOLD_SOLID_BREP ( 'Chamfer1', #317 ) ;
#1224 = CARTESIAN_POINT ( 'NONE',  ( -42.89150679999999483, -3.174999999999999822, 11.02099878600000160 ) ) ;
#1225 = DIRECTION ( 'NONE',  ( 1.000000000000000000, 0.000000000000000000, -6.103324382627934694E-17 ) ) ;
#1226 = DIRECTION ( 'NONE',  ( 0.000000000000000000, -1.000000000000000000, 0.000000000000000000 ) ) ;
#1227 = APPROVAL_PERSON_ORGANIZATION ( #753, #260, #1251 ) ;
#1228 = ORIENTED_EDGE ( 'NONE', *, *, #1177, .T. ) ;
#1229 = LINE ( 'NONE', #1485, #662 ) ;
#1230 = LINE ( 'NONE', #304, #581 ) ;
#1231 = DIRECTION ( 'NONE',  ( -1.000000000000000000, 0.000000000000000000, 0.000000000000000000 ) ) ;
#1232 = LINE ( 'NONE', #1448, #457 ) ;
#1233 = ORIENTED_EDGE ( 'NONE', *, *, #170, .T. ) ;
#1234 = APPROVAL_DATE_TIME ( #649, #260 ) ;
#1235 = CARTESIAN_POINT ( 'NONE',  ( -3.810000000000007603, 2.270000000000000462, 27.17000000000000881 ) ) ;
#1236 = CARTESIAN_POINT ( 'NONE',  ( -151.2914931999999908, 21.02656346635214746, 7.210998785999986005 ) ) ;
#1237 = EDGE_CURVE ( 'NONE', #427, #503, #445, .T. ) ;
#1238 = FACE_OUTER_BOUND ( 'NONE', #1132, .T. ) ;
#1239 = FACE_OUTER_BOUND ( 'NONE', #1367, .T. ) ;
#1240 = VECTOR ( 'NONE', #282, 1000.000000000000000 ) ;
#1241 = EDGE_CURVE ( 'NONE', #1072, #1109, #691, .T. ) ;
#1242 = ORIENTED_EDGE ( 'NONE', *, *, #159, .F. ) ;
#1243 = AXIS2_PLACEMENT_3D ( 'NONE', #1284, #113, #919 ) ;
#1244 = VECTOR ( 'NONE', #1147, 1000.000000000000000 ) ;
#1245 = ORIENTED_EDGE ( 'NONE', *, *, #208, .T. ) ;
#1246 = DIRECTION ( 'NONE',  ( 0.000000000000000000, 0.000000000000000000, 1.000000000000000000 ) ) ;
#1247 = PLANE ( 'NONE',  #1140 ) ;
#1248 = CARTESIAN_POINT ( 'NONE',  ( -144.3064932000000056, 0.000000000000000000, 0.2259987860000166326 ) ) ;
#1249 = VERTEX_POINT ( 'NONE', #809 ) ;
#1250 = AXIS2_PLACEMENT_3D ( 'NONE', #887, #286, #1143 ) ;
#1251 = APPROVAL_ROLE ( '' ) ;
#1252 = DIRECTION ( 'NONE',  ( 1.000000000000000000, 0.000000000000000000, 0.000000000000000000 ) ) ;
#1253 = CARTESIAN_POINT ( 'NONE',  ( -112.1064999999999827, -6.349999999999983658, 23.74892084735787634 ) ) ;
#1254 = CYLINDRICAL_SURFACE ( 'NONE', #639, 2.875000000000002665 ) ;
#1255 = EDGE_CURVE ( 'NONE', #324, #909, #236, .T. ) ;
#1256 = ORIENTED_EDGE ( 'NONE', *, *, #921, .T. ) ;
#1257 = APPROVAL_ROLE ( '' ) ;
#1258 = DIRECTION ( 'NONE',  ( -1.000000000000000000, 0.000000000000000000, 1.927470528863117569E-16 ) ) ;
#1259 = PLANE ( 'NONE',  #606 ) ;
#1260 = ORIENTED_EDGE ( 'NONE', *, *, #1184, .F. ) ;
#1261 = CARTESIAN_POINT ( 'NONE',  ( -137.3214932000000204, -12.69999999999999396, 5.456602846333104531E-13 ) ) ;
#1262 = ORIENTED_EDGE ( 'NONE', *, *, #462, .T. ) ;
#1263 = EDGE_LOOP ( 'NONE', ( #214, #104, #758, #558, #12, #1434, #782, #573, #1087, #654, #426, #1073, #301, #1394, #529, #903, #1295, #410, #1412, #541, #489, #1271 ) ) ;
#1264 = VECTOR ( 'NONE', #645, 1000.000000000000000 ) ;
#1265 = VECTOR ( 'NONE', #478, 1000.000000000000000 ) ;
#1266 = CARTESIAN_POINT ( 'NONE',  ( -35.90650679999999539, 21.02656346635214746, 0.2259987859999992854 ) ) ;
#1267 = AXIS2_PLACEMENT_3D ( 'NONE', #750, #995, #1455 ) ;
#1268 = DIRECTION ( 'NONE',  ( 1.000000000000000000, 0.000000000000000000, 0.000000000000000000 ) ) ;
#1269 = DIRECTION ( 'NONE',  ( 0.7071067811865457964, -0.000000000000000000, 0.7071067811865492381 ) ) ;
#1270 = VERTEX_POINT ( 'NONE', #667 ) ;
#1271 = ORIENTED_EDGE ( 'NONE', *, *, #27, .T. ) ;
#1272 = DIRECTION ( 'NONE',  ( -1.000000000000000000, 0.000000000000000000, 0.000000000000000000 ) ) ;
#1273 = ADVANCED_FACE ( 'NONE', ( #1373 ), #590, .F. ) ;
#1274 = CARTESIAN_POINT ( 'NONE',  ( -19.05000000000001137, 2.269999999999994245, -1.770000000000002016 ) ) ;
#1275 = CARTESIAN_POINT ( 'NONE',  ( -107.6064999999999827, -6.349999999999983658, 6.020998786000000713 ) ) ;
#1276 = VERTEX_POINT ( 'NONE', #422 ) ;
#1277 = ORIENTED_EDGE ( 'NONE', *, *, #668, .F. ) ;
#1278 = DIRECTION ( 'NONE',  ( 1.000000000000000000, 0.000000000000000000, 0.000000000000000000 ) ) ;
#1279 = LINE ( 'NONE', #938, #480 ) ;
#1280 = PLANE ( 'NONE',  #949 ) ;
#1281 = EDGE_LOOP ( 'NONE', ( #617, #440, #1228, #1161, #413, #331, #527, #673, #546, #1053, #77, #451, #1117, #1497, #582, #1386, #1403, #1148 ) ) ;
#1282 = ADVANCED_FACE ( 'NONE', ( #1150 ), #1382, .F. ) ;
#1283 = ORIENTED_EDGE ( 'NONE', *, *, #1504, .T. ) ;
#1284 = CARTESIAN_POINT ( 'NONE',  ( -72.60649999999998272, -6.349999999999988987, -5.489001214000014173 ) ) ;
#1285 = AXIS2_PLACEMENT_3D ( 'NONE', #1327, #513, #626 ) ;
#1286 = LINE ( 'NONE', #1047, #894 ) ;
#1287 = VECTOR ( 'NONE', #431, 1000.000000000000000 ) ;
#1288 = AXIS2_PLACEMENT_3D ( 'NONE', #741, #364, #270 ) ;
#1289 = ORIENTED_EDGE ( 'NONE', *, *, #680, .F. ) ;
#1290 = CARTESIAN_POINT ( 'NONE',  ( 0.000000000000000000, 0.000000000000000000, 51.18099999999999739 ) ) ;
#1291 = EDGE_LOOP ( 'NONE', ( #330, #1321, #390, #114 ) ) ;
#1292 = ORIENTED_EDGE ( 'NONE', *, *, #174, .T. ) ;
#1293 = DIRECTION ( 'NONE',  ( -0.000000000000000000, -1.000000000000000000, -0.000000000000000000 ) ) ;
#1294 = CARTESIAN_POINT ( 'NONE',  ( -42.89150679999998061, 21.02656346635214746, -4.260839156247893567E-14 ) ) ;
#1295 = ORIENTED_EDGE ( 'NONE', *, *, #967, .T. ) ;
#1296 = EDGE_CURVE ( 'NONE', #701, #1525, #732, .T. ) ;
#1297 = ORIENTED_EDGE ( 'NONE', *, *, #1017, .T. ) ;
#1298 = DIRECTION ( 'NONE',  ( 0.000000000000000000, -1.000000000000000000, -0.000000000000000000 ) ) ;
#1299 = ADVANCED_FACE ( 'NONE', ( #488 ), #1215, .F. ) ;
#1300 = EDGE_LOOP ( 'NONE', ( #1179, #1471, #1065, #718 ) ) ;
#1301 = LINE ( 'NONE', #836, #539 ) ;
#1302 = EDGE_LOOP ( 'NONE', ( #86, #1540, #1387, #285, #1297, #737, #1233, #743, #1069, #693, #560, #1168, #1173, #857, #1481, #942 ) ) ;
#1303 = ORIENTED_EDGE ( 'NONE', *, *, #860, .T. ) ;
#1304 = DIRECTION ( 'NONE',  ( 0.000000000000000000, 1.000000000000000000, -0.000000000000000000 ) ) ;
#1305 = DIRECTION ( 'NONE',  ( -0.000000000000000000, 0.000000000000000000, 1.000000000000000000 ) ) ;
#1306 = VECTOR ( 'NONE', #132, 1000.000000000000000 ) ;
#1307 = AXIS2_PLACEMENT_3D ( 'NONE', #962, #659, #1493 ) ;
#1308 = LINE ( 'NONE', #1224, #1145 ) ;
#1309 = VECTOR ( 'NONE', #242, 1000.000000000000000 ) ;
#1310 = CARTESIAN_POINT ( 'NONE',  ( -77.10649999999998272, -6.349999999999988987, 23.74892084735787279 ) ) ;
#1311 = DIRECTION ( 'NONE',  ( -1.000000000000000000, 0.000000000000000000, 6.103324382627934694E-17 ) ) ;
#1312 = ORIENTED_EDGE ( 'NONE', *, *, #697, .T. ) ;
#1313 = DIRECTION ( 'NONE',  ( -1.365923996832133088E-16, -0.000000000000000000, -1.000000000000000000 ) ) ;
#1314 = CARTESIAN_POINT ( 'NONE',  ( -42.89150679999998061, 0.000000000000000000, -4.260839156247894199E-14 ) ) ;
#1315 = EDGE_CURVE ( 'NONE', #855, #41, #972, .T. ) ;
#1316 = EDGE_CURVE ( 'NONE', #1512, #1417, #373, .T. ) ;
#1317 = CARTESIAN_POINT ( 'NONE',  ( -181.9829999999999757, 2.270000000000000462, -1.770000000000002016 ) ) ;
#1318 = CIRCLE ( 'NONE', #824, 4.500000000000003553 ) ;
#1319 = PLANE ( 'NONE',  #557 ) ;
#1320 = DIRECTION ( 'NONE',  ( -1.000000000000000000, -1.369347365245245551E-16, 0.000000000000000000 ) ) ;
#1321 = ORIENTED_EDGE ( 'NONE', *, *, #726, .T. ) ;
#1322 = FACE_BOUND ( 'NONE', #703, .T. ) ;
#1323 = LINE ( 'NONE', #1414, #84 ) ;
#1324 = PLANE ( 'NONE',  #951 ) ;
#1325 = EDGE_CURVE ( 'NONE', #1525, #761, #1232, .T. ) ;
#1326 = CARTESIAN_POINT ( 'NONE',  ( -167.5764999999999816, -12.69999999999998863, 11.02099878600000160 ) ) ;
#1327 = CARTESIAN_POINT ( 'NONE',  ( -144.3064932000000056, 21.02656346635214746, 7.210998786000001104 ) ) ;
#1328 = EDGE_LOOP ( 'NONE', ( #695, #1058, #1120, #1044 ) ) ;
#1329 = CARTESIAN_POINT ( 'NONE',  ( 1.769999999999993356, 1.270000000000000240, 49.91099999999999426 ) ) ;
#1330 = CARTESIAN_POINT ( 'NONE',  ( -144.3064932000000056, 21.02656346635214746, 7.210998786000001104 ) ) ;
#1331 = FACE_OUTER_BOUND ( 'NONE', #1033, .T. ) ;
#1332 = AXIS2_PLACEMENT_3D ( 'NONE', #423, #312, #1268 ) ;
#1333 = CIRCLE ( 'NONE', #608, 6.985000000000001208 ) ;
#1334 = CARTESIAN_POINT ( 'NONE',  ( -161.1629999999999825, 0.000000000000000000, 11.02099878600000160 ) ) ;
#1335 = DIRECTION ( 'NONE',  ( -1.365923996832132842E-16, -0.000000000000000000, -1.000000000000000000 ) ) ;
#1336 = VECTOR ( 'NONE', #891, 1000.000000000000000 ) ;
#1337 = ORIENTED_EDGE ( 'NONE', *, *, #1537, .T. ) ;
#1338 = DIRECTION ( 'NONE',  ( -0.000000000000000000, -1.000000000000000000, -0.000000000000000000 ) ) ;
#1339 = DIRECTION ( 'NONE',  ( -1.490098905635051858E-15, 0.000000000000000000, 1.000000000000000000 ) ) ;
#1340 = CARTESIAN_POINT ( 'NONE',  ( -137.3214932000000204, 0.000000000000000000, 5.456602846333105540E-13 ) ) ;
#1341 = LINE ( 'NONE', #1334, #188 ) ;
#1342 = DIRECTION ( 'NONE',  ( 1.000000000000000000, 0.000000000000000000, 0.000000000000000000 ) ) ;
#1343 = CC_DESIGN_SECURITY_CLASSIFICATION ( #1197, ( #981 ) ) ;
#1344 = VERTEX_POINT ( 'NONE', #996 ) ;
#1345 = PERSON_AND_ORGANIZATION ( #1004, #930 ) ;
#1346 = ORIENTED_EDGE ( 'NONE', *, *, #1219, .F. ) ;
#1347 = CARTESIAN_POINT ( 'NONE',  ( -72.60649999999998272, -6.349999999999988987, 6.020998786000000713 ) ) ;
#1348 = DIRECTION ( 'NONE',  ( 0.000000000000000000, -1.000000000000000000, 0.000000000000000000 ) ) ;
#1349 = EDGE_CURVE ( 'NONE', #940, #427, #1094, .T. ) ;
#1350 = DIRECTION ( 'NONE',  ( 0.000000000000000000, 1.000000000000000000, -0.000000000000000000 ) ) ;
#1351 = PLANE ( 'NONE',  #633 ) ;
#1352 = ORIENTED_EDGE ( 'NONE', *, *, #1410, .F. ) ;
#1353 = PLANE ( 'NONE',  #999 ) ;
#1354 = LINE ( 'NONE', #150, #1240 ) ;
#1355 = LINE ( 'NONE', #768, #1216 ) ;
#1356 = AXIS2_PLACEMENT_3D ( 'NONE', #156, #57, #1146 ) ;
#1357 = ORIENTED_EDGE ( 'NONE', *, *, #369, .T. ) ;
#1358 = CIRCLE ( 'NONE', #1381, 4.500000000000003553 ) ;
#1359 = VECTOR ( 'NONE', #1070, 1000.000000000000000 ) ;
#1360 = PERSON_AND_ORGANIZATION_ROLE ( 'design_owner' ) ;
#1361 = LINE ( 'NONE', #993, #58 ) ;
#1362 = DIRECTION ( 'NONE',  ( -1.365923996832133088E-16, -0.000000000000000000, -1.000000000000000000 ) ) ;
#1363 = EDGE_CURVE ( 'NONE', #456, #799, #897, .T. ) ;
#1364 = ADVANCED_FACE ( 'NONE', ( #271 ), #1102, .F. ) ;
#1365 = CARTESIAN_POINT ( 'NONE',  ( -12.63649999999999451, 212.9456876847032731, 0.000000000000000000 ) ) ;
#1366 = ORIENTED_EDGE ( 'NONE', *, *, #1177, .F. ) ;
#1367 = EDGE_LOOP ( 'NONE', ( #341, #888, #708, #300 ) ) ;
#1368 = DIRECTION ( 'NONE',  ( 0.000000000000000000, -1.000000000000000000, 0.000000000000000000 ) ) ;
#1369 = DIRECTION ( 'NONE',  ( 0.000000000000000000, 0.000000000000000000, -1.000000000000000000 ) ) ;
#1370 = DIRECTION ( 'NONE',  ( -1.000000000000000000, 0.000000000000000000, 0.000000000000000000 ) ) ;
#1371 = VERTEX_POINT ( 'NONE', #23 ) ;
#1372 = ORIENTED_EDGE ( 'NONE', *, *, #699, .T. ) ;
#1373 = FACE_OUTER_BOUND ( 'NONE', #1446, .T. ) ;
#1374 = FACE_OUTER_BOUND ( 'NONE', #671, .T. ) ;
#1375 = DIRECTION ( 'NONE',  ( -1.365923996832132842E-16, -0.000000000000000000, -1.000000000000000000 ) ) ;
#1376 = ORIENTED_EDGE ( 'NONE', *, *, #1007, .F. ) ;
#1377 = ORIENTED_EDGE ( 'NONE', *, *, #307, .F. ) ;
#1378 = AXIS2_PLACEMENT_3D ( 'NONE', #217, #1152, #929 ) ;
#1379 = EDGE_CURVE ( 'NONE', #1155, #1196, #854, .T. ) ;
#1380 = EDGE_CURVE ( 'NONE', #792, #1155, #979, .T. ) ;
#1381 = AXIS2_PLACEMENT_3D ( 'NONE', #1347, #650, #1134 ) ;
#1382 = PLANE ( 'NONE',  #1213 ) ;
#1383 = CIRCLE ( 'NONE', #409, 4.500000000000003553 ) ;
#1384 = DIRECTION ( 'NONE',  ( -1.000000000000000000, 0.000000000000000000, 0.000000000000000000 ) ) ;
#1385 = CARTESIAN_POINT ( 'NONE',  ( -3.810000000000007603, 2.269999999999994245, 21.58999999999999631 ) ) ;
#1386 = ORIENTED_EDGE ( 'NONE', *, *, #790, .T. ) ;
#1387 = ORIENTED_EDGE ( 'NONE', *, *, #1454, .F. ) ;
#1388 = FACE_OUTER_BOUND ( 'NONE', #323, .T. ) ;
#1389 = CC_DESIGN_APPROVAL ( #865, ( #981 ) ) ;
#1390 = ADVANCED_FACE ( 'NONE', ( #1086 ), #146, .F. ) ;
#1391 = CARTESIAN_POINT ( 'NONE',  ( 0.000000000000000000, 0.000000000000000000, 49.91099999999999426 ) ) ;
#1392 = FACE_OUTER_BOUND ( 'NONE', #123, .T. ) ;
#1393 = ADVANCED_FACE ( 'NONE', ( #259, #1108, #1456 ), #874, .T. ) ;
#1394 = ORIENTED_EDGE ( 'NONE', *, *, #1325, .F. ) ;
#1395 = EDGE_LOOP ( 'NONE', ( #1162, #129, #153, #1242 ) ) ;
#1396 = ORIENTED_EDGE ( 'NONE', *, *, #416, .F. ) ;
#1397 = DIRECTION ( 'NONE',  ( -1.365923996832132842E-16, -0.000000000000000000, -1.000000000000000000 ) ) ;
#1398 = DIRECTION ( 'NONE',  ( 0.000000000000000000, 0.000000000000000000, -1.000000000000000000 ) ) ;
#1399 = EDGE_CURVE ( 'NONE', #799, #179, #277, .T. ) ;
#1400 = LINE ( 'NONE', #448, #688 ) ;
#1401 = VERTEX_POINT ( 'NONE', #1115 ) ;
#1402 = VERTEX_POINT ( 'NONE', #15 ) ;
#1403 = ORIENTED_EDGE ( 'NONE', *, *, #1052, .F. ) ;
#1404 = CIRCLE ( 'NONE', #785, 6.984999999999984333 ) ;
#1405 = VECTOR ( 'NONE', #414, 1000.000000000000000 ) ;
#1406 = DIRECTION ( 'NONE',  ( -0.000000000000000000, 1.000000000000000000, -0.000000000000000000 ) ) ;
#1407 = VECTOR ( 'NONE', #994, 1000.000000000000000 ) ;
#1408 = ORIENTED_EDGE ( 'NONE', *, *, #1008, .T. ) ;
#1409 = ADVANCED_FACE ( 'NONE', ( #39 ), #1006, .F. ) ;
#1410 = EDGE_CURVE ( 'NONE', #1183, #974, #81, .T. ) ;
#1411 = FACE_OUTER_BOUND ( 'NONE', #627, .T. ) ;
#1412 = ORIENTED_EDGE ( 'NONE', *, *, #117, .F. ) ;
#1413 = VERTEX_POINT ( 'NONE', #1199 ) ;
#1414 = CARTESIAN_POINT ( 'NONE',  ( -79.69650000000038403, 1.270000000000000018, 79.69649999999998613 ) ) ;
#1415 = DIRECTION ( 'NONE',  ( -0.000000000000000000, 0.000000000000000000, 1.000000000000000000 ) ) ;
#1416 = EDGE_LOOP ( 'NONE', ( #62, #1193 ) ) ;
#1417 = VERTEX_POINT ( 'NONE', #251 ) ;
#1418 =( NAMED_UNIT ( * ) SI_UNIT ( $, .STERADIAN. ) SOLID_ANGLE_UNIT ( ) );
#1419 = FACE_OUTER_BOUND ( 'NONE', #954, .T. ) ;
#1420 = DIRECTION ( 'NONE',  ( 0.000000000000000000, 1.000000000000000000, 0.000000000000000000 ) ) ;
#1421 = DIRECTION ( 'NONE',  ( 0.000000000000000000, 0.000000000000000000, -1.000000000000000000 ) ) ;
#1422 = LINE ( 'NONE', #547, #923 ) ;
#1423 = EDGE_CURVE ( 'NONE', #690, #1512, #122, .T. ) ;
#1424 = ORIENTED_EDGE ( 'NONE', *, *, #117, .T. ) ;
#1425 = ADVANCED_FACE ( 'NONE', ( #1239 ), #1351, .F. ) ;
#1426 = EDGE_CURVE ( 'NONE', #466, #472, #642, .T. ) ;
#1427 = PLANE ( 'NONE',  #905 ) ;
#1428 = DIRECTION ( 'NONE',  ( 0.000000000000000000, 1.000000000000000000, 0.000000000000000000 ) ) ;
#1429 = VECTOR ( 'NONE', #1339, 1000.000000000000000 ) ;
#1430 = DIRECTION ( 'NONE',  ( 0.000000000000000000, 1.000000000000000000, 0.000000000000000000 ) ) ;
#1431 = CYLINDRICAL_SURFACE ( 'NONE', #816, 6.985000000000001208 ) ;
#1432 = CARTESIAN_POINT ( 'NONE',  ( -107.6064999999999827, -6.349999999999983658, 11.02099878600000515 ) ) ;
#1433 = DESIGN_CONTEXT ( 'detailed design', #579, 'design' ) ;
#1434 = ORIENTED_EDGE ( 'NONE', *, *, #1426, .T. ) ;
#1435 = CARTESIAN_POINT ( 'NONE',  ( -144.3064932000000056, 21.02656346635214746, 0.2259987860000166326 ) ) ;
#1436 = CARTESIAN_POINT ( 'NONE',  ( -69.73149999999996851, -6.349999999999988987, 51.18100000000001160 ) ) ;
#1437 = DIRECTION ( 'NONE',  ( -0.7071067811865492381, 0.000000000000000000, 0.7071067811865457964 ) ) ;
#1438 = CARTESIAN_POINT ( 'NONE',  ( -35.90650679999999539, 21.02656346635214746, 7.210998786000001104 ) ) ;
#1439 = DIRECTION ( 'NONE',  ( 6.122193184454189221E-17, 0.000000000000000000, -1.000000000000000000 ) ) ;
#1440 = ADVANCED_FACE ( 'NONE', ( #284 ), #882, .T. ) ;
#1441 = ORIENTED_EDGE ( 'NONE', *, *, #434, .F. ) ;
#1442 = LINE ( 'NONE', #263, #806 ) ;
#1443 = CARTESIAN_POINT ( 'NONE',  ( -3.810000000000007603, 0.000000000000000000, 49.91099999999999426 ) ) ;
#1444 = DIRECTION ( 'NONE',  ( 0.000000000000000000, -1.000000000000000000, 0.000000000000000000 ) ) ;
#1445 = EDGE_CURVE ( 'NONE', #991, #1183, #1185, .T. ) ;
#1446 = EDGE_LOOP ( 'NONE', ( #218, #1517, #724, #198, #1200, #1221 ) ) ;
#1447 = CARTESIAN_POINT ( 'NONE',  ( -19.05000000000001137, 4.445000000000000284, -1.770000000000038431 ) ) ;
#1448 = CARTESIAN_POINT ( 'NONE',  ( -176.4029999999999632, -1.208654451933713058E-15, 51.18099999999999739 ) ) ;
#1449 = VERTEX_POINT ( 'NONE', #1104 ) ;
#1450 = CARTESIAN_POINT ( 'NONE',  ( -24.63000000000004164, 2.269999999999994245, 3.809999999999991172 ) ) ;
#1451 = DIRECTION ( 'NONE',  ( -0.7071067811865474617, -0.000000000000000000, 0.7071067811865474617 ) ) ;
#1452 = CARTESIAN_POINT ( 'NONE',  ( -72.60649999999998272, -6.349999999999988987, 51.18100000000001160 ) ) ;
#1453 = VECTOR ( 'NONE', #1042, 1000.000000000000000 ) ;
#1454 = EDGE_CURVE ( 'NONE', #807, #792, #1442, .T. ) ;
#1455 = DIRECTION ( 'NONE',  ( 0.000000000000000000, 0.000000000000000000, -1.000000000000000000 ) ) ;
#1456 = FACE_OUTER_BOUND ( 'NONE', #500, .T. ) ;
#1457 = CC_DESIGN_PERSON_AND_ORGANIZATION_ASSIGNMENT ( #1459, #302, ( #981 ) ) ;
#1458 = VERTEX_POINT ( 'NONE', #25 ) ;
#1459 = PERSON_AND_ORGANIZATION ( #1004, #930 ) ;
#1460 = CARTESIAN_POINT ( 'NONE',  ( -3.810000000000007603, 1.270000000000000018, 27.17000000000000881 ) ) ;
#1461 = EDGE_CURVE ( 'NONE', #308, #872, #1088, .T. ) ;
#1462 = LINE ( 'NONE', #393, #945 ) ;
#1463 = CARTESIAN_POINT ( 'NONE',  ( -107.6064999999999827, -6.349999999999983658, 51.18100000000001870 ) ) ;
#1464 = DIRECTION ( 'NONE',  ( -1.365923996832133088E-16, -0.000000000000000000, -1.000000000000000000 ) ) ;
#1465 = VECTOR ( 'NONE', #1074, 1000.000000000000000 ) ;
#1466 = VERTEX_POINT ( 'NONE', #975 ) ;
#1467 = ORIENTED_EDGE ( 'NONE', *, *, #1487, .F. ) ;
#1468 = CARTESIAN_POINT ( 'NONE',  ( -161.1629999999999825, 0.000000000000000000, 11.02099878600000160 ) ) ;
#1469 = CARTESIAN_POINT ( 'NONE',  ( -181.9829999999999757, 1.270000000000000240, 49.91099999999999426 ) ) ;
#1470 = DIRECTION ( 'NONE',  ( 0.000000000000000000, -0.000000000000000000, -1.000000000000000000 ) ) ;
#1471 = ORIENTED_EDGE ( 'NONE', *, *, #249, .T. ) ;
#1472 = EDGE_CURVE ( 'NONE', #1154, #946, #621, .T. ) ;
#1473 = PERSON_AND_ORGANIZATION ( #1004, #930 ) ;
#1474 = ORIENTED_EDGE ( 'NONE', *, *, #1536, .T. ) ;
#1475 = CARTESIAN_POINT ( 'NONE',  ( -35.90650679999999539, 0.000000000000000000, 7.210998786000001104 ) ) ;
#1476 = DIRECTION ( 'NONE',  ( -0.000000000000000000, 1.000000000000000000, -0.000000000000000000 ) ) ;
#1477 = VECTOR ( 'NONE', #534, 1000.000000000000000 ) ;
#1478 = DIRECTION ( 'NONE',  ( 0.000000000000000000, 0.000000000000000000, 1.000000000000000000 ) ) ;
#1479 = VECTOR ( 'NONE', #79, 1000.000000000000000 ) ;
#1480 = VERTEX_POINT ( 'NONE', #727 ) ;
#1481 = ORIENTED_EDGE ( 'NONE', *, *, #697, .F. ) ;
#1482 = VECTOR ( 'NONE', #526, 1000.000000000000000 ) ;
#1483 = CIRCLE ( 'NONE', #136, 2.875000000000002665 ) ;
#1484 = CALENDAR_DATE ( 2026, 26, 5 ) ;
#1485 = CARTESIAN_POINT ( 'NONE',  ( 0.000000000000000000, 1.270000000000000018, 49.91100000000001558 ) ) ;
#1486 = CARTESIAN_POINT ( 'NONE',  ( -192.9129999999999825, 4.445000000000000284, -5.489001213999997297 ) ) ;
#1487 = EDGE_CURVE ( 'NONE', #536, #295, #566, .T. ) ;
#1488 = CARTESIAN_POINT ( 'NONE',  ( -104.7314999999999827, -6.349999999999983658, 6.020998786000000713 ) ) ;
#1489 = ORIENTED_EDGE ( 'NONE', *, *, #1519, .F. ) ;
#1490 = EDGE_LOOP ( 'NONE', ( #842, #1022, #793, #934, #1474, #418 ) ) ;
#1491 = VERTEX_POINT ( 'NONE', #1450 ) ;
#1492 = EDGE_LOOP ( 'NONE', ( #442, #196, #1396, #309 ) ) ;
#1493 = DIRECTION ( 'NONE',  ( 0.000000000000000000, 0.000000000000000000, -1.000000000000000000 ) ) ;
#1494 = CARTESIAN_POINT ( 'NONE',  ( -144.3064932000000056, -12.69999999999999396, 7.210998786000001104 ) ) ;
#1495 = EDGE_LOOP ( 'NONE', ( #93, #1337, #1181, #704 ) ) ;
#1496 = FACE_OUTER_BOUND ( 'NONE', #1529, .T. ) ;
#1497 = ORIENTED_EDGE ( 'NONE', *, *, #346, .T. ) ;
#1498 = VERTEX_POINT ( 'NONE', #1209 ) ;
#1499 = CARTESIAN_POINT ( 'NONE',  ( -75.48149999999998272, -6.349999999999988987, 6.020998786000000713 ) ) ;
#1500 = CARTESIAN_POINT ( 'NONE',  ( -12.63649999999999451, -12.69999999999998863, 11.02099878600000160 ) ) ;
#1501 = CARTESIAN_POINT ( 'NONE',  ( -155.5829999999999700, 2.270000000000000462, 3.809999999999999165 ) ) ;
#1502 = ORIENTED_EDGE ( 'NONE', *, *, #346, .F. ) ;
#1503 = VECTOR ( 'NONE', #966, 1000.000000000000000 ) ;
#1504 = EDGE_CURVE ( 'NONE', #1371, #1401, #1318, .T. ) ;
#1505 = DIRECTION ( 'NONE',  ( 0.000000000000000000, 0.000000000000000000, -1.000000000000000000 ) ) ;
#1506 = VECTOR ( 'NONE', #111, 1000.000000000000000 ) ;
#1507 = ADVANCED_FACE ( 'NONE', ( #856, #1322 ), #1427, .F. ) ;
#1508 = CARTESIAN_POINT ( 'NONE',  ( -181.9829999999999757, 0.000000000000000000, 49.91099999999999426 ) ) ;
#1509 = PLANE ( 'NONE',  #109 ) ;
#1510 = ORIENTED_EDGE ( 'NONE', *, *, #1008, .F. ) ;
#1511 = ORIENTED_EDGE ( 'NONE', *, *, #937, .T. ) ;
#1512 = VERTEX_POINT ( 'NONE', #360 ) ;
#1513 = PLANE ( 'NONE',  #37 ) ;
#1514 = DIRECTION ( 'NONE',  ( 1.000000000000000000, 0.000000000000000000, 0.000000000000000000 ) ) ;
#1515 = ORIENTED_EDGE ( 'NONE', *, *, #1445, .T. ) ;
#1516 = PLANE ( 'NONE',  #1096 ) ;
#1517 = ORIENTED_EDGE ( 'NONE', *, *, #504, .T. ) ;
#1518 = ORIENTED_EDGE ( 'NONE', *, *, #369, .F. ) ;
#1519 = EDGE_CURVE ( 'NONE', #572, #1109, #482, .T. ) ;
#1520 = EDGE_CURVE ( 'NONE', #1054, #1458, #992, .T. ) ;
#1521 = LINE ( 'NONE', #452, #733 ) ;
#1522 = ORIENTED_EDGE ( 'NONE', *, *, #78, .F. ) ;
#1523 = DIRECTION ( 'NONE',  ( 1.000000000000000000, 0.000000000000000000, 0.000000000000000000 ) ) ;
#1524 = ORIENTED_EDGE ( 'NONE', *, *, #1316, .T. ) ;
#1525 = VERTEX_POINT ( 'NONE', #107 ) ;
#1526 = CIRCLE ( 'NONE', #337, 6.984999999999984333 ) ;
#1527 = AXIS2_PLACEMENT_3D ( 'NONE', #1207, #2, #1342 ) ;
#1528 = CARTESIAN_POINT ( 'NONE',  ( 1.769999999999993356, 0.000000000000000000, -1.770000000000002016 ) ) ;
#1529 = EDGE_LOOP ( 'NONE', ( #334, #958, #932, #1051 ) ) ;
#1530 = DIRECTION ( 'NONE',  ( -1.000000000000000000, 0.000000000000000000, 0.000000000000000000 ) ) ;
#1531 = ORIENTED_EDGE ( 'NONE', *, *, #1410, .T. ) ;
#1532 = ORIENTED_EDGE ( 'NONE', *, *, #575, .F. ) ;
#1533 = DIRECTION ( 'NONE',  ( -0.000000000000000000, 0.000000000000000000, 1.000000000000000000 ) ) ;
#1534 = LINE ( 'NONE', #1443, #1024 ) ;
#1535 = CARTESIAN_POINT ( 'NONE',  ( -3.810000000000007603, 1.270000000000000240, 49.91099999999999426 ) ) ;
#1536 = EDGE_CURVE ( 'NONE', #424, #690, #141, .T. ) ;
#1537 = EDGE_CURVE ( 'NONE', #227, #611, #843, .T. ) ;
#1538 = CARTESIAN_POINT ( 'NONE',  ( -103.1064999999999827, -6.349999999999982769, -5.489001214000009732 ) ) ;
#1539 = CARTESIAN_POINT ( 'NONE',  ( -181.9829999999999757, 0.000000000000000000, -1.770000000000002016 ) ) ;
#1540 = ORIENTED_EDGE ( 'NONE', *, *, #55, .T. ) ;
#1541 = CARTESIAN_POINT ( 'NONE',  ( -151.2914931999999908, -3.174999999999999822, 11.02099878600000160 ) ) ;
#1542 = LINE ( 'NONE', #738, #289 ) ;
#1543 = CARTESIAN_POINT ( 'NONE',  ( -12.63649999999999451, 0.000000000000000000, 51.18099999999999739 ) ) ;
ENDSEC;
END-ISO-10303-21;
