ISO-10303-21;
HEADER;
FILE_DESCRIPTION (( 'STEP AP203' ),
    '1' );
FILE_NAME ('Y-axis Way Cover Cover Column Side .STEP',
    '2026-05-26T16:14:59',
    ( '' ),
    ( '' ),
    'SwSTEP 2.0',
    'SolidWorks 2025',
    '' );
FILE_SCHEMA (( 'CONFIG_CONTROL_DESIGN' ));
ENDSEC;

DATA;
#1 = CARTESIAN_POINT ( 'NONE',  ( -155.5829999999999700, 4.445000000000000284, 3.809999999999999165 ) ) ;
#2 = VECTOR ( 'NONE', #204, 1000.000000000000000 ) ;
#3 = CARTESIAN_POINT ( 'NONE',  ( -167.5764999999999816, -12.69999999999998863, 11.02099878600000160 ) ) ;
#4 = PLANE ( 'NONE',  #80 ) ;
#5 = VECTOR ( 'NONE', #1441, 1000.000000000000000 ) ;
#6 = ORIENTED_EDGE ( 'NONE', *, *, #358, .T. ) ;
#7 = LINE ( 'NONE', #160, #265 ) ;
#8 = CARTESIAN_POINT ( 'NONE',  ( -128.8414932000000022, 0.000000000000000000, -0.000000000000000000 ) ) ;
#9 = FACE_OUTER_BOUND ( 'NONE', #380, .T. ) ;
#10 = EDGE_CURVE ( 'NONE', #999, #810, #266, .T. ) ;
#11 = DIRECTION ( 'NONE',  ( 0.000000000000000000, -0.000000000000000000, -1.000000000000000000 ) ) ;
#12 = DIRECTION ( 'NONE',  ( 0.000000000000000000, 0.000000000000000000, -1.000000000000000000 ) ) ;
#13 = VERTEX_POINT ( 'NONE', #1234 ) ;
#14 = CARTESIAN_POINT ( 'NONE',  ( 1.769999999999993356, 1.270000000000000240, 49.91099999999999426 ) ) ;
#15 = APPROVAL_DATE_TIME ( #620, #377 ) ;
#16 = ORIENTED_EDGE ( 'NONE', *, *, #841, .T. ) ;
#17 = FACE_OUTER_BOUND ( 'NONE', #173, .T. ) ;
#18 = CARTESIAN_POINT ( 'NONE',  ( -107.6064999999999827, -6.349999999999983658, 6.020998786000000713 ) ) ;
#19 = DIRECTION ( 'NONE',  ( -0.000000000000000000, -0.000000000000000000, -1.000000000000000000 ) ) ;
#20 = ORIENTED_EDGE ( 'NONE', *, *, #464, .F. ) ;
#21 = PLANE ( 'NONE',  #1068 ) ;
#22 = EDGE_CURVE ( 'NONE', #929, #503, #738, .T. ) ;
#23 = EDGE_CURVE ( 'NONE', #251, #536, #990, .T. ) ;
#24 = DIRECTION ( 'NONE',  ( 1.000000000000000000, 0.000000000000000000, 0.000000000000000000 ) ) ;
#25 = AXIS2_PLACEMENT_3D ( 'NONE', #785, #802, #428 ) ;
#26 = CARTESIAN_POINT ( 'NONE',  ( -128.8414932000000022, 21.02656346635214391, 7.210998785999991334 ) ) ;
#27 = VECTOR ( 'NONE', #1379, 1000.000000000000000 ) ;
#28 = VERTEX_POINT ( 'NONE', #376 ) ;
#29 = LINE ( 'NONE', #224, #1374 ) ;
#30 = ADVANCED_FACE ( 'NONE', ( #614, #1093 ), #715, .F. ) ;
#31 = DIRECTION ( 'NONE',  ( 0.000000000000000000, -1.000000000000000000, 0.000000000000000000 ) ) ;
#32 = ADVANCED_FACE ( 'NONE', ( #9 ), #149, .F. ) ;
#33 = CIRCLE ( 'NONE', #426, 6.984999999999998543 ) ;
#34 = CARTESIAN_POINT ( 'NONE',  ( -103.1064999999999827, -6.349999999999982769, 23.74892084735787634 ) ) ;
#35 = ORIENTED_EDGE ( 'NONE', *, *, #1535, .F. ) ;
#36 = DIRECTION ( 'NONE',  ( 0.000000000000000000, 0.000000000000000000, 1.000000000000000000 ) ) ;
#37 = COORDINATED_UNIVERSAL_TIME_OFFSET ( 5, 0, .BEHIND. ) ;
#38 = ORIENTED_EDGE ( 'NONE', *, *, #378, .T. ) ;
#39 = EDGE_CURVE ( 'NONE', #409, #289, #382, .T. ) ;
#40 = DIRECTION ( 'NONE',  ( 0.000000000000000000, 0.000000000000000000, -1.000000000000000000 ) ) ;
#41 = ORIENTED_EDGE ( 'NONE', *, *, #1107, .F. ) ;
#42 = DIRECTION ( 'NONE',  ( 0.000000000000000000, 0.000000000000000000, -1.000000000000000000 ) ) ;
#43 = CARTESIAN_POINT ( 'NONE',  ( 12.69999999999998863, -12.69999999999998863, 51.18099999999999739 ) ) ;
#44 = DIRECTION ( 'NONE',  ( -1.000000000000000000, 0.000000000000000000, 0.000000000000000000 ) ) ;
#45 = VERTEX_POINT ( 'NONE', #236 ) ;
#46 = CARTESIAN_POINT ( 'NONE',  ( 1.769999999999993356, 0.000000000000000000, -1.770000000000002016 ) ) ;
#47 = CIRCLE ( 'NONE', #669, 4.500000000000003553 ) ;
#48 = VERTEX_POINT ( 'NONE', #1091 ) ;
#49 = VECTOR ( 'NONE', #1273, 1000.000000000000000 ) ;
#50 = CARTESIAN_POINT ( 'NONE',  ( -3.810000000000007603, 1.270000000000000018, 49.91100000000001558 ) ) ;
#51 = DIRECTION ( 'NONE',  ( 1.000000000000000000, 0.000000000000000000, 0.000000000000000000 ) ) ;
#52 = ORIENTED_EDGE ( 'NONE', *, *, #578, .F. ) ;
#53 = DIRECTION ( 'NONE',  ( 1.000000000000000000, 0.000000000000000000, 0.000000000000000000 ) ) ;
#54 = ADVANCED_FACE ( 'NONE', ( #478 ), #484, .F. ) ;
#55 = VERTEX_POINT ( 'NONE', #137 ) ;
#56 = ADVANCED_FACE ( 'NONE', ( #836 ), #1335, .F. ) ;
#57 = DIRECTION ( 'NONE',  ( 0.7071067811865457964, -0.000000000000000000, 0.7071067811865492381 ) ) ;
#58 = LINE ( 'NONE', #557, #420 ) ;
#59 = ORIENTED_EDGE ( 'NONE', *, *, #610, .F. ) ;
#60 = DIRECTION ( 'NONE',  ( -0.000000000000000000, 0.000000000000000000, 1.000000000000000000 ) ) ;
#61 = ORIENTED_EDGE ( 'NONE', *, *, #330, .T. ) ;
#62 = DIRECTION ( 'NONE',  ( 1.000000000000000000, 0.000000000000000000, 0.000000000000000000 ) ) ;
#63 = LOCAL_TIME ( 12, 14, 59.00000000000000000, #448 ) ;
#64 = CARTESIAN_POINT ( 'NONE',  ( -58.35650679999998403, 21.02656346635214391, 0.2259987860000027549 ) ) ;
#65 = DIRECTION ( 'NONE',  ( 0.000000000000000000, -1.000000000000000000, -0.000000000000000000 ) ) ;
#66 = ADVANCED_FACE ( 'NONE', ( #619 ), #21, .F. ) ;
#67 = VERTEX_POINT ( 'NONE', #972 ) ;
#68 = CARTESIAN_POINT ( 'NONE',  ( -65.34150679999999056, -3.174999999999999822, 11.02099878600000160 ) ) ;
#69 = AXIS2_PLACEMENT_3D ( 'NONE', #730, #1099, #116 ) ;
#70 = VERTEX_POINT ( 'NONE', #350 ) ;
#71 = LINE ( 'NONE', #917, #318 ) ;
#72 = DIRECTION ( 'NONE',  ( -1.365923996832132842E-16, -0.000000000000000000, -1.000000000000000000 ) ) ;
#73 = ADVANCED_FACE ( 'NONE', ( #966, #1455, #366 ), #357, .T. ) ;
#74 = DIRECTION ( 'NONE',  ( 0.000000000000000000, 0.000000000000000000, 1.000000000000000000 ) ) ;
#75 = VECTOR ( 'NONE', #458, 1000.000000000000000 ) ;
#76 = ORIENTED_EDGE ( 'NONE', *, *, #1289, .T. ) ;
#77 = CARTESIAN_POINT ( 'NONE',  ( 0.000000000000000000, 1.270000000000000018, 49.91100000000001558 ) ) ;
#78 = ORIENTED_EDGE ( 'NONE', *, *, #288, .T. ) ;
#79 = DIRECTION ( 'NONE',  ( 1.365923996832132842E-16, -0.000000000000000000, 1.000000000000000000 ) ) ;
#80 = AXIS2_PLACEMENT_3D ( 'NONE', #476, #238, #114 ) ;
#81 = DIRECTION ( 'NONE',  ( 1.000000000000000000, 0.000000000000000000, 0.000000000000000000 ) ) ;
#82 = CARTESIAN_POINT ( 'NONE',  ( -161.1629999999999825, 1.270000000000000018, -1.770000000000002016 ) ) ;
#83 = EDGE_LOOP ( 'NONE', ( #1218, #883, #1236, #933 ) ) ;
#84 = ADVANCED_FACE ( 'NONE', ( #494 ), #853, .T. ) ;
#85 = CARTESIAN_POINT ( 'NONE',  ( -192.9129999999999825, -12.69999999999998863, -5.489001213999997297 ) ) ;
#86 = ORIENTED_EDGE ( 'NONE', *, *, #1490, .T. ) ;
#87 = DIRECTION ( 'NONE',  ( -1.365923996832133088E-16, -0.000000000000000000, -1.000000000000000000 ) ) ;
#88 = LINE ( 'NONE', #1505, #1304 ) ;
#89 = APPROVAL_STATUS ( 'not_yet_approved' ) ;
#90 = VERTEX_POINT ( 'NONE', #1542 ) ;
#91 = CARTESIAN_POINT ( 'NONE',  ( -110.4814999999999827, -6.349999999999983658, 6.020998786000000713 ) ) ;
#92 = LINE ( 'NONE', #102, #5 ) ;
#93 = VERTEX_POINT ( 'NONE', #1224 ) ;
#94 = AXIS2_PLACEMENT_3D ( 'NONE', #1483, #1355, #127 ) ;
#95 = CARTESIAN_POINT ( 'NONE',  ( -114.8714932000000033, 0.000000000000000000, 7.210998785999993999 ) ) ;
#96 = VECTOR ( 'NONE', #1027, 1000.000000000000000 ) ;
#97 = DIRECTION ( 'NONE',  ( 1.000000000000000000, 0.000000000000000000, 0.000000000000000000 ) ) ;
#98 = VECTOR ( 'NONE', #1134, 1000.000000000000000 ) ;
#99 = ORIENTED_EDGE ( 'NONE', *, *, #1083, .F. ) ;
#100 = DIRECTION ( 'NONE',  ( 0.000000000000000000, -1.000000000000000000, 0.000000000000000000 ) ) ;
#101 = EDGE_CURVE ( 'NONE', #452, #431, #604, .T. ) ;
#102 = CARTESIAN_POINT ( 'NONE',  ( -3.810000000000007603, 2.269999999999994245, 21.58999999999999631 ) ) ;
#103 = ORIENTED_EDGE ( 'NONE', *, *, #975, .F. ) ;
#104 = LINE ( 'NONE', #460, #439 ) ;
#105 = EDGE_CURVE ( 'NONE', #536, #1443, #713, .T. ) ;
#106 = VECTOR ( 'NONE', #1081, 1000.000000000000000 ) ;
#107 = ORIENTED_EDGE ( 'NONE', *, *, #475, .F. ) ;
#108 = CARTESIAN_POINT ( 'NONE',  ( -104.7314999999999827, -6.349999999999983658, 11.02099878600000515 ) ) ;
#109 = CARTESIAN_POINT ( 'NONE',  ( -176.4029999999999632, 1.270000000000000018, 49.91099999999999426 ) ) ;
#110 = VERTEX_POINT ( 'NONE', #989 ) ;
#111 = DIRECTION ( 'NONE',  ( 1.000000000000000000, 0.000000000000000000, 0.000000000000000000 ) ) ;
#112 = ORIENTED_EDGE ( 'NONE', *, *, #1129, .T. ) ;
#113 = DIRECTION ( 'NONE',  ( 1.000000000000000000, -0.000000000000000000, 9.933992704233679052E-16 ) ) ;
#114 = DIRECTION ( 'NONE',  ( 0.000000000000000000, 0.000000000000000000, -1.000000000000000000 ) ) ;
#115 = ORIENTED_EDGE ( 'NONE', *, *, #1412, .T. ) ;
#116 = DIRECTION ( 'NONE',  ( 0.000000000000000000, 0.000000000000000000, -1.000000000000000000 ) ) ;
#117 = AXIS2_PLACEMENT_3D ( 'NONE', #1325, #1209, #111 ) ;
#118 = CIRCLE ( 'NONE', #1020, 6.984999999999998543 ) ;
#119 = DIRECTION ( 'NONE',  ( 1.000000000000000000, 0.000000000000000000, 0.000000000000000000 ) ) ;
#120 = ORIENTED_EDGE ( 'NONE', *, *, #1401, .T. ) ;
#121 = VECTOR ( 'NONE', #643, 1000.000000000000000 ) ;
#122 = CARTESIAN_POINT ( 'NONE',  ( -51.37150679999998459, -12.69999999999999396, -5.103241737566907311E-14 ) ) ;
#123 = CARTESIAN_POINT ( 'NONE',  ( 1.769999999999993356, 0.000000000000000000, -1.770000000000002016 ) ) ;
#124 = EDGE_LOOP ( 'NONE', ( #875, #629, #1171, #1191 ) ) ;
#125 = CARTESIAN_POINT ( 'NONE',  ( -192.9129999999999825, -12.69999999999998863, 51.18099999999999739 ) ) ;
#126 = VERTEX_POINT ( 'NONE', #1084 ) ;
#127 = DIRECTION ( 'NONE',  ( 0.000000000000000000, 0.000000000000000000, -1.000000000000000000 ) ) ;
#128 = FACE_BOUND ( 'NONE', #662, .T. ) ;
#129 = ADVANCED_FACE ( 'NONE', ( #1075 ), #597, .T. ) ;
#130 = DIRECTION ( 'NONE',  ( 0.7071067811865457964, -0.000000000000000000, 0.7071067811865492381 ) ) ;
#131 = ORIENTED_EDGE ( 'NONE', *, *, #23, .F. ) ;
#132 = LINE ( 'NONE', #374, #1424 ) ;
#133 = PERSON_AND_ORGANIZATION ( #1329, #588 ) ;
#134 = CARTESIAN_POINT ( 'NONE',  ( -19.05000000000001137, 2.269999999999994245, -1.770000000000002016 ) ) ;
#135 = PLANE ( 'NONE',  #1352 ) ;
#136 = ORIENTED_EDGE ( 'NONE', *, *, #209, .F. ) ;
#137 = CARTESIAN_POINT ( 'NONE',  ( -181.9829999999999757, 2.270000000000000462, -1.770000000000002016 ) ) ;
#138 = EDGE_CURVE ( 'NONE', #415, #1443, #1216, .T. ) ;
#139 = CALENDAR_DATE ( 2026, 26, 5 ) ;
#140 = ORIENTED_EDGE ( 'NONE', *, *, #1528, .F. ) ;
#141 = AXIS2_PLACEMENT_3D ( 'NONE', #1463, #1367, #512 ) ;
#142 = CIRCLE ( 'NONE', #644, 2.875000000000002665 ) ;
#143 = FACE_OUTER_BOUND ( 'NONE', #499, .T. ) ;
#144 = VECTOR ( 'NONE', #280, 1000.000000000000000 ) ;
#145 = EDGE_LOOP ( 'NONE', ( #953, #269 ) ) ;
#146 = CARTESIAN_POINT ( 'NONE',  ( 0.000000000000000000, 0.000000000000000000, 51.18099999999999739 ) ) ;
#147 = CC_DESIGN_DATE_AND_TIME_ASSIGNMENT ( #496, #397, ( #1195 ) ) ;
#148 = EDGE_CURVE ( 'NONE', #503, #90, #132, .T. ) ;
#149 = PLANE ( 'NONE',  #1468 ) ;
#150 = DIRECTION ( 'NONE',  ( 0.000000000000000000, 0.000000000000000000, -1.000000000000000000 ) ) ;
#151 = VERTEX_POINT ( 'NONE', #125 ) ;
#152 = DIRECTION ( 'NONE',  ( 0.000000000000000000, -1.000000000000000000, 0.000000000000000000 ) ) ;
#153 = DIRECTION ( 'NONE',  ( 0.000000000000000000, 0.000000000000000000, -1.000000000000000000 ) ) ;
#154 = EDGE_LOOP ( 'NONE', ( #52, #1351, #590, #920, #1487, #449 ) ) ;
#155 = CARTESIAN_POINT ( 'NONE',  ( -51.37150679999998459, 21.02656346635214391, -5.103241737566907311E-14 ) ) ;
#156 = EDGE_CURVE ( 'NONE', #423, #777, #233, .T. ) ;
#157 = ORIENTED_EDGE ( 'NONE', *, *, #964, .T. ) ;
#158 = LINE ( 'NONE', #624, #1186 ) ;
#159 = VERTEX_POINT ( 'NONE', #1197 ) ;
#160 = CARTESIAN_POINT ( 'NONE',  ( -181.9829999999999757, 2.269999999999994245, -1.269999999999996909 ) ) ;
#161 = APPROVAL_PERSON_ORGANIZATION ( #1217, #377, #516 ) ;
#162 = CARTESIAN_POINT ( 'NONE',  ( 12.69999999999998863, 2.269999999999994245, -5.489001213999998185 ) ) ;
#163 = DIRECTION ( 'NONE',  ( -0.7071067811865474617, -0.000000000000000000, 0.7071067811865474617 ) ) ;
#164 = EDGE_LOOP ( 'NONE', ( #6, #543, #1127, #361 ) ) ;
#165 = DIRECTION ( 'NONE',  ( 0.000000000000000000, 0.000000000000000000, -1.000000000000000000 ) ) ;
#166 = VECTOR ( 'NONE', #1213, 1000.000000000000000 ) ;
#167 = ORIENTED_EDGE ( 'NONE', *, *, #244, .T. ) ;
#168 = AXIS2_PLACEMENT_3D ( 'NONE', #252, #489, #1479 ) ;
#169 = DIRECTION ( 'NONE',  ( 0.000000000000000000, -1.000000000000000000, 0.000000000000000000 ) ) ;
#170 = CARTESIAN_POINT ( 'NONE',  ( -181.9829999999999757, 0.000000000000000000, -1.770000000000002016 ) ) ;
#171 = ORIENTED_EDGE ( 'NONE', *, *, #1251, .T. ) ;
#172 = CARTESIAN_POINT ( 'NONE',  ( -103.1064999999999827, -6.349999999999982769, 6.020998786000000713 ) ) ;
#173 = EDGE_LOOP ( 'NONE', ( #306, #1356, #1345, #638 ) ) ;
#174 = FACE_OUTER_BOUND ( 'NONE', #732, .T. ) ;
#175 = DIRECTION ( 'NONE',  ( 0.000000000000000000, -0.000000000000000000, -1.000000000000000000 ) ) ;
#176 = CARTESIAN_POINT ( 'NONE',  ( -192.9129999999999825, 2.269999999999994245, -5.489001213999997297 ) ) ;
#177 = ORIENTED_EDGE ( 'NONE', *, *, #524, .F. ) ;
#178 = DIRECTION ( 'NONE',  ( 0.000000000000000000, -1.000000000000000000, 0.000000000000000000 ) ) ;
#179 = ORIENTED_EDGE ( 'NONE', *, *, #1270, .F. ) ;
#180 = EDGE_CURVE ( 'NONE', #403, #1314, #736, .T. ) ;
#181 = CARTESIAN_POINT ( 'NONE',  ( -181.9829999999999757, 0.000000000000000000, 49.91099999999999426 ) ) ;
#182 =( GEOMETRIC_REPRESENTATION_CONTEXT ( 3 ) GLOBAL_UNCERTAINTY_ASSIGNED_CONTEXT ( ( #1380 ) ) GLOBAL_UNIT_ASSIGNED_CONTEXT ( ( #813, #454, #943 ) ) REPRESENTATION_CONTEXT ( 'NONE', 'WORKASPACE' ) );
#183 = DIRECTION ( 'NONE',  ( -1.365923996832133088E-16, -0.000000000000000000, -1.000000000000000000 ) ) ;
#184 = EDGE_CURVE ( 'NONE', #559, #1364, #29, .T. ) ;
#185 = DIRECTION ( 'NONE',  ( 0.000000000000000000, -1.000000000000000000, 0.000000000000000000 ) ) ;
#186 = ORIENTED_EDGE ( 'NONE', *, *, #1025, .F. ) ;
#187 = AXIS2_PLACEMENT_3D ( 'NONE', #843, #705, #1444 ) ;
#188 = CARTESIAN_POINT ( 'NONE',  ( -65.34150679999997635, -12.69999999999999574, 7.210998786000000216 ) ) ;
#189 = ORIENTED_EDGE ( 'NONE', *, *, #855, .T. ) ;
#190 = DIRECTION ( 'NONE',  ( 1.000000000000000000, 0.000000000000000000, 0.000000000000000000 ) ) ;
#191 = VECTOR ( 'NONE', #506, 1000.000000000000000 ) ;
#192 = VECTOR ( 'NONE', #1523, 1000.000000000000000 ) ;
#193 = CARTESIAN_POINT ( 'NONE',  ( -58.35650679999998403, -12.69999999999999396, 0.2259987860000027549 ) ) ;
#194 = EDGE_CURVE ( 'NONE', #55, #48, #7, .T. ) ;
#195 = CARTESIAN_POINT ( 'NONE',  ( -69.73149999999996851, -6.349999999999988987, 6.020998786000000713 ) ) ;
#196 = ORIENTED_EDGE ( 'NONE', *, *, #1490, .F. ) ;
#197 = DIRECTION ( 'NONE',  ( 0.000000000000000000, 0.000000000000000000, -1.000000000000000000 ) ) ;
#198 = VERTEX_POINT ( 'NONE', #1465 ) ;
#199 = FACE_BOUND ( 'NONE', #1426, .T. ) ;
#200 = CARTESIAN_POINT ( 'NONE',  ( -3.810000000000035580, 3.106988124944954422E-13, 49.91099999999999426 ) ) ;
#201 = CARTESIAN_POINT ( 'NONE',  ( -107.6064999999999827, -6.349999999999983658, 11.02099878600000515 ) ) ;
#202 = ORIENTED_EDGE ( 'NONE', *, *, #857, .T. ) ;
#203 = EDGE_CURVE ( 'NONE', #220, #1252, #994, .T. ) ;
#204 = DIRECTION ( 'NONE',  ( 0.000000000000000000, 0.000000000000000000, 1.000000000000000000 ) ) ;
#205 = CARTESIAN_POINT ( 'NONE',  ( 11.67999999999999972, 1.270000000000000018, 11.67999999999999972 ) ) ;
#206 = ORIENTED_EDGE ( 'NONE', *, *, #1214, .F. ) ;
#207 = CARTESIAN_POINT ( 'NONE',  ( -128.8414932000000022, -12.69999999999999396, 11.02099878600000160 ) ) ;
#208 = DIRECTION ( 'NONE',  ( -1.365923996832133088E-16, -0.000000000000000000, -1.000000000000000000 ) ) ;
#209 = EDGE_CURVE ( 'NONE', #1113, #503, #1347, .T. ) ;
#210 = ORIENTED_EDGE ( 'NONE', *, *, #491, .T. ) ;
#211 = CC_DESIGN_PERSON_AND_ORGANIZATION_ASSIGNMENT ( #133, #737, ( #1195 ) ) ;
#212 = DIRECTION ( 'NONE',  ( -1.365923996832132842E-16, 0.000000000000000000, -1.000000000000000000 ) ) ;
#213 = EDGE_CURVE ( 'NONE', #810, #1245, #263, .T. ) ;
#214 = VECTOR ( 'NONE', #751, 1000.000000000000000 ) ;
#215 = DIRECTION ( 'NONE',  ( 0.000000000000000000, 0.000000000000000000, -1.000000000000000000 ) ) ;
#216 = VERTEX_POINT ( 'NONE', #1237 ) ;
#217 = LINE ( 'NONE', #918, #872 ) ;
#218 = VECTOR ( 'NONE', #877, 1000.000000000000000 ) ;
#219 = VECTOR ( 'NONE', #247, 1000.000000000000000 ) ;
#220 = VERTEX_POINT ( 'NONE', #1459 ) ;
#221 = DIRECTION ( 'NONE',  ( 1.000000000000000000, 0.000000000000000000, 0.000000000000000000 ) ) ;
#222 = PLANE ( 'NONE',  #270 ) ;
#223 = ORIENTED_EDGE ( 'NONE', *, *, #10, .T. ) ;
#224 = CARTESIAN_POINT ( 'NONE',  ( -176.4029999999999632, 1.270000000000000018, 49.91100000000001558 ) ) ;
#225 = ADVANCED_FACE ( 'NONE', ( #508 ), #1246, .T. ) ;
#226 = VECTOR ( 'NONE', #1300, 1000.000000000000000 ) ;
#227 = FACE_OUTER_BOUND ( 'NONE', #788, .T. ) ;
#228 = ORIENTED_EDGE ( 'NONE', *, *, #462, .F. ) ;
#229 = LINE ( 'NONE', #635, #521 ) ;
#230 = CARTESIAN_POINT ( 'NONE',  ( -192.9129999999999825, 0.000000000000000000, 51.18099999999999739 ) ) ;
#231 = EDGE_CURVE ( 'NONE', #520, #415, #1105, .T. ) ;
#232 = ORIENTED_EDGE ( 'NONE', *, *, #22, .T. ) ;
#233 = LINE ( 'NONE', #14, #821 ) ;
#234 = DIRECTION ( 'NONE',  ( 0.000000000000000000, 0.000000000000000000, 1.000000000000000000 ) ) ;
#235 = EDGE_CURVE ( 'NONE', #365, #331, #1360, .T. ) ;
#236 = CARTESIAN_POINT ( 'NONE',  ( -181.9829999999999757, 0.000000000000000000, -1.770000000000002016 ) ) ;
#237 = CARTESIAN_POINT ( 'NONE',  ( -72.60649999999998272, -6.349999999999988987, 6.020998786000000713 ) ) ;
#238 = DIRECTION ( 'NONE',  ( 1.000000000000000000, 0.000000000000000000, 0.000000000000000000 ) ) ;
#239 = ORIENTED_EDGE ( 'NONE', *, *, #261, .T. ) ;
#240 = VECTOR ( 'NONE', #312, 1000.000000000000000 ) ;
#241 = CARTESIAN_POINT ( 'NONE',  ( -12.63649999999999451, 212.9456876847032731, 0.000000000000000000 ) ) ;
#242 = VECTOR ( 'NONE', #1172, 1000.000000000000000 ) ;
#243 = DIRECTION ( 'NONE',  ( 1.000000000000000000, 0.000000000000000000, 0.000000000000000000 ) ) ;
#244 = EDGE_CURVE ( 'NONE', #1113, #1314, #1110, .T. ) ;
#245 = ORIENTED_EDGE ( 'NONE', *, *, #674, .T. ) ;
#246 = EDGE_CURVE ( 'NONE', #220, #281, #591, .T. ) ;
#247 = DIRECTION ( 'NONE',  ( -9.933992704233679052E-16, 0.000000000000000000, 1.000000000000000000 ) ) ;
#248 = FACE_OUTER_BOUND ( 'NONE', #561, .T. ) ;
#249 = ORIENTED_EDGE ( 'NONE', *, *, #640, .T. ) ;
#250 = DIRECTION ( 'NONE',  ( 0.000000000000000000, 0.000000000000000000, -1.000000000000000000 ) ) ;
#251 = VERTEX_POINT ( 'NONE', #396 ) ;
#252 = CARTESIAN_POINT ( 'NONE',  ( -121.8564932000000027, -12.69999999999999396, 7.210998785999993110 ) ) ;
#253 = DIRECTION ( 'NONE',  ( -1.365923996832132842E-16, 0.000000000000000000, -1.000000000000000000 ) ) ;
#254 = ADVANCED_FACE ( 'NONE', ( #277 ), #761, .T. ) ;
#255 = EDGE_LOOP ( 'NONE', ( #20, #625, #1436, #232, #1202, #586 ) ) ;
#256 = DIRECTION ( 'NONE',  ( -0.000000000000000000, -1.000000000000000000, -0.000000000000000000 ) ) ;
#257 = PERSON_AND_ORGANIZATION_ROLE ( 'design_supplier' ) ;
#258 = ORIENTED_EDGE ( 'NONE', *, *, #435, .T. ) ;
#259 = CC_DESIGN_APPROVAL ( #1361, ( #1195 ) ) ;
#260 = CARTESIAN_POINT ( 'NONE',  ( -65.34150679999997635, 21.02656346635214391, 7.210998786000000216 ) ) ;
#261 = EDGE_CURVE ( 'NONE', #126, #534, #532, .T. ) ;
#262 = ORIENTED_EDGE ( 'NONE', *, *, #1471, .T. ) ;
#263 = LINE ( 'NONE', #743, #952 ) ;
#264 = COORDINATED_UNIVERSAL_TIME_OFFSET ( 5, 0, .BEHIND. ) ;
#265 = VECTOR ( 'NONE', #1230, 1000.000000000000000 ) ;
#266 = LINE ( 'NONE', #1102, #593 ) ;
#267 = VECTOR ( 'NONE', #661, 1000.000000000000000 ) ;
#268 = LINE ( 'NONE', #275, #914 ) ;
#269 = ORIENTED_EDGE ( 'NONE', *, *, #1232, .T. ) ;
#270 = AXIS2_PLACEMENT_3D ( 'NONE', #1429, #1206, #1062 ) ;
#271 = CARTESIAN_POINT ( 'NONE',  ( -167.5764999999999816, 212.9456876847032731, 11.02099878600000160 ) ) ;
#272 = CARTESIAN_POINT ( 'NONE',  ( -24.63000000000004164, 2.269999999999994245, 3.809999999999991172 ) ) ;
#273 = CARTESIAN_POINT ( 'NONE',  ( -192.9129999999999825, 2.269999999999994245, -5.489001213999997297 ) ) ;
#274 = ORIENTED_EDGE ( 'NONE', *, *, #1289, .F. ) ;
#275 = CARTESIAN_POINT ( 'NONE',  ( -3.810000000000035580, 3.106988124944954422E-13, 51.18099999999999739 ) ) ;
#276 = VERTEX_POINT ( 'NONE', #1003 ) ;
#277 = FACE_OUTER_BOUND ( 'NONE', #514, .T. ) ;
#278 = EDGE_CURVE ( 'NONE', #1343, #1137, #1489, .T. ) ;
#279 = LINE ( 'NONE', #303, #978 ) ;
#280 = DIRECTION ( 'NONE',  ( -1.365923996832133088E-16, -0.000000000000000000, -1.000000000000000000 ) ) ;
#281 = VERTEX_POINT ( 'NONE', #909 ) ;
#282 = LINE ( 'NONE', #1457, #1280 ) ;
#283 = ORIENTED_EDGE ( 'NONE', *, *, #916, .T. ) ;
#284 = PLANE ( 'NONE',  #495 ) ;
#285 = VERTEX_POINT ( 'NONE', #411 ) ;
#286 = LINE ( 'NONE', #176, #1124 ) ;
#287 = VECTOR ( 'NONE', #538, 1000.000000000000000 ) ;
#288 = EDGE_CURVE ( 'NONE', #1482, #505, #1386, .T. ) ;
#289 = VERTEX_POINT ( 'NONE', #527 ) ;
#290 = LINE ( 'NONE', #68, #445 ) ;
#291 = ADVANCED_FACE ( 'NONE', ( #17 ), #658, .F. ) ;
#292 = AXIS2_PLACEMENT_3D ( 'NONE', #562, #908, #995 ) ;
#293 = ORIENTED_EDGE ( 'NONE', *, *, #683, .F. ) ;
#294 = CIRCLE ( 'NONE', #1333, 4.500000000000003553 ) ;
#295 = PLANE ( 'NONE',  #1448 ) ;
#296 = LINE ( 'NONE', #1491, #931 ) ;
#297 = EDGE_CURVE ( 'NONE', #93, #1364, #1477, .T. ) ;
#298 = EDGE_LOOP ( 'NONE', ( #157, #747, #1357, #742 ) ) ;
#299 = LINE ( 'NONE', #783, #96 ) ;
#300 = ORIENTED_EDGE ( 'NONE', *, *, #792, .F. ) ;
#301 = PLANE ( 'NONE',  #25 ) ;
#302 = AXIS2_PLACEMENT_3D ( 'NONE', #992, #1339, #1481 ) ;
#303 = CARTESIAN_POINT ( 'NONE',  ( -128.8414932000000022, -3.174999999999999822, 11.02099878600000160 ) ) ;
#304 = ORIENTED_EDGE ( 'NONE', *, *, #863, .T. ) ;
#305 = CARTESIAN_POINT ( 'NONE',  ( 0.000000000000000000, 0.000000000000000000, -1.770000000000002016 ) ) ;
#306 = ORIENTED_EDGE ( 'NONE', *, *, #1271, .F. ) ;
#307 = PLANE ( 'NONE',  #598 ) ;
#308 = ORIENTED_EDGE ( 'NONE', *, *, #1067, .F. ) ;
#309 = LINE ( 'NONE', #434, #545 ) ;
#310 = PRODUCT_RELATED_PRODUCT_CATEGORY ( 'detail', '', ( #696 ) ) ;
#311 = EDGE_CURVE ( 'NONE', #403, #13, #279, .T. ) ;
#312 = DIRECTION ( 'NONE',  ( 0.000000000000000000, 1.000000000000000000, 0.000000000000000000 ) ) ;
#313 = DIRECTION ( 'NONE',  ( 1.000000000000000000, 0.000000000000000000, 0.000000000000000000 ) ) ;
#314 = VERTEX_POINT ( 'NONE', #1009 ) ;
#315 = CARTESIAN_POINT ( 'NONE',  ( -4.761427309039232424E-27, 6.493354763880101290E-13, 51.18099999999999739 ) ) ;
#316 = ORIENTED_EDGE ( 'NONE', *, *, #906, .F. ) ;
#317 = DIRECTION ( 'NONE',  ( -0.7071067811865475727, -0.000000000000000000, -0.7071067811865475727 ) ) ;
#318 = VECTOR ( 'NONE', #811, 1000.000000000000000 ) ;
#319 = VECTOR ( 'NONE', #1019, 1000.000000000000000 ) ;
#320 = DIRECTION ( 'NONE',  ( -0.000000000000000000, -1.000000000000000000, -0.000000000000000000 ) ) ;
#321 = DIRECTION ( 'NONE',  ( -1.000000000000000000, 0.000000000000000000, 0.000000000000000000 ) ) ;
#322 = EDGE_CURVE ( 'NONE', #726, #870, #1140, .T. ) ;
#323 = ORIENTED_EDGE ( 'NONE', *, *, #916, .F. ) ;
#324 = FACE_OUTER_BOUND ( 'NONE', #154, .T. ) ;
#325 = ORIENTED_EDGE ( 'NONE', *, *, #1251, .F. ) ;
#326 = LINE ( 'NONE', #656, #982 ) ;
#327 = CARTESIAN_POINT ( 'NONE',  ( -51.37150679999999170, 0.000000000000000000, 7.210998786000001104 ) ) ;
#328 = ADVANCED_FACE ( 'NONE', ( #977 ), #1111, .T. ) ;
#329 = ADVANCED_FACE ( 'NONE', ( #606 ), #295, .T. ) ;
#330 = EDGE_CURVE ( 'NONE', #1145, #886, #1070, .T. ) ;
#331 = VERTEX_POINT ( 'NONE', #273 ) ;
#332 = PLANE ( 'NONE',  #1473 ) ;
#333 = LINE ( 'NONE', #816, #226 ) ;
#334 = ORIENTED_EDGE ( 'NONE', *, *, #1519, .F. ) ;
#335 = CARTESIAN_POINT ( 'NONE',  ( -65.34150679999999056, 0.000000000000000000, -0.000000000000000000 ) ) ;
#336 = LOCAL_TIME ( 12, 14, 59.00000000000000000, #613 ) ;
#337 = ORIENTED_EDGE ( 'NONE', *, *, #570, .T. ) ;
#338 = DIRECTION ( 'NONE',  ( 1.000000000000000000, 0.000000000000000000, 0.000000000000000000 ) ) ;
#339 = AXIS2_PLACEMENT_3D ( 'NONE', #838, #352, #24 ) ;
#340 = PLANE ( 'NONE',  #748 ) ;
#341 = EDGE_CURVE ( 'NONE', #1485, #810, #1369, .T. ) ;
#342 = ORIENTED_EDGE ( 'NONE', *, *, #924, .T. ) ;
#343 = DIRECTION ( 'NONE',  ( -1.000000000000000000, 0.000000000000000000, -0.000000000000000000 ) ) ;
#344 = AXIS2_PLACEMENT_3D ( 'NONE', #809, #212, #693 ) ;
#345 = PERSON_AND_ORGANIZATION_ROLE ( 'design_owner' ) ;
#346 = ORIENTED_EDGE ( 'NONE', *, *, #425, .F. ) ;
#347 = LINE ( 'NONE', #710, #1207 ) ;
#348 = DIRECTION ( 'NONE',  ( 0.000000000000000000, -1.000000000000000000, 0.000000000000000000 ) ) ;
#349 = ORIENTED_EDGE ( 'NONE', *, *, #180, .F. ) ;
#350 = CARTESIAN_POINT ( 'NONE',  ( -128.8414932000000022, -12.69999999999999396, 7.210998785999991334 ) ) ;
#351 = DIRECTION ( 'NONE',  ( 0.000000000000000000, 7.656524645920016286E-18, 1.000000000000000000 ) ) ;
#352 = DIRECTION ( 'NONE',  ( -0.000000000000000000, 0.000000000000000000, 1.000000000000000000 ) ) ;
#353 = CARTESIAN_POINT ( 'NONE',  ( -181.9830000000000041, 2.270000000000000462, 21.58999999999998209 ) ) ;
#354 = DIRECTION ( 'NONE',  ( 0.000000000000000000, -1.000000000000000000, 0.000000000000000000 ) ) ;
#355 = ORIENTED_EDGE ( 'NONE', *, *, #1165, .T. ) ;
#356 = CC_DESIGN_PERSON_AND_ORGANIZATION_ASSIGNMENT ( #461, #951, ( #1221 ) ) ;
#357 = PLANE ( 'NONE',  #117 ) ;
#358 = EDGE_CURVE ( 'NONE', #415, #957, #405, .T. ) ;
#359 = DIRECTION ( 'NONE',  ( -1.000000000000000000, 0.000000000000000000, 0.000000000000000000 ) ) ;
#360 = ADVANCED_FACE ( 'NONE', ( #487 ), #1087, .F. ) ;
#361 = ORIENTED_EDGE ( 'NONE', *, *, #231, .T. ) ;
#362 = LINE ( 'NONE', #1114, #904 ) ;
#363 = FACE_OUTER_BOUND ( 'NONE', #1016, .T. ) ;
#364 = AXIS2_PLACEMENT_3D ( 'NONE', #633, #900, #1211 ) ;
#365 = VERTEX_POINT ( 'NONE', #162 ) ;
#366 = FACE_OUTER_BOUND ( 'NONE', #867, .T. ) ;
#367 = VECTOR ( 'NONE', #823, 1000.000000000000000 ) ;
#368 = DIRECTION ( 'NONE',  ( 0.000000000000000000, 1.000000000000000000, -0.000000000000000000 ) ) ;
#369 = AXIS2_PLACEMENT_3D ( 'NONE', #533, #1265, #806 ) ;
#370 = CARTESIAN_POINT ( 'NONE',  ( -110.4814999999999827, -6.349999999999983658, 51.18100000000001870 ) ) ;
#371 = DIRECTION ( 'NONE',  ( 1.000000000000000000, 0.000000000000000000, 0.000000000000000000 ) ) ;
#372 = LINE ( 'NONE', #1227, #166 ) ;
#373 = VERTEX_POINT ( 'NONE', #642 ) ;
#374 = CARTESIAN_POINT ( 'NONE',  ( -3.142247407067489512E-30, 2.294704387520198855E-14, 51.18099999999999739 ) ) ;
#375 = ADVANCED_FACE ( 'NONE', ( #1123 ), #284, .F. ) ;
#376 = CARTESIAN_POINT ( 'NONE',  ( 1.769999999999993356, 2.270000000000000462, 21.58999999999998565 ) ) ;
#377 = APPROVAL ( #1460, 'UNSPECIFIED' ) ;
#378 = EDGE_CURVE ( 'NONE', #986, #1509, #1132, .T. ) ;
#379 = CARTESIAN_POINT ( 'NONE',  ( 0.000000000000000000, 2.270000000000000462, 0.000000000000000000 ) ) ;
#380 = EDGE_LOOP ( 'NONE', ( #1151, #1223, #750, #1035 ) ) ;
#381 = DIRECTION ( 'NONE',  ( -0.000000000000000000, 0.000000000000000000, 1.000000000000000000 ) ) ;
#382 = LINE ( 'NONE', #960, #797 ) ;
#383 = LOCAL_TIME ( 12, 14, 59.00000000000000000, #37 ) ;
#384 = DIRECTION ( 'NONE',  ( -1.000000000000000000, 0.000000000000000000, 1.927470528863117569E-16 ) ) ;
#385 = ORIENTED_EDGE ( 'NONE', *, *, #358, .F. ) ;
#386 = ADVANCED_FACE ( 'NONE', ( #453 ), #1423, .F. ) ;
#387 = CARTESIAN_POINT ( 'NONE',  ( -155.5829999999999700, 4.445000000000000284, 3.809999999999999165 ) ) ;
#388 = PERSON_AND_ORGANIZATION_ROLE ( 'creator' ) ;
#389 = CARTESIAN_POINT ( 'NONE',  ( 1.769999999999993356, 2.269999999999994245, 21.58999999999998209 ) ) ;
#390 = ORIENTED_EDGE ( 'NONE', *, *, #526, .T. ) ;
#391 = VECTOR ( 'NONE', #1160, 1000.000000000000000 ) ;
#392 = LINE ( 'NONE', #26, #191 ) ;
#393 = ADVANCED_FACE ( 'NONE', ( #819 ), #429, .F. ) ;
#394 = ORIENTED_EDGE ( 'NONE', *, *, #1214, .T. ) ;
#395 = VECTOR ( 'NONE', #354, 1000.000000000000000 ) ;
#396 = CARTESIAN_POINT ( 'NONE',  ( -19.05000000000001137, 2.269999999999994245, -1.770000000000002016 ) ) ;
#397 = DATE_TIME_ROLE ( 'classification_date' ) ;
#398 = CARTESIAN_POINT ( 'NONE',  ( -68.10649999999996851, -6.349999999999988098, 23.74892084735787279 ) ) ;
#399 = EDGE_LOOP ( 'NONE', ( #1375, #682 ) ) ;
#400 = DIRECTION ( 'NONE',  ( 0.000000000000000000, -0.000000000000000000, -1.000000000000000000 ) ) ;
#401 = ORIENTED_EDGE ( 'NONE', *, *, #1519, .T. ) ;
#402 = LINE ( 'NONE', #1344, #1451 ) ;
#403 = VERTEX_POINT ( 'NONE', #207 ) ;
#404 = EDGE_CURVE ( 'NONE', #505, #1391, #118, .T. ) ;
#405 = LINE ( 'NONE', #1449, #1203 ) ;
#406 = CARTESIAN_POINT ( 'NONE',  ( -51.37150680000000591, -3.174999999999999822, 11.02099878600000160 ) ) ;
#407 = ORIENTED_EDGE ( 'NONE', *, *, #404, .F. ) ;
#408 = CARTESIAN_POINT ( 'NONE',  ( -121.8564932000000027, 0.000000000000000000, 7.210998785999993110 ) ) ;
#409 = VERTEX_POINT ( 'NONE', #95 ) ;
#410 = AXIS2_PLACEMENT_3D ( 'NONE', #1425, #208, #359 ) ;
#411 = CARTESIAN_POINT ( 'NONE',  ( -128.8414932000000022, 0.000000000000000000, 7.210998785999991334 ) ) ;
#412 = CARTESIAN_POINT ( 'NONE',  ( -176.4029999999999632, 0.000000000000000000, 49.91099999999999426 ) ) ;
#413 = VECTOR ( 'NONE', #1341, 1000.000000000000000 ) ;
#414 = ADVANCED_FACE ( 'NONE', ( #436 ), #573, .F. ) ;
#415 = VERTEX_POINT ( 'NONE', #1181 ) ;
#416 = LINE ( 'NONE', #1253, #1098 ) ;
#417 = VECTOR ( 'NONE', #1285, 1000.000000000000000 ) ;
#418 = ORIENTED_EDGE ( 'NONE', *, *, #873, .F. ) ;
#419 = CARTESIAN_POINT ( 'NONE',  ( -180.2129999999999939, 1.270000000000000018, 49.91100000000001558 ) ) ;
#420 = VECTOR ( 'NONE', #321, 1000.000000000000000 ) ;
#421 = DIRECTION ( 'NONE',  ( -1.365923996832132842E-16, -0.000000000000000000, -1.000000000000000000 ) ) ;
#422 = DIRECTION ( 'NONE',  ( 1.000000000000000000, 0.000000000000000000, 0.000000000000000000 ) ) ;
#423 = VERTEX_POINT ( 'NONE', #1058 ) ;
#424 = APPROVAL ( #89, 'UNSPECIFIED' ) ;
#425 = EDGE_CURVE ( 'NONE', #159, #1245, #217, .T. ) ;
#426 = AXIS2_PLACEMENT_3D ( 'NONE', #482, #1524, #1414 ) ;
#427 = VERTEX_POINT ( 'NONE', #680 ) ;
#428 = DIRECTION ( 'NONE',  ( 1.000000000000000000, 0.000000000000000000, 0.000000000000000000 ) ) ;
#429 = CYLINDRICAL_SURFACE ( 'NONE', #440, 4.500000000000003553 ) ;
#430 = LINE ( 'NONE', #1506, #984 ) ;
#431 = VERTEX_POINT ( 'NONE', #200 ) ;
#432 = DIRECTION ( 'NONE',  ( 0.000000000000000000, -1.000000000000000000, 0.000000000000000000 ) ) ;
#433 = ORIENTED_EDGE ( 'NONE', *, *, #991, .T. ) ;
#434 = CARTESIAN_POINT ( 'NONE',  ( -51.37150679999999170, 21.02656346635214391, 7.210998786000001104 ) ) ;
#435 = EDGE_CURVE ( 'NONE', #409, #220, #1533, .T. ) ;
#436 = FACE_OUTER_BOUND ( 'NONE', #1255, .T. ) ;
#437 = LINE ( 'NONE', #1149, #1048 ) ;
#438 = ORIENTED_EDGE ( 'NONE', *, *, #485, .F. ) ;
#439 = VECTOR ( 'NONE', #1163, 1000.000000000000000 ) ;
#440 = AXIS2_PLACEMENT_3D ( 'NONE', #548, #72, #1038 ) ;
#441 = CARTESIAN_POINT ( 'NONE',  ( -19.05000000000001137, 2.270000000000000462, -1.770000000000038431 ) ) ;
#442 = ORIENTED_EDGE ( 'NONE', *, *, #1141, .F. ) ;
#443 = EDGE_CURVE ( 'NONE', #373, #1418, #848, .T. ) ;
#444 = CARTESIAN_POINT ( 'NONE',  ( -180.2129999999999939, 4.445000000000000284, -5.489001213999999074 ) ) ;
#445 = VECTOR ( 'NONE', #897, 1000.000000000000000 ) ;
#446 = VECTOR ( 'NONE', #1427, 1000.000000000000000 ) ;
#447 = DIRECTION ( 'NONE',  ( -0.000000000000000000, -1.000000000000000000, -0.000000000000000000 ) ) ;
#448 = COORDINATED_UNIVERSAL_TIME_OFFSET ( 5, 0, .BEHIND. ) ;
#449 = ORIENTED_EDGE ( 'NONE', *, *, #1412, .F. ) ;
#450 = DIRECTION ( 'NONE',  ( -0.000000000000000000, 0.000000000000000000, 1.000000000000000000 ) ) ;
#451 = DIRECTION ( 'NONE',  ( 0.000000000000000000, 1.000000000000000000, -0.000000000000000000 ) ) ;
#452 = VERTEX_POINT ( 'NONE', #1030 ) ;
#453 = FACE_OUTER_BOUND ( 'NONE', #622, .T. ) ;
#454 =( NAMED_UNIT ( * ) PLANE_ANGLE_UNIT ( ) SI_UNIT ( $, .RADIAN. ) );
#455 = VERTEX_POINT ( 'NONE', #1302 ) ;
#456 = EDGE_CURVE ( 'NONE', #365, #571, #803, .T. ) ;
#457 = CARTESIAN_POINT ( 'NONE',  ( -112.1064999999999827, -6.349999999999983658, 6.020998786000000713 ) ) ;
#458 = DIRECTION ( 'NONE',  ( 0.000000000000000000, 1.000000000000000000, -3.469446951953634305E-15 ) ) ;
#459 = ORIENTED_EDGE ( 'NONE', *, *, #1409, .F. ) ;
#460 = CARTESIAN_POINT ( 'NONE',  ( -192.9129999999999825, 2.269999999999994245, 51.18099999999999739 ) ) ;
#461 = PERSON_AND_ORGANIZATION ( #1329, #588 ) ;
#462 = EDGE_CURVE ( 'NONE', #452, #423, #673, .T. ) ;
#463 = ORIENTED_EDGE ( 'NONE', *, *, #716, .T. ) ;
#464 = EDGE_CURVE ( 'NONE', #1324, #216, #104, .T. ) ;
#465 = PLANE ( 'NONE',  #879 ) ;
#466 = AXIS2_PLACEMENT_3D ( 'NONE', #146, #381, #626 ) ;
#467 = CARTESIAN_POINT ( 'NONE',  ( -167.5764999999999816, -12.69999999999998863, 51.18099999999999739 ) ) ;
#468 = VERTEX_POINT ( 'NONE', #926 ) ;
#469 = DIRECTION ( 'NONE',  ( -0.7071067811865457964, -0.000000000000000000, -0.7071067811865492381 ) ) ;
#470 = VECTOR ( 'NONE', #1049, 1000.000000000000114 ) ;
#471 = DIRECTION ( 'NONE',  ( -1.365923996832132842E-16, -0.000000000000000000, -1.000000000000000000 ) ) ;
#472 = DIRECTION ( 'NONE',  ( 0.7071067811865492381, 0.000000000000000000, -0.7071067811865457964 ) ) ;
#473 = VECTOR ( 'NONE', #451, 1000.000000000000000 ) ;
#474 = LINE ( 'NONE', #887, #1100 ) ;
#475 = EDGE_CURVE ( 'NONE', #28, #997, #88, .T. ) ;
#476 = CARTESIAN_POINT ( 'NONE',  ( -128.8414932000000022, 21.02656346635214391, 0.000000000000000000 ) ) ;
#477 = EDGE_LOOP ( 'NONE', ( #342, #1097, #1210, #1086 ) ) ;
#478 = FACE_OUTER_BOUND ( 'NONE', #493, .T. ) ;
#479 = MECHANICAL_CONTEXT ( 'NONE', #709, 'mechanical' ) ;
#480 = ORIENTED_EDGE ( 'NONE', *, *, #491, .F. ) ;
#481 = FACE_OUTER_BOUND ( 'NONE', #255, .T. ) ;
#482 = CARTESIAN_POINT ( 'NONE',  ( -58.35650679999998403, 0.000000000000000000, 7.210998786000001104 ) ) ;
#483 = ORIENTED_EDGE ( 'NONE', *, *, #610, .T. ) ;
#484 = PLANE ( 'NONE',  #187 ) ;
#485 = EDGE_CURVE ( 'NONE', #1143, #281, #1272, .T. ) ;
#486 = ORIENTED_EDGE ( 'NONE', *, *, #1271, .T. ) ;
#487 = FACE_OUTER_BOUND ( 'NONE', #164, .T. ) ;
#488 = APPROVAL_PERSON_ORGANIZATION ( #581, #424, #1520 ) ;
#489 = DIRECTION ( 'NONE',  ( -0.000000000000000000, 1.000000000000000000, -0.000000000000000000 ) ) ;
#490 = CARTESIAN_POINT ( 'NONE',  ( -107.6064999999999827, -6.349999999999983658, -5.489001214000008844 ) ) ;
#491 = EDGE_CURVE ( 'NONE', #373, #1366, #1416, .T. ) ;
#492 = VECTOR ( 'NONE', #469, 1000.000000000000114 ) ;
#493 = EDGE_LOOP ( 'NONE', ( #1028, #596, #1415, #1478 ) ) ;
#494 = FACE_OUTER_BOUND ( 'NONE', #907, .T. ) ;
#495 = AXIS2_PLACEMENT_3D ( 'NONE', #769, #1257, #169 ) ;
#496 = DATE_AND_TIME ( #752, #336 ) ;
#497 = EDGE_CURVE ( 'NONE', #1314, #929, #1408, .T. ) ;
#498 = AXIS2_PLACEMENT_3D ( 'NONE', #560, #684, #1508 ) ;
#499 = EDGE_LOOP ( 'NONE', ( #1228, #1046, #1183, #1397, #1090, #1057 ) ) ;
#500 = CIRCLE ( 'NONE', #1308, 2.875000000000002665 ) ;
#501 = ADVANCED_BREP_SHAPE_REPRESENTATION ( 'Y-axis Way Cover Cover Column Side ', ( #1248, #789 ), #182 ) ;
#502 = DIRECTION ( 'NONE',  ( -1.000000000000000000, 0.000000000000000000, 1.927470528863117569E-16 ) ) ;
#503 = VERTEX_POINT ( 'NONE', #1279 ) ;
#504 = DIRECTION ( 'NONE',  ( 0.000000000000000000, 0.000000000000000000, -1.000000000000000000 ) ) ;
#505 = VERTEX_POINT ( 'NONE', #193 ) ;
#506 = DIRECTION ( 'NONE',  ( -0.000000000000000000, -1.000000000000000000, -0.000000000000000000 ) ) ;
#507 = VERTEX_POINT ( 'NONE', #327 ) ;
#508 = FACE_OUTER_BOUND ( 'NONE', #634, .T. ) ;
#509 = CARTESIAN_POINT ( 'NONE',  ( -12.63649999999999451, 0.000000000000000000, 51.18099999999999739 ) ) ;
#510 = ORIENTED_EDGE ( 'NONE', *, *, #1442, .F. ) ;
#511 = ADVANCED_FACE ( 'NONE', ( #812 ), #1296, .F. ) ;
#512 = DIRECTION ( 'NONE',  ( -1.000000000000000000, 0.000000000000000000, 0.000000000000000000 ) ) ;
#513 = ADVANCED_FACE ( 'NONE', ( #955 ), #340, .F. ) ;
#514 = EDGE_LOOP ( 'NONE', ( #1006, #546, #385, #611 ) ) ;
#515 = CARTESIAN_POINT ( 'NONE',  ( 12.69999999999998863, 2.269999999999994245, -5.489001213999997297 ) ) ;
#516 = APPROVAL_ROLE ( '' ) ;
#517 = DIRECTION ( 'NONE',  ( -6.103324382627934694E-17, 0.000000000000000000, -1.000000000000000000 ) ) ;
#518 = LINE ( 'NONE', #1330, #121 ) ;
#519 = AXIS2_PLACEMENT_3D ( 'NONE', #1005, #607, #371 ) ;
#520 = VERTEX_POINT ( 'NONE', #840 ) ;
#521 = VECTOR ( 'NONE', #764, 1000.000000000000000 ) ;
#522 = CARTESIAN_POINT ( 'NONE',  ( -107.6064999999999827, -6.349999999999983658, 6.020998786000000713 ) ) ;
#523 = EDGE_CURVE ( 'NONE', #929, #151, #1421, .T. ) ;
#524 = EDGE_CURVE ( 'NONE', #777, #28, #1072, .T. ) ;
#525 = ORIENTED_EDGE ( 'NONE', *, *, #1219, .F. ) ;
#526 = EDGE_CURVE ( 'NONE', #520, #913, #1310, .T. ) ;
#527 = CARTESIAN_POINT ( 'NONE',  ( -114.8714931999999891, 0.000000000000000000, 11.02099878600000160 ) ) ;
#528 = DIRECTION ( 'NONE',  ( -0.000000000000000000, 0.000000000000000000, 1.000000000000000000 ) ) ;
#529 = ORIENTED_EDGE ( 'NONE', *, *, #1222, .T. ) ;
#530 = CARTESIAN_POINT ( 'NONE',  ( -3.810000000000035580, 3.106988124944954422E-13, 51.18099999999999739 ) ) ;
#531 = ORIENTED_EDGE ( 'NONE', *, *, #674, .F. ) ;
#532 = LINE ( 'NONE', #398, #1199 ) ;
#533 = CARTESIAN_POINT ( 'NONE',  ( -107.6064999999999827, -6.349999999999983658, 51.18100000000001870 ) ) ;
#534 = VERTEX_POINT ( 'NONE', #1185 ) ;
#535 = DIRECTION ( 'NONE',  ( 1.000000000000000000, 0.000000000000000000, 0.000000000000000000 ) ) ;
#536 = VERTEX_POINT ( 'NONE', #1531 ) ;
#537 = CARTESIAN_POINT ( 'NONE',  ( -176.4029999999999632, -1.208654451933713058E-15, 51.18099999999999739 ) ) ;
#538 = DIRECTION ( 'NONE',  ( -0.000000000000000000, -0.000000000000000000, 1.000000000000000000 ) ) ;
#539 = CC_DESIGN_DATE_AND_TIME_ASSIGNMENT ( #985, #1342, ( #1221 ) ) ;
#540 = ADVANCED_FACE ( 'NONE', ( #363 ), #1193, .T. ) ;
#541 = FACE_OUTER_BOUND ( 'NONE', #1180, .T. ) ;
#542 = VECTOR ( 'NONE', #1456, 1000.000000000000000 ) ;
#543 = ORIENTED_EDGE ( 'NONE', *, *, #744, .T. ) ;
#544 = DIRECTION ( 'NONE',  ( 0.000000000000000000, 0.000000000000000000, -1.000000000000000000 ) ) ;
#545 = VECTOR ( 'NONE', #793, 1000.000000000000000 ) ;
#546 = ORIENTED_EDGE ( 'NONE', *, *, #1270, .T. ) ;
#547 = LINE ( 'NONE', #537, #319 ) ;
#548 = CARTESIAN_POINT ( 'NONE',  ( -72.60649999999998272, -6.349999999999988987, 23.74892084735787279 ) ) ;
#549 = DIRECTION ( 'NONE',  ( -1.000000000000000000, 0.000000000000000000, 0.000000000000000000 ) ) ;
#550 = ORIENTED_EDGE ( 'NONE', *, *, #912, .T. ) ;
#551 = EDGE_CURVE ( 'NONE', #965, #937, #1332, .T. ) ;
#552 = AXIS2_PLACEMENT_3D ( 'NONE', #834, #1323, #939 ) ;
#553 = DIRECTION ( 'NONE',  ( -1.000000000000000000, 0.000000000000000000, 0.000000000000000000 ) ) ;
#554 = ORIENTED_EDGE ( 'NONE', *, *, #213, .T. ) ;
#555 = LINE ( 'NONE', #1294, #1047 ) ;
#556 = DIRECTION ( 'NONE',  ( -1.000000000000000000, 0.000000000000000000, 0.000000000000000000 ) ) ;
#557 = CARTESIAN_POINT ( 'NONE',  ( -12.63649999999999451, -12.69999999999998863, 11.02099878600000160 ) ) ;
#558 = ADVANCED_FACE ( 'NONE', ( #577 ), #222, .F. ) ;
#559 = VERTEX_POINT ( 'NONE', #109 ) ;
#560 = CARTESIAN_POINT ( 'NONE',  ( -121.8564932000000027, 0.000000000000000000, 7.210998785999993110 ) ) ;
#561 = EDGE_LOOP ( 'NONE', ( #1529, #903, #325, #712 ) ) ;
#562 = CARTESIAN_POINT ( 'NONE',  ( -58.35650679999998403, -12.69999999999999396, 7.210998786000001104 ) ) ;
#563 = VECTOR ( 'NONE', #1077, 1000.000000000000000 ) ;
#564 = DIRECTION ( 'NONE',  ( 0.000000000000000000, -1.000000000000000000, 0.000000000000000000 ) ) ;
#565 = CARTESIAN_POINT ( 'NONE',  ( -107.6064999999999827, -6.349999999999983658, 6.020998786000000713 ) ) ;
#566 = VERTEX_POINT ( 'NONE', #123 ) ;
#567 = CARTESIAN_POINT ( 'NONE',  ( 12.69999999999998863, -12.69999999999998863, -5.489001213999998185 ) ) ;
#568 = DIRECTION ( 'NONE',  ( -1.000000000000000000, 0.000000000000000000, 0.000000000000000000 ) ) ;
#569 = CIRCLE ( 'NONE', #344, 4.500000000000003553 ) ;
#570 = EDGE_CURVE ( 'NONE', #151, #1324, #1056, .T. ) ;
#571 = VERTEX_POINT ( 'NONE', #1539 ) ;
#572 = VECTOR ( 'NONE', #894, 1000.000000000000000 ) ;
#573 = CYLINDRICAL_SURFACE ( 'NONE', #717, 6.984999999999997655 ) ;
#574 = CARTESIAN_POINT ( 'NONE',  ( -51.37150679999999880, -12.69999999999999396, 11.02099878600000160 ) ) ;
#575 = ORIENTED_EDGE ( 'NONE', *, *, #311, .T. ) ;
#576 = FACE_OUTER_BOUND ( 'NONE', #687, .T. ) ;
#577 = FACE_OUTER_BOUND ( 'NONE', #660, .T. ) ;
#578 = EDGE_CURVE ( 'NONE', #997, #1439, #92, .T. ) ;
#579 = ORIENTED_EDGE ( 'NONE', *, *, #443, .T. ) ;
#580 = DIRECTION ( 'NONE',  ( -1.365923996832133088E-16, -0.000000000000000000, -1.000000000000000000 ) ) ;
#581 = PERSON_AND_ORGANIZATION ( #1329, #588 ) ;
#582 = EDGE_CURVE ( 'NONE', #534, #455, #1076, .T. ) ;
#583 = ORIENTED_EDGE ( 'NONE', *, *, #180, .T. ) ;
#584 = FACE_OUTER_BOUND ( 'NONE', #477, .T. ) ;
#585 = CARTESIAN_POINT ( 'NONE',  ( 0.000000000000000000, 1.270000000000000018, 0.000000000000000000 ) ) ;
#586 = ORIENTED_EDGE ( 'NONE', *, *, #1080, .F. ) ;
#587 = CARTESIAN_POINT ( 'NONE',  ( -79.69650000000038403, 1.270000000000000018, 79.69649999999998613 ) ) ;
#588 = ORGANIZATION ( 'UNSPECIFIED', 'UNSPECIFIED', '' ) ;
#589 = ADVANCED_FACE ( 'NONE', ( #248 ), #4, .T. ) ;
#590 = ORIENTED_EDGE ( 'NONE', *, *, #322, .T. ) ;
#591 = CIRCLE ( 'NONE', #795, 6.984999999999997655 ) ;
#592 = DIRECTION ( 'NONE',  ( -1.365923996832132842E-16, -0.000000000000000000, -1.000000000000000000 ) ) ;
#593 = VECTOR ( 'NONE', #31, 1000.000000000000000 ) ;
#594 = CARTESIAN_POINT ( 'NONE',  ( -176.4029999999999632, 4.445000000000000284, 49.91100000000001558 ) ) ;
#595 = AXIS2_PLACEMENT_3D ( 'NONE', #1264, #175, #762 ) ;
#596 = ORIENTED_EDGE ( 'NONE', *, *, #209, .T. ) ;
#597 = PLANE ( 'NONE',  #1494 ) ;
#598 = AXIS2_PLACEMENT_3D ( 'NONE', #790, #1041, #221 ) ;
#599 = ORIENTED_EDGE ( 'NONE', *, *, #435, .F. ) ;
#600 = FACE_OUTER_BOUND ( 'NONE', #1276, .T. ) ;
#601 = LINE ( 'NONE', #1050, #106 ) ;
#602 = ADVANCED_FACE ( 'NONE', ( #1316 ), #711, .F. ) ;
#603 = EDGE_LOOP ( 'NONE', ( #779, #1215, #1262, #888 ) ) ;
#604 = LINE ( 'NONE', #983, #1173 ) ;
#605 = ORIENTED_EDGE ( 'NONE', *, *, #278, .F. ) ;
#606 = FACE_OUTER_BOUND ( 'NONE', #645, .T. ) ;
#607 = DIRECTION ( 'NONE',  ( -0.000000000000000000, 0.000000000000000000, 1.000000000000000000 ) ) ;
#608 = CARTESIAN_POINT ( 'NONE',  ( 1.769999999999993356, 1.270000000000000018, 21.58999999999998565 ) ) ;
#609 = CC_DESIGN_PERSON_AND_ORGANIZATION_ASSIGNMENT ( #1445, #257, ( #688 ) ) ;
#610 = EDGE_CURVE ( 'NONE', #890, #365, #601, .T. ) ;
#611 = ORIENTED_EDGE ( 'NONE', *, *, #138, .T. ) ;
#612 = DIRECTION ( 'NONE',  ( 0.000000000000000000, -7.656524645920016286E-18, -1.000000000000000000 ) ) ;
#613 = COORDINATED_UNIVERSAL_TIME_OFFSET ( 5, 0, .BEHIND. ) ;
#614 = FACE_OUTER_BOUND ( 'NONE', #1120, .T. ) ;
#615 = LOCAL_TIME ( 12, 14, 59.00000000000000000, #264 ) ;
#616 = DIRECTION ( 'NONE',  ( 0.000000000000000000, 1.000000000000000000, 0.000000000000000000 ) ) ;
#617 = ORIENTED_EDGE ( 'NONE', *, *, #582, .F. ) ;
#618 = VECTOR ( 'NONE', #786, 1000.000000000000000 ) ;
#619 = FACE_OUTER_BOUND ( 'NONE', #946, .T. ) ;
#620 = DATE_AND_TIME ( #139, #615 ) ;
#621 = CIRCLE ( 'NONE', #498, 6.984999999999997655 ) ;
#622 = EDGE_LOOP ( 'NONE', ( #1359, #210, #940, #895 ) ) ;
#623 = CIRCLE ( 'NONE', #1499, 4.500000000000003553 ) ;
#624 = CARTESIAN_POINT ( 'NONE',  ( -181.9829999999999757, 0.000000000000000000, 49.91099999999999426 ) ) ;
#625 = ORIENTED_EDGE ( 'NONE', *, *, #570, .F. ) ;
#626 = DIRECTION ( 'NONE',  ( 1.000000000000000000, 0.000000000000000000, 0.000000000000000000 ) ) ;
#627 = EDGE_CURVE ( 'NONE', #986, #1482, #33, .T. ) ;
#628 = PERSON_AND_ORGANIZATION ( #1329, #588 ) ;
#629 = ORIENTED_EDGE ( 'NONE', *, *, #627, .F. ) ;
#630 = CARTESIAN_POINT ( 'NONE',  ( -72.60649999999998272, -6.349999999999988987, -5.489001214000014173 ) ) ;
#631 = ORIENTED_EDGE ( 'NONE', *, *, #203, .F. ) ;
#632 = DIRECTION ( 'NONE',  ( 0.000000000000000000, 0.000000000000000000, -1.000000000000000000 ) ) ;
#633 = CARTESIAN_POINT ( 'NONE',  ( -181.9830000000000041, 4.445000000000000284, 21.58999999999998209 ) ) ;
#634 = EDGE_LOOP ( 'NONE', ( #323, #115, #112, #223, #1349, #76 ) ) ;
#635 = CARTESIAN_POINT ( 'NONE',  ( -128.8414932000000022, -12.69999999999999396, 0.000000000000000000 ) ) ;
#636 = EDGE_CURVE ( 'NONE', #1252, #289, #333, .T. ) ;
#637 = EDGE_CURVE ( 'NONE', #1364, #198, #1117, .T. ) ;
#638 = ORIENTED_EDGE ( 'NONE', *, *, #1428, .F. ) ;
#639 = CYLINDRICAL_SURFACE ( 'NONE', #141, 4.500000000000003553 ) ;
#640 = EDGE_CURVE ( 'NONE', #886, #276, #1244, .T. ) ;
#641 = ORIENTED_EDGE ( 'NONE', *, *, #1241, .T. ) ;
#642 = CARTESIAN_POINT ( 'NONE',  ( -69.73149999999996851, -6.349999999999988987, 11.02099878599999805 ) ) ;
#643 = DIRECTION ( 'NONE',  ( 0.000000000000000000, 0.000000000000000000, 1.000000000000000000 ) ) ;
#644 = AXIS2_PLACEMENT_3D ( 'NONE', #522, #733, #1350 ) ;
#645 = EDGE_LOOP ( 'NONE', ( #245, #1384, #1532, #1026, #86, #1317 ) ) ;
#646 = VECTOR ( 'NONE', #65, 1000.000000000000000 ) ;
#647 = DIRECTION ( 'NONE',  ( 0.000000000000000000, 0.000000000000000000, -1.000000000000000000 ) ) ;
#648 = ORIENTED_EDGE ( 'NONE', *, *, #213, .F. ) ;
#649 = EDGE_CURVE ( 'NONE', #881, #431, #268, .T. ) ;
#650 = CARTESIAN_POINT ( 'NONE',  ( -101.7865000000004301, 1.270000000000000018, 101.7864999999999469 ) ) ;
#651 = ORIENTED_EDGE ( 'NONE', *, *, #497, .T. ) ;
#652 = DIRECTION ( 'NONE',  ( 0.000000000000000000, -1.000000000000000000, 0.000000000000000000 ) ) ;
#653 = EDGE_LOOP ( 'NONE', ( #438, #1082, #1395, #206 ) ) ;
#654 = DIRECTION ( 'NONE',  ( -0.000000000000000000, -1.000000000000000000, -0.000000000000000000 ) ) ;
#655 = ORIENTED_EDGE ( 'NONE', *, *, #640, .F. ) ;
#656 = CARTESIAN_POINT ( 'NONE',  ( -3.810000000000007603, 2.269999999999994245, 51.18099999999999739 ) ) ;
#657 = ADVANCED_FACE ( 'NONE', ( #143 ), #1095, .T. ) ;
#658 = PLANE ( 'NONE',  #364 ) ;
#659 = PLANE ( 'NONE',  #828 ) ;
#660 = EDGE_LOOP ( 'NONE', ( #1291, #59, #274, #41 ) ) ;
#661 = DIRECTION ( 'NONE',  ( -1.000000000000000000, 0.000000000000000000, 0.000000000000000000 ) ) ;
#662 = EDGE_LOOP ( 'NONE', ( #1492, #1454 ) ) ;
#663 = CYLINDRICAL_SURFACE ( 'NONE', #1282, 2.875000000000002665 ) ;
#664 = DIRECTION ( 'NONE',  ( 0.000000000000000000, 0.000000000000000000, 1.000000000000000000 ) ) ;
#665 = VECTOR ( 'NONE', #876, 1000.000000000000000 ) ;
#666 = CARTESIAN_POINT ( 'NONE',  ( -3.810000000000007603, 4.445000000000000284, 27.17000000000000881 ) ) ;
#667 = AXIS2_PLACEMENT_3D ( 'NONE', #1437, #256, #504 ) ;
#668 = ORIENTED_EDGE ( 'NONE', *, *, #1115, .T. ) ;
#669 = AXIS2_PLACEMENT_3D ( 'NONE', #490, #253, #502 ) ;
#670 = CARTESIAN_POINT ( 'NONE',  ( -121.8564932000000027, 0.000000000000000000, 0.2259987859999958160 ) ) ;
#671 = EDGE_LOOP ( 'NONE', ( #349, #575, #1268, #167 ) ) ;
#672 = FACE_OUTER_BOUND ( 'NONE', #827, .T. ) ;
#673 = LINE ( 'NONE', #1393, #240 ) ;
#674 = EDGE_CURVE ( 'NONE', #937, #45, #158, .T. ) ;
#675 = DIRECTION ( 'NONE',  ( 0.000000000000000000, -1.000000000000000000, 0.000000000000000000 ) ) ;
#676 = EDGE_LOOP ( 'NONE', ( #842, #1495, #1116, #1447 ) ) ;
#677 = DIRECTION ( 'NONE',  ( -0.000000000000000000, 0.000000000000000000, 1.000000000000000000 ) ) ;
#678 = ORIENTED_EDGE ( 'NONE', *, *, #1371, .T. ) ;
#679 = CARTESIAN_POINT ( 'NONE',  ( -181.9829999999999757, 1.270000000000000240, 49.91099999999999426 ) ) ;
#680 = CARTESIAN_POINT ( 'NONE',  ( -77.10649999999998272, -6.349999999999988987, 6.020998786000000713 ) ) ;
#681 = DIRECTION ( 'NONE',  ( 0.000000000000000000, -0.000000000000000000, -1.000000000000000000 ) ) ;
#682 = ORIENTED_EDGE ( 'NONE', *, *, #1462, .F. ) ;
#683 = EDGE_CURVE ( 'NONE', #151, #110, #282, .T. ) ;
#684 = DIRECTION ( 'NONE',  ( -0.000000000000000000, 1.000000000000000000, -0.000000000000000000 ) ) ;
#685 = CARTESIAN_POINT ( 'NONE',  ( -112.1064999999999827, -6.349999999999983658, -5.489001214000007955 ) ) ;
#686 = ADVANCED_FACE ( 'NONE', ( #1470 ), #639, .F. ) ;
#687 = EDGE_LOOP ( 'NONE', ( #814, #239, #1274, #1368 ) ) ;
#688 = PRODUCT_DEFINITION_FORMATION_WITH_SPECIFIED_SOURCE ( 'ANY', '', #696, .NOT_KNOWN. ) ;
#689 = CARTESIAN_POINT ( 'NONE',  ( -72.60649999999998272, -6.349999999999988987, 51.18100000000001160 ) ) ;
#690 = PERSON_AND_ORGANIZATION ( #1329, #588 ) ;
#691 = AXIS2_PLACEMENT_3D ( 'NONE', #1363, #1014, #1498 ) ;
#692 = EDGE_LOOP ( 'NONE', ( #668, #1125, #463, #1022, #846, #1135, #822, #835 ) ) ;
#693 = DIRECTION ( 'NONE',  ( -1.000000000000000000, 0.000000000000000000, 1.927470528863117569E-16 ) ) ;
#694 = CARTESIAN_POINT ( 'NONE',  ( -161.1629999999999825, 2.269999999999994245, 3.809999999999999609 ) ) ;
#695 = CIRCLE ( 'NONE', #1378, 4.500000000000003553 ) ;
#696 = PRODUCT ( 'Y-axis Way Cover Cover Column Side ', 'Y-axis Way Cover Cover Column Side ', '', ( #479 ) ) ;
#697 = EDGE_LOOP ( 'NONE', ( #107, #177, #759, #1311 ) ) ;
#698 = AXIS2_PLACEMENT_3D ( 'NONE', #305, #780, #422 ) ;
#699 = DIRECTION ( 'NONE',  ( -0.000000000000000000, 0.000000000000000000, 1.000000000000000000 ) ) ;
#700 = ORIENTED_EDGE ( 'NONE', *, *, #1080, .T. ) ;
#701 = FACE_OUTER_BOUND ( 'NONE', #915, .T. ) ;
#702 = CARTESIAN_POINT ( 'NONE',  ( 1.769999999999993356, 1.270000000000000018, 21.58999999999998565 ) ) ;
#703 = ORIENTED_EDGE ( 'NONE', *, *, #1159, .F. ) ;
#704 = CC_DESIGN_PERSON_AND_ORGANIZATION_ASSIGNMENT ( #690, #345, ( #696 ) ) ;
#705 = DIRECTION ( 'NONE',  ( -1.000000000000000000, 0.000000000000000000, -0.000000000000000000 ) ) ;
#706 = EDGE_CURVE ( 'NONE', #285, #70, #392, .T. ) ;
#707 = DIRECTION ( 'NONE',  ( -0.000000000000000000, 0.000000000000000000, 1.000000000000000000 ) ) ;
#708 = ORIENTED_EDGE ( 'NONE', *, *, #1033, .T. ) ;
#709 = APPLICATION_CONTEXT ( 'configuration controlled 3d designs of mechanical parts and assemblies' ) ;
#710 = CARTESIAN_POINT ( 'NONE',  ( -77.10649999999998272, -6.349999999999988987, 23.74892084735787279 ) ) ;
#711 = PLANE ( 'NONE',  #781 ) ;
#712 = ORIENTED_EDGE ( 'NONE', *, *, #706, .F. ) ;
#713 = LINE ( 'NONE', #1318, #1303 ) ;
#714 = APPROVAL_PERSON_ORGANIZATION ( #628, #1361, #974 ) ;
#715 = PLANE ( 'NONE',  #339 ) ;
#716 = EDGE_CURVE ( 'NONE', #566, #468, #882, .T. ) ;
#717 = AXIS2_PLACEMENT_3D ( 'NONE', #1052, #320, #1288 ) ;
#718 = CARTESIAN_POINT ( 'NONE',  ( -114.8714931999999891, -12.69999999999999396, 11.02099878600000160 ) ) ;
#719 = DIRECTION ( 'NONE',  ( 1.000000000000000000, 0.000000000000000000, -6.103324382627934694E-17 ) ) ;
#720 = ORIENTED_EDGE ( 'NONE', *, *, #1165, .F. ) ;
#721 = VECTOR ( 'NONE', #754, 1000.000000000000000 ) ;
#722 = DIRECTION ( 'NONE',  ( -1.000000000000000000, 0.000000000000000000, 0.000000000000000000 ) ) ;
#723 = CIRCLE ( 'NONE', #168, 6.984999999999997655 ) ;
#724 = CARTESIAN_POINT ( 'NONE',  ( 0.000000000000000000, 0.000000000000000000, 0.000000000000000000 ) ) ;
#725 = EDGE_CURVE ( 'NONE', #455, #534, #1001, .T. ) ;
#726 = VERTEX_POINT ( 'NONE', #871 ) ;
#727 = CARTESIAN_POINT ( 'NONE',  ( -192.9129999999999825, 2.269999999999994245, 51.18099999999999739 ) ) ;
#728 = DIRECTION ( 'NONE',  ( -1.000000000000000000, 0.000000000000000000, 0.000000000000000000 ) ) ;
#729 = ORIENTED_EDGE ( 'NONE', *, *, #1053, .T. ) ;
#730 = CARTESIAN_POINT ( 'NONE',  ( -65.34150679999999056, 21.02656346635214391, 0.000000000000000000 ) ) ;
#731 = DATE_AND_TIME ( #745, #383 ) ;
#732 = EDGE_LOOP ( 'NONE', ( #1008, #1060, #179, #131 ) ) ;
#733 = DIRECTION ( 'NONE',  ( 0.000000000000000000, -0.000000000000000000, -1.000000000000000000 ) ) ;
#734 = ORIENTED_EDGE ( 'NONE', *, *, #330, .F. ) ;
#735 = EDGE_CURVE ( 'NONE', #1137, #782, #142, .T. ) ;
#736 = LINE ( 'NONE', #861, #413 ) ;
#737 = PERSON_AND_ORGANIZATION_ROLE ( 'classification_officer' ) ;
#738 = LINE ( 'NONE', #1321, #1094 ) ;
#739 = LOCAL_TIME ( 12, 14, 59.00000000000000000, #831 ) ;
#740 = FACE_OUTER_BOUND ( 'NONE', #832, .T. ) ;
#741 = VECTOR ( 'NONE', #36, 1000.000000000000000 ) ;
#742 = ORIENTED_EDGE ( 'NONE', *, *, #753, .F. ) ;
#743 = CARTESIAN_POINT ( 'NONE',  ( -12.63649999999999451, -12.69999999999998863, 51.18099999999999739 ) ) ;
#744 = EDGE_CURVE ( 'NONE', #957, #913, #1358, .T. ) ;
#745 = CALENDAR_DATE ( 2026, 26, 5 ) ;
#746 = AXIS2_PLACEMENT_3D ( 'NONE', #1108, #859, #40 ) ;
#747 = ORIENTED_EDGE ( 'NONE', *, *, #1319, .T. ) ;
#748 = AXIS2_PLACEMENT_3D ( 'NONE', #850, #948, #215 ) ;
#749 = DIRECTION ( 'NONE',  ( 0.000000000000000000, 1.000000000000000000, 0.000000000000000000 ) ) ;
#750 = ORIENTED_EDGE ( 'NONE', *, *, #138, .F. ) ;
#751 = DIRECTION ( 'NONE',  ( 0.000000000000000000, 0.000000000000000000, 1.000000000000000000 ) ) ;
#752 = CALENDAR_DATE ( 2026, 26, 5 ) ;
#753 = EDGE_CURVE ( 'NONE', #507, #1467, #372, .T. ) ;
#754 = DIRECTION ( 'NONE',  ( 1.000000000000000000, 0.000000000000000000, 0.000000000000000000 ) ) ;
#755 = CARTESIAN_POINT ( 'NONE',  ( -161.1629999999999825, 4.445000000000000284, 3.809999999999999609 ) ) ;
#756 = CARTESIAN_POINT ( 'NONE',  ( -12.63649999999999451, -12.69999999999998863, 11.02099878600000160 ) ) ;
#757 = ORIENTED_EDGE ( 'NONE', *, *, #1141, .T. ) ;
#758 = CARTESIAN_POINT ( 'NONE',  ( -176.4029999999999632, 4.445000000000000284, 27.17000000000003723 ) ) ;
#759 = ORIENTED_EDGE ( 'NONE', *, *, #991, .F. ) ;
#760 = VECTOR ( 'NONE', #980, 1000.000000000000000 ) ;
#761 = PLANE ( 'NONE',  #691 ) ;
#762 = DIRECTION ( 'NONE',  ( 1.000000000000000000, 0.000000000000000000, 0.000000000000000000 ) ) ;
#763 = ORIENTED_EDGE ( 'NONE', *, *, #1201, .T. ) ;
#764 = DIRECTION ( 'NONE',  ( 0.000000000000000000, 0.000000000000000000, 1.000000000000000000 ) ) ;
#765 = ADVANCED_FACE ( 'NONE', ( #1220 ), #1235, .F. ) ;
#766 = ORIENTED_EDGE ( 'NONE', *, *, #10, .F. ) ;
#767 = CARTESIAN_POINT ( 'NONE',  ( -58.35650679999998403, 0.000000000000000000, 7.210998786000001104 ) ) ;
#768 = ORIENTED_EDGE ( 'NONE', *, *, #804, .T. ) ;
#769 = CARTESIAN_POINT ( 'NONE',  ( -3.810000000000007603, 4.445000000000000284, 27.17000000000000881 ) ) ;
#770 = AXIS2_PLACEMENT_3D ( 'NONE', #755, #517, #1247 ) ;
#771 = LINE ( 'NONE', #787, #49 ) ;
#772 = CIRCLE ( 'NONE', #1402, 2.875000000000002665 ) ;
#773 = ORIENTED_EDGE ( 'NONE', *, *, #1419, .F. ) ;
#774 = AXIS2_PLACEMENT_3D ( 'NONE', #1157, #528, #313 ) ;
#775 = DIRECTION ( 'NONE',  ( -0.000000000000000000, 1.000000000000000000, -0.000000000000000000 ) ) ;
#776 = EDGE_CURVE ( 'NONE', #67, #520, #402, .T. ) ;
#777 = VERTEX_POINT ( 'NONE', #608 ) ;
#778 = CARTESIAN_POINT ( 'NONE',  ( -181.9829999999999757, 0.000000000000000000, 0.000000000000000000 ) ) ;
#779 = ORIENTED_EDGE ( 'NONE', *, *, #1222, .F. ) ;
#780 = DIRECTION ( 'NONE',  ( -0.000000000000000000, 0.000000000000000000, 1.000000000000000000 ) ) ;
#781 = AXIS2_PLACEMENT_3D ( 'NONE', #594, #568, #963 ) ;
#782 = VERTEX_POINT ( 'NONE', #998 ) ;
#783 = CARTESIAN_POINT ( 'NONE',  ( -161.1629999999999825, 2.269999999999994245, -1.770000000000002016 ) ) ;
#784 = ORIENTED_EDGE ( 'NONE', *, *, #246, .T. ) ;
#785 = CARTESIAN_POINT ( 'NONE',  ( -161.1629999999999825, -3.174999999999999822, 11.02099878600000160 ) ) ;
#786 = DIRECTION ( 'NONE',  ( -0.000000000000000000, -1.000000000000000000, -0.000000000000000000 ) ) ;
#787 = CARTESIAN_POINT ( 'NONE',  ( -161.1629999999999825, 0.000000000000000000, 11.02099878600000160 ) ) ;
#788 = EDGE_LOOP ( 'NONE', ( #304, #641, #401, #605 ) ) ;
#789 = AXIS2_PLACEMENT_3D ( 'NONE', #724, #234, #97 ) ;
#790 = CARTESIAN_POINT ( 'NONE',  ( -161.1629999999999825, -3.174999999999999822, 11.02099878600000160 ) ) ;
#791 = ORIENTED_EDGE ( 'NONE', *, *, #649, .T. ) ;
#792 = EDGE_CURVE ( 'NONE', #986, #1069, #987, .T. ) ;
#793 = DIRECTION ( 'NONE',  ( -0.000000000000000000, -1.000000000000000000, -0.000000000000000000 ) ) ;
#794 = DIRECTION ( 'NONE',  ( -0.7071067811865474617, -0.000000000000000000, 0.7071067811865474617 ) ) ;
#795 = AXIS2_PLACEMENT_3D ( 'NONE', #1000, #1474, #632 ) ;
#796 = LINE ( 'NONE', #170, #27 ) ;
#797 = VECTOR ( 'NONE', #1433, 1000.000000000000000 ) ;
#798 = ORIENTED_EDGE ( 'NONE', *, *, #523, .T. ) ;
#799 = AXIS2_PLACEMENT_3D ( 'NONE', #408, #775, #647 ) ;
#800 = CARTESIAN_POINT ( 'NONE',  ( -3.810000000000007603, 4.445000000000000284, 49.91100000000001558 ) ) ;
#801 = ORIENTED_EDGE ( 'NONE', *, *, #378, .F. ) ;
#802 = DIRECTION ( 'NONE',  ( -0.000000000000000000, 0.000000000000000000, 1.000000000000000000 ) ) ;
#803 = LINE ( 'NONE', #935, #1119 ) ;
#804 = EDGE_CURVE ( 'NONE', #993, #276, #47, .T. ) ;
#805 = ADVANCED_FACE ( 'NONE', ( #740 ), #135, .F. ) ;
#806 = DIRECTION ( 'NONE',  ( -1.000000000000000000, 0.000000000000000000, 0.000000000000000000 ) ) ;
#807 = ORIENTED_EDGE ( 'NONE', *, *, #101, .F. ) ;
#808 = EDGE_CURVE ( 'NONE', #409, #1143, #1073, .T. ) ;
#809 = CARTESIAN_POINT ( 'NONE',  ( -107.6064999999999827, -6.349999999999983658, -5.489001214000008844 ) ) ;
#810 = VERTEX_POINT ( 'NONE', #1382 ) ;
#811 = DIRECTION ( 'NONE',  ( 0.000000000000000000, 1.000000000000000000, 0.000000000000000000 ) ) ;
#812 = FACE_OUTER_BOUND ( 'NONE', #976, .T. ) ;
#813 =( LENGTH_UNIT ( ) NAMED_UNIT ( * ) SI_UNIT ( .MILLI., .METRE. ) );
#814 = ORIENTED_EDGE ( 'NONE', *, *, #1232, .F. ) ;
#815 = DIRECTION ( 'NONE',  ( 1.000000000000000000, -0.000000000000000000, 0.000000000000000000 ) ) ;
#816 = CARTESIAN_POINT ( 'NONE',  ( -114.8714931999999891, -3.174999999999999822, 11.02099878600000160 ) ) ;
#817 = ORIENTED_EDGE ( 'NONE', *, *, #1517, .T. ) ;
#818 = AXIS2_PLACEMENT_3D ( 'NONE', #837, #1313, #243 ) ;
#819 = FACE_OUTER_BOUND ( 'NONE', #83, .T. ) ;
#820 = APPLICATION_PROTOCOL_DEFINITION ( 'international standard', 'config_control_design', 1994, #709 ) ;
#821 = VECTOR ( 'NONE', #612, 1000.000000000000000 ) ;
#822 = ORIENTED_EDGE ( 'NONE', *, *, #961, .T. ) ;
#823 = DIRECTION ( 'NONE',  ( 1.000000000000000000, 0.000000000000000000, 0.000000000000000000 ) ) ;
#824 = ADVANCED_FACE ( 'NONE', ( #1144 ), #1267, .F. ) ;
#825 = CARTESIAN_POINT ( 'NONE',  ( -181.9829999999999757, 1.270000000000000240, 49.91099999999999426 ) ) ;
#826 = AXIS2_PLACEMENT_3D ( 'NONE', #1146, #317, #1043 ) ;
#827 = EDGE_LOOP ( 'NONE', ( #480, #579, #1387, #817 ) ) ;
#828 = AXIS2_PLACEMENT_3D ( 'NONE', #1281, #185, #681 ) ;
#829 = DIRECTION ( 'NONE',  ( -1.000000000000000000, 0.000000000000000000, 0.000000000000000000 ) ) ;
#830 = AXIS2_PLACEMENT_3D ( 'NONE', #1435, #348, #970 ) ;
#831 = COORDINATED_UNIVERSAL_TIME_OFFSET ( 5, 0, .BEHIND. ) ;
#832 = EDGE_LOOP ( 'NONE', ( #390, #708, #103, #186, #1131, #1541, #283, #483, #1301, #678, #1513, #757, #486, #1064, #418, #1297 ) ) ;
#833 = PLANE ( 'NONE',  #519 ) ;
#834 = CARTESIAN_POINT ( 'NONE',  ( -72.60649999999998272, -6.349999999999988987, -5.489001214000014173 ) ) ;
#835 = ORIENTED_EDGE ( 'NONE', *, *, #873, .T. ) ;
#836 = FACE_OUTER_BOUND ( 'NONE', #124, .T. ) ;
#837 = CARTESIAN_POINT ( 'NONE',  ( -72.60649999999998272, -6.349999999999988987, 6.020998786000000713 ) ) ;
#838 = CARTESIAN_POINT ( 'NONE',  ( -161.1629999999999825, -3.174999999999999822, 6.020998786000001601 ) ) ;
#839 = DIRECTION ( 'NONE',  ( -0.000000000000000000, 0.000000000000000000, 1.000000000000000000 ) ) ;
#840 = CARTESIAN_POINT ( 'NONE',  ( -155.5829999999999700, 2.269999999999994245, 3.809999999999999165 ) ) ;
#841 = EDGE_CURVE ( 'NONE', #314, #1509, #290, .T. ) ;
#842 = ORIENTED_EDGE ( 'NONE', *, *, #1241, .F. ) ;
#843 = CARTESIAN_POINT ( 'NONE',  ( -167.5764999999999816, 212.9456876847032731, 0.000000000000000000 ) ) ;
#844 = CIRCLE ( 'NONE', #996, 2.875000000000002665 ) ;
#845 = EDGE_CURVE ( 'NONE', #1418, #971, #1012, .T. ) ;
#846 = ORIENTED_EDGE ( 'NONE', *, *, #23, .T. ) ;
#847 = VECTOR ( 'NONE', #878, 1000.000000000000000 ) ;
#848 = CIRCLE ( 'NONE', #927, 2.875000000000002665 ) ;
#849 = DIRECTION ( 'NONE',  ( 1.000000000000000000, 0.000000000000000000, 0.000000000000000000 ) ) ;
#850 = CARTESIAN_POINT ( 'NONE',  ( -114.8714931999999891, 21.02656346635214391, 0.000000000000000000 ) ) ;
#851 = ORIENTED_EDGE ( 'NONE', *, *, #637, .T. ) ;
#852 = AXIS2_PLACEMENT_3D ( 'NONE', #767, #178, #544 ) ;
#853 = PLANE ( 'NONE',  #69 ) ;
#854 = VECTOR ( 'NONE', #954, 1000.000000000000000 ) ;
#855 = EDGE_CURVE ( 'NONE', #1482, #507, #1176, .T. ) ;
#856 = ORIENTED_EDGE ( 'NONE', *, *, #804, .F. ) ;
#857 = EDGE_CURVE ( 'NONE', #1113, #13, #416, .T. ) ;
#858 = CARTESIAN_POINT ( 'NONE',  ( -107.6064999999999827, -6.349999999999983658, 23.74892084735787634 ) ) ;
#859 = DIRECTION ( 'NONE',  ( -0.000000000000000000, -1.000000000000000000, -0.000000000000000000 ) ) ;
#860 = ORIENTED_EDGE ( 'NONE', *, *, #636, .F. ) ;
#861 = CARTESIAN_POINT ( 'NONE',  ( -12.63649999999999451, -12.69999999999998863, 11.02099878600000160 ) ) ;
#862 = ORIENTED_EDGE ( 'NONE', *, *, #1446, .F. ) ;
#863 = EDGE_CURVE ( 'NONE', #1343, #1040, #772, .T. ) ;
#864 = AXIS2_PLACEMENT_3D ( 'NONE', #630, #1452, #384 ) ;
#865 = DIRECTION ( 'NONE',  ( 0.000000000000000000, -1.000000000000000000, -0.000000000000000000 ) ) ;
#866 = EDGE_CURVE ( 'NONE', #1074, #937, #1017, .T. ) ;
#867 = EDGE_LOOP ( 'NONE', ( #459, #16, #1166, #860 ) ) ;
#868 = CARTESIAN_POINT ( 'NONE',  ( -167.5764999999999816, 0.000000000000000000, 0.000000000000000000 ) ) ;
#869 = APPROVAL_STATUS ( 'not_yet_approved' ) ;
#870 = VERTEX_POINT ( 'NONE', #1261 ) ;
#871 = CARTESIAN_POINT ( 'NONE',  ( -3.810000000000007603, 1.270000000000000018, 27.17000000000000881 ) ) ;
#872 = VECTOR ( 'NONE', #1526, 1000.000000000000000 ) ;
#873 = EDGE_CURVE ( 'NONE', #67, #55, #299, .T. ) ;
#874 = CLOSED_SHELL ( 'NONE', ( #824, #414, #1263, #1101, #386, #1488, #511, #73, #1130, #1362, #540, #254, #602, #360, #1148, #558, #973, #66, #328, #925, #54, #129, #1200, #1092, #225, #1138, #805, #1383, #942, #1328, #393, #30, #686, #589, #765, #513, #84, #1169, #56, #329, #657, #1346, #945, #32, #291, #375 ) ) ;
#875 = ORIENTED_EDGE ( 'NONE', *, *, #288, .F. ) ;
#876 = DIRECTION ( 'NONE',  ( 0.000000000000000000, -1.000000000000000000, 0.000000000000000000 ) ) ;
#877 = DIRECTION ( 'NONE',  ( 0.000000000000000000, 0.000000000000000000, -1.000000000000000000 ) ) ;
#878 = DIRECTION ( 'NONE',  ( -0.000000000000000000, -1.000000000000000000, -0.000000000000000000 ) ) ;
#879 = AXIS2_PLACEMENT_3D ( 'NONE', #1184, #677, #338 ) ;
#880 = VECTOR ( 'NONE', #728, 1000.000000000000000 ) ;
#881 = VERTEX_POINT ( 'NONE', #530 ) ;
#882 = LINE ( 'NONE', #46, #760 ) ;
#883 = ORIENTED_EDGE ( 'NONE', *, *, #1438, .F. ) ;
#884 = CARTESIAN_POINT ( 'NONE',  ( -114.8714931999999891, -12.69999999999999396, 0.000000000000000000 ) ) ;
#885 = DIRECTION ( 'NONE',  ( 1.000000000000000000, -0.000000000000000000, 0.000000000000000000 ) ) ;
#886 = VERTEX_POINT ( 'NONE', #172 ) ;
#887 = CARTESIAN_POINT ( 'NONE',  ( -192.9129999999999825, 4.445000000000000284, -5.489001213999997297 ) ) ;
#888 = ORIENTED_EDGE ( 'NONE', *, *, #1053, .F. ) ;
#889 = DIRECTION ( 'NONE',  ( -1.365923996832132842E-16, -0.000000000000000000, -1.000000000000000000 ) ) ;
#890 = VERTEX_POINT ( 'NONE', #1139 ) ;
#891 = DIRECTION ( 'NONE',  ( 1.000000000000000000, 0.000000000000000000, -6.103324382627934694E-17 ) ) ;
#892 = ORIENTED_EDGE ( 'NONE', *, *, #906, .T. ) ;
#893 = EDGE_CURVE ( 'NONE', #1069, #505, #1229, .T. ) ;
#894 = DIRECTION ( 'NONE',  ( 0.000000000000000000, -1.000000000000000000, 3.469446951953634305E-15 ) ) ;
#895 = ORIENTED_EDGE ( 'NONE', *, *, #845, .F. ) ;
#896 = CC_DESIGN_SECURITY_CLASSIFICATION ( #1195, ( #688 ) ) ;
#897 = DIRECTION ( 'NONE',  ( 0.000000000000000000, 1.000000000000000000, -0.000000000000000000 ) ) ;
#898 = ORIENTED_EDGE ( 'NONE', *, *, #39, .F. ) ;
#899 = VECTOR ( 'NONE', #447, 1000.000000000000000 ) ;
#900 = DIRECTION ( 'NONE',  ( -0.7071067811865492381, 0.000000000000000000, 0.7071067811865457964 ) ) ;
#901 = DIRECTION ( 'NONE',  ( 1.000000000000000000, 0.000000000000000000, 0.000000000000000000 ) ) ;
#902 = AXIS2_PLACEMENT_3D ( 'NONE', #444, #79, #934 ) ;
#903 = ORIENTED_EDGE ( 'NONE', *, *, #311, .F. ) ;
#904 = VECTOR ( 'NONE', #163, 1000.000000000000114 ) ;
#905 = CARTESIAN_POINT ( 'NONE',  ( 0.000000000000000000, 0.000000000000000000, 49.91099999999999426 ) ) ;
#906 = EDGE_CURVE ( 'NONE', #90, #1074, #547, .T. ) ;
#907 = EDGE_LOOP ( 'NONE', ( #38, #1406, #720, #300 ) ) ;
#908 = DIRECTION ( 'NONE',  ( 0.000000000000000000, -1.000000000000000000, 0.000000000000000000 ) ) ;
#909 = CARTESIAN_POINT ( 'NONE',  ( -121.8564932000000027, -12.69999999999999396, 0.2259987859999958160 ) ) ;
#910 = CYLINDRICAL_SURFACE ( 'NONE', #369, 2.875000000000002665 ) ;
#911 = DESIGN_CONTEXT ( 'detailed design', #1194, 'design' ) ;
#912 = EDGE_CURVE ( 'NONE', #1467, #159, #1162, .T. ) ;
#913 = VERTEX_POINT ( 'NONE', #272 ) ;
#914 = VECTOR ( 'NONE', #19, 1000.000000000000000 ) ;
#915 = EDGE_LOOP ( 'NONE', ( #922, #228, #1340, #140 ) ) ;
#916 = EDGE_CURVE ( 'NONE', #1439, #890, #326, .T. ) ;
#917 = CARTESIAN_POINT ( 'NONE',  ( -161.1629999999999825, 1.270000000000000018, -1.770000000000002016 ) ) ;
#918 = CARTESIAN_POINT ( 'NONE',  ( -12.63649999999999451, 212.9456876847032731, 11.02099878600000160 ) ) ;
#919 = CARTESIAN_POINT ( 'NONE',  ( -72.60649999999998272, -6.349999999999988987, 6.020998786000000713 ) ) ;
#920 = ORIENTED_EDGE ( 'NONE', *, *, #1528, .T. ) ;
#921 = CARTESIAN_POINT ( 'NONE',  ( 0.000000000000000000, 0.000000000000000000, 49.91099999999999426 ) ) ;
#922 = ORIENTED_EDGE ( 'NONE', *, *, #1083, .T. ) ;
#923 = DIRECTION ( 'NONE',  ( 0.7071067811865474617, -0.000000000000000000, -0.7071067811865474617 ) ) ;
#924 = EDGE_CURVE ( 'NONE', #965, #559, #1496, .T. ) ;
#925 = ADVANCED_FACE ( 'NONE', ( #1385 ), #301, .T. ) ;
#926 = CARTESIAN_POINT ( 'NONE',  ( 1.769999999999993356, 2.269999999999994245, -1.770000000000002016 ) ) ;
#927 = AXIS2_PLACEMENT_3D ( 'NONE', #1518, #699, #81 ) ;
#928 = CARTESIAN_POINT ( 'NONE',  ( -181.9829999999999757, 2.269999999999994245, 21.58999999999998209 ) ) ;
#929 = VERTEX_POINT ( 'NONE', #1269 ) ;
#930 = VECTOR ( 'NONE', #1136, 1000.000000000000000 ) ;
#931 = VECTOR ( 'NONE', #471, 1000.000000000000000 ) ;
#932 = LINE ( 'NONE', #85, #417 ) ;
#933 = ORIENTED_EDGE ( 'NONE', *, *, #725, .T. ) ;
#934 = DIRECTION ( 'NONE',  ( 1.000000000000000000, 0.000000000000000000, -1.365923996832132842E-16 ) ) ;
#935 = CARTESIAN_POINT ( 'NONE',  ( 12.69999999999998863, 4.445000000000000284, -5.489001213999997297 ) ) ;
#936 = CALENDAR_DATE ( 2026, 26, 5 ) ;
#937 = VERTEX_POINT ( 'NONE', #181 ) ;
#938 = CARTESIAN_POINT ( 'NONE',  ( -176.4029999999999632, -1.208654451933713058E-15, 49.91099999999999426 ) ) ;
#939 = DIRECTION ( 'NONE',  ( -1.000000000000000000, 0.000000000000000000, 1.927470528863117569E-16 ) ) ;
#940 = ORIENTED_EDGE ( 'NONE', *, *, #1475, .T. ) ;
#941 = CARTESIAN_POINT ( 'NONE',  ( -167.5764999999999816, -12.69999999999998863, 11.02099878600000160 ) ) ;
#942 = ADVANCED_FACE ( 'NONE', ( #672 ), #663, .F. ) ;
#943 =( NAMED_UNIT ( * ) SI_UNIT ( $, .STERADIAN. ) SOLID_ANGLE_UNIT ( ) );
#944 = CC_DESIGN_PERSON_AND_ORGANIZATION_ASSIGNMENT ( #1085, #388, ( #688 ) ) ;
#945 = ADVANCED_FACE ( 'NONE', ( #174 ), #1399, .F. ) ;
#946 = EDGE_LOOP ( 'NONE', ( #337, #1188, #529, #293 ) ) ;
#947 = CARTESIAN_POINT ( 'NONE',  ( -176.4029999999999632, 0.000000000000000000, 51.18099999999999739 ) ) ;
#948 = DIRECTION ( 'NONE',  ( 1.000000000000000000, 0.000000000000000000, 0.000000000000000000 ) ) ;
#949 = ORIENTED_EDGE ( 'NONE', *, *, #322, .F. ) ;
#950 = CARTESIAN_POINT ( 'NONE',  ( -121.8564932000000027, 21.02656346635214391, 0.2259987859999958160 ) ) ;
#951 = PERSON_AND_ORGANIZATION_ROLE ( 'creator' ) ;
#952 = VECTOR ( 'NONE', #42, 1000.000000000000000 ) ;
#953 = ORIENTED_EDGE ( 'NONE', *, *, #1438, .T. ) ;
#954 = DIRECTION ( 'NONE',  ( 0.000000000000000000, 1.000000000000000000, -0.000000000000000000 ) ) ;
#955 = FACE_OUTER_BOUND ( 'NONE', #1502, .T. ) ;
#956 = VECTOR ( 'NONE', #1089, 1000.000000000000000 ) ;
#957 = VERTEX_POINT ( 'NONE', #1407 ) ;
#958 = DIRECTION ( 'NONE',  ( -1.000000000000000000, -1.369347365245245551E-16, 0.000000000000000000 ) ) ;
#959 = AXIS2_PLACEMENT_3D ( 'NONE', #585, #1179, #12 ) ;
#960 = CARTESIAN_POINT ( 'NONE',  ( -114.8714931999999891, 0.000000000000000000, -0.000000000000000000 ) ) ;
#961 = EDGE_CURVE ( 'NONE', #1443, #67, #71, .T. ) ;
#962 = CARTESIAN_POINT ( 'NONE',  ( 12.69999999999998863, 0.000000000000000000, 51.18099999999999739 ) ) ;
#963 = DIRECTION ( 'NONE',  ( 0.000000000000000000, 0.000000000000000000, 1.000000000000000000 ) ) ;
#964 = EDGE_CURVE ( 'NONE', #507, #1391, #309, .T. ) ;
#965 = VERTEX_POINT ( 'NONE', #679 ) ;
#966 = FACE_BOUND ( 'NONE', #1260, .T. ) ;
#967 = LINE ( 'NONE', #1417, #1298 ) ;
#968 = ORIENTED_EDGE ( 'NONE', *, *, #855, .F. ) ;
#969 = CARTESIAN_POINT ( 'NONE',  ( -72.60649999999998272, -6.349999999999988987, 11.02099878599999805 ) ) ;
#970 = DIRECTION ( 'NONE',  ( 0.000000000000000000, -0.000000000000000000, -1.000000000000000000 ) ) ;
#971 = VERTEX_POINT ( 'NONE', #1287 ) ;
#972 = CARTESIAN_POINT ( 'NONE',  ( -161.1629999999999825, 2.269999999999994245, -1.770000000000002016 ) ) ;
#973 = ADVANCED_FACE ( 'NONE', ( #1516, #199, #1278 ), #1155, .F. ) ;
#974 = APPROVAL_ROLE ( '' ) ;
#975 = EDGE_CURVE ( 'NONE', #468, #251, #555, .T. ) ;
#976 = EDGE_LOOP ( 'NONE', ( #801, #1078, #189, #1196, #550, #1472, #1109, #791, #807, #1054, #510, #531, #1011, #316, #1226, #136, #202, #35, #1051, #1032, #1422, #120 ) ) ;
#977 = FACE_OUTER_BOUND ( 'NONE', #1161, .T. ) ;
#978 = VECTOR ( 'NONE', #1377, 1000.000000000000000 ) ;
#979 = CYLINDRICAL_SURFACE ( 'NONE', #1521, 4.500000000000003553 ) ;
#980 = DIRECTION ( 'NONE',  ( 0.000000000000000000, 1.000000000000000000, 0.000000000000000000 ) ) ;
#981 = ORIENTED_EDGE ( 'NONE', *, *, #924, .F. ) ;
#982 = VECTOR ( 'NONE', #62, 1000.000000000000000 ) ;
#983 = CARTESIAN_POINT ( 'NONE',  ( 0.000000000000000000, 0.000000000000000000, 49.91100000000001558 ) ) ;
#984 = VECTOR ( 'NONE', #675, 1000.000000000000000 ) ;
#985 = DATE_AND_TIME ( #1476, #739 ) ;
#986 = VERTEX_POINT ( 'NONE', #1510 ) ;
#987 = LINE ( 'NONE', #260, #956 ) ;
#988 = ORIENTED_EDGE ( 'NONE', *, *, #1446, .T. ) ;
#989 = CARTESIAN_POINT ( 'NONE',  ( -192.9129999999999825, -12.69999999999998863, -5.489001213999998185 ) ) ;
#990 = LINE ( 'NONE', #134, #542 ) ;
#991 = EDGE_CURVE ( 'NONE', #726, #777, #1239, .T. ) ;
#992 = CARTESIAN_POINT ( 'NONE',  ( 1.769999999999993356, 0.000000000000000000, 0.000000000000000000 ) ) ;
#993 = VERTEX_POINT ( 'NONE', #685 ) ;
#994 = LINE ( 'NONE', #884, #214 ) ;
#995 = DIRECTION ( 'NONE',  ( 0.000000000000000000, 0.000000000000000000, -1.000000000000000000 ) ) ;
#996 = AXIS2_PLACEMENT_3D ( 'NONE', #565, #1543, #119 ) ;
#997 = VERTEX_POINT ( 'NONE', #1170 ) ;
#998 = CARTESIAN_POINT ( 'NONE',  ( -104.7314999999999827, -6.349999999999983658, 6.020998786000000713 ) ) ;
#999 = VERTEX_POINT ( 'NONE', #509 ) ;
#1000 = CARTESIAN_POINT ( 'NONE',  ( -121.8564932000000027, -12.69999999999999396, 7.210998785999993110 ) ) ;
#1001 = CIRCLE ( 'NONE', #864, 4.500000000000003553 ) ;
#1002 = AXIS2_PLACEMENT_3D ( 'NONE', #1390, #1055, #553 ) ;
#1003 = CARTESIAN_POINT ( 'NONE',  ( -103.1064999999999827, -6.349999999999982769, -5.489001214000009732 ) ) ;
#1004 = VECTOR ( 'NONE', #432, 1000.000000000000000 ) ;
#1005 = CARTESIAN_POINT ( 'NONE',  ( 0.000000000000000000, 0.000000000000000000, 51.18099999999999739 ) ) ;
#1006 = ORIENTED_EDGE ( 'NONE', *, *, #105, .F. ) ;
#1007 = CARTESIAN_POINT ( 'NONE',  ( -24.63000000000004164, 4.445000000000000284, 3.809999999999991172 ) ) ;
#1008 = ORIENTED_EDGE ( 'NONE', *, *, #1033, .F. ) ;
#1009 = CARTESIAN_POINT ( 'NONE',  ( -65.34150679999999056, -12.69999999999999396, 11.02099878600000160 ) ) ;
#1010 = FACE_OUTER_BOUND ( 'NONE', #692, .T. ) ;
#1011 = ORIENTED_EDGE ( 'NONE', *, *, #866, .F. ) ;
#1012 = LINE ( 'NONE', #1493, #930 ) ;
#1013 = EDGE_LOOP ( 'NONE', ( #1293, #851, #442, #700, #892, #773 ) ) ;
#1014 = DIRECTION ( 'NONE',  ( 0.000000000000000000, -1.000000000000000000, -0.000000000000000000 ) ) ;
#1015 = CARTESIAN_POINT ( 'NONE',  ( -51.37150680000000591, 0.000000000000000000, 11.02099878600000160 ) ) ;
#1016 = EDGE_LOOP ( 'NONE', ( #949, #433, #1430, #99 ) ) ;
#1017 = LINE ( 'NONE', #905, #267 ) ;
#1018 = ORIENTED_EDGE ( 'NONE', *, *, #404, .T. ) ;
#1019 = DIRECTION ( 'NONE',  ( -0.000000000000000000, -0.000000000000000000, -1.000000000000000000 ) ) ;
#1020 = AXIS2_PLACEMENT_3D ( 'NONE', #1400, #564, #1511 ) ;
#1021 = DIRECTION ( 'NONE',  ( -1.000000000000000000, 0.000000000000000000, 0.000000000000000000 ) ) ;
#1022 = ORIENTED_EDGE ( 'NONE', *, *, #975, .T. ) ;
#1023 = FACE_OUTER_BOUND ( 'NONE', #676, .T. ) ;
#1024 = AXIS2_PLACEMENT_3D ( 'NONE', #800, #815, #197 ) ;
#1025 = EDGE_CURVE ( 'NONE', #28, #468, #1466, .T. ) ;
#1026 = ORIENTED_EDGE ( 'NONE', *, *, #1428, .T. ) ;
#1027 = DIRECTION ( 'NONE',  ( -1.000000000000000000, 2.916201808798666708E-16, 0.000000000000000000 ) ) ;
#1028 = ORIENTED_EDGE ( 'NONE', *, *, #244, .F. ) ;
#1029 = CARTESIAN_POINT ( 'NONE',  ( -161.1629999999999825, 0.000000000000000000, 11.02099878600000160 ) ) ;
#1030 = CARTESIAN_POINT ( 'NONE',  ( 1.769999999999993356, 0.000000000000000000, 49.91099999999999426 ) ) ;
#1031 = LINE ( 'NONE', #412, #1258 ) ;
#1032 = ORIENTED_EDGE ( 'NONE', *, *, #808, .F. ) ;
#1033 = EDGE_CURVE ( 'NONE', #913, #251, #1354, .T. ) ;
#1034 = LINE ( 'NONE', #567, #192 ) ;
#1035 = ORIENTED_EDGE ( 'NONE', *, *, #231, .F. ) ;
#1036 = DIRECTION ( 'NONE',  ( -1.000000000000000000, 0.000000000000000000, 0.000000000000000000 ) ) ;
#1037 = PRODUCT_DEFINITION_SHAPE ( 'NONE', 'NONE',  #1221 ) ;
#1038 = DIRECTION ( 'NONE',  ( -1.000000000000000000, 0.000000000000000000, 0.000000000000000000 ) ) ;
#1039 = LINE ( 'NONE', #928, #572 ) ;
#1040 = VERTEX_POINT ( 'NONE', #108 ) ;
#1041 = DIRECTION ( 'NONE',  ( -0.000000000000000000, 0.000000000000000000, 1.000000000000000000 ) ) ;
#1042 = ORIENTED_EDGE ( 'NONE', *, *, #636, .T. ) ;
#1043 = DIRECTION ( 'NONE',  ( 0.000000000000000000, -1.000000000000000000, 0.000000000000000000 ) ) ;
#1044 = CARTESIAN_POINT ( 'NONE',  ( -69.73149999999996851, -6.349999999999988987, 51.18100000000001160 ) ) ;
#1045 = CARTESIAN_POINT ( 'NONE',  ( -3.810000000000007603, 0.000000000000000000, 49.91099999999999426 ) ) ;
#1046 = ORIENTED_EDGE ( 'NONE', *, *, #1025, .T. ) ;
#1047 = VECTOR ( 'NONE', #1036, 1000.000000000000000 ) ;
#1048 = VECTOR ( 'NONE', #549, 1000.000000000000000 ) ;
#1049 = DIRECTION ( 'NONE',  ( 0.7071067811865474617, -0.000000000000000000, -0.7071067811865474617 ) ) ;
#1050 = CARTESIAN_POINT ( 'NONE',  ( 12.69999999999998508, 2.269999999999994245, 51.18099999999999739 ) ) ;
#1051 = ORIENTED_EDGE ( 'NONE', *, *, #1096, .F. ) ;
#1052 = CARTESIAN_POINT ( 'NONE',  ( -121.8564932000000027, 21.02656346635214391, 7.210998785999993110 ) ) ;
#1053 = EDGE_CURVE ( 'NONE', #110, #571, #932, .T. ) ;
#1054 = ORIENTED_EDGE ( 'NONE', *, *, #1187, .F. ) ;
#1055 = DIRECTION ( 'NONE',  ( -1.365923996832132842E-16, -0.000000000000000000, -1.000000000000000000 ) ) ;
#1056 = LINE ( 'NONE', #230, #473 ) ;
#1057 = ORIENTED_EDGE ( 'NONE', *, *, #156, .T. ) ;
#1058 = CARTESIAN_POINT ( 'NONE',  ( 1.769999999999993356, 1.270000000000000240, 49.91099999999999426 ) ) ;
#1059 = DATE_AND_TIME ( #936, #63 ) ;
#1060 = ORIENTED_EDGE ( 'NONE', *, *, #744, .F. ) ;
#1061 = CARTESIAN_POINT ( 'NONE',  ( -167.5764999999999816, 0.000000000000000000, 11.02099878600000160 ) ) ;
#1062 = DIRECTION ( 'NONE',  ( 0.000000000000000000, 0.000000000000000000, 1.000000000000000000 ) ) ;
#1063 = VECTOR ( 'NONE', #707, 1000.000000000000000 ) ;
#1064 = ORIENTED_EDGE ( 'NONE', *, *, #194, .F. ) ;
#1065 = CARTESIAN_POINT ( 'NONE',  ( -192.9129999999999825, 4.445000000000000284, 49.91100000000001558 ) ) ;
#1066 = CARTESIAN_POINT ( 'NONE',  ( -65.34150679999999056, 0.000000000000000000, 11.02099878600000160 ) ) ;
#1067 = EDGE_CURVE ( 'NONE', #159, #999, #1153, .T. ) ;
#1068 = AXIS2_PLACEMENT_3D ( 'NONE', #1065, #1189, #250 ) ;
#1069 = VERTEX_POINT ( 'NONE', #188 ) ;
#1070 = CIRCLE ( 'NONE', #595, 4.500000000000003553 ) ;
#1071 = LINE ( 'NONE', #122, #219 ) ;
#1072 = LINE ( 'NONE', #702, #75 ) ;
#1073 = CIRCLE ( 'NONE', #799, 6.984999999999997655 ) ;
#1074 = VERTEX_POINT ( 'NONE', #938 ) ;
#1075 = FACE_OUTER_BOUND ( 'NONE', #1243, .T. ) ;
#1076 = CIRCLE ( 'NONE', #552, 4.500000000000003553 ) ;
#1077 = DIRECTION ( 'NONE',  ( 0.000000000000000000, -1.000000000000000000, 0.000000000000000000 ) ) ;
#1078 = ORIENTED_EDGE ( 'NONE', *, *, #627, .T. ) ;
#1079 = FACE_OUTER_BOUND ( 'NONE', #298, .T. ) ;
#1080 = EDGE_CURVE ( 'NONE', #216, #90, #1292, .T. ) ;
#1081 = DIRECTION ( 'NONE',  ( 6.122193184454189221E-17, 0.000000000000000000, -1.000000000000000000 ) ) ;
#1082 = ORIENTED_EDGE ( 'NONE', *, *, #1096, .T. ) ;
#1083 = EDGE_CURVE ( 'NONE', #870, #423, #1514, .T. ) ;
#1084 = CARTESIAN_POINT ( 'NONE',  ( -68.10649999999996851, -6.349999999999988098, 6.020998786000000713 ) ) ;
#1085 = PERSON_AND_ORGANIZATION ( #1329, #588 ) ;
#1086 = ORIENTED_EDGE ( 'NONE', *, *, #551, .F. ) ;
#1087 = PLANE ( 'NONE',  #770 ) ;
#1088 = CARTESIAN_POINT ( 'NONE',  ( -104.7314999999999827, -6.349999999999983658, 51.18100000000001870 ) ) ;
#1089 = DIRECTION ( 'NONE',  ( -0.000000000000000000, -1.000000000000000000, -0.000000000000000000 ) ) ;
#1090 = ORIENTED_EDGE ( 'NONE', *, *, #462, .T. ) ;
#1091 = CARTESIAN_POINT ( 'NONE',  ( -181.9829999999999757, 2.269999999999994245, 21.58999999999998209 ) ) ;
#1092 = ADVANCED_FACE ( 'NONE', ( #584 ), #465, .F. ) ;
#1093 = FACE_BOUND ( 'NONE', #1208, .T. ) ;
#1094 = VECTOR ( 'NONE', #368, 1000.000000000000000 ) ;
#1095 = PLANE ( 'NONE',  #302 ) ;
#1096 = EDGE_CURVE ( 'NONE', #1143, #285, #621, .T. ) ;
#1097 = ORIENTED_EDGE ( 'NONE', *, *, #1419, .T. ) ;
#1098 = VECTOR ( 'NONE', #535, 1000.000000000000000 ) ;
#1099 = DIRECTION ( 'NONE',  ( 1.000000000000000000, 0.000000000000000000, 0.000000000000000000 ) ) ;
#1100 = VECTOR ( 'NONE', #1434, 1000.000000000000000 ) ;
#1101 = ADVANCED_FACE ( 'NONE', ( #576 ), #1299, .F. ) ;
#1102 = CARTESIAN_POINT ( 'NONE',  ( -12.63649999999999451, 0.000000000000000000, 51.18099999999999739 ) ) ;
#1103 = DIRECTION ( 'NONE',  ( 0.000000000000000000, 0.000000000000000000, -1.000000000000000000 ) ) ;
#1104 = ORIENTED_EDGE ( 'NONE', *, *, #893, .F. ) ;
#1105 = LINE ( 'NONE', #387, #665 ) ;
#1106 = VECTOR ( 'NONE', #889, 1000.000000000000000 ) ;
#1107 = EDGE_CURVE ( 'NONE', #571, #1485, #1034, .T. ) ;
#1108 = CARTESIAN_POINT ( 'NONE',  ( -121.8564932000000027, 21.02656346635214391, 7.210998785999993110 ) ) ;
#1109 = ORIENTED_EDGE ( 'NONE', *, *, #1129, .F. ) ;
#1110 = LINE ( 'NONE', #271, #1277 ) ;
#1111 = PLANE ( 'NONE',  #94 ) ;
#1112 = AXIS2_PLACEMENT_3D ( 'NONE', #1320, #1190, #1410 ) ;
#1113 = VERTEX_POINT ( 'NONE', #1061 ) ;
#1114 = CARTESIAN_POINT ( 'NONE',  ( -10.41000000000002501, 1.270000000000000018, -10.41000000000002501 ) ) ;
#1115 = EDGE_CURVE ( 'NONE', #55, #45, #1530, .T. ) ;
#1116 = ORIENTED_EDGE ( 'NONE', *, *, #278, .T. ) ;
#1117 = LINE ( 'NONE', #758, #1504 ) ;
#1118 = VECTOR ( 'NONE', #1240, 1000.000000000000000 ) ;
#1119 = VECTOR ( 'NONE', #1147, 1000.000000000000000 ) ;
#1120 = EDGE_LOOP ( 'NONE', ( #61, #763 ) ) ;
#1121 = AXIS2_PLACEMENT_3D ( 'NONE', #689, #580, #556 ) ;
#1122 = AXIS2_PLACEMENT_3D ( 'NONE', #1486, #654, #1128 ) ;
#1123 = FACE_OUTER_BOUND ( 'NONE', #697, .T. ) ;
#1124 = VECTOR ( 'NONE', #74, 1000.000000000000000 ) ;
#1125 = ORIENTED_EDGE ( 'NONE', *, *, #1442, .T. ) ;
#1126 = LINE ( 'NONE', #962, #854 ) ;
#1127 = ORIENTED_EDGE ( 'NONE', *, *, #526, .F. ) ;
#1128 = DIRECTION ( 'NONE',  ( 0.000000000000000000, 0.000000000000000000, -1.000000000000000000 ) ) ;
#1129 = EDGE_CURVE ( 'NONE', #881, #999, #1420, .T. ) ;
#1130 = ADVANCED_FACE ( 'NONE', ( #1538 ), #307, .T. ) ;
#1131 = ORIENTED_EDGE ( 'NONE', *, *, #475, .T. ) ;
#1132 = LINE ( 'NONE', #335, #242 ) ;
#1133 = ORIENTED_EDGE ( 'NONE', *, *, #1471, .F. ) ;
#1134 = DIRECTION ( 'NONE',  ( 0.000000000000000000, 1.000000000000000000, 0.000000000000000000 ) ) ;
#1135 = ORIENTED_EDGE ( 'NONE', *, *, #105, .T. ) ;
#1136 = DIRECTION ( 'NONE',  ( -1.365923996832133088E-16, -0.000000000000000000, -1.000000000000000000 ) ) ;
#1137 = VERTEX_POINT ( 'NONE', #91 ) ;
#1138 = ADVANCED_FACE ( 'NONE', ( #701 ), #332, .F. ) ;
#1139 = CARTESIAN_POINT ( 'NONE',  ( 12.69999999999998153, 2.269999999999994245, 51.18099999999999739 ) ) ;
#1140 = LINE ( 'NONE', #50, #287 ) ;
#1141 = EDGE_CURVE ( 'NONE', #216, #198, #1275, .T. ) ;
#1142 = PLANE ( 'NONE',  #698 ) ;
#1143 = VERTEX_POINT ( 'NONE', #670 ) ;
#1144 = FACE_OUTER_BOUND ( 'NONE', #1480, .T. ) ;
#1145 = VERTEX_POINT ( 'NONE', #457 ) ;
#1146 = CARTESIAN_POINT ( 'NONE',  ( -19.05000000000001137, 4.445000000000000284, -1.770000000000038431 ) ) ;
#1147 = DIRECTION ( 'NONE',  ( -0.000000000000000000, -1.000000000000000000, -0.000000000000000000 ) ) ;
#1148 = ADVANCED_FACE ( 'NONE', ( #324 ), #1396, .F. ) ;
#1149 = CARTESIAN_POINT ( 'NONE',  ( -12.63649999999999451, -12.69999999999998863, 11.02099878600000160 ) ) ;
#1150 = VECTOR ( 'NONE', #923, 1000.000000000000114 ) ;
#1151 = ORIENTED_EDGE ( 'NONE', *, *, #776, .F. ) ;
#1152 = VECTOR ( 'NONE', #719, 1000.000000000000000 ) ;
#1153 = LINE ( 'NONE', #1168, #2 ) ;
#1154 = EDGE_LOOP ( 'NONE', ( #655, #734, #262, #768 ) ) ;
#1155 = PLANE ( 'NONE',  #902 ) ;
#1156 = CARTESIAN_POINT ( 'NONE',  ( -114.8714932000000033, 21.02656346635214391, 7.210998785999993999 ) ) ;
#1157 = CARTESIAN_POINT ( 'NONE',  ( -161.1629999999999825, -3.174999999999999822, 6.020998786000001601 ) ) ;
#1158 = EDGE_LOOP ( 'NONE', ( #1411, #862, #346, #1286 ) ) ;
#1159 = EDGE_CURVE ( 'NONE', #276, #993, #569, .T. ) ;
#1160 = DIRECTION ( 'NONE',  ( -1.000000000000000000, -7.332769396067994153E-15, 0.000000000000000000 ) ) ;
#1161 = EDGE_LOOP ( 'NONE', ( #196, #1515, #1522, #981 ) ) ;
#1162 = LINE ( 'NONE', #1029, #721 ) ;
#1163 = DIRECTION ( 'NONE',  ( 1.000000000000000000, 0.000000000000000000, 0.000000000000000000 ) ) ;
#1164 = CARTESIAN_POINT ( 'NONE',  ( -51.37150679999999170, -12.69999999999999396, 7.210998786000001104 ) ) ;
#1165 = EDGE_CURVE ( 'NONE', #1069, #314, #518, .T. ) ;
#1166 = ORIENTED_EDGE ( 'NONE', *, *, #1401, .F. ) ;
#1167 = CIRCLE ( 'NONE', #1112, 2.875000000000002665 ) ;
#1168 = CARTESIAN_POINT ( 'NONE',  ( -12.63649999999999451, 0.000000000000000000, 0.000000000000000000 ) ) ;
#1169 = ADVANCED_FACE ( 'NONE', ( #1079 ), #1338, .F. ) ;
#1170 = CARTESIAN_POINT ( 'NONE',  ( -3.810000000000007603, 2.269999999999994245, 27.17000000000000881 ) ) ;
#1171 = ORIENTED_EDGE ( 'NONE', *, *, #792, .T. ) ;
#1172 = DIRECTION ( 'NONE',  ( -0.000000000000000000, 0.000000000000000000, 1.000000000000000000 ) ) ;
#1173 = VECTOR ( 'NONE', #722, 1000.000000000000000 ) ;
#1174 = LINE ( 'NONE', #8, #1063 ) ;
#1175 = ORIENTED_EDGE ( 'NONE', *, *, #1319, .F. ) ;
#1176 = CIRCLE ( 'NONE', #852, 6.984999999999998543 ) ;
#1177 = CIRCLE ( 'NONE', #1453, 2.875000000000002665 ) ;
#1178 = CARTESIAN_POINT ( 'NONE',  ( -176.4029999999999632, 2.269999999999994245, 51.18099999999999739 ) ) ;
#1179 = DIRECTION ( 'NONE',  ( 0.000000000000000000, -1.000000000000000000, -0.000000000000000000 ) ) ;
#1180 = EDGE_LOOP ( 'NONE', ( #1104, #355, #1464, #631, #784, #394, #171, #583, #651, #798, #1295, #729, #1372, #1336, #554, #988, #1175, #407 ) ) ;
#1181 = CARTESIAN_POINT ( 'NONE',  ( -155.5829999999999700, 1.270000000000000018, 3.809999999999999165 ) ) ;
#1182 = CARTESIAN_POINT ( 'NONE',  ( -58.35650679999998403, 0.000000000000000000, 0.2259987860000027549 ) ) ;
#1183 = ORIENTED_EDGE ( 'NONE', *, *, #716, .F. ) ;
#1184 = CARTESIAN_POINT ( 'NONE',  ( 0.000000000000000000, 0.000000000000000000, 49.91099999999999426 ) ) ;
#1185 = CARTESIAN_POINT ( 'NONE',  ( -68.10649999999996851, -6.349999999999988098, -5.489001214000015061 ) ) ;
#1186 = VECTOR ( 'NONE', #1103, 1000.000000000000000 ) ;
#1187 = EDGE_CURVE ( 'NONE', #566, #452, #1242, .T. ) ;
#1188 = ORIENTED_EDGE ( 'NONE', *, *, #1371, .F. ) ;
#1189 = DIRECTION ( 'NONE',  ( 1.000000000000000000, -0.000000000000000000, 0.000000000000000000 ) ) ;
#1190 = DIRECTION ( 'NONE',  ( 0.000000000000000000, -0.000000000000000000, -1.000000000000000000 ) ) ;
#1191 = ORIENTED_EDGE ( 'NONE', *, *, #893, .T. ) ;
#1192 = CARTESIAN_POINT ( 'NONE',  ( 1.769999999999993356, 0.000000000000000000, -1.269999999999996909 ) ) ;
#1193 = PLANE ( 'NONE',  #959 ) ;
#1194 = APPLICATION_CONTEXT ( 'configuration controlled 3d designs of mechanical parts and assemblies' ) ;
#1195 = SECURITY_CLASSIFICATION ( '', '', #1348 ) ;
#1196 = ORIENTED_EDGE ( 'NONE', *, *, #753, .T. ) ;
#1197 = CARTESIAN_POINT ( 'NONE',  ( -12.63649999999999451, 0.000000000000000000, 11.02099878600000160 ) ) ;
#1198 = CARTESIAN_POINT ( 'NONE',  ( 12.69999999999998863, -12.69999999999998863, 51.18099999999999739 ) ) ;
#1199 = VECTOR ( 'NONE', #421, 1000.000000000000000 ) ;
#1200 = ADVANCED_FACE ( 'NONE', ( #481 ), #833, .T. ) ;
#1201 = EDGE_CURVE ( 'NONE', #886, #1145, #695, .T. ) ;
#1202 = ORIENTED_EDGE ( 'NONE', *, *, #148, .T. ) ;
#1203 = VECTOR ( 'NONE', #891, 1000.000000000000000 ) ;
#1204 = LINE ( 'NONE', #353, #446 ) ;
#1205 = AXIS2_PLACEMENT_3D ( 'NONE', #155, #113, #1315 ) ;
#1206 = DIRECTION ( 'NONE',  ( -1.000000000000000000, 0.000000000000000000, 0.000000000000000000 ) ) ;
#1207 = VECTOR ( 'NONE', #592, 1000.000000000000000 ) ;
#1208 = EDGE_LOOP ( 'NONE', ( #1327, #334 ) ) ;
#1209 = DIRECTION ( 'NONE',  ( -0.000000000000000000, 0.000000000000000000, 1.000000000000000000 ) ) ;
#1210 = ORIENTED_EDGE ( 'NONE', *, *, #866, .T. ) ;
#1211 = DIRECTION ( 'NONE',  ( 0.000000000000000000, -1.000000000000000000, 0.000000000000000000 ) ) ;
#1212 = FACE_OUTER_BOUND ( 'NONE', #145, .T. ) ;
#1213 = DIRECTION ( 'NONE',  ( -9.933992704233679052E-16, 0.000000000000000000, 1.000000000000000000 ) ) ;
#1214 = EDGE_CURVE ( 'NONE', #281, #70, #723, .T. ) ;
#1215 = ORIENTED_EDGE ( 'NONE', *, *, #235, .F. ) ;
#1216 = LINE ( 'NONE', #587, #492 ) ;
#1217 = PERSON_AND_ORGANIZATION ( #1329, #588 ) ;
#1218 = ORIENTED_EDGE ( 'NONE', *, *, #261, .F. ) ;
#1219 = EDGE_CURVE ( 'NONE', #1418, #373, #1177, .T. ) ;
#1220 = FACE_OUTER_BOUND ( 'NONE', #653, .T. ) ;
#1221 = PRODUCT_DEFINITION ( 'UNKNOWN', '', #688, #911 ) ;
#1222 = EDGE_CURVE ( 'NONE', #331, #110, #474, .T. ) ;
#1223 = ORIENTED_EDGE ( 'NONE', *, *, #961, .F. ) ;
#1224 = CARTESIAN_POINT ( 'NONE',  ( -181.9829999999999757, 1.270000000000000018, 21.58999999999998565 ) ) ;
#1225 = CC_DESIGN_APPROVAL ( #424, ( #1221 ) ) ;
#1226 = ORIENTED_EDGE ( 'NONE', *, *, #148, .F. ) ;
#1227 = CARTESIAN_POINT ( 'NONE',  ( -51.37150679999998459, 0.000000000000000000, -5.103241737566907311E-14 ) ) ;
#1228 = ORIENTED_EDGE ( 'NONE', *, *, #524, .T. ) ;
#1229 = CIRCLE ( 'NONE', #292, 6.984999999999998543 ) ;
#1230 = DIRECTION ( 'NONE',  ( 0.000000000000000000, 0.000000000000000000, 1.000000000000000000 ) ) ;
#1231 = SHAPE_DEFINITION_REPRESENTATION ( #1037, #501 ) ;
#1232 = EDGE_CURVE ( 'NONE', #126, #427, #623, .T. ) ;
#1233 = VECTOR ( 'NONE', #183, 1000.000000000000000 ) ;
#1234 = CARTESIAN_POINT ( 'NONE',  ( -128.8414932000000022, 0.000000000000000000, 11.02099878600000160 ) ) ;
#1235 = CYLINDRICAL_SURFACE ( 'NONE', #746, 6.984999999999997655 ) ;
#1236 = ORIENTED_EDGE ( 'NONE', *, *, #1307, .T. ) ;
#1237 = CARTESIAN_POINT ( 'NONE',  ( -176.4029999999999632, 2.269999999999994245, 51.18099999999999739 ) ) ;
#1238 = APPROVAL_DATE_TIME ( #731, #1361 ) ;
#1239 = LINE ( 'NONE', #205, #1150 ) ;
#1240 = DIRECTION ( 'NONE',  ( -1.365923996832133088E-16, -0.000000000000000000, -1.000000000000000000 ) ) ;
#1241 = EDGE_CURVE ( 'NONE', #1040, #782, #1365, .T. ) ;
#1242 = LINE ( 'NONE', #1192, #1376 ) ;
#1243 = EDGE_LOOP ( 'NONE', ( #308, #1389, #648, #766 ) ) ;
#1244 = LINE ( 'NONE', #34, #1106 ) ;
#1245 = VERTEX_POINT ( 'NONE', #756 ) ;
#1246 = PLANE ( 'NONE',  #466 ) ;
#1247 = DIRECTION ( 'NONE',  ( -1.000000000000000000, 0.000000000000000000, 6.103324382627934694E-17 ) ) ;
#1248 = MANIFOLD_SOLID_BREP ( 'Chamfer1', #874 ) ;
#1249 = CIRCLE ( 'NONE', #818, 2.875000000000002665 ) ;
#1250 = DIRECTION ( 'NONE',  ( -1.365923996832132842E-16, -0.000000000000000000, -1.000000000000000000 ) ) ;
#1251 = EDGE_CURVE ( 'NONE', #70, #403, #229, .T. ) ;
#1252 = VERTEX_POINT ( 'NONE', #718 ) ;
#1253 = CARTESIAN_POINT ( 'NONE',  ( -161.1629999999999825, 0.000000000000000000, 11.02099878600000160 ) ) ;
#1254 = VECTOR ( 'NONE', #57, 1000.000000000000000 ) ;
#1255 = EDGE_LOOP ( 'NONE', ( #1334, #1305, #1404, #599 ) ) ;
#1256 = VECTOR ( 'NONE', #749, 1000.000000000000000 ) ;
#1257 = DIRECTION ( 'NONE',  ( 0.7071067811865475727, 0.000000000000000000, 0.7071067811865475727 ) ) ;
#1258 = VECTOR ( 'NONE', #652, 1000.000000000000000 ) ;
#1259 = DIRECTION ( 'NONE',  ( 1.000000000000000000, 0.000000000000000000, 0.000000000000000000 ) ) ;
#1260 = EDGE_LOOP ( 'NONE', ( #525, #1266 ) ) ;
#1261 = CARTESIAN_POINT ( 'NONE',  ( -3.810000000000007603, 1.270000000000000240, 49.91099999999999426 ) ) ;
#1262 = ORIENTED_EDGE ( 'NONE', *, *, #456, .T. ) ;
#1263 = ADVANCED_FACE ( 'NONE', ( #600 ), #979, .F. ) ;
#1264 = CARTESIAN_POINT ( 'NONE',  ( -107.6064999999999827, -6.349999999999983658, 6.020998786000000713 ) ) ;
#1265 = DIRECTION ( 'NONE',  ( -1.365923996832133088E-16, -0.000000000000000000, -1.000000000000000000 ) ) ;
#1266 = ORIENTED_EDGE ( 'NONE', *, *, #443, .F. ) ;
#1267 = CYLINDRICAL_SURFACE ( 'NONE', #1122, 6.984999999999998543 ) ;
#1268 = ORIENTED_EDGE ( 'NONE', *, *, #857, .F. ) ;
#1269 = CARTESIAN_POINT ( 'NONE',  ( -167.5764999999999816, -12.69999999999998863, 51.18099999999999739 ) ) ;
#1270 = EDGE_CURVE ( 'NONE', #536, #957, #362, .T. ) ;
#1271 = EDGE_CURVE ( 'NONE', #198, #48, #1204, .T. ) ;
#1272 = LINE ( 'NONE', #950, #618 ) ;
#1273 = DIRECTION ( 'NONE',  ( 1.000000000000000000, 0.000000000000000000, 0.000000000000000000 ) ) ;
#1274 = ORIENTED_EDGE ( 'NONE', *, *, #582, .T. ) ;
#1275 = LINE ( 'NONE', #1178, #1497 ) ;
#1276 = EDGE_LOOP ( 'NONE', ( #1381, #249, #1507, #1133 ) ) ;
#1277 = VECTOR ( 'NONE', #152, 1000.000000000000000 ) ;
#1278 = FACE_OUTER_BOUND ( 'NONE', #603, .T. ) ;
#1279 = CARTESIAN_POINT ( 'NONE',  ( -167.5764999999999816, 0.000000000000000000, 51.18099999999999739 ) ) ;
#1280 = VECTOR ( 'NONE', #150, 1000.000000000000000 ) ;
#1281 = CARTESIAN_POINT ( 'NONE',  ( 0.000000000000000000, -12.69999999999999929, 0.000000000000000000 ) ) ;
#1282 = AXIS2_PLACEMENT_3D ( 'NONE', #1392, #87, #1503 ) ;
#1283 = ORIENTED_EDGE ( 'NONE', *, *, #964, .F. ) ;
#1284 = VECTOR ( 'NONE', #664, 1000.000000000000000 ) ;
#1285 = DIRECTION ( 'NONE',  ( 1.000000000000000000, 0.000000000000000000, -4.218418767239443746E-18 ) ) ;
#1286 = ORIENTED_EDGE ( 'NONE', *, *, #912, .F. ) ;
#1287 = CARTESIAN_POINT ( 'NONE',  ( -75.48149999999998272, -6.349999999999988987, 6.020998786000000713 ) ) ;
#1288 = DIRECTION ( 'NONE',  ( 0.000000000000000000, 0.000000000000000000, -1.000000000000000000 ) ) ;
#1289 = EDGE_CURVE ( 'NONE', #1485, #890, #1126, .T. ) ;
#1290 = CARTESIAN_POINT ( 'NONE',  ( -75.48149999999998272, -6.349999999999988987, 11.02099878599999805 ) ) ;
#1291 = ORIENTED_EDGE ( 'NONE', *, *, #456, .F. ) ;
#1292 = LINE ( 'NONE', #947, #1306 ) ;
#1293 = ORIENTED_EDGE ( 'NONE', *, *, #184, .T. ) ;
#1294 = CARTESIAN_POINT ( 'NONE',  ( 1.769999999999993356, 2.269999999999994245, -1.770000000000002016 ) ) ;
#1295 = ORIENTED_EDGE ( 'NONE', *, *, #683, .T. ) ;
#1296 = PLANE ( 'NONE',  #830 ) ;
#1297 = ORIENTED_EDGE ( 'NONE', *, *, #776, .T. ) ;
#1298 = VECTOR ( 'NONE', #351, 1000.000000000000000 ) ;
#1299 = CYLINDRICAL_SURFACE ( 'NONE', #1002, 4.500000000000003553 ) ;
#1300 = DIRECTION ( 'NONE',  ( 0.000000000000000000, 1.000000000000000000, -0.000000000000000000 ) ) ;
#1301 = ORIENTED_EDGE ( 'NONE', *, *, #235, .T. ) ;
#1302 = CARTESIAN_POINT ( 'NONE',  ( -77.10649999999998272, -6.349999999999988987, -5.489001214000013285 ) ) ;
#1303 = VECTOR ( 'NONE', #829, 1000.000000000000000 ) ;
#1304 = VECTOR ( 'NONE', #794, 1000.000000000000114 ) ;
#1305 = ORIENTED_EDGE ( 'NONE', *, *, #485, .T. ) ;
#1306 = VECTOR ( 'NONE', #100, 1000.000000000000000 ) ;
#1307 = EDGE_CURVE ( 'NONE', #427, #455, #347, .T. ) ;
#1308 = AXIS2_PLACEMENT_3D ( 'NONE', #201, #1370, #1259 ) ;
#1309 = CARTESIAN_POINT ( 'NONE',  ( -181.9829999999999757, 2.270000000000000462, -1.770000000000002016 ) ) ;
#1310 = LINE ( 'NONE', #694, #1152 ) ;
#1311 = ORIENTED_EDGE ( 'NONE', *, *, #1337, .F. ) ;
#1312 = DIRECTION ( 'NONE',  ( -0.000000000000000000, 0.000000000000000000, 1.000000000000000000 ) ) ;
#1313 = DIRECTION ( 'NONE',  ( 0.000000000000000000, -0.000000000000000000, -1.000000000000000000 ) ) ;
#1314 = VERTEX_POINT ( 'NONE', #3 ) ;
#1315 = DIRECTION ( 'NONE',  ( 9.933992704233679052E-16, 0.000000000000000000, -1.000000000000000000 ) ) ;
#1316 = FACE_OUTER_BOUND ( 'NONE', #1013, .T. ) ;
#1317 = ORIENTED_EDGE ( 'NONE', *, *, #551, .T. ) ;
#1318 = CARTESIAN_POINT ( 'NONE',  ( -19.05000000000001137, 1.270000000000000018, -1.770000000000002016 ) ) ;
#1319 = EDGE_CURVE ( 'NONE', #1391, #1501, #1071, .T. ) ;
#1320 = CARTESIAN_POINT ( 'NONE',  ( -72.60649999999998272, -6.349999999999988987, 6.020998786000000713 ) ) ;
#1321 = CARTESIAN_POINT ( 'NONE',  ( -167.5764999999999816, 0.000000000000000000, 51.18099999999999739 ) ) ;
#1322 = DIRECTION ( 'NONE',  ( 1.000000000000000000, 0.000000000000000000, 0.000000000000000000 ) ) ;
#1323 = DIRECTION ( 'NONE',  ( -1.365923996832132842E-16, 0.000000000000000000, -1.000000000000000000 ) ) ;
#1324 = VERTEX_POINT ( 'NONE', #727 ) ;
#1325 = CARTESIAN_POINT ( 'NONE',  ( -161.1629999999999825, -3.174999999999999822, 11.02099878600000160 ) ) ;
#1326 = APPLICATION_PROTOCOL_DEFINITION ( 'international standard', 'config_control_design', 1994, #1194 ) ;
#1327 = ORIENTED_EDGE ( 'NONE', *, *, #735, .F. ) ;
#1328 = ADVANCED_FACE ( 'NONE', ( #1212, #128 ), #1450, .F. ) ;
#1329 = PERSON ( 'UNSPECIFIED', 'UNSPECIFIED', 'UNSPECIFIED', ('UNSPECIFIED'), ('UNSPECIFIED'), ('UNSPECIFIED') ) ;
#1330 = CARTESIAN_POINT ( 'NONE',  ( -65.34150679999999056, -12.69999999999999396, 0.000000000000000000 ) ) ;
#1331 = VECTOR ( 'NONE', #190, 1000.000000000000000 ) ;
#1332 = LINE ( 'NONE', #825, #395 ) ;
#1333 = AXIS2_PLACEMENT_3D ( 'NONE', #919, #1403, #901 ) ;
#1334 = ORIENTED_EDGE ( 'NONE', *, *, #808, .T. ) ;
#1335 = CYLINDRICAL_SURFACE ( 'NONE', #667, 6.984999999999998543 ) ;
#1336 = ORIENTED_EDGE ( 'NONE', *, *, #341, .T. ) ;
#1337 = EDGE_CURVE ( 'NONE', #997, #726, #1512, .T. ) ;
#1338 = PLANE ( 'NONE',  #1205 ) ;
#1339 = DIRECTION ( 'NONE',  ( -1.000000000000000000, 0.000000000000000000, 0.000000000000000000 ) ) ;
#1340 = ORIENTED_EDGE ( 'NONE', *, *, #101, .T. ) ;
#1341 = DIRECTION ( 'NONE',  ( -1.000000000000000000, 0.000000000000000000, 0.000000000000000000 ) ) ;
#1342 = DATE_TIME_ROLE ( 'creation_date' ) ;
#1343 = VERTEX_POINT ( 'NONE', #1484 ) ;
#1344 = CARTESIAN_POINT ( 'NONE',  ( -155.5829999999999700, 2.270000000000000462, 3.809999999999999165 ) ) ;
#1345 = ORIENTED_EDGE ( 'NONE', *, *, #297, .F. ) ;
#1346 = ADVANCED_FACE ( 'NONE', ( #1010 ), #1142, .T. ) ;
#1347 = LINE ( 'NONE', #868, #741 ) ;
#1348 = SECURITY_CLASSIFICATION_LEVEL ( 'unclassified' ) ;
#1349 = ORIENTED_EDGE ( 'NONE', *, *, #341, .F. ) ;
#1350 = DIRECTION ( 'NONE',  ( 1.000000000000000000, 0.000000000000000000, 0.000000000000000000 ) ) ;
#1351 = ORIENTED_EDGE ( 'NONE', *, *, #1337, .T. ) ;
#1352 = AXIS2_PLACEMENT_3D ( 'NONE', #379, #865, #165 ) ;
#1353 = DIRECTION ( 'NONE',  ( -1.000000000000000000, 0.000000000000000000, 0.000000000000000000 ) ) ;
#1354 = LINE ( 'NONE', #441, #470 ) ;
#1355 = DIRECTION ( 'NONE',  ( 0.000000000000000000, -1.000000000000000000, -0.000000000000000000 ) ) ;
#1356 = ORIENTED_EDGE ( 'NONE', *, *, #637, .F. ) ;
#1357 = ORIENTED_EDGE ( 'NONE', *, *, #1398, .T. ) ;
#1358 = LINE ( 'NONE', #1007, #1256 ) ;
#1359 = ORIENTED_EDGE ( 'NONE', *, *, #1219, .T. ) ;
#1360 = LINE ( 'NONE', #515, #1540 ) ;
#1361 = APPROVAL ( #869, 'UNSPECIFIED' ) ;
#1362 = ADVANCED_FACE ( 'NONE', ( #541 ), #659, .T. ) ;
#1363 = CARTESIAN_POINT ( 'NONE',  ( 0.000000000000000000, 1.270000000000000018, 0.000000000000000000 ) ) ;
#1364 = VERTEX_POINT ( 'NONE', #1500 ) ;
#1365 = LINE ( 'NONE', #1088, #144 ) ;
#1366 = VERTEX_POINT ( 'NONE', #195 ) ;
#1367 = DIRECTION ( 'NONE',  ( -1.365923996832132842E-16, -0.000000000000000000, -1.000000000000000000 ) ) ;
#1368 = ORIENTED_EDGE ( 'NONE', *, *, #1307, .F. ) ;
#1369 = LINE ( 'NONE', #43, #1469 ) ;
#1370 = DIRECTION ( 'NONE',  ( -0.000000000000000000, 0.000000000000000000, 1.000000000000000000 ) ) ;
#1371 = EDGE_CURVE ( 'NONE', #331, #1324, #286, .T. ) ;
#1372 = ORIENTED_EDGE ( 'NONE', *, *, #1107, .T. ) ;
#1373 = CARTESIAN_POINT ( 'NONE',  ( -107.6064999999999827, -6.349999999999983658, 11.02099878600000515 ) ) ;
#1374 = VECTOR ( 'NONE', #1431, 1000.000000000000000 ) ;
#1375 = ORIENTED_EDGE ( 'NONE', *, *, #863, .F. ) ;
#1376 = VECTOR ( 'NONE', #1440, 1000.000000000000000 ) ;
#1377 = DIRECTION ( 'NONE',  ( 0.000000000000000000, 1.000000000000000000, -0.000000000000000000 ) ) ;
#1378 = AXIS2_PLACEMENT_3D ( 'NONE', #18, #11, #849 ) ;
#1379 = DIRECTION ( 'NONE',  ( 1.000000000000000000, 0.000000000000000000, 0.000000000000000000 ) ) ;
#1380 = UNCERTAINTY_MEASURE_WITH_UNIT (LENGTH_MEASURE( 1.000000000000000082E-05 ), #813, 'distance_accuracy_value', 'NONE');
#1381 = ORIENTED_EDGE ( 'NONE', *, *, #1201, .F. ) ;
#1382 = CARTESIAN_POINT ( 'NONE',  ( -12.63649999999999451, -12.69999999999998863, 51.18099999999999739 ) ) ;
#1383 = ADVANCED_FACE ( 'NONE', ( #1023 ), #910, .F. ) ;
#1384 = ORIENTED_EDGE ( 'NONE', *, *, #1115, .F. ) ;
#1385 = FACE_OUTER_BOUND ( 'NONE', #1158, .T. ) ;
#1386 = LINE ( 'NONE', #64, #847 ) ;
#1387 = ORIENTED_EDGE ( 'NONE', *, *, #845, .T. ) ;
#1388 = LINE ( 'NONE', #406, #98 ) ;
#1389 = ORIENTED_EDGE ( 'NONE', *, *, #425, .T. ) ;
#1390 = CARTESIAN_POINT ( 'NONE',  ( -72.60649999999998272, -6.349999999999988987, 23.74892084735787279 ) ) ;
#1391 = VERTEX_POINT ( 'NONE', #1164 ) ;
#1392 = CARTESIAN_POINT ( 'NONE',  ( -72.60649999999998272, -6.349999999999988987, 51.18100000000001160 ) ) ;
#1393 = CARTESIAN_POINT ( 'NONE',  ( 1.769999999999993356, 0.000000000000000000, 49.91099999999999426 ) ) ;
#1394 = CARTESIAN_POINT ( 'NONE',  ( -3.810000000000007603, 2.269999999999994245, 51.18099999999999739 ) ) ;
#1395 = ORIENTED_EDGE ( 'NONE', *, *, #706, .T. ) ;
#1396 = PLANE ( 'NONE',  #1024 ) ;
#1397 = ORIENTED_EDGE ( 'NONE', *, *, #1187, .T. ) ;
#1398 = EDGE_CURVE ( 'NONE', #1501, #1467, #1388, .T. ) ;
#1399 = PLANE ( 'NONE',  #826 ) ;
#1400 = CARTESIAN_POINT ( 'NONE',  ( -58.35650679999998403, -12.69999999999999396, 7.210998786000001104 ) ) ;
#1401 = EDGE_CURVE ( 'NONE', #289, #1509, #771, .T. ) ;
#1402 = AXIS2_PLACEMENT_3D ( 'NONE', #1373, #60, #53 ) ;
#1403 = DIRECTION ( 'NONE',  ( 0.000000000000000000, -0.000000000000000000, -1.000000000000000000 ) ) ;
#1404 = ORIENTED_EDGE ( 'NONE', *, *, #246, .F. ) ;
#1405 = DIRECTION ( 'NONE',  ( 0.000000000000000000, 0.000000000000000000, -1.000000000000000000 ) ) ;
#1406 = ORIENTED_EDGE ( 'NONE', *, *, #841, .F. ) ;
#1407 = CARTESIAN_POINT ( 'NONE',  ( -24.63000000000004164, 1.270000000000000018, 3.809999999999991172 ) ) ;
#1408 = LINE ( 'NONE', #941, #1284 ) ;
#1409 = EDGE_CURVE ( 'NONE', #314, #1252, #437, .T. ) ;
#1410 = DIRECTION ( 'NONE',  ( 1.000000000000000000, 0.000000000000000000, 0.000000000000000000 ) ) ;
#1411 = ORIENTED_EDGE ( 'NONE', *, *, #1398, .F. ) ;
#1412 = EDGE_CURVE ( 'NONE', #1439, #881, #430, .T. ) ;
#1413 = DIRECTION ( 'NONE',  ( 1.000000000000000000, 0.000000000000000000, 0.000000000000000000 ) ) ;
#1414 = DIRECTION ( 'NONE',  ( 0.000000000000000000, 0.000000000000000000, -1.000000000000000000 ) ) ;
#1415 = ORIENTED_EDGE ( 'NONE', *, *, #22, .F. ) ;
#1416 = LINE ( 'NONE', #1044, #1233 ) ;
#1417 = CARTESIAN_POINT ( 'NONE',  ( -181.9829999999999757, 1.270000000000000018, 21.58999999999998565 ) ) ;
#1418 = VERTEX_POINT ( 'NONE', #1290 ) ;
#1419 = EDGE_CURVE ( 'NONE', #559, #1074, #1031, .T. ) ;
#1420 = LINE ( 'NONE', #315, #391 ) ;
#1421 = LINE ( 'NONE', #467, #880 ) ;
#1422 = ORIENTED_EDGE ( 'NONE', *, *, #39, .T. ) ;
#1423 = CYLINDRICAL_SURFACE ( 'NONE', #1121, 2.875000000000002665 ) ;
#1424 = VECTOR ( 'NONE', #958, 1000.000000000000000 ) ;
#1425 = CARTESIAN_POINT ( 'NONE',  ( -107.6064999999999827, -6.349999999999983658, 51.18100000000001870 ) ) ;
#1426 = EDGE_LOOP ( 'NONE', ( #856, #703 ) ) ;
#1427 = DIRECTION ( 'NONE',  ( -0.7071067811865457964, -0.000000000000000000, -0.7071067811865492381 ) ) ;
#1428 = EDGE_CURVE ( 'NONE', #48, #93, #1039, .T. ) ;
#1429 = CARTESIAN_POINT ( 'NONE',  ( 12.69999999999998863, 4.445000000000000284, 49.91100000000001558 ) ) ;
#1430 = ORIENTED_EDGE ( 'NONE', *, *, #156, .F. ) ;
#1431 = DIRECTION ( 'NONE',  ( 0.000000000000000000, 0.000000000000000000, -1.000000000000000000 ) ) ;
#1432 = LINE ( 'NONE', #1045, #563 ) ;
#1433 = DIRECTION ( 'NONE',  ( -0.000000000000000000, 0.000000000000000000, 1.000000000000000000 ) ) ;
#1434 = DIRECTION ( 'NONE',  ( -0.000000000000000000, -1.000000000000000000, -0.000000000000000000 ) ) ;
#1435 = CARTESIAN_POINT ( 'NONE',  ( 0.000000000000000000, 0.000000000000000000, 0.000000000000000000 ) ) ;
#1436 = ORIENTED_EDGE ( 'NONE', *, *, #523, .F. ) ;
#1437 = CARTESIAN_POINT ( 'NONE',  ( -58.35650679999998403, 21.02656346635214391, 7.210998786000001104 ) ) ;
#1438 = EDGE_CURVE ( 'NONE', #427, #126, #294, .T. ) ;
#1439 = VERTEX_POINT ( 'NONE', #1394 ) ;
#1440 = DIRECTION ( 'NONE',  ( 0.000000000000000000, 0.000000000000000000, 1.000000000000000000 ) ) ;
#1441 = DIRECTION ( 'NONE',  ( 0.000000000000000000, 0.000000000000000000, 1.000000000000000000 ) ) ;
#1442 = EDGE_CURVE ( 'NONE', #45, #566, #796, .T. ) ;
#1443 = VERTEX_POINT ( 'NONE', #82 ) ;
#1444 = DIRECTION ( 'NONE',  ( -0.000000000000000000, 0.000000000000000000, 1.000000000000000000 ) ) ;
#1445 = PERSON_AND_ORGANIZATION ( #1329, #588 ) ;
#1446 = EDGE_CURVE ( 'NONE', #1245, #1501, #58, .T. ) ;
#1447 = ORIENTED_EDGE ( 'NONE', *, *, #735, .T. ) ;
#1448 = AXIS2_PLACEMENT_3D ( 'NONE', #778, #885, #153 ) ;
#1449 = CARTESIAN_POINT ( 'NONE',  ( -161.1629999999999825, 1.270000000000000018, 3.809999999999999609 ) ) ;
#1450 = PLANE ( 'NONE',  #774 ) ;
#1451 = VECTOR ( 'NONE', #130, 1000.000000000000114 ) ;
#1452 = DIRECTION ( 'NONE',  ( -1.365923996832132842E-16, 0.000000000000000000, -1.000000000000000000 ) ) ;
#1453 = AXIS2_PLACEMENT_3D ( 'NONE', #969, #839, #1322 ) ;
#1454 = ORIENTED_EDGE ( 'NONE', *, *, #1475, .F. ) ;
#1455 = FACE_BOUND ( 'NONE', #399, .T. ) ;
#1456 = DIRECTION ( 'NONE',  ( 0.000000000000000000, -1.000000000000000000, 0.000000000000000000 ) ) ;
#1457 = CARTESIAN_POINT ( 'NONE',  ( -192.9129999999999825, -12.69999999999998863, 51.18099999999999739 ) ) ;
#1458 = ORIENTED_EDGE ( 'NONE', *, *, #203, .T. ) ;
#1459 = CARTESIAN_POINT ( 'NONE',  ( -114.8714931999999891, -12.69999999999999929, 7.210998785999993999 ) ) ;
#1460 = APPROVAL_STATUS ( 'not_yet_approved' ) ;
#1461 = DIRECTION ( 'NONE',  ( 0.000000000000000000, -1.000000000000000000, 0.000000000000000000 ) ) ;
#1462 = EDGE_CURVE ( 'NONE', #1040, #1343, #500, .T. ) ;
#1463 = CARTESIAN_POINT ( 'NONE',  ( -107.6064999999999827, -6.349999999999983658, 23.74892084735787634 ) ) ;
#1464 = ORIENTED_EDGE ( 'NONE', *, *, #1409, .T. ) ;
#1465 = CARTESIAN_POINT ( 'NONE',  ( -176.4029999999999632, 2.269999999999994245, 27.17000000000003723 ) ) ;
#1466 = LINE ( 'NONE', #389, #218 ) ;
#1467 = VERTEX_POINT ( 'NONE', #1015 ) ;
#1468 = AXIS2_PLACEMENT_3D ( 'NONE', #1, #472, #1461 ) ;
#1469 = VECTOR ( 'NONE', #1021, 1000.000000000000000 ) ;
#1470 = FACE_OUTER_BOUND ( 'NONE', #1154, .T. ) ;
#1471 = EDGE_CURVE ( 'NONE', #1145, #993, #296, .T. ) ;
#1472 = ORIENTED_EDGE ( 'NONE', *, *, #1067, .T. ) ;
#1473 = AXIS2_PLACEMENT_3D ( 'NONE', #921, #450, #1413 ) ;
#1474 = DIRECTION ( 'NONE',  ( -0.000000000000000000, 1.000000000000000000, -0.000000000000000000 ) ) ;
#1475 = EDGE_CURVE ( 'NONE', #1366, #971, #1249, .T. ) ;
#1476 = CALENDAR_DATE ( 2026, 26, 5 ) ;
#1477 = LINE ( 'NONE', #650, #1254 ) ;
#1478 = ORIENTED_EDGE ( 'NONE', *, *, #497, .F. ) ;
#1479 = DIRECTION ( 'NONE',  ( 0.000000000000000000, 0.000000000000000000, -1.000000000000000000 ) ) ;
#1480 = EDGE_LOOP ( 'NONE', ( #968, #78, #1018, #1283 ) ) ;
#1481 = DIRECTION ( 'NONE',  ( 0.000000000000000000, 0.000000000000000000, 1.000000000000000000 ) ) ;
#1482 = VERTEX_POINT ( 'NONE', #1182 ) ;
#1483 = CARTESIAN_POINT ( 'NONE',  ( 0.000000000000000000, 1.270000000000000018, 0.000000000000000000 ) ) ;
#1484 = CARTESIAN_POINT ( 'NONE',  ( -110.4814999999999827, -6.349999999999983658, 11.02099878600000515 ) ) ;
#1485 = VERTEX_POINT ( 'NONE', #1198 ) ;
#1486 = CARTESIAN_POINT ( 'NONE',  ( -58.35650679999998403, 21.02656346635214391, 7.210998786000001104 ) ) ;
#1487 = ORIENTED_EDGE ( 'NONE', *, *, #649, .F. ) ;
#1488 = ADVANCED_FACE ( 'NONE', ( #227 ), #1527, .F. ) ;
#1489 = LINE ( 'NONE', #370, #1118 ) ;
#1490 = EDGE_CURVE ( 'NONE', #93, #965, #967, .T. ) ;
#1491 = CARTESIAN_POINT ( 'NONE',  ( -112.1064999999999827, -6.349999999999983658, 23.74892084735787634 ) ) ;
#1492 = ORIENTED_EDGE ( 'NONE', *, *, #1517, .F. ) ;
#1493 = CARTESIAN_POINT ( 'NONE',  ( -75.48149999999998272, -6.349999999999988987, 51.18100000000001160 ) ) ;
#1494 = AXIS2_PLACEMENT_3D ( 'NONE', #241, #343, #1312 ) ;
#1495 = ORIENTED_EDGE ( 'NONE', *, *, #1462, .T. ) ;
#1496 = LINE ( 'NONE', #419, #1331 ) ;
#1497 = VECTOR ( 'NONE', #1405, 1000.000000000000000 ) ;
#1498 = DIRECTION ( 'NONE',  ( 0.000000000000000000, 0.000000000000000000, -1.000000000000000000 ) ) ;
#1499 = AXIS2_PLACEMENT_3D ( 'NONE', #237, #400, #51 ) ;
#1500 = CARTESIAN_POINT ( 'NONE',  ( -176.4029999999999632, 1.270000000000000018, 27.17000000000003723 ) ) ;
#1501 = VERTEX_POINT ( 'NONE', #574 ) ;
#1502 = EDGE_LOOP ( 'NONE', ( #258, #1458, #1042, #898 ) ) ;
#1503 = DIRECTION ( 'NONE',  ( -1.000000000000000000, 0.000000000000000000, 0.000000000000000000 ) ) ;
#1504 = VECTOR ( 'NONE', #616, 1000.000000000000000 ) ;
#1505 = CARTESIAN_POINT ( 'NONE',  ( -3.810000000000007603, 2.270000000000000462, 27.17000000000000881 ) ) ;
#1506 = CARTESIAN_POINT ( 'NONE',  ( -3.810000000000007603, 0.000000000000000000, 51.18099999999999739 ) ) ;
#1507 = ORIENTED_EDGE ( 'NONE', *, *, #1159, .T. ) ;
#1508 = DIRECTION ( 'NONE',  ( 0.000000000000000000, 0.000000000000000000, -1.000000000000000000 ) ) ;
#1509 = VERTEX_POINT ( 'NONE', #1066 ) ;
#1510 = CARTESIAN_POINT ( 'NONE',  ( -65.34150679999997635, 0.000000000000000000, 7.210998786000000216 ) ) ;
#1511 = DIRECTION ( 'NONE',  ( 0.000000000000000000, 0.000000000000000000, -1.000000000000000000 ) ) ;
#1512 = LINE ( 'NONE', #666, #646 ) ;
#1513 = ORIENTED_EDGE ( 'NONE', *, *, #464, .T. ) ;
#1514 = LINE ( 'NONE', #77, #367 ) ;
#1515 = ORIENTED_EDGE ( 'NONE', *, *, #297, .T. ) ;
#1516 = FACE_BOUND ( 'NONE', #1536, .T. ) ;
#1517 = EDGE_CURVE ( 'NONE', #971, #1366, #1167, .T. ) ;
#1518 = CARTESIAN_POINT ( 'NONE',  ( -72.60649999999998272, -6.349999999999988987, 11.02099878599999805 ) ) ;
#1519 = EDGE_CURVE ( 'NONE', #782, #1137, #844, .T. ) ;
#1520 = APPROVAL_ROLE ( '' ) ;
#1521 = AXIS2_PLACEMENT_3D ( 'NONE', #858, #1250, #44 ) ;
#1522 = ORIENTED_EDGE ( 'NONE', *, *, #184, .F. ) ;
#1523 = DIRECTION ( 'NONE',  ( 0.000000000000000000, 0.000000000000000000, 1.000000000000000000 ) ) ;
#1524 = DIRECTION ( 'NONE',  ( 0.000000000000000000, -1.000000000000000000, 0.000000000000000000 ) ) ;
#1525 = ORIENTED_EDGE ( 'NONE', *, *, #725, .F. ) ;
#1526 = DIRECTION ( 'NONE',  ( 0.000000000000000000, -1.000000000000000000, 0.000000000000000000 ) ) ;
#1527 = CYLINDRICAL_SURFACE ( 'NONE', #410, 2.875000000000002665 ) ;
#1528 = EDGE_CURVE ( 'NONE', #870, #431, #1432, .T. ) ;
#1529 = ORIENTED_EDGE ( 'NONE', *, *, #1535, .T. ) ;
#1530 = LINE ( 'NONE', #1309, #1004 ) ;
#1531 = CARTESIAN_POINT ( 'NONE',  ( -19.05000000000001137, 1.270000000000000018, -1.770000000000002016 ) ) ;
#1532 = ORIENTED_EDGE ( 'NONE', *, *, #194, .T. ) ;
#1533 = LINE ( 'NONE', #1156, #899 ) ;
#1534 = APPROVAL_DATE_TIME ( #1059, #424 ) ;
#1535 = EDGE_CURVE ( 'NONE', #285, #13, #1174, .T. ) ;
#1536 = EDGE_LOOP ( 'NONE', ( #1525, #617 ) ) ;
#1537 = CC_DESIGN_APPROVAL ( #377, ( #688 ) ) ;
#1538 = FACE_OUTER_BOUND ( 'NONE', #671, .T. ) ;
#1539 = CARTESIAN_POINT ( 'NONE',  ( 12.69999999999998863, -12.69999999999998863, -5.489001213999998185 ) ) ;
#1540 = VECTOR ( 'NONE', #1353, 1000.000000000000000 ) ;
#1541 = ORIENTED_EDGE ( 'NONE', *, *, #578, .T. ) ;
#1542 = CARTESIAN_POINT ( 'NONE',  ( -176.4029999999999632, -1.208654451933713058E-15, 51.18099999999999739 ) ) ;
#1543 = DIRECTION ( 'NONE',  ( 0.000000000000000000, -0.000000000000000000, -1.000000000000000000 ) ) ;
ENDSEC;
END-ISO-10303-21;
