ISO-10303-21;
HEADER;
FILE_DESCRIPTION (( 'STEP AP203' ),
    '1' );
FILE_NAME ('Y-axis Way Cover Cover motor Side.STEP',
    '2026-05-26T16:15:17',
    ( '' ),
    ( '' ),
    'SwSTEP 2.0',
    'SolidWorks 2025',
    '' );
FILE_SCHEMA (( 'CONFIG_CONTROL_DESIGN' ));
ENDSEC;

DATA;
#1 = VERTEX_POINT ( 'NONE', #1738 ) ;
#2 = PLANE ( 'NONE',  #436 ) ;
#3 = CARTESIAN_POINT ( 'NONE',  ( -72.60649999999998272, -6.349999999999988987, 6.020998786000000713 ) ) ;
#4 = CARTESIAN_POINT ( 'NONE',  ( -107.6064999999999827, -6.349999999999983658, 6.020998786000000713 ) ) ;
#5 = VECTOR ( 'NONE', #1668, 1000.000000000000114 ) ;
#6 = LINE ( 'NONE', #961, #917 ) ;
#8 = VERTEX_POINT ( 'NONE', #1460 ) ;
#7 = ADVANCED_FACE ( 'NONE', ( #373 ), #107, .T. ) ;
#9 = CIRCLE ( 'NONE', #949, 2.875000000000002665 ) ;
#10 = PERSON_AND_ORGANIZATION_ROLE ( 'creator' ) ;
#11 = EDGE_CURVE ( 'NONE', #1303, #1184, #80, .T. ) ;
#12 = ORIENTED_EDGE ( 'NONE', *, *, #473, .T. ) ;
#13 = CARTESIAN_POINT ( 'NONE',  ( -161.1629999999999825, 1.270000000000000018, -1.770000000000002016 ) ) ;
#14 = FACE_OUTER_BOUND ( 'NONE', #758, .T. ) ;
#15 = ORIENTED_EDGE ( 'NONE', *, *, #1147, .T. ) ;
#16 = FACE_OUTER_BOUND ( 'NONE', #468, .T. ) ;
#17 = DIRECTION ( 'NONE',  ( -1.000000000000000000, -7.332769396067994153E-15, 0.000000000000000000 ) ) ;
#18 = ORIENTED_EDGE ( 'NONE', *, *, #632, .F. ) ;
#19 = VERTEX_POINT ( 'NONE', #1478 ) ;
#20 = FACE_OUTER_BOUND ( 'NONE', #158, .T. ) ;
#21 = CARTESIAN_POINT ( 'NONE',  ( 12.69999999999998508, 2.269999999999994245, 51.18099999999999739 ) ) ;
#22 = VECTOR ( 'NONE', #1079, 1000.000000000000000 ) ;
#23 = AXIS2_PLACEMENT_3D ( 'NONE', #83, #1176, #1731 ) ;
#24 = ORIENTED_EDGE ( 'NONE', *, *, #392, .T. ) ;
#25 = ADVANCED_FACE ( 'NONE', ( #624 ), #792, .F. ) ;
#26 = PLANE ( 'NONE',  #988 ) ;
#27 = VERTEX_POINT ( 'NONE', #99 ) ;
#28 = PERSON_AND_ORGANIZATION_ROLE ( 'classification_officer' ) ;
#29 = ORIENTED_EDGE ( 'NONE', *, *, #937, .T. ) ;
#30 = CARTESIAN_POINT ( 'NONE',  ( -3.810000000000007603, 1.270000000000000018, 27.17000000000000881 ) ) ;
#31 = CARTESIAN_POINT ( 'NONE',  ( 0.000000000000000000, 0.000000000000000000, -1.770000000000002016 ) ) ;
#32 = ORIENTED_EDGE ( 'NONE', *, *, #41, .T. ) ;
#33 = DIRECTION ( 'NONE',  ( 0.000000000000000000, 1.000000000000000000, 0.000000000000000000 ) ) ;
#34 = EDGE_CURVE ( 'NONE', #393, #1419, #1745, .T. ) ;
#35 = VERTEX_POINT ( 'NONE', #356 ) ;
#36 = ORIENTED_EDGE ( 'NONE', *, *, #1330, .T. ) ;
#37 = CARTESIAN_POINT ( 'NONE',  ( -3.810000000000007603, 2.269999999999994245, 21.58999999999999631 ) ) ;
#38 = CARTESIAN_POINT ( 'NONE',  ( -120.6064999999999969, -12.69999999999999929, 0.000000000000000000 ) ) ;
#39 = ORIENTED_EDGE ( 'NONE', *, *, #675, .T. ) ;
#40 = LINE ( 'NONE', #602, #480 ) ;
#41 = EDGE_CURVE ( 'NONE', #1619, #505, #899, .T. ) ;
#42 = EDGE_CURVE ( 'NONE', #19, #303, #1643, .T. ) ;
#43 = ORIENTED_EDGE ( 'NONE', *, *, #34, .T. ) ;
#44 = EDGE_CURVE ( 'NONE', #945, #1546, #1364, .T. ) ;
#45 = ORIENTED_EDGE ( 'NONE', *, *, #1320, .F. ) ;
#46 = CARTESIAN_POINT ( 'NONE',  ( -176.4029999999999632, 2.269999999999994245, 51.18099999999999739 ) ) ;
#47 = DIRECTION ( 'NONE',  ( 1.000000000000000000, 0.000000000000000000, 0.000000000000000000 ) ) ;
#48 = ORIENTED_EDGE ( 'NONE', *, *, #576, .F. ) ;
#49 = VECTOR ( 'NONE', #1742, 1000.000000000000000 ) ;
#50 = FACE_OUTER_BOUND ( 'NONE', #783, .T. ) ;
#51 = VECTOR ( 'NONE', #1021, 1000.000000000000000 ) ;
#52 = DIRECTION ( 'NONE',  ( -1.000000000000000000, 0.000000000000000000, -0.000000000000000000 ) ) ;
#53 = ORIENTED_EDGE ( 'NONE', *, *, #360, .F. ) ;
#54 = ORIENTED_EDGE ( 'NONE', *, *, #1182, .F. ) ;
#55 = DIRECTION ( 'NONE',  ( -1.000000000000000000, -1.708245668120933462E-16, 0.000000000000000000 ) ) ;
#56 = LINE ( 'NONE', #450, #252 ) ;
#57 = ORIENTED_EDGE ( 'NONE', *, *, #621, .F. ) ;
#58 = CARTESIAN_POINT ( 'NONE',  ( -170.7514999999999930, -12.69999999999999929, 51.18099999999999739 ) ) ;
#59 = CARTESIAN_POINT ( 'NONE',  ( -56.43149999999999267, -50.16499999999999915, 23.02099878600006377 ) ) ;
#60 = ORIENTED_EDGE ( 'NONE', *, *, #1182, .T. ) ;
#61 = VECTOR ( 'NONE', #105, 1000.000000000000000 ) ;
#62 = PRODUCT_DEFINITION ( 'UNKNOWN', '', #1677, #1328 ) ;
#63 = ORIENTED_EDGE ( 'NONE', *, *, #697, .T. ) ;
#64 = DIRECTION ( 'NONE',  ( -1.000000000000000000, 0.000000000000000000, 0.000000000000000000 ) ) ;
#65 = DIRECTION ( 'NONE',  ( 0.7071067811865474617, -0.000000000000000000, -0.7071067811865474617 ) ) ;
#66 = EDGE_CURVE ( 'NONE', #202, #67, #835, .T. ) ;
#67 = VERTEX_POINT ( 'NONE', #944 ) ;
#68 = CARTESIAN_POINT ( 'NONE',  ( -59.60649999999998983, -12.70000000000000284, -5.489001213999998185 ) ) ;
#69 = VECTOR ( 'NONE', #1563, 1000.000000000000000 ) ;
#70 = CARTESIAN_POINT ( 'NONE',  ( -123.7814999999999941, -50.16499999999999915, 23.02099878600006377 ) ) ;
#71 = ORIENTED_EDGE ( 'NONE', *, *, #1404, .F. ) ;
#72 = VERTEX_POINT ( 'NONE', #1089 ) ;
#73 = CARTESIAN_POINT ( 'NONE',  ( 0.000000000000000000, -12.69999999999999929, 0.000000000000000000 ) ) ;
#74 = CARTESIAN_POINT ( 'NONE',  ( -170.7514999999999930, -53.33999999999999631, 51.18099999999999739 ) ) ;
#75 = DIRECTION ( 'NONE',  ( -1.365923996832132842E-16, -0.000000000000000000, -1.000000000000000000 ) ) ;
#76 = ADVANCED_FACE ( 'NONE', ( #1080 ), #1234, .T. ) ;
#77 = CARTESIAN_POINT ( 'NONE',  ( -181.9829999999999757, 2.269999999999994245, -1.269999999999996909 ) ) ;
#78 = DIRECTION ( 'NONE',  ( 0.000000000000000000, -0.000000000000000000, -1.000000000000000000 ) ) ;
#79 = VECTOR ( 'NONE', #183, 1000.000000000000000 ) ;
#80 = LINE ( 'NONE', #1471, #315 ) ;
#81 = ORIENTED_EDGE ( 'NONE', *, *, #272, .F. ) ;
#82 = LINE ( 'NONE', #1574, #1301 ) ;
#83 = CARTESIAN_POINT ( 'NONE',  ( -3.810000000000007603, 4.445000000000000284, 27.17000000000000881 ) ) ;
#84 = DIRECTION ( 'NONE',  ( 1.000000000000000000, 0.000000000000000000, 0.000000000000000000 ) ) ;
#85 = DIRECTION ( 'NONE',  ( 0.000000000000000000, 0.000000000000000000, 1.000000000000000000 ) ) ;
#86 = EDGE_CURVE ( 'NONE', #242, #259, #951, .T. ) ;
#87 = DIRECTION ( 'NONE',  ( 0.000000000000000000, -1.000000000000000000, 0.000000000000000000 ) ) ;
#88 = DIRECTION ( 'NONE',  ( -0.000000000000000000, 1.000000000000000000, -0.000000000000000000 ) ) ;
#89 = ORIENTED_EDGE ( 'NONE', *, *, #801, .F. ) ;
#90 = AXIS2_PLACEMENT_3D ( 'NONE', #417, #291, #274 ) ;
#91 = VECTOR ( 'NONE', #1522, 1000.000000000000000 ) ;
#92 = EDGE_LOOP ( 'NONE', ( #1696, #1195, #178, #216, #643 ) ) ;
#93 = FACE_OUTER_BOUND ( 'NONE', #826, .T. ) ;
#94 = CYLINDRICAL_SURFACE ( 'NONE', #1048, 4.500000000000003553 ) ;
#95 = DIRECTION ( 'NONE',  ( -1.365923996832133088E-16, -0.000000000000000000, -1.000000000000000000 ) ) ;
#96 = CARTESIAN_POINT ( 'NONE',  ( -110.4814999999999827, -6.349999999999983658, 51.18100000000001870 ) ) ;
#97 = AXIS2_PLACEMENT_3D ( 'NONE', #1084, #111, #1497 ) ;
#98 = EDGE_CURVE ( 'NONE', #559, #684, #1088, .T. ) ;
#99 = CARTESIAN_POINT ( 'NONE',  ( -69.73149999999996851, -6.349999999999988987, 6.020998786000000713 ) ) ;
#100 = EDGE_CURVE ( 'NONE', #259, #1340, #6, .T. ) ;
#101 = ORIENTED_EDGE ( 'NONE', *, *, #1559, .T. ) ;
#102 = ORIENTED_EDGE ( 'NONE', *, *, #1554, .T. ) ;
#103 = CARTESIAN_POINT ( 'NONE',  ( -104.7314999999999827, -6.349999999999983658, 11.02099878600000515 ) ) ;
#104 = CARTESIAN_POINT ( 'NONE',  ( 1.769999999999993356, 1.270000000000000240, 49.91099999999999426 ) ) ;
#105 = DIRECTION ( 'NONE',  ( -1.000000000000000000, 0.000000000000000000, 0.000000000000000000 ) ) ;
#106 = DIRECTION ( 'NONE',  ( 0.000000000000000000, 0.000000000000000000, -1.000000000000000000 ) ) ;
#107 = PLANE ( 'NONE',  #851 ) ;
#108 = VECTOR ( 'NONE', #1387, 1000.000000000000000 ) ;
#109 = AXIS2_PLACEMENT_3D ( 'NONE', #1025, #623, #214 ) ;
#110 = ORIENTED_EDGE ( 'NONE', *, *, #250, .F. ) ;
#111 = DIRECTION ( 'NONE',  ( 0.000000000000000000, 0.000000000000000000, 1.000000000000000000 ) ) ;
#112 = CARTESIAN_POINT ( 'NONE',  ( -56.43149999999999267, -50.16499999999999915, 51.18099999999999739 ) ) ;
#113 = CARTESIAN_POINT ( 'NONE',  ( 0.000000000000000000, 1.270000000000000018, 49.91100000000001558 ) ) ;
#114 = DIRECTION ( 'NONE',  ( 1.000000000000000000, 0.000000000000000000, 0.000000000000000000 ) ) ;
#115 = ORIENTED_EDGE ( 'NONE', *, *, #995, .T. ) ;
#116 = EDGE_LOOP ( 'NONE', ( #1262, #1238 ) ) ;
#117 = EDGE_CURVE ( 'NONE', #1, #1596, #1388, .T. ) ;
#118 = EDGE_CURVE ( 'NONE', #1365, #1292, #1652, .T. ) ;
#119 = CARTESIAN_POINT ( 'NONE',  ( 1.769999999999993356, 1.270000000000000018, 21.58999999999998565 ) ) ;
#120 = CARTESIAN_POINT ( 'NONE',  ( -170.7514999999999930, -53.33999999999999631, 51.18099999999999739 ) ) ;
#121 = CARTESIAN_POINT ( 'NONE',  ( -170.7514999999999930, -12.69999999999999929, 51.18099999999999739 ) ) ;
#122 = VECTOR ( 'NONE', #1648, 1000.000000000000000 ) ;
#123 = CARTESIAN_POINT ( 'NONE',  ( -19.05000000000001137, 2.270000000000000462, -1.770000000000038431 ) ) ;
#124 = LOCAL_TIME ( 12, 15, 17.00000000000000000, #1549 ) ;
#125 = ORIENTED_EDGE ( 'NONE', *, *, #348, .F. ) ;
#126 = EDGE_LOOP ( 'NONE', ( #1134, #1488, #1117, #1702, #1248, #1023 ) ) ;
#127 = FACE_OUTER_BOUND ( 'NONE', #1229, .T. ) ;
#128 = PLANE ( 'NONE',  #1198 ) ;
#129 = EDGE_CURVE ( 'NONE', #1446, #1350, #1610, .T. ) ;
#130 = PLANE ( 'NONE',  #1614 ) ;
#131 = VECTOR ( 'NONE', #1170, 1000.000000000000000 ) ;
#132 = ORIENTED_EDGE ( 'NONE', *, *, #1261, .F. ) ;
#133 = DIRECTION ( 'NONE',  ( -1.000000000000000000, 0.000000000000000000, 0.000000000000000000 ) ) ;
#134 = VECTOR ( 'NONE', #1308, 1000.000000000000000 ) ;
#135 = LINE ( 'NONE', #1656, #266 ) ;
#136 = DIRECTION ( 'NONE',  ( 0.000000000000000000, -0.7071067811865491270, 0.7071067811865459074 ) ) ;
#137 = CARTESIAN_POINT ( 'NONE',  ( -12.63649999999999451, 0.000000000000000000, 0.000000000000000000 ) ) ;
#138 = EDGE_CURVE ( 'NONE', #1, #625, #1217, .T. ) ;
#139 = CARTESIAN_POINT ( 'NONE',  ( -170.7514999999999930, -53.33999999999999631, 51.18099999999999739 ) ) ;
#140 = VERTEX_POINT ( 'NONE', #969 ) ;
#141 = APPLICATION_PROTOCOL_DEFINITION ( 'international standard', 'config_control_design', 1994, #774 ) ;
#142 = FACE_OUTER_BOUND ( 'NONE', #1246, .T. ) ;
#143 = LINE ( 'NONE', #287, #5 ) ;
#144 = VECTOR ( 'NONE', #553, 1000.000000000000114 ) ;
#145 = FACE_OUTER_BOUND ( 'NONE', #732, .T. ) ;
#146 = VECTOR ( 'NONE', #1466, 1000.000000000000000 ) ;
#147 = DIRECTION ( 'NONE',  ( 0.7071067811865474617, -0.000000000000000000, -0.7071067811865474617 ) ) ;
#148 = ORIENTED_EDGE ( 'NONE', *, *, #1164, .F. ) ;
#149 = VECTOR ( 'NONE', #1189, 1000.000000000000000 ) ;
#150 = ADVANCED_FACE ( 'NONE', ( #1773 ), #130, .F. ) ;
#151 = ORIENTED_EDGE ( 'NONE', *, *, #301, .T. ) ;
#152 = CARTESIAN_POINT ( 'NONE',  ( -192.9129999999999825, -12.69999999999998863, 51.18099999999999739 ) ) ;
#153 = VERTEX_POINT ( 'NONE', #1625 ) ;
#154 = DIRECTION ( 'NONE',  ( 0.000000000000000000, -0.000000000000000000, -1.000000000000000000 ) ) ;
#155 = CARTESIAN_POINT ( 'NONE',  ( 0.000000000000000000, 0.000000000000000000, 49.91099999999999426 ) ) ;
#156 = ORIENTED_EDGE ( 'NONE', *, *, #619, .T. ) ;
#157 = SHAPE_DEFINITION_REPRESENTATION ( #865, #1572 ) ;
#158 = EDGE_LOOP ( 'NONE', ( #785, #45, #765, #1516 ) ) ;
#159 = FACE_OUTER_BOUND ( 'NONE', #1321, .T. ) ;
#160 = DIRECTION ( 'NONE',  ( 1.000000000000000000, 0.000000000000000000, 0.000000000000000000 ) ) ;
#161 = VECTOR ( 'NONE', #691, 1000.000000000000000 ) ;
#162 = ORIENTED_EDGE ( 'NONE', *, *, #1183, .T. ) ;
#163 = DIRECTION ( 'NONE',  ( -1.000000000000000000, -1.369347365245245551E-16, 0.000000000000000000 ) ) ;
#164 = ORIENTED_EDGE ( 'NONE', *, *, #41, .F. ) ;
#165 = ORIENTED_EDGE ( 'NONE', *, *, #129, .T. ) ;
#166 = CARTESIAN_POINT ( 'NONE',  ( -112.1064999999999827, -6.349999999999983658, 6.020998786000000713 ) ) ;
#167 = LINE ( 'NONE', #887, #936 ) ;
#168 = EDGE_CURVE ( 'NONE', #27, #1543, #856, .T. ) ;
#169 = ADVANCED_FACE ( 'NONE', ( #824 ), #1633, .F. ) ;
#170 = ORIENTED_EDGE ( 'NONE', *, *, #493, .F. ) ;
#171 = DIRECTION ( 'NONE',  ( 1.000000000000000000, -0.000000000000000000, 0.000000000000000000 ) ) ;
#172 = VECTOR ( 'NONE', #17, 1000.000000000000000 ) ;
#173 = EDGE_CURVE ( 'NONE', #1519, #224, #543, .T. ) ;
#174 = VECTOR ( 'NONE', #1222, 1000.000000000000000 ) ;
#175 = ORIENTED_EDGE ( 'NONE', *, *, #360, .T. ) ;
#176 = CALENDAR_DATE ( 2026, 26, 5 ) ;
#177 = VECTOR ( 'NONE', #867, 1000.000000000000000 ) ;
#178 = ORIENTED_EDGE ( 'NONE', *, *, #1296, .F. ) ;
#179 = CARTESIAN_POINT ( 'NONE',  ( 0.000000000000000000, -53.33999999999999631, 0.000000000000000000 ) ) ;
#180 = CARTESIAN_POINT ( 'NONE',  ( -167.5764999999999816, 0.000000000000000000, 51.18099999999999739 ) ) ;
#181 = CC_DESIGN_APPROVAL ( #1235, ( #1499 ) ) ;
#182 = EDGE_LOOP ( 'NONE', ( #747, #324, #1285, #1257 ) ) ;
#183 = DIRECTION ( 'NONE',  ( -1.365923996832132842E-16, -0.000000000000000000, -1.000000000000000000 ) ) ;
#184 = LINE ( 'NONE', #1300, #962 ) ;
#185 = EDGE_CURVE ( 'NONE', #186, #879, #1111, .T. ) ;
#186 = VERTEX_POINT ( 'NONE', #1245 ) ;
#187 = DATE_AND_TIME ( #176, #720 ) ;
#188 = VERTEX_POINT ( 'NONE', #1664 ) ;
#189 = CARTESIAN_POINT ( 'NONE',  ( -107.6064999999999827, -6.349999999999983658, 23.74892084735787634 ) ) ;
#190 = DIRECTION ( 'NONE',  ( -0.7071067811865474617, -0.000000000000000000, 0.7071067811865474617 ) ) ;
#191 = ORIENTED_EDGE ( 'NONE', *, *, #1706, .F. ) ;
#192 = VECTOR ( 'NONE', #1118, 1000.000000000000000 ) ;
#193 = PLANE ( 'NONE',  #1110 ) ;
#194 = VECTOR ( 'NONE', #1704, 1000.000000000000000 ) ;
#195 = CARTESIAN_POINT ( 'NONE',  ( -167.5764999999999816, 212.9456876847032731, 0.000000000000000000 ) ) ;
#196 = CC_DESIGN_DATE_AND_TIME_ASSIGNMENT ( #696, #730, ( #1499 ) ) ;
#197 = EDGE_CURVE ( 'NONE', #140, #879, #1356, .T. ) ;
#198 = ORIENTED_EDGE ( 'NONE', *, *, #357, .F. ) ;
#199 = ORIENTED_EDGE ( 'NONE', *, *, #697, .F. ) ;
#200 = DIRECTION ( 'NONE',  ( 0.000000000000000000, -1.000000000000000000, 0.000000000000000000 ) ) ;
#201 = CARTESIAN_POINT ( 'NONE',  ( -3.810000000000007603, 2.270000000000000462, 27.17000000000000881 ) ) ;
#202 = VERTEX_POINT ( 'NONE', #664 ) ;
#203 = DIRECTION ( 'NONE',  ( -0.000000000000000000, -0.000000000000000000, -1.000000000000000000 ) ) ;
#204 = PLANE ( 'NONE',  #365 ) ;
#205 = VECTOR ( 'NONE', #693, 1000.000000000000000 ) ;
#206 = ORIENTED_EDGE ( 'NONE', *, *, #1183, .F. ) ;
#207 = EDGE_LOOP ( 'NONE', ( #425, #563, #920, #476 ) ) ;
#208 = LINE ( 'NONE', #350, #1618 ) ;
#209 = LINE ( 'NONE', #1545, #367 ) ;
#210 = EDGE_CURVE ( 'NONE', #852, #1582, #770, .T. ) ;
#211 = VECTOR ( 'NONE', #311, 1000.000000000000000 ) ;
#212 = DIRECTION ( 'NONE',  ( 1.481680267750108152E-15, -1.000000000000000000, 0.000000000000000000 ) ) ;
#213 = CARTESIAN_POINT ( 'NONE',  ( -170.7514999999999930, -12.69999999999999929, 51.18099999999999739 ) ) ;
#214 = DIRECTION ( 'NONE',  ( 1.000000000000000000, 0.000000000000000000, 0.000000000000000000 ) ) ;
#215 = ORIENTED_EDGE ( 'NONE', *, *, #168, .F. ) ;
#216 = ORIENTED_EDGE ( 'NONE', *, *, #669, .T. ) ;
#217 = CARTESIAN_POINT ( 'NONE',  ( -12.63649999999999451, -50.16500000000000625, 23.02099878600006377 ) ) ;
#218 = LINE ( 'NONE', #1314, #1660 ) ;
#219 = DIRECTION ( 'NONE',  ( -0.000000000000000000, 0.000000000000000000, 1.000000000000000000 ) ) ;
#220 = PLANE ( 'NONE',  #451 ) ;
#221 = LINE ( 'NONE', #1771, #791 ) ;
#222 = AXIS2_PLACEMENT_3D ( 'NONE', #1361, #1002, #47 ) ;
#223 = VECTOR ( 'NONE', #1716, 1000.000000000000000 ) ;
#224 = VERTEX_POINT ( 'NONE', #1178 ) ;
#225 = ORIENTED_EDGE ( 'NONE', *, *, #301, .F. ) ;
#226 = LINE ( 'NONE', #1730, #1496 ) ;
#227 = FACE_OUTER_BOUND ( 'NONE', #741, .T. ) ;
#228 = EDGE_CURVE ( 'NONE', #334, #1065, #1733, .T. ) ;
#229 = DIRECTION ( 'NONE',  ( 0.000000000000000000, 0.000000000000000000, 1.000000000000000000 ) ) ;
#230 = EDGE_CURVE ( 'NONE', #1188, #1303, #1191, .T. ) ;
#231 = VERTEX_POINT ( 'NONE', #1759 ) ;
#232 = VECTOR ( 'NONE', #1026, 1000.000000000000000 ) ;
#233 = EDGE_LOOP ( 'NONE', ( #1004, #1644, #1273, #307 ) ) ;
#234 = VECTOR ( 'NONE', #947, 1000.000000000000000 ) ;
#235 = ORIENTED_EDGE ( 'NONE', *, *, #1283, .T. ) ;
#236 = CARTESIAN_POINT ( 'NONE',  ( -167.5764999999999816, 0.000000000000000000, 51.18099999999999739 ) ) ;
#237 = PLANE ( 'NONE',  #23 ) ;
#238 = CARTESIAN_POINT ( 'NONE',  ( -107.6064999999999827, -6.349999999999983658, 51.18100000000001870 ) ) ;
#239 = FACE_OUTER_BOUND ( 'NONE', #712, .T. ) ;
#240 = VECTOR ( 'NONE', #133, 1000.000000000000000 ) ;
#241 = FACE_BOUND ( 'NONE', #1139, .T. ) ;
#242 = VERTEX_POINT ( 'NONE', #521 ) ;
#243 = ORIENTED_EDGE ( 'NONE', *, *, #794, .T. ) ;
#244 = DIRECTION ( 'NONE',  ( 1.000000000000000000, 0.000000000000000000, -4.218418767239443746E-18 ) ) ;
#245 = CARTESIAN_POINT ( 'NONE',  ( -123.7814999999999941, -50.16499999999999915, 23.02099878600006377 ) ) ;
#246 = LINE ( 'NONE', #113, #1153 ) ;
#247 = LINE ( 'NONE', #213, #134 ) ;
#248 = ORIENTED_EDGE ( 'NONE', *, *, #1521, .F. ) ;
#249 = VECTOR ( 'NONE', #1263, 1000.000000000000000 ) ;
#250 = EDGE_CURVE ( 'NONE', #1672, #704, #1069, .T. ) ;
#251 = ADVANCED_FACE ( 'NONE', ( #239 ), #1041, .F. ) ;
#252 = VECTOR ( 'NONE', #1277, 1000.000000000000000 ) ;
#253 = ORIENTED_EDGE ( 'NONE', *, *, #1523, .F. ) ;
#254 = COORDINATED_UNIVERSAL_TIME_OFFSET ( 5, 0, .BEHIND. ) ;
#255 = DIRECTION ( 'NONE',  ( 1.481680267750108152E-15, -1.000000000000000000, 0.000000000000000000 ) ) ;
#256 = DIRECTION ( 'NONE',  ( -1.365923996832133088E-16, -0.000000000000000000, -1.000000000000000000 ) ) ;
#257 = LINE ( 'NONE', #137, #108 ) ;
#258 = DIRECTION ( 'NONE',  ( 1.000000000000000000, 0.000000000000000000, 0.000000000000000000 ) ) ;
#259 = VERTEX_POINT ( 'NONE', #120 ) ;
#260 = FACE_OUTER_BOUND ( 'NONE', #954, .T. ) ;
#261 = ORIENTED_EDGE ( 'NONE', *, *, #585, .F. ) ;
#262 = CARTESIAN_POINT ( 'NONE',  ( 1.769999999999993356, 2.269999999999994245, 21.58999999999998209 ) ) ;
#263 = LINE ( 'NONE', #805, #525 ) ;
#264 = EDGE_CURVE ( 'NONE', #1399, #852, #908, .T. ) ;
#265 = DIRECTION ( 'NONE',  ( 0.000000000000000000, -0.000000000000000000, -1.000000000000000000 ) ) ;
#266 = VECTOR ( 'NONE', #534, 1000.000000000000000 ) ;
#267 = CARTESIAN_POINT ( 'NONE',  ( -9.461499999999983146, -53.33999999999999631, 51.18099999999999739 ) ) ;
#268 = ORIENTED_EDGE ( 'NONE', *, *, #1216, .T. ) ;
#269 = DATE_TIME_ROLE ( 'creation_date' ) ;
#270 = CARTESIAN_POINT ( 'NONE',  ( -120.6064999999999969, -41.33999999999998920, -5.489001213999998185 ) ) ;
#271 = DIRECTION ( 'NONE',  ( 0.000000000000000000, -1.000000000000000000, 0.000000000000000000 ) ) ;
#272 = EDGE_CURVE ( 'NONE', #1340, #1399, #1458, .T. ) ;
#273 = DIRECTION ( 'NONE',  ( 0.000000000000000000, -1.000000000000000000, 0.000000000000000000 ) ) ;
#274 = DIRECTION ( 'NONE',  ( 0.000000000000000000, 0.000000000000000000, 1.000000000000000000 ) ) ;
#275 = AXIS2_PLACEMENT_3D ( 'NONE', #1347, #1200, #787 ) ;
#276 = ORIENTED_EDGE ( 'NONE', *, *, #937, .F. ) ;
#277 = FACE_OUTER_BOUND ( 'NONE', #980, .T. ) ;
#278 = VECTOR ( 'NONE', #743, 1000.000000000000000 ) ;
#279 = DIRECTION ( 'NONE',  ( 1.000000000000000000, -0.000000000000000000, 0.000000000000000000 ) ) ;
#280 = PLANE ( 'NONE',  #987 ) ;
#281 = DIRECTION ( 'NONE',  ( -1.000000000000000000, 0.000000000000000000, 0.000000000000000000 ) ) ;
#282 = DIRECTION ( 'NONE',  ( 1.000000000000000000, 0.000000000000000000, 0.000000000000000000 ) ) ;
#283 = EDGE_CURVE ( 'NONE', #1672, #844, #528, .T. ) ;
#284 = ORIENTED_EDGE ( 'NONE', *, *, #995, .F. ) ;
#285 = VERTEX_POINT ( 'NONE', #654 ) ;
#286 = CARTESIAN_POINT ( 'NONE',  ( -107.6064999999999827, -6.349999999999983658, 51.18100000000001870 ) ) ;
#287 = CARTESIAN_POINT ( 'NONE',  ( -10.41000000000002501, 1.270000000000000018, -10.41000000000002501 ) ) ;
#288 = EDGE_LOOP ( 'NONE', ( #1386, #268, #964, #1406, #1054 ) ) ;
#289 = CARTESIAN_POINT ( 'NONE',  ( -192.9129999999999825, 2.269999999999994245, -5.489001213999997297 ) ) ;
#290 = VECTOR ( 'NONE', #85, 1000.000000000000000 ) ;
#291 = DIRECTION ( 'NONE',  ( -1.000000000000000000, 0.000000000000000000, 0.000000000000000000 ) ) ;
#292 = EDGE_LOOP ( 'NONE', ( #1312, #1124, #412, #1666 ) ) ;
#293 = AXIS2_PLACEMENT_3D ( 'NONE', #481, #345, #754 ) ;
#294 = SECURITY_CLASSIFICATION_LEVEL ( 'unclassified' ) ;
#295 = VERTEX_POINT ( 'NONE', #941 ) ;
#296 = FACE_OUTER_BOUND ( 'NONE', #1058, .T. ) ;
#297 = DIRECTION ( 'NONE',  ( -1.000000000000000000, -0.000000000000000000, -0.000000000000000000 ) ) ;
#298 = VERTEX_POINT ( 'NONE', #1743 ) ;
#299 = CARTESIAN_POINT ( 'NONE',  ( -56.43150000000004951, -12.69999999999998153, -44.23848569404203346 ) ) ;
#301 = EDGE_CURVE ( 'NONE', #1065, #793, #509, .T. ) ;
#300 = VERTEX_POINT ( 'NONE', #1613 ) ;
#302 = EDGE_CURVE ( 'NONE', #443, #1092, #246, .T. ) ;
#303 = VERTEX_POINT ( 'NONE', #925 ) ;
#304 = DIRECTION ( 'NONE',  ( -1.365923996832132842E-16, 0.000000000000000000, -1.000000000000000000 ) ) ;
#305 = PLANE ( 'NONE',  #222 ) ;
#306 = VECTOR ( 'NONE', #1585, 1000.000000000000000 ) ;
#307 = ORIENTED_EDGE ( 'NONE', *, *, #1415, .F. ) ;
#308 = CARTESIAN_POINT ( 'NONE',  ( -120.6064999999999969, 2.270000000000001350, 51.18099999999999739 ) ) ;
#309 = ORIENTED_EDGE ( 'NONE', *, *, #1592, .T. ) ;
#310 = ORIENTED_EDGE ( 'NONE', *, *, #1152, .T. ) ;
#311 = DIRECTION ( 'NONE',  ( -0.000000000000000000, 1.000000000000000000, -0.000000000000000000 ) ) ;
#312 = CARTESIAN_POINT ( 'NONE',  ( 11.67999999999999972, 1.270000000000000018, 11.67999999999999972 ) ) ;
#313 = ORIENTED_EDGE ( 'NONE', *, *, #1130, .T. ) ;
#314 = DIRECTION ( 'NONE',  ( -0.000000000000000000, -1.000000000000000000, -0.000000000000000000 ) ) ;
#315 = VECTOR ( 'NONE', #1329, 1000.000000000000000 ) ;
#316 = CIRCLE ( 'NONE', #1326, 2.875000000000002665 ) ;
#317 = LINE ( 'NONE', #746, #735 ) ;
#318 = VERTEX_POINT ( 'NONE', #371 ) ;
#319 = APPROVAL_STATUS ( 'not_yet_approved' ) ;
#320 = VECTOR ( 'NONE', #1507, 1000.000000000000000 ) ;
#321 = ORIENTED_EDGE ( 'NONE', *, *, #1127, .T. ) ;
#322 = DIRECTION ( 'NONE',  ( -0.000000000000000000, -0.000000000000000000, 1.000000000000000000 ) ) ;
#323 = LINE ( 'NONE', #609, #333 ) ;
#324 = ORIENTED_EDGE ( 'NONE', *, *, #1372, .F. ) ;
#325 = CC_DESIGN_PERSON_AND_ORGANIZATION_ASSIGNMENT ( #1526, #1274, ( #1677 ) ) ;
#326 = CARTESIAN_POINT ( 'NONE',  ( -68.10649999999996851, -6.349999999999988098, 23.74892084735787279 ) ) ;
#327 = ADVANCED_FACE ( 'NONE', ( #1077 ), #1338, .T. ) ;
#328 = DIRECTION ( 'NONE',  ( -0.000000000000000000, 0.000000000000000000, 1.000000000000000000 ) ) ;
#329 = ORIENTED_EDGE ( 'NONE', *, *, #872, .T. ) ;
#330 = VERTEX_POINT ( 'NONE', #1476 ) ;
#331 = DIRECTION ( 'NONE',  ( -1.365923996832132842E-16, -0.000000000000000000, -1.000000000000000000 ) ) ;
#332 = LINE ( 'NONE', #38, #278 ) ;
#333 = VECTOR ( 'NONE', #1575, 1000.000000000000000 ) ;
#334 = VERTEX_POINT ( 'NONE', #396 ) ;
#335 = AXIS2_PLACEMENT_3D ( 'NONE', #1662, #1355, #797 ) ;
#336 = LINE ( 'NONE', #1135, #932 ) ;
#337 = VECTOR ( 'NONE', #1309, 1000.000000000000000 ) ;
#338 = CARTESIAN_POINT ( 'NONE',  ( -75.48149999999998272, -6.349999999999988987, 11.02099878599999805 ) ) ;
#339 = ORIENTED_EDGE ( 'NONE', *, *, #709, .F. ) ;
#340 = ADVANCED_FACE ( 'NONE', ( #788 ), #931, .F. ) ;
#341 = EDGE_LOOP ( 'NONE', ( #1210, #162, #60, #1158, #1103, #1495, #1756, #1727 ) ) ;
#342 = CARTESIAN_POINT ( 'NONE',  ( -123.7814999999999941, -50.16499999999999915, 51.18099999999999739 ) ) ;
#343 = CARTESIAN_POINT ( 'NONE',  ( -59.60649999999998983, -53.33999999999999631, 51.18099999999999739 ) ) ;
#344 = ORIENTED_EDGE ( 'NONE', *, *, #1671, .F. ) ;
#345 = DIRECTION ( 'NONE',  ( 0.000000000000000000, -0.000000000000000000, -1.000000000000000000 ) ) ;
#346 = PLANE ( 'NONE',  #1570 ) ;
#347 = VERTEX_POINT ( 'NONE', #1768 ) ;
#348 = EDGE_CURVE ( 'NONE', #443, #1546, #535, .T. ) ;
#349 = ORIENTED_EDGE ( 'NONE', *, *, #669, .F. ) ;
#350 = CARTESIAN_POINT ( 'NONE',  ( -19.05000000000001137, 2.269999999999994245, -1.770000000000002016 ) ) ;
#351 = CARTESIAN_POINT ( 'NONE',  ( -9.461499999999983146, -53.33999999999999631, 51.18099999999999739 ) ) ;
#352 = AXIS2_PLACEMENT_3D ( 'NONE', #286, #1776, #1104 ) ;
#353 = LINE ( 'NONE', #653, #223 ) ;
#354 = CARTESIAN_POINT ( 'NONE',  ( -123.7814999999999941, -12.69999999999999574, -44.23848569404203346 ) ) ;
#355 = DIRECTION ( 'NONE',  ( -0.000000000000000000, -1.000000000000000000, -0.000000000000000000 ) ) ;
#356 = CARTESIAN_POINT ( 'NONE',  ( -12.63649999999999451, -38.16500000000003467, 11.02099878600000160 ) ) ;
#357 = EDGE_CURVE ( 'NONE', #374, #1619, #263, .T. ) ;
#358 = ORIENTED_EDGE ( 'NONE', *, *, #740, .F. ) ;
#359 = LINE ( 'NONE', #901, #635 ) ;
#360 = EDGE_CURVE ( 'NONE', #295, #1680, #316, .T. ) ;
#361 = CARTESIAN_POINT ( 'NONE',  ( -19.05000000000001137, 1.270000000000000018, -1.770000000000002016 ) ) ;
#362 = EDGE_CURVE ( 'NONE', #1252, #1365, #821, .T. ) ;
#363 = VECTOR ( 'NONE', #1125, 1000.000000000000000 ) ;
#364 = CARTESIAN_POINT ( 'NONE',  ( -176.4029999999999632, 0.000000000000000000, 51.18099999999999739 ) ) ;
#365 = AXIS2_PLACEMENT_3D ( 'NONE', #871, #328, #1043 ) ;
#366 = ORIENTED_EDGE ( 'NONE', *, *, #567, .F. ) ;
#367 = VECTOR ( 'NONE', #582, 1000.000000000000000 ) ;
#368 = ORIENTED_EDGE ( 'NONE', *, *, #872, .F. ) ;
#369 = FACE_OUTER_BOUND ( 'NONE', #445, .T. ) ;
#370 = DIRECTION ( 'NONE',  ( 1.000000000000000000, -1.708245668120933462E-16, 0.000000000000000000 ) ) ;
#371 = CARTESIAN_POINT ( 'NONE',  ( -167.5764999999999816, -38.16500000000003467, 11.02099878600000160 ) ) ;
#372 = CARTESIAN_POINT ( 'NONE',  ( -19.05000000000001137, 2.269999999999994245, -1.770000000000002016 ) ) ;
#373 = FACE_OUTER_BOUND ( 'NONE', #1334, .T. ) ;
#374 = VERTEX_POINT ( 'NONE', #813 ) ;
#375 = AXIS2_PLACEMENT_3D ( 'NONE', #646, #1623, #379 ) ;
#376 = ORIENTED_EDGE ( 'NONE', *, *, #531, .F. ) ;
#377 = CARTESIAN_POINT ( 'NONE',  ( -167.5764999999999816, -50.16500000000000625, 23.02099878600006022 ) ) ;
#378 = DIRECTION ( 'NONE',  ( -1.000000000000000000, 0.000000000000000000, 0.000000000000000000 ) ) ;
#379 = DIRECTION ( 'NONE',  ( 0.000000000000000000, 0.000000000000000000, -1.000000000000000000 ) ) ;
#380 = EDGE_CURVE ( 'NONE', #1573, #832, #1502, .T. ) ;
#381 = CIRCLE ( 'NONE', #834, 4.500000000000003553 ) ;
#382 = LINE ( 'NONE', #926, #647 ) ;
#383 = EDGE_CURVE ( 'NONE', #549, #572, #143, .T. ) ;
#384 = ORIENTED_EDGE ( 'NONE', *, *, #302, .T. ) ;
#385 = ORIENTED_EDGE ( 'NONE', *, *, #98, .T. ) ;
#386 = APPROVAL_STATUS ( 'not_yet_approved' ) ;
#387 = DIRECTION ( 'NONE',  ( 1.000000000000000000, 0.000000000000000000, 0.000000000000000000 ) ) ;
#388 = DIRECTION ( 'NONE',  ( 1.000000000000000000, 0.000000000000000000, 0.000000000000000000 ) ) ;
#389 = CARTESIAN_POINT ( 'NONE',  ( -9.461499999999983146, -12.69999999999998863, -5.489001213999998185 ) ) ;
#390 = DIRECTION ( 'NONE',  ( -1.000000000000000000, -0.000000000000000000, -0.000000000000000000 ) ) ;
#391 = VECTOR ( 'NONE', #1318, 1000.000000000000000 ) ;
#392 = EDGE_CURVE ( 'NONE', #318, #873, #668, .T. ) ;
#393 = VERTEX_POINT ( 'NONE', #541 ) ;
#394 = CARTESIAN_POINT ( 'NONE',  ( -192.9129999999999825, -12.69999999999998863, -5.489001213999997297 ) ) ;
#395 = CARTESIAN_POINT ( 'NONE',  ( -56.43150000000004951, -12.69999999999998153, 51.18099999999999739 ) ) ;
#396 = CARTESIAN_POINT ( 'NONE',  ( -56.43150000000004951, -12.69999999999998153, 11.02099878599999805 ) ) ;
#397 = CARTESIAN_POINT ( 'NONE',  ( -59.60649999999998983, -41.33999999999993236, -5.489001214000015949 ) ) ;
#398 = CARTESIAN_POINT ( 'NONE',  ( -4.761427309039232424E-27, 6.493354763880101290E-13, 51.18099999999999739 ) ) ;
#400 = VERTEX_POINT ( 'NONE', #551 ) ;
#399 = ADVANCED_FACE ( 'NONE', ( #414, #1123 ), #831, .F. ) ;
#401 = PLANE ( 'NONE',  #1098 ) ;
#402 = AXIS2_PLACEMENT_3D ( 'NONE', #1485, #256, #661 ) ;
#403 = ORIENTED_EDGE ( 'NONE', *, *, #1375, .F. ) ;
#404 = DIRECTION ( 'NONE',  ( -1.000000000000000000, 0.000000000000000000, 6.103324382627934694E-17 ) ) ;
#405 = CARTESIAN_POINT ( 'NONE',  ( -155.5829999999999700, 4.445000000000000284, 3.809999999999999165 ) ) ;
#406 = LINE ( 'NONE', #670, #1018 ) ;
#407 = VECTOR ( 'NONE', #370, 1000.000000000000000 ) ;
#408 = CARTESIAN_POINT ( 'NONE',  ( 0.000000000000000000, 0.000000000000000000, 49.91099999999999426 ) ) ;
#409 = ORIENTED_EDGE ( 'NONE', *, *, #44, .T. ) ;
#410 = DIRECTION ( 'NONE',  ( 1.000000000000000000, 1.708245668120933462E-16, 0.000000000000000000 ) ) ;
#411 = EDGE_CURVE ( 'NONE', #231, #153, #548, .T. ) ;
#412 = ORIENTED_EDGE ( 'NONE', *, *, #970, .T. ) ;
#413 = CARTESIAN_POINT ( 'NONE',  ( -77.10649999999998272, -6.349999999999988987, 6.020998786000000713 ) ) ;
#414 = FACE_OUTER_BOUND ( 'NONE', #116, .T. ) ;
#415 = EDGE_CURVE ( 'NONE', #1350, #1446, #687, .T. ) ;
#416 = DIRECTION ( 'NONE',  ( -0.000000000000000000, 0.000000000000000000, 1.000000000000000000 ) ) ;
#417 = CARTESIAN_POINT ( 'NONE',  ( 1.769999999999993356, 0.000000000000000000, 0.000000000000000000 ) ) ;
#418 = VECTOR ( 'NONE', #444, 1000.000000000000000 ) ;
#419 = ORIENTED_EDGE ( 'NONE', *, *, #11, .T. ) ;
#420 = PERSON_AND_ORGANIZATION ( #1247, #554 ) ;
#421 = CIRCLE ( 'NONE', #109, 2.875000000000002665 ) ;
#422 = ORIENTED_EDGE ( 'NONE', *, *, #1715, .T. ) ;
#423 = LINE ( 'NONE', #1352, #806 ) ;
#424 = CARTESIAN_POINT ( 'NONE',  ( -170.7514999999999930, -53.33999999999999631, 51.18099999999999739 ) ) ;
#425 = ORIENTED_EDGE ( 'NONE', *, *, #1342, .F. ) ;
#426 = FACE_OUTER_BOUND ( 'NONE', #711, .T. ) ;
#427 = CARTESIAN_POINT ( 'NONE',  ( 1.769999999999993356, 2.269999999999994245, -1.770000000000002016 ) ) ;
#428 = ORIENTED_EDGE ( 'NONE', *, *, #948, .F. ) ;
#429 = ORIENTED_EDGE ( 'NONE', *, *, #348, .T. ) ;
#430 = CYLINDRICAL_SURFACE ( 'NONE', #862, 4.500000000000003553 ) ;
#431 = DIRECTION ( 'NONE',  ( -1.000000000000000000, 0.000000000000000000, 1.927470528863117569E-16 ) ) ;
#432 = ORIENTED_EDGE ( 'NONE', *, *, #1592, .F. ) ;
#433 = FACE_OUTER_BOUND ( 'NONE', #642, .T. ) ;
#434 = ADVANCED_FACE ( 'NONE', ( #975 ), #1510, .F. ) ;
#435 = EDGE_CURVE ( 'NONE', #625, #505, #1097, .T. ) ;
#436 = AXIS2_PLACEMENT_3D ( 'NONE', #804, #279, #820 ) ;
#437 = ORIENTED_EDGE ( 'NONE', *, *, #86, .T. ) ;
#438 = LOCAL_TIME ( 12, 15, 17.00000000000000000, #254 ) ;
#439 = PRODUCT ( 'Y-axis Way Cover Cover motor Side', 'Y-axis Way Cover Cover motor Side', '', ( #819 ) ) ;
#440 = ORIENTED_EDGE ( 'NONE', *, *, #640, .F. ) ;
#441 = CARTESIAN_POINT ( 'NONE',  ( -3.810000000000035580, 3.106988124944954422E-13, 49.91099999999999426 ) ) ;
#442 = CARTESIAN_POINT ( 'NONE',  ( -72.60649999999998272, -6.349999999999988987, -5.489001214000014173 ) ) ;
#443 = VERTEX_POINT ( 'NONE', #707 ) ;
#444 = DIRECTION ( 'NONE',  ( -0.000000000000000000, -0.000000000000000000, 1.000000000000000000 ) ) ;
#445 = EDGE_LOOP ( 'NONE', ( #998, #1435, #1774, #601 ) ) ;
#446 = PERSON_AND_ORGANIZATION_ROLE ( 'design_supplier' ) ;
#447 = EDGE_CURVE ( 'NONE', #303, #1367, #1259, .T. ) ;
#448 = ORIENTED_EDGE ( 'NONE', *, *, #1047, .F. ) ;
#449 = CARTESIAN_POINT ( 'NONE',  ( -176.4029999999999632, -1.208654451933713058E-15, 49.91099999999999426 ) ) ;
#450 = CARTESIAN_POINT ( 'NONE',  ( -192.9129999999999825, -12.69999999999998863, -5.489001213999997297 ) ) ;
#451 = AXIS2_PLACEMENT_3D ( 'NONE', #1180, #511, #763 ) ;
#452 = ORIENTED_EDGE ( 'NONE', *, *, #228, .F. ) ;
#453 = CARTESIAN_POINT ( 'NONE',  ( -56.43150000000004951, -12.69999999999998153, 51.18099999999999739 ) ) ;
#454 = ORIENTED_EDGE ( 'NONE', *, *, #860, .F. ) ;
#455 = APPROVAL_DATE_TIME ( #187, #1235 ) ;
#456 = ADVANCED_FACE ( 'NONE', ( #956 ), #280, .T. ) ;
#457 = VERTEX_POINT ( 'NONE', #984 ) ;
#458 = DIRECTION ( 'NONE',  ( 0.000000000000000000, -0.000000000000000000, -1.000000000000000000 ) ) ;
#459 = CARTESIAN_POINT ( 'NONE',  ( -176.4029999999999632, -1.208654451933713058E-15, 51.18099999999999739 ) ) ;
#460 = ADVANCED_FACE ( 'NONE', ( #14, #1537 ), #305, .F. ) ;
#461 = EDGE_LOOP ( 'NONE', ( #605, #885, #976, #614 ) ) ;
#462 = CARTESIAN_POINT ( 'NONE',  ( -3.142247407067489512E-30, 2.294704387520198855E-14, 51.18099999999999739 ) ) ;
#463 = VECTOR ( 'NONE', #390, 1000.000000000000000 ) ;
#464 = AXIS2_PLACEMENT_3D ( 'NONE', #1649, #1231, #1640 ) ;
#465 = CARTESIAN_POINT ( 'NONE',  ( -3.810000000000007603, 4.445000000000000284, 27.17000000000000881 ) ) ;
#466 = ORIENTED_EDGE ( 'NONE', *, *, #683, .T. ) ;
#467 = AXIS2_PLACEMENT_3D ( 'NONE', #1484, #1622, #404 ) ;
#468 = EDGE_LOOP ( 'NONE', ( #148, #1562, #494, #836 ) ) ;
#469 = DIRECTION ( 'NONE',  ( -0.000000000000000000, -1.000000000000000000, -0.000000000000000000 ) ) ;
#470 = CARTESIAN_POINT ( 'NONE',  ( -192.9129999999999825, 2.269999999999994245, -5.489001213999997297 ) ) ;
#471 = ORIENTED_EDGE ( 'NONE', *, *, #807, .T. ) ;
#472 = LINE ( 'NONE', #1405, #1254 ) ;
#473 = EDGE_CURVE ( 'NONE', #973, #852, #1402, .T. ) ;
#474 = DIRECTION ( 'NONE',  ( 1.000000000000000000, 0.000000000000000000, 0.000000000000000000 ) ) ;
#475 = ORIENTED_EDGE ( 'NONE', *, *, #415, .T. ) ;
#476 = ORIENTED_EDGE ( 'NONE', *, *, #619, .F. ) ;
#477 = DIRECTION ( 'NONE',  ( 1.000000000000000000, 1.708245668120933462E-16, -0.000000000000000000 ) ) ;
#478 = CARTESIAN_POINT ( 'NONE',  ( -24.63000000000004164, 1.270000000000000018, 3.809999999999991172 ) ) ;
#479 = ORIENTED_EDGE ( 'NONE', *, *, #264, .F. ) ;
#480 = VECTOR ( 'NONE', #33, 1000.000000000000000 ) ;
#481 = CARTESIAN_POINT ( 'NONE',  ( -107.6064999999999827, -6.349999999999983658, 6.020998786000000713 ) ) ;
#482 = AXIS2_PLACEMENT_3D ( 'NONE', #734, #723, #854 ) ;
#483 = DIRECTION ( 'NONE',  ( 0.000000000000000000, 0.000000000000000000, -1.000000000000000000 ) ) ;
#484 = EDGE_CURVE ( 'NONE', #1480, #1422, #994, .T. ) ;
#485 = DIRECTION ( 'NONE',  ( 0.000000000000000000, 0.000000000000000000, -1.000000000000000000 ) ) ;
#486 = ORIENTED_EDGE ( 'NONE', *, *, #1498, .T. ) ;
#487 = CARTESIAN_POINT ( 'NONE',  ( -107.6064999999999827, -6.349999999999983658, 11.02099878600000515 ) ) ;
#488 = DIRECTION ( 'NONE',  ( -0.000000000000000000, 0.000000000000000000, 1.000000000000000000 ) ) ;
#489 = DIRECTION ( 'NONE',  ( -1.000000000000000000, 0.000000000000000000, 0.000000000000000000 ) ) ;
#490 = CARTESIAN_POINT ( 'NONE',  ( -120.6064999999999969, -53.33999999999999631, 51.18099999999999739 ) ) ;
#491 = DIRECTION ( 'NONE',  ( -1.365923996832133088E-16, -0.000000000000000000, -1.000000000000000000 ) ) ;
#492 = EDGE_CURVE ( 'NONE', #555, #1669, #323, .T. ) ;
#493 = EDGE_CURVE ( 'NONE', #766, #72, #590, .T. ) ;
#494 = ORIENTED_EDGE ( 'NONE', *, *, #729, .T. ) ;
#495 = EDGE_CURVE ( 'NONE', #400, #583, #209, .T. ) ;
#496 = ORIENTED_EDGE ( 'NONE', *, *, #740, .T. ) ;
#497 = DIRECTION ( 'NONE',  ( -0.000000000000000000, 1.000000000000000000, -0.000000000000000000 ) ) ;
#498 = VECTOR ( 'NONE', #477, 1000.000000000000000 ) ;
#499 = LINE ( 'NONE', #361, #587 ) ;
#500 = CARTESIAN_POINT ( 'NONE',  ( -192.9129999999999825, 2.269999999999994245, 51.18099999999999739 ) ) ;
#501 = CC_DESIGN_APPROVAL ( #1362, ( #1677 ) ) ;
#502 = LINE ( 'NONE', #1451, #906 ) ;
#503 = LINE ( 'NONE', #861, #1284 ) ;
#504 = DIRECTION ( 'NONE',  ( 0.000000000000000000, -1.000000000000000000, -0.000000000000000000 ) ) ;
#505 = VERTEX_POINT ( 'NONE', #343 ) ;
#506 = LINE ( 'NONE', #1437, #1414 ) ;
#507 = EDGE_CURVE ( 'NONE', #19, #457, #167, .T. ) ;
#508 = DIRECTION ( 'NONE',  ( -1.000000000000000000, 0.000000000000000000, 1.927470528863117569E-16 ) ) ;
#509 = LINE ( 'NONE', #781, #290 ) ;
#510 = AXIS2_PLACEMENT_3D ( 'NONE', #1670, #1371, #1253 ) ;
#511 = DIRECTION ( 'NONE',  ( 1.000000000000000000, 0.000000000000000000, 0.000000000000000000 ) ) ;
#512 = CIRCLE ( 'NONE', #482, 2.875000000000002665 ) ;
#513 = DIRECTION ( 'NONE',  ( -0.000000000000000000, -0.000000000000000000, 1.000000000000000000 ) ) ;
#514 = ORIENTED_EDGE ( 'NONE', *, *, #1205, .T. ) ;
#515 = ORIENTED_EDGE ( 'NONE', *, *, #632, .T. ) ;
#516 = CARTESIAN_POINT ( 'NONE',  ( -12.63649999999999451, -12.69999999999998863, 11.02099878600000160 ) ) ;
#517 = CC_DESIGN_PERSON_AND_ORGANIZATION_ASSIGNMENT ( #972, #446, ( #1677 ) ) ;
#518 = EDGE_CURVE ( 'NONE', #224, #539, #1305, .T. ) ;
#519 = LINE ( 'NONE', #1336, #1022 ) ;
#520 = LINE ( 'NONE', #112, #306 ) ;
#521 = CARTESIAN_POINT ( 'NONE',  ( -120.6064999999999969, -53.33999999999999631, 51.18099999999999739 ) ) ;
#522 = DIRECTION ( 'NONE',  ( -1.365923996832133088E-16, -0.000000000000000000, -1.000000000000000000 ) ) ;
#523 = VERTEX_POINT ( 'NONE', #877 ) ;
#524 = VERTEX_POINT ( 'NONE', #1161 ) ;
#525 = VECTOR ( 'NONE', #136, 1000.000000000000114 ) ;
#526 = APPROVAL_STATUS ( 'not_yet_approved' ) ;
#527 = DIRECTION ( 'NONE',  ( -0.000000000000000000, 0.000000000000000000, 1.000000000000000000 ) ) ;
#528 = LINE ( 'NONE', #637, #1297 ) ;
#529 = VECTOR ( 'NONE', #469, 1000.000000000000000 ) ;
#530 = DIRECTION ( 'NONE',  ( -1.000000000000000000, 0.000000000000000000, 1.927470528863117569E-16 ) ) ;
#531 = EDGE_CURVE ( 'NONE', #1533, #524, #868, .T. ) ;
#532 = DIRECTION ( 'NONE',  ( 1.000000000000000000, 0.000000000000000000, 0.000000000000000000 ) ) ;
#533 = ORIENTED_EDGE ( 'NONE', *, *, #173, .F. ) ;
#534 = DIRECTION ( 'NONE',  ( -1.047706164876396263E-15, 0.7071067811865444641, -0.7071067811865505703 ) ) ;
#535 = LINE ( 'NONE', #1631, #1550 ) ;
#536 = DIRECTION ( 'NONE',  ( -1.365923996832133088E-16, -0.000000000000000000, -1.000000000000000000 ) ) ;
#537 = CARTESIAN_POINT ( 'NONE',  ( 0.000000000000000000, 0.000000000000000000, 49.91100000000001558 ) ) ;
#538 = CIRCLE ( 'NONE', #1540, 4.500000000000003553 ) ;
#539 = VERTEX_POINT ( 'NONE', #714 ) ;
#540 = FACE_OUTER_BOUND ( 'NONE', #739, .T. ) ;
#541 = CARTESIAN_POINT ( 'NONE',  ( -120.6064999999999969, -53.33999999999999631, 6.510998785999976946 ) ) ;
#542 = CARTESIAN_POINT ( 'NONE',  ( -9.461499999999983146, -12.69999999999999929, 51.18099999999999739 ) ) ;
#543 = LINE ( 'NONE', #408, #828 ) ;
#544 = EDGE_CURVE ( 'NONE', #188, #1608, #617, .T. ) ;
#545 = EDGE_LOOP ( 'NONE', ( #164, #866, #657, #1653 ) ) ;
#546 = PERSON_AND_ORGANIZATION ( #1247, #554 ) ;
#547 = EDGE_CURVE ( 'NONE', #1543, #27, #512, .T. ) ;
#548 = CIRCLE ( 'NONE', #773, 4.500000000000003553 ) ;
#549 = VERTEX_POINT ( 'NONE', #752 ) ;
#550 = LINE ( 'NONE', #1096, #122 ) ;
#551 = CARTESIAN_POINT ( 'NONE',  ( -123.7814999999999941, -50.16499999999999915, 23.02099878600006377 ) ) ;
#552 = LINE ( 'NONE', #397, #22 ) ;
#553 = DIRECTION ( 'NONE',  ( 0.000000000000000000, 0.7071067811865491270, -0.7071067811865459074 ) ) ;
#554 = ORGANIZATION ( 'UNSPECIFIED', 'UNSPECIFIED', '' ) ;
#555 = VERTEX_POINT ( 'NONE', #1011 ) ;
#556 = APPROVAL_ROLE ( '' ) ;
#557 = ORIENTED_EDGE ( 'NONE', *, *, #383, .T. ) ;
#558 = DIRECTION ( 'NONE',  ( 0.000000000000000000, 1.000000000000000000, 0.000000000000000000 ) ) ;
#559 = VERTEX_POINT ( 'NONE', #1564 ) ;
#560 = PLANE ( 'NONE',  #902 ) ;
#561 = CARTESIAN_POINT ( 'NONE',  ( -176.4029999999999632, 4.445000000000000284, 27.17000000000003723 ) ) ;
#562 = VECTOR ( 'NONE', #1269, 1000.000000000000000 ) ;
#563 = ORIENTED_EDGE ( 'NONE', *, *, #118, .F. ) ;
#564 = VECTOR ( 'NONE', #355, 1000.000000000000000 ) ;
#565 = ORIENTED_EDGE ( 'NONE', *, *, #1272, .F. ) ;
#566 = PLANE ( 'NONE',  #1385 ) ;
#567 = EDGE_CURVE ( 'NONE', #1121, #1184, #332, .T. ) ;
#568 = EDGE_CURVE ( 'NONE', #625, #967, #1288, .T. ) ;
#569 = ORIENTED_EDGE ( 'NONE', *, *, #302, .F. ) ;
#570 = LINE ( 'NONE', #121, #192 ) ;
#571 = ORIENTED_EDGE ( 'NONE', *, *, #1706, .T. ) ;
#572 = VERTEX_POINT ( 'NONE', #478 ) ;
#573 = CARTESIAN_POINT ( 'NONE',  ( -167.5764999999999816, -50.16500000000000625, -23.41567824590889302 ) ) ;
#574 = EDGE_LOOP ( 'NONE', ( #1749, #514, #1268, #376 ) ) ;
#575 = CARTESIAN_POINT ( 'NONE',  ( -181.9829999999999757, 0.000000000000000000, -1.770000000000002016 ) ) ;
#576 = EDGE_CURVE ( 'NONE', #259, #1665, #1723, .T. ) ;
#577 = CIRCLE ( 'NONE', #1734, 2.875000000000002665 ) ;
#578 = ORIENTED_EDGE ( 'NONE', *, *, #882, .F. ) ;
#579 = LOCAL_TIME ( 12, 15, 17.00000000000000000, #786 ) ;
#580 = ORIENTED_EDGE ( 'NONE', *, *, #748, .F. ) ;
#581 = CARTESIAN_POINT ( 'NONE',  ( 12.69999999999998153, 2.269999999999994245, 51.18099999999999739 ) ) ;
#582 = DIRECTION ( 'NONE',  ( -0.000000000000000000, -0.000000000000000000, 1.000000000000000000 ) ) ;
#583 = VERTEX_POINT ( 'NONE', #1431 ) ;
#584 = LINE ( 'NONE', #462, #843 ) ;
#585 = EDGE_CURVE ( 'NONE', #1008, #1519, #1713, .T. ) ;
#586 = ORIENTED_EDGE ( 'NONE', *, *, #1342, .T. ) ;
#587 = VECTOR ( 'NONE', #489, 1000.000000000000000 ) ;
#588 = ORIENTED_EDGE ( 'NONE', *, *, #1717, .T. ) ;
#589 = PLANE ( 'NONE',  #692 ) ;
#590 = LINE ( 'NONE', #201, #1142 ) ;
#591 = VECTOR ( 'NONE', #1295, 1000.000000000000000 ) ;
#592 = ORIENTED_EDGE ( 'NONE', *, *, #1272, .T. ) ;
#593 = LINE ( 'NONE', #849, #1136 ) ;
#594 = DIRECTION ( 'NONE',  ( -0.000000000000000000, 0.000000000000000000, 1.000000000000000000 ) ) ;
#596 = ORIENTED_EDGE ( 'NONE', *, *, #1468, .F. ) ;
#595 = PRODUCT_RELATED_PRODUCT_CATEGORY ( 'detail', '', ( #439 ) ) ;
#597 = ORIENTED_EDGE ( 'NONE', *, *, #1412, .T. ) ;
#598 = CARTESIAN_POINT ( 'NONE',  ( -56.43149999999999267, -50.16499999999999915, -44.23848569404203346 ) ) ;
#599 = PLANE ( 'NONE',  #1426 ) ;
#600 = EDGE_CURVE ( 'NONE', #695, #1131, #56, .T. ) ;
#601 = ORIENTED_EDGE ( 'NONE', *, *, #1225, .T. ) ;
#602 = CARTESIAN_POINT ( 'NONE',  ( 1.769999999999993356, 0.000000000000000000, -1.770000000000002016 ) ) ;
#603 = VECTOR ( 'NONE', #271, 1000.000000000000000 ) ;
#604 = DIRECTION ( 'NONE',  ( 0.000000000000000000, -1.000000000000000000, -0.000000000000000000 ) ) ;
#605 = ORIENTED_EDGE ( 'NONE', *, *, #1695, .T. ) ;
#606 = VECTOR ( 'NONE', #244, 1000.000000000000000 ) ;
#607 = ORIENTED_EDGE ( 'NONE', *, *, #210, .T. ) ;
#608 = CARTESIAN_POINT ( 'NONE',  ( -192.9129999999999825, 4.445000000000000284, 49.91100000000001558 ) ) ;
#609 = CARTESIAN_POINT ( 'NONE',  ( -123.7814999999999941, -12.69999999999999574, -44.23848569404203346 ) ) ;
#610 = ORIENTED_EDGE ( 'NONE', *, *, #935, .F. ) ;
#611 = ADVANCED_FACE ( 'NONE', ( #1141, #1421, #1169 ), #599, .T. ) ;
#612 = CARTESIAN_POINT ( 'NONE',  ( -120.6064999999999969, -12.70000000000000284, 11.02099878600000160 ) ) ;
#613 = DIRECTION ( 'NONE',  ( -0.000000000000000000, -0.000000000000000000, 1.000000000000000000 ) ) ;
#614 = ORIENTED_EDGE ( 'NONE', *, *, #567, .T. ) ;
#615 = ORIENTED_EDGE ( 'NONE', *, *, #727, .T. ) ;
#616 = LINE ( 'NONE', #1722, #1530 ) ;
#617 = LINE ( 'NONE', #180, #194 ) ;
#618 = VECTOR ( 'NONE', #737, 1000.000000000000000 ) ;
#619 = EDGE_CURVE ( 'NONE', #523, #1252, #847, .T. ) ;
#620 = LINE ( 'NONE', #245, #874 ) ;
#621 = EDGE_CURVE ( 'NONE', #1302, #224, #218, .T. ) ;
#622 = DIRECTION ( 'NONE',  ( 0.000000000000000000, 0.000000000000000000, 1.000000000000000000 ) ) ;
#623 = DIRECTION ( 'NONE',  ( 0.000000000000000000, -0.000000000000000000, -1.000000000000000000 ) ) ;
#624 = FACE_OUTER_BOUND ( 'NONE', #990, .T. ) ;
#625 = VERTEX_POINT ( 'NONE', #351 ) ;
#626 = FACE_OUTER_BOUND ( 'NONE', #963, .T. ) ;
#627 = LINE ( 'NONE', #1593, #131 ) ;
#628 = PLANE ( 'NONE',  #1746 ) ;
#629 = CARTESIAN_POINT ( 'NONE',  ( 12.69999999999998863, 4.445000000000000284, -5.489001213999997297 ) ) ;
#630 = AXIS2_PLACEMENT_3D ( 'NONE', #1779, #702, #1763 ) ;
#631 = ORIENTED_EDGE ( 'NONE', *, *, #1240, .F. ) ;
#632 = EDGE_CURVE ( 'NONE', #347, #666, #1747, .T. ) ;
#633 = VERTEX_POINT ( 'NONE', #726 ) ;
#634 = DIRECTION ( 'NONE',  ( 0.000000000000000000, 0.000000000000000000, -1.000000000000000000 ) ) ;
#635 = VECTOR ( 'NONE', #1020, 1000.000000000000000 ) ;
#636 = CARTESIAN_POINT ( 'NONE',  ( -181.9829999999999757, 1.270000000000000240, 49.91099999999999426 ) ) ;
#637 = CARTESIAN_POINT ( 'NONE',  ( -12.63649999999999451, -50.16500000000000625, -23.41567824590889302 ) ) ;
#638 = CARTESIAN_POINT ( 'NONE',  ( -161.1629999999999825, 0.000000000000000000, 11.02099878600000160 ) ) ;
#639 = ORIENTED_EDGE ( 'NONE', *, *, #264, .T. ) ;
#640 = EDGE_CURVE ( 'NONE', #633, #1665, #1416, .T. ) ;
#641 = EDGE_CURVE ( 'NONE', #400, #298, #1560, .T. ) ;
#642 = EDGE_LOOP ( 'NONE', ( #1432, #952, #1417, #403, #1740, #101, #313, #1748, #1462, #12, #607, #1551, #586, #578, #869, #1571 ) ) ;
#643 = ORIENTED_EDGE ( 'NONE', *, *, #544, .F. ) ;
#644 = CARTESIAN_POINT ( 'NONE',  ( -12.63649999999999451, 0.000000000000000000, 51.18099999999999739 ) ) ;
#645 = CARTESIAN_POINT ( 'NONE',  ( -56.43150000000004951, -12.69999999999998153, -44.23848569404203346 ) ) ;
#646 = CARTESIAN_POINT ( 'NONE',  ( 0.000000000000000000, 1.270000000000000018, 0.000000000000000000 ) ) ;
#647 = VECTOR ( 'NONE', #273, 1000.000000000000000 ) ;
#648 = CARTESIAN_POINT ( 'NONE',  ( -120.6064999999999969, 2.270000000000001350, 51.18099999999999739 ) ) ;
#649 = AXIS2_PLACEMENT_3D ( 'NONE', #1156, #78, #474 ) ;
#650 = ORIENTED_EDGE ( 'NONE', *, *, #1404, .T. ) ;
#651 = ORIENTED_EDGE ( 'NONE', *, *, #727, .F. ) ;
#652 = APPROVAL_DATE_TIME ( #1093, #855 ) ;
#653 = CARTESIAN_POINT ( 'NONE',  ( -120.6064999999999969, 50.49477905650116583, -5.489001213999998185 ) ) ;
#654 = CARTESIAN_POINT ( 'NONE',  ( -12.63649999999999451, 0.000000000000000000, 11.02099878600000160 ) ) ;
#655 = ADVANCED_FACE ( 'NONE', ( #1434 ), #204, .T. ) ;
#656 = DIRECTION ( 'NONE',  ( 0.000000000000000000, 7.656524645920016286E-18, 1.000000000000000000 ) ) ;
#657 = ORIENTED_EDGE ( 'NONE', *, *, #138, .T. ) ;
#658 = ORIENTED_EDGE ( 'NONE', *, *, #98, .F. ) ;
#659 =( NAMED_UNIT ( * ) PLANE_ANGLE_UNIT ( ) SI_UNIT ( $, .RADIAN. ) );
#660 = CARTESIAN_POINT ( 'NONE',  ( -181.9830000000000041, 2.270000000000000462, 21.58999999999998209 ) ) ;
#661 = DIRECTION ( 'NONE',  ( -1.000000000000000000, 0.000000000000000000, 0.000000000000000000 ) ) ;
#662 = VECTOR ( 'NONE', #255, 1000.000000000000000 ) ;
#663 = CYLINDRICAL_SURFACE ( 'NONE', #335, 4.500000000000003553 ) ;
#664 = CARTESIAN_POINT ( 'NONE',  ( -3.810000000000035580, 3.106988124944954422E-13, 51.18099999999999739 ) ) ;
#665 = ORIENTED_EDGE ( 'NONE', *, *, #1317, .F. ) ;
#666 = VERTEX_POINT ( 'NONE', #1016 ) ;
#667 = PLANE ( 'NONE',  #1708 ) ;
#668 = LINE ( 'NONE', #680, #174 ) ;
#669 = EDGE_CURVE ( 'NONE', #330, #1608, #184, .T. ) ;
#670 = CARTESIAN_POINT ( 'NONE',  ( -12.63649999999999451, 212.9456876847032731, 11.02099878600000160 ) ) ;
#671 = ADVANCED_FACE ( 'NONE', ( #1280 ), #346, .T. ) ;
#672 = CIRCLE ( 'NONE', #731, 4.500000000000003553 ) ;
#673 = DIRECTION ( 'NONE',  ( -0.000000000000000000, 0.000000000000000000, 1.000000000000000000 ) ) ;
#674 = AXIS2_PLACEMENT_3D ( 'NONE', #1224, #959, #1493 ) ;
#675 = EDGE_CURVE ( 'NONE', #800, #927, #503, .T. ) ;
#676 = ORIENTED_EDGE ( 'NONE', *, *, #716, .F. ) ;
#677 = LINE ( 'NONE', #929, #320 ) ;
#678 = ORIENTED_EDGE ( 'NONE', *, *, #918, .T. ) ;
#679 = FACE_OUTER_BOUND ( 'NONE', #292, .T. ) ;
#680 = CARTESIAN_POINT ( 'NONE',  ( -161.1629999999999825, -38.16500000000005599, 11.02099878600000160 ) ) ;
#681 = CARTESIAN_POINT ( 'NONE',  ( -176.4029999999999632, -1.208654451933713058E-15, 51.18099999999999739 ) ) ;
#682 = DIRECTION ( 'NONE',  ( -1.000000000000000000, 0.000000000000000000, 0.000000000000000000 ) ) ;
#683 = EDGE_CURVE ( 'NONE', #1427, #1519, #1588, .T. ) ;
#684 = VERTEX_POINT ( 'NONE', #338 ) ;
#685 = DIRECTION ( 'NONE',  ( 1.708245668120933462E-16, -1.000000000000000000, 0.000000000000000000 ) ) ;
#686 = AXIS2_PLACEMENT_3D ( 'NONE', #1203, #1044, #919 ) ;
#687 = CIRCLE ( 'NONE', #1236, 4.500000000000003553 ) ;
#688 = CARTESIAN_POINT ( 'NONE',  ( 0.000000000000000000, 1.270000000000000018, 0.000000000000000000 ) ) ;
#689 = DIRECTION ( 'NONE',  ( 1.000000000000000000, 0.000000000000000000, 0.000000000000000000 ) ) ;
#690 = ORIENTED_EDGE ( 'NONE', *, *, #283, .T. ) ;
#691 = DIRECTION ( 'NONE',  ( -1.365923996832132842E-16, -0.000000000000000000, -1.000000000000000000 ) ) ;
#692 = AXIS2_PLACEMENT_3D ( 'NONE', #713, #1536, #458 ) ;
#693 = DIRECTION ( 'NONE',  ( 0.000000000000000000, 1.000000000000000000, 0.000000000000000000 ) ) ;
#695 = VERTEX_POINT ( 'NONE', #1698 ) ;
#694 = ADVANCED_FACE ( 'NONE', ( #1291 ), #1709, .F. ) ;
#696 = DATE_AND_TIME ( #864, #124 ) ;
#697 = EDGE_CURVE ( 'NONE', #1596, #912, #1181, .T. ) ;
#698 = ORIENTED_EDGE ( 'NONE', *, *, #34, .F. ) ;
#699 = LINE ( 'NONE', #993, #69 ) ;
#700 = ORIENTED_EDGE ( 'NONE', *, *, #641, .T. ) ;
#701 = PLANE ( 'NONE',  #510 ) ;
#702 = DIRECTION ( 'NONE',  ( 0.7071067811865492381, 0.000000000000000000, -0.7071067811865457964 ) ) ;
#703 = AXIS2_PLACEMENT_3D ( 'NONE', #648, #1459, #229 ) ;
#704 = VERTEX_POINT ( 'NONE', #59 ) ;
#705 = ORIENTED_EDGE ( 'NONE', *, *, #185, .F. ) ;
#706 = CARTESIAN_POINT ( 'NONE',  ( -123.7814999999999941, -12.69999999999999574, 51.18099999999999739 ) ) ;
#707 = CARTESIAN_POINT ( 'NONE',  ( -3.810000000000007603, 1.270000000000000240, 49.91099999999999426 ) ) ;
#708 = ORIENTED_EDGE ( 'NONE', *, *, #1468, .T. ) ;
#709 = EDGE_CURVE ( 'NONE', #72, #1480, #889, .T. ) ;
#710 = CARTESIAN_POINT ( 'NONE',  ( -59.60649999999998983, -12.70000000000000284, 11.02099878600000160 ) ) ;
#711 = EDGE_LOOP ( 'NONE', ( #422, #1403, #1729, #29, #1159, #1009, #1590, #1607, #1390, #1689, #571, #1461 ) ) ;
#712 = EDGE_LOOP ( 'NONE', ( #650, #1293, #1548, #1527 ) ) ;
#713 = CARTESIAN_POINT ( 'NONE',  ( 0.000000000000000000, 0.000000000000000000, 0.000000000000000000 ) ) ;
#714 = CARTESIAN_POINT ( 'NONE',  ( -181.9829999999999757, 0.000000000000000000, -1.770000000000002016 ) ) ;
#715 = ORIENTED_EDGE ( 'NONE', *, *, #1691, .F. ) ;
#716 = EDGE_CURVE ( 'NONE', #555, #873, #1718, .T. ) ;
#717 = LINE ( 'NONE', #58, #562 ) ;
#718 = AXIS2_PLACEMENT_3D ( 'NONE', #893, #1463, #1057 ) ;
#719 = ORIENTED_EDGE ( 'NONE', *, *, #1626, .F. ) ;
#720 = LOCAL_TIME ( 12, 15, 17.00000000000000000, #1681 ) ;
#721 = ORIENTED_EDGE ( 'NONE', *, *, #1027, .F. ) ;
#722 = DIRECTION ( 'NONE',  ( 0.000000000000000000, -1.000000000000000000, 0.000000000000000000 ) ) ;
#723 = DIRECTION ( 'NONE',  ( 0.000000000000000000, -0.000000000000000000, -1.000000000000000000 ) ) ;
#724 = EDGE_LOOP ( 'NONE', ( #715, #848, #48, #1083, #1721 ) ) ;
#725 = LINE ( 'NONE', #308, #1688 ) ;
#726 = CARTESIAN_POINT ( 'NONE',  ( -170.7514999999999930, -41.33999999999998920, -5.489001213999998185 ) ) ;
#727 = EDGE_CURVE ( 'NONE', #1480, #443, #317, .T. ) ;
#728 = ORIENTED_EDGE ( 'NONE', *, *, #1717, .F. ) ;
#729 = EDGE_CURVE ( 'NONE', #1399, #695, #1319, .T. ) ;
#730 = DATE_TIME_ROLE ( 'classification_date' ) ;
#731 = AXIS2_PLACEMENT_3D ( 'NONE', #772, #897, #530 ) ;
#732 = EDGE_LOOP ( 'NONE', ( #839, #321, #102, #744 ) ) ;
#733 = CARTESIAN_POINT ( 'NONE',  ( -12.63649999999999451, 212.9456876847032731, 0.000000000000000000 ) ) ;
#734 = CARTESIAN_POINT ( 'NONE',  ( -72.60649999999998272, -6.349999999999988987, 6.020998786000000713 ) ) ;
#735 = VECTOR ( 'NONE', #613, 1000.000000000000000 ) ;
#736 = EDGE_LOOP ( 'NONE', ( #175, #1382, #496, #1400 ) ) ;
#737 = DIRECTION ( 'NONE',  ( -0.000000000000000000, -1.000000000000000000, -0.000000000000000000 ) ) ;
#738 = CARTESIAN_POINT ( 'NONE',  ( -9.461499999999983146, -53.33999999999999631, -5.489001213999998185 ) ) ;
#739 = EDGE_LOOP ( 'NONE', ( #309, #1000, #32, #1298, #225, #15 ) ) ;
#740 = EDGE_CURVE ( 'NONE', #666, #347, #421, .T. ) ;
#741 = EDGE_LOOP ( 'NONE', ( #248, #1599, #588, #1627, #597 ) ) ;
#742 = PLANE ( 'NONE',  #1586 ) ;
#743 = DIRECTION ( 'NONE',  ( 0.000000000000000000, 0.000000000000000000, -1.000000000000000000 ) ) ;
#744 = ORIENTED_EDGE ( 'NONE', *, *, #970, .F. ) ;
#745 = CARTESIAN_POINT ( 'NONE',  ( -120.6064999999999969, -12.69999999999999929, 51.18099999999999739 ) ) ;
#746 = CARTESIAN_POINT ( 'NONE',  ( -3.810000000000007603, 1.270000000000000018, 49.91100000000001558 ) ) ;
#747 = ORIENTED_EDGE ( 'NONE', *, *, #42, .F. ) ;
#748 = EDGE_CURVE ( 'NONE', #559, #27, #1172, .T. ) ;
#749 = VECTOR ( 'NONE', #946, 1000.000000000000000 ) ;
#750 = ORIENTED_EDGE ( 'NONE', *, *, #1634, .F. ) ;
#751 = DIRECTION ( 'NONE',  ( 0.000000000000000000, 0.7071067811865443531, -0.7071067811865506814 ) ) ;
#752 = CARTESIAN_POINT ( 'NONE',  ( -19.05000000000001137, 1.270000000000000018, -1.770000000000002016 ) ) ;
#753 = EDGE_CURVE ( 'NONE', #832, #800, #1033, .T. ) ;
#754 = DIRECTION ( 'NONE',  ( 1.000000000000000000, 0.000000000000000000, 0.000000000000000000 ) ) ;
#755 = LINE ( 'NONE', #638, #1483 ) ;
#756 = DIRECTION ( 'NONE',  ( 0.000000000000000000, -1.000000000000000000, 0.000000000000000000 ) ) ;
#757 = VERTEX_POINT ( 'NONE', #898 ) ;
#758 = EDGE_LOOP ( 'NONE', ( #475, #165 ) ) ;
#759 = DIRECTION ( 'NONE',  ( 1.000000000000000000, -0.000000000000000000, 0.000000000000000000 ) ) ;
#760 = DIRECTION ( 'NONE',  ( 0.000000000000000000, -1.000000000000000000, 0.000000000000000000 ) ) ;
#761 = PLANE ( 'NONE',  #275 ) ;
#762 = EDGE_CURVE ( 'NONE', #927, #967, #221, .T. ) ;
#763 = DIRECTION ( 'NONE',  ( 0.000000000000000000, 0.000000000000000000, -1.000000000000000000 ) ) ;
#764 = DIRECTION ( 'NONE',  ( 0.000000000000000000, 0.000000000000000000, 1.000000000000000000 ) ) ;
#765 = ORIENTED_EDGE ( 'NONE', *, *, #531, .T. ) ;
#766 = VERTEX_POINT ( 'NONE', #1621 ) ;
#767 = LINE ( 'NONE', #644, #149 ) ;
#768 = CARTESIAN_POINT ( 'NONE',  ( 12.69999999999998863, -12.69999999999998863, -5.489001213999998185 ) ) ;
#769 = CARTESIAN_POINT ( 'NONE',  ( -107.6064999999999827, -6.349999999999983658, -5.489001214000008844 ) ) ;
#770 = LINE ( 'NONE', #500, #1090 ) ;
#771 = CC_DESIGN_PERSON_AND_ORGANIZATION_ASSIGNMENT ( #1219, #1377, ( #439 ) ) ;
#772 = CARTESIAN_POINT ( 'NONE',  ( -107.6064999999999827, -6.349999999999983658, -5.489001214000008844 ) ) ;
#773 = AXIS2_PLACEMENT_3D ( 'NONE', #442, #1105, #431 ) ;
#774 = APPLICATION_CONTEXT ( 'configuration controlled 3d designs of mechanical parts and assemblies' ) ;
#775 = ORIENTED_EDGE ( 'NONE', *, *, #903, .F. ) ;
#776 = ORIENTED_EDGE ( 'NONE', *, *, #380, .F. ) ;
#777 = ORIENTED_EDGE ( 'NONE', *, *, #484, .F. ) ;
#778 = PLANE ( 'NONE',  #1211 ) ;
#779 = VECTOR ( 'NONE', #1667, 1000.000000000000000 ) ;
#780 = CARTESIAN_POINT ( 'NONE',  ( -167.5764999999999816, 212.9456876847032731, 11.02099878600000160 ) ) ;
#781 = CARTESIAN_POINT ( 'NONE',  ( -59.60649999999998983, -12.69999999999999929, 0.000000000000000000 ) ) ;
#782 = DIRECTION ( 'NONE',  ( 1.365923996832132842E-16, -0.000000000000000000, 1.000000000000000000 ) ) ;
#783 = EDGE_LOOP ( 'NONE', ( #1429, #1343, #1606, #110 ) ) ;
#784 = ADVANCED_FACE ( 'NONE', ( #260 ), #237, .F. ) ;
#785 = ORIENTED_EDGE ( 'NONE', *, *, #1205, .F. ) ;
#786 = COORDINATED_UNIVERSAL_TIME_OFFSET ( 5, 0, .BEHIND. ) ;
#787 = DIRECTION ( 'NONE',  ( -1.000000000000000000, 1.708245668120933462E-16, 0.000000000000000000 ) ) ;
#788 = FACE_OUTER_BOUND ( 'NONE', #1227, .T. ) ;
#789 = AXIS2_PLACEMENT_3D ( 'NONE', #1099, #1232, #265 ) ;
#790 = DIRECTION ( 'NONE',  ( 0.000000000000000000, 0.000000000000000000, -1.000000000000000000 ) ) ;
#791 = VECTOR ( 'NONE', #1663, 1000.000000000000000 ) ;
#792 = PLANE ( 'NONE',  #686 ) ;
#793 = VERTEX_POINT ( 'NONE', #905 ) ;
#794 = EDGE_CURVE ( 'NONE', #912, #967, #519, .T. ) ;
#795 = PLANE ( 'NONE',  #467 ) ;
#796 = DIRECTION ( 'NONE',  ( -1.000000000000000000, 0.000000000000000000, 0.000000000000000000 ) ) ;
#797 = DIRECTION ( 'NONE',  ( -1.000000000000000000, 0.000000000000000000, 0.000000000000000000 ) ) ;
#798 = CARTESIAN_POINT ( 'NONE',  ( -72.60649999999998272, -6.349999999999988987, 6.020998786000000713 ) ) ;
#799 = VECTOR ( 'NONE', #816, 1000.000000000000114 ) ;
#800 = VERTEX_POINT ( 'NONE', #768 ) ;
#801 = EDGE_CURVE ( 'NONE', #1582, #1008, #1611, .T. ) ;
#802 = EDGE_CURVE ( 'NONE', #330, #285, #755, .T. ) ;
#803 = ORIENTED_EDGE ( 'NONE', *, *, #1047, .T. ) ;
#804 = CARTESIAN_POINT ( 'NONE',  ( -59.60649999999998983, 2.270000000000001350, 51.18099999999999739 ) ) ;
#805 = CARTESIAN_POINT ( 'NONE',  ( -59.60649999999998983, -53.33999999999998920, 6.510998785999989380 ) ) ;
#806 = VECTOR ( 'NONE', #1213, 1000.000000000000000 ) ;
#807 = EDGE_CURVE ( 'NONE', #945, #1092, #502, .T. ) ;
#808 = CARTESIAN_POINT ( 'NONE',  ( -104.7314999999999827, -6.349999999999983658, 51.18100000000001870 ) ) ;
#809 = DIRECTION ( 'NONE',  ( -0.000000000000000000, -0.000000000000000000, 1.000000000000000000 ) ) ;
#810 = ORIENTED_EDGE ( 'NONE', *, *, #392, .F. ) ;
#811 = DIRECTION ( 'NONE',  ( -1.365923996832133088E-16, -0.000000000000000000, -1.000000000000000000 ) ) ;
#812 = CARTESIAN_POINT ( 'NONE',  ( 8.893529485142230902E-16, -53.33999999999999631, 6.510998785999960958 ) ) ;
#813 = CARTESIAN_POINT ( 'NONE',  ( -59.60649999999998983, -41.33999999999993236, -5.489001213999998185 ) ) ;
#814 = DIRECTION ( 'NONE',  ( 1.000000000000000000, 0.000000000000000000, 0.000000000000000000 ) ) ;
#815 = EDGE_CURVE ( 'NONE', #1121, #1669, #247, .T. ) ;
#816 = DIRECTION ( 'NONE',  ( 0.7071067811865457964, -0.000000000000000000, 0.7071067811865492381 ) ) ;
#817 = AXIS2_PLACEMENT_3D ( 'NONE', #195, #52, #594 ) ;
#818 = ORIENTED_EDGE ( 'NONE', *, *, #547, .T. ) ;
#819 = MECHANICAL_CONTEXT ( 'NONE', #774, 'mechanical' ) ;
#820 = DIRECTION ( 'NONE',  ( 0.000000000000000000, 0.000000000000000000, -1.000000000000000000 ) ) ;
#821 = LINE ( 'NONE', #1116, #234 ) ;
#822 = DIRECTION ( 'NONE',  ( 0.000000000000000000, 0.000000000000000000, 1.000000000000000000 ) ) ;
#823 = CC_DESIGN_DATE_AND_TIME_ASSIGNMENT ( #1102, #269, ( #62 ) ) ;
#824 = FACE_OUTER_BOUND ( 'NONE', #182, .T. ) ;
#825 = ADVANCED_FACE ( 'NONE', ( #1192 ), #628, .F. ) ;
#826 = EDGE_LOOP ( 'NONE', ( #1682, #776, #132, #1678 ) ) ;
#827 = VECTOR ( 'NONE', #809, 1000.000000000000000 ) ;
#828 = VECTOR ( 'NONE', #1380, 1000.000000000000000 ) ;
#829 = ORIENTED_EDGE ( 'NONE', *, *, #1251, .F. ) ;
#830 = DIRECTION ( 'NONE',  ( 0.000000000000000000, 0.000000000000000000, -1.000000000000000000 ) ) ;
#831 = PLANE ( 'NONE',  #1524 ) ;
#832 = VERTEX_POINT ( 'NONE', #1062 ) ;
#833 = PLANE ( 'NONE',  #789 ) ;
#834 = AXIS2_PLACEMENT_3D ( 'NONE', #983, #304, #1703 ) ;
#835 = LINE ( 'NONE', #398, #172 ) ;
#836 = ORIENTED_EDGE ( 'NONE', *, *, #600, .T. ) ;
#837 = PERSON_AND_ORGANIZATION ( #1247, #554 ) ;
#838 = EDGE_CURVE ( 'NONE', #1427, #1365, #1624, .T. ) ;
#839 = ORIENTED_EDGE ( 'NONE', *, *, #129, .F. ) ;
#840 = DIRECTION ( 'NONE',  ( -1.000000000000000000, 0.000000000000000000, -0.000000000000000000 ) ) ;
#841 = ORIENTED_EDGE ( 'NONE', *, *, #1216, .F. ) ;
#842 = LINE ( 'NONE', #1679, #618 ) ;
#843 = VECTOR ( 'NONE', #163, 1000.000000000000000 ) ;
#844 = VERTEX_POINT ( 'NONE', #909 ) ;
#845 = ORIENTED_EDGE ( 'NONE', *, *, #1107, .T. ) ;
#846 = DIRECTION ( 'NONE',  ( 0.000000000000000000, 0.000000000000000000, 1.000000000000000000 ) ) ;
#847 = LINE ( 'NONE', #894, #1137 ) ;
#848 = ORIENTED_EDGE ( 'NONE', *, *, #640, .T. ) ;
#849 = CARTESIAN_POINT ( 'NONE',  ( -3.810000000000007603, 2.269999999999994245, 51.18099999999999739 ) ) ;
#850 = ORIENTED_EDGE ( 'NONE', *, *, #568, .F. ) ;
#851 = AXIS2_PLACEMENT_3D ( 'NONE', #1310, #504, #485 ) ;
#852 = VERTEX_POINT ( 'NONE', #1349 ) ;
#853 = PLANE ( 'NONE',  #1270 ) ;
#854 = DIRECTION ( 'NONE',  ( 1.000000000000000000, 0.000000000000000000, 0.000000000000000000 ) ) ;
#855 = APPROVAL ( #386, 'UNSPECIFIED' ) ;
#856 = CIRCLE ( 'NONE', #1407, 2.875000000000002665 ) ;
#857 = ADVANCED_FACE ( 'NONE', ( #1053 ), #220, .F. ) ;
#858 = EDGE_LOOP ( 'NONE', ( #1781, #24, #676, #1393, #1167, #452, #728, #36, #284, #1264 ) ) ;
#859 = LINE ( 'NONE', #1413, #79 ) ;
#860 = EDGE_CURVE ( 'NONE', #300, #524, #672, .T. ) ;
#861 = CARTESIAN_POINT ( 'NONE',  ( 12.69999999999998863, -12.69999999999998863, -5.489001213999998185 ) ) ;
#862 = AXIS2_PLACEMENT_3D ( 'NONE', #189, #331, #1430 ) ;
#863 = ORIENTED_EDGE ( 'NONE', *, *, #1635, .T. ) ;
#864 = CALENDAR_DATE ( 2026, 26, 5 ) ;
#865 = PRODUCT_DEFINITION_SHAPE ( 'NONE', 'NONE',  #62 ) ;
#866 = ORIENTED_EDGE ( 'NONE', *, *, #1542, .T. ) ;
#867 = DIRECTION ( 'NONE',  ( 0.000000000000000000, 1.000000000000000000, -3.469446951953634305E-15 ) ) ;
#868 = LINE ( 'NONE', #1410, #1081 ) ;
#869 = ORIENTED_EDGE ( 'NONE', *, *, #507, .F. ) ;
#870 = DIRECTION ( 'NONE',  ( 0.000000000000000000, -0.000000000000000000, -1.000000000000000000 ) ) ;
#871 = CARTESIAN_POINT ( 'NONE',  ( 0.000000000000000000, 0.000000000000000000, 51.18099999999999739 ) ) ;
#872 = EDGE_CURVE ( 'NONE', #1419, #633, #1744, .T. ) ;
#873 = VERTEX_POINT ( 'NONE', #1441 ) ;
#874 = VECTOR ( 'NONE', #1457, 1000.000000000000000 ) ;
#875 = ORIENTED_EDGE ( 'NONE', *, *, #1119, .T. ) ;
#876 = LINE ( 'NONE', #598, #1126 ) ;
#877 = CARTESIAN_POINT ( 'NONE',  ( -181.9829999999999757, 2.269999999999994245, 21.58999999999998209 ) ) ;
#878 = VECTOR ( 'NONE', #88, 1000.000000000000000 ) ;
#879 = VERTEX_POINT ( 'NONE', #372 ) ;
#880 = CARTESIAN_POINT ( 'NONE',  ( -170.7514999999999930, -12.69999999999998863, -5.489001213999997297 ) ) ;
#881 = DIRECTION ( 'NONE',  ( 0.000000000000000000, -1.000000000000000000, 0.000000000000000000 ) ) ;
#882 = EDGE_CURVE ( 'NONE', #457, #523, #916, .T. ) ;
#883 = EDGE_CURVE ( 'NONE', #1252, #1302, #1469, .T. ) ;
#884 = VERTEX_POINT ( 'NONE', #1761 ) ;
#885 = ORIENTED_EDGE ( 'NONE', *, *, #492, .T. ) ;
#886 = LINE ( 'NONE', #516, #1185 ) ;
#887 = CARTESIAN_POINT ( 'NONE',  ( -161.1629999999999825, 2.269999999999994245, -1.770000000000002016 ) ) ;
#888 = FACE_OUTER_BOUND ( 'NONE', #1138, .T. ) ;
#889 = LINE ( 'NONE', #465, #1199 ) ;
#890 = ORIENTED_EDGE ( 'NONE', *, *, #484, .T. ) ;
#891 = VECTOR ( 'NONE', #811, 1000.000000000000000 ) ;
#892 = ORIENTED_EDGE ( 'NONE', *, *, #518, .T. ) ;
#893 = CARTESIAN_POINT ( 'NONE',  ( -181.9829999999999757, 0.000000000000000000, 0.000000000000000000 ) ) ;
#894 = CARTESIAN_POINT ( 'NONE',  ( -181.9829999999999757, 2.269999999999994245, 21.58999999999998209 ) ) ;
#895 = ADVANCED_FACE ( 'NONE', ( #1171, #241, #1327 ), #1735, .F. ) ;
#896 = PLANE ( 'NONE',  #1311 ) ;
#897 = DIRECTION ( 'NONE',  ( -1.365923996832132842E-16, 0.000000000000000000, -1.000000000000000000 ) ) ;
#898 = CARTESIAN_POINT ( 'NONE',  ( -103.1064999999999827, -6.349999999999982769, 6.020998786000000713 ) ) ;
#899 = LINE ( 'NONE', #1193, #1699 ) ;
#900 = ORIENTED_EDGE ( 'NONE', *, *, #518, .F. ) ;
#901 = CARTESIAN_POINT ( 'NONE',  ( -3.810000000000007603, 0.000000000000000000, 51.18099999999999739 ) ) ;
#902 = AXIS2_PLACEMENT_3D ( 'NONE', #1707, #1697, #870 ) ;
#903 = EDGE_CURVE ( 'NONE', #242, #393, #1595, .T. ) ;
#904 = ADVANCED_FACE ( 'NONE', ( #1071 ), #1477, .F. ) ;
#905 = CARTESIAN_POINT ( 'NONE',  ( -59.60649999999998983, -12.69999999999999929, 51.18099999999999739 ) ) ;
#906 = VECTOR ( 'NONE', #1605, 1000.000000000000000 ) ;
#907 = PLANE ( 'NONE',  #1223 ) ;
#908 = LINE ( 'NONE', #1201, #146 ) ;
#909 = CARTESIAN_POINT ( 'NONE',  ( -12.63649999999999451, -50.16500000000000625, 51.18099999999999739 ) ) ;
#910 = ORIENTED_EDGE ( 'NONE', *, *, #1658, .T. ) ;
#911 = ORIENTED_EDGE ( 'NONE', *, *, #1554, .F. ) ;
#912 = VERTEX_POINT ( 'NONE', #389 ) ;
#913 = PLANE ( 'NONE',  #1645 ) ;
#914 = DIRECTION ( 'NONE',  ( -1.000000000000000000, -1.481680267750108152E-15, 0.000000000000000000 ) ) ;
#915 = DIRECTION ( 'NONE',  ( -1.000000000000000000, 1.708245668120933462E-16, 0.000000000000000000 ) ) ;
#916 = LINE ( 'NONE', #77, #1569 ) ;
#917 = VECTOR ( 'NONE', #1100, 1000.000000000000000 ) ;
#918 = EDGE_CURVE ( 'NONE', #295, #347, #1032, .T. ) ;
#919 = DIRECTION ( 'NONE',  ( 0.000000000000000000, -1.000000000000000000, 0.000000000000000000 ) ) ;
#920 = ORIENTED_EDGE ( 'NONE', *, *, #362, .F. ) ;
#921 = EDGE_LOOP ( 'NONE', ( #841, #810, #719, #1017 ) ) ;
#922 = CARTESIAN_POINT ( 'NONE',  ( -9.461499999999983146, -41.33999999999993236, -5.489001213999998185 ) ) ;
#923 = VECTOR ( 'NONE', #322, 1000.000000000000000 ) ;
#924 = LINE ( 'NONE', #1603, #49 ) ;
#925 = CARTESIAN_POINT ( 'NONE',  ( -155.5829999999999700, 2.269999999999994245, 3.809999999999999165 ) ) ;
#926 = CARTESIAN_POINT ( 'NONE',  ( -181.9829999999999757, 2.270000000000000462, -1.770000000000002016 ) ) ;
#927 = VERTEX_POINT ( 'NONE', #1615 ) ;
#928 = ORIENTED_EDGE ( 'NONE', *, *, #1602, .F. ) ;
#929 = CARTESIAN_POINT ( 'NONE',  ( -161.1629999999999825, 2.269999999999994245, 3.809999999999999609 ) ) ;
#930 = LINE ( 'NONE', #262, #749 ) ;
#931 = CYLINDRICAL_SURFACE ( 'NONE', #402, 2.875000000000002665 ) ;
#932 = VECTOR ( 'NONE', #203, 1000.000000000000000 ) ;
#933 = PLANE ( 'NONE',  #1657 ) ;
#934 = DIRECTION ( 'NONE',  ( 0.000000000000000000, -0.000000000000000000, -1.000000000000000000 ) ) ;
#935 = EDGE_CURVE ( 'NONE', #457, #539, #382, .T. ) ;
#936 = VECTOR ( 'NONE', #1133, 1000.000000000000000 ) ;
#937 = EDGE_CURVE ( 'NONE', #1114, #793, #570, .T. ) ;
#938 = ORIENTED_EDGE ( 'NONE', *, *, #1490, .F. ) ;
#939 = CARTESIAN_POINT ( 'NONE',  ( -123.7814999999999941, -50.16499999999999915, -44.23848569404203346 ) ) ;
#940 = CARTESIAN_POINT ( 'NONE',  ( -72.60649999999998272, -6.349999999999988987, 23.74892084735787279 ) ) ;
#941 = CARTESIAN_POINT ( 'NONE',  ( -110.4814999999999827, -6.349999999999983658, 11.02099878600000515 ) ) ;
#942 = PLANE ( 'NONE',  #674 ) ;
#943 = VECTOR ( 'NONE', #682, 1000.000000000000000 ) ;
#944 = CARTESIAN_POINT ( 'NONE',  ( -12.63649999999999451, 0.000000000000000000, 51.18099999999999739 ) ) ;
#945 = VERTEX_POINT ( 'NONE', #1087 ) ;
#946 = DIRECTION ( 'NONE',  ( 0.000000000000000000, 0.000000000000000000, -1.000000000000000000 ) ) ;
#947 = DIRECTION ( 'NONE',  ( 0.7071067811865457964, -0.000000000000000000, 0.7071067811865492381 ) ) ;
#948 = EDGE_CURVE ( 'NONE', #285, #67, #257, .T. ) ;
#949 = AXIS2_PLACEMENT_3D ( 'NONE', #487, #1294, #1168 ) ;
#950 = DIRECTION ( 'NONE',  ( 0.000000000000000000, -1.000000000000000000, 0.000000000000000000 ) ) ;
#951 = LINE ( 'NONE', #139, #463 ) ;
#952 = ORIENTED_EDGE ( 'NONE', *, *, #185, .T. ) ;
#953 = CARTESIAN_POINT ( 'NONE',  ( -176.4029999999999632, 2.269999999999994245, 51.18099999999999739 ) ) ;
#954 = EDGE_LOOP ( 'NONE', ( #170, #1508, #777, #339 ) ) ;
#955 = LINE ( 'NONE', #395, #662 ) ;
#956 = FACE_OUTER_BOUND ( 'NONE', #341, .T. ) ;
#957 = CC_DESIGN_PERSON_AND_ORGANIZATION_ASSIGNMENT ( #1646, #10, ( #62 ) ) ;
#958 = ADVANCED_FACE ( 'NONE', ( #1778 ), #26, .F. ) ;
#959 = DIRECTION ( 'NONE',  ( -9.658541207454356939E-17, -0.7071067811865459074, -0.7071067811865492381 ) ) ;
#960 = VECTOR ( 'NONE', #522, 1000.000000000000000 ) ;
#961 = CARTESIAN_POINT ( 'NONE',  ( -170.7514999999999930, -53.33999999999999631, 51.18099999999999739 ) ) ;
#962 = VECTOR ( 'NONE', #764, 1000.000000000000000 ) ;
#963 = EDGE_LOOP ( 'NONE', ( #1120, #1204, #1106, #665 ) ) ;
#964 = ORIENTED_EDGE ( 'NONE', *, *, #495, .T. ) ;
#965 = CARTESIAN_POINT ( 'NONE',  ( -170.7514999999999930, -12.69999999999998863, 51.18099999999999739 ) ) ;
#966 = CARTESIAN_POINT ( 'NONE',  ( -107.6064999999999827, -6.349999999999983658, 11.02099878600000515 ) ) ;
#967 = VERTEX_POINT ( 'NONE', #542 ) ;
#968 = CARTESIAN_POINT ( 'NONE',  ( -77.10649999999998272, -6.349999999999988987, 23.74892084735787279 ) ) ;
#969 = CARTESIAN_POINT ( 'NONE',  ( 1.769999999999993356, 2.269999999999994245, -1.770000000000002016 ) ) ;
#970 = EDGE_CURVE ( 'NONE', #1350, #231, #1641, .T. ) ;
#971 = ORIENTED_EDGE ( 'NONE', *, *, #1658, .F. ) ;
#972 = PERSON_AND_ORGANIZATION ( #1247, #554 ) ;
#973 = VERTEX_POINT ( 'NONE', #289 ) ;
#974 = LINE ( 'NONE', #706, #211 ) ;
#975 = FACE_OUTER_BOUND ( 'NONE', #1278, .T. ) ;
#976 = ORIENTED_EDGE ( 'NONE', *, *, #815, .F. ) ;
#977 = DIRECTION ( 'NONE',  ( 0.000000000000000000, -1.000000000000000000, 0.000000000000000000 ) ) ;
#978 = VECTOR ( 'NONE', #1068, 1000.000000000000000 ) ;
#979 = CIRCLE ( 'NONE', #293, 4.500000000000003553 ) ;
#980 = EDGE_LOOP ( 'NONE', ( #1525, #700, #1617, #1383 ) ) ;
#981 = CALENDAR_DATE ( 2026, 26, 5 ) ;
#982 = ORIENTED_EDGE ( 'NONE', *, *, #230, .T. ) ;
#983 = CARTESIAN_POINT ( 'NONE',  ( -72.60649999999998272, -6.349999999999988987, -5.489001214000014173 ) ) ;
#984 = CARTESIAN_POINT ( 'NONE',  ( -181.9829999999999757, 2.270000000000000462, -1.770000000000002016 ) ) ;
#985 = ORIENTED_EDGE ( 'NONE', *, *, #1523, .T. ) ;
#986 = DIRECTION ( 'NONE',  ( 1.000000000000000000, 0.000000000000000000, 0.000000000000000000 ) ) ;
#987 = AXIS2_PLACEMENT_3D ( 'NONE', #31, #1676, #689 ) ;
#988 = AXIS2_PLACEMENT_3D ( 'NONE', #1504, #1379, #416 ) ;
#990 = EDGE_LOOP ( 'NONE', ( #705, #971, #1692, #928 ) ) ;
#989 = ADVANCED_FACE ( 'NONE', ( #1486 ), #701, .F. ) ;
#991 = ADVANCED_FACE ( 'NONE', ( #426 ), #933, .T. ) ;
#992 = ORIENTED_EDGE ( 'NONE', *, *, #600, .F. ) ;
#993 = CARTESIAN_POINT ( 'NONE',  ( -120.6064999999999969, -53.33999999999999631, 6.510998785999976946 ) ) ;
#994 = LINE ( 'NONE', #312, #1109 ) ;
#995 = EDGE_CURVE ( 'NONE', #285, #35, #406, .T. ) ;
#996 = EDGE_LOOP ( 'NONE', ( #1194, #1129, #63, #243, #850 ) ) ;
#997 = FACE_OUTER_BOUND ( 'NONE', #461, .T. ) ;
#998 = ORIENTED_EDGE ( 'NONE', *, *, #283, .F. ) ;
#999 = APPROVAL_DATE_TIME ( #1418, #1362 ) ;
#1000 = ORIENTED_EDGE ( 'NONE', *, *, #357, .T. ) ;
#1001 = LINE ( 'NONE', #1552, #1358 ) ;
#1002 = DIRECTION ( 'NONE',  ( -0.000000000000000000, 0.000000000000000000, 1.000000000000000000 ) ) ;
#1003 = VECTOR ( 'NONE', #915, 1000.000000000000000 ) ;
#1004 = ORIENTED_EDGE ( 'NONE', *, *, #883, .F. ) ;
#1005 = ADVANCED_FACE ( 'NONE', ( #145 ), #663, .F. ) ;
#1006 = LINE ( 'NONE', #326, #1345 ) ;
#1007 = DIRECTION ( 'NONE',  ( 0.000000000000000000, -0.7071067811865483499, 0.7071067811865467956 ) ) ;
#1008 = VERTEX_POINT ( 'NONE', #681 ) ;
#1009 = ORIENTED_EDGE ( 'NONE', *, *, #435, .F. ) ;
#1010 = FACE_OUTER_BOUND ( 'NONE', #921, .T. ) ;
#1011 = CARTESIAN_POINT ( 'NONE',  ( -123.7814999999999941, -12.69999999999999574, 11.02099878599999805 ) ) ;
#1012 = ORIENTED_EDGE ( 'NONE', *, *, #815, .T. ) ;
#1013 = ADVANCED_FACE ( 'NONE', ( #1520 ), #833, .T. ) ;
#1014 = FACE_OUTER_BOUND ( 'NONE', #1408, .T. ) ;
#1015 = EDGE_CURVE ( 'NONE', #757, #1533, #1629, .T. ) ;
#1016 = CARTESIAN_POINT ( 'NONE',  ( -104.7314999999999827, -6.349999999999983658, 6.020998786000000713 ) ) ;
#1017 = ORIENTED_EDGE ( 'NONE', *, *, #641, .F. ) ;
#1018 = VECTOR ( 'NONE', #950, 1000.000000000000000 ) ;
#1019 = ORIENTED_EDGE ( 'NONE', *, *, #1634, .T. ) ;
#1020 = DIRECTION ( 'NONE',  ( 0.000000000000000000, -1.000000000000000000, 0.000000000000000000 ) ) ;
#1021 = DIRECTION ( 'NONE',  ( -0.000000000000000000, -0.000000000000000000, -1.000000000000000000 ) ) ;
#1022 = VECTOR ( 'NONE', #1039, 1000.000000000000000 ) ;
#1023 = ORIENTED_EDGE ( 'NONE', *, *, #683, .F. ) ;
#1024 = DIRECTION ( 'NONE',  ( -1.365923996832133088E-16, -0.000000000000000000, -1.000000000000000000 ) ) ;
#1025 = CARTESIAN_POINT ( 'NONE',  ( -107.6064999999999827, -6.349999999999983658, 6.020998786000000713 ) ) ;
#1026 = DIRECTION ( 'NONE',  ( 0.000000000000000000, 0.7071067811865483499, -0.7071067811865467956 ) ) ;
#1027 = EDGE_CURVE ( 'NONE', #1680, #666, #1770, .T. ) ;
#1028 = ORIENTED_EDGE ( 'NONE', *, *, #117, .F. ) ;
#1029 = LINE ( 'NONE', #377, #1440 ) ;
#1030 = DIRECTION ( 'NONE',  ( 1.000000000000000000, 0.000000000000000000, 0.000000000000000000 ) ) ;
#1031 = LINE ( 'NONE', #780, #1597 ) ;
#1032 = LINE ( 'NONE', #96, #960 ) ;
#1033 = LINE ( 'NONE', #629, #564 ) ;
#1034 = EDGE_LOOP ( 'NONE', ( #310, #910, #1411, #1243 ) ) ;
#1035 = CC_DESIGN_PERSON_AND_ORGANIZATION_ASSIGNMENT ( #837, #28, ( #1499 ) ) ;
#1036 = AXIS2_PLACEMENT_3D ( 'NONE', #812, #1639, #1368 ) ;
#1037 = ORIENTED_EDGE ( 'NONE', *, *, #1375, .T. ) ;
#1038 = CARTESIAN_POINT ( 'NONE',  ( -59.60649999999998983, -53.33999999999999631, 6.510998785999991156 ) ) ;
#1039 = DIRECTION ( 'NONE',  ( -0.000000000000000000, -0.000000000000000000, 1.000000000000000000 ) ) ;
#1040 = LINE ( 'NONE', #104, #1369 ) ;
#1041 = CYLINDRICAL_SURFACE ( 'NONE', #1642, 2.875000000000002665 ) ;
#1042 = CARTESIAN_POINT ( 'NONE',  ( -181.9829999999999757, 1.270000000000000018, 21.58999999999998565 ) ) ;
#1043 = DIRECTION ( 'NONE',  ( 1.000000000000000000, 0.000000000000000000, 0.000000000000000000 ) ) ;
#1044 = DIRECTION ( 'NONE',  ( -0.7071067811865475727, -0.000000000000000000, -0.7071067811865475727 ) ) ;
#1045 = ORIENTED_EDGE ( 'NONE', *, *, #210, .F. ) ;
#1046 = PLANE ( 'NONE',  #718 ) ;
#1047 = EDGE_CURVE ( 'NONE', #1596, #374, #552, .T. ) ;
#1048 = AXIS2_PLACEMENT_3D ( 'NONE', #1612, #75, #378 ) ;
#1049 = VECTOR ( 'NONE', #881, 1000.000000000000000 ) ;
#1050 = CARTESIAN_POINT ( 'NONE',  ( -181.9829999999999757, 1.270000000000000018, 21.58999999999998565 ) ) ;
#1051 = CARTESIAN_POINT ( 'NONE',  ( -72.60649999999998272, -6.349999999999988987, 51.18100000000001160 ) ) ;
#1052 = ADVANCED_FACE ( 'NONE', ( #1632 ), #942, .T. ) ;
#1053 = FACE_OUTER_BOUND ( 'NONE', #724, .T. ) ;
#1054 = ORIENTED_EDGE ( 'NONE', *, *, #492, .F. ) ;
#1055 = EDGE_LOOP ( 'NONE', ( #1710, #985, #775, #437 ) ) ;
#1056 = ORIENTED_EDGE ( 'NONE', *, *, #173, .T. ) ;
#1057 = DIRECTION ( 'NONE',  ( 0.000000000000000000, 0.000000000000000000, -1.000000000000000000 ) ) ;
#1058 = EDGE_LOOP ( 'NONE', ( #115, #863, #690, #1143, #428 ) ) ;
#1059 = CYLINDRICAL_SURFACE ( 'NONE', #1511, 2.875000000000002665 ) ;
#1060 = DIRECTION ( 'NONE',  ( -1.000000000000000000, 0.000000000000000000, 0.000000000000000000 ) ) ;
#1061 = ADVANCED_FACE ( 'NONE', ( #1363 ), #128, .F. ) ;
#1062 = CARTESIAN_POINT ( 'NONE',  ( 12.69999999999998863, 2.269999999999994245, -5.489001213999998185 ) ) ;
#1063 = VECTOR ( 'NONE', #147, 1000.000000000000114 ) ;
#1064 = ORIENTED_EDGE ( 'NONE', *, *, #762, .T. ) ;
#1065 = VERTEX_POINT ( 'NONE', #1244 ) ;
#1066 = APPROVAL_ROLE ( '' ) ;
#1067 = AXIS2_PLACEMENT_3D ( 'NONE', #733, #840, #1287 ) ;
#1068 = DIRECTION ( 'NONE',  ( -0.7071067811865457964, -0.000000000000000000, -0.7071067811865492381 ) ) ;
#1069 = LINE ( 'NONE', #1325, #1003 ) ;
#1070 = ADVANCED_FACE ( 'NONE', ( #16 ), #560, .T. ) ;
#1071 = FACE_OUTER_BOUND ( 'NONE', #1265, .T. ) ;
#1072 = ADVANCED_FACE ( 'NONE', ( #433 ), #193, .F. ) ;
#1073 = CARTESIAN_POINT ( 'NONE',  ( -9.461499999999983146, -53.33999999999999631, 6.510998785999985827 ) ) ;
#1074 = EDGE_LOOP ( 'NONE', ( #892, #610, #1535, #156, #1173, #1174 ) ) ;
#1075 = DIRECTION ( 'NONE',  ( 1.000000000000000000, -1.708245668120933462E-16, 0.000000000000000000 ) ) ;
#1076 = CYLINDRICAL_SURFACE ( 'NONE', #1331, 4.500000000000003553 ) ;
#1077 = FACE_OUTER_BOUND ( 'NONE', #233, .T. ) ;
#1078 = VECTOR ( 'NONE', #790, 1000.000000000000000 ) ;
#1079 = DIRECTION ( 'NONE',  ( -1.000000000000000000, 0.000000000000000000, 1.365923996832132842E-16 ) ) ;
#1080 = FACE_OUTER_BOUND ( 'NONE', #1661, .T. ) ;
#1081 = VECTOR ( 'NONE', #1553, 1000.000000000000000 ) ;
#1082 = ADVANCED_FACE ( 'NONE', ( #1014 ), #1155, .F. ) ;
#1083 = ORIENTED_EDGE ( 'NONE', *, *, #100, .T. ) ;
#1084 = CARTESIAN_POINT ( 'NONE',  ( 0.000000000000000000, 0.000000000000000000, 0.000000000000000000 ) ) ;
#1085 = PLANE ( 'NONE',  #1036 ) ;
#1086 = DIRECTION ( 'NONE',  ( 0.000000000000000000, -0.000000000000000000, -1.000000000000000000 ) ) ;
#1087 = CARTESIAN_POINT ( 'NONE',  ( 1.769999999999993356, 0.000000000000000000, 49.91099999999999426 ) ) ;
#1088 = CIRCLE ( 'NONE', #1464, 2.875000000000002665 ) ;
#1089 = CARTESIAN_POINT ( 'NONE',  ( -3.810000000000007603, 2.269999999999994245, 27.17000000000000881 ) ) ;
#1090 = VECTOR ( 'NONE', #388, 1000.000000000000000 ) ;
#1092 = VERTEX_POINT ( 'NONE', #1539 ) ;
#1091 = EDGE_CURVE ( 'NONE', #793, #505, #842, .T. ) ;
#1093 = DATE_AND_TIME ( #1344, #579 ) ;
#1094 = MANIFOLD_SOLID_BREP ( 'Chamfer2', #1233 ) ;
#1095 = ORIENTED_EDGE ( 'NONE', *, *, #547, .F. ) ;
#1096 = CARTESIAN_POINT ( 'NONE',  ( 1.769999999999993356, 0.000000000000000000, -1.269999999999996909 ) ) ;
#1097 = LINE ( 'NONE', #424, #1467 ) ;
#1098 = AXIS2_PLACEMENT_3D ( 'NONE', #939, #685, #410 ) ;
#1099 = CARTESIAN_POINT ( 'NONE',  ( 0.000000000000000000, -53.33999999999999631, 0.000000000000000000 ) ) ;
#1100 = DIRECTION ( 'NONE',  ( -0.000000000000000000, 1.000000000000000000, -0.000000000000000000 ) ) ;
#1101 = ORIENTED_EDGE ( 'NONE', *, *, #1119, .F. ) ;
#1102 = DATE_AND_TIME ( #1654, #1332 ) ;
#1103 = ORIENTED_EDGE ( 'NONE', *, *, #1602, .T. ) ;
#1104 = DIRECTION ( 'NONE',  ( -1.000000000000000000, 0.000000000000000000, 0.000000000000000000 ) ) ;
#1105 = DIRECTION ( 'NONE',  ( -1.365923996832132842E-16, 0.000000000000000000, -1.000000000000000000 ) ) ;
#1106 = ORIENTED_EDGE ( 'NONE', *, *, #1147, .F. ) ;
#1107 = EDGE_CURVE ( 'NONE', #1121, #242, #725, .T. ) ;
#1108 = DIRECTION ( 'NONE',  ( -0.000000000000000000, 0.000000000000000000, 1.000000000000000000 ) ) ;
#1109 = VECTOR ( 'NONE', #65, 1000.000000000000114 ) ;
#1110 = AXIS2_PLACEMENT_3D ( 'NONE', #1144, #1687, #1433 ) ;
#1111 = LINE ( 'NONE', #123, #1063 ) ;
#1112 = VECTOR ( 'NONE', #483, 1000.000000000000000 ) ;
#1113 = ORIENTED_EDGE ( 'NONE', *, *, #411, .F. ) ;
#1114 = VERTEX_POINT ( 'NONE', #453 ) ;
#1115 = LINE ( 'NONE', #573, #923 ) ;
#1116 = CARTESIAN_POINT ( 'NONE',  ( -101.7865000000004301, 1.270000000000000018, 101.7864999999999469 ) ) ;
#1117 = ORIENTED_EDGE ( 'NONE', *, *, #1753, .F. ) ;
#1118 = DIRECTION ( 'NONE',  ( -1.000000000000000000, -0.000000000000000000, -0.000000000000000000 ) ) ;
#1119 = EDGE_CURVE ( 'NONE', #1608, #1008, #584, .T. ) ;
#1120 = ORIENTED_EDGE ( 'NONE', *, *, #11, .F. ) ;
#1121 = VERTEX_POINT ( 'NONE', #745 ) ;
#1122 = CARTESIAN_POINT ( 'NONE',  ( -3.810000000000007603, 2.269999999999994245, 51.18099999999999739 ) ) ;
#1123 = FACE_BOUND ( 'NONE', #1275, .T. ) ;
#1124 = ORIENTED_EDGE ( 'NONE', *, *, #415, .F. ) ;
#1125 = DIRECTION ( 'NONE',  ( 1.000000000000000000, 0.000000000000000000, 0.000000000000000000 ) ) ;
#1126 = VECTOR ( 'NONE', #1150, 1000.000000000000000 ) ;
#1127 = EDGE_CURVE ( 'NONE', #1446, #153, #1006, .T. ) ;
#1128 = EDGE_CURVE ( 'NONE', #334, #1114, #1397, .T. ) ;
#1129 = ORIENTED_EDGE ( 'NONE', *, *, #117, .T. ) ;
#1130 = EDGE_CURVE ( 'NONE', #1538, #1573, #593, .T. ) ;
#1131 = VERTEX_POINT ( 'NONE', #880 ) ;
#1132 = LINE ( 'NONE', #1409, #177 ) ;
#1133 = DIRECTION ( 'NONE',  ( -1.000000000000000000, 2.916201808798666708E-16, 0.000000000000000000 ) ) ;
#1134 = ORIENTED_EDGE ( 'NONE', *, *, #838, .T. ) ;
#1135 = CARTESIAN_POINT ( 'NONE',  ( -3.810000000000035580, 3.106988124944954422E-13, 51.18099999999999739 ) ) ;
#1136 = VECTOR ( 'NONE', #986, 1000.000000000000000 ) ;
#1137 = VECTOR ( 'NONE', #1448, 1000.000000000000000 ) ;
#1138 = EDGE_LOOP ( 'NONE', ( #721, #1019, #678, #515 ) ) ;
#1139 = EDGE_LOOP ( 'NONE', ( #631, #454 ) ) ;
#1140 = CARTESIAN_POINT ( 'NONE',  ( -9.461499999999983146, -53.33999999999999631, 6.510998785999985827 ) ) ;
#1141 = FACE_BOUND ( 'NONE', #1289, .T. ) ;
#1142 = VECTOR ( 'NONE', #190, 1000.000000000000114 ) ;
#1143 = ORIENTED_EDGE ( 'NONE', *, *, #1715, .F. ) ;
#1144 = CARTESIAN_POINT ( 'NONE',  ( 0.000000000000000000, 2.270000000000000462, 0.000000000000000000 ) ) ;
#1145 = CARTESIAN_POINT ( 'NONE',  ( -170.7514999999999930, -53.33999999999998209, 6.510998785999972505 ) ) ;
#1146 = ORIENTED_EDGE ( 'NONE', *, *, #1187, .F. ) ;
#1147 = EDGE_CURVE ( 'NONE', #1065, #1188, #1423, .T. ) ;
#1148 = AXIS2_PLACEMENT_3D ( 'NONE', #1514, #934, #1373 ) ;
#1149 = ORIENTED_EDGE ( 'NONE', *, *, #1542, .F. ) ;
#1150 = DIRECTION ( 'NONE',  ( -0.000000000000000000, -0.000000000000000000, 1.000000000000000000 ) ) ;
#1151 = CARTESIAN_POINT ( 'NONE',  ( -161.1629999999999825, -3.174999999999999822, 11.02099878600000160 ) ) ;
#1152 = EDGE_CURVE ( 'NONE', #1367, #572, #472, .T. ) ;
#1153 = VECTOR ( 'NONE', #1604, 1000.000000000000000 ) ;
#1154 = EDGE_LOOP ( 'NONE', ( #198, #448, #1028, #1149 ) ) ;
#1155 = PLANE ( 'NONE',  #1482 ) ;
#1156 = CARTESIAN_POINT ( 'NONE',  ( -107.6064999999999827, -6.349999999999983658, 6.020998786000000713 ) ) ;
#1157 =( GEOMETRIC_REPRESENTATION_CONTEXT ( 3 ) GLOBAL_UNCERTAINTY_ASSIGNED_CONTEXT ( ( #1651 ) ) GLOBAL_UNIT_ASSIGNED_CONTEXT ( ( #1766, #659, #1481 ) ) REPRESENTATION_CONTEXT ( 'NONE', 'WORKASPACE' ) );
#1158 = ORIENTED_EDGE ( 'NONE', *, *, #197, .T. ) ;
#1159 = ORIENTED_EDGE ( 'NONE', *, *, #1091, .T. ) ;
#1160 = DIRECTION ( 'NONE',  ( 0.000000000000000000, -0.000000000000000000, -1.000000000000000000 ) ) ;
#1161 = CARTESIAN_POINT ( 'NONE',  ( -112.1064999999999827, -6.349999999999983658, -5.489001214000007955 ) ) ;
#1162 = ORIENTED_EDGE ( 'NONE', *, *, #1282, .F. ) ;
#1163 = CARTESIAN_POINT ( 'NONE',  ( 0.000000000000000000, -12.69999999999999929, 0.000000000000000000 ) ) ;
#1164 = EDGE_CURVE ( 'NONE', #1340, #1131, #717, .T. ) ;
#1165 = CARTESIAN_POINT ( 'NONE',  ( -192.9129999999999825, -12.69999999999998863, 51.18099999999999739 ) ) ;
#1166 = ORIENTED_EDGE ( 'NONE', *, *, #1283, .F. ) ;
#1167 = ORIENTED_EDGE ( 'NONE', *, *, #1317, .T. ) ;
#1168 = DIRECTION ( 'NONE',  ( 1.000000000000000000, 0.000000000000000000, 0.000000000000000000 ) ) ;
#1169 = FACE_OUTER_BOUND ( 'NONE', #858, .T. ) ;
#1170 = DIRECTION ( 'NONE',  ( -0.000000000000000000, -1.000000000000000000, -0.000000000000000000 ) ) ;
#1171 = FACE_BOUND ( 'NONE', #1720, .T. ) ;
#1172 = LINE ( 'NONE', #1726, #1346 ) ;
#1173 = ORIENTED_EDGE ( 'NONE', *, *, #883, .T. ) ;
#1174 = ORIENTED_EDGE ( 'NONE', *, *, #621, .T. ) ;
#1175 = PLANE ( 'NONE',  #1673 ) ;
#1176 = DIRECTION ( 'NONE',  ( 0.7071067811865475727, 0.000000000000000000, 0.7071067811865475727 ) ) ;
#1177 = DIRECTION ( 'NONE',  ( 0.000000000000000000, 1.000000000000000000, -0.000000000000000000 ) ) ;
#1178 = CARTESIAN_POINT ( 'NONE',  ( -181.9829999999999757, 0.000000000000000000, 49.91099999999999426 ) ) ;
#1179 = VECTOR ( 'NONE', #1060, 1000.000000000000000 ) ;
#1180 = CARTESIAN_POINT ( 'NONE',  ( -170.7514999999999930, -53.33999999999999631, 51.18099999999999739 ) ) ;
#1181 = LINE ( 'NONE', #738, #878 ) ;
#1182 = EDGE_CURVE ( 'NONE', #884, #140, #40, .T. ) ;
#1183 = EDGE_CURVE ( 'NONE', #539, #884, #1566, .T. ) ;
#1184 = VERTEX_POINT ( 'NONE', #612 ) ;
#1185 = VECTOR ( 'NONE', #1591, 1000.000000000000000 ) ;
#1186 = CC_DESIGN_SECURITY_CLASSIFICATION ( #1499, ( #1677 ) ) ;
#1187 = EDGE_CURVE ( 'NONE', #202, #1546, #336, .T. ) ;
#1188 = VERTEX_POINT ( 'NONE', #68 ) ;
#1189 = DIRECTION ( 'NONE',  ( 0.000000000000000000, -1.000000000000000000, 0.000000000000000000 ) ) ;
#1190 = CARTESIAN_POINT ( 'NONE',  ( -161.1629999999999825, -38.16500000000002046, 11.02099878600000160 ) ) ;
#1191 = LINE ( 'NONE', #1752, #61 ) ;
#1192 = FACE_OUTER_BOUND ( 'NONE', #288, .T. ) ;
#1193 = CARTESIAN_POINT ( 'NONE',  ( -59.60649999999998983, -53.33999999999999631, 51.18099999999999739 ) ) ;
#1194 = ORIENTED_EDGE ( 'NONE', *, *, #138, .F. ) ;
#1195 = ORIENTED_EDGE ( 'NONE', *, *, #1626, .T. ) ;
#1196 = CARTESIAN_POINT ( 'NONE',  ( -56.43149999999999267, -50.16499999999999915, -44.23848569404203346 ) ) ;
#1197 = ADVANCED_FACE ( 'NONE', ( #997 ), #1299, .F. ) ;
#1198 = AXIS2_PLACEMENT_3D ( 'NONE', #1513, #281, #822 ) ;
#1199 = VECTOR ( 'NONE', #604, 1000.000000000000000 ) ;
#1200 = DIRECTION ( 'NONE',  ( -1.207912095860861775E-16, -0.7071067811865505703, -0.7071067811865444641 ) ) ;
#1201 = CARTESIAN_POINT ( 'NONE',  ( -192.9129999999999825, 0.000000000000000000, 51.18099999999999739 ) ) ;
#1202 = DIRECTION ( 'NONE',  ( 1.000000000000000000, 0.000000000000000000, -1.365923996832132842E-16 ) ) ;
#1203 = CARTESIAN_POINT ( 'NONE',  ( -19.05000000000001137, 4.445000000000000284, -1.770000000000038431 ) ) ;
#1204 = ORIENTED_EDGE ( 'NONE', *, *, #230, .F. ) ;
#1205 = EDGE_CURVE ( 'NONE', #757, #300, #859, .T. ) ;
#1206 = ADVANCED_FACE ( 'NONE', ( #50 ), #761, .F. ) ;
#1207 = CARTESIAN_POINT ( 'NONE',  ( -72.60649999999998272, -6.349999999999988987, 11.02099878599999805 ) ) ;
#1208 = CARTESIAN_POINT ( 'NONE',  ( -176.4029999999999632, 1.270000000000000018, 49.91100000000001558 ) ) ;
#1209 = ORIENTED_EDGE ( 'NONE', *, *, #948, .T. ) ;
#1210 = ORIENTED_EDGE ( 'NONE', *, *, #935, .T. ) ;
#1211 = AXIS2_PLACEMENT_3D ( 'NONE', #608, #759, #634 ) ;
#1212 = APPROVAL_PERSON_ORGANIZATION ( #420, #1362, #1066 ) ;
#1213 = DIRECTION ( 'NONE',  ( 1.000000000000000000, 0.000000000000000000, 0.000000000000000000 ) ) ;
#1214 = DIRECTION ( 'NONE',  ( -0.000000000000000000, -0.000000000000000000, 1.000000000000000000 ) ) ;
#1215 = DIRECTION ( 'NONE',  ( 1.000000000000000000, 0.000000000000000000, 0.000000000000000000 ) ) ;
#1216 = EDGE_CURVE ( 'NONE', #873, #400, #620, .T. ) ;
#1217 = LINE ( 'NONE', #267, #827 ) ;
#1218 = ORIENTED_EDGE ( 'NONE', *, *, #228, .T. ) ;
#1219 = PERSON_AND_ORGANIZATION ( #1247, #554 ) ;
#1220 = EDGE_LOOP ( 'NONE', ( #639, #1473, #592, #1357 ) ) ;
#1221 = CARTESIAN_POINT ( 'NONE',  ( -176.4029999999999632, 1.270000000000000018, 27.17000000000003723 ) ) ;
#1222 = DIRECTION ( 'NONE',  ( 1.000000000000000000, 1.708245668120933462E-16, 0.000000000000000000 ) ) ;
#1223 = AXIS2_PLACEMENT_3D ( 'NONE', #645, #914, #212 ) ;
#1224 = CARTESIAN_POINT ( 'NONE',  ( 8.893529485142264429E-16, -53.33999999999999631, 6.510998785999984939 ) ) ;
#1225 = EDGE_CURVE ( 'NONE', #1444, #844, #520, .T. ) ;
#1226 = DIRECTION ( 'NONE',  ( 0.000000000000000000, -0.000000000000000000, -1.000000000000000000 ) ) ;
#1227 = EDGE_LOOP ( 'NONE', ( #580, #385, #1555, #818 ) ) ;
#1228 = CARTESIAN_POINT ( 'NONE',  ( -75.48149999999998272, -6.349999999999988987, 51.18100000000001160 ) ) ;
#1229 = EDGE_LOOP ( 'NONE', ( #440, #368, #698, #253 ) ) ;
#1230 = DIRECTION ( 'NONE',  ( -1.365923996832132842E-16, -0.000000000000000000, -1.000000000000000000 ) ) ;
#1231 = DIRECTION ( 'NONE',  ( 0.000000000000000000, -1.000000000000000000, 0.000000000000000000 ) ) ;
#1232 = DIRECTION ( 'NONE',  ( 0.000000000000000000, -1.000000000000000000, 0.000000000000000000 ) ) ;
#1233 = CLOSED_SHELL ( 'NONE', ( #1315, #1005, #251, #1392, #611, #1580, #991, #655, #1197, #434, #1070, #1479, #671, #1341, #7, #1061, #1389, #1082, #1616, #895, #1638, #327, #694, #1500, #1237, #150, #1072, #1260, #340, #460, #1428, #399, #1470, #1601, #76, #456, #25, #169, #989, #784, #857, #958, #1013, #904, #1445, #1306, #1728, #825, #1739, #1659, #1052, #1449, #1503, #1206 ) ) ;
#1234 = PLANE ( 'NONE',  #90 ) ;
#1235 = APPROVAL ( #319, 'UNSPECIFIED' ) ;
#1236 = AXIS2_PLACEMENT_3D ( 'NONE', #3, #1086, #1250 ) ;
#1237 = ADVANCED_FACE ( 'NONE', ( #1316 ), #896, .F. ) ;
#1238 = ORIENTED_EDGE ( 'NONE', *, *, #1015, .T. ) ;
#1239 = DIRECTION ( 'NONE',  ( 0.000000000000000000, 0.000000000000000000, -1.000000000000000000 ) ) ;
#1240 = EDGE_CURVE ( 'NONE', #524, #300, #538, .T. ) ;
#1241 = CARTESIAN_POINT ( 'NONE',  ( -155.5829999999999700, 1.270000000000000018, 3.809999999999999165 ) ) ;
#1242 = DIRECTION ( 'NONE',  ( -0.000000000000000000, 0.000000000000000000, 1.000000000000000000 ) ) ;
#1243 = ORIENTED_EDGE ( 'NONE', *, *, #447, .T. ) ;
#1244 = CARTESIAN_POINT ( 'NONE',  ( -59.60649999999998983, -12.70000000000000284, 11.02099878600000160 ) ) ;
#1245 = CARTESIAN_POINT ( 'NONE',  ( -24.63000000000004164, 2.269999999999994245, 3.809999999999991172 ) ) ;
#1246 = EDGE_LOOP ( 'NONE', ( #651, #890, #829, #569 ) ) ;
#1247 = PERSON ( 'UNSPECIFIED', 'UNSPECIFIED', 'UNSPECIFIED', ('UNSPECIFIED'), ('UNSPECIFIED'), ('UNSPECIFIED') ) ;
#1248 = ORIENTED_EDGE ( 'NONE', *, *, #585, .T. ) ;
#1249 = CARTESIAN_POINT ( 'NONE',  ( -75.48149999999998272, -6.349999999999988987, 6.020998786000000713 ) ) ;
#1250 = DIRECTION ( 'NONE',  ( 1.000000000000000000, 0.000000000000000000, 0.000000000000000000 ) ) ;
#1251 = EDGE_CURVE ( 'NONE', #1092, #1422, #1040, .T. ) ;
#1252 = VERTEX_POINT ( 'NONE', #1050 ) ;
#1253 = DIRECTION ( 'NONE',  ( 0.000000000000000000, -1.000000000000000000, 0.000000000000000000 ) ) ;
#1254 = VECTOR ( 'NONE', #1290, 1000.000000000000000 ) ;
#1255 = VECTOR ( 'NONE', #87, 1000.000000000000000 ) ;
#1256 = ORIENTED_EDGE ( 'NONE', *, *, #753, .T. ) ;
#1257 = ORIENTED_EDGE ( 'NONE', *, *, #447, .F. ) ;
#1258 = CARTESIAN_POINT ( 'NONE',  ( -123.7814999999999941, -50.16499999999999915, 23.02099878600006377 ) ) ;
#1259 = LINE ( 'NONE', #405, #603 ) ;
#1260 = ADVANCED_FACE ( 'NONE', ( #888 ), #1059, .F. ) ;
#1261 = EDGE_CURVE ( 'NONE', #927, #1573, #1465, .T. ) ;
#1262 = ORIENTED_EDGE ( 'NONE', *, *, #1320, .T. ) ;
#1263 = DIRECTION ( 'NONE',  ( 0.000000000000000000, 0.000000000000000000, -1.000000000000000000 ) ) ;
#1264 = ORIENTED_EDGE ( 'NONE', *, *, #802, .F. ) ;
#1265 = EDGE_LOOP ( 'NONE', ( #1636, #43, #1166, #419, #366, #845 ) ) ;
#1266 = PLANE ( 'NONE',  #1067 ) ;
#1267 = DIRECTION ( 'NONE',  ( 0.000000000000000000, 0.000000000000000000, -1.000000000000000000 ) ) ;
#1268 = ORIENTED_EDGE ( 'NONE', *, *, #860, .T. ) ;
#1269 = DIRECTION ( 'NONE',  ( 0.000000000000000000, 0.000000000000000000, -1.000000000000000000 ) ) ;
#1270 = AXIS2_PLACEMENT_3D ( 'NONE', #179, #722, #1276 ) ;
#1271 = APPLICATION_CONTEXT ( 'configuration controlled 3d designs of mechanical parts and assemblies' ) ;
#1272 = EDGE_CURVE ( 'NONE', #973, #695, #627, .T. ) ;
#1273 = ORIENTED_EDGE ( 'NONE', *, *, #838, .F. ) ;
#1274 = PERSON_AND_ORGANIZATION_ROLE ( 'creator' ) ;
#1275 = EDGE_LOOP ( 'NONE', ( #18, #358 ) ) ;
#1276 = DIRECTION ( 'NONE',  ( 0.000000000000000000, -0.000000000000000000, -1.000000000000000000 ) ) ;
#1277 = DIRECTION ( 'NONE',  ( 1.000000000000000000, 0.000000000000000000, -4.218418767239443746E-18 ) ) ;
#1278 = EDGE_LOOP ( 'NONE', ( #276, #1333, #1218, #151 ) ) ;
#1279 = DIRECTION ( 'NONE',  ( 0.000000000000000000, 0.000000000000000000, -1.000000000000000000 ) ) ;
#1280 = FACE_OUTER_BOUND ( 'NONE', #1685, .T. ) ;
#1281 = AXIS2_PLACEMENT_3D ( 'NONE', #1163, #977, #1547 ) ;
#1282 = EDGE_CURVE ( 'NONE', #549, #1565, #499, .T. ) ;
#1283 = EDGE_CURVE ( 'NONE', #1303, #1419, #353, .T. ) ;
#1284 = VECTOR ( 'NONE', #1578, 1000.000000000000000 ) ;
#1285 = ORIENTED_EDGE ( 'NONE', *, *, #1498, .F. ) ;
#1286 = EDGE_LOOP ( 'NONE', ( #1095, #215 ) ) ;
#1287 = DIRECTION ( 'NONE',  ( -0.000000000000000000, 0.000000000000000000, 1.000000000000000000 ) ) ;
#1288 = LINE ( 'NONE', #1694, #1512 ) ;
#1289 = EDGE_LOOP ( 'NONE', ( #71, #658 ) ) ;
#1290 = DIRECTION ( 'NONE',  ( 1.000000000000000000, 0.000000000000000000, -6.103324382627934694E-17 ) ) ;
#1291 = FACE_OUTER_BOUND ( 'NONE', #92, .T. ) ;
#1292 = VERTEX_POINT ( 'NONE', #1337 ) ;
#1293 = ORIENTED_EDGE ( 'NONE', *, *, #748, .T. ) ;
#1294 = DIRECTION ( 'NONE',  ( -0.000000000000000000, 0.000000000000000000, 1.000000000000000000 ) ) ;
#1295 = DIRECTION ( 'NONE',  ( 0.000000000000000000, 0.000000000000000000, -1.000000000000000000 ) ) ;
#1296 = EDGE_CURVE ( 'NONE', #330, #318, #1031, .T. ) ;
#1297 = VECTOR ( 'NONE', #1214, 1000.000000000000000 ) ;
#1298 = ORIENTED_EDGE ( 'NONE', *, *, #1091, .F. ) ;
#1299 = PLANE ( 'NONE',  #1281 ) ;
#1300 = CARTESIAN_POINT ( 'NONE',  ( -167.5764999999999816, 0.000000000000000000, 0.000000000000000000 ) ) ;
#1301 = VECTOR ( 'NONE', #1304, 1000.000000000000000 ) ;
#1302 = VERTEX_POINT ( 'NONE', #636 ) ;
#1303 = VERTEX_POINT ( 'NONE', #1450 ) ;
#1304 = DIRECTION ( 'NONE',  ( 0.000000000000000000, -0.7071067811865444641, 0.7071067811865505703 ) ) ;
#1305 = LINE ( 'NONE', #1438, #1374 ) ;
#1306 = ADVANCED_FACE ( 'NONE', ( #227 ), #907, .F. ) ;
#1307 = LINE ( 'NONE', #1190, #407 ) ;
#1308 = DIRECTION ( 'NONE',  ( -1.000000000000000000, -0.000000000000000000, -0.000000000000000000 ) ) ;
#1309 = DIRECTION ( 'NONE',  ( -1.000000000000000000, -1.708245668120933462E-16, 0.000000000000000000 ) ) ;
#1310 = CARTESIAN_POINT ( 'NONE',  ( 0.000000000000000000, 1.270000000000000018, 0.000000000000000000 ) ) ;
#1311 = AXIS2_PLACEMENT_3D ( 'NONE', #1439, #219, #84 ) ;
#1312 = ORIENTED_EDGE ( 'NONE', *, *, #1127, .F. ) ;
#1313 = DIRECTION ( 'NONE',  ( 0.000000000000000000, 1.000000000000000000, 0.000000000000000000 ) ) ;
#1314 = CARTESIAN_POINT ( 'NONE',  ( -181.9829999999999757, 1.270000000000000240, 49.91099999999999426 ) ) ;
#1315 = ADVANCED_FACE ( 'NONE', ( #1324 ), #94, .F. ) ;
#1316 = FACE_OUTER_BOUND ( 'NONE', #1576, .T. ) ;
#1317 = EDGE_CURVE ( 'NONE', #1184, #1065, #924, .T. ) ;
#1318 = DIRECTION ( 'NONE',  ( -1.000000000000000000, 0.000000000000000000, 1.365923996832132842E-16 ) ) ;
#1319 = LINE ( 'NONE', #1165, #1112 ) ;
#1320 = EDGE_CURVE ( 'NONE', #1533, #757, #979, .T. ) ;
#1321 = EDGE_LOOP ( 'NONE', ( #1455, #1209, #1396, #1351, #1453, #596, #206, #900, #533, #261, #1101, #349 ) ) ;
#1322 = ORIENTED_EDGE ( 'NONE', *, *, #544, .T. ) ;
#1323 = FACE_OUTER_BOUND ( 'NONE', #1074, .T. ) ;
#1324 = FACE_OUTER_BOUND ( 'NONE', #574, .T. ) ;
#1325 = CARTESIAN_POINT ( 'NONE',  ( -56.43149999999999267, -50.16499999999999915, 23.02099878600006377 ) ) ;
#1326 = AXIS2_PLACEMENT_3D ( 'NONE', #966, #1518, #1395 ) ;
#1327 = FACE_OUTER_BOUND ( 'NONE', #1647, .T. ) ;
#1328 = DESIGN_CONTEXT ( 'detailed design', #1271, 'design' ) ;
#1329 = DIRECTION ( 'NONE',  ( 0.000000000000000000, 0.000000000000000000, 1.000000000000000000 ) ) ;
#1330 = EDGE_CURVE ( 'NONE', #8, #35, #1307, .T. ) ;
#1331 = AXIS2_PLACEMENT_3D ( 'NONE', #940, #1230, #1378 ) ;
#1332 = LOCAL_TIME ( 12, 15, 17.00000000000000000, #1757 ) ;
#1333 = ORIENTED_EDGE ( 'NONE', *, *, #1128, .F. ) ;
#1334 = EDGE_LOOP ( 'NONE', ( #1162, #557, #1515, #486 ) ) ;
#1335 = CARTESIAN_POINT ( 'NONE',  ( -123.7814999999999941, -12.69999999999999574, 51.18099999999999739 ) ) ;
#1336 = CARTESIAN_POINT ( 'NONE',  ( -9.461499999999983146, -12.69999999999999929, 51.18099999999999739 ) ) ;
#1337 = CARTESIAN_POINT ( 'NONE',  ( -176.4029999999999632, 2.269999999999994245, 27.17000000000003723 ) ) ;
#1338 = PLANE ( 'NONE',  #375 ) ;
#1339 = DIRECTION ( 'NONE',  ( 1.000000000000000000, 0.000000000000000000, 0.000000000000000000 ) ) ;
#1340 = VERTEX_POINT ( 'NONE', #965 ) ;
#1341 = ADVANCED_FACE ( 'NONE', ( #142 ), #667, .T. ) ;
#1342 = EDGE_CURVE ( 'NONE', #1292, #523, #1758, .T. ) ;
#1343 = ORIENTED_EDGE ( 'NONE', *, *, #1330, .F. ) ;
#1344 = CALENDAR_DATE ( 2026, 26, 5 ) ;
#1345 = VECTOR ( 'NONE', #1556, 1000.000000000000000 ) ;
#1346 = VECTOR ( 'NONE', #491, 1000.000000000000000 ) ;
#1347 = CARTESIAN_POINT ( 'NONE',  ( -56.43149999999999267, -50.16499999999999915, 23.02099878600006377 ) ) ;
#1348 = CARTESIAN_POINT ( 'NONE',  ( -167.5764999999999816, -12.69999999999998863, 51.18099999999999739 ) ) ;
#1349 = CARTESIAN_POINT ( 'NONE',  ( -192.9129999999999825, 2.269999999999994245, 51.18099999999999739 ) ) ;
#1350 = VERTEX_POINT ( 'NONE', #413 ) ;
#1351 = ORIENTED_EDGE ( 'NONE', *, *, #1187, .T. ) ;
#1352 = CARTESIAN_POINT ( 'NONE',  ( -180.2129999999999939, 1.270000000000000018, 49.91100000000001558 ) ) ;
#1353 = CARTESIAN_POINT ( 'NONE',  ( -12.63649999999999451, -12.69999999999998863, 11.02099878600000160 ) ) ;
#1354 = EDGE_CURVE ( 'NONE', #704, #8, #135, .T. ) ;
#1355 = DIRECTION ( 'NONE',  ( -1.365923996832132842E-16, -0.000000000000000000, -1.000000000000000000 ) ) ;
#1356 = LINE ( 'NONE', #427, #91 ) ;
#1357 = ORIENTED_EDGE ( 'NONE', *, *, #729, .F. ) ;
#1358 = VECTOR ( 'NONE', #1528, 1000.000000000000114 ) ;
#1359 = ORIENTED_EDGE ( 'NONE', *, *, #1415, .T. ) ;
#1360 = CARTESIAN_POINT ( 'NONE',  ( -68.10649999999996851, -6.349999999999988098, 6.020998786000000713 ) ) ;
#1361 = CARTESIAN_POINT ( 'NONE',  ( -161.1629999999999825, -3.174999999999999822, 6.020998786000001601 ) ) ;
#1362 = APPROVAL ( #526, 'UNSPECIFIED' ) ;
#1363 = FACE_OUTER_BOUND ( 'NONE', #126, .T. ) ;
#1364 = LINE ( 'NONE', #537, #943 ) ;
#1365 = VERTEX_POINT ( 'NONE', #1221 ) ;
#1366 = LINE ( 'NONE', #1489, #240 ) ;
#1367 = VERTEX_POINT ( 'NONE', #1241 ) ;
#1368 = DIRECTION ( 'NONE',  ( -1.000000000000000000, 0.000000000000000000, 1.365923996832132842E-16 ) ) ;
#1369 = VECTOR ( 'NONE', #1475, 1000.000000000000000 ) ;
#1370 = VECTOR ( 'NONE', #756, 1000.000000000000000 ) ;
#1371 = DIRECTION ( 'NONE',  ( -0.7071067811865492381, 0.000000000000000000, 0.7071067811865457964 ) ) ;
#1372 = EDGE_CURVE ( 'NONE', #1565, #19, #1509, .T. ) ;
#1373 = DIRECTION ( 'NONE',  ( 1.000000000000000000, 0.000000000000000000, 0.000000000000000000 ) ) ;
#1374 = VECTOR ( 'NONE', #1267, 1000.000000000000000 ) ;
#1375 = EDGE_CURVE ( 'NONE', #766, #140, #930, .T. ) ;
#1376 = ORIENTED_EDGE ( 'NONE', *, *, #709, .T. ) ;
#1377 = PERSON_AND_ORGANIZATION_ROLE ( 'design_owner' ) ;
#1378 = DIRECTION ( 'NONE',  ( -1.000000000000000000, 0.000000000000000000, 0.000000000000000000 ) ) ;
#1379 = DIRECTION ( 'NONE',  ( -1.000000000000000000, 0.000000000000000000, -0.000000000000000000 ) ) ;
#1380 = DIRECTION ( 'NONE',  ( -1.000000000000000000, 0.000000000000000000, 0.000000000000000000 ) ) ;
#1381 = VECTOR ( 'NONE', #1777, 1000.000000000000000 ) ;
#1382 = ORIENTED_EDGE ( 'NONE', *, *, #1027, .T. ) ;
#1383 = ORIENTED_EDGE ( 'NONE', *, *, #1671, .T. ) ;
#1384 = DIRECTION ( 'NONE',  ( 0.000000000000000000, -1.000000000000000000, -0.000000000000000000 ) ) ;
#1385 = AXIS2_PLACEMENT_3D ( 'NONE', #1258, #1394, #55 ) ;
#1386 = ORIENTED_EDGE ( 'NONE', *, *, #716, .T. ) ;
#1387 = DIRECTION ( 'NONE',  ( 0.000000000000000000, 0.000000000000000000, 1.000000000000000000 ) ) ;
#1388 = LINE ( 'NONE', #1073, #144 ) ;
#1390 = ORIENTED_EDGE ( 'NONE', *, *, #1261, .T. ) ;
#1389 = ADVANCED_FACE ( 'NONE', ( #1517 ), #795, .F. ) ;
#1391 = APPROVAL_ROLE ( '' ) ;
#1392 = ADVANCED_FACE ( 'NONE', ( #1501 ), #1630, .F. ) ;
#1393 = ORIENTED_EDGE ( 'NONE', *, *, #1695, .F. ) ;
#1394 = DIRECTION ( 'NONE',  ( 1.207912095860862021E-16, -0.7071067811865506814, -0.7071067811865443531 ) ) ;
#1395 = DIRECTION ( 'NONE',  ( 1.000000000000000000, 0.000000000000000000, 0.000000000000000000 ) ) ;
#1396 = ORIENTED_EDGE ( 'NONE', *, *, #66, .F. ) ;
#1397 = LINE ( 'NONE', #299, #418 ) ;
#1398 = VECTOR ( 'NONE', #656, 1000.000000000000000 ) ;
#1399 = VERTEX_POINT ( 'NONE', #152 ) ;
#1400 = ORIENTED_EDGE ( 'NONE', *, *, #918, .F. ) ;
#1401 = CARTESIAN_POINT ( 'NONE',  ( -161.1629999999999825, 1.270000000000000018, -1.770000000000002016 ) ) ;
#1402 = LINE ( 'NONE', #470, #1568 ) ;
#1403 = ORIENTED_EDGE ( 'NONE', *, *, #1225, .F. ) ;
#1404 = EDGE_CURVE ( 'NONE', #684, #559, #577, .T. ) ;
#1405 = CARTESIAN_POINT ( 'NONE',  ( -161.1629999999999825, 1.270000000000000018, 3.809999999999999609 ) ) ;
#1406 = ORIENTED_EDGE ( 'NONE', *, *, #1490, .T. ) ;
#1407 = AXIS2_PLACEMENT_3D ( 'NONE', #798, #1226, #282 ) ;
#1408 = EDGE_LOOP ( 'NONE', ( #1714, #1376, #615, #429, #1146, #191 ) ) ;
#1409 = CARTESIAN_POINT ( 'NONE',  ( 1.769999999999993356, 1.270000000000000018, 21.58999999999998565 ) ) ;
#1410 = CARTESIAN_POINT ( 'NONE',  ( -112.1064999999999827, -6.349999999999983658, 23.74892084735787634 ) ) ;
#1411 = ORIENTED_EDGE ( 'NONE', *, *, #1760, .F. ) ;
#1412 = EDGE_CURVE ( 'NONE', #1114, #1444, #955, .T. ) ;
#1413 = CARTESIAN_POINT ( 'NONE',  ( -103.1064999999999827, -6.349999999999982769, 23.74892084735787634 ) ) ;
#1414 = VECTOR ( 'NONE', #1600, 1000.000000000000000 ) ;
#1415 = EDGE_CURVE ( 'NONE', #1302, #1427, #423, .T. ) ;
#1416 = LINE ( 'NONE', #1145, #1598 ) ;
#1417 = ORIENTED_EDGE ( 'NONE', *, *, #197, .F. ) ;
#1418 = DATE_AND_TIME ( #981, #438 ) ;
#1419 = VERTEX_POINT ( 'NONE', #270 ) ;
#1420 = CARTESIAN_POINT ( 'NONE',  ( -59.60649999999998983, 50.49477905650116583, -5.489001213999998185 ) ) ;
#1421 = FACE_BOUND ( 'NONE', #1700, .T. ) ;
#1422 = VERTEX_POINT ( 'NONE', #119 ) ;
#1423 = LINE ( 'NONE', #710, #249 ) ;
#1424 = CARTESIAN_POINT ( 'NONE',  ( -176.4029999999999632, 0.000000000000000000, 49.91099999999999426 ) ) ;
#1425 = AXIS2_PLACEMENT_3D ( 'NONE', #4, #154, #1215 ) ;
#1426 = AXIS2_PLACEMENT_3D ( 'NONE', #1151, #488, #1030 ) ;
#1427 = VERTEX_POINT ( 'NONE', #1767 ) ;
#1428 = ADVANCED_FACE ( 'NONE', ( #679 ), #1076, .F. ) ;
#1429 = ORIENTED_EDGE ( 'NONE', *, *, #1635, .F. ) ;
#1430 = DIRECTION ( 'NONE',  ( -1.000000000000000000, 0.000000000000000000, 0.000000000000000000 ) ) ;
#1431 = CARTESIAN_POINT ( 'NONE',  ( -123.7814999999999941, -50.16499999999999915, 51.18099999999999739 ) ) ;
#1432 = ORIENTED_EDGE ( 'NONE', *, *, #1760, .T. ) ;
#1433 = DIRECTION ( 'NONE',  ( 0.000000000000000000, 0.000000000000000000, -1.000000000000000000 ) ) ;
#1434 = FACE_OUTER_BOUND ( 'NONE', #1561, .T. ) ;
#1435 = ORIENTED_EDGE ( 'NONE', *, *, #250, .T. ) ;
#1436 = ORIENTED_EDGE ( 'NONE', *, *, #1691, .T. ) ;
#1437 = CARTESIAN_POINT ( 'NONE',  ( -56.43150000000004951, -12.69999999999998153, 11.02099878599999805 ) ) ;
#1438 = CARTESIAN_POINT ( 'NONE',  ( -181.9829999999999757, 0.000000000000000000, 49.91099999999999426 ) ) ;
#1439 = CARTESIAN_POINT ( 'NONE',  ( 0.000000000000000000, 0.000000000000000000, 49.91099999999999426 ) ) ;
#1440 = VECTOR ( 'NONE', #751, 1000.000000000000000 ) ;
#1441 = CARTESIAN_POINT ( 'NONE',  ( -123.7814999999999941, -38.16500000000004889, 11.02099878599999805 ) ) ;
#1442 = CARTESIAN_POINT ( 'NONE',  ( 0.000000000000000000, -12.69999999999999929, 0.000000000000000000 ) ) ;
#1443 = APPROVAL_PERSON_ORGANIZATION ( #1690, #1235, #1391 ) ;
#1444 = VERTEX_POINT ( 'NONE', #1491 ) ;
#1445 = ADVANCED_FACE ( 'NONE', ( #540 ), #2, .F. ) ;
#1446 = VERTEX_POINT ( 'NONE', #1360 ) ;
#1447 = FACE_OUTER_BOUND ( 'NONE', #1220, .T. ) ;
#1448 = DIRECTION ( 'NONE',  ( 0.000000000000000000, -1.000000000000000000, 3.469446951953634305E-15 ) ) ;
#1449 = ADVANCED_FACE ( 'NONE', ( #127 ), #1085, .T. ) ;
#1450 = CARTESIAN_POINT ( 'NONE',  ( -120.6064999999999969, -12.70000000000000284, -5.489001213999998185 ) ) ;
#1451 = CARTESIAN_POINT ( 'NONE',  ( 1.769999999999993356, 0.000000000000000000, 49.91099999999999426 ) ) ;
#1452 = DIRECTION ( 'NONE',  ( 0.000000000000000000, -1.000000000000000000, 0.000000000000000000 ) ) ;
#1453 = ORIENTED_EDGE ( 'NONE', *, *, #44, .F. ) ;
#1454 = VECTOR ( 'NONE', #536, 1000.000000000000000 ) ;
#1455 = ORIENTED_EDGE ( 'NONE', *, *, #802, .T. ) ;
#1456 = DIRECTION ( 'NONE',  ( 0.000000000000000000, 0.000000000000000000, 1.000000000000000000 ) ) ;
#1457 = DIRECTION ( 'NONE',  ( 0.000000000000000000, -0.7071067811865443531, 0.7071067811865506814 ) ) ;
#1458 = LINE ( 'NONE', #1348, #1179 ) ;
#1459 = DIRECTION ( 'NONE',  ( -1.000000000000000000, 0.000000000000000000, 0.000000000000000000 ) ) ;
#1460 = CARTESIAN_POINT ( 'NONE',  ( -56.43150000000001398, -38.16500000000004178, 11.02099878599999805 ) ) ;
#1461 = ORIENTED_EDGE ( 'NONE', *, *, #66, .T. ) ;
#1462 = ORIENTED_EDGE ( 'NONE', *, *, #1780, .T. ) ;
#1463 = DIRECTION ( 'NONE',  ( 1.000000000000000000, -0.000000000000000000, 0.000000000000000000 ) ) ;
#1464 = AXIS2_PLACEMENT_3D ( 'NONE', #1487, #1494, #532 ) ;
#1465 = LINE ( 'NONE', #1732, #1775 ) ;
#1466 = DIRECTION ( 'NONE',  ( 0.000000000000000000, 1.000000000000000000, -0.000000000000000000 ) ) ;
#1467 = VECTOR ( 'NONE', #297, 1000.000000000000000 ) ;
#1468 = EDGE_CURVE ( 'NONE', #884, #945, #550, .T. ) ;
#1469 = LINE ( 'NONE', #1042, #1398 ) ;
#1470 = ADVANCED_FACE ( 'NONE', ( #20 ), #430, .F. ) ;
#1471 = CARTESIAN_POINT ( 'NONE',  ( -120.6064999999999969, -12.70000000000000284, 11.02099878600000160 ) ) ;
#1472 = ORIENTED_EDGE ( 'NONE', *, *, #1769, .F. ) ;
#1473 = ORIENTED_EDGE ( 'NONE', *, *, #473, .F. ) ;
#1474 = APPLICATION_PROTOCOL_DEFINITION ( 'international standard', 'config_control_design', 1994, #1271 ) ;
#1475 = DIRECTION ( 'NONE',  ( 0.000000000000000000, -7.656524645920016286E-18, -1.000000000000000000 ) ) ;
#1476 = CARTESIAN_POINT ( 'NONE',  ( -167.5764999999999816, 0.000000000000000000, 11.02099878600000160 ) ) ;
#1477 = PLANE ( 'NONE',  #703 ) ;
#1478 = CARTESIAN_POINT ( 'NONE',  ( -161.1629999999999825, 2.269999999999994245, -1.770000000000002016 ) ) ;
#1479 = ADVANCED_FACE ( 'NONE', ( #159 ), #589, .F. ) ;
#1480 = VERTEX_POINT ( 'NONE', #30 ) ;
#1481 =( NAMED_UNIT ( * ) SI_UNIT ( $, .STERADIAN. ) SOLID_ANGLE_UNIT ( ) );
#1482 = AXIS2_PLACEMENT_3D ( 'NONE', #1532, #171, #1279 ) ;
#1483 = VECTOR ( 'NONE', #114, 1000.000000000000000 ) ;
#1484 = CARTESIAN_POINT ( 'NONE',  ( -161.1629999999999825, 4.445000000000000284, 3.809999999999999609 ) ) ;
#1485 = CARTESIAN_POINT ( 'NONE',  ( -72.60649999999998272, -6.349999999999988987, 51.18100000000001160 ) ) ;
#1486 = FACE_OUTER_BOUND ( 'NONE', #207, .T. ) ;
#1487 = CARTESIAN_POINT ( 'NONE',  ( -72.60649999999998272, -6.349999999999988987, 11.02099878599999805 ) ) ;
#1488 = ORIENTED_EDGE ( 'NONE', *, *, #118, .T. ) ;
#1489 = CARTESIAN_POINT ( 'NONE',  ( 12.69999999999998863, 2.269999999999994245, -5.489001213999997297 ) ) ;
#1490 = EDGE_CURVE ( 'NONE', #583, #1669, #974, .T. ) ;
#1491 = CARTESIAN_POINT ( 'NONE',  ( -56.43149999999999267, -50.16499999999999915, 51.18099999999999739 ) ) ;
#1492 = DIRECTION ( 'NONE',  ( 0.000000000000000000, -1.000000000000000000, 0.000000000000000000 ) ) ;
#1493 = DIRECTION ( 'NONE',  ( -1.000000000000000000, 0.000000000000000000, 1.365923996832132842E-16 ) ) ;
#1494 = DIRECTION ( 'NONE',  ( -0.000000000000000000, 0.000000000000000000, 1.000000000000000000 ) ) ;
#1495 = ORIENTED_EDGE ( 'NONE', *, *, #1282, .T. ) ;
#1496 = VECTOR ( 'NONE', #497, 1000.000000000000000 ) ;
#1497 = DIRECTION ( 'NONE',  ( 1.000000000000000000, 0.000000000000000000, 0.000000000000000000 ) ) ;
#1498 = EDGE_CURVE ( 'NONE', #1367, #1565, #1001, .T. ) ;
#1499 = SECURITY_CLASSIFICATION ( '', '', #294 ) ;
#1500 = ADVANCED_FACE ( 'NONE', ( #296 ), #1266, .T. ) ;
#1501 = FACE_OUTER_BOUND ( 'NONE', #736, .T. ) ;
#1502 = LINE ( 'NONE', #21, #1381 ) ;
#1503 = ADVANCED_FACE ( 'NONE', ( #1010 ), #566, .F. ) ;
#1504 = CARTESIAN_POINT ( 'NONE',  ( -9.461499999999983146, -53.33999999999999631, 51.18099999999999739 ) ) ;
#1505 = CARTESIAN_POINT ( 'NONE',  ( -155.5829999999999700, 2.270000000000000462, 3.809999999999999165 ) ) ;
#1506 = ORIENTED_EDGE ( 'NONE', *, *, #86, .F. ) ;
#1507 = DIRECTION ( 'NONE',  ( 1.000000000000000000, 0.000000000000000000, -6.103324382627934694E-17 ) ) ;
#1508 = ORIENTED_EDGE ( 'NONE', *, *, #1579, .F. ) ;
#1509 = LINE ( 'NONE', #13, #1764 ) ;
#1510 = PLANE ( 'NONE',  #464 ) ;
#1511 = AXIS2_PLACEMENT_3D ( 'NONE', #238, #1024, #1751 ) ;
#1512 = VECTOR ( 'NONE', #1584, 1000.000000000000000 ) ;
#1513 = CARTESIAN_POINT ( 'NONE',  ( -176.4029999999999632, 4.445000000000000284, 49.91100000000001558 ) ) ;
#1514 = CARTESIAN_POINT ( 'NONE',  ( -72.60649999999998272, -6.349999999999988987, 6.020998786000000713 ) ) ;
#1515 = ORIENTED_EDGE ( 'NONE', *, *, #1152, .F. ) ;
#1516 = ORIENTED_EDGE ( 'NONE', *, *, #1240, .T. ) ;
#1517 = FACE_OUTER_BOUND ( 'NONE', #1034, .T. ) ;
#1518 = DIRECTION ( 'NONE',  ( -0.000000000000000000, 0.000000000000000000, 1.000000000000000000 ) ) ;
#1519 = VERTEX_POINT ( 'NONE', #449 ) ;
#1520 = FACE_OUTER_BOUND ( 'NONE', #545, .T. ) ;
#1521 = EDGE_CURVE ( 'NONE', #704, #1444, #876, .T. ) ;
#1522 = DIRECTION ( 'NONE',  ( -1.000000000000000000, 0.000000000000000000, 0.000000000000000000 ) ) ;
#1523 = EDGE_CURVE ( 'NONE', #1665, #393, #699, .T. ) ;
#1524 = AXIS2_PLACEMENT_3D ( 'NONE', #1529, #1242, #160 ) ;
#1525 = ORIENTED_EDGE ( 'NONE', *, *, #495, .F. ) ;
#1526 = PERSON_AND_ORGANIZATION ( #1247, #554 ) ;
#1527 = ORIENTED_EDGE ( 'NONE', *, *, #1772, .F. ) ;
#1528 = DIRECTION ( 'NONE',  ( -0.7071067811865457964, -0.000000000000000000, -0.7071067811865492381 ) ) ;
#1529 = CARTESIAN_POINT ( 'NONE',  ( -161.1629999999999825, -3.174999999999999822, 6.020998786000001601 ) ) ;
#1530 = VECTOR ( 'NONE', #1313, 1000.000000000000000 ) ;
#1531 = ORIENTED_EDGE ( 'NONE', *, *, #794, .F. ) ;
#1532 = CARTESIAN_POINT ( 'NONE',  ( -3.810000000000007603, 4.445000000000000284, 49.91100000000001558 ) ) ;
#1533 = VERTEX_POINT ( 'NONE', #166 ) ;
#1534 = EDGE_CURVE ( 'NONE', #298, #188, #1115, .T. ) ;
#1535 = ORIENTED_EDGE ( 'NONE', *, *, #882, .T. ) ;
#1536 = DIRECTION ( 'NONE',  ( 0.000000000000000000, -1.000000000000000000, 0.000000000000000000 ) ) ;
#1537 = FACE_BOUND ( 'NONE', #1286, .T. ) ;
#1538 = VERTEX_POINT ( 'NONE', #1122 ) ;
#1539 = CARTESIAN_POINT ( 'NONE',  ( 1.769999999999993356, 1.270000000000000240, 49.91099999999999426 ) ) ;
#1540 = AXIS2_PLACEMENT_3D ( 'NONE', #769, #1724, #508 ) ;
#1541 = ORIENTED_EDGE ( 'NONE', *, *, #100, .F. ) ;
#1542 = EDGE_CURVE ( 'NONE', #1619, #1, #1675, .T. ) ;
#1543 = VERTEX_POINT ( 'NONE', #1249 ) ;
#1544 = LINE ( 'NONE', #37, #1557 ) ;
#1545 = CARTESIAN_POINT ( 'NONE',  ( -123.7814999999999941, -50.16499999999999915, -44.23848569404203346 ) ) ;
#1546 = VERTEX_POINT ( 'NONE', #441 ) ;
#1547 = DIRECTION ( 'NONE',  ( 0.000000000000000000, -0.000000000000000000, -1.000000000000000000 ) ) ;
#1548 = ORIENTED_EDGE ( 'NONE', *, *, #168, .T. ) ;
#1549 = COORDINATED_UNIVERSAL_TIME_OFFSET ( 5, 0, .BEHIND. ) ;
#1550 = VECTOR ( 'NONE', #1492, 1000.000000000000000 ) ;
#1551 = ORIENTED_EDGE ( 'NONE', *, *, #1753, .T. ) ;
#1552 = CARTESIAN_POINT ( 'NONE',  ( -79.69650000000038403, 1.270000000000000018, 79.69649999999998613 ) ) ;
#1553 = DIRECTION ( 'NONE',  ( -1.365923996832132842E-16, -0.000000000000000000, -1.000000000000000000 ) ) ;
#1554 = EDGE_CURVE ( 'NONE', #153, #231, #381, .T. ) ;
#1555 = ORIENTED_EDGE ( 'NONE', *, *, #1772, .T. ) ;
#1556 = DIRECTION ( 'NONE',  ( -1.365923996832132842E-16, -0.000000000000000000, -1.000000000000000000 ) ) ;
#1557 = VECTOR ( 'NONE', #846, 1000.000000000000000 ) ;
#1558 = APPROVAL_PERSON_ORGANIZATION ( #546, #855, #556 ) ;
#1559 = EDGE_CURVE ( 'NONE', #72, #1538, #1544, .T. ) ;
#1560 = LINE ( 'NONE', #70, #337 ) ;
#1561 = EDGE_LOOP ( 'NONE', ( #344, #1322, #875, #89, #1045, #479, #81, #1541, #1506, #1655, #1012, #938 ) ) ;
#1562 = ORIENTED_EDGE ( 'NONE', *, *, #272, .T. ) ;
#1563 = DIRECTION ( 'NONE',  ( 1.000000000000000000, 0.000000000000000000, -1.365923996832132842E-16 ) ) ;
#1564 = CARTESIAN_POINT ( 'NONE',  ( -69.73149999999996851, -6.349999999999988987, 11.02099878599999805 ) ) ;
#1565 = VERTEX_POINT ( 'NONE', #1401 ) ;
#1566 = LINE ( 'NONE', #575, #363 ) ;
#1567 = CARTESIAN_POINT ( 'NONE',  ( -123.7814999999999941, -12.69999999999999574, 11.02099878599999805 ) ) ;
#1568 = VECTOR ( 'NONE', #1684, 1000.000000000000000 ) ;
#1569 = VECTOR ( 'NONE', #622, 1000.000000000000000 ) ;
#1570 = AXIS2_PLACEMENT_3D ( 'NONE', #1442, #1452, #1736 ) ;
#1571 = ORIENTED_EDGE ( 'NONE', *, *, #42, .T. ) ;
#1572 = ADVANCED_BREP_SHAPE_REPRESENTATION ( 'Y-axis Way Cover Cover motor Side', ( #1094, #97 ), #1157 ) ;
#1573 = VERTEX_POINT ( 'NONE', #581 ) ;
#1574 = CARTESIAN_POINT ( 'NONE',  ( -12.63649999999999451, 92.90084323535050714, -120.0448444493517002 ) ) ;
#1575 = DIRECTION ( 'NONE',  ( -0.000000000000000000, -0.000000000000000000, 1.000000000000000000 ) ) ;
#1576 = EDGE_LOOP ( 'NONE', ( #1359, #466, #1056, #57 ) ) ;
#1577 = DIRECTION ( 'NONE',  ( 0.000000000000000000, -1.000000000000000000, 0.000000000000000000 ) ) ;
#1578 = DIRECTION ( 'NONE',  ( 0.000000000000000000, 0.000000000000000000, 1.000000000000000000 ) ) ;
#1579 = EDGE_CURVE ( 'NONE', #1422, #766, #1132, .T. ) ;
#1580 = ADVANCED_FACE ( 'NONE', ( #1683 ), #853, .T. ) ;
#1581 = ORIENTED_EDGE ( 'NONE', *, *, #807, .F. ) ;
#1582 = VERTEX_POINT ( 'NONE', #46 ) ;
#1583 = DIRECTION ( 'NONE',  ( 0.000000000000000000, -1.000000000000000000, 0.000000000000000000 ) ) ;
#1584 = DIRECTION ( 'NONE',  ( -0.000000000000000000, 1.000000000000000000, -0.000000000000000000 ) ) ;
#1585 = DIRECTION ( 'NONE',  ( 1.000000000000000000, -1.708245668120933462E-16, 0.000000000000000000 ) ) ;
#1586 = AXIS2_PLACEMENT_3D ( 'NONE', #1609, #64, #1456 ) ;
#1587 = DIRECTION ( 'NONE',  ( 0.000000000000000000, 0.000000000000000000, -1.000000000000000000 ) ) ;
#1588 = LINE ( 'NONE', #1424, #1370 ) ;
#1589 = CARTESIAN_POINT ( 'NONE',  ( -120.6064999999999969, -53.33999999999998920, 6.510998785999968952 ) ) ;
#1590 = ORIENTED_EDGE ( 'NONE', *, *, #568, .T. ) ;
#1591 = DIRECTION ( 'NONE',  ( -1.000000000000000000, 0.000000000000000000, 0.000000000000000000 ) ) ;
#1592 = EDGE_CURVE ( 'NONE', #1188, #374, #1693, .T. ) ;
#1593 = CARTESIAN_POINT ( 'NONE',  ( -192.9129999999999825, 4.445000000000000284, -5.489001213999997297 ) ) ;
#1594 = DIRECTION ( 'NONE',  ( -1.000000000000000000, 0.000000000000000000, 0.000000000000000000 ) ) ;
#1595 = LINE ( 'NONE', #490, #1686 ) ;
#1596 = VERTEX_POINT ( 'NONE', #922 ) ;
#1597 = VECTOR ( 'NONE', #1577, 1000.000000000000000 ) ;
#1598 = VECTOR ( 'NONE', #1007, 1000.000000000000000 ) ;
#1599 = ORIENTED_EDGE ( 'NONE', *, *, #1354, .T. ) ;
#1600 = DIRECTION ( 'NONE',  ( -1.481680267750108152E-15, 1.000000000000000000, 0.000000000000000000 ) ) ;
#1601 = ADVANCED_FACE ( 'NONE', ( #1323 ), #1046, .T. ) ;
#1602 = EDGE_CURVE ( 'NONE', #879, #549, #208, .T. ) ;
#1603 = CARTESIAN_POINT ( 'NONE',  ( -120.6064999999999969, -12.70000000000000284, 11.02099878600000160 ) ) ;
#1604 = DIRECTION ( 'NONE',  ( 1.000000000000000000, 0.000000000000000000, 0.000000000000000000 ) ) ;
#1605 = DIRECTION ( 'NONE',  ( 0.000000000000000000, 1.000000000000000000, 0.000000000000000000 ) ) ;
#1606 = ORIENTED_EDGE ( 'NONE', *, *, #1354, .F. ) ;
#1607 = ORIENTED_EDGE ( 'NONE', *, *, #762, .F. ) ;
#1608 = VERTEX_POINT ( 'NONE', #236 ) ;
#1609 = CARTESIAN_POINT ( 'NONE',  ( 12.69999999999998863, 4.445000000000000284, 49.91100000000001558 ) ) ;
#1610 = CIRCLE ( 'NONE', #1148, 4.500000000000003553 ) ;
#1611 = LINE ( 'NONE', #364, #1255 ) ;
#1612 = CARTESIAN_POINT ( 'NONE',  ( -107.6064999999999827, -6.349999999999983658, 23.74892084735787634 ) ) ;
#1613 = CARTESIAN_POINT ( 'NONE',  ( -103.1064999999999827, -6.349999999999982769, -5.489001214000009732 ) ) ;
#1614 = AXIS2_PLACEMENT_3D ( 'NONE', #155, #673, #258 ) ;
#1615 = CARTESIAN_POINT ( 'NONE',  ( 12.69999999999998863, -12.69999999999998863, 51.18099999999999739 ) ) ;
#1616 = ADVANCED_FACE ( 'NONE', ( #93 ), #742, .F. ) ;
#1617 = ORIENTED_EDGE ( 'NONE', *, *, #1534, .T. ) ;
#1618 = VECTOR ( 'NONE', #200, 1000.000000000000000 ) ;
#1619 = VERTEX_POINT ( 'NONE', #1038 ) ;
#1620 = LINE ( 'NONE', #953, #1762 ) ;
#1621 = CARTESIAN_POINT ( 'NONE',  ( 1.769999999999993356, 2.270000000000000462, 21.58999999999998565 ) ) ;
#1622 = DIRECTION ( 'NONE',  ( -6.103324382627934694E-17, 0.000000000000000000, -1.000000000000000000 ) ) ;
#1623 = DIRECTION ( 'NONE',  ( 0.000000000000000000, -1.000000000000000000, -0.000000000000000000 ) ) ;
#1624 = LINE ( 'NONE', #1208, #1078 ) ;
#1625 = CARTESIAN_POINT ( 'NONE',  ( -68.10649999999996851, -6.349999999999988098, -5.489001214000015061 ) ) ;
#1626 = EDGE_CURVE ( 'NONE', #298, #318, #1029, .T. ) ;
#1627 = ORIENTED_EDGE ( 'NONE', *, *, #1128, .T. ) ;
#1628 = LINE ( 'NONE', #394, #606 ) ;
#1629 = CIRCLE ( 'NONE', #1425, 4.500000000000003553 ) ;
#1630 = CYLINDRICAL_SURFACE ( 'NONE', #352, 2.875000000000002665 ) ;
#1631 = CARTESIAN_POINT ( 'NONE',  ( -3.810000000000007603, 0.000000000000000000, 49.91099999999999426 ) ) ;
#1632 = FACE_OUTER_BOUND ( 'NONE', #1154, .T. ) ;
#1633 = PLANE ( 'NONE',  #630 ) ;
#1634 = EDGE_CURVE ( 'NONE', #1680, #295, #9, .T. ) ;
#1635 = EDGE_CURVE ( 'NONE', #35, #1672, #82, .T. ) ;
#1636 = ORIENTED_EDGE ( 'NONE', *, *, #903, .T. ) ;
#1637 = LINE ( 'NONE', #1228, #891 ) ;
#1638 = ADVANCED_FACE ( 'NONE', ( #1447 ), #778, .F. ) ;
#1639 = DIRECTION ( 'NONE',  ( -9.658541207454344613E-17, -0.7071067811865467956, -0.7071067811865483499 ) ) ;
#1640 = DIRECTION ( 'NONE',  ( 0.000000000000000000, -0.000000000000000000, -1.000000000000000000 ) ) ;
#1641 = LINE ( 'NONE', #968, #161 ) ;
#1642 = AXIS2_PLACEMENT_3D ( 'NONE', #1051, #95, #796 ) ;
#1643 = LINE ( 'NONE', #1505, #799 ) ;
#1644 = ORIENTED_EDGE ( 'NONE', *, *, #362, .T. ) ;
#1645 = AXIS2_PLACEMENT_3D ( 'NONE', #1196, #1750, #1075 ) ;
#1646 = PERSON_AND_ORGANIZATION ( #1247, #554 ) ;
#1647 = EDGE_LOOP ( 'NONE', ( #199, #803, #432, #982, #235, #329, #1436, #992, #565, #1705, #1256, #1472 ) ) ;
#1648 = DIRECTION ( 'NONE',  ( 0.000000000000000000, 0.000000000000000000, 1.000000000000000000 ) ) ;
#1649 = CARTESIAN_POINT ( 'NONE',  ( 0.000000000000000000, -12.69999999999999929, 0.000000000000000000 ) ) ;
#1650 = CARTESIAN_POINT ( 'NONE',  ( 0.000000000000000000, 0.000000000000000000, 51.18099999999999739 ) ) ;
#1651 = UNCERTAINTY_MEASURE_WITH_UNIT (LENGTH_MEASURE( 1.000000000000000082E-05 ), #1766, 'distance_accuracy_value', 'NONE');
#1652 = LINE ( 'NONE', #561, #205 ) ;
#1653 = ORIENTED_EDGE ( 'NONE', *, *, #435, .T. ) ;
#1654 = CALENDAR_DATE ( 2026, 26, 5 ) ;
#1655 = ORIENTED_EDGE ( 'NONE', *, *, #1107, .F. ) ;
#1656 = CARTESIAN_POINT ( 'NONE',  ( -56.43149999999999267, -50.16499999999999915, 23.02099878600006377 ) ) ;
#1657 = AXIS2_PLACEMENT_3D ( 'NONE', #1650, #1108, #814 ) ;
#1658 = EDGE_CURVE ( 'NONE', #572, #186, #616, .T. ) ;
#1659 = ADVANCED_FACE ( 'NONE', ( #626 ), #1175, .T. ) ;
#1660 = VECTOR ( 'NONE', #760, 1000.000000000000000 ) ;
#1661 = EDGE_LOOP ( 'NONE', ( #1711, #1037, #54, #708, #471, #1765 ) ) ;
#1662 = CARTESIAN_POINT ( 'NONE',  ( -72.60649999999998272, -6.349999999999988987, 23.74892084735787279 ) ) ;
#1663 = DIRECTION ( 'NONE',  ( -1.000000000000000000, 0.000000000000000000, 0.000000000000000000 ) ) ;
#1664 = CARTESIAN_POINT ( 'NONE',  ( -167.5764999999999816, -50.16500000000000625, 51.18099999999999739 ) ) ;
#1665 = VERTEX_POINT ( 'NONE', #1741 ) ;
#1666 = ORIENTED_EDGE ( 'NONE', *, *, #411, .T. ) ;
#1667 = DIRECTION ( 'NONE',  ( 1.000000000000000000, 0.000000000000000000, -1.365923996832132842E-16 ) ) ;
#1668 = DIRECTION ( 'NONE',  ( -0.7071067811865474617, -0.000000000000000000, 0.7071067811865474617 ) ) ;
#1669 = VERTEX_POINT ( 'NONE', #1335 ) ;
#1670 = CARTESIAN_POINT ( 'NONE',  ( -181.9830000000000041, 4.445000000000000284, 21.58999999999998209 ) ) ;
#1671 = EDGE_CURVE ( 'NONE', #188, #583, #1712, .T. ) ;
#1672 = VERTEX_POINT ( 'NONE', #217 ) ;
#1673 = AXIS2_PLACEMENT_3D ( 'NONE', #73, #1583, #1160 ) ;
#1674 = ORIENTED_EDGE ( 'NONE', *, *, #1769, .T. ) ;
#1675 = LINE ( 'NONE', #1140, #779 ) ;
#1676 = DIRECTION ( 'NONE',  ( -0.000000000000000000, 0.000000000000000000, 1.000000000000000000 ) ) ;
#1677 = PRODUCT_DEFINITION_FORMATION_WITH_SPECIFIED_SOURCE ( 'ANY', '', #439, .NOT_KNOWN. ) ;
#1678 = ORIENTED_EDGE ( 'NONE', *, *, #675, .F. ) ;
#1679 = CARTESIAN_POINT ( 'NONE',  ( -59.60649999999998983, 2.270000000000001350, 51.18099999999999739 ) ) ;
#1680 = VERTEX_POINT ( 'NONE', #103 ) ;
#1681 = COORDINATED_UNIVERSAL_TIME_OFFSET ( 5, 0, .BEHIND. ) ;
#1682 = ORIENTED_EDGE ( 'NONE', *, *, #753, .F. ) ;
#1683 = FACE_OUTER_BOUND ( 'NONE', #1055, .T. ) ;
#1684 = DIRECTION ( 'NONE',  ( 0.000000000000000000, 0.000000000000000000, 1.000000000000000000 ) ) ;
#1685 = EDGE_LOOP ( 'NONE', ( #1531, #1674, #39, #1064 ) ) ;
#1686 = VECTOR ( 'NONE', #106, 1000.000000000000000 ) ;
#1687 = DIRECTION ( 'NONE',  ( 0.000000000000000000, -1.000000000000000000, -0.000000000000000000 ) ) ;
#1688 = VECTOR ( 'NONE', #314, 1000.000000000000000 ) ;
#1689 = ORIENTED_EDGE ( 'NONE', *, *, #1130, .F. ) ;
#1690 = PERSON_AND_ORGANIZATION ( #1247, #554 ) ;
#1691 = EDGE_CURVE ( 'NONE', #633, #1131, #226, .T. ) ;
#1692 = ORIENTED_EDGE ( 'NONE', *, *, #383, .F. ) ;
#1693 = LINE ( 'NONE', #1420, #529 ) ;
#1694 = CARTESIAN_POINT ( 'NONE',  ( -9.461499999999983146, -53.33999999999999631, 51.18099999999999739 ) ) ;
#1695 = EDGE_CURVE ( 'NONE', #1184, #555, #886, .T. ) ;
#1696 = ORIENTED_EDGE ( 'NONE', *, *, #1534, .F. ) ;
#1697 = DIRECTION ( 'NONE',  ( 0.000000000000000000, -1.000000000000000000, 0.000000000000000000 ) ) ;
#1698 = CARTESIAN_POINT ( 'NONE',  ( -192.9129999999999825, -12.69999999999998863, -5.489001213999998185 ) ) ;
#1699 = VECTOR ( 'NONE', #513, 1000.000000000000000 ) ;
#1700 = EDGE_LOOP ( 'NONE', ( #53, #750 ) ) ;
#1701 = VECTOR ( 'NONE', #1594, 1000.000000000000000 ) ;
#1702 = ORIENTED_EDGE ( 'NONE', *, *, #801, .T. ) ;
#1703 = DIRECTION ( 'NONE',  ( -1.000000000000000000, 0.000000000000000000, 1.927470528863117569E-16 ) ) ;
#1704 = DIRECTION ( 'NONE',  ( 0.000000000000000000, 1.000000000000000000, -0.000000000000000000 ) ) ;
#1705 = ORIENTED_EDGE ( 'NONE', *, *, #1780, .F. ) ;
#1706 = EDGE_CURVE ( 'NONE', #1538, #202, #359, .T. ) ;
#1707 = CARTESIAN_POINT ( 'NONE',  ( 0.000000000000000000, -12.69999999999999929, 0.000000000000000000 ) ) ;
#1708 = AXIS2_PLACEMENT_3D ( 'NONE', #688, #1384, #830 ) ;
#1709 = PLANE ( 'NONE',  #817 ) ;
#1710 = ORIENTED_EDGE ( 'NONE', *, *, #576, .T. ) ;
#1711 = ORIENTED_EDGE ( 'NONE', *, *, #1579, .T. ) ;
#1712 = LINE ( 'NONE', #342, #498 ) ;
#1713 = LINE ( 'NONE', #459, #51 ) ;
#1714 = ORIENTED_EDGE ( 'NONE', *, *, #1559, .F. ) ;
#1715 = EDGE_CURVE ( 'NONE', #67, #844, #767, .T. ) ;
#1716 = DIRECTION ( 'NONE',  ( -0.000000000000000000, -1.000000000000000000, -0.000000000000000000 ) ) ;
#1717 = EDGE_CURVE ( 'NONE', #8, #334, #506, .T. ) ;
#1718 = LINE ( 'NONE', #1567, #1049 ) ;
#1719 = AXIS2_PLACEMENT_3D ( 'NONE', #1725, #782, #1202 ) ;
#1720 = EDGE_LOOP ( 'NONE', ( #1113, #911 ) ) ;
#1721 = ORIENTED_EDGE ( 'NONE', *, *, #1164, .T. ) ;
#1722 = CARTESIAN_POINT ( 'NONE',  ( -24.63000000000004164, 4.445000000000000284, 3.809999999999991172 ) ) ;
#1723 = LINE ( 'NONE', #74, #591 ) ;
#1724 = DIRECTION ( 'NONE',  ( -1.365923996832132842E-16, 0.000000000000000000, -1.000000000000000000 ) ) ;
#1725 = CARTESIAN_POINT ( 'NONE',  ( -180.2129999999999939, 4.445000000000000284, -5.489001213999999074 ) ) ;
#1726 = CARTESIAN_POINT ( 'NONE',  ( -69.73149999999996851, -6.349999999999988987, 51.18100000000001160 ) ) ;
#1727 = ORIENTED_EDGE ( 'NONE', *, *, #507, .T. ) ;
#1728 = ADVANCED_FACE ( 'NONE', ( #369 ), #913, .F. ) ;
#1729 = ORIENTED_EDGE ( 'NONE', *, *, #1412, .F. ) ;
#1730 = CARTESIAN_POINT ( 'NONE',  ( -170.7514999999999930, -53.33999999999999631, -5.489001213999998185 ) ) ;
#1731 = DIRECTION ( 'NONE',  ( 0.000000000000000000, -1.000000000000000000, 0.000000000000000000 ) ) ;
#1732 = CARTESIAN_POINT ( 'NONE',  ( 12.69999999999998863, 0.000000000000000000, 51.18099999999999739 ) ) ;
#1733 = LINE ( 'NONE', #1353, #1701 ) ;
#1734 = AXIS2_PLACEMENT_3D ( 'NONE', #1207, #527, #387 ) ;
#1735 = PLANE ( 'NONE',  #1719 ) ;
#1736 = DIRECTION ( 'NONE',  ( 0.000000000000000000, -0.000000000000000000, -1.000000000000000000 ) ) ;
#1737 = CC_DESIGN_APPROVAL ( #855, ( #62 ) ) ;
#1738 = CARTESIAN_POINT ( 'NONE',  ( -9.461499999999983146, -53.33999999999999631, 6.510998785999984051 ) ) ;
#1739 = ADVANCED_FACE ( 'NONE', ( #277 ), #401, .F. ) ;
#1740 = ORIENTED_EDGE ( 'NONE', *, *, #493, .T. ) ;
#1741 = CARTESIAN_POINT ( 'NONE',  ( -170.7514999999999930, -53.33999999999999631, 6.510998785999984051 ) ) ;
#1742 = DIRECTION ( 'NONE',  ( 1.000000000000000000, 0.000000000000000000, -0.000000000000000000 ) ) ;
#1743 = CARTESIAN_POINT ( 'NONE',  ( -167.5764999999999816, -50.16500000000000625, 23.02099878600006377 ) ) ;
#1744 = LINE ( 'NONE', #1754, #391 ) ;
#1745 = LINE ( 'NONE', #1589, #232 ) ;
#1746 = AXIS2_PLACEMENT_3D ( 'NONE', #354, #1339, #1587 ) ;
#1747 = CIRCLE ( 'NONE', #649, 2.875000000000002665 ) ;
#1748 = ORIENTED_EDGE ( 'NONE', *, *, #380, .T. ) ;
#1749 = ORIENTED_EDGE ( 'NONE', *, *, #1015, .F. ) ;
#1750 = DIRECTION ( 'NONE',  ( -1.708245668120933462E-16, -1.000000000000000000, 0.000000000000000000 ) ) ;
#1751 = DIRECTION ( 'NONE',  ( -1.000000000000000000, 0.000000000000000000, 0.000000000000000000 ) ) ;
#1752 = CARTESIAN_POINT ( 'NONE',  ( -120.6064999999999969, -12.70000000000000284, -5.489001213999998185 ) ) ;
#1753 = EDGE_CURVE ( 'NONE', #1582, #1292, #1620, .T. ) ;
#1754 = CARTESIAN_POINT ( 'NONE',  ( -170.7514999999999930, -41.33999999999998920, -5.489001213999999962 ) ) ;
#1755 = EDGE_LOOP ( 'NONE', ( #384, #1581, #409, #125 ) ) ;
#1756 = ORIENTED_EDGE ( 'NONE', *, *, #1372, .T. ) ;
#1757 = COORDINATED_UNIVERSAL_TIME_OFFSET ( 5, 0, .BEHIND. ) ;
#1758 = LINE ( 'NONE', #660, #978 ) ;
#1759 = CARTESIAN_POINT ( 'NONE',  ( -77.10649999999998272, -6.349999999999988987, -5.489001214000013285 ) ) ;
#1760 = EDGE_CURVE ( 'NONE', #303, #186, #677, .T. ) ;
#1761 = CARTESIAN_POINT ( 'NONE',  ( 1.769999999999993356, 0.000000000000000000, -1.770000000000002016 ) ) ;
#1762 = VECTOR ( 'NONE', #1239, 1000.000000000000000 ) ;
#1763 = DIRECTION ( 'NONE',  ( 0.000000000000000000, -1.000000000000000000, 0.000000000000000000 ) ) ;
#1764 = VECTOR ( 'NONE', #558, 1000.000000000000000 ) ;
#1765 = ORIENTED_EDGE ( 'NONE', *, *, #1251, .T. ) ;
#1766 =( LENGTH_UNIT ( ) NAMED_UNIT ( * ) SI_UNIT ( .MILLI., .METRE. ) );
#1767 = CARTESIAN_POINT ( 'NONE',  ( -176.4029999999999632, 1.270000000000000018, 49.91099999999999426 ) ) ;
#1768 = CARTESIAN_POINT ( 'NONE',  ( -110.4814999999999827, -6.349999999999983658, 6.020998786000000713 ) ) ;
#1769 = EDGE_CURVE ( 'NONE', #912, #800, #1628, .T. ) ;
#1770 = LINE ( 'NONE', #808, #1454 ) ;
#1771 = CARTESIAN_POINT ( 'NONE',  ( 12.69999999999998863, -12.69999999999998863, 51.18099999999999739 ) ) ;
#1772 = EDGE_CURVE ( 'NONE', #684, #1543, #1637, .T. ) ;
#1773 = FACE_OUTER_BOUND ( 'NONE', #1755, .T. ) ;
#1774 = ORIENTED_EDGE ( 'NONE', *, *, #1521, .T. ) ;
#1775 = VECTOR ( 'NONE', #1177, 1000.000000000000000 ) ;
#1776 = DIRECTION ( 'NONE',  ( -1.365923996832133088E-16, -0.000000000000000000, -1.000000000000000000 ) ) ;
#1777 = DIRECTION ( 'NONE',  ( 6.122193184454189221E-17, 0.000000000000000000, -1.000000000000000000 ) ) ;
#1778 = FACE_OUTER_BOUND ( 'NONE', #996, .T. ) ;
#1779 = CARTESIAN_POINT ( 'NONE',  ( -155.5829999999999700, 4.445000000000000284, 3.809999999999999165 ) ) ;
#1780 = EDGE_CURVE ( 'NONE', #832, #973, #1366, .T. ) ;
#1781 = ORIENTED_EDGE ( 'NONE', *, *, #1296, .T. ) ;
ENDSEC;
END-ISO-10303-21;
