ISO-10303-21;
HEADER;
/* Generated by software containing ST-Developer
 * from STEP Tools, Inc. (www.steptools.com) 
 */

FILE_DESCRIPTION(
/* description */ (''),
/* implementation_level */ '2;1');

FILE_NAME(
/* name */ '/Users/luq1308/Desktop/model.step',
/* time_stamp */ '2021-08-25T06:38:00+07:00',
/* author */ (''),
/* organization */ (''),
/* preprocessor_version */ 'ST-DEVELOPER v18.1',
/* originating_system */ 'Autodesk Translation Framework v10.10.0.1391',

/* authorisation */ '');

FILE_SCHEMA (('AUTOMOTIVE_DESIGN { 1 0 10303 214 3 1 1 }'));
ENDSEC;

DATA;
#10=MECHANICAL_DESIGN_GEOMETRIC_PRESENTATION_REPRESENTATION('',(#93,#94,
#95,#96,#97,#98,#99,#100,#101,#102,#103,#104,#105,#106,#107,#108,#109,#110,
#111,#112,#113,#114,#115,#116,#117,#118,#119,#120,#121,#122,#123,#124,#125,
#126,#127,#128,#129,#130,#131,#132,#133,#134,#135,#136,#137,#138,#139,#140,
#141,#142,#143,#144,#145,#146,#147,#148,#149,#150,#151,#152,#153,#154,#155,
#156,#157,#158,#159,#160,#161,#162,#163,#164,#165,#166,#167,#168,#169,#170,
#171,#172,#173,#174,#175,#176,#177,#178,#179,#180,#181,#182,#183,#184,#185,
#186,#187,#188,#189,#190,#191,#192,#193,#194,#195,#196,#197,#198,#199,#200,
#201,#202,#203,#204,#205,#206,#207,#208,#209,#210,#211,#212,#213,#214,#215,
#216,#217,#218,#219,#220,#221,#222,#223,#224,#225,#226,#227,#228,#229,#230,
#231,#232,#233,#234,#235,#236,#237,#238,#239,#240,#241,#242,#243),#13552);
#11=SHAPE_REPRESENTATION_RELATIONSHIP('SRR','None',#13559,#12);
#12=ADVANCED_BREP_SHAPE_REPRESENTATION('',(#244,#245,#246),#13551);
#13=TOROIDAL_SURFACE('',#8566,1.5,1.);
#14=TOROIDAL_SURFACE('',#8600,1.5,1.);
#15=TOROIDAL_SURFACE('',#8609,1.5,1.);
#16=TOROIDAL_SURFACE('',#8623,1.5,1.);
#17=TOROIDAL_SURFACE('',#8637,1.5,1.);
#18=TOROIDAL_SURFACE('',#8651,1.5,1.);
#19=TOROIDAL_SURFACE('',#8665,1.5,1.);
#20=TOROIDAL_SURFACE('',#8714,4.,1.);
#21=TOROIDAL_SURFACE('',#8721,4.,1.);
#22=TOROIDAL_SURFACE('',#8728,7.,1.);
#23=B_SPLINE_CURVE_WITH_KNOTS('',3,(#11507,#11508,#11509,#11510,#11511,
#11512,#11513,#11514,#11515,#11516,#11517,#11518),.UNSPECIFIED.,.F.,.F.,
(4,2,2,2,2,4),(0.0764632118732389,0.0765334278557676,0.114656060765325,
0.152778693674882,0.191123620855174,0.229392148315246),.UNSPECIFIED.);
#24=B_SPLINE_CURVE_WITH_KNOTS('',3,(#11521,#11522,#11523,#11524,#11525,
#11526,#11527,#11528,#11529,#11530,#11531,#11532),.UNSPECIFIED.,.F.,.F.,
(4,2,2,2,2,4),(0.382797240532611,0.421065767992683,0.459410695172976,0.497533328082533,
0.53565596099209,0.535726176974619),.UNSPECIFIED.);
#25=B_SPLINE_CURVE_WITH_KNOTS('',3,(#11538,#11539,#11540,#11541,#11542,
#11543,#11544,#11545,#11546,#11547,#11548,#11549),.UNSPECIFIED.,.F.,.F.,
(4,2,2,2,2,4),(0.117940534880003,0.118116358996995,0.176373403837626,0.234630448678257,
0.293452572446612,0.35208566168203),.UNSPECIFIED.);
#26=B_SPLINE_CURVE_WITH_KNOTS('',3,(#11553,#11554,#11555,#11556,#11557,
#11558,#11559,#11560,#11561,#11562,#11563,#11564),.UNSPECIFIED.,.F.,.F.,
(4,2,2,2,2,4),(0.589707936498989,0.648341025734407,0.707163149502762,0.765420194343393,
0.823677239184024,0.823853063301015),.UNSPECIFIED.);
#27=B_SPLINE_CURVE_WITH_KNOTS('',3,(#11683,#11684,#11685,#11686,#11687,
#11688,#11689,#11690,#11691,#11692,#11693,#11694),.UNSPECIFIED.,.F.,.F.,
(4,2,2,2,2,4),(0.117940534880004,0.118116358996995,0.176373403837626,0.234630448678257,
0.293452572446612,0.35208566168203),.UNSPECIFIED.);
#28=B_SPLINE_CURVE_WITH_KNOTS('',3,(#11696,#11697,#11698,#11699),
 .UNSPECIFIED.,.F.,.F.,(4,4),(0.320430128481315,0.34569699264768),
 .UNSPECIFIED.);
#29=B_SPLINE_CURVE_WITH_KNOTS('',3,(#11700,#11701,#11702,#11703),
 .UNSPECIFIED.,.F.,.F.,(4,4),(0.34569699264768,0.370963856814045),
 .UNSPECIFIED.);
#30=B_SPLINE_CURVE_WITH_KNOTS('',3,(#11892,#11893,#11894,#11895),
 .UNSPECIFIED.,.F.,.F.,(4,4),(0.237307105088521,0.262424955957218),
 .UNSPECIFIED.);
#31=B_SPLINE_CURVE_WITH_KNOTS('',3,(#11896,#11897,#11898,#11899),
 .UNSPECIFIED.,.F.,.F.,(4,4),(0.262424955957218,0.287542806825915),
 .UNSPECIFIED.);
#32=B_SPLINE_CURVE_WITH_KNOTS('',3,(#11900,#11901,#11902,#11903,#11904,
#11905,#11906,#11907,#11908,#11909,#11910,#11911),.UNSPECIFIED.,.F.,.F.,
(4,2,2,2,2,4),(0.382797240532611,0.421065767992683,0.459410695172976,0.497533328082533,
0.53565596099209,0.535726176974619),.UNSPECIFIED.);
#33=B_SPLINE_CURVE_WITH_KNOTS('',3,(#11913,#11914,#11915,#11916,#11917,
#11918,#11919,#11920,#11921,#11922,#11923,#11924),.UNSPECIFIED.,.F.,.F.,
(4,2,2,2,2,4),(0.0764632118732389,0.0765334278557676,0.114656060765325,
0.152778693674882,0.191123620855174,0.229392148315245),.UNSPECIFIED.);
#34=B_SPLINE_CURVE_WITH_KNOTS('',3,(#11928,#11929,#11930,#11931,#11932,
#11933,#11934,#11935,#11936,#11937,#11938,#11939),.UNSPECIFIED.,.F.,.F.,
(4,2,2,2,2,4),(0.589707936498989,0.648341025734407,0.707163149502762,0.765420194343393,
0.823677239184024,0.823853063301015),.UNSPECIFIED.);
#35=B_SPLINE_CURVE_WITH_KNOTS('',3,(#11943,#11944,#11945,#11946,#11947,
#11948,#11949,#11950,#11951,#11952,#11953,#11954),.UNSPECIFIED.,.F.,.F.,
(4,2,2,2,2,4),(0.117940534880004,0.118116358996995,0.176373403837626,0.234630448678257,
0.293452572446612,0.35208566168203),.UNSPECIFIED.);
#36=B_SPLINE_CURVE_WITH_KNOTS('',3,(#11956,#11957,#11958,#11959),
 .UNSPECIFIED.,.F.,.F.,(4,4),(0.320430128481315,0.34569699264768),
 .UNSPECIFIED.);
#37=B_SPLINE_CURVE_WITH_KNOTS('',3,(#11960,#11961,#11962,#11963),
 .UNSPECIFIED.,.F.,.F.,(4,4),(0.34569699264768,0.370963856814045),
 .UNSPECIFIED.);
#38=B_SPLINE_CURVE_WITH_KNOTS('',3,(#11966,#11967,#11968,#11969),
 .UNSPECIFIED.,.F.,.F.,(4,4),(0.237307105088521,0.262424955957218),
 .UNSPECIFIED.);
#39=B_SPLINE_CURVE_WITH_KNOTS('',3,(#11970,#11971,#11972,#11973),
 .UNSPECIFIED.,.F.,.F.,(4,4),(0.262424955957218,0.287542806825915),
 .UNSPECIFIED.);
#40=B_SPLINE_CURVE_WITH_KNOTS('',3,(#11974,#11975,#11976,#11977,#11978,
#11979,#11980,#11981,#11982,#11983,#11984,#11985),.UNSPECIFIED.,.F.,.F.,
(4,2,2,2,2,4),(0.382797240532611,0.421065767992683,0.459410695172976,0.497533328082533,
0.53565596099209,0.535726176974619),.UNSPECIFIED.);
#41=B_SPLINE_CURVE_WITH_KNOTS('',3,(#11987,#11988,#11989,#11990,#11991,
#11992,#11993,#11994,#11995,#11996,#11997,#11998),.UNSPECIFIED.,.F.,.F.,
(4,2,2,2,2,4),(0.0764632118732385,0.0765334278557676,0.114656060765325,
0.152778693674882,0.191123620855175,0.229392148315245),.UNSPECIFIED.);
#42=B_SPLINE_CURVE_WITH_KNOTS('',3,(#12002,#12003,#12004,#12005,#12006,
#12007,#12008,#12009,#12010,#12011,#12012,#12013),.UNSPECIFIED.,.F.,.F.,
(4,2,2,2,2,4),(0.589707936498989,0.648341025734407,0.707163149502762,0.765420194343393,
0.823677239184024,0.823853063301015),.UNSPECIFIED.);
#43=B_SPLINE_CURVE_WITH_KNOTS('',3,(#12017,#12018,#12019,#12020,#12021,
#12022,#12023,#12024,#12025,#12026,#12027,#12028),.UNSPECIFIED.,.F.,.F.,
(4,2,2,2,2,4),(0.117940534880004,0.118116358996995,0.176373403837626,0.234630448678257,
0.293452572446612,0.352085661682031),.UNSPECIFIED.);
#44=B_SPLINE_CURVE_WITH_KNOTS('',3,(#12030,#12031,#12032,#12033),
 .UNSPECIFIED.,.F.,.F.,(4,4),(0.320430128481316,0.34569699264768),
 .UNSPECIFIED.);
#45=B_SPLINE_CURVE_WITH_KNOTS('',3,(#12034,#12035,#12036,#12037),
 .UNSPECIFIED.,.F.,.F.,(4,4),(0.34569699264768,0.370963856814044),
 .UNSPECIFIED.);
#46=B_SPLINE_CURVE_WITH_KNOTS('',3,(#12040,#12041,#12042,#12043),
 .UNSPECIFIED.,.F.,.F.,(4,4),(0.237307105088521,0.262424955957218),
 .UNSPECIFIED.);
#47=B_SPLINE_CURVE_WITH_KNOTS('',3,(#12044,#12045,#12046,#12047),
 .UNSPECIFIED.,.F.,.F.,(4,4),(0.262424955957218,0.287542806825915),
 .UNSPECIFIED.);
#48=B_SPLINE_CURVE_WITH_KNOTS('',3,(#12048,#12049,#12050,#12051,#12052,
#12053,#12054,#12055,#12056,#12057,#12058,#12059),.UNSPECIFIED.,.F.,.F.,
(4,2,2,2,2,4),(0.382797240532611,0.421065767992683,0.459410695172976,0.497533328082533,
0.53565596099209,0.535726176974619),.UNSPECIFIED.);
#49=B_SPLINE_CURVE_WITH_KNOTS('',3,(#12064,#12065,#12066,#12067,#12068,
#12069,#12070,#12071,#12072,#12073,#12074,#12075),.UNSPECIFIED.,.F.,.F.,
(4,2,2,2,2,4),(0.589707936498989,0.648341025734407,0.707163149502762,0.765420194343393,
0.823677239184024,0.823853063301015),.UNSPECIFIED.);
#50=B_SPLINE_CURVE_WITH_KNOTS('',3,(#12076,#12077,#12078,#12079,#12080,
#12081,#12082,#12083,#12084,#12085,#12086,#12087),.UNSPECIFIED.,.F.,.F.,
(4,2,2,2,2,4),(0.0764632118732389,0.0765334278557676,0.114656060765325,
0.152778693674882,0.191123620855174,0.229392148315246),.UNSPECIFIED.);
#51=B_SPLINE_CURVE_WITH_KNOTS('',3,(#12264,#12265,#12266,#12267),
 .UNSPECIFIED.,.F.,.F.,(4,4),(0.320430128481308,0.345696992647681),
 .UNSPECIFIED.);
#52=B_SPLINE_CURVE_WITH_KNOTS('',3,(#12268,#12269,#12270,#12271),
 .UNSPECIFIED.,.F.,.F.,(4,4),(0.345696992647681,0.370963856814054),
 .UNSPECIFIED.);
#53=B_SPLINE_CURVE_WITH_KNOTS('',3,(#12276,#12277,#12278,#12279),
 .UNSPECIFIED.,.F.,.F.,(4,4),(0.237307105088515,0.262424955957219),
 .UNSPECIFIED.);
#54=B_SPLINE_CURVE_WITH_KNOTS('',3,(#12280,#12281,#12282,#12283),
 .UNSPECIFIED.,.F.,.F.,(4,4),(0.262424955957219,0.287542806825923),
 .UNSPECIFIED.);
#55=B_SPLINE_CURVE_WITH_KNOTS('',3,(#12285,#12286,#12287,#12288,#12289,
#12290,#12291,#12292,#12293,#12294,#12295,#12296),.UNSPECIFIED.,.F.,.F.,
(4,2,2,2,2,4),(0.0764632118732388,0.0765334278557676,0.114656060765325,
0.152778693674882,0.191123620855174,0.229392148315246),.UNSPECIFIED.);
#56=B_SPLINE_CURVE_WITH_KNOTS('',3,(#12297,#12298,#12299,#12300,#12301,
#12302,#12303,#12304,#12305,#12306,#12307,#12308),.UNSPECIFIED.,.F.,.F.,
(4,2,2,2,2,4),(0.382797240532611,0.421065767992683,0.459410695172975,0.497533328082532,
0.535655960992089,0.535726176974619),.UNSPECIFIED.);
#57=B_SPLINE_CURVE_WITH_KNOTS('',3,(#12310,#12311,#12312,#12313,#12314,
#12315,#12316,#12317,#12318,#12319,#12320,#12321),.UNSPECIFIED.,.F.,.F.,
(4,2,2,2,2,4),(0.117940534880004,0.118116358996995,0.176373403837626,0.234630448678257,
0.293452572446612,0.35208566168203),.UNSPECIFIED.);
#58=B_SPLINE_CURVE_WITH_KNOTS('',3,(#12322,#12323,#12324,#12325,#12326,
#12327,#12328,#12329,#12330,#12331,#12332,#12333),.UNSPECIFIED.,.F.,.F.,
(4,2,2,2,2,4),(0.589707936498988,0.648341025734406,0.707163149502761,0.765420194343392,
0.823677239184023,0.823853063301013),.UNSPECIFIED.);
#59=B_SPLINE_CURVE_WITH_KNOTS('',3,(#12338,#12339,#12340,#12341),
 .UNSPECIFIED.,.F.,.F.,(4,4),(0.32043012848132,0.345696992647679),
 .UNSPECIFIED.);
#60=B_SPLINE_CURVE_WITH_KNOTS('',3,(#12342,#12343,#12344,#12345),
 .UNSPECIFIED.,.F.,.F.,(4,4),(0.345696992647679,0.370963856814038),
 .UNSPECIFIED.);
#61=B_SPLINE_CURVE_WITH_KNOTS('',3,(#12350,#12351,#12352,#12353),
 .UNSPECIFIED.,.F.,.F.,(4,4),(0.237307105088527,0.262424955957217),
 .UNSPECIFIED.);
#62=B_SPLINE_CURVE_WITH_KNOTS('',3,(#12354,#12355,#12356,#12357),
 .UNSPECIFIED.,.F.,.F.,(4,4),(0.262424955957217,0.287542806825907),
 .UNSPECIFIED.);
#63=ELLIPSE('',#8115,3.18198051533946,2.25);
#64=ELLIPSE('',#8116,3.18198051533946,2.25);
#65=ELLIPSE('',#8118,3.18198051533946,2.25);
#66=ELLIPSE('',#8119,3.18198051533946,2.25);
#67=ELLIPSE('',#8121,3.18198051533946,2.25);
#68=ELLIPSE('',#8122,3.18198051533946,2.25);
#69=ELLIPSE('',#8124,3.18198051533946,2.25);
#70=ELLIPSE('',#8125,3.18198051533946,2.25);
#71=ELLIPSE('',#8127,3.18198051533946,2.25);
#72=ELLIPSE('',#8128,3.18198051533946,2.25);
#73=ELLIPSE('',#8176,3.18198051533946,2.25);
#74=ELLIPSE('',#8177,3.18198051533946,2.25);
#75=ELLIPSE('',#8178,3.18198051533946,2.25);
#76=ELLIPSE('',#8179,3.18198051533946,2.25);
#77=ELLIPSE('',#8183,3.18198051533946,2.25);
#78=ELLIPSE('',#8184,3.18198051533946,2.25);
#79=ELLIPSE('',#8186,3.18198051533946,2.25);
#80=ELLIPSE('',#8187,3.18198051533946,2.25);
#81=ELLIPSE('',#8189,3.18198051533946,2.25);
#82=ELLIPSE('',#8190,3.18198051533946,2.25);
#83=ELLIPSE('',#8192,3.18198051533946,2.25);
#84=ELLIPSE('',#8193,3.18198051533946,2.25);
#85=ELLIPSE('',#8226,3.18198051533946,2.25);
#86=ELLIPSE('',#8227,3.18198051533946,2.25);
#87=ELLIPSE('',#8228,3.18198051533946,2.25);
#88=ELLIPSE('',#8229,3.18198051533946,2.25);
#89=ELLIPSE('',#8307,3.18198051533946,2.25);
#90=ELLIPSE('',#8311,3.18198051533946,2.25);
#91=ELLIPSE('',#8315,3.18198051533946,2.25);
#92=ELLIPSE('',#8317,3.18198051533946,2.25);
#93=STYLED_ITEM('',(#13569),#244);
#94=STYLED_ITEM('',(#13570),#245);
#95=STYLED_ITEM('',(#13569),#7853);
#96=STYLED_ITEM('',(#13569),#7854);
#97=STYLED_ITEM('',(#13569),#7855);
#98=STYLED_ITEM('',(#13571),#7857);
#99=STYLED_ITEM('',(#13571),#7858);
#100=STYLED_ITEM('',(#13571),#7859);
#101=STYLED_ITEM('',(#13571),#7860);
#102=STYLED_ITEM('',(#13571),#7861);
#103=STYLED_ITEM('',(#13572),#7862);
#104=STYLED_ITEM('',(#13572),#7863);
#105=STYLED_ITEM('',(#13569),#7864);
#106=STYLED_ITEM('',(#13569),#7865);
#107=STYLED_ITEM('',(#13569),#7866);
#108=STYLED_ITEM('',(#13569),#7867);
#109=STYLED_ITEM('',(#13569),#7868);
#110=STYLED_ITEM('',(#13569),#7869);
#111=STYLED_ITEM('',(#13569),#7870);
#112=STYLED_ITEM('',(#13569),#7871);
#113=STYLED_ITEM('',(#13570),#7873);
#114=STYLED_ITEM('',(#13570),#7874);
#115=STYLED_ITEM('',(#13570),#7875);
#116=STYLED_ITEM('',(#13570),#7876);
#117=STYLED_ITEM('',(#13570),#7878);
#118=STYLED_ITEM('',(#13573),#7879);
#119=STYLED_ITEM('',(#13573),#7880);
#120=STYLED_ITEM('',(#13570),#7881);
#121=STYLED_ITEM('',(#13570),#7882);
#122=STYLED_ITEM('',(#13570),#7883);
#123=STYLED_ITEM('',(#13570),#7884);
#124=STYLED_ITEM('',(#13570),#7886);
#125=STYLED_ITEM('',(#13573),#7887);
#126=STYLED_ITEM('',(#13573),#7888);
#127=STYLED_ITEM('',(#13570),#7889);
#128=STYLED_ITEM('',(#13570),#7890);
#129=STYLED_ITEM('',(#13570),#7891);
#130=STYLED_ITEM('',(#13570),#7892);
#131=STYLED_ITEM('',(#13570),#7894);
#132=STYLED_ITEM('',(#13573),#7895);
#133=STYLED_ITEM('',(#13573),#7896);
#134=STYLED_ITEM('',(#13570),#7897);
#135=STYLED_ITEM('',(#13570),#7898);
#136=STYLED_ITEM('',(#13570),#7899);
#137=STYLED_ITEM('',(#13570),#7900);
#138=STYLED_ITEM('',(#13570),#7902);
#139=STYLED_ITEM('',(#13573),#7903);
#140=STYLED_ITEM('',(#13573),#7904);
#141=STYLED_ITEM('',(#13570),#7905);
#142=STYLED_ITEM('',(#13570),#7906);
#143=STYLED_ITEM('',(#13570),#7907);
#144=STYLED_ITEM('',(#13570),#7908);
#145=STYLED_ITEM('',(#13570),#7910);
#146=STYLED_ITEM('',(#13573),#7911);
#147=STYLED_ITEM('',(#13573),#7912);
#148=STYLED_ITEM('',(#13573),#7913);
#149=STYLED_ITEM('',(#13573),#7914);
#150=STYLED_ITEM('',(#13573),#7915);
#151=STYLED_ITEM('',(#13573),#7916);
#152=STYLED_ITEM('',(#13573),#7917);
#153=STYLED_ITEM('',(#13573),#7918);
#154=STYLED_ITEM('',(#13573),#7919);
#155=STYLED_ITEM('',(#13573),#7921);
#156=STYLED_ITEM('',(#13573),#7922);
#157=STYLED_ITEM('',(#13573),#7923);
#158=STYLED_ITEM('',(#13573),#7924);
#159=STYLED_ITEM('',(#13573),#7925);
#160=STYLED_ITEM('',(#13573),#7926);
#161=STYLED_ITEM('',(#13573),#7927);
#162=STYLED_ITEM('',(#13573),#7928);
#163=STYLED_ITEM('',(#13573),#7929);
#164=STYLED_ITEM('',(#13573),#7930);
#165=STYLED_ITEM('',(#13573),#7931);
#166=STYLED_ITEM('',(#13573),#7932);
#167=STYLED_ITEM('',(#13573),#7933);
#168=STYLED_ITEM('',(#13573),#7934);
#169=STYLED_ITEM('',(#13573),#7935);
#170=STYLED_ITEM('',(#13573),#7936);
#171=STYLED_ITEM('',(#13573),#7937);
#172=STYLED_ITEM('',(#13573),#7938);
#173=STYLED_ITEM('',(#13573),#7939);
#174=STYLED_ITEM('',(#13571),#7940);
#175=STYLED_ITEM('',(#13574),#7941);
#176=STYLED_ITEM('',(#13574),#7942);
#177=STYLED_ITEM('',(#13569),#7943);
#178=STYLED_ITEM('',(#13574),#7944);
#179=STYLED_ITEM('',(#13574),#7945);
#180=STYLED_ITEM('',(#13569),#7946);
#181=STYLED_ITEM('',(#13574),#7947);
#182=STYLED_ITEM('',(#13574),#7948);
#183=STYLED_ITEM('',(#13569),#7949);
#184=STYLED_ITEM('',(#13573),#7950);
#185=STYLED_ITEM('',(#13573),#7951);
#186=STYLED_ITEM('',(#13573),#7952);
#187=STYLED_ITEM('',(#13573),#7953);
#188=STYLED_ITEM('',(#13573),#7954);
#189=STYLED_ITEM('',(#13573),#7955);
#190=STYLED_ITEM('',(#13572),#7956);
#191=STYLED_ITEM('',(#13572),#7957);
#192=STYLED_ITEM('',(#13572),#7958);
#193=STYLED_ITEM('',(#13572),#7959);
#194=STYLED_ITEM('',(#13572),#7960);
#195=STYLED_ITEM('',(#13570),#7961);
#196=STYLED_ITEM('',(#13573),#7962);
#197=STYLED_ITEM('',(#13573),#7963);
#198=STYLED_ITEM('',(#13570),#7964);
#199=STYLED_ITEM('',(#13573),#7965);
#200=STYLED_ITEM('',(#13573),#7966);
#201=STYLED_ITEM('',(#13570),#7967);
#202=STYLED_ITEM('',(#13570),#7968);
#203=STYLED_ITEM('',(#13570),#7969);
#204=STYLED_ITEM('',(#13573),#7970);
#205=STYLED_ITEM('',(#13573),#7971);
#206=STYLED_ITEM('',(#13573),#7972);
#207=STYLED_ITEM('',(#13573),#7973);
#208=STYLED_ITEM('',(#13571),#7974);
#209=STYLED_ITEM('',(#13571),#7975);
#210=STYLED_ITEM('',(#13571),#7976);
#211=STYLED_ITEM('',(#13571),#7977);
#212=STYLED_ITEM('',(#13573),#7978);
#213=STYLED_ITEM('',(#13573),#7979);
#214=STYLED_ITEM('',(#13573),#7980);
#215=STYLED_ITEM('',(#13573),#7981);
#216=STYLED_ITEM('',(#13573),#7982);
#217=STYLED_ITEM('',(#13573),#7983);
#218=STYLED_ITEM('',(#13573),#7984);
#219=STYLED_ITEM('',(#13573),#7985);
#220=STYLED_ITEM('',(#13573),#7986);
#221=STYLED_ITEM('',(#13573),#7987);
#222=STYLED_ITEM('',(#13573),#7988);
#223=STYLED_ITEM('',(#13573),#7989);
#224=STYLED_ITEM('',(#13573),#7990);
#225=STYLED_ITEM('',(#13573),#7991);
#226=STYLED_ITEM('',(#13573),#7992);
#227=STYLED_ITEM('',(#13573),#7993);
#228=STYLED_ITEM('',(#13573),#7994);
#229=STYLED_ITEM('',(#13573),#7995);
#230=STYLED_ITEM('',(#13573),#7996);
#231=STYLED_ITEM('',(#13575),#7997);
#232=STYLED_ITEM('',(#13575),#7998);
#233=STYLED_ITEM('',(#13573),#7999);
#234=STYLED_ITEM('',(#13575),#8000);
#235=STYLED_ITEM('',(#13575),#8001);
#236=STYLED_ITEM('',(#13575),#8002);
#237=STYLED_ITEM('',(#13575),#8003);
#238=STYLED_ITEM('',(#13573),#8004);
#239=STYLED_ITEM('',(#13575),#8005);
#240=STYLED_ITEM('',(#13575),#8006);
#241=STYLED_ITEM('',(#13575),#8007);
#242=STYLED_ITEM('',(#13573),#8008);
#243=STYLED_ITEM('',(#13568),#246);
#244=MANIFOLD_SOLID_BREP('case1',#8009);
#245=MANIFOLD_SOLID_BREP('case2',#8010);
#246=MANIFOLD_SOLID_BREP('board',#8011);
#247=FACE_BOUND('',#1063,.T.);
#248=FACE_BOUND('',#1064,.T.);
#249=FACE_BOUND('',#1098,.T.);
#250=FACE_BOUND('',#1102,.T.);
#251=FACE_BOUND('',#1103,.T.);
#252=FACE_BOUND('',#1104,.T.);
#253=FACE_BOUND('',#1105,.T.);
#254=FACE_BOUND('',#1106,.T.);
#255=FACE_BOUND('',#1107,.T.);
#256=FACE_BOUND('',#1108,.T.);
#257=FACE_BOUND('',#1109,.T.);
#258=FACE_BOUND('',#1110,.T.);
#259=FACE_BOUND('',#1111,.T.);
#260=FACE_BOUND('',#1112,.T.);
#261=FACE_BOUND('',#1113,.T.);
#262=FACE_BOUND('',#1114,.T.);
#263=FACE_BOUND('',#1115,.T.);
#264=FACE_BOUND('',#1116,.T.);
#265=FACE_BOUND('',#1117,.T.);
#266=FACE_BOUND('',#1118,.T.);
#267=FACE_BOUND('',#1119,.T.);
#268=FACE_BOUND('',#1120,.T.);
#269=FACE_BOUND('',#1121,.T.);
#270=FACE_BOUND('',#1122,.T.);
#271=FACE_BOUND('',#1123,.T.);
#272=FACE_BOUND('',#1124,.T.);
#273=FACE_BOUND('',#1125,.T.);
#274=FACE_BOUND('',#1126,.T.);
#275=FACE_BOUND('',#1127,.T.);
#276=FACE_BOUND('',#1128,.T.);
#277=FACE_BOUND('',#1129,.T.);
#278=FACE_BOUND('',#1130,.T.);
#279=FACE_BOUND('',#1131,.T.);
#280=FACE_BOUND('',#1134,.T.);
#281=FACE_BOUND('',#1144,.T.);
#282=FACE_BOUND('',#1145,.T.);
#283=FACE_BOUND('',#1146,.T.);
#284=FACE_BOUND('',#1147,.T.);
#285=FACE_BOUND('',#1148,.T.);
#286=FACE_BOUND('',#1149,.T.);
#287=FACE_BOUND('',#1150,.T.);
#288=FACE_BOUND('',#1151,.T.);
#289=FACE_BOUND('',#1152,.T.);
#290=FACE_BOUND('',#1153,.T.);
#291=FACE_BOUND('',#1154,.T.);
#292=FACE_BOUND('',#1155,.T.);
#293=FACE_BOUND('',#1156,.T.);
#294=FACE_BOUND('',#1157,.T.);
#295=FACE_BOUND('',#1158,.T.);
#296=FACE_BOUND('',#1159,.T.);
#297=FACE_BOUND('',#1160,.T.);
#298=FACE_BOUND('',#1161,.T.);
#299=FACE_BOUND('',#1162,.T.);
#300=FACE_BOUND('',#1163,.T.);
#301=FACE_BOUND('',#1164,.T.);
#302=FACE_BOUND('',#1165,.T.);
#303=FACE_BOUND('',#1166,.T.);
#304=FACE_BOUND('',#1167,.T.);
#305=FACE_BOUND('',#1168,.T.);
#306=FACE_BOUND('',#1169,.T.);
#307=FACE_BOUND('',#1170,.T.);
#308=FACE_BOUND('',#1171,.T.);
#309=FACE_BOUND('',#1172,.T.);
#310=FACE_BOUND('',#1173,.T.);
#311=FACE_BOUND('',#1176,.T.);
#312=FACE_BOUND('',#1177,.T.);
#313=FACE_BOUND('',#1178,.T.);
#314=FACE_BOUND('',#1179,.T.);
#315=FACE_BOUND('',#1180,.T.);
#316=FACE_BOUND('',#1181,.T.);
#317=FACE_BOUND('',#1182,.T.);
#318=FACE_BOUND('',#1183,.T.);
#319=FACE_BOUND('',#1184,.T.);
#320=FACE_BOUND('',#1185,.T.);
#321=FACE_BOUND('',#1186,.T.);
#322=FACE_BOUND('',#1187,.T.);
#323=FACE_BOUND('',#1188,.T.);
#324=FACE_BOUND('',#1189,.T.);
#325=FACE_BOUND('',#1190,.T.);
#326=FACE_BOUND('',#1191,.T.);
#327=FACE_BOUND('',#1192,.T.);
#328=FACE_BOUND('',#1193,.T.);
#329=FACE_BOUND('',#1194,.T.);
#330=FACE_BOUND('',#1195,.T.);
#331=FACE_BOUND('',#1196,.T.);
#332=FACE_BOUND('',#1197,.T.);
#333=FACE_BOUND('',#1198,.T.);
#334=FACE_BOUND('',#1199,.T.);
#335=FACE_BOUND('',#1200,.T.);
#336=FACE_BOUND('',#1201,.T.);
#337=FACE_BOUND('',#1202,.T.);
#338=FACE_BOUND('',#1203,.T.);
#339=FACE_BOUND('',#1204,.T.);
#340=FACE_BOUND('',#1205,.T.);
#341=FACE_BOUND('',#1206,.T.);
#342=FACE_BOUND('',#1207,.T.);
#343=FACE_BOUND('',#1208,.T.);
#344=FACE_BOUND('',#1209,.T.);
#345=FACE_BOUND('',#1210,.T.);
#346=FACE_BOUND('',#1211,.T.);
#347=FACE_BOUND('',#1212,.T.);
#348=FACE_BOUND('',#1213,.T.);
#349=FACE_BOUND('',#1214,.T.);
#350=FACE_BOUND('',#1215,.T.);
#351=FACE_BOUND('',#1216,.T.);
#352=FACE_BOUND('',#1217,.T.);
#353=FACE_BOUND('',#1218,.T.);
#354=FACE_BOUND('',#1219,.T.);
#355=FACE_BOUND('',#1220,.T.);
#356=FACE_BOUND('',#1221,.T.);
#357=FACE_BOUND('',#1222,.T.);
#358=FACE_BOUND('',#1223,.T.);
#359=FACE_BOUND('',#1224,.T.);
#360=FACE_BOUND('',#1225,.T.);
#361=FACE_BOUND('',#1226,.T.);
#362=FACE_BOUND('',#1227,.T.);
#363=FACE_BOUND('',#1228,.T.);
#364=FACE_BOUND('',#1229,.T.);
#365=FACE_BOUND('',#1230,.T.);
#366=FACE_BOUND('',#1231,.T.);
#367=FACE_BOUND('',#1232,.T.);
#368=FACE_BOUND('',#1233,.T.);
#369=FACE_BOUND('',#1234,.T.);
#370=FACE_BOUND('',#1235,.T.);
#371=FACE_BOUND('',#1236,.T.);
#372=FACE_BOUND('',#1237,.T.);
#373=FACE_BOUND('',#1238,.T.);
#374=FACE_BOUND('',#1239,.T.);
#375=FACE_BOUND('',#1240,.T.);
#376=FACE_BOUND('',#1241,.T.);
#377=FACE_BOUND('',#1242,.T.);
#378=FACE_BOUND('',#1243,.T.);
#379=FACE_BOUND('',#1244,.T.);
#380=FACE_BOUND('',#1245,.T.);
#381=FACE_BOUND('',#1246,.T.);
#382=FACE_BOUND('',#1247,.T.);
#383=FACE_BOUND('',#1248,.T.);
#384=FACE_BOUND('',#1249,.T.);
#385=FACE_BOUND('',#1250,.T.);
#386=FACE_BOUND('',#1260,.T.);
#387=FACE_BOUND('',#1261,.T.);
#388=FACE_BOUND('',#1262,.T.);
#389=FACE_BOUND('',#1263,.T.);
#390=FACE_BOUND('',#1264,.T.);
#391=FACE_BOUND('',#1265,.T.);
#392=FACE_BOUND('',#1266,.T.);
#393=FACE_BOUND('',#1267,.T.);
#394=FACE_BOUND('',#1268,.T.);
#395=FACE_BOUND('',#1269,.T.);
#396=FACE_BOUND('',#1270,.T.);
#397=FACE_BOUND('',#1271,.T.);
#398=FACE_BOUND('',#1272,.T.);
#399=FACE_BOUND('',#1273,.T.);
#400=FACE_BOUND('',#1274,.T.);
#401=FACE_BOUND('',#1275,.T.);
#402=FACE_BOUND('',#1276,.T.);
#403=FACE_BOUND('',#1277,.T.);
#404=FACE_BOUND('',#1278,.T.);
#405=FACE_BOUND('',#1279,.T.);
#406=FACE_BOUND('',#1280,.T.);
#407=FACE_BOUND('',#1281,.T.);
#408=FACE_BOUND('',#1282,.T.);
#409=FACE_BOUND('',#1283,.T.);
#410=FACE_BOUND('',#1284,.T.);
#411=FACE_BOUND('',#1285,.T.);
#412=FACE_BOUND('',#1286,.T.);
#413=FACE_BOUND('',#1287,.T.);
#414=FACE_BOUND('',#1288,.T.);
#415=FACE_BOUND('',#1289,.T.);
#416=FACE_BOUND('',#1290,.T.);
#417=FACE_BOUND('',#1291,.T.);
#418=FACE_BOUND('',#1292,.T.);
#419=FACE_BOUND('',#1293,.T.);
#420=FACE_BOUND('',#1294,.T.);
#421=FACE_BOUND('',#1295,.T.);
#422=FACE_BOUND('',#1296,.T.);
#423=FACE_BOUND('',#1297,.T.);
#424=FACE_BOUND('',#1298,.T.);
#425=FACE_BOUND('',#1299,.T.);
#426=FACE_BOUND('',#1300,.T.);
#427=FACE_BOUND('',#1301,.T.);
#428=FACE_BOUND('',#1302,.T.);
#429=FACE_BOUND('',#1303,.T.);
#430=FACE_BOUND('',#1304,.T.);
#431=FACE_BOUND('',#1305,.T.);
#432=FACE_BOUND('',#1306,.T.);
#433=FACE_BOUND('',#1307,.T.);
#434=FACE_BOUND('',#1308,.T.);
#435=FACE_BOUND('',#1309,.T.);
#436=FACE_BOUND('',#1310,.T.);
#437=FACE_BOUND('',#1311,.T.);
#438=FACE_BOUND('',#1312,.T.);
#439=FACE_BOUND('',#1313,.T.);
#440=FACE_BOUND('',#1314,.T.);
#441=FACE_BOUND('',#1315,.T.);
#442=FACE_BOUND('',#1316,.T.);
#443=FACE_BOUND('',#1317,.T.);
#444=FACE_BOUND('',#1318,.T.);
#445=FACE_BOUND('',#1319,.T.);
#446=FACE_BOUND('',#1320,.T.);
#447=FACE_BOUND('',#1321,.T.);
#448=FACE_BOUND('',#1322,.T.);
#449=FACE_BOUND('',#1323,.T.);
#450=FACE_BOUND('',#1324,.T.);
#451=FACE_BOUND('',#1325,.T.);
#452=FACE_BOUND('',#1326,.T.);
#453=FACE_BOUND('',#1327,.T.);
#454=FACE_BOUND('',#1328,.T.);
#455=FACE_BOUND('',#1329,.T.);
#456=FACE_BOUND('',#1330,.T.);
#457=FACE_BOUND('',#1331,.T.);
#458=FACE_BOUND('',#1332,.T.);
#459=FACE_BOUND('',#1333,.T.);
#460=FACE_BOUND('',#1334,.T.);
#461=FACE_BOUND('',#1496,.T.);
#462=FACE_BOUND('',#1497,.T.);
#463=FACE_BOUND('',#1499,.T.);
#464=FACE_BOUND('',#1500,.T.);
#465=FACE_BOUND('',#1501,.T.);
#466=FACE_BOUND('',#1502,.T.);
#467=FACE_BOUND('',#1503,.T.);
#468=FACE_BOUND('',#1504,.T.);
#469=FACE_BOUND('',#1505,.T.);
#470=FACE_BOUND('',#1506,.T.);
#471=FACE_BOUND('',#1507,.T.);
#472=FACE_BOUND('',#1511,.T.);
#473=FACE_BOUND('',#1526,.T.);
#474=FACE_BOUND('',#1535,.T.);
#475=FACE_BOUND('',#1544,.T.);
#476=FACE_BOUND('',#1553,.T.);
#477=FACE_BOUND('',#1562,.T.);
#478=PLANE('',#8028);
#479=PLANE('',#8029);
#480=PLANE('',#8030);
#481=PLANE('',#8033);
#482=PLANE('',#8034);
#483=PLANE('',#8036);
#484=PLANE('',#8046);
#485=PLANE('',#8047);
#486=PLANE('',#8048);
#487=PLANE('',#8050);
#488=PLANE('',#8053);
#489=PLANE('',#8054);
#490=PLANE('',#8059);
#491=PLANE('',#8062);
#492=PLANE('',#8065);
#493=PLANE('',#8068);
#494=PLANE('',#8071);
#495=PLANE('',#8072);
#496=PLANE('',#8075);
#497=PLANE('',#8078);
#498=PLANE('',#8082);
#499=PLANE('',#8088);
#500=PLANE('',#8090);
#501=PLANE('',#8092);
#502=PLANE('',#8094);
#503=PLANE('',#8095);
#504=PLANE('',#8096);
#505=PLANE('',#8098);
#506=PLANE('',#8099);
#507=PLANE('',#8106);
#508=PLANE('',#8108);
#509=PLANE('',#8109);
#510=PLANE('',#8114);
#511=PLANE('',#8162);
#512=PLANE('',#8163);
#513=PLANE('',#8164);
#514=PLANE('',#8167);
#515=PLANE('',#8170);
#516=PLANE('',#8171);
#517=PLANE('',#8172);
#518=PLANE('',#8180);
#519=PLANE('',#8225);
#520=PLANE('',#8316);
#521=PLANE('',#8514);
#522=PLANE('',#8517);
#523=PLANE('',#8518);
#524=PLANE('',#8519);
#525=PLANE('',#8523);
#526=PLANE('',#8524);
#527=PLANE('',#8528);
#528=PLANE('',#8530);
#529=PLANE('',#8531);
#530=PLANE('',#8532);
#531=PLANE('',#8533);
#532=PLANE('',#8534);
#533=PLANE('',#8539);
#534=PLANE('',#8542);
#535=PLANE('',#8543);
#536=PLANE('',#8546);
#537=PLANE('',#8547);
#538=PLANE('',#8548);
#539=PLANE('',#8549);
#540=PLANE('',#8551);
#541=PLANE('',#8556);
#542=PLANE('',#8558);
#543=PLANE('',#8559);
#544=PLANE('',#8563);
#545=PLANE('',#8564);
#546=PLANE('',#8565);
#547=PLANE('',#8573);
#548=PLANE('',#8574);
#549=PLANE('',#8576);
#550=PLANE('',#8577);
#551=PLANE('',#8578);
#552=PLANE('',#8579);
#553=PLANE('',#8582);
#554=PLANE('',#8594);
#555=PLANE('',#8595);
#556=PLANE('',#8596);
#557=PLANE('',#8597);
#558=PLANE('',#8598);
#559=PLANE('',#8599);
#560=PLANE('',#8606);
#561=PLANE('',#8607);
#562=PLANE('',#8616);
#563=PLANE('',#8617);
#564=PLANE('',#8618);
#565=PLANE('',#8619);
#566=PLANE('',#8620);
#567=PLANE('',#8622);
#568=PLANE('',#8630);
#569=PLANE('',#8631);
#570=PLANE('',#8632);
#571=PLANE('',#8633);
#572=PLANE('',#8634);
#573=PLANE('',#8636);
#574=PLANE('',#8644);
#575=PLANE('',#8645);
#576=PLANE('',#8646);
#577=PLANE('',#8647);
#578=PLANE('',#8648);
#579=PLANE('',#8650);
#580=PLANE('',#8658);
#581=PLANE('',#8659);
#582=PLANE('',#8660);
#583=PLANE('',#8661);
#584=PLANE('',#8662);
#585=PLANE('',#8664);
#586=PLANE('',#8672);
#587=PLANE('',#8673);
#588=PLANE('',#8674);
#589=PLANE('',#8675);
#590=PLANE('',#8676);
#591=PLANE('',#8678);
#592=PLANE('',#8682);
#593=PLANE('',#8683);
#594=PLANE('',#8694);
#595=PLANE('',#8695);
#596=PLANE('',#8696);
#597=PLANE('',#8697);
#598=PLANE('',#8698);
#599=PLANE('',#8699);
#600=PLANE('',#8700);
#601=PLANE('',#8701);
#602=PLANE('',#8702);
#603=PLANE('',#8703);
#604=PLANE('',#8704);
#605=PLANE('',#8705);
#606=PLANE('',#8706);
#607=PLANE('',#8707);
#608=PLANE('',#8708);
#609=PLANE('',#8709);
#610=PLANE('',#8710);
#611=PLANE('',#8711);
#612=PLANE('',#8712);
#613=PLANE('',#8713);
#614=PLANE('',#8720);
#615=PLANE('',#8727);
#616=PLANE('',#8734);
#617=PLANE('',#8735);
#618=PLANE('',#8736);
#619=PLANE('',#8737);
#620=PLANE('',#8738);
#621=PLANE('',#8739);
#622=PLANE('',#8740);
#623=PLANE('',#8741);
#624=PLANE('',#8742);
#625=PLANE('',#8743);
#626=PLANE('',#8744);
#627=PLANE('',#8745);
#628=PLANE('',#8746);
#629=PLANE('',#8747);
#630=PLANE('',#8748);
#631=PLANE('',#8749);
#632=PLANE('',#8750);
#633=PLANE('',#8751);
#634=PLANE('',#8752);
#635=PLANE('',#8753);
#636=PLANE('',#8754);
#637=PLANE('',#8755);
#638=PLANE('',#8756);
#639=PLANE('',#8757);
#640=PLANE('',#8758);
#641=PLANE('',#8760);
#642=PLANE('',#8761);
#643=PLANE('',#8763);
#644=PLANE('',#8764);
#645=PLANE('',#8765);
#646=PLANE('',#8766);
#647=PLANE('',#8767);
#648=PLANE('',#8768);
#649=PLANE('',#8771);
#650=PLANE('',#8772);
#651=PLANE('',#8778);
#652=PLANE('',#8782);
#653=PLANE('',#8784);
#654=PLANE('',#8786);
#655=PLANE('',#8787);
#656=PLANE('',#8788);
#657=PLANE('',#8789);
#658=PLANE('',#8792);
#659=PLANE('',#8793);
#660=PLANE('',#8797);
#661=PLANE('',#8801);
#662=PLANE('',#8802);
#663=PLANE('',#8803);
#664=PLANE('',#8804);
#665=PLANE('',#8805);
#666=FACE_OUTER_BOUND('',#1048,.T.);
#667=FACE_OUTER_BOUND('',#1049,.T.);
#668=FACE_OUTER_BOUND('',#1050,.T.);
#669=FACE_OUTER_BOUND('',#1051,.T.);
#670=FACE_OUTER_BOUND('',#1052,.T.);
#671=FACE_OUTER_BOUND('',#1053,.T.);
#672=FACE_OUTER_BOUND('',#1054,.T.);
#673=FACE_OUTER_BOUND('',#1055,.T.);
#674=FACE_OUTER_BOUND('',#1056,.T.);
#675=FACE_OUTER_BOUND('',#1057,.T.);
#676=FACE_OUTER_BOUND('',#1058,.T.);
#677=FACE_OUTER_BOUND('',#1059,.T.);
#678=FACE_OUTER_BOUND('',#1060,.T.);
#679=FACE_OUTER_BOUND('',#1061,.T.);
#680=FACE_OUTER_BOUND('',#1062,.T.);
#681=FACE_OUTER_BOUND('',#1065,.T.);
#682=FACE_OUTER_BOUND('',#1066,.T.);
#683=FACE_OUTER_BOUND('',#1067,.T.);
#684=FACE_OUTER_BOUND('',#1068,.T.);
#685=FACE_OUTER_BOUND('',#1069,.T.);
#686=FACE_OUTER_BOUND('',#1070,.T.);
#687=FACE_OUTER_BOUND('',#1071,.T.);
#688=FACE_OUTER_BOUND('',#1072,.T.);
#689=FACE_OUTER_BOUND('',#1073,.T.);
#690=FACE_OUTER_BOUND('',#1074,.T.);
#691=FACE_OUTER_BOUND('',#1075,.T.);
#692=FACE_OUTER_BOUND('',#1076,.T.);
#693=FACE_OUTER_BOUND('',#1077,.T.);
#694=FACE_OUTER_BOUND('',#1078,.T.);
#695=FACE_OUTER_BOUND('',#1079,.T.);
#696=FACE_OUTER_BOUND('',#1080,.T.);
#697=FACE_OUTER_BOUND('',#1081,.T.);
#698=FACE_OUTER_BOUND('',#1082,.T.);
#699=FACE_OUTER_BOUND('',#1083,.T.);
#700=FACE_OUTER_BOUND('',#1084,.T.);
#701=FACE_OUTER_BOUND('',#1085,.T.);
#702=FACE_OUTER_BOUND('',#1086,.T.);
#703=FACE_OUTER_BOUND('',#1087,.T.);
#704=FACE_OUTER_BOUND('',#1088,.T.);
#705=FACE_OUTER_BOUND('',#1089,.T.);
#706=FACE_OUTER_BOUND('',#1090,.T.);
#707=FACE_OUTER_BOUND('',#1091,.T.);
#708=FACE_OUTER_BOUND('',#1092,.T.);
#709=FACE_OUTER_BOUND('',#1093,.T.);
#710=FACE_OUTER_BOUND('',#1094,.T.);
#711=FACE_OUTER_BOUND('',#1095,.T.);
#712=FACE_OUTER_BOUND('',#1096,.T.);
#713=FACE_OUTER_BOUND('',#1097,.T.);
#714=FACE_OUTER_BOUND('',#1099,.T.);
#715=FACE_OUTER_BOUND('',#1100,.T.);
#716=FACE_OUTER_BOUND('',#1101,.T.);
#717=FACE_OUTER_BOUND('',#1132,.T.);
#718=FACE_OUTER_BOUND('',#1133,.T.);
#719=FACE_OUTER_BOUND('',#1135,.T.);
#720=FACE_OUTER_BOUND('',#1136,.T.);
#721=FACE_OUTER_BOUND('',#1137,.T.);
#722=FACE_OUTER_BOUND('',#1138,.T.);
#723=FACE_OUTER_BOUND('',#1139,.T.);
#724=FACE_OUTER_BOUND('',#1140,.T.);
#725=FACE_OUTER_BOUND('',#1141,.T.);
#726=FACE_OUTER_BOUND('',#1142,.T.);
#727=FACE_OUTER_BOUND('',#1143,.T.);
#728=FACE_OUTER_BOUND('',#1174,.T.);
#729=FACE_OUTER_BOUND('',#1175,.T.);
#730=FACE_OUTER_BOUND('',#1251,.T.);
#731=FACE_OUTER_BOUND('',#1252,.T.);
#732=FACE_OUTER_BOUND('',#1253,.T.);
#733=FACE_OUTER_BOUND('',#1254,.T.);
#734=FACE_OUTER_BOUND('',#1255,.T.);
#735=FACE_OUTER_BOUND('',#1256,.T.);
#736=FACE_OUTER_BOUND('',#1257,.T.);
#737=FACE_OUTER_BOUND('',#1258,.T.);
#738=FACE_OUTER_BOUND('',#1259,.T.);
#739=FACE_OUTER_BOUND('',#1335,.T.);
#740=FACE_OUTER_BOUND('',#1336,.T.);
#741=FACE_OUTER_BOUND('',#1337,.T.);
#742=FACE_OUTER_BOUND('',#1338,.T.);
#743=FACE_OUTER_BOUND('',#1339,.T.);
#744=FACE_OUTER_BOUND('',#1340,.T.);
#745=FACE_OUTER_BOUND('',#1341,.T.);
#746=FACE_OUTER_BOUND('',#1342,.T.);
#747=FACE_OUTER_BOUND('',#1343,.T.);
#748=FACE_OUTER_BOUND('',#1344,.T.);
#749=FACE_OUTER_BOUND('',#1345,.T.);
#750=FACE_OUTER_BOUND('',#1346,.T.);
#751=FACE_OUTER_BOUND('',#1347,.T.);
#752=FACE_OUTER_BOUND('',#1348,.T.);
#753=FACE_OUTER_BOUND('',#1349,.T.);
#754=FACE_OUTER_BOUND('',#1350,.T.);
#755=FACE_OUTER_BOUND('',#1351,.T.);
#756=FACE_OUTER_BOUND('',#1352,.T.);
#757=FACE_OUTER_BOUND('',#1353,.T.);
#758=FACE_OUTER_BOUND('',#1354,.T.);
#759=FACE_OUTER_BOUND('',#1355,.T.);
#760=FACE_OUTER_BOUND('',#1356,.T.);
#761=FACE_OUTER_BOUND('',#1357,.T.);
#762=FACE_OUTER_BOUND('',#1358,.T.);
#763=FACE_OUTER_BOUND('',#1359,.T.);
#764=FACE_OUTER_BOUND('',#1360,.T.);
#765=FACE_OUTER_BOUND('',#1361,.T.);
#766=FACE_OUTER_BOUND('',#1362,.T.);
#767=FACE_OUTER_BOUND('',#1363,.T.);
#768=FACE_OUTER_BOUND('',#1364,.T.);
#769=FACE_OUTER_BOUND('',#1365,.T.);
#770=FACE_OUTER_BOUND('',#1366,.T.);
#771=FACE_OUTER_BOUND('',#1367,.T.);
#772=FACE_OUTER_BOUND('',#1368,.T.);
#773=FACE_OUTER_BOUND('',#1369,.T.);
#774=FACE_OUTER_BOUND('',#1370,.T.);
#775=FACE_OUTER_BOUND('',#1371,.T.);
#776=FACE_OUTER_BOUND('',#1372,.T.);
#777=FACE_OUTER_BOUND('',#1373,.T.);
#778=FACE_OUTER_BOUND('',#1374,.T.);
#779=FACE_OUTER_BOUND('',#1375,.T.);
#780=FACE_OUTER_BOUND('',#1376,.T.);
#781=FACE_OUTER_BOUND('',#1377,.T.);
#782=FACE_OUTER_BOUND('',#1378,.T.);
#783=FACE_OUTER_BOUND('',#1379,.T.);
#784=FACE_OUTER_BOUND('',#1380,.T.);
#785=FACE_OUTER_BOUND('',#1381,.T.);
#786=FACE_OUTER_BOUND('',#1382,.T.);
#787=FACE_OUTER_BOUND('',#1383,.T.);
#788=FACE_OUTER_BOUND('',#1384,.T.);
#789=FACE_OUTER_BOUND('',#1385,.T.);
#790=FACE_OUTER_BOUND('',#1386,.T.);
#791=FACE_OUTER_BOUND('',#1387,.T.);
#792=FACE_OUTER_BOUND('',#1388,.T.);
#793=FACE_OUTER_BOUND('',#1389,.T.);
#794=FACE_OUTER_BOUND('',#1390,.T.);
#795=FACE_OUTER_BOUND('',#1391,.T.);
#796=FACE_OUTER_BOUND('',#1392,.T.);
#797=FACE_OUTER_BOUND('',#1393,.T.);
#798=FACE_OUTER_BOUND('',#1394,.T.);
#799=FACE_OUTER_BOUND('',#1395,.T.);
#800=FACE_OUTER_BOUND('',#1396,.T.);
#801=FACE_OUTER_BOUND('',#1397,.T.);
#802=FACE_OUTER_BOUND('',#1398,.T.);
#803=FACE_OUTER_BOUND('',#1399,.T.);
#804=FACE_OUTER_BOUND('',#1400,.T.);
#805=FACE_OUTER_BOUND('',#1401,.T.);
#806=FACE_OUTER_BOUND('',#1402,.T.);
#807=FACE_OUTER_BOUND('',#1403,.T.);
#808=FACE_OUTER_BOUND('',#1404,.T.);
#809=FACE_OUTER_BOUND('',#1405,.T.);
#810=FACE_OUTER_BOUND('',#1406,.T.);
#811=FACE_OUTER_BOUND('',#1407,.T.);
#812=FACE_OUTER_BOUND('',#1408,.T.);
#813=FACE_OUTER_BOUND('',#1409,.T.);
#814=FACE_OUTER_BOUND('',#1410,.T.);
#815=FACE_OUTER_BOUND('',#1411,.T.);
#816=FACE_OUTER_BOUND('',#1412,.T.);
#817=FACE_OUTER_BOUND('',#1413,.T.);
#818=FACE_OUTER_BOUND('',#1414,.T.);
#819=FACE_OUTER_BOUND('',#1415,.T.);
#820=FACE_OUTER_BOUND('',#1416,.T.);
#821=FACE_OUTER_BOUND('',#1417,.T.);
#822=FACE_OUTER_BOUND('',#1418,.T.);
#823=FACE_OUTER_BOUND('',#1419,.T.);
#824=FACE_OUTER_BOUND('',#1420,.T.);
#825=FACE_OUTER_BOUND('',#1421,.T.);
#826=FACE_OUTER_BOUND('',#1422,.T.);
#827=FACE_OUTER_BOUND('',#1423,.T.);
#828=FACE_OUTER_BOUND('',#1424,.T.);
#829=FACE_OUTER_BOUND('',#1425,.T.);
#830=FACE_OUTER_BOUND('',#1426,.T.);
#831=FACE_OUTER_BOUND('',#1427,.T.);
#832=FACE_OUTER_BOUND('',#1428,.T.);
#833=FACE_OUTER_BOUND('',#1429,.T.);
#834=FACE_OUTER_BOUND('',#1430,.T.);
#835=FACE_OUTER_BOUND('',#1431,.T.);
#836=FACE_OUTER_BOUND('',#1432,.T.);
#837=FACE_OUTER_BOUND('',#1433,.T.);
#838=FACE_OUTER_BOUND('',#1434,.T.);
#839=FACE_OUTER_BOUND('',#1435,.T.);
#840=FACE_OUTER_BOUND('',#1436,.T.);
#841=FACE_OUTER_BOUND('',#1437,.T.);
#842=FACE_OUTER_BOUND('',#1438,.T.);
#843=FACE_OUTER_BOUND('',#1439,.T.);
#844=FACE_OUTER_BOUND('',#1440,.T.);
#845=FACE_OUTER_BOUND('',#1441,.T.);
#846=FACE_OUTER_BOUND('',#1442,.T.);
#847=FACE_OUTER_BOUND('',#1443,.T.);
#848=FACE_OUTER_BOUND('',#1444,.T.);
#849=FACE_OUTER_BOUND('',#1445,.T.);
#850=FACE_OUTER_BOUND('',#1446,.T.);
#851=FACE_OUTER_BOUND('',#1447,.T.);
#852=FACE_OUTER_BOUND('',#1448,.T.);
#853=FACE_OUTER_BOUND('',#1449,.T.);
#854=FACE_OUTER_BOUND('',#1450,.T.);
#855=FACE_OUTER_BOUND('',#1451,.T.);
#856=FACE_OUTER_BOUND('',#1452,.T.);
#857=FACE_OUTER_BOUND('',#1453,.T.);
#858=FACE_OUTER_BOUND('',#1454,.T.);
#859=FACE_OUTER_BOUND('',#1455,.T.);
#860=FACE_OUTER_BOUND('',#1456,.T.);
#861=FACE_OUTER_BOUND('',#1457,.T.);
#862=FACE_OUTER_BOUND('',#1458,.T.);
#863=FACE_OUTER_BOUND('',#1459,.T.);
#864=FACE_OUTER_BOUND('',#1460,.T.);
#865=FACE_OUTER_BOUND('',#1461,.T.);
#866=FACE_OUTER_BOUND('',#1462,.T.);
#867=FACE_OUTER_BOUND('',#1463,.T.);
#868=FACE_OUTER_BOUND('',#1464,.T.);
#869=FACE_OUTER_BOUND('',#1465,.T.);
#870=FACE_OUTER_BOUND('',#1466,.T.);
#871=FACE_OUTER_BOUND('',#1467,.T.);
#872=FACE_OUTER_BOUND('',#1468,.T.);
#873=FACE_OUTER_BOUND('',#1469,.T.);
#874=FACE_OUTER_BOUND('',#1470,.T.);
#875=FACE_OUTER_BOUND('',#1471,.T.);
#876=FACE_OUTER_BOUND('',#1472,.T.);
#877=FACE_OUTER_BOUND('',#1473,.T.);
#878=FACE_OUTER_BOUND('',#1474,.T.);
#879=FACE_OUTER_BOUND('',#1475,.T.);
#880=FACE_OUTER_BOUND('',#1476,.T.);
#881=FACE_OUTER_BOUND('',#1477,.T.);
#882=FACE_OUTER_BOUND('',#1478,.T.);
#883=FACE_OUTER_BOUND('',#1479,.T.);
#884=FACE_OUTER_BOUND('',#1480,.T.);
#885=FACE_OUTER_BOUND('',#1481,.T.);
#886=FACE_OUTER_BOUND('',#1482,.T.);
#887=FACE_OUTER_BOUND('',#1483,.T.);
#888=FACE_OUTER_BOUND('',#1484,.T.);
#889=FACE_OUTER_BOUND('',#1485,.T.);
#890=FACE_OUTER_BOUND('',#1486,.T.);
#891=FACE_OUTER_BOUND('',#1487,.T.);
#892=FACE_OUTER_BOUND('',#1488,.T.);
#893=FACE_OUTER_BOUND('',#1489,.T.);
#894=FACE_OUTER_BOUND('',#1490,.T.);
#895=FACE_OUTER_BOUND('',#1491,.T.);
#896=FACE_OUTER_BOUND('',#1492,.T.);
#897=FACE_OUTER_BOUND('',#1493,.T.);
#898=FACE_OUTER_BOUND('',#1494,.T.);
#899=FACE_OUTER_BOUND('',#1495,.T.);
#900=FACE_OUTER_BOUND('',#1498,.T.);
#901=FACE_OUTER_BOUND('',#1508,.T.);
#902=FACE_OUTER_BOUND('',#1509,.T.);
#903=FACE_OUTER_BOUND('',#1510,.T.);
#904=FACE_OUTER_BOUND('',#1512,.T.);
#905=FACE_OUTER_BOUND('',#1513,.T.);
#906=FACE_OUTER_BOUND('',#1514,.T.);
#907=FACE_OUTER_BOUND('',#1515,.T.);
#908=FACE_OUTER_BOUND('',#1516,.T.);
#909=FACE_OUTER_BOUND('',#1517,.T.);
#910=FACE_OUTER_BOUND('',#1518,.T.);
#911=FACE_OUTER_BOUND('',#1519,.T.);
#912=FACE_OUTER_BOUND('',#1520,.T.);
#913=FACE_OUTER_BOUND('',#1521,.T.);
#914=FACE_OUTER_BOUND('',#1522,.T.);
#915=FACE_OUTER_BOUND('',#1523,.T.);
#916=FACE_OUTER_BOUND('',#1524,.T.);
#917=FACE_OUTER_BOUND('',#1525,.T.);
#918=FACE_OUTER_BOUND('',#1527,.T.);
#919=FACE_OUTER_BOUND('',#1528,.T.);
#920=FACE_OUTER_BOUND('',#1529,.T.);
#921=FACE_OUTER_BOUND('',#1530,.T.);
#922=FACE_OUTER_BOUND('',#1531,.T.);
#923=FACE_OUTER_BOUND('',#1532,.T.);
#924=FACE_OUTER_BOUND('',#1533,.T.);
#925=FACE_OUTER_BOUND('',#1534,.T.);
#926=FACE_OUTER_BOUND('',#1536,.T.);
#927=FACE_OUTER_BOUND('',#1537,.T.);
#928=FACE_OUTER_BOUND('',#1538,.T.);
#929=FACE_OUTER_BOUND('',#1539,.T.);
#930=FACE_OUTER_BOUND('',#1540,.T.);
#931=FACE_OUTER_BOUND('',#1541,.T.);
#932=FACE_OUTER_BOUND('',#1542,.T.);
#933=FACE_OUTER_BOUND('',#1543,.T.);
#934=FACE_OUTER_BOUND('',#1545,.T.);
#935=FACE_OUTER_BOUND('',#1546,.T.);
#936=FACE_OUTER_BOUND('',#1547,.T.);
#937=FACE_OUTER_BOUND('',#1548,.T.);
#938=FACE_OUTER_BOUND('',#1549,.T.);
#939=FACE_OUTER_BOUND('',#1550,.T.);
#940=FACE_OUTER_BOUND('',#1551,.T.);
#941=FACE_OUTER_BOUND('',#1552,.T.);
#942=FACE_OUTER_BOUND('',#1554,.T.);
#943=FACE_OUTER_BOUND('',#1555,.T.);
#944=FACE_OUTER_BOUND('',#1556,.T.);
#945=FACE_OUTER_BOUND('',#1557,.T.);
#946=FACE_OUTER_BOUND('',#1558,.T.);
#947=FACE_OUTER_BOUND('',#1559,.T.);
#948=FACE_OUTER_BOUND('',#1560,.T.);
#949=FACE_OUTER_BOUND('',#1561,.T.);
#950=FACE_OUTER_BOUND('',#1563,.T.);
#951=FACE_OUTER_BOUND('',#1564,.T.);
#952=FACE_OUTER_BOUND('',#1565,.T.);
#953=FACE_OUTER_BOUND('',#1566,.T.);
#954=FACE_OUTER_BOUND('',#1567,.T.);
#955=FACE_OUTER_BOUND('',#1568,.T.);
#956=FACE_OUTER_BOUND('',#1569,.T.);
#957=FACE_OUTER_BOUND('',#1570,.T.);
#958=FACE_OUTER_BOUND('',#1571,.T.);
#959=FACE_OUTER_BOUND('',#1572,.T.);
#960=FACE_OUTER_BOUND('',#1573,.T.);
#961=FACE_OUTER_BOUND('',#1574,.T.);
#962=FACE_OUTER_BOUND('',#1575,.T.);
#963=FACE_OUTER_BOUND('',#1576,.T.);
#964=FACE_OUTER_BOUND('',#1577,.T.);
#965=FACE_OUTER_BOUND('',#1578,.T.);
#966=FACE_OUTER_BOUND('',#1579,.T.);
#967=FACE_OUTER_BOUND('',#1580,.T.);
#968=FACE_OUTER_BOUND('',#1581,.T.);
#969=FACE_OUTER_BOUND('',#1582,.T.);
#970=FACE_OUTER_BOUND('',#1583,.T.);
#971=FACE_OUTER_BOUND('',#1584,.T.);
#972=FACE_OUTER_BOUND('',#1585,.T.);
#973=FACE_OUTER_BOUND('',#1586,.T.);
#974=FACE_OUTER_BOUND('',#1587,.T.);
#975=FACE_OUTER_BOUND('',#1588,.T.);
#976=FACE_OUTER_BOUND('',#1589,.T.);
#977=FACE_OUTER_BOUND('',#1590,.T.);
#978=FACE_OUTER_BOUND('',#1591,.T.);
#979=FACE_OUTER_BOUND('',#1592,.T.);
#980=FACE_OUTER_BOUND('',#1593,.T.);
#981=FACE_OUTER_BOUND('',#1594,.T.);
#982=FACE_OUTER_BOUND('',#1595,.T.);
#983=FACE_OUTER_BOUND('',#1596,.T.);
#984=FACE_OUTER_BOUND('',#1597,.T.);
#985=FACE_OUTER_BOUND('',#1598,.T.);
#986=FACE_OUTER_BOUND('',#1599,.T.);
#987=FACE_OUTER_BOUND('',#1600,.T.);
#988=FACE_OUTER_BOUND('',#1601,.T.);
#989=FACE_OUTER_BOUND('',#1602,.T.);
#990=FACE_OUTER_BOUND('',#1603,.T.);
#991=FACE_OUTER_BOUND('',#1604,.T.);
#992=FACE_OUTER_BOUND('',#1605,.T.);
#993=FACE_OUTER_BOUND('',#1606,.T.);
#994=FACE_OUTER_BOUND('',#1607,.T.);
#995=FACE_OUTER_BOUND('',#1608,.T.);
#996=FACE_OUTER_BOUND('',#1609,.T.);
#997=FACE_OUTER_BOUND('',#1610,.T.);
#998=FACE_OUTER_BOUND('',#1611,.T.);
#999=FACE_OUTER_BOUND('',#1612,.T.);
#1000=FACE_OUTER_BOUND('',#1613,.T.);
#1001=FACE_OUTER_BOUND('',#1614,.T.);
#1002=FACE_OUTER_BOUND('',#1615,.T.);
#1003=FACE_OUTER_BOUND('',#1616,.T.);
#1004=FACE_OUTER_BOUND('',#1617,.T.);
#1005=FACE_OUTER_BOUND('',#1618,.T.);
#1006=FACE_OUTER_BOUND('',#1619,.T.);
#1007=FACE_OUTER_BOUND('',#1620,.T.);
#1008=FACE_OUTER_BOUND('',#1621,.T.);
#1009=FACE_OUTER_BOUND('',#1622,.T.);
#1010=FACE_OUTER_BOUND('',#1623,.T.);
#1011=FACE_OUTER_BOUND('',#1624,.T.);
#1012=FACE_OUTER_BOUND('',#1625,.T.);
#1013=FACE_OUTER_BOUND('',#1626,.T.);
#1014=FACE_OUTER_BOUND('',#1627,.T.);
#1015=FACE_OUTER_BOUND('',#1628,.T.);
#1016=FACE_OUTER_BOUND('',#1629,.T.);
#1017=FACE_OUTER_BOUND('',#1630,.T.);
#1018=FACE_OUTER_BOUND('',#1631,.T.);
#1019=FACE_OUTER_BOUND('',#1632,.T.);
#1020=FACE_OUTER_BOUND('',#1633,.T.);
#1021=FACE_OUTER_BOUND('',#1634,.T.);
#1022=FACE_OUTER_BOUND('',#1635,.T.);
#1023=FACE_OUTER_BOUND('',#1636,.T.);
#1024=FACE_OUTER_BOUND('',#1637,.T.);
#1025=FACE_OUTER_BOUND('',#1638,.T.);
#1026=FACE_OUTER_BOUND('',#1639,.T.);
#1027=FACE_OUTER_BOUND('',#1640,.T.);
#1028=FACE_OUTER_BOUND('',#1641,.T.);
#1029=FACE_OUTER_BOUND('',#1642,.T.);
#1030=FACE_OUTER_BOUND('',#1643,.T.);
#1031=FACE_OUTER_BOUND('',#1644,.T.);
#1032=FACE_OUTER_BOUND('',#1645,.T.);
#1033=FACE_OUTER_BOUND('',#1646,.T.);
#1034=FACE_OUTER_BOUND('',#1647,.T.);
#1035=FACE_OUTER_BOUND('',#1648,.T.);
#1036=FACE_OUTER_BOUND('',#1649,.T.);
#1037=FACE_OUTER_BOUND('',#1650,.T.);
#1038=FACE_OUTER_BOUND('',#1651,.T.);
#1039=FACE_OUTER_BOUND('',#1652,.T.);
#1040=FACE_OUTER_BOUND('',#1653,.T.);
#1041=FACE_OUTER_BOUND('',#1654,.T.);
#1042=FACE_OUTER_BOUND('',#1655,.T.);
#1043=FACE_OUTER_BOUND('',#1656,.T.);
#1044=FACE_OUTER_BOUND('',#1657,.T.);
#1045=FACE_OUTER_BOUND('',#1658,.T.);
#1046=FACE_OUTER_BOUND('',#1659,.T.);
#1047=FACE_OUTER_BOUND('',#1660,.T.);
#1048=EDGE_LOOP('',(#5219,#5220,#5221,#5222));
#1049=EDGE_LOOP('',(#5223,#5224,#5225,#5226));
#1050=EDGE_LOOP('',(#5227,#5228,#5229,#5230));
#1051=EDGE_LOOP('',(#5231,#5232,#5233,#5234,#5235,#5236,#5237,#5238,#5239,
#5240,#5241));
#1052=EDGE_LOOP('',(#5242,#5243,#5244,#5245));
#1053=EDGE_LOOP('',(#5246,#5247,#5248,#5249));
#1054=EDGE_LOOP('',(#5250,#5251,#5252,#5253,#5254,#5255,#5256,#5257,#5258,
#5259,#5260,#5261,#5262,#5263));
#1055=EDGE_LOOP('',(#5264,#5265,#5266,#5267));
#1056=EDGE_LOOP('',(#5268,#5269,#5270,#5271));
#1057=EDGE_LOOP('',(#5272,#5273,#5274,#5275));
#1058=EDGE_LOOP('',(#5276,#5277,#5278,#5279,#5280,#5281,#5282,#5283,#5284,
#5285,#5286));
#1059=EDGE_LOOP('',(#5287,#5288,#5289,#5290));
#1060=EDGE_LOOP('',(#5291,#5292,#5293,#5294));
#1061=EDGE_LOOP('',(#5295,#5296,#5297,#5298));
#1062=EDGE_LOOP('',(#5299,#5300,#5301,#5302,#5303,#5304,#5305,#5306,#5307,
#5308,#5309,#5310));
#1063=EDGE_LOOP('',(#5311));
#1064=EDGE_LOOP('',(#5312));
#1065=EDGE_LOOP('',(#5313,#5314,#5315,#5316));
#1066=EDGE_LOOP('',(#5317,#5318,#5319,#5320));
#1067=EDGE_LOOP('',(#5321,#5322,#5323,#5324));
#1068=EDGE_LOOP('',(#5325,#5326,#5327,#5328,#5329,#5330,#5331,#5332));
#1069=EDGE_LOOP('',(#5333,#5334,#5335,#5336,#5337,#5338,#5339,#5340,#5341,
#5342,#5343));
#1070=EDGE_LOOP('',(#5344,#5345,#5346,#5347));
#1071=EDGE_LOOP('',(#5348));
#1072=EDGE_LOOP('',(#5349,#5350,#5351,#5352));
#1073=EDGE_LOOP('',(#5353));
#1074=EDGE_LOOP('',(#5354,#5355,#5356,#5357));
#1075=EDGE_LOOP('',(#5358,#5359,#5360,#5361,#5362));
#1076=EDGE_LOOP('',(#5363,#5364,#5365,#5366));
#1077=EDGE_LOOP('',(#5367,#5368,#5369,#5370));
#1078=EDGE_LOOP('',(#5371,#5372,#5373,#5374));
#1079=EDGE_LOOP('',(#5375,#5376,#5377,#5378));
#1080=EDGE_LOOP('',(#5379,#5380,#5381,#5382,#5383,#5384,#5385,#5386,#5387,
#5388,#5389,#5390,#5391,#5392));
#1081=EDGE_LOOP('',(#5393,#5394,#5395,#5396));
#1082=EDGE_LOOP('',(#5397,#5398,#5399,#5400));
#1083=EDGE_LOOP('',(#5401,#5402,#5403,#5404));
#1084=EDGE_LOOP('',(#5405,#5406,#5407,#5408));
#1085=EDGE_LOOP('',(#5409,#5410,#5411,#5412));
#1086=EDGE_LOOP('',(#5413,#5414,#5415,#5416));
#1087=EDGE_LOOP('',(#5417,#5418,#5419,#5420));
#1088=EDGE_LOOP('',(#5421,#5422,#5423,#5424));
#1089=EDGE_LOOP('',(#5425,#5426,#5427,#5428));
#1090=EDGE_LOOP('',(#5429,#5430,#5431,#5432));
#1091=EDGE_LOOP('',(#5433,#5434,#5435,#5436));
#1092=EDGE_LOOP('',(#5437,#5438,#5439,#5440));
#1093=EDGE_LOOP('',(#5441,#5442,#5443,#5444));
#1094=EDGE_LOOP('',(#5445,#5446,#5447,#5448));
#1095=EDGE_LOOP('',(#5449,#5450,#5451,#5452));
#1096=EDGE_LOOP('',(#5453,#5454,#5455,#5456,#5457,#5458));
#1097=EDGE_LOOP('',(#5459,#5460,#5461,#5462));
#1098=EDGE_LOOP('',(#5463));
#1099=EDGE_LOOP('',(#5464,#5465,#5466,#5467,#5468,#5469));
#1100=EDGE_LOOP('',(#5470,#5471,#5472,#5473));
#1101=EDGE_LOOP('',(#5474,#5475,#5476,#5477,#5478,#5479,#5480,#5481,#5482,
#5483,#5484,#5485,#5486,#5487,#5488,#5489,#5490,#5491,#5492,#5493,#5494,
#5495,#5496,#5497,#5498,#5499,#5500,#5501,#5502,#5503,#5504,#5505,#5506,
#5507));
#1102=EDGE_LOOP('',(#5508));
#1103=EDGE_LOOP('',(#5509));
#1104=EDGE_LOOP('',(#5510));
#1105=EDGE_LOOP('',(#5511));
#1106=EDGE_LOOP('',(#5512));
#1107=EDGE_LOOP('',(#5513));
#1108=EDGE_LOOP('',(#5514));
#1109=EDGE_LOOP('',(#5515));
#1110=EDGE_LOOP('',(#5516));
#1111=EDGE_LOOP('',(#5517));
#1112=EDGE_LOOP('',(#5518));
#1113=EDGE_LOOP('',(#5519));
#1114=EDGE_LOOP('',(#5520));
#1115=EDGE_LOOP('',(#5521));
#1116=EDGE_LOOP('',(#5522));
#1117=EDGE_LOOP('',(#5523));
#1118=EDGE_LOOP('',(#5524));
#1119=EDGE_LOOP('',(#5525));
#1120=EDGE_LOOP('',(#5526));
#1121=EDGE_LOOP('',(#5527));
#1122=EDGE_LOOP('',(#5528));
#1123=EDGE_LOOP('',(#5529));
#1124=EDGE_LOOP('',(#5530));
#1125=EDGE_LOOP('',(#5531));
#1126=EDGE_LOOP('',(#5532));
#1127=EDGE_LOOP('',(#5533));
#1128=EDGE_LOOP('',(#5534));
#1129=EDGE_LOOP('',(#5535));
#1130=EDGE_LOOP('',(#5536));
#1131=EDGE_LOOP('',(#5537));
#1132=EDGE_LOOP('',(#5538,#5539,#5540,#5541));
#1133=EDGE_LOOP('',(#5542,#5543,#5544,#5545));
#1134=EDGE_LOOP('',(#5546));
#1135=EDGE_LOOP('',(#5547,#5548,#5549,#5550));
#1136=EDGE_LOOP('',(#5551,#5552,#5553,#5554,#5555,#5556,#5557,#5558));
#1137=EDGE_LOOP('',(#5559,#5560,#5561,#5562,#5563,#5564,#5565,#5566));
#1138=EDGE_LOOP('',(#5567,#5568,#5569,#5570));
#1139=EDGE_LOOP('',(#5571,#5572,#5573,#5574,#5575));
#1140=EDGE_LOOP('',(#5576,#5577,#5578,#5579,#5580,#5581));
#1141=EDGE_LOOP('',(#5582,#5583,#5584,#5585));
#1142=EDGE_LOOP('',(#5586,#5587,#5588,#5589,#5590,#5591,#5592,#5593,#5594,
#5595,#5596,#5597));
#1143=EDGE_LOOP('',(#5598,#5599,#5600,#5601,#5602,#5603,#5604,#5605,#5606,
#5607,#5608,#5609,#5610,#5611,#5612,#5613,#5614,#5615,#5616,#5617,#5618,
#5619,#5620,#5621,#5622,#5623,#5624,#5625,#5626,#5627,#5628,#5629,#5630,
#5631));
#1144=EDGE_LOOP('',(#5632));
#1145=EDGE_LOOP('',(#5633));
#1146=EDGE_LOOP('',(#5634));
#1147=EDGE_LOOP('',(#5635));
#1148=EDGE_LOOP('',(#5636));
#1149=EDGE_LOOP('',(#5637));
#1150=EDGE_LOOP('',(#5638));
#1151=EDGE_LOOP('',(#5639));
#1152=EDGE_LOOP('',(#5640));
#1153=EDGE_LOOP('',(#5641));
#1154=EDGE_LOOP('',(#5642));
#1155=EDGE_LOOP('',(#5643));
#1156=EDGE_LOOP('',(#5644));
#1157=EDGE_LOOP('',(#5645));
#1158=EDGE_LOOP('',(#5646));
#1159=EDGE_LOOP('',(#5647));
#1160=EDGE_LOOP('',(#5648));
#1161=EDGE_LOOP('',(#5649));
#1162=EDGE_LOOP('',(#5650));
#1163=EDGE_LOOP('',(#5651));
#1164=EDGE_LOOP('',(#5652));
#1165=EDGE_LOOP('',(#5653));
#1166=EDGE_LOOP('',(#5654));
#1167=EDGE_LOOP('',(#5655));
#1168=EDGE_LOOP('',(#5656));
#1169=EDGE_LOOP('',(#5657));
#1170=EDGE_LOOP('',(#5658));
#1171=EDGE_LOOP('',(#5659));
#1172=EDGE_LOOP('',(#5660));
#1173=EDGE_LOOP('',(#5661));
#1174=EDGE_LOOP('',(#5662,#5663,#5664,#5665,#5666,#5667,#5668));
#1175=EDGE_LOOP('',(#5669,#5670,#5671,#5672,#5673,#5674,#5675,#5676,#5677,
#5678,#5679,#5680,#5681,#5682,#5683,#5684,#5685,#5686,#5687));
#1176=EDGE_LOOP('',(#5688));
#1177=EDGE_LOOP('',(#5689));
#1178=EDGE_LOOP('',(#5690));
#1179=EDGE_LOOP('',(#5691));
#1180=EDGE_LOOP('',(#5692));
#1181=EDGE_LOOP('',(#5693));
#1182=EDGE_LOOP('',(#5694));
#1183=EDGE_LOOP('',(#5695));
#1184=EDGE_LOOP('',(#5696));
#1185=EDGE_LOOP('',(#5697));
#1186=EDGE_LOOP('',(#5698));
#1187=EDGE_LOOP('',(#5699));
#1188=EDGE_LOOP('',(#5700));
#1189=EDGE_LOOP('',(#5701));
#1190=EDGE_LOOP('',(#5702));
#1191=EDGE_LOOP('',(#5703));
#1192=EDGE_LOOP('',(#5704));
#1193=EDGE_LOOP('',(#5705));
#1194=EDGE_LOOP('',(#5706));
#1195=EDGE_LOOP('',(#5707));
#1196=EDGE_LOOP('',(#5708));
#1197=EDGE_LOOP('',(#5709));
#1198=EDGE_LOOP('',(#5710));
#1199=EDGE_LOOP('',(#5711));
#1200=EDGE_LOOP('',(#5712));
#1201=EDGE_LOOP('',(#5713));
#1202=EDGE_LOOP('',(#5714));
#1203=EDGE_LOOP('',(#5715));
#1204=EDGE_LOOP('',(#5716));
#1205=EDGE_LOOP('',(#5717));
#1206=EDGE_LOOP('',(#5718));
#1207=EDGE_LOOP('',(#5719));
#1208=EDGE_LOOP('',(#5720));
#1209=EDGE_LOOP('',(#5721));
#1210=EDGE_LOOP('',(#5722));
#1211=EDGE_LOOP('',(#5723));
#1212=EDGE_LOOP('',(#5724));
#1213=EDGE_LOOP('',(#5725));
#1214=EDGE_LOOP('',(#5726));
#1215=EDGE_LOOP('',(#5727));
#1216=EDGE_LOOP('',(#5728));
#1217=EDGE_LOOP('',(#5729));
#1218=EDGE_LOOP('',(#5730));
#1219=EDGE_LOOP('',(#5731));
#1220=EDGE_LOOP('',(#5732));
#1221=EDGE_LOOP('',(#5733));
#1222=EDGE_LOOP('',(#5734));
#1223=EDGE_LOOP('',(#5735));
#1224=EDGE_LOOP('',(#5736));
#1225=EDGE_LOOP('',(#5737));
#1226=EDGE_LOOP('',(#5738));
#1227=EDGE_LOOP('',(#5739));
#1228=EDGE_LOOP('',(#5740));
#1229=EDGE_LOOP('',(#5741));
#1230=EDGE_LOOP('',(#5742));
#1231=EDGE_LOOP('',(#5743));
#1232=EDGE_LOOP('',(#5744));
#1233=EDGE_LOOP('',(#5745));
#1234=EDGE_LOOP('',(#5746));
#1235=EDGE_LOOP('',(#5747));
#1236=EDGE_LOOP('',(#5748));
#1237=EDGE_LOOP('',(#5749));
#1238=EDGE_LOOP('',(#5750));
#1239=EDGE_LOOP('',(#5751));
#1240=EDGE_LOOP('',(#5752));
#1241=EDGE_LOOP('',(#5753));
#1242=EDGE_LOOP('',(#5754));
#1243=EDGE_LOOP('',(#5755));
#1244=EDGE_LOOP('',(#5756));
#1245=EDGE_LOOP('',(#5757));
#1246=EDGE_LOOP('',(#5758));
#1247=EDGE_LOOP('',(#5759));
#1248=EDGE_LOOP('',(#5760));
#1249=EDGE_LOOP('',(#5761));
#1250=EDGE_LOOP('',(#5762));
#1251=EDGE_LOOP('',(#5763,#5764,#5765,#5766,#5767,#5768,#5769));
#1252=EDGE_LOOP('',(#5770,#5771,#5772,#5773,#5774,#5775,#5776,#5777,#5778,
#5779,#5780,#5781));
#1253=EDGE_LOOP('',(#5782,#5783,#5784,#5785,#5786,#5787,#5788));
#1254=EDGE_LOOP('',(#5789,#5790,#5791,#5792,#5793,#5794,#5795));
#1255=EDGE_LOOP('',(#5796,#5797,#5798,#5799,#5800,#5801,#5802,#5803,#5804,
#5805,#5806,#5807));
#1256=EDGE_LOOP('',(#5808,#5809,#5810,#5811,#5812,#5813,#5814));
#1257=EDGE_LOOP('',(#5815,#5816,#5817,#5818,#5819,#5820,#5821));
#1258=EDGE_LOOP('',(#5822,#5823,#5824,#5825,#5826,#5827,#5828,#5829,#5830,
#5831,#5832,#5833));
#1259=EDGE_LOOP('',(#5834,#5835,#5836,#5837,#5838,#5839,#5840,#5841,#5842,
#5843,#5844,#5845,#5846,#5847,#5848,#5849,#5850,#5851,#5852));
#1260=EDGE_LOOP('',(#5853));
#1261=EDGE_LOOP('',(#5854));
#1262=EDGE_LOOP('',(#5855));
#1263=EDGE_LOOP('',(#5856));
#1264=EDGE_LOOP('',(#5857));
#1265=EDGE_LOOP('',(#5858));
#1266=EDGE_LOOP('',(#5859));
#1267=EDGE_LOOP('',(#5860));
#1268=EDGE_LOOP('',(#5861));
#1269=EDGE_LOOP('',(#5862));
#1270=EDGE_LOOP('',(#5863));
#1271=EDGE_LOOP('',(#5864));
#1272=EDGE_LOOP('',(#5865));
#1273=EDGE_LOOP('',(#5866));
#1274=EDGE_LOOP('',(#5867));
#1275=EDGE_LOOP('',(#5868));
#1276=EDGE_LOOP('',(#5869));
#1277=EDGE_LOOP('',(#5870));
#1278=EDGE_LOOP('',(#5871));
#1279=EDGE_LOOP('',(#5872));
#1280=EDGE_LOOP('',(#5873));
#1281=EDGE_LOOP('',(#5874));
#1282=EDGE_LOOP('',(#5875));
#1283=EDGE_LOOP('',(#5876));
#1284=EDGE_LOOP('',(#5877));
#1285=EDGE_LOOP('',(#5878));
#1286=EDGE_LOOP('',(#5879));
#1287=EDGE_LOOP('',(#5880));
#1288=EDGE_LOOP('',(#5881));
#1289=EDGE_LOOP('',(#5882));
#1290=EDGE_LOOP('',(#5883));
#1291=EDGE_LOOP('',(#5884));
#1292=EDGE_LOOP('',(#5885));
#1293=EDGE_LOOP('',(#5886));
#1294=EDGE_LOOP('',(#5887));
#1295=EDGE_LOOP('',(#5888));
#1296=EDGE_LOOP('',(#5889));
#1297=EDGE_LOOP('',(#5890));
#1298=EDGE_LOOP('',(#5891));
#1299=EDGE_LOOP('',(#5892));
#1300=EDGE_LOOP('',(#5893));
#1301=EDGE_LOOP('',(#5894));
#1302=EDGE_LOOP('',(#5895));
#1303=EDGE_LOOP('',(#5896));
#1304=EDGE_LOOP('',(#5897));
#1305=EDGE_LOOP('',(#5898));
#1306=EDGE_LOOP('',(#5899));
#1307=EDGE_LOOP('',(#5900));
#1308=EDGE_LOOP('',(#5901));
#1309=EDGE_LOOP('',(#5902));
#1310=EDGE_LOOP('',(#5903));
#1311=EDGE_LOOP('',(#5904));
#1312=EDGE_LOOP('',(#5905));
#1313=EDGE_LOOP('',(#5906));
#1314=EDGE_LOOP('',(#5907));
#1315=EDGE_LOOP('',(#5908));
#1316=EDGE_LOOP('',(#5909));
#1317=EDGE_LOOP('',(#5910));
#1318=EDGE_LOOP('',(#5911));
#1319=EDGE_LOOP('',(#5912));
#1320=EDGE_LOOP('',(#5913));
#1321=EDGE_LOOP('',(#5914));
#1322=EDGE_LOOP('',(#5915));
#1323=EDGE_LOOP('',(#5916));
#1324=EDGE_LOOP('',(#5917));
#1325=EDGE_LOOP('',(#5918));
#1326=EDGE_LOOP('',(#5919));
#1327=EDGE_LOOP('',(#5920));
#1328=EDGE_LOOP('',(#5921));
#1329=EDGE_LOOP('',(#5922));
#1330=EDGE_LOOP('',(#5923));
#1331=EDGE_LOOP('',(#5924));
#1332=EDGE_LOOP('',(#5925));
#1333=EDGE_LOOP('',(#5926));
#1334=EDGE_LOOP('',(#5927));
#1335=EDGE_LOOP('',(#5928,#5929,#5930,#5931,#5932,#5933,#5934));
#1336=EDGE_LOOP('',(#5935,#5936,#5937,#5938,#5939,#5940,#5941));
#1337=EDGE_LOOP('',(#5942,#5943,#5944,#5945,#5946,#5947,#5948,#5949,#5950,
#5951,#5952,#5953));
#1338=EDGE_LOOP('',(#5954,#5955,#5956,#5957));
#1339=EDGE_LOOP('',(#5958,#5959,#5960,#5961,#5962,#5963,#5964));
#1340=EDGE_LOOP('',(#5965,#5966,#5967,#5968));
#1341=EDGE_LOOP('',(#5969,#5970,#5971,#5972,#5973,#5974,#5975));
#1342=EDGE_LOOP('',(#5976,#5977,#5978,#5979));
#1343=EDGE_LOOP('',(#5980,#5981,#5982,#5983));
#1344=EDGE_LOOP('',(#5984,#5985,#5986,#5987,#5988,#5989,#5990,#5991));
#1345=EDGE_LOOP('',(#5992,#5993,#5994,#5995));
#1346=EDGE_LOOP('',(#5996,#5997,#5998,#5999));
#1347=EDGE_LOOP('',(#6000,#6001,#6002,#6003));
#1348=EDGE_LOOP('',(#6004,#6005,#6006,#6007));
#1349=EDGE_LOOP('',(#6008,#6009,#6010,#6011));
#1350=EDGE_LOOP('',(#6012,#6013,#6014,#6015,#6016,#6017,#6018,#6019));
#1351=EDGE_LOOP('',(#6020,#6021,#6022,#6023,#6024,#6025,#6026,#6027));
#1352=EDGE_LOOP('',(#6028,#6029,#6030,#6031));
#1353=EDGE_LOOP('',(#6032,#6033,#6034,#6035));
#1354=EDGE_LOOP('',(#6036,#6037,#6038,#6039));
#1355=EDGE_LOOP('',(#6040,#6041,#6042,#6043));
#1356=EDGE_LOOP('',(#6044,#6045,#6046,#6047));
#1357=EDGE_LOOP('',(#6048,#6049,#6050,#6051));
#1358=EDGE_LOOP('',(#6052,#6053,#6054,#6055));
#1359=EDGE_LOOP('',(#6056,#6057,#6058,#6059));
#1360=EDGE_LOOP('',(#6060,#6061,#6062,#6063));
#1361=EDGE_LOOP('',(#6064,#6065,#6066,#6067));
#1362=EDGE_LOOP('',(#6068,#6069,#6070,#6071));
#1363=EDGE_LOOP('',(#6072,#6073,#6074,#6075));
#1364=EDGE_LOOP('',(#6076,#6077,#6078,#6079));
#1365=EDGE_LOOP('',(#6080,#6081,#6082,#6083,#6084,#6085,#6086,#6087));
#1366=EDGE_LOOP('',(#6088,#6089,#6090,#6091));
#1367=EDGE_LOOP('',(#6092,#6093,#6094,#6095));
#1368=EDGE_LOOP('',(#6096,#6097,#6098,#6099));
#1369=EDGE_LOOP('',(#6100,#6101,#6102,#6103,#6104,#6105,#6106,#6107));
#1370=EDGE_LOOP('',(#6108,#6109,#6110,#6111));
#1371=EDGE_LOOP('',(#6112,#6113,#6114,#6115));
#1372=EDGE_LOOP('',(#6116,#6117,#6118,#6119));
#1373=EDGE_LOOP('',(#6120,#6121,#6122,#6123));
#1374=EDGE_LOOP('',(#6124,#6125,#6126,#6127));
#1375=EDGE_LOOP('',(#6128,#6129,#6130,#6131));
#1376=EDGE_LOOP('',(#6132,#6133,#6134,#6135));
#1377=EDGE_LOOP('',(#6136,#6137,#6138,#6139));
#1378=EDGE_LOOP('',(#6140,#6141,#6142,#6143));
#1379=EDGE_LOOP('',(#6144,#6145,#6146,#6147));
#1380=EDGE_LOOP('',(#6148,#6149,#6150,#6151));
#1381=EDGE_LOOP('',(#6152,#6153,#6154,#6155));
#1382=EDGE_LOOP('',(#6156,#6157,#6158,#6159));
#1383=EDGE_LOOP('',(#6160,#6161,#6162,#6163));
#1384=EDGE_LOOP('',(#6164,#6165,#6166,#6167));
#1385=EDGE_LOOP('',(#6168,#6169,#6170,#6171));
#1386=EDGE_LOOP('',(#6172,#6173,#6174,#6175));
#1387=EDGE_LOOP('',(#6176,#6177,#6178,#6179));
#1388=EDGE_LOOP('',(#6180,#6181,#6182,#6183));
#1389=EDGE_LOOP('',(#6184,#6185,#6186,#6187));
#1390=EDGE_LOOP('',(#6188,#6189,#6190,#6191));
#1391=EDGE_LOOP('',(#6192,#6193,#6194,#6195));
#1392=EDGE_LOOP('',(#6196,#6197,#6198,#6199));
#1393=EDGE_LOOP('',(#6200,#6201,#6202,#6203));
#1394=EDGE_LOOP('',(#6204,#6205,#6206,#6207));
#1395=EDGE_LOOP('',(#6208,#6209,#6210,#6211));
#1396=EDGE_LOOP('',(#6212,#6213,#6214,#6215));
#1397=EDGE_LOOP('',(#6216,#6217,#6218,#6219));
#1398=EDGE_LOOP('',(#6220,#6221,#6222,#6223));
#1399=EDGE_LOOP('',(#6224,#6225,#6226,#6227));
#1400=EDGE_LOOP('',(#6228,#6229,#6230,#6231));
#1401=EDGE_LOOP('',(#6232,#6233,#6234,#6235));
#1402=EDGE_LOOP('',(#6236,#6237,#6238,#6239));
#1403=EDGE_LOOP('',(#6240,#6241,#6242,#6243));
#1404=EDGE_LOOP('',(#6244,#6245,#6246,#6247));
#1405=EDGE_LOOP('',(#6248,#6249,#6250,#6251));
#1406=EDGE_LOOP('',(#6252,#6253,#6254,#6255));
#1407=EDGE_LOOP('',(#6256,#6257,#6258,#6259));
#1408=EDGE_LOOP('',(#6260,#6261,#6262,#6263));
#1409=EDGE_LOOP('',(#6264,#6265,#6266,#6267));
#1410=EDGE_LOOP('',(#6268,#6269,#6270,#6271));
#1411=EDGE_LOOP('',(#6272,#6273,#6274,#6275));
#1412=EDGE_LOOP('',(#6276,#6277,#6278,#6279));
#1413=EDGE_LOOP('',(#6280,#6281,#6282,#6283));
#1414=EDGE_LOOP('',(#6284,#6285,#6286,#6287));
#1415=EDGE_LOOP('',(#6288,#6289,#6290,#6291));
#1416=EDGE_LOOP('',(#6292,#6293,#6294,#6295));
#1417=EDGE_LOOP('',(#6296,#6297,#6298,#6299));
#1418=EDGE_LOOP('',(#6300,#6301,#6302,#6303));
#1419=EDGE_LOOP('',(#6304,#6305,#6306,#6307));
#1420=EDGE_LOOP('',(#6308,#6309,#6310,#6311));
#1421=EDGE_LOOP('',(#6312,#6313,#6314,#6315));
#1422=EDGE_LOOP('',(#6316,#6317,#6318,#6319));
#1423=EDGE_LOOP('',(#6320,#6321,#6322,#6323));
#1424=EDGE_LOOP('',(#6324,#6325,#6326,#6327));
#1425=EDGE_LOOP('',(#6328,#6329,#6330,#6331));
#1426=EDGE_LOOP('',(#6332,#6333,#6334,#6335));
#1427=EDGE_LOOP('',(#6336,#6337,#6338,#6339));
#1428=EDGE_LOOP('',(#6340,#6341,#6342,#6343));
#1429=EDGE_LOOP('',(#6344,#6345,#6346,#6347));
#1430=EDGE_LOOP('',(#6348,#6349,#6350,#6351));
#1431=EDGE_LOOP('',(#6352,#6353,#6354,#6355));
#1432=EDGE_LOOP('',(#6356,#6357,#6358,#6359));
#1433=EDGE_LOOP('',(#6360,#6361,#6362,#6363));
#1434=EDGE_LOOP('',(#6364,#6365,#6366,#6367));
#1435=EDGE_LOOP('',(#6368,#6369,#6370,#6371));
#1436=EDGE_LOOP('',(#6372,#6373,#6374,#6375));
#1437=EDGE_LOOP('',(#6376,#6377,#6378,#6379));
#1438=EDGE_LOOP('',(#6380,#6381,#6382,#6383));
#1439=EDGE_LOOP('',(#6384,#6385,#6386,#6387));
#1440=EDGE_LOOP('',(#6388,#6389,#6390,#6391));
#1441=EDGE_LOOP('',(#6392,#6393,#6394,#6395));
#1442=EDGE_LOOP('',(#6396,#6397,#6398,#6399));
#1443=EDGE_LOOP('',(#6400,#6401,#6402,#6403));
#1444=EDGE_LOOP('',(#6404,#6405,#6406,#6407));
#1445=EDGE_LOOP('',(#6408,#6409,#6410,#6411));
#1446=EDGE_LOOP('',(#6412,#6413,#6414,#6415));
#1447=EDGE_LOOP('',(#6416,#6417,#6418,#6419));
#1448=EDGE_LOOP('',(#6420,#6421,#6422,#6423));
#1449=EDGE_LOOP('',(#6424,#6425,#6426,#6427));
#1450=EDGE_LOOP('',(#6428,#6429,#6430,#6431));
#1451=EDGE_LOOP('',(#6432,#6433,#6434,#6435));
#1452=EDGE_LOOP('',(#6436,#6437,#6438,#6439,#6440,#6441,#6442,#6443));
#1453=EDGE_LOOP('',(#6444,#6445,#6446,#6447));
#1454=EDGE_LOOP('',(#6448,#6449,#6450,#6451));
#1455=EDGE_LOOP('',(#6452,#6453,#6454,#6455));
#1456=EDGE_LOOP('',(#6456,#6457,#6458,#6459));
#1457=EDGE_LOOP('',(#6460,#6461,#6462,#6463));
#1458=EDGE_LOOP('',(#6464,#6465,#6466,#6467,#6468,#6469));
#1459=EDGE_LOOP('',(#6470,#6471,#6472,#6473,#6474,#6475,#6476));
#1460=EDGE_LOOP('',(#6477,#6478,#6479,#6480));
#1461=EDGE_LOOP('',(#6481,#6482,#6483,#6484,#6485,#6486,#6487,#6488,#6489));
#1462=EDGE_LOOP('',(#6490,#6491,#6492,#6493));
#1463=EDGE_LOOP('',(#6494,#6495,#6496,#6497));
#1464=EDGE_LOOP('',(#6498,#6499,#6500,#6501));
#1465=EDGE_LOOP('',(#6502,#6503,#6504,#6505));
#1466=EDGE_LOOP('',(#6506,#6507,#6508,#6509,#6510,#6511,#6512,#6513));
#1467=EDGE_LOOP('',(#6514,#6515,#6516,#6517));
#1468=EDGE_LOOP('',(#6518,#6519,#6520,#6521,#6522,#6523,#6524,#6525));
#1469=EDGE_LOOP('',(#6526,#6527,#6528,#6529));
#1470=EDGE_LOOP('',(#6530,#6531,#6532,#6533,#6534,#6535,#6536,#6537));
#1471=EDGE_LOOP('',(#6538,#6539,#6540,#6541,#6542));
#1472=EDGE_LOOP('',(#6543,#6544,#6545,#6546,#6547));
#1473=EDGE_LOOP('',(#6548,#6549,#6550,#6551,#6552,#6553));
#1474=EDGE_LOOP('',(#6554,#6555,#6556,#6557));
#1475=EDGE_LOOP('',(#6558,#6559,#6560,#6561,#6562,#6563,#6564,#6565,#6566));
#1476=EDGE_LOOP('',(#6567,#6568,#6569,#6570));
#1477=EDGE_LOOP('',(#6571,#6572,#6573,#6574));
#1478=EDGE_LOOP('',(#6575,#6576,#6577,#6578,#6579,#6580));
#1479=EDGE_LOOP('',(#6581,#6582,#6583,#6584));
#1480=EDGE_LOOP('',(#6585,#6586,#6587,#6588,#6589,#6590));
#1481=EDGE_LOOP('',(#6591,#6592,#6593,#6594));
#1482=EDGE_LOOP('',(#6595,#6596,#6597,#6598));
#1483=EDGE_LOOP('',(#6599,#6600,#6601,#6602));
#1484=EDGE_LOOP('',(#6603,#6604,#6605,#6606,#6607));
#1485=EDGE_LOOP('',(#6608,#6609,#6610,#6611));
#1486=EDGE_LOOP('',(#6612,#6613,#6614,#6615,#6616));
#1487=EDGE_LOOP('',(#6617,#6618,#6619,#6620,#6621,#6622,#6623,#6624));
#1488=EDGE_LOOP('',(#6625,#6626,#6627,#6628,#6629));
#1489=EDGE_LOOP('',(#6630,#6631,#6632,#6633,#6634));
#1490=EDGE_LOOP('',(#6635));
#1491=EDGE_LOOP('',(#6636));
#1492=EDGE_LOOP('',(#6637,#6638,#6639,#6640));
#1493=EDGE_LOOP('',(#6641,#6642,#6643,#6644));
#1494=EDGE_LOOP('',(#6645,#6646,#6647,#6648));
#1495=EDGE_LOOP('',(#6649,#6650,#6651,#6652,#6653,#6654));
#1496=EDGE_LOOP('',(#6655));
#1497=EDGE_LOOP('',(#6656));
#1498=EDGE_LOOP('',(#6657,#6658,#6659,#6660,#6661,#6662,#6663,#6664,#6665,
#6666,#6667,#6668,#6669,#6670,#6671,#6672,#6673,#6674));
#1499=EDGE_LOOP('',(#6675));
#1500=EDGE_LOOP('',(#6676));
#1501=EDGE_LOOP('',(#6677,#6678,#6679,#6680,#6681,#6682,#6683,#6684,#6685,
#6686,#6687,#6688,#6689,#6690,#6691,#6692));
#1502=EDGE_LOOP('',(#6693));
#1503=EDGE_LOOP('',(#6694,#6695,#6696,#6697,#6698,#6699,#6700,#6701,#6702,
#6703,#6704,#6705));
#1504=EDGE_LOOP('',(#6706));
#1505=EDGE_LOOP('',(#6707,#6708,#6709,#6710));
#1506=EDGE_LOOP('',(#6711));
#1507=EDGE_LOOP('',(#6712,#6713,#6714,#6715));
#1508=EDGE_LOOP('',(#6716,#6717,#6718,#6719));
#1509=EDGE_LOOP('',(#6720));
#1510=EDGE_LOOP('',(#6721,#6722,#6723,#6724));
#1511=EDGE_LOOP('',(#6725));
#1512=EDGE_LOOP('',(#6726,#6727,#6728,#6729));
#1513=EDGE_LOOP('',(#6730,#6731,#6732,#6733));
#1514=EDGE_LOOP('',(#6734,#6735,#6736,#6737));
#1515=EDGE_LOOP('',(#6738,#6739,#6740,#6741));
#1516=EDGE_LOOP('',(#6742,#6743,#6744,#6745,#6746));
#1517=EDGE_LOOP('',(#6747,#6748,#6749,#6750,#6751));
#1518=EDGE_LOOP('',(#6752));
#1519=EDGE_LOOP('',(#6753));
#1520=EDGE_LOOP('',(#6754,#6755,#6756,#6757,#6758));
#1521=EDGE_LOOP('',(#6759,#6760,#6761,#6762,#6763));
#1522=EDGE_LOOP('',(#6764));
#1523=EDGE_LOOP('',(#6765,#6766,#6767,#6768));
#1524=EDGE_LOOP('',(#6769,#6770,#6771,#6772));
#1525=EDGE_LOOP('',(#6773,#6774,#6775,#6776));
#1526=EDGE_LOOP('',(#6777));
#1527=EDGE_LOOP('',(#6778,#6779,#6780,#6781,#6782,#6783,#6784,#6785,#6786));
#1528=EDGE_LOOP('',(#6787,#6788,#6789,#6790));
#1529=EDGE_LOOP('',(#6791,#6792,#6793,#6794,#6795));
#1530=EDGE_LOOP('',(#6796,#6797,#6798,#6799,#6800));
#1531=EDGE_LOOP('',(#6801));
#1532=EDGE_LOOP('',(#6802,#6803,#6804,#6805));
#1533=EDGE_LOOP('',(#6806,#6807,#6808,#6809));
#1534=EDGE_LOOP('',(#6810,#6811,#6812,#6813));
#1535=EDGE_LOOP('',(#6814));
#1536=EDGE_LOOP('',(#6815,#6816,#6817,#6818,#6819,#6820,#6821,#6822,#6823));
#1537=EDGE_LOOP('',(#6824,#6825,#6826,#6827));
#1538=EDGE_LOOP('',(#6828,#6829,#6830,#6831,#6832));
#1539=EDGE_LOOP('',(#6833,#6834,#6835,#6836,#6837));
#1540=EDGE_LOOP('',(#6838));
#1541=EDGE_LOOP('',(#6839,#6840,#6841,#6842));
#1542=EDGE_LOOP('',(#6843,#6844,#6845,#6846));
#1543=EDGE_LOOP('',(#6847,#6848,#6849,#6850));
#1544=EDGE_LOOP('',(#6851));
#1545=EDGE_LOOP('',(#6852,#6853,#6854,#6855,#6856,#6857,#6858,#6859,#6860));
#1546=EDGE_LOOP('',(#6861,#6862,#6863,#6864));
#1547=EDGE_LOOP('',(#6865,#6866,#6867,#6868,#6869));
#1548=EDGE_LOOP('',(#6870,#6871,#6872,#6873,#6874));
#1549=EDGE_LOOP('',(#6875));
#1550=EDGE_LOOP('',(#6876,#6877,#6878,#6879));
#1551=EDGE_LOOP('',(#6880,#6881,#6882,#6883));
#1552=EDGE_LOOP('',(#6884,#6885,#6886,#6887));
#1553=EDGE_LOOP('',(#6888));
#1554=EDGE_LOOP('',(#6889,#6890,#6891,#6892,#6893,#6894,#6895,#6896,#6897));
#1555=EDGE_LOOP('',(#6898,#6899,#6900,#6901));
#1556=EDGE_LOOP('',(#6902,#6903,#6904,#6905,#6906));
#1557=EDGE_LOOP('',(#6907,#6908,#6909,#6910,#6911));
#1558=EDGE_LOOP('',(#6912));
#1559=EDGE_LOOP('',(#6913,#6914,#6915,#6916));
#1560=EDGE_LOOP('',(#6917,#6918,#6919,#6920));
#1561=EDGE_LOOP('',(#6921,#6922,#6923,#6924));
#1562=EDGE_LOOP('',(#6925));
#1563=EDGE_LOOP('',(#6926,#6927,#6928,#6929,#6930,#6931,#6932,#6933,#6934));
#1564=EDGE_LOOP('',(#6935,#6936,#6937,#6938));
#1565=EDGE_LOOP('',(#6939,#6940,#6941,#6942));
#1566=EDGE_LOOP('',(#6943,#6944,#6945,#6946,#6947,#6948));
#1567=EDGE_LOOP('',(#6949,#6950,#6951,#6952,#6953,#6954,#6955,#6956,#6957,
#6958,#6959,#6960,#6961,#6962,#6963,#6964,#6965,#6966,#6967,#6968,#6969,
#6970,#6971,#6972));
#1568=EDGE_LOOP('',(#6973,#6974,#6975,#6976));
#1569=EDGE_LOOP('',(#6977,#6978,#6979,#6980));
#1570=EDGE_LOOP('',(#6981,#6982,#6983,#6984));
#1571=EDGE_LOOP('',(#6985,#6986,#6987,#6988));
#1572=EDGE_LOOP('',(#6989,#6990,#6991,#6992));
#1573=EDGE_LOOP('',(#6993,#6994,#6995,#6996));
#1574=EDGE_LOOP('',(#6997,#6998,#6999,#7000,#7001,#7002));
#1575=EDGE_LOOP('',(#7003,#7004,#7005,#7006));
#1576=EDGE_LOOP('',(#7007,#7008,#7009,#7010,#7011,#7012,#7013,#7014,#7015));
#1577=EDGE_LOOP('',(#7016,#7017,#7018,#7019));
#1578=EDGE_LOOP('',(#7020,#7021,#7022,#7023,#7024,#7025,#7026,#7027,#7028));
#1579=EDGE_LOOP('',(#7029,#7030,#7031,#7032,#7033,#7034,#7035,#7036,#7037));
#1580=EDGE_LOOP('',(#7038,#7039,#7040,#7041));
#1581=EDGE_LOOP('',(#7042,#7043,#7044,#7045));
#1582=EDGE_LOOP('',(#7046,#7047,#7048,#7049,#7050,#7051,#7052,#7053,#7054));
#1583=EDGE_LOOP('',(#7055,#7056,#7057,#7058));
#1584=EDGE_LOOP('',(#7059,#7060,#7061,#7062));
#1585=EDGE_LOOP('',(#7063,#7064,#7065,#7066));
#1586=EDGE_LOOP('',(#7067,#7068,#7069,#7070,#7071,#7072,#7073,#7074,#7075));
#1587=EDGE_LOOP('',(#7076,#7077,#7078,#7079));
#1588=EDGE_LOOP('',(#7080,#7081,#7082,#7083));
#1589=EDGE_LOOP('',(#7084,#7085,#7086,#7087));
#1590=EDGE_LOOP('',(#7088,#7089,#7090,#7091,#7092,#7093,#7094,#7095,#7096,
#7097,#7098,#7099,#7100,#7101,#7102,#7103,#7104,#7105,#7106,#7107,#7108,
#7109,#7110,#7111));
#1591=EDGE_LOOP('',(#7112,#7113,#7114,#7115));
#1592=EDGE_LOOP('',(#7116,#7117,#7118,#7119,#7120,#7121,#7122,#7123,#7124,
#7125,#7126,#7127));
#1593=EDGE_LOOP('',(#7128,#7129,#7130,#7131,#7132));
#1594=EDGE_LOOP('',(#7133,#7134,#7135,#7136,#7137));
#1595=EDGE_LOOP('',(#7138));
#1596=EDGE_LOOP('',(#7139,#7140,#7141,#7142,#7143));
#1597=EDGE_LOOP('',(#7144,#7145,#7146,#7147,#7148));
#1598=EDGE_LOOP('',(#7149));
#1599=EDGE_LOOP('',(#7150,#7151,#7152,#7153,#7154));
#1600=EDGE_LOOP('',(#7155,#7156,#7157,#7158,#7159));
#1601=EDGE_LOOP('',(#7160));
#1602=EDGE_LOOP('',(#7161,#7162,#7163,#7164));
#1603=EDGE_LOOP('',(#7165,#7166,#7167,#7168));
#1604=EDGE_LOOP('',(#7169,#7170,#7171,#7172,#7173,#7174));
#1605=EDGE_LOOP('',(#7175,#7176,#7177,#7178,#7179,#7180));
#1606=EDGE_LOOP('',(#7181,#7182,#7183,#7184));
#1607=EDGE_LOOP('',(#7185,#7186,#7187,#7188));
#1608=EDGE_LOOP('',(#7189,#7190,#7191,#7192));
#1609=EDGE_LOOP('',(#7193,#7194,#7195,#7196));
#1610=EDGE_LOOP('',(#7197,#7198,#7199,#7200));
#1611=EDGE_LOOP('',(#7201,#7202,#7203,#7204));
#1612=EDGE_LOOP('',(#7205,#7206,#7207,#7208));
#1613=EDGE_LOOP('',(#7209,#7210,#7211,#7212));
#1614=EDGE_LOOP('',(#7213,#7214,#7215,#7216));
#1615=EDGE_LOOP('',(#7217,#7218,#7219,#7220));
#1616=EDGE_LOOP('',(#7221,#7222,#7223,#7224));
#1617=EDGE_LOOP('',(#7225,#7226,#7227,#7228));
#1618=EDGE_LOOP('',(#7229,#7230,#7231,#7232));
#1619=EDGE_LOOP('',(#7233,#7234,#7235,#7236));
#1620=EDGE_LOOP('',(#7237,#7238,#7239,#7240,#7241,#7242,#7243,#7244));
#1621=EDGE_LOOP('',(#7245,#7246,#7247,#7248,#7249,#7250,#7251,#7252));
#1622=EDGE_LOOP('',(#7253,#7254,#7255,#7256));
#1623=EDGE_LOOP('',(#7257,#7258,#7259,#7260));
#1624=EDGE_LOOP('',(#7261,#7262,#7263,#7264));
#1625=EDGE_LOOP('',(#7265,#7266,#7267,#7268));
#1626=EDGE_LOOP('',(#7269,#7270,#7271,#7272));
#1627=EDGE_LOOP('',(#7273,#7274,#7275,#7276,#7277,#7278));
#1628=EDGE_LOOP('',(#7279,#7280,#7281,#7282));
#1629=EDGE_LOOP('',(#7283,#7284,#7285,#7286));
#1630=EDGE_LOOP('',(#7287,#7288,#7289,#7290));
#1631=EDGE_LOOP('',(#7291,#7292,#7293,#7294));
#1632=EDGE_LOOP('',(#7295,#7296,#7297,#7298,#7299,#7300));
#1633=EDGE_LOOP('',(#7301,#7302,#7303,#7304,#7305,#7306));
#1634=EDGE_LOOP('',(#7307,#7308,#7309,#7310));
#1635=EDGE_LOOP('',(#7311,#7312,#7313,#7314));
#1636=EDGE_LOOP('',(#7315,#7316,#7317,#7318));
#1637=EDGE_LOOP('',(#7319,#7320,#7321,#7322));
#1638=EDGE_LOOP('',(#7323,#7324,#7325,#7326,#7327,#7328,#7329,#7330,#7331,
#7332));
#1639=EDGE_LOOP('',(#7333,#7334,#7335,#7336));
#1640=EDGE_LOOP('',(#7337,#7338,#7339,#7340,#7341,#7342,#7343,#7344,#7345,
#7346));
#1641=EDGE_LOOP('',(#7347,#7348,#7349,#7350));
#1642=EDGE_LOOP('',(#7351,#7352,#7353,#7354));
#1643=EDGE_LOOP('',(#7355,#7356,#7357,#7358));
#1644=EDGE_LOOP('',(#7359,#7360,#7361,#7362));
#1645=EDGE_LOOP('',(#7363,#7364,#7365,#7366));
#1646=EDGE_LOOP('',(#7367,#7368,#7369,#7370));
#1647=EDGE_LOOP('',(#7371,#7372,#7373,#7374));
#1648=EDGE_LOOP('',(#7375,#7376,#7377,#7378,#7379,#7380,#7381,#7382,#7383,
#7384,#7385,#7386));
#1649=EDGE_LOOP('',(#7387,#7388,#7389,#7390));
#1650=EDGE_LOOP('',(#7391,#7392,#7393,#7394));
#1651=EDGE_LOOP('',(#7395,#7396,#7397,#7398));
#1652=EDGE_LOOP('',(#7399,#7400,#7401,#7402));
#1653=EDGE_LOOP('',(#7403,#7404,#7405,#7406));
#1654=EDGE_LOOP('',(#7407,#7408,#7409,#7410));
#1655=EDGE_LOOP('',(#7411,#7412,#7413,#7414));
#1656=EDGE_LOOP('',(#7415,#7416,#7417,#7418));
#1657=EDGE_LOOP('',(#7419,#7420,#7421,#7422));
#1658=EDGE_LOOP('',(#7423,#7424,#7425,#7426));
#1659=EDGE_LOOP('',(#7427,#7428,#7429,#7430));
#1660=EDGE_LOOP('',(#7431,#7432,#7433,#7434,#7435,#7436,#7437,#7438,#7439,
#7440,#7441,#7442));
#1661=LINE('',#11049,#2334);
#1662=LINE('',#11052,#2335);
#1663=LINE('',#11055,#2336);
#1664=LINE('',#11057,#2337);
#1665=LINE('',#11058,#2338);
#1666=LINE('',#11061,#2339);
#1667=LINE('',#11063,#2340);
#1668=LINE('',#11064,#2341);
#1669=LINE('',#11067,#2342);
#1670=LINE('',#11071,#2343);
#1671=LINE('',#11075,#2344);
#1672=LINE('',#11077,#2345);
#1673=LINE('',#11079,#2346);
#1674=LINE('',#11080,#2347);
#1675=LINE('',#11083,#2348);
#1676=LINE('',#11084,#2349);
#1677=LINE('',#11090,#2350);
#1678=LINE('',#11092,#2351);
#1679=LINE('',#11093,#2352);
#1680=LINE('',#11096,#2353);
#1681=LINE('',#11100,#2354);
#1682=LINE('',#11104,#2355);
#1683=LINE('',#11108,#2356);
#1684=LINE('',#11110,#2357);
#1685=LINE('',#11112,#2358);
#1686=LINE('',#11116,#2359);
#1687=LINE('',#11120,#2360);
#1688=LINE('',#11127,#2361);
#1689=LINE('',#11130,#2362);
#1690=LINE('',#11133,#2363);
#1691=LINE('',#11135,#2364);
#1692=LINE('',#11136,#2365);
#1693=LINE('',#11139,#2366);
#1694=LINE('',#11141,#2367);
#1695=LINE('',#11142,#2368);
#1696=LINE('',#11144,#2369);
#1697=LINE('',#11146,#2370);
#1698=LINE('',#11148,#2371);
#1699=LINE('',#11150,#2372);
#1700=LINE('',#11152,#2373);
#1701=LINE('',#11155,#2374);
#1702=LINE('',#11157,#2375);
#1703=LINE('',#11162,#2376);
#1704=LINE('',#11163,#2377);
#1705=LINE('',#11165,#2378);
#1706=LINE('',#11168,#2379);
#1707=LINE('',#11170,#2380);
#1708=LINE('',#11172,#2381);
#1709=LINE('',#11173,#2382);
#1710=LINE('',#11181,#2383);
#1711=LINE('',#11184,#2384);
#1712=LINE('',#11185,#2385);
#1713=LINE('',#11188,#2386);
#1714=LINE('',#11191,#2387);
#1715=LINE('',#11194,#2388);
#1716=LINE('',#11196,#2389);
#1717=LINE('',#11200,#2390);
#1718=LINE('',#11201,#2391);
#1719=LINE('',#11202,#2392);
#1720=LINE('',#11206,#2393);
#1721=LINE('',#11211,#2394);
#1722=LINE('',#11214,#2395);
#1723=LINE('',#11218,#2396);
#1724=LINE('',#11221,#2397);
#1725=LINE('',#11222,#2398);
#1726=LINE('',#11226,#2399);
#1727=LINE('',#11229,#2400);
#1728=LINE('',#11236,#2401);
#1729=LINE('',#11240,#2402);
#1730=LINE('',#11242,#2403);
#1731=LINE('',#11244,#2404);
#1732=LINE('',#11248,#2405);
#1733=LINE('',#11251,#2406);
#1734=LINE('',#11253,#2407);
#1735=LINE('',#11254,#2408);
#1736=LINE('',#11256,#2409);
#1737=LINE('',#11259,#2410);
#1738=LINE('',#11261,#2411);
#1739=LINE('',#11263,#2412);
#1740=LINE('',#11265,#2413);
#1741=LINE('',#11267,#2414);
#1742=LINE('',#11269,#2415);
#1743=LINE('',#11278,#2416);
#1744=LINE('',#11285,#2417);
#1745=LINE('',#11288,#2418);
#1746=LINE('',#11291,#2419);
#1747=LINE('',#11293,#2420);
#1748=LINE('',#11295,#2421);
#1749=LINE('',#11298,#2422);
#1750=LINE('',#11301,#2423);
#1751=LINE('',#11302,#2424);
#1752=LINE('',#11307,#2425);
#1753=LINE('',#11309,#2426);
#1754=LINE('',#11311,#2427);
#1755=LINE('',#11315,#2428);
#1756=LINE('',#11318,#2429);
#1757=LINE('',#11321,#2430);
#1758=LINE('',#11323,#2431);
#1759=LINE('',#11325,#2432);
#1760=LINE('',#11327,#2433);
#1761=LINE('',#11329,#2434);
#1762=LINE('',#11331,#2435);
#1763=LINE('',#11333,#2436);
#1764=LINE('',#11339,#2437);
#1765=LINE('',#11343,#2438);
#1766=LINE('',#11349,#2439);
#1767=LINE('',#11353,#2440);
#1768=LINE('',#11359,#2441);
#1769=LINE('',#11363,#2442);
#1770=LINE('',#11369,#2443);
#1771=LINE('',#11373,#2444);
#1772=LINE('',#11379,#2445);
#1773=LINE('',#11382,#2446);
#1774=LINE('',#11445,#2447);
#1775=LINE('',#11448,#2448);
#1776=LINE('',#11451,#2449);
#1777=LINE('',#11452,#2450);
#1778=LINE('',#11454,#2451);
#1779=LINE('',#11457,#2452);
#1780=LINE('',#11461,#2453);
#1781=LINE('',#11463,#2454);
#1782=LINE('',#11465,#2455);
#1783=LINE('',#11472,#2456);
#1784=LINE('',#11474,#2457);
#1785=LINE('',#11476,#2458);
#1786=LINE('',#11479,#2459);
#1787=LINE('',#11480,#2460);
#1788=LINE('',#11483,#2461);
#1789=LINE('',#11485,#2462);
#1790=LINE('',#11486,#2463);
#1791=LINE('',#11489,#2464);
#1792=LINE('',#11491,#2465);
#1793=LINE('',#11492,#2466);
#1794=LINE('',#11495,#2467);
#1795=LINE('',#11497,#2468);
#1796=LINE('',#11499,#2469);
#1797=LINE('',#11500,#2470);
#1798=LINE('',#11503,#2471);
#1799=LINE('',#11534,#2472);
#1800=LINE('',#11568,#2473);
#1801=LINE('',#11570,#2474);
#1802=LINE('',#11573,#2475);
#1803=LINE('',#11575,#2476);
#1804=LINE('',#11579,#2477);
#1805=LINE('',#11585,#2478);
#1806=LINE('',#11589,#2479);
#1807=LINE('',#11595,#2480);
#1808=LINE('',#11599,#2481);
#1809=LINE('',#11605,#2482);
#1810=LINE('',#11609,#2483);
#1811=LINE('',#11615,#2484);
#1812=LINE('',#11616,#2485);
#1813=LINE('',#11618,#2486);
#1814=LINE('',#11619,#2487);
#1815=LINE('',#11682,#2488);
#1816=LINE('',#11706,#2489);
#1817=LINE('',#11710,#2490);
#1818=LINE('',#11714,#2491);
#1819=LINE('',#11718,#2492);
#1820=LINE('',#11722,#2493);
#1821=LINE('',#11724,#2494);
#1822=LINE('',#11726,#2495);
#1823=LINE('',#11728,#2496);
#1824=LINE('',#11730,#2497);
#1825=LINE('',#11732,#2498);
#1826=LINE('',#11734,#2499);
#1827=LINE('',#11736,#2500);
#1828=LINE('',#11738,#2501);
#1829=LINE('',#11739,#2502);
#1830=LINE('',#11925,#2503);
#1831=LINE('',#11942,#2504);
#1832=LINE('',#11999,#2505);
#1833=LINE('',#12016,#2506);
#1834=LINE('',#12061,#2507);
#1835=LINE('',#12090,#2508);
#1836=LINE('',#12092,#2509);
#1837=LINE('',#12094,#2510);
#1838=LINE('',#12096,#2511);
#1839=LINE('',#12098,#2512);
#1840=LINE('',#12100,#2513);
#1841=LINE('',#12102,#2514);
#1842=LINE('',#12104,#2515);
#1843=LINE('',#12106,#2516);
#1844=LINE('',#12108,#2517);
#1845=LINE('',#12111,#2518);
#1846=LINE('',#12309,#2519);
#1847=LINE('',#12359,#2520);
#1848=LINE('',#12361,#2521);
#1849=LINE('',#12363,#2522);
#1850=LINE('',#12365,#2523);
#1851=LINE('',#12367,#2524);
#1852=LINE('',#12369,#2525);
#1853=LINE('',#12371,#2526);
#1854=LINE('',#12373,#2527);
#1855=LINE('',#12375,#2528);
#1856=LINE('',#12377,#2529);
#1857=LINE('',#12379,#2530);
#1858=LINE('',#12381,#2531);
#1859=LINE('',#12383,#2532);
#1860=LINE('',#12385,#2533);
#1861=LINE('',#12387,#2534);
#1862=LINE('',#12389,#2535);
#1863=LINE('',#12391,#2536);
#1864=LINE('',#12393,#2537);
#1865=LINE('',#12395,#2538);
#1866=LINE('',#12397,#2539);
#1867=LINE('',#12399,#2540);
#1868=LINE('',#12401,#2541);
#1869=LINE('',#12403,#2542);
#1870=LINE('',#12405,#2543);
#1871=LINE('',#12407,#2544);
#1872=LINE('',#12409,#2545);
#1873=LINE('',#12411,#2546);
#1874=LINE('',#12413,#2547);
#1875=LINE('',#12415,#2548);
#1876=LINE('',#12417,#2549);
#1877=LINE('',#12419,#2550);
#1878=LINE('',#12421,#2551);
#1879=LINE('',#12423,#2552);
#1880=LINE('',#12425,#2553);
#1881=LINE('',#12427,#2554);
#1882=LINE('',#12429,#2555);
#1883=LINE('',#12431,#2556);
#1884=LINE('',#12433,#2557);
#1885=LINE('',#12435,#2558);
#1886=LINE('',#12437,#2559);
#1887=LINE('',#12439,#2560);
#1888=LINE('',#12441,#2561);
#1889=LINE('',#12443,#2562);
#1890=LINE('',#12445,#2563);
#1891=LINE('',#12447,#2564);
#1892=LINE('',#12449,#2565);
#1893=LINE('',#12451,#2566);
#1894=LINE('',#12453,#2567);
#1895=LINE('',#12455,#2568);
#1896=LINE('',#12457,#2569);
#1897=LINE('',#12459,#2570);
#1898=LINE('',#12461,#2571);
#1899=LINE('',#12463,#2572);
#1900=LINE('',#12465,#2573);
#1901=LINE('',#12467,#2574);
#1902=LINE('',#12469,#2575);
#1903=LINE('',#12471,#2576);
#1904=LINE('',#12473,#2577);
#1905=LINE('',#12475,#2578);
#1906=LINE('',#12477,#2579);
#1907=LINE('',#12479,#2580);
#1908=LINE('',#12481,#2581);
#1909=LINE('',#12483,#2582);
#1910=LINE('',#12485,#2583);
#1911=LINE('',#12487,#2584);
#1912=LINE('',#12489,#2585);
#1913=LINE('',#12491,#2586);
#1914=LINE('',#12493,#2587);
#1915=LINE('',#12495,#2588);
#1916=LINE('',#12497,#2589);
#1917=LINE('',#12499,#2590);
#1918=LINE('',#12501,#2591);
#1919=LINE('',#12503,#2592);
#1920=LINE('',#12505,#2593);
#1921=LINE('',#12507,#2594);
#1922=LINE('',#12509,#2595);
#1923=LINE('',#12511,#2596);
#1924=LINE('',#12513,#2597);
#1925=LINE('',#12515,#2598);
#1926=LINE('',#12517,#2599);
#1927=LINE('',#12519,#2600);
#1928=LINE('',#12521,#2601);
#1929=LINE('',#12523,#2602);
#1930=LINE('',#12525,#2603);
#1931=LINE('',#12527,#2604);
#1932=LINE('',#12529,#2605);
#1933=LINE('',#12531,#2606);
#1934=LINE('',#12533,#2607);
#1935=LINE('',#12535,#2608);
#1936=LINE('',#12537,#2609);
#1937=LINE('',#12539,#2610);
#1938=LINE('',#12541,#2611);
#1939=LINE('',#12543,#2612);
#1940=LINE('',#12545,#2613);
#1941=LINE('',#12547,#2614);
#1942=LINE('',#12549,#2615);
#1943=LINE('',#12551,#2616);
#1944=LINE('',#12553,#2617);
#1945=LINE('',#12555,#2618);
#1946=LINE('',#12557,#2619);
#1947=LINE('',#12559,#2620);
#1948=LINE('',#12561,#2621);
#1949=LINE('',#12563,#2622);
#1950=LINE('',#12565,#2623);
#1951=LINE('',#12567,#2624);
#1952=LINE('',#12569,#2625);
#1953=LINE('',#12571,#2626);
#1954=LINE('',#12573,#2627);
#1955=LINE('',#12575,#2628);
#1956=LINE('',#12577,#2629);
#1957=LINE('',#12582,#2630);
#1958=LINE('',#12584,#2631);
#1959=LINE('',#12586,#2632);
#1960=LINE('',#12589,#2633);
#1961=LINE('',#12590,#2634);
#1962=LINE('',#12592,#2635);
#1963=LINE('',#12594,#2636);
#1964=LINE('',#12599,#2637);
#1965=LINE('',#12601,#2638);
#1966=LINE('',#12603,#2639);
#1967=LINE('',#12605,#2640);
#1968=LINE('',#12606,#2641);
#1969=LINE('',#12608,#2642);
#1970=LINE('',#12614,#2643);
#1971=LINE('',#12617,#2644);
#1972=LINE('',#12618,#2645);
#1973=LINE('',#12620,#2646);
#1974=LINE('',#12623,#2647);
#1975=LINE('',#12624,#2648);
#1976=LINE('',#12628,#2649);
#1977=LINE('',#12630,#2650);
#1978=LINE('',#12632,#2651);
#1979=LINE('',#12633,#2652);
#1980=LINE('',#12637,#2653);
#1981=LINE('',#12639,#2654);
#1982=LINE('',#12641,#2655);
#1983=LINE('',#12642,#2656);
#1984=LINE('',#12644,#2657);
#1985=LINE('',#12645,#2658);
#1986=LINE('',#12648,#2659);
#1987=LINE('',#12654,#2660);
#1988=LINE('',#12660,#2661);
#1989=LINE('',#12662,#2662);
#1990=LINE('',#12666,#2663);
#1991=LINE('',#12668,#2664);
#1992=LINE('',#12669,#2665);
#1993=LINE('',#12670,#2666);
#1994=LINE('',#12673,#2667);
#1995=LINE('',#12674,#2668);
#1996=LINE('',#12676,#2669);
#1997=LINE('',#12677,#2670);
#1998=LINE('',#12681,#2671);
#1999=LINE('',#12688,#2672);
#2000=LINE('',#12691,#2673);
#2001=LINE('',#12693,#2674);
#2002=LINE('',#12695,#2675);
#2003=LINE('',#12699,#2676);
#2004=LINE('',#12700,#2677);
#2005=LINE('',#12702,#2678);
#2006=LINE('',#12706,#2679);
#2007=LINE('',#12708,#2680);
#2008=LINE('',#12710,#2681);
#2009=LINE('',#12722,#2682);
#2010=LINE('',#12731,#2683);
#2011=LINE('',#12733,#2684);
#2012=LINE('',#12735,#2685);
#2013=LINE('',#12736,#2686);
#2014=LINE('',#12740,#2687);
#2015=LINE('',#12742,#2688);
#2016=LINE('',#12744,#2689);
#2017=LINE('',#12745,#2690);
#2018=LINE('',#12748,#2691);
#2019=LINE('',#12750,#2692);
#2020=LINE('',#12751,#2693);
#2021=LINE('',#12754,#2694);
#2022=LINE('',#12755,#2695);
#2023=LINE('',#12756,#2696);
#2024=LINE('',#12763,#2697);
#2025=LINE('',#12765,#2698);
#2026=LINE('',#12767,#2699);
#2027=LINE('',#12769,#2700);
#2028=LINE('',#12771,#2701);
#2029=LINE('',#12773,#2702);
#2030=LINE('',#12775,#2703);
#2031=LINE('',#12777,#2704);
#2032=LINE('',#12778,#2705);
#2033=LINE('',#12780,#2706);
#2034=LINE('',#12782,#2707);
#2035=LINE('',#12784,#2708);
#2036=LINE('',#12786,#2709);
#2037=LINE('',#12788,#2710);
#2038=LINE('',#12789,#2711);
#2039=LINE('',#12796,#2712);
#2040=LINE('',#12798,#2713);
#2041=LINE('',#12800,#2714);
#2042=LINE('',#12802,#2715);
#2043=LINE('',#12804,#2716);
#2044=LINE('',#12808,#2717);
#2045=LINE('',#12812,#2718);
#2046=LINE('',#12814,#2719);
#2047=LINE('',#12816,#2720);
#2048=LINE('',#12818,#2721);
#2049=LINE('',#12820,#2722);
#2050=LINE('',#12823,#2723);
#2051=LINE('',#12828,#2724);
#2052=LINE('',#12830,#2725);
#2053=LINE('',#12832,#2726);
#2054=LINE('',#12834,#2727);
#2055=LINE('',#12836,#2728);
#2056=LINE('',#12838,#2729);
#2057=LINE('',#12840,#2730);
#2058=LINE('',#12842,#2731);
#2059=LINE('',#12844,#2732);
#2060=LINE('',#12846,#2733);
#2061=LINE('',#12848,#2734);
#2062=LINE('',#12849,#2735);
#2063=LINE('',#12854,#2736);
#2064=LINE('',#12856,#2737);
#2065=LINE('',#12858,#2738);
#2066=LINE('',#12859,#2739);
#2067=LINE('',#12864,#2740);
#2068=LINE('',#12866,#2741);
#2069=LINE('',#12868,#2742);
#2070=LINE('',#12869,#2743);
#2071=LINE('',#12874,#2744);
#2072=LINE('',#12880,#2745);
#2073=LINE('',#12882,#2746);
#2074=LINE('',#12884,#2747);
#2075=LINE('',#12885,#2748);
#2076=LINE('',#12887,#2749);
#2077=LINE('',#12888,#2750);
#2078=LINE('',#12890,#2751);
#2079=LINE('',#12892,#2752);
#2080=LINE('',#12903,#2753);
#2081=LINE('',#12918,#2754);
#2082=LINE('',#12924,#2755);
#2083=LINE('',#12926,#2756);
#2084=LINE('',#12928,#2757);
#2085=LINE('',#12929,#2758);
#2086=LINE('',#12933,#2759);
#2087=LINE('',#12935,#2760);
#2088=LINE('',#12937,#2761);
#2089=LINE('',#12938,#2762);
#2090=LINE('',#12940,#2763);
#2091=LINE('',#12941,#2764);
#2092=LINE('',#12944,#2765);
#2093=LINE('',#12946,#2766);
#2094=LINE('',#12950,#2767);
#2095=LINE('',#12952,#2768);
#2096=LINE('',#12953,#2769);
#2097=LINE('',#12956,#2770);
#2098=LINE('',#12957,#2771);
#2099=LINE('',#12968,#2772);
#2100=LINE('',#12974,#2773);
#2101=LINE('',#12976,#2774);
#2102=LINE('',#12978,#2775);
#2103=LINE('',#12979,#2776);
#2104=LINE('',#12983,#2777);
#2105=LINE('',#12985,#2778);
#2106=LINE('',#12987,#2779);
#2107=LINE('',#12988,#2780);
#2108=LINE('',#12990,#2781);
#2109=LINE('',#12991,#2782);
#2110=LINE('',#12994,#2783);
#2111=LINE('',#12996,#2784);
#2112=LINE('',#13000,#2785);
#2113=LINE('',#13002,#2786);
#2114=LINE('',#13003,#2787);
#2115=LINE('',#13006,#2788);
#2116=LINE('',#13007,#2789);
#2117=LINE('',#13018,#2790);
#2118=LINE('',#13024,#2791);
#2119=LINE('',#13026,#2792);
#2120=LINE('',#13028,#2793);
#2121=LINE('',#13029,#2794);
#2122=LINE('',#13033,#2795);
#2123=LINE('',#13035,#2796);
#2124=LINE('',#13037,#2797);
#2125=LINE('',#13038,#2798);
#2126=LINE('',#13040,#2799);
#2127=LINE('',#13041,#2800);
#2128=LINE('',#13044,#2801);
#2129=LINE('',#13046,#2802);
#2130=LINE('',#13050,#2803);
#2131=LINE('',#13052,#2804);
#2132=LINE('',#13053,#2805);
#2133=LINE('',#13056,#2806);
#2134=LINE('',#13057,#2807);
#2135=LINE('',#13068,#2808);
#2136=LINE('',#13074,#2809);
#2137=LINE('',#13076,#2810);
#2138=LINE('',#13078,#2811);
#2139=LINE('',#13079,#2812);
#2140=LINE('',#13083,#2813);
#2141=LINE('',#13085,#2814);
#2142=LINE('',#13087,#2815);
#2143=LINE('',#13088,#2816);
#2144=LINE('',#13090,#2817);
#2145=LINE('',#13091,#2818);
#2146=LINE('',#13094,#2819);
#2147=LINE('',#13096,#2820);
#2148=LINE('',#13100,#2821);
#2149=LINE('',#13102,#2822);
#2150=LINE('',#13103,#2823);
#2151=LINE('',#13106,#2824);
#2152=LINE('',#13107,#2825);
#2153=LINE('',#13118,#2826);
#2154=LINE('',#13124,#2827);
#2155=LINE('',#13126,#2828);
#2156=LINE('',#13128,#2829);
#2157=LINE('',#13129,#2830);
#2158=LINE('',#13133,#2831);
#2159=LINE('',#13135,#2832);
#2160=LINE('',#13137,#2833);
#2161=LINE('',#13138,#2834);
#2162=LINE('',#13140,#2835);
#2163=LINE('',#13141,#2836);
#2164=LINE('',#13144,#2837);
#2165=LINE('',#13146,#2838);
#2166=LINE('',#13150,#2839);
#2167=LINE('',#13152,#2840);
#2168=LINE('',#13153,#2841);
#2169=LINE('',#13156,#2842);
#2170=LINE('',#13157,#2843);
#2171=LINE('',#13163,#2844);
#2172=LINE('',#13166,#2845);
#2173=LINE('',#13169,#2846);
#2174=LINE('',#13170,#2847);
#2175=LINE('',#13172,#2848);
#2176=LINE('',#13173,#2849);
#2177=LINE('',#13176,#2850);
#2178=LINE('',#13177,#2851);
#2179=LINE('',#13179,#2852);
#2180=LINE('',#13181,#2853);
#2181=LINE('',#13182,#2854);
#2182=LINE('',#13184,#2855);
#2183=LINE('',#13186,#2856);
#2184=LINE('',#13187,#2857);
#2185=LINE('',#13189,#2858);
#2186=LINE('',#13191,#2859);
#2187=LINE('',#13192,#2860);
#2188=LINE('',#13194,#2861);
#2189=LINE('',#13196,#2862);
#2190=LINE('',#13197,#2863);
#2191=LINE('',#13199,#2864);
#2192=LINE('',#13201,#2865);
#2193=LINE('',#13202,#2866);
#2194=LINE('',#13205,#2867);
#2195=LINE('',#13209,#2868);
#2196=LINE('',#13213,#2869);
#2197=LINE('',#13217,#2870);
#2198=LINE('',#13222,#2871);
#2199=LINE('',#13224,#2872);
#2200=LINE('',#13227,#2873);
#2201=LINE('',#13228,#2874);
#2202=LINE('',#13231,#2875);
#2203=LINE('',#13232,#2876);
#2204=LINE('',#13234,#2877);
#2205=LINE('',#13235,#2878);
#2206=LINE('',#13238,#2879);
#2207=LINE('',#13239,#2880);
#2208=LINE('',#13241,#2881);
#2209=LINE('',#13242,#2882);
#2210=LINE('',#13245,#2883);
#2211=LINE('',#13246,#2884);
#2212=LINE('',#13247,#2885);
#2213=LINE('',#13249,#2886);
#2214=LINE('',#13253,#2887);
#2215=LINE('',#13254,#2888);
#2216=LINE('',#13255,#2889);
#2217=LINE('',#13257,#2890);
#2218=LINE('',#13262,#2891);
#2219=LINE('',#13263,#2892);
#2220=LINE('',#13264,#2893);
#2221=LINE('',#13266,#2894);
#2222=LINE('',#13270,#2895);
#2223=LINE('',#13272,#2896);
#2224=LINE('',#13275,#2897);
#2225=LINE('',#13277,#2898);
#2226=LINE('',#13278,#2899);
#2227=LINE('',#13280,#2900);
#2228=LINE('',#13282,#2901);
#2229=LINE('',#13283,#2902);
#2230=LINE('',#13293,#2903);
#2231=LINE('',#13304,#2904);
#2232=LINE('',#13315,#2905);
#2233=LINE('',#13320,#2906);
#2234=LINE('',#13322,#2907);
#2235=LINE('',#13324,#2908);
#2236=LINE('',#13325,#2909);
#2237=LINE('',#13328,#2910);
#2238=LINE('',#13330,#2911);
#2239=LINE('',#13331,#2912);
#2240=LINE('',#13333,#2913);
#2241=LINE('',#13334,#2914);
#2242=LINE('',#13336,#2915);
#2243=LINE('',#13337,#2916);
#2244=LINE('',#13343,#2917);
#2245=LINE('',#13345,#2918);
#2246=LINE('',#13347,#2919);
#2247=LINE('',#13348,#2920);
#2248=LINE('',#13350,#2921);
#2249=LINE('',#13351,#2922);
#2250=LINE('',#13353,#2923);
#2251=LINE('',#13355,#2924);
#2252=LINE('',#13359,#2925);
#2253=LINE('',#13361,#2926);
#2254=LINE('',#13362,#2927);
#2255=LINE('',#13365,#2928);
#2256=LINE('',#13367,#2929);
#2257=LINE('',#13368,#2930);
#2258=LINE('',#13371,#2931);
#2259=LINE('',#13373,#2932);
#2260=LINE('',#13374,#2933);
#2261=LINE('',#13377,#2934);
#2262=LINE('',#13379,#2935);
#2263=LINE('',#13380,#2936);
#2264=LINE('',#13383,#2937);
#2265=LINE('',#13385,#2938);
#2266=LINE('',#13386,#2939);
#2267=LINE('',#13389,#2940);
#2268=LINE('',#13391,#2941);
#2269=LINE('',#13392,#2942);
#2270=LINE('',#13394,#2943);
#2271=LINE('',#13395,#2944);
#2272=LINE('',#13397,#2945);
#2273=LINE('',#13399,#2946);
#2274=LINE('',#13401,#2947);
#2275=LINE('',#13403,#2948);
#2276=LINE('',#13407,#2949);
#2277=LINE('',#13409,#2950);
#2278=LINE('',#13412,#2951);
#2279=LINE('',#13416,#2952);
#2280=LINE('',#13418,#2953);
#2281=LINE('',#13420,#2954);
#2282=LINE('',#13421,#2955);
#2283=LINE('',#13424,#2956);
#2284=LINE('',#13426,#2957);
#2285=LINE('',#13427,#2958);
#2286=LINE('',#13429,#2959);
#2287=LINE('',#13430,#2960);
#2288=LINE('',#13432,#2961);
#2289=LINE('',#13433,#2962);
#2290=LINE('',#13440,#2963);
#2291=LINE('',#13441,#2964);
#2292=LINE('',#13444,#2965);
#2293=LINE('',#13445,#2966);
#2294=LINE('',#13448,#2967);
#2295=LINE('',#13450,#2968);
#2296=LINE('',#13454,#2969);
#2297=LINE('',#13458,#2970);
#2298=LINE('',#13460,#2971);
#2299=LINE('',#13464,#2972);
#2300=LINE('',#13467,#2973);
#2301=LINE('',#13470,#2974);
#2302=LINE('',#13474,#2975);
#2303=LINE('',#13476,#2976);
#2304=LINE('',#13480,#2977);
#2305=LINE('',#13484,#2978);
#2306=LINE('',#13485,#2979);
#2307=LINE('',#13487,#2980);
#2308=LINE('',#13489,#2981);
#2309=LINE('',#13491,#2982);
#2310=LINE('',#13493,#2983);
#2311=LINE('',#13495,#2984);
#2312=LINE('',#13497,#2985);
#2313=LINE('',#13499,#2986);
#2314=LINE('',#13502,#2987);
#2315=LINE('',#13504,#2988);
#2316=LINE('',#13505,#2989);
#2317=LINE('',#13507,#2990);
#2318=LINE('',#13509,#2991);
#2319=LINE('',#13510,#2992);
#2320=LINE('',#13514,#2993);
#2321=LINE('',#13517,#2994);
#2322=LINE('',#13518,#2995);
#2323=LINE('',#13523,#2996);
#2324=LINE('',#13526,#2997);
#2325=LINE('',#13529,#2998);
#2326=LINE('',#13530,#2999);
#2327=LINE('',#13534,#3000);
#2328=LINE('',#13537,#3001);
#2329=LINE('',#13541,#3002);
#2330=LINE('',#13542,#3003);
#2331=LINE('',#13543,#3004);
#2332=LINE('',#13545,#3005);
#2333=LINE('',#13547,#3006);
#2334=VECTOR('',#8812,10.);
#2335=VECTOR('',#8815,10.);
#2336=VECTOR('',#8818,10.);
#2337=VECTOR('',#8819,10.);
#2338=VECTOR('',#8820,10.);
#2339=VECTOR('',#8823,10.);
#2340=VECTOR('',#8824,10.);
#2341=VECTOR('',#8825,10.);
#2342=VECTOR('',#8828,10.);
#2343=VECTOR('',#8831,10.);
#2344=VECTOR('',#8834,10.);
#2345=VECTOR('',#8835,10.);
#2346=VECTOR('',#8836,10.);
#2347=VECTOR('',#8837,10.);
#2348=VECTOR('',#8840,10.);
#2349=VECTOR('',#8841,10.);
#2350=VECTOR('',#8846,10.);
#2351=VECTOR('',#8847,10.);
#2352=VECTOR('',#8848,10.);
#2353=VECTOR('',#8851,10.);
#2354=VECTOR('',#8854,10.);
#2355=VECTOR('',#8857,10.);
#2356=VECTOR('',#8860,10.);
#2357=VECTOR('',#8861,10.);
#2358=VECTOR('',#8862,10.);
#2359=VECTOR('',#8865,10.);
#2360=VECTOR('',#8868,10.);
#2361=VECTOR('',#8875,10.);
#2362=VECTOR('',#8878,10.);
#2363=VECTOR('',#8881,10.);
#2364=VECTOR('',#8882,10.);
#2365=VECTOR('',#8883,10.);
#2366=VECTOR('',#8886,10.);
#2367=VECTOR('',#8887,10.);
#2368=VECTOR('',#8888,10.);
#2369=VECTOR('',#8891,10.);
#2370=VECTOR('',#8892,10.);
#2371=VECTOR('',#8893,10.);
#2372=VECTOR('',#8894,10.);
#2373=VECTOR('',#8895,10.);
#2374=VECTOR('',#8898,10.);
#2375=VECTOR('',#8901,10.);
#2376=VECTOR('',#8906,10.);
#2377=VECTOR('',#8907,10.);
#2378=VECTOR('',#8910,10.);
#2379=VECTOR('',#8913,10.);
#2380=VECTOR('',#8914,10.);
#2381=VECTOR('',#8915,10.);
#2382=VECTOR('',#8916,10.);
#2383=VECTOR('',#8925,10.);
#2384=VECTOR('',#8928,10.);
#2385=VECTOR('',#8929,10.);
#2386=VECTOR('',#8932,10.);
#2387=VECTOR('',#8935,10.);
#2388=VECTOR('',#8938,10.);
#2389=VECTOR('',#8941,10.);
#2390=VECTOR('',#8946,10.);
#2391=VECTOR('',#8947,10.);
#2392=VECTOR('',#8948,10.);
#2393=VECTOR('',#8953,2.25);
#2394=VECTOR('',#8960,2.25);
#2395=VECTOR('',#8965,10.);
#2396=VECTOR('',#8970,10.);
#2397=VECTOR('',#8973,10.);
#2398=VECTOR('',#8974,10.);
#2399=VECTOR('',#8979,10.);
#2400=VECTOR('',#8984,10.);
#2401=VECTOR('',#8993,10.);
#2402=VECTOR('',#8996,10.);
#2403=VECTOR('',#8997,10.);
#2404=VECTOR('',#8998,10.);
#2405=VECTOR('',#9001,10.);
#2406=VECTOR('',#9004,10.);
#2407=VECTOR('',#9007,10.);
#2408=VECTOR('',#9008,10.);
#2409=VECTOR('',#9011,10.);
#2410=VECTOR('',#9016,10.);
#2411=VECTOR('',#9019,10.);
#2412=VECTOR('',#9022,10.);
#2413=VECTOR('',#9025,10.);
#2414=VECTOR('',#9028,10.);
#2415=VECTOR('',#9031,10.);
#2416=VECTOR('',#9044,2.5);
#2417=VECTOR('',#9051,10.);
#2418=VECTOR('',#9054,10.);
#2419=VECTOR('',#9057,10.);
#2420=VECTOR('',#9058,10.);
#2421=VECTOR('',#9059,10.);
#2422=VECTOR('',#9062,10.);
#2423=VECTOR('',#9065,10.);
#2424=VECTOR('',#9066,10.);
#2425=VECTOR('',#9071,10.);
#2426=VECTOR('',#9072,10.);
#2427=VECTOR('',#9073,10.);
#2428=VECTOR('',#9078,10.);
#2429=VECTOR('',#9081,10.);
#2430=VECTOR('',#9084,10.);
#2431=VECTOR('',#9085,10.);
#2432=VECTOR('',#9086,10.);
#2433=VECTOR('',#9087,10.);
#2434=VECTOR('',#9088,10.);
#2435=VECTOR('',#9089,10.);
#2436=VECTOR('',#9090,10.);
#2437=VECTOR('',#9095,10.);
#2438=VECTOR('',#9098,10.);
#2439=VECTOR('',#9103,10.);
#2440=VECTOR('',#9106,10.);
#2441=VECTOR('',#9111,10.);
#2442=VECTOR('',#9114,10.);
#2443=VECTOR('',#9119,10.);
#2444=VECTOR('',#9122,10.);
#2445=VECTOR('',#9127,10.);
#2446=VECTOR('',#9130,10.);
#2447=VECTOR('',#9193,10.);
#2448=VECTOR('',#9196,10.);
#2449=VECTOR('',#9199,10.);
#2450=VECTOR('',#9200,10.);
#2451=VECTOR('',#9203,10.);
#2452=VECTOR('',#9206,10.);
#2453=VECTOR('',#9209,10.);
#2454=VECTOR('',#9210,10.);
#2455=VECTOR('',#9211,10.);
#2456=VECTOR('',#9218,10.);
#2457=VECTOR('',#9219,10.);
#2458=VECTOR('',#9220,10.);
#2459=VECTOR('',#9223,10.);
#2460=VECTOR('',#9224,10.);
#2461=VECTOR('',#9227,10.);
#2462=VECTOR('',#9228,10.);
#2463=VECTOR('',#9229,10.);
#2464=VECTOR('',#9232,10.);
#2465=VECTOR('',#9233,10.);
#2466=VECTOR('',#9234,10.);
#2467=VECTOR('',#9237,10.);
#2468=VECTOR('',#9238,10.);
#2469=VECTOR('',#9239,10.);
#2470=VECTOR('',#9240,10.);
#2471=VECTOR('',#9243,10.);
#2472=VECTOR('',#9250,2.25);
#2473=VECTOR('',#9259,10.);
#2474=VECTOR('',#9260,10.);
#2475=VECTOR('',#9263,10.);
#2476=VECTOR('',#9264,10.);
#2477=VECTOR('',#9267,10.);
#2478=VECTOR('',#9272,10.);
#2479=VECTOR('',#9275,10.);
#2480=VECTOR('',#9280,10.);
#2481=VECTOR('',#9283,10.);
#2482=VECTOR('',#9288,10.);
#2483=VECTOR('',#9291,10.);
#2484=VECTOR('',#9296,10.);
#2485=VECTOR('',#9297,10.);
#2486=VECTOR('',#9298,10.);
#2487=VECTOR('',#9299,10.);
#2488=VECTOR('',#9362,10.);
#2489=VECTOR('',#9365,10.);
#2490=VECTOR('',#9368,10.);
#2491=VECTOR('',#9371,10.);
#2492=VECTOR('',#9374,10.);
#2493=VECTOR('',#9377,10.);
#2494=VECTOR('',#9378,10.);
#2495=VECTOR('',#9379,10.);
#2496=VECTOR('',#9380,10.);
#2497=VECTOR('',#9381,10.);
#2498=VECTOR('',#9382,10.);
#2499=VECTOR('',#9383,10.);
#2500=VECTOR('',#9384,10.);
#2501=VECTOR('',#9385,10.);
#2502=VECTOR('',#9386,10.);
#2503=VECTOR('',#9541,2.25);
#2504=VECTOR('',#9546,10.);
#2505=VECTOR('',#9551,2.25);
#2506=VECTOR('',#9556,10.);
#2507=VECTOR('',#9561,2.25);
#2508=VECTOR('',#9566,10.);
#2509=VECTOR('',#9567,10.);
#2510=VECTOR('',#9568,10.);
#2511=VECTOR('',#9569,10.);
#2512=VECTOR('',#9570,10.);
#2513=VECTOR('',#9571,10.);
#2514=VECTOR('',#9572,10.);
#2515=VECTOR('',#9573,10.);
#2516=VECTOR('',#9574,10.);
#2517=VECTOR('',#9575,10.);
#2518=VECTOR('',#9578,10.);
#2519=VECTOR('',#9739,2.25);
#2520=VECTOR('',#9754,2.25);
#2521=VECTOR('',#9757,2.25);
#2522=VECTOR('',#9760,2.25);
#2523=VECTOR('',#9763,2.25);
#2524=VECTOR('',#9766,2.25);
#2525=VECTOR('',#9769,2.25);
#2526=VECTOR('',#9772,2.25);
#2527=VECTOR('',#9775,2.25);
#2528=VECTOR('',#9778,2.25);
#2529=VECTOR('',#9781,2.25);
#2530=VECTOR('',#9784,2.25);
#2531=VECTOR('',#9787,2.25);
#2532=VECTOR('',#9790,2.25);
#2533=VECTOR('',#9793,2.25);
#2534=VECTOR('',#9796,2.25);
#2535=VECTOR('',#9799,2.25);
#2536=VECTOR('',#9802,2.25);
#2537=VECTOR('',#9805,2.25);
#2538=VECTOR('',#9808,2.25);
#2539=VECTOR('',#9811,2.25);
#2540=VECTOR('',#9814,2.25);
#2541=VECTOR('',#9817,2.25);
#2542=VECTOR('',#9820,2.25);
#2543=VECTOR('',#9823,2.25);
#2544=VECTOR('',#9826,2.25);
#2545=VECTOR('',#9829,2.25);
#2546=VECTOR('',#9832,2.25);
#2547=VECTOR('',#9835,2.25);
#2548=VECTOR('',#9838,2.25);
#2549=VECTOR('',#9841,2.25);
#2550=VECTOR('',#9844,2.25);
#2551=VECTOR('',#9847,2.25);
#2552=VECTOR('',#9850,2.25);
#2553=VECTOR('',#9853,2.25);
#2554=VECTOR('',#9856,2.25);
#2555=VECTOR('',#9859,2.25);
#2556=VECTOR('',#9862,2.25);
#2557=VECTOR('',#9865,2.25);
#2558=VECTOR('',#9868,2.25);
#2559=VECTOR('',#9871,2.25);
#2560=VECTOR('',#9874,2.25);
#2561=VECTOR('',#9877,2.25);
#2562=VECTOR('',#9880,2.25);
#2563=VECTOR('',#9883,2.25);
#2564=VECTOR('',#9886,2.25);
#2565=VECTOR('',#9889,2.25);
#2566=VECTOR('',#9892,2.25);
#2567=VECTOR('',#9895,2.25);
#2568=VECTOR('',#9898,2.25);
#2569=VECTOR('',#9901,2.25);
#2570=VECTOR('',#9904,2.25);
#2571=VECTOR('',#9907,2.25);
#2572=VECTOR('',#9910,2.25);
#2573=VECTOR('',#9913,2.25);
#2574=VECTOR('',#9916,2.25);
#2575=VECTOR('',#9919,2.25);
#2576=VECTOR('',#9922,2.25);
#2577=VECTOR('',#9925,2.25);
#2578=VECTOR('',#9928,2.25);
#2579=VECTOR('',#9931,2.25);
#2580=VECTOR('',#9934,2.25);
#2581=VECTOR('',#9937,2.25);
#2582=VECTOR('',#9940,2.25);
#2583=VECTOR('',#9943,2.25);
#2584=VECTOR('',#9946,2.25);
#2585=VECTOR('',#9949,2.25);
#2586=VECTOR('',#9952,2.25);
#2587=VECTOR('',#9955,2.25);
#2588=VECTOR('',#9958,2.25);
#2589=VECTOR('',#9961,2.25);
#2590=VECTOR('',#9964,2.25);
#2591=VECTOR('',#9967,2.25);
#2592=VECTOR('',#9970,2.25);
#2593=VECTOR('',#9973,2.25);
#2594=VECTOR('',#9976,2.25);
#2595=VECTOR('',#9979,2.25);
#2596=VECTOR('',#9982,2.25);
#2597=VECTOR('',#9985,2.25);
#2598=VECTOR('',#9988,2.25);
#2599=VECTOR('',#9991,2.25);
#2600=VECTOR('',#9994,2.25);
#2601=VECTOR('',#9997,2.25);
#2602=VECTOR('',#10000,2.25);
#2603=VECTOR('',#10003,2.25);
#2604=VECTOR('',#10006,2.25);
#2605=VECTOR('',#10009,2.25);
#2606=VECTOR('',#10012,2.25);
#2607=VECTOR('',#10015,2.25);
#2608=VECTOR('',#10018,2.25);
#2609=VECTOR('',#10021,2.25);
#2610=VECTOR('',#10024,2.25);
#2611=VECTOR('',#10027,2.25);
#2612=VECTOR('',#10030,2.25);
#2613=VECTOR('',#10033,2.25);
#2614=VECTOR('',#10036,2.25);
#2615=VECTOR('',#10039,2.25);
#2616=VECTOR('',#10042,2.25);
#2617=VECTOR('',#10045,2.25);
#2618=VECTOR('',#10048,2.25);
#2619=VECTOR('',#10051,2.25);
#2620=VECTOR('',#10054,2.25);
#2621=VECTOR('',#10057,2.25);
#2622=VECTOR('',#10060,2.25);
#2623=VECTOR('',#10063,2.25);
#2624=VECTOR('',#10066,2.25);
#2625=VECTOR('',#10069,2.25);
#2626=VECTOR('',#10072,2.25);
#2627=VECTOR('',#10075,2.25);
#2628=VECTOR('',#10078,2.25);
#2629=VECTOR('',#10081,2.25);
#2630=VECTOR('',#10086,10.);
#2631=VECTOR('',#10087,10.);
#2632=VECTOR('',#10088,10.);
#2633=VECTOR('',#10093,10.);
#2634=VECTOR('',#10094,10.);
#2635=VECTOR('',#10097,10.);
#2636=VECTOR('',#10100,10.);
#2637=VECTOR('',#10109,10.);
#2638=VECTOR('',#10110,10.);
#2639=VECTOR('',#10111,10.);
#2640=VECTOR('',#10112,10.);
#2641=VECTOR('',#10113,10.);
#2642=VECTOR('',#10116,10.);
#2643=VECTOR('',#10123,10.);
#2644=VECTOR('',#10126,10.);
#2645=VECTOR('',#10127,10.);
#2646=VECTOR('',#10130,10.);
#2647=VECTOR('',#10133,10.);
#2648=VECTOR('',#10134,10.);
#2649=VECTOR('',#10137,10.);
#2650=VECTOR('',#10138,10.);
#2651=VECTOR('',#10139,10.);
#2652=VECTOR('',#10140,10.);
#2653=VECTOR('',#10143,10.);
#2654=VECTOR('',#10144,10.);
#2655=VECTOR('',#10145,10.);
#2656=VECTOR('',#10146,10.);
#2657=VECTOR('',#10149,10.);
#2658=VECTOR('',#10150,10.);
#2659=VECTOR('',#10155,10.);
#2660=VECTOR('',#10166,10.);
#2661=VECTOR('',#10175,10.);
#2662=VECTOR('',#10176,10.);
#2663=VECTOR('',#10181,10.);
#2664=VECTOR('',#10182,10.);
#2665=VECTOR('',#10183,10.);
#2666=VECTOR('',#10184,10.);
#2667=VECTOR('',#10187,10.);
#2668=VECTOR('',#10188,10.);
#2669=VECTOR('',#10191,10.);
#2670=VECTOR('',#10192,10.);
#2671=VECTOR('',#10199,10.);
#2672=VECTOR('',#10208,10.);
#2673=VECTOR('',#10211,10.);
#2674=VECTOR('',#10212,10.);
#2675=VECTOR('',#10213,10.);
#2676=VECTOR('',#10218,10.);
#2677=VECTOR('',#10219,10.);
#2678=VECTOR('',#10222,10.);
#2679=VECTOR('',#10229,10.);
#2680=VECTOR('',#10232,10.);
#2681=VECTOR('',#10235,10.);
#2682=VECTOR('',#10250,2.5);
#2683=VECTOR('',#10261,10.);
#2684=VECTOR('',#10262,10.);
#2685=VECTOR('',#10263,10.);
#2686=VECTOR('',#10264,10.);
#2687=VECTOR('',#10267,10.);
#2688=VECTOR('',#10268,10.);
#2689=VECTOR('',#10269,10.);
#2690=VECTOR('',#10270,10.);
#2691=VECTOR('',#10273,10.);
#2692=VECTOR('',#10274,10.);
#2693=VECTOR('',#10275,10.);
#2694=VECTOR('',#10278,10.);
#2695=VECTOR('',#10279,10.);
#2696=VECTOR('',#10280,10.);
#2697=VECTOR('',#10287,10.);
#2698=VECTOR('',#10288,10.);
#2699=VECTOR('',#10289,10.);
#2700=VECTOR('',#10290,10.);
#2701=VECTOR('',#10291,10.);
#2702=VECTOR('',#10292,10.);
#2703=VECTOR('',#10293,10.);
#2704=VECTOR('',#10294,10.);
#2705=VECTOR('',#10295,10.);
#2706=VECTOR('',#10296,10.);
#2707=VECTOR('',#10297,10.);
#2708=VECTOR('',#10298,10.);
#2709=VECTOR('',#10299,10.);
#2710=VECTOR('',#10300,10.);
#2711=VECTOR('',#10301,10.);
#2712=VECTOR('',#10306,10.);
#2713=VECTOR('',#10307,10.);
#2714=VECTOR('',#10308,10.);
#2715=VECTOR('',#10309,10.);
#2716=VECTOR('',#10310,10.);
#2717=VECTOR('',#10313,10.);
#2718=VECTOR('',#10316,10.);
#2719=VECTOR('',#10317,10.);
#2720=VECTOR('',#10318,10.);
#2721=VECTOR('',#10319,10.);
#2722=VECTOR('',#10320,10.);
#2723=VECTOR('',#10323,10.);
#2724=VECTOR('',#10326,10.);
#2725=VECTOR('',#10327,10.);
#2726=VECTOR('',#10328,10.);
#2727=VECTOR('',#10329,10.);
#2728=VECTOR('',#10330,10.);
#2729=VECTOR('',#10331,10.);
#2730=VECTOR('',#10332,10.);
#2731=VECTOR('',#10333,10.);
#2732=VECTOR('',#10334,10.);
#2733=VECTOR('',#10335,10.);
#2734=VECTOR('',#10336,10.);
#2735=VECTOR('',#10337,10.);
#2736=VECTOR('',#10340,10.);
#2737=VECTOR('',#10341,10.);
#2738=VECTOR('',#10342,10.);
#2739=VECTOR('',#10343,10.);
#2740=VECTOR('',#10346,10.);
#2741=VECTOR('',#10347,10.);
#2742=VECTOR('',#10348,10.);
#2743=VECTOR('',#10349,10.);
#2744=VECTOR('',#10354,3.);
#2745=VECTOR('',#10361,10.);
#2746=VECTOR('',#10362,10.);
#2747=VECTOR('',#10363,10.);
#2748=VECTOR('',#10364,10.);
#2749=VECTOR('',#10367,10.);
#2750=VECTOR('',#10368,10.);
#2751=VECTOR('',#10371,10.);
#2752=VECTOR('',#10374,10.);
#2753=VECTOR('',#10389,2.5);
#2754=VECTOR('',#10408,2.5);
#2755=VECTOR('',#10415,10.);
#2756=VECTOR('',#10416,10.);
#2757=VECTOR('',#10417,10.);
#2758=VECTOR('',#10418,10.);
#2759=VECTOR('',#10421,10.);
#2760=VECTOR('',#10422,10.);
#2761=VECTOR('',#10423,10.);
#2762=VECTOR('',#10424,10.);
#2763=VECTOR('',#10427,10.);
#2764=VECTOR('',#10428,10.);
#2765=VECTOR('',#10431,10.);
#2766=VECTOR('',#10432,10.);
#2767=VECTOR('',#10435,10.);
#2768=VECTOR('',#10436,10.);
#2769=VECTOR('',#10437,10.);
#2770=VECTOR('',#10440,10.);
#2771=VECTOR('',#10441,10.);
#2772=VECTOR('',#10454,2.5);
#2773=VECTOR('',#10461,10.);
#2774=VECTOR('',#10462,10.);
#2775=VECTOR('',#10463,10.);
#2776=VECTOR('',#10464,10.);
#2777=VECTOR('',#10467,10.);
#2778=VECTOR('',#10468,10.);
#2779=VECTOR('',#10469,10.);
#2780=VECTOR('',#10470,10.);
#2781=VECTOR('',#10473,10.);
#2782=VECTOR('',#10474,10.);
#2783=VECTOR('',#10477,10.);
#2784=VECTOR('',#10478,10.);
#2785=VECTOR('',#10481,10.);
#2786=VECTOR('',#10482,10.);
#2787=VECTOR('',#10483,10.);
#2788=VECTOR('',#10486,10.);
#2789=VECTOR('',#10487,10.);
#2790=VECTOR('',#10500,2.5);
#2791=VECTOR('',#10507,10.);
#2792=VECTOR('',#10508,10.);
#2793=VECTOR('',#10509,10.);
#2794=VECTOR('',#10510,10.);
#2795=VECTOR('',#10513,10.);
#2796=VECTOR('',#10514,10.);
#2797=VECTOR('',#10515,10.);
#2798=VECTOR('',#10516,10.);
#2799=VECTOR('',#10519,10.);
#2800=VECTOR('',#10520,10.);
#2801=VECTOR('',#10523,10.);
#2802=VECTOR('',#10524,10.);
#2803=VECTOR('',#10527,10.);
#2804=VECTOR('',#10528,10.);
#2805=VECTOR('',#10529,10.);
#2806=VECTOR('',#10532,10.);
#2807=VECTOR('',#10533,10.);
#2808=VECTOR('',#10546,2.5);
#2809=VECTOR('',#10553,10.);
#2810=VECTOR('',#10554,10.);
#2811=VECTOR('',#10555,10.);
#2812=VECTOR('',#10556,10.);
#2813=VECTOR('',#10559,10.);
#2814=VECTOR('',#10560,10.);
#2815=VECTOR('',#10561,10.);
#2816=VECTOR('',#10562,10.);
#2817=VECTOR('',#10565,10.);
#2818=VECTOR('',#10566,10.);
#2819=VECTOR('',#10569,10.);
#2820=VECTOR('',#10570,10.);
#2821=VECTOR('',#10573,10.);
#2822=VECTOR('',#10574,10.);
#2823=VECTOR('',#10575,10.);
#2824=VECTOR('',#10578,10.);
#2825=VECTOR('',#10579,10.);
#2826=VECTOR('',#10592,2.5);
#2827=VECTOR('',#10599,10.);
#2828=VECTOR('',#10600,10.);
#2829=VECTOR('',#10601,10.);
#2830=VECTOR('',#10602,10.);
#2831=VECTOR('',#10605,10.);
#2832=VECTOR('',#10606,10.);
#2833=VECTOR('',#10607,10.);
#2834=VECTOR('',#10608,10.);
#2835=VECTOR('',#10611,10.);
#2836=VECTOR('',#10612,10.);
#2837=VECTOR('',#10615,10.);
#2838=VECTOR('',#10616,10.);
#2839=VECTOR('',#10619,10.);
#2840=VECTOR('',#10620,10.);
#2841=VECTOR('',#10621,10.);
#2842=VECTOR('',#10624,10.);
#2843=VECTOR('',#10625,10.);
#2844=VECTOR('',#10630,10.);
#2845=VECTOR('',#10633,10.);
#2846=VECTOR('',#10636,10.);
#2847=VECTOR('',#10637,10.);
#2848=VECTOR('',#10638,10.);
#2849=VECTOR('',#10639,10.);
#2850=VECTOR('',#10642,10.);
#2851=VECTOR('',#10643,10.);
#2852=VECTOR('',#10644,10.);
#2853=VECTOR('',#10645,10.);
#2854=VECTOR('',#10646,10.);
#2855=VECTOR('',#10647,10.);
#2856=VECTOR('',#10648,10.);
#2857=VECTOR('',#10649,10.);
#2858=VECTOR('',#10650,10.);
#2859=VECTOR('',#10651,10.);
#2860=VECTOR('',#10652,10.);
#2861=VECTOR('',#10653,10.);
#2862=VECTOR('',#10654,10.);
#2863=VECTOR('',#10655,10.);
#2864=VECTOR('',#10656,10.);
#2865=VECTOR('',#10657,10.);
#2866=VECTOR('',#10658,10.);
#2867=VECTOR('',#10661,10.);
#2868=VECTOR('',#10666,10.);
#2869=VECTOR('',#10671,10.);
#2870=VECTOR('',#10676,10.);
#2871=VECTOR('',#10683,10.);
#2872=VECTOR('',#10686,10.);
#2873=VECTOR('',#10689,10.);
#2874=VECTOR('',#10690,10.);
#2875=VECTOR('',#10693,10.);
#2876=VECTOR('',#10694,10.);
#2877=VECTOR('',#10697,10.);
#2878=VECTOR('',#10698,10.);
#2879=VECTOR('',#10701,10.);
#2880=VECTOR('',#10702,10.);
#2881=VECTOR('',#10705,10.);
#2882=VECTOR('',#10706,10.);
#2883=VECTOR('',#10709,10.);
#2884=VECTOR('',#10710,10.);
#2885=VECTOR('',#10711,10.);
#2886=VECTOR('',#10714,10.);
#2887=VECTOR('',#10719,10.);
#2888=VECTOR('',#10720,10.);
#2889=VECTOR('',#10721,10.);
#2890=VECTOR('',#10724,10.);
#2891=VECTOR('',#10731,10.);
#2892=VECTOR('',#10732,10.);
#2893=VECTOR('',#10733,10.);
#2894=VECTOR('',#10736,10.);
#2895=VECTOR('',#10743,10.);
#2896=VECTOR('',#10746,10.);
#2897=VECTOR('',#10749,10.);
#2898=VECTOR('',#10750,10.);
#2899=VECTOR('',#10751,10.);
#2900=VECTOR('',#10752,10.);
#2901=VECTOR('',#10753,10.);
#2902=VECTOR('',#10754,10.);
#2903=VECTOR('',#10767,5.);
#2904=VECTOR('',#10782,5.);
#2905=VECTOR('',#10797,8.);
#2906=VECTOR('',#10802,10.);
#2907=VECTOR('',#10803,10.);
#2908=VECTOR('',#10804,10.);
#2909=VECTOR('',#10805,10.);
#2910=VECTOR('',#10808,10.);
#2911=VECTOR('',#10809,10.);
#2912=VECTOR('',#10810,10.);
#2913=VECTOR('',#10813,10.);
#2914=VECTOR('',#10814,10.);
#2915=VECTOR('',#10817,10.);
#2916=VECTOR('',#10818,10.);
#2917=VECTOR('',#10825,10.);
#2918=VECTOR('',#10826,10.);
#2919=VECTOR('',#10827,10.);
#2920=VECTOR('',#10828,10.);
#2921=VECTOR('',#10831,10.);
#2922=VECTOR('',#10832,10.);
#2923=VECTOR('',#10835,10.);
#2924=VECTOR('',#10838,10.);
#2925=VECTOR('',#10843,10.);
#2926=VECTOR('',#10844,10.);
#2927=VECTOR('',#10845,10.);
#2928=VECTOR('',#10848,10.);
#2929=VECTOR('',#10849,10.);
#2930=VECTOR('',#10850,10.);
#2931=VECTOR('',#10853,10.);
#2932=VECTOR('',#10854,10.);
#2933=VECTOR('',#10855,10.);
#2934=VECTOR('',#10858,10.);
#2935=VECTOR('',#10859,10.);
#2936=VECTOR('',#10860,10.);
#2937=VECTOR('',#10863,10.);
#2938=VECTOR('',#10864,10.);
#2939=VECTOR('',#10865,10.);
#2940=VECTOR('',#10868,10.);
#2941=VECTOR('',#10869,10.);
#2942=VECTOR('',#10870,10.);
#2943=VECTOR('',#10873,10.);
#2944=VECTOR('',#10874,10.);
#2945=VECTOR('',#10877,10.);
#2946=VECTOR('',#10880,10.);
#2947=VECTOR('',#10883,10.);
#2948=VECTOR('',#10886,10.);
#2949=VECTOR('',#10893,1.5);
#2950=VECTOR('',#10896,10.);
#2951=VECTOR('',#10901,1.5);
#2952=VECTOR('',#10904,10.);
#2953=VECTOR('',#10905,10.);
#2954=VECTOR('',#10906,10.);
#2955=VECTOR('',#10907,10.);
#2956=VECTOR('',#10910,10.);
#2957=VECTOR('',#10911,10.);
#2958=VECTOR('',#10912,10.);
#2959=VECTOR('',#10915,10.);
#2960=VECTOR('',#10916,10.);
#2961=VECTOR('',#10919,10.);
#2962=VECTOR('',#10920,10.);
#2963=VECTOR('',#10929,10.);
#2964=VECTOR('',#10930,10.);
#2965=VECTOR('',#10933,10.);
#2966=VECTOR('',#10934,10.);
#2967=VECTOR('',#10937,10.);
#2968=VECTOR('',#10938,10.);
#2969=VECTOR('',#10941,10.);
#2970=VECTOR('',#10944,10.);
#2971=VECTOR('',#10945,10.);
#2972=VECTOR('',#10950,10.);
#2973=VECTOR('',#10953,10.);
#2974=VECTOR('',#10956,10.);
#2975=VECTOR('',#10959,10.);
#2976=VECTOR('',#10960,10.);
#2977=VECTOR('',#10963,10.);
#2978=VECTOR('',#10966,10.);
#2979=VECTOR('',#10967,10.);
#2980=VECTOR('',#10970,10.);
#2981=VECTOR('',#10973,10.);
#2982=VECTOR('',#10976,10.);
#2983=VECTOR('',#10979,10.);
#2984=VECTOR('',#10982,10.);
#2985=VECTOR('',#10985,10.);
#2986=VECTOR('',#10988,10.);
#2987=VECTOR('',#10991,10.);
#2988=VECTOR('',#10992,10.);
#2989=VECTOR('',#10993,10.);
#2990=VECTOR('',#10994,10.);
#2991=VECTOR('',#10995,10.);
#2992=VECTOR('',#10996,10.);
#2993=VECTOR('',#11001,10.);
#2994=VECTOR('',#11004,10.);
#2995=VECTOR('',#11005,10.);
#2996=VECTOR('',#11012,10.);
#2997=VECTOR('',#11015,10.);
#2998=VECTOR('',#11018,10.);
#2999=VECTOR('',#11019,10.);
#3000=VECTOR('',#11024,10.);
#3001=VECTOR('',#11029,10.);
#3002=VECTOR('',#11032,10.);
#3003=VECTOR('',#11033,10.);
#3004=VECTOR('',#11034,10.);
#3005=VECTOR('',#11037,10.);
#3006=VECTOR('',#11040,10.);
#3007=CIRCLE('',#8026,2.);
#3008=CIRCLE('',#8027,2.);
#3009=CIRCLE('',#8031,2.);
#3010=CIRCLE('',#8032,2.);
#3011=CIRCLE('',#8035,2.);
#3012=CIRCLE('',#8037,1.);
#3013=CIRCLE('',#8038,0.999999999999996);
#3014=CIRCLE('',#8039,2.00000000000001);
#3015=CIRCLE('',#8040,1.00000000000001);
#3016=CIRCLE('',#8041,1.99999999999999);
#3017=CIRCLE('',#8042,2.);
#3018=CIRCLE('',#8044,2.);
#3019=CIRCLE('',#8045,2.);
#3020=CIRCLE('',#8049,2.);
#3021=CIRCLE('',#8052,2.);
#3022=CIRCLE('',#8055,2.25);
#3023=CIRCLE('',#8056,2.25);
#3024=CIRCLE('',#8058,2.);
#3025=CIRCLE('',#8061,2.);
#3026=CIRCLE('',#8063,1.);
#3027=CIRCLE('',#8064,2.);
#3028=CIRCLE('',#8067,2.25);
#3029=CIRCLE('',#8070,2.25);
#3030=CIRCLE('',#8074,2.);
#3031=CIRCLE('',#8077,1.);
#3032=CIRCLE('',#8079,2.);
#3033=CIRCLE('',#8080,1.);
#3034=CIRCLE('',#8083,1.99999999999999);
#3035=CIRCLE('',#8084,1.00000000000001);
#3036=CIRCLE('',#8085,2.00000000000001);
#3037=CIRCLE('',#8086,0.999999999999996);
#3038=CIRCLE('',#8101,2.5);
#3039=CIRCLE('',#8102,2.5);
#3040=CIRCLE('',#8104,1.);
#3041=CIRCLE('',#8105,1.);
#3042=CIRCLE('',#8107,0.5);
#3043=CIRCLE('',#8110,1.5);
#3044=CIRCLE('',#8111,1.);
#3045=CIRCLE('',#8113,1.);
#3046=CIRCLE('',#8117,2.25);
#3047=CIRCLE('',#8120,2.25);
#3048=CIRCLE('',#8123,2.25);
#3049=CIRCLE('',#8126,2.25);
#3050=CIRCLE('',#8129,2.25);
#3051=CIRCLE('',#8130,2.25);
#3052=CIRCLE('',#8131,2.25);
#3053=CIRCLE('',#8132,2.25);
#3054=CIRCLE('',#8133,2.25);
#3055=CIRCLE('',#8134,2.25);
#3056=CIRCLE('',#8135,2.25);
#3057=CIRCLE('',#8136,2.25);
#3058=CIRCLE('',#8137,2.25);
#3059=CIRCLE('',#8138,2.25);
#3060=CIRCLE('',#8139,2.25);
#3061=CIRCLE('',#8140,2.25);
#3062=CIRCLE('',#8141,2.25);
#3063=CIRCLE('',#8142,2.25);
#3064=CIRCLE('',#8143,2.25);
#3065=CIRCLE('',#8144,2.25);
#3066=CIRCLE('',#8145,2.25);
#3067=CIRCLE('',#8146,2.25);
#3068=CIRCLE('',#8147,2.25);
#3069=CIRCLE('',#8148,2.25);
#3070=CIRCLE('',#8149,2.25);
#3071=CIRCLE('',#8150,2.25);
#3072=CIRCLE('',#8151,2.25);
#3073=CIRCLE('',#8152,2.25);
#3074=CIRCLE('',#8153,2.25);
#3075=CIRCLE('',#8154,2.25);
#3076=CIRCLE('',#8155,2.25);
#3077=CIRCLE('',#8156,2.25);
#3078=CIRCLE('',#8157,2.25);
#3079=CIRCLE('',#8158,2.25);
#3080=CIRCLE('',#8159,2.25);
#3081=CIRCLE('',#8161,0.5);
#3082=CIRCLE('',#8165,1.);
#3083=CIRCLE('',#8166,0.5);
#3084=CIRCLE('',#8168,1.);
#3085=CIRCLE('',#8169,0.5);
#3086=CIRCLE('',#8174,1.);
#3087=CIRCLE('',#8181,2.25);
#3088=CIRCLE('',#8182,2.25);
#3089=CIRCLE('',#8185,2.25);
#3090=CIRCLE('',#8188,2.25);
#3091=CIRCLE('',#8191,2.25);
#3092=CIRCLE('',#8194,2.25);
#3093=CIRCLE('',#8195,2.25);
#3094=CIRCLE('',#8196,2.25);
#3095=CIRCLE('',#8197,2.25);
#3096=CIRCLE('',#8198,2.25);
#3097=CIRCLE('',#8199,2.25);
#3098=CIRCLE('',#8200,2.25);
#3099=CIRCLE('',#8201,2.25);
#3100=CIRCLE('',#8202,2.25);
#3101=CIRCLE('',#8203,2.25);
#3102=CIRCLE('',#8204,2.25);
#3103=CIRCLE('',#8205,2.25);
#3104=CIRCLE('',#8206,2.25);
#3105=CIRCLE('',#8207,2.25);
#3106=CIRCLE('',#8208,2.25);
#3107=CIRCLE('',#8209,2.25);
#3108=CIRCLE('',#8210,2.25);
#3109=CIRCLE('',#8211,2.25);
#3110=CIRCLE('',#8212,2.25);
#3111=CIRCLE('',#8213,2.25);
#3112=CIRCLE('',#8214,2.25);
#3113=CIRCLE('',#8215,2.25);
#3114=CIRCLE('',#8216,2.25);
#3115=CIRCLE('',#8217,2.25);
#3116=CIRCLE('',#8218,2.25);
#3117=CIRCLE('',#8219,2.25);
#3118=CIRCLE('',#8220,2.25);
#3119=CIRCLE('',#8221,2.25);
#3120=CIRCLE('',#8222,2.25);
#3121=CIRCLE('',#8223,2.25);
#3122=CIRCLE('',#8230,2.25);
#3123=CIRCLE('',#8231,2.25);
#3124=CIRCLE('',#8232,2.25);
#3125=CIRCLE('',#8233,2.25);
#3126=CIRCLE('',#8234,2.25);
#3127=CIRCLE('',#8235,2.25);
#3128=CIRCLE('',#8236,2.25);
#3129=CIRCLE('',#8237,2.25);
#3130=CIRCLE('',#8238,2.25);
#3131=CIRCLE('',#8239,2.25);
#3132=CIRCLE('',#8240,2.25);
#3133=CIRCLE('',#8241,2.25);
#3134=CIRCLE('',#8242,2.25);
#3135=CIRCLE('',#8243,2.25);
#3136=CIRCLE('',#8244,2.25);
#3137=CIRCLE('',#8245,2.25);
#3138=CIRCLE('',#8246,2.25);
#3139=CIRCLE('',#8247,2.25);
#3140=CIRCLE('',#8248,2.25);
#3141=CIRCLE('',#8249,2.25);
#3142=CIRCLE('',#8250,2.25);
#3143=CIRCLE('',#8251,2.25);
#3144=CIRCLE('',#8252,2.25);
#3145=CIRCLE('',#8253,2.25);
#3146=CIRCLE('',#8254,2.25);
#3147=CIRCLE('',#8255,2.25);
#3148=CIRCLE('',#8256,2.25);
#3149=CIRCLE('',#8257,2.25);
#3150=CIRCLE('',#8258,2.25);
#3151=CIRCLE('',#8259,2.25);
#3152=CIRCLE('',#8260,2.25);
#3153=CIRCLE('',#8261,2.25);
#3154=CIRCLE('',#8262,2.25);
#3155=CIRCLE('',#8263,2.25);
#3156=CIRCLE('',#8264,2.25);
#3157=CIRCLE('',#8265,2.25);
#3158=CIRCLE('',#8266,2.25);
#3159=CIRCLE('',#8267,2.25);
#3160=CIRCLE('',#8268,2.25);
#3161=CIRCLE('',#8269,2.25);
#3162=CIRCLE('',#8270,2.25);
#3163=CIRCLE('',#8271,2.25);
#3164=CIRCLE('',#8272,2.25);
#3165=CIRCLE('',#8273,2.25);
#3166=CIRCLE('',#8274,2.25);
#3167=CIRCLE('',#8275,2.25);
#3168=CIRCLE('',#8276,2.25);
#3169=CIRCLE('',#8277,2.25);
#3170=CIRCLE('',#8278,2.25);
#3171=CIRCLE('',#8279,2.25);
#3172=CIRCLE('',#8280,2.25);
#3173=CIRCLE('',#8281,2.25);
#3174=CIRCLE('',#8282,2.25);
#3175=CIRCLE('',#8283,2.25);
#3176=CIRCLE('',#8284,2.25);
#3177=CIRCLE('',#8285,2.25);
#3178=CIRCLE('',#8286,2.25);
#3179=CIRCLE('',#8287,2.25);
#3180=CIRCLE('',#8288,2.25);
#3181=CIRCLE('',#8289,2.25);
#3182=CIRCLE('',#8290,2.25);
#3183=CIRCLE('',#8291,2.25);
#3184=CIRCLE('',#8292,2.25);
#3185=CIRCLE('',#8293,2.25);
#3186=CIRCLE('',#8294,2.25);
#3187=CIRCLE('',#8295,2.25);
#3188=CIRCLE('',#8296,2.25);
#3189=CIRCLE('',#8297,2.25);
#3190=CIRCLE('',#8298,2.25);
#3191=CIRCLE('',#8299,2.25);
#3192=CIRCLE('',#8300,2.25);
#3193=CIRCLE('',#8301,2.25);
#3194=CIRCLE('',#8302,2.25);
#3195=CIRCLE('',#8303,2.25);
#3196=CIRCLE('',#8304,2.25);
#3197=CIRCLE('',#8318,2.25);
#3198=CIRCLE('',#8319,2.25);
#3199=CIRCLE('',#8320,2.25);
#3200=CIRCLE('',#8321,2.25);
#3201=CIRCLE('',#8322,2.25);
#3202=CIRCLE('',#8323,2.25);
#3203=CIRCLE('',#8324,2.25);
#3204=CIRCLE('',#8325,2.25);
#3205=CIRCLE('',#8326,2.25);
#3206=CIRCLE('',#8327,2.25);
#3207=CIRCLE('',#8328,2.25);
#3208=CIRCLE('',#8329,2.25);
#3209=CIRCLE('',#8330,2.25);
#3210=CIRCLE('',#8331,2.25);
#3211=CIRCLE('',#8332,2.25);
#3212=CIRCLE('',#8333,2.25);
#3213=CIRCLE('',#8334,2.25);
#3214=CIRCLE('',#8335,2.25);
#3215=CIRCLE('',#8336,2.25);
#3216=CIRCLE('',#8337,2.25);
#3217=CIRCLE('',#8338,2.25);
#3218=CIRCLE('',#8339,2.25);
#3219=CIRCLE('',#8340,2.25);
#3220=CIRCLE('',#8341,2.25);
#3221=CIRCLE('',#8342,2.25);
#3222=CIRCLE('',#8343,2.25);
#3223=CIRCLE('',#8344,2.25);
#3224=CIRCLE('',#8345,2.25);
#3225=CIRCLE('',#8346,2.25);
#3226=CIRCLE('',#8347,2.25);
#3227=CIRCLE('',#8348,2.25);
#3228=CIRCLE('',#8349,2.25);
#3229=CIRCLE('',#8350,2.25);
#3230=CIRCLE('',#8351,2.25);
#3231=CIRCLE('',#8352,2.25);
#3232=CIRCLE('',#8353,2.25);
#3233=CIRCLE('',#8354,2.25);
#3234=CIRCLE('',#8355,2.25);
#3235=CIRCLE('',#8356,2.25);
#3236=CIRCLE('',#8357,2.25);
#3237=CIRCLE('',#8358,2.25);
#3238=CIRCLE('',#8359,2.25);
#3239=CIRCLE('',#8360,2.25);
#3240=CIRCLE('',#8361,2.25);
#3241=CIRCLE('',#8362,2.25);
#3242=CIRCLE('',#8363,2.25);
#3243=CIRCLE('',#8364,2.25);
#3244=CIRCLE('',#8365,2.25);
#3245=CIRCLE('',#8366,2.25);
#3246=CIRCLE('',#8367,2.25);
#3247=CIRCLE('',#8368,2.25);
#3248=CIRCLE('',#8369,2.25);
#3249=CIRCLE('',#8370,2.25);
#3250=CIRCLE('',#8371,2.25);
#3251=CIRCLE('',#8372,2.25);
#3252=CIRCLE('',#8373,2.25);
#3253=CIRCLE('',#8374,2.25);
#3254=CIRCLE('',#8375,2.25);
#3255=CIRCLE('',#8376,2.25);
#3256=CIRCLE('',#8377,2.25);
#3257=CIRCLE('',#8378,2.25);
#3258=CIRCLE('',#8379,2.25);
#3259=CIRCLE('',#8380,2.25);
#3260=CIRCLE('',#8381,2.25);
#3261=CIRCLE('',#8382,2.25);
#3262=CIRCLE('',#8383,2.25);
#3263=CIRCLE('',#8384,2.25);
#3264=CIRCLE('',#8385,2.25);
#3265=CIRCLE('',#8386,2.25);
#3266=CIRCLE('',#8387,2.25);
#3267=CIRCLE('',#8388,2.25);
#3268=CIRCLE('',#8389,2.25);
#3269=CIRCLE('',#8390,2.25);
#3270=CIRCLE('',#8391,2.25);
#3271=CIRCLE('',#8392,2.25);
#3272=CIRCLE('',#8394,1.5);
#3273=CIRCLE('',#8396,1.);
#3274=CIRCLE('',#8399,1.5);
#3275=CIRCLE('',#8402,1.);
#3276=CIRCLE('',#8515,0.5);
#3277=CIRCLE('',#8516,1.);
#3278=CIRCLE('',#8522,0.5);
#3279=CIRCLE('',#8526,1.);
#3280=CIRCLE('',#8527,1.);
#3281=CIRCLE('',#8529,0.5);
#3282=CIRCLE('',#8535,0.5);
#3283=CIRCLE('',#8536,1.);
#3284=CIRCLE('',#8538,1.);
#3285=CIRCLE('',#8540,0.5);
#3286=CIRCLE('',#8545,1.5);
#3287=CIRCLE('',#8552,0.5);
#3288=CIRCLE('',#8554,1.5);
#3289=CIRCLE('',#8555,1.5);
#3290=CIRCLE('',#8557,1.);
#3291=CIRCLE('',#8562,1.);
#3292=CIRCLE('',#8567,1.5);
#3293=CIRCLE('',#8568,1.);
#3294=CIRCLE('',#8569,2.5);
#3295=CIRCLE('',#8570,2.5);
#3296=CIRCLE('',#8572,2.5);
#3297=CIRCLE('',#8575,1.5);
#3298=CIRCLE('',#8580,1.5);
#3299=CIRCLE('',#8581,1.5);
#3300=CIRCLE('',#8583,5.);
#3301=CIRCLE('',#8584,2.);
#3302=CIRCLE('',#8585,2.);
#3303=CIRCLE('',#8586,2.);
#3304=CIRCLE('',#8587,2.);
#3305=CIRCLE('',#8588,8.);
#3306=CIRCLE('',#8589,5.);
#3307=CIRCLE('',#8590,2.5);
#3308=CIRCLE('',#8592,3.);
#3309=CIRCLE('',#8593,3.);
#3310=CIRCLE('',#8601,1.5);
#3311=CIRCLE('',#8602,1.);
#3312=CIRCLE('',#8603,2.5);
#3313=CIRCLE('',#8604,2.5);
#3314=CIRCLE('',#8608,1.5);
#3315=CIRCLE('',#8610,1.5);
#3316=CIRCLE('',#8611,1.);
#3317=CIRCLE('',#8612,2.5);
#3318=CIRCLE('',#8613,2.5);
#3319=CIRCLE('',#8615,2.5);
#3320=CIRCLE('',#8621,1.);
#3321=CIRCLE('',#8624,1.5);
#3322=CIRCLE('',#8625,1.);
#3323=CIRCLE('',#8626,2.5);
#3324=CIRCLE('',#8627,2.5);
#3325=CIRCLE('',#8629,2.5);
#3326=CIRCLE('',#8635,1.);
#3327=CIRCLE('',#8638,1.5);
#3328=CIRCLE('',#8639,1.);
#3329=CIRCLE('',#8640,2.5);
#3330=CIRCLE('',#8641,2.5);
#3331=CIRCLE('',#8643,2.5);
#3332=CIRCLE('',#8649,1.);
#3333=CIRCLE('',#8652,1.5);
#3334=CIRCLE('',#8653,1.);
#3335=CIRCLE('',#8654,2.5);
#3336=CIRCLE('',#8655,2.5);
#3337=CIRCLE('',#8657,2.5);
#3338=CIRCLE('',#8663,1.);
#3339=CIRCLE('',#8666,1.5);
#3340=CIRCLE('',#8667,1.);
#3341=CIRCLE('',#8668,2.5);
#3342=CIRCLE('',#8669,2.5);
#3343=CIRCLE('',#8671,2.5);
#3344=CIRCLE('',#8677,1.);
#3345=CIRCLE('',#8680,1.);
#3346=CIRCLE('',#8681,1.);
#3347=CIRCLE('',#8685,1.);
#3348=CIRCLE('',#8687,1.);
#3349=CIRCLE('',#8689,1.);
#3350=CIRCLE('',#8691,1.);
#3351=CIRCLE('',#8693,1.);
#3352=CIRCLE('',#8715,4.);
#3353=CIRCLE('',#8716,1.);
#3354=CIRCLE('',#8717,5.);
#3355=CIRCLE('',#8718,5.);
#3356=CIRCLE('',#8722,4.);
#3357=CIRCLE('',#8723,1.);
#3358=CIRCLE('',#8724,5.);
#3359=CIRCLE('',#8725,5.);
#3360=CIRCLE('',#8729,7.);
#3361=CIRCLE('',#8730,1.);
#3362=CIRCLE('',#8731,8.);
#3363=CIRCLE('',#8732,8.);
#3364=CIRCLE('',#8770,2.);
#3365=CIRCLE('',#8773,6.);
#3366=CIRCLE('',#8774,6.);
#3367=CIRCLE('',#8775,2.);
#3368=CIRCLE('',#8777,2.);
#3369=CIRCLE('',#8779,2.);
#3370=CIRCLE('',#8780,6.);
#3371=CIRCLE('',#8781,6.);
#3372=CIRCLE('',#8791,6.);
#3373=CIRCLE('',#8794,6.);
#3374=CIRCLE('',#8796,6.);
#3375=CIRCLE('',#8799,6.);
#3376=VERTEX_POINT('',#11045);
#3377=VERTEX_POINT('',#11046);
#3378=VERTEX_POINT('',#11048);
#3379=VERTEX_POINT('',#11050);
#3380=VERTEX_POINT('',#11054);
#3381=VERTEX_POINT('',#11056);
#3382=VERTEX_POINT('',#11060);
#3383=VERTEX_POINT('',#11062);
#3384=VERTEX_POINT('',#11066);
#3385=VERTEX_POINT('',#11068);
#3386=VERTEX_POINT('',#11070);
#3387=VERTEX_POINT('',#11072);
#3388=VERTEX_POINT('',#11074);
#3389=VERTEX_POINT('',#11076);
#3390=VERTEX_POINT('',#11078);
#3391=VERTEX_POINT('',#11082);
#3392=VERTEX_POINT('',#11086);
#3393=VERTEX_POINT('',#11087);
#3394=VERTEX_POINT('',#11089);
#3395=VERTEX_POINT('',#11091);
#3396=VERTEX_POINT('',#11095);
#3397=VERTEX_POINT('',#11097);
#3398=VERTEX_POINT('',#11099);
#3399=VERTEX_POINT('',#11101);
#3400=VERTEX_POINT('',#11103);
#3401=VERTEX_POINT('',#11105);
#3402=VERTEX_POINT('',#11107);
#3403=VERTEX_POINT('',#11109);
#3404=VERTEX_POINT('',#11111);
#3405=VERTEX_POINT('',#11113);
#3406=VERTEX_POINT('',#11115);
#3407=VERTEX_POINT('',#11117);
#3408=VERTEX_POINT('',#11119);
#3409=VERTEX_POINT('',#11123);
#3410=VERTEX_POINT('',#11124);
#3411=VERTEX_POINT('',#11126);
#3412=VERTEX_POINT('',#11128);
#3413=VERTEX_POINT('',#11132);
#3414=VERTEX_POINT('',#11134);
#3415=VERTEX_POINT('',#11138);
#3416=VERTEX_POINT('',#11140);
#3417=VERTEX_POINT('',#11145);
#3418=VERTEX_POINT('',#11147);
#3419=VERTEX_POINT('',#11149);
#3420=VERTEX_POINT('',#11151);
#3421=VERTEX_POINT('',#11153);
#3422=VERTEX_POINT('',#11159);
#3423=VERTEX_POINT('',#11160);
#3424=VERTEX_POINT('',#11167);
#3425=VERTEX_POINT('',#11169);
#3426=VERTEX_POINT('',#11171);
#3427=VERTEX_POINT('',#11174);
#3428=VERTEX_POINT('',#11176);
#3429=VERTEX_POINT('',#11179);
#3430=VERTEX_POINT('',#11183);
#3431=VERTEX_POINT('',#11187);
#3432=VERTEX_POINT('',#11189);
#3433=VERTEX_POINT('',#11193);
#3434=VERTEX_POINT('',#11199);
#3435=VERTEX_POINT('',#11204);
#3436=VERTEX_POINT('',#11209);
#3437=VERTEX_POINT('',#11216);
#3438=VERTEX_POINT('',#11220);
#3439=VERTEX_POINT('',#11224);
#3440=VERTEX_POINT('',#11233);
#3441=VERTEX_POINT('',#11235);
#3442=VERTEX_POINT('',#11237);
#3443=VERTEX_POINT('',#11239);
#3444=VERTEX_POINT('',#11241);
#3445=VERTEX_POINT('',#11243);
#3446=VERTEX_POINT('',#11245);
#3447=VERTEX_POINT('',#11247);
#3448=VERTEX_POINT('',#11249);
#3449=VERTEX_POINT('',#11275);
#3450=VERTEX_POINT('',#11277);
#3451=VERTEX_POINT('',#11281);
#3452=VERTEX_POINT('',#11282);
#3453=VERTEX_POINT('',#11284);
#3454=VERTEX_POINT('',#11286);
#3455=VERTEX_POINT('',#11290);
#3456=VERTEX_POINT('',#11292);
#3457=VERTEX_POINT('',#11294);
#3458=VERTEX_POINT('',#11296);
#3459=VERTEX_POINT('',#11300);
#3460=VERTEX_POINT('',#11304);
#3461=VERTEX_POINT('',#11306);
#3462=VERTEX_POINT('',#11308);
#3463=VERTEX_POINT('',#11310);
#3464=VERTEX_POINT('',#11314);
#3465=VERTEX_POINT('',#11316);
#3466=VERTEX_POINT('',#11320);
#3467=VERTEX_POINT('',#11322);
#3468=VERTEX_POINT('',#11324);
#3469=VERTEX_POINT('',#11326);
#3470=VERTEX_POINT('',#11328);
#3471=VERTEX_POINT('',#11330);
#3472=VERTEX_POINT('',#11332);
#3473=VERTEX_POINT('',#11334);
#3474=VERTEX_POINT('',#11336);
#3475=VERTEX_POINT('',#11338);
#3476=VERTEX_POINT('',#11340);
#3477=VERTEX_POINT('',#11342);
#3478=VERTEX_POINT('',#11344);
#3479=VERTEX_POINT('',#11346);
#3480=VERTEX_POINT('',#11348);
#3481=VERTEX_POINT('',#11350);
#3482=VERTEX_POINT('',#11352);
#3483=VERTEX_POINT('',#11354);
#3484=VERTEX_POINT('',#11356);
#3485=VERTEX_POINT('',#11358);
#3486=VERTEX_POINT('',#11360);
#3487=VERTEX_POINT('',#11362);
#3488=VERTEX_POINT('',#11364);
#3489=VERTEX_POINT('',#11366);
#3490=VERTEX_POINT('',#11368);
#3491=VERTEX_POINT('',#11370);
#3492=VERTEX_POINT('',#11372);
#3493=VERTEX_POINT('',#11374);
#3494=VERTEX_POINT('',#11376);
#3495=VERTEX_POINT('',#11378);
#3496=VERTEX_POINT('',#11380);
#3497=VERTEX_POINT('',#11383);
#3498=VERTEX_POINT('',#11385);
#3499=VERTEX_POINT('',#11387);
#3500=VERTEX_POINT('',#11389);
#3501=VERTEX_POINT('',#11391);
#3502=VERTEX_POINT('',#11393);
#3503=VERTEX_POINT('',#11395);
#3504=VERTEX_POINT('',#11397);
#3505=VERTEX_POINT('',#11399);
#3506=VERTEX_POINT('',#11401);
#3507=VERTEX_POINT('',#11403);
#3508=VERTEX_POINT('',#11405);
#3509=VERTEX_POINT('',#11407);
#3510=VERTEX_POINT('',#11409);
#3511=VERTEX_POINT('',#11411);
#3512=VERTEX_POINT('',#11413);
#3513=VERTEX_POINT('',#11415);
#3514=VERTEX_POINT('',#11417);
#3515=VERTEX_POINT('',#11419);
#3516=VERTEX_POINT('',#11421);
#3517=VERTEX_POINT('',#11423);
#3518=VERTEX_POINT('',#11425);
#3519=VERTEX_POINT('',#11427);
#3520=VERTEX_POINT('',#11429);
#3521=VERTEX_POINT('',#11431);
#3522=VERTEX_POINT('',#11433);
#3523=VERTEX_POINT('',#11435);
#3524=VERTEX_POINT('',#11437);
#3525=VERTEX_POINT('',#11439);
#3526=VERTEX_POINT('',#11441);
#3527=VERTEX_POINT('',#11444);
#3528=VERTEX_POINT('',#11446);
#3529=VERTEX_POINT('',#11450);
#3530=VERTEX_POINT('',#11456);
#3531=VERTEX_POINT('',#11458);
#3532=VERTEX_POINT('',#11460);
#3533=VERTEX_POINT('',#11462);
#3534=VERTEX_POINT('',#11464);
#3535=VERTEX_POINT('',#11468);
#3536=VERTEX_POINT('',#11469);
#3537=VERTEX_POINT('',#11471);
#3538=VERTEX_POINT('',#11473);
#3539=VERTEX_POINT('',#11475);
#3540=VERTEX_POINT('',#11478);
#3541=VERTEX_POINT('',#11482);
#3542=VERTEX_POINT('',#11484);
#3543=VERTEX_POINT('',#11488);
#3544=VERTEX_POINT('',#11490);
#3545=VERTEX_POINT('',#11494);
#3546=VERTEX_POINT('',#11496);
#3547=VERTEX_POINT('',#11498);
#3548=VERTEX_POINT('',#11502);
#3549=VERTEX_POINT('',#11506);
#3550=VERTEX_POINT('',#11519);
#3551=VERTEX_POINT('',#11533);
#3552=VERTEX_POINT('',#11535);
#3553=VERTEX_POINT('',#11537);
#3554=VERTEX_POINT('',#11550);
#3555=VERTEX_POINT('',#11552);
#3556=VERTEX_POINT('',#11567);
#3557=VERTEX_POINT('',#11569);
#3558=VERTEX_POINT('',#11571);
#3559=VERTEX_POINT('',#11574);
#3560=VERTEX_POINT('',#11576);
#3561=VERTEX_POINT('',#11578);
#3562=VERTEX_POINT('',#11580);
#3563=VERTEX_POINT('',#11582);
#3564=VERTEX_POINT('',#11584);
#3565=VERTEX_POINT('',#11586);
#3566=VERTEX_POINT('',#11588);
#3567=VERTEX_POINT('',#11590);
#3568=VERTEX_POINT('',#11592);
#3569=VERTEX_POINT('',#11594);
#3570=VERTEX_POINT('',#11596);
#3571=VERTEX_POINT('',#11598);
#3572=VERTEX_POINT('',#11600);
#3573=VERTEX_POINT('',#11602);
#3574=VERTEX_POINT('',#11604);
#3575=VERTEX_POINT('',#11606);
#3576=VERTEX_POINT('',#11608);
#3577=VERTEX_POINT('',#11610);
#3578=VERTEX_POINT('',#11612);
#3579=VERTEX_POINT('',#11614);
#3580=VERTEX_POINT('',#11617);
#3581=VERTEX_POINT('',#11620);
#3582=VERTEX_POINT('',#11622);
#3583=VERTEX_POINT('',#11624);
#3584=VERTEX_POINT('',#11626);
#3585=VERTEX_POINT('',#11628);
#3586=VERTEX_POINT('',#11630);
#3587=VERTEX_POINT('',#11632);
#3588=VERTEX_POINT('',#11634);
#3589=VERTEX_POINT('',#11636);
#3590=VERTEX_POINT('',#11638);
#3591=VERTEX_POINT('',#11640);
#3592=VERTEX_POINT('',#11642);
#3593=VERTEX_POINT('',#11644);
#3594=VERTEX_POINT('',#11646);
#3595=VERTEX_POINT('',#11648);
#3596=VERTEX_POINT('',#11650);
#3597=VERTEX_POINT('',#11652);
#3598=VERTEX_POINT('',#11654);
#3599=VERTEX_POINT('',#11656);
#3600=VERTEX_POINT('',#11658);
#3601=VERTEX_POINT('',#11660);
#3602=VERTEX_POINT('',#11662);
#3603=VERTEX_POINT('',#11664);
#3604=VERTEX_POINT('',#11666);
#3605=VERTEX_POINT('',#11668);
#3606=VERTEX_POINT('',#11670);
#3607=VERTEX_POINT('',#11672);
#3608=VERTEX_POINT('',#11674);
#3609=VERTEX_POINT('',#11676);
#3610=VERTEX_POINT('',#11678);
#3611=VERTEX_POINT('',#11681);
#3612=VERTEX_POINT('',#11695);
#3613=VERTEX_POINT('',#11705);
#3614=VERTEX_POINT('',#11707);
#3615=VERTEX_POINT('',#11709);
#3616=VERTEX_POINT('',#11711);
#3617=VERTEX_POINT('',#11713);
#3618=VERTEX_POINT('',#11715);
#3619=VERTEX_POINT('',#11717);
#3620=VERTEX_POINT('',#11719);
#3621=VERTEX_POINT('',#11721);
#3622=VERTEX_POINT('',#11723);
#3623=VERTEX_POINT('',#11725);
#3624=VERTEX_POINT('',#11727);
#3625=VERTEX_POINT('',#11729);
#3626=VERTEX_POINT('',#11731);
#3627=VERTEX_POINT('',#11733);
#3628=VERTEX_POINT('',#11735);
#3629=VERTEX_POINT('',#11737);
#3630=VERTEX_POINT('',#11740);
#3631=VERTEX_POINT('',#11742);
#3632=VERTEX_POINT('',#11744);
#3633=VERTEX_POINT('',#11746);
#3634=VERTEX_POINT('',#11748);
#3635=VERTEX_POINT('',#11750);
#3636=VERTEX_POINT('',#11752);
#3637=VERTEX_POINT('',#11754);
#3638=VERTEX_POINT('',#11756);
#3639=VERTEX_POINT('',#11758);
#3640=VERTEX_POINT('',#11760);
#3641=VERTEX_POINT('',#11762);
#3642=VERTEX_POINT('',#11764);
#3643=VERTEX_POINT('',#11766);
#3644=VERTEX_POINT('',#11768);
#3645=VERTEX_POINT('',#11770);
#3646=VERTEX_POINT('',#11772);
#3647=VERTEX_POINT('',#11774);
#3648=VERTEX_POINT('',#11776);
#3649=VERTEX_POINT('',#11778);
#3650=VERTEX_POINT('',#11780);
#3651=VERTEX_POINT('',#11782);
#3652=VERTEX_POINT('',#11784);
#3653=VERTEX_POINT('',#11786);
#3654=VERTEX_POINT('',#11788);
#3655=VERTEX_POINT('',#11790);
#3656=VERTEX_POINT('',#11792);
#3657=VERTEX_POINT('',#11794);
#3658=VERTEX_POINT('',#11796);
#3659=VERTEX_POINT('',#11798);
#3660=VERTEX_POINT('',#11800);
#3661=VERTEX_POINT('',#11802);
#3662=VERTEX_POINT('',#11804);
#3663=VERTEX_POINT('',#11806);
#3664=VERTEX_POINT('',#11808);
#3665=VERTEX_POINT('',#11810);
#3666=VERTEX_POINT('',#11812);
#3667=VERTEX_POINT('',#11814);
#3668=VERTEX_POINT('',#11816);
#3669=VERTEX_POINT('',#11818);
#3670=VERTEX_POINT('',#11820);
#3671=VERTEX_POINT('',#11822);
#3672=VERTEX_POINT('',#11824);
#3673=VERTEX_POINT('',#11826);
#3674=VERTEX_POINT('',#11828);
#3675=VERTEX_POINT('',#11830);
#3676=VERTEX_POINT('',#11832);
#3677=VERTEX_POINT('',#11834);
#3678=VERTEX_POINT('',#11836);
#3679=VERTEX_POINT('',#11838);
#3680=VERTEX_POINT('',#11840);
#3681=VERTEX_POINT('',#11842);
#3682=VERTEX_POINT('',#11844);
#3683=VERTEX_POINT('',#11846);
#3684=VERTEX_POINT('',#11848);
#3685=VERTEX_POINT('',#11850);
#3686=VERTEX_POINT('',#11852);
#3687=VERTEX_POINT('',#11854);
#3688=VERTEX_POINT('',#11856);
#3689=VERTEX_POINT('',#11858);
#3690=VERTEX_POINT('',#11860);
#3691=VERTEX_POINT('',#11862);
#3692=VERTEX_POINT('',#11864);
#3693=VERTEX_POINT('',#11866);
#3694=VERTEX_POINT('',#11868);
#3695=VERTEX_POINT('',#11870);
#3696=VERTEX_POINT('',#11872);
#3697=VERTEX_POINT('',#11874);
#3698=VERTEX_POINT('',#11876);
#3699=VERTEX_POINT('',#11878);
#3700=VERTEX_POINT('',#11880);
#3701=VERTEX_POINT('',#11882);
#3702=VERTEX_POINT('',#11884);
#3703=VERTEX_POINT('',#11886);
#3704=VERTEX_POINT('',#11888);
#3705=VERTEX_POINT('',#11891);
#3706=VERTEX_POINT('',#11926);
#3707=VERTEX_POINT('',#11941);
#3708=VERTEX_POINT('',#11955);
#3709=VERTEX_POINT('',#11965);
#3710=VERTEX_POINT('',#12000);
#3711=VERTEX_POINT('',#12015);
#3712=VERTEX_POINT('',#12029);
#3713=VERTEX_POINT('',#12039);
#3714=VERTEX_POINT('',#12062);
#3715=VERTEX_POINT('',#12089);
#3716=VERTEX_POINT('',#12091);
#3717=VERTEX_POINT('',#12093);
#3718=VERTEX_POINT('',#12095);
#3719=VERTEX_POINT('',#12097);
#3720=VERTEX_POINT('',#12099);
#3721=VERTEX_POINT('',#12101);
#3722=VERTEX_POINT('',#12103);
#3723=VERTEX_POINT('',#12105);
#3724=VERTEX_POINT('',#12107);
#3725=VERTEX_POINT('',#12109);
#3726=VERTEX_POINT('',#12112);
#3727=VERTEX_POINT('',#12114);
#3728=VERTEX_POINT('',#12116);
#3729=VERTEX_POINT('',#12118);
#3730=VERTEX_POINT('',#12120);
#3731=VERTEX_POINT('',#12122);
#3732=VERTEX_POINT('',#12124);
#3733=VERTEX_POINT('',#12126);
#3734=VERTEX_POINT('',#12128);
#3735=VERTEX_POINT('',#12130);
#3736=VERTEX_POINT('',#12132);
#3737=VERTEX_POINT('',#12134);
#3738=VERTEX_POINT('',#12136);
#3739=VERTEX_POINT('',#12138);
#3740=VERTEX_POINT('',#12140);
#3741=VERTEX_POINT('',#12142);
#3742=VERTEX_POINT('',#12144);
#3743=VERTEX_POINT('',#12146);
#3744=VERTEX_POINT('',#12148);
#3745=VERTEX_POINT('',#12150);
#3746=VERTEX_POINT('',#12152);
#3747=VERTEX_POINT('',#12154);
#3748=VERTEX_POINT('',#12156);
#3749=VERTEX_POINT('',#12158);
#3750=VERTEX_POINT('',#12160);
#3751=VERTEX_POINT('',#12162);
#3752=VERTEX_POINT('',#12164);
#3753=VERTEX_POINT('',#12166);
#3754=VERTEX_POINT('',#12168);
#3755=VERTEX_POINT('',#12170);
#3756=VERTEX_POINT('',#12172);
#3757=VERTEX_POINT('',#12174);
#3758=VERTEX_POINT('',#12176);
#3759=VERTEX_POINT('',#12178);
#3760=VERTEX_POINT('',#12180);
#3761=VERTEX_POINT('',#12182);
#3762=VERTEX_POINT('',#12184);
#3763=VERTEX_POINT('',#12186);
#3764=VERTEX_POINT('',#12188);
#3765=VERTEX_POINT('',#12190);
#3766=VERTEX_POINT('',#12192);
#3767=VERTEX_POINT('',#12194);
#3768=VERTEX_POINT('',#12196);
#3769=VERTEX_POINT('',#12198);
#3770=VERTEX_POINT('',#12200);
#3771=VERTEX_POINT('',#12202);
#3772=VERTEX_POINT('',#12204);
#3773=VERTEX_POINT('',#12206);
#3774=VERTEX_POINT('',#12208);
#3775=VERTEX_POINT('',#12210);
#3776=VERTEX_POINT('',#12212);
#3777=VERTEX_POINT('',#12214);
#3778=VERTEX_POINT('',#12216);
#3779=VERTEX_POINT('',#12218);
#3780=VERTEX_POINT('',#12220);
#3781=VERTEX_POINT('',#12222);
#3782=VERTEX_POINT('',#12224);
#3783=VERTEX_POINT('',#12226);
#3784=VERTEX_POINT('',#12228);
#3785=VERTEX_POINT('',#12230);
#3786=VERTEX_POINT('',#12232);
#3787=VERTEX_POINT('',#12234);
#3788=VERTEX_POINT('',#12236);
#3789=VERTEX_POINT('',#12238);
#3790=VERTEX_POINT('',#12240);
#3791=VERTEX_POINT('',#12242);
#3792=VERTEX_POINT('',#12244);
#3793=VERTEX_POINT('',#12246);
#3794=VERTEX_POINT('',#12248);
#3795=VERTEX_POINT('',#12250);
#3796=VERTEX_POINT('',#12252);
#3797=VERTEX_POINT('',#12254);
#3798=VERTEX_POINT('',#12256);
#3799=VERTEX_POINT('',#12258);
#3800=VERTEX_POINT('',#12260);
#3801=VERTEX_POINT('',#12263);
#3802=VERTEX_POINT('',#12275);
#3803=VERTEX_POINT('',#12337);
#3804=VERTEX_POINT('',#12349);
#3805=VERTEX_POINT('',#12579);
#3806=VERTEX_POINT('',#12581);
#3807=VERTEX_POINT('',#12583);
#3808=VERTEX_POINT('',#12585);
#3809=VERTEX_POINT('',#12600);
#3810=VERTEX_POINT('',#12602);
#3811=VERTEX_POINT('',#12604);
#3812=VERTEX_POINT('',#12610);
#3813=VERTEX_POINT('',#12612);
#3814=VERTEX_POINT('',#12616);
#3815=VERTEX_POINT('',#12622);
#3816=VERTEX_POINT('',#12626);
#3817=VERTEX_POINT('',#12627);
#3818=VERTEX_POINT('',#12629);
#3819=VERTEX_POINT('',#12631);
#3820=VERTEX_POINT('',#12635);
#3821=VERTEX_POINT('',#12636);
#3822=VERTEX_POINT('',#12638);
#3823=VERTEX_POINT('',#12640);
#3824=VERTEX_POINT('',#12659);
#3825=VERTEX_POINT('',#12661);
#3826=VERTEX_POINT('',#12665);
#3827=VERTEX_POINT('',#12667);
#3828=VERTEX_POINT('',#12672);
#3829=VERTEX_POINT('',#12684);
#3830=VERTEX_POINT('',#12686);
#3831=VERTEX_POINT('',#12690);
#3832=VERTEX_POINT('',#12692);
#3833=VERTEX_POINT('',#12694);
#3834=VERTEX_POINT('',#12698);
#3835=VERTEX_POINT('',#12713);
#3836=VERTEX_POINT('',#12715);
#3837=VERTEX_POINT('',#12717);
#3838=VERTEX_POINT('',#12721);
#3839=VERTEX_POINT('',#12726);
#3840=VERTEX_POINT('',#12729);
#3841=VERTEX_POINT('',#12730);
#3842=VERTEX_POINT('',#12732);
#3843=VERTEX_POINT('',#12734);
#3844=VERTEX_POINT('',#12738);
#3845=VERTEX_POINT('',#12739);
#3846=VERTEX_POINT('',#12741);
#3847=VERTEX_POINT('',#12743);
#3848=VERTEX_POINT('',#12747);
#3849=VERTEX_POINT('',#12749);
#3850=VERTEX_POINT('',#12753);
#3851=VERTEX_POINT('',#12757);
#3852=VERTEX_POINT('',#12759);
#3853=VERTEX_POINT('',#12762);
#3854=VERTEX_POINT('',#12764);
#3855=VERTEX_POINT('',#12766);
#3856=VERTEX_POINT('',#12768);
#3857=VERTEX_POINT('',#12770);
#3858=VERTEX_POINT('',#12772);
#3859=VERTEX_POINT('',#12774);
#3860=VERTEX_POINT('',#12776);
#3861=VERTEX_POINT('',#12779);
#3862=VERTEX_POINT('',#12781);
#3863=VERTEX_POINT('',#12783);
#3864=VERTEX_POINT('',#12785);
#3865=VERTEX_POINT('',#12787);
#3866=VERTEX_POINT('',#12790);
#3867=VERTEX_POINT('',#12792);
#3868=VERTEX_POINT('',#12793);
#3869=VERTEX_POINT('',#12795);
#3870=VERTEX_POINT('',#12797);
#3871=VERTEX_POINT('',#12799);
#3872=VERTEX_POINT('',#12801);
#3873=VERTEX_POINT('',#12803);
#3874=VERTEX_POINT('',#12805);
#3875=VERTEX_POINT('',#12807);
#3876=VERTEX_POINT('',#12809);
#3877=VERTEX_POINT('',#12811);
#3878=VERTEX_POINT('',#12813);
#3879=VERTEX_POINT('',#12815);
#3880=VERTEX_POINT('',#12817);
#3881=VERTEX_POINT('',#12819);
#3882=VERTEX_POINT('',#12821);
#3883=VERTEX_POINT('',#12824);
#3884=VERTEX_POINT('',#12826);
#3885=VERTEX_POINT('',#12827);
#3886=VERTEX_POINT('',#12829);
#3887=VERTEX_POINT('',#12831);
#3888=VERTEX_POINT('',#12833);
#3889=VERTEX_POINT('',#12835);
#3890=VERTEX_POINT('',#12837);
#3891=VERTEX_POINT('',#12839);
#3892=VERTEX_POINT('',#12841);
#3893=VERTEX_POINT('',#12843);
#3894=VERTEX_POINT('',#12845);
#3895=VERTEX_POINT('',#12847);
#3896=VERTEX_POINT('',#12850);
#3897=VERTEX_POINT('',#12852);
#3898=VERTEX_POINT('',#12853);
#3899=VERTEX_POINT('',#12855);
#3900=VERTEX_POINT('',#12857);
#3901=VERTEX_POINT('',#12860);
#3902=VERTEX_POINT('',#12862);
#3903=VERTEX_POINT('',#12863);
#3904=VERTEX_POINT('',#12865);
#3905=VERTEX_POINT('',#12867);
#3906=VERTEX_POINT('',#12871);
#3907=VERTEX_POINT('',#12873);
#3908=VERTEX_POINT('',#12878);
#3909=VERTEX_POINT('',#12879);
#3910=VERTEX_POINT('',#12881);
#3911=VERTEX_POINT('',#12883);
#3912=VERTEX_POINT('',#12895);
#3913=VERTEX_POINT('',#12897);
#3914=VERTEX_POINT('',#12899);
#3915=VERTEX_POINT('',#12906);
#3916=VERTEX_POINT('',#12909);
#3917=VERTEX_POINT('',#12911);
#3918=VERTEX_POINT('',#12913);
#3919=VERTEX_POINT('',#12917);
#3920=VERTEX_POINT('',#12922);
#3921=VERTEX_POINT('',#12923);
#3922=VERTEX_POINT('',#12925);
#3923=VERTEX_POINT('',#12927);
#3924=VERTEX_POINT('',#12931);
#3925=VERTEX_POINT('',#12932);
#3926=VERTEX_POINT('',#12934);
#3927=VERTEX_POINT('',#12936);
#3928=VERTEX_POINT('',#12943);
#3929=VERTEX_POINT('',#12945);
#3930=VERTEX_POINT('',#12947);
#3931=VERTEX_POINT('',#12949);
#3932=VERTEX_POINT('',#12951);
#3933=VERTEX_POINT('',#12955);
#3934=VERTEX_POINT('',#12959);
#3935=VERTEX_POINT('',#12961);
#3936=VERTEX_POINT('',#12963);
#3937=VERTEX_POINT('',#12967);
#3938=VERTEX_POINT('',#12972);
#3939=VERTEX_POINT('',#12973);
#3940=VERTEX_POINT('',#12975);
#3941=VERTEX_POINT('',#12977);
#3942=VERTEX_POINT('',#12981);
#3943=VERTEX_POINT('',#12982);
#3944=VERTEX_POINT('',#12984);
#3945=VERTEX_POINT('',#12986);
#3946=VERTEX_POINT('',#12993);
#3947=VERTEX_POINT('',#12995);
#3948=VERTEX_POINT('',#12997);
#3949=VERTEX_POINT('',#12999);
#3950=VERTEX_POINT('',#13001);
#3951=VERTEX_POINT('',#13005);
#3952=VERTEX_POINT('',#13009);
#3953=VERTEX_POINT('',#13011);
#3954=VERTEX_POINT('',#13013);
#3955=VERTEX_POINT('',#13017);
#3956=VERTEX_POINT('',#13022);
#3957=VERTEX_POINT('',#13023);
#3958=VERTEX_POINT('',#13025);
#3959=VERTEX_POINT('',#13027);
#3960=VERTEX_POINT('',#13031);
#3961=VERTEX_POINT('',#13032);
#3962=VERTEX_POINT('',#13034);
#3963=VERTEX_POINT('',#13036);
#3964=VERTEX_POINT('',#13043);
#3965=VERTEX_POINT('',#13045);
#3966=VERTEX_POINT('',#13047);
#3967=VERTEX_POINT('',#13049);
#3968=VERTEX_POINT('',#13051);
#3969=VERTEX_POINT('',#13055);
#3970=VERTEX_POINT('',#13059);
#3971=VERTEX_POINT('',#13061);
#3972=VERTEX_POINT('',#13063);
#3973=VERTEX_POINT('',#13067);
#3974=VERTEX_POINT('',#13072);
#3975=VERTEX_POINT('',#13073);
#3976=VERTEX_POINT('',#13075);
#3977=VERTEX_POINT('',#13077);
#3978=VERTEX_POINT('',#13081);
#3979=VERTEX_POINT('',#13082);
#3980=VERTEX_POINT('',#13084);
#3981=VERTEX_POINT('',#13086);
#3982=VERTEX_POINT('',#13093);
#3983=VERTEX_POINT('',#13095);
#3984=VERTEX_POINT('',#13097);
#3985=VERTEX_POINT('',#13099);
#3986=VERTEX_POINT('',#13101);
#3987=VERTEX_POINT('',#13105);
#3988=VERTEX_POINT('',#13109);
#3989=VERTEX_POINT('',#13111);
#3990=VERTEX_POINT('',#13113);
#3991=VERTEX_POINT('',#13117);
#3992=VERTEX_POINT('',#13122);
#3993=VERTEX_POINT('',#13123);
#3994=VERTEX_POINT('',#13125);
#3995=VERTEX_POINT('',#13127);
#3996=VERTEX_POINT('',#13131);
#3997=VERTEX_POINT('',#13132);
#3998=VERTEX_POINT('',#13134);
#3999=VERTEX_POINT('',#13136);
#4000=VERTEX_POINT('',#13143);
#4001=VERTEX_POINT('',#13145);
#4002=VERTEX_POINT('',#13147);
#4003=VERTEX_POINT('',#13149);
#4004=VERTEX_POINT('',#13151);
#4005=VERTEX_POINT('',#13155);
#4006=VERTEX_POINT('',#13159);
#4007=VERTEX_POINT('',#13160);
#4008=VERTEX_POINT('',#13162);
#4009=VERTEX_POINT('',#13164);
#4010=VERTEX_POINT('',#13168);
#4011=VERTEX_POINT('',#13171);
#4012=VERTEX_POINT('',#13175);
#4013=VERTEX_POINT('',#13178);
#4014=VERTEX_POINT('',#13180);
#4015=VERTEX_POINT('',#13183);
#4016=VERTEX_POINT('',#13185);
#4017=VERTEX_POINT('',#13188);
#4018=VERTEX_POINT('',#13190);
#4019=VERTEX_POINT('',#13193);
#4020=VERTEX_POINT('',#13195);
#4021=VERTEX_POINT('',#13198);
#4022=VERTEX_POINT('',#13200);
#4023=VERTEX_POINT('',#13204);
#4024=VERTEX_POINT('',#13208);
#4025=VERTEX_POINT('',#13212);
#4026=VERTEX_POINT('',#13216);
#4027=VERTEX_POINT('',#13220);
#4028=VERTEX_POINT('',#13226);
#4029=VERTEX_POINT('',#13230);
#4030=VERTEX_POINT('',#13237);
#4031=VERTEX_POINT('',#13244);
#4032=VERTEX_POINT('',#13252);
#4033=VERTEX_POINT('',#13261);
#4034=VERTEX_POINT('',#13274);
#4035=VERTEX_POINT('',#13276);
#4036=VERTEX_POINT('',#13279);
#4037=VERTEX_POINT('',#13281);
#4038=VERTEX_POINT('',#13285);
#4039=VERTEX_POINT('',#13287);
#4040=VERTEX_POINT('',#13289);
#4041=VERTEX_POINT('',#13296);
#4042=VERTEX_POINT('',#13298);
#4043=VERTEX_POINT('',#13300);
#4044=VERTEX_POINT('',#13307);
#4045=VERTEX_POINT('',#13309);
#4046=VERTEX_POINT('',#13311);
#4047=VERTEX_POINT('',#13318);
#4048=VERTEX_POINT('',#13319);
#4049=VERTEX_POINT('',#13321);
#4050=VERTEX_POINT('',#13323);
#4051=VERTEX_POINT('',#13327);
#4052=VERTEX_POINT('',#13329);
#4053=VERTEX_POINT('',#13341);
#4054=VERTEX_POINT('',#13342);
#4055=VERTEX_POINT('',#13344);
#4056=VERTEX_POINT('',#13346);
#4057=VERTEX_POINT('',#13358);
#4058=VERTEX_POINT('',#13360);
#4059=VERTEX_POINT('',#13364);
#4060=VERTEX_POINT('',#13366);
#4061=VERTEX_POINT('',#13370);
#4062=VERTEX_POINT('',#13372);
#4063=VERTEX_POINT('',#13376);
#4064=VERTEX_POINT('',#13378);
#4065=VERTEX_POINT('',#13382);
#4066=VERTEX_POINT('',#13384);
#4067=VERTEX_POINT('',#13388);
#4068=VERTEX_POINT('',#13390);
#4069=VERTEX_POINT('',#13414);
#4070=VERTEX_POINT('',#13415);
#4071=VERTEX_POINT('',#13417);
#4072=VERTEX_POINT('',#13419);
#4073=VERTEX_POINT('',#13423);
#4074=VERTEX_POINT('',#13425);
#4075=VERTEX_POINT('',#13437);
#4076=VERTEX_POINT('',#13438);
#4077=VERTEX_POINT('',#13443);
#4078=VERTEX_POINT('',#13447);
#4079=VERTEX_POINT('',#13449);
#4080=VERTEX_POINT('',#13451);
#4081=VERTEX_POINT('',#13453);
#4082=VERTEX_POINT('',#13455);
#4083=VERTEX_POINT('',#13457);
#4084=VERTEX_POINT('',#13459);
#4085=VERTEX_POINT('',#13463);
#4086=VERTEX_POINT('',#13465);
#4087=VERTEX_POINT('',#13469);
#4088=VERTEX_POINT('',#13471);
#4089=VERTEX_POINT('',#13473);
#4090=VERTEX_POINT('',#13475);
#4091=VERTEX_POINT('',#13477);
#4092=VERTEX_POINT('',#13479);
#4093=VERTEX_POINT('',#13481);
#4094=VERTEX_POINT('',#13483);
#4095=VERTEX_POINT('',#13501);
#4096=VERTEX_POINT('',#13503);
#4097=VERTEX_POINT('',#13506);
#4098=VERTEX_POINT('',#13508);
#4099=VERTEX_POINT('',#13512);
#4100=VERTEX_POINT('',#13516);
#4101=VERTEX_POINT('',#13522);
#4102=VERTEX_POINT('',#13524);
#4103=VERTEX_POINT('',#13528);
#4104=VERTEX_POINT('',#13532);
#4105=VERTEX_POINT('',#13539);
#4106=VERTEX_POINT('',#13540);
#4107=EDGE_CURVE('',#3376,#3377,#3007,.T.);
#4108=EDGE_CURVE('',#3378,#3376,#1661,.T.);
#4109=EDGE_CURVE('',#3379,#3378,#3008,.T.);
#4110=EDGE_CURVE('',#3379,#3377,#1662,.T.);
#4111=EDGE_CURVE('',#3377,#3380,#1663,.T.);
#4112=EDGE_CURVE('',#3381,#3379,#1664,.T.);
#4113=EDGE_CURVE('',#3380,#3381,#1665,.T.);
#4114=EDGE_CURVE('',#3382,#3376,#1666,.T.);
#4115=EDGE_CURVE('',#3383,#3382,#1667,.T.);
#4116=EDGE_CURVE('',#3378,#3383,#1668,.T.);
#4117=EDGE_CURVE('',#3380,#3384,#1669,.T.);
#4118=EDGE_CURVE('',#3385,#3384,#3009,.T.);
#4119=EDGE_CURVE('',#3386,#3385,#1670,.T.);
#4120=EDGE_CURVE('',#3387,#3386,#3010,.T.);
#4121=EDGE_CURVE('',#3388,#3387,#1671,.T.);
#4122=EDGE_CURVE('',#3389,#3388,#1672,.T.);
#4123=EDGE_CURVE('',#3390,#3389,#1673,.T.);
#4124=EDGE_CURVE('',#3390,#3382,#1674,.T.);
#4125=EDGE_CURVE('',#3391,#3381,#1675,.T.);
#4126=EDGE_CURVE('',#3384,#3391,#1676,.T.);
#4127=EDGE_CURVE('',#3392,#3393,#3011,.T.);
#4128=EDGE_CURVE('',#3392,#3394,#1677,.T.);
#4129=EDGE_CURVE('',#3394,#3395,#1678,.T.);
#4130=EDGE_CURVE('',#3395,#3393,#1679,.T.);
#4131=EDGE_CURVE('',#3393,#3396,#1680,.T.);
#4132=EDGE_CURVE('',#3397,#3396,#3012,.T.);
#4133=EDGE_CURVE('',#3397,#3398,#1681,.T.);
#4134=EDGE_CURVE('',#3398,#3399,#3013,.T.);
#4135=EDGE_CURVE('',#3399,#3400,#1682,.T.);
#4136=EDGE_CURVE('',#3400,#3401,#3014,.T.);
#4137=EDGE_CURVE('',#3401,#3402,#1683,.T.);
#4138=EDGE_CURVE('',#3402,#3403,#1684,.T.);
#4139=EDGE_CURVE('',#3403,#3404,#1685,.T.);
#4140=EDGE_CURVE('',#3404,#3405,#3015,.T.);
#4141=EDGE_CURVE('',#3405,#3406,#1686,.T.);
#4142=EDGE_CURVE('',#3406,#3407,#3016,.T.);
#4143=EDGE_CURVE('',#3408,#3407,#1687,.T.);
#4144=EDGE_CURVE('',#3393,#3408,#3017,.T.);
#4145=EDGE_CURVE('',#3409,#3410,#3018,.T.);
#4146=EDGE_CURVE('',#3411,#3409,#1688,.T.);
#4147=EDGE_CURVE('',#3412,#3411,#3019,.T.);
#4148=EDGE_CURVE('',#3412,#3410,#1689,.T.);
#4149=EDGE_CURVE('',#3410,#3413,#1690,.T.);
#4150=EDGE_CURVE('',#3414,#3412,#1691,.T.);
#4151=EDGE_CURVE('',#3413,#3414,#1692,.T.);
#4152=EDGE_CURVE('',#3415,#3409,#1693,.T.);
#4153=EDGE_CURVE('',#3416,#3415,#1694,.T.);
#4154=EDGE_CURVE('',#3411,#3416,#1695,.T.);
#4155=EDGE_CURVE('',#3394,#3413,#1696,.T.);
#4156=EDGE_CURVE('',#3417,#3392,#1697,.T.);
#4157=EDGE_CURVE('',#3418,#3417,#1698,.T.);
#4158=EDGE_CURVE('',#3419,#3418,#1699,.T.);
#4159=EDGE_CURVE('',#3420,#3419,#1700,.T.);
#4160=EDGE_CURVE('',#3421,#3420,#3020,.T.);
#4161=EDGE_CURVE('',#3415,#3421,#1701,.T.);
#4162=EDGE_CURVE('',#3395,#3414,#1702,.T.);
#4163=EDGE_CURVE('',#3422,#3423,#3021,.T.);
#4164=EDGE_CURVE('',#3423,#3421,#1703,.T.);
#4165=EDGE_CURVE('',#3420,#3422,#1704,.T.);
#4166=EDGE_CURVE('',#3416,#3423,#1705,.T.);
#4167=EDGE_CURVE('',#3422,#3424,#1706,.T.);
#4168=EDGE_CURVE('',#3424,#3425,#1707,.T.);
#4169=EDGE_CURVE('',#3426,#3425,#1708,.T.);
#4170=EDGE_CURVE('',#3396,#3426,#1709,.T.);
#4171=EDGE_CURVE('',#3427,#3427,#3022,.T.);
#4172=EDGE_CURVE('',#3428,#3428,#3023,.T.);
#4173=EDGE_CURVE('',#3391,#3429,#3024,.T.);
#4174=EDGE_CURVE('',#3429,#3385,#1710,.T.);
#4175=EDGE_CURVE('',#3430,#3390,#1711,.T.);
#4176=EDGE_CURVE('',#3383,#3430,#1712,.T.);
#4177=EDGE_CURVE('',#3386,#3431,#1713,.T.);
#4178=EDGE_CURVE('',#3431,#3432,#3025,.T.);
#4179=EDGE_CURVE('',#3432,#3387,#1714,.T.);
#4180=EDGE_CURVE('',#3432,#3433,#1715,.T.);
#4181=EDGE_CURVE('',#3425,#3433,#3026,.T.);
#4182=EDGE_CURVE('',#3419,#3424,#1716,.T.);
#4183=EDGE_CURVE('',#3388,#3418,#3027,.T.);
#4184=EDGE_CURVE('',#3434,#3430,#1717,.T.);
#4185=EDGE_CURVE('',#3433,#3434,#1718,.T.);
#4186=EDGE_CURVE('',#3429,#3431,#1719,.T.);
#4187=EDGE_CURVE('',#3435,#3435,#3028,.T.);
#4188=EDGE_CURVE('',#3435,#3428,#1720,.T.);
#4189=EDGE_CURVE('',#3436,#3436,#3029,.T.);
#4190=EDGE_CURVE('',#3436,#3427,#1721,.T.);
#4191=EDGE_CURVE('',#3389,#3434,#1722,.T.);
#4192=EDGE_CURVE('',#3437,#3417,#3030,.T.);
#4193=EDGE_CURVE('',#3408,#3437,#1723,.T.);
#4194=EDGE_CURVE('',#3407,#3438,#1724,.T.);
#4195=EDGE_CURVE('',#3438,#3437,#1725,.T.);
#4196=EDGE_CURVE('',#3426,#3439,#3031,.T.);
#4197=EDGE_CURVE('',#3439,#3397,#1726,.T.);
#4198=EDGE_CURVE('',#3417,#3389,#3032,.T.);
#4199=EDGE_CURVE('',#3426,#3417,#1727,.T.);
#4200=EDGE_CURVE('',#3434,#3426,#3033,.T.);
#4201=EDGE_CURVE('',#3438,#3440,#3034,.T.);
#4202=EDGE_CURVE('',#3440,#3441,#1728,.T.);
#4203=EDGE_CURVE('',#3441,#3442,#3035,.T.);
#4204=EDGE_CURVE('',#3442,#3443,#1729,.T.);
#4205=EDGE_CURVE('',#3443,#3444,#1730,.T.);
#4206=EDGE_CURVE('',#3444,#3445,#1731,.T.);
#4207=EDGE_CURVE('',#3445,#3446,#3036,.T.);
#4208=EDGE_CURVE('',#3446,#3447,#1732,.T.);
#4209=EDGE_CURVE('',#3447,#3448,#3037,.T.);
#4210=EDGE_CURVE('',#3448,#3439,#1733,.T.);
#4211=EDGE_CURVE('',#3442,#3404,#1734,.T.);
#4212=EDGE_CURVE('',#3405,#3441,#1735,.T.);
#4213=EDGE_CURVE('',#3406,#3440,#1736,.T.);
#4214=EDGE_CURVE('',#3398,#3448,#1737,.T.);
#4215=EDGE_CURVE('',#3399,#3447,#1738,.T.);
#4216=EDGE_CURVE('',#3400,#3446,#1739,.T.);
#4217=EDGE_CURVE('',#3401,#3445,#1740,.T.);
#4218=EDGE_CURVE('',#3402,#3444,#1741,.T.);
#4219=EDGE_CURVE('',#3403,#3443,#1742,.T.);
#4220=EDGE_CURVE('',#3449,#3449,#3038,.T.);
#4221=EDGE_CURVE('',#3449,#3450,#1743,.T.);
#4222=EDGE_CURVE('',#3450,#3450,#3039,.T.);
#4223=EDGE_CURVE('',#3451,#3452,#3040,.T.);
#4224=EDGE_CURVE('',#3452,#3453,#1744,.T.);
#4225=EDGE_CURVE('',#3453,#3454,#3041,.T.);
#4226=EDGE_CURVE('',#3454,#3451,#1745,.T.);
#4227=EDGE_CURVE('',#3455,#3453,#1746,.T.);
#4228=EDGE_CURVE('',#3456,#3455,#1747,.T.);
#4229=EDGE_CURVE('',#3456,#3457,#1748,.T.);
#4230=EDGE_CURVE('',#3458,#3457,#3042,.T.);
#4231=EDGE_CURVE('',#3458,#3454,#1749,.T.);
#4232=EDGE_CURVE('',#3452,#3459,#1750,.T.);
#4233=EDGE_CURVE('',#3455,#3459,#1751,.T.);
#4234=EDGE_CURVE('',#3460,#3458,#3043,.T.);
#4235=EDGE_CURVE('',#3461,#3460,#1752,.T.);
#4236=EDGE_CURVE('',#3462,#3461,#1753,.T.);
#4237=EDGE_CURVE('',#3463,#3462,#1754,.T.);
#4238=EDGE_CURVE('',#3454,#3463,#3044,.T.);
#4239=EDGE_CURVE('',#3463,#3464,#1755,.T.);
#4240=EDGE_CURVE('',#3464,#3465,#3045,.T.);
#4241=EDGE_CURVE('',#3465,#3454,#1756,.T.);
#4242=EDGE_CURVE('',#3462,#3466,#1757,.T.);
#4243=EDGE_CURVE('',#3467,#3466,#1758,.T.);
#4244=EDGE_CURVE('',#3467,#3468,#1759,.T.);
#4245=EDGE_CURVE('',#3468,#3469,#1760,.T.);
#4246=EDGE_CURVE('',#3470,#3469,#1761,.T.);
#4247=EDGE_CURVE('',#3470,#3471,#1762,.T.);
#4248=EDGE_CURVE('',#3472,#3471,#1763,.T.);
#4249=EDGE_CURVE('',#3472,#3473,#63,.T.);
#4250=EDGE_CURVE('',#3473,#3474,#64,.T.);
#4251=EDGE_CURVE('',#3475,#3474,#1764,.T.);
#4252=EDGE_CURVE('',#3475,#3476,#3046,.T.);
#4253=EDGE_CURVE('',#3477,#3476,#1765,.T.);
#4254=EDGE_CURVE('',#3477,#3478,#65,.T.);
#4255=EDGE_CURVE('',#3478,#3479,#66,.T.);
#4256=EDGE_CURVE('',#3480,#3479,#1766,.T.);
#4257=EDGE_CURVE('',#3480,#3481,#3047,.T.);
#4258=EDGE_CURVE('',#3482,#3481,#1767,.T.);
#4259=EDGE_CURVE('',#3482,#3483,#67,.T.);
#4260=EDGE_CURVE('',#3483,#3484,#68,.T.);
#4261=EDGE_CURVE('',#3485,#3484,#1768,.T.);
#4262=EDGE_CURVE('',#3485,#3486,#3048,.T.);
#4263=EDGE_CURVE('',#3487,#3486,#1769,.T.);
#4264=EDGE_CURVE('',#3487,#3488,#69,.T.);
#4265=EDGE_CURVE('',#3488,#3489,#70,.T.);
#4266=EDGE_CURVE('',#3490,#3489,#1770,.T.);
#4267=EDGE_CURVE('',#3490,#3491,#3049,.T.);
#4268=EDGE_CURVE('',#3492,#3491,#1771,.T.);
#4269=EDGE_CURVE('',#3492,#3493,#71,.T.);
#4270=EDGE_CURVE('',#3493,#3494,#72,.T.);
#4271=EDGE_CURVE('',#3495,#3494,#1772,.T.);
#4272=EDGE_CURVE('',#3495,#3496,#3050,.T.);
#4273=EDGE_CURVE('',#3464,#3496,#1773,.T.);
#4274=EDGE_CURVE('',#3497,#3497,#3051,.T.);
#4275=EDGE_CURVE('',#3498,#3498,#3052,.T.);
#4276=EDGE_CURVE('',#3499,#3499,#3053,.T.);
#4277=EDGE_CURVE('',#3500,#3500,#3054,.T.);
#4278=EDGE_CURVE('',#3501,#3501,#3055,.T.);
#4279=EDGE_CURVE('',#3502,#3502,#3056,.T.);
#4280=EDGE_CURVE('',#3503,#3503,#3057,.T.);
#4281=EDGE_CURVE('',#3504,#3504,#3058,.T.);
#4282=EDGE_CURVE('',#3505,#3505,#3059,.T.);
#4283=EDGE_CURVE('',#3506,#3506,#3060,.T.);
#4284=EDGE_CURVE('',#3507,#3507,#3061,.T.);
#4285=EDGE_CURVE('',#3508,#3508,#3062,.T.);
#4286=EDGE_CURVE('',#3509,#3509,#3063,.T.);
#4287=EDGE_CURVE('',#3510,#3510,#3064,.T.);
#4288=EDGE_CURVE('',#3511,#3511,#3065,.T.);
#4289=EDGE_CURVE('',#3512,#3512,#3066,.T.);
#4290=EDGE_CURVE('',#3513,#3513,#3067,.T.);
#4291=EDGE_CURVE('',#3514,#3514,#3068,.T.);
#4292=EDGE_CURVE('',#3515,#3515,#3069,.T.);
#4293=EDGE_CURVE('',#3516,#3516,#3070,.T.);
#4294=EDGE_CURVE('',#3517,#3517,#3071,.T.);
#4295=EDGE_CURVE('',#3518,#3518,#3072,.T.);
#4296=EDGE_CURVE('',#3519,#3519,#3073,.T.);
#4297=EDGE_CURVE('',#3520,#3520,#3074,.T.);
#4298=EDGE_CURVE('',#3521,#3521,#3075,.T.);
#4299=EDGE_CURVE('',#3522,#3522,#3076,.T.);
#4300=EDGE_CURVE('',#3523,#3523,#3077,.T.);
#4301=EDGE_CURVE('',#3524,#3524,#3078,.T.);
#4302=EDGE_CURVE('',#3525,#3525,#3079,.T.);
#4303=EDGE_CURVE('',#3526,#3526,#3080,.T.);
#4304=EDGE_CURVE('',#3457,#3527,#1774,.T.);
#4305=EDGE_CURVE('',#3527,#3528,#3081,.T.);
#4306=EDGE_CURVE('',#3528,#3458,#1775,.T.);
#4307=EDGE_CURVE('',#3529,#3456,#1776,.T.);
#4308=EDGE_CURVE('',#3529,#3527,#1777,.T.);
#4309=EDGE_CURVE('',#3459,#3529,#1778,.T.);
#4310=EDGE_CURVE('',#3530,#3461,#1779,.T.);
#4311=EDGE_CURVE('',#3531,#3530,#3082,.T.);
#4312=EDGE_CURVE('',#3532,#3531,#1780,.T.);
#4313=EDGE_CURVE('',#3533,#3532,#1781,.T.);
#4314=EDGE_CURVE('',#3534,#3533,#1782,.T.);
#4315=EDGE_CURVE('',#3466,#3534,#3083,.T.);
#4316=EDGE_CURVE('',#3535,#3536,#3084,.T.);
#4317=EDGE_CURVE('',#3537,#3535,#1783,.T.);
#4318=EDGE_CURVE('',#3538,#3537,#1784,.T.);
#4319=EDGE_CURVE('',#3539,#3538,#1785,.T.);
#4320=EDGE_CURVE('',#3469,#3539,#3085,.T.);
#4321=EDGE_CURVE('',#3540,#3468,#1786,.T.);
#4322=EDGE_CURVE('',#3536,#3540,#1787,.T.);
#4323=EDGE_CURVE('',#3541,#3538,#1788,.T.);
#4324=EDGE_CURVE('',#3541,#3542,#1789,.T.);
#4325=EDGE_CURVE('',#3539,#3542,#1790,.T.);
#4326=EDGE_CURVE('',#3537,#3543,#1791,.T.);
#4327=EDGE_CURVE('',#3544,#3543,#1792,.T.);
#4328=EDGE_CURVE('',#3544,#3541,#1793,.T.);
#4329=EDGE_CURVE('',#3545,#3535,#1794,.T.);
#4330=EDGE_CURVE('',#3546,#3545,#1795,.T.);
#4331=EDGE_CURVE('',#3547,#3546,#1796,.T.);
#4332=EDGE_CURVE('',#3543,#3547,#1797,.T.);
#4333=EDGE_CURVE('',#3536,#3548,#1798,.T.);
#4334=EDGE_CURVE('',#3548,#3545,#3086,.T.);
#4335=EDGE_CURVE('',#3549,#3492,#23,.T.);
#4336=EDGE_CURVE('',#3550,#3549,#73,.T.);
#4337=EDGE_CURVE('',#3494,#3550,#24,.T.);
#4338=EDGE_CURVE('',#3493,#3551,#1799,.T.);
#4339=EDGE_CURVE('',#3552,#3551,#74,.T.);
#4340=EDGE_CURVE('',#3553,#3552,#25,.T.);
#4341=EDGE_CURVE('',#3554,#3553,#75,.T.);
#4342=EDGE_CURVE('',#3555,#3554,#26,.T.);
#4343=EDGE_CURVE('',#3551,#3555,#76,.T.);
#4344=EDGE_CURVE('',#3556,#3460,#1800,.T.);
#4345=EDGE_CURVE('',#3557,#3556,#1801,.T.);
#4346=EDGE_CURVE('',#3557,#3558,#3087,.T.);
#4347=EDGE_CURVE('',#3552,#3558,#1802,.T.);
#4348=EDGE_CURVE('',#3559,#3555,#1803,.T.);
#4349=EDGE_CURVE('',#3559,#3560,#3088,.T.);
#4350=EDGE_CURVE('',#3561,#3560,#1804,.T.);
#4351=EDGE_CURVE('',#3561,#3562,#77,.T.);
#4352=EDGE_CURVE('',#3562,#3563,#78,.T.);
#4353=EDGE_CURVE('',#3564,#3563,#1805,.T.);
#4354=EDGE_CURVE('',#3564,#3565,#3089,.T.);
#4355=EDGE_CURVE('',#3566,#3565,#1806,.T.);
#4356=EDGE_CURVE('',#3566,#3567,#79,.T.);
#4357=EDGE_CURVE('',#3567,#3568,#80,.T.);
#4358=EDGE_CURVE('',#3569,#3568,#1807,.T.);
#4359=EDGE_CURVE('',#3569,#3570,#3090,.T.);
#4360=EDGE_CURVE('',#3571,#3570,#1808,.T.);
#4361=EDGE_CURVE('',#3571,#3572,#81,.T.);
#4362=EDGE_CURVE('',#3572,#3573,#82,.T.);
#4363=EDGE_CURVE('',#3574,#3573,#1809,.T.);
#4364=EDGE_CURVE('',#3574,#3575,#3091,.T.);
#4365=EDGE_CURVE('',#3576,#3575,#1810,.T.);
#4366=EDGE_CURVE('',#3576,#3577,#83,.T.);
#4367=EDGE_CURVE('',#3577,#3578,#84,.T.);
#4368=EDGE_CURVE('',#3579,#3578,#1811,.T.);
#4369=EDGE_CURVE('',#3579,#3548,#1812,.T.);
#4370=EDGE_CURVE('',#3540,#3580,#1813,.T.);
#4371=EDGE_CURVE('',#3530,#3580,#1814,.T.);
#4372=EDGE_CURVE('',#3581,#3581,#3092,.T.);
#4373=EDGE_CURVE('',#3582,#3582,#3093,.T.);
#4374=EDGE_CURVE('',#3583,#3583,#3094,.T.);
#4375=EDGE_CURVE('',#3584,#3584,#3095,.T.);
#4376=EDGE_CURVE('',#3585,#3585,#3096,.T.);
#4377=EDGE_CURVE('',#3586,#3586,#3097,.T.);
#4378=EDGE_CURVE('',#3587,#3587,#3098,.T.);
#4379=EDGE_CURVE('',#3588,#3588,#3099,.T.);
#4380=EDGE_CURVE('',#3589,#3589,#3100,.T.);
#4381=EDGE_CURVE('',#3590,#3590,#3101,.T.);
#4382=EDGE_CURVE('',#3591,#3591,#3102,.T.);
#4383=EDGE_CURVE('',#3592,#3592,#3103,.T.);
#4384=EDGE_CURVE('',#3593,#3593,#3104,.T.);
#4385=EDGE_CURVE('',#3594,#3594,#3105,.T.);
#4386=EDGE_CURVE('',#3595,#3595,#3106,.T.);
#4387=EDGE_CURVE('',#3596,#3596,#3107,.T.);
#4388=EDGE_CURVE('',#3597,#3597,#3108,.T.);
#4389=EDGE_CURVE('',#3598,#3598,#3109,.T.);
#4390=EDGE_CURVE('',#3599,#3599,#3110,.T.);
#4391=EDGE_CURVE('',#3600,#3600,#3111,.T.);
#4392=EDGE_CURVE('',#3601,#3601,#3112,.T.);
#4393=EDGE_CURVE('',#3602,#3602,#3113,.T.);
#4394=EDGE_CURVE('',#3603,#3603,#3114,.T.);
#4395=EDGE_CURVE('',#3604,#3604,#3115,.T.);
#4396=EDGE_CURVE('',#3605,#3605,#3116,.T.);
#4397=EDGE_CURVE('',#3606,#3606,#3117,.T.);
#4398=EDGE_CURVE('',#3607,#3607,#3118,.T.);
#4399=EDGE_CURVE('',#3608,#3608,#3119,.T.);
#4400=EDGE_CURVE('',#3609,#3609,#3120,.T.);
#4401=EDGE_CURVE('',#3610,#3610,#3121,.T.);
#4402=EDGE_CURVE('',#3554,#3611,#1815,.T.);
#4403=EDGE_CURVE('',#3611,#3561,#27,.T.);
#4404=EDGE_CURVE('',#3560,#3612,#28,.T.);
#4405=EDGE_CURVE('',#3612,#3559,#29,.T.);
#4406=EDGE_CURVE('',#3613,#3549,#1816,.T.);
#4407=EDGE_CURVE('',#3613,#3614,#85,.T.);
#4408=EDGE_CURVE('',#3615,#3614,#1817,.T.);
#4409=EDGE_CURVE('',#3615,#3616,#86,.T.);
#4410=EDGE_CURVE('',#3617,#3616,#1818,.T.);
#4411=EDGE_CURVE('',#3617,#3618,#87,.T.);
#4412=EDGE_CURVE('',#3619,#3618,#1819,.T.);
#4413=EDGE_CURVE('',#3619,#3620,#88,.T.);
#4414=EDGE_CURVE('',#3621,#3620,#1820,.T.);
#4415=EDGE_CURVE('',#3621,#3622,#1821,.T.);
#4416=EDGE_CURVE('',#3622,#3623,#1822,.T.);
#4417=EDGE_CURVE('',#3624,#3623,#1823,.T.);
#4418=EDGE_CURVE('',#3624,#3625,#1824,.T.);
#4419=EDGE_CURVE('',#3625,#3626,#1825,.T.);
#4420=EDGE_CURVE('',#3627,#3626,#1826,.T.);
#4421=EDGE_CURVE('',#3628,#3627,#1827,.T.);
#4422=EDGE_CURVE('',#3629,#3628,#1828,.T.);
#4423=EDGE_CURVE('',#3550,#3629,#1829,.T.);
#4424=EDGE_CURVE('',#3630,#3630,#3122,.T.);
#4425=EDGE_CURVE('',#3631,#3631,#3123,.T.);
#4426=EDGE_CURVE('',#3632,#3632,#3124,.T.);
#4427=EDGE_CURVE('',#3633,#3633,#3125,.T.);
#4428=EDGE_CURVE('',#3634,#3634,#3126,.T.);
#4429=EDGE_CURVE('',#3635,#3635,#3127,.T.);
#4430=EDGE_CURVE('',#3636,#3636,#3128,.T.);
#4431=EDGE_CURVE('',#3637,#3637,#3129,.T.);
#4432=EDGE_CURVE('',#3638,#3638,#3130,.T.);
#4433=EDGE_CURVE('',#3639,#3639,#3131,.T.);
#4434=EDGE_CURVE('',#3640,#3640,#3132,.T.);
#4435=EDGE_CURVE('',#3641,#3641,#3133,.T.);
#4436=EDGE_CURVE('',#3642,#3642,#3134,.T.);
#4437=EDGE_CURVE('',#3643,#3643,#3135,.T.);
#4438=EDGE_CURVE('',#3644,#3644,#3136,.T.);
#4439=EDGE_CURVE('',#3645,#3645,#3137,.T.);
#4440=EDGE_CURVE('',#3646,#3646,#3138,.T.);
#4441=EDGE_CURVE('',#3647,#3647,#3139,.T.);
#4442=EDGE_CURVE('',#3648,#3648,#3140,.T.);
#4443=EDGE_CURVE('',#3649,#3649,#3141,.T.);
#4444=EDGE_CURVE('',#3650,#3650,#3142,.T.);
#4445=EDGE_CURVE('',#3651,#3651,#3143,.T.);
#4446=EDGE_CURVE('',#3652,#3652,#3144,.T.);
#4447=EDGE_CURVE('',#3653,#3653,#3145,.T.);
#4448=EDGE_CURVE('',#3654,#3654,#3146,.T.);
#4449=EDGE_CURVE('',#3655,#3655,#3147,.T.);
#4450=EDGE_CURVE('',#3656,#3656,#3148,.T.);
#4451=EDGE_CURVE('',#3657,#3657,#3149,.T.);
#4452=EDGE_CURVE('',#3658,#3658,#3150,.T.);
#4453=EDGE_CURVE('',#3659,#3659,#3151,.T.);
#4454=EDGE_CURVE('',#3660,#3660,#3152,.T.);
#4455=EDGE_CURVE('',#3661,#3661,#3153,.T.);
#4456=EDGE_CURVE('',#3662,#3662,#3154,.T.);
#4457=EDGE_CURVE('',#3663,#3663,#3155,.T.);
#4458=EDGE_CURVE('',#3664,#3664,#3156,.T.);
#4459=EDGE_CURVE('',#3665,#3665,#3157,.T.);
#4460=EDGE_CURVE('',#3666,#3666,#3158,.T.);
#4461=EDGE_CURVE('',#3667,#3667,#3159,.T.);
#4462=EDGE_CURVE('',#3668,#3668,#3160,.T.);
#4463=EDGE_CURVE('',#3669,#3669,#3161,.T.);
#4464=EDGE_CURVE('',#3670,#3670,#3162,.T.);
#4465=EDGE_CURVE('',#3671,#3671,#3163,.T.);
#4466=EDGE_CURVE('',#3672,#3672,#3164,.T.);
#4467=EDGE_CURVE('',#3673,#3673,#3165,.T.);
#4468=EDGE_CURVE('',#3674,#3674,#3166,.T.);
#4469=EDGE_CURVE('',#3675,#3675,#3167,.T.);
#4470=EDGE_CURVE('',#3676,#3676,#3168,.T.);
#4471=EDGE_CURVE('',#3677,#3677,#3169,.T.);
#4472=EDGE_CURVE('',#3678,#3678,#3170,.T.);
#4473=EDGE_CURVE('',#3679,#3679,#3171,.T.);
#4474=EDGE_CURVE('',#3680,#3680,#3172,.T.);
#4475=EDGE_CURVE('',#3681,#3681,#3173,.T.);
#4476=EDGE_CURVE('',#3682,#3682,#3174,.T.);
#4477=EDGE_CURVE('',#3683,#3683,#3175,.T.);
#4478=EDGE_CURVE('',#3684,#3684,#3176,.T.);
#4479=EDGE_CURVE('',#3685,#3685,#3177,.T.);
#4480=EDGE_CURVE('',#3686,#3686,#3178,.T.);
#4481=EDGE_CURVE('',#3687,#3687,#3179,.T.);
#4482=EDGE_CURVE('',#3688,#3688,#3180,.T.);
#4483=EDGE_CURVE('',#3689,#3689,#3181,.T.);
#4484=EDGE_CURVE('',#3690,#3690,#3182,.T.);
#4485=EDGE_CURVE('',#3691,#3691,#3183,.T.);
#4486=EDGE_CURVE('',#3692,#3692,#3184,.T.);
#4487=EDGE_CURVE('',#3693,#3693,#3185,.T.);
#4488=EDGE_CURVE('',#3694,#3694,#3186,.T.);
#4489=EDGE_CURVE('',#3695,#3695,#3187,.T.);
#4490=EDGE_CURVE('',#3696,#3696,#3188,.T.);
#4491=EDGE_CURVE('',#3697,#3697,#3189,.T.);
#4492=EDGE_CURVE('',#3698,#3698,#3190,.T.);
#4493=EDGE_CURVE('',#3699,#3699,#3191,.T.);
#4494=EDGE_CURVE('',#3700,#3700,#3192,.T.);
#4495=EDGE_CURVE('',#3701,#3701,#3193,.T.);
#4496=EDGE_CURVE('',#3702,#3702,#3194,.T.);
#4497=EDGE_CURVE('',#3703,#3703,#3195,.T.);
#4498=EDGE_CURVE('',#3704,#3704,#3196,.T.);
#4499=EDGE_CURVE('',#3491,#3705,#30,.T.);
#4500=EDGE_CURVE('',#3705,#3490,#31,.T.);
#4501=EDGE_CURVE('',#3489,#3613,#32,.T.);
#4502=EDGE_CURVE('',#3614,#3487,#33,.T.);
#4503=EDGE_CURVE('',#3488,#3562,#1830,.T.);
#4504=EDGE_CURVE('',#3706,#3611,#89,.T.);
#4505=EDGE_CURVE('',#3563,#3706,#34,.T.);
#4506=EDGE_CURVE('',#3706,#3707,#1831,.T.);
#4507=EDGE_CURVE('',#3707,#3566,#35,.T.);
#4508=EDGE_CURVE('',#3565,#3708,#36,.T.);
#4509=EDGE_CURVE('',#3708,#3564,#37,.T.);
#4510=EDGE_CURVE('',#3486,#3709,#38,.T.);
#4511=EDGE_CURVE('',#3709,#3485,#39,.T.);
#4512=EDGE_CURVE('',#3484,#3615,#40,.T.);
#4513=EDGE_CURVE('',#3616,#3482,#41,.T.);
#4514=EDGE_CURVE('',#3483,#3567,#1832,.T.);
#4515=EDGE_CURVE('',#3710,#3707,#90,.T.);
#4516=EDGE_CURVE('',#3568,#3710,#42,.T.);
#4517=EDGE_CURVE('',#3710,#3711,#1833,.T.);
#4518=EDGE_CURVE('',#3711,#3571,#43,.T.);
#4519=EDGE_CURVE('',#3570,#3712,#44,.T.);
#4520=EDGE_CURVE('',#3712,#3569,#45,.T.);
#4521=EDGE_CURVE('',#3481,#3713,#46,.T.);
#4522=EDGE_CURVE('',#3713,#3480,#47,.T.);
#4523=EDGE_CURVE('',#3479,#3617,#48,.T.);
#4524=EDGE_CURVE('',#3478,#3572,#1834,.T.);
#4525=EDGE_CURVE('',#3714,#3711,#91,.T.);
#4526=EDGE_CURVE('',#3573,#3714,#49,.T.);
#4527=EDGE_CURVE('',#3618,#3477,#50,.T.);
#4528=EDGE_CURVE('',#3715,#3553,#1835,.T.);
#4529=EDGE_CURVE('',#3716,#3715,#1836,.T.);
#4530=EDGE_CURVE('',#3717,#3716,#1837,.T.);
#4531=EDGE_CURVE('',#3718,#3717,#1838,.T.);
#4532=EDGE_CURVE('',#3718,#3719,#1839,.T.);
#4533=EDGE_CURVE('',#3719,#3720,#1840,.T.);
#4534=EDGE_CURVE('',#3721,#3720,#1841,.T.);
#4535=EDGE_CURVE('',#3721,#3722,#1842,.T.);
#4536=EDGE_CURVE('',#3722,#3723,#1843,.T.);
#4537=EDGE_CURVE('',#3724,#3723,#1844,.T.);
#4538=EDGE_CURVE('',#3724,#3725,#92,.T.);
#4539=EDGE_CURVE('',#3714,#3725,#1845,.T.);
#4540=EDGE_CURVE('',#3726,#3726,#3197,.T.);
#4541=EDGE_CURVE('',#3727,#3727,#3198,.T.);
#4542=EDGE_CURVE('',#3728,#3728,#3199,.T.);
#4543=EDGE_CURVE('',#3729,#3729,#3200,.T.);
#4544=EDGE_CURVE('',#3730,#3730,#3201,.T.);
#4545=EDGE_CURVE('',#3731,#3731,#3202,.T.);
#4546=EDGE_CURVE('',#3732,#3732,#3203,.T.);
#4547=EDGE_CURVE('',#3733,#3733,#3204,.T.);
#4548=EDGE_CURVE('',#3734,#3734,#3205,.T.);
#4549=EDGE_CURVE('',#3735,#3735,#3206,.T.);
#4550=EDGE_CURVE('',#3736,#3736,#3207,.T.);
#4551=EDGE_CURVE('',#3737,#3737,#3208,.T.);
#4552=EDGE_CURVE('',#3738,#3738,#3209,.T.);
#4553=EDGE_CURVE('',#3739,#3739,#3210,.T.);
#4554=EDGE_CURVE('',#3740,#3740,#3211,.T.);
#4555=EDGE_CURVE('',#3741,#3741,#3212,.T.);
#4556=EDGE_CURVE('',#3742,#3742,#3213,.T.);
#4557=EDGE_CURVE('',#3743,#3743,#3214,.T.);
#4558=EDGE_CURVE('',#3744,#3744,#3215,.T.);
#4559=EDGE_CURVE('',#3745,#3745,#3216,.T.);
#4560=EDGE_CURVE('',#3746,#3746,#3217,.T.);
#4561=EDGE_CURVE('',#3747,#3747,#3218,.T.);
#4562=EDGE_CURVE('',#3748,#3748,#3219,.T.);
#4563=EDGE_CURVE('',#3749,#3749,#3220,.T.);
#4564=EDGE_CURVE('',#3750,#3750,#3221,.T.);
#4565=EDGE_CURVE('',#3751,#3751,#3222,.T.);
#4566=EDGE_CURVE('',#3752,#3752,#3223,.T.);
#4567=EDGE_CURVE('',#3753,#3753,#3224,.T.);
#4568=EDGE_CURVE('',#3754,#3754,#3225,.T.);
#4569=EDGE_CURVE('',#3755,#3755,#3226,.T.);
#4570=EDGE_CURVE('',#3756,#3756,#3227,.T.);
#4571=EDGE_CURVE('',#3757,#3757,#3228,.T.);
#4572=EDGE_CURVE('',#3758,#3758,#3229,.T.);
#4573=EDGE_CURVE('',#3759,#3759,#3230,.T.);
#4574=EDGE_CURVE('',#3760,#3760,#3231,.T.);
#4575=EDGE_CURVE('',#3761,#3761,#3232,.T.);
#4576=EDGE_CURVE('',#3762,#3762,#3233,.T.);
#4577=EDGE_CURVE('',#3763,#3763,#3234,.T.);
#4578=EDGE_CURVE('',#3764,#3764,#3235,.T.);
#4579=EDGE_CURVE('',#3765,#3765,#3236,.T.);
#4580=EDGE_CURVE('',#3766,#3766,#3237,.T.);
#4581=EDGE_CURVE('',#3767,#3767,#3238,.T.);
#4582=EDGE_CURVE('',#3768,#3768,#3239,.T.);
#4583=EDGE_CURVE('',#3769,#3769,#3240,.T.);
#4584=EDGE_CURVE('',#3770,#3770,#3241,.T.);
#4585=EDGE_CURVE('',#3771,#3771,#3242,.T.);
#4586=EDGE_CURVE('',#3772,#3772,#3243,.T.);
#4587=EDGE_CURVE('',#3773,#3773,#3244,.T.);
#4588=EDGE_CURVE('',#3774,#3774,#3245,.T.);
#4589=EDGE_CURVE('',#3775,#3775,#3246,.T.);
#4590=EDGE_CURVE('',#3776,#3776,#3247,.T.);
#4591=EDGE_CURVE('',#3777,#3777,#3248,.T.);
#4592=EDGE_CURVE('',#3778,#3778,#3249,.T.);
#4593=EDGE_CURVE('',#3779,#3779,#3250,.T.);
#4594=EDGE_CURVE('',#3780,#3780,#3251,.T.);
#4595=EDGE_CURVE('',#3781,#3781,#3252,.T.);
#4596=EDGE_CURVE('',#3782,#3782,#3253,.T.);
#4597=EDGE_CURVE('',#3783,#3783,#3254,.T.);
#4598=EDGE_CURVE('',#3784,#3784,#3255,.T.);
#4599=EDGE_CURVE('',#3785,#3785,#3256,.T.);
#4600=EDGE_CURVE('',#3786,#3786,#3257,.T.);
#4601=EDGE_CURVE('',#3787,#3787,#3258,.T.);
#4602=EDGE_CURVE('',#3788,#3788,#3259,.T.);
#4603=EDGE_CURVE('',#3789,#3789,#3260,.T.);
#4604=EDGE_CURVE('',#3790,#3790,#3261,.T.);
#4605=EDGE_CURVE('',#3791,#3791,#3262,.T.);
#4606=EDGE_CURVE('',#3792,#3792,#3263,.T.);
#4607=EDGE_CURVE('',#3793,#3793,#3264,.T.);
#4608=EDGE_CURVE('',#3794,#3794,#3265,.T.);
#4609=EDGE_CURVE('',#3795,#3795,#3266,.T.);
#4610=EDGE_CURVE('',#3796,#3796,#3267,.T.);
#4611=EDGE_CURVE('',#3797,#3797,#3268,.T.);
#4612=EDGE_CURVE('',#3798,#3798,#3269,.T.);
#4613=EDGE_CURVE('',#3799,#3799,#3270,.T.);
#4614=EDGE_CURVE('',#3800,#3800,#3271,.T.);
#4615=EDGE_CURVE('',#3558,#3801,#51,.T.);
#4616=EDGE_CURVE('',#3801,#3557,#52,.T.);
#4617=EDGE_CURVE('',#3556,#3715,#3272,.T.);
#4618=EDGE_CURVE('',#3629,#3464,#3273,.T.);
#4619=EDGE_CURVE('',#3496,#3802,#53,.T.);
#4620=EDGE_CURVE('',#3802,#3495,#54,.T.);
#4621=EDGE_CURVE('',#3620,#3472,#55,.T.);
#4622=EDGE_CURVE('',#3474,#3619,#56,.T.);
#4623=EDGE_CURVE('',#3473,#3577,#1846,.T.);
#4624=EDGE_CURVE('',#3725,#3576,#57,.T.);
#4625=EDGE_CURVE('',#3578,#3724,#58,.T.);
#4626=EDGE_CURVE('',#3723,#3579,#3274,.T.);
#4627=EDGE_CURVE('',#3575,#3803,#59,.T.);
#4628=EDGE_CURVE('',#3803,#3574,#60,.T.);
#4629=EDGE_CURVE('',#3471,#3621,#3275,.T.);
#4630=EDGE_CURVE('',#3476,#3804,#61,.T.);
#4631=EDGE_CURVE('',#3804,#3475,#62,.T.);
#4632=EDGE_CURVE('',#3581,#3497,#1847,.T.);
#4633=EDGE_CURVE('',#3582,#3498,#1848,.T.);
#4634=EDGE_CURVE('',#3712,#3713,#1849,.T.);
#4635=EDGE_CURVE('',#3583,#3499,#1850,.T.);
#4636=EDGE_CURVE('',#3584,#3500,#1851,.T.);
#4637=EDGE_CURVE('',#3585,#3501,#1852,.T.);
#4638=EDGE_CURVE('',#3586,#3502,#1853,.T.);
#4639=EDGE_CURVE('',#3587,#3503,#1854,.T.);
#4640=EDGE_CURVE('',#3801,#3802,#1855,.T.);
#4641=EDGE_CURVE('',#3612,#3705,#1856,.T.);
#4642=EDGE_CURVE('',#3588,#3504,#1857,.T.);
#4643=EDGE_CURVE('',#3589,#3505,#1858,.T.);
#4644=EDGE_CURVE('',#3590,#3506,#1859,.T.);
#4645=EDGE_CURVE('',#3591,#3507,#1860,.T.);
#4646=EDGE_CURVE('',#3592,#3508,#1861,.T.);
#4647=EDGE_CURVE('',#3593,#3509,#1862,.T.);
#4648=EDGE_CURVE('',#3594,#3510,#1863,.T.);
#4649=EDGE_CURVE('',#3595,#3511,#1864,.T.);
#4650=EDGE_CURVE('',#3596,#3512,#1865,.T.);
#4651=EDGE_CURVE('',#3597,#3513,#1866,.T.);
#4652=EDGE_CURVE('',#3598,#3514,#1867,.T.);
#4653=EDGE_CURVE('',#3599,#3515,#1868,.T.);
#4654=EDGE_CURVE('',#3600,#3516,#1869,.T.);
#4655=EDGE_CURVE('',#3803,#3804,#1870,.T.);
#4656=EDGE_CURVE('',#3601,#3517,#1871,.T.);
#4657=EDGE_CURVE('',#3602,#3518,#1872,.T.);
#4658=EDGE_CURVE('',#3603,#3519,#1873,.T.);
#4659=EDGE_CURVE('',#3708,#3709,#1874,.T.);
#4660=EDGE_CURVE('',#3604,#3520,#1875,.T.);
#4661=EDGE_CURVE('',#3605,#3521,#1876,.T.);
#4662=EDGE_CURVE('',#3606,#3522,#1877,.T.);
#4663=EDGE_CURVE('',#3607,#3523,#1878,.T.);
#4664=EDGE_CURVE('',#3608,#3524,#1879,.T.);
#4665=EDGE_CURVE('',#3609,#3525,#1880,.T.);
#4666=EDGE_CURVE('',#3610,#3526,#1881,.T.);
#4667=EDGE_CURVE('',#3800,#3630,#1882,.T.);
#4668=EDGE_CURVE('',#3799,#3631,#1883,.T.);
#4669=EDGE_CURVE('',#3798,#3632,#1884,.T.);
#4670=EDGE_CURVE('',#3797,#3633,#1885,.T.);
#4671=EDGE_CURVE('',#3796,#3634,#1886,.T.);
#4672=EDGE_CURVE('',#3795,#3635,#1887,.T.);
#4673=EDGE_CURVE('',#3794,#3636,#1888,.T.);
#4674=EDGE_CURVE('',#3793,#3637,#1889,.T.);
#4675=EDGE_CURVE('',#3792,#3638,#1890,.T.);
#4676=EDGE_CURVE('',#3791,#3639,#1891,.T.);
#4677=EDGE_CURVE('',#3790,#3640,#1892,.T.);
#4678=EDGE_CURVE('',#3789,#3641,#1893,.T.);
#4679=EDGE_CURVE('',#3788,#3642,#1894,.T.);
#4680=EDGE_CURVE('',#3787,#3643,#1895,.T.);
#4681=EDGE_CURVE('',#3786,#3644,#1896,.T.);
#4682=EDGE_CURVE('',#3785,#3645,#1897,.T.);
#4683=EDGE_CURVE('',#3784,#3646,#1898,.T.);
#4684=EDGE_CURVE('',#3783,#3647,#1899,.T.);
#4685=EDGE_CURVE('',#3782,#3648,#1900,.T.);
#4686=EDGE_CURVE('',#3781,#3649,#1901,.T.);
#4687=EDGE_CURVE('',#3780,#3650,#1902,.T.);
#4688=EDGE_CURVE('',#3779,#3651,#1903,.T.);
#4689=EDGE_CURVE('',#3778,#3652,#1904,.T.);
#4690=EDGE_CURVE('',#3777,#3653,#1905,.T.);
#4691=EDGE_CURVE('',#3776,#3654,#1906,.T.);
#4692=EDGE_CURVE('',#3775,#3655,#1907,.T.);
#4693=EDGE_CURVE('',#3774,#3656,#1908,.T.);
#4694=EDGE_CURVE('',#3773,#3657,#1909,.T.);
#4695=EDGE_CURVE('',#3772,#3658,#1910,.T.);
#4696=EDGE_CURVE('',#3771,#3659,#1911,.T.);
#4697=EDGE_CURVE('',#3770,#3660,#1912,.T.);
#4698=EDGE_CURVE('',#3769,#3661,#1913,.T.);
#4699=EDGE_CURVE('',#3768,#3662,#1914,.T.);
#4700=EDGE_CURVE('',#3767,#3663,#1915,.T.);
#4701=EDGE_CURVE('',#3766,#3664,#1916,.T.);
#4702=EDGE_CURVE('',#3765,#3665,#1917,.T.);
#4703=EDGE_CURVE('',#3764,#3666,#1918,.T.);
#4704=EDGE_CURVE('',#3763,#3667,#1919,.T.);
#4705=EDGE_CURVE('',#3762,#3668,#1920,.T.);
#4706=EDGE_CURVE('',#3761,#3669,#1921,.T.);
#4707=EDGE_CURVE('',#3760,#3670,#1922,.T.);
#4708=EDGE_CURVE('',#3759,#3671,#1923,.T.);
#4709=EDGE_CURVE('',#3758,#3672,#1924,.T.);
#4710=EDGE_CURVE('',#3757,#3673,#1925,.T.);
#4711=EDGE_CURVE('',#3756,#3674,#1926,.T.);
#4712=EDGE_CURVE('',#3755,#3675,#1927,.T.);
#4713=EDGE_CURVE('',#3754,#3676,#1928,.T.);
#4714=EDGE_CURVE('',#3753,#3677,#1929,.T.);
#4715=EDGE_CURVE('',#3752,#3678,#1930,.T.);
#4716=EDGE_CURVE('',#3751,#3679,#1931,.T.);
#4717=EDGE_CURVE('',#3750,#3680,#1932,.T.);
#4718=EDGE_CURVE('',#3749,#3681,#1933,.T.);
#4719=EDGE_CURVE('',#3748,#3682,#1934,.T.);
#4720=EDGE_CURVE('',#3747,#3683,#1935,.T.);
#4721=EDGE_CURVE('',#3746,#3684,#1936,.T.);
#4722=EDGE_CURVE('',#3745,#3685,#1937,.T.);
#4723=EDGE_CURVE('',#3744,#3686,#1938,.T.);
#4724=EDGE_CURVE('',#3743,#3687,#1939,.T.);
#4725=EDGE_CURVE('',#3742,#3688,#1940,.T.);
#4726=EDGE_CURVE('',#3741,#3689,#1941,.T.);
#4727=EDGE_CURVE('',#3740,#3690,#1942,.T.);
#4728=EDGE_CURVE('',#3739,#3691,#1943,.T.);
#4729=EDGE_CURVE('',#3738,#3692,#1944,.T.);
#4730=EDGE_CURVE('',#3737,#3693,#1945,.T.);
#4731=EDGE_CURVE('',#3736,#3694,#1946,.T.);
#4732=EDGE_CURVE('',#3735,#3695,#1947,.T.);
#4733=EDGE_CURVE('',#3734,#3696,#1948,.T.);
#4734=EDGE_CURVE('',#3733,#3697,#1949,.T.);
#4735=EDGE_CURVE('',#3732,#3698,#1950,.T.);
#4736=EDGE_CURVE('',#3731,#3699,#1951,.T.);
#4737=EDGE_CURVE('',#3730,#3700,#1952,.T.);
#4738=EDGE_CURVE('',#3729,#3701,#1953,.T.);
#4739=EDGE_CURVE('',#3728,#3702,#1954,.T.);
#4740=EDGE_CURVE('',#3727,#3703,#1955,.T.);
#4741=EDGE_CURVE('',#3726,#3704,#1956,.T.);
#4742=EDGE_CURVE('',#3805,#3467,#3276,.T.);
#4743=EDGE_CURVE('',#3806,#3805,#1957,.T.);
#4744=EDGE_CURVE('',#3807,#3806,#1958,.T.);
#4745=EDGE_CURVE('',#3808,#3807,#1959,.T.);
#4746=EDGE_CURVE('',#3580,#3808,#3277,.T.);
#4747=EDGE_CURVE('',#3532,#3807,#1960,.T.);
#4748=EDGE_CURVE('',#3808,#3531,#1961,.T.);
#4749=EDGE_CURVE('',#3806,#3533,#1962,.T.);
#4750=EDGE_CURVE('',#3534,#3805,#1963,.T.);
#4751=EDGE_CURVE('',#3542,#3470,#3278,.T.);
#4752=EDGE_CURVE('',#3546,#3544,#1964,.T.);
#4753=EDGE_CURVE('',#3809,#3543,#1965,.T.);
#4754=EDGE_CURVE('',#3809,#3810,#1966,.T.);
#4755=EDGE_CURVE('',#3811,#3810,#1967,.T.);
#4756=EDGE_CURVE('',#3546,#3811,#1968,.T.);
#4757=EDGE_CURVE('',#3548,#3470,#1969,.T.);
#4758=EDGE_CURVE('',#3812,#3721,#3279,.T.);
#4759=EDGE_CURVE('',#3720,#3813,#3280,.T.);
#4760=EDGE_CURVE('',#3813,#3812,#1970,.T.);
#4761=EDGE_CURVE('',#3814,#3812,#1971,.T.);
#4762=EDGE_CURVE('',#3814,#3547,#1972,.T.);
#4763=EDGE_CURVE('',#3623,#3811,#3281,.T.);
#4764=EDGE_CURVE('',#3622,#3722,#1973,.T.);
#4765=EDGE_CURVE('',#3813,#3815,#1974,.T.);
#4766=EDGE_CURVE('',#3814,#3815,#1975,.T.);
#4767=EDGE_CURVE('',#3816,#3817,#1976,.T.);
#4768=EDGE_CURVE('',#3818,#3817,#1977,.T.);
#4769=EDGE_CURVE('',#3819,#3818,#1978,.T.);
#4770=EDGE_CURVE('',#3816,#3819,#1979,.T.);
#4771=EDGE_CURVE('',#3820,#3821,#1980,.T.);
#4772=EDGE_CURVE('',#3822,#3821,#1981,.T.);
#4773=EDGE_CURVE('',#3823,#3822,#1982,.T.);
#4774=EDGE_CURVE('',#3820,#3823,#1983,.T.);
#4775=EDGE_CURVE('',#3816,#3821,#1984,.T.);
#4776=EDGE_CURVE('',#3822,#3819,#1985,.T.);
#4777=EDGE_CURVE('',#3626,#3820,#3282,.T.);
#4778=EDGE_CURVE('',#3719,#3625,#1986,.T.);
#4779=EDGE_CURVE('',#3817,#3718,#3283,.T.);
#4780=EDGE_CURVE('',#3818,#3717,#3284,.T.);
#4781=EDGE_CURVE('',#3810,#3624,#3285,.T.);
#4782=EDGE_CURVE('',#3815,#3809,#1987,.T.);
#4783=EDGE_CURVE('',#3824,#3458,#1988,.T.);
#4784=EDGE_CURVE('',#3824,#3825,#1989,.T.);
#4785=EDGE_CURVE('',#3825,#3556,#3286,.T.);
#4786=EDGE_CURVE('',#3826,#3825,#1990,.T.);
#4787=EDGE_CURVE('',#3827,#3826,#1991,.T.);
#4788=EDGE_CURVE('',#3827,#3465,#1992,.T.);
#4789=EDGE_CURVE('',#3464,#3556,#1993,.T.);
#4790=EDGE_CURVE('',#3828,#3528,#1994,.T.);
#4791=EDGE_CURVE('',#3824,#3828,#1995,.T.);
#4792=EDGE_CURVE('',#3451,#3827,#1996,.T.);
#4793=EDGE_CURVE('',#3828,#3826,#1997,.T.);
#4794=EDGE_CURVE('',#3627,#3717,#1998,.T.);
#4795=EDGE_CURVE('',#3627,#3823,#3287,.T.);
#4796=EDGE_CURVE('',#3829,#3717,#3288,.T.);
#4797=EDGE_CURVE('',#3716,#3830,#3289,.T.);
#4798=EDGE_CURVE('',#3830,#3829,#1999,.T.);
#4799=EDGE_CURVE('',#3831,#3829,#2000,.T.);
#4800=EDGE_CURVE('',#3832,#3831,#2001,.T.);
#4801=EDGE_CURVE('',#3832,#3833,#2002,.T.);
#4802=EDGE_CURVE('',#3627,#3833,#3290,.T.);
#4803=EDGE_CURVE('',#3834,#3830,#2003,.T.);
#4804=EDGE_CURVE('',#3831,#3834,#2004,.T.);
#4805=EDGE_CURVE('',#3715,#3629,#2005,.T.);
#4806=EDGE_CURVE('',#3628,#3825,#3291,.F.);
#4807=EDGE_CURVE('',#3833,#3826,#2006,.T.);
#4808=EDGE_CURVE('',#3828,#3832,#2007,.T.);
#4809=EDGE_CURVE('',#3834,#3824,#2008,.T.);
#4810=EDGE_CURVE('',#3835,#3835,#3292,.T.);
#4811=EDGE_CURVE('',#3835,#3836,#3293,.T.);
#4812=EDGE_CURVE('',#3836,#3837,#3294,.T.);
#4813=EDGE_CURVE('',#3837,#3836,#3295,.T.);
#4814=EDGE_CURVE('',#3837,#3838,#2009,.T.);
#4815=EDGE_CURVE('',#3838,#3838,#3296,.T.);
#4816=EDGE_CURVE('',#3839,#3839,#3297,.T.);
#4817=EDGE_CURVE('',#3840,#3841,#2010,.T.);
#4818=EDGE_CURVE('',#3841,#3842,#2011,.T.);
#4819=EDGE_CURVE('',#3842,#3843,#2012,.T.);
#4820=EDGE_CURVE('',#3843,#3840,#2013,.T.);
#4821=EDGE_CURVE('',#3844,#3845,#2014,.T.);
#4822=EDGE_CURVE('',#3846,#3844,#2015,.T.);
#4823=EDGE_CURVE('',#3847,#3846,#2016,.T.);
#4824=EDGE_CURVE('',#3845,#3847,#2017,.T.);
#4825=EDGE_CURVE('',#3846,#3848,#2018,.T.);
#4826=EDGE_CURVE('',#3849,#3844,#2019,.T.);
#4827=EDGE_CURVE('',#3848,#3849,#2020,.T.);
#4828=EDGE_CURVE('',#3848,#3850,#2021,.T.);
#4829=EDGE_CURVE('',#3850,#3842,#2022,.T.);
#4830=EDGE_CURVE('',#3841,#3847,#2023,.T.);
#4831=EDGE_CURVE('',#3851,#3851,#3298,.T.);
#4832=EDGE_CURVE('',#3852,#3852,#3299,.T.);
#4833=EDGE_CURVE('',#3845,#3853,#2024,.T.);
#4834=EDGE_CURVE('',#3853,#3854,#2025,.T.);
#4835=EDGE_CURVE('',#3854,#3855,#2026,.T.);
#4836=EDGE_CURVE('',#3855,#3856,#2027,.T.);
#4837=EDGE_CURVE('',#3856,#3857,#2028,.T.);
#4838=EDGE_CURVE('',#3857,#3858,#2029,.T.);
#4839=EDGE_CURVE('',#3858,#3859,#2030,.T.);
#4840=EDGE_CURVE('',#3859,#3860,#2031,.T.);
#4841=EDGE_CURVE('',#3860,#3840,#2032,.T.);
#4842=EDGE_CURVE('',#3843,#3861,#2033,.T.);
#4843=EDGE_CURVE('',#3861,#3862,#2034,.T.);
#4844=EDGE_CURVE('',#3862,#3863,#2035,.T.);
#4845=EDGE_CURVE('',#3863,#3864,#2036,.T.);
#4846=EDGE_CURVE('',#3864,#3865,#2037,.T.);
#4847=EDGE_CURVE('',#3865,#3849,#2038,.T.);
#4848=EDGE_CURVE('',#3866,#3866,#3300,.T.);
#4849=EDGE_CURVE('',#3867,#3868,#3301,.T.);
#4850=EDGE_CURVE('',#3869,#3867,#2039,.T.);
#4851=EDGE_CURVE('',#3869,#3870,#2040,.T.);
#4852=EDGE_CURVE('',#3870,#3871,#2041,.T.);
#4853=EDGE_CURVE('',#3871,#3872,#2042,.T.);
#4854=EDGE_CURVE('',#3873,#3872,#2043,.T.);
#4855=EDGE_CURVE('',#3874,#3873,#3302,.T.);
#4856=EDGE_CURVE('',#3875,#3874,#2044,.T.);
#4857=EDGE_CURVE('',#3876,#3875,#3303,.T.);
#4858=EDGE_CURVE('',#3876,#3877,#2045,.T.);
#4859=EDGE_CURVE('',#3877,#3878,#2046,.T.);
#4860=EDGE_CURVE('',#3878,#3879,#2047,.T.);
#4861=EDGE_CURVE('',#3879,#3880,#2048,.T.);
#4862=EDGE_CURVE('',#3880,#3881,#2049,.T.);
#4863=EDGE_CURVE('',#3882,#3881,#3304,.T.);
#4864=EDGE_CURVE('',#3868,#3882,#2050,.T.);
#4865=EDGE_CURVE('',#3883,#3883,#3305,.T.);
#4866=EDGE_CURVE('',#3884,#3885,#2051,.T.);
#4867=EDGE_CURVE('',#3885,#3886,#2052,.T.);
#4868=EDGE_CURVE('',#3886,#3887,#2053,.T.);
#4869=EDGE_CURVE('',#3887,#3888,#2054,.T.);
#4870=EDGE_CURVE('',#3888,#3889,#2055,.T.);
#4871=EDGE_CURVE('',#3889,#3890,#2056,.T.);
#4872=EDGE_CURVE('',#3890,#3891,#2057,.T.);
#4873=EDGE_CURVE('',#3891,#3892,#2058,.T.);
#4874=EDGE_CURVE('',#3892,#3893,#2059,.T.);
#4875=EDGE_CURVE('',#3893,#3894,#2060,.T.);
#4876=EDGE_CURVE('',#3894,#3895,#2061,.T.);
#4877=EDGE_CURVE('',#3895,#3884,#2062,.T.);
#4878=EDGE_CURVE('',#3896,#3896,#3306,.T.);
#4879=EDGE_CURVE('',#3897,#3898,#2063,.T.);
#4880=EDGE_CURVE('',#3898,#3899,#2064,.T.);
#4881=EDGE_CURVE('',#3899,#3900,#2065,.T.);
#4882=EDGE_CURVE('',#3900,#3897,#2066,.T.);
#4883=EDGE_CURVE('',#3901,#3901,#3307,.T.);
#4884=EDGE_CURVE('',#3902,#3903,#2067,.T.);
#4885=EDGE_CURVE('',#3903,#3904,#2068,.T.);
#4886=EDGE_CURVE('',#3904,#3905,#2069,.T.);
#4887=EDGE_CURVE('',#3905,#3902,#2070,.T.);
#4888=EDGE_CURVE('',#3906,#3906,#3308,.T.);
#4889=EDGE_CURVE('',#3906,#3907,#2071,.T.);
#4890=EDGE_CURVE('',#3907,#3907,#3309,.T.);
#4891=EDGE_CURVE('',#3908,#3909,#2072,.T.);
#4892=EDGE_CURVE('',#3909,#3910,#2073,.T.);
#4893=EDGE_CURVE('',#3910,#3911,#2074,.T.);
#4894=EDGE_CURVE('',#3911,#3908,#2075,.T.);
#4895=EDGE_CURVE('',#3911,#3903,#2076,.T.);
#4896=EDGE_CURVE('',#3908,#3902,#2077,.T.);
#4897=EDGE_CURVE('',#3910,#3904,#2078,.T.);
#4898=EDGE_CURVE('',#3909,#3905,#2079,.T.);
#4899=EDGE_CURVE('',#3912,#3912,#3310,.T.);
#4900=EDGE_CURVE('',#3912,#3913,#3311,.T.);
#4901=EDGE_CURVE('',#3913,#3914,#3312,.T.);
#4902=EDGE_CURVE('',#3914,#3913,#3313,.T.);
#4903=EDGE_CURVE('',#3914,#3901,#2080,.T.);
#4904=EDGE_CURVE('',#3915,#3915,#3314,.T.);
#4905=EDGE_CURVE('',#3916,#3916,#3315,.T.);
#4906=EDGE_CURVE('',#3916,#3917,#3316,.T.);
#4907=EDGE_CURVE('',#3917,#3918,#3317,.T.);
#4908=EDGE_CURVE('',#3918,#3917,#3318,.T.);
#4909=EDGE_CURVE('',#3918,#3919,#2081,.T.);
#4910=EDGE_CURVE('',#3919,#3919,#3319,.T.);
#4911=EDGE_CURVE('',#3920,#3921,#2082,.T.);
#4912=EDGE_CURVE('',#3922,#3920,#2083,.T.);
#4913=EDGE_CURVE('',#3923,#3922,#2084,.T.);
#4914=EDGE_CURVE('',#3921,#3923,#2085,.T.);
#4915=EDGE_CURVE('',#3924,#3925,#2086,.T.);
#4916=EDGE_CURVE('',#3926,#3924,#2087,.T.);
#4917=EDGE_CURVE('',#3927,#3926,#2088,.T.);
#4918=EDGE_CURVE('',#3925,#3927,#2089,.T.);
#4919=EDGE_CURVE('',#3923,#3926,#2090,.T.);
#4920=EDGE_CURVE('',#3927,#3922,#2091,.T.);
#4921=EDGE_CURVE('',#3920,#3928,#2092,.T.);
#4922=EDGE_CURVE('',#3929,#3928,#2093,.T.);
#4923=EDGE_CURVE('',#3930,#3929,#3320,.T.);
#4924=EDGE_CURVE('',#3930,#3931,#2094,.T.);
#4925=EDGE_CURVE('',#3931,#3932,#2095,.T.);
#4926=EDGE_CURVE('',#3932,#3925,#2096,.T.);
#4927=EDGE_CURVE('',#3933,#3921,#2097,.T.);
#4928=EDGE_CURVE('',#3928,#3933,#2098,.T.);
#4929=EDGE_CURVE('',#3934,#3934,#3321,.T.);
#4930=EDGE_CURVE('',#3934,#3935,#3322,.T.);
#4931=EDGE_CURVE('',#3935,#3936,#3323,.T.);
#4932=EDGE_CURVE('',#3936,#3935,#3324,.T.);
#4933=EDGE_CURVE('',#3936,#3937,#2099,.T.);
#4934=EDGE_CURVE('',#3937,#3937,#3325,.T.);
#4935=EDGE_CURVE('',#3938,#3939,#2100,.T.);
#4936=EDGE_CURVE('',#3940,#3938,#2101,.T.);
#4937=EDGE_CURVE('',#3941,#3940,#2102,.T.);
#4938=EDGE_CURVE('',#3939,#3941,#2103,.T.);
#4939=EDGE_CURVE('',#3942,#3943,#2104,.T.);
#4940=EDGE_CURVE('',#3944,#3942,#2105,.T.);
#4941=EDGE_CURVE('',#3945,#3944,#2106,.T.);
#4942=EDGE_CURVE('',#3943,#3945,#2107,.T.);
#4943=EDGE_CURVE('',#3941,#3944,#2108,.T.);
#4944=EDGE_CURVE('',#3945,#3940,#2109,.T.);
#4945=EDGE_CURVE('',#3938,#3946,#2110,.T.);
#4946=EDGE_CURVE('',#3947,#3946,#2111,.T.);
#4947=EDGE_CURVE('',#3948,#3947,#3326,.T.);
#4948=EDGE_CURVE('',#3948,#3949,#2112,.T.);
#4949=EDGE_CURVE('',#3949,#3950,#2113,.T.);
#4950=EDGE_CURVE('',#3950,#3943,#2114,.T.);
#4951=EDGE_CURVE('',#3951,#3939,#2115,.T.);
#4952=EDGE_CURVE('',#3946,#3951,#2116,.T.);
#4953=EDGE_CURVE('',#3952,#3952,#3327,.T.);
#4954=EDGE_CURVE('',#3952,#3953,#3328,.T.);
#4955=EDGE_CURVE('',#3953,#3954,#3329,.T.);
#4956=EDGE_CURVE('',#3954,#3953,#3330,.T.);
#4957=EDGE_CURVE('',#3954,#3955,#2117,.T.);
#4958=EDGE_CURVE('',#3955,#3955,#3331,.T.);
#4959=EDGE_CURVE('',#3956,#3957,#2118,.T.);
#4960=EDGE_CURVE('',#3958,#3956,#2119,.T.);
#4961=EDGE_CURVE('',#3959,#3958,#2120,.T.);
#4962=EDGE_CURVE('',#3957,#3959,#2121,.T.);
#4963=EDGE_CURVE('',#3960,#3961,#2122,.T.);
#4964=EDGE_CURVE('',#3962,#3960,#2123,.T.);
#4965=EDGE_CURVE('',#3963,#3962,#2124,.T.);
#4966=EDGE_CURVE('',#3961,#3963,#2125,.T.);
#4967=EDGE_CURVE('',#3959,#3962,#2126,.T.);
#4968=EDGE_CURVE('',#3963,#3958,#2127,.T.);
#4969=EDGE_CURVE('',#3956,#3964,#2128,.T.);
#4970=EDGE_CURVE('',#3965,#3964,#2129,.T.);
#4971=EDGE_CURVE('',#3966,#3965,#3332,.T.);
#4972=EDGE_CURVE('',#3966,#3967,#2130,.T.);
#4973=EDGE_CURVE('',#3967,#3968,#2131,.T.);
#4974=EDGE_CURVE('',#3968,#3961,#2132,.T.);
#4975=EDGE_CURVE('',#3969,#3957,#2133,.T.);
#4976=EDGE_CURVE('',#3964,#3969,#2134,.T.);
#4977=EDGE_CURVE('',#3970,#3970,#3333,.T.);
#4978=EDGE_CURVE('',#3970,#3971,#3334,.T.);
#4979=EDGE_CURVE('',#3971,#3972,#3335,.T.);
#4980=EDGE_CURVE('',#3972,#3971,#3336,.T.);
#4981=EDGE_CURVE('',#3972,#3973,#2135,.T.);
#4982=EDGE_CURVE('',#3973,#3973,#3337,.T.);
#4983=EDGE_CURVE('',#3974,#3975,#2136,.T.);
#4984=EDGE_CURVE('',#3976,#3974,#2137,.T.);
#4985=EDGE_CURVE('',#3977,#3976,#2138,.T.);
#4986=EDGE_CURVE('',#3975,#3977,#2139,.T.);
#4987=EDGE_CURVE('',#3978,#3979,#2140,.T.);
#4988=EDGE_CURVE('',#3980,#3978,#2141,.T.);
#4989=EDGE_CURVE('',#3981,#3980,#2142,.T.);
#4990=EDGE_CURVE('',#3979,#3981,#2143,.T.);
#4991=EDGE_CURVE('',#3977,#3980,#2144,.T.);
#4992=EDGE_CURVE('',#3981,#3976,#2145,.T.);
#4993=EDGE_CURVE('',#3974,#3982,#2146,.T.);
#4994=EDGE_CURVE('',#3983,#3982,#2147,.T.);
#4995=EDGE_CURVE('',#3984,#3983,#3338,.T.);
#4996=EDGE_CURVE('',#3984,#3985,#2148,.T.);
#4997=EDGE_CURVE('',#3985,#3986,#2149,.T.);
#4998=EDGE_CURVE('',#3986,#3979,#2150,.T.);
#4999=EDGE_CURVE('',#3987,#3975,#2151,.T.);
#5000=EDGE_CURVE('',#3982,#3987,#2152,.T.);
#5001=EDGE_CURVE('',#3988,#3988,#3339,.T.);
#5002=EDGE_CURVE('',#3988,#3989,#3340,.T.);
#5003=EDGE_CURVE('',#3989,#3990,#3341,.T.);
#5004=EDGE_CURVE('',#3990,#3989,#3342,.T.);
#5005=EDGE_CURVE('',#3990,#3991,#2153,.T.);
#5006=EDGE_CURVE('',#3991,#3991,#3343,.T.);
#5007=EDGE_CURVE('',#3992,#3993,#2154,.T.);
#5008=EDGE_CURVE('',#3994,#3992,#2155,.T.);
#5009=EDGE_CURVE('',#3995,#3994,#2156,.T.);
#5010=EDGE_CURVE('',#3993,#3995,#2157,.T.);
#5011=EDGE_CURVE('',#3996,#3997,#2158,.T.);
#5012=EDGE_CURVE('',#3998,#3996,#2159,.T.);
#5013=EDGE_CURVE('',#3999,#3998,#2160,.T.);
#5014=EDGE_CURVE('',#3997,#3999,#2161,.T.);
#5015=EDGE_CURVE('',#3995,#3998,#2162,.T.);
#5016=EDGE_CURVE('',#3999,#3994,#2163,.T.);
#5017=EDGE_CURVE('',#3992,#4000,#2164,.T.);
#5018=EDGE_CURVE('',#4001,#4000,#2165,.T.);
#5019=EDGE_CURVE('',#4002,#4001,#3344,.T.);
#5020=EDGE_CURVE('',#4002,#4003,#2166,.T.);
#5021=EDGE_CURVE('',#4003,#4004,#2167,.T.);
#5022=EDGE_CURVE('',#4004,#3997,#2168,.T.);
#5023=EDGE_CURVE('',#4005,#3993,#2169,.T.);
#5024=EDGE_CURVE('',#4000,#4005,#2170,.T.);
#5025=EDGE_CURVE('',#4006,#4007,#3345,.T.);
#5026=EDGE_CURVE('',#4007,#4008,#2171,.T.);
#5027=EDGE_CURVE('',#4008,#4009,#3346,.T.);
#5028=EDGE_CURVE('',#4009,#4006,#2172,.T.);
#5029=EDGE_CURVE('',#4006,#4010,#2173,.T.);
#5030=EDGE_CURVE('',#4010,#3863,#2174,.T.);
#5031=EDGE_CURVE('',#4011,#3862,#2175,.T.);
#5032=EDGE_CURVE('',#4007,#4011,#2176,.T.);
#5033=EDGE_CURVE('',#4012,#4009,#2177,.T.);
#5034=EDGE_CURVE('',#4003,#4012,#2178,.T.);
#5035=EDGE_CURVE('',#4013,#4002,#2179,.T.);
#5036=EDGE_CURVE('',#4014,#4013,#2180,.T.);
#5037=EDGE_CURVE('',#3985,#4014,#2181,.T.);
#5038=EDGE_CURVE('',#4015,#3984,#2182,.T.);
#5039=EDGE_CURVE('',#4016,#4015,#2183,.T.);
#5040=EDGE_CURVE('',#3967,#4016,#2184,.T.);
#5041=EDGE_CURVE('',#4017,#3966,#2185,.T.);
#5042=EDGE_CURVE('',#4018,#4017,#2186,.T.);
#5043=EDGE_CURVE('',#3949,#4018,#2187,.T.);
#5044=EDGE_CURVE('',#4019,#3948,#2188,.T.);
#5045=EDGE_CURVE('',#4020,#4019,#2189,.T.);
#5046=EDGE_CURVE('',#3931,#4020,#2190,.T.);
#5047=EDGE_CURVE('',#4021,#3930,#2191,.T.);
#5048=EDGE_CURVE('',#4022,#4021,#2192,.T.);
#5049=EDGE_CURVE('',#4010,#4022,#2193,.T.);
#5050=EDGE_CURVE('',#4001,#4023,#2194,.T.);
#5051=EDGE_CURVE('',#4023,#4013,#3347,.T.);
#5052=EDGE_CURVE('',#3983,#4024,#2195,.T.);
#5053=EDGE_CURVE('',#4024,#4015,#3348,.T.);
#5054=EDGE_CURVE('',#3965,#4025,#2196,.T.);
#5055=EDGE_CURVE('',#4025,#4017,#3349,.T.);
#5056=EDGE_CURVE('',#3947,#4026,#2197,.T.);
#5057=EDGE_CURVE('',#4026,#4019,#3350,.T.);
#5058=EDGE_CURVE('',#4027,#4021,#3351,.T.);
#5059=EDGE_CURVE('',#3929,#4027,#2198,.T.);
#5060=EDGE_CURVE('',#4022,#3864,#2199,.T.);
#5061=EDGE_CURVE('',#4027,#4028,#2200,.T.);
#5062=EDGE_CURVE('',#3865,#4028,#2201,.T.);
#5063=EDGE_CURVE('',#4020,#4029,#2202,.T.);
#5064=EDGE_CURVE('',#4029,#3932,#2203,.T.);
#5065=EDGE_CURVE('',#3924,#4029,#2204,.T.);
#5066=EDGE_CURVE('',#3933,#4026,#2205,.T.);
#5067=EDGE_CURVE('',#4018,#4030,#2206,.T.);
#5068=EDGE_CURVE('',#4030,#3950,#2207,.T.);
#5069=EDGE_CURVE('',#3942,#4030,#2208,.T.);
#5070=EDGE_CURVE('',#3951,#4025,#2209,.T.);
#5071=EDGE_CURVE('',#3960,#4031,#2210,.T.);
#5072=EDGE_CURVE('',#4016,#4031,#2211,.T.);
#5073=EDGE_CURVE('',#3969,#4024,#2212,.T.);
#5074=EDGE_CURVE('',#4031,#3968,#2213,.T.);
#5075=EDGE_CURVE('',#3978,#4032,#2214,.T.);
#5076=EDGE_CURVE('',#4014,#4032,#2215,.T.);
#5077=EDGE_CURVE('',#3987,#4023,#2216,.T.);
#5078=EDGE_CURVE('',#4032,#3986,#2217,.T.);
#5079=EDGE_CURVE('',#3996,#4033,#2218,.T.);
#5080=EDGE_CURVE('',#4012,#4033,#2219,.T.);
#5081=EDGE_CURVE('',#4005,#4008,#2220,.T.);
#5082=EDGE_CURVE('',#4033,#4004,#2221,.T.);
#5083=EDGE_CURVE('',#4028,#4011,#2222,.T.);
#5084=EDGE_CURVE('',#3862,#3865,#2223,.T.);
#5085=EDGE_CURVE('',#4034,#3860,#2224,.T.);
#5086=EDGE_CURVE('',#4035,#4034,#2225,.T.);
#5087=EDGE_CURVE('',#4035,#3857,#2226,.T.);
#5088=EDGE_CURVE('',#4036,#3856,#2227,.T.);
#5089=EDGE_CURVE('',#4037,#4036,#2228,.T.);
#5090=EDGE_CURVE('',#4037,#3853,#2229,.T.);
#5091=EDGE_CURVE('',#4038,#4038,#3352,.T.);
#5092=EDGE_CURVE('',#4038,#4039,#3353,.T.);
#5093=EDGE_CURVE('',#4039,#4040,#3354,.T.);
#5094=EDGE_CURVE('',#4040,#4039,#3355,.T.);
#5095=EDGE_CURVE('',#4040,#3866,#2230,.T.);
#5096=EDGE_CURVE('',#4041,#4041,#3356,.T.);
#5097=EDGE_CURVE('',#4041,#4042,#3357,.T.);
#5098=EDGE_CURVE('',#4042,#4043,#3358,.T.);
#5099=EDGE_CURVE('',#4043,#4042,#3359,.T.);
#5100=EDGE_CURVE('',#4043,#3896,#2231,.T.);
#5101=EDGE_CURVE('',#4044,#4044,#3360,.T.);
#5102=EDGE_CURVE('',#4044,#4045,#3361,.T.);
#5103=EDGE_CURVE('',#4045,#4046,#3362,.T.);
#5104=EDGE_CURVE('',#4046,#4045,#3363,.T.);
#5105=EDGE_CURVE('',#4046,#3883,#2232,.T.);
#5106=EDGE_CURVE('',#4047,#4048,#2233,.T.);
#5107=EDGE_CURVE('',#4049,#4047,#2234,.T.);
#5108=EDGE_CURVE('',#4050,#4049,#2235,.T.);
#5109=EDGE_CURVE('',#4048,#4050,#2236,.T.);
#5110=EDGE_CURVE('',#4047,#4051,#2237,.T.);
#5111=EDGE_CURVE('',#4052,#4048,#2238,.T.);
#5112=EDGE_CURVE('',#4051,#4052,#2239,.T.);
#5113=EDGE_CURVE('',#4051,#3854,#2240,.T.);
#5114=EDGE_CURVE('',#4049,#4037,#2241,.T.);
#5115=EDGE_CURVE('',#4036,#4050,#2242,.T.);
#5116=EDGE_CURVE('',#4052,#3855,#2243,.T.);
#5117=EDGE_CURVE('',#4053,#4054,#2244,.T.);
#5118=EDGE_CURVE('',#4054,#4055,#2245,.T.);
#5119=EDGE_CURVE('',#4055,#4056,#2246,.T.);
#5120=EDGE_CURVE('',#4056,#4053,#2247,.T.);
#5121=EDGE_CURVE('',#4056,#3898,#2248,.T.);
#5122=EDGE_CURVE('',#4053,#3897,#2249,.T.);
#5123=EDGE_CURVE('',#4055,#3899,#2250,.T.);
#5124=EDGE_CURVE('',#4054,#3900,#2251,.T.);
#5125=EDGE_CURVE('',#3892,#4057,#2252,.T.);
#5126=EDGE_CURVE('',#4057,#4058,#2253,.T.);
#5127=EDGE_CURVE('',#4058,#3893,#2254,.T.);
#5128=EDGE_CURVE('',#3894,#4059,#2255,.T.);
#5129=EDGE_CURVE('',#4060,#4059,#2256,.T.);
#5130=EDGE_CURVE('',#4060,#3895,#2257,.T.);
#5131=EDGE_CURVE('',#4061,#3891,#2258,.T.);
#5132=EDGE_CURVE('',#4062,#3890,#2259,.T.);
#5133=EDGE_CURVE('',#4061,#4062,#2260,.T.);
#5134=EDGE_CURVE('',#3886,#4063,#2261,.T.);
#5135=EDGE_CURVE('',#4063,#4064,#2262,.T.);
#5136=EDGE_CURVE('',#4064,#3887,#2263,.T.);
#5137=EDGE_CURVE('',#3888,#4065,#2264,.T.);
#5138=EDGE_CURVE('',#4066,#4065,#2265,.T.);
#5139=EDGE_CURVE('',#4066,#3889,#2266,.T.);
#5140=EDGE_CURVE('',#4067,#3885,#2267,.T.);
#5141=EDGE_CURVE('',#4068,#3884,#2268,.T.);
#5142=EDGE_CURVE('',#4067,#4068,#2269,.T.);
#5143=EDGE_CURVE('',#4057,#4064,#2270,.T.);
#5144=EDGE_CURVE('',#4063,#4058,#2271,.T.);
#5145=EDGE_CURVE('',#4059,#4067,#2272,.T.);
#5146=EDGE_CURVE('',#4065,#4061,#2273,.T.);
#5147=EDGE_CURVE('',#4068,#4060,#2274,.T.);
#5148=EDGE_CURVE('',#4062,#4066,#2275,.T.);
#5149=EDGE_CURVE('',#3852,#3839,#2276,.T.);
#5150=EDGE_CURVE('',#3861,#3850,#2277,.T.);
#5151=EDGE_CURVE('',#3851,#3915,#2278,.T.);
#5152=EDGE_CURVE('',#4069,#4070,#2279,.T.);
#5153=EDGE_CURVE('',#4071,#4069,#2280,.T.);
#5154=EDGE_CURVE('',#4072,#4071,#2281,.T.);
#5155=EDGE_CURVE('',#4070,#4072,#2282,.T.);
#5156=EDGE_CURVE('',#4069,#4073,#2283,.T.);
#5157=EDGE_CURVE('',#4074,#4070,#2284,.T.);
#5158=EDGE_CURVE('',#4073,#4074,#2285,.T.);
#5159=EDGE_CURVE('',#4073,#3858,#2286,.T.);
#5160=EDGE_CURVE('',#4071,#4035,#2287,.T.);
#5161=EDGE_CURVE('',#4034,#4072,#2288,.T.);
#5162=EDGE_CURVE('',#4074,#3859,#2289,.T.);
#5163=EDGE_CURVE('',#4075,#4076,#3364,.T.);
#5164=EDGE_CURVE('',#4076,#3874,#2290,.T.);
#5165=EDGE_CURVE('',#3873,#4075,#2291,.T.);
#5166=EDGE_CURVE('',#4076,#4077,#2292,.T.);
#5167=EDGE_CURVE('',#3875,#4077,#2293,.T.);
#5168=EDGE_CURVE('',#4078,#4075,#2294,.T.);
#5169=EDGE_CURVE('',#4079,#4078,#2295,.T.);
#5170=EDGE_CURVE('',#4080,#4079,#3365,.T.);
#5171=EDGE_CURVE('',#4081,#4080,#2296,.T.);
#5172=EDGE_CURVE('',#4082,#4081,#3366,.T.);
#5173=EDGE_CURVE('',#4083,#4082,#2297,.T.);
#5174=EDGE_CURVE('',#4084,#4083,#2298,.T.);
#5175=EDGE_CURVE('',#4077,#4084,#3367,.T.);
#5176=EDGE_CURVE('',#3868,#4085,#2299,.T.);
#5177=EDGE_CURVE('',#4085,#4086,#3368,.T.);
#5178=EDGE_CURVE('',#4086,#3867,#2300,.T.);
#5179=EDGE_CURVE('',#4087,#4085,#2301,.T.);
#5180=EDGE_CURVE('',#4088,#4087,#3369,.T.);
#5181=EDGE_CURVE('',#4089,#4088,#2302,.T.);
#5182=EDGE_CURVE('',#4090,#4089,#2303,.T.);
#5183=EDGE_CURVE('',#4091,#4090,#3370,.T.);
#5184=EDGE_CURVE('',#4092,#4091,#2304,.T.);
#5185=EDGE_CURVE('',#4093,#4092,#3371,.T.);
#5186=EDGE_CURVE('',#4094,#4093,#2305,.T.);
#5187=EDGE_CURVE('',#4086,#4094,#2306,.T.);
#5188=EDGE_CURVE('',#4087,#3882,#2307,.T.);
#5189=EDGE_CURVE('',#4084,#3876,#2308,.T.);
#5190=EDGE_CURVE('',#3877,#4083,#2309,.T.);
#5191=EDGE_CURVE('',#3881,#4088,#2310,.T.);
#5192=EDGE_CURVE('',#4078,#3872,#2311,.T.);
#5193=EDGE_CURVE('',#3869,#4094,#2312,.T.);
#5194=EDGE_CURVE('',#4089,#3880,#2313,.T.);
#5195=EDGE_CURVE('',#4095,#3871,#2314,.T.);
#5196=EDGE_CURVE('',#4096,#4095,#2315,.T.);
#5197=EDGE_CURVE('',#4096,#3878,#2316,.T.);
#5198=EDGE_CURVE('',#4082,#4097,#2317,.T.);
#5199=EDGE_CURVE('',#4097,#4098,#2318,.T.);
#5200=EDGE_CURVE('',#4098,#4079,#2319,.T.);
#5201=EDGE_CURVE('',#4098,#4099,#3372,.T.);
#5202=EDGE_CURVE('',#4099,#4080,#2320,.T.);
#5203=EDGE_CURVE('',#4099,#4100,#2321,.T.);
#5204=EDGE_CURVE('',#4081,#4100,#2322,.T.);
#5205=EDGE_CURVE('',#4100,#4097,#3373,.T.);
#5206=EDGE_CURVE('',#4092,#4101,#2323,.T.);
#5207=EDGE_CURVE('',#4101,#4102,#3374,.T.);
#5208=EDGE_CURVE('',#4093,#4102,#2324,.T.);
#5209=EDGE_CURVE('',#4103,#4091,#2325,.T.);
#5210=EDGE_CURVE('',#4103,#4101,#2326,.T.);
#5211=EDGE_CURVE('',#4104,#4103,#3375,.T.);
#5212=EDGE_CURVE('',#4104,#4090,#2327,.T.);
#5213=EDGE_CURVE('',#4102,#4104,#2328,.T.);
#5214=EDGE_CURVE('',#4105,#4106,#2329,.T.);
#5215=EDGE_CURVE('',#4106,#4096,#2330,.T.);
#5216=EDGE_CURVE('',#4095,#4105,#2331,.T.);
#5217=EDGE_CURVE('',#4105,#3870,#2332,.T.);
#5218=EDGE_CURVE('',#4106,#3879,#2333,.T.);
#5219=ORIENTED_EDGE('',*,*,#4107,.F.);
#5220=ORIENTED_EDGE('',*,*,#4108,.F.);
#5221=ORIENTED_EDGE('',*,*,#4109,.F.);
#5222=ORIENTED_EDGE('',*,*,#4110,.T.);
#5223=ORIENTED_EDGE('',*,*,#4111,.F.);
#5224=ORIENTED_EDGE('',*,*,#4110,.F.);
#5225=ORIENTED_EDGE('',*,*,#4112,.F.);
#5226=ORIENTED_EDGE('',*,*,#4113,.F.);
#5227=ORIENTED_EDGE('',*,*,#4114,.F.);
#5228=ORIENTED_EDGE('',*,*,#4115,.F.);
#5229=ORIENTED_EDGE('',*,*,#4116,.F.);
#5230=ORIENTED_EDGE('',*,*,#4108,.T.);
#5231=ORIENTED_EDGE('',*,*,#4114,.T.);
#5232=ORIENTED_EDGE('',*,*,#4107,.T.);
#5233=ORIENTED_EDGE('',*,*,#4111,.T.);
#5234=ORIENTED_EDGE('',*,*,#4117,.T.);
#5235=ORIENTED_EDGE('',*,*,#4118,.F.);
#5236=ORIENTED_EDGE('',*,*,#4119,.F.);
#5237=ORIENTED_EDGE('',*,*,#4120,.F.);
#5238=ORIENTED_EDGE('',*,*,#4121,.F.);
#5239=ORIENTED_EDGE('',*,*,#4122,.F.);
#5240=ORIENTED_EDGE('',*,*,#4123,.F.);
#5241=ORIENTED_EDGE('',*,*,#4124,.T.);
#5242=ORIENTED_EDGE('',*,*,#4113,.T.);
#5243=ORIENTED_EDGE('',*,*,#4125,.F.);
#5244=ORIENTED_EDGE('',*,*,#4126,.F.);
#5245=ORIENTED_EDGE('',*,*,#4117,.F.);
#5246=ORIENTED_EDGE('',*,*,#4127,.F.);
#5247=ORIENTED_EDGE('',*,*,#4128,.T.);
#5248=ORIENTED_EDGE('',*,*,#4129,.T.);
#5249=ORIENTED_EDGE('',*,*,#4130,.T.);
#5250=ORIENTED_EDGE('',*,*,#4131,.T.);
#5251=ORIENTED_EDGE('',*,*,#4132,.F.);
#5252=ORIENTED_EDGE('',*,*,#4133,.T.);
#5253=ORIENTED_EDGE('',*,*,#4134,.T.);
#5254=ORIENTED_EDGE('',*,*,#4135,.T.);
#5255=ORIENTED_EDGE('',*,*,#4136,.T.);
#5256=ORIENTED_EDGE('',*,*,#4137,.T.);
#5257=ORIENTED_EDGE('',*,*,#4138,.T.);
#5258=ORIENTED_EDGE('',*,*,#4139,.T.);
#5259=ORIENTED_EDGE('',*,*,#4140,.T.);
#5260=ORIENTED_EDGE('',*,*,#4141,.T.);
#5261=ORIENTED_EDGE('',*,*,#4142,.T.);
#5262=ORIENTED_EDGE('',*,*,#4143,.F.);
#5263=ORIENTED_EDGE('',*,*,#4144,.F.);
#5264=ORIENTED_EDGE('',*,*,#4145,.F.);
#5265=ORIENTED_EDGE('',*,*,#4146,.F.);
#5266=ORIENTED_EDGE('',*,*,#4147,.F.);
#5267=ORIENTED_EDGE('',*,*,#4148,.T.);
#5268=ORIENTED_EDGE('',*,*,#4149,.F.);
#5269=ORIENTED_EDGE('',*,*,#4148,.F.);
#5270=ORIENTED_EDGE('',*,*,#4150,.F.);
#5271=ORIENTED_EDGE('',*,*,#4151,.F.);
#5272=ORIENTED_EDGE('',*,*,#4152,.F.);
#5273=ORIENTED_EDGE('',*,*,#4153,.F.);
#5274=ORIENTED_EDGE('',*,*,#4154,.F.);
#5275=ORIENTED_EDGE('',*,*,#4146,.T.);
#5276=ORIENTED_EDGE('',*,*,#4152,.T.);
#5277=ORIENTED_EDGE('',*,*,#4145,.T.);
#5278=ORIENTED_EDGE('',*,*,#4149,.T.);
#5279=ORIENTED_EDGE('',*,*,#4155,.F.);
#5280=ORIENTED_EDGE('',*,*,#4128,.F.);
#5281=ORIENTED_EDGE('',*,*,#4156,.F.);
#5282=ORIENTED_EDGE('',*,*,#4157,.F.);
#5283=ORIENTED_EDGE('',*,*,#4158,.F.);
#5284=ORIENTED_EDGE('',*,*,#4159,.F.);
#5285=ORIENTED_EDGE('',*,*,#4160,.F.);
#5286=ORIENTED_EDGE('',*,*,#4161,.F.);
#5287=ORIENTED_EDGE('',*,*,#4151,.T.);
#5288=ORIENTED_EDGE('',*,*,#4162,.F.);
#5289=ORIENTED_EDGE('',*,*,#4129,.F.);
#5290=ORIENTED_EDGE('',*,*,#4155,.T.);
#5291=ORIENTED_EDGE('',*,*,#4163,.T.);
#5292=ORIENTED_EDGE('',*,*,#4164,.T.);
#5293=ORIENTED_EDGE('',*,*,#4160,.T.);
#5294=ORIENTED_EDGE('',*,*,#4165,.T.);
#5295=ORIENTED_EDGE('',*,*,#4153,.T.);
#5296=ORIENTED_EDGE('',*,*,#4161,.T.);
#5297=ORIENTED_EDGE('',*,*,#4164,.F.);
#5298=ORIENTED_EDGE('',*,*,#4166,.F.);
#5299=ORIENTED_EDGE('',*,*,#4154,.T.);
#5300=ORIENTED_EDGE('',*,*,#4166,.T.);
#5301=ORIENTED_EDGE('',*,*,#4163,.F.);
#5302=ORIENTED_EDGE('',*,*,#4167,.T.);
#5303=ORIENTED_EDGE('',*,*,#4168,.T.);
#5304=ORIENTED_EDGE('',*,*,#4169,.F.);
#5305=ORIENTED_EDGE('',*,*,#4170,.F.);
#5306=ORIENTED_EDGE('',*,*,#4131,.F.);
#5307=ORIENTED_EDGE('',*,*,#4130,.F.);
#5308=ORIENTED_EDGE('',*,*,#4162,.T.);
#5309=ORIENTED_EDGE('',*,*,#4150,.T.);
#5310=ORIENTED_EDGE('',*,*,#4147,.T.);
#5311=ORIENTED_EDGE('',*,*,#4171,.T.);
#5312=ORIENTED_EDGE('',*,*,#4172,.T.);
#5313=ORIENTED_EDGE('',*,*,#4173,.T.);
#5314=ORIENTED_EDGE('',*,*,#4174,.T.);
#5315=ORIENTED_EDGE('',*,*,#4118,.T.);
#5316=ORIENTED_EDGE('',*,*,#4126,.T.);
#5317=ORIENTED_EDGE('',*,*,#4115,.T.);
#5318=ORIENTED_EDGE('',*,*,#4124,.F.);
#5319=ORIENTED_EDGE('',*,*,#4175,.F.);
#5320=ORIENTED_EDGE('',*,*,#4176,.F.);
#5321=ORIENTED_EDGE('',*,*,#4120,.T.);
#5322=ORIENTED_EDGE('',*,*,#4177,.T.);
#5323=ORIENTED_EDGE('',*,*,#4178,.T.);
#5324=ORIENTED_EDGE('',*,*,#4179,.T.);
#5325=ORIENTED_EDGE('',*,*,#4179,.F.);
#5326=ORIENTED_EDGE('',*,*,#4180,.T.);
#5327=ORIENTED_EDGE('',*,*,#4181,.F.);
#5328=ORIENTED_EDGE('',*,*,#4168,.F.);
#5329=ORIENTED_EDGE('',*,*,#4182,.F.);
#5330=ORIENTED_EDGE('',*,*,#4158,.T.);
#5331=ORIENTED_EDGE('',*,*,#4183,.F.);
#5332=ORIENTED_EDGE('',*,*,#4121,.T.);
#5333=ORIENTED_EDGE('',*,*,#4116,.T.);
#5334=ORIENTED_EDGE('',*,*,#4176,.T.);
#5335=ORIENTED_EDGE('',*,*,#4184,.F.);
#5336=ORIENTED_EDGE('',*,*,#4185,.F.);
#5337=ORIENTED_EDGE('',*,*,#4180,.F.);
#5338=ORIENTED_EDGE('',*,*,#4178,.F.);
#5339=ORIENTED_EDGE('',*,*,#4186,.F.);
#5340=ORIENTED_EDGE('',*,*,#4173,.F.);
#5341=ORIENTED_EDGE('',*,*,#4125,.T.);
#5342=ORIENTED_EDGE('',*,*,#4112,.T.);
#5343=ORIENTED_EDGE('',*,*,#4109,.T.);
#5344=ORIENTED_EDGE('',*,*,#4187,.F.);
#5345=ORIENTED_EDGE('',*,*,#4188,.T.);
#5346=ORIENTED_EDGE('',*,*,#4172,.F.);
#5347=ORIENTED_EDGE('',*,*,#4188,.F.);
#5348=ORIENTED_EDGE('',*,*,#4187,.T.);
#5349=ORIENTED_EDGE('',*,*,#4189,.F.);
#5350=ORIENTED_EDGE('',*,*,#4190,.T.);
#5351=ORIENTED_EDGE('',*,*,#4171,.F.);
#5352=ORIENTED_EDGE('',*,*,#4190,.F.);
#5353=ORIENTED_EDGE('',*,*,#4189,.T.);
#5354=ORIENTED_EDGE('',*,*,#4184,.T.);
#5355=ORIENTED_EDGE('',*,*,#4175,.T.);
#5356=ORIENTED_EDGE('',*,*,#4123,.T.);
#5357=ORIENTED_EDGE('',*,*,#4191,.T.);
#5358=ORIENTED_EDGE('',*,*,#4192,.T.);
#5359=ORIENTED_EDGE('',*,*,#4156,.T.);
#5360=ORIENTED_EDGE('',*,*,#4127,.T.);
#5361=ORIENTED_EDGE('',*,*,#4144,.T.);
#5362=ORIENTED_EDGE('',*,*,#4193,.T.);
#5363=ORIENTED_EDGE('',*,*,#4193,.F.);
#5364=ORIENTED_EDGE('',*,*,#4143,.T.);
#5365=ORIENTED_EDGE('',*,*,#4194,.T.);
#5366=ORIENTED_EDGE('',*,*,#4195,.T.);
#5367=ORIENTED_EDGE('',*,*,#4132,.T.);
#5368=ORIENTED_EDGE('',*,*,#4170,.T.);
#5369=ORIENTED_EDGE('',*,*,#4196,.T.);
#5370=ORIENTED_EDGE('',*,*,#4197,.T.);
#5371=ORIENTED_EDGE('',*,*,#4198,.F.);
#5372=ORIENTED_EDGE('',*,*,#4199,.F.);
#5373=ORIENTED_EDGE('',*,*,#4200,.F.);
#5374=ORIENTED_EDGE('',*,*,#4191,.F.);
#5375=ORIENTED_EDGE('',*,*,#4200,.T.);
#5376=ORIENTED_EDGE('',*,*,#4169,.T.);
#5377=ORIENTED_EDGE('',*,*,#4181,.T.);
#5378=ORIENTED_EDGE('',*,*,#4185,.T.);
#5379=ORIENTED_EDGE('',*,*,#4192,.F.);
#5380=ORIENTED_EDGE('',*,*,#4195,.F.);
#5381=ORIENTED_EDGE('',*,*,#4201,.T.);
#5382=ORIENTED_EDGE('',*,*,#4202,.T.);
#5383=ORIENTED_EDGE('',*,*,#4203,.T.);
#5384=ORIENTED_EDGE('',*,*,#4204,.T.);
#5385=ORIENTED_EDGE('',*,*,#4205,.T.);
#5386=ORIENTED_EDGE('',*,*,#4206,.T.);
#5387=ORIENTED_EDGE('',*,*,#4207,.T.);
#5388=ORIENTED_EDGE('',*,*,#4208,.T.);
#5389=ORIENTED_EDGE('',*,*,#4209,.T.);
#5390=ORIENTED_EDGE('',*,*,#4210,.T.);
#5391=ORIENTED_EDGE('',*,*,#4196,.F.);
#5392=ORIENTED_EDGE('',*,*,#4199,.T.);
#5393=ORIENTED_EDGE('',*,*,#4211,.F.);
#5394=ORIENTED_EDGE('',*,*,#4203,.F.);
#5395=ORIENTED_EDGE('',*,*,#4212,.F.);
#5396=ORIENTED_EDGE('',*,*,#4140,.F.);
#5397=ORIENTED_EDGE('',*,*,#4212,.T.);
#5398=ORIENTED_EDGE('',*,*,#4202,.F.);
#5399=ORIENTED_EDGE('',*,*,#4213,.F.);
#5400=ORIENTED_EDGE('',*,*,#4141,.F.);
#5401=ORIENTED_EDGE('',*,*,#4213,.T.);
#5402=ORIENTED_EDGE('',*,*,#4201,.F.);
#5403=ORIENTED_EDGE('',*,*,#4194,.F.);
#5404=ORIENTED_EDGE('',*,*,#4142,.F.);
#5405=ORIENTED_EDGE('',*,*,#4197,.F.);
#5406=ORIENTED_EDGE('',*,*,#4210,.F.);
#5407=ORIENTED_EDGE('',*,*,#4214,.F.);
#5408=ORIENTED_EDGE('',*,*,#4133,.F.);
#5409=ORIENTED_EDGE('',*,*,#4214,.T.);
#5410=ORIENTED_EDGE('',*,*,#4209,.F.);
#5411=ORIENTED_EDGE('',*,*,#4215,.F.);
#5412=ORIENTED_EDGE('',*,*,#4134,.F.);
#5413=ORIENTED_EDGE('',*,*,#4215,.T.);
#5414=ORIENTED_EDGE('',*,*,#4208,.F.);
#5415=ORIENTED_EDGE('',*,*,#4216,.F.);
#5416=ORIENTED_EDGE('',*,*,#4135,.F.);
#5417=ORIENTED_EDGE('',*,*,#4216,.T.);
#5418=ORIENTED_EDGE('',*,*,#4207,.F.);
#5419=ORIENTED_EDGE('',*,*,#4217,.F.);
#5420=ORIENTED_EDGE('',*,*,#4136,.F.);
#5421=ORIENTED_EDGE('',*,*,#4217,.T.);
#5422=ORIENTED_EDGE('',*,*,#4206,.F.);
#5423=ORIENTED_EDGE('',*,*,#4218,.F.);
#5424=ORIENTED_EDGE('',*,*,#4137,.F.);
#5425=ORIENTED_EDGE('',*,*,#4218,.T.);
#5426=ORIENTED_EDGE('',*,*,#4205,.F.);
#5427=ORIENTED_EDGE('',*,*,#4219,.F.);
#5428=ORIENTED_EDGE('',*,*,#4138,.F.);
#5429=ORIENTED_EDGE('',*,*,#4219,.T.);
#5430=ORIENTED_EDGE('',*,*,#4204,.F.);
#5431=ORIENTED_EDGE('',*,*,#4211,.T.);
#5432=ORIENTED_EDGE('',*,*,#4139,.F.);
#5433=ORIENTED_EDGE('',*,*,#4198,.T.);
#5434=ORIENTED_EDGE('',*,*,#4122,.T.);
#5435=ORIENTED_EDGE('',*,*,#4183,.T.);
#5436=ORIENTED_EDGE('',*,*,#4157,.T.);
#5437=ORIENTED_EDGE('',*,*,#4174,.F.);
#5438=ORIENTED_EDGE('',*,*,#4186,.T.);
#5439=ORIENTED_EDGE('',*,*,#4177,.F.);
#5440=ORIENTED_EDGE('',*,*,#4119,.T.);
#5441=ORIENTED_EDGE('',*,*,#4165,.F.);
#5442=ORIENTED_EDGE('',*,*,#4159,.T.);
#5443=ORIENTED_EDGE('',*,*,#4182,.T.);
#5444=ORIENTED_EDGE('',*,*,#4167,.F.);
#5445=ORIENTED_EDGE('',*,*,#4220,.F.);
#5446=ORIENTED_EDGE('',*,*,#4221,.T.);
#5447=ORIENTED_EDGE('',*,*,#4222,.F.);
#5448=ORIENTED_EDGE('',*,*,#4221,.F.);
#5449=ORIENTED_EDGE('',*,*,#4223,.T.);
#5450=ORIENTED_EDGE('',*,*,#4224,.T.);
#5451=ORIENTED_EDGE('',*,*,#4225,.T.);
#5452=ORIENTED_EDGE('',*,*,#4226,.T.);
#5453=ORIENTED_EDGE('',*,*,#4225,.F.);
#5454=ORIENTED_EDGE('',*,*,#4227,.F.);
#5455=ORIENTED_EDGE('',*,*,#4228,.F.);
#5456=ORIENTED_EDGE('',*,*,#4229,.T.);
#5457=ORIENTED_EDGE('',*,*,#4230,.F.);
#5458=ORIENTED_EDGE('',*,*,#4231,.T.);
#5459=ORIENTED_EDGE('',*,*,#4224,.F.);
#5460=ORIENTED_EDGE('',*,*,#4232,.T.);
#5461=ORIENTED_EDGE('',*,*,#4233,.F.);
#5462=ORIENTED_EDGE('',*,*,#4227,.T.);
#5463=ORIENTED_EDGE('',*,*,#4222,.T.);
#5464=ORIENTED_EDGE('',*,*,#4234,.F.);
#5465=ORIENTED_EDGE('',*,*,#4235,.F.);
#5466=ORIENTED_EDGE('',*,*,#4236,.F.);
#5467=ORIENTED_EDGE('',*,*,#4237,.F.);
#5468=ORIENTED_EDGE('',*,*,#4238,.F.);
#5469=ORIENTED_EDGE('',*,*,#4231,.F.);
#5470=ORIENTED_EDGE('',*,*,#4238,.T.);
#5471=ORIENTED_EDGE('',*,*,#4239,.T.);
#5472=ORIENTED_EDGE('',*,*,#4240,.T.);
#5473=ORIENTED_EDGE('',*,*,#4241,.T.);
#5474=ORIENTED_EDGE('',*,*,#4237,.T.);
#5475=ORIENTED_EDGE('',*,*,#4242,.T.);
#5476=ORIENTED_EDGE('',*,*,#4243,.F.);
#5477=ORIENTED_EDGE('',*,*,#4244,.T.);
#5478=ORIENTED_EDGE('',*,*,#4245,.T.);
#5479=ORIENTED_EDGE('',*,*,#4246,.F.);
#5480=ORIENTED_EDGE('',*,*,#4247,.T.);
#5481=ORIENTED_EDGE('',*,*,#4248,.F.);
#5482=ORIENTED_EDGE('',*,*,#4249,.T.);
#5483=ORIENTED_EDGE('',*,*,#4250,.T.);
#5484=ORIENTED_EDGE('',*,*,#4251,.F.);
#5485=ORIENTED_EDGE('',*,*,#4252,.T.);
#5486=ORIENTED_EDGE('',*,*,#4253,.F.);
#5487=ORIENTED_EDGE('',*,*,#4254,.T.);
#5488=ORIENTED_EDGE('',*,*,#4255,.T.);
#5489=ORIENTED_EDGE('',*,*,#4256,.F.);
#5490=ORIENTED_EDGE('',*,*,#4257,.T.);
#5491=ORIENTED_EDGE('',*,*,#4258,.F.);
#5492=ORIENTED_EDGE('',*,*,#4259,.T.);
#5493=ORIENTED_EDGE('',*,*,#4260,.T.);
#5494=ORIENTED_EDGE('',*,*,#4261,.F.);
#5495=ORIENTED_EDGE('',*,*,#4262,.T.);
#5496=ORIENTED_EDGE('',*,*,#4263,.F.);
#5497=ORIENTED_EDGE('',*,*,#4264,.T.);
#5498=ORIENTED_EDGE('',*,*,#4265,.T.);
#5499=ORIENTED_EDGE('',*,*,#4266,.F.);
#5500=ORIENTED_EDGE('',*,*,#4267,.T.);
#5501=ORIENTED_EDGE('',*,*,#4268,.F.);
#5502=ORIENTED_EDGE('',*,*,#4269,.T.);
#5503=ORIENTED_EDGE('',*,*,#4270,.T.);
#5504=ORIENTED_EDGE('',*,*,#4271,.F.);
#5505=ORIENTED_EDGE('',*,*,#4272,.T.);
#5506=ORIENTED_EDGE('',*,*,#4273,.F.);
#5507=ORIENTED_EDGE('',*,*,#4239,.F.);
#5508=ORIENTED_EDGE('',*,*,#4274,.T.);
#5509=ORIENTED_EDGE('',*,*,#4275,.T.);
#5510=ORIENTED_EDGE('',*,*,#4276,.T.);
#5511=ORIENTED_EDGE('',*,*,#4277,.T.);
#5512=ORIENTED_EDGE('',*,*,#4278,.T.);
#5513=ORIENTED_EDGE('',*,*,#4279,.T.);
#5514=ORIENTED_EDGE('',*,*,#4280,.T.);
#5515=ORIENTED_EDGE('',*,*,#4281,.T.);
#5516=ORIENTED_EDGE('',*,*,#4282,.T.);
#5517=ORIENTED_EDGE('',*,*,#4283,.T.);
#5518=ORIENTED_EDGE('',*,*,#4284,.T.);
#5519=ORIENTED_EDGE('',*,*,#4285,.T.);
#5520=ORIENTED_EDGE('',*,*,#4286,.T.);
#5521=ORIENTED_EDGE('',*,*,#4287,.T.);
#5522=ORIENTED_EDGE('',*,*,#4288,.T.);
#5523=ORIENTED_EDGE('',*,*,#4289,.T.);
#5524=ORIENTED_EDGE('',*,*,#4290,.T.);
#5525=ORIENTED_EDGE('',*,*,#4291,.T.);
#5526=ORIENTED_EDGE('',*,*,#4292,.T.);
#5527=ORIENTED_EDGE('',*,*,#4293,.T.);
#5528=ORIENTED_EDGE('',*,*,#4294,.T.);
#5529=ORIENTED_EDGE('',*,*,#4295,.T.);
#5530=ORIENTED_EDGE('',*,*,#4296,.T.);
#5531=ORIENTED_EDGE('',*,*,#4297,.T.);
#5532=ORIENTED_EDGE('',*,*,#4298,.T.);
#5533=ORIENTED_EDGE('',*,*,#4299,.T.);
#5534=ORIENTED_EDGE('',*,*,#4300,.T.);
#5535=ORIENTED_EDGE('',*,*,#4301,.T.);
#5536=ORIENTED_EDGE('',*,*,#4302,.T.);
#5537=ORIENTED_EDGE('',*,*,#4303,.T.);
#5538=ORIENTED_EDGE('',*,*,#4230,.T.);
#5539=ORIENTED_EDGE('',*,*,#4304,.T.);
#5540=ORIENTED_EDGE('',*,*,#4305,.T.);
#5541=ORIENTED_EDGE('',*,*,#4306,.T.);
#5542=ORIENTED_EDGE('',*,*,#4304,.F.);
#5543=ORIENTED_EDGE('',*,*,#4229,.F.);
#5544=ORIENTED_EDGE('',*,*,#4307,.F.);
#5545=ORIENTED_EDGE('',*,*,#4308,.T.);
#5546=ORIENTED_EDGE('',*,*,#4220,.T.);
#5547=ORIENTED_EDGE('',*,*,#4307,.T.);
#5548=ORIENTED_EDGE('',*,*,#4228,.T.);
#5549=ORIENTED_EDGE('',*,*,#4233,.T.);
#5550=ORIENTED_EDGE('',*,*,#4309,.T.);
#5551=ORIENTED_EDGE('',*,*,#4310,.F.);
#5552=ORIENTED_EDGE('',*,*,#4311,.F.);
#5553=ORIENTED_EDGE('',*,*,#4312,.F.);
#5554=ORIENTED_EDGE('',*,*,#4313,.F.);
#5555=ORIENTED_EDGE('',*,*,#4314,.F.);
#5556=ORIENTED_EDGE('',*,*,#4315,.F.);
#5557=ORIENTED_EDGE('',*,*,#4242,.F.);
#5558=ORIENTED_EDGE('',*,*,#4236,.T.);
#5559=ORIENTED_EDGE('',*,*,#4316,.F.);
#5560=ORIENTED_EDGE('',*,*,#4317,.F.);
#5561=ORIENTED_EDGE('',*,*,#4318,.F.);
#5562=ORIENTED_EDGE('',*,*,#4319,.F.);
#5563=ORIENTED_EDGE('',*,*,#4320,.F.);
#5564=ORIENTED_EDGE('',*,*,#4245,.F.);
#5565=ORIENTED_EDGE('',*,*,#4321,.F.);
#5566=ORIENTED_EDGE('',*,*,#4322,.F.);
#5567=ORIENTED_EDGE('',*,*,#4319,.T.);
#5568=ORIENTED_EDGE('',*,*,#4323,.F.);
#5569=ORIENTED_EDGE('',*,*,#4324,.T.);
#5570=ORIENTED_EDGE('',*,*,#4325,.F.);
#5571=ORIENTED_EDGE('',*,*,#4318,.T.);
#5572=ORIENTED_EDGE('',*,*,#4326,.T.);
#5573=ORIENTED_EDGE('',*,*,#4327,.F.);
#5574=ORIENTED_EDGE('',*,*,#4328,.T.);
#5575=ORIENTED_EDGE('',*,*,#4323,.T.);
#5576=ORIENTED_EDGE('',*,*,#4317,.T.);
#5577=ORIENTED_EDGE('',*,*,#4329,.F.);
#5578=ORIENTED_EDGE('',*,*,#4330,.F.);
#5579=ORIENTED_EDGE('',*,*,#4331,.F.);
#5580=ORIENTED_EDGE('',*,*,#4332,.F.);
#5581=ORIENTED_EDGE('',*,*,#4326,.F.);
#5582=ORIENTED_EDGE('',*,*,#4316,.T.);
#5583=ORIENTED_EDGE('',*,*,#4333,.T.);
#5584=ORIENTED_EDGE('',*,*,#4334,.T.);
#5585=ORIENTED_EDGE('',*,*,#4329,.T.);
#5586=ORIENTED_EDGE('',*,*,#4269,.F.);
#5587=ORIENTED_EDGE('',*,*,#4335,.F.);
#5588=ORIENTED_EDGE('',*,*,#4336,.F.);
#5589=ORIENTED_EDGE('',*,*,#4337,.F.);
#5590=ORIENTED_EDGE('',*,*,#4270,.F.);
#5591=ORIENTED_EDGE('',*,*,#4338,.T.);
#5592=ORIENTED_EDGE('',*,*,#4339,.F.);
#5593=ORIENTED_EDGE('',*,*,#4340,.F.);
#5594=ORIENTED_EDGE('',*,*,#4341,.F.);
#5595=ORIENTED_EDGE('',*,*,#4342,.F.);
#5596=ORIENTED_EDGE('',*,*,#4343,.F.);
#5597=ORIENTED_EDGE('',*,*,#4338,.F.);
#5598=ORIENTED_EDGE('',*,*,#4235,.T.);
#5599=ORIENTED_EDGE('',*,*,#4344,.F.);
#5600=ORIENTED_EDGE('',*,*,#4345,.F.);
#5601=ORIENTED_EDGE('',*,*,#4346,.T.);
#5602=ORIENTED_EDGE('',*,*,#4347,.F.);
#5603=ORIENTED_EDGE('',*,*,#4339,.T.);
#5604=ORIENTED_EDGE('',*,*,#4343,.T.);
#5605=ORIENTED_EDGE('',*,*,#4348,.F.);
#5606=ORIENTED_EDGE('',*,*,#4349,.T.);
#5607=ORIENTED_EDGE('',*,*,#4350,.F.);
#5608=ORIENTED_EDGE('',*,*,#4351,.T.);
#5609=ORIENTED_EDGE('',*,*,#4352,.T.);
#5610=ORIENTED_EDGE('',*,*,#4353,.F.);
#5611=ORIENTED_EDGE('',*,*,#4354,.T.);
#5612=ORIENTED_EDGE('',*,*,#4355,.F.);
#5613=ORIENTED_EDGE('',*,*,#4356,.T.);
#5614=ORIENTED_EDGE('',*,*,#4357,.T.);
#5615=ORIENTED_EDGE('',*,*,#4358,.F.);
#5616=ORIENTED_EDGE('',*,*,#4359,.T.);
#5617=ORIENTED_EDGE('',*,*,#4360,.F.);
#5618=ORIENTED_EDGE('',*,*,#4361,.T.);
#5619=ORIENTED_EDGE('',*,*,#4362,.T.);
#5620=ORIENTED_EDGE('',*,*,#4363,.F.);
#5621=ORIENTED_EDGE('',*,*,#4364,.T.);
#5622=ORIENTED_EDGE('',*,*,#4365,.F.);
#5623=ORIENTED_EDGE('',*,*,#4366,.T.);
#5624=ORIENTED_EDGE('',*,*,#4367,.T.);
#5625=ORIENTED_EDGE('',*,*,#4368,.F.);
#5626=ORIENTED_EDGE('',*,*,#4369,.T.);
#5627=ORIENTED_EDGE('',*,*,#4333,.F.);
#5628=ORIENTED_EDGE('',*,*,#4322,.T.);
#5629=ORIENTED_EDGE('',*,*,#4370,.T.);
#5630=ORIENTED_EDGE('',*,*,#4371,.F.);
#5631=ORIENTED_EDGE('',*,*,#4310,.T.);
#5632=ORIENTED_EDGE('',*,*,#4372,.T.);
#5633=ORIENTED_EDGE('',*,*,#4373,.T.);
#5634=ORIENTED_EDGE('',*,*,#4374,.T.);
#5635=ORIENTED_EDGE('',*,*,#4375,.T.);
#5636=ORIENTED_EDGE('',*,*,#4376,.T.);
#5637=ORIENTED_EDGE('',*,*,#4377,.T.);
#5638=ORIENTED_EDGE('',*,*,#4378,.T.);
#5639=ORIENTED_EDGE('',*,*,#4379,.T.);
#5640=ORIENTED_EDGE('',*,*,#4380,.T.);
#5641=ORIENTED_EDGE('',*,*,#4381,.T.);
#5642=ORIENTED_EDGE('',*,*,#4382,.T.);
#5643=ORIENTED_EDGE('',*,*,#4383,.T.);
#5644=ORIENTED_EDGE('',*,*,#4384,.T.);
#5645=ORIENTED_EDGE('',*,*,#4385,.T.);
#5646=ORIENTED_EDGE('',*,*,#4386,.T.);
#5647=ORIENTED_EDGE('',*,*,#4387,.T.);
#5648=ORIENTED_EDGE('',*,*,#4388,.T.);
#5649=ORIENTED_EDGE('',*,*,#4389,.T.);
#5650=ORIENTED_EDGE('',*,*,#4390,.T.);
#5651=ORIENTED_EDGE('',*,*,#4391,.T.);
#5652=ORIENTED_EDGE('',*,*,#4392,.T.);
#5653=ORIENTED_EDGE('',*,*,#4393,.T.);
#5654=ORIENTED_EDGE('',*,*,#4394,.T.);
#5655=ORIENTED_EDGE('',*,*,#4395,.T.);
#5656=ORIENTED_EDGE('',*,*,#4396,.T.);
#5657=ORIENTED_EDGE('',*,*,#4397,.T.);
#5658=ORIENTED_EDGE('',*,*,#4398,.T.);
#5659=ORIENTED_EDGE('',*,*,#4399,.T.);
#5660=ORIENTED_EDGE('',*,*,#4400,.T.);
#5661=ORIENTED_EDGE('',*,*,#4401,.T.);
#5662=ORIENTED_EDGE('',*,*,#4342,.T.);
#5663=ORIENTED_EDGE('',*,*,#4402,.T.);
#5664=ORIENTED_EDGE('',*,*,#4403,.T.);
#5665=ORIENTED_EDGE('',*,*,#4350,.T.);
#5666=ORIENTED_EDGE('',*,*,#4404,.T.);
#5667=ORIENTED_EDGE('',*,*,#4405,.T.);
#5668=ORIENTED_EDGE('',*,*,#4348,.T.);
#5669=ORIENTED_EDGE('',*,*,#4336,.T.);
#5670=ORIENTED_EDGE('',*,*,#4406,.F.);
#5671=ORIENTED_EDGE('',*,*,#4407,.T.);
#5672=ORIENTED_EDGE('',*,*,#4408,.F.);
#5673=ORIENTED_EDGE('',*,*,#4409,.T.);
#5674=ORIENTED_EDGE('',*,*,#4410,.F.);
#5675=ORIENTED_EDGE('',*,*,#4411,.T.);
#5676=ORIENTED_EDGE('',*,*,#4412,.F.);
#5677=ORIENTED_EDGE('',*,*,#4413,.T.);
#5678=ORIENTED_EDGE('',*,*,#4414,.F.);
#5679=ORIENTED_EDGE('',*,*,#4415,.T.);
#5680=ORIENTED_EDGE('',*,*,#4416,.T.);
#5681=ORIENTED_EDGE('',*,*,#4417,.F.);
#5682=ORIENTED_EDGE('',*,*,#4418,.T.);
#5683=ORIENTED_EDGE('',*,*,#4419,.T.);
#5684=ORIENTED_EDGE('',*,*,#4420,.F.);
#5685=ORIENTED_EDGE('',*,*,#4421,.F.);
#5686=ORIENTED_EDGE('',*,*,#4422,.F.);
#5687=ORIENTED_EDGE('',*,*,#4423,.F.);
#5688=ORIENTED_EDGE('',*,*,#4424,.T.);
#5689=ORIENTED_EDGE('',*,*,#4425,.T.);
#5690=ORIENTED_EDGE('',*,*,#4426,.T.);
#5691=ORIENTED_EDGE('',*,*,#4427,.T.);
#5692=ORIENTED_EDGE('',*,*,#4428,.T.);
#5693=ORIENTED_EDGE('',*,*,#4429,.T.);
#5694=ORIENTED_EDGE('',*,*,#4430,.T.);
#5695=ORIENTED_EDGE('',*,*,#4431,.T.);
#5696=ORIENTED_EDGE('',*,*,#4432,.T.);
#5697=ORIENTED_EDGE('',*,*,#4433,.T.);
#5698=ORIENTED_EDGE('',*,*,#4434,.T.);
#5699=ORIENTED_EDGE('',*,*,#4435,.T.);
#5700=ORIENTED_EDGE('',*,*,#4436,.T.);
#5701=ORIENTED_EDGE('',*,*,#4437,.T.);
#5702=ORIENTED_EDGE('',*,*,#4438,.T.);
#5703=ORIENTED_EDGE('',*,*,#4439,.T.);
#5704=ORIENTED_EDGE('',*,*,#4440,.T.);
#5705=ORIENTED_EDGE('',*,*,#4441,.T.);
#5706=ORIENTED_EDGE('',*,*,#4442,.T.);
#5707=ORIENTED_EDGE('',*,*,#4443,.T.);
#5708=ORIENTED_EDGE('',*,*,#4444,.T.);
#5709=ORIENTED_EDGE('',*,*,#4445,.T.);
#5710=ORIENTED_EDGE('',*,*,#4446,.T.);
#5711=ORIENTED_EDGE('',*,*,#4447,.T.);
#5712=ORIENTED_EDGE('',*,*,#4448,.T.);
#5713=ORIENTED_EDGE('',*,*,#4449,.T.);
#5714=ORIENTED_EDGE('',*,*,#4450,.T.);
#5715=ORIENTED_EDGE('',*,*,#4451,.T.);
#5716=ORIENTED_EDGE('',*,*,#4452,.T.);
#5717=ORIENTED_EDGE('',*,*,#4453,.T.);
#5718=ORIENTED_EDGE('',*,*,#4454,.T.);
#5719=ORIENTED_EDGE('',*,*,#4455,.T.);
#5720=ORIENTED_EDGE('',*,*,#4456,.T.);
#5721=ORIENTED_EDGE('',*,*,#4457,.T.);
#5722=ORIENTED_EDGE('',*,*,#4458,.T.);
#5723=ORIENTED_EDGE('',*,*,#4459,.T.);
#5724=ORIENTED_EDGE('',*,*,#4460,.T.);
#5725=ORIENTED_EDGE('',*,*,#4461,.T.);
#5726=ORIENTED_EDGE('',*,*,#4462,.T.);
#5727=ORIENTED_EDGE('',*,*,#4463,.T.);
#5728=ORIENTED_EDGE('',*,*,#4464,.T.);
#5729=ORIENTED_EDGE('',*,*,#4465,.T.);
#5730=ORIENTED_EDGE('',*,*,#4466,.T.);
#5731=ORIENTED_EDGE('',*,*,#4467,.T.);
#5732=ORIENTED_EDGE('',*,*,#4468,.T.);
#5733=ORIENTED_EDGE('',*,*,#4469,.T.);
#5734=ORIENTED_EDGE('',*,*,#4470,.T.);
#5735=ORIENTED_EDGE('',*,*,#4471,.T.);
#5736=ORIENTED_EDGE('',*,*,#4472,.T.);
#5737=ORIENTED_EDGE('',*,*,#4473,.T.);
#5738=ORIENTED_EDGE('',*,*,#4474,.T.);
#5739=ORIENTED_EDGE('',*,*,#4475,.T.);
#5740=ORIENTED_EDGE('',*,*,#4476,.T.);
#5741=ORIENTED_EDGE('',*,*,#4477,.T.);
#5742=ORIENTED_EDGE('',*,*,#4478,.T.);
#5743=ORIENTED_EDGE('',*,*,#4479,.T.);
#5744=ORIENTED_EDGE('',*,*,#4480,.T.);
#5745=ORIENTED_EDGE('',*,*,#4481,.T.);
#5746=ORIENTED_EDGE('',*,*,#4482,.T.);
#5747=ORIENTED_EDGE('',*,*,#4483,.T.);
#5748=ORIENTED_EDGE('',*,*,#4484,.T.);
#5749=ORIENTED_EDGE('',*,*,#4485,.T.);
#5750=ORIENTED_EDGE('',*,*,#4486,.T.);
#5751=ORIENTED_EDGE('',*,*,#4487,.T.);
#5752=ORIENTED_EDGE('',*,*,#4488,.T.);
#5753=ORIENTED_EDGE('',*,*,#4489,.T.);
#5754=ORIENTED_EDGE('',*,*,#4490,.T.);
#5755=ORIENTED_EDGE('',*,*,#4491,.T.);
#5756=ORIENTED_EDGE('',*,*,#4492,.T.);
#5757=ORIENTED_EDGE('',*,*,#4493,.T.);
#5758=ORIENTED_EDGE('',*,*,#4494,.T.);
#5759=ORIENTED_EDGE('',*,*,#4495,.T.);
#5760=ORIENTED_EDGE('',*,*,#4496,.T.);
#5761=ORIENTED_EDGE('',*,*,#4497,.T.);
#5762=ORIENTED_EDGE('',*,*,#4498,.T.);
#5763=ORIENTED_EDGE('',*,*,#4335,.T.);
#5764=ORIENTED_EDGE('',*,*,#4268,.T.);
#5765=ORIENTED_EDGE('',*,*,#4499,.T.);
#5766=ORIENTED_EDGE('',*,*,#4500,.T.);
#5767=ORIENTED_EDGE('',*,*,#4266,.T.);
#5768=ORIENTED_EDGE('',*,*,#4501,.T.);
#5769=ORIENTED_EDGE('',*,*,#4406,.T.);
#5770=ORIENTED_EDGE('',*,*,#4264,.F.);
#5771=ORIENTED_EDGE('',*,*,#4502,.F.);
#5772=ORIENTED_EDGE('',*,*,#4407,.F.);
#5773=ORIENTED_EDGE('',*,*,#4501,.F.);
#5774=ORIENTED_EDGE('',*,*,#4265,.F.);
#5775=ORIENTED_EDGE('',*,*,#4503,.T.);
#5776=ORIENTED_EDGE('',*,*,#4351,.F.);
#5777=ORIENTED_EDGE('',*,*,#4403,.F.);
#5778=ORIENTED_EDGE('',*,*,#4504,.F.);
#5779=ORIENTED_EDGE('',*,*,#4505,.F.);
#5780=ORIENTED_EDGE('',*,*,#4352,.F.);
#5781=ORIENTED_EDGE('',*,*,#4503,.F.);
#5782=ORIENTED_EDGE('',*,*,#4505,.T.);
#5783=ORIENTED_EDGE('',*,*,#4506,.T.);
#5784=ORIENTED_EDGE('',*,*,#4507,.T.);
#5785=ORIENTED_EDGE('',*,*,#4355,.T.);
#5786=ORIENTED_EDGE('',*,*,#4508,.T.);
#5787=ORIENTED_EDGE('',*,*,#4509,.T.);
#5788=ORIENTED_EDGE('',*,*,#4353,.T.);
#5789=ORIENTED_EDGE('',*,*,#4502,.T.);
#5790=ORIENTED_EDGE('',*,*,#4263,.T.);
#5791=ORIENTED_EDGE('',*,*,#4510,.T.);
#5792=ORIENTED_EDGE('',*,*,#4511,.T.);
#5793=ORIENTED_EDGE('',*,*,#4261,.T.);
#5794=ORIENTED_EDGE('',*,*,#4512,.T.);
#5795=ORIENTED_EDGE('',*,*,#4408,.T.);
#5796=ORIENTED_EDGE('',*,*,#4259,.F.);
#5797=ORIENTED_EDGE('',*,*,#4513,.F.);
#5798=ORIENTED_EDGE('',*,*,#4409,.F.);
#5799=ORIENTED_EDGE('',*,*,#4512,.F.);
#5800=ORIENTED_EDGE('',*,*,#4260,.F.);
#5801=ORIENTED_EDGE('',*,*,#4514,.T.);
#5802=ORIENTED_EDGE('',*,*,#4356,.F.);
#5803=ORIENTED_EDGE('',*,*,#4507,.F.);
#5804=ORIENTED_EDGE('',*,*,#4515,.F.);
#5805=ORIENTED_EDGE('',*,*,#4516,.F.);
#5806=ORIENTED_EDGE('',*,*,#4357,.F.);
#5807=ORIENTED_EDGE('',*,*,#4514,.F.);
#5808=ORIENTED_EDGE('',*,*,#4516,.T.);
#5809=ORIENTED_EDGE('',*,*,#4517,.T.);
#5810=ORIENTED_EDGE('',*,*,#4518,.T.);
#5811=ORIENTED_EDGE('',*,*,#4360,.T.);
#5812=ORIENTED_EDGE('',*,*,#4519,.T.);
#5813=ORIENTED_EDGE('',*,*,#4520,.T.);
#5814=ORIENTED_EDGE('',*,*,#4358,.T.);
#5815=ORIENTED_EDGE('',*,*,#4513,.T.);
#5816=ORIENTED_EDGE('',*,*,#4258,.T.);
#5817=ORIENTED_EDGE('',*,*,#4521,.T.);
#5818=ORIENTED_EDGE('',*,*,#4522,.T.);
#5819=ORIENTED_EDGE('',*,*,#4256,.T.);
#5820=ORIENTED_EDGE('',*,*,#4523,.T.);
#5821=ORIENTED_EDGE('',*,*,#4410,.T.);
#5822=ORIENTED_EDGE('',*,*,#4411,.F.);
#5823=ORIENTED_EDGE('',*,*,#4523,.F.);
#5824=ORIENTED_EDGE('',*,*,#4255,.F.);
#5825=ORIENTED_EDGE('',*,*,#4524,.T.);
#5826=ORIENTED_EDGE('',*,*,#4361,.F.);
#5827=ORIENTED_EDGE('',*,*,#4518,.F.);
#5828=ORIENTED_EDGE('',*,*,#4525,.F.);
#5829=ORIENTED_EDGE('',*,*,#4526,.F.);
#5830=ORIENTED_EDGE('',*,*,#4362,.F.);
#5831=ORIENTED_EDGE('',*,*,#4524,.F.);
#5832=ORIENTED_EDGE('',*,*,#4254,.F.);
#5833=ORIENTED_EDGE('',*,*,#4527,.F.);
#5834=ORIENTED_EDGE('',*,*,#4341,.T.);
#5835=ORIENTED_EDGE('',*,*,#4528,.F.);
#5836=ORIENTED_EDGE('',*,*,#4529,.F.);
#5837=ORIENTED_EDGE('',*,*,#4530,.F.);
#5838=ORIENTED_EDGE('',*,*,#4531,.F.);
#5839=ORIENTED_EDGE('',*,*,#4532,.T.);
#5840=ORIENTED_EDGE('',*,*,#4533,.T.);
#5841=ORIENTED_EDGE('',*,*,#4534,.F.);
#5842=ORIENTED_EDGE('',*,*,#4535,.T.);
#5843=ORIENTED_EDGE('',*,*,#4536,.T.);
#5844=ORIENTED_EDGE('',*,*,#4537,.F.);
#5845=ORIENTED_EDGE('',*,*,#4538,.T.);
#5846=ORIENTED_EDGE('',*,*,#4539,.F.);
#5847=ORIENTED_EDGE('',*,*,#4525,.T.);
#5848=ORIENTED_EDGE('',*,*,#4517,.F.);
#5849=ORIENTED_EDGE('',*,*,#4515,.T.);
#5850=ORIENTED_EDGE('',*,*,#4506,.F.);
#5851=ORIENTED_EDGE('',*,*,#4504,.T.);
#5852=ORIENTED_EDGE('',*,*,#4402,.F.);
#5853=ORIENTED_EDGE('',*,*,#4540,.T.);
#5854=ORIENTED_EDGE('',*,*,#4541,.T.);
#5855=ORIENTED_EDGE('',*,*,#4542,.T.);
#5856=ORIENTED_EDGE('',*,*,#4543,.T.);
#5857=ORIENTED_EDGE('',*,*,#4544,.T.);
#5858=ORIENTED_EDGE('',*,*,#4545,.T.);
#5859=ORIENTED_EDGE('',*,*,#4546,.T.);
#5860=ORIENTED_EDGE('',*,*,#4547,.T.);
#5861=ORIENTED_EDGE('',*,*,#4548,.T.);
#5862=ORIENTED_EDGE('',*,*,#4549,.T.);
#5863=ORIENTED_EDGE('',*,*,#4550,.T.);
#5864=ORIENTED_EDGE('',*,*,#4551,.T.);
#5865=ORIENTED_EDGE('',*,*,#4552,.T.);
#5866=ORIENTED_EDGE('',*,*,#4553,.T.);
#5867=ORIENTED_EDGE('',*,*,#4554,.T.);
#5868=ORIENTED_EDGE('',*,*,#4555,.T.);
#5869=ORIENTED_EDGE('',*,*,#4556,.T.);
#5870=ORIENTED_EDGE('',*,*,#4557,.T.);
#5871=ORIENTED_EDGE('',*,*,#4558,.T.);
#5872=ORIENTED_EDGE('',*,*,#4559,.T.);
#5873=ORIENTED_EDGE('',*,*,#4560,.T.);
#5874=ORIENTED_EDGE('',*,*,#4561,.T.);
#5875=ORIENTED_EDGE('',*,*,#4562,.T.);
#5876=ORIENTED_EDGE('',*,*,#4563,.T.);
#5877=ORIENTED_EDGE('',*,*,#4564,.T.);
#5878=ORIENTED_EDGE('',*,*,#4565,.T.);
#5879=ORIENTED_EDGE('',*,*,#4566,.T.);
#5880=ORIENTED_EDGE('',*,*,#4567,.T.);
#5881=ORIENTED_EDGE('',*,*,#4568,.T.);
#5882=ORIENTED_EDGE('',*,*,#4569,.T.);
#5883=ORIENTED_EDGE('',*,*,#4570,.T.);
#5884=ORIENTED_EDGE('',*,*,#4571,.T.);
#5885=ORIENTED_EDGE('',*,*,#4572,.T.);
#5886=ORIENTED_EDGE('',*,*,#4573,.T.);
#5887=ORIENTED_EDGE('',*,*,#4574,.T.);
#5888=ORIENTED_EDGE('',*,*,#4575,.T.);
#5889=ORIENTED_EDGE('',*,*,#4576,.T.);
#5890=ORIENTED_EDGE('',*,*,#4577,.T.);
#5891=ORIENTED_EDGE('',*,*,#4578,.T.);
#5892=ORIENTED_EDGE('',*,*,#4579,.T.);
#5893=ORIENTED_EDGE('',*,*,#4580,.T.);
#5894=ORIENTED_EDGE('',*,*,#4581,.T.);
#5895=ORIENTED_EDGE('',*,*,#4582,.T.);
#5896=ORIENTED_EDGE('',*,*,#4583,.T.);
#5897=ORIENTED_EDGE('',*,*,#4584,.T.);
#5898=ORIENTED_EDGE('',*,*,#4585,.T.);
#5899=ORIENTED_EDGE('',*,*,#4586,.T.);
#5900=ORIENTED_EDGE('',*,*,#4587,.T.);
#5901=ORIENTED_EDGE('',*,*,#4588,.T.);
#5902=ORIENTED_EDGE('',*,*,#4589,.T.);
#5903=ORIENTED_EDGE('',*,*,#4590,.T.);
#5904=ORIENTED_EDGE('',*,*,#4591,.T.);
#5905=ORIENTED_EDGE('',*,*,#4592,.T.);
#5906=ORIENTED_EDGE('',*,*,#4593,.T.);
#5907=ORIENTED_EDGE('',*,*,#4594,.T.);
#5908=ORIENTED_EDGE('',*,*,#4595,.T.);
#5909=ORIENTED_EDGE('',*,*,#4596,.T.);
#5910=ORIENTED_EDGE('',*,*,#4597,.T.);
#5911=ORIENTED_EDGE('',*,*,#4598,.T.);
#5912=ORIENTED_EDGE('',*,*,#4599,.T.);
#5913=ORIENTED_EDGE('',*,*,#4600,.T.);
#5914=ORIENTED_EDGE('',*,*,#4601,.T.);
#5915=ORIENTED_EDGE('',*,*,#4602,.T.);
#5916=ORIENTED_EDGE('',*,*,#4603,.T.);
#5917=ORIENTED_EDGE('',*,*,#4604,.T.);
#5918=ORIENTED_EDGE('',*,*,#4605,.T.);
#5919=ORIENTED_EDGE('',*,*,#4606,.T.);
#5920=ORIENTED_EDGE('',*,*,#4607,.T.);
#5921=ORIENTED_EDGE('',*,*,#4608,.T.);
#5922=ORIENTED_EDGE('',*,*,#4609,.T.);
#5923=ORIENTED_EDGE('',*,*,#4610,.T.);
#5924=ORIENTED_EDGE('',*,*,#4611,.T.);
#5925=ORIENTED_EDGE('',*,*,#4612,.T.);
#5926=ORIENTED_EDGE('',*,*,#4613,.T.);
#5927=ORIENTED_EDGE('',*,*,#4614,.T.);
#5928=ORIENTED_EDGE('',*,*,#4340,.T.);
#5929=ORIENTED_EDGE('',*,*,#4347,.T.);
#5930=ORIENTED_EDGE('',*,*,#4615,.T.);
#5931=ORIENTED_EDGE('',*,*,#4616,.T.);
#5932=ORIENTED_EDGE('',*,*,#4345,.T.);
#5933=ORIENTED_EDGE('',*,*,#4617,.T.);
#5934=ORIENTED_EDGE('',*,*,#4528,.T.);
#5935=ORIENTED_EDGE('',*,*,#4337,.T.);
#5936=ORIENTED_EDGE('',*,*,#4423,.T.);
#5937=ORIENTED_EDGE('',*,*,#4618,.T.);
#5938=ORIENTED_EDGE('',*,*,#4273,.T.);
#5939=ORIENTED_EDGE('',*,*,#4619,.T.);
#5940=ORIENTED_EDGE('',*,*,#4620,.T.);
#5941=ORIENTED_EDGE('',*,*,#4271,.T.);
#5942=ORIENTED_EDGE('',*,*,#4621,.F.);
#5943=ORIENTED_EDGE('',*,*,#4413,.F.);
#5944=ORIENTED_EDGE('',*,*,#4622,.F.);
#5945=ORIENTED_EDGE('',*,*,#4250,.F.);
#5946=ORIENTED_EDGE('',*,*,#4623,.T.);
#5947=ORIENTED_EDGE('',*,*,#4366,.F.);
#5948=ORIENTED_EDGE('',*,*,#4624,.F.);
#5949=ORIENTED_EDGE('',*,*,#4538,.F.);
#5950=ORIENTED_EDGE('',*,*,#4625,.F.);
#5951=ORIENTED_EDGE('',*,*,#4367,.F.);
#5952=ORIENTED_EDGE('',*,*,#4623,.F.);
#5953=ORIENTED_EDGE('',*,*,#4249,.F.);
#5954=ORIENTED_EDGE('',*,*,#4625,.T.);
#5955=ORIENTED_EDGE('',*,*,#4537,.T.);
#5956=ORIENTED_EDGE('',*,*,#4626,.T.);
#5957=ORIENTED_EDGE('',*,*,#4368,.T.);
#5958=ORIENTED_EDGE('',*,*,#4526,.T.);
#5959=ORIENTED_EDGE('',*,*,#4539,.T.);
#5960=ORIENTED_EDGE('',*,*,#4624,.T.);
#5961=ORIENTED_EDGE('',*,*,#4365,.T.);
#5962=ORIENTED_EDGE('',*,*,#4627,.T.);
#5963=ORIENTED_EDGE('',*,*,#4628,.T.);
#5964=ORIENTED_EDGE('',*,*,#4363,.T.);
#5965=ORIENTED_EDGE('',*,*,#4621,.T.);
#5966=ORIENTED_EDGE('',*,*,#4248,.T.);
#5967=ORIENTED_EDGE('',*,*,#4629,.T.);
#5968=ORIENTED_EDGE('',*,*,#4414,.T.);
#5969=ORIENTED_EDGE('',*,*,#4527,.T.);
#5970=ORIENTED_EDGE('',*,*,#4253,.T.);
#5971=ORIENTED_EDGE('',*,*,#4630,.T.);
#5972=ORIENTED_EDGE('',*,*,#4631,.T.);
#5973=ORIENTED_EDGE('',*,*,#4251,.T.);
#5974=ORIENTED_EDGE('',*,*,#4622,.T.);
#5975=ORIENTED_EDGE('',*,*,#4412,.T.);
#5976=ORIENTED_EDGE('',*,*,#4372,.F.);
#5977=ORIENTED_EDGE('',*,*,#4632,.T.);
#5978=ORIENTED_EDGE('',*,*,#4274,.F.);
#5979=ORIENTED_EDGE('',*,*,#4632,.F.);
#5980=ORIENTED_EDGE('',*,*,#4373,.F.);
#5981=ORIENTED_EDGE('',*,*,#4633,.T.);
#5982=ORIENTED_EDGE('',*,*,#4275,.F.);
#5983=ORIENTED_EDGE('',*,*,#4633,.F.);
#5984=ORIENTED_EDGE('',*,*,#4519,.F.);
#5985=ORIENTED_EDGE('',*,*,#4359,.F.);
#5986=ORIENTED_EDGE('',*,*,#4520,.F.);
#5987=ORIENTED_EDGE('',*,*,#4634,.T.);
#5988=ORIENTED_EDGE('',*,*,#4521,.F.);
#5989=ORIENTED_EDGE('',*,*,#4257,.F.);
#5990=ORIENTED_EDGE('',*,*,#4522,.F.);
#5991=ORIENTED_EDGE('',*,*,#4634,.F.);
#5992=ORIENTED_EDGE('',*,*,#4374,.F.);
#5993=ORIENTED_EDGE('',*,*,#4635,.T.);
#5994=ORIENTED_EDGE('',*,*,#4276,.F.);
#5995=ORIENTED_EDGE('',*,*,#4635,.F.);
#5996=ORIENTED_EDGE('',*,*,#4375,.F.);
#5997=ORIENTED_EDGE('',*,*,#4636,.T.);
#5998=ORIENTED_EDGE('',*,*,#4277,.F.);
#5999=ORIENTED_EDGE('',*,*,#4636,.F.);
#6000=ORIENTED_EDGE('',*,*,#4376,.F.);
#6001=ORIENTED_EDGE('',*,*,#4637,.T.);
#6002=ORIENTED_EDGE('',*,*,#4278,.F.);
#6003=ORIENTED_EDGE('',*,*,#4637,.F.);
#6004=ORIENTED_EDGE('',*,*,#4377,.F.);
#6005=ORIENTED_EDGE('',*,*,#4638,.T.);
#6006=ORIENTED_EDGE('',*,*,#4279,.F.);
#6007=ORIENTED_EDGE('',*,*,#4638,.F.);
#6008=ORIENTED_EDGE('',*,*,#4378,.F.);
#6009=ORIENTED_EDGE('',*,*,#4639,.T.);
#6010=ORIENTED_EDGE('',*,*,#4280,.F.);
#6011=ORIENTED_EDGE('',*,*,#4639,.F.);
#6012=ORIENTED_EDGE('',*,*,#4615,.F.);
#6013=ORIENTED_EDGE('',*,*,#4346,.F.);
#6014=ORIENTED_EDGE('',*,*,#4616,.F.);
#6015=ORIENTED_EDGE('',*,*,#4640,.T.);
#6016=ORIENTED_EDGE('',*,*,#4619,.F.);
#6017=ORIENTED_EDGE('',*,*,#4272,.F.);
#6018=ORIENTED_EDGE('',*,*,#4620,.F.);
#6019=ORIENTED_EDGE('',*,*,#4640,.F.);
#6020=ORIENTED_EDGE('',*,*,#4404,.F.);
#6021=ORIENTED_EDGE('',*,*,#4349,.F.);
#6022=ORIENTED_EDGE('',*,*,#4405,.F.);
#6023=ORIENTED_EDGE('',*,*,#4641,.T.);
#6024=ORIENTED_EDGE('',*,*,#4499,.F.);
#6025=ORIENTED_EDGE('',*,*,#4267,.F.);
#6026=ORIENTED_EDGE('',*,*,#4500,.F.);
#6027=ORIENTED_EDGE('',*,*,#4641,.F.);
#6028=ORIENTED_EDGE('',*,*,#4379,.F.);
#6029=ORIENTED_EDGE('',*,*,#4642,.T.);
#6030=ORIENTED_EDGE('',*,*,#4281,.F.);
#6031=ORIENTED_EDGE('',*,*,#4642,.F.);
#6032=ORIENTED_EDGE('',*,*,#4380,.F.);
#6033=ORIENTED_EDGE('',*,*,#4643,.T.);
#6034=ORIENTED_EDGE('',*,*,#4282,.F.);
#6035=ORIENTED_EDGE('',*,*,#4643,.F.);
#6036=ORIENTED_EDGE('',*,*,#4381,.F.);
#6037=ORIENTED_EDGE('',*,*,#4644,.T.);
#6038=ORIENTED_EDGE('',*,*,#4283,.F.);
#6039=ORIENTED_EDGE('',*,*,#4644,.F.);
#6040=ORIENTED_EDGE('',*,*,#4382,.F.);
#6041=ORIENTED_EDGE('',*,*,#4645,.T.);
#6042=ORIENTED_EDGE('',*,*,#4284,.F.);
#6043=ORIENTED_EDGE('',*,*,#4645,.F.);
#6044=ORIENTED_EDGE('',*,*,#4383,.F.);
#6045=ORIENTED_EDGE('',*,*,#4646,.T.);
#6046=ORIENTED_EDGE('',*,*,#4285,.F.);
#6047=ORIENTED_EDGE('',*,*,#4646,.F.);
#6048=ORIENTED_EDGE('',*,*,#4384,.F.);
#6049=ORIENTED_EDGE('',*,*,#4647,.T.);
#6050=ORIENTED_EDGE('',*,*,#4286,.F.);
#6051=ORIENTED_EDGE('',*,*,#4647,.F.);
#6052=ORIENTED_EDGE('',*,*,#4385,.F.);
#6053=ORIENTED_EDGE('',*,*,#4648,.T.);
#6054=ORIENTED_EDGE('',*,*,#4287,.F.);
#6055=ORIENTED_EDGE('',*,*,#4648,.F.);
#6056=ORIENTED_EDGE('',*,*,#4386,.F.);
#6057=ORIENTED_EDGE('',*,*,#4649,.T.);
#6058=ORIENTED_EDGE('',*,*,#4288,.F.);
#6059=ORIENTED_EDGE('',*,*,#4649,.F.);
#6060=ORIENTED_EDGE('',*,*,#4387,.F.);
#6061=ORIENTED_EDGE('',*,*,#4650,.T.);
#6062=ORIENTED_EDGE('',*,*,#4289,.F.);
#6063=ORIENTED_EDGE('',*,*,#4650,.F.);
#6064=ORIENTED_EDGE('',*,*,#4388,.F.);
#6065=ORIENTED_EDGE('',*,*,#4651,.T.);
#6066=ORIENTED_EDGE('',*,*,#4290,.F.);
#6067=ORIENTED_EDGE('',*,*,#4651,.F.);
#6068=ORIENTED_EDGE('',*,*,#4389,.F.);
#6069=ORIENTED_EDGE('',*,*,#4652,.T.);
#6070=ORIENTED_EDGE('',*,*,#4291,.F.);
#6071=ORIENTED_EDGE('',*,*,#4652,.F.);
#6072=ORIENTED_EDGE('',*,*,#4390,.F.);
#6073=ORIENTED_EDGE('',*,*,#4653,.T.);
#6074=ORIENTED_EDGE('',*,*,#4292,.F.);
#6075=ORIENTED_EDGE('',*,*,#4653,.F.);
#6076=ORIENTED_EDGE('',*,*,#4391,.F.);
#6077=ORIENTED_EDGE('',*,*,#4654,.T.);
#6078=ORIENTED_EDGE('',*,*,#4293,.F.);
#6079=ORIENTED_EDGE('',*,*,#4654,.F.);
#6080=ORIENTED_EDGE('',*,*,#4627,.F.);
#6081=ORIENTED_EDGE('',*,*,#4364,.F.);
#6082=ORIENTED_EDGE('',*,*,#4628,.F.);
#6083=ORIENTED_EDGE('',*,*,#4655,.T.);
#6084=ORIENTED_EDGE('',*,*,#4630,.F.);
#6085=ORIENTED_EDGE('',*,*,#4252,.F.);
#6086=ORIENTED_EDGE('',*,*,#4631,.F.);
#6087=ORIENTED_EDGE('',*,*,#4655,.F.);
#6088=ORIENTED_EDGE('',*,*,#4392,.F.);
#6089=ORIENTED_EDGE('',*,*,#4656,.T.);
#6090=ORIENTED_EDGE('',*,*,#4294,.F.);
#6091=ORIENTED_EDGE('',*,*,#4656,.F.);
#6092=ORIENTED_EDGE('',*,*,#4393,.F.);
#6093=ORIENTED_EDGE('',*,*,#4657,.T.);
#6094=ORIENTED_EDGE('',*,*,#4295,.F.);
#6095=ORIENTED_EDGE('',*,*,#4657,.F.);
#6096=ORIENTED_EDGE('',*,*,#4394,.F.);
#6097=ORIENTED_EDGE('',*,*,#4658,.T.);
#6098=ORIENTED_EDGE('',*,*,#4296,.F.);
#6099=ORIENTED_EDGE('',*,*,#4658,.F.);
#6100=ORIENTED_EDGE('',*,*,#4508,.F.);
#6101=ORIENTED_EDGE('',*,*,#4354,.F.);
#6102=ORIENTED_EDGE('',*,*,#4509,.F.);
#6103=ORIENTED_EDGE('',*,*,#4659,.T.);
#6104=ORIENTED_EDGE('',*,*,#4510,.F.);
#6105=ORIENTED_EDGE('',*,*,#4262,.F.);
#6106=ORIENTED_EDGE('',*,*,#4511,.F.);
#6107=ORIENTED_EDGE('',*,*,#4659,.F.);
#6108=ORIENTED_EDGE('',*,*,#4395,.F.);
#6109=ORIENTED_EDGE('',*,*,#4660,.T.);
#6110=ORIENTED_EDGE('',*,*,#4297,.F.);
#6111=ORIENTED_EDGE('',*,*,#4660,.F.);
#6112=ORIENTED_EDGE('',*,*,#4396,.F.);
#6113=ORIENTED_EDGE('',*,*,#4661,.T.);
#6114=ORIENTED_EDGE('',*,*,#4298,.F.);
#6115=ORIENTED_EDGE('',*,*,#4661,.F.);
#6116=ORIENTED_EDGE('',*,*,#4397,.F.);
#6117=ORIENTED_EDGE('',*,*,#4662,.T.);
#6118=ORIENTED_EDGE('',*,*,#4299,.F.);
#6119=ORIENTED_EDGE('',*,*,#4662,.F.);
#6120=ORIENTED_EDGE('',*,*,#4398,.F.);
#6121=ORIENTED_EDGE('',*,*,#4663,.T.);
#6122=ORIENTED_EDGE('',*,*,#4300,.F.);
#6123=ORIENTED_EDGE('',*,*,#4663,.F.);
#6124=ORIENTED_EDGE('',*,*,#4399,.F.);
#6125=ORIENTED_EDGE('',*,*,#4664,.T.);
#6126=ORIENTED_EDGE('',*,*,#4301,.F.);
#6127=ORIENTED_EDGE('',*,*,#4664,.F.);
#6128=ORIENTED_EDGE('',*,*,#4400,.F.);
#6129=ORIENTED_EDGE('',*,*,#4665,.T.);
#6130=ORIENTED_EDGE('',*,*,#4302,.F.);
#6131=ORIENTED_EDGE('',*,*,#4665,.F.);
#6132=ORIENTED_EDGE('',*,*,#4401,.F.);
#6133=ORIENTED_EDGE('',*,*,#4666,.T.);
#6134=ORIENTED_EDGE('',*,*,#4303,.F.);
#6135=ORIENTED_EDGE('',*,*,#4666,.F.);
#6136=ORIENTED_EDGE('',*,*,#4614,.F.);
#6137=ORIENTED_EDGE('',*,*,#4667,.T.);
#6138=ORIENTED_EDGE('',*,*,#4424,.F.);
#6139=ORIENTED_EDGE('',*,*,#4667,.F.);
#6140=ORIENTED_EDGE('',*,*,#4613,.F.);
#6141=ORIENTED_EDGE('',*,*,#4668,.T.);
#6142=ORIENTED_EDGE('',*,*,#4425,.F.);
#6143=ORIENTED_EDGE('',*,*,#4668,.F.);
#6144=ORIENTED_EDGE('',*,*,#4612,.F.);
#6145=ORIENTED_EDGE('',*,*,#4669,.T.);
#6146=ORIENTED_EDGE('',*,*,#4426,.F.);
#6147=ORIENTED_EDGE('',*,*,#4669,.F.);
#6148=ORIENTED_EDGE('',*,*,#4611,.F.);
#6149=ORIENTED_EDGE('',*,*,#4670,.T.);
#6150=ORIENTED_EDGE('',*,*,#4427,.F.);
#6151=ORIENTED_EDGE('',*,*,#4670,.F.);
#6152=ORIENTED_EDGE('',*,*,#4610,.F.);
#6153=ORIENTED_EDGE('',*,*,#4671,.T.);
#6154=ORIENTED_EDGE('',*,*,#4428,.F.);
#6155=ORIENTED_EDGE('',*,*,#4671,.F.);
#6156=ORIENTED_EDGE('',*,*,#4609,.F.);
#6157=ORIENTED_EDGE('',*,*,#4672,.T.);
#6158=ORIENTED_EDGE('',*,*,#4429,.F.);
#6159=ORIENTED_EDGE('',*,*,#4672,.F.);
#6160=ORIENTED_EDGE('',*,*,#4608,.F.);
#6161=ORIENTED_EDGE('',*,*,#4673,.T.);
#6162=ORIENTED_EDGE('',*,*,#4430,.F.);
#6163=ORIENTED_EDGE('',*,*,#4673,.F.);
#6164=ORIENTED_EDGE('',*,*,#4607,.F.);
#6165=ORIENTED_EDGE('',*,*,#4674,.T.);
#6166=ORIENTED_EDGE('',*,*,#4431,.F.);
#6167=ORIENTED_EDGE('',*,*,#4674,.F.);
#6168=ORIENTED_EDGE('',*,*,#4606,.F.);
#6169=ORIENTED_EDGE('',*,*,#4675,.T.);
#6170=ORIENTED_EDGE('',*,*,#4432,.F.);
#6171=ORIENTED_EDGE('',*,*,#4675,.F.);
#6172=ORIENTED_EDGE('',*,*,#4605,.F.);
#6173=ORIENTED_EDGE('',*,*,#4676,.T.);
#6174=ORIENTED_EDGE('',*,*,#4433,.F.);
#6175=ORIENTED_EDGE('',*,*,#4676,.F.);
#6176=ORIENTED_EDGE('',*,*,#4604,.F.);
#6177=ORIENTED_EDGE('',*,*,#4677,.T.);
#6178=ORIENTED_EDGE('',*,*,#4434,.F.);
#6179=ORIENTED_EDGE('',*,*,#4677,.F.);
#6180=ORIENTED_EDGE('',*,*,#4603,.F.);
#6181=ORIENTED_EDGE('',*,*,#4678,.T.);
#6182=ORIENTED_EDGE('',*,*,#4435,.F.);
#6183=ORIENTED_EDGE('',*,*,#4678,.F.);
#6184=ORIENTED_EDGE('',*,*,#4602,.F.);
#6185=ORIENTED_EDGE('',*,*,#4679,.T.);
#6186=ORIENTED_EDGE('',*,*,#4436,.F.);
#6187=ORIENTED_EDGE('',*,*,#4679,.F.);
#6188=ORIENTED_EDGE('',*,*,#4601,.F.);
#6189=ORIENTED_EDGE('',*,*,#4680,.T.);
#6190=ORIENTED_EDGE('',*,*,#4437,.F.);
#6191=ORIENTED_EDGE('',*,*,#4680,.F.);
#6192=ORIENTED_EDGE('',*,*,#4600,.F.);
#6193=ORIENTED_EDGE('',*,*,#4681,.T.);
#6194=ORIENTED_EDGE('',*,*,#4438,.F.);
#6195=ORIENTED_EDGE('',*,*,#4681,.F.);
#6196=ORIENTED_EDGE('',*,*,#4599,.F.);
#6197=ORIENTED_EDGE('',*,*,#4682,.T.);
#6198=ORIENTED_EDGE('',*,*,#4439,.F.);
#6199=ORIENTED_EDGE('',*,*,#4682,.F.);
#6200=ORIENTED_EDGE('',*,*,#4598,.F.);
#6201=ORIENTED_EDGE('',*,*,#4683,.T.);
#6202=ORIENTED_EDGE('',*,*,#4440,.F.);
#6203=ORIENTED_EDGE('',*,*,#4683,.F.);
#6204=ORIENTED_EDGE('',*,*,#4597,.F.);
#6205=ORIENTED_EDGE('',*,*,#4684,.T.);
#6206=ORIENTED_EDGE('',*,*,#4441,.F.);
#6207=ORIENTED_EDGE('',*,*,#4684,.F.);
#6208=ORIENTED_EDGE('',*,*,#4596,.F.);
#6209=ORIENTED_EDGE('',*,*,#4685,.T.);
#6210=ORIENTED_EDGE('',*,*,#4442,.F.);
#6211=ORIENTED_EDGE('',*,*,#4685,.F.);
#6212=ORIENTED_EDGE('',*,*,#4595,.F.);
#6213=ORIENTED_EDGE('',*,*,#4686,.T.);
#6214=ORIENTED_EDGE('',*,*,#4443,.F.);
#6215=ORIENTED_EDGE('',*,*,#4686,.F.);
#6216=ORIENTED_EDGE('',*,*,#4594,.F.);
#6217=ORIENTED_EDGE('',*,*,#4687,.T.);
#6218=ORIENTED_EDGE('',*,*,#4444,.F.);
#6219=ORIENTED_EDGE('',*,*,#4687,.F.);
#6220=ORIENTED_EDGE('',*,*,#4593,.F.);
#6221=ORIENTED_EDGE('',*,*,#4688,.T.);
#6222=ORIENTED_EDGE('',*,*,#4445,.F.);
#6223=ORIENTED_EDGE('',*,*,#4688,.F.);
#6224=ORIENTED_EDGE('',*,*,#4592,.F.);
#6225=ORIENTED_EDGE('',*,*,#4689,.T.);
#6226=ORIENTED_EDGE('',*,*,#4446,.F.);
#6227=ORIENTED_EDGE('',*,*,#4689,.F.);
#6228=ORIENTED_EDGE('',*,*,#4591,.F.);
#6229=ORIENTED_EDGE('',*,*,#4690,.T.);
#6230=ORIENTED_EDGE('',*,*,#4447,.F.);
#6231=ORIENTED_EDGE('',*,*,#4690,.F.);
#6232=ORIENTED_EDGE('',*,*,#4590,.F.);
#6233=ORIENTED_EDGE('',*,*,#4691,.T.);
#6234=ORIENTED_EDGE('',*,*,#4448,.F.);
#6235=ORIENTED_EDGE('',*,*,#4691,.F.);
#6236=ORIENTED_EDGE('',*,*,#4589,.F.);
#6237=ORIENTED_EDGE('',*,*,#4692,.T.);
#6238=ORIENTED_EDGE('',*,*,#4449,.F.);
#6239=ORIENTED_EDGE('',*,*,#4692,.F.);
#6240=ORIENTED_EDGE('',*,*,#4588,.F.);
#6241=ORIENTED_EDGE('',*,*,#4693,.T.);
#6242=ORIENTED_EDGE('',*,*,#4450,.F.);
#6243=ORIENTED_EDGE('',*,*,#4693,.F.);
#6244=ORIENTED_EDGE('',*,*,#4587,.F.);
#6245=ORIENTED_EDGE('',*,*,#4694,.T.);
#6246=ORIENTED_EDGE('',*,*,#4451,.F.);
#6247=ORIENTED_EDGE('',*,*,#4694,.F.);
#6248=ORIENTED_EDGE('',*,*,#4586,.F.);
#6249=ORIENTED_EDGE('',*,*,#4695,.T.);
#6250=ORIENTED_EDGE('',*,*,#4452,.F.);
#6251=ORIENTED_EDGE('',*,*,#4695,.F.);
#6252=ORIENTED_EDGE('',*,*,#4585,.F.);
#6253=ORIENTED_EDGE('',*,*,#4696,.T.);
#6254=ORIENTED_EDGE('',*,*,#4453,.F.);
#6255=ORIENTED_EDGE('',*,*,#4696,.F.);
#6256=ORIENTED_EDGE('',*,*,#4584,.F.);
#6257=ORIENTED_EDGE('',*,*,#4697,.T.);
#6258=ORIENTED_EDGE('',*,*,#4454,.F.);
#6259=ORIENTED_EDGE('',*,*,#4697,.F.);
#6260=ORIENTED_EDGE('',*,*,#4583,.F.);
#6261=ORIENTED_EDGE('',*,*,#4698,.T.);
#6262=ORIENTED_EDGE('',*,*,#4455,.F.);
#6263=ORIENTED_EDGE('',*,*,#4698,.F.);
#6264=ORIENTED_EDGE('',*,*,#4582,.F.);
#6265=ORIENTED_EDGE('',*,*,#4699,.T.);
#6266=ORIENTED_EDGE('',*,*,#4456,.F.);
#6267=ORIENTED_EDGE('',*,*,#4699,.F.);
#6268=ORIENTED_EDGE('',*,*,#4581,.F.);
#6269=ORIENTED_EDGE('',*,*,#4700,.T.);
#6270=ORIENTED_EDGE('',*,*,#4457,.F.);
#6271=ORIENTED_EDGE('',*,*,#4700,.F.);
#6272=ORIENTED_EDGE('',*,*,#4580,.F.);
#6273=ORIENTED_EDGE('',*,*,#4701,.T.);
#6274=ORIENTED_EDGE('',*,*,#4458,.F.);
#6275=ORIENTED_EDGE('',*,*,#4701,.F.);
#6276=ORIENTED_EDGE('',*,*,#4579,.F.);
#6277=ORIENTED_EDGE('',*,*,#4702,.T.);
#6278=ORIENTED_EDGE('',*,*,#4459,.F.);
#6279=ORIENTED_EDGE('',*,*,#4702,.F.);
#6280=ORIENTED_EDGE('',*,*,#4578,.F.);
#6281=ORIENTED_EDGE('',*,*,#4703,.T.);
#6282=ORIENTED_EDGE('',*,*,#4460,.F.);
#6283=ORIENTED_EDGE('',*,*,#4703,.F.);
#6284=ORIENTED_EDGE('',*,*,#4577,.F.);
#6285=ORIENTED_EDGE('',*,*,#4704,.T.);
#6286=ORIENTED_EDGE('',*,*,#4461,.F.);
#6287=ORIENTED_EDGE('',*,*,#4704,.F.);
#6288=ORIENTED_EDGE('',*,*,#4576,.F.);
#6289=ORIENTED_EDGE('',*,*,#4705,.T.);
#6290=ORIENTED_EDGE('',*,*,#4462,.F.);
#6291=ORIENTED_EDGE('',*,*,#4705,.F.);
#6292=ORIENTED_EDGE('',*,*,#4575,.F.);
#6293=ORIENTED_EDGE('',*,*,#4706,.T.);
#6294=ORIENTED_EDGE('',*,*,#4463,.F.);
#6295=ORIENTED_EDGE('',*,*,#4706,.F.);
#6296=ORIENTED_EDGE('',*,*,#4574,.F.);
#6297=ORIENTED_EDGE('',*,*,#4707,.T.);
#6298=ORIENTED_EDGE('',*,*,#4464,.F.);
#6299=ORIENTED_EDGE('',*,*,#4707,.F.);
#6300=ORIENTED_EDGE('',*,*,#4573,.F.);
#6301=ORIENTED_EDGE('',*,*,#4708,.T.);
#6302=ORIENTED_EDGE('',*,*,#4465,.F.);
#6303=ORIENTED_EDGE('',*,*,#4708,.F.);
#6304=ORIENTED_EDGE('',*,*,#4572,.F.);
#6305=ORIENTED_EDGE('',*,*,#4709,.T.);
#6306=ORIENTED_EDGE('',*,*,#4466,.F.);
#6307=ORIENTED_EDGE('',*,*,#4709,.F.);
#6308=ORIENTED_EDGE('',*,*,#4571,.F.);
#6309=ORIENTED_EDGE('',*,*,#4710,.T.);
#6310=ORIENTED_EDGE('',*,*,#4467,.F.);
#6311=ORIENTED_EDGE('',*,*,#4710,.F.);
#6312=ORIENTED_EDGE('',*,*,#4570,.F.);
#6313=ORIENTED_EDGE('',*,*,#4711,.T.);
#6314=ORIENTED_EDGE('',*,*,#4468,.F.);
#6315=ORIENTED_EDGE('',*,*,#4711,.F.);
#6316=ORIENTED_EDGE('',*,*,#4569,.F.);
#6317=ORIENTED_EDGE('',*,*,#4712,.T.);
#6318=ORIENTED_EDGE('',*,*,#4469,.F.);
#6319=ORIENTED_EDGE('',*,*,#4712,.F.);
#6320=ORIENTED_EDGE('',*,*,#4568,.F.);
#6321=ORIENTED_EDGE('',*,*,#4713,.T.);
#6322=ORIENTED_EDGE('',*,*,#4470,.F.);
#6323=ORIENTED_EDGE('',*,*,#4713,.F.);
#6324=ORIENTED_EDGE('',*,*,#4567,.F.);
#6325=ORIENTED_EDGE('',*,*,#4714,.T.);
#6326=ORIENTED_EDGE('',*,*,#4471,.F.);
#6327=ORIENTED_EDGE('',*,*,#4714,.F.);
#6328=ORIENTED_EDGE('',*,*,#4566,.F.);
#6329=ORIENTED_EDGE('',*,*,#4715,.T.);
#6330=ORIENTED_EDGE('',*,*,#4472,.F.);
#6331=ORIENTED_EDGE('',*,*,#4715,.F.);
#6332=ORIENTED_EDGE('',*,*,#4565,.F.);
#6333=ORIENTED_EDGE('',*,*,#4716,.T.);
#6334=ORIENTED_EDGE('',*,*,#4473,.F.);
#6335=ORIENTED_EDGE('',*,*,#4716,.F.);
#6336=ORIENTED_EDGE('',*,*,#4564,.F.);
#6337=ORIENTED_EDGE('',*,*,#4717,.T.);
#6338=ORIENTED_EDGE('',*,*,#4474,.F.);
#6339=ORIENTED_EDGE('',*,*,#4717,.F.);
#6340=ORIENTED_EDGE('',*,*,#4563,.F.);
#6341=ORIENTED_EDGE('',*,*,#4718,.T.);
#6342=ORIENTED_EDGE('',*,*,#4475,.F.);
#6343=ORIENTED_EDGE('',*,*,#4718,.F.);
#6344=ORIENTED_EDGE('',*,*,#4562,.F.);
#6345=ORIENTED_EDGE('',*,*,#4719,.T.);
#6346=ORIENTED_EDGE('',*,*,#4476,.F.);
#6347=ORIENTED_EDGE('',*,*,#4719,.F.);
#6348=ORIENTED_EDGE('',*,*,#4561,.F.);
#6349=ORIENTED_EDGE('',*,*,#4720,.T.);
#6350=ORIENTED_EDGE('',*,*,#4477,.F.);
#6351=ORIENTED_EDGE('',*,*,#4720,.F.);
#6352=ORIENTED_EDGE('',*,*,#4560,.F.);
#6353=ORIENTED_EDGE('',*,*,#4721,.T.);
#6354=ORIENTED_EDGE('',*,*,#4478,.F.);
#6355=ORIENTED_EDGE('',*,*,#4721,.F.);
#6356=ORIENTED_EDGE('',*,*,#4559,.F.);
#6357=ORIENTED_EDGE('',*,*,#4722,.T.);
#6358=ORIENTED_EDGE('',*,*,#4479,.F.);
#6359=ORIENTED_EDGE('',*,*,#4722,.F.);
#6360=ORIENTED_EDGE('',*,*,#4558,.F.);
#6361=ORIENTED_EDGE('',*,*,#4723,.T.);
#6362=ORIENTED_EDGE('',*,*,#4480,.F.);
#6363=ORIENTED_EDGE('',*,*,#4723,.F.);
#6364=ORIENTED_EDGE('',*,*,#4557,.F.);
#6365=ORIENTED_EDGE('',*,*,#4724,.T.);
#6366=ORIENTED_EDGE('',*,*,#4481,.F.);
#6367=ORIENTED_EDGE('',*,*,#4724,.F.);
#6368=ORIENTED_EDGE('',*,*,#4556,.F.);
#6369=ORIENTED_EDGE('',*,*,#4725,.T.);
#6370=ORIENTED_EDGE('',*,*,#4482,.F.);
#6371=ORIENTED_EDGE('',*,*,#4725,.F.);
#6372=ORIENTED_EDGE('',*,*,#4555,.F.);
#6373=ORIENTED_EDGE('',*,*,#4726,.T.);
#6374=ORIENTED_EDGE('',*,*,#4483,.F.);
#6375=ORIENTED_EDGE('',*,*,#4726,.F.);
#6376=ORIENTED_EDGE('',*,*,#4554,.F.);
#6377=ORIENTED_EDGE('',*,*,#4727,.T.);
#6378=ORIENTED_EDGE('',*,*,#4484,.F.);
#6379=ORIENTED_EDGE('',*,*,#4727,.F.);
#6380=ORIENTED_EDGE('',*,*,#4553,.F.);
#6381=ORIENTED_EDGE('',*,*,#4728,.T.);
#6382=ORIENTED_EDGE('',*,*,#4485,.F.);
#6383=ORIENTED_EDGE('',*,*,#4728,.F.);
#6384=ORIENTED_EDGE('',*,*,#4552,.F.);
#6385=ORIENTED_EDGE('',*,*,#4729,.T.);
#6386=ORIENTED_EDGE('',*,*,#4486,.F.);
#6387=ORIENTED_EDGE('',*,*,#4729,.F.);
#6388=ORIENTED_EDGE('',*,*,#4551,.F.);
#6389=ORIENTED_EDGE('',*,*,#4730,.T.);
#6390=ORIENTED_EDGE('',*,*,#4487,.F.);
#6391=ORIENTED_EDGE('',*,*,#4730,.F.);
#6392=ORIENTED_EDGE('',*,*,#4550,.F.);
#6393=ORIENTED_EDGE('',*,*,#4731,.T.);
#6394=ORIENTED_EDGE('',*,*,#4488,.F.);
#6395=ORIENTED_EDGE('',*,*,#4731,.F.);
#6396=ORIENTED_EDGE('',*,*,#4549,.F.);
#6397=ORIENTED_EDGE('',*,*,#4732,.T.);
#6398=ORIENTED_EDGE('',*,*,#4489,.F.);
#6399=ORIENTED_EDGE('',*,*,#4732,.F.);
#6400=ORIENTED_EDGE('',*,*,#4548,.F.);
#6401=ORIENTED_EDGE('',*,*,#4733,.T.);
#6402=ORIENTED_EDGE('',*,*,#4490,.F.);
#6403=ORIENTED_EDGE('',*,*,#4733,.F.);
#6404=ORIENTED_EDGE('',*,*,#4547,.F.);
#6405=ORIENTED_EDGE('',*,*,#4734,.T.);
#6406=ORIENTED_EDGE('',*,*,#4491,.F.);
#6407=ORIENTED_EDGE('',*,*,#4734,.F.);
#6408=ORIENTED_EDGE('',*,*,#4546,.F.);
#6409=ORIENTED_EDGE('',*,*,#4735,.T.);
#6410=ORIENTED_EDGE('',*,*,#4492,.F.);
#6411=ORIENTED_EDGE('',*,*,#4735,.F.);
#6412=ORIENTED_EDGE('',*,*,#4545,.F.);
#6413=ORIENTED_EDGE('',*,*,#4736,.T.);
#6414=ORIENTED_EDGE('',*,*,#4493,.F.);
#6415=ORIENTED_EDGE('',*,*,#4736,.F.);
#6416=ORIENTED_EDGE('',*,*,#4544,.F.);
#6417=ORIENTED_EDGE('',*,*,#4737,.T.);
#6418=ORIENTED_EDGE('',*,*,#4494,.F.);
#6419=ORIENTED_EDGE('',*,*,#4737,.F.);
#6420=ORIENTED_EDGE('',*,*,#4543,.F.);
#6421=ORIENTED_EDGE('',*,*,#4738,.T.);
#6422=ORIENTED_EDGE('',*,*,#4495,.F.);
#6423=ORIENTED_EDGE('',*,*,#4738,.F.);
#6424=ORIENTED_EDGE('',*,*,#4542,.F.);
#6425=ORIENTED_EDGE('',*,*,#4739,.T.);
#6426=ORIENTED_EDGE('',*,*,#4496,.F.);
#6427=ORIENTED_EDGE('',*,*,#4739,.F.);
#6428=ORIENTED_EDGE('',*,*,#4541,.F.);
#6429=ORIENTED_EDGE('',*,*,#4740,.T.);
#6430=ORIENTED_EDGE('',*,*,#4497,.F.);
#6431=ORIENTED_EDGE('',*,*,#4740,.F.);
#6432=ORIENTED_EDGE('',*,*,#4540,.F.);
#6433=ORIENTED_EDGE('',*,*,#4741,.T.);
#6434=ORIENTED_EDGE('',*,*,#4498,.F.);
#6435=ORIENTED_EDGE('',*,*,#4741,.F.);
#6436=ORIENTED_EDGE('',*,*,#4370,.F.);
#6437=ORIENTED_EDGE('',*,*,#4321,.T.);
#6438=ORIENTED_EDGE('',*,*,#4244,.F.);
#6439=ORIENTED_EDGE('',*,*,#4742,.F.);
#6440=ORIENTED_EDGE('',*,*,#4743,.F.);
#6441=ORIENTED_EDGE('',*,*,#4744,.F.);
#6442=ORIENTED_EDGE('',*,*,#4745,.F.);
#6443=ORIENTED_EDGE('',*,*,#4746,.F.);
#6444=ORIENTED_EDGE('',*,*,#4745,.T.);
#6445=ORIENTED_EDGE('',*,*,#4747,.F.);
#6446=ORIENTED_EDGE('',*,*,#4312,.T.);
#6447=ORIENTED_EDGE('',*,*,#4748,.F.);
#6448=ORIENTED_EDGE('',*,*,#4744,.T.);
#6449=ORIENTED_EDGE('',*,*,#4749,.T.);
#6450=ORIENTED_EDGE('',*,*,#4313,.T.);
#6451=ORIENTED_EDGE('',*,*,#4747,.T.);
#6452=ORIENTED_EDGE('',*,*,#4743,.T.);
#6453=ORIENTED_EDGE('',*,*,#4750,.F.);
#6454=ORIENTED_EDGE('',*,*,#4314,.T.);
#6455=ORIENTED_EDGE('',*,*,#4749,.F.);
#6456=ORIENTED_EDGE('',*,*,#4742,.T.);
#6457=ORIENTED_EDGE('',*,*,#4243,.T.);
#6458=ORIENTED_EDGE('',*,*,#4315,.T.);
#6459=ORIENTED_EDGE('',*,*,#4750,.T.);
#6460=ORIENTED_EDGE('',*,*,#4320,.T.);
#6461=ORIENTED_EDGE('',*,*,#4325,.T.);
#6462=ORIENTED_EDGE('',*,*,#4751,.T.);
#6463=ORIENTED_EDGE('',*,*,#4246,.T.);
#6464=ORIENTED_EDGE('',*,*,#4752,.T.);
#6465=ORIENTED_EDGE('',*,*,#4327,.T.);
#6466=ORIENTED_EDGE('',*,*,#4753,.F.);
#6467=ORIENTED_EDGE('',*,*,#4754,.T.);
#6468=ORIENTED_EDGE('',*,*,#4755,.F.);
#6469=ORIENTED_EDGE('',*,*,#4756,.F.);
#6470=ORIENTED_EDGE('',*,*,#4334,.F.);
#6471=ORIENTED_EDGE('',*,*,#4757,.T.);
#6472=ORIENTED_EDGE('',*,*,#4751,.F.);
#6473=ORIENTED_EDGE('',*,*,#4324,.F.);
#6474=ORIENTED_EDGE('',*,*,#4328,.F.);
#6475=ORIENTED_EDGE('',*,*,#4752,.F.);
#6476=ORIENTED_EDGE('',*,*,#4330,.T.);
#6477=ORIENTED_EDGE('',*,*,#4758,.T.);
#6478=ORIENTED_EDGE('',*,*,#4534,.T.);
#6479=ORIENTED_EDGE('',*,*,#4759,.T.);
#6480=ORIENTED_EDGE('',*,*,#4760,.T.);
#6481=ORIENTED_EDGE('',*,*,#4758,.F.);
#6482=ORIENTED_EDGE('',*,*,#4761,.F.);
#6483=ORIENTED_EDGE('',*,*,#4762,.T.);
#6484=ORIENTED_EDGE('',*,*,#4331,.T.);
#6485=ORIENTED_EDGE('',*,*,#4756,.T.);
#6486=ORIENTED_EDGE('',*,*,#4763,.F.);
#6487=ORIENTED_EDGE('',*,*,#4416,.F.);
#6488=ORIENTED_EDGE('',*,*,#4764,.T.);
#6489=ORIENTED_EDGE('',*,*,#4535,.F.);
#6490=ORIENTED_EDGE('',*,*,#4760,.F.);
#6491=ORIENTED_EDGE('',*,*,#4765,.T.);
#6492=ORIENTED_EDGE('',*,*,#4766,.F.);
#6493=ORIENTED_EDGE('',*,*,#4761,.T.);
#6494=ORIENTED_EDGE('',*,*,#4767,.T.);
#6495=ORIENTED_EDGE('',*,*,#4768,.F.);
#6496=ORIENTED_EDGE('',*,*,#4769,.F.);
#6497=ORIENTED_EDGE('',*,*,#4770,.F.);
#6498=ORIENTED_EDGE('',*,*,#4771,.T.);
#6499=ORIENTED_EDGE('',*,*,#4772,.F.);
#6500=ORIENTED_EDGE('',*,*,#4773,.F.);
#6501=ORIENTED_EDGE('',*,*,#4774,.F.);
#6502=ORIENTED_EDGE('',*,*,#4775,.F.);
#6503=ORIENTED_EDGE('',*,*,#4770,.T.);
#6504=ORIENTED_EDGE('',*,*,#4776,.F.);
#6505=ORIENTED_EDGE('',*,*,#4772,.T.);
#6506=ORIENTED_EDGE('',*,*,#4777,.F.);
#6507=ORIENTED_EDGE('',*,*,#4419,.F.);
#6508=ORIENTED_EDGE('',*,*,#4778,.F.);
#6509=ORIENTED_EDGE('',*,*,#4532,.F.);
#6510=ORIENTED_EDGE('',*,*,#4779,.F.);
#6511=ORIENTED_EDGE('',*,*,#4767,.F.);
#6512=ORIENTED_EDGE('',*,*,#4775,.T.);
#6513=ORIENTED_EDGE('',*,*,#4771,.F.);
#6514=ORIENTED_EDGE('',*,*,#4779,.T.);
#6515=ORIENTED_EDGE('',*,*,#4531,.T.);
#6516=ORIENTED_EDGE('',*,*,#4780,.F.);
#6517=ORIENTED_EDGE('',*,*,#4768,.T.);
#6518=ORIENTED_EDGE('',*,*,#4759,.F.);
#6519=ORIENTED_EDGE('',*,*,#4533,.F.);
#6520=ORIENTED_EDGE('',*,*,#4778,.T.);
#6521=ORIENTED_EDGE('',*,*,#4418,.F.);
#6522=ORIENTED_EDGE('',*,*,#4781,.F.);
#6523=ORIENTED_EDGE('',*,*,#4754,.F.);
#6524=ORIENTED_EDGE('',*,*,#4782,.F.);
#6525=ORIENTED_EDGE('',*,*,#4765,.F.);
#6526=ORIENTED_EDGE('',*,*,#4781,.T.);
#6527=ORIENTED_EDGE('',*,*,#4417,.T.);
#6528=ORIENTED_EDGE('',*,*,#4763,.T.);
#6529=ORIENTED_EDGE('',*,*,#4755,.T.);
#6530=ORIENTED_EDGE('',*,*,#4536,.F.);
#6531=ORIENTED_EDGE('',*,*,#4764,.F.);
#6532=ORIENTED_EDGE('',*,*,#4415,.F.);
#6533=ORIENTED_EDGE('',*,*,#4629,.F.);
#6534=ORIENTED_EDGE('',*,*,#4247,.F.);
#6535=ORIENTED_EDGE('',*,*,#4757,.F.);
#6536=ORIENTED_EDGE('',*,*,#4369,.F.);
#6537=ORIENTED_EDGE('',*,*,#4626,.F.);
#6538=ORIENTED_EDGE('',*,*,#4782,.T.);
#6539=ORIENTED_EDGE('',*,*,#4753,.T.);
#6540=ORIENTED_EDGE('',*,*,#4332,.T.);
#6541=ORIENTED_EDGE('',*,*,#4762,.F.);
#6542=ORIENTED_EDGE('',*,*,#4766,.T.);
#6543=ORIENTED_EDGE('',*,*,#4234,.T.);
#6544=ORIENTED_EDGE('',*,*,#4783,.F.);
#6545=ORIENTED_EDGE('',*,*,#4784,.T.);
#6546=ORIENTED_EDGE('',*,*,#4785,.T.);
#6547=ORIENTED_EDGE('',*,*,#4344,.T.);
#6548=ORIENTED_EDGE('',*,*,#4785,.F.);
#6549=ORIENTED_EDGE('',*,*,#4786,.F.);
#6550=ORIENTED_EDGE('',*,*,#4787,.F.);
#6551=ORIENTED_EDGE('',*,*,#4788,.T.);
#6552=ORIENTED_EDGE('',*,*,#4240,.F.);
#6553=ORIENTED_EDGE('',*,*,#4789,.T.);
#6554=ORIENTED_EDGE('',*,*,#4306,.F.);
#6555=ORIENTED_EDGE('',*,*,#4790,.F.);
#6556=ORIENTED_EDGE('',*,*,#4791,.F.);
#6557=ORIENTED_EDGE('',*,*,#4783,.T.);
#6558=ORIENTED_EDGE('',*,*,#4223,.F.);
#6559=ORIENTED_EDGE('',*,*,#4792,.T.);
#6560=ORIENTED_EDGE('',*,*,#4787,.T.);
#6561=ORIENTED_EDGE('',*,*,#4793,.F.);
#6562=ORIENTED_EDGE('',*,*,#4790,.T.);
#6563=ORIENTED_EDGE('',*,*,#4305,.F.);
#6564=ORIENTED_EDGE('',*,*,#4308,.F.);
#6565=ORIENTED_EDGE('',*,*,#4309,.F.);
#6566=ORIENTED_EDGE('',*,*,#4232,.F.);
#6567=ORIENTED_EDGE('',*,*,#4226,.F.);
#6568=ORIENTED_EDGE('',*,*,#4241,.F.);
#6569=ORIENTED_EDGE('',*,*,#4788,.F.);
#6570=ORIENTED_EDGE('',*,*,#4792,.F.);
#6571=ORIENTED_EDGE('',*,*,#4746,.T.);
#6572=ORIENTED_EDGE('',*,*,#4748,.T.);
#6573=ORIENTED_EDGE('',*,*,#4311,.T.);
#6574=ORIENTED_EDGE('',*,*,#4371,.T.);
#6575=ORIENTED_EDGE('',*,*,#4780,.T.);
#6576=ORIENTED_EDGE('',*,*,#4794,.F.);
#6577=ORIENTED_EDGE('',*,*,#4795,.T.);
#6578=ORIENTED_EDGE('',*,*,#4773,.T.);
#6579=ORIENTED_EDGE('',*,*,#4776,.T.);
#6580=ORIENTED_EDGE('',*,*,#4769,.T.);
#6581=ORIENTED_EDGE('',*,*,#4796,.T.);
#6582=ORIENTED_EDGE('',*,*,#4530,.T.);
#6583=ORIENTED_EDGE('',*,*,#4797,.T.);
#6584=ORIENTED_EDGE('',*,*,#4798,.T.);
#6585=ORIENTED_EDGE('',*,*,#4794,.T.);
#6586=ORIENTED_EDGE('',*,*,#4796,.F.);
#6587=ORIENTED_EDGE('',*,*,#4799,.F.);
#6588=ORIENTED_EDGE('',*,*,#4800,.F.);
#6589=ORIENTED_EDGE('',*,*,#4801,.T.);
#6590=ORIENTED_EDGE('',*,*,#4802,.F.);
#6591=ORIENTED_EDGE('',*,*,#4798,.F.);
#6592=ORIENTED_EDGE('',*,*,#4803,.F.);
#6593=ORIENTED_EDGE('',*,*,#4804,.F.);
#6594=ORIENTED_EDGE('',*,*,#4799,.T.);
#6595=ORIENTED_EDGE('',*,*,#4805,.F.);
#6596=ORIENTED_EDGE('',*,*,#4617,.F.);
#6597=ORIENTED_EDGE('',*,*,#4789,.F.);
#6598=ORIENTED_EDGE('',*,*,#4618,.F.);
#6599=ORIENTED_EDGE('',*,*,#4777,.T.);
#6600=ORIENTED_EDGE('',*,*,#4774,.T.);
#6601=ORIENTED_EDGE('',*,*,#4795,.F.);
#6602=ORIENTED_EDGE('',*,*,#4420,.T.);
#6603=ORIENTED_EDGE('',*,*,#4806,.F.);
#6604=ORIENTED_EDGE('',*,*,#4421,.T.);
#6605=ORIENTED_EDGE('',*,*,#4802,.T.);
#6606=ORIENTED_EDGE('',*,*,#4807,.T.);
#6607=ORIENTED_EDGE('',*,*,#4786,.T.);
#6608=ORIENTED_EDGE('',*,*,#4793,.T.);
#6609=ORIENTED_EDGE('',*,*,#4807,.F.);
#6610=ORIENTED_EDGE('',*,*,#4801,.F.);
#6611=ORIENTED_EDGE('',*,*,#4808,.F.);
#6612=ORIENTED_EDGE('',*,*,#4791,.T.);
#6613=ORIENTED_EDGE('',*,*,#4808,.T.);
#6614=ORIENTED_EDGE('',*,*,#4800,.T.);
#6615=ORIENTED_EDGE('',*,*,#4804,.T.);
#6616=ORIENTED_EDGE('',*,*,#4809,.T.);
#6617=ORIENTED_EDGE('',*,*,#4797,.F.);
#6618=ORIENTED_EDGE('',*,*,#4529,.T.);
#6619=ORIENTED_EDGE('',*,*,#4805,.T.);
#6620=ORIENTED_EDGE('',*,*,#4422,.T.);
#6621=ORIENTED_EDGE('',*,*,#4806,.T.);
#6622=ORIENTED_EDGE('',*,*,#4784,.F.);
#6623=ORIENTED_EDGE('',*,*,#4809,.F.);
#6624=ORIENTED_EDGE('',*,*,#4803,.T.);
#6625=ORIENTED_EDGE('',*,*,#4810,.T.);
#6626=ORIENTED_EDGE('',*,*,#4811,.T.);
#6627=ORIENTED_EDGE('',*,*,#4812,.T.);
#6628=ORIENTED_EDGE('',*,*,#4813,.T.);
#6629=ORIENTED_EDGE('',*,*,#4811,.F.);
#6630=ORIENTED_EDGE('',*,*,#4813,.F.);
#6631=ORIENTED_EDGE('',*,*,#4814,.T.);
#6632=ORIENTED_EDGE('',*,*,#4815,.F.);
#6633=ORIENTED_EDGE('',*,*,#4814,.F.);
#6634=ORIENTED_EDGE('',*,*,#4812,.F.);
#6635=ORIENTED_EDGE('',*,*,#4810,.F.);
#6636=ORIENTED_EDGE('',*,*,#4816,.T.);
#6637=ORIENTED_EDGE('',*,*,#4817,.T.);
#6638=ORIENTED_EDGE('',*,*,#4818,.T.);
#6639=ORIENTED_EDGE('',*,*,#4819,.T.);
#6640=ORIENTED_EDGE('',*,*,#4820,.T.);
#6641=ORIENTED_EDGE('',*,*,#4821,.F.);
#6642=ORIENTED_EDGE('',*,*,#4822,.F.);
#6643=ORIENTED_EDGE('',*,*,#4823,.F.);
#6644=ORIENTED_EDGE('',*,*,#4824,.F.);
#6645=ORIENTED_EDGE('',*,*,#4825,.F.);
#6646=ORIENTED_EDGE('',*,*,#4822,.T.);
#6647=ORIENTED_EDGE('',*,*,#4826,.F.);
#6648=ORIENTED_EDGE('',*,*,#4827,.F.);
#6649=ORIENTED_EDGE('',*,*,#4823,.T.);
#6650=ORIENTED_EDGE('',*,*,#4825,.T.);
#6651=ORIENTED_EDGE('',*,*,#4828,.T.);
#6652=ORIENTED_EDGE('',*,*,#4829,.T.);
#6653=ORIENTED_EDGE('',*,*,#4818,.F.);
#6654=ORIENTED_EDGE('',*,*,#4830,.T.);
#6655=ORIENTED_EDGE('',*,*,#4831,.T.);
#6656=ORIENTED_EDGE('',*,*,#4832,.T.);
#6657=ORIENTED_EDGE('',*,*,#4826,.T.);
#6658=ORIENTED_EDGE('',*,*,#4821,.T.);
#6659=ORIENTED_EDGE('',*,*,#4833,.T.);
#6660=ORIENTED_EDGE('',*,*,#4834,.T.);
#6661=ORIENTED_EDGE('',*,*,#4835,.T.);
#6662=ORIENTED_EDGE('',*,*,#4836,.T.);
#6663=ORIENTED_EDGE('',*,*,#4837,.T.);
#6664=ORIENTED_EDGE('',*,*,#4838,.T.);
#6665=ORIENTED_EDGE('',*,*,#4839,.T.);
#6666=ORIENTED_EDGE('',*,*,#4840,.T.);
#6667=ORIENTED_EDGE('',*,*,#4841,.T.);
#6668=ORIENTED_EDGE('',*,*,#4820,.F.);
#6669=ORIENTED_EDGE('',*,*,#4842,.T.);
#6670=ORIENTED_EDGE('',*,*,#4843,.T.);
#6671=ORIENTED_EDGE('',*,*,#4844,.T.);
#6672=ORIENTED_EDGE('',*,*,#4845,.T.);
#6673=ORIENTED_EDGE('',*,*,#4846,.T.);
#6674=ORIENTED_EDGE('',*,*,#4847,.T.);
#6675=ORIENTED_EDGE('',*,*,#4815,.T.);
#6676=ORIENTED_EDGE('',*,*,#4848,.T.);
#6677=ORIENTED_EDGE('',*,*,#4849,.F.);
#6678=ORIENTED_EDGE('',*,*,#4850,.F.);
#6679=ORIENTED_EDGE('',*,*,#4851,.T.);
#6680=ORIENTED_EDGE('',*,*,#4852,.T.);
#6681=ORIENTED_EDGE('',*,*,#4853,.T.);
#6682=ORIENTED_EDGE('',*,*,#4854,.F.);
#6683=ORIENTED_EDGE('',*,*,#4855,.F.);
#6684=ORIENTED_EDGE('',*,*,#4856,.F.);
#6685=ORIENTED_EDGE('',*,*,#4857,.F.);
#6686=ORIENTED_EDGE('',*,*,#4858,.T.);
#6687=ORIENTED_EDGE('',*,*,#4859,.T.);
#6688=ORIENTED_EDGE('',*,*,#4860,.T.);
#6689=ORIENTED_EDGE('',*,*,#4861,.T.);
#6690=ORIENTED_EDGE('',*,*,#4862,.T.);
#6691=ORIENTED_EDGE('',*,*,#4863,.F.);
#6692=ORIENTED_EDGE('',*,*,#4864,.F.);
#6693=ORIENTED_EDGE('',*,*,#4865,.T.);
#6694=ORIENTED_EDGE('',*,*,#4866,.T.);
#6695=ORIENTED_EDGE('',*,*,#4867,.T.);
#6696=ORIENTED_EDGE('',*,*,#4868,.T.);
#6697=ORIENTED_EDGE('',*,*,#4869,.T.);
#6698=ORIENTED_EDGE('',*,*,#4870,.T.);
#6699=ORIENTED_EDGE('',*,*,#4871,.T.);
#6700=ORIENTED_EDGE('',*,*,#4872,.T.);
#6701=ORIENTED_EDGE('',*,*,#4873,.T.);
#6702=ORIENTED_EDGE('',*,*,#4874,.T.);
#6703=ORIENTED_EDGE('',*,*,#4875,.T.);
#6704=ORIENTED_EDGE('',*,*,#4876,.T.);
#6705=ORIENTED_EDGE('',*,*,#4877,.T.);
#6706=ORIENTED_EDGE('',*,*,#4878,.T.);
#6707=ORIENTED_EDGE('',*,*,#4879,.T.);
#6708=ORIENTED_EDGE('',*,*,#4880,.T.);
#6709=ORIENTED_EDGE('',*,*,#4881,.T.);
#6710=ORIENTED_EDGE('',*,*,#4882,.T.);
#6711=ORIENTED_EDGE('',*,*,#4883,.T.);
#6712=ORIENTED_EDGE('',*,*,#4884,.T.);
#6713=ORIENTED_EDGE('',*,*,#4885,.T.);
#6714=ORIENTED_EDGE('',*,*,#4886,.T.);
#6715=ORIENTED_EDGE('',*,*,#4887,.T.);
#6716=ORIENTED_EDGE('',*,*,#4888,.F.);
#6717=ORIENTED_EDGE('',*,*,#4889,.T.);
#6718=ORIENTED_EDGE('',*,*,#4890,.F.);
#6719=ORIENTED_EDGE('',*,*,#4889,.F.);
#6720=ORIENTED_EDGE('',*,*,#4888,.T.);
#6721=ORIENTED_EDGE('',*,*,#4891,.T.);
#6722=ORIENTED_EDGE('',*,*,#4892,.T.);
#6723=ORIENTED_EDGE('',*,*,#4893,.T.);
#6724=ORIENTED_EDGE('',*,*,#4894,.T.);
#6725=ORIENTED_EDGE('',*,*,#4890,.T.);
#6726=ORIENTED_EDGE('',*,*,#4895,.T.);
#6727=ORIENTED_EDGE('',*,*,#4884,.F.);
#6728=ORIENTED_EDGE('',*,*,#4896,.F.);
#6729=ORIENTED_EDGE('',*,*,#4894,.F.);
#6730=ORIENTED_EDGE('',*,*,#4897,.T.);
#6731=ORIENTED_EDGE('',*,*,#4885,.F.);
#6732=ORIENTED_EDGE('',*,*,#4895,.F.);
#6733=ORIENTED_EDGE('',*,*,#4893,.F.);
#6734=ORIENTED_EDGE('',*,*,#4898,.T.);
#6735=ORIENTED_EDGE('',*,*,#4886,.F.);
#6736=ORIENTED_EDGE('',*,*,#4897,.F.);
#6737=ORIENTED_EDGE('',*,*,#4892,.F.);
#6738=ORIENTED_EDGE('',*,*,#4896,.T.);
#6739=ORIENTED_EDGE('',*,*,#4887,.F.);
#6740=ORIENTED_EDGE('',*,*,#4898,.F.);
#6741=ORIENTED_EDGE('',*,*,#4891,.F.);
#6742=ORIENTED_EDGE('',*,*,#4899,.T.);
#6743=ORIENTED_EDGE('',*,*,#4900,.T.);
#6744=ORIENTED_EDGE('',*,*,#4901,.T.);
#6745=ORIENTED_EDGE('',*,*,#4902,.T.);
#6746=ORIENTED_EDGE('',*,*,#4900,.F.);
#6747=ORIENTED_EDGE('',*,*,#4902,.F.);
#6748=ORIENTED_EDGE('',*,*,#4903,.T.);
#6749=ORIENTED_EDGE('',*,*,#4883,.F.);
#6750=ORIENTED_EDGE('',*,*,#4903,.F.);
#6751=ORIENTED_EDGE('',*,*,#4901,.F.);
#6752=ORIENTED_EDGE('',*,*,#4899,.F.);
#6753=ORIENTED_EDGE('',*,*,#4904,.T.);
#6754=ORIENTED_EDGE('',*,*,#4905,.T.);
#6755=ORIENTED_EDGE('',*,*,#4906,.T.);
#6756=ORIENTED_EDGE('',*,*,#4907,.T.);
#6757=ORIENTED_EDGE('',*,*,#4908,.T.);
#6758=ORIENTED_EDGE('',*,*,#4906,.F.);
#6759=ORIENTED_EDGE('',*,*,#4908,.F.);
#6760=ORIENTED_EDGE('',*,*,#4909,.T.);
#6761=ORIENTED_EDGE('',*,*,#4910,.F.);
#6762=ORIENTED_EDGE('',*,*,#4909,.F.);
#6763=ORIENTED_EDGE('',*,*,#4907,.F.);
#6764=ORIENTED_EDGE('',*,*,#4905,.F.);
#6765=ORIENTED_EDGE('',*,*,#4911,.F.);
#6766=ORIENTED_EDGE('',*,*,#4912,.F.);
#6767=ORIENTED_EDGE('',*,*,#4913,.F.);
#6768=ORIENTED_EDGE('',*,*,#4914,.F.);
#6769=ORIENTED_EDGE('',*,*,#4915,.F.);
#6770=ORIENTED_EDGE('',*,*,#4916,.F.);
#6771=ORIENTED_EDGE('',*,*,#4917,.F.);
#6772=ORIENTED_EDGE('',*,*,#4918,.F.);
#6773=ORIENTED_EDGE('',*,*,#4917,.T.);
#6774=ORIENTED_EDGE('',*,*,#4919,.F.);
#6775=ORIENTED_EDGE('',*,*,#4913,.T.);
#6776=ORIENTED_EDGE('',*,*,#4920,.F.);
#6777=ORIENTED_EDGE('',*,*,#4910,.T.);
#6778=ORIENTED_EDGE('',*,*,#4918,.T.);
#6779=ORIENTED_EDGE('',*,*,#4920,.T.);
#6780=ORIENTED_EDGE('',*,*,#4912,.T.);
#6781=ORIENTED_EDGE('',*,*,#4921,.T.);
#6782=ORIENTED_EDGE('',*,*,#4922,.F.);
#6783=ORIENTED_EDGE('',*,*,#4923,.F.);
#6784=ORIENTED_EDGE('',*,*,#4924,.T.);
#6785=ORIENTED_EDGE('',*,*,#4925,.T.);
#6786=ORIENTED_EDGE('',*,*,#4926,.T.);
#6787=ORIENTED_EDGE('',*,*,#4911,.T.);
#6788=ORIENTED_EDGE('',*,*,#4927,.F.);
#6789=ORIENTED_EDGE('',*,*,#4928,.F.);
#6790=ORIENTED_EDGE('',*,*,#4921,.F.);
#6791=ORIENTED_EDGE('',*,*,#4929,.T.);
#6792=ORIENTED_EDGE('',*,*,#4930,.T.);
#6793=ORIENTED_EDGE('',*,*,#4931,.T.);
#6794=ORIENTED_EDGE('',*,*,#4932,.T.);
#6795=ORIENTED_EDGE('',*,*,#4930,.F.);
#6796=ORIENTED_EDGE('',*,*,#4932,.F.);
#6797=ORIENTED_EDGE('',*,*,#4933,.T.);
#6798=ORIENTED_EDGE('',*,*,#4934,.F.);
#6799=ORIENTED_EDGE('',*,*,#4933,.F.);
#6800=ORIENTED_EDGE('',*,*,#4931,.F.);
#6801=ORIENTED_EDGE('',*,*,#4929,.F.);
#6802=ORIENTED_EDGE('',*,*,#4935,.F.);
#6803=ORIENTED_EDGE('',*,*,#4936,.F.);
#6804=ORIENTED_EDGE('',*,*,#4937,.F.);
#6805=ORIENTED_EDGE('',*,*,#4938,.F.);
#6806=ORIENTED_EDGE('',*,*,#4939,.F.);
#6807=ORIENTED_EDGE('',*,*,#4940,.F.);
#6808=ORIENTED_EDGE('',*,*,#4941,.F.);
#6809=ORIENTED_EDGE('',*,*,#4942,.F.);
#6810=ORIENTED_EDGE('',*,*,#4941,.T.);
#6811=ORIENTED_EDGE('',*,*,#4943,.F.);
#6812=ORIENTED_EDGE('',*,*,#4937,.T.);
#6813=ORIENTED_EDGE('',*,*,#4944,.F.);
#6814=ORIENTED_EDGE('',*,*,#4934,.T.);
#6815=ORIENTED_EDGE('',*,*,#4942,.T.);
#6816=ORIENTED_EDGE('',*,*,#4944,.T.);
#6817=ORIENTED_EDGE('',*,*,#4936,.T.);
#6818=ORIENTED_EDGE('',*,*,#4945,.T.);
#6819=ORIENTED_EDGE('',*,*,#4946,.F.);
#6820=ORIENTED_EDGE('',*,*,#4947,.F.);
#6821=ORIENTED_EDGE('',*,*,#4948,.T.);
#6822=ORIENTED_EDGE('',*,*,#4949,.T.);
#6823=ORIENTED_EDGE('',*,*,#4950,.T.);
#6824=ORIENTED_EDGE('',*,*,#4935,.T.);
#6825=ORIENTED_EDGE('',*,*,#4951,.F.);
#6826=ORIENTED_EDGE('',*,*,#4952,.F.);
#6827=ORIENTED_EDGE('',*,*,#4945,.F.);
#6828=ORIENTED_EDGE('',*,*,#4953,.T.);
#6829=ORIENTED_EDGE('',*,*,#4954,.T.);
#6830=ORIENTED_EDGE('',*,*,#4955,.T.);
#6831=ORIENTED_EDGE('',*,*,#4956,.T.);
#6832=ORIENTED_EDGE('',*,*,#4954,.F.);
#6833=ORIENTED_EDGE('',*,*,#4956,.F.);
#6834=ORIENTED_EDGE('',*,*,#4957,.T.);
#6835=ORIENTED_EDGE('',*,*,#4958,.F.);
#6836=ORIENTED_EDGE('',*,*,#4957,.F.);
#6837=ORIENTED_EDGE('',*,*,#4955,.F.);
#6838=ORIENTED_EDGE('',*,*,#4953,.F.);
#6839=ORIENTED_EDGE('',*,*,#4959,.F.);
#6840=ORIENTED_EDGE('',*,*,#4960,.F.);
#6841=ORIENTED_EDGE('',*,*,#4961,.F.);
#6842=ORIENTED_EDGE('',*,*,#4962,.F.);
#6843=ORIENTED_EDGE('',*,*,#4963,.F.);
#6844=ORIENTED_EDGE('',*,*,#4964,.F.);
#6845=ORIENTED_EDGE('',*,*,#4965,.F.);
#6846=ORIENTED_EDGE('',*,*,#4966,.F.);
#6847=ORIENTED_EDGE('',*,*,#4965,.T.);
#6848=ORIENTED_EDGE('',*,*,#4967,.F.);
#6849=ORIENTED_EDGE('',*,*,#4961,.T.);
#6850=ORIENTED_EDGE('',*,*,#4968,.F.);
#6851=ORIENTED_EDGE('',*,*,#4958,.T.);
#6852=ORIENTED_EDGE('',*,*,#4966,.T.);
#6853=ORIENTED_EDGE('',*,*,#4968,.T.);
#6854=ORIENTED_EDGE('',*,*,#4960,.T.);
#6855=ORIENTED_EDGE('',*,*,#4969,.T.);
#6856=ORIENTED_EDGE('',*,*,#4970,.F.);
#6857=ORIENTED_EDGE('',*,*,#4971,.F.);
#6858=ORIENTED_EDGE('',*,*,#4972,.T.);
#6859=ORIENTED_EDGE('',*,*,#4973,.T.);
#6860=ORIENTED_EDGE('',*,*,#4974,.T.);
#6861=ORIENTED_EDGE('',*,*,#4959,.T.);
#6862=ORIENTED_EDGE('',*,*,#4975,.F.);
#6863=ORIENTED_EDGE('',*,*,#4976,.F.);
#6864=ORIENTED_EDGE('',*,*,#4969,.F.);
#6865=ORIENTED_EDGE('',*,*,#4977,.T.);
#6866=ORIENTED_EDGE('',*,*,#4978,.T.);
#6867=ORIENTED_EDGE('',*,*,#4979,.T.);
#6868=ORIENTED_EDGE('',*,*,#4980,.T.);
#6869=ORIENTED_EDGE('',*,*,#4978,.F.);
#6870=ORIENTED_EDGE('',*,*,#4980,.F.);
#6871=ORIENTED_EDGE('',*,*,#4981,.T.);
#6872=ORIENTED_EDGE('',*,*,#4982,.F.);
#6873=ORIENTED_EDGE('',*,*,#4981,.F.);
#6874=ORIENTED_EDGE('',*,*,#4979,.F.);
#6875=ORIENTED_EDGE('',*,*,#4977,.F.);
#6876=ORIENTED_EDGE('',*,*,#4983,.F.);
#6877=ORIENTED_EDGE('',*,*,#4984,.F.);
#6878=ORIENTED_EDGE('',*,*,#4985,.F.);
#6879=ORIENTED_EDGE('',*,*,#4986,.F.);
#6880=ORIENTED_EDGE('',*,*,#4987,.F.);
#6881=ORIENTED_EDGE('',*,*,#4988,.F.);
#6882=ORIENTED_EDGE('',*,*,#4989,.F.);
#6883=ORIENTED_EDGE('',*,*,#4990,.F.);
#6884=ORIENTED_EDGE('',*,*,#4989,.T.);
#6885=ORIENTED_EDGE('',*,*,#4991,.F.);
#6886=ORIENTED_EDGE('',*,*,#4985,.T.);
#6887=ORIENTED_EDGE('',*,*,#4992,.F.);
#6888=ORIENTED_EDGE('',*,*,#4982,.T.);
#6889=ORIENTED_EDGE('',*,*,#4990,.T.);
#6890=ORIENTED_EDGE('',*,*,#4992,.T.);
#6891=ORIENTED_EDGE('',*,*,#4984,.T.);
#6892=ORIENTED_EDGE('',*,*,#4993,.T.);
#6893=ORIENTED_EDGE('',*,*,#4994,.F.);
#6894=ORIENTED_EDGE('',*,*,#4995,.F.);
#6895=ORIENTED_EDGE('',*,*,#4996,.T.);
#6896=ORIENTED_EDGE('',*,*,#4997,.T.);
#6897=ORIENTED_EDGE('',*,*,#4998,.T.);
#6898=ORIENTED_EDGE('',*,*,#4983,.T.);
#6899=ORIENTED_EDGE('',*,*,#4999,.F.);
#6900=ORIENTED_EDGE('',*,*,#5000,.F.);
#6901=ORIENTED_EDGE('',*,*,#4993,.F.);
#6902=ORIENTED_EDGE('',*,*,#5001,.T.);
#6903=ORIENTED_EDGE('',*,*,#5002,.T.);
#6904=ORIENTED_EDGE('',*,*,#5003,.T.);
#6905=ORIENTED_EDGE('',*,*,#5004,.T.);
#6906=ORIENTED_EDGE('',*,*,#5002,.F.);
#6907=ORIENTED_EDGE('',*,*,#5004,.F.);
#6908=ORIENTED_EDGE('',*,*,#5005,.T.);
#6909=ORIENTED_EDGE('',*,*,#5006,.F.);
#6910=ORIENTED_EDGE('',*,*,#5005,.F.);
#6911=ORIENTED_EDGE('',*,*,#5003,.F.);
#6912=ORIENTED_EDGE('',*,*,#5001,.F.);
#6913=ORIENTED_EDGE('',*,*,#5007,.F.);
#6914=ORIENTED_EDGE('',*,*,#5008,.F.);
#6915=ORIENTED_EDGE('',*,*,#5009,.F.);
#6916=ORIENTED_EDGE('',*,*,#5010,.F.);
#6917=ORIENTED_EDGE('',*,*,#5011,.F.);
#6918=ORIENTED_EDGE('',*,*,#5012,.F.);
#6919=ORIENTED_EDGE('',*,*,#5013,.F.);
#6920=ORIENTED_EDGE('',*,*,#5014,.F.);
#6921=ORIENTED_EDGE('',*,*,#5013,.T.);
#6922=ORIENTED_EDGE('',*,*,#5015,.F.);
#6923=ORIENTED_EDGE('',*,*,#5009,.T.);
#6924=ORIENTED_EDGE('',*,*,#5016,.F.);
#6925=ORIENTED_EDGE('',*,*,#5006,.T.);
#6926=ORIENTED_EDGE('',*,*,#5014,.T.);
#6927=ORIENTED_EDGE('',*,*,#5016,.T.);
#6928=ORIENTED_EDGE('',*,*,#5008,.T.);
#6929=ORIENTED_EDGE('',*,*,#5017,.T.);
#6930=ORIENTED_EDGE('',*,*,#5018,.F.);
#6931=ORIENTED_EDGE('',*,*,#5019,.F.);
#6932=ORIENTED_EDGE('',*,*,#5020,.T.);
#6933=ORIENTED_EDGE('',*,*,#5021,.T.);
#6934=ORIENTED_EDGE('',*,*,#5022,.T.);
#6935=ORIENTED_EDGE('',*,*,#5007,.T.);
#6936=ORIENTED_EDGE('',*,*,#5023,.F.);
#6937=ORIENTED_EDGE('',*,*,#5024,.F.);
#6938=ORIENTED_EDGE('',*,*,#5017,.F.);
#6939=ORIENTED_EDGE('',*,*,#5025,.T.);
#6940=ORIENTED_EDGE('',*,*,#5026,.T.);
#6941=ORIENTED_EDGE('',*,*,#5027,.T.);
#6942=ORIENTED_EDGE('',*,*,#5028,.T.);
#6943=ORIENTED_EDGE('',*,*,#5025,.F.);
#6944=ORIENTED_EDGE('',*,*,#5029,.T.);
#6945=ORIENTED_EDGE('',*,*,#5030,.T.);
#6946=ORIENTED_EDGE('',*,*,#4844,.F.);
#6947=ORIENTED_EDGE('',*,*,#5031,.F.);
#6948=ORIENTED_EDGE('',*,*,#5032,.F.);
#6949=ORIENTED_EDGE('',*,*,#5028,.F.);
#6950=ORIENTED_EDGE('',*,*,#5033,.F.);
#6951=ORIENTED_EDGE('',*,*,#5034,.F.);
#6952=ORIENTED_EDGE('',*,*,#5020,.F.);
#6953=ORIENTED_EDGE('',*,*,#5035,.F.);
#6954=ORIENTED_EDGE('',*,*,#5036,.F.);
#6955=ORIENTED_EDGE('',*,*,#5037,.F.);
#6956=ORIENTED_EDGE('',*,*,#4996,.F.);
#6957=ORIENTED_EDGE('',*,*,#5038,.F.);
#6958=ORIENTED_EDGE('',*,*,#5039,.F.);
#6959=ORIENTED_EDGE('',*,*,#5040,.F.);
#6960=ORIENTED_EDGE('',*,*,#4972,.F.);
#6961=ORIENTED_EDGE('',*,*,#5041,.F.);
#6962=ORIENTED_EDGE('',*,*,#5042,.F.);
#6963=ORIENTED_EDGE('',*,*,#5043,.F.);
#6964=ORIENTED_EDGE('',*,*,#4948,.F.);
#6965=ORIENTED_EDGE('',*,*,#5044,.F.);
#6966=ORIENTED_EDGE('',*,*,#5045,.F.);
#6967=ORIENTED_EDGE('',*,*,#5046,.F.);
#6968=ORIENTED_EDGE('',*,*,#4924,.F.);
#6969=ORIENTED_EDGE('',*,*,#5047,.F.);
#6970=ORIENTED_EDGE('',*,*,#5048,.F.);
#6971=ORIENTED_EDGE('',*,*,#5049,.F.);
#6972=ORIENTED_EDGE('',*,*,#5029,.F.);
#6973=ORIENTED_EDGE('',*,*,#5019,.T.);
#6974=ORIENTED_EDGE('',*,*,#5050,.T.);
#6975=ORIENTED_EDGE('',*,*,#5051,.T.);
#6976=ORIENTED_EDGE('',*,*,#5035,.T.);
#6977=ORIENTED_EDGE('',*,*,#4995,.T.);
#6978=ORIENTED_EDGE('',*,*,#5052,.T.);
#6979=ORIENTED_EDGE('',*,*,#5053,.T.);
#6980=ORIENTED_EDGE('',*,*,#5038,.T.);
#6981=ORIENTED_EDGE('',*,*,#4971,.T.);
#6982=ORIENTED_EDGE('',*,*,#5054,.T.);
#6983=ORIENTED_EDGE('',*,*,#5055,.T.);
#6984=ORIENTED_EDGE('',*,*,#5041,.T.);
#6985=ORIENTED_EDGE('',*,*,#4947,.T.);
#6986=ORIENTED_EDGE('',*,*,#5056,.T.);
#6987=ORIENTED_EDGE('',*,*,#5057,.T.);
#6988=ORIENTED_EDGE('',*,*,#5044,.T.);
#6989=ORIENTED_EDGE('',*,*,#5058,.T.);
#6990=ORIENTED_EDGE('',*,*,#5047,.T.);
#6991=ORIENTED_EDGE('',*,*,#4923,.T.);
#6992=ORIENTED_EDGE('',*,*,#5059,.T.);
#6993=ORIENTED_EDGE('',*,*,#5049,.T.);
#6994=ORIENTED_EDGE('',*,*,#5060,.T.);
#6995=ORIENTED_EDGE('',*,*,#4845,.F.);
#6996=ORIENTED_EDGE('',*,*,#5030,.F.);
#6997=ORIENTED_EDGE('',*,*,#5058,.F.);
#6998=ORIENTED_EDGE('',*,*,#5061,.T.);
#6999=ORIENTED_EDGE('',*,*,#5062,.F.);
#7000=ORIENTED_EDGE('',*,*,#4846,.F.);
#7001=ORIENTED_EDGE('',*,*,#5060,.F.);
#7002=ORIENTED_EDGE('',*,*,#5048,.T.);
#7003=ORIENTED_EDGE('',*,*,#5046,.T.);
#7004=ORIENTED_EDGE('',*,*,#5063,.T.);
#7005=ORIENTED_EDGE('',*,*,#5064,.T.);
#7006=ORIENTED_EDGE('',*,*,#4925,.F.);
#7007=ORIENTED_EDGE('',*,*,#4916,.T.);
#7008=ORIENTED_EDGE('',*,*,#5065,.T.);
#7009=ORIENTED_EDGE('',*,*,#5063,.F.);
#7010=ORIENTED_EDGE('',*,*,#5045,.T.);
#7011=ORIENTED_EDGE('',*,*,#5057,.F.);
#7012=ORIENTED_EDGE('',*,*,#5066,.F.);
#7013=ORIENTED_EDGE('',*,*,#4927,.T.);
#7014=ORIENTED_EDGE('',*,*,#4914,.T.);
#7015=ORIENTED_EDGE('',*,*,#4919,.T.);
#7016=ORIENTED_EDGE('',*,*,#5043,.T.);
#7017=ORIENTED_EDGE('',*,*,#5067,.T.);
#7018=ORIENTED_EDGE('',*,*,#5068,.T.);
#7019=ORIENTED_EDGE('',*,*,#4949,.F.);
#7020=ORIENTED_EDGE('',*,*,#4940,.T.);
#7021=ORIENTED_EDGE('',*,*,#5069,.T.);
#7022=ORIENTED_EDGE('',*,*,#5067,.F.);
#7023=ORIENTED_EDGE('',*,*,#5042,.T.);
#7024=ORIENTED_EDGE('',*,*,#5055,.F.);
#7025=ORIENTED_EDGE('',*,*,#5070,.F.);
#7026=ORIENTED_EDGE('',*,*,#4951,.T.);
#7027=ORIENTED_EDGE('',*,*,#4938,.T.);
#7028=ORIENTED_EDGE('',*,*,#4943,.T.);
#7029=ORIENTED_EDGE('',*,*,#4964,.T.);
#7030=ORIENTED_EDGE('',*,*,#5071,.T.);
#7031=ORIENTED_EDGE('',*,*,#5072,.F.);
#7032=ORIENTED_EDGE('',*,*,#5039,.T.);
#7033=ORIENTED_EDGE('',*,*,#5053,.F.);
#7034=ORIENTED_EDGE('',*,*,#5073,.F.);
#7035=ORIENTED_EDGE('',*,*,#4975,.T.);
#7036=ORIENTED_EDGE('',*,*,#4962,.T.);
#7037=ORIENTED_EDGE('',*,*,#4967,.T.);
#7038=ORIENTED_EDGE('',*,*,#5040,.T.);
#7039=ORIENTED_EDGE('',*,*,#5072,.T.);
#7040=ORIENTED_EDGE('',*,*,#5074,.T.);
#7041=ORIENTED_EDGE('',*,*,#4973,.F.);
#7042=ORIENTED_EDGE('',*,*,#4963,.T.);
#7043=ORIENTED_EDGE('',*,*,#4974,.F.);
#7044=ORIENTED_EDGE('',*,*,#5074,.F.);
#7045=ORIENTED_EDGE('',*,*,#5071,.F.);
#7046=ORIENTED_EDGE('',*,*,#4988,.T.);
#7047=ORIENTED_EDGE('',*,*,#5075,.T.);
#7048=ORIENTED_EDGE('',*,*,#5076,.F.);
#7049=ORIENTED_EDGE('',*,*,#5036,.T.);
#7050=ORIENTED_EDGE('',*,*,#5051,.F.);
#7051=ORIENTED_EDGE('',*,*,#5077,.F.);
#7052=ORIENTED_EDGE('',*,*,#4999,.T.);
#7053=ORIENTED_EDGE('',*,*,#4986,.T.);
#7054=ORIENTED_EDGE('',*,*,#4991,.T.);
#7055=ORIENTED_EDGE('',*,*,#5037,.T.);
#7056=ORIENTED_EDGE('',*,*,#5076,.T.);
#7057=ORIENTED_EDGE('',*,*,#5078,.T.);
#7058=ORIENTED_EDGE('',*,*,#4997,.F.);
#7059=ORIENTED_EDGE('',*,*,#4987,.T.);
#7060=ORIENTED_EDGE('',*,*,#4998,.F.);
#7061=ORIENTED_EDGE('',*,*,#5078,.F.);
#7062=ORIENTED_EDGE('',*,*,#5075,.F.);
#7063=ORIENTED_EDGE('',*,*,#4939,.T.);
#7064=ORIENTED_EDGE('',*,*,#4950,.F.);
#7065=ORIENTED_EDGE('',*,*,#5068,.F.);
#7066=ORIENTED_EDGE('',*,*,#5069,.F.);
#7067=ORIENTED_EDGE('',*,*,#5012,.T.);
#7068=ORIENTED_EDGE('',*,*,#5079,.T.);
#7069=ORIENTED_EDGE('',*,*,#5080,.F.);
#7070=ORIENTED_EDGE('',*,*,#5033,.T.);
#7071=ORIENTED_EDGE('',*,*,#5027,.F.);
#7072=ORIENTED_EDGE('',*,*,#5081,.F.);
#7073=ORIENTED_EDGE('',*,*,#5023,.T.);
#7074=ORIENTED_EDGE('',*,*,#5010,.T.);
#7075=ORIENTED_EDGE('',*,*,#5015,.T.);
#7076=ORIENTED_EDGE('',*,*,#5034,.T.);
#7077=ORIENTED_EDGE('',*,*,#5080,.T.);
#7078=ORIENTED_EDGE('',*,*,#5082,.T.);
#7079=ORIENTED_EDGE('',*,*,#5021,.F.);
#7080=ORIENTED_EDGE('',*,*,#5011,.T.);
#7081=ORIENTED_EDGE('',*,*,#5022,.F.);
#7082=ORIENTED_EDGE('',*,*,#5082,.F.);
#7083=ORIENTED_EDGE('',*,*,#5079,.F.);
#7084=ORIENTED_EDGE('',*,*,#4915,.T.);
#7085=ORIENTED_EDGE('',*,*,#4926,.F.);
#7086=ORIENTED_EDGE('',*,*,#5064,.F.);
#7087=ORIENTED_EDGE('',*,*,#5065,.F.);
#7088=ORIENTED_EDGE('',*,*,#5026,.F.);
#7089=ORIENTED_EDGE('',*,*,#5032,.T.);
#7090=ORIENTED_EDGE('',*,*,#5083,.F.);
#7091=ORIENTED_EDGE('',*,*,#5061,.F.);
#7092=ORIENTED_EDGE('',*,*,#5059,.F.);
#7093=ORIENTED_EDGE('',*,*,#4922,.T.);
#7094=ORIENTED_EDGE('',*,*,#4928,.T.);
#7095=ORIENTED_EDGE('',*,*,#5066,.T.);
#7096=ORIENTED_EDGE('',*,*,#5056,.F.);
#7097=ORIENTED_EDGE('',*,*,#4946,.T.);
#7098=ORIENTED_EDGE('',*,*,#4952,.T.);
#7099=ORIENTED_EDGE('',*,*,#5070,.T.);
#7100=ORIENTED_EDGE('',*,*,#5054,.F.);
#7101=ORIENTED_EDGE('',*,*,#4970,.T.);
#7102=ORIENTED_EDGE('',*,*,#4976,.T.);
#7103=ORIENTED_EDGE('',*,*,#5073,.T.);
#7104=ORIENTED_EDGE('',*,*,#5052,.F.);
#7105=ORIENTED_EDGE('',*,*,#4994,.T.);
#7106=ORIENTED_EDGE('',*,*,#5000,.T.);
#7107=ORIENTED_EDGE('',*,*,#5077,.T.);
#7108=ORIENTED_EDGE('',*,*,#5050,.F.);
#7109=ORIENTED_EDGE('',*,*,#5018,.T.);
#7110=ORIENTED_EDGE('',*,*,#5024,.T.);
#7111=ORIENTED_EDGE('',*,*,#5081,.T.);
#7112=ORIENTED_EDGE('',*,*,#5084,.T.);
#7113=ORIENTED_EDGE('',*,*,#5062,.T.);
#7114=ORIENTED_EDGE('',*,*,#5083,.T.);
#7115=ORIENTED_EDGE('',*,*,#5031,.T.);
#7116=ORIENTED_EDGE('',*,*,#4824,.T.);
#7117=ORIENTED_EDGE('',*,*,#4830,.F.);
#7118=ORIENTED_EDGE('',*,*,#4817,.F.);
#7119=ORIENTED_EDGE('',*,*,#4841,.F.);
#7120=ORIENTED_EDGE('',*,*,#5085,.F.);
#7121=ORIENTED_EDGE('',*,*,#5086,.F.);
#7122=ORIENTED_EDGE('',*,*,#5087,.T.);
#7123=ORIENTED_EDGE('',*,*,#4837,.F.);
#7124=ORIENTED_EDGE('',*,*,#5088,.F.);
#7125=ORIENTED_EDGE('',*,*,#5089,.F.);
#7126=ORIENTED_EDGE('',*,*,#5090,.T.);
#7127=ORIENTED_EDGE('',*,*,#4833,.F.);
#7128=ORIENTED_EDGE('',*,*,#5091,.T.);
#7129=ORIENTED_EDGE('',*,*,#5092,.T.);
#7130=ORIENTED_EDGE('',*,*,#5093,.T.);
#7131=ORIENTED_EDGE('',*,*,#5094,.T.);
#7132=ORIENTED_EDGE('',*,*,#5092,.F.);
#7133=ORIENTED_EDGE('',*,*,#5094,.F.);
#7134=ORIENTED_EDGE('',*,*,#5095,.T.);
#7135=ORIENTED_EDGE('',*,*,#4848,.F.);
#7136=ORIENTED_EDGE('',*,*,#5095,.F.);
#7137=ORIENTED_EDGE('',*,*,#5093,.F.);
#7138=ORIENTED_EDGE('',*,*,#5091,.F.);
#7139=ORIENTED_EDGE('',*,*,#5096,.T.);
#7140=ORIENTED_EDGE('',*,*,#5097,.T.);
#7141=ORIENTED_EDGE('',*,*,#5098,.T.);
#7142=ORIENTED_EDGE('',*,*,#5099,.T.);
#7143=ORIENTED_EDGE('',*,*,#5097,.F.);
#7144=ORIENTED_EDGE('',*,*,#5099,.F.);
#7145=ORIENTED_EDGE('',*,*,#5100,.T.);
#7146=ORIENTED_EDGE('',*,*,#4878,.F.);
#7147=ORIENTED_EDGE('',*,*,#5100,.F.);
#7148=ORIENTED_EDGE('',*,*,#5098,.F.);
#7149=ORIENTED_EDGE('',*,*,#5096,.F.);
#7150=ORIENTED_EDGE('',*,*,#5101,.T.);
#7151=ORIENTED_EDGE('',*,*,#5102,.T.);
#7152=ORIENTED_EDGE('',*,*,#5103,.T.);
#7153=ORIENTED_EDGE('',*,*,#5104,.T.);
#7154=ORIENTED_EDGE('',*,*,#5102,.F.);
#7155=ORIENTED_EDGE('',*,*,#5104,.F.);
#7156=ORIENTED_EDGE('',*,*,#5105,.T.);
#7157=ORIENTED_EDGE('',*,*,#4865,.F.);
#7158=ORIENTED_EDGE('',*,*,#5105,.F.);
#7159=ORIENTED_EDGE('',*,*,#5103,.F.);
#7160=ORIENTED_EDGE('',*,*,#5101,.F.);
#7161=ORIENTED_EDGE('',*,*,#5106,.F.);
#7162=ORIENTED_EDGE('',*,*,#5107,.F.);
#7163=ORIENTED_EDGE('',*,*,#5108,.F.);
#7164=ORIENTED_EDGE('',*,*,#5109,.F.);
#7165=ORIENTED_EDGE('',*,*,#5110,.F.);
#7166=ORIENTED_EDGE('',*,*,#5106,.T.);
#7167=ORIENTED_EDGE('',*,*,#5111,.F.);
#7168=ORIENTED_EDGE('',*,*,#5112,.F.);
#7169=ORIENTED_EDGE('',*,*,#5107,.T.);
#7170=ORIENTED_EDGE('',*,*,#5110,.T.);
#7171=ORIENTED_EDGE('',*,*,#5113,.T.);
#7172=ORIENTED_EDGE('',*,*,#4834,.F.);
#7173=ORIENTED_EDGE('',*,*,#5090,.F.);
#7174=ORIENTED_EDGE('',*,*,#5114,.F.);
#7175=ORIENTED_EDGE('',*,*,#5111,.T.);
#7176=ORIENTED_EDGE('',*,*,#5109,.T.);
#7177=ORIENTED_EDGE('',*,*,#5115,.F.);
#7178=ORIENTED_EDGE('',*,*,#5088,.T.);
#7179=ORIENTED_EDGE('',*,*,#4836,.F.);
#7180=ORIENTED_EDGE('',*,*,#5116,.F.);
#7181=ORIENTED_EDGE('',*,*,#5108,.T.);
#7182=ORIENTED_EDGE('',*,*,#5114,.T.);
#7183=ORIENTED_EDGE('',*,*,#5089,.T.);
#7184=ORIENTED_EDGE('',*,*,#5115,.T.);
#7185=ORIENTED_EDGE('',*,*,#5112,.T.);
#7186=ORIENTED_EDGE('',*,*,#5116,.T.);
#7187=ORIENTED_EDGE('',*,*,#4835,.F.);
#7188=ORIENTED_EDGE('',*,*,#5113,.F.);
#7189=ORIENTED_EDGE('',*,*,#5117,.T.);
#7190=ORIENTED_EDGE('',*,*,#5118,.T.);
#7191=ORIENTED_EDGE('',*,*,#5119,.T.);
#7192=ORIENTED_EDGE('',*,*,#5120,.T.);
#7193=ORIENTED_EDGE('',*,*,#5121,.T.);
#7194=ORIENTED_EDGE('',*,*,#4879,.F.);
#7195=ORIENTED_EDGE('',*,*,#5122,.F.);
#7196=ORIENTED_EDGE('',*,*,#5120,.F.);
#7197=ORIENTED_EDGE('',*,*,#5123,.T.);
#7198=ORIENTED_EDGE('',*,*,#4880,.F.);
#7199=ORIENTED_EDGE('',*,*,#5121,.F.);
#7200=ORIENTED_EDGE('',*,*,#5119,.F.);
#7201=ORIENTED_EDGE('',*,*,#5124,.T.);
#7202=ORIENTED_EDGE('',*,*,#4881,.F.);
#7203=ORIENTED_EDGE('',*,*,#5123,.F.);
#7204=ORIENTED_EDGE('',*,*,#5118,.F.);
#7205=ORIENTED_EDGE('',*,*,#5122,.T.);
#7206=ORIENTED_EDGE('',*,*,#4882,.F.);
#7207=ORIENTED_EDGE('',*,*,#5124,.F.);
#7208=ORIENTED_EDGE('',*,*,#5117,.F.);
#7209=ORIENTED_EDGE('',*,*,#4874,.F.);
#7210=ORIENTED_EDGE('',*,*,#5125,.T.);
#7211=ORIENTED_EDGE('',*,*,#5126,.T.);
#7212=ORIENTED_EDGE('',*,*,#5127,.T.);
#7213=ORIENTED_EDGE('',*,*,#5128,.T.);
#7214=ORIENTED_EDGE('',*,*,#5129,.F.);
#7215=ORIENTED_EDGE('',*,*,#5130,.T.);
#7216=ORIENTED_EDGE('',*,*,#4876,.F.);
#7217=ORIENTED_EDGE('',*,*,#5131,.T.);
#7218=ORIENTED_EDGE('',*,*,#4872,.F.);
#7219=ORIENTED_EDGE('',*,*,#5132,.F.);
#7220=ORIENTED_EDGE('',*,*,#5133,.F.);
#7221=ORIENTED_EDGE('',*,*,#4868,.F.);
#7222=ORIENTED_EDGE('',*,*,#5134,.T.);
#7223=ORIENTED_EDGE('',*,*,#5135,.T.);
#7224=ORIENTED_EDGE('',*,*,#5136,.T.);
#7225=ORIENTED_EDGE('',*,*,#5137,.T.);
#7226=ORIENTED_EDGE('',*,*,#5138,.F.);
#7227=ORIENTED_EDGE('',*,*,#5139,.T.);
#7228=ORIENTED_EDGE('',*,*,#4870,.F.);
#7229=ORIENTED_EDGE('',*,*,#5140,.T.);
#7230=ORIENTED_EDGE('',*,*,#4866,.F.);
#7231=ORIENTED_EDGE('',*,*,#5141,.F.);
#7232=ORIENTED_EDGE('',*,*,#5142,.F.);
#7233=ORIENTED_EDGE('',*,*,#5143,.T.);
#7234=ORIENTED_EDGE('',*,*,#5135,.F.);
#7235=ORIENTED_EDGE('',*,*,#5144,.T.);
#7236=ORIENTED_EDGE('',*,*,#5126,.F.);
#7237=ORIENTED_EDGE('',*,*,#5145,.F.);
#7238=ORIENTED_EDGE('',*,*,#5128,.F.);
#7239=ORIENTED_EDGE('',*,*,#4875,.F.);
#7240=ORIENTED_EDGE('',*,*,#5127,.F.);
#7241=ORIENTED_EDGE('',*,*,#5144,.F.);
#7242=ORIENTED_EDGE('',*,*,#5134,.F.);
#7243=ORIENTED_EDGE('',*,*,#4867,.F.);
#7244=ORIENTED_EDGE('',*,*,#5140,.F.);
#7245=ORIENTED_EDGE('',*,*,#5146,.F.);
#7246=ORIENTED_EDGE('',*,*,#5137,.F.);
#7247=ORIENTED_EDGE('',*,*,#4869,.F.);
#7248=ORIENTED_EDGE('',*,*,#5136,.F.);
#7249=ORIENTED_EDGE('',*,*,#5143,.F.);
#7250=ORIENTED_EDGE('',*,*,#5125,.F.);
#7251=ORIENTED_EDGE('',*,*,#4873,.F.);
#7252=ORIENTED_EDGE('',*,*,#5131,.F.);
#7253=ORIENTED_EDGE('',*,*,#5145,.T.);
#7254=ORIENTED_EDGE('',*,*,#5142,.T.);
#7255=ORIENTED_EDGE('',*,*,#5147,.T.);
#7256=ORIENTED_EDGE('',*,*,#5129,.T.);
#7257=ORIENTED_EDGE('',*,*,#5146,.T.);
#7258=ORIENTED_EDGE('',*,*,#5133,.T.);
#7259=ORIENTED_EDGE('',*,*,#5148,.T.);
#7260=ORIENTED_EDGE('',*,*,#5138,.T.);
#7261=ORIENTED_EDGE('',*,*,#5141,.T.);
#7262=ORIENTED_EDGE('',*,*,#4877,.F.);
#7263=ORIENTED_EDGE('',*,*,#5130,.F.);
#7264=ORIENTED_EDGE('',*,*,#5147,.F.);
#7265=ORIENTED_EDGE('',*,*,#5132,.T.);
#7266=ORIENTED_EDGE('',*,*,#4871,.F.);
#7267=ORIENTED_EDGE('',*,*,#5139,.F.);
#7268=ORIENTED_EDGE('',*,*,#5148,.F.);
#7269=ORIENTED_EDGE('',*,*,#4832,.F.);
#7270=ORIENTED_EDGE('',*,*,#5149,.T.);
#7271=ORIENTED_EDGE('',*,*,#4816,.F.);
#7272=ORIENTED_EDGE('',*,*,#5149,.F.);
#7273=ORIENTED_EDGE('',*,*,#4827,.T.);
#7274=ORIENTED_EDGE('',*,*,#4847,.F.);
#7275=ORIENTED_EDGE('',*,*,#5084,.F.);
#7276=ORIENTED_EDGE('',*,*,#4843,.F.);
#7277=ORIENTED_EDGE('',*,*,#5150,.T.);
#7278=ORIENTED_EDGE('',*,*,#4828,.F.);
#7279=ORIENTED_EDGE('',*,*,#4829,.F.);
#7280=ORIENTED_EDGE('',*,*,#5150,.F.);
#7281=ORIENTED_EDGE('',*,*,#4842,.F.);
#7282=ORIENTED_EDGE('',*,*,#4819,.F.);
#7283=ORIENTED_EDGE('',*,*,#4831,.F.);
#7284=ORIENTED_EDGE('',*,*,#5151,.T.);
#7285=ORIENTED_EDGE('',*,*,#4904,.F.);
#7286=ORIENTED_EDGE('',*,*,#5151,.F.);
#7287=ORIENTED_EDGE('',*,*,#5152,.F.);
#7288=ORIENTED_EDGE('',*,*,#5153,.F.);
#7289=ORIENTED_EDGE('',*,*,#5154,.F.);
#7290=ORIENTED_EDGE('',*,*,#5155,.F.);
#7291=ORIENTED_EDGE('',*,*,#5156,.F.);
#7292=ORIENTED_EDGE('',*,*,#5152,.T.);
#7293=ORIENTED_EDGE('',*,*,#5157,.F.);
#7294=ORIENTED_EDGE('',*,*,#5158,.F.);
#7295=ORIENTED_EDGE('',*,*,#5153,.T.);
#7296=ORIENTED_EDGE('',*,*,#5156,.T.);
#7297=ORIENTED_EDGE('',*,*,#5159,.T.);
#7298=ORIENTED_EDGE('',*,*,#4838,.F.);
#7299=ORIENTED_EDGE('',*,*,#5087,.F.);
#7300=ORIENTED_EDGE('',*,*,#5160,.F.);
#7301=ORIENTED_EDGE('',*,*,#5157,.T.);
#7302=ORIENTED_EDGE('',*,*,#5155,.T.);
#7303=ORIENTED_EDGE('',*,*,#5161,.F.);
#7304=ORIENTED_EDGE('',*,*,#5085,.T.);
#7305=ORIENTED_EDGE('',*,*,#4840,.F.);
#7306=ORIENTED_EDGE('',*,*,#5162,.F.);
#7307=ORIENTED_EDGE('',*,*,#5154,.T.);
#7308=ORIENTED_EDGE('',*,*,#5160,.T.);
#7309=ORIENTED_EDGE('',*,*,#5086,.T.);
#7310=ORIENTED_EDGE('',*,*,#5161,.T.);
#7311=ORIENTED_EDGE('',*,*,#5158,.T.);
#7312=ORIENTED_EDGE('',*,*,#5162,.T.);
#7313=ORIENTED_EDGE('',*,*,#4839,.F.);
#7314=ORIENTED_EDGE('',*,*,#5159,.F.);
#7315=ORIENTED_EDGE('',*,*,#5163,.T.);
#7316=ORIENTED_EDGE('',*,*,#5164,.T.);
#7317=ORIENTED_EDGE('',*,*,#4855,.T.);
#7318=ORIENTED_EDGE('',*,*,#5165,.T.);
#7319=ORIENTED_EDGE('',*,*,#5164,.F.);
#7320=ORIENTED_EDGE('',*,*,#5166,.T.);
#7321=ORIENTED_EDGE('',*,*,#5167,.F.);
#7322=ORIENTED_EDGE('',*,*,#4856,.T.);
#7323=ORIENTED_EDGE('',*,*,#5163,.F.);
#7324=ORIENTED_EDGE('',*,*,#5168,.F.);
#7325=ORIENTED_EDGE('',*,*,#5169,.F.);
#7326=ORIENTED_EDGE('',*,*,#5170,.F.);
#7327=ORIENTED_EDGE('',*,*,#5171,.F.);
#7328=ORIENTED_EDGE('',*,*,#5172,.F.);
#7329=ORIENTED_EDGE('',*,*,#5173,.F.);
#7330=ORIENTED_EDGE('',*,*,#5174,.F.);
#7331=ORIENTED_EDGE('',*,*,#5175,.F.);
#7332=ORIENTED_EDGE('',*,*,#5166,.F.);
#7333=ORIENTED_EDGE('',*,*,#4849,.T.);
#7334=ORIENTED_EDGE('',*,*,#5176,.T.);
#7335=ORIENTED_EDGE('',*,*,#5177,.T.);
#7336=ORIENTED_EDGE('',*,*,#5178,.T.);
#7337=ORIENTED_EDGE('',*,*,#5177,.F.);
#7338=ORIENTED_EDGE('',*,*,#5179,.F.);
#7339=ORIENTED_EDGE('',*,*,#5180,.F.);
#7340=ORIENTED_EDGE('',*,*,#5181,.F.);
#7341=ORIENTED_EDGE('',*,*,#5182,.F.);
#7342=ORIENTED_EDGE('',*,*,#5183,.F.);
#7343=ORIENTED_EDGE('',*,*,#5184,.F.);
#7344=ORIENTED_EDGE('',*,*,#5185,.F.);
#7345=ORIENTED_EDGE('',*,*,#5186,.F.);
#7346=ORIENTED_EDGE('',*,*,#5187,.F.);
#7347=ORIENTED_EDGE('',*,*,#5176,.F.);
#7348=ORIENTED_EDGE('',*,*,#4864,.T.);
#7349=ORIENTED_EDGE('',*,*,#5188,.F.);
#7350=ORIENTED_EDGE('',*,*,#5179,.T.);
#7351=ORIENTED_EDGE('',*,*,#4857,.T.);
#7352=ORIENTED_EDGE('',*,*,#5167,.T.);
#7353=ORIENTED_EDGE('',*,*,#5175,.T.);
#7354=ORIENTED_EDGE('',*,*,#5189,.T.);
#7355=ORIENTED_EDGE('',*,*,#5189,.F.);
#7356=ORIENTED_EDGE('',*,*,#5174,.T.);
#7357=ORIENTED_EDGE('',*,*,#5190,.F.);
#7358=ORIENTED_EDGE('',*,*,#4858,.F.);
#7359=ORIENTED_EDGE('',*,*,#5180,.T.);
#7360=ORIENTED_EDGE('',*,*,#5188,.T.);
#7361=ORIENTED_EDGE('',*,*,#4863,.T.);
#7362=ORIENTED_EDGE('',*,*,#5191,.T.);
#7363=ORIENTED_EDGE('',*,*,#5165,.F.);
#7364=ORIENTED_EDGE('',*,*,#4854,.T.);
#7365=ORIENTED_EDGE('',*,*,#5192,.F.);
#7366=ORIENTED_EDGE('',*,*,#5168,.T.);
#7367=ORIENTED_EDGE('',*,*,#5178,.F.);
#7368=ORIENTED_EDGE('',*,*,#5187,.T.);
#7369=ORIENTED_EDGE('',*,*,#5193,.F.);
#7370=ORIENTED_EDGE('',*,*,#4850,.T.);
#7371=ORIENTED_EDGE('',*,*,#5191,.F.);
#7372=ORIENTED_EDGE('',*,*,#4862,.F.);
#7373=ORIENTED_EDGE('',*,*,#5194,.F.);
#7374=ORIENTED_EDGE('',*,*,#5181,.T.);
#7375=ORIENTED_EDGE('',*,*,#5169,.T.);
#7376=ORIENTED_EDGE('',*,*,#5192,.T.);
#7377=ORIENTED_EDGE('',*,*,#4853,.F.);
#7378=ORIENTED_EDGE('',*,*,#5195,.F.);
#7379=ORIENTED_EDGE('',*,*,#5196,.F.);
#7380=ORIENTED_EDGE('',*,*,#5197,.T.);
#7381=ORIENTED_EDGE('',*,*,#4859,.F.);
#7382=ORIENTED_EDGE('',*,*,#5190,.T.);
#7383=ORIENTED_EDGE('',*,*,#5173,.T.);
#7384=ORIENTED_EDGE('',*,*,#5198,.T.);
#7385=ORIENTED_EDGE('',*,*,#5199,.T.);
#7386=ORIENTED_EDGE('',*,*,#5200,.T.);
#7387=ORIENTED_EDGE('',*,*,#5201,.T.);
#7388=ORIENTED_EDGE('',*,*,#5202,.T.);
#7389=ORIENTED_EDGE('',*,*,#5170,.T.);
#7390=ORIENTED_EDGE('',*,*,#5200,.F.);
#7391=ORIENTED_EDGE('',*,*,#5202,.F.);
#7392=ORIENTED_EDGE('',*,*,#5203,.T.);
#7393=ORIENTED_EDGE('',*,*,#5204,.F.);
#7394=ORIENTED_EDGE('',*,*,#5171,.T.);
#7395=ORIENTED_EDGE('',*,*,#5201,.F.);
#7396=ORIENTED_EDGE('',*,*,#5199,.F.);
#7397=ORIENTED_EDGE('',*,*,#5205,.F.);
#7398=ORIENTED_EDGE('',*,*,#5203,.F.);
#7399=ORIENTED_EDGE('',*,*,#5185,.T.);
#7400=ORIENTED_EDGE('',*,*,#5206,.T.);
#7401=ORIENTED_EDGE('',*,*,#5207,.T.);
#7402=ORIENTED_EDGE('',*,*,#5208,.F.);
#7403=ORIENTED_EDGE('',*,*,#5206,.F.);
#7404=ORIENTED_EDGE('',*,*,#5184,.T.);
#7405=ORIENTED_EDGE('',*,*,#5209,.F.);
#7406=ORIENTED_EDGE('',*,*,#5210,.T.);
#7407=ORIENTED_EDGE('',*,*,#5211,.T.);
#7408=ORIENTED_EDGE('',*,*,#5209,.T.);
#7409=ORIENTED_EDGE('',*,*,#5183,.T.);
#7410=ORIENTED_EDGE('',*,*,#5212,.F.);
#7411=ORIENTED_EDGE('',*,*,#5172,.T.);
#7412=ORIENTED_EDGE('',*,*,#5204,.T.);
#7413=ORIENTED_EDGE('',*,*,#5205,.T.);
#7414=ORIENTED_EDGE('',*,*,#5198,.F.);
#7415=ORIENTED_EDGE('',*,*,#5207,.F.);
#7416=ORIENTED_EDGE('',*,*,#5210,.F.);
#7417=ORIENTED_EDGE('',*,*,#5211,.F.);
#7418=ORIENTED_EDGE('',*,*,#5213,.F.);
#7419=ORIENTED_EDGE('',*,*,#5214,.T.);
#7420=ORIENTED_EDGE('',*,*,#5215,.T.);
#7421=ORIENTED_EDGE('',*,*,#5196,.T.);
#7422=ORIENTED_EDGE('',*,*,#5216,.T.);
#7423=ORIENTED_EDGE('',*,*,#5195,.T.);
#7424=ORIENTED_EDGE('',*,*,#4852,.F.);
#7425=ORIENTED_EDGE('',*,*,#5217,.F.);
#7426=ORIENTED_EDGE('',*,*,#5216,.F.);
#7427=ORIENTED_EDGE('',*,*,#5218,.T.);
#7428=ORIENTED_EDGE('',*,*,#4860,.F.);
#7429=ORIENTED_EDGE('',*,*,#5197,.F.);
#7430=ORIENTED_EDGE('',*,*,#5215,.F.);
#7431=ORIENTED_EDGE('',*,*,#5186,.T.);
#7432=ORIENTED_EDGE('',*,*,#5208,.T.);
#7433=ORIENTED_EDGE('',*,*,#5213,.T.);
#7434=ORIENTED_EDGE('',*,*,#5212,.T.);
#7435=ORIENTED_EDGE('',*,*,#5182,.T.);
#7436=ORIENTED_EDGE('',*,*,#5194,.T.);
#7437=ORIENTED_EDGE('',*,*,#4861,.F.);
#7438=ORIENTED_EDGE('',*,*,#5218,.F.);
#7439=ORIENTED_EDGE('',*,*,#5214,.F.);
#7440=ORIENTED_EDGE('',*,*,#5217,.T.);
#7441=ORIENTED_EDGE('',*,*,#4851,.F.);
#7442=ORIENTED_EDGE('',*,*,#5193,.T.);
#7443=CYLINDRICAL_SURFACE('',#8025,2.);
#7444=CYLINDRICAL_SURFACE('',#8043,2.);
#7445=CYLINDRICAL_SURFACE('',#8051,2.);
#7446=CYLINDRICAL_SURFACE('',#8057,2.);
#7447=CYLINDRICAL_SURFACE('',#8060,2.);
#7448=CYLINDRICAL_SURFACE('',#8066,2.25);
#7449=CYLINDRICAL_SURFACE('',#8069,2.25);
#7450=CYLINDRICAL_SURFACE('',#8073,2.);
#7451=CYLINDRICAL_SURFACE('',#8076,1.);
#7452=CYLINDRICAL_SURFACE('',#8081,1.);
#7453=CYLINDRICAL_SURFACE('',#8087,1.00000000000001);
#7454=CYLINDRICAL_SURFACE('',#8089,1.99999999999999);
#7455=CYLINDRICAL_SURFACE('',#8091,0.999999999999996);
#7456=CYLINDRICAL_SURFACE('',#8093,2.00000000000001);
#7457=CYLINDRICAL_SURFACE('',#8097,2.);
#7458=CYLINDRICAL_SURFACE('',#8100,2.5);
#7459=CYLINDRICAL_SURFACE('',#8103,1.);
#7460=CYLINDRICAL_SURFACE('',#8112,1.);
#7461=CYLINDRICAL_SURFACE('',#8160,0.5);
#7462=CYLINDRICAL_SURFACE('',#8173,1.);
#7463=CYLINDRICAL_SURFACE('',#8175,2.25);
#7464=CYLINDRICAL_SURFACE('',#8224,1.5);
#7465=CYLINDRICAL_SURFACE('',#8305,1.);
#7466=CYLINDRICAL_SURFACE('',#8306,2.25);
#7467=CYLINDRICAL_SURFACE('',#8308,1.5);
#7468=CYLINDRICAL_SURFACE('',#8309,1.);
#7469=CYLINDRICAL_SURFACE('',#8310,2.25);
#7470=CYLINDRICAL_SURFACE('',#8312,1.5);
#7471=CYLINDRICAL_SURFACE('',#8313,1.);
#7472=CYLINDRICAL_SURFACE('',#8314,2.25);
#7473=CYLINDRICAL_SURFACE('',#8393,1.5);
#7474=CYLINDRICAL_SURFACE('',#8395,1.);
#7475=CYLINDRICAL_SURFACE('',#8397,2.25);
#7476=CYLINDRICAL_SURFACE('',#8398,1.5);
#7477=CYLINDRICAL_SURFACE('',#8400,1.5);
#7478=CYLINDRICAL_SURFACE('',#8401,1.);
#7479=CYLINDRICAL_SURFACE('',#8403,1.);
#7480=CYLINDRICAL_SURFACE('',#8404,2.25);
#7481=CYLINDRICAL_SURFACE('',#8405,2.25);
#7482=CYLINDRICAL_SURFACE('',#8406,2.25);
#7483=CYLINDRICAL_SURFACE('',#8407,2.25);
#7484=CYLINDRICAL_SURFACE('',#8408,2.25);
#7485=CYLINDRICAL_SURFACE('',#8409,2.25);
#7486=CYLINDRICAL_SURFACE('',#8410,2.25);
#7487=CYLINDRICAL_SURFACE('',#8411,2.25);
#7488=CYLINDRICAL_SURFACE('',#8412,2.25);
#7489=CYLINDRICAL_SURFACE('',#8413,2.25);
#7490=CYLINDRICAL_SURFACE('',#8414,2.25);
#7491=CYLINDRICAL_SURFACE('',#8415,2.25);
#7492=CYLINDRICAL_SURFACE('',#8416,2.25);
#7493=CYLINDRICAL_SURFACE('',#8417,2.25);
#7494=CYLINDRICAL_SURFACE('',#8418,2.25);
#7495=CYLINDRICAL_SURFACE('',#8419,2.25);
#7496=CYLINDRICAL_SURFACE('',#8420,2.25);
#7497=CYLINDRICAL_SURFACE('',#8421,2.25);
#7498=CYLINDRICAL_SURFACE('',#8422,2.25);
#7499=CYLINDRICAL_SURFACE('',#8423,2.25);
#7500=CYLINDRICAL_SURFACE('',#8424,2.25);
#7501=CYLINDRICAL_SURFACE('',#8425,2.25);
#7502=CYLINDRICAL_SURFACE('',#8426,2.25);
#7503=CYLINDRICAL_SURFACE('',#8427,2.25);
#7504=CYLINDRICAL_SURFACE('',#8428,2.25);
#7505=CYLINDRICAL_SURFACE('',#8429,2.25);
#7506=CYLINDRICAL_SURFACE('',#8430,2.25);
#7507=CYLINDRICAL_SURFACE('',#8431,2.25);
#7508=CYLINDRICAL_SURFACE('',#8432,2.25);
#7509=CYLINDRICAL_SURFACE('',#8433,2.25);
#7510=CYLINDRICAL_SURFACE('',#8434,2.25);
#7511=CYLINDRICAL_SURFACE('',#8435,2.25);
#7512=CYLINDRICAL_SURFACE('',#8436,2.25);
#7513=CYLINDRICAL_SURFACE('',#8437,2.25);
#7514=CYLINDRICAL_SURFACE('',#8438,2.25);
#7515=CYLINDRICAL_SURFACE('',#8439,2.25);
#7516=CYLINDRICAL_SURFACE('',#8440,2.25);
#7517=CYLINDRICAL_SURFACE('',#8441,2.25);
#7518=CYLINDRICAL_SURFACE('',#8442,2.25);
#7519=CYLINDRICAL_SURFACE('',#8443,2.25);
#7520=CYLINDRICAL_SURFACE('',#8444,2.25);
#7521=CYLINDRICAL_SURFACE('',#8445,2.25);
#7522=CYLINDRICAL_SURFACE('',#8446,2.25);
#7523=CYLINDRICAL_SURFACE('',#8447,2.25);
#7524=CYLINDRICAL_SURFACE('',#8448,2.25);
#7525=CYLINDRICAL_SURFACE('',#8449,2.25);
#7526=CYLINDRICAL_SURFACE('',#8450,2.25);
#7527=CYLINDRICAL_SURFACE('',#8451,2.25);
#7528=CYLINDRICAL_SURFACE('',#8452,2.25);
#7529=CYLINDRICAL_SURFACE('',#8453,2.25);
#7530=CYLINDRICAL_SURFACE('',#8454,2.25);
#7531=CYLINDRICAL_SURFACE('',#8455,2.25);
#7532=CYLINDRICAL_SURFACE('',#8456,2.25);
#7533=CYLINDRICAL_SURFACE('',#8457,2.25);
#7534=CYLINDRICAL_SURFACE('',#8458,2.25);
#7535=CYLINDRICAL_SURFACE('',#8459,2.25);
#7536=CYLINDRICAL_SURFACE('',#8460,2.25);
#7537=CYLINDRICAL_SURFACE('',#8461,2.25);
#7538=CYLINDRICAL_SURFACE('',#8462,2.25);
#7539=CYLINDRICAL_SURFACE('',#8463,2.25);
#7540=CYLINDRICAL_SURFACE('',#8464,2.25);
#7541=CYLINDRICAL_SURFACE('',#8465,2.25);
#7542=CYLINDRICAL_SURFACE('',#8466,2.25);
#7543=CYLINDRICAL_SURFACE('',#8467,2.25);
#7544=CYLINDRICAL_SURFACE('',#8468,2.25);
#7545=CYLINDRICAL_SURFACE('',#8469,2.25);
#7546=CYLINDRICAL_SURFACE('',#8470,2.25);
#7547=CYLINDRICAL_SURFACE('',#8471,2.25);
#7548=CYLINDRICAL_SURFACE('',#8472,2.25);
#7549=CYLINDRICAL_SURFACE('',#8473,2.25);
#7550=CYLINDRICAL_SURFACE('',#8474,2.25);
#7551=CYLINDRICAL_SURFACE('',#8475,2.25);
#7552=CYLINDRICAL_SURFACE('',#8476,2.25);
#7553=CYLINDRICAL_SURFACE('',#8477,2.25);
#7554=CYLINDRICAL_SURFACE('',#8478,2.25);
#7555=CYLINDRICAL_SURFACE('',#8479,2.25);
#7556=CYLINDRICAL_SURFACE('',#8480,2.25);
#7557=CYLINDRICAL_SURFACE('',#8481,2.25);
#7558=CYLINDRICAL_SURFACE('',#8482,2.25);
#7559=CYLINDRICAL_SURFACE('',#8483,2.25);
#7560=CYLINDRICAL_SURFACE('',#8484,2.25);
#7561=CYLINDRICAL_SURFACE('',#8485,2.25);
#7562=CYLINDRICAL_SURFACE('',#8486,2.25);
#7563=CYLINDRICAL_SURFACE('',#8487,2.25);
#7564=CYLINDRICAL_SURFACE('',#8488,2.25);
#7565=CYLINDRICAL_SURFACE('',#8489,2.25);
#7566=CYLINDRICAL_SURFACE('',#8490,2.25);
#7567=CYLINDRICAL_SURFACE('',#8491,2.25);
#7568=CYLINDRICAL_SURFACE('',#8492,2.25);
#7569=CYLINDRICAL_SURFACE('',#8493,2.25);
#7570=CYLINDRICAL_SURFACE('',#8494,2.25);
#7571=CYLINDRICAL_SURFACE('',#8495,2.25);
#7572=CYLINDRICAL_SURFACE('',#8496,2.25);
#7573=CYLINDRICAL_SURFACE('',#8497,2.25);
#7574=CYLINDRICAL_SURFACE('',#8498,2.25);
#7575=CYLINDRICAL_SURFACE('',#8499,2.25);
#7576=CYLINDRICAL_SURFACE('',#8500,2.25);
#7577=CYLINDRICAL_SURFACE('',#8501,2.25);
#7578=CYLINDRICAL_SURFACE('',#8502,2.25);
#7579=CYLINDRICAL_SURFACE('',#8503,2.25);
#7580=CYLINDRICAL_SURFACE('',#8504,2.25);
#7581=CYLINDRICAL_SURFACE('',#8505,2.25);
#7582=CYLINDRICAL_SURFACE('',#8506,2.25);
#7583=CYLINDRICAL_SURFACE('',#8507,2.25);
#7584=CYLINDRICAL_SURFACE('',#8508,2.25);
#7585=CYLINDRICAL_SURFACE('',#8509,2.25);
#7586=CYLINDRICAL_SURFACE('',#8510,2.25);
#7587=CYLINDRICAL_SURFACE('',#8511,2.25);
#7588=CYLINDRICAL_SURFACE('',#8512,2.25);
#7589=CYLINDRICAL_SURFACE('',#8513,2.25);
#7590=CYLINDRICAL_SURFACE('',#8520,0.5);
#7591=CYLINDRICAL_SURFACE('',#8521,0.5);
#7592=CYLINDRICAL_SURFACE('',#8525,1.);
#7593=CYLINDRICAL_SURFACE('',#8537,1.);
#7594=CYLINDRICAL_SURFACE('',#8541,0.5);
#7595=CYLINDRICAL_SURFACE('',#8544,1.5);
#7596=CYLINDRICAL_SURFACE('',#8550,1.);
#7597=CYLINDRICAL_SURFACE('',#8553,1.5);
#7598=CYLINDRICAL_SURFACE('',#8560,0.5);
#7599=CYLINDRICAL_SURFACE('',#8561,1.);
#7600=CYLINDRICAL_SURFACE('',#8571,2.5);
#7601=CYLINDRICAL_SURFACE('',#8591,3.);
#7602=CYLINDRICAL_SURFACE('',#8605,2.5);
#7603=CYLINDRICAL_SURFACE('',#8614,2.5);
#7604=CYLINDRICAL_SURFACE('',#8628,2.5);
#7605=CYLINDRICAL_SURFACE('',#8642,2.5);
#7606=CYLINDRICAL_SURFACE('',#8656,2.5);
#7607=CYLINDRICAL_SURFACE('',#8670,2.5);
#7608=CYLINDRICAL_SURFACE('',#8679,1.);
#7609=CYLINDRICAL_SURFACE('',#8684,1.);
#7610=CYLINDRICAL_SURFACE('',#8686,1.);
#7611=CYLINDRICAL_SURFACE('',#8688,1.);
#7612=CYLINDRICAL_SURFACE('',#8690,1.);
#7613=CYLINDRICAL_SURFACE('',#8692,1.);
#7614=CYLINDRICAL_SURFACE('',#8719,5.);
#7615=CYLINDRICAL_SURFACE('',#8726,5.);
#7616=CYLINDRICAL_SURFACE('',#8733,8.);
#7617=CYLINDRICAL_SURFACE('',#8759,1.5);
#7618=CYLINDRICAL_SURFACE('',#8762,1.5);
#7619=CYLINDRICAL_SURFACE('',#8769,2.);
#7620=CYLINDRICAL_SURFACE('',#8776,2.);
#7621=CYLINDRICAL_SURFACE('',#8783,2.);
#7622=CYLINDRICAL_SURFACE('',#8785,2.);
#7623=CYLINDRICAL_SURFACE('',#8790,6.);
#7624=CYLINDRICAL_SURFACE('',#8795,6.);
#7625=CYLINDRICAL_SURFACE('',#8798,6.);
#7626=CYLINDRICAL_SURFACE('',#8800,6.);
#7627=ADVANCED_FACE('',(#666),#7443,.F.);
#7628=ADVANCED_FACE('',(#667),#478,.F.);
#7629=ADVANCED_FACE('',(#668),#479,.F.);
#7630=ADVANCED_FACE('',(#669),#480,.T.);
#7631=ADVANCED_FACE('',(#670),#481,.T.);
#7632=ADVANCED_FACE('',(#671),#482,.T.);
#7633=ADVANCED_FACE('',(#672),#483,.F.);
#7634=ADVANCED_FACE('',(#673),#7444,.F.);
#7635=ADVANCED_FACE('',(#674),#484,.F.);
#7636=ADVANCED_FACE('',(#675),#485,.F.);
#7637=ADVANCED_FACE('',(#676),#486,.F.);
#7638=ADVANCED_FACE('',(#677),#487,.T.);
#7639=ADVANCED_FACE('',(#678),#7445,.T.);
#7640=ADVANCED_FACE('',(#679),#488,.T.);
#7641=ADVANCED_FACE('',(#680,#247,#248),#489,.T.);
#7642=ADVANCED_FACE('',(#681),#7446,.T.);
#7643=ADVANCED_FACE('',(#682),#490,.T.);
#7644=ADVANCED_FACE('',(#683),#7447,.T.);
#7645=ADVANCED_FACE('',(#684),#491,.T.);
#7646=ADVANCED_FACE('',(#685),#492,.F.);
#7647=ADVANCED_FACE('',(#686),#7448,.T.);
#7648=ADVANCED_FACE('',(#687),#493,.T.);
#7649=ADVANCED_FACE('',(#688),#7449,.T.);
#7650=ADVANCED_FACE('',(#689),#494,.T.);
#7651=ADVANCED_FACE('',(#690),#495,.T.);
#7652=ADVANCED_FACE('',(#691),#7450,.T.);
#7653=ADVANCED_FACE('',(#692),#496,.T.);
#7654=ADVANCED_FACE('',(#693),#7451,.F.);
#7655=ADVANCED_FACE('',(#694),#497,.F.);
#7656=ADVANCED_FACE('',(#695),#7452,.F.);
#7657=ADVANCED_FACE('',(#696),#498,.T.);
#7658=ADVANCED_FACE('',(#697),#7453,.F.);
#7659=ADVANCED_FACE('',(#698),#499,.T.);
#7660=ADVANCED_FACE('',(#699),#7454,.T.);
#7661=ADVANCED_FACE('',(#700),#500,.T.);
#7662=ADVANCED_FACE('',(#701),#7455,.F.);
#7663=ADVANCED_FACE('',(#702),#501,.T.);
#7664=ADVANCED_FACE('',(#703),#7456,.T.);
#7665=ADVANCED_FACE('',(#704),#502,.T.);
#7666=ADVANCED_FACE('',(#705),#503,.T.);
#7667=ADVANCED_FACE('',(#706),#504,.T.);
#7668=ADVANCED_FACE('',(#707),#7457,.T.);
#7669=ADVANCED_FACE('',(#708),#505,.T.);
#7670=ADVANCED_FACE('',(#709),#506,.T.);
#7671=ADVANCED_FACE('',(#710),#7458,.F.);
#7672=ADVANCED_FACE('',(#711),#7459,.T.);
#7673=ADVANCED_FACE('',(#712),#507,.F.);
#7674=ADVANCED_FACE('',(#713,#249),#508,.F.);
#7675=ADVANCED_FACE('',(#714),#509,.F.);
#7676=ADVANCED_FACE('',(#715),#7460,.F.);
#7677=ADVANCED_FACE('',(#716,#250,#251,#252,#253,#254,#255,#256,#257,#258,
#259,#260,#261,#262,#263,#264,#265,#266,#267,#268,#269,#270,#271,#272,#273,
#274,#275,#276,#277,#278,#279),#510,.F.);
#7678=ADVANCED_FACE('',(#717),#7461,.F.);
#7679=ADVANCED_FACE('',(#718,#280),#511,.F.);
#7680=ADVANCED_FACE('',(#719),#512,.T.);
#7681=ADVANCED_FACE('',(#720),#513,.T.);
#7682=ADVANCED_FACE('',(#721),#514,.F.);
#7683=ADVANCED_FACE('',(#722),#515,.F.);
#7684=ADVANCED_FACE('',(#723),#516,.T.);
#7685=ADVANCED_FACE('',(#724),#517,.F.);
#7686=ADVANCED_FACE('',(#725),#7462,.T.);
#7687=ADVANCED_FACE('',(#726),#7463,.F.);
#7688=ADVANCED_FACE('',(#727,#281,#282,#283,#284,#285,#286,#287,#288,#289,
#290,#291,#292,#293,#294,#295,#296,#297,#298,#299,#300,#301,#302,#303,#304,
#305,#306,#307,#308,#309,#310),#518,.F.);
#7689=ADVANCED_FACE('',(#728),#7464,.T.);
#7690=ADVANCED_FACE('',(#729,#311,#312,#313,#314,#315,#316,#317,#318,#319,
#320,#321,#322,#323,#324,#325,#326,#327,#328,#329,#330,#331,#332,#333,#334,
#335,#336,#337,#338,#339,#340,#341,#342,#343,#344,#345,#346,#347,#348,#349,
#350,#351,#352,#353,#354,#355,#356,#357,#358,#359,#360,#361,#362,#363,#364,
#365,#366,#367,#368,#369,#370,#371,#372,#373,#374,#375,#376,#377,#378,#379,
#380,#381,#382,#383,#384,#385),#519,.F.);
#7691=ADVANCED_FACE('',(#730),#7465,.F.);
#7692=ADVANCED_FACE('',(#731),#7466,.F.);
#7693=ADVANCED_FACE('',(#732),#7467,.T.);
#7694=ADVANCED_FACE('',(#733),#7468,.F.);
#7695=ADVANCED_FACE('',(#734),#7469,.F.);
#7696=ADVANCED_FACE('',(#735),#7470,.T.);
#7697=ADVANCED_FACE('',(#736),#7471,.F.);
#7698=ADVANCED_FACE('',(#737),#7472,.F.);
#7699=ADVANCED_FACE('',(#738,#386,#387,#388,#389,#390,#391,#392,#393,#394,
#395,#396,#397,#398,#399,#400,#401,#402,#403,#404,#405,#406,#407,#408,#409,
#410,#411,#412,#413,#414,#415,#416,#417,#418,#419,#420,#421,#422,#423,#424,
#425,#426,#427,#428,#429,#430,#431,#432,#433,#434,#435,#436,#437,#438,#439,
#440,#441,#442,#443,#444,#445,#446,#447,#448,#449,#450,#451,#452,#453,#454,
#455,#456,#457,#458,#459,#460),#520,.T.);
#7700=ADVANCED_FACE('',(#739),#7473,.T.);
#7701=ADVANCED_FACE('',(#740),#7474,.F.);
#7702=ADVANCED_FACE('',(#741),#7475,.F.);
#7703=ADVANCED_FACE('',(#742),#7476,.T.);
#7704=ADVANCED_FACE('',(#743),#7477,.T.);
#7705=ADVANCED_FACE('',(#744),#7478,.F.);
#7706=ADVANCED_FACE('',(#745),#7479,.F.);
#7707=ADVANCED_FACE('',(#746),#7480,.F.);
#7708=ADVANCED_FACE('',(#747),#7481,.F.);
#7709=ADVANCED_FACE('',(#748),#7482,.F.);
#7710=ADVANCED_FACE('',(#749),#7483,.F.);
#7711=ADVANCED_FACE('',(#750),#7484,.F.);
#7712=ADVANCED_FACE('',(#751),#7485,.F.);
#7713=ADVANCED_FACE('',(#752),#7486,.F.);
#7714=ADVANCED_FACE('',(#753),#7487,.F.);
#7715=ADVANCED_FACE('',(#754),#7488,.F.);
#7716=ADVANCED_FACE('',(#755),#7489,.F.);
#7717=ADVANCED_FACE('',(#756),#7490,.F.);
#7718=ADVANCED_FACE('',(#757),#7491,.F.);
#7719=ADVANCED_FACE('',(#758),#7492,.F.);
#7720=ADVANCED_FACE('',(#759),#7493,.F.);
#7721=ADVANCED_FACE('',(#760),#7494,.F.);
#7722=ADVANCED_FACE('',(#761),#7495,.F.);
#7723=ADVANCED_FACE('',(#762),#7496,.F.);
#7724=ADVANCED_FACE('',(#763),#7497,.F.);
#7725=ADVANCED_FACE('',(#764),#7498,.F.);
#7726=ADVANCED_FACE('',(#765),#7499,.F.);
#7727=ADVANCED_FACE('',(#766),#7500,.F.);
#7728=ADVANCED_FACE('',(#767),#7501,.F.);
#7729=ADVANCED_FACE('',(#768),#7502,.F.);
#7730=ADVANCED_FACE('',(#769),#7503,.F.);
#7731=ADVANCED_FACE('',(#770),#7504,.F.);
#7732=ADVANCED_FACE('',(#771),#7505,.F.);
#7733=ADVANCED_FACE('',(#772),#7506,.F.);
#7734=ADVANCED_FACE('',(#773),#7507,.F.);
#7735=ADVANCED_FACE('',(#774),#7508,.F.);
#7736=ADVANCED_FACE('',(#775),#7509,.F.);
#7737=ADVANCED_FACE('',(#776),#7510,.F.);
#7738=ADVANCED_FACE('',(#777),#7511,.F.);
#7739=ADVANCED_FACE('',(#778),#7512,.F.);
#7740=ADVANCED_FACE('',(#779),#7513,.F.);
#7741=ADVANCED_FACE('',(#780),#7514,.F.);
#7742=ADVANCED_FACE('',(#781),#7515,.F.);
#7743=ADVANCED_FACE('',(#782),#7516,.F.);
#7744=ADVANCED_FACE('',(#783),#7517,.F.);
#7745=ADVANCED_FACE('',(#784),#7518,.F.);
#7746=ADVANCED_FACE('',(#785),#7519,.F.);
#7747=ADVANCED_FACE('',(#786),#7520,.F.);
#7748=ADVANCED_FACE('',(#787),#7521,.F.);
#7749=ADVANCED_FACE('',(#788),#7522,.F.);
#7750=ADVANCED_FACE('',(#789),#7523,.F.);
#7751=ADVANCED_FACE('',(#790),#7524,.F.);
#7752=ADVANCED_FACE('',(#791),#7525,.F.);
#7753=ADVANCED_FACE('',(#792),#7526,.F.);
#7754=ADVANCED_FACE('',(#793),#7527,.F.);
#7755=ADVANCED_FACE('',(#794),#7528,.F.);
#7756=ADVANCED_FACE('',(#795),#7529,.F.);
#7757=ADVANCED_FACE('',(#796),#7530,.F.);
#7758=ADVANCED_FACE('',(#797),#7531,.F.);
#7759=ADVANCED_FACE('',(#798),#7532,.F.);
#7760=ADVANCED_FACE('',(#799),#7533,.F.);
#7761=ADVANCED_FACE('',(#800),#7534,.F.);
#7762=ADVANCED_FACE('',(#801),#7535,.F.);
#7763=ADVANCED_FACE('',(#802),#7536,.F.);
#7764=ADVANCED_FACE('',(#803),#7537,.F.);
#7765=ADVANCED_FACE('',(#804),#7538,.F.);
#7766=ADVANCED_FACE('',(#805),#7539,.F.);
#7767=ADVANCED_FACE('',(#806),#7540,.F.);
#7768=ADVANCED_FACE('',(#807),#7541,.F.);
#7769=ADVANCED_FACE('',(#808),#7542,.F.);
#7770=ADVANCED_FACE('',(#809),#7543,.F.);
#7771=ADVANCED_FACE('',(#810),#7544,.F.);
#7772=ADVANCED_FACE('',(#811),#7545,.F.);
#7773=ADVANCED_FACE('',(#812),#7546,.F.);
#7774=ADVANCED_FACE('',(#813),#7547,.F.);
#7775=ADVANCED_FACE('',(#814),#7548,.F.);
#7776=ADVANCED_FACE('',(#815),#7549,.F.);
#7777=ADVANCED_FACE('',(#816),#7550,.F.);
#7778=ADVANCED_FACE('',(#817),#7551,.F.);
#7779=ADVANCED_FACE('',(#818),#7552,.F.);
#7780=ADVANCED_FACE('',(#819),#7553,.F.);
#7781=ADVANCED_FACE('',(#820),#7554,.F.);
#7782=ADVANCED_FACE('',(#821),#7555,.F.);
#7783=ADVANCED_FACE('',(#822),#7556,.F.);
#7784=ADVANCED_FACE('',(#823),#7557,.F.);
#7785=ADVANCED_FACE('',(#824),#7558,.F.);
#7786=ADVANCED_FACE('',(#825),#7559,.F.);
#7787=ADVANCED_FACE('',(#826),#7560,.F.);
#7788=ADVANCED_FACE('',(#827),#7561,.F.);
#7789=ADVANCED_FACE('',(#828),#7562,.F.);
#7790=ADVANCED_FACE('',(#829),#7563,.F.);
#7791=ADVANCED_FACE('',(#830),#7564,.F.);
#7792=ADVANCED_FACE('',(#831),#7565,.F.);
#7793=ADVANCED_FACE('',(#832),#7566,.F.);
#7794=ADVANCED_FACE('',(#833),#7567,.F.);
#7795=ADVANCED_FACE('',(#834),#7568,.F.);
#7796=ADVANCED_FACE('',(#835),#7569,.F.);
#7797=ADVANCED_FACE('',(#836),#7570,.F.);
#7798=ADVANCED_FACE('',(#837),#7571,.F.);
#7799=ADVANCED_FACE('',(#838),#7572,.F.);
#7800=ADVANCED_FACE('',(#839),#7573,.F.);
#7801=ADVANCED_FACE('',(#840),#7574,.F.);
#7802=ADVANCED_FACE('',(#841),#7575,.F.);
#7803=ADVANCED_FACE('',(#842),#7576,.F.);
#7804=ADVANCED_FACE('',(#843),#7577,.F.);
#7805=ADVANCED_FACE('',(#844),#7578,.F.);
#7806=ADVANCED_FACE('',(#845),#7579,.F.);
#7807=ADVANCED_FACE('',(#846),#7580,.F.);
#7808=ADVANCED_FACE('',(#847),#7581,.F.);
#7809=ADVANCED_FACE('',(#848),#7582,.F.);
#7810=ADVANCED_FACE('',(#849),#7583,.F.);
#7811=ADVANCED_FACE('',(#850),#7584,.F.);
#7812=ADVANCED_FACE('',(#851),#7585,.F.);
#7813=ADVANCED_FACE('',(#852),#7586,.F.);
#7814=ADVANCED_FACE('',(#853),#7587,.F.);
#7815=ADVANCED_FACE('',(#854),#7588,.F.);
#7816=ADVANCED_FACE('',(#855),#7589,.F.);
#7817=ADVANCED_FACE('',(#856),#521,.F.);
#7818=ADVANCED_FACE('',(#857),#522,.F.);
#7819=ADVANCED_FACE('',(#858),#523,.T.);
#7820=ADVANCED_FACE('',(#859),#524,.F.);
#7821=ADVANCED_FACE('',(#860),#7590,.F.);
#7822=ADVANCED_FACE('',(#861),#7591,.F.);
#7823=ADVANCED_FACE('',(#862),#525,.F.);
#7824=ADVANCED_FACE('',(#863),#526,.T.);
#7825=ADVANCED_FACE('',(#864),#7592,.T.);
#7826=ADVANCED_FACE('',(#865),#527,.T.);
#7827=ADVANCED_FACE('',(#866),#528,.F.);
#7828=ADVANCED_FACE('',(#867),#529,.T.);
#7829=ADVANCED_FACE('',(#868),#530,.F.);
#7830=ADVANCED_FACE('',(#869),#531,.T.);
#7831=ADVANCED_FACE('',(#870),#532,.F.);
#7832=ADVANCED_FACE('',(#871),#7593,.T.);
#7833=ADVANCED_FACE('',(#872),#533,.F.);
#7834=ADVANCED_FACE('',(#873),#7594,.F.);
#7835=ADVANCED_FACE('',(#874),#534,.F.);
#7836=ADVANCED_FACE('',(#875),#535,.T.);
#7837=ADVANCED_FACE('',(#876),#7595,.T.);
#7838=ADVANCED_FACE('',(#877),#536,.F.);
#7839=ADVANCED_FACE('',(#878),#537,.F.);
#7840=ADVANCED_FACE('',(#879),#538,.T.);
#7841=ADVANCED_FACE('',(#880),#539,.F.);
#7842=ADVANCED_FACE('',(#881),#7596,.T.);
#7843=ADVANCED_FACE('',(#882),#540,.T.);
#7844=ADVANCED_FACE('',(#883),#7597,.T.);
#7845=ADVANCED_FACE('',(#884),#541,.F.);
#7846=ADVANCED_FACE('',(#885),#542,.F.);
#7847=ADVANCED_FACE('',(#886),#543,.T.);
#7848=ADVANCED_FACE('',(#887),#7598,.F.);
#7849=ADVANCED_FACE('',(#888),#7599,.F.);
#7850=ADVANCED_FACE('',(#889),#544,.F.);
#7851=ADVANCED_FACE('',(#890),#545,.T.);
#7852=ADVANCED_FACE('',(#891),#546,.F.);
#7853=ADVANCED_FACE('',(#892),#13,.T.);
#7854=ADVANCED_FACE('',(#893),#7600,.T.);
#7855=ADVANCED_FACE('',(#894),#547,.T.);
#7856=ADVANCED_FACE('',(#895),#548,.T.);
#7857=ADVANCED_FACE('',(#896),#549,.T.);
#7858=ADVANCED_FACE('',(#897),#550,.F.);
#7859=ADVANCED_FACE('',(#898),#551,.T.);
#7860=ADVANCED_FACE('',(#899,#461,#462),#552,.F.);
#7861=ADVANCED_FACE('',(#900,#463,#464,#465,#466,#467,#468,#469,#470,#471),
#553,.T.);
#7862=ADVANCED_FACE('',(#901),#7601,.T.);
#7863=ADVANCED_FACE('',(#902),#554,.T.);
#7864=ADVANCED_FACE('',(#903,#472),#555,.T.);
#7865=ADVANCED_FACE('',(#904),#556,.F.);
#7866=ADVANCED_FACE('',(#905),#557,.F.);
#7867=ADVANCED_FACE('',(#906),#558,.F.);
#7868=ADVANCED_FACE('',(#907),#559,.F.);
#7869=ADVANCED_FACE('',(#908),#14,.T.);
#7870=ADVANCED_FACE('',(#909),#7602,.T.);
#7871=ADVANCED_FACE('',(#910),#560,.T.);
#7872=ADVANCED_FACE('',(#911),#561,.T.);
#7873=ADVANCED_FACE('',(#912),#15,.T.);
#7874=ADVANCED_FACE('',(#913),#7603,.T.);
#7875=ADVANCED_FACE('',(#914),#562,.T.);
#7876=ADVANCED_FACE('',(#915),#563,.T.);
#7877=ADVANCED_FACE('',(#916),#564,.T.);
#7878=ADVANCED_FACE('',(#917,#473),#565,.T.);
#7879=ADVANCED_FACE('',(#918),#566,.F.);
#7880=ADVANCED_FACE('',(#919),#567,.F.);
#7881=ADVANCED_FACE('',(#920),#16,.T.);
#7882=ADVANCED_FACE('',(#921),#7604,.T.);
#7883=ADVANCED_FACE('',(#922),#568,.T.);
#7884=ADVANCED_FACE('',(#923),#569,.T.);
#7885=ADVANCED_FACE('',(#924),#570,.T.);
#7886=ADVANCED_FACE('',(#925,#474),#571,.T.);
#7887=ADVANCED_FACE('',(#926),#572,.F.);
#7888=ADVANCED_FACE('',(#927),#573,.F.);
#7889=ADVANCED_FACE('',(#928),#17,.T.);
#7890=ADVANCED_FACE('',(#929),#7605,.T.);
#7891=ADVANCED_FACE('',(#930),#574,.T.);
#7892=ADVANCED_FACE('',(#931),#575,.T.);
#7893=ADVANCED_FACE('',(#932),#576,.T.);
#7894=ADVANCED_FACE('',(#933,#475),#577,.T.);
#7895=ADVANCED_FACE('',(#934),#578,.F.);
#7896=ADVANCED_FACE('',(#935),#579,.F.);
#7897=ADVANCED_FACE('',(#936),#18,.T.);
#7898=ADVANCED_FACE('',(#937),#7606,.T.);
#7899=ADVANCED_FACE('',(#938),#580,.T.);
#7900=ADVANCED_FACE('',(#939),#581,.T.);
#7901=ADVANCED_FACE('',(#940),#582,.T.);
#7902=ADVANCED_FACE('',(#941,#476),#583,.T.);
#7903=ADVANCED_FACE('',(#942),#584,.F.);
#7904=ADVANCED_FACE('',(#943),#585,.F.);
#7905=ADVANCED_FACE('',(#944),#19,.T.);
#7906=ADVANCED_FACE('',(#945),#7607,.T.);
#7907=ADVANCED_FACE('',(#946),#586,.T.);
#7908=ADVANCED_FACE('',(#947),#587,.T.);
#7909=ADVANCED_FACE('',(#948),#588,.T.);
#7910=ADVANCED_FACE('',(#949,#477),#589,.T.);
#7911=ADVANCED_FACE('',(#950),#590,.F.);
#7912=ADVANCED_FACE('',(#951),#591,.F.);
#7913=ADVANCED_FACE('',(#952),#7608,.T.);
#7914=ADVANCED_FACE('',(#953),#592,.F.);
#7915=ADVANCED_FACE('',(#954),#593,.F.);
#7916=ADVANCED_FACE('',(#955),#7609,.T.);
#7917=ADVANCED_FACE('',(#956),#7610,.T.);
#7918=ADVANCED_FACE('',(#957),#7611,.T.);
#7919=ADVANCED_FACE('',(#958),#7612,.T.);
#7920=ADVANCED_FACE('',(#959),#7613,.T.);
#7921=ADVANCED_FACE('',(#960),#594,.F.);
#7922=ADVANCED_FACE('',(#961),#595,.F.);
#7923=ADVANCED_FACE('',(#962),#596,.F.);
#7924=ADVANCED_FACE('',(#963),#597,.F.);
#7925=ADVANCED_FACE('',(#964),#598,.F.);
#7926=ADVANCED_FACE('',(#965),#599,.F.);
#7927=ADVANCED_FACE('',(#966),#600,.F.);
#7928=ADVANCED_FACE('',(#967),#601,.F.);
#7929=ADVANCED_FACE('',(#968),#602,.F.);
#7930=ADVANCED_FACE('',(#969),#603,.F.);
#7931=ADVANCED_FACE('',(#970),#604,.F.);
#7932=ADVANCED_FACE('',(#971),#605,.F.);
#7933=ADVANCED_FACE('',(#972),#606,.F.);
#7934=ADVANCED_FACE('',(#973),#607,.F.);
#7935=ADVANCED_FACE('',(#974),#608,.F.);
#7936=ADVANCED_FACE('',(#975),#609,.F.);
#7937=ADVANCED_FACE('',(#976),#610,.F.);
#7938=ADVANCED_FACE('',(#977),#611,.F.);
#7939=ADVANCED_FACE('',(#978),#612,.F.);
#7940=ADVANCED_FACE('',(#979),#613,.F.);
#7941=ADVANCED_FACE('',(#980),#20,.T.);
#7942=ADVANCED_FACE('',(#981),#7614,.T.);
#7943=ADVANCED_FACE('',(#982),#614,.T.);
#7944=ADVANCED_FACE('',(#983),#21,.T.);
#7945=ADVANCED_FACE('',(#984),#7615,.T.);
#7946=ADVANCED_FACE('',(#985),#615,.T.);
#7947=ADVANCED_FACE('',(#986),#22,.T.);
#7948=ADVANCED_FACE('',(#987),#7616,.T.);
#7949=ADVANCED_FACE('',(#988),#616,.T.);
#7950=ADVANCED_FACE('',(#989),#617,.F.);
#7951=ADVANCED_FACE('',(#990),#618,.T.);
#7952=ADVANCED_FACE('',(#991),#619,.F.);
#7953=ADVANCED_FACE('',(#992),#620,.F.);
#7954=ADVANCED_FACE('',(#993),#621,.T.);
#7955=ADVANCED_FACE('',(#994),#622,.F.);
#7956=ADVANCED_FACE('',(#995),#623,.T.);
#7957=ADVANCED_FACE('',(#996),#624,.F.);
#7958=ADVANCED_FACE('',(#997),#625,.F.);
#7959=ADVANCED_FACE('',(#998),#626,.F.);
#7960=ADVANCED_FACE('',(#999),#627,.F.);
#7961=ADVANCED_FACE('',(#1000),#628,.T.);
#7962=ADVANCED_FACE('',(#1001),#629,.F.);
#7963=ADVANCED_FACE('',(#1002),#630,.F.);
#7964=ADVANCED_FACE('',(#1003),#631,.T.);
#7965=ADVANCED_FACE('',(#1004),#632,.F.);
#7966=ADVANCED_FACE('',(#1005),#633,.F.);
#7967=ADVANCED_FACE('',(#1006),#634,.T.);
#7968=ADVANCED_FACE('',(#1007),#635,.F.);
#7969=ADVANCED_FACE('',(#1008),#636,.F.);
#7970=ADVANCED_FACE('',(#1009),#637,.T.);
#7971=ADVANCED_FACE('',(#1010),#638,.T.);
#7972=ADVANCED_FACE('',(#1011),#639,.F.);
#7973=ADVANCED_FACE('',(#1012),#640,.F.);
#7974=ADVANCED_FACE('',(#1013),#7617,.F.);
#7975=ADVANCED_FACE('',(#1014),#641,.F.);
#7976=ADVANCED_FACE('',(#1015),#642,.F.);
#7977=ADVANCED_FACE('',(#1016),#7618,.F.);
#7978=ADVANCED_FACE('',(#1017),#643,.F.);
#7979=ADVANCED_FACE('',(#1018),#644,.T.);
#7980=ADVANCED_FACE('',(#1019),#645,.F.);
#7981=ADVANCED_FACE('',(#1020),#646,.F.);
#7982=ADVANCED_FACE('',(#1021),#647,.T.);
#7983=ADVANCED_FACE('',(#1022),#648,.F.);
#7984=ADVANCED_FACE('',(#1023),#7619,.T.);
#7985=ADVANCED_FACE('',(#1024),#649,.T.);
#7986=ADVANCED_FACE('',(#1025),#650,.T.);
#7987=ADVANCED_FACE('',(#1026),#7620,.T.);
#7988=ADVANCED_FACE('',(#1027),#651,.T.);
#7989=ADVANCED_FACE('',(#1028),#652,.T.);
#7990=ADVANCED_FACE('',(#1029),#7621,.T.);
#7991=ADVANCED_FACE('',(#1030),#653,.T.);
#7992=ADVANCED_FACE('',(#1031),#7622,.T.);
#7993=ADVANCED_FACE('',(#1032),#654,.T.);
#7994=ADVANCED_FACE('',(#1033),#655,.T.);
#7995=ADVANCED_FACE('',(#1034),#656,.T.);
#7996=ADVANCED_FACE('',(#1035),#657,.F.);
#7997=ADVANCED_FACE('',(#1036),#7623,.T.);
#7998=ADVANCED_FACE('',(#1037),#658,.T.);
#7999=ADVANCED_FACE('',(#1038),#659,.T.);
#8000=ADVANCED_FACE('',(#1039),#7624,.T.);
#8001=ADVANCED_FACE('',(#1040),#660,.T.);
#8002=ADVANCED_FACE('',(#1041),#7625,.T.);
#8003=ADVANCED_FACE('',(#1042),#7626,.T.);
#8004=ADVANCED_FACE('',(#1043),#661,.T.);
#8005=ADVANCED_FACE('',(#1044),#662,.T.);
#8006=ADVANCED_FACE('',(#1045),#663,.F.);
#8007=ADVANCED_FACE('',(#1046),#664,.F.);
#8008=ADVANCED_FACE('',(#1047),#665,.F.);
#8009=CLOSED_SHELL('',(#7627,#7628,#7629,#7630,#7631,#7632,#7633,#7634,
#7635,#7636,#7637,#7638,#7639,#7640,#7641,#7642,#7643,#7644,#7645,#7646,
#7647,#7648,#7649,#7650,#7651,#7652,#7653,#7654,#7655,#7656,#7657,#7658,
#7659,#7660,#7661,#7662,#7663,#7664,#7665,#7666,#7667,#7668,#7669,#7670));
#8010=CLOSED_SHELL('',(#7671,#7672,#7673,#7674,#7675,#7676,#7677,#7678,
#7679,#7680,#7681,#7682,#7683,#7684,#7685,#7686,#7687,#7688,#7689,#7690,
#7691,#7692,#7693,#7694,#7695,#7696,#7697,#7698,#7699,#7700,#7701,#7702,
#7703,#7704,#7705,#7706,#7707,#7708,#7709,#7710,#7711,#7712,#7713,#7714,
#7715,#7716,#7717,#7718,#7719,#7720,#7721,#7722,#7723,#7724,#7725,#7726,
#7727,#7728,#7729,#7730,#7731,#7732,#7733,#7734,#7735,#7736,#7737,#7738,
#7739,#7740,#7741,#7742,#7743,#7744,#7745,#7746,#7747,#7748,#7749,#7750,
#7751,#7752,#7753,#7754,#7755,#7756,#7757,#7758,#7759,#7760,#7761,#7762,
#7763,#7764,#7765,#7766,#7767,#7768,#7769,#7770,#7771,#7772,#7773,#7774,
#7775,#7776,#7777,#7778,#7779,#7780,#7781,#7782,#7783,#7784,#7785,#7786,
#7787,#7788,#7789,#7790,#7791,#7792,#7793,#7794,#7795,#7796,#7797,#7798,
#7799,#7800,#7801,#7802,#7803,#7804,#7805,#7806,#7807,#7808,#7809,#7810,
#7811,#7812,#7813,#7814,#7815,#7816,#7817,#7818,#7819,#7820,#7821,#7822,
#7823,#7824,#7825,#7826,#7827,#7828,#7829,#7830,#7831,#7832,#7833,#7834,
#7835,#7836,#7837,#7838,#7839,#7840,#7841,#7842,#7843,#7844,#7845,#7846,
#7847,#7848,#7849,#7850,#7851,#7852));
#8011=CLOSED_SHELL('',(#7853,#7854,#7855,#7856,#7857,#7858,#7859,#7860,
#7861,#7862,#7863,#7864,#7865,#7866,#7867,#7868,#7869,#7870,#7871,#7872,
#7873,#7874,#7875,#7876,#7877,#7878,#7879,#7880,#7881,#7882,#7883,#7884,
#7885,#7886,#7887,#7888,#7889,#7890,#7891,#7892,#7893,#7894,#7895,#7896,
#7897,#7898,#7899,#7900,#7901,#7902,#7903,#7904,#7905,#7906,#7907,#7908,
#7909,#7910,#7911,#7912,#7913,#7914,#7915,#7916,#7917,#7918,#7919,#7920,
#7921,#7922,#7923,#7924,#7925,#7926,#7927,#7928,#7929,#7930,#7931,#7932,
#7933,#7934,#7935,#7936,#7937,#7938,#7939,#7940,#7941,#7942,#7943,#7944,
#7945,#7946,#7947,#7948,#7949,#7950,#7951,#7952,#7953,#7954,#7955,#7956,
#7957,#7958,#7959,#7960,#7961,#7962,#7963,#7964,#7965,#7966,#7967,#7968,
#7969,#7970,#7971,#7972,#7973,#7974,#7975,#7976,#7977,#7978,#7979,#7980,
#7981,#7982,#7983,#7984,#7985,#7986,#7987,#7988,#7989,#7990,#7991,#7992,
#7993,#7994,#7995,#7996,#7997,#7998,#7999,#8000,#8001,#8002,#8003,#8004,
#8005,#8006,#8007,#8008));
#8012=DERIVED_UNIT_ELEMENT(#8014,1.);
#8013=DERIVED_UNIT_ELEMENT(#13554,-3.);
#8014=(
MASS_UNIT()
NAMED_UNIT(*)
SI_UNIT(.KILO.,.GRAM.)
);
#8015=DERIVED_UNIT((#8012,#8013));
#8016=MEASURE_REPRESENTATION_ITEM('density measure',
POSITIVE_RATIO_MEASURE(7850.),#8015);
#8017=PROPERTY_DEFINITION_REPRESENTATION(#8022,#8019);
#8018=PROPERTY_DEFINITION_REPRESENTATION(#8023,#8020);
#8019=REPRESENTATION('material name',(#8021),#13551);
#8020=REPRESENTATION('density',(#8016),#13551);
#8021=DESCRIPTIVE_REPRESENTATION_ITEM('Steel','Steel');
#8022=PROPERTY_DEFINITION('material property','material name',#13561);
#8023=PROPERTY_DEFINITION('material property','density of part',#13561);
#8024=AXIS2_PLACEMENT_3D('placement',#11043,#8806,#8807);
#8025=AXIS2_PLACEMENT_3D('',#11044,#8808,#8809);
#8026=AXIS2_PLACEMENT_3D('',#11047,#8810,#8811);
#8027=AXIS2_PLACEMENT_3D('',#11051,#8813,#8814);
#8028=AXIS2_PLACEMENT_3D('',#11053,#8816,#8817);
#8029=AXIS2_PLACEMENT_3D('',#11059,#8821,#8822);
#8030=AXIS2_PLACEMENT_3D('',#11065,#8826,#8827);
#8031=AXIS2_PLACEMENT_3D('',#11069,#8829,#8830);
#8032=AXIS2_PLACEMENT_3D('',#11073,#8832,#8833);
#8033=AXIS2_PLACEMENT_3D('',#11081,#8838,#8839);
#8034=AXIS2_PLACEMENT_3D('',#11085,#8842,#8843);
#8035=AXIS2_PLACEMENT_3D('',#11088,#8844,#8845);
#8036=AXIS2_PLACEMENT_3D('',#11094,#8849,#8850);
#8037=AXIS2_PLACEMENT_3D('',#11098,#8852,#8853);
#8038=AXIS2_PLACEMENT_3D('',#11102,#8855,#8856);
#8039=AXIS2_PLACEMENT_3D('',#11106,#8858,#8859);
#8040=AXIS2_PLACEMENT_3D('',#11114,#8863,#8864);
#8041=AXIS2_PLACEMENT_3D('',#11118,#8866,#8867);
#8042=AXIS2_PLACEMENT_3D('',#11121,#8869,#8870);
#8043=AXIS2_PLACEMENT_3D('',#11122,#8871,#8872);
#8044=AXIS2_PLACEMENT_3D('',#11125,#8873,#8874);
#8045=AXIS2_PLACEMENT_3D('',#11129,#8876,#8877);
#8046=AXIS2_PLACEMENT_3D('',#11131,#8879,#8880);
#8047=AXIS2_PLACEMENT_3D('',#11137,#8884,#8885);
#8048=AXIS2_PLACEMENT_3D('',#11143,#8889,#8890);
#8049=AXIS2_PLACEMENT_3D('',#11154,#8896,#8897);
#8050=AXIS2_PLACEMENT_3D('',#11156,#8899,#8900);
#8051=AXIS2_PLACEMENT_3D('',#11158,#8902,#8903);
#8052=AXIS2_PLACEMENT_3D('',#11161,#8904,#8905);
#8053=AXIS2_PLACEMENT_3D('',#11164,#8908,#8909);
#8054=AXIS2_PLACEMENT_3D('',#11166,#8911,#8912);
#8055=AXIS2_PLACEMENT_3D('',#11175,#8917,#8918);
#8056=AXIS2_PLACEMENT_3D('',#11177,#8919,#8920);
#8057=AXIS2_PLACEMENT_3D('',#11178,#8921,#8922);
#8058=AXIS2_PLACEMENT_3D('',#11180,#8923,#8924);
#8059=AXIS2_PLACEMENT_3D('',#11182,#8926,#8927);
#8060=AXIS2_PLACEMENT_3D('',#11186,#8930,#8931);
#8061=AXIS2_PLACEMENT_3D('',#11190,#8933,#8934);
#8062=AXIS2_PLACEMENT_3D('',#11192,#8936,#8937);
#8063=AXIS2_PLACEMENT_3D('',#11195,#8939,#8940);
#8064=AXIS2_PLACEMENT_3D('',#11197,#8942,#8943);
#8065=AXIS2_PLACEMENT_3D('',#11198,#8944,#8945);
#8066=AXIS2_PLACEMENT_3D('',#11203,#8949,#8950);
#8067=AXIS2_PLACEMENT_3D('',#11205,#8951,#8952);
#8068=AXIS2_PLACEMENT_3D('',#11207,#8954,#8955);
#8069=AXIS2_PLACEMENT_3D('',#11208,#8956,#8957);
#8070=AXIS2_PLACEMENT_3D('',#11210,#8958,#8959);
#8071=AXIS2_PLACEMENT_3D('',#11212,#8961,#8962);
#8072=AXIS2_PLACEMENT_3D('',#11213,#8963,#8964);
#8073=AXIS2_PLACEMENT_3D('',#11215,#8966,#8967);
#8074=AXIS2_PLACEMENT_3D('',#11217,#8968,#8969);
#8075=AXIS2_PLACEMENT_3D('',#11219,#8971,#8972);
#8076=AXIS2_PLACEMENT_3D('',#11223,#8975,#8976);
#8077=AXIS2_PLACEMENT_3D('',#11225,#8977,#8978);
#8078=AXIS2_PLACEMENT_3D('',#11227,#8980,#8981);
#8079=AXIS2_PLACEMENT_3D('',#11228,#8982,#8983);
#8080=AXIS2_PLACEMENT_3D('',#11230,#8985,#8986);
#8081=AXIS2_PLACEMENT_3D('',#11231,#8987,#8988);
#8082=AXIS2_PLACEMENT_3D('',#11232,#8989,#8990);
#8083=AXIS2_PLACEMENT_3D('',#11234,#8991,#8992);
#8084=AXIS2_PLACEMENT_3D('',#11238,#8994,#8995);
#8085=AXIS2_PLACEMENT_3D('',#11246,#8999,#9000);
#8086=AXIS2_PLACEMENT_3D('',#11250,#9002,#9003);
#8087=AXIS2_PLACEMENT_3D('',#11252,#9005,#9006);
#8088=AXIS2_PLACEMENT_3D('',#11255,#9009,#9010);
#8089=AXIS2_PLACEMENT_3D('',#11257,#9012,#9013);
#8090=AXIS2_PLACEMENT_3D('',#11258,#9014,#9015);
#8091=AXIS2_PLACEMENT_3D('',#11260,#9017,#9018);
#8092=AXIS2_PLACEMENT_3D('',#11262,#9020,#9021);
#8093=AXIS2_PLACEMENT_3D('',#11264,#9023,#9024);
#8094=AXIS2_PLACEMENT_3D('',#11266,#9026,#9027);
#8095=AXIS2_PLACEMENT_3D('',#11268,#9029,#9030);
#8096=AXIS2_PLACEMENT_3D('',#11270,#9032,#9033);
#8097=AXIS2_PLACEMENT_3D('',#11271,#9034,#9035);
#8098=AXIS2_PLACEMENT_3D('',#11272,#9036,#9037);
#8099=AXIS2_PLACEMENT_3D('',#11273,#9038,#9039);
#8100=AXIS2_PLACEMENT_3D('',#11274,#9040,#9041);
#8101=AXIS2_PLACEMENT_3D('',#11276,#9042,#9043);
#8102=AXIS2_PLACEMENT_3D('',#11279,#9045,#9046);
#8103=AXIS2_PLACEMENT_3D('',#11280,#9047,#9048);
#8104=AXIS2_PLACEMENT_3D('',#11283,#9049,#9050);
#8105=AXIS2_PLACEMENT_3D('',#11287,#9052,#9053);
#8106=AXIS2_PLACEMENT_3D('',#11289,#9055,#9056);
#8107=AXIS2_PLACEMENT_3D('',#11297,#9060,#9061);
#8108=AXIS2_PLACEMENT_3D('',#11299,#9063,#9064);
#8109=AXIS2_PLACEMENT_3D('',#11303,#9067,#9068);
#8110=AXIS2_PLACEMENT_3D('',#11305,#9069,#9070);
#8111=AXIS2_PLACEMENT_3D('',#11312,#9074,#9075);
#8112=AXIS2_PLACEMENT_3D('',#11313,#9076,#9077);
#8113=AXIS2_PLACEMENT_3D('',#11317,#9079,#9080);
#8114=AXIS2_PLACEMENT_3D('',#11319,#9082,#9083);
#8115=AXIS2_PLACEMENT_3D('',#11335,#9091,#9092);
#8116=AXIS2_PLACEMENT_3D('',#11337,#9093,#9094);
#8117=AXIS2_PLACEMENT_3D('',#11341,#9096,#9097);
#8118=AXIS2_PLACEMENT_3D('',#11345,#9099,#9100);
#8119=AXIS2_PLACEMENT_3D('',#11347,#9101,#9102);
#8120=AXIS2_PLACEMENT_3D('',#11351,#9104,#9105);
#8121=AXIS2_PLACEMENT_3D('',#11355,#9107,#9108);
#8122=AXIS2_PLACEMENT_3D('',#11357,#9109,#9110);
#8123=AXIS2_PLACEMENT_3D('',#11361,#9112,#9113);
#8124=AXIS2_PLACEMENT_3D('',#11365,#9115,#9116);
#8125=AXIS2_PLACEMENT_3D('',#11367,#9117,#9118);
#8126=AXIS2_PLACEMENT_3D('',#11371,#9120,#9121);
#8127=AXIS2_PLACEMENT_3D('',#11375,#9123,#9124);
#8128=AXIS2_PLACEMENT_3D('',#11377,#9125,#9126);
#8129=AXIS2_PLACEMENT_3D('',#11381,#9128,#9129);
#8130=AXIS2_PLACEMENT_3D('',#11384,#9131,#9132);
#8131=AXIS2_PLACEMENT_3D('',#11386,#9133,#9134);
#8132=AXIS2_PLACEMENT_3D('',#11388,#9135,#9136);
#8133=AXIS2_PLACEMENT_3D('',#11390,#9137,#9138);
#8134=AXIS2_PLACEMENT_3D('',#11392,#9139,#9140);
#8135=AXIS2_PLACEMENT_3D('',#11394,#9141,#9142);
#8136=AXIS2_PLACEMENT_3D('',#11396,#9143,#9144);
#8137=AXIS2_PLACEMENT_3D('',#11398,#9145,#9146);
#8138=AXIS2_PLACEMENT_3D('',#11400,#9147,#9148);
#8139=AXIS2_PLACEMENT_3D('',#11402,#9149,#9150);
#8140=AXIS2_PLACEMENT_3D('',#11404,#9151,#9152);
#8141=AXIS2_PLACEMENT_3D('',#11406,#9153,#9154);
#8142=AXIS2_PLACEMENT_3D('',#11408,#9155,#9156);
#8143=AXIS2_PLACEMENT_3D('',#11410,#9157,#9158);
#8144=AXIS2_PLACEMENT_3D('',#11412,#9159,#9160);
#8145=AXIS2_PLACEMENT_3D('',#11414,#9161,#9162);
#8146=AXIS2_PLACEMENT_3D('',#11416,#9163,#9164);
#8147=AXIS2_PLACEMENT_3D('',#11418,#9165,#9166);
#8148=AXIS2_PLACEMENT_3D('',#11420,#9167,#9168);
#8149=AXIS2_PLACEMENT_3D('',#11422,#9169,#9170);
#8150=AXIS2_PLACEMENT_3D('',#11424,#9171,#9172);
#8151=AXIS2_PLACEMENT_3D('',#11426,#9173,#9174);
#8152=AXIS2_PLACEMENT_3D('',#11428,#9175,#9176);
#8153=AXIS2_PLACEMENT_3D('',#11430,#9177,#9178);
#8154=AXIS2_PLACEMENT_3D('',#11432,#9179,#9180);
#8155=AXIS2_PLACEMENT_3D('',#11434,#9181,#9182);
#8156=AXIS2_PLACEMENT_3D('',#11436,#9183,#9184);
#8157=AXIS2_PLACEMENT_3D('',#11438,#9185,#9186);
#8158=AXIS2_PLACEMENT_3D('',#11440,#9187,#9188);
#8159=AXIS2_PLACEMENT_3D('',#11442,#9189,#9190);
#8160=AXIS2_PLACEMENT_3D('',#11443,#9191,#9192);
#8161=AXIS2_PLACEMENT_3D('',#11447,#9194,#9195);
#8162=AXIS2_PLACEMENT_3D('',#11449,#9197,#9198);
#8163=AXIS2_PLACEMENT_3D('',#11453,#9201,#9202);
#8164=AXIS2_PLACEMENT_3D('',#11455,#9204,#9205);
#8165=AXIS2_PLACEMENT_3D('',#11459,#9207,#9208);
#8166=AXIS2_PLACEMENT_3D('',#11466,#9212,#9213);
#8167=AXIS2_PLACEMENT_3D('',#11467,#9214,#9215);
#8168=AXIS2_PLACEMENT_3D('',#11470,#9216,#9217);
#8169=AXIS2_PLACEMENT_3D('',#11477,#9221,#9222);
#8170=AXIS2_PLACEMENT_3D('',#11481,#9225,#9226);
#8171=AXIS2_PLACEMENT_3D('',#11487,#9230,#9231);
#8172=AXIS2_PLACEMENT_3D('',#11493,#9235,#9236);
#8173=AXIS2_PLACEMENT_3D('',#11501,#9241,#9242);
#8174=AXIS2_PLACEMENT_3D('',#11504,#9244,#9245);
#8175=AXIS2_PLACEMENT_3D('',#11505,#9246,#9247);
#8176=AXIS2_PLACEMENT_3D('',#11520,#9248,#9249);
#8177=AXIS2_PLACEMENT_3D('',#11536,#9251,#9252);
#8178=AXIS2_PLACEMENT_3D('',#11551,#9253,#9254);
#8179=AXIS2_PLACEMENT_3D('',#11565,#9255,#9256);
#8180=AXIS2_PLACEMENT_3D('',#11566,#9257,#9258);
#8181=AXIS2_PLACEMENT_3D('',#11572,#9261,#9262);
#8182=AXIS2_PLACEMENT_3D('',#11577,#9265,#9266);
#8183=AXIS2_PLACEMENT_3D('',#11581,#9268,#9269);
#8184=AXIS2_PLACEMENT_3D('',#11583,#9270,#9271);
#8185=AXIS2_PLACEMENT_3D('',#11587,#9273,#9274);
#8186=AXIS2_PLACEMENT_3D('',#11591,#9276,#9277);
#8187=AXIS2_PLACEMENT_3D('',#11593,#9278,#9279);
#8188=AXIS2_PLACEMENT_3D('',#11597,#9281,#9282);
#8189=AXIS2_PLACEMENT_3D('',#11601,#9284,#9285);
#8190=AXIS2_PLACEMENT_3D('',#11603,#9286,#9287);
#8191=AXIS2_PLACEMENT_3D('',#11607,#9289,#9290);
#8192=AXIS2_PLACEMENT_3D('',#11611,#9292,#9293);
#8193=AXIS2_PLACEMENT_3D('',#11613,#9294,#9295);
#8194=AXIS2_PLACEMENT_3D('',#11621,#9300,#9301);
#8195=AXIS2_PLACEMENT_3D('',#11623,#9302,#9303);
#8196=AXIS2_PLACEMENT_3D('',#11625,#9304,#9305);
#8197=AXIS2_PLACEMENT_3D('',#11627,#9306,#9307);
#8198=AXIS2_PLACEMENT_3D('',#11629,#9308,#9309);
#8199=AXIS2_PLACEMENT_3D('',#11631,#9310,#9311);
#8200=AXIS2_PLACEMENT_3D('',#11633,#9312,#9313);
#8201=AXIS2_PLACEMENT_3D('',#11635,#9314,#9315);
#8202=AXIS2_PLACEMENT_3D('',#11637,#9316,#9317);
#8203=AXIS2_PLACEMENT_3D('',#11639,#9318,#9319);
#8204=AXIS2_PLACEMENT_3D('',#11641,#9320,#9321);
#8205=AXIS2_PLACEMENT_3D('',#11643,#9322,#9323);
#8206=AXIS2_PLACEMENT_3D('',#11645,#9324,#9325);
#8207=AXIS2_PLACEMENT_3D('',#11647,#9326,#9327);
#8208=AXIS2_PLACEMENT_3D('',#11649,#9328,#9329);
#8209=AXIS2_PLACEMENT_3D('',#11651,#9330,#9331);
#8210=AXIS2_PLACEMENT_3D('',#11653,#9332,#9333);
#8211=AXIS2_PLACEMENT_3D('',#11655,#9334,#9335);
#8212=AXIS2_PLACEMENT_3D('',#11657,#9336,#9337);
#8213=AXIS2_PLACEMENT_3D('',#11659,#9338,#9339);
#8214=AXIS2_PLACEMENT_3D('',#11661,#9340,#9341);
#8215=AXIS2_PLACEMENT_3D('',#11663,#9342,#9343);
#8216=AXIS2_PLACEMENT_3D('',#11665,#9344,#9345);
#8217=AXIS2_PLACEMENT_3D('',#11667,#9346,#9347);
#8218=AXIS2_PLACEMENT_3D('',#11669,#9348,#9349);
#8219=AXIS2_PLACEMENT_3D('',#11671,#9350,#9351);
#8220=AXIS2_PLACEMENT_3D('',#11673,#9352,#9353);
#8221=AXIS2_PLACEMENT_3D('',#11675,#9354,#9355);
#8222=AXIS2_PLACEMENT_3D('',#11677,#9356,#9357);
#8223=AXIS2_PLACEMENT_3D('',#11679,#9358,#9359);
#8224=AXIS2_PLACEMENT_3D('',#11680,#9360,#9361);
#8225=AXIS2_PLACEMENT_3D('',#11704,#9363,#9364);
#8226=AXIS2_PLACEMENT_3D('',#11708,#9366,#9367);
#8227=AXIS2_PLACEMENT_3D('',#11712,#9369,#9370);
#8228=AXIS2_PLACEMENT_3D('',#11716,#9372,#9373);
#8229=AXIS2_PLACEMENT_3D('',#11720,#9375,#9376);
#8230=AXIS2_PLACEMENT_3D('',#11741,#9387,#9388);
#8231=AXIS2_PLACEMENT_3D('',#11743,#9389,#9390);
#8232=AXIS2_PLACEMENT_3D('',#11745,#9391,#9392);
#8233=AXIS2_PLACEMENT_3D('',#11747,#9393,#9394);
#8234=AXIS2_PLACEMENT_3D('',#11749,#9395,#9396);
#8235=AXIS2_PLACEMENT_3D('',#11751,#9397,#9398);
#8236=AXIS2_PLACEMENT_3D('',#11753,#9399,#9400);
#8237=AXIS2_PLACEMENT_3D('',#11755,#9401,#9402);
#8238=AXIS2_PLACEMENT_3D('',#11757,#9403,#9404);
#8239=AXIS2_PLACEMENT_3D('',#11759,#9405,#9406);
#8240=AXIS2_PLACEMENT_3D('',#11761,#9407,#9408);
#8241=AXIS2_PLACEMENT_3D('',#11763,#9409,#9410);
#8242=AXIS2_PLACEMENT_3D('',#11765,#9411,#9412);
#8243=AXIS2_PLACEMENT_3D('',#11767,#9413,#9414);
#8244=AXIS2_PLACEMENT_3D('',#11769,#9415,#9416);
#8245=AXIS2_PLACEMENT_3D('',#11771,#9417,#9418);
#8246=AXIS2_PLACEMENT_3D('',#11773,#9419,#9420);
#8247=AXIS2_PLACEMENT_3D('',#11775,#9421,#9422);
#8248=AXIS2_PLACEMENT_3D('',#11777,#9423,#9424);
#8249=AXIS2_PLACEMENT_3D('',#11779,#9425,#9426);
#8250=AXIS2_PLACEMENT_3D('',#11781,#9427,#9428);
#8251=AXIS2_PLACEMENT_3D('',#11783,#9429,#9430);
#8252=AXIS2_PLACEMENT_3D('',#11785,#9431,#9432);
#8253=AXIS2_PLACEMENT_3D('',#11787,#9433,#9434);
#8254=AXIS2_PLACEMENT_3D('',#11789,#9435,#9436);
#8255=AXIS2_PLACEMENT_3D('',#11791,#9437,#9438);
#8256=AXIS2_PLACEMENT_3D('',#11793,#9439,#9440);
#8257=AXIS2_PLACEMENT_3D('',#11795,#9441,#9442);
#8258=AXIS2_PLACEMENT_3D('',#11797,#9443,#9444);
#8259=AXIS2_PLACEMENT_3D('',#11799,#9445,#9446);
#8260=AXIS2_PLACEMENT_3D('',#11801,#9447,#9448);
#8261=AXIS2_PLACEMENT_3D('',#11803,#9449,#9450);
#8262=AXIS2_PLACEMENT_3D('',#11805,#9451,#9452);
#8263=AXIS2_PLACEMENT_3D('',#11807,#9453,#9454);
#8264=AXIS2_PLACEMENT_3D('',#11809,#9455,#9456);
#8265=AXIS2_PLACEMENT_3D('',#11811,#9457,#9458);
#8266=AXIS2_PLACEMENT_3D('',#11813,#9459,#9460);
#8267=AXIS2_PLACEMENT_3D('',#11815,#9461,#9462);
#8268=AXIS2_PLACEMENT_3D('',#11817,#9463,#9464);
#8269=AXIS2_PLACEMENT_3D('',#11819,#9465,#9466);
#8270=AXIS2_PLACEMENT_3D('',#11821,#9467,#9468);
#8271=AXIS2_PLACEMENT_3D('',#11823,#9469,#9470);
#8272=AXIS2_PLACEMENT_3D('',#11825,#9471,#9472);
#8273=AXIS2_PLACEMENT_3D('',#11827,#9473,#9474);
#8274=AXIS2_PLACEMENT_3D('',#11829,#9475,#9476);
#8275=AXIS2_PLACEMENT_3D('',#11831,#9477,#9478);
#8276=AXIS2_PLACEMENT_3D('',#11833,#9479,#9480);
#8277=AXIS2_PLACEMENT_3D('',#11835,#9481,#9482);
#8278=AXIS2_PLACEMENT_3D('',#11837,#9483,#9484);
#8279=AXIS2_PLACEMENT_3D('',#11839,#9485,#9486);
#8280=AXIS2_PLACEMENT_3D('',#11841,#9487,#9488);
#8281=AXIS2_PLACEMENT_3D('',#11843,#9489,#9490);
#8282=AXIS2_PLACEMENT_3D('',#11845,#9491,#9492);
#8283=AXIS2_PLACEMENT_3D('',#11847,#9493,#9494);
#8284=AXIS2_PLACEMENT_3D('',#11849,#9495,#9496);
#8285=AXIS2_PLACEMENT_3D('',#11851,#9497,#9498);
#8286=AXIS2_PLACEMENT_3D('',#11853,#9499,#9500);
#8287=AXIS2_PLACEMENT_3D('',#11855,#9501,#9502);
#8288=AXIS2_PLACEMENT_3D('',#11857,#9503,#9504);
#8289=AXIS2_PLACEMENT_3D('',#11859,#9505,#9506);
#8290=AXIS2_PLACEMENT_3D('',#11861,#9507,#9508);
#8291=AXIS2_PLACEMENT_3D('',#11863,#9509,#9510);
#8292=AXIS2_PLACEMENT_3D('',#11865,#9511,#9512);
#8293=AXIS2_PLACEMENT_3D('',#11867,#9513,#9514);
#8294=AXIS2_PLACEMENT_3D('',#11869,#9515,#9516);
#8295=AXIS2_PLACEMENT_3D('',#11871,#9517,#9518);
#8296=AXIS2_PLACEMENT_3D('',#11873,#9519,#9520);
#8297=AXIS2_PLACEMENT_3D('',#11875,#9521,#9522);
#8298=AXIS2_PLACEMENT_3D('',#11877,#9523,#9524);
#8299=AXIS2_PLACEMENT_3D('',#11879,#9525,#9526);
#8300=AXIS2_PLACEMENT_3D('',#11881,#9527,#9528);
#8301=AXIS2_PLACEMENT_3D('',#11883,#9529,#9530);
#8302=AXIS2_PLACEMENT_3D('',#11885,#9531,#9532);
#8303=AXIS2_PLACEMENT_3D('',#11887,#9533,#9534);
#8304=AXIS2_PLACEMENT_3D('',#11889,#9535,#9536);
#8305=AXIS2_PLACEMENT_3D('',#11890,#9537,#9538);
#8306=AXIS2_PLACEMENT_3D('',#11912,#9539,#9540);
#8307=AXIS2_PLACEMENT_3D('',#11927,#9542,#9543);
#8308=AXIS2_PLACEMENT_3D('',#11940,#9544,#9545);
#8309=AXIS2_PLACEMENT_3D('',#11964,#9547,#9548);
#8310=AXIS2_PLACEMENT_3D('',#11986,#9549,#9550);
#8311=AXIS2_PLACEMENT_3D('',#12001,#9552,#9553);
#8312=AXIS2_PLACEMENT_3D('',#12014,#9554,#9555);
#8313=AXIS2_PLACEMENT_3D('',#12038,#9557,#9558);
#8314=AXIS2_PLACEMENT_3D('',#12060,#9559,#9560);
#8315=AXIS2_PLACEMENT_3D('',#12063,#9562,#9563);
#8316=AXIS2_PLACEMENT_3D('',#12088,#9564,#9565);
#8317=AXIS2_PLACEMENT_3D('',#12110,#9576,#9577);
#8318=AXIS2_PLACEMENT_3D('',#12113,#9579,#9580);
#8319=AXIS2_PLACEMENT_3D('',#12115,#9581,#9582);
#8320=AXIS2_PLACEMENT_3D('',#12117,#9583,#9584);
#8321=AXIS2_PLACEMENT_3D('',#12119,#9585,#9586);
#8322=AXIS2_PLACEMENT_3D('',#12121,#9587,#9588);
#8323=AXIS2_PLACEMENT_3D('',#12123,#9589,#9590);
#8324=AXIS2_PLACEMENT_3D('',#12125,#9591,#9592);
#8325=AXIS2_PLACEMENT_3D('',#12127,#9593,#9594);
#8326=AXIS2_PLACEMENT_3D('',#12129,#9595,#9596);
#8327=AXIS2_PLACEMENT_3D('',#12131,#9597,#9598);
#8328=AXIS2_PLACEMENT_3D('',#12133,#9599,#9600);
#8329=AXIS2_PLACEMENT_3D('',#12135,#9601,#9602);
#8330=AXIS2_PLACEMENT_3D('',#12137,#9603,#9604);
#8331=AXIS2_PLACEMENT_3D('',#12139,#9605,#9606);
#8332=AXIS2_PLACEMENT_3D('',#12141,#9607,#9608);
#8333=AXIS2_PLACEMENT_3D('',#12143,#9609,#9610);
#8334=AXIS2_PLACEMENT_3D('',#12145,#9611,#9612);
#8335=AXIS2_PLACEMENT_3D('',#12147,#9613,#9614);
#8336=AXIS2_PLACEMENT_3D('',#12149,#9615,#9616);
#8337=AXIS2_PLACEMENT_3D('',#12151,#9617,#9618);
#8338=AXIS2_PLACEMENT_3D('',#12153,#9619,#9620);
#8339=AXIS2_PLACEMENT_3D('',#12155,#9621,#9622);
#8340=AXIS2_PLACEMENT_3D('',#12157,#9623,#9624);
#8341=AXIS2_PLACEMENT_3D('',#12159,#9625,#9626);
#8342=AXIS2_PLACEMENT_3D('',#12161,#9627,#9628);
#8343=AXIS2_PLACEMENT_3D('',#12163,#9629,#9630);
#8344=AXIS2_PLACEMENT_3D('',#12165,#9631,#9632);
#8345=AXIS2_PLACEMENT_3D('',#12167,#9633,#9634);
#8346=AXIS2_PLACEMENT_3D('',#12169,#9635,#9636);
#8347=AXIS2_PLACEMENT_3D('',#12171,#9637,#9638);
#8348=AXIS2_PLACEMENT_3D('',#12173,#9639,#9640);
#8349=AXIS2_PLACEMENT_3D('',#12175,#9641,#9642);
#8350=AXIS2_PLACEMENT_3D('',#12177,#9643,#9644);
#8351=AXIS2_PLACEMENT_3D('',#12179,#9645,#9646);
#8352=AXIS2_PLACEMENT_3D('',#12181,#9647,#9648);
#8353=AXIS2_PLACEMENT_3D('',#12183,#9649,#9650);
#8354=AXIS2_PLACEMENT_3D('',#12185,#9651,#9652);
#8355=AXIS2_PLACEMENT_3D('',#12187,#9653,#9654);
#8356=AXIS2_PLACEMENT_3D('',#12189,#9655,#9656);
#8357=AXIS2_PLACEMENT_3D('',#12191,#9657,#9658);
#8358=AXIS2_PLACEMENT_3D('',#12193,#9659,#9660);
#8359=AXIS2_PLACEMENT_3D('',#12195,#9661,#9662);
#8360=AXIS2_PLACEMENT_3D('',#12197,#9663,#9664);
#8361=AXIS2_PLACEMENT_3D('',#12199,#9665,#9666);
#8362=AXIS2_PLACEMENT_3D('',#12201,#9667,#9668);
#8363=AXIS2_PLACEMENT_3D('',#12203,#9669,#9670);
#8364=AXIS2_PLACEMENT_3D('',#12205,#9671,#9672);
#8365=AXIS2_PLACEMENT_3D('',#12207,#9673,#9674);
#8366=AXIS2_PLACEMENT_3D('',#12209,#9675,#9676);
#8367=AXIS2_PLACEMENT_3D('',#12211,#9677,#9678);
#8368=AXIS2_PLACEMENT_3D('',#12213,#9679,#9680);
#8369=AXIS2_PLACEMENT_3D('',#12215,#9681,#9682);
#8370=AXIS2_PLACEMENT_3D('',#12217,#9683,#9684);
#8371=AXIS2_PLACEMENT_3D('',#12219,#9685,#9686);
#8372=AXIS2_PLACEMENT_3D('',#12221,#9687,#9688);
#8373=AXIS2_PLACEMENT_3D('',#12223,#9689,#9690);
#8374=AXIS2_PLACEMENT_3D('',#12225,#9691,#9692);
#8375=AXIS2_PLACEMENT_3D('',#12227,#9693,#9694);
#8376=AXIS2_PLACEMENT_3D('',#12229,#9695,#9696);
#8377=AXIS2_PLACEMENT_3D('',#12231,#9697,#9698);
#8378=AXIS2_PLACEMENT_3D('',#12233,#9699,#9700);
#8379=AXIS2_PLACEMENT_3D('',#12235,#9701,#9702);
#8380=AXIS2_PLACEMENT_3D('',#12237,#9703,#9704);
#8381=AXIS2_PLACEMENT_3D('',#12239,#9705,#9706);
#8382=AXIS2_PLACEMENT_3D('',#12241,#9707,#9708);
#8383=AXIS2_PLACEMENT_3D('',#12243,#9709,#9710);
#8384=AXIS2_PLACEMENT_3D('',#12245,#9711,#9712);
#8385=AXIS2_PLACEMENT_3D('',#12247,#9713,#9714);
#8386=AXIS2_PLACEMENT_3D('',#12249,#9715,#9716);
#8387=AXIS2_PLACEMENT_3D('',#12251,#9717,#9718);
#8388=AXIS2_PLACEMENT_3D('',#12253,#9719,#9720);
#8389=AXIS2_PLACEMENT_3D('',#12255,#9721,#9722);
#8390=AXIS2_PLACEMENT_3D('',#12257,#9723,#9724);
#8391=AXIS2_PLACEMENT_3D('',#12259,#9725,#9726);
#8392=AXIS2_PLACEMENT_3D('',#12261,#9727,#9728);
#8393=AXIS2_PLACEMENT_3D('',#12262,#9729,#9730);
#8394=AXIS2_PLACEMENT_3D('',#12272,#9731,#9732);
#8395=AXIS2_PLACEMENT_3D('',#12273,#9733,#9734);
#8396=AXIS2_PLACEMENT_3D('',#12274,#9735,#9736);
#8397=AXIS2_PLACEMENT_3D('',#12284,#9737,#9738);
#8398=AXIS2_PLACEMENT_3D('',#12334,#9740,#9741);
#8399=AXIS2_PLACEMENT_3D('',#12335,#9742,#9743);
#8400=AXIS2_PLACEMENT_3D('',#12336,#9744,#9745);
#8401=AXIS2_PLACEMENT_3D('',#12346,#9746,#9747);
#8402=AXIS2_PLACEMENT_3D('',#12347,#9748,#9749);
#8403=AXIS2_PLACEMENT_3D('',#12348,#9750,#9751);
#8404=AXIS2_PLACEMENT_3D('',#12358,#9752,#9753);
#8405=AXIS2_PLACEMENT_3D('',#12360,#9755,#9756);
#8406=AXIS2_PLACEMENT_3D('',#12362,#9758,#9759);
#8407=AXIS2_PLACEMENT_3D('',#12364,#9761,#9762);
#8408=AXIS2_PLACEMENT_3D('',#12366,#9764,#9765);
#8409=AXIS2_PLACEMENT_3D('',#12368,#9767,#9768);
#8410=AXIS2_PLACEMENT_3D('',#12370,#9770,#9771);
#8411=AXIS2_PLACEMENT_3D('',#12372,#9773,#9774);
#8412=AXIS2_PLACEMENT_3D('',#12374,#9776,#9777);
#8413=AXIS2_PLACEMENT_3D('',#12376,#9779,#9780);
#8414=AXIS2_PLACEMENT_3D('',#12378,#9782,#9783);
#8415=AXIS2_PLACEMENT_3D('',#12380,#9785,#9786);
#8416=AXIS2_PLACEMENT_3D('',#12382,#9788,#9789);
#8417=AXIS2_PLACEMENT_3D('',#12384,#9791,#9792);
#8418=AXIS2_PLACEMENT_3D('',#12386,#9794,#9795);
#8419=AXIS2_PLACEMENT_3D('',#12388,#9797,#9798);
#8420=AXIS2_PLACEMENT_3D('',#12390,#9800,#9801);
#8421=AXIS2_PLACEMENT_3D('',#12392,#9803,#9804);
#8422=AXIS2_PLACEMENT_3D('',#12394,#9806,#9807);
#8423=AXIS2_PLACEMENT_3D('',#12396,#9809,#9810);
#8424=AXIS2_PLACEMENT_3D('',#12398,#9812,#9813);
#8425=AXIS2_PLACEMENT_3D('',#12400,#9815,#9816);
#8426=AXIS2_PLACEMENT_3D('',#12402,#9818,#9819);
#8427=AXIS2_PLACEMENT_3D('',#12404,#9821,#9822);
#8428=AXIS2_PLACEMENT_3D('',#12406,#9824,#9825);
#8429=AXIS2_PLACEMENT_3D('',#12408,#9827,#9828);
#8430=AXIS2_PLACEMENT_3D('',#12410,#9830,#9831);
#8431=AXIS2_PLACEMENT_3D('',#12412,#9833,#9834);
#8432=AXIS2_PLACEMENT_3D('',#12414,#9836,#9837);
#8433=AXIS2_PLACEMENT_3D('',#12416,#9839,#9840);
#8434=AXIS2_PLACEMENT_3D('',#12418,#9842,#9843);
#8435=AXIS2_PLACEMENT_3D('',#12420,#9845,#9846);
#8436=AXIS2_PLACEMENT_3D('',#12422,#9848,#9849);
#8437=AXIS2_PLACEMENT_3D('',#12424,#9851,#9852);
#8438=AXIS2_PLACEMENT_3D('',#12426,#9854,#9855);
#8439=AXIS2_PLACEMENT_3D('',#12428,#9857,#9858);
#8440=AXIS2_PLACEMENT_3D('',#12430,#9860,#9861);
#8441=AXIS2_PLACEMENT_3D('',#12432,#9863,#9864);
#8442=AXIS2_PLACEMENT_3D('',#12434,#9866,#9867);
#8443=AXIS2_PLACEMENT_3D('',#12436,#9869,#9870);
#8444=AXIS2_PLACEMENT_3D('',#12438,#9872,#9873);
#8445=AXIS2_PLACEMENT_3D('',#12440,#9875,#9876);
#8446=AXIS2_PLACEMENT_3D('',#12442,#9878,#9879);
#8447=AXIS2_PLACEMENT_3D('',#12444,#9881,#9882);
#8448=AXIS2_PLACEMENT_3D('',#12446,#9884,#9885);
#8449=AXIS2_PLACEMENT_3D('',#12448,#9887,#9888);
#8450=AXIS2_PLACEMENT_3D('',#12450,#9890,#9891);
#8451=AXIS2_PLACEMENT_3D('',#12452,#9893,#9894);
#8452=AXIS2_PLACEMENT_3D('',#12454,#9896,#9897);
#8453=AXIS2_PLACEMENT_3D('',#12456,#9899,#9900);
#8454=AXIS2_PLACEMENT_3D('',#12458,#9902,#9903);
#8455=AXIS2_PLACEMENT_3D('',#12460,#9905,#9906);
#8456=AXIS2_PLACEMENT_3D('',#12462,#9908,#9909);
#8457=AXIS2_PLACEMENT_3D('',#12464,#9911,#9912);
#8458=AXIS2_PLACEMENT_3D('',#12466,#9914,#9915);
#8459=AXIS2_PLACEMENT_3D('',#12468,#9917,#9918);
#8460=AXIS2_PLACEMENT_3D('',#12470,#9920,#9921);
#8461=AXIS2_PLACEMENT_3D('',#12472,#9923,#9924);
#8462=AXIS2_PLACEMENT_3D('',#12474,#9926,#9927);
#8463=AXIS2_PLACEMENT_3D('',#12476,#9929,#9930);
#8464=AXIS2_PLACEMENT_3D('',#12478,#9932,#9933);
#8465=AXIS2_PLACEMENT_3D('',#12480,#9935,#9936);
#8466=AXIS2_PLACEMENT_3D('',#12482,#9938,#9939);
#8467=AXIS2_PLACEMENT_3D('',#12484,#9941,#9942);
#8468=AXIS2_PLACEMENT_3D('',#12486,#9944,#9945);
#8469=AXIS2_PLACEMENT_3D('',#12488,#9947,#9948);
#8470=AXIS2_PLACEMENT_3D('',#12490,#9950,#9951);
#8471=AXIS2_PLACEMENT_3D('',#12492,#9953,#9954);
#8472=AXIS2_PLACEMENT_3D('',#12494,#9956,#9957);
#8473=AXIS2_PLACEMENT_3D('',#12496,#9959,#9960);
#8474=AXIS2_PLACEMENT_3D('',#12498,#9962,#9963);
#8475=AXIS2_PLACEMENT_3D('',#12500,#9965,#9966);
#8476=AXIS2_PLACEMENT_3D('',#12502,#9968,#9969);
#8477=AXIS2_PLACEMENT_3D('',#12504,#9971,#9972);
#8478=AXIS2_PLACEMENT_3D('',#12506,#9974,#9975);
#8479=AXIS2_PLACEMENT_3D('',#12508,#9977,#9978);
#8480=AXIS2_PLACEMENT_3D('',#12510,#9980,#9981);
#8481=AXIS2_PLACEMENT_3D('',#12512,#9983,#9984);
#8482=AXIS2_PLACEMENT_3D('',#12514,#9986,#9987);
#8483=AXIS2_PLACEMENT_3D('',#12516,#9989,#9990);
#8484=AXIS2_PLACEMENT_3D('',#12518,#9992,#9993);
#8485=AXIS2_PLACEMENT_3D('',#12520,#9995,#9996);
#8486=AXIS2_PLACEMENT_3D('',#12522,#9998,#9999);
#8487=AXIS2_PLACEMENT_3D('',#12524,#10001,#10002);
#8488=AXIS2_PLACEMENT_3D('',#12526,#10004,#10005);
#8489=AXIS2_PLACEMENT_3D('',#12528,#10007,#10008);
#8490=AXIS2_PLACEMENT_3D('',#12530,#10010,#10011);
#8491=AXIS2_PLACEMENT_3D('',#12532,#10013,#10014);
#8492=AXIS2_PLACEMENT_3D('',#12534,#10016,#10017);
#8493=AXIS2_PLACEMENT_3D('',#12536,#10019,#10020);
#8494=AXIS2_PLACEMENT_3D('',#12538,#10022,#10023);
#8495=AXIS2_PLACEMENT_3D('',#12540,#10025,#10026);
#8496=AXIS2_PLACEMENT_3D('',#12542,#10028,#10029);
#8497=AXIS2_PLACEMENT_3D('',#12544,#10031,#10032);
#8498=AXIS2_PLACEMENT_3D('',#12546,#10034,#10035);
#8499=AXIS2_PLACEMENT_3D('',#12548,#10037,#10038);
#8500=AXIS2_PLACEMENT_3D('',#12550,#10040,#10041);
#8501=AXIS2_PLACEMENT_3D('',#12552,#10043,#10044);
#8502=AXIS2_PLACEMENT_3D('',#12554,#10046,#10047);
#8503=AXIS2_PLACEMENT_3D('',#12556,#10049,#10050);
#8504=AXIS2_PLACEMENT_3D('',#12558,#10052,#10053);
#8505=AXIS2_PLACEMENT_3D('',#12560,#10055,#10056);
#8506=AXIS2_PLACEMENT_3D('',#12562,#10058,#10059);
#8507=AXIS2_PLACEMENT_3D('',#12564,#10061,#10062);
#8508=AXIS2_PLACEMENT_3D('',#12566,#10064,#10065);
#8509=AXIS2_PLACEMENT_3D('',#12568,#10067,#10068);
#8510=AXIS2_PLACEMENT_3D('',#12570,#10070,#10071);
#8511=AXIS2_PLACEMENT_3D('',#12572,#10073,#10074);
#8512=AXIS2_PLACEMENT_3D('',#12574,#10076,#10077);
#8513=AXIS2_PLACEMENT_3D('',#12576,#10079,#10080);
#8514=AXIS2_PLACEMENT_3D('',#12578,#10082,#10083);
#8515=AXIS2_PLACEMENT_3D('',#12580,#10084,#10085);
#8516=AXIS2_PLACEMENT_3D('',#12587,#10089,#10090);
#8517=AXIS2_PLACEMENT_3D('',#12588,#10091,#10092);
#8518=AXIS2_PLACEMENT_3D('',#12591,#10095,#10096);
#8519=AXIS2_PLACEMENT_3D('',#12593,#10098,#10099);
#8520=AXIS2_PLACEMENT_3D('',#12595,#10101,#10102);
#8521=AXIS2_PLACEMENT_3D('',#12596,#10103,#10104);
#8522=AXIS2_PLACEMENT_3D('',#12597,#10105,#10106);
#8523=AXIS2_PLACEMENT_3D('',#12598,#10107,#10108);
#8524=AXIS2_PLACEMENT_3D('',#12607,#10114,#10115);
#8525=AXIS2_PLACEMENT_3D('',#12609,#10117,#10118);
#8526=AXIS2_PLACEMENT_3D('',#12611,#10119,#10120);
#8527=AXIS2_PLACEMENT_3D('',#12613,#10121,#10122);
#8528=AXIS2_PLACEMENT_3D('',#12615,#10124,#10125);
#8529=AXIS2_PLACEMENT_3D('',#12619,#10128,#10129);
#8530=AXIS2_PLACEMENT_3D('',#12621,#10131,#10132);
#8531=AXIS2_PLACEMENT_3D('',#12625,#10135,#10136);
#8532=AXIS2_PLACEMENT_3D('',#12634,#10141,#10142);
#8533=AXIS2_PLACEMENT_3D('',#12643,#10147,#10148);
#8534=AXIS2_PLACEMENT_3D('',#12646,#10151,#10152);
#8535=AXIS2_PLACEMENT_3D('',#12647,#10153,#10154);
#8536=AXIS2_PLACEMENT_3D('',#12649,#10156,#10157);
#8537=AXIS2_PLACEMENT_3D('',#12650,#10158,#10159);
#8538=AXIS2_PLACEMENT_3D('',#12651,#10160,#10161);
#8539=AXIS2_PLACEMENT_3D('',#12652,#10162,#10163);
#8540=AXIS2_PLACEMENT_3D('',#12653,#10164,#10165);
#8541=AXIS2_PLACEMENT_3D('',#12655,#10167,#10168);
#8542=AXIS2_PLACEMENT_3D('',#12656,#10169,#10170);
#8543=AXIS2_PLACEMENT_3D('',#12657,#10171,#10172);
#8544=AXIS2_PLACEMENT_3D('',#12658,#10173,#10174);
#8545=AXIS2_PLACEMENT_3D('',#12663,#10177,#10178);
#8546=AXIS2_PLACEMENT_3D('',#12664,#10179,#10180);
#8547=AXIS2_PLACEMENT_3D('',#12671,#10185,#10186);
#8548=AXIS2_PLACEMENT_3D('',#12675,#10189,#10190);
#8549=AXIS2_PLACEMENT_3D('',#12678,#10193,#10194);
#8550=AXIS2_PLACEMENT_3D('',#12679,#10195,#10196);
#8551=AXIS2_PLACEMENT_3D('',#12680,#10197,#10198);
#8552=AXIS2_PLACEMENT_3D('',#12682,#10200,#10201);
#8553=AXIS2_PLACEMENT_3D('',#12683,#10202,#10203);
#8554=AXIS2_PLACEMENT_3D('',#12685,#10204,#10205);
#8555=AXIS2_PLACEMENT_3D('',#12687,#10206,#10207);
#8556=AXIS2_PLACEMENT_3D('',#12689,#10209,#10210);
#8557=AXIS2_PLACEMENT_3D('',#12696,#10214,#10215);
#8558=AXIS2_PLACEMENT_3D('',#12697,#10216,#10217);
#8559=AXIS2_PLACEMENT_3D('',#12701,#10220,#10221);
#8560=AXIS2_PLACEMENT_3D('',#12703,#10223,#10224);
#8561=AXIS2_PLACEMENT_3D('',#12704,#10225,#10226);
#8562=AXIS2_PLACEMENT_3D('',#12705,#10227,#10228);
#8563=AXIS2_PLACEMENT_3D('',#12707,#10230,#10231);
#8564=AXIS2_PLACEMENT_3D('',#12709,#10233,#10234);
#8565=AXIS2_PLACEMENT_3D('',#12711,#10236,#10237);
#8566=AXIS2_PLACEMENT_3D('',#12712,#10238,#10239);
#8567=AXIS2_PLACEMENT_3D('',#12714,#10240,#10241);
#8568=AXIS2_PLACEMENT_3D('',#12716,#10242,#10243);
#8569=AXIS2_PLACEMENT_3D('',#12718,#10244,#10245);
#8570=AXIS2_PLACEMENT_3D('',#12719,#10246,#10247);
#8571=AXIS2_PLACEMENT_3D('',#12720,#10248,#10249);
#8572=AXIS2_PLACEMENT_3D('',#12723,#10251,#10252);
#8573=AXIS2_PLACEMENT_3D('',#12724,#10253,#10254);
#8574=AXIS2_PLACEMENT_3D('',#12725,#10255,#10256);
#8575=AXIS2_PLACEMENT_3D('',#12727,#10257,#10258);
#8576=AXIS2_PLACEMENT_3D('',#12728,#10259,#10260);
#8577=AXIS2_PLACEMENT_3D('',#12737,#10265,#10266);
#8578=AXIS2_PLACEMENT_3D('',#12746,#10271,#10272);
#8579=AXIS2_PLACEMENT_3D('',#12752,#10276,#10277);
#8580=AXIS2_PLACEMENT_3D('',#12758,#10281,#10282);
#8581=AXIS2_PLACEMENT_3D('',#12760,#10283,#10284);
#8582=AXIS2_PLACEMENT_3D('',#12761,#10285,#10286);
#8583=AXIS2_PLACEMENT_3D('',#12791,#10302,#10303);
#8584=AXIS2_PLACEMENT_3D('',#12794,#10304,#10305);
#8585=AXIS2_PLACEMENT_3D('',#12806,#10311,#10312);
#8586=AXIS2_PLACEMENT_3D('',#12810,#10314,#10315);
#8587=AXIS2_PLACEMENT_3D('',#12822,#10321,#10322);
#8588=AXIS2_PLACEMENT_3D('',#12825,#10324,#10325);
#8589=AXIS2_PLACEMENT_3D('',#12851,#10338,#10339);
#8590=AXIS2_PLACEMENT_3D('',#12861,#10344,#10345);
#8591=AXIS2_PLACEMENT_3D('',#12870,#10350,#10351);
#8592=AXIS2_PLACEMENT_3D('',#12872,#10352,#10353);
#8593=AXIS2_PLACEMENT_3D('',#12875,#10355,#10356);
#8594=AXIS2_PLACEMENT_3D('',#12876,#10357,#10358);
#8595=AXIS2_PLACEMENT_3D('',#12877,#10359,#10360);
#8596=AXIS2_PLACEMENT_3D('',#12886,#10365,#10366);
#8597=AXIS2_PLACEMENT_3D('',#12889,#10369,#10370);
#8598=AXIS2_PLACEMENT_3D('',#12891,#10372,#10373);
#8599=AXIS2_PLACEMENT_3D('',#12893,#10375,#10376);
#8600=AXIS2_PLACEMENT_3D('',#12894,#10377,#10378);
#8601=AXIS2_PLACEMENT_3D('',#12896,#10379,#10380);
#8602=AXIS2_PLACEMENT_3D('',#12898,#10381,#10382);
#8603=AXIS2_PLACEMENT_3D('',#12900,#10383,#10384);
#8604=AXIS2_PLACEMENT_3D('',#12901,#10385,#10386);
#8605=AXIS2_PLACEMENT_3D('',#12902,#10387,#10388);
#8606=AXIS2_PLACEMENT_3D('',#12904,#10390,#10391);
#8607=AXIS2_PLACEMENT_3D('',#12905,#10392,#10393);
#8608=AXIS2_PLACEMENT_3D('',#12907,#10394,#10395);
#8609=AXIS2_PLACEMENT_3D('',#12908,#10396,#10397);
#8610=AXIS2_PLACEMENT_3D('',#12910,#10398,#10399);
#8611=AXIS2_PLACEMENT_3D('',#12912,#10400,#10401);
#8612=AXIS2_PLACEMENT_3D('',#12914,#10402,#10403);
#8613=AXIS2_PLACEMENT_3D('',#12915,#10404,#10405);
#8614=AXIS2_PLACEMENT_3D('',#12916,#10406,#10407);
#8615=AXIS2_PLACEMENT_3D('',#12919,#10409,#10410);
#8616=AXIS2_PLACEMENT_3D('',#12920,#10411,#10412);
#8617=AXIS2_PLACEMENT_3D('',#12921,#10413,#10414);
#8618=AXIS2_PLACEMENT_3D('',#12930,#10419,#10420);
#8619=AXIS2_PLACEMENT_3D('',#12939,#10425,#10426);
#8620=AXIS2_PLACEMENT_3D('',#12942,#10429,#10430);
#8621=AXIS2_PLACEMENT_3D('',#12948,#10433,#10434);
#8622=AXIS2_PLACEMENT_3D('',#12954,#10438,#10439);
#8623=AXIS2_PLACEMENT_3D('',#12958,#10442,#10443);
#8624=AXIS2_PLACEMENT_3D('',#12960,#10444,#10445);
#8625=AXIS2_PLACEMENT_3D('',#12962,#10446,#10447);
#8626=AXIS2_PLACEMENT_3D('',#12964,#10448,#10449);
#8627=AXIS2_PLACEMENT_3D('',#12965,#10450,#10451);
#8628=AXIS2_PLACEMENT_3D('',#12966,#10452,#10453);
#8629=AXIS2_PLACEMENT_3D('',#12969,#10455,#10456);
#8630=AXIS2_PLACEMENT_3D('',#12970,#10457,#10458);
#8631=AXIS2_PLACEMENT_3D('',#12971,#10459,#10460);
#8632=AXIS2_PLACEMENT_3D('',#12980,#10465,#10466);
#8633=AXIS2_PLACEMENT_3D('',#12989,#10471,#10472);
#8634=AXIS2_PLACEMENT_3D('',#12992,#10475,#10476);
#8635=AXIS2_PLACEMENT_3D('',#12998,#10479,#10480);
#8636=AXIS2_PLACEMENT_3D('',#13004,#10484,#10485);
#8637=AXIS2_PLACEMENT_3D('',#13008,#10488,#10489);
#8638=AXIS2_PLACEMENT_3D('',#13010,#10490,#10491);
#8639=AXIS2_PLACEMENT_3D('',#13012,#10492,#10493);
#8640=AXIS2_PLACEMENT_3D('',#13014,#10494,#10495);
#8641=AXIS2_PLACEMENT_3D('',#13015,#10496,#10497);
#8642=AXIS2_PLACEMENT_3D('',#13016,#10498,#10499);
#8643=AXIS2_PLACEMENT_3D('',#13019,#10501,#10502);
#8644=AXIS2_PLACEMENT_3D('',#13020,#10503,#10504);
#8645=AXIS2_PLACEMENT_3D('',#13021,#10505,#10506);
#8646=AXIS2_PLACEMENT_3D('',#13030,#10511,#10512);
#8647=AXIS2_PLACEMENT_3D('',#13039,#10517,#10518);
#8648=AXIS2_PLACEMENT_3D('',#13042,#10521,#10522);
#8649=AXIS2_PLACEMENT_3D('',#13048,#10525,#10526);
#8650=AXIS2_PLACEMENT_3D('',#13054,#10530,#10531);
#8651=AXIS2_PLACEMENT_3D('',#13058,#10534,#10535);
#8652=AXIS2_PLACEMENT_3D('',#13060,#10536,#10537);
#8653=AXIS2_PLACEMENT_3D('',#13062,#10538,#10539);
#8654=AXIS2_PLACEMENT_3D('',#13064,#10540,#10541);
#8655=AXIS2_PLACEMENT_3D('',#13065,#10542,#10543);
#8656=AXIS2_PLACEMENT_3D('',#13066,#10544,#10545);
#8657=AXIS2_PLACEMENT_3D('',#13069,#10547,#10548);
#8658=AXIS2_PLACEMENT_3D('',#13070,#10549,#10550);
#8659=AXIS2_PLACEMENT_3D('',#13071,#10551,#10552);
#8660=AXIS2_PLACEMENT_3D('',#13080,#10557,#10558);
#8661=AXIS2_PLACEMENT_3D('',#13089,#10563,#10564);
#8662=AXIS2_PLACEMENT_3D('',#13092,#10567,#10568);
#8663=AXIS2_PLACEMENT_3D('',#13098,#10571,#10572);
#8664=AXIS2_PLACEMENT_3D('',#13104,#10576,#10577);
#8665=AXIS2_PLACEMENT_3D('',#13108,#10580,#10581);
#8666=AXIS2_PLACEMENT_3D('',#13110,#10582,#10583);
#8667=AXIS2_PLACEMENT_3D('',#13112,#10584,#10585);
#8668=AXIS2_PLACEMENT_3D('',#13114,#10586,#10587);
#8669=AXIS2_PLACEMENT_3D('',#13115,#10588,#10589);
#8670=AXIS2_PLACEMENT_3D('',#13116,#10590,#10591);
#8671=AXIS2_PLACEMENT_3D('',#13119,#10593,#10594);
#8672=AXIS2_PLACEMENT_3D('',#13120,#10595,#10596);
#8673=AXIS2_PLACEMENT_3D('',#13121,#10597,#10598);
#8674=AXIS2_PLACEMENT_3D('',#13130,#10603,#10604);
#8675=AXIS2_PLACEMENT_3D('',#13139,#10609,#10610);
#8676=AXIS2_PLACEMENT_3D('',#13142,#10613,#10614);
#8677=AXIS2_PLACEMENT_3D('',#13148,#10617,#10618);
#8678=AXIS2_PLACEMENT_3D('',#13154,#10622,#10623);
#8679=AXIS2_PLACEMENT_3D('',#13158,#10626,#10627);
#8680=AXIS2_PLACEMENT_3D('',#13161,#10628,#10629);
#8681=AXIS2_PLACEMENT_3D('',#13165,#10631,#10632);
#8682=AXIS2_PLACEMENT_3D('',#13167,#10634,#10635);
#8683=AXIS2_PLACEMENT_3D('',#13174,#10640,#10641);
#8684=AXIS2_PLACEMENT_3D('',#13203,#10659,#10660);
#8685=AXIS2_PLACEMENT_3D('',#13206,#10662,#10663);
#8686=AXIS2_PLACEMENT_3D('',#13207,#10664,#10665);
#8687=AXIS2_PLACEMENT_3D('',#13210,#10667,#10668);
#8688=AXIS2_PLACEMENT_3D('',#13211,#10669,#10670);
#8689=AXIS2_PLACEMENT_3D('',#13214,#10672,#10673);
#8690=AXIS2_PLACEMENT_3D('',#13215,#10674,#10675);
#8691=AXIS2_PLACEMENT_3D('',#13218,#10677,#10678);
#8692=AXIS2_PLACEMENT_3D('',#13219,#10679,#10680);
#8693=AXIS2_PLACEMENT_3D('',#13221,#10681,#10682);
#8694=AXIS2_PLACEMENT_3D('',#13223,#10684,#10685);
#8695=AXIS2_PLACEMENT_3D('',#13225,#10687,#10688);
#8696=AXIS2_PLACEMENT_3D('',#13229,#10691,#10692);
#8697=AXIS2_PLACEMENT_3D('',#13233,#10695,#10696);
#8698=AXIS2_PLACEMENT_3D('',#13236,#10699,#10700);
#8699=AXIS2_PLACEMENT_3D('',#13240,#10703,#10704);
#8700=AXIS2_PLACEMENT_3D('',#13243,#10707,#10708);
#8701=AXIS2_PLACEMENT_3D('',#13248,#10712,#10713);
#8702=AXIS2_PLACEMENT_3D('',#13250,#10715,#10716);
#8703=AXIS2_PLACEMENT_3D('',#13251,#10717,#10718);
#8704=AXIS2_PLACEMENT_3D('',#13256,#10722,#10723);
#8705=AXIS2_PLACEMENT_3D('',#13258,#10725,#10726);
#8706=AXIS2_PLACEMENT_3D('',#13259,#10727,#10728);
#8707=AXIS2_PLACEMENT_3D('',#13260,#10729,#10730);
#8708=AXIS2_PLACEMENT_3D('',#13265,#10734,#10735);
#8709=AXIS2_PLACEMENT_3D('',#13267,#10737,#10738);
#8710=AXIS2_PLACEMENT_3D('',#13268,#10739,#10740);
#8711=AXIS2_PLACEMENT_3D('',#13269,#10741,#10742);
#8712=AXIS2_PLACEMENT_3D('',#13271,#10744,#10745);
#8713=AXIS2_PLACEMENT_3D('',#13273,#10747,#10748);
#8714=AXIS2_PLACEMENT_3D('',#13284,#10755,#10756);
#8715=AXIS2_PLACEMENT_3D('',#13286,#10757,#10758);
#8716=AXIS2_PLACEMENT_3D('',#13288,#10759,#10760);
#8717=AXIS2_PLACEMENT_3D('',#13290,#10761,#10762);
#8718=AXIS2_PLACEMENT_3D('',#13291,#10763,#10764);
#8719=AXIS2_PLACEMENT_3D('',#13292,#10765,#10766);
#8720=AXIS2_PLACEMENT_3D('',#13294,#10768,#10769);
#8721=AXIS2_PLACEMENT_3D('',#13295,#10770,#10771);
#8722=AXIS2_PLACEMENT_3D('',#13297,#10772,#10773);
#8723=AXIS2_PLACEMENT_3D('',#13299,#10774,#10775);
#8724=AXIS2_PLACEMENT_3D('',#13301,#10776,#10777);
#8725=AXIS2_PLACEMENT_3D('',#13302,#10778,#10779);
#8726=AXIS2_PLACEMENT_3D('',#13303,#10780,#10781);
#8727=AXIS2_PLACEMENT_3D('',#13305,#10783,#10784);
#8728=AXIS2_PLACEMENT_3D('',#13306,#10785,#10786);
#8729=AXIS2_PLACEMENT_3D('',#13308,#10787,#10788);
#8730=AXIS2_PLACEMENT_3D('',#13310,#10789,#10790);
#8731=AXIS2_PLACEMENT_3D('',#13312,#10791,#10792);
#8732=AXIS2_PLACEMENT_3D('',#13313,#10793,#10794);
#8733=AXIS2_PLACEMENT_3D('',#13314,#10795,#10796);
#8734=AXIS2_PLACEMENT_3D('',#13316,#10798,#10799);
#8735=AXIS2_PLACEMENT_3D('',#13317,#10800,#10801);
#8736=AXIS2_PLACEMENT_3D('',#13326,#10806,#10807);
#8737=AXIS2_PLACEMENT_3D('',#13332,#10811,#10812);
#8738=AXIS2_PLACEMENT_3D('',#13335,#10815,#10816);
#8739=AXIS2_PLACEMENT_3D('',#13338,#10819,#10820);
#8740=AXIS2_PLACEMENT_3D('',#13339,#10821,#10822);
#8741=AXIS2_PLACEMENT_3D('',#13340,#10823,#10824);
#8742=AXIS2_PLACEMENT_3D('',#13349,#10829,#10830);
#8743=AXIS2_PLACEMENT_3D('',#13352,#10833,#10834);
#8744=AXIS2_PLACEMENT_3D('',#13354,#10836,#10837);
#8745=AXIS2_PLACEMENT_3D('',#13356,#10839,#10840);
#8746=AXIS2_PLACEMENT_3D('',#13357,#10841,#10842);
#8747=AXIS2_PLACEMENT_3D('',#13363,#10846,#10847);
#8748=AXIS2_PLACEMENT_3D('',#13369,#10851,#10852);
#8749=AXIS2_PLACEMENT_3D('',#13375,#10856,#10857);
#8750=AXIS2_PLACEMENT_3D('',#13381,#10861,#10862);
#8751=AXIS2_PLACEMENT_3D('',#13387,#10866,#10867);
#8752=AXIS2_PLACEMENT_3D('',#13393,#10871,#10872);
#8753=AXIS2_PLACEMENT_3D('',#13396,#10875,#10876);
#8754=AXIS2_PLACEMENT_3D('',#13398,#10878,#10879);
#8755=AXIS2_PLACEMENT_3D('',#13400,#10881,#10882);
#8756=AXIS2_PLACEMENT_3D('',#13402,#10884,#10885);
#8757=AXIS2_PLACEMENT_3D('',#13404,#10887,#10888);
#8758=AXIS2_PLACEMENT_3D('',#13405,#10889,#10890);
#8759=AXIS2_PLACEMENT_3D('',#13406,#10891,#10892);
#8760=AXIS2_PLACEMENT_3D('',#13408,#10894,#10895);
#8761=AXIS2_PLACEMENT_3D('',#13410,#10897,#10898);
#8762=AXIS2_PLACEMENT_3D('',#13411,#10899,#10900);
#8763=AXIS2_PLACEMENT_3D('',#13413,#10902,#10903);
#8764=AXIS2_PLACEMENT_3D('',#13422,#10908,#10909);
#8765=AXIS2_PLACEMENT_3D('',#13428,#10913,#10914);
#8766=AXIS2_PLACEMENT_3D('',#13431,#10917,#10918);
#8767=AXIS2_PLACEMENT_3D('',#13434,#10921,#10922);
#8768=AXIS2_PLACEMENT_3D('',#13435,#10923,#10924);
#8769=AXIS2_PLACEMENT_3D('',#13436,#10925,#10926);
#8770=AXIS2_PLACEMENT_3D('',#13439,#10927,#10928);
#8771=AXIS2_PLACEMENT_3D('',#13442,#10931,#10932);
#8772=AXIS2_PLACEMENT_3D('',#13446,#10935,#10936);
#8773=AXIS2_PLACEMENT_3D('',#13452,#10939,#10940);
#8774=AXIS2_PLACEMENT_3D('',#13456,#10942,#10943);
#8775=AXIS2_PLACEMENT_3D('',#13461,#10946,#10947);
#8776=AXIS2_PLACEMENT_3D('',#13462,#10948,#10949);
#8777=AXIS2_PLACEMENT_3D('',#13466,#10951,#10952);
#8778=AXIS2_PLACEMENT_3D('',#13468,#10954,#10955);
#8779=AXIS2_PLACEMENT_3D('',#13472,#10957,#10958);
#8780=AXIS2_PLACEMENT_3D('',#13478,#10961,#10962);
#8781=AXIS2_PLACEMENT_3D('',#13482,#10964,#10965);
#8782=AXIS2_PLACEMENT_3D('',#13486,#10968,#10969);
#8783=AXIS2_PLACEMENT_3D('',#13488,#10971,#10972);
#8784=AXIS2_PLACEMENT_3D('',#13490,#10974,#10975);
#8785=AXIS2_PLACEMENT_3D('',#13492,#10977,#10978);
#8786=AXIS2_PLACEMENT_3D('',#13494,#10980,#10981);
#8787=AXIS2_PLACEMENT_3D('',#13496,#10983,#10984);
#8788=AXIS2_PLACEMENT_3D('',#13498,#10986,#10987);
#8789=AXIS2_PLACEMENT_3D('',#13500,#10989,#10990);
#8790=AXIS2_PLACEMENT_3D('',#13511,#10997,#10998);
#8791=AXIS2_PLACEMENT_3D('',#13513,#10999,#11000);
#8792=AXIS2_PLACEMENT_3D('',#13515,#11002,#11003);
#8793=AXIS2_PLACEMENT_3D('',#13519,#11006,#11007);
#8794=AXIS2_PLACEMENT_3D('',#13520,#11008,#11009);
#8795=AXIS2_PLACEMENT_3D('',#13521,#11010,#11011);
#8796=AXIS2_PLACEMENT_3D('',#13525,#11013,#11014);
#8797=AXIS2_PLACEMENT_3D('',#13527,#11016,#11017);
#8798=AXIS2_PLACEMENT_3D('',#13531,#11020,#11021);
#8799=AXIS2_PLACEMENT_3D('',#13533,#11022,#11023);
#8800=AXIS2_PLACEMENT_3D('',#13535,#11025,#11026);
#8801=AXIS2_PLACEMENT_3D('',#13536,#11027,#11028);
#8802=AXIS2_PLACEMENT_3D('',#13538,#11030,#11031);
#8803=AXIS2_PLACEMENT_3D('',#13544,#11035,#11036);
#8804=AXIS2_PLACEMENT_3D('',#13546,#11038,#11039);
#8805=AXIS2_PLACEMENT_3D('',#13548,#11041,#11042);
#8806=DIRECTION('axis',(0.,0.,1.));
#8807=DIRECTION('refdir',(1.,0.,0.));
#8808=DIRECTION('center_axis',(1.,0.,0.));
#8809=DIRECTION('ref_axis',(0.,-1.,0.));
#8810=DIRECTION('center_axis',(-1.,0.,0.));
#8811=DIRECTION('ref_axis',(0.,-1.,0.));
#8812=DIRECTION('',(1.,0.,0.));
#8813=DIRECTION('center_axis',(1.,0.,0.));
#8814=DIRECTION('ref_axis',(0.,-1.,0.));
#8815=DIRECTION('',(1.,0.,0.));
#8816=DIRECTION('center_axis',(0.,1.,0.));
#8817=DIRECTION('ref_axis',(0.,0.,1.));
#8818=DIRECTION('',(0.,0.,-1.));
#8819=DIRECTION('',(0.,0.,1.));
#8820=DIRECTION('',(-1.,0.,0.));
#8821=DIRECTION('center_axis',(0.,-1.,0.));
#8822=DIRECTION('ref_axis',(0.,0.,-1.));
#8823=DIRECTION('',(0.,0.,1.));
#8824=DIRECTION('',(1.,0.,0.));
#8825=DIRECTION('',(0.,0.,-1.));
#8826=DIRECTION('center_axis',(1.,0.,0.));
#8827=DIRECTION('ref_axis',(0.,0.,-1.));
#8828=DIRECTION('',(0.,1.,0.));
#8829=DIRECTION('center_axis',(-1.,0.,0.));
#8830=DIRECTION('ref_axis',(0.,0.707106781186546,-0.707106781186549));
#8831=DIRECTION('',(0.,0.,-1.));
#8832=DIRECTION('center_axis',(-1.,0.,0.));
#8833=DIRECTION('ref_axis',(0.,0.707106781186546,0.707106781186549));
#8834=DIRECTION('',(0.,1.,0.));
#8835=DIRECTION('',(0.,0.,1.));
#8836=DIRECTION('',(0.,-0.707106781186546,0.707106781186549));
#8837=DIRECTION('',(0.,1.,0.));
#8838=DIRECTION('center_axis',(0.,0.,-1.));
#8839=DIRECTION('ref_axis',(-1.,0.,0.));
#8840=DIRECTION('',(0.,-1.,0.));
#8841=DIRECTION('',(-1.,0.,0.));
#8842=DIRECTION('center_axis',(1.,0.,0.));
#8843=DIRECTION('ref_axis',(0.,0.,-1.));
#8844=DIRECTION('center_axis',(1.,0.,0.));
#8845=DIRECTION('ref_axis',(0.,-0.707106781186546,-0.707106781186549));
#8846=DIRECTION('',(0.,0.,-1.));
#8847=DIRECTION('',(0.,1.,0.));
#8848=DIRECTION('',(0.,0.,1.));
#8849=DIRECTION('center_axis',(1.,0.,0.));
#8850=DIRECTION('ref_axis',(0.,0.,-1.));
#8851=DIRECTION('',(0.,0.,1.));
#8852=DIRECTION('center_axis',(-1.,0.,0.));
#8853=DIRECTION('ref_axis',(0.,-0.707106781186549,-0.707106781186546));
#8854=DIRECTION('',(0.,1.,0.));
#8855=DIRECTION('center_axis',(1.,0.,0.));
#8856=DIRECTION('ref_axis',(0.,-1.11022302462516E-15,-1.));
#8857=DIRECTION('',(0.,0.786318228463479,0.617821692388715));
#8858=DIRECTION('center_axis',(-1.,0.,0.));
#8859=DIRECTION('ref_axis',(0.,0.,1.));
#8860=DIRECTION('',(0.,1.,0.));
#8861=DIRECTION('',(0.,0.,-1.));
#8862=DIRECTION('',(0.,-1.,0.));
#8863=DIRECTION('center_axis',(1.,0.,0.));
#8864=DIRECTION('ref_axis',(0.,0.,1.));
#8865=DIRECTION('',(0.,-0.786318228463479,-0.617821692388715));
#8866=DIRECTION('center_axis',(-1.,0.,0.));
#8867=DIRECTION('ref_axis',(0.,-1.66533453693774E-15,-1.));
#8868=DIRECTION('',(0.,1.,0.));
#8869=DIRECTION('center_axis',(1.,0.,0.));
#8870=DIRECTION('ref_axis',(0.,-0.707106781186546,-0.707106781186549));
#8871=DIRECTION('center_axis',(0.,-1.,0.));
#8872=DIRECTION('ref_axis',(-1.,0.,0.));
#8873=DIRECTION('center_axis',(0.,1.,0.));
#8874=DIRECTION('ref_axis',(-1.,0.,0.));
#8875=DIRECTION('',(0.,-1.,0.));
#8876=DIRECTION('center_axis',(0.,-1.,0.));
#8877=DIRECTION('ref_axis',(-1.,0.,0.));
#8878=DIRECTION('',(0.,-1.,0.));
#8879=DIRECTION('center_axis',(1.,0.,0.));
#8880=DIRECTION('ref_axis',(0.,0.,1.));
#8881=DIRECTION('',(0.,0.,-1.));
#8882=DIRECTION('',(0.,0.,1.));
#8883=DIRECTION('',(0.,1.,0.));
#8884=DIRECTION('center_axis',(-1.,0.,0.));
#8885=DIRECTION('ref_axis',(0.,0.,-1.));
#8886=DIRECTION('',(0.,0.,1.));
#8887=DIRECTION('',(0.,-1.,0.));
#8888=DIRECTION('',(0.,0.,-1.));
#8889=DIRECTION('center_axis',(0.,1.,0.));
#8890=DIRECTION('ref_axis',(1.,0.,0.));
#8891=DIRECTION('',(-1.,0.,0.));
#8892=DIRECTION('',(-1.,0.,0.));
#8893=DIRECTION('',(0.,0.,-1.));
#8894=DIRECTION('',(1.,0.,0.));
#8895=DIRECTION('',(0.,0.,1.));
#8896=DIRECTION('center_axis',(0.,1.,0.));
#8897=DIRECTION('ref_axis',(-0.707106781186549,0.,-0.707106781186546));
#8898=DIRECTION('',(-1.,0.,0.));
#8899=DIRECTION('center_axis',(0.,0.,-1.));
#8900=DIRECTION('ref_axis',(-1.,0.,0.));
#8901=DIRECTION('',(-1.,0.,0.));
#8902=DIRECTION('center_axis',(0.,1.,0.));
#8903=DIRECTION('ref_axis',(-0.707106781186549,0.,-0.707106781186546));
#8904=DIRECTION('center_axis',(0.,-1.,0.));
#8905=DIRECTION('ref_axis',(-0.707106781186549,0.,-0.707106781186546));
#8906=DIRECTION('',(0.,-1.,0.));
#8907=DIRECTION('',(0.,1.,0.));
#8908=DIRECTION('center_axis',(0.,0.,-1.));
#8909=DIRECTION('ref_axis',(-1.,0.,0.));
#8910=DIRECTION('',(-1.,0.,0.));
#8911=DIRECTION('center_axis',(0.,1.,0.));
#8912=DIRECTION('ref_axis',(0.,0.,1.));
#8913=DIRECTION('',(0.,0.,1.));
#8914=DIRECTION('',(1.,0.,0.));
#8915=DIRECTION('',(0.,0.,1.));
#8916=DIRECTION('',(1.,0.,0.));
#8917=DIRECTION('center_axis',(0.,-1.,0.));
#8918=DIRECTION('ref_axis',(-1.,0.,0.));
#8919=DIRECTION('center_axis',(0.,-1.,0.));
#8920=DIRECTION('ref_axis',(-1.,0.,0.));
#8921=DIRECTION('center_axis',(-1.,0.,0.));
#8922=DIRECTION('ref_axis',(0.,0.707106781186546,-0.707106781186549));
#8923=DIRECTION('center_axis',(1.,0.,0.));
#8924=DIRECTION('ref_axis',(0.,0.707106781186546,-0.707106781186549));
#8925=DIRECTION('',(1.,0.,0.));
#8926=DIRECTION('center_axis',(0.,0.,-1.));
#8927=DIRECTION('ref_axis',(-1.,0.,0.));
#8928=DIRECTION('',(1.,0.,0.));
#8929=DIRECTION('',(0.,-1.,0.));
#8930=DIRECTION('center_axis',(1.,0.,0.));
#8931=DIRECTION('ref_axis',(0.,0.707106781186546,0.707106781186549));
#8932=DIRECTION('',(-1.,0.,0.));
#8933=DIRECTION('center_axis',(1.,0.,0.));
#8934=DIRECTION('ref_axis',(0.,0.707106781186546,0.707106781186549));
#8935=DIRECTION('',(1.,0.,0.));
#8936=DIRECTION('center_axis',(0.,0.,1.));
#8937=DIRECTION('ref_axis',(1.,0.,0.));
#8938=DIRECTION('',(0.,-1.,0.));
#8939=DIRECTION('center_axis',(0.,0.,1.));
#8940=DIRECTION('ref_axis',(0.707106781186546,-0.707106781186549,0.));
#8941=DIRECTION('',(0.,1.,0.));
#8942=DIRECTION('center_axis',(0.,0.,-1.));
#8943=DIRECTION('ref_axis',(0.707106781186548,-0.707106781186547,0.));
#8944=DIRECTION('center_axis',(1.,0.,0.));
#8945=DIRECTION('ref_axis',(0.,1.,0.));
#8946=DIRECTION('',(0.,0.707106781186546,-0.707106781186549));
#8947=DIRECTION('',(0.,0.,-1.));
#8948=DIRECTION('',(0.,0.,1.));
#8949=DIRECTION('center_axis',(0.,1.,0.));
#8950=DIRECTION('ref_axis',(-1.,0.,0.));
#8951=DIRECTION('center_axis',(0.,1.,0.));
#8952=DIRECTION('ref_axis',(-1.,0.,0.));
#8953=DIRECTION('',(0.,-1.,0.));
#8954=DIRECTION('center_axis',(0.,1.,0.));
#8955=DIRECTION('ref_axis',(-1.,0.,0.));
#8956=DIRECTION('center_axis',(0.,1.,0.));
#8957=DIRECTION('ref_axis',(-1.,0.,0.));
#8958=DIRECTION('center_axis',(0.,1.,0.));
#8959=DIRECTION('ref_axis',(-1.,0.,0.));
#8960=DIRECTION('',(0.,-1.,0.));
#8961=DIRECTION('center_axis',(0.,1.,0.));
#8962=DIRECTION('ref_axis',(-1.,0.,0.));
#8963=DIRECTION('center_axis',(0.,-0.707106781186549,-0.707106781186546));
#8964=DIRECTION('ref_axis',(-1.,0.,0.));
#8965=DIRECTION('',(-1.,0.,0.));
#8966=DIRECTION('center_axis',(-1.,0.,0.));
#8967=DIRECTION('ref_axis',(0.,-0.707106781186546,-0.707106781186549));
#8968=DIRECTION('center_axis',(-1.,0.,0.));
#8969=DIRECTION('ref_axis',(0.,-0.707106781186546,-0.707106781186549));
#8970=DIRECTION('',(1.,0.,0.));
#8971=DIRECTION('center_axis',(0.,0.,-1.));
#8972=DIRECTION('ref_axis',(-1.,0.,0.));
#8973=DIRECTION('',(1.,0.,0.));
#8974=DIRECTION('',(0.,-1.,0.));
#8975=DIRECTION('center_axis',(-1.,0.,0.));
#8976=DIRECTION('ref_axis',(0.,-0.707106781186549,-0.707106781186546));
#8977=DIRECTION('center_axis',(1.,0.,0.));
#8978=DIRECTION('ref_axis',(0.,-0.707106781186549,-0.707106781186546));
#8979=DIRECTION('',(-1.,0.,0.));
#8980=DIRECTION('center_axis',(0.,0.,1.));
#8981=DIRECTION('ref_axis',(0.,1.,0.));
#8982=DIRECTION('center_axis',(0.,0.,1.));
#8983=DIRECTION('ref_axis',(0.707106781186548,-0.707106781186547,0.));
#8984=DIRECTION('',(0.,-1.,0.));
#8985=DIRECTION('center_axis',(0.,0.,-1.));
#8986=DIRECTION('ref_axis',(0.707106781186546,-0.707106781186549,0.));
#8987=DIRECTION('center_axis',(0.,0.,-1.));
#8988=DIRECTION('ref_axis',(0.707106781186546,-0.707106781186549,0.));
#8989=DIRECTION('center_axis',(1.,0.,0.));
#8990=DIRECTION('ref_axis',(0.,0.,-1.));
#8991=DIRECTION('center_axis',(1.,0.,0.));
#8992=DIRECTION('ref_axis',(0.,-1.66533453693774E-15,-1.));
#8993=DIRECTION('',(0.,0.786318228463479,0.617821692388715));
#8994=DIRECTION('center_axis',(-1.,0.,0.));
#8995=DIRECTION('ref_axis',(0.,0.,1.));
#8996=DIRECTION('',(0.,1.,0.));
#8997=DIRECTION('',(0.,0.,1.));
#8998=DIRECTION('',(0.,-1.,0.));
#8999=DIRECTION('center_axis',(1.,0.,0.));
#9000=DIRECTION('ref_axis',(0.,0.,1.));
#9001=DIRECTION('',(0.,-0.786318228463479,-0.617821692388715));
#9002=DIRECTION('center_axis',(-1.,0.,0.));
#9003=DIRECTION('ref_axis',(0.,-1.11022302462516E-15,-1.));
#9004=DIRECTION('',(0.,-1.,0.));
#9005=DIRECTION('center_axis',(1.,0.,0.));
#9006=DIRECTION('ref_axis',(0.,0.,1.));
#9007=DIRECTION('',(-1.,0.,0.));
#9008=DIRECTION('',(1.,0.,0.));
#9009=DIRECTION('center_axis',(0.,0.617821692388715,-0.786318228463479));
#9010=DIRECTION('ref_axis',(0.,0.786318228463479,0.617821692388715));
#9011=DIRECTION('',(1.,0.,0.));
#9012=DIRECTION('center_axis',(1.,0.,0.));
#9013=DIRECTION('ref_axis',(0.,-1.66533453693774E-15,-1.));
#9014=DIRECTION('center_axis',(0.,0.,1.));
#9015=DIRECTION('ref_axis',(0.,-1.,0.));
#9016=DIRECTION('',(1.,0.,0.));
#9017=DIRECTION('center_axis',(1.,0.,0.));
#9018=DIRECTION('ref_axis',(0.,-1.11022302462516E-15,-1.));
#9019=DIRECTION('',(1.,0.,0.));
#9020=DIRECTION('center_axis',(0.,-0.617821692388715,0.786318228463479));
#9021=DIRECTION('ref_axis',(0.,-0.786318228463479,-0.617821692388715));
#9022=DIRECTION('',(1.,0.,0.));
#9023=DIRECTION('center_axis',(1.,0.,0.));
#9024=DIRECTION('ref_axis',(0.,0.,1.));
#9025=DIRECTION('',(1.,0.,0.));
#9026=DIRECTION('center_axis',(0.,0.,1.));
#9027=DIRECTION('ref_axis',(0.,-1.,0.));
#9028=DIRECTION('',(1.,0.,0.));
#9029=DIRECTION('center_axis',(0.,1.,0.));
#9030=DIRECTION('ref_axis',(0.,0.,1.));
#9031=DIRECTION('',(1.,0.,0.));
#9032=DIRECTION('center_axis',(0.,0.,-1.));
#9033=DIRECTION('ref_axis',(0.,1.,0.));
#9034=DIRECTION('center_axis',(0.,0.,-1.));
#9035=DIRECTION('ref_axis',(0.707106781186548,-0.707106781186547,0.));
#9036=DIRECTION('center_axis',(0.,1.,0.));
#9037=DIRECTION('ref_axis',(0.,0.,1.));
#9038=DIRECTION('center_axis',(-1.,0.,0.));
#9039=DIRECTION('ref_axis',(0.,0.,1.));
#9040=DIRECTION('center_axis',(0.,-1.,0.));
#9041=DIRECTION('ref_axis',(1.,0.,0.));
#9042=DIRECTION('center_axis',(0.,-1.,0.));
#9043=DIRECTION('ref_axis',(1.,0.,0.));
#9044=DIRECTION('',(0.,-1.,0.));
#9045=DIRECTION('center_axis',(0.,1.,0.));
#9046=DIRECTION('ref_axis',(1.,0.,0.));
#9047=DIRECTION('center_axis',(1.,0.,0.));
#9048=DIRECTION('ref_axis',(0.,-0.707106781186546,-0.707106781186549));
#9049=DIRECTION('center_axis',(-1.,0.,0.));
#9050=DIRECTION('ref_axis',(0.,-0.707106781186546,-0.707106781186549));
#9051=DIRECTION('',(-1.,0.,0.));
#9052=DIRECTION('center_axis',(1.,0.,0.));
#9053=DIRECTION('ref_axis',(0.,-0.707106781186546,-0.707106781186549));
#9054=DIRECTION('',(1.,0.,0.));
#9055=DIRECTION('center_axis',(1.,0.,0.));
#9056=DIRECTION('ref_axis',(0.,0.,-1.));
#9057=DIRECTION('',(0.,0.,-1.));
#9058=DIRECTION('',(0.,-1.,0.));
#9059=DIRECTION('',(0.,0.,-1.));
#9060=DIRECTION('center_axis',(-1.,0.,0.));
#9061=DIRECTION('ref_axis',(0.,-0.707106781186549,-0.707106781186546));
#9062=DIRECTION('',(0.,0.,-1.));
#9063=DIRECTION('center_axis',(0.,1.,0.));
#9064=DIRECTION('ref_axis',(1.,0.,0.));
#9065=DIRECTION('',(0.,0.,1.));
#9066=DIRECTION('',(1.,0.,0.));
#9067=DIRECTION('center_axis',(0.,1.,0.));
#9068=DIRECTION('ref_axis',(0.,0.,-1.));
#9069=DIRECTION('center_axis',(0.,1.,0.));
#9070=DIRECTION('ref_axis',(-0.707106781186548,0.,0.707106781186548));
#9071=DIRECTION('',(0.,0.,1.));
#9072=DIRECTION('',(-1.,0.,0.));
#9073=DIRECTION('',(0.,0.,-1.));
#9074=DIRECTION('center_axis',(0.,-1.,0.));
#9075=DIRECTION('ref_axis',(-0.707106781186548,0.,0.707106781186548));
#9076=DIRECTION('center_axis',(0.,-1.,0.));
#9077=DIRECTION('ref_axis',(-0.707106781186548,0.,0.707106781186548));
#9078=DIRECTION('',(0.,1.,0.));
#9079=DIRECTION('center_axis',(0.,1.,0.));
#9080=DIRECTION('ref_axis',(-0.707106781186548,0.,0.707106781186548));
#9081=DIRECTION('',(0.,-1.,0.));
#9082=DIRECTION('center_axis',(-1.,0.,0.));
#9083=DIRECTION('ref_axis',(0.,-1.,0.));
#9084=DIRECTION('',(0.,-1.,0.));
#9085=DIRECTION('',(0.,0.,1.));
#9086=DIRECTION('',(0.,1.,0.));
#9087=DIRECTION('',(0.,0.,-1.));
#9088=DIRECTION('',(0.,-1.,0.));
#9089=DIRECTION('',(0.,1.,0.));
#9090=DIRECTION('',(0.,0.,-1.));
#9091=DIRECTION('center_axis',(-1.,0.,0.));
#9092=DIRECTION('ref_axis',(0.,1.,2.22044604925031E-16));
#9093=DIRECTION('center_axis',(-1.,0.,0.));
#9094=DIRECTION('ref_axis',(0.,1.,2.22044604925031E-16));
#9095=DIRECTION('',(0.,0.,-1.));
#9096=DIRECTION('center_axis',(-1.,0.,0.));
#9097=DIRECTION('ref_axis',(0.,-1.,0.));
#9098=DIRECTION('',(0.,0.,-1.));
#9099=DIRECTION('center_axis',(-1.,0.,0.));
#9100=DIRECTION('ref_axis',(0.,1.,2.22044604925031E-16));
#9101=DIRECTION('center_axis',(-1.,0.,0.));
#9102=DIRECTION('ref_axis',(0.,1.,2.22044604925031E-16));
#9103=DIRECTION('',(0.,0.,-1.));
#9104=DIRECTION('center_axis',(-1.,0.,0.));
#9105=DIRECTION('ref_axis',(0.,-1.,0.));
#9106=DIRECTION('',(0.,0.,-1.));
#9107=DIRECTION('center_axis',(-1.,0.,0.));
#9108=DIRECTION('ref_axis',(0.,1.,2.22044604925031E-16));
#9109=DIRECTION('center_axis',(-1.,0.,0.));
#9110=DIRECTION('ref_axis',(0.,1.,2.22044604925031E-16));
#9111=DIRECTION('',(0.,0.,-1.));
#9112=DIRECTION('center_axis',(-1.,0.,0.));
#9113=DIRECTION('ref_axis',(0.,-1.,2.15876699232669E-16));
#9114=DIRECTION('',(0.,0.,-1.));
#9115=DIRECTION('center_axis',(-1.,0.,0.));
#9116=DIRECTION('ref_axis',(0.,1.,2.22044604925031E-16));
#9117=DIRECTION('center_axis',(-1.,0.,0.));
#9118=DIRECTION('ref_axis',(0.,1.,2.22044604925031E-16));
#9119=DIRECTION('',(0.,0.,-1.));
#9120=DIRECTION('center_axis',(-1.,0.,0.));
#9121=DIRECTION('ref_axis',(0.,-1.,0.));
#9122=DIRECTION('',(0.,0.,-1.));
#9123=DIRECTION('center_axis',(-1.,0.,0.));
#9124=DIRECTION('ref_axis',(0.,1.,2.22044604925031E-16));
#9125=DIRECTION('center_axis',(-1.,0.,0.));
#9126=DIRECTION('ref_axis',(0.,1.,2.22044604925031E-16));
#9127=DIRECTION('',(0.,0.,-1.));
#9128=DIRECTION('center_axis',(-1.,0.,0.));
#9129=DIRECTION('ref_axis',(0.,-1.,0.));
#9130=DIRECTION('',(0.,0.,-1.));
#9131=DIRECTION('center_axis',(-1.,0.,0.));
#9132=DIRECTION('ref_axis',(0.,-1.,0.));
#9133=DIRECTION('center_axis',(-1.,0.,0.));
#9134=DIRECTION('ref_axis',(0.,-1.,0.));
#9135=DIRECTION('center_axis',(-1.,0.,0.));
#9136=DIRECTION('ref_axis',(0.,-1.,0.));
#9137=DIRECTION('center_axis',(-1.,0.,0.));
#9138=DIRECTION('ref_axis',(0.,-1.,0.));
#9139=DIRECTION('center_axis',(-1.,0.,0.));
#9140=DIRECTION('ref_axis',(0.,-1.,0.));
#9141=DIRECTION('center_axis',(-1.,0.,0.));
#9142=DIRECTION('ref_axis',(0.,-1.,0.));
#9143=DIRECTION('center_axis',(-1.,0.,0.));
#9144=DIRECTION('ref_axis',(0.,-1.,0.));
#9145=DIRECTION('center_axis',(-1.,0.,0.));
#9146=DIRECTION('ref_axis',(0.,-1.,0.));
#9147=DIRECTION('center_axis',(-1.,0.,0.));
#9148=DIRECTION('ref_axis',(0.,-1.,0.));
#9149=DIRECTION('center_axis',(-1.,0.,0.));
#9150=DIRECTION('ref_axis',(0.,-1.,2.15876699232669E-16));
#9151=DIRECTION('center_axis',(-1.,0.,0.));
#9152=DIRECTION('ref_axis',(0.,-1.,0.));
#9153=DIRECTION('center_axis',(-1.,0.,0.));
#9154=DIRECTION('ref_axis',(0.,-1.,2.15876699232669E-16));
#9155=DIRECTION('center_axis',(-1.,0.,0.));
#9156=DIRECTION('ref_axis',(0.,-1.,0.));
#9157=DIRECTION('center_axis',(-1.,0.,0.));
#9158=DIRECTION('ref_axis',(0.,-1.,0.));
#9159=DIRECTION('center_axis',(-1.,0.,0.));
#9160=DIRECTION('ref_axis',(0.,-1.,0.));
#9161=DIRECTION('center_axis',(-1.,0.,0.));
#9162=DIRECTION('ref_axis',(0.,-1.,0.));
#9163=DIRECTION('center_axis',(-1.,0.,0.));
#9164=DIRECTION('ref_axis',(0.,-1.,0.));
#9165=DIRECTION('center_axis',(-1.,0.,0.));
#9166=DIRECTION('ref_axis',(0.,-1.,0.));
#9167=DIRECTION('center_axis',(-1.,0.,0.));
#9168=DIRECTION('ref_axis',(0.,-1.,2.15876699232669E-16));
#9169=DIRECTION('center_axis',(-1.,0.,0.));
#9170=DIRECTION('ref_axis',(0.,-1.,0.));
#9171=DIRECTION('center_axis',(-1.,0.,0.));
#9172=DIRECTION('ref_axis',(0.,-1.,0.));
#9173=DIRECTION('center_axis',(-1.,0.,0.));
#9174=DIRECTION('ref_axis',(0.,-1.,0.));
#9175=DIRECTION('center_axis',(-1.,0.,0.));
#9176=DIRECTION('ref_axis',(0.,-1.,0.));
#9177=DIRECTION('center_axis',(-1.,0.,0.));
#9178=DIRECTION('ref_axis',(0.,-1.,0.));
#9179=DIRECTION('center_axis',(-1.,0.,0.));
#9180=DIRECTION('ref_axis',(0.,-1.,0.));
#9181=DIRECTION('center_axis',(-1.,0.,0.));
#9182=DIRECTION('ref_axis',(0.,-1.,0.));
#9183=DIRECTION('center_axis',(-1.,0.,0.));
#9184=DIRECTION('ref_axis',(0.,-1.,0.));
#9185=DIRECTION('center_axis',(-1.,0.,0.));
#9186=DIRECTION('ref_axis',(0.,-1.,0.));
#9187=DIRECTION('center_axis',(-1.,0.,0.));
#9188=DIRECTION('ref_axis',(0.,-1.,0.));
#9189=DIRECTION('center_axis',(-1.,0.,0.));
#9190=DIRECTION('ref_axis',(0.,-1.,0.));
#9191=DIRECTION('center_axis',(1.,0.,0.));
#9192=DIRECTION('ref_axis',(0.,-0.707106781186549,-0.707106781186546));
#9193=DIRECTION('',(1.,0.,0.));
#9194=DIRECTION('center_axis',(1.,0.,0.));
#9195=DIRECTION('ref_axis',(0.,-0.707106781186549,-0.707106781186546));
#9196=DIRECTION('',(-1.,0.,0.));
#9197=DIRECTION('center_axis',(0.,-1.,0.));
#9198=DIRECTION('ref_axis',(0.,0.,1.));
#9199=DIRECTION('',(-1.,0.,0.));
#9200=DIRECTION('',(0.,0.,-1.));
#9201=DIRECTION('center_axis',(0.,0.,1.));
#9202=DIRECTION('ref_axis',(0.,1.,0.));
#9203=DIRECTION('',(0.,1.,0.));
#9204=DIRECTION('center_axis',(0.,0.,1.));
#9205=DIRECTION('ref_axis',(1.,0.,0.));
#9206=DIRECTION('',(0.,1.,0.));
#9207=DIRECTION('center_axis',(0.,0.,-1.));
#9208=DIRECTION('ref_axis',(-0.707106781186549,-0.707106781186546,0.));
#9209=DIRECTION('',(-1.,0.,0.));
#9210=DIRECTION('',(0.,-1.,0.));
#9211=DIRECTION('',(1.,0.,0.));
#9212=DIRECTION('center_axis',(0.,0.,1.));
#9213=DIRECTION('ref_axis',(-0.707106781186546,-0.707106781186549,0.));
#9214=DIRECTION('center_axis',(0.,1.,0.));
#9215=DIRECTION('ref_axis',(1.,0.,0.));
#9216=DIRECTION('center_axis',(0.,1.,0.));
#9217=DIRECTION('ref_axis',(-0.707106781186548,0.,-0.707106781186548));
#9218=DIRECTION('',(-1.,0.,0.));
#9219=DIRECTION('',(0.,0.,-1.));
#9220=DIRECTION('',(1.,0.,0.));
#9221=DIRECTION('center_axis',(0.,-1.,0.));
#9222=DIRECTION('ref_axis',(-0.707106781186548,0.,-0.707106781186548));
#9223=DIRECTION('',(1.,0.,0.));
#9224=DIRECTION('',(0.,0.,1.));
#9225=DIRECTION('center_axis',(0.,0.,-1.));
#9226=DIRECTION('ref_axis',(1.,0.,0.));
#9227=DIRECTION('',(0.,-1.,0.));
#9228=DIRECTION('',(-1.,0.,0.));
#9229=DIRECTION('',(0.,1.,0.));
#9230=DIRECTION('center_axis',(1.,0.,0.));
#9231=DIRECTION('ref_axis',(0.,-1.,0.));
#9232=DIRECTION('',(0.,1.,0.));
#9233=DIRECTION('',(0.,-1.,0.));
#9234=DIRECTION('',(0.,0.,1.));
#9235=DIRECTION('center_axis',(0.,0.,1.));
#9236=DIRECTION('ref_axis',(0.,-1.,0.));
#9237=DIRECTION('',(0.,-1.,0.));
#9238=DIRECTION('',(-1.,0.,0.));
#9239=DIRECTION('',(0.,1.,0.));
#9240=DIRECTION('',(-1.,0.,0.));
#9241=DIRECTION('center_axis',(0.,-1.,0.));
#9242=DIRECTION('ref_axis',(-0.707106781186548,0.,-0.707106781186548));
#9243=DIRECTION('',(0.,1.,0.));
#9244=DIRECTION('center_axis',(0.,-1.,0.));
#9245=DIRECTION('ref_axis',(-0.707106781186548,0.,-0.707106781186548));
#9246=DIRECTION('center_axis',(-0.707106781186548,0.707106781186547,1.57009245868377E-16));
#9247=DIRECTION('ref_axis',(0.707106781186547,0.707106781186548,1.57009245868378E-16));
#9248=DIRECTION('center_axis',(0.,1.,0.));
#9249=DIRECTION('ref_axis',(1.,0.,0.));
#9250=DIRECTION('',(-0.707106781186548,0.707106781186547,1.57009245868377E-16));
#9251=DIRECTION('center_axis',(1.,0.,0.));
#9252=DIRECTION('ref_axis',(0.,1.,2.22044604925031E-16));
#9253=DIRECTION('center_axis',(0.,-1.,0.));
#9254=DIRECTION('ref_axis',(1.,0.,0.));
#9255=DIRECTION('center_axis',(1.,0.,0.));
#9256=DIRECTION('ref_axis',(0.,1.,2.22044604925031E-16));
#9257=DIRECTION('center_axis',(1.,0.,0.));
#9258=DIRECTION('ref_axis',(0.,1.,0.));
#9259=DIRECTION('',(0.,-1.,0.));
#9260=DIRECTION('',(0.,0.,1.));
#9261=DIRECTION('center_axis',(1.,0.,0.));
#9262=DIRECTION('ref_axis',(0.,-1.,0.));
#9263=DIRECTION('',(0.,0.,1.));
#9264=DIRECTION('',(0.,0.,1.));
#9265=DIRECTION('center_axis',(1.,0.,0.));
#9266=DIRECTION('ref_axis',(0.,-1.,0.));
#9267=DIRECTION('',(0.,0.,1.));
#9268=DIRECTION('center_axis',(1.,0.,0.));
#9269=DIRECTION('ref_axis',(0.,1.,2.22044604925031E-16));
#9270=DIRECTION('center_axis',(1.,0.,0.));
#9271=DIRECTION('ref_axis',(0.,1.,2.22044604925031E-16));
#9272=DIRECTION('',(0.,0.,1.));
#9273=DIRECTION('center_axis',(1.,0.,0.));
#9274=DIRECTION('ref_axis',(0.,-1.,2.15876699232669E-16));
#9275=DIRECTION('',(0.,0.,1.));
#9276=DIRECTION('center_axis',(1.,0.,0.));
#9277=DIRECTION('ref_axis',(0.,1.,2.22044604925031E-16));
#9278=DIRECTION('center_axis',(1.,0.,0.));
#9279=DIRECTION('ref_axis',(0.,1.,2.22044604925031E-16));
#9280=DIRECTION('',(0.,0.,1.));
#9281=DIRECTION('center_axis',(1.,0.,0.));
#9282=DIRECTION('ref_axis',(0.,-1.,0.));
#9283=DIRECTION('',(0.,0.,1.));
#9284=DIRECTION('center_axis',(1.,0.,0.));
#9285=DIRECTION('ref_axis',(0.,1.,2.22044604925031E-16));
#9286=DIRECTION('center_axis',(1.,0.,0.));
#9287=DIRECTION('ref_axis',(0.,1.,2.22044604925031E-16));
#9288=DIRECTION('',(0.,0.,1.));
#9289=DIRECTION('center_axis',(1.,0.,0.));
#9290=DIRECTION('ref_axis',(0.,-1.,0.));
#9291=DIRECTION('',(0.,0.,1.));
#9292=DIRECTION('center_axis',(1.,0.,0.));
#9293=DIRECTION('ref_axis',(0.,1.,2.22044604925031E-16));
#9294=DIRECTION('center_axis',(1.,0.,0.));
#9295=DIRECTION('ref_axis',(0.,1.,2.22044604925031E-16));
#9296=DIRECTION('',(0.,0.,1.));
#9297=DIRECTION('',(0.,-1.,0.));
#9298=DIRECTION('',(0.,-1.,0.));
#9299=DIRECTION('',(0.,0.,-1.));
#9300=DIRECTION('center_axis',(1.,0.,0.));
#9301=DIRECTION('ref_axis',(0.,-1.,0.));
#9302=DIRECTION('center_axis',(1.,0.,0.));
#9303=DIRECTION('ref_axis',(0.,-1.,0.));
#9304=DIRECTION('center_axis',(1.,0.,0.));
#9305=DIRECTION('ref_axis',(0.,-1.,0.));
#9306=DIRECTION('center_axis',(1.,0.,0.));
#9307=DIRECTION('ref_axis',(0.,-1.,0.));
#9308=DIRECTION('center_axis',(1.,0.,0.));
#9309=DIRECTION('ref_axis',(0.,-1.,0.));
#9310=DIRECTION('center_axis',(1.,0.,0.));
#9311=DIRECTION('ref_axis',(0.,-1.,0.));
#9312=DIRECTION('center_axis',(1.,0.,0.));
#9313=DIRECTION('ref_axis',(0.,-1.,0.));
#9314=DIRECTION('center_axis',(1.,0.,0.));
#9315=DIRECTION('ref_axis',(0.,-1.,0.));
#9316=DIRECTION('center_axis',(1.,0.,0.));
#9317=DIRECTION('ref_axis',(0.,-1.,0.));
#9318=DIRECTION('center_axis',(1.,0.,0.));
#9319=DIRECTION('ref_axis',(0.,-1.,2.15876699232669E-16));
#9320=DIRECTION('center_axis',(1.,0.,0.));
#9321=DIRECTION('ref_axis',(0.,-1.,0.));
#9322=DIRECTION('center_axis',(1.,0.,0.));
#9323=DIRECTION('ref_axis',(0.,-1.,2.15876699232669E-16));
#9324=DIRECTION('center_axis',(1.,0.,0.));
#9325=DIRECTION('ref_axis',(0.,-1.,0.));
#9326=DIRECTION('center_axis',(1.,0.,0.));
#9327=DIRECTION('ref_axis',(0.,-1.,0.));
#9328=DIRECTION('center_axis',(1.,0.,0.));
#9329=DIRECTION('ref_axis',(0.,-1.,0.));
#9330=DIRECTION('center_axis',(1.,0.,0.));
#9331=DIRECTION('ref_axis',(0.,-1.,0.));
#9332=DIRECTION('center_axis',(1.,0.,0.));
#9333=DIRECTION('ref_axis',(0.,-1.,0.));
#9334=DIRECTION('center_axis',(1.,0.,0.));
#9335=DIRECTION('ref_axis',(0.,-1.,0.));
#9336=DIRECTION('center_axis',(1.,0.,0.));
#9337=DIRECTION('ref_axis',(0.,-1.,2.15876699232669E-16));
#9338=DIRECTION('center_axis',(1.,0.,0.));
#9339=DIRECTION('ref_axis',(0.,-1.,0.));
#9340=DIRECTION('center_axis',(1.,0.,0.));
#9341=DIRECTION('ref_axis',(0.,-1.,0.));
#9342=DIRECTION('center_axis',(1.,0.,0.));
#9343=DIRECTION('ref_axis',(0.,-1.,0.));
#9344=DIRECTION('center_axis',(1.,0.,0.));
#9345=DIRECTION('ref_axis',(0.,-1.,0.));
#9346=DIRECTION('center_axis',(1.,0.,0.));
#9347=DIRECTION('ref_axis',(0.,-1.,0.));
#9348=DIRECTION('center_axis',(1.,0.,0.));
#9349=DIRECTION('ref_axis',(0.,-1.,0.));
#9350=DIRECTION('center_axis',(1.,0.,0.));
#9351=DIRECTION('ref_axis',(0.,-1.,0.));
#9352=DIRECTION('center_axis',(1.,0.,0.));
#9353=DIRECTION('ref_axis',(0.,-1.,0.));
#9354=DIRECTION('center_axis',(1.,0.,0.));
#9355=DIRECTION('ref_axis',(0.,-1.,0.));
#9356=DIRECTION('center_axis',(1.,0.,0.));
#9357=DIRECTION('ref_axis',(0.,-1.,0.));
#9358=DIRECTION('center_axis',(1.,0.,0.));
#9359=DIRECTION('ref_axis',(0.,-1.,0.));
#9360=DIRECTION('center_axis',(0.,0.,1.));
#9361=DIRECTION('ref_axis',(-0.707106781186545,0.70710678118655,0.));
#9362=DIRECTION('',(0.,0.,-1.));
#9363=DIRECTION('center_axis',(0.,1.,0.));
#9364=DIRECTION('ref_axis',(1.,0.,0.));
#9365=DIRECTION('',(0.,0.,1.));
#9366=DIRECTION('center_axis',(0.,1.,0.));
#9367=DIRECTION('ref_axis',(1.,0.,0.));
#9368=DIRECTION('',(0.,0.,1.));
#9369=DIRECTION('center_axis',(0.,1.,0.));
#9370=DIRECTION('ref_axis',(1.,0.,0.));
#9371=DIRECTION('',(0.,0.,1.));
#9372=DIRECTION('center_axis',(0.,1.,0.));
#9373=DIRECTION('ref_axis',(1.,0.,0.));
#9374=DIRECTION('',(0.,0.,1.));
#9375=DIRECTION('center_axis',(0.,1.,0.));
#9376=DIRECTION('ref_axis',(1.,0.,0.));
#9377=DIRECTION('',(0.,0.,1.));
#9378=DIRECTION('',(1.,0.,0.));
#9379=DIRECTION('',(0.,0.,-1.));
#9380=DIRECTION('',(-1.,0.,0.));
#9381=DIRECTION('',(0.,0.,1.));
#9382=DIRECTION('',(1.,0.,0.));
#9383=DIRECTION('',(0.,0.,-1.));
#9384=DIRECTION('',(1.,0.,0.));
#9385=DIRECTION('',(0.,0.,1.));
#9386=DIRECTION('',(0.,0.,1.));
#9387=DIRECTION('center_axis',(0.,1.,0.));
#9388=DIRECTION('ref_axis',(-1.,0.,0.));
#9389=DIRECTION('center_axis',(0.,1.,0.));
#9390=DIRECTION('ref_axis',(-1.,0.,0.));
#9391=DIRECTION('center_axis',(0.,1.,0.));
#9392=DIRECTION('ref_axis',(-1.,0.,0.));
#9393=DIRECTION('center_axis',(0.,1.,0.));
#9394=DIRECTION('ref_axis',(-1.,0.,0.));
#9395=DIRECTION('center_axis',(0.,1.,0.));
#9396=DIRECTION('ref_axis',(-1.,0.,0.));
#9397=DIRECTION('center_axis',(0.,1.,0.));
#9398=DIRECTION('ref_axis',(-1.,0.,0.));
#9399=DIRECTION('center_axis',(0.,1.,0.));
#9400=DIRECTION('ref_axis',(-1.,0.,0.));
#9401=DIRECTION('center_axis',(0.,1.,0.));
#9402=DIRECTION('ref_axis',(-1.,0.,0.));
#9403=DIRECTION('center_axis',(0.,1.,0.));
#9404=DIRECTION('ref_axis',(-1.,0.,0.));
#9405=DIRECTION('center_axis',(0.,1.,0.));
#9406=DIRECTION('ref_axis',(-1.,0.,0.));
#9407=DIRECTION('center_axis',(0.,1.,0.));
#9408=DIRECTION('ref_axis',(-1.,0.,0.));
#9409=DIRECTION('center_axis',(0.,1.,0.));
#9410=DIRECTION('ref_axis',(-1.,0.,0.));
#9411=DIRECTION('center_axis',(0.,1.,0.));
#9412=DIRECTION('ref_axis',(-1.,0.,0.));
#9413=DIRECTION('center_axis',(0.,1.,0.));
#9414=DIRECTION('ref_axis',(-1.,0.,0.));
#9415=DIRECTION('center_axis',(0.,1.,0.));
#9416=DIRECTION('ref_axis',(-1.,0.,0.));
#9417=DIRECTION('center_axis',(0.,1.,0.));
#9418=DIRECTION('ref_axis',(-1.,0.,0.));
#9419=DIRECTION('center_axis',(0.,1.,0.));
#9420=DIRECTION('ref_axis',(-1.,0.,0.));
#9421=DIRECTION('center_axis',(0.,1.,0.));
#9422=DIRECTION('ref_axis',(-1.,0.,0.));
#9423=DIRECTION('center_axis',(0.,1.,0.));
#9424=DIRECTION('ref_axis',(-1.,0.,0.));
#9425=DIRECTION('center_axis',(0.,1.,0.));
#9426=DIRECTION('ref_axis',(-1.,0.,0.));
#9427=DIRECTION('center_axis',(0.,1.,0.));
#9428=DIRECTION('ref_axis',(-1.,0.,0.));
#9429=DIRECTION('center_axis',(0.,1.,0.));
#9430=DIRECTION('ref_axis',(-1.,0.,0.));
#9431=DIRECTION('center_axis',(0.,1.,0.));
#9432=DIRECTION('ref_axis',(-1.,0.,0.));
#9433=DIRECTION('center_axis',(0.,1.,0.));
#9434=DIRECTION('ref_axis',(-1.,0.,0.));
#9435=DIRECTION('center_axis',(0.,1.,0.));
#9436=DIRECTION('ref_axis',(-1.,0.,0.));
#9437=DIRECTION('center_axis',(0.,1.,0.));
#9438=DIRECTION('ref_axis',(-1.,0.,0.));
#9439=DIRECTION('center_axis',(0.,1.,0.));
#9440=DIRECTION('ref_axis',(-1.,0.,0.));
#9441=DIRECTION('center_axis',(0.,1.,0.));
#9442=DIRECTION('ref_axis',(-1.,0.,0.));
#9443=DIRECTION('center_axis',(0.,1.,0.));
#9444=DIRECTION('ref_axis',(-1.,0.,0.));
#9445=DIRECTION('center_axis',(0.,1.,0.));
#9446=DIRECTION('ref_axis',(-1.,0.,0.));
#9447=DIRECTION('center_axis',(0.,1.,0.));
#9448=DIRECTION('ref_axis',(-1.,0.,0.));
#9449=DIRECTION('center_axis',(0.,1.,0.));
#9450=DIRECTION('ref_axis',(-1.,0.,0.));
#9451=DIRECTION('center_axis',(0.,1.,0.));
#9452=DIRECTION('ref_axis',(-1.,0.,0.));
#9453=DIRECTION('center_axis',(0.,1.,0.));
#9454=DIRECTION('ref_axis',(-1.,0.,0.));
#9455=DIRECTION('center_axis',(0.,1.,0.));
#9456=DIRECTION('ref_axis',(-1.,0.,0.));
#9457=DIRECTION('center_axis',(0.,1.,0.));
#9458=DIRECTION('ref_axis',(-1.,0.,0.));
#9459=DIRECTION('center_axis',(0.,1.,0.));
#9460=DIRECTION('ref_axis',(-1.,0.,0.));
#9461=DIRECTION('center_axis',(0.,1.,0.));
#9462=DIRECTION('ref_axis',(-1.,0.,0.));
#9463=DIRECTION('center_axis',(0.,1.,0.));
#9464=DIRECTION('ref_axis',(-1.,0.,0.));
#9465=DIRECTION('center_axis',(0.,1.,0.));
#9466=DIRECTION('ref_axis',(-1.,0.,0.));
#9467=DIRECTION('center_axis',(0.,1.,0.));
#9468=DIRECTION('ref_axis',(-1.,0.,0.));
#9469=DIRECTION('center_axis',(0.,1.,0.));
#9470=DIRECTION('ref_axis',(-1.,0.,0.));
#9471=DIRECTION('center_axis',(0.,1.,0.));
#9472=DIRECTION('ref_axis',(-1.,0.,0.));
#9473=DIRECTION('center_axis',(0.,1.,0.));
#9474=DIRECTION('ref_axis',(-1.,0.,0.));
#9475=DIRECTION('center_axis',(0.,1.,0.));
#9476=DIRECTION('ref_axis',(-1.,0.,0.));
#9477=DIRECTION('center_axis',(0.,1.,0.));
#9478=DIRECTION('ref_axis',(-1.,0.,0.));
#9479=DIRECTION('center_axis',(0.,1.,0.));
#9480=DIRECTION('ref_axis',(-1.,0.,0.));
#9481=DIRECTION('center_axis',(0.,1.,0.));
#9482=DIRECTION('ref_axis',(-1.,0.,0.));
#9483=DIRECTION('center_axis',(0.,1.,0.));
#9484=DIRECTION('ref_axis',(-1.,0.,0.));
#9485=DIRECTION('center_axis',(0.,1.,0.));
#9486=DIRECTION('ref_axis',(-1.,0.,0.));
#9487=DIRECTION('center_axis',(0.,1.,0.));
#9488=DIRECTION('ref_axis',(-1.,0.,0.));
#9489=DIRECTION('center_axis',(0.,1.,0.));
#9490=DIRECTION('ref_axis',(-1.,0.,0.));
#9491=DIRECTION('center_axis',(0.,1.,0.));
#9492=DIRECTION('ref_axis',(-1.,0.,0.));
#9493=DIRECTION('center_axis',(0.,1.,0.));
#9494=DIRECTION('ref_axis',(-1.,0.,0.));
#9495=DIRECTION('center_axis',(0.,1.,0.));
#9496=DIRECTION('ref_axis',(-1.,0.,0.));
#9497=DIRECTION('center_axis',(0.,1.,0.));
#9498=DIRECTION('ref_axis',(-1.,0.,0.));
#9499=DIRECTION('center_axis',(0.,1.,0.));
#9500=DIRECTION('ref_axis',(-1.,0.,0.));
#9501=DIRECTION('center_axis',(0.,1.,0.));
#9502=DIRECTION('ref_axis',(-1.,0.,0.));
#9503=DIRECTION('center_axis',(0.,1.,0.));
#9504=DIRECTION('ref_axis',(-1.,0.,0.));
#9505=DIRECTION('center_axis',(0.,1.,0.));
#9506=DIRECTION('ref_axis',(-1.,0.,0.));
#9507=DIRECTION('center_axis',(0.,1.,0.));
#9508=DIRECTION('ref_axis',(-1.,0.,0.));
#9509=DIRECTION('center_axis',(0.,1.,0.));
#9510=DIRECTION('ref_axis',(-1.,0.,0.));
#9511=DIRECTION('center_axis',(0.,1.,0.));
#9512=DIRECTION('ref_axis',(-1.,0.,0.));
#9513=DIRECTION('center_axis',(0.,1.,0.));
#9514=DIRECTION('ref_axis',(-1.,0.,0.));
#9515=DIRECTION('center_axis',(0.,1.,0.));
#9516=DIRECTION('ref_axis',(-1.,0.,0.));
#9517=DIRECTION('center_axis',(0.,1.,0.));
#9518=DIRECTION('ref_axis',(-1.,0.,0.));
#9519=DIRECTION('center_axis',(0.,1.,0.));
#9520=DIRECTION('ref_axis',(-1.,0.,0.));
#9521=DIRECTION('center_axis',(0.,1.,0.));
#9522=DIRECTION('ref_axis',(-1.,0.,0.));
#9523=DIRECTION('center_axis',(0.,1.,0.));
#9524=DIRECTION('ref_axis',(-1.,0.,0.));
#9525=DIRECTION('center_axis',(0.,1.,0.));
#9526=DIRECTION('ref_axis',(-1.,0.,0.));
#9527=DIRECTION('center_axis',(0.,1.,0.));
#9528=DIRECTION('ref_axis',(-1.,0.,0.));
#9529=DIRECTION('center_axis',(0.,1.,0.));
#9530=DIRECTION('ref_axis',(-1.,0.,0.));
#9531=DIRECTION('center_axis',(0.,1.,0.));
#9532=DIRECTION('ref_axis',(-1.,0.,0.));
#9533=DIRECTION('center_axis',(0.,1.,0.));
#9534=DIRECTION('ref_axis',(-1.,0.,0.));
#9535=DIRECTION('center_axis',(0.,1.,0.));
#9536=DIRECTION('ref_axis',(-1.,0.,0.));
#9537=DIRECTION('center_axis',(0.,0.,1.));
#9538=DIRECTION('ref_axis',(-0.707106781186551,0.707106781186544,0.));
#9539=DIRECTION('center_axis',(-0.707106781186548,0.707106781186547,1.57009245868377E-16));
#9540=DIRECTION('ref_axis',(0.707106781186547,0.707106781186548,1.57009245868378E-16));
#9541=DIRECTION('',(-0.707106781186548,0.707106781186547,1.57009245868377E-16));
#9542=DIRECTION('center_axis',(0.,-1.,0.));
#9543=DIRECTION('ref_axis',(1.,0.,0.));
#9544=DIRECTION('center_axis',(0.,0.,1.));
#9545=DIRECTION('ref_axis',(-0.707106781186545,0.70710678118655,0.));
#9546=DIRECTION('',(0.,0.,-1.));
#9547=DIRECTION('center_axis',(0.,0.,1.));
#9548=DIRECTION('ref_axis',(-0.707106781186551,0.707106781186544,0.));
#9549=DIRECTION('center_axis',(-0.707106781186548,0.707106781186547,1.57009245868377E-16));
#9550=DIRECTION('ref_axis',(0.707106781186547,0.707106781186548,1.57009245868378E-16));
#9551=DIRECTION('',(-0.707106781186548,0.707106781186547,1.57009245868377E-16));
#9552=DIRECTION('center_axis',(0.,-1.,0.));
#9553=DIRECTION('ref_axis',(1.,0.,0.));
#9554=DIRECTION('center_axis',(0.,0.,1.));
#9555=DIRECTION('ref_axis',(-0.707106781186545,0.70710678118655,0.));
#9556=DIRECTION('',(0.,0.,-1.));
#9557=DIRECTION('center_axis',(0.,0.,1.));
#9558=DIRECTION('ref_axis',(-0.707106781186551,0.707106781186544,0.));
#9559=DIRECTION('center_axis',(-0.707106781186548,0.707106781186547,1.57009245868377E-16));
#9560=DIRECTION('ref_axis',(0.707106781186547,0.707106781186548,1.57009245868378E-16));
#9561=DIRECTION('',(-0.707106781186548,0.707106781186547,1.57009245868377E-16));
#9562=DIRECTION('center_axis',(0.,-1.,0.));
#9563=DIRECTION('ref_axis',(1.,0.,0.));
#9564=DIRECTION('center_axis',(0.,1.,0.));
#9565=DIRECTION('ref_axis',(0.,0.,1.));
#9566=DIRECTION('',(0.,0.,-1.));
#9567=DIRECTION('',(0.,0.,-1.));
#9568=DIRECTION('',(-1.,0.,0.));
#9569=DIRECTION('',(0.,0.,1.));
#9570=DIRECTION('',(-1.,0.,0.));
#9571=DIRECTION('',(0.,0.,-1.));
#9572=DIRECTION('',(1.,0.,0.));
#9573=DIRECTION('',(0.,0.,1.));
#9574=DIRECTION('',(-1.,0.,0.));
#9575=DIRECTION('',(0.,0.,-1.));
#9576=DIRECTION('center_axis',(0.,-1.,0.));
#9577=DIRECTION('ref_axis',(1.,0.,0.));
#9578=DIRECTION('',(0.,0.,-1.));
#9579=DIRECTION('center_axis',(0.,-1.,0.));
#9580=DIRECTION('ref_axis',(-1.,0.,0.));
#9581=DIRECTION('center_axis',(0.,-1.,0.));
#9582=DIRECTION('ref_axis',(-1.,0.,0.));
#9583=DIRECTION('center_axis',(0.,-1.,0.));
#9584=DIRECTION('ref_axis',(-1.,0.,0.));
#9585=DIRECTION('center_axis',(0.,-1.,0.));
#9586=DIRECTION('ref_axis',(-1.,0.,0.));
#9587=DIRECTION('center_axis',(0.,-1.,0.));
#9588=DIRECTION('ref_axis',(-1.,0.,0.));
#9589=DIRECTION('center_axis',(0.,-1.,0.));
#9590=DIRECTION('ref_axis',(-1.,0.,0.));
#9591=DIRECTION('center_axis',(0.,-1.,0.));
#9592=DIRECTION('ref_axis',(-1.,0.,0.));
#9593=DIRECTION('center_axis',(0.,-1.,0.));
#9594=DIRECTION('ref_axis',(-1.,0.,0.));
#9595=DIRECTION('center_axis',(0.,-1.,0.));
#9596=DIRECTION('ref_axis',(-1.,0.,0.));
#9597=DIRECTION('center_axis',(0.,-1.,0.));
#9598=DIRECTION('ref_axis',(-1.,0.,0.));
#9599=DIRECTION('center_axis',(0.,-1.,0.));
#9600=DIRECTION('ref_axis',(-1.,0.,0.));
#9601=DIRECTION('center_axis',(0.,-1.,0.));
#9602=DIRECTION('ref_axis',(-1.,0.,0.));
#9603=DIRECTION('center_axis',(0.,-1.,0.));
#9604=DIRECTION('ref_axis',(-1.,0.,0.));
#9605=DIRECTION('center_axis',(0.,-1.,0.));
#9606=DIRECTION('ref_axis',(-1.,0.,0.));
#9607=DIRECTION('center_axis',(0.,-1.,0.));
#9608=DIRECTION('ref_axis',(-1.,0.,0.));
#9609=DIRECTION('center_axis',(0.,-1.,0.));
#9610=DIRECTION('ref_axis',(-1.,0.,0.));
#9611=DIRECTION('center_axis',(0.,-1.,0.));
#9612=DIRECTION('ref_axis',(-1.,0.,0.));
#9613=DIRECTION('center_axis',(0.,-1.,0.));
#9614=DIRECTION('ref_axis',(-1.,0.,0.));
#9615=DIRECTION('center_axis',(0.,-1.,0.));
#9616=DIRECTION('ref_axis',(-1.,0.,0.));
#9617=DIRECTION('center_axis',(0.,-1.,0.));
#9618=DIRECTION('ref_axis',(-1.,0.,0.));
#9619=DIRECTION('center_axis',(0.,-1.,0.));
#9620=DIRECTION('ref_axis',(-1.,0.,0.));
#9621=DIRECTION('center_axis',(0.,-1.,0.));
#9622=DIRECTION('ref_axis',(-1.,0.,0.));
#9623=DIRECTION('center_axis',(0.,-1.,0.));
#9624=DIRECTION('ref_axis',(-1.,0.,0.));
#9625=DIRECTION('center_axis',(0.,-1.,0.));
#9626=DIRECTION('ref_axis',(-1.,0.,0.));
#9627=DIRECTION('center_axis',(0.,-1.,0.));
#9628=DIRECTION('ref_axis',(-1.,0.,0.));
#9629=DIRECTION('center_axis',(0.,-1.,0.));
#9630=DIRECTION('ref_axis',(-1.,0.,0.));
#9631=DIRECTION('center_axis',(0.,-1.,0.));
#9632=DIRECTION('ref_axis',(-1.,0.,0.));
#9633=DIRECTION('center_axis',(0.,-1.,0.));
#9634=DIRECTION('ref_axis',(-1.,0.,0.));
#9635=DIRECTION('center_axis',(0.,-1.,0.));
#9636=DIRECTION('ref_axis',(-1.,0.,0.));
#9637=DIRECTION('center_axis',(0.,-1.,0.));
#9638=DIRECTION('ref_axis',(-1.,0.,0.));
#9639=DIRECTION('center_axis',(0.,-1.,0.));
#9640=DIRECTION('ref_axis',(-1.,0.,0.));
#9641=DIRECTION('center_axis',(0.,-1.,0.));
#9642=DIRECTION('ref_axis',(-1.,0.,0.));
#9643=DIRECTION('center_axis',(0.,-1.,0.));
#9644=DIRECTION('ref_axis',(-1.,0.,0.));
#9645=DIRECTION('center_axis',(0.,-1.,0.));
#9646=DIRECTION('ref_axis',(-1.,0.,0.));
#9647=DIRECTION('center_axis',(0.,-1.,0.));
#9648=DIRECTION('ref_axis',(-1.,0.,0.));
#9649=DIRECTION('center_axis',(0.,-1.,0.));
#9650=DIRECTION('ref_axis',(-1.,0.,0.));
#9651=DIRECTION('center_axis',(0.,-1.,0.));
#9652=DIRECTION('ref_axis',(-1.,0.,0.));
#9653=DIRECTION('center_axis',(0.,-1.,0.));
#9654=DIRECTION('ref_axis',(-1.,0.,0.));
#9655=DIRECTION('center_axis',(0.,-1.,0.));
#9656=DIRECTION('ref_axis',(-1.,0.,0.));
#9657=DIRECTION('center_axis',(0.,-1.,0.));
#9658=DIRECTION('ref_axis',(-1.,0.,0.));
#9659=DIRECTION('center_axis',(0.,-1.,0.));
#9660=DIRECTION('ref_axis',(-1.,0.,0.));
#9661=DIRECTION('center_axis',(0.,-1.,0.));
#9662=DIRECTION('ref_axis',(-1.,0.,0.));
#9663=DIRECTION('center_axis',(0.,-1.,0.));
#9664=DIRECTION('ref_axis',(-1.,0.,0.));
#9665=DIRECTION('center_axis',(0.,-1.,0.));
#9666=DIRECTION('ref_axis',(-1.,0.,0.));
#9667=DIRECTION('center_axis',(0.,-1.,0.));
#9668=DIRECTION('ref_axis',(-1.,0.,0.));
#9669=DIRECTION('center_axis',(0.,-1.,0.));
#9670=DIRECTION('ref_axis',(-1.,0.,0.));
#9671=DIRECTION('center_axis',(0.,-1.,0.));
#9672=DIRECTION('ref_axis',(-1.,0.,0.));
#9673=DIRECTION('center_axis',(0.,-1.,0.));
#9674=DIRECTION('ref_axis',(-1.,0.,0.));
#9675=DIRECTION('center_axis',(0.,-1.,0.));
#9676=DIRECTION('ref_axis',(-1.,0.,0.));
#9677=DIRECTION('center_axis',(0.,-1.,0.));
#9678=DIRECTION('ref_axis',(-1.,0.,0.));
#9679=DIRECTION('center_axis',(0.,-1.,0.));
#9680=DIRECTION('ref_axis',(-1.,0.,0.));
#9681=DIRECTION('center_axis',(0.,-1.,0.));
#9682=DIRECTION('ref_axis',(-1.,0.,0.));
#9683=DIRECTION('center_axis',(0.,-1.,0.));
#9684=DIRECTION('ref_axis',(-1.,0.,0.));
#9685=DIRECTION('center_axis',(0.,-1.,0.));
#9686=DIRECTION('ref_axis',(-1.,0.,0.));
#9687=DIRECTION('center_axis',(0.,-1.,0.));
#9688=DIRECTION('ref_axis',(-1.,0.,0.));
#9689=DIRECTION('center_axis',(0.,-1.,0.));
#9690=DIRECTION('ref_axis',(-1.,0.,0.));
#9691=DIRECTION('center_axis',(0.,-1.,0.));
#9692=DIRECTION('ref_axis',(-1.,0.,0.));
#9693=DIRECTION('center_axis',(0.,-1.,0.));
#9694=DIRECTION('ref_axis',(-1.,0.,0.));
#9695=DIRECTION('center_axis',(0.,-1.,0.));
#9696=DIRECTION('ref_axis',(-1.,0.,0.));
#9697=DIRECTION('center_axis',(0.,-1.,0.));
#9698=DIRECTION('ref_axis',(-1.,0.,0.));
#9699=DIRECTION('center_axis',(0.,-1.,0.));
#9700=DIRECTION('ref_axis',(-1.,0.,0.));
#9701=DIRECTION('center_axis',(0.,-1.,0.));
#9702=DIRECTION('ref_axis',(-1.,0.,0.));
#9703=DIRECTION('center_axis',(0.,-1.,0.));
#9704=DIRECTION('ref_axis',(-1.,0.,0.));
#9705=DIRECTION('center_axis',(0.,-1.,0.));
#9706=DIRECTION('ref_axis',(-1.,0.,0.));
#9707=DIRECTION('center_axis',(0.,-1.,0.));
#9708=DIRECTION('ref_axis',(-1.,0.,0.));
#9709=DIRECTION('center_axis',(0.,-1.,0.));
#9710=DIRECTION('ref_axis',(-1.,0.,0.));
#9711=DIRECTION('center_axis',(0.,-1.,0.));
#9712=DIRECTION('ref_axis',(-1.,0.,0.));
#9713=DIRECTION('center_axis',(0.,-1.,0.));
#9714=DIRECTION('ref_axis',(-1.,0.,0.));
#9715=DIRECTION('center_axis',(0.,-1.,0.));
#9716=DIRECTION('ref_axis',(-1.,0.,0.));
#9717=DIRECTION('center_axis',(0.,-1.,0.));
#9718=DIRECTION('ref_axis',(-1.,0.,0.));
#9719=DIRECTION('center_axis',(0.,-1.,0.));
#9720=DIRECTION('ref_axis',(-1.,0.,0.));
#9721=DIRECTION('center_axis',(0.,-1.,0.));
#9722=DIRECTION('ref_axis',(-1.,0.,0.));
#9723=DIRECTION('center_axis',(0.,-1.,0.));
#9724=DIRECTION('ref_axis',(-1.,0.,0.));
#9725=DIRECTION('center_axis',(0.,-1.,0.));
#9726=DIRECTION('ref_axis',(-1.,0.,0.));
#9727=DIRECTION('center_axis',(0.,-1.,0.));
#9728=DIRECTION('ref_axis',(-1.,0.,0.));
#9729=DIRECTION('center_axis',(0.,0.,1.));
#9730=DIRECTION('ref_axis',(-0.707106781186545,0.70710678118655,0.));
#9731=DIRECTION('center_axis',(0.,0.,-1.));
#9732=DIRECTION('ref_axis',(-0.707106781186545,0.70710678118655,0.));
#9733=DIRECTION('center_axis',(0.,0.,1.));
#9734=DIRECTION('ref_axis',(-0.707106781186551,0.707106781186544,0.));
#9735=DIRECTION('center_axis',(0.,0.,1.));
#9736=DIRECTION('ref_axis',(-0.707106781186551,0.707106781186544,0.));
#9737=DIRECTION('center_axis',(-0.707106781186548,0.707106781186547,1.57009245868377E-16));
#9738=DIRECTION('ref_axis',(0.707106781186547,0.707106781186548,1.57009245868378E-16));
#9739=DIRECTION('',(-0.707106781186548,0.707106781186547,1.57009245868377E-16));
#9740=DIRECTION('center_axis',(0.,0.,1.));
#9741=DIRECTION('ref_axis',(-0.707106781186545,0.70710678118655,0.));
#9742=DIRECTION('center_axis',(0.,0.,1.));
#9743=DIRECTION('ref_axis',(-0.707106781186545,0.70710678118655,0.));
#9744=DIRECTION('center_axis',(0.,0.,1.));
#9745=DIRECTION('ref_axis',(-0.707106781186545,0.70710678118655,0.));
#9746=DIRECTION('center_axis',(0.,0.,1.));
#9747=DIRECTION('ref_axis',(-0.707106781186551,0.707106781186544,0.));
#9748=DIRECTION('center_axis',(0.,0.,-1.));
#9749=DIRECTION('ref_axis',(-0.707106781186551,0.707106781186544,0.));
#9750=DIRECTION('center_axis',(0.,0.,1.));
#9751=DIRECTION('ref_axis',(-0.707106781186551,0.707106781186544,0.));
#9752=DIRECTION('center_axis',(1.,0.,0.));
#9753=DIRECTION('ref_axis',(0.,-1.,0.));
#9754=DIRECTION('',(1.,0.,0.));
#9755=DIRECTION('center_axis',(1.,0.,0.));
#9756=DIRECTION('ref_axis',(0.,-1.,0.));
#9757=DIRECTION('',(1.,0.,0.));
#9758=DIRECTION('center_axis',(1.,0.,0.));
#9759=DIRECTION('ref_axis',(0.,-1.,0.));
#9760=DIRECTION('',(1.,0.,0.));
#9761=DIRECTION('center_axis',(1.,0.,0.));
#9762=DIRECTION('ref_axis',(0.,-1.,0.));
#9763=DIRECTION('',(1.,0.,0.));
#9764=DIRECTION('center_axis',(1.,0.,0.));
#9765=DIRECTION('ref_axis',(0.,-1.,0.));
#9766=DIRECTION('',(1.,0.,0.));
#9767=DIRECTION('center_axis',(1.,0.,0.));
#9768=DIRECTION('ref_axis',(0.,-1.,0.));
#9769=DIRECTION('',(1.,0.,0.));
#9770=DIRECTION('center_axis',(1.,0.,0.));
#9771=DIRECTION('ref_axis',(0.,-1.,0.));
#9772=DIRECTION('',(1.,0.,0.));
#9773=DIRECTION('center_axis',(1.,0.,0.));
#9774=DIRECTION('ref_axis',(0.,-1.,0.));
#9775=DIRECTION('',(1.,0.,0.));
#9776=DIRECTION('center_axis',(1.,0.,0.));
#9777=DIRECTION('ref_axis',(0.,-1.,0.));
#9778=DIRECTION('',(1.,0.,0.));
#9779=DIRECTION('center_axis',(1.,0.,0.));
#9780=DIRECTION('ref_axis',(0.,-1.,0.));
#9781=DIRECTION('',(1.,0.,0.));
#9782=DIRECTION('center_axis',(1.,0.,0.));
#9783=DIRECTION('ref_axis',(0.,-1.,0.));
#9784=DIRECTION('',(1.,0.,0.));
#9785=DIRECTION('center_axis',(1.,0.,0.));
#9786=DIRECTION('ref_axis',(0.,-1.,0.));
#9787=DIRECTION('',(1.,0.,0.));
#9788=DIRECTION('center_axis',(1.,0.,0.));
#9789=DIRECTION('ref_axis',(0.,-1.,2.15876699232669E-16));
#9790=DIRECTION('',(1.,0.,0.));
#9791=DIRECTION('center_axis',(1.,0.,0.));
#9792=DIRECTION('ref_axis',(0.,-1.,0.));
#9793=DIRECTION('',(1.,0.,0.));
#9794=DIRECTION('center_axis',(1.,0.,0.));
#9795=DIRECTION('ref_axis',(0.,-1.,2.15876699232669E-16));
#9796=DIRECTION('',(1.,0.,0.));
#9797=DIRECTION('center_axis',(1.,0.,0.));
#9798=DIRECTION('ref_axis',(0.,-1.,0.));
#9799=DIRECTION('',(1.,0.,0.));
#9800=DIRECTION('center_axis',(1.,0.,0.));
#9801=DIRECTION('ref_axis',(0.,-1.,0.));
#9802=DIRECTION('',(1.,0.,0.));
#9803=DIRECTION('center_axis',(1.,0.,0.));
#9804=DIRECTION('ref_axis',(0.,-1.,0.));
#9805=DIRECTION('',(1.,0.,0.));
#9806=DIRECTION('center_axis',(1.,0.,0.));
#9807=DIRECTION('ref_axis',(0.,-1.,0.));
#9808=DIRECTION('',(1.,0.,0.));
#9809=DIRECTION('center_axis',(1.,0.,0.));
#9810=DIRECTION('ref_axis',(0.,-1.,0.));
#9811=DIRECTION('',(1.,0.,0.));
#9812=DIRECTION('center_axis',(1.,0.,0.));
#9813=DIRECTION('ref_axis',(0.,-1.,0.));
#9814=DIRECTION('',(1.,0.,0.));
#9815=DIRECTION('center_axis',(1.,0.,0.));
#9816=DIRECTION('ref_axis',(0.,-1.,2.15876699232669E-16));
#9817=DIRECTION('',(1.,0.,0.));
#9818=DIRECTION('center_axis',(1.,0.,0.));
#9819=DIRECTION('ref_axis',(0.,-1.,0.));
#9820=DIRECTION('',(1.,0.,0.));
#9821=DIRECTION('center_axis',(1.,0.,0.));
#9822=DIRECTION('ref_axis',(0.,-1.,0.));
#9823=DIRECTION('',(1.,0.,0.));
#9824=DIRECTION('center_axis',(1.,0.,0.));
#9825=DIRECTION('ref_axis',(0.,-1.,0.));
#9826=DIRECTION('',(1.,0.,0.));
#9827=DIRECTION('center_axis',(1.,0.,0.));
#9828=DIRECTION('ref_axis',(0.,-1.,0.));
#9829=DIRECTION('',(1.,0.,0.));
#9830=DIRECTION('center_axis',(1.,0.,0.));
#9831=DIRECTION('ref_axis',(0.,-1.,0.));
#9832=DIRECTION('',(1.,0.,0.));
#9833=DIRECTION('center_axis',(1.,0.,0.));
#9834=DIRECTION('ref_axis',(0.,-1.,2.15876699232669E-16));
#9835=DIRECTION('',(1.,0.,0.));
#9836=DIRECTION('center_axis',(1.,0.,0.));
#9837=DIRECTION('ref_axis',(0.,-1.,0.));
#9838=DIRECTION('',(1.,0.,0.));
#9839=DIRECTION('center_axis',(1.,0.,0.));
#9840=DIRECTION('ref_axis',(0.,-1.,0.));
#9841=DIRECTION('',(1.,0.,0.));
#9842=DIRECTION('center_axis',(1.,0.,0.));
#9843=DIRECTION('ref_axis',(0.,-1.,0.));
#9844=DIRECTION('',(1.,0.,0.));
#9845=DIRECTION('center_axis',(1.,0.,0.));
#9846=DIRECTION('ref_axis',(0.,-1.,0.));
#9847=DIRECTION('',(1.,0.,0.));
#9848=DIRECTION('center_axis',(1.,0.,0.));
#9849=DIRECTION('ref_axis',(0.,-1.,0.));
#9850=DIRECTION('',(1.,0.,0.));
#9851=DIRECTION('center_axis',(1.,0.,0.));
#9852=DIRECTION('ref_axis',(0.,-1.,0.));
#9853=DIRECTION('',(1.,0.,0.));
#9854=DIRECTION('center_axis',(1.,0.,0.));
#9855=DIRECTION('ref_axis',(0.,-1.,0.));
#9856=DIRECTION('',(1.,0.,0.));
#9857=DIRECTION('center_axis',(0.,-1.,0.));
#9858=DIRECTION('ref_axis',(-1.,0.,0.));
#9859=DIRECTION('',(0.,-1.,0.));
#9860=DIRECTION('center_axis',(0.,-1.,0.));
#9861=DIRECTION('ref_axis',(-1.,0.,0.));
#9862=DIRECTION('',(0.,-1.,0.));
#9863=DIRECTION('center_axis',(0.,-1.,0.));
#9864=DIRECTION('ref_axis',(-1.,0.,0.));
#9865=DIRECTION('',(0.,-1.,0.));
#9866=DIRECTION('center_axis',(0.,-1.,0.));
#9867=DIRECTION('ref_axis',(-1.,0.,0.));
#9868=DIRECTION('',(0.,-1.,0.));
#9869=DIRECTION('center_axis',(0.,-1.,0.));
#9870=DIRECTION('ref_axis',(-1.,0.,0.));
#9871=DIRECTION('',(0.,-1.,0.));
#9872=DIRECTION('center_axis',(0.,-1.,0.));
#9873=DIRECTION('ref_axis',(-1.,0.,0.));
#9874=DIRECTION('',(0.,-1.,0.));
#9875=DIRECTION('center_axis',(0.,-1.,0.));
#9876=DIRECTION('ref_axis',(-1.,0.,0.));
#9877=DIRECTION('',(0.,-1.,0.));
#9878=DIRECTION('center_axis',(0.,-1.,0.));
#9879=DIRECTION('ref_axis',(-1.,0.,0.));
#9880=DIRECTION('',(0.,-1.,0.));
#9881=DIRECTION('center_axis',(0.,-1.,0.));
#9882=DIRECTION('ref_axis',(-1.,0.,0.));
#9883=DIRECTION('',(0.,-1.,0.));
#9884=DIRECTION('center_axis',(0.,-1.,0.));
#9885=DIRECTION('ref_axis',(-1.,0.,0.));
#9886=DIRECTION('',(0.,-1.,0.));
#9887=DIRECTION('center_axis',(0.,-1.,0.));
#9888=DIRECTION('ref_axis',(-1.,0.,0.));
#9889=DIRECTION('',(0.,-1.,0.));
#9890=DIRECTION('center_axis',(0.,-1.,0.));
#9891=DIRECTION('ref_axis',(-1.,0.,0.));
#9892=DIRECTION('',(0.,-1.,0.));
#9893=DIRECTION('center_axis',(0.,-1.,0.));
#9894=DIRECTION('ref_axis',(-1.,0.,0.));
#9895=DIRECTION('',(0.,-1.,0.));
#9896=DIRECTION('center_axis',(0.,-1.,0.));
#9897=DIRECTION('ref_axis',(-1.,0.,0.));
#9898=DIRECTION('',(0.,-1.,0.));
#9899=DIRECTION('center_axis',(0.,-1.,0.));
#9900=DIRECTION('ref_axis',(-1.,0.,0.));
#9901=DIRECTION('',(0.,-1.,0.));
#9902=DIRECTION('center_axis',(0.,-1.,0.));
#9903=DIRECTION('ref_axis',(-1.,0.,0.));
#9904=DIRECTION('',(0.,-1.,0.));
#9905=DIRECTION('center_axis',(0.,-1.,0.));
#9906=DIRECTION('ref_axis',(-1.,0.,0.));
#9907=DIRECTION('',(0.,-1.,0.));
#9908=DIRECTION('center_axis',(0.,-1.,0.));
#9909=DIRECTION('ref_axis',(-1.,0.,0.));
#9910=DIRECTION('',(0.,-1.,0.));
#9911=DIRECTION('center_axis',(0.,-1.,0.));
#9912=DIRECTION('ref_axis',(-1.,0.,0.));
#9913=DIRECTION('',(0.,-1.,0.));
#9914=DIRECTION('center_axis',(0.,-1.,0.));
#9915=DIRECTION('ref_axis',(-1.,0.,0.));
#9916=DIRECTION('',(0.,-1.,0.));
#9917=DIRECTION('center_axis',(0.,-1.,0.));
#9918=DIRECTION('ref_axis',(-1.,0.,0.));
#9919=DIRECTION('',(0.,-1.,0.));
#9920=DIRECTION('center_axis',(0.,-1.,0.));
#9921=DIRECTION('ref_axis',(-1.,0.,0.));
#9922=DIRECTION('',(0.,-1.,0.));
#9923=DIRECTION('center_axis',(0.,-1.,0.));
#9924=DIRECTION('ref_axis',(-1.,0.,0.));
#9925=DIRECTION('',(0.,-1.,0.));
#9926=DIRECTION('center_axis',(0.,-1.,0.));
#9927=DIRECTION('ref_axis',(-1.,0.,0.));
#9928=DIRECTION('',(0.,-1.,0.));
#9929=DIRECTION('center_axis',(0.,-1.,0.));
#9930=DIRECTION('ref_axis',(-1.,0.,0.));
#9931=DIRECTION('',(0.,-1.,0.));
#9932=DIRECTION('center_axis',(0.,-1.,0.));
#9933=DIRECTION('ref_axis',(-1.,0.,0.));
#9934=DIRECTION('',(0.,-1.,0.));
#9935=DIRECTION('center_axis',(0.,-1.,0.));
#9936=DIRECTION('ref_axis',(-1.,0.,0.));
#9937=DIRECTION('',(0.,-1.,0.));
#9938=DIRECTION('center_axis',(0.,-1.,0.));
#9939=DIRECTION('ref_axis',(-1.,0.,0.));
#9940=DIRECTION('',(0.,-1.,0.));
#9941=DIRECTION('center_axis',(0.,-1.,0.));
#9942=DIRECTION('ref_axis',(-1.,0.,0.));
#9943=DIRECTION('',(0.,-1.,0.));
#9944=DIRECTION('center_axis',(0.,-1.,0.));
#9945=DIRECTION('ref_axis',(-1.,0.,0.));
#9946=DIRECTION('',(0.,-1.,0.));
#9947=DIRECTION('center_axis',(0.,-1.,0.));
#9948=DIRECTION('ref_axis',(-1.,0.,0.));
#9949=DIRECTION('',(0.,-1.,0.));
#9950=DIRECTION('center_axis',(0.,-1.,0.));
#9951=DIRECTION('ref_axis',(-1.,0.,0.));
#9952=DIRECTION('',(0.,-1.,0.));
#9953=DIRECTION('center_axis',(0.,-1.,0.));
#9954=DIRECTION('ref_axis',(-1.,0.,0.));
#9955=DIRECTION('',(0.,-1.,0.));
#9956=DIRECTION('center_axis',(0.,-1.,0.));
#9957=DIRECTION('ref_axis',(-1.,0.,0.));
#9958=DIRECTION('',(0.,-1.,0.));
#9959=DIRECTION('center_axis',(0.,-1.,0.));
#9960=DIRECTION('ref_axis',(-1.,0.,0.));
#9961=DIRECTION('',(0.,-1.,0.));
#9962=DIRECTION('center_axis',(0.,-1.,0.));
#9963=DIRECTION('ref_axis',(-1.,0.,0.));
#9964=DIRECTION('',(0.,-1.,0.));
#9965=DIRECTION('center_axis',(0.,-1.,0.));
#9966=DIRECTION('ref_axis',(-1.,0.,0.));
#9967=DIRECTION('',(0.,-1.,0.));
#9968=DIRECTION('center_axis',(0.,-1.,0.));
#9969=DIRECTION('ref_axis',(-1.,0.,0.));
#9970=DIRECTION('',(0.,-1.,0.));
#9971=DIRECTION('center_axis',(0.,-1.,0.));
#9972=DIRECTION('ref_axis',(-1.,0.,0.));
#9973=DIRECTION('',(0.,-1.,0.));
#9974=DIRECTION('center_axis',(0.,-1.,0.));
#9975=DIRECTION('ref_axis',(-1.,0.,0.));
#9976=DIRECTION('',(0.,-1.,0.));
#9977=DIRECTION('center_axis',(0.,-1.,0.));
#9978=DIRECTION('ref_axis',(-1.,0.,0.));
#9979=DIRECTION('',(0.,-1.,0.));
#9980=DIRECTION('center_axis',(0.,-1.,0.));
#9981=DIRECTION('ref_axis',(-1.,0.,0.));
#9982=DIRECTION('',(0.,-1.,0.));
#9983=DIRECTION('center_axis',(0.,-1.,0.));
#9984=DIRECTION('ref_axis',(-1.,0.,0.));
#9985=DIRECTION('',(0.,-1.,0.));
#9986=DIRECTION('center_axis',(0.,-1.,0.));
#9987=DIRECTION('ref_axis',(-1.,0.,0.));
#9988=DIRECTION('',(0.,-1.,0.));
#9989=DIRECTION('center_axis',(0.,-1.,0.));
#9990=DIRECTION('ref_axis',(-1.,0.,0.));
#9991=DIRECTION('',(0.,-1.,0.));
#9992=DIRECTION('center_axis',(0.,-1.,0.));
#9993=DIRECTION('ref_axis',(-1.,0.,0.));
#9994=DIRECTION('',(0.,-1.,0.));
#9995=DIRECTION('center_axis',(0.,-1.,0.));
#9996=DIRECTION('ref_axis',(-1.,0.,0.));
#9997=DIRECTION('',(0.,-1.,0.));
#9998=DIRECTION('center_axis',(0.,-1.,0.));
#9999=DIRECTION('ref_axis',(-1.,0.,0.));
#10000=DIRECTION('',(0.,-1.,0.));
#10001=DIRECTION('center_axis',(0.,-1.,0.));
#10002=DIRECTION('ref_axis',(-1.,0.,0.));
#10003=DIRECTION('',(0.,-1.,0.));
#10004=DIRECTION('center_axis',(0.,-1.,0.));
#10005=DIRECTION('ref_axis',(-1.,0.,0.));
#10006=DIRECTION('',(0.,-1.,0.));
#10007=DIRECTION('center_axis',(0.,-1.,0.));
#10008=DIRECTION('ref_axis',(-1.,0.,0.));
#10009=DIRECTION('',(0.,-1.,0.));
#10010=DIRECTION('center_axis',(0.,-1.,0.));
#10011=DIRECTION('ref_axis',(-1.,0.,0.));
#10012=DIRECTION('',(0.,-1.,0.));
#10013=DIRECTION('center_axis',(0.,-1.,0.));
#10014=DIRECTION('ref_axis',(-1.,0.,0.));
#10015=DIRECTION('',(0.,-1.,0.));
#10016=DIRECTION('center_axis',(0.,-1.,0.));
#10017=DIRECTION('ref_axis',(-1.,0.,0.));
#10018=DIRECTION('',(0.,-1.,0.));
#10019=DIRECTION('center_axis',(0.,-1.,0.));
#10020=DIRECTION('ref_axis',(-1.,0.,0.));
#10021=DIRECTION('',(0.,-1.,0.));
#10022=DIRECTION('center_axis',(0.,-1.,0.));
#10023=DIRECTION('ref_axis',(-1.,0.,0.));
#10024=DIRECTION('',(0.,-1.,0.));
#10025=DIRECTION('center_axis',(0.,-1.,0.));
#10026=DIRECTION('ref_axis',(-1.,0.,0.));
#10027=DIRECTION('',(0.,-1.,0.));
#10028=DIRECTION('center_axis',(0.,-1.,0.));
#10029=DIRECTION('ref_axis',(-1.,0.,0.));
#10030=DIRECTION('',(0.,-1.,0.));
#10031=DIRECTION('center_axis',(0.,-1.,0.));
#10032=DIRECTION('ref_axis',(-1.,0.,0.));
#10033=DIRECTION('',(0.,-1.,0.));
#10034=DIRECTION('center_axis',(0.,-1.,0.));
#10035=DIRECTION('ref_axis',(-1.,0.,0.));
#10036=DIRECTION('',(0.,-1.,0.));
#10037=DIRECTION('center_axis',(0.,-1.,0.));
#10038=DIRECTION('ref_axis',(-1.,0.,0.));
#10039=DIRECTION('',(0.,-1.,0.));
#10040=DIRECTION('center_axis',(0.,-1.,0.));
#10041=DIRECTION('ref_axis',(-1.,0.,0.));
#10042=DIRECTION('',(0.,-1.,0.));
#10043=DIRECTION('center_axis',(0.,-1.,0.));
#10044=DIRECTION('ref_axis',(-1.,0.,0.));
#10045=DIRECTION('',(0.,-1.,0.));
#10046=DIRECTION('center_axis',(0.,-1.,0.));
#10047=DIRECTION('ref_axis',(-1.,0.,0.));
#10048=DIRECTION('',(0.,-1.,0.));
#10049=DIRECTION('center_axis',(0.,-1.,0.));
#10050=DIRECTION('ref_axis',(-1.,0.,0.));
#10051=DIRECTION('',(0.,-1.,0.));
#10052=DIRECTION('center_axis',(0.,-1.,0.));
#10053=DIRECTION('ref_axis',(-1.,0.,0.));
#10054=DIRECTION('',(0.,-1.,0.));
#10055=DIRECTION('center_axis',(0.,-1.,0.));
#10056=DIRECTION('ref_axis',(-1.,0.,0.));
#10057=DIRECTION('',(0.,-1.,0.));
#10058=DIRECTION('center_axis',(0.,-1.,0.));
#10059=DIRECTION('ref_axis',(-1.,0.,0.));
#10060=DIRECTION('',(0.,-1.,0.));
#10061=DIRECTION('center_axis',(0.,-1.,0.));
#10062=DIRECTION('ref_axis',(-1.,0.,0.));
#10063=DIRECTION('',(0.,-1.,0.));
#10064=DIRECTION('center_axis',(0.,-1.,0.));
#10065=DIRECTION('ref_axis',(-1.,0.,0.));
#10066=DIRECTION('',(0.,-1.,0.));
#10067=DIRECTION('center_axis',(0.,-1.,0.));
#10068=DIRECTION('ref_axis',(-1.,0.,0.));
#10069=DIRECTION('',(0.,-1.,0.));
#10070=DIRECTION('center_axis',(0.,-1.,0.));
#10071=DIRECTION('ref_axis',(-1.,0.,0.));
#10072=DIRECTION('',(0.,-1.,0.));
#10073=DIRECTION('center_axis',(0.,-1.,0.));
#10074=DIRECTION('ref_axis',(-1.,0.,0.));
#10075=DIRECTION('',(0.,-1.,0.));
#10076=DIRECTION('center_axis',(0.,-1.,0.));
#10077=DIRECTION('ref_axis',(-1.,0.,0.));
#10078=DIRECTION('',(0.,-1.,0.));
#10079=DIRECTION('center_axis',(0.,-1.,0.));
#10080=DIRECTION('ref_axis',(-1.,0.,0.));
#10081=DIRECTION('',(0.,-1.,0.));
#10082=DIRECTION('center_axis',(0.,0.,1.));
#10083=DIRECTION('ref_axis',(0.,1.,0.));
#10084=DIRECTION('center_axis',(0.,0.,-1.));
#10085=DIRECTION('ref_axis',(-0.707106781186546,-0.707106781186549,0.));
#10086=DIRECTION('',(-1.,0.,0.));
#10087=DIRECTION('',(0.,1.,0.));
#10088=DIRECTION('',(1.,0.,0.));
#10089=DIRECTION('center_axis',(0.,0.,1.));
#10090=DIRECTION('ref_axis',(-0.707106781186549,-0.707106781186546,0.));
#10091=DIRECTION('center_axis',(0.,1.,0.));
#10092=DIRECTION('ref_axis',(0.,0.,1.));
#10093=DIRECTION('',(0.,0.,-1.));
#10094=DIRECTION('',(0.,0.,1.));
#10095=DIRECTION('center_axis',(1.,0.,0.));
#10096=DIRECTION('ref_axis',(0.,1.,0.));
#10097=DIRECTION('',(0.,0.,1.));
#10098=DIRECTION('center_axis',(0.,-1.,0.));
#10099=DIRECTION('ref_axis',(1.,0.,0.));
#10100=DIRECTION('',(0.,0.,-1.));
#10101=DIRECTION('center_axis',(0.,0.,-1.));
#10102=DIRECTION('ref_axis',(-0.707106781186546,-0.707106781186549,0.));
#10103=DIRECTION('center_axis',(0.,1.,0.));
#10104=DIRECTION('ref_axis',(-0.707106781186548,0.,-0.707106781186548));
#10105=DIRECTION('center_axis',(0.,1.,0.));
#10106=DIRECTION('ref_axis',(-0.707106781186548,0.,-0.707106781186548));
#10107=DIRECTION('center_axis',(0.,0.,-1.));
#10108=DIRECTION('ref_axis',(0.,-1.,0.));
#10109=DIRECTION('',(1.,0.,0.));
#10110=DIRECTION('',(-1.,0.,0.));
#10111=DIRECTION('',(0.,1.,0.));
#10112=DIRECTION('',(1.,0.,0.));
#10113=DIRECTION('',(0.,1.,0.));
#10114=DIRECTION('center_axis',(0.,1.,0.));
#10115=DIRECTION('ref_axis',(0.,0.,1.));
#10116=DIRECTION('',(1.,0.,0.));
#10117=DIRECTION('center_axis',(-1.,0.,0.));
#10118=DIRECTION('ref_axis',(0.,0.707106781186544,-0.707106781186551));
#10119=DIRECTION('center_axis',(1.,0.,0.));
#10120=DIRECTION('ref_axis',(0.,0.707106781186544,-0.707106781186551));
#10121=DIRECTION('center_axis',(-1.,0.,0.));
#10122=DIRECTION('ref_axis',(0.,0.707106781186544,-0.707106781186551));
#10123=DIRECTION('',(-1.,0.,0.));
#10124=DIRECTION('center_axis',(-1.,0.,0.));
#10125=DIRECTION('ref_axis',(0.,0.,1.));
#10126=DIRECTION('',(0.,1.,0.));
#10127=DIRECTION('',(0.,0.,1.));
#10128=DIRECTION('center_axis',(-1.,0.,0.));
#10129=DIRECTION('ref_axis',(0.,0.707106781186548,-0.707106781186548));
#10130=DIRECTION('',(0.,1.,0.));
#10131=DIRECTION('center_axis',(0.,0.,1.));
#10132=DIRECTION('ref_axis',(0.,-1.,0.));
#10133=DIRECTION('',(0.,-1.,0.));
#10134=DIRECTION('',(1.,0.,0.));
#10135=DIRECTION('center_axis',(1.,0.,0.));
#10136=DIRECTION('ref_axis',(0.,-1.,0.));
#10137=DIRECTION('',(0.,1.,0.));
#10138=DIRECTION('',(0.,0.,-1.));
#10139=DIRECTION('',(0.,1.,0.));
#10140=DIRECTION('',(0.,0.,1.));
#10141=DIRECTION('center_axis',(1.,0.,0.));
#10142=DIRECTION('ref_axis',(0.,-1.,0.));
#10143=DIRECTION('',(0.,-1.,0.));
#10144=DIRECTION('',(0.,0.,-1.));
#10145=DIRECTION('',(0.,-1.,0.));
#10146=DIRECTION('',(0.,0.,1.));
#10147=DIRECTION('center_axis',(0.,-1.,0.));
#10148=DIRECTION('ref_axis',(0.,0.,-1.));
#10149=DIRECTION('',(-1.,0.,0.));
#10150=DIRECTION('',(1.,0.,0.));
#10151=DIRECTION('center_axis',(0.,0.,1.));
#10152=DIRECTION('ref_axis',(0.,1.,0.));
#10153=DIRECTION('center_axis',(0.,0.,-1.));
#10154=DIRECTION('ref_axis',(0.707106781186554,0.707106781186541,0.));
#10155=DIRECTION('',(0.,-1.,0.));
#10156=DIRECTION('center_axis',(0.,0.,1.));
#10157=DIRECTION('ref_axis',(0.707106781186551,0.707106781186544,0.));
#10158=DIRECTION('center_axis',(0.,0.,1.));
#10159=DIRECTION('ref_axis',(0.707106781186551,0.707106781186544,0.));
#10160=DIRECTION('center_axis',(0.,0.,1.));
#10161=DIRECTION('ref_axis',(0.707106781186551,0.707106781186544,0.));
#10162=DIRECTION('center_axis',(-1.,0.,0.));
#10163=DIRECTION('ref_axis',(0.,0.,1.));
#10164=DIRECTION('center_axis',(1.,0.,0.));
#10165=DIRECTION('ref_axis',(0.,0.707106781186548,-0.707106781186548));
#10166=DIRECTION('',(0.,0.,1.));
#10167=DIRECTION('center_axis',(1.,0.,0.));
#10168=DIRECTION('ref_axis',(0.,0.707106781186548,-0.707106781186548));
#10169=DIRECTION('center_axis',(0.,0.,1.));
#10170=DIRECTION('ref_axis',(0.,-1.,0.));
#10171=DIRECTION('center_axis',(0.,-1.,0.));
#10172=DIRECTION('ref_axis',(0.,0.,1.));
#10173=DIRECTION('center_axis',(0.,1.,0.));
#10174=DIRECTION('ref_axis',(-0.707106781186548,0.,0.707106781186548));
#10175=DIRECTION('',(0.,-1.,0.));
#10176=DIRECTION('',(0.,1.,0.));
#10177=DIRECTION('center_axis',(0.,-1.,0.));
#10178=DIRECTION('ref_axis',(-0.707106781186548,0.,0.707106781186548));
#10179=DIRECTION('center_axis',(0.,-1.,0.));
#10180=DIRECTION('ref_axis',(-1.,0.,0.));
#10181=DIRECTION('',(-1.,0.,0.));
#10182=DIRECTION('',(0.,0.,1.));
#10183=DIRECTION('',(-1.,0.,0.));
#10184=DIRECTION('',(-1.,0.,0.));
#10185=DIRECTION('center_axis',(0.,0.,-1.));
#10186=DIRECTION('ref_axis',(0.,1.,0.));
#10187=DIRECTION('',(0.,-1.,0.));
#10188=DIRECTION('',(1.,0.,0.));
#10189=DIRECTION('center_axis',(1.,0.,0.));
#10190=DIRECTION('ref_axis',(0.,-1.,0.));
#10191=DIRECTION('',(0.,1.,0.));
#10192=DIRECTION('',(0.,1.,0.));
#10193=DIRECTION('center_axis',(0.,0.,1.));
#10194=DIRECTION('ref_axis',(-1.,0.,0.));
#10195=DIRECTION('center_axis',(0.,0.,-1.));
#10196=DIRECTION('ref_axis',(-0.707106781186549,-0.707106781186546,0.));
#10197=DIRECTION('center_axis',(0.,0.,1.));
#10198=DIRECTION('ref_axis',(1.,0.,0.));
#10199=DIRECTION('',(0.,1.,0.));
#10200=DIRECTION('center_axis',(0.,0.,-1.));
#10201=DIRECTION('ref_axis',(0.707106781186554,0.707106781186541,0.));
#10202=DIRECTION('center_axis',(1.,0.,0.));
#10203=DIRECTION('ref_axis',(0.,0.70710678118655,0.707106781186545));
#10204=DIRECTION('center_axis',(-1.,0.,0.));
#10205=DIRECTION('ref_axis',(0.,0.70710678118655,0.707106781186545));
#10206=DIRECTION('center_axis',(1.,0.,0.));
#10207=DIRECTION('ref_axis',(0.,0.70710678118655,0.707106781186545));
#10208=DIRECTION('',(1.,0.,0.));
#10209=DIRECTION('center_axis',(-1.,0.,0.));
#10210=DIRECTION('ref_axis',(0.,1.,0.));
#10211=DIRECTION('',(0.,1.,0.));
#10212=DIRECTION('',(0.,0.,1.));
#10213=DIRECTION('',(0.,1.,0.));
#10214=DIRECTION('center_axis',(1.,0.,0.));
#10215=DIRECTION('ref_axis',(0.,0.707106781186544,0.707106781186551));
#10216=DIRECTION('center_axis',(0.,0.,-1.));
#10217=DIRECTION('ref_axis',(0.,1.,0.));
#10218=DIRECTION('',(0.,1.,0.));
#10219=DIRECTION('',(-1.,0.,0.));
#10220=DIRECTION('center_axis',(0.,0.,1.));
#10221=DIRECTION('ref_axis',(1.,0.,0.));
#10222=DIRECTION('',(0.,-1.,0.));
#10223=DIRECTION('center_axis',(0.,0.,1.));
#10224=DIRECTION('ref_axis',(0.707106781186554,0.707106781186541,0.));
#10225=DIRECTION('center_axis',(-1.,0.,0.));
#10226=DIRECTION('ref_axis',(0.,0.707106781186544,0.707106781186551));
#10227=DIRECTION('center_axis',(-1.,0.,0.));
#10228=DIRECTION('ref_axis',(0.,0.707106781186544,0.707106781186551));
#10229=DIRECTION('',(-1.,0.,0.));
#10230=DIRECTION('center_axis',(0.,0.,1.));
#10231=DIRECTION('ref_axis',(0.,-1.,0.));
#10232=DIRECTION('',(1.,0.,0.));
#10233=DIRECTION('center_axis',(0.,-1.,0.));
#10234=DIRECTION('ref_axis',(0.,0.,-1.));
#10235=DIRECTION('',(0.,0.,-1.));
#10236=DIRECTION('center_axis',(1.,0.,0.));
#10237=DIRECTION('ref_axis',(0.,-1.,0.));
#10238=DIRECTION('center_axis',(0.,1.,2.22044604925031E-16));
#10239=DIRECTION('ref_axis',(0.,0.,1.));
#10240=DIRECTION('center_axis',(0.,-1.,-2.22044604925031E-16));
#10241=DIRECTION('ref_axis',(-1.,1.97215226305253E-32,-8.88178419700125E-17));
#10242=DIRECTION('center_axis',(-1.,0.,0.));
#10243=DIRECTION('ref_axis',(0.,4.44089209850063E-16,-1.));
#10244=DIRECTION('center_axis',(0.,1.,2.22044604925031E-16));
#10245=DIRECTION('ref_axis',(-1.,0.,-8.88178419700125E-17));
#10246=DIRECTION('center_axis',(0.,1.,2.22044604925031E-16));
#10247=DIRECTION('ref_axis',(-1.,0.,-8.88178419700125E-17));
#10248=DIRECTION('center_axis',(0.,1.,2.22044604925031E-16));
#10249=DIRECTION('ref_axis',(1.,0.,0.));
#10250=DIRECTION('',(0.,-1.,-2.22044604925031E-16));
#10251=DIRECTION('center_axis',(0.,-1.,0.));
#10252=DIRECTION('ref_axis',(1.,0.,0.));
#10253=DIRECTION('center_axis',(0.,1.,2.22044604925031E-16));
#10254=DIRECTION('ref_axis',(1.,0.,0.));
#10255=DIRECTION('center_axis',(0.,-1.,-2.22044604925031E-16));
#10256=DIRECTION('ref_axis',(-1.,0.,0.));
#10257=DIRECTION('center_axis',(0.,-1.,0.));
#10258=DIRECTION('ref_axis',(1.,0.,0.));
#10259=DIRECTION('center_axis',(0.,0.,-1.));
#10260=DIRECTION('ref_axis',(-1.,0.,0.));
#10261=DIRECTION('',(0.,-1.,0.));
#10262=DIRECTION('',(-1.,0.,0.));
#10263=DIRECTION('',(0.,1.,0.));
#10264=DIRECTION('',(1.,0.,0.));
#10265=DIRECTION('center_axis',(0.,0.,-1.));
#10266=DIRECTION('ref_axis',(0.,1.,0.));
#10267=DIRECTION('',(1.,0.,0.));
#10268=DIRECTION('',(0.,1.,0.));
#10269=DIRECTION('',(-1.,0.,0.));
#10270=DIRECTION('',(0.,-1.,0.));
#10271=DIRECTION('center_axis',(1.,0.,0.));
#10272=DIRECTION('ref_axis',(0.,0.,-1.));
#10273=DIRECTION('',(0.,0.,1.));
#10274=DIRECTION('',(0.,0.,-1.));
#10275=DIRECTION('',(0.,1.,0.));
#10276=DIRECTION('center_axis',(0.,1.,0.));
#10277=DIRECTION('ref_axis',(0.,0.,-1.));
#10278=DIRECTION('',(-1.,0.,0.));
#10279=DIRECTION('',(0.,0.,-1.));
#10280=DIRECTION('',(0.,0.,1.));
#10281=DIRECTION('center_axis',(0.,1.,0.));
#10282=DIRECTION('ref_axis',(1.,0.,0.));
#10283=DIRECTION('center_axis',(0.,1.,0.));
#10284=DIRECTION('ref_axis',(1.,0.,0.));
#10285=DIRECTION('center_axis',(0.,1.,0.));
#10286=DIRECTION('ref_axis',(0.,0.,-1.));
#10287=DIRECTION('',(0.,0.,-1.));
#10288=DIRECTION('',(-1.,0.,0.));
#10289=DIRECTION('',(0.,0.,-1.));
#10290=DIRECTION('',(1.,0.,0.));
#10291=DIRECTION('',(0.,0.,-1.));
#10292=DIRECTION('',(-1.,0.,0.));
#10293=DIRECTION('',(0.,0.,-1.));
#10294=DIRECTION('',(1.,0.,0.));
#10295=DIRECTION('',(0.,0.,-1.));
#10296=DIRECTION('',(0.,0.,1.));
#10297=DIRECTION('',(1.,0.,0.));
#10298=DIRECTION('',(0.,0.,-1.));
#10299=DIRECTION('',(1.,0.,0.));
#10300=DIRECTION('',(0.,0.,1.));
#10301=DIRECTION('',(1.,0.,0.));
#10302=DIRECTION('center_axis',(0.,-1.,0.));
#10303=DIRECTION('ref_axis',(1.,0.,0.));
#10304=DIRECTION('center_axis',(0.,1.,0.));
#10305=DIRECTION('ref_axis',(-0.707106781186548,0.,0.707106781186547));
#10306=DIRECTION('',(0.,0.,1.));
#10307=DIRECTION('',(-1.,0.,0.));
#10308=DIRECTION('',(0.,0.,-1.));
#10309=DIRECTION('',(1.,0.,0.));
#10310=DIRECTION('',(0.,0.,1.));
#10311=DIRECTION('center_axis',(0.,1.,0.));
#10312=DIRECTION('ref_axis',(-0.707106781186548,0.,-0.707106781186547));
#10313=DIRECTION('',(-1.,0.,0.));
#10314=DIRECTION('center_axis',(0.,1.,0.));
#10315=DIRECTION('ref_axis',(0.707106781186548,0.,-0.707106781186548));
#10316=DIRECTION('',(0.,0.,1.));
#10317=DIRECTION('',(1.,0.,0.));
#10318=DIRECTION('',(0.,0.,1.));
#10319=DIRECTION('',(-1.,0.,0.));
#10320=DIRECTION('',(0.,0.,1.));
#10321=DIRECTION('center_axis',(0.,1.,0.));
#10322=DIRECTION('ref_axis',(0.707106781186548,0.,0.707106781186548));
#10323=DIRECTION('',(1.,0.,0.));
#10324=DIRECTION('center_axis',(0.,-1.,-2.22044604925031E-16));
#10325=DIRECTION('ref_axis',(1.,0.,0.));
#10326=DIRECTION('',(0.,0.,1.));
#10327=DIRECTION('',(1.,0.,0.));
#10328=DIRECTION('',(0.,0.,1.));
#10329=DIRECTION('',(-1.,0.,0.));
#10330=DIRECTION('',(0.,0.,1.));
#10331=DIRECTION('',(-1.,0.,0.));
#10332=DIRECTION('',(0.,0.,-1.));
#10333=DIRECTION('',(-1.,0.,0.));
#10334=DIRECTION('',(0.,0.,-1.));
#10335=DIRECTION('',(1.,0.,0.));
#10336=DIRECTION('',(0.,0.,-1.));
#10337=DIRECTION('',(1.,0.,0.));
#10338=DIRECTION('center_axis',(0.,-1.,0.));
#10339=DIRECTION('ref_axis',(1.,0.,0.));
#10340=DIRECTION('',(0.,0.,-1.));
#10341=DIRECTION('',(1.,0.,0.));
#10342=DIRECTION('',(0.,0.,1.));
#10343=DIRECTION('',(-1.,0.,0.));
#10344=DIRECTION('center_axis',(0.,-1.,0.));
#10345=DIRECTION('ref_axis',(1.,0.,0.));
#10346=DIRECTION('',(0.,0.,1.));
#10347=DIRECTION('',(-1.,0.,0.));
#10348=DIRECTION('',(0.,0.,-1.));
#10349=DIRECTION('',(1.,0.,0.));
#10350=DIRECTION('center_axis',(0.,1.,2.22044604925031E-16));
#10351=DIRECTION('ref_axis',(1.,0.,0.));
#10352=DIRECTION('center_axis',(0.,1.,2.22044604925031E-16));
#10353=DIRECTION('ref_axis',(1.,0.,0.));
#10354=DIRECTION('',(0.,-1.,-2.22044604925031E-16));
#10355=DIRECTION('center_axis',(0.,-1.,0.));
#10356=DIRECTION('ref_axis',(1.,0.,0.));
#10357=DIRECTION('center_axis',(0.,1.,2.22044604925031E-16));
#10358=DIRECTION('ref_axis',(1.,0.,0.));
#10359=DIRECTION('center_axis',(0.,1.,0.));
#10360=DIRECTION('ref_axis',(0.,0.,-1.));
#10361=DIRECTION('',(-1.,0.,0.));
#10362=DIRECTION('',(0.,0.,1.));
#10363=DIRECTION('',(1.,0.,0.));
#10364=DIRECTION('',(0.,0.,-1.));
#10365=DIRECTION('center_axis',(-1.,0.,0.));
#10366=DIRECTION('ref_axis',(0.,1.,0.));
#10367=DIRECTION('',(0.,-1.,0.));
#10368=DIRECTION('',(0.,-1.,0.));
#10369=DIRECTION('center_axis',(0.,0.,-1.));
#10370=DIRECTION('ref_axis',(0.,-1.,0.));
#10371=DIRECTION('',(0.,-1.,0.));
#10372=DIRECTION('center_axis',(1.,0.,0.));
#10373=DIRECTION('ref_axis',(0.,-1.,0.));
#10374=DIRECTION('',(0.,-1.,0.));
#10375=DIRECTION('center_axis',(0.,0.,1.));
#10376=DIRECTION('ref_axis',(0.,1.,0.));
#10377=DIRECTION('center_axis',(0.,1.,2.22044604925031E-16));
#10378=DIRECTION('ref_axis',(0.,0.,1.));
#10379=DIRECTION('center_axis',(0.,-1.,-2.22044604925031E-16));
#10380=DIRECTION('ref_axis',(-1.,1.97215226305253E-32,-8.88178419700125E-17));
#10381=DIRECTION('center_axis',(-1.,0.,0.));
#10382=DIRECTION('ref_axis',(0.,4.44089209850063E-16,-1.));
#10383=DIRECTION('center_axis',(0.,1.,2.22044604925031E-16));
#10384=DIRECTION('ref_axis',(-1.,0.,-8.88178419700125E-17));
#10385=DIRECTION('center_axis',(0.,1.,2.22044604925031E-16));
#10386=DIRECTION('ref_axis',(-1.,0.,-8.88178419700125E-17));
#10387=DIRECTION('center_axis',(0.,1.,2.22044604925031E-16));
#10388=DIRECTION('ref_axis',(1.,0.,0.));
#10389=DIRECTION('',(0.,-1.,-2.22044604925031E-16));
#10390=DIRECTION('center_axis',(0.,1.,2.22044604925031E-16));
#10391=DIRECTION('ref_axis',(1.,0.,0.));
#10392=DIRECTION('center_axis',(0.,-1.,-2.22044604925031E-16));
#10393=DIRECTION('ref_axis',(-1.,0.,0.));
#10394=DIRECTION('center_axis',(0.,-1.,0.));
#10395=DIRECTION('ref_axis',(1.,0.,0.));
#10396=DIRECTION('center_axis',(0.,1.,0.));
#10397=DIRECTION('ref_axis',(0.,0.,1.));
#10398=DIRECTION('center_axis',(0.,-1.,0.));
#10399=DIRECTION('ref_axis',(-1.,0.,0.));
#10400=DIRECTION('center_axis',(-1.,0.,0.));
#10401=DIRECTION('ref_axis',(0.,0.,-1.));
#10402=DIRECTION('center_axis',(0.,1.,0.));
#10403=DIRECTION('ref_axis',(-1.,0.,0.));
#10404=DIRECTION('center_axis',(0.,1.,0.));
#10405=DIRECTION('ref_axis',(-1.,0.,0.));
#10406=DIRECTION('center_axis',(0.,1.,0.));
#10407=DIRECTION('ref_axis',(-1.,0.,0.));
#10408=DIRECTION('',(0.,-1.,0.));
#10409=DIRECTION('center_axis',(0.,-1.,0.));
#10410=DIRECTION('ref_axis',(-1.,0.,0.));
#10411=DIRECTION('center_axis',(0.,1.,0.));
#10412=DIRECTION('ref_axis',(-1.,0.,0.));
#10413=DIRECTION('center_axis',(0.,0.,1.));
#10414=DIRECTION('ref_axis',(1.,0.,0.));
#10415=DIRECTION('',(-1.,0.,0.));
#10416=DIRECTION('',(0.,-1.,0.));
#10417=DIRECTION('',(1.,0.,0.));
#10418=DIRECTION('',(0.,1.,0.));
#10419=DIRECTION('center_axis',(0.,0.,-1.));
#10420=DIRECTION('ref_axis',(-1.,0.,0.));
#10421=DIRECTION('',(1.,0.,0.));
#10422=DIRECTION('',(0.,-1.,0.));
#10423=DIRECTION('',(-1.,0.,0.));
#10424=DIRECTION('',(0.,1.,0.));
#10425=DIRECTION('center_axis',(0.,1.,0.));
#10426=DIRECTION('ref_axis',(-1.,0.,0.));
#10427=DIRECTION('',(0.,0.,-1.));
#10428=DIRECTION('',(0.,0.,1.));
#10429=DIRECTION('center_axis',(1.,0.,0.));
#10430=DIRECTION('ref_axis',(0.,0.,1.));
#10431=DIRECTION('',(0.,0.,1.));
#10432=DIRECTION('',(0.,-1.,0.));
#10433=DIRECTION('center_axis',(1.,0.,0.));
#10434=DIRECTION('ref_axis',(0.,0.707106781186549,0.707106781186546));
#10435=DIRECTION('',(0.,0.,-1.));
#10436=DIRECTION('',(0.,-1.,0.));
#10437=DIRECTION('',(0.,0.,1.));
#10438=DIRECTION('center_axis',(0.,-1.,0.));
#10439=DIRECTION('ref_axis',(0.,0.,-1.));
#10440=DIRECTION('',(0.,0.,-1.));
#10441=DIRECTION('',(-1.,0.,0.));
#10442=DIRECTION('center_axis',(0.,1.,0.));
#10443=DIRECTION('ref_axis',(0.,0.,1.));
#10444=DIRECTION('center_axis',(0.,-1.,0.));
#10445=DIRECTION('ref_axis',(-1.,0.,0.));
#10446=DIRECTION('center_axis',(-1.,0.,2.22044604925031E-16));
#10447=DIRECTION('ref_axis',(-2.22044604925031E-16,0.,-1.));
#10448=DIRECTION('center_axis',(0.,1.,0.));
#10449=DIRECTION('ref_axis',(-1.,0.,0.));
#10450=DIRECTION('center_axis',(0.,1.,0.));
#10451=DIRECTION('ref_axis',(-1.,0.,0.));
#10452=DIRECTION('center_axis',(0.,1.,0.));
#10453=DIRECTION('ref_axis',(-1.,0.,0.));
#10454=DIRECTION('',(0.,-1.,0.));
#10455=DIRECTION('center_axis',(0.,-1.,0.));
#10456=DIRECTION('ref_axis',(-1.,0.,0.));
#10457=DIRECTION('center_axis',(0.,1.,0.));
#10458=DIRECTION('ref_axis',(-1.,0.,0.));
#10459=DIRECTION('center_axis',(0.,0.,1.));
#10460=DIRECTION('ref_axis',(1.,0.,0.));
#10461=DIRECTION('',(-1.,0.,0.));
#10462=DIRECTION('',(0.,-1.,0.));
#10463=DIRECTION('',(1.,0.,0.));
#10464=DIRECTION('',(0.,1.,0.));
#10465=DIRECTION('center_axis',(0.,0.,-1.));
#10466=DIRECTION('ref_axis',(-1.,0.,0.));
#10467=DIRECTION('',(1.,0.,0.));
#10468=DIRECTION('',(0.,-1.,0.));
#10469=DIRECTION('',(-1.,0.,0.));
#10470=DIRECTION('',(0.,1.,0.));
#10471=DIRECTION('center_axis',(0.,1.,0.));
#10472=DIRECTION('ref_axis',(-1.,0.,0.));
#10473=DIRECTION('',(0.,0.,-1.));
#10474=DIRECTION('',(0.,0.,1.));
#10475=DIRECTION('center_axis',(1.,0.,0.));
#10476=DIRECTION('ref_axis',(0.,0.,1.));
#10477=DIRECTION('',(0.,0.,1.));
#10478=DIRECTION('',(0.,-1.,0.));
#10479=DIRECTION('center_axis',(1.,0.,0.));
#10480=DIRECTION('ref_axis',(0.,0.707106781186549,0.707106781186546));
#10481=DIRECTION('',(0.,0.,-1.));
#10482=DIRECTION('',(0.,-1.,0.));
#10483=DIRECTION('',(0.,0.,1.));
#10484=DIRECTION('center_axis',(0.,-1.,0.));
#10485=DIRECTION('ref_axis',(0.,0.,-1.));
#10486=DIRECTION('',(0.,0.,-1.));
#10487=DIRECTION('',(-1.,0.,0.));
#10488=DIRECTION('center_axis',(0.,1.,0.));
#10489=DIRECTION('ref_axis',(0.,0.,1.));
#10490=DIRECTION('center_axis',(0.,-1.,0.));
#10491=DIRECTION('ref_axis',(-1.,0.,0.));
#10492=DIRECTION('center_axis',(-1.,0.,1.11022302462516E-16));
#10493=DIRECTION('ref_axis',(-1.11022302462516E-16,0.,-1.));
#10494=DIRECTION('center_axis',(0.,1.,0.));
#10495=DIRECTION('ref_axis',(-1.,0.,0.));
#10496=DIRECTION('center_axis',(0.,1.,0.));
#10497=DIRECTION('ref_axis',(-1.,0.,0.));
#10498=DIRECTION('center_axis',(0.,1.,0.));
#10499=DIRECTION('ref_axis',(-1.,0.,0.));
#10500=DIRECTION('',(0.,-1.,0.));
#10501=DIRECTION('center_axis',(0.,-1.,0.));
#10502=DIRECTION('ref_axis',(-1.,0.,0.));
#10503=DIRECTION('center_axis',(0.,1.,0.));
#10504=DIRECTION('ref_axis',(-1.,0.,0.));
#10505=DIRECTION('center_axis',(0.,0.,1.));
#10506=DIRECTION('ref_axis',(1.,0.,0.));
#10507=DIRECTION('',(-1.,0.,0.));
#10508=DIRECTION('',(0.,-1.,0.));
#10509=DIRECTION('',(1.,0.,0.));
#10510=DIRECTION('',(0.,1.,0.));
#10511=DIRECTION('center_axis',(0.,0.,-1.));
#10512=DIRECTION('ref_axis',(-1.,0.,0.));
#10513=DIRECTION('',(1.,0.,0.));
#10514=DIRECTION('',(0.,-1.,0.));
#10515=DIRECTION('',(-1.,0.,0.));
#10516=DIRECTION('',(0.,1.,0.));
#10517=DIRECTION('center_axis',(0.,1.,0.));
#10518=DIRECTION('ref_axis',(-1.,0.,0.));
#10519=DIRECTION('',(0.,0.,-1.));
#10520=DIRECTION('',(0.,0.,1.));
#10521=DIRECTION('center_axis',(1.,0.,0.));
#10522=DIRECTION('ref_axis',(0.,0.,1.));
#10523=DIRECTION('',(0.,0.,1.));
#10524=DIRECTION('',(0.,-1.,0.));
#10525=DIRECTION('center_axis',(1.,0.,0.));
#10526=DIRECTION('ref_axis',(0.,0.707106781186549,0.707106781186546));
#10527=DIRECTION('',(0.,0.,-1.));
#10528=DIRECTION('',(0.,-1.,0.));
#10529=DIRECTION('',(0.,0.,1.));
#10530=DIRECTION('center_axis',(0.,-1.,0.));
#10531=DIRECTION('ref_axis',(0.,0.,-1.));
#10532=DIRECTION('',(0.,0.,-1.));
#10533=DIRECTION('',(-1.,0.,0.));
#10534=DIRECTION('center_axis',(0.,1.,0.));
#10535=DIRECTION('ref_axis',(0.,0.,1.));
#10536=DIRECTION('center_axis',(0.,-1.,0.));
#10537=DIRECTION('ref_axis',(-1.,0.,0.));
#10538=DIRECTION('center_axis',(-1.,0.,0.));
#10539=DIRECTION('ref_axis',(0.,0.,-1.));
#10540=DIRECTION('center_axis',(0.,1.,0.));
#10541=DIRECTION('ref_axis',(-1.,0.,0.));
#10542=DIRECTION('center_axis',(0.,1.,0.));
#10543=DIRECTION('ref_axis',(-1.,0.,0.));
#10544=DIRECTION('center_axis',(0.,1.,0.));
#10545=DIRECTION('ref_axis',(-1.,0.,0.));
#10546=DIRECTION('',(0.,-1.,0.));
#10547=DIRECTION('center_axis',(0.,-1.,0.));
#10548=DIRECTION('ref_axis',(-1.,0.,0.));
#10549=DIRECTION('center_axis',(0.,1.,0.));
#10550=DIRECTION('ref_axis',(-1.,0.,0.));
#10551=DIRECTION('center_axis',(0.,0.,1.));
#10552=DIRECTION('ref_axis',(1.,0.,0.));
#10553=DIRECTION('',(-1.,0.,0.));
#10554=DIRECTION('',(0.,-1.,0.));
#10555=DIRECTION('',(1.,0.,0.));
#10556=DIRECTION('',(0.,1.,0.));
#10557=DIRECTION('center_axis',(0.,0.,-1.));
#10558=DIRECTION('ref_axis',(-1.,0.,0.));
#10559=DIRECTION('',(1.,0.,0.));
#10560=DIRECTION('',(0.,-1.,0.));
#10561=DIRECTION('',(-1.,0.,0.));
#10562=DIRECTION('',(0.,1.,0.));
#10563=DIRECTION('center_axis',(0.,1.,0.));
#10564=DIRECTION('ref_axis',(-1.,0.,0.));
#10565=DIRECTION('',(0.,0.,-1.));
#10566=DIRECTION('',(0.,0.,1.));
#10567=DIRECTION('center_axis',(1.,0.,0.));
#10568=DIRECTION('ref_axis',(0.,0.,1.));
#10569=DIRECTION('',(0.,0.,1.));
#10570=DIRECTION('',(0.,-1.,0.));
#10571=DIRECTION('center_axis',(1.,0.,0.));
#10572=DIRECTION('ref_axis',(0.,0.707106781186549,0.707106781186546));
#10573=DIRECTION('',(0.,0.,-1.));
#10574=DIRECTION('',(0.,-1.,0.));
#10575=DIRECTION('',(0.,0.,1.));
#10576=DIRECTION('center_axis',(0.,-1.,0.));
#10577=DIRECTION('ref_axis',(0.,0.,-1.));
#10578=DIRECTION('',(0.,0.,-1.));
#10579=DIRECTION('',(-1.,0.,0.));
#10580=DIRECTION('center_axis',(0.,1.,0.));
#10581=DIRECTION('ref_axis',(0.,0.,1.));
#10582=DIRECTION('center_axis',(0.,-1.,0.));
#10583=DIRECTION('ref_axis',(-1.,0.,0.));
#10584=DIRECTION('center_axis',(-1.,0.,0.));
#10585=DIRECTION('ref_axis',(0.,0.,-1.));
#10586=DIRECTION('center_axis',(0.,1.,0.));
#10587=DIRECTION('ref_axis',(-1.,0.,0.));
#10588=DIRECTION('center_axis',(0.,1.,0.));
#10589=DIRECTION('ref_axis',(-1.,0.,0.));
#10590=DIRECTION('center_axis',(0.,1.,0.));
#10591=DIRECTION('ref_axis',(-1.,0.,0.));
#10592=DIRECTION('',(0.,-1.,0.));
#10593=DIRECTION('center_axis',(0.,-1.,0.));
#10594=DIRECTION('ref_axis',(-1.,0.,0.));
#10595=DIRECTION('center_axis',(0.,1.,0.));
#10596=DIRECTION('ref_axis',(-1.,0.,0.));
#10597=DIRECTION('center_axis',(0.,0.,1.));
#10598=DIRECTION('ref_axis',(1.,0.,0.));
#10599=DIRECTION('',(-1.,0.,0.));
#10600=DIRECTION('',(0.,-1.,0.));
#10601=DIRECTION('',(1.,0.,0.));
#10602=DIRECTION('',(0.,1.,0.));
#10603=DIRECTION('center_axis',(0.,0.,-1.));
#10604=DIRECTION('ref_axis',(-1.,0.,0.));
#10605=DIRECTION('',(1.,0.,0.));
#10606=DIRECTION('',(0.,-1.,0.));
#10607=DIRECTION('',(-1.,0.,0.));
#10608=DIRECTION('',(0.,1.,0.));
#10609=DIRECTION('center_axis',(0.,1.,0.));
#10610=DIRECTION('ref_axis',(-1.,0.,0.));
#10611=DIRECTION('',(0.,0.,-1.));
#10612=DIRECTION('',(0.,0.,1.));
#10613=DIRECTION('center_axis',(1.,0.,0.));
#10614=DIRECTION('ref_axis',(0.,0.,1.));
#10615=DIRECTION('',(0.,0.,1.));
#10616=DIRECTION('',(0.,-1.,0.));
#10617=DIRECTION('center_axis',(1.,0.,0.));
#10618=DIRECTION('ref_axis',(0.,0.707106781186549,0.707106781186546));
#10619=DIRECTION('',(0.,0.,-1.));
#10620=DIRECTION('',(0.,-1.,0.));
#10621=DIRECTION('',(0.,0.,1.));
#10622=DIRECTION('center_axis',(0.,-1.,0.));
#10623=DIRECTION('ref_axis',(0.,0.,-1.));
#10624=DIRECTION('',(0.,0.,-1.));
#10625=DIRECTION('',(-1.,0.,0.));
#10626=DIRECTION('center_axis',(-1.,0.,0.));
#10627=DIRECTION('ref_axis',(0.,0.707106781186549,0.707106781186546));
#10628=DIRECTION('center_axis',(1.,0.,0.));
#10629=DIRECTION('ref_axis',(0.,0.707106781186549,0.707106781186546));
#10630=DIRECTION('',(1.,0.,0.));
#10631=DIRECTION('center_axis',(-1.,0.,0.));
#10632=DIRECTION('ref_axis',(0.,0.707106781186549,0.707106781186546));
#10633=DIRECTION('',(-1.,0.,0.));
#10634=DIRECTION('center_axis',(1.,0.,0.));
#10635=DIRECTION('ref_axis',(0.,-1.,0.));
#10636=DIRECTION('',(0.,0.,-1.));
#10637=DIRECTION('',(0.,-1.,0.));
#10638=DIRECTION('',(0.,0.,-1.));
#10639=DIRECTION('',(0.,-1.,0.));
#10640=DIRECTION('center_axis',(0.,-1.,0.));
#10641=DIRECTION('ref_axis',(0.,0.,-1.));
#10642=DIRECTION('',(0.,0.,1.));
#10643=DIRECTION('',(-1.,0.,0.));
#10644=DIRECTION('',(-1.,0.,0.));
#10645=DIRECTION('',(0.,0.,1.));
#10646=DIRECTION('',(-1.,0.,0.));
#10647=DIRECTION('',(-1.,0.,0.));
#10648=DIRECTION('',(0.,0.,1.));
#10649=DIRECTION('',(-1.,0.,0.));
#10650=DIRECTION('',(-1.,0.,0.));
#10651=DIRECTION('',(0.,0.,1.));
#10652=DIRECTION('',(-1.,0.,0.));
#10653=DIRECTION('',(-1.,0.,0.));
#10654=DIRECTION('',(0.,0.,1.));
#10655=DIRECTION('',(-1.,0.,0.));
#10656=DIRECTION('',(-1.,0.,0.));
#10657=DIRECTION('',(0.,0.,1.));
#10658=DIRECTION('',(1.,0.,0.));
#10659=DIRECTION('center_axis',(-1.,0.,0.));
#10660=DIRECTION('ref_axis',(0.,0.707106781186549,0.707106781186546));
#10661=DIRECTION('',(1.,0.,0.));
#10662=DIRECTION('center_axis',(-1.,0.,0.));
#10663=DIRECTION('ref_axis',(0.,0.707106781186549,0.707106781186546));
#10664=DIRECTION('center_axis',(-1.,0.,0.));
#10665=DIRECTION('ref_axis',(0.,0.707106781186549,0.707106781186546));
#10666=DIRECTION('',(1.,0.,0.));
#10667=DIRECTION('center_axis',(-1.,0.,0.));
#10668=DIRECTION('ref_axis',(0.,0.707106781186549,0.707106781186546));
#10669=DIRECTION('center_axis',(-1.,0.,0.));
#10670=DIRECTION('ref_axis',(0.,0.707106781186549,0.707106781186546));
#10671=DIRECTION('',(1.,0.,0.));
#10672=DIRECTION('center_axis',(-1.,0.,0.));
#10673=DIRECTION('ref_axis',(0.,0.707106781186549,0.707106781186546));
#10674=DIRECTION('center_axis',(-1.,0.,0.));
#10675=DIRECTION('ref_axis',(0.,0.707106781186549,0.707106781186546));
#10676=DIRECTION('',(1.,0.,0.));
#10677=DIRECTION('center_axis',(-1.,0.,0.));
#10678=DIRECTION('ref_axis',(0.,0.707106781186549,0.707106781186546));
#10679=DIRECTION('center_axis',(-1.,0.,0.));
#10680=DIRECTION('ref_axis',(0.,0.707106781186549,0.707106781186546));
#10681=DIRECTION('center_axis',(-1.,0.,0.));
#10682=DIRECTION('ref_axis',(0.,0.707106781186549,0.707106781186546));
#10683=DIRECTION('',(1.,0.,0.));
#10684=DIRECTION('center_axis',(0.,0.,1.));
#10685=DIRECTION('ref_axis',(0.,1.,0.));
#10686=DIRECTION('',(0.,-1.,0.));
#10687=DIRECTION('center_axis',(-1.,0.,0.));
#10688=DIRECTION('ref_axis',(0.,1.,0.));
#10689=DIRECTION('',(0.,-1.,0.));
#10690=DIRECTION('',(0.,0.,1.));
#10691=DIRECTION('center_axis',(0.,0.,-1.));
#10692=DIRECTION('ref_axis',(1.,0.,0.));
#10693=DIRECTION('',(0.,-1.,0.));
#10694=DIRECTION('',(1.,0.,0.));
#10695=DIRECTION('center_axis',(-1.,0.,0.));
#10696=DIRECTION('ref_axis',(0.,0.,-1.));
#10697=DIRECTION('',(0.,0.,-1.));
#10698=DIRECTION('',(0.,1.,0.));
#10699=DIRECTION('center_axis',(0.,0.,-1.));
#10700=DIRECTION('ref_axis',(1.,0.,0.));
#10701=DIRECTION('',(0.,-1.,0.));
#10702=DIRECTION('',(1.,0.,0.));
#10703=DIRECTION('center_axis',(-1.,0.,0.));
#10704=DIRECTION('ref_axis',(0.,0.,-1.));
#10705=DIRECTION('',(0.,0.,-1.));
#10706=DIRECTION('',(0.,1.,0.));
#10707=DIRECTION('center_axis',(-1.,0.,0.));
#10708=DIRECTION('ref_axis',(0.,0.,-1.));
#10709=DIRECTION('',(0.,0.,-1.));
#10710=DIRECTION('',(0.,-1.,0.));
#10711=DIRECTION('',(0.,1.,0.));
#10712=DIRECTION('center_axis',(0.,0.,-1.));
#10713=DIRECTION('ref_axis',(1.,0.,0.));
#10714=DIRECTION('',(1.,0.,0.));
#10715=DIRECTION('center_axis',(0.,-1.,0.));
#10716=DIRECTION('ref_axis',(0.,0.,-1.));
#10717=DIRECTION('center_axis',(-1.,0.,0.));
#10718=DIRECTION('ref_axis',(0.,0.,-1.));
#10719=DIRECTION('',(0.,0.,-1.));
#10720=DIRECTION('',(0.,-1.,0.));
#10721=DIRECTION('',(0.,1.,0.));
#10722=DIRECTION('center_axis',(0.,0.,-1.));
#10723=DIRECTION('ref_axis',(1.,0.,0.));
#10724=DIRECTION('',(1.,0.,0.));
#10725=DIRECTION('center_axis',(0.,-1.,0.));
#10726=DIRECTION('ref_axis',(0.,0.,-1.));
#10727=DIRECTION('center_axis',(0.,-1.,0.));
#10728=DIRECTION('ref_axis',(0.,0.,-1.));
#10729=DIRECTION('center_axis',(-1.,0.,0.));
#10730=DIRECTION('ref_axis',(0.,0.,-1.));
#10731=DIRECTION('',(0.,0.,-1.));
#10732=DIRECTION('',(0.,-1.,0.));
#10733=DIRECTION('',(0.,1.,0.));
#10734=DIRECTION('center_axis',(0.,0.,-1.));
#10735=DIRECTION('ref_axis',(1.,0.,0.));
#10736=DIRECTION('',(1.,0.,0.));
#10737=DIRECTION('center_axis',(0.,-1.,0.));
#10738=DIRECTION('ref_axis',(0.,0.,-1.));
#10739=DIRECTION('center_axis',(0.,-1.,0.));
#10740=DIRECTION('ref_axis',(0.,0.,-1.));
#10741=DIRECTION('center_axis',(0.,0.,-1.));
#10742=DIRECTION('ref_axis',(0.,-1.,0.));
#10743=DIRECTION('',(-1.,0.,0.));
#10744=DIRECTION('center_axis',(0.,1.,0.));
#10745=DIRECTION('ref_axis',(0.,0.,-1.));
#10746=DIRECTION('',(1.,0.,0.));
#10747=DIRECTION('center_axis',(-1.,0.,0.));
#10748=DIRECTION('ref_axis',(0.,-1.,0.));
#10749=DIRECTION('',(0.,-1.,0.));
#10750=DIRECTION('',(0.,0.,-1.));
#10751=DIRECTION('',(0.,-1.,0.));
#10752=DIRECTION('',(0.,-1.,0.));
#10753=DIRECTION('',(0.,0.,-1.));
#10754=DIRECTION('',(0.,-1.,0.));
#10755=DIRECTION('center_axis',(0.,1.,2.22044604925031E-16));
#10756=DIRECTION('ref_axis',(0.,0.,1.));
#10757=DIRECTION('center_axis',(0.,-1.,-2.22044604925031E-16));
#10758=DIRECTION('ref_axis',(-1.,9.86076131526266E-33,-4.44089209850063E-17));
#10759=DIRECTION('center_axis',(-1.,0.,0.));
#10760=DIRECTION('ref_axis',(0.,0.,-1.));
#10761=DIRECTION('center_axis',(0.,1.,2.22044604925031E-16));
#10762=DIRECTION('ref_axis',(-1.,0.,-4.44089209850063E-17));
#10763=DIRECTION('center_axis',(0.,1.,2.22044604925031E-16));
#10764=DIRECTION('ref_axis',(-1.,0.,-4.44089209850063E-17));
#10765=DIRECTION('center_axis',(0.,1.,2.22044604925031E-16));
#10766=DIRECTION('ref_axis',(1.,0.,0.));
#10767=DIRECTION('',(0.,-1.,-2.22044604925031E-16));
#10768=DIRECTION('center_axis',(0.,1.,2.22044604925031E-16));
#10769=DIRECTION('ref_axis',(1.,0.,0.));
#10770=DIRECTION('center_axis',(0.,1.,2.22044604925031E-16));
#10771=DIRECTION('ref_axis',(0.,0.,1.));
#10772=DIRECTION('center_axis',(0.,-1.,-2.22044604925031E-16));
#10773=DIRECTION('ref_axis',(-1.,9.86076131526266E-33,-4.44089209850063E-17));
#10774=DIRECTION('center_axis',(-1.,-4.93038065763132E-32,2.22044604925031E-16));
#10775=DIRECTION('ref_axis',(-2.22044604925031E-16,0.,-1.));
#10776=DIRECTION('center_axis',(0.,1.,2.22044604925031E-16));
#10777=DIRECTION('ref_axis',(-1.,0.,-4.44089209850063E-17));
#10778=DIRECTION('center_axis',(0.,1.,2.22044604925031E-16));
#10779=DIRECTION('ref_axis',(-1.,0.,-4.44089209850063E-17));
#10780=DIRECTION('center_axis',(0.,1.,2.22044604925031E-16));
#10781=DIRECTION('ref_axis',(1.,0.,0.));
#10782=DIRECTION('',(0.,-1.,-2.22044604925031E-16));
#10783=DIRECTION('center_axis',(0.,1.,2.22044604925031E-16));
#10784=DIRECTION('ref_axis',(1.,0.,0.));
#10785=DIRECTION('center_axis',(0.,1.,2.22044604925031E-16));
#10786=DIRECTION('ref_axis',(0.,0.,1.));
#10787=DIRECTION('center_axis',(0.,-1.,-2.22044604925031E-16));
#10788=DIRECTION('ref_axis',(-1.,6.16297582203916E-33,-2.77555756156289E-17));
#10789=DIRECTION('center_axis',(-1.,0.,0.));
#10790=DIRECTION('ref_axis',(0.,0.,-1.));
#10791=DIRECTION('center_axis',(0.,1.,2.22044604925031E-16));
#10792=DIRECTION('ref_axis',(-1.,0.,-2.77555756156289E-17));
#10793=DIRECTION('center_axis',(0.,1.,2.22044604925031E-16));
#10794=DIRECTION('ref_axis',(-1.,0.,-2.77555756156289E-17));
#10795=DIRECTION('center_axis',(0.,1.,2.22044604925031E-16));
#10796=DIRECTION('ref_axis',(1.,0.,0.));
#10797=DIRECTION('',(0.,-1.,-2.22044604925031E-16));
#10798=DIRECTION('center_axis',(0.,1.,2.22044604925031E-16));
#10799=DIRECTION('ref_axis',(1.,0.,0.));
#10800=DIRECTION('center_axis',(1.,0.,0.));
#10801=DIRECTION('ref_axis',(0.,-1.,0.));
#10802=DIRECTION('',(0.,0.,-1.));
#10803=DIRECTION('',(0.,-1.,0.));
#10804=DIRECTION('',(0.,0.,1.));
#10805=DIRECTION('',(0.,1.,0.));
#10806=DIRECTION('center_axis',(0.,1.,0.));
#10807=DIRECTION('ref_axis',(1.,0.,0.));
#10808=DIRECTION('',(-1.,0.,0.));
#10809=DIRECTION('',(1.,0.,0.));
#10810=DIRECTION('',(0.,0.,-1.));
#10811=DIRECTION('center_axis',(0.,0.,-1.));
#10812=DIRECTION('ref_axis',(0.,1.,0.));
#10813=DIRECTION('',(0.,-1.,0.));
#10814=DIRECTION('',(1.,0.,0.));
#10815=DIRECTION('center_axis',(0.,0.,1.));
#10816=DIRECTION('ref_axis',(0.,-1.,0.));
#10817=DIRECTION('',(-1.,0.,0.));
#10818=DIRECTION('',(0.,-1.,0.));
#10819=DIRECTION('center_axis',(0.,1.,0.));
#10820=DIRECTION('ref_axis',(0.,0.,1.));
#10821=DIRECTION('center_axis',(1.,0.,0.));
#10822=DIRECTION('ref_axis',(0.,1.,0.));
#10823=DIRECTION('center_axis',(0.,1.,0.));
#10824=DIRECTION('ref_axis',(0.,0.,1.));
#10825=DIRECTION('',(1.,0.,0.));
#10826=DIRECTION('',(0.,0.,-1.));
#10827=DIRECTION('',(-1.,0.,0.));
#10828=DIRECTION('',(0.,0.,1.));
#10829=DIRECTION('center_axis',(1.,0.,0.));
#10830=DIRECTION('ref_axis',(0.,1.,0.));
#10831=DIRECTION('',(0.,-1.,0.));
#10832=DIRECTION('',(0.,-1.,0.));
#10833=DIRECTION('center_axis',(0.,0.,1.));
#10834=DIRECTION('ref_axis',(0.,-1.,0.));
#10835=DIRECTION('',(0.,-1.,0.));
#10836=DIRECTION('center_axis',(-1.,0.,0.));
#10837=DIRECTION('ref_axis',(0.,-1.,0.));
#10838=DIRECTION('',(0.,-1.,0.));
#10839=DIRECTION('center_axis',(0.,0.,-1.));
#10840=DIRECTION('ref_axis',(0.,1.,0.));
#10841=DIRECTION('center_axis',(-1.,0.,0.));
#10842=DIRECTION('ref_axis',(0.,-1.,0.));
#10843=DIRECTION('',(0.,1.,0.));
#10844=DIRECTION('',(0.,0.,-1.));
#10845=DIRECTION('',(0.,-1.,0.));
#10846=DIRECTION('center_axis',(1.,0.,0.));
#10847=DIRECTION('ref_axis',(0.,1.,0.));
#10848=DIRECTION('',(0.,1.,0.));
#10849=DIRECTION('',(0.,0.,1.));
#10850=DIRECTION('',(0.,-1.,0.));
#10851=DIRECTION('center_axis',(1.,0.,0.));
#10852=DIRECTION('ref_axis',(0.,1.,0.));
#10853=DIRECTION('',(0.,-1.,0.));
#10854=DIRECTION('',(0.,-1.,0.));
#10855=DIRECTION('',(0.,0.,1.));
#10856=DIRECTION('center_axis',(1.,0.,0.));
#10857=DIRECTION('ref_axis',(0.,-1.,0.));
#10858=DIRECTION('',(0.,1.,0.));
#10859=DIRECTION('',(0.,0.,1.));
#10860=DIRECTION('',(0.,-1.,0.));
#10861=DIRECTION('center_axis',(-1.,0.,0.));
#10862=DIRECTION('ref_axis',(0.,-1.,0.));
#10863=DIRECTION('',(0.,1.,0.));
#10864=DIRECTION('',(0.,0.,-1.));
#10865=DIRECTION('',(0.,-1.,0.));
#10866=DIRECTION('center_axis',(-1.,0.,0.));
#10867=DIRECTION('ref_axis',(0.,-1.,0.));
#10868=DIRECTION('',(0.,-1.,0.));
#10869=DIRECTION('',(0.,-1.,0.));
#10870=DIRECTION('',(0.,0.,-1.));
#10871=DIRECTION('center_axis',(0.,1.,0.));
#10872=DIRECTION('ref_axis',(0.,0.,1.));
#10873=DIRECTION('',(1.,0.,0.));
#10874=DIRECTION('',(-1.,0.,0.));
#10875=DIRECTION('center_axis',(0.,0.,1.));
#10876=DIRECTION('ref_axis',(0.,-1.,0.));
#10877=DIRECTION('',(1.,0.,0.));
#10878=DIRECTION('center_axis',(0.,0.,-1.));
#10879=DIRECTION('ref_axis',(0.,1.,0.));
#10880=DIRECTION('',(-1.,0.,0.));
#10881=DIRECTION('center_axis',(0.,1.,0.));
#10882=DIRECTION('ref_axis',(0.,0.,1.));
#10883=DIRECTION('',(-1.,0.,0.));
#10884=DIRECTION('center_axis',(0.,1.,0.));
#10885=DIRECTION('ref_axis',(0.,0.,1.));
#10886=DIRECTION('',(1.,0.,0.));
#10887=DIRECTION('center_axis',(0.,0.,1.));
#10888=DIRECTION('ref_axis',(0.,-1.,0.));
#10889=DIRECTION('center_axis',(0.,0.,-1.));
#10890=DIRECTION('ref_axis',(0.,1.,0.));
#10891=DIRECTION('center_axis',(0.,1.,2.22044604925031E-16));
#10892=DIRECTION('ref_axis',(1.,0.,0.));
#10893=DIRECTION('',(0.,1.,2.22044604925031E-16));
#10894=DIRECTION('center_axis',(0.,0.,-1.));
#10895=DIRECTION('ref_axis',(0.,-1.,0.));
#10896=DIRECTION('',(0.,-1.,0.));
#10897=DIRECTION('center_axis',(1.,0.,0.));
#10898=DIRECTION('ref_axis',(0.,-1.,0.));
#10899=DIRECTION('center_axis',(0.,1.,2.22044604925031E-16));
#10900=DIRECTION('ref_axis',(1.,0.,0.));
#10901=DIRECTION('',(0.,1.,2.22044604925031E-16));
#10902=DIRECTION('center_axis',(1.,0.,0.));
#10903=DIRECTION('ref_axis',(0.,-1.,0.));
#10904=DIRECTION('',(0.,0.,-1.));
#10905=DIRECTION('',(0.,-1.,0.));
#10906=DIRECTION('',(0.,0.,1.));
#10907=DIRECTION('',(0.,1.,0.));
#10908=DIRECTION('center_axis',(0.,1.,0.));
#10909=DIRECTION('ref_axis',(1.,0.,0.));
#10910=DIRECTION('',(-1.,0.,0.));
#10911=DIRECTION('',(1.,0.,0.));
#10912=DIRECTION('',(0.,0.,-1.));
#10913=DIRECTION('center_axis',(0.,0.,-1.));
#10914=DIRECTION('ref_axis',(0.,1.,0.));
#10915=DIRECTION('',(0.,-1.,0.));
#10916=DIRECTION('',(1.,0.,0.));
#10917=DIRECTION('center_axis',(0.,0.,1.));
#10918=DIRECTION('ref_axis',(0.,-1.,0.));
#10919=DIRECTION('',(-1.,0.,0.));
#10920=DIRECTION('',(0.,-1.,0.));
#10921=DIRECTION('center_axis',(0.,1.,0.));
#10922=DIRECTION('ref_axis',(0.,0.,1.));
#10923=DIRECTION('center_axis',(1.,0.,0.));
#10924=DIRECTION('ref_axis',(0.,1.,0.));
#10925=DIRECTION('center_axis',(0.,1.,0.));
#10926=DIRECTION('ref_axis',(-0.707106781186548,0.,-0.707106781186547));
#10927=DIRECTION('center_axis',(0.,-1.,0.));
#10928=DIRECTION('ref_axis',(-0.707106781186548,0.,-0.707106781186547));
#10929=DIRECTION('',(0.,-1.,0.));
#10930=DIRECTION('',(0.,1.,0.));
#10931=DIRECTION('center_axis',(0.,0.,-1.));
#10932=DIRECTION('ref_axis',(-1.,0.,0.));
#10933=DIRECTION('',(1.,0.,0.));
#10934=DIRECTION('',(0.,1.,0.));
#10935=DIRECTION('center_axis',(0.,1.,0.));
#10936=DIRECTION('ref_axis',(-1.,0.,0.));
#10937=DIRECTION('',(0.,0.,-1.));
#10938=DIRECTION('',(-1.,0.,0.));
#10939=DIRECTION('center_axis',(0.,1.,0.));
#10940=DIRECTION('ref_axis',(-0.707106781186548,0.,-0.707106781186548));
#10941=DIRECTION('',(-1.,0.,0.));
#10942=DIRECTION('center_axis',(0.,1.,0.));
#10943=DIRECTION('ref_axis',(0.707106781186548,0.,-0.707106781186548));
#10944=DIRECTION('',(-1.,0.,0.));
#10945=DIRECTION('',(0.,0.,1.));
#10946=DIRECTION('center_axis',(0.,-1.,0.));
#10947=DIRECTION('ref_axis',(0.707106781186548,0.,-0.707106781186548));
#10948=DIRECTION('center_axis',(0.,-1.,0.));
#10949=DIRECTION('ref_axis',(-0.707106781186548,0.,0.707106781186547));
#10950=DIRECTION('',(0.,1.,0.));
#10951=DIRECTION('center_axis',(0.,-1.,0.));
#10952=DIRECTION('ref_axis',(-0.707106781186548,0.,0.707106781186547));
#10953=DIRECTION('',(0.,-1.,0.));
#10954=DIRECTION('center_axis',(0.,1.,0.));
#10955=DIRECTION('ref_axis',(-1.,0.,0.));
#10956=DIRECTION('',(-1.,0.,0.));
#10957=DIRECTION('center_axis',(0.,-1.,0.));
#10958=DIRECTION('ref_axis',(0.707106781186548,0.,0.707106781186548));
#10959=DIRECTION('',(0.,0.,1.));
#10960=DIRECTION('',(1.,0.,0.));
#10961=DIRECTION('center_axis',(0.,1.,0.));
#10962=DIRECTION('ref_axis',(0.707106781186548,0.,0.707106781186548));
#10963=DIRECTION('',(1.,0.,0.));
#10964=DIRECTION('center_axis',(0.,1.,0.));
#10965=DIRECTION('ref_axis',(-0.707106781186548,0.,0.707106781186548));
#10966=DIRECTION('',(1.,0.,0.));
#10967=DIRECTION('',(0.,0.,-1.));
#10968=DIRECTION('center_axis',(0.,0.,1.));
#10969=DIRECTION('ref_axis',(1.,0.,0.));
#10970=DIRECTION('',(0.,-1.,0.));
#10971=DIRECTION('center_axis',(0.,-1.,0.));
#10972=DIRECTION('ref_axis',(0.707106781186548,0.,-0.707106781186548));
#10973=DIRECTION('',(0.,-1.,0.));
#10974=DIRECTION('center_axis',(1.,0.,0.));
#10975=DIRECTION('ref_axis',(0.,1.,0.));
#10976=DIRECTION('',(0.,1.,0.));
#10977=DIRECTION('center_axis',(0.,1.,0.));
#10978=DIRECTION('ref_axis',(0.707106781186548,0.,0.707106781186548));
#10979=DIRECTION('',(0.,1.,0.));
#10980=DIRECTION('center_axis',(-1.,0.,0.));
#10981=DIRECTION('ref_axis',(0.,-1.,0.));
#10982=DIRECTION('',(0.,-1.,0.));
#10983=DIRECTION('center_axis',(-1.,0.,0.));
#10984=DIRECTION('ref_axis',(0.,-1.,0.));
#10985=DIRECTION('',(0.,1.,0.));
#10986=DIRECTION('center_axis',(1.,0.,0.));
#10987=DIRECTION('ref_axis',(0.,1.,0.));
#10988=DIRECTION('',(0.,-1.,0.));
#10989=DIRECTION('center_axis',(0.,0.,1.));
#10990=DIRECTION('ref_axis',(0.,-1.,0.));
#10991=DIRECTION('',(0.,-1.,0.));
#10992=DIRECTION('',(-1.,0.,0.));
#10993=DIRECTION('',(0.,-1.,0.));
#10994=DIRECTION('',(-1.38777878078145E-16,1.,0.));
#10995=DIRECTION('',(-1.,0.,0.));
#10996=DIRECTION('',(1.38777878078145E-16,-1.,0.));
#10997=DIRECTION('center_axis',(-1.38777878078145E-16,1.,0.));
#10998=DIRECTION('ref_axis',(-0.707106781186548,0.,-0.707106781186548));
#10999=DIRECTION('center_axis',(0.,-1.,0.));
#11000=DIRECTION('ref_axis',(-0.707106781186548,0.,-0.707106781186548));
#11001=DIRECTION('',(1.38777878078145E-16,-1.,0.));
#11002=DIRECTION('center_axis',(0.,0.,-1.));
#11003=DIRECTION('ref_axis',(-1.,0.,0.));
#11004=DIRECTION('',(1.,0.,0.));
#11005=DIRECTION('',(-1.38777878078145E-16,1.,0.));
#11006=DIRECTION('center_axis',(0.,1.,0.));
#11007=DIRECTION('ref_axis',(-1.,0.,0.));
#11008=DIRECTION('center_axis',(0.,-1.,0.));
#11009=DIRECTION('ref_axis',(0.707106781186548,0.,-0.707106781186548));
#11010=DIRECTION('center_axis',(1.38777878078145E-16,-1.,0.));
#11011=DIRECTION('ref_axis',(-0.707106781186548,0.,0.707106781186548));
#11012=DIRECTION('',(-1.38777878078145E-16,1.,0.));
#11013=DIRECTION('center_axis',(0.,-1.,0.));
#11014=DIRECTION('ref_axis',(-0.707106781186548,0.,0.707106781186548));
#11015=DIRECTION('',(-1.38777878078145E-16,1.,0.));
#11016=DIRECTION('center_axis',(0.,0.,1.));
#11017=DIRECTION('ref_axis',(1.,0.,0.));
#11018=DIRECTION('',(1.38777878078145E-16,-1.,0.));
#11019=DIRECTION('',(-1.,0.,0.));
#11020=DIRECTION('center_axis',(-1.38777878078145E-16,1.,0.));
#11021=DIRECTION('ref_axis',(0.707106781186548,0.,0.707106781186548));
#11022=DIRECTION('center_axis',(0.,-1.,0.));
#11023=DIRECTION('ref_axis',(0.707106781186548,0.,0.707106781186548));
#11024=DIRECTION('',(1.38777878078145E-16,-1.,0.));
#11025=DIRECTION('center_axis',(1.38777878078145E-16,-1.,0.));
#11026=DIRECTION('ref_axis',(0.707106781186548,0.,-0.707106781186548));
#11027=DIRECTION('center_axis',(0.,1.,0.));
#11028=DIRECTION('ref_axis',(-1.,0.,0.));
#11029=DIRECTION('',(1.,0.,0.));
#11030=DIRECTION('center_axis',(0.,1.,0.));
#11031=DIRECTION('ref_axis',(0.,0.,1.));
#11032=DIRECTION('',(1.,0.,0.));
#11033=DIRECTION('',(0.,0.,-1.));
#11034=DIRECTION('',(0.,0.,1.));
#11035=DIRECTION('center_axis',(1.,0.,0.));
#11036=DIRECTION('ref_axis',(0.,1.,0.));
#11037=DIRECTION('',(0.,-1.,0.));
#11038=DIRECTION('center_axis',(-1.,0.,0.));
#11039=DIRECTION('ref_axis',(0.,-1.,0.));
#11040=DIRECTION('',(0.,-1.,0.));
#11041=DIRECTION('center_axis',(0.,0.,-1.));
#11042=DIRECTION('ref_axis',(0.,1.,0.));
#11043=CARTESIAN_POINT('',(0.,0.,0.));
#11044=CARTESIAN_POINT('Origin',(28.,25.0000004172325,-39.5000005960464));
#11045=CARTESIAN_POINT('',(29.,23.0000004172325,-39.5000005960464));
#11046=CARTESIAN_POINT('',(29.,27.0000004172325,-39.5000005960464));
#11047=CARTESIAN_POINT('Origin',(29.,25.0000004172325,-39.5000005960464));
#11048=CARTESIAN_POINT('',(28.,23.0000004172325,-39.5000005960464));
#11049=CARTESIAN_POINT('',(28.,23.0000004172325,-39.5000005960464));
#11050=CARTESIAN_POINT('',(28.,27.0000004172325,-39.5000005960464));
#11051=CARTESIAN_POINT('Origin',(28.,25.0000004172325,-39.5000005960464));
#11052=CARTESIAN_POINT('',(28.,27.0000004172325,-39.5000005960464));
#11053=CARTESIAN_POINT('Origin',(28.,27.0000004172325,-42.499999050051));
#11054=CARTESIAN_POINT('',(29.,27.0000004172325,-42.5));
#11055=CARTESIAN_POINT('',(29.,27.0000004172325,4.74974513053894E-7));
#11056=CARTESIAN_POINT('',(28.,27.0000004172325,-42.499999050051));
#11057=CARTESIAN_POINT('',(28.,27.0000004172325,-21.2499995250255));
#11058=CARTESIAN_POINT('',(28.5,27.0000004172325,-42.5));
#11059=CARTESIAN_POINT('Origin',(28.,23.0000004172325,-39.5000005960464));
#11060=CARTESIAN_POINT('',(29.,23.0000004172325,-42.499999050051));
#11061=CARTESIAN_POINT('',(29.,23.0000004172325,1.49999970197678));
#11062=CARTESIAN_POINT('',(28.,23.0000004172325,-42.499999050051));
#11063=CARTESIAN_POINT('',(28.5,23.0000004172325,-42.5));
#11064=CARTESIAN_POINT('',(28.,23.0000004172325,-19.7500002980232));
#11065=CARTESIAN_POINT('Origin',(29.,0.,42.5));
#11066=CARTESIAN_POINT('',(29.,31.,-42.5));
#11067=CARTESIAN_POINT('',(29.,0.,-42.5));
#11068=CARTESIAN_POINT('',(29.,33.,-40.5));
#11069=CARTESIAN_POINT('Origin',(29.,31.,-40.5));
#11070=CARTESIAN_POINT('',(29.,33.,40.5));
#11071=CARTESIAN_POINT('',(29.,33.,0.));
#11072=CARTESIAN_POINT('',(29.,31.,42.5));
#11073=CARTESIAN_POINT('Origin',(29.,31.,40.5));
#11074=CARTESIAN_POINT('',(29.,2.,42.5));
#11075=CARTESIAN_POINT('',(29.,0.,42.5));
#11076=CARTESIAN_POINT('',(29.,2.,-40.5));
#11077=CARTESIAN_POINT('',(29.,2.,21.25));
#11078=CARTESIAN_POINT('',(29.,4.,-42.5));
#11079=CARTESIAN_POINT('',(29.,-18.75,-19.7499999999999));
#11080=CARTESIAN_POINT('',(29.,0.,-42.5));
#11081=CARTESIAN_POINT('Origin',(29.,0.,-42.5));
#11082=CARTESIAN_POINT('',(28.,31.,-42.5));
#11083=CARTESIAN_POINT('',(28.,17.,-42.5));
#11084=CARTESIAN_POINT('',(28.75,31.,-42.5));
#11085=CARTESIAN_POINT('Origin',(-19.,0.,-41.5));
#11086=CARTESIAN_POINT('',(-19.,0.,-40.5));
#11087=CARTESIAN_POINT('',(-19.,1.,-42.2320508075689));
#11088=CARTESIAN_POINT('Origin',(-19.,2.,-40.5));
#11089=CARTESIAN_POINT('',(-19.,0.,-42.5));
#11090=CARTESIAN_POINT('',(-19.,0.,-20.75));
#11091=CARTESIAN_POINT('',(-19.,1.,-42.5));
#11092=CARTESIAN_POINT('',(-19.,0.,-42.5));
#11093=CARTESIAN_POINT('',(-19.,1.,-20.75));
#11094=CARTESIAN_POINT('Origin',(-19.,15.9999996423721,-39.2499999031425));
#11095=CARTESIAN_POINT('',(-19.,1.,-40.5000006332994));
#11096=CARTESIAN_POINT('',(-19.,1.,-40.8749999515712));
#11097=CARTESIAN_POINT('',(-19.,2.,-41.5000006332994));
#11098=CARTESIAN_POINT('Origin',(-19.,2.,-40.5000006332994));
#11099=CARTESIAN_POINT('',(-19.,8.30827365186757,-41.5000006332994));
#11100=CARTESIAN_POINT('',(-19.,0.,-41.5000006332994));
#11101=CARTESIAN_POINT('',(-19.,8.92609534425629,-41.2863188617628));
#11102=CARTESIAN_POINT('Origin',(-19.,8.30827365186757,-40.5000006332994));
#11103=CARTESIAN_POINT('',(-19.,15.110219074033,-36.4273627160586));
#11104=CARTESIAN_POINT('',(-19.,15.110219074033,-36.4273627160586));
#11105=CARTESIAN_POINT('',(-19.,16.3458624588105,-35.9999991729856));
#11106=CARTESIAN_POINT('Origin',(-19.,16.3458624588105,-37.9999991729856));
#11107=CARTESIAN_POINT('',(-19.,31.9999992847443,-35.9999991729856));
#11108=CARTESIAN_POINT('',(-19.,31.9999992847443,-35.9999991729856));
#11109=CARTESIAN_POINT('',(-19.,31.9999992847443,-36.9999991729856));
#11110=CARTESIAN_POINT('',(-19.,31.9999992847443,-36.9999991729856));
#11111=CARTESIAN_POINT('',(-19.,16.3458624588105,-36.9999991729856));
#11112=CARTESIAN_POINT('',(-19.,31.9999992847443,-36.9999991729856));
#11113=CARTESIAN_POINT('',(-19.,15.7280407664218,-37.2136809445221));
#11114=CARTESIAN_POINT('Origin',(-19.,16.3458624588105,-37.9999991729856));
#11115=CARTESIAN_POINT('',(-19.,9.543917036645,-42.0726370902263));
#11116=CARTESIAN_POINT('',(-19.,15.7280407664218,-37.2136809445221));
#11117=CARTESIAN_POINT('',(-19.,8.30827365186757,-42.5000006332994));
#11118=CARTESIAN_POINT('Origin',(-19.,8.30827365186757,-40.5000006332994));
#11119=CARTESIAN_POINT('',(-19.,2.,-42.5));
#11120=CARTESIAN_POINT('',(-19.,0.,-42.5));
#11121=CARTESIAN_POINT('Origin',(-19.,2.,-40.5));
#11122=CARTESIAN_POINT('Origin',(-22.9975704730138,1.,-39.5));
#11123=CARTESIAN_POINT('',(-24.9975704730138,0.,-39.5));
#11124=CARTESIAN_POINT('',(-20.9975704730138,0.,-39.5));
#11125=CARTESIAN_POINT('Origin',(-22.9975704730138,0.,-39.5));
#11126=CARTESIAN_POINT('',(-24.9975704730138,1.,-39.5));
#11127=CARTESIAN_POINT('',(-24.9975704730138,1.,-39.5));
#11128=CARTESIAN_POINT('',(-20.9975704730138,1.,-39.5));
#11129=CARTESIAN_POINT('Origin',(-22.9975704730138,1.,-39.5));
#11130=CARTESIAN_POINT('',(-20.9975704730138,1.,-39.5));
#11131=CARTESIAN_POINT('Origin',(-20.9975704730138,1.,-42.5000006332994));
#11132=CARTESIAN_POINT('',(-20.9975704730138,0.,-42.5));
#11133=CARTESIAN_POINT('',(-20.9975704730138,0.,-21.2500003166497));
#11134=CARTESIAN_POINT('',(-20.9975704730138,1.,-42.5000006332994));
#11135=CARTESIAN_POINT('',(-20.9975704730138,1.,-21.2500003166497));
#11136=CARTESIAN_POINT('',(-20.9975704730138,0.5,-42.5));
#11137=CARTESIAN_POINT('Origin',(-24.9975704730138,1.,-39.5));
#11138=CARTESIAN_POINT('',(-24.9975704730138,0.,-42.5000006332994));
#11139=CARTESIAN_POINT('',(-24.9975704730138,0.,-19.75));
#11140=CARTESIAN_POINT('',(-24.9975704730138,1.,-42.5000006332994));
#11141=CARTESIAN_POINT('',(-24.9975704730138,0.5,-42.5));
#11142=CARTESIAN_POINT('',(-24.9975704730138,1.,-19.75));
#11143=CARTESIAN_POINT('Origin',(0.,0.,0.));
#11144=CARTESIAN_POINT('',(29.,0.,-42.5));
#11145=CARTESIAN_POINT('',(27.,1.66533453693773E-15,-40.5));
#11146=CARTESIAN_POINT('',(14.5,0.,-40.5));
#11147=CARTESIAN_POINT('',(27.,0.,42.5));
#11148=CARTESIAN_POINT('',(27.,0.,21.25));
#11149=CARTESIAN_POINT('',(-29.,0.,42.5));
#11150=CARTESIAN_POINT('',(-29.,0.,42.5));
#11151=CARTESIAN_POINT('',(-29.,0.,-40.5));
#11152=CARTESIAN_POINT('',(-29.,0.,-42.5));
#11153=CARTESIAN_POINT('',(-27.,0.,-42.5));
#11154=CARTESIAN_POINT('Origin',(-27.,0.,-40.5));
#11155=CARTESIAN_POINT('',(29.,0.,-42.5));
#11156=CARTESIAN_POINT('Origin',(29.,0.,-42.5));
#11157=CARTESIAN_POINT('',(29.,1.,-42.5));
#11158=CARTESIAN_POINT('Origin',(-27.,0.,-40.5));
#11159=CARTESIAN_POINT('',(-29.,1.,-40.5));
#11160=CARTESIAN_POINT('',(-27.,1.,-42.5));
#11161=CARTESIAN_POINT('Origin',(-27.,1.,-40.5));
#11162=CARTESIAN_POINT('',(-27.,0.,-42.5));
#11163=CARTESIAN_POINT('',(-29.,0.,-40.5));
#11164=CARTESIAN_POINT('Origin',(29.,0.,-42.5));
#11165=CARTESIAN_POINT('',(29.,1.,-42.5));
#11166=CARTESIAN_POINT('Origin',(0.,1.,0.));
#11167=CARTESIAN_POINT('',(-29.,1.,42.5));
#11168=CARTESIAN_POINT('',(-29.,1.,-42.5));
#11169=CARTESIAN_POINT('',(27.,1.,42.5));
#11170=CARTESIAN_POINT('',(-29.,1.,42.5));
#11171=CARTESIAN_POINT('',(27.,1.,-40.5));
#11172=CARTESIAN_POINT('',(27.,1.,0.));
#11173=CARTESIAN_POINT('',(0.,1.,-40.5000006332994));
#11174=CARTESIAN_POINT('',(-20.75,1.,-29.));
#11175=CARTESIAN_POINT('Origin',(-23.,1.,-29.));
#11176=CARTESIAN_POINT('',(-20.75,1.,38.));
#11177=CARTESIAN_POINT('Origin',(-23.,1.,38.));
#11178=CARTESIAN_POINT('Origin',(28.75,31.,-40.5));
#11179=CARTESIAN_POINT('',(28.,33.,-40.5));
#11180=CARTESIAN_POINT('Origin',(28.,31.,-40.5));
#11181=CARTESIAN_POINT('',(28.75,33.,-40.5));
#11182=CARTESIAN_POINT('Origin',(29.,0.,-42.5));
#11183=CARTESIAN_POINT('',(28.,4.,-42.5));
#11184=CARTESIAN_POINT('',(28.5,4.,-42.5));
#11185=CARTESIAN_POINT('',(28.,17.,-42.5));
#11186=CARTESIAN_POINT('Origin',(-0.250000000000001,31.,40.5));
#11187=CARTESIAN_POINT('',(28.,33.,40.5));
#11188=CARTESIAN_POINT('',(-0.250000000000001,33.,40.5));
#11189=CARTESIAN_POINT('',(28.,31.,42.5));
#11190=CARTESIAN_POINT('Origin',(28.,31.,40.5));
#11191=CARTESIAN_POINT('',(-0.250000000000001,31.,42.5));
#11192=CARTESIAN_POINT('Origin',(-29.,0.,42.5));
#11193=CARTESIAN_POINT('',(28.,2.,42.5));
#11194=CARTESIAN_POINT('',(28.,17.,42.5));
#11195=CARTESIAN_POINT('Origin',(27.,2.,42.5));
#11196=CARTESIAN_POINT('',(-29.,0.,42.5));
#11197=CARTESIAN_POINT('Origin',(27.,2.,42.5));
#11198=CARTESIAN_POINT('Origin',(28.,17.,0.));
#11199=CARTESIAN_POINT('',(28.,2.,-40.5));
#11200=CARTESIAN_POINT('',(28.,-3.87500000000001,-34.6249999999999));
#11201=CARTESIAN_POINT('',(28.,2.,0.));
#11202=CARTESIAN_POINT('',(28.,33.,0.));
#11203=CARTESIAN_POINT('Origin',(-23.,1.,38.));
#11204=CARTESIAN_POINT('',(-20.75,6.,38.));
#11205=CARTESIAN_POINT('Origin',(-23.,6.,38.));
#11206=CARTESIAN_POINT('',(-20.75,1.,38.));
#11207=CARTESIAN_POINT('Origin',(-23.,6.,38.));
#11208=CARTESIAN_POINT('Origin',(-23.,1.,-29.));
#11209=CARTESIAN_POINT('',(-20.75,6.,-29.));
#11210=CARTESIAN_POINT('Origin',(-23.,6.,-29.));
#11211=CARTESIAN_POINT('',(-20.75,1.,-29.));
#11212=CARTESIAN_POINT('Origin',(-23.,6.,-29.));
#11213=CARTESIAN_POINT('Origin',(28.5,3.,-41.5));
#11214=CARTESIAN_POINT('',(28.,2.,-40.5));
#11215=CARTESIAN_POINT('Origin',(14.5,2.,-40.5));
#11216=CARTESIAN_POINT('',(27.,2.,-42.5));
#11217=CARTESIAN_POINT('Origin',(27.,2.,-40.5));
#11218=CARTESIAN_POINT('',(14.5,2.,-42.5));
#11219=CARTESIAN_POINT('Origin',(29.,0.,-42.5));
#11220=CARTESIAN_POINT('',(27.,8.30827365186757,-42.5000006332994));
#11221=CARTESIAN_POINT('',(0.,8.30827365186757,-42.5000006332994));
#11222=CARTESIAN_POINT('',(27.,0.500000000000001,-42.5));
#11223=CARTESIAN_POINT('Origin',(0.,2.,-40.5000006332994));
#11224=CARTESIAN_POINT('',(27.,2.,-41.5000006332994));
#11225=CARTESIAN_POINT('Origin',(27.,2.,-40.5000006332994));
#11226=CARTESIAN_POINT('',(0.,2.,-41.5000006332994));
#11227=CARTESIAN_POINT('Origin',(28.,1.,-40.5));
#11228=CARTESIAN_POINT('Origin',(27.,2.,-40.5));
#11229=CARTESIAN_POINT('',(27.,1.,-40.5));
#11230=CARTESIAN_POINT('Origin',(27.,2.,-40.5));
#11231=CARTESIAN_POINT('Origin',(27.,2.,0.));
#11232=CARTESIAN_POINT('Origin',(27.,15.9999996423721,-39.2499999031425));
#11233=CARTESIAN_POINT('',(27.,9.543917036645,-42.0726370902263));
#11234=CARTESIAN_POINT('Origin',(27.,8.30827365186757,-40.5000006332994));
#11235=CARTESIAN_POINT('',(27.,15.7280407664218,-37.2136809445221));
#11236=CARTESIAN_POINT('',(27.,15.7280407664218,-37.2136809445221));
#11237=CARTESIAN_POINT('',(27.,16.3458624588105,-36.9999991729856));
#11238=CARTESIAN_POINT('Origin',(27.,16.3458624588105,-37.9999991729856));
#11239=CARTESIAN_POINT('',(27.,31.9999992847443,-36.9999991729856));
#11240=CARTESIAN_POINT('',(27.,31.9999992847443,-36.9999991729856));
#11241=CARTESIAN_POINT('',(27.,31.9999992847443,-35.9999991729856));
#11242=CARTESIAN_POINT('',(27.,31.9999992847443,-36.9999991729856));
#11243=CARTESIAN_POINT('',(27.,16.3458624588105,-35.9999991729856));
#11244=CARTESIAN_POINT('',(27.,31.9999992847443,-35.9999991729856));
#11245=CARTESIAN_POINT('',(27.,15.110219074033,-36.4273627160586));
#11246=CARTESIAN_POINT('Origin',(27.,16.3458624588105,-37.9999991729856));
#11247=CARTESIAN_POINT('',(27.,8.92609534425629,-41.2863188617628));
#11248=CARTESIAN_POINT('',(27.,15.110219074033,-36.4273627160586));
#11249=CARTESIAN_POINT('',(27.,8.30827365186757,-41.5000006332994));
#11250=CARTESIAN_POINT('Origin',(27.,8.30827365186757,-40.5000006332994));
#11251=CARTESIAN_POINT('',(27.,0.,-41.5000006332994));
#11252=CARTESIAN_POINT('Origin',(0.,16.3458624588105,-37.9999991729856));
#11253=CARTESIAN_POINT('',(0.,16.3458624588105,-36.9999991729856));
#11254=CARTESIAN_POINT('',(0.,15.7280407664218,-37.2136809445221));
#11255=CARTESIAN_POINT('Origin',(0.,9.543917036645,-42.0726370902263));
#11256=CARTESIAN_POINT('',(0.,9.543917036645,-42.0726370902263));
#11257=CARTESIAN_POINT('Origin',(0.,8.30827365186757,-40.5000006332994));
#11258=CARTESIAN_POINT('Origin',(0.,8.30827365186757,-41.5000006332994));
#11259=CARTESIAN_POINT('',(0.,8.30827365186757,-41.5000006332994));
#11260=CARTESIAN_POINT('Origin',(0.,8.30827365186757,-40.5000006332994));
#11261=CARTESIAN_POINT('',(0.,8.92609534425629,-41.2863188617628));
#11262=CARTESIAN_POINT('Origin',(0.,15.110219074033,-36.4273627160586));
#11263=CARTESIAN_POINT('',(0.,15.110219074033,-36.4273627160586));
#11264=CARTESIAN_POINT('Origin',(0.,16.3458624588105,-37.9999991729856));
#11265=CARTESIAN_POINT('',(0.,16.3458624588105,-35.9999991729856));
#11266=CARTESIAN_POINT('Origin',(0.,31.9999992847443,-35.9999991729856));
#11267=CARTESIAN_POINT('',(0.,31.9999992847443,-35.9999991729856));
#11268=CARTESIAN_POINT('Origin',(0.,31.9999992847443,-36.9999991729856));
#11269=CARTESIAN_POINT('',(0.,31.9999992847443,-36.9999991729856));
#11270=CARTESIAN_POINT('Origin',(0.,16.3458624588105,-36.9999991729856));
#11271=CARTESIAN_POINT('Origin',(27.,2.,21.25));
#11272=CARTESIAN_POINT('Origin',(28.5,33.,0.));
#11273=CARTESIAN_POINT('Origin',(-29.,0.,-42.5));
#11274=CARTESIAN_POINT('Origin',(-23.,9.3,38.));
#11275=CARTESIAN_POINT('',(-25.5,7.8,38.));
#11276=CARTESIAN_POINT('Origin',(-23.,7.8,38.));
#11277=CARTESIAN_POINT('',(-25.5,7.3,38.));
#11278=CARTESIAN_POINT('',(-25.5,9.3,38.));
#11279=CARTESIAN_POINT('Origin',(-23.,7.3,38.));
#11280=CARTESIAN_POINT('Origin',(-24.,8.3,30.5));
#11281=CARTESIAN_POINT('',(-19.5,8.3,29.5));
#11282=CARTESIAN_POINT('',(-19.5,7.3,30.5));
#11283=CARTESIAN_POINT('Origin',(-19.5,8.3,30.5));
#11284=CARTESIAN_POINT('',(-27.5000000154,7.3,30.5));
#11285=CARTESIAN_POINT('',(-24.,7.3,30.5));
#11286=CARTESIAN_POINT('',(-27.5,8.3,29.5));
#11287=CARTESIAN_POINT('Origin',(-27.5000000154,8.3,30.5));
#11288=CARTESIAN_POINT('',(-24.,8.3,29.5));
#11289=CARTESIAN_POINT('Origin',(-27.5000000154,7.55,36.25));
#11290=CARTESIAN_POINT('',(-27.5000000154,7.3,42.5));
#11291=CARTESIAN_POINT('',(-27.5000000154,7.3,36.25));
#11292=CARTESIAN_POINT('',(-27.5000000154,7.8,42.5));
#11293=CARTESIAN_POINT('',(-27.5000000154,7.55,42.5));
#11294=CARTESIAN_POINT('',(-27.5000000154,7.8,30.5));
#11295=CARTESIAN_POINT('',(-27.5000000154,7.8,36.25));
#11296=CARTESIAN_POINT('',(-27.5,8.3,30.));
#11297=CARTESIAN_POINT('Origin',(-27.5000000154,8.3,30.5));
#11298=CARTESIAN_POINT('',(-27.5,8.3,29.));
#11299=CARTESIAN_POINT('Origin',(-24.,7.3,29.75));
#11300=CARTESIAN_POINT('',(-19.5,7.3,42.5));
#11301=CARTESIAN_POINT('',(-19.5,7.3,29.75));
#11302=CARTESIAN_POINT('',(-23.5000000077,7.3,42.5));
#11303=CARTESIAN_POINT('Origin',(-28.25000021605,8.3,29.));
#11304=CARTESIAN_POINT('',(-29.,8.3,28.5));
#11305=CARTESIAN_POINT('Origin',(-27.5,8.3,28.5));
#11306=CARTESIAN_POINT('',(-29.0000004321,8.3,28.));
#11307=CARTESIAN_POINT('',(-29.,8.3,14.5));
#11308=CARTESIAN_POINT('',(-28.5,8.3,28.));
#11309=CARTESIAN_POINT('',(-28.25000021605,8.3,28.));
#11310=CARTESIAN_POINT('',(-28.5,8.3,28.5));
#11311=CARTESIAN_POINT('',(-28.5,8.3,14.5));
#11312=CARTESIAN_POINT('Origin',(-27.5,8.3,28.5));
#11313=CARTESIAN_POINT('Origin',(-27.5,18.25,28.5));
#11314=CARTESIAN_POINT('',(-28.5,31.5,28.5));
#11315=CARTESIAN_POINT('',(-28.5,18.25,28.5));
#11316=CARTESIAN_POINT('',(-27.5,31.5,29.5));
#11317=CARTESIAN_POINT('Origin',(-27.5,31.5,28.5));
#11318=CARTESIAN_POINT('',(-27.5,18.25,29.5));
#11319=CARTESIAN_POINT('Origin',(-28.5,17.,0.));
#11320=CARTESIAN_POINT('',(-28.5,2.,28.));
#11321=CARTESIAN_POINT('',(-28.5,10.625,28.));
#11322=CARTESIAN_POINT('',(-28.5,2.,-35.5));
#11323=CARTESIAN_POINT('',(-28.5,2.,0.));
#11324=CARTESIAN_POINT('',(-28.5,7.50000008940697,-35.5));
#11325=CARTESIAN_POINT('',(-28.5,10.1250000242035,-35.5));
#11326=CARTESIAN_POINT('',(-28.5,7.49999930709601,-36.));
#11327=CARTESIAN_POINT('',(-28.5,7.49999930709601,-18.375));
#11328=CARTESIAN_POINT('',(-28.5,30.999999307096,-36.));
#11329=CARTESIAN_POINT('',(-28.5,17.749999653548,-36.));
#11330=CARTESIAN_POINT('',(-28.5,31.5,-36.));
#11331=CARTESIAN_POINT('',(-28.5,24.525266531123,-36.));
#11332=CARTESIAN_POINT('',(-28.5,31.5,-30.6251350916866));
#11333=CARTESIAN_POINT('',(-28.5,31.5,0.));
#11334=CARTESIAN_POINT('',(-28.5,29.3680197826838,-28.5011648265756));
#11335=CARTESIAN_POINT('Origin',(-28.5,32.5500002980232,-28.5011648265756));
#11336=CARTESIAN_POINT('',(-28.5,31.5,-26.3771945614646));
#11337=CARTESIAN_POINT('Origin',(-28.5,32.5500002980232,-28.5011648265756));
#11338=CARTESIAN_POINT('',(-28.5,31.5,-23.1947851647775));
#11339=CARTESIAN_POINT('',(-28.5,31.5,0.));
#11340=CARTESIAN_POINT('',(-28.5,31.5,-22.6788851820712));
#11341=CARTESIAN_POINT('Origin',(-28.5,29.2648351734244,-22.9368351734244));
#11342=CARTESIAN_POINT('',(-28.5,31.5,-19.3671350916866));
#11343=CARTESIAN_POINT('',(-28.5,31.5,0.));
#11344=CARTESIAN_POINT('',(-28.5,29.3680197826838,-17.2431648265756));
#11345=CARTESIAN_POINT('Origin',(-28.5,32.5500002980232,-17.2431648265756));
#11346=CARTESIAN_POINT('',(-28.5,31.5,-15.1191945614646));
#11347=CARTESIAN_POINT('Origin',(-28.5,32.5500002980232,-17.2431648265756));
#11348=CARTESIAN_POINT('',(-28.5,31.5,-11.9367851647776));
#11349=CARTESIAN_POINT('',(-28.5,31.5,0.));
#11350=CARTESIAN_POINT('',(-28.5,31.5,-11.4208851820711));
#11351=CARTESIAN_POINT('Origin',(-28.5,29.2648351734244,-11.6788351734244));
#11352=CARTESIAN_POINT('',(-28.5,31.5,-8.1091350916866));
#11353=CARTESIAN_POINT('',(-28.5,31.5,0.));
#11354=CARTESIAN_POINT('',(-28.5,29.3680197826838,-5.98516482657562));
#11355=CARTESIAN_POINT('Origin',(-28.5,32.5500002980232,-5.98516482657562));
#11356=CARTESIAN_POINT('',(-28.5,31.5,-3.86119456146465));
#11357=CARTESIAN_POINT('Origin',(-28.5,32.5500002980232,-5.98516482657562));
#11358=CARTESIAN_POINT('',(-28.5,31.5,-0.678785164777629));
#11359=CARTESIAN_POINT('',(-28.5,31.5,0.));
#11360=CARTESIAN_POINT('',(-28.5,31.5,-0.16288518207112));
#11361=CARTESIAN_POINT('Origin',(-28.5,29.2648351734244,-0.420835173424374));
#11362=CARTESIAN_POINT('',(-28.5,31.5,3.1488649083134));
#11363=CARTESIAN_POINT('',(-28.5,31.5,0.));
#11364=CARTESIAN_POINT('',(-28.5,29.3680197826838,5.27283517342438));
#11365=CARTESIAN_POINT('Origin',(-28.5,32.5500002980232,5.27283517342438));
#11366=CARTESIAN_POINT('',(-28.5,31.5,7.39680543853535));
#11367=CARTESIAN_POINT('Origin',(-28.5,32.5500002980232,5.27283517342438));
#11368=CARTESIAN_POINT('',(-28.5,31.5,11.1192148352224));
#11369=CARTESIAN_POINT('',(-28.5,31.5,0.));
#11370=CARTESIAN_POINT('',(-28.5,31.5,11.6351148179289));
#11371=CARTESIAN_POINT('Origin',(-28.5,29.2648351734244,11.3771648265756));
#11372=CARTESIAN_POINT('',(-28.5,31.5,14.4068649083134));
#11373=CARTESIAN_POINT('',(-28.5,31.5,0.));
#11374=CARTESIAN_POINT('',(-28.5,29.3680197826838,16.5308351734244));
#11375=CARTESIAN_POINT('Origin',(-28.5,32.5500002980232,16.5308351734244));
#11376=CARTESIAN_POINT('',(-28.5,31.5,18.6548054385353));
#11377=CARTESIAN_POINT('Origin',(-28.5,32.5500002980232,16.5308351734244));
#11378=CARTESIAN_POINT('',(-28.5,31.5,22.3772148352223));
#11379=CARTESIAN_POINT('',(-28.5,31.5,0.));
#11380=CARTESIAN_POINT('',(-28.5,31.5,22.893114817929));
#11381=CARTESIAN_POINT('Origin',(-28.5,29.2648351734244,22.6351648265756));
#11382=CARTESIAN_POINT('',(-28.5,31.5,0.));
#11383=CARTESIAN_POINT('',(-28.5,21.7648351734244,5.74799970197678));
#11384=CARTESIAN_POINT('Origin',(-28.5,19.5148351734244,5.74799970197678));
#11385=CARTESIAN_POINT('',(-28.5,28.2648351734244,5.74799970197678));
#11386=CARTESIAN_POINT('Origin',(-28.5,26.0148351734244,5.74799970197678));
#11387=CARTESIAN_POINT('',(-28.5,12.0148351734244,-11.6788351734244));
#11388=CARTESIAN_POINT('Origin',(-28.5,9.76483517342437,-11.6788351734244));
#11389=CARTESIAN_POINT('',(-28.5,18.5148351734244,-22.9368351734244));
#11390=CARTESIAN_POINT('Origin',(-28.5,16.2648351734244,-22.9368351734244));
#11391=CARTESIAN_POINT('',(-28.5,18.5148351734244,22.6351648265756));
#11392=CARTESIAN_POINT('Origin',(-28.5,16.2648351734244,22.6351648265756));
#11393=CARTESIAN_POINT('',(-28.5,28.2648351734244,-28.5660002980232));
#11394=CARTESIAN_POINT('Origin',(-28.5,26.0148351734244,-28.5660002980232));
#11395=CARTESIAN_POINT('',(-28.5,25.0148351734244,22.6351648265756));
#11396=CARTESIAN_POINT('Origin',(-28.5,22.7648351734244,22.6351648265756));
#11397=CARTESIAN_POINT('',(-28.5,15.2648351734244,5.74799970197678));
#11398=CARTESIAN_POINT('Origin',(-28.5,13.0148351734244,5.74799970197678));
#11399=CARTESIAN_POINT('',(-28.5,21.7648351734244,17.0059997019768));
#11400=CARTESIAN_POINT('Origin',(-28.5,19.5148351734244,17.0059997019768));
#11401=CARTESIAN_POINT('',(-28.5,25.0148351734244,-0.420835173424374));
#11402=CARTESIAN_POINT('Origin',(-28.5,22.7648351734244,-0.420835173424373));
#11403=CARTESIAN_POINT('',(-28.5,15.2648351734244,-28.5660002980232));
#11404=CARTESIAN_POINT('Origin',(-28.5,13.0148351734244,-28.5660002980232));
#11405=CARTESIAN_POINT('',(-28.5,12.0148351734244,-0.420835173424371));
#11406=CARTESIAN_POINT('Origin',(-28.5,9.76483517342438,-0.42083517342437));
#11407=CARTESIAN_POINT('',(-28.5,15.2648351734244,17.0059997019768));
#11408=CARTESIAN_POINT('Origin',(-28.5,13.0148351734244,17.0059997019768));
#11409=CARTESIAN_POINT('',(-28.5,12.0148351734244,22.6351648265756));
#11410=CARTESIAN_POINT('Origin',(-28.5,9.76483517342438,22.6351648265756));
#11411=CARTESIAN_POINT('',(-28.5,25.0148351734244,-22.9368351734244));
#11412=CARTESIAN_POINT('Origin',(-28.5,22.7648351734244,-22.9368351734244));
#11413=CARTESIAN_POINT('',(-28.5,25.0148351734244,-11.6788351734244));
#11414=CARTESIAN_POINT('Origin',(-28.5,22.7648351734244,-11.6788351734244));
#11415=CARTESIAN_POINT('',(-28.5,18.5148351734244,-11.6788351734244));
#11416=CARTESIAN_POINT('Origin',(-28.5,16.2648351734244,-11.6788351734244));
#11417=CARTESIAN_POINT('',(-28.5,15.2648351734244,-17.3080002980232));
#11418=CARTESIAN_POINT('Origin',(-28.5,13.0148351734244,-17.3080002980232));
#11419=CARTESIAN_POINT('',(-28.5,18.5148351734244,-0.420835173424372));
#11420=CARTESIAN_POINT('Origin',(-28.5,16.2648351734244,-0.420835173424371));
#11421=CARTESIAN_POINT('',(-28.5,18.5148351734244,11.3771648265756));
#11422=CARTESIAN_POINT('Origin',(-28.5,16.2648351734244,11.3771648265756));
#11423=CARTESIAN_POINT('',(-28.5,12.0148351734244,11.3771648265756));
#11424=CARTESIAN_POINT('Origin',(-28.5,9.76483517342438,11.3771648265756));
#11425=CARTESIAN_POINT('',(-28.5,28.2648351734244,17.0059997019768));
#11426=CARTESIAN_POINT('Origin',(-28.5,26.0148351734244,17.0059997019768));
#11427=CARTESIAN_POINT('',(-28.5,25.0148351734244,11.3771648265756));
#11428=CARTESIAN_POINT('Origin',(-28.5,22.7648351734244,11.3771648265756));
#11429=CARTESIAN_POINT('',(-28.5,21.7648351734244,-17.3080002980232));
#11430=CARTESIAN_POINT('Origin',(-28.5,19.5148351734244,-17.3080002980232));
#11431=CARTESIAN_POINT('',(-28.5,21.7648351734244,-28.5660002980232));
#11432=CARTESIAN_POINT('Origin',(-28.5,19.5148351734244,-28.5660002980232));
#11433=CARTESIAN_POINT('',(-28.5,28.2648351734244,-17.3080002980232));
#11434=CARTESIAN_POINT('Origin',(-28.5,26.0148351734244,-17.3080002980232));
#11435=CARTESIAN_POINT('',(-28.5,15.2648351734244,-6.05000029802322));
#11436=CARTESIAN_POINT('Origin',(-28.5,13.0148351734244,-6.05000029802322));
#11437=CARTESIAN_POINT('',(-28.5,12.0148351734244,-22.9368351734244));
#11438=CARTESIAN_POINT('Origin',(-28.5,9.76483517342437,-22.9368351734244));
#11439=CARTESIAN_POINT('',(-28.5,28.2648351734244,-6.05000029802323));
#11440=CARTESIAN_POINT('Origin',(-28.5,26.0148351734244,-6.05000029802323));
#11441=CARTESIAN_POINT('',(-28.5,21.7648351734244,-6.05000029802322));
#11442=CARTESIAN_POINT('Origin',(-28.5,19.5148351734244,-6.05000029802322));
#11443=CARTESIAN_POINT('Origin',(-26.12500000385,8.3,30.5));
#11444=CARTESIAN_POINT('',(-19.5,7.8,30.5));
#11445=CARTESIAN_POINT('',(-26.12500000385,7.8,30.5));
#11446=CARTESIAN_POINT('',(-19.5,8.3,30.));
#11447=CARTESIAN_POINT('Origin',(-19.5,8.3,30.5));
#11448=CARTESIAN_POINT('',(-26.12500000385,8.3,30.));
#11449=CARTESIAN_POINT('Origin',(-23.5000000077,7.8,36.25));
#11450=CARTESIAN_POINT('',(-19.5,7.8,42.5));
#11451=CARTESIAN_POINT('',(-23.5000000077,7.8,42.5));
#11452=CARTESIAN_POINT('',(-19.5,7.8,36.25));
#11453=CARTESIAN_POINT('Origin',(-23.5000000077,7.55,42.5));
#11454=CARTESIAN_POINT('',(-19.5,7.55,42.5));
#11455=CARTESIAN_POINT('Origin',(-27.7500002160668,4.25,28.));
#11456=CARTESIAN_POINT('',(-29.,2.,28.));
#11457=CARTESIAN_POINT('',(-29.,12.4,28.));
#11458=CARTESIAN_POINT('',(-28.,1.,28.));
#11459=CARTESIAN_POINT('Origin',(-28.,2.,28.));
#11460=CARTESIAN_POINT('',(-26.5,1.,28.));
#11461=CARTESIAN_POINT('',(-28.2500001080334,1.,28.));
#11462=CARTESIAN_POINT('',(-26.5,1.5,28.));
#11463=CARTESIAN_POINT('',(-26.5,2.75,28.));
#11464=CARTESIAN_POINT('',(-28.,1.5,28.));
#11465=CARTESIAN_POINT('',(-27.6250001080334,1.5,28.));
#11466=CARTESIAN_POINT('Origin',(-28.,2.,28.));
#11467=CARTESIAN_POINT('Origin',(-24.,7.49999930709601,-36.75));
#11468=CARTESIAN_POINT('',(-28.,7.50000008940697,-37.));
#11469=CARTESIAN_POINT('',(-29.,7.50000008940697,-36.));
#11470=CARTESIAN_POINT('Origin',(-28.,7.49999930709601,-36.));
#11471=CARTESIAN_POINT('',(-19.5,7.49999930709601,-37.));
#11472=CARTESIAN_POINT('',(-26.375,7.49999930709601,-37.));
#11473=CARTESIAN_POINT('',(-19.5,7.49999930709601,-36.5));
#11474=CARTESIAN_POINT('',(-19.5,7.49999930709601,-36.75));
#11475=CARTESIAN_POINT('',(-28.,7.49999930709601,-36.5));
#11476=CARTESIAN_POINT('',(-24.,7.49999930709601,-36.5));
#11477=CARTESIAN_POINT('Origin',(-28.,7.49999930709601,-36.));
#11478=CARTESIAN_POINT('',(-29.,7.50000008940697,-35.5));
#11479=CARTESIAN_POINT('',(-27.500000409779,7.50000008940697,-35.5));
#11480=CARTESIAN_POINT('',(-29.,7.49999930709601,-18.375));
#11481=CARTESIAN_POINT('Origin',(-24.,18.499999307096,-36.5));
#11482=CARTESIAN_POINT('',(-19.5,30.999999307096,-36.5));
#11483=CARTESIAN_POINT('',(-19.5,18.499999307096,-36.5));
#11484=CARTESIAN_POINT('',(-28.,30.999999307096,-36.5));
#11485=CARTESIAN_POINT('',(-24.,30.999999307096,-36.5));
#11486=CARTESIAN_POINT('',(-28.,17.749999653548,-36.5));
#11487=CARTESIAN_POINT('Origin',(-19.5,18.499999307096,-36.75));
#11488=CARTESIAN_POINT('',(-19.5,28.5,-37.));
#11489=CARTESIAN_POINT('',(-19.5,18.499999307096,-37.));
#11490=CARTESIAN_POINT('',(-19.5,30.999999307096,-37.));
#11491=CARTESIAN_POINT('',(-19.5,24.499999653548,-37.));
#11492=CARTESIAN_POINT('',(-19.5,30.999999307096,-36.75));
#11493=CARTESIAN_POINT('Origin',(-28.75,17.,-37.));
#11494=CARTESIAN_POINT('',(-28.,30.999999307096,-37.));
#11495=CARTESIAN_POINT('',(-28.,17.,-37.));
#11496=CARTESIAN_POINT('',(-27.,30.999999307096,-37.));
#11497=CARTESIAN_POINT('',(-28.3749998379497,30.999999307096,-37.));
#11498=CARTESIAN_POINT('',(-27.,28.5,-37.));
#11499=CARTESIAN_POINT('',(-27.,30.5,-37.));
#11500=CARTESIAN_POINT('',(0.250000000000004,28.5,-37.));
#11501=CARTESIAN_POINT('Origin',(-28.,17.,-36.));
#11502=CARTESIAN_POINT('',(-28.9999993517995,30.999999307096,-36.));
#11503=CARTESIAN_POINT('',(-29.,17.,-36.));
#11504=CARTESIAN_POINT('Origin',(-28.,30.999999307096,-36.));
#11505=CARTESIAN_POINT('Origin',(-27.5357861396037,31.5857864376269,16.5308351734244));
#11506=CARTESIAN_POINT('',(-27.5,32.5,14.3834529803525));
#11507=CARTESIAN_POINT('Ctrl Pts',(-27.5,32.5,14.3834529803525));
#11508=CARTESIAN_POINT('Ctrl Pts',(-27.5002285875512,32.5,14.3834024169023));
#11509=CARTESIAN_POINT('Ctrl Pts',(-27.5004571465138,32.4999999216216,14.3833518624742));
#11510=CARTESIAN_POINT('Ctrl Pts',(-27.6247624872383,32.4999146883167,14.3558585386921));
#11511=CARTESIAN_POINT('Ctrl Pts',(-27.7576913923108,32.4753587530298,14.3274080906142));
#11512=CARTESIAN_POINT('Ctrl Pts',(-28.0039309362722,32.3739469081857,14.2887879951545));
#11513=CARTESIAN_POINT('Ctrl Pts',(-28.1172619678355,32.2969515945376,14.2791161618168));
#11514=CARTESIAN_POINT('Ctrl Pts',(-28.2974754824682,32.1167380799049,14.2831214249699));
#11515=CARTESIAN_POINT('Ctrl Pts',(-28.3745265410188,32.0029698122091,14.2971555889304));
#11516=CARTESIAN_POINT('Ctrl Pts',(-28.4756523028996,31.756528914691,14.3439786159981));
#11517=CARTESIAN_POINT('Ctrl Pts',(-28.5,31.6238695104231,14.3762470072541));
#11518=CARTESIAN_POINT('Ctrl Pts',(-28.5,31.5,14.4068649083134));
#11519=CARTESIAN_POINT('',(-27.5,32.5,18.6782173664962));
#11520=CARTESIAN_POINT('Origin',(-28.4499997019768,32.5,16.5308351734244));
#11521=CARTESIAN_POINT('Ctrl Pts',(-28.5,31.5,18.6548054385353));
#11522=CARTESIAN_POINT('Ctrl Pts',(-28.5,31.6238695104231,18.6854233395947));
#11523=CARTESIAN_POINT('Ctrl Pts',(-28.4756523028996,31.756528914691,18.7176917308507));
#11524=CARTESIAN_POINT('Ctrl Pts',(-28.3745265410188,32.0029698122091,18.7645147579184));
#11525=CARTESIAN_POINT('Ctrl Pts',(-28.2974754824682,32.1167380799049,18.7785489218789));
#11526=CARTESIAN_POINT('Ctrl Pts',(-28.1172619678355,32.2969515945376,18.782554185032));
#11527=CARTESIAN_POINT('Ctrl Pts',(-28.0039309362722,32.3739469081857,18.7728823516942));
#11528=CARTESIAN_POINT('Ctrl Pts',(-27.7576913923108,32.4753587530298,18.7342622562345));
#11529=CARTESIAN_POINT('Ctrl Pts',(-27.6247624872383,32.4999146883167,18.7058118081566));
#11530=CARTESIAN_POINT('Ctrl Pts',(-27.5004571465138,32.4999999216216,18.6783184843746));
#11531=CARTESIAN_POINT('Ctrl Pts',(-27.5002285875512,32.5,18.6782679299465));
#11532=CARTESIAN_POINT('Ctrl Pts',(-27.5,32.5,18.6782173664962));
#11533=CARTESIAN_POINT('',(-29.,29.8680197826838,16.5308351734244));
#11534=CARTESIAN_POINT('',(-29.1267763972734,29.9947961799572,16.5308351734244));
#11535=CARTESIAN_POINT('',(-29.,31.5,18.4958414171966));
#11536=CARTESIAN_POINT('Origin',(-29.,33.0500002980232,16.5308351734244));
#11537=CARTESIAN_POINT('',(-27.5,33.,18.5336458065431));
#11538=CARTESIAN_POINT('Ctrl Pts',(-27.5,33.,18.5336458065431));
#11539=CARTESIAN_POINT('Ctrl Pts',(-27.5005513239175,33.,18.533845380957));
#11540=CARTESIAN_POINT('Ctrl Pts',(-27.5011025394399,32.9999996960418,18.5340448825078));
#11541=CARTESIAN_POINT('Ctrl Pts',(-27.6842556207138,32.9997977823636,18.6003222373792));
#11542=CARTESIAN_POINT('Ctrl Pts',(-27.8816702168996,32.9642900497291,18.6674911890444));
#11543=CARTESIAN_POINT('Ctrl Pts',(-28.251208000475,32.8135844875023,18.759553609865));
#11544=CARTESIAN_POINT('Ctrl Pts',(-28.4233639537429,32.6979563898167,18.7836087971855));
#11545=CARTESIAN_POINT('Ctrl Pts',(-28.6992881291777,32.4220322143819,18.7774763551476));
#11546=CARTESIAN_POINT('Ctrl Pts',(-28.8150618290545,32.248736179039,18.7465238512227));
#11547=CARTESIAN_POINT('Ctrl Pts',(-28.965046604986,31.8786490739027,18.64111229067));
#11548=CARTESIAN_POINT('Ctrl Pts',(-29.,31.6819007650502,18.5675832350489));
#11549=CARTESIAN_POINT('Ctrl Pts',(-29.,31.5,18.4958414171966));
#11550=CARTESIAN_POINT('',(-27.5,33.,14.5280245403056));
#11551=CARTESIAN_POINT('Origin',(-28.9499997019768,33.,16.5308351734244));
#11552=CARTESIAN_POINT('',(-29.,31.5,14.5658289296521));
#11553=CARTESIAN_POINT('Ctrl Pts',(-29.,31.5,14.5658289296521));
#11554=CARTESIAN_POINT('Ctrl Pts',(-29.,31.6819007650502,14.4940871117999));
#11555=CARTESIAN_POINT('Ctrl Pts',(-28.965046604986,31.8786490739027,14.4205580561787));
#11556=CARTESIAN_POINT('Ctrl Pts',(-28.8150618290545,32.248736179039,14.315146495626));
#11557=CARTESIAN_POINT('Ctrl Pts',(-28.6992881291777,32.4220322143819,14.2841939917011));
#11558=CARTESIAN_POINT('Ctrl Pts',(-28.4233639537429,32.6979563898167,14.2780615496633));
#11559=CARTESIAN_POINT('Ctrl Pts',(-28.251208000475,32.8135844875023,14.3021167369837));
#11560=CARTESIAN_POINT('Ctrl Pts',(-27.8816702168996,32.9642900497291,14.3941791578044));
#11561=CARTESIAN_POINT('Ctrl Pts',(-27.6842556207138,32.9997977823636,14.4613481094695));
#11562=CARTESIAN_POINT('Ctrl Pts',(-27.5011025394399,32.9999996960418,14.5276254643409));
#11563=CARTESIAN_POINT('Ctrl Pts',(-27.5005513239175,33.,14.5278249658918));
#11564=CARTESIAN_POINT('Ctrl Pts',(-27.5,33.,14.5280245403056));
#11565=CARTESIAN_POINT('Origin',(-29.,33.0500002980232,16.5308351734244));
#11566=CARTESIAN_POINT('Origin',(-29.,17.,0.));
#11567=CARTESIAN_POINT('',(-29.,31.5,28.5));
#11568=CARTESIAN_POINT('',(-29.,7.5,28.5));
#11569=CARTESIAN_POINT('',(-29.,31.5,22.893114817929));
#11570=CARTESIAN_POINT('',(-29.,31.5,0.));
#11571=CARTESIAN_POINT('',(-29.,31.5,22.3772148352223));
#11572=CARTESIAN_POINT('Origin',(-29.,29.2648351734244,22.6351648265756));
#11573=CARTESIAN_POINT('',(-29.,31.5,0.));
#11574=CARTESIAN_POINT('',(-29.,31.5,11.6351148179289));
#11575=CARTESIAN_POINT('',(-29.,31.5,0.));
#11576=CARTESIAN_POINT('',(-29.,31.5,11.1192148352224));
#11577=CARTESIAN_POINT('Origin',(-29.,29.2648351734244,11.3771648265756));
#11578=CARTESIAN_POINT('',(-29.,31.5,7.23784141719664));
#11579=CARTESIAN_POINT('',(-29.,31.5,0.));
#11580=CARTESIAN_POINT('',(-29.,29.8680197826838,5.27283517342438));
#11581=CARTESIAN_POINT('Origin',(-29.,33.0500002980232,5.27283517342438));
#11582=CARTESIAN_POINT('',(-29.,31.5,3.30782892965211));
#11583=CARTESIAN_POINT('Origin',(-29.,33.0500002980232,5.27283517342438));
#11584=CARTESIAN_POINT('',(-29.,31.5,-0.16288518207112));
#11585=CARTESIAN_POINT('',(-29.,31.5,0.));
#11586=CARTESIAN_POINT('',(-29.,31.5,-0.678785164777629));
#11587=CARTESIAN_POINT('Origin',(-29.,29.2648351734244,-0.420835173424374));
#11588=CARTESIAN_POINT('',(-29.,31.5,-4.02015858280336));
#11589=CARTESIAN_POINT('',(-29.,31.5,0.));
#11590=CARTESIAN_POINT('',(-29.,29.8680197826838,-5.98516482657562));
#11591=CARTESIAN_POINT('Origin',(-29.,33.0500002980232,-5.98516482657562));
#11592=CARTESIAN_POINT('',(-29.,31.5,-7.95017107034788));
#11593=CARTESIAN_POINT('Origin',(-29.,33.0500002980232,-5.98516482657562));
#11594=CARTESIAN_POINT('',(-29.,31.5,-11.4208851820711));
#11595=CARTESIAN_POINT('',(-29.,31.5,0.));
#11596=CARTESIAN_POINT('',(-29.,31.5,-11.9367851647776));
#11597=CARTESIAN_POINT('Origin',(-29.,29.2648351734244,-11.6788351734244));
#11598=CARTESIAN_POINT('',(-29.,31.5,-15.2781585828034));
#11599=CARTESIAN_POINT('',(-29.,31.5,0.));
#11600=CARTESIAN_POINT('',(-29.,29.8680197826838,-17.2431648265756));
#11601=CARTESIAN_POINT('Origin',(-29.,33.0500002980232,-17.2431648265756));
#11602=CARTESIAN_POINT('',(-29.,31.5,-19.2081710703479));
#11603=CARTESIAN_POINT('Origin',(-29.,33.0500002980232,-17.2431648265756));
#11604=CARTESIAN_POINT('',(-29.,31.5,-22.6788851820712));
#11605=CARTESIAN_POINT('',(-29.,31.5,0.));
#11606=CARTESIAN_POINT('',(-29.,31.5,-23.1947851647775));
#11607=CARTESIAN_POINT('Origin',(-29.,29.2648351734244,-22.9368351734244));
#11608=CARTESIAN_POINT('',(-29.,31.5,-26.5361585828034));
#11609=CARTESIAN_POINT('',(-29.,31.5,0.));
#11610=CARTESIAN_POINT('',(-29.,29.8680197826838,-28.5011648265756));
#11611=CARTESIAN_POINT('Origin',(-29.,33.0500002980232,-28.5011648265756));
#11612=CARTESIAN_POINT('',(-29.,31.5,-30.4661710703479));
#11613=CARTESIAN_POINT('Origin',(-29.,33.0500002980232,-28.5011648265756));
#11614=CARTESIAN_POINT('',(-29.,31.5,-36.));
#11615=CARTESIAN_POINT('',(-29.,31.5,0.));
#11616=CARTESIAN_POINT('',(-29.,24.525266531123,-36.));
#11617=CARTESIAN_POINT('',(-29.,2.,-35.5));
#11618=CARTESIAN_POINT('',(-29.,10.1250000242035,-35.5));
#11619=CARTESIAN_POINT('',(-29.,2.,0.));
#11620=CARTESIAN_POINT('',(-29.,21.7648351734244,5.74799970197678));
#11621=CARTESIAN_POINT('Origin',(-29.,19.5148351734244,5.74799970197678));
#11622=CARTESIAN_POINT('',(-29.,28.2648351734244,5.74799970197678));
#11623=CARTESIAN_POINT('Origin',(-29.,26.0148351734244,5.74799970197678));
#11624=CARTESIAN_POINT('',(-29.,12.0148351734244,-11.6788351734244));
#11625=CARTESIAN_POINT('Origin',(-29.,9.76483517342437,-11.6788351734244));
#11626=CARTESIAN_POINT('',(-29.,18.5148351734244,-22.9368351734244));
#11627=CARTESIAN_POINT('Origin',(-29.,16.2648351734244,-22.9368351734244));
#11628=CARTESIAN_POINT('',(-29.,18.5148351734244,22.6351648265756));
#11629=CARTESIAN_POINT('Origin',(-29.,16.2648351734244,22.6351648265756));
#11630=CARTESIAN_POINT('',(-29.,28.2648351734244,-28.5660002980232));
#11631=CARTESIAN_POINT('Origin',(-29.,26.0148351734244,-28.5660002980232));
#11632=CARTESIAN_POINT('',(-29.,25.0148351734244,22.6351648265756));
#11633=CARTESIAN_POINT('Origin',(-29.,22.7648351734244,22.6351648265756));
#11634=CARTESIAN_POINT('',(-29.,15.2648351734244,5.74799970197678));
#11635=CARTESIAN_POINT('Origin',(-29.,13.0148351734244,5.74799970197678));
#11636=CARTESIAN_POINT('',(-29.,21.7648351734244,17.0059997019768));
#11637=CARTESIAN_POINT('Origin',(-29.,19.5148351734244,17.0059997019768));
#11638=CARTESIAN_POINT('',(-29.,25.0148351734244,-0.420835173424374));
#11639=CARTESIAN_POINT('Origin',(-29.,22.7648351734244,-0.420835173424373));
#11640=CARTESIAN_POINT('',(-29.,15.2648351734244,-28.5660002980232));
#11641=CARTESIAN_POINT('Origin',(-29.,13.0148351734244,-28.5660002980232));
#11642=CARTESIAN_POINT('',(-29.,12.0148351734244,-0.420835173424371));
#11643=CARTESIAN_POINT('Origin',(-29.,9.76483517342438,-0.42083517342437));
#11644=CARTESIAN_POINT('',(-29.,15.2648351734244,17.0059997019768));
#11645=CARTESIAN_POINT('Origin',(-29.,13.0148351734244,17.0059997019768));
#11646=CARTESIAN_POINT('',(-29.,12.0148351734244,22.6351648265756));
#11647=CARTESIAN_POINT('Origin',(-29.,9.76483517342438,22.6351648265756));
#11648=CARTESIAN_POINT('',(-29.,25.0148351734244,-22.9368351734244));
#11649=CARTESIAN_POINT('Origin',(-29.,22.7648351734244,-22.9368351734244));
#11650=CARTESIAN_POINT('',(-29.,25.0148351734244,-11.6788351734244));
#11651=CARTESIAN_POINT('Origin',(-29.,22.7648351734244,-11.6788351734244));
#11652=CARTESIAN_POINT('',(-29.,18.5148351734244,-11.6788351734244));
#11653=CARTESIAN_POINT('Origin',(-29.,16.2648351734244,-11.6788351734244));
#11654=CARTESIAN_POINT('',(-29.,15.2648351734244,-17.3080002980232));
#11655=CARTESIAN_POINT('Origin',(-29.,13.0148351734244,-17.3080002980232));
#11656=CARTESIAN_POINT('',(-29.,18.5148351734244,-0.420835173424372));
#11657=CARTESIAN_POINT('Origin',(-29.,16.2648351734244,-0.420835173424371));
#11658=CARTESIAN_POINT('',(-29.,18.5148351734244,11.3771648265756));
#11659=CARTESIAN_POINT('Origin',(-29.,16.2648351734244,11.3771648265756));
#11660=CARTESIAN_POINT('',(-29.,12.0148351734244,11.3771648265756));
#11661=CARTESIAN_POINT('Origin',(-29.,9.76483517342438,11.3771648265756));
#11662=CARTESIAN_POINT('',(-29.,28.2648351734244,17.0059997019768));
#11663=CARTESIAN_POINT('Origin',(-29.,26.0148351734244,17.0059997019768));
#11664=CARTESIAN_POINT('',(-29.,25.0148351734244,11.3771648265756));
#11665=CARTESIAN_POINT('Origin',(-29.,22.7648351734244,11.3771648265756));
#11666=CARTESIAN_POINT('',(-29.,21.7648351734244,-17.3080002980232));
#11667=CARTESIAN_POINT('Origin',(-29.,19.5148351734244,-17.3080002980232));
#11668=CARTESIAN_POINT('',(-29.,21.7648351734244,-28.5660002980232));
#11669=CARTESIAN_POINT('Origin',(-29.,19.5148351734244,-28.5660002980232));
#11670=CARTESIAN_POINT('',(-29.,28.2648351734244,-17.3080002980232));
#11671=CARTESIAN_POINT('Origin',(-29.,26.0148351734244,-17.3080002980232));
#11672=CARTESIAN_POINT('',(-29.,15.2648351734244,-6.05000029802322));
#11673=CARTESIAN_POINT('Origin',(-29.,13.0148351734244,-6.05000029802322));
#11674=CARTESIAN_POINT('',(-29.,12.0148351734244,-22.9368351734244));
#11675=CARTESIAN_POINT('Origin',(-29.,9.76483517342437,-22.9368351734244));
#11676=CARTESIAN_POINT('',(-29.,28.2648351734244,-6.05000029802323));
#11677=CARTESIAN_POINT('Origin',(-29.,26.0148351734244,-6.05000029802323));
#11678=CARTESIAN_POINT('',(-29.,21.7648351734244,-6.05000029802322));
#11679=CARTESIAN_POINT('Origin',(-29.,19.5148351734244,-6.05000029802322));
#11680=CARTESIAN_POINT('Origin',(-27.5,31.5,0.));
#11681=CARTESIAN_POINT('',(-27.5,33.,7.27564580654315));
#11682=CARTESIAN_POINT('',(-27.5,33.,0.));
#11683=CARTESIAN_POINT('Ctrl Pts',(-27.5,33.,7.27564580654315));
#11684=CARTESIAN_POINT('Ctrl Pts',(-27.5005513239175,33.,7.27584538095695));
#11685=CARTESIAN_POINT('Ctrl Pts',(-27.5011025394399,32.9999996960418,7.27604488250783));
#11686=CARTESIAN_POINT('Ctrl Pts',(-27.6842556207138,32.9997977823636,7.34232223737925));
#11687=CARTESIAN_POINT('Ctrl Pts',(-27.8816702168996,32.9642900497291,7.40949118904437));
#11688=CARTESIAN_POINT('Ctrl Pts',(-28.251208000475,32.8135844875023,7.50155360986505));
#11689=CARTESIAN_POINT('Ctrl Pts',(-28.4233639537429,32.6979563898167,7.52560879718546));
#11690=CARTESIAN_POINT('Ctrl Pts',(-28.6992881291777,32.4220322143819,7.51947635514761));
#11691=CARTESIAN_POINT('Ctrl Pts',(-28.8150618290545,32.248736179039,7.48852385122273));
#11692=CARTESIAN_POINT('Ctrl Pts',(-28.965046604986,31.8786490739027,7.38311229067002));
#11693=CARTESIAN_POINT('Ctrl Pts',(-29.,31.6819007650502,7.30958323504889));
#11694=CARTESIAN_POINT('Ctrl Pts',(-29.,31.5,7.23784141719664));
#11695=CARTESIAN_POINT('',(-28.9999266374158,31.5148351734244,11.3771648265756));
#11696=CARTESIAN_POINT('Ctrl Pts',(-29.,31.5,11.1192148352224));
#11697=CARTESIAN_POINT('Ctrl Pts',(-29.,31.5100669516987,11.2064460703534));
#11698=CARTESIAN_POINT('Ctrl Pts',(-28.9999266374158,31.5148351734244,11.2929419460211));
#11699=CARTESIAN_POINT('Ctrl Pts',(-28.9999266374158,31.5148351734244,11.3771648265756));
#11700=CARTESIAN_POINT('Ctrl Pts',(-28.9999266374158,31.5148351734244,11.3771648265756));
#11701=CARTESIAN_POINT('Ctrl Pts',(-28.9999266374158,31.5148351734244,11.4613877071302));
#11702=CARTESIAN_POINT('Ctrl Pts',(-29.,31.5100669516987,11.5478835827979));
#11703=CARTESIAN_POINT('Ctrl Pts',(-29.,31.5,11.6351148179289));
#11704=CARTESIAN_POINT('Origin',(-0.250000000000004,32.5,0.));
#11705=CARTESIAN_POINT('',(-27.5,32.5,7.42021736649621));
#11706=CARTESIAN_POINT('',(-27.5,32.5,0.));
#11707=CARTESIAN_POINT('',(-27.5,32.5,3.12545298035254));
#11708=CARTESIAN_POINT('Origin',(-28.4499997019768,32.5,5.27283517342438));
#11709=CARTESIAN_POINT('',(-27.5,32.5,-3.83778263350379));
#11710=CARTESIAN_POINT('',(-27.5,32.5,0.));
#11711=CARTESIAN_POINT('',(-27.5,32.5,-8.13254701964746));
#11712=CARTESIAN_POINT('Origin',(-28.4499997019768,32.5,-5.98516482657562));
#11713=CARTESIAN_POINT('',(-27.5,32.5,-15.0957826335038));
#11714=CARTESIAN_POINT('',(-27.5,32.5,0.));
#11715=CARTESIAN_POINT('',(-27.5,32.5,-19.3905470196475));
#11716=CARTESIAN_POINT('Origin',(-28.4499997019768,32.5,-17.2431648265756));
#11717=CARTESIAN_POINT('',(-27.5,32.5,-26.3537826335038));
#11718=CARTESIAN_POINT('',(-27.5,32.5,0.));
#11719=CARTESIAN_POINT('',(-27.5,32.5,-30.6485470196475));
#11720=CARTESIAN_POINT('Origin',(-28.4499997019768,32.5,-28.5011648265756));
#11721=CARTESIAN_POINT('',(-27.5,32.5,-36.));
#11722=CARTESIAN_POINT('',(-27.5,32.5,0.));
#11723=CARTESIAN_POINT('',(-26.9999999999995,32.5,-36.));
#11724=CARTESIAN_POINT('',(-14.1249998379497,32.5,-36.));
#11725=CARTESIAN_POINT('',(-26.9999999999995,32.5,-36.5));
#11726=CARTESIAN_POINT('',(-26.9999999999995,32.5,-18.375));
#11727=CARTESIAN_POINT('',(26.5,32.5,-36.5));
#11728=CARTESIAN_POINT('',(0.,32.5,-36.5));
#11729=CARTESIAN_POINT('',(26.5,32.5,-36.));
#11730=CARTESIAN_POINT('',(26.5,32.5,-18.375));
#11731=CARTESIAN_POINT('',(27.,32.5,-36.));
#11732=CARTESIAN_POINT('',(13.5,32.5,-36.));
#11733=CARTESIAN_POINT('',(27.,32.5,29.));
#11734=CARTESIAN_POINT('',(27.,32.5,0.));
#11735=CARTESIAN_POINT('',(-27.5,32.5,29.));
#11736=CARTESIAN_POINT('',(-0.250000102440966,32.5,29.));
#11737=CARTESIAN_POINT('',(-27.5,32.5,28.5));
#11738=CARTESIAN_POINT('',(-27.5,32.5,0.));
#11739=CARTESIAN_POINT('',(-27.5,32.5,0.));
#11740=CARTESIAN_POINT('',(6.30000029802322,32.5,5.81283517342438));
#11741=CARTESIAN_POINT('Origin',(4.05000029802322,32.5,5.81283517342438));
#11742=CARTESIAN_POINT('',(-16.4499997019768,32.5,-11.6139997019768));
#11743=CARTESIAN_POINT('Origin',(-18.6999997019768,32.5,-11.6139997019768));
#11744=CARTESIAN_POINT('',(-6.69999970197678,32.5,17.0708351734244));
#11745=CARTESIAN_POINT('Origin',(-8.94999970197678,32.5,17.0708351734244));
#11746=CARTESIAN_POINT('',(-3.44999970197678,32.5,-22.8719997019768));
#11747=CARTESIAN_POINT('Origin',(-5.69999970197678,32.5,-22.8719997019768));
#11748=CARTESIAN_POINT('',(-19.6999997019768,32.5,17.0708351734244));
#11749=CARTESIAN_POINT('Origin',(-21.9499997019768,32.5,17.0708351734244));
#11750=CARTESIAN_POINT('',(19.3000002980232,32.5,-5.98516482657563));
#11751=CARTESIAN_POINT('Origin',(17.0500002980232,32.5,-5.98516482657563));
#11752=CARTESIAN_POINT('',(-9.94999970197678,32.5,11.4420002980232));
#11753=CARTESIAN_POINT('Origin',(-12.1999997019768,32.5,11.4420002980232));
#11754=CARTESIAN_POINT('',(3.05000029802322,32.5,-0.355999701976775));
#11755=CARTESIAN_POINT('Origin',(0.800000298023222,32.5,-0.355999701976775));
#11756=CARTESIAN_POINT('',(-22.9499997019768,32.5,-22.8719997019768));
#11757=CARTESIAN_POINT('Origin',(-25.1999997019768,32.5,-22.8719997019768));
#11758=CARTESIAN_POINT('',(-13.1999997019768,32.5,-5.98516482657563));
#11759=CARTESIAN_POINT('Origin',(-15.4499997019768,32.5,-5.98516482657563));
#11760=CARTESIAN_POINT('',(-6.69999970197678,32.5,-17.2431648265756));
#11761=CARTESIAN_POINT('Origin',(-8.94999970197678,32.5,-17.2431648265756));
#11762=CARTESIAN_POINT('',(-19.6999997019768,32.5,5.81283517342438));
#11763=CARTESIAN_POINT('Origin',(-21.9499997019768,32.5,5.81283517342438));
#11764=CARTESIAN_POINT('',(-19.6999997019768,32.5,-5.98516482657563));
#11765=CARTESIAN_POINT('Origin',(-21.9499997019768,32.5,-5.98516482657563));
#11766=CARTESIAN_POINT('',(22.5500002980232,32.5,11.4420002980232));
#11767=CARTESIAN_POINT('Origin',(20.3000002980232,32.5,11.4420002980232));
#11768=CARTESIAN_POINT('',(12.8000002980232,32.5,-28.5011648265756));
#11769=CARTESIAN_POINT('Origin',(10.5500002980232,32.5,-28.5011648265756));
#11770=CARTESIAN_POINT('',(12.8000002980232,32.5,17.0708351734244));
#11771=CARTESIAN_POINT('Origin',(10.5500002980232,32.5,17.0708351734244));
#11772=CARTESIAN_POINT('',(-6.69999970197678,32.5,-5.98516482657563));
#11773=CARTESIAN_POINT('Origin',(-8.94999970197678,32.5,-5.98516482657563));
#11774=CARTESIAN_POINT('',(-3.44999970197678,32.5,-11.6139997019768));
#11775=CARTESIAN_POINT('Origin',(-5.69999970197678,32.5,-11.6139997019768));
#11776=CARTESIAN_POINT('',(6.30000029802322,32.5,-5.98516482657563));
#11777=CARTESIAN_POINT('Origin',(4.05000029802322,32.5,-5.98516482657563));
#11778=CARTESIAN_POINT('',(6.30000029802322,32.5,-17.2431648265756));
#11779=CARTESIAN_POINT('Origin',(4.05000029802322,32.5,-17.2431648265756));
#11780=CARTESIAN_POINT('',(-19.6999997019768,32.5,-28.5011648265756));
#11781=CARTESIAN_POINT('Origin',(-21.9499997019768,32.5,-28.5011648265756));
#11782=CARTESIAN_POINT('',(-13.1999997019768,32.5,-28.5011648265756));
#11783=CARTESIAN_POINT('Origin',(-15.4499997019768,32.5,-28.5011648265756));
#11784=CARTESIAN_POINT('',(-16.4499997019768,32.5,22.7000002980232));
#11785=CARTESIAN_POINT('Origin',(-18.6999997019768,32.5,22.7000002980232));
#11786=CARTESIAN_POINT('',(3.05000029802322,32.5,22.7000002980232));
#11787=CARTESIAN_POINT('Origin',(0.800000298023222,32.5,22.7000002980232));
#11788=CARTESIAN_POINT('',(9.55000029802322,32.5,-11.6139997019768));
#11789=CARTESIAN_POINT('Origin',(7.30000029802322,32.5,-11.6139997019768));
#11790=CARTESIAN_POINT('',(3.05000029802322,32.5,-11.6139997019768));
#11791=CARTESIAN_POINT('Origin',(0.800000298023222,32.5,-11.6139997019768));
#11792=CARTESIAN_POINT('',(-0.199999701976781,32.5,17.0708351734244));
#11793=CARTESIAN_POINT('Origin',(-2.44999970197678,32.5,17.0708351734244));
#11794=CARTESIAN_POINT('',(-0.199999701976781,32.5,5.81283517342438));
#11795=CARTESIAN_POINT('Origin',(-2.44999970197678,32.5,5.81283517342438));
#11796=CARTESIAN_POINT('',(19.3000002980232,32.5,5.81283517342438));
#11797=CARTESIAN_POINT('Origin',(17.0500002980232,32.5,5.81283517342438));
#11798=CARTESIAN_POINT('',(-9.94999970197678,32.5,-11.6139997019768));
#11799=CARTESIAN_POINT('Origin',(-12.1999997019768,32.5,-11.6139997019768));
#11800=CARTESIAN_POINT('',(9.55000029802322,32.5,22.7000002980232));
#11801=CARTESIAN_POINT('Origin',(7.30000029802322,32.5,22.7000002980232));
#11802=CARTESIAN_POINT('',(22.5500002980232,32.5,22.7000002980232));
#11803=CARTESIAN_POINT('Origin',(20.3000002980232,32.5,22.7000002980232));
#11804=CARTESIAN_POINT('',(-9.94999970197678,32.5,-0.355999701976775));
#11805=CARTESIAN_POINT('Origin',(-12.1999997019768,32.5,-0.355999701976775));
#11806=CARTESIAN_POINT('',(-0.199999701976781,32.5,-28.5011648265756));
#11807=CARTESIAN_POINT('Origin',(-2.44999970197678,32.5,-28.5011648265756));
#11808=CARTESIAN_POINT('',(16.0500002980232,32.5,22.7000002980232));
#11809=CARTESIAN_POINT('Origin',(13.8000002980232,32.5,22.7000002980232));
#11810=CARTESIAN_POINT('',(3.05000029802322,32.5,11.4420002980232));
#11811=CARTESIAN_POINT('Origin',(0.800000298023222,32.5,11.4420002980232));
#11812=CARTESIAN_POINT('',(12.8000002980232,32.5,5.81283517342438));
#11813=CARTESIAN_POINT('Origin',(10.5500002980232,32.5,5.81283517342438));
#11814=CARTESIAN_POINT('',(-22.9499997019768,32.5,11.4420002980232));
#11815=CARTESIAN_POINT('Origin',(-25.1999997019768,32.5,11.4420002980232));
#11816=CARTESIAN_POINT('',(-3.44999970197678,32.5,22.7000002980232));
#11817=CARTESIAN_POINT('Origin',(-5.69999970197678,32.5,22.7000002980232));
#11818=CARTESIAN_POINT('',(-3.44999970197678,32.5,11.4420002980232));
#11819=CARTESIAN_POINT('Origin',(-5.69999970197678,32.5,11.4420002980232));
#11820=CARTESIAN_POINT('',(-13.1999997019768,32.5,5.81283517342438));
#11821=CARTESIAN_POINT('Origin',(-15.4499997019768,32.5,5.81283517342438));
#11822=CARTESIAN_POINT('',(16.0500002980232,32.5,-11.6139997019768));
#11823=CARTESIAN_POINT('Origin',(13.8000002980232,32.5,-11.6139997019768));
#11824=CARTESIAN_POINT('',(22.5500002980232,32.5,-22.8719997019768));
#11825=CARTESIAN_POINT('Origin',(20.3000002980232,32.5,-22.8719997019768));
#11826=CARTESIAN_POINT('',(-6.69999970197678,32.5,5.81283517342438));
#11827=CARTESIAN_POINT('Origin',(-8.94999970197678,32.5,5.81283517342438));
#11828=CARTESIAN_POINT('',(-3.44999970197678,32.5,-0.355999701976775));
#11829=CARTESIAN_POINT('Origin',(-5.69999970197678,32.5,-0.355999701976775));
#11830=CARTESIAN_POINT('',(22.5500002980232,32.5,-11.6139997019768));
#11831=CARTESIAN_POINT('Origin',(20.3000002980232,32.5,-11.6139997019768));
#11832=CARTESIAN_POINT('',(19.3000002980232,32.5,-17.2431648265756));
#11833=CARTESIAN_POINT('Origin',(17.0500002980232,32.5,-17.2431648265756));
#11834=CARTESIAN_POINT('',(-22.9499997019768,32.5,22.7000002980232));
#11835=CARTESIAN_POINT('Origin',(-25.1999997019768,32.5,22.7000002980232));
#11836=CARTESIAN_POINT('',(6.30000029802322,32.5,17.0708351734244));
#11837=CARTESIAN_POINT('Origin',(4.05000029802322,32.5,17.0708351734244));
#11838=CARTESIAN_POINT('',(6.30000029802322,32.5,-28.5011648265756));
#11839=CARTESIAN_POINT('Origin',(4.05000029802322,32.5,-28.5011648265756));
#11840=CARTESIAN_POINT('',(3.05000029802322,32.5,-22.8719997019768));
#11841=CARTESIAN_POINT('Origin',(0.800000298023222,32.5,-22.8719997019768));
#11842=CARTESIAN_POINT('',(12.8000002980232,32.5,-5.98516482657563));
#11843=CARTESIAN_POINT('Origin',(10.5500002980232,32.5,-5.98516482657563));
#11844=CARTESIAN_POINT('',(16.0500002980232,32.5,11.4420002980232));
#11845=CARTESIAN_POINT('Origin',(13.8000002980232,32.5,11.4420002980232));
#11846=CARTESIAN_POINT('',(-0.199999701976781,32.5,-5.98516482657563));
#11847=CARTESIAN_POINT('Origin',(-2.44999970197678,32.5,-5.98516482657563));
#11848=CARTESIAN_POINT('',(16.0500002980232,32.5,-22.8719997019768));
#11849=CARTESIAN_POINT('Origin',(13.8000002980232,32.5,-22.8719997019768));
#11850=CARTESIAN_POINT('',(-9.94999970197678,32.5,22.7000002980232));
#11851=CARTESIAN_POINT('Origin',(-12.1999997019768,32.5,22.7000002980232));
#11852=CARTESIAN_POINT('',(-16.4499997019768,32.5,-0.355999701976775));
#11853=CARTESIAN_POINT('Origin',(-18.6999997019768,32.5,-0.355999701976775));
#11854=CARTESIAN_POINT('',(19.3000002980232,32.5,-28.5011648265756));
#11855=CARTESIAN_POINT('Origin',(17.0500002980232,32.5,-28.5011648265756));
#11856=CARTESIAN_POINT('',(-22.9499997019768,32.5,-0.355999701976775));
#11857=CARTESIAN_POINT('Origin',(-25.1999997019768,32.5,-0.355999701976775));
#11858=CARTESIAN_POINT('',(22.5500002980232,32.5,-0.355999701976775));
#11859=CARTESIAN_POINT('Origin',(20.3000002980232,32.5,-0.355999701976775));
#11860=CARTESIAN_POINT('',(-9.94999970197678,32.5,-22.8719997019768));
#11861=CARTESIAN_POINT('Origin',(-12.1999997019768,32.5,-22.8719997019768));
#11862=CARTESIAN_POINT('',(9.55000029802322,32.5,-22.8719997019768));
#11863=CARTESIAN_POINT('Origin',(7.30000029802322,32.5,-22.8719997019768));
#11864=CARTESIAN_POINT('',(16.0500002980232,32.5,-0.355999701976775));
#11865=CARTESIAN_POINT('Origin',(13.8000002980232,32.5,-0.355999701976775));
#11866=CARTESIAN_POINT('',(19.3000002980232,32.5,17.0708351734244));
#11867=CARTESIAN_POINT('Origin',(17.0500002980232,32.5,17.0708351734244));
#11868=CARTESIAN_POINT('',(9.55000029802322,32.5,11.4420002980232));
#11869=CARTESIAN_POINT('Origin',(7.30000029802322,32.5,11.4420002980232));
#11870=CARTESIAN_POINT('',(-19.6999997019768,32.5,-17.2431648265756));
#11871=CARTESIAN_POINT('Origin',(-21.9499997019768,32.5,-17.2431648265756));
#11872=CARTESIAN_POINT('',(-6.69999970197678,32.5,-28.5011648265756));
#11873=CARTESIAN_POINT('Origin',(-8.94999970197678,32.5,-28.5011648265756));
#11874=CARTESIAN_POINT('',(-13.1999997019768,32.5,-17.2431648265756));
#11875=CARTESIAN_POINT('Origin',(-15.4499997019768,32.5,-17.2431648265756));
#11876=CARTESIAN_POINT('',(9.55000029802322,32.5,-0.355999701976775));
#11877=CARTESIAN_POINT('Origin',(7.30000029802322,32.5,-0.355999701976775));
#11878=CARTESIAN_POINT('',(-0.199999701976781,32.5,-17.2431648265756));
#11879=CARTESIAN_POINT('Origin',(-2.44999970197678,32.5,-17.2431648265756));
#11880=CARTESIAN_POINT('',(-13.1999997019768,32.5,17.0708351734244));
#11881=CARTESIAN_POINT('Origin',(-15.4499997019768,32.5,17.0708351734244));
#11882=CARTESIAN_POINT('',(-22.9499997019768,32.5,-11.6139997019768));
#11883=CARTESIAN_POINT('Origin',(-25.1999997019768,32.5,-11.6139997019768));
#11884=CARTESIAN_POINT('',(-16.4499997019768,32.5,-22.8719997019768));
#11885=CARTESIAN_POINT('Origin',(-18.6999997019768,32.5,-22.8719997019768));
#11886=CARTESIAN_POINT('',(-16.4499997019768,32.5,11.4420002980232));
#11887=CARTESIAN_POINT('Origin',(-18.6999997019768,32.5,11.4420002980232));
#11888=CARTESIAN_POINT('',(12.8000002980232,32.5,-17.2431648265756));
#11889=CARTESIAN_POINT('Origin',(10.5500002980232,32.5,-17.2431648265756));
#11890=CARTESIAN_POINT('Origin',(-27.5,31.5,0.));
#11891=CARTESIAN_POINT('',(-28.4998899527595,31.5148351734244,11.3771648265756));
#11892=CARTESIAN_POINT('Ctrl Pts',(-28.5,31.5,11.6351148179289));
#11893=CARTESIAN_POINT('Ctrl Pts',(-28.5,31.5101076667145,11.5475307827423));
#11894=CARTESIAN_POINT('Ctrl Pts',(-28.4998899527595,31.5148351734244,11.460890996138));
#11895=CARTESIAN_POINT('Ctrl Pts',(-28.4998899527595,31.5148351734244,11.3771648265756));
#11896=CARTESIAN_POINT('Ctrl Pts',(-28.4998899527595,31.5148351734244,11.3771648265756));
#11897=CARTESIAN_POINT('Ctrl Pts',(-28.4998899527595,31.5148351734244,11.2934386570133));
#11898=CARTESIAN_POINT('Ctrl Pts',(-28.5,31.5101076667145,11.2067988704089));
#11899=CARTESIAN_POINT('Ctrl Pts',(-28.5,31.5,11.1192148352224));
#11900=CARTESIAN_POINT('Ctrl Pts',(-28.5,31.5,7.39680543853535));
#11901=CARTESIAN_POINT('Ctrl Pts',(-28.5,31.6238695104231,7.42742333959467));
#11902=CARTESIAN_POINT('Ctrl Pts',(-28.4756523028996,31.756528914691,7.45969173085067));
#11903=CARTESIAN_POINT('Ctrl Pts',(-28.3745265410188,32.0029698122091,7.50651475791839));
#11904=CARTESIAN_POINT('Ctrl Pts',(-28.2974754824682,32.1167380799049,7.52054892187887));
#11905=CARTESIAN_POINT('Ctrl Pts',(-28.1172619678355,32.2969515945376,7.52455418503198));
#11906=CARTESIAN_POINT('Ctrl Pts',(-28.0039309362722,32.3739469081857,7.51488235169423));
#11907=CARTESIAN_POINT('Ctrl Pts',(-27.7576913923108,32.4753587530298,7.47626225623454));
#11908=CARTESIAN_POINT('Ctrl Pts',(-27.6247624872383,32.4999146883167,7.44781180815662));
#11909=CARTESIAN_POINT('Ctrl Pts',(-27.5004571465138,32.4999999216216,7.4203184843746));
#11910=CARTESIAN_POINT('Ctrl Pts',(-27.5002285875512,32.5,7.42026792994649));
#11911=CARTESIAN_POINT('Ctrl Pts',(-27.5,32.5,7.42021736649621));
#11912=CARTESIAN_POINT('Origin',(-27.5357861396037,31.5857864376269,5.27283517342438));
#11913=CARTESIAN_POINT('Ctrl Pts',(-27.5,32.5,3.12545298035254));
#11914=CARTESIAN_POINT('Ctrl Pts',(-27.5002285875512,32.5,3.12540241690226));
#11915=CARTESIAN_POINT('Ctrl Pts',(-27.5004571465138,32.4999999216216,3.12535186247415));
#11916=CARTESIAN_POINT('Ctrl Pts',(-27.6247624872383,32.4999146883167,3.09785853869213));
#11917=CARTESIAN_POINT('Ctrl Pts',(-27.7576913923108,32.4753587530298,3.06940809061421));
#11918=CARTESIAN_POINT('Ctrl Pts',(-28.0039309362722,32.3739469081857,3.03078799515452));
#11919=CARTESIAN_POINT('Ctrl Pts',(-28.1172619678355,32.2969515945376,3.02111616181677));
#11920=CARTESIAN_POINT('Ctrl Pts',(-28.2974754824682,32.1167380799049,3.02512142496988));
#11921=CARTESIAN_POINT('Ctrl Pts',(-28.3745265410188,32.0029698122091,3.03915558893036));
#11922=CARTESIAN_POINT('Ctrl Pts',(-28.4756523028996,31.756528914691,3.08597861599808));
#11923=CARTESIAN_POINT('Ctrl Pts',(-28.5,31.6238695104231,3.11824700725408));
#11924=CARTESIAN_POINT('Ctrl Pts',(-28.5,31.5,3.1488649083134));
#11925=CARTESIAN_POINT('',(-29.1267763972734,29.9947961799572,5.27283517342438));
#11926=CARTESIAN_POINT('',(-27.5,33.,3.2700245403056));
#11927=CARTESIAN_POINT('Origin',(-28.9499997019768,33.,5.27283517342438));
#11928=CARTESIAN_POINT('Ctrl Pts',(-29.,31.5,3.30782892965211));
#11929=CARTESIAN_POINT('Ctrl Pts',(-29.,31.6819007650502,3.23608711179986));
#11930=CARTESIAN_POINT('Ctrl Pts',(-28.965046604986,31.8786490739027,3.16255805617873));
#11931=CARTESIAN_POINT('Ctrl Pts',(-28.8150618290545,32.248736179039,3.05714649562602));
#11932=CARTESIAN_POINT('Ctrl Pts',(-28.6992881291777,32.4220322143819,3.02619399170114));
#11933=CARTESIAN_POINT('Ctrl Pts',(-28.4233639537429,32.6979563898167,3.02006154966329));
#11934=CARTESIAN_POINT('Ctrl Pts',(-28.251208000475,32.8135844875023,3.0441167369837));
#11935=CARTESIAN_POINT('Ctrl Pts',(-27.8816702168996,32.9642900497291,3.13617915780438));
#11936=CARTESIAN_POINT('Ctrl Pts',(-27.6842556207138,32.9997977823636,3.2033481094695));
#11937=CARTESIAN_POINT('Ctrl Pts',(-27.5011025394399,32.9999996960418,3.26962546434092));
#11938=CARTESIAN_POINT('Ctrl Pts',(-27.5005513239175,33.,3.2698249658918));
#11939=CARTESIAN_POINT('Ctrl Pts',(-27.5,33.,3.2700245403056));
#11940=CARTESIAN_POINT('Origin',(-27.5,31.5,0.));
#11941=CARTESIAN_POINT('',(-27.5,33.,-3.98235419345685));
#11942=CARTESIAN_POINT('',(-27.5,33.,0.));
#11943=CARTESIAN_POINT('Ctrl Pts',(-27.5,33.,-3.98235419345685));
#11944=CARTESIAN_POINT('Ctrl Pts',(-27.5005513239175,33.,-3.98215461904305));
#11945=CARTESIAN_POINT('Ctrl Pts',(-27.5011025394399,32.9999996960418,-3.98195511749217));
#11946=CARTESIAN_POINT('Ctrl Pts',(-27.6842556207138,32.9997977823636,-3.91567776262075));
#11947=CARTESIAN_POINT('Ctrl Pts',(-27.8816702168996,32.9642900497291,-3.84850881095563));
#11948=CARTESIAN_POINT('Ctrl Pts',(-28.251208000475,32.8135844875023,-3.75644639013495));
#11949=CARTESIAN_POINT('Ctrl Pts',(-28.4233639537429,32.6979563898167,-3.73239120281454));
#11950=CARTESIAN_POINT('Ctrl Pts',(-28.6992881291777,32.4220322143819,-3.73852364485239));
#11951=CARTESIAN_POINT('Ctrl Pts',(-28.8150618290545,32.248736179039,-3.76947614877727));
#11952=CARTESIAN_POINT('Ctrl Pts',(-28.965046604986,31.8786490739027,-3.87488770932998));
#11953=CARTESIAN_POINT('Ctrl Pts',(-29.,31.6819007650502,-3.94841676495111));
#11954=CARTESIAN_POINT('Ctrl Pts',(-29.,31.5,-4.02015858280336));
#11955=CARTESIAN_POINT('',(-28.9999266374158,31.5148351734244,-0.420835173424374));
#11956=CARTESIAN_POINT('Ctrl Pts',(-29.,31.5,-0.678785164777629));
#11957=CARTESIAN_POINT('Ctrl Pts',(-29.,31.5100669516987,-0.591553929646606));
#11958=CARTESIAN_POINT('Ctrl Pts',(-28.9999266374158,31.5148351734244,-0.505058053978923));
#11959=CARTESIAN_POINT('Ctrl Pts',(-28.9999266374158,31.5148351734244,-0.420835173424374));
#11960=CARTESIAN_POINT('Ctrl Pts',(-28.9999266374158,31.5148351734244,-0.420835173424374));
#11961=CARTESIAN_POINT('Ctrl Pts',(-28.9999266374158,31.5148351734244,-0.336612292869826));
#11962=CARTESIAN_POINT('Ctrl Pts',(-29.,31.5100669516987,-0.250116417202142));
#11963=CARTESIAN_POINT('Ctrl Pts',(-29.,31.5,-0.16288518207112));
#11964=CARTESIAN_POINT('Origin',(-27.5,31.5,0.));
#11965=CARTESIAN_POINT('',(-28.4998899527595,31.5148351734244,-0.420835173424374));
#11966=CARTESIAN_POINT('Ctrl Pts',(-28.5,31.5,-0.16288518207112));
#11967=CARTESIAN_POINT('Ctrl Pts',(-28.5,31.5101076667145,-0.250469217257664));
#11968=CARTESIAN_POINT('Ctrl Pts',(-28.4998899527595,31.5148351734244,-0.337109003862051));
#11969=CARTESIAN_POINT('Ctrl Pts',(-28.4998899527595,31.5148351734244,-0.420835173424374));
#11970=CARTESIAN_POINT('Ctrl Pts',(-28.4998899527595,31.5148351734244,-0.420835173424374));
#11971=CARTESIAN_POINT('Ctrl Pts',(-28.4998899527595,31.5148351734244,-0.504561342986697));
#11972=CARTESIAN_POINT('Ctrl Pts',(-28.5,31.5101076667145,-0.591201129591085));
#11973=CARTESIAN_POINT('Ctrl Pts',(-28.5,31.5,-0.678785164777629));
#11974=CARTESIAN_POINT('Ctrl Pts',(-28.5,31.5,-3.86119456146465));
#11975=CARTESIAN_POINT('Ctrl Pts',(-28.5,31.6238695104231,-3.83057666040533));
#11976=CARTESIAN_POINT('Ctrl Pts',(-28.4756523028996,31.756528914691,-3.79830826914933));
#11977=CARTESIAN_POINT('Ctrl Pts',(-28.3745265410188,32.0029698122091,-3.75148524208161));
#11978=CARTESIAN_POINT('Ctrl Pts',(-28.2974754824682,32.1167380799049,-3.73745107812113));
#11979=CARTESIAN_POINT('Ctrl Pts',(-28.1172619678355,32.2969515945376,-3.73344581496802));
#11980=CARTESIAN_POINT('Ctrl Pts',(-28.0039309362722,32.3739469081857,-3.74311764830577));
#11981=CARTESIAN_POINT('Ctrl Pts',(-27.7576913923108,32.4753587530298,-3.78173774376546));
#11982=CARTESIAN_POINT('Ctrl Pts',(-27.6247624872383,32.4999146883167,-3.81018819184338));
#11983=CARTESIAN_POINT('Ctrl Pts',(-27.5004571465138,32.4999999216216,-3.8376815156254));
#11984=CARTESIAN_POINT('Ctrl Pts',(-27.5002285875512,32.5,-3.83773207005351));
#11985=CARTESIAN_POINT('Ctrl Pts',(-27.5,32.5,-3.83778263350379));
#11986=CARTESIAN_POINT('Origin',(-27.5357861396037,31.5857864376269,-5.98516482657562));
#11987=CARTESIAN_POINT('Ctrl Pts',(-27.5,32.5,-8.13254701964746));
#11988=CARTESIAN_POINT('Ctrl Pts',(-27.5002285875512,32.5,-8.13259758309774));
#11989=CARTESIAN_POINT('Ctrl Pts',(-27.5004571465138,32.4999999216216,-8.13264813752585));
#11990=CARTESIAN_POINT('Ctrl Pts',(-27.6247624872383,32.4999146883167,-8.16014146130787));
#11991=CARTESIAN_POINT('Ctrl Pts',(-27.7576913923108,32.4753587530298,-8.18859190938579));
#11992=CARTESIAN_POINT('Ctrl Pts',(-28.0039309362722,32.3739469081857,-8.22721200484548));
#11993=CARTESIAN_POINT('Ctrl Pts',(-28.1172619678355,32.2969515945376,-8.23688383818323));
#11994=CARTESIAN_POINT('Ctrl Pts',(-28.2974754824682,32.1167380799049,-8.23287857503012));
#11995=CARTESIAN_POINT('Ctrl Pts',(-28.3745265410188,32.0029698122091,-8.21884441106964));
#11996=CARTESIAN_POINT('Ctrl Pts',(-28.4756523028996,31.756528914691,-8.17202138400192));
#11997=CARTESIAN_POINT('Ctrl Pts',(-28.5,31.6238695104231,-8.13975299274592));
#11998=CARTESIAN_POINT('Ctrl Pts',(-28.5,31.5,-8.1091350916866));
#11999=CARTESIAN_POINT('',(-29.1267763972734,29.9947961799572,-5.98516482657562));
#12000=CARTESIAN_POINT('',(-27.5,33.,-7.9879754596944));
#12001=CARTESIAN_POINT('Origin',(-28.9499997019768,33.,-5.98516482657562));
#12002=CARTESIAN_POINT('Ctrl Pts',(-29.,31.5,-7.95017107034789));
#12003=CARTESIAN_POINT('Ctrl Pts',(-29.,31.6819007650502,-8.02191288820014));
#12004=CARTESIAN_POINT('Ctrl Pts',(-28.965046604986,31.8786490739027,-8.09544194382127));
#12005=CARTESIAN_POINT('Ctrl Pts',(-28.8150618290545,32.248736179039,-8.20085350437397));
#12006=CARTESIAN_POINT('Ctrl Pts',(-28.6992881291777,32.4220322143819,-8.23180600829886));
#12007=CARTESIAN_POINT('Ctrl Pts',(-28.4233639537429,32.6979563898167,-8.2379384503367));
#12008=CARTESIAN_POINT('Ctrl Pts',(-28.251208000475,32.8135844875023,-8.2138832630163));
#12009=CARTESIAN_POINT('Ctrl Pts',(-27.8816702168996,32.9642900497291,-8.12182084219562));
#12010=CARTESIAN_POINT('Ctrl Pts',(-27.6842556207138,32.9997977823636,-8.0546518905305));
#12011=CARTESIAN_POINT('Ctrl Pts',(-27.5011025394399,32.9999996960418,-7.98837453565908));
#12012=CARTESIAN_POINT('Ctrl Pts',(-27.5005513239175,33.,-7.9881750341082));
#12013=CARTESIAN_POINT('Ctrl Pts',(-27.5,33.,-7.9879754596944));
#12014=CARTESIAN_POINT('Origin',(-27.5,31.5,0.));
#12015=CARTESIAN_POINT('',(-27.5,33.,-15.2403541934568));
#12016=CARTESIAN_POINT('',(-27.5,33.,0.));
#12017=CARTESIAN_POINT('Ctrl Pts',(-27.5,33.,-15.2403541934568));
#12018=CARTESIAN_POINT('Ctrl Pts',(-27.5005513239175,33.,-15.2401546190431));
#12019=CARTESIAN_POINT('Ctrl Pts',(-27.5011025394399,32.9999996960418,-15.2399551174922));
#12020=CARTESIAN_POINT('Ctrl Pts',(-27.6842556207138,32.9997977823636,-15.1736777626208));
#12021=CARTESIAN_POINT('Ctrl Pts',(-27.8816702168996,32.9642900497291,-15.1065088109556));
#12022=CARTESIAN_POINT('Ctrl Pts',(-28.251208000475,32.8135844875023,-15.014446390135));
#12023=CARTESIAN_POINT('Ctrl Pts',(-28.4233639537429,32.6979563898167,-14.9903912028145));
#12024=CARTESIAN_POINT('Ctrl Pts',(-28.6992881291777,32.4220322143819,-14.9965236448524));
#12025=CARTESIAN_POINT('Ctrl Pts',(-28.8150618290545,32.248736179039,-15.0274761487773));
#12026=CARTESIAN_POINT('Ctrl Pts',(-28.965046604986,31.8786490739027,-15.13288770933));
#12027=CARTESIAN_POINT('Ctrl Pts',(-29.,31.6819007650502,-15.2064167649511));
#12028=CARTESIAN_POINT('Ctrl Pts',(-29.,31.5,-15.2781585828034));
#12029=CARTESIAN_POINT('',(-28.9999266374158,31.5148351734244,-11.6788351734244));
#12030=CARTESIAN_POINT('Ctrl Pts',(-29.,31.5,-11.9367851647776));
#12031=CARTESIAN_POINT('Ctrl Pts',(-29.,31.5100669516987,-11.8495539296466));
#12032=CARTESIAN_POINT('Ctrl Pts',(-28.9999266374158,31.5148351734244,-11.7630580539789));
#12033=CARTESIAN_POINT('Ctrl Pts',(-28.9999266374158,31.5148351734244,-11.6788351734244));
#12034=CARTESIAN_POINT('Ctrl Pts',(-28.9999266374158,31.5148351734244,-11.6788351734244));
#12035=CARTESIAN_POINT('Ctrl Pts',(-28.9999266374158,31.5148351734244,-11.5946122928698));
#12036=CARTESIAN_POINT('Ctrl Pts',(-29.,31.5100669516987,-11.5081164172021));
#12037=CARTESIAN_POINT('Ctrl Pts',(-29.,31.5,-11.4208851820711));
#12038=CARTESIAN_POINT('Origin',(-27.5,31.5,0.));
#12039=CARTESIAN_POINT('',(-28.4998899527595,31.5148351734244,-11.6788351734244));
#12040=CARTESIAN_POINT('Ctrl Pts',(-28.5,31.5,-11.4208851820711));
#12041=CARTESIAN_POINT('Ctrl Pts',(-28.5,31.5101076667145,-11.5084692172577));
#12042=CARTESIAN_POINT('Ctrl Pts',(-28.4998899527595,31.5148351734244,-11.595109003862));
#12043=CARTESIAN_POINT('Ctrl Pts',(-28.4998899527595,31.5148351734244,-11.6788351734244));
#12044=CARTESIAN_POINT('Ctrl Pts',(-28.4998899527595,31.5148351734244,-11.6788351734244));
#12045=CARTESIAN_POINT('Ctrl Pts',(-28.4998899527595,31.5148351734244,-11.7625613429867));
#12046=CARTESIAN_POINT('Ctrl Pts',(-28.5,31.5101076667145,-11.8492011295911));
#12047=CARTESIAN_POINT('Ctrl Pts',(-28.5,31.5,-11.9367851647776));
#12048=CARTESIAN_POINT('Ctrl Pts',(-28.5,31.5,-15.1191945614647));
#12049=CARTESIAN_POINT('Ctrl Pts',(-28.5,31.6238695104231,-15.0885766604053));
#12050=CARTESIAN_POINT('Ctrl Pts',(-28.4756523028996,31.756528914691,-15.0563082691493));
#12051=CARTESIAN_POINT('Ctrl Pts',(-28.3745265410188,32.0029698122091,-15.0094852420816));
#12052=CARTESIAN_POINT('Ctrl Pts',(-28.2974754824682,32.1167380799049,-14.9954510781211));
#12053=CARTESIAN_POINT('Ctrl Pts',(-28.1172619678355,32.2969515945376,-14.991445814968));
#12054=CARTESIAN_POINT('Ctrl Pts',(-28.0039309362722,32.3739469081857,-15.0011176483058));
#12055=CARTESIAN_POINT('Ctrl Pts',(-27.7576913923108,32.4753587530298,-15.0397377437655));
#12056=CARTESIAN_POINT('Ctrl Pts',(-27.6247624872383,32.4999146883167,-15.0681881918434));
#12057=CARTESIAN_POINT('Ctrl Pts',(-27.5004571465138,32.4999999216216,-15.0956815156254));
#12058=CARTESIAN_POINT('Ctrl Pts',(-27.5002285875512,32.5,-15.0957320700535));
#12059=CARTESIAN_POINT('Ctrl Pts',(-27.5,32.5,-15.0957826335038));
#12060=CARTESIAN_POINT('Origin',(-27.5357861396037,31.5857864376269,-17.2431648265756));
#12061=CARTESIAN_POINT('',(-29.1267763972734,29.9947961799572,-17.2431648265756));
#12062=CARTESIAN_POINT('',(-27.5,33.,-19.2459754596944));
#12063=CARTESIAN_POINT('Origin',(-28.9499997019768,33.,-17.2431648265756));
#12064=CARTESIAN_POINT('Ctrl Pts',(-29.,31.5,-19.2081710703479));
#12065=CARTESIAN_POINT('Ctrl Pts',(-29.,31.6819007650502,-19.2799128882001));
#12066=CARTESIAN_POINT('Ctrl Pts',(-28.965046604986,31.8786490739027,-19.3534419438213));
#12067=CARTESIAN_POINT('Ctrl Pts',(-28.8150618290545,32.248736179039,-19.458853504374));
#12068=CARTESIAN_POINT('Ctrl Pts',(-28.6992881291777,32.4220322143819,-19.4898060082989));
#12069=CARTESIAN_POINT('Ctrl Pts',(-28.4233639537429,32.6979563898167,-19.4959384503367));
#12070=CARTESIAN_POINT('Ctrl Pts',(-28.251208000475,32.8135844875023,-19.4718832630163));
#12071=CARTESIAN_POINT('Ctrl Pts',(-27.8816702168996,32.9642900497291,-19.3798208421956));
#12072=CARTESIAN_POINT('Ctrl Pts',(-27.6842556207138,32.9997977823636,-19.3126518905305));
#12073=CARTESIAN_POINT('Ctrl Pts',(-27.5011025394399,32.9999996960418,-19.2463745356591));
#12074=CARTESIAN_POINT('Ctrl Pts',(-27.5005513239175,33.,-19.2461750341082));
#12075=CARTESIAN_POINT('Ctrl Pts',(-27.5,33.,-19.2459754596944));
#12076=CARTESIAN_POINT('Ctrl Pts',(-27.5,32.5,-19.3905470196475));
#12077=CARTESIAN_POINT('Ctrl Pts',(-27.5002285875512,32.5,-19.3905975830977));
#12078=CARTESIAN_POINT('Ctrl Pts',(-27.5004571465138,32.4999999216216,-19.3906481375258));
#12079=CARTESIAN_POINT('Ctrl Pts',(-27.6247624872383,32.4999146883167,-19.4181414613079));
#12080=CARTESIAN_POINT('Ctrl Pts',(-27.7576913923108,32.4753587530298,-19.4465919093858));
#12081=CARTESIAN_POINT('Ctrl Pts',(-28.0039309362722,32.3739469081857,-19.4852120048455));
#12082=CARTESIAN_POINT('Ctrl Pts',(-28.1172619678355,32.2969515945376,-19.4948838381832));
#12083=CARTESIAN_POINT('Ctrl Pts',(-28.2974754824682,32.1167380799049,-19.4908785750301));
#12084=CARTESIAN_POINT('Ctrl Pts',(-28.3745265410188,32.0029698122091,-19.4768444110696));
#12085=CARTESIAN_POINT('Ctrl Pts',(-28.4756523028996,31.756528914691,-19.4300213840019));
#12086=CARTESIAN_POINT('Ctrl Pts',(-28.5,31.6238695104231,-19.3977529927459));
#12087=CARTESIAN_POINT('Ctrl Pts',(-28.5,31.5,-19.3671350916866));
#12088=CARTESIAN_POINT('Origin',(-28.75,33.,0.));
#12089=CARTESIAN_POINT('',(-27.5,33.,28.5));
#12090=CARTESIAN_POINT('',(-27.5,33.,0.));
#12091=CARTESIAN_POINT('',(-27.5,33.,29.));
#12092=CARTESIAN_POINT('',(-27.5,33.,0.));
#12093=CARTESIAN_POINT('',(27.,33.,29.));
#12094=CARTESIAN_POINT('',(-28.75,33.,29.));
#12095=CARTESIAN_POINT('',(27.,33.,-36.));
#12096=CARTESIAN_POINT('',(27.,33.,0.));
#12097=CARTESIAN_POINT('',(26.5,33.,-36.));
#12098=CARTESIAN_POINT('',(-0.750000000000002,33.,-36.));
#12099=CARTESIAN_POINT('',(26.5,33.,-36.5));
#12100=CARTESIAN_POINT('',(26.5,33.,-18.375));
#12101=CARTESIAN_POINT('',(-26.9999999999995,33.,-36.5));
#12102=CARTESIAN_POINT('',(-28.75,33.,-36.5));
#12103=CARTESIAN_POINT('',(-26.9999999999995,33.,-36.));
#12104=CARTESIAN_POINT('',(-26.9999999999995,33.,-18.375));
#12105=CARTESIAN_POINT('',(-27.5,33.,-36.));
#12106=CARTESIAN_POINT('',(-28.3749998379497,33.,-36.));
#12107=CARTESIAN_POINT('',(-27.5,33.,-30.5039754596944));
#12108=CARTESIAN_POINT('',(-27.5,33.,0.));
#12109=CARTESIAN_POINT('',(-27.5,33.,-26.4983541934568));
#12110=CARTESIAN_POINT('Origin',(-28.9499997019768,33.,-28.5011648265756));
#12111=CARTESIAN_POINT('',(-27.5,33.,0.));
#12112=CARTESIAN_POINT('',(12.8000002980232,33.,-17.2431648265756));
#12113=CARTESIAN_POINT('Origin',(10.5500002980232,33.,-17.2431648265756));
#12114=CARTESIAN_POINT('',(-16.4499997019768,33.,11.4420002980232));
#12115=CARTESIAN_POINT('Origin',(-18.6999997019768,33.,11.4420002980232));
#12116=CARTESIAN_POINT('',(-16.4499997019768,33.,-22.8719997019768));
#12117=CARTESIAN_POINT('Origin',(-18.6999997019768,33.,-22.8719997019768));
#12118=CARTESIAN_POINT('',(-22.9499997019768,33.,-11.6139997019768));
#12119=CARTESIAN_POINT('Origin',(-25.1999997019768,33.,-11.6139997019768));
#12120=CARTESIAN_POINT('',(-13.1999997019768,33.,17.0708351734244));
#12121=CARTESIAN_POINT('Origin',(-15.4499997019768,33.,17.0708351734244));
#12122=CARTESIAN_POINT('',(-0.199999701976781,33.,-17.2431648265756));
#12123=CARTESIAN_POINT('Origin',(-2.44999970197678,33.,-17.2431648265756));
#12124=CARTESIAN_POINT('',(9.55000029802322,33.,-0.355999701976775));
#12125=CARTESIAN_POINT('Origin',(7.30000029802322,33.,-0.355999701976775));
#12126=CARTESIAN_POINT('',(-13.1999997019768,33.,-17.2431648265756));
#12127=CARTESIAN_POINT('Origin',(-15.4499997019768,33.,-17.2431648265756));
#12128=CARTESIAN_POINT('',(-6.69999970197678,33.,-28.5011648265756));
#12129=CARTESIAN_POINT('Origin',(-8.94999970197678,33.,-28.5011648265756));
#12130=CARTESIAN_POINT('',(-19.6999997019768,33.,-17.2431648265756));
#12131=CARTESIAN_POINT('Origin',(-21.9499997019768,33.,-17.2431648265756));
#12132=CARTESIAN_POINT('',(9.55000029802322,33.,11.4420002980232));
#12133=CARTESIAN_POINT('Origin',(7.30000029802322,33.,11.4420002980232));
#12134=CARTESIAN_POINT('',(19.3000002980232,33.,17.0708351734244));
#12135=CARTESIAN_POINT('Origin',(17.0500002980232,33.,17.0708351734244));
#12136=CARTESIAN_POINT('',(16.0500002980232,33.,-0.355999701976775));
#12137=CARTESIAN_POINT('Origin',(13.8000002980232,33.,-0.355999701976775));
#12138=CARTESIAN_POINT('',(9.55000029802322,33.,-22.8719997019768));
#12139=CARTESIAN_POINT('Origin',(7.30000029802322,33.,-22.8719997019768));
#12140=CARTESIAN_POINT('',(-9.94999970197678,33.,-22.8719997019768));
#12141=CARTESIAN_POINT('Origin',(-12.1999997019768,33.,-22.8719997019768));
#12142=CARTESIAN_POINT('',(22.5500002980232,33.,-0.355999701976775));
#12143=CARTESIAN_POINT('Origin',(20.3000002980232,33.,-0.355999701976775));
#12144=CARTESIAN_POINT('',(-22.9499997019768,33.,-0.355999701976775));
#12145=CARTESIAN_POINT('Origin',(-25.1999997019768,33.,-0.355999701976775));
#12146=CARTESIAN_POINT('',(19.3000002980232,33.,-28.5011648265756));
#12147=CARTESIAN_POINT('Origin',(17.0500002980232,33.,-28.5011648265756));
#12148=CARTESIAN_POINT('',(-16.4499997019768,33.,-0.355999701976775));
#12149=CARTESIAN_POINT('Origin',(-18.6999997019768,33.,-0.355999701976775));
#12150=CARTESIAN_POINT('',(-9.94999970197678,33.,22.7000002980232));
#12151=CARTESIAN_POINT('Origin',(-12.1999997019768,33.,22.7000002980232));
#12152=CARTESIAN_POINT('',(16.0500002980232,33.,-22.8719997019768));
#12153=CARTESIAN_POINT('Origin',(13.8000002980232,33.,-22.8719997019768));
#12154=CARTESIAN_POINT('',(-0.199999701976781,33.,-5.98516482657563));
#12155=CARTESIAN_POINT('Origin',(-2.44999970197678,33.,-5.98516482657563));
#12156=CARTESIAN_POINT('',(16.0500002980232,33.,11.4420002980232));
#12157=CARTESIAN_POINT('Origin',(13.8000002980232,33.,11.4420002980232));
#12158=CARTESIAN_POINT('',(12.8000002980232,33.,-5.98516482657563));
#12159=CARTESIAN_POINT('Origin',(10.5500002980232,33.,-5.98516482657563));
#12160=CARTESIAN_POINT('',(3.05000029802322,33.,-22.8719997019768));
#12161=CARTESIAN_POINT('Origin',(0.800000298023222,33.,-22.8719997019768));
#12162=CARTESIAN_POINT('',(6.30000029802322,33.,-28.5011648265756));
#12163=CARTESIAN_POINT('Origin',(4.05000029802322,33.,-28.5011648265756));
#12164=CARTESIAN_POINT('',(6.30000029802322,33.,17.0708351734244));
#12165=CARTESIAN_POINT('Origin',(4.05000029802322,33.,17.0708351734244));
#12166=CARTESIAN_POINT('',(-22.9499997019768,33.,22.7000002980232));
#12167=CARTESIAN_POINT('Origin',(-25.1999997019768,33.,22.7000002980232));
#12168=CARTESIAN_POINT('',(19.3000002980232,33.,-17.2431648265756));
#12169=CARTESIAN_POINT('Origin',(17.0500002980232,33.,-17.2431648265756));
#12170=CARTESIAN_POINT('',(22.5500002980232,33.,-11.6139997019768));
#12171=CARTESIAN_POINT('Origin',(20.3000002980232,33.,-11.6139997019768));
#12172=CARTESIAN_POINT('',(-3.44999970197678,33.,-0.355999701976775));
#12173=CARTESIAN_POINT('Origin',(-5.69999970197678,33.,-0.355999701976775));
#12174=CARTESIAN_POINT('',(-6.69999970197678,33.,5.81283517342438));
#12175=CARTESIAN_POINT('Origin',(-8.94999970197678,33.,5.81283517342438));
#12176=CARTESIAN_POINT('',(22.5500002980232,33.,-22.8719997019768));
#12177=CARTESIAN_POINT('Origin',(20.3000002980232,33.,-22.8719997019768));
#12178=CARTESIAN_POINT('',(16.0500002980232,33.,-11.6139997019768));
#12179=CARTESIAN_POINT('Origin',(13.8000002980232,33.,-11.6139997019768));
#12180=CARTESIAN_POINT('',(-13.1999997019768,33.,5.81283517342438));
#12181=CARTESIAN_POINT('Origin',(-15.4499997019768,33.,5.81283517342438));
#12182=CARTESIAN_POINT('',(-3.44999970197678,33.,11.4420002980232));
#12183=CARTESIAN_POINT('Origin',(-5.69999970197678,33.,11.4420002980232));
#12184=CARTESIAN_POINT('',(-3.44999970197678,33.,22.7000002980232));
#12185=CARTESIAN_POINT('Origin',(-5.69999970197678,33.,22.7000002980232));
#12186=CARTESIAN_POINT('',(-22.9499997019768,33.,11.4420002980232));
#12187=CARTESIAN_POINT('Origin',(-25.1999997019768,33.,11.4420002980232));
#12188=CARTESIAN_POINT('',(12.8000002980232,33.,5.81283517342438));
#12189=CARTESIAN_POINT('Origin',(10.5500002980232,33.,5.81283517342438));
#12190=CARTESIAN_POINT('',(3.05000029802322,33.,11.4420002980232));
#12191=CARTESIAN_POINT('Origin',(0.800000298023222,33.,11.4420002980232));
#12192=CARTESIAN_POINT('',(16.0500002980232,33.,22.7000002980232));
#12193=CARTESIAN_POINT('Origin',(13.8000002980232,33.,22.7000002980232));
#12194=CARTESIAN_POINT('',(-0.199999701976781,33.,-28.5011648265756));
#12195=CARTESIAN_POINT('Origin',(-2.44999970197678,33.,-28.5011648265756));
#12196=CARTESIAN_POINT('',(-9.94999970197678,33.,-0.355999701976775));
#12197=CARTESIAN_POINT('Origin',(-12.1999997019768,33.,-0.355999701976775));
#12198=CARTESIAN_POINT('',(22.5500002980232,33.,22.7000002980232));
#12199=CARTESIAN_POINT('Origin',(20.3000002980232,33.,22.7000002980232));
#12200=CARTESIAN_POINT('',(9.55000029802322,33.,22.7000002980232));
#12201=CARTESIAN_POINT('Origin',(7.30000029802322,33.,22.7000002980232));
#12202=CARTESIAN_POINT('',(-9.94999970197678,33.,-11.6139997019768));
#12203=CARTESIAN_POINT('Origin',(-12.1999997019768,33.,-11.6139997019768));
#12204=CARTESIAN_POINT('',(19.3000002980232,33.,5.81283517342438));
#12205=CARTESIAN_POINT('Origin',(17.0500002980232,33.,5.81283517342438));
#12206=CARTESIAN_POINT('',(-0.199999701976781,33.,5.81283517342438));
#12207=CARTESIAN_POINT('Origin',(-2.44999970197678,33.,5.81283517342438));
#12208=CARTESIAN_POINT('',(-0.199999701976781,33.,17.0708351734244));
#12209=CARTESIAN_POINT('Origin',(-2.44999970197678,33.,17.0708351734244));
#12210=CARTESIAN_POINT('',(3.05000029802322,33.,-11.6139997019768));
#12211=CARTESIAN_POINT('Origin',(0.800000298023222,33.,-11.6139997019768));
#12212=CARTESIAN_POINT('',(9.55000029802322,33.,-11.6139997019768));
#12213=CARTESIAN_POINT('Origin',(7.30000029802322,33.,-11.6139997019768));
#12214=CARTESIAN_POINT('',(3.05000029802322,33.,22.7000002980232));
#12215=CARTESIAN_POINT('Origin',(0.800000298023222,33.,22.7000002980232));
#12216=CARTESIAN_POINT('',(-16.4499997019768,33.,22.7000002980232));
#12217=CARTESIAN_POINT('Origin',(-18.6999997019768,33.,22.7000002980232));
#12218=CARTESIAN_POINT('',(-13.1999997019768,33.,-28.5011648265756));
#12219=CARTESIAN_POINT('Origin',(-15.4499997019768,33.,-28.5011648265756));
#12220=CARTESIAN_POINT('',(-19.6999997019768,33.,-28.5011648265756));
#12221=CARTESIAN_POINT('Origin',(-21.9499997019768,33.,-28.5011648265756));
#12222=CARTESIAN_POINT('',(6.30000029802322,33.,-17.2431648265756));
#12223=CARTESIAN_POINT('Origin',(4.05000029802322,33.,-17.2431648265756));
#12224=CARTESIAN_POINT('',(6.30000029802322,33.,-5.98516482657563));
#12225=CARTESIAN_POINT('Origin',(4.05000029802322,33.,-5.98516482657563));
#12226=CARTESIAN_POINT('',(-3.44999970197678,33.,-11.6139997019768));
#12227=CARTESIAN_POINT('Origin',(-5.69999970197678,33.,-11.6139997019768));
#12228=CARTESIAN_POINT('',(-6.69999970197678,33.,-5.98516482657563));
#12229=CARTESIAN_POINT('Origin',(-8.94999970197678,33.,-5.98516482657563));
#12230=CARTESIAN_POINT('',(12.8000002980232,33.,17.0708351734244));
#12231=CARTESIAN_POINT('Origin',(10.5500002980232,33.,17.0708351734244));
#12232=CARTESIAN_POINT('',(12.8000002980232,33.,-28.5011648265756));
#12233=CARTESIAN_POINT('Origin',(10.5500002980232,33.,-28.5011648265756));
#12234=CARTESIAN_POINT('',(22.5500002980232,33.,11.4420002980232));
#12235=CARTESIAN_POINT('Origin',(20.3000002980232,33.,11.4420002980232));
#12236=CARTESIAN_POINT('',(-19.6999997019768,33.,-5.98516482657563));
#12237=CARTESIAN_POINT('Origin',(-21.9499997019768,33.,-5.98516482657563));
#12238=CARTESIAN_POINT('',(-19.6999997019768,33.,5.81283517342438));
#12239=CARTESIAN_POINT('Origin',(-21.9499997019768,33.,5.81283517342438));
#12240=CARTESIAN_POINT('',(-6.69999970197678,33.,-17.2431648265756));
#12241=CARTESIAN_POINT('Origin',(-8.94999970197678,33.,-17.2431648265756));
#12242=CARTESIAN_POINT('',(-13.1999997019768,33.,-5.98516482657563));
#12243=CARTESIAN_POINT('Origin',(-15.4499997019768,33.,-5.98516482657563));
#12244=CARTESIAN_POINT('',(-22.9499997019768,33.,-22.8719997019768));
#12245=CARTESIAN_POINT('Origin',(-25.1999997019768,33.,-22.8719997019768));
#12246=CARTESIAN_POINT('',(3.05000029802322,33.,-0.355999701976775));
#12247=CARTESIAN_POINT('Origin',(0.800000298023222,33.,-0.355999701976775));
#12248=CARTESIAN_POINT('',(-9.94999970197678,33.,11.4420002980232));
#12249=CARTESIAN_POINT('Origin',(-12.1999997019768,33.,11.4420002980232));
#12250=CARTESIAN_POINT('',(19.3000002980232,33.,-5.98516482657563));
#12251=CARTESIAN_POINT('Origin',(17.0500002980232,33.,-5.98516482657563));
#12252=CARTESIAN_POINT('',(-19.6999997019768,33.,17.0708351734244));
#12253=CARTESIAN_POINT('Origin',(-21.9499997019768,33.,17.0708351734244));
#12254=CARTESIAN_POINT('',(-3.44999970197678,33.,-22.8719997019768));
#12255=CARTESIAN_POINT('Origin',(-5.69999970197678,33.,-22.8719997019768));
#12256=CARTESIAN_POINT('',(-6.69999970197678,33.,17.0708351734244));
#12257=CARTESIAN_POINT('Origin',(-8.94999970197678,33.,17.0708351734244));
#12258=CARTESIAN_POINT('',(-16.4499997019768,33.,-11.6139997019768));
#12259=CARTESIAN_POINT('Origin',(-18.6999997019768,33.,-11.6139997019768));
#12260=CARTESIAN_POINT('',(6.30000029802322,33.,5.81283517342438));
#12261=CARTESIAN_POINT('Origin',(4.05000029802322,33.,5.81283517342438));
#12262=CARTESIAN_POINT('Origin',(-27.5,31.5,0.));
#12263=CARTESIAN_POINT('',(-28.9999266374158,31.5148351734244,22.6351648265756));
#12264=CARTESIAN_POINT('Ctrl Pts',(-29.,31.5,22.3772148352223));
#12265=CARTESIAN_POINT('Ctrl Pts',(-29.,31.5100669516987,22.4644460703533));
#12266=CARTESIAN_POINT('Ctrl Pts',(-28.9999266374158,31.5148351734244,22.5509419460211));
#12267=CARTESIAN_POINT('Ctrl Pts',(-28.9999266374158,31.5148351734244,22.6351648265756));
#12268=CARTESIAN_POINT('Ctrl Pts',(-28.9999266374158,31.5148351734244,22.6351648265756));
#12269=CARTESIAN_POINT('Ctrl Pts',(-28.9999266374158,31.5148351734244,22.7193877071302));
#12270=CARTESIAN_POINT('Ctrl Pts',(-29.,31.5100669516987,22.8058835827979));
#12271=CARTESIAN_POINT('Ctrl Pts',(-29.,31.5,22.893114817929));
#12272=CARTESIAN_POINT('Origin',(-27.5,31.5,28.5));
#12273=CARTESIAN_POINT('Origin',(-27.5,31.5,0.));
#12274=CARTESIAN_POINT('Origin',(-27.5,31.5,28.5));
#12275=CARTESIAN_POINT('',(-28.4998899527595,31.5148351734244,22.6351648265756));
#12276=CARTESIAN_POINT('Ctrl Pts',(-28.5,31.5,22.893114817929));
#12277=CARTESIAN_POINT('Ctrl Pts',(-28.5,31.5101076667145,22.8055307827424));
#12278=CARTESIAN_POINT('Ctrl Pts',(-28.4998899527595,31.5148351734244,22.718890996138));
#12279=CARTESIAN_POINT('Ctrl Pts',(-28.4998899527595,31.5148351734244,22.6351648265756));
#12280=CARTESIAN_POINT('Ctrl Pts',(-28.4998899527595,31.5148351734244,22.6351648265756));
#12281=CARTESIAN_POINT('Ctrl Pts',(-28.4998899527595,31.5148351734244,22.5514386570133));
#12282=CARTESIAN_POINT('Ctrl Pts',(-28.5,31.5101076667145,22.4647988704089));
#12283=CARTESIAN_POINT('Ctrl Pts',(-28.5,31.5,22.3772148352223));
#12284=CARTESIAN_POINT('Origin',(-27.5357861396037,31.5857864376269,-28.5011648265756));
#12285=CARTESIAN_POINT('Ctrl Pts',(-27.5,32.5,-30.6485470196475));
#12286=CARTESIAN_POINT('Ctrl Pts',(-27.5002285875512,32.5,-30.6485975830977));
#12287=CARTESIAN_POINT('Ctrl Pts',(-27.5004571465138,32.4999999216216,-30.6486481375258));
#12288=CARTESIAN_POINT('Ctrl Pts',(-27.6247624872383,32.4999146883167,-30.6761414613079));
#12289=CARTESIAN_POINT('Ctrl Pts',(-27.7576913923108,32.4753587530298,-30.7045919093858));
#12290=CARTESIAN_POINT('Ctrl Pts',(-28.0039309362722,32.3739469081857,-30.7432120048455));
#12291=CARTESIAN_POINT('Ctrl Pts',(-28.1172619678355,32.2969515945376,-30.7528838381832));
#12292=CARTESIAN_POINT('Ctrl Pts',(-28.2974754824682,32.1167380799049,-30.7488785750301));
#12293=CARTESIAN_POINT('Ctrl Pts',(-28.3745265410188,32.0029698122091,-30.7348444110696));
#12294=CARTESIAN_POINT('Ctrl Pts',(-28.4756523028996,31.756528914691,-30.6880213840019));
#12295=CARTESIAN_POINT('Ctrl Pts',(-28.5,31.6238695104231,-30.6557529927459));
#12296=CARTESIAN_POINT('Ctrl Pts',(-28.5,31.5,-30.6251350916866));
#12297=CARTESIAN_POINT('Ctrl Pts',(-28.5,31.5,-26.3771945614646));
#12298=CARTESIAN_POINT('Ctrl Pts',(-28.5,31.6238695104231,-26.3465766604053));
#12299=CARTESIAN_POINT('Ctrl Pts',(-28.4756523028996,31.756528914691,-26.3143082691493));
#12300=CARTESIAN_POINT('Ctrl Pts',(-28.3745265410188,32.0029698122091,-26.2674852420816));
#12301=CARTESIAN_POINT('Ctrl Pts',(-28.2974754824682,32.1167380799049,-26.2534510781211));
#12302=CARTESIAN_POINT('Ctrl Pts',(-28.1172619678355,32.2969515945376,-26.249445814968));
#12303=CARTESIAN_POINT('Ctrl Pts',(-28.0039309362722,32.3739469081857,-26.2591176483058));
#12304=CARTESIAN_POINT('Ctrl Pts',(-27.7576913923108,32.4753587530298,-26.2977377437655));
#12305=CARTESIAN_POINT('Ctrl Pts',(-27.6247624872383,32.4999146883167,-26.3261881918434));
#12306=CARTESIAN_POINT('Ctrl Pts',(-27.5004571465138,32.4999999216216,-26.3536815156254));
#12307=CARTESIAN_POINT('Ctrl Pts',(-27.5002285875512,32.5,-26.3537320700535));
#12308=CARTESIAN_POINT('Ctrl Pts',(-27.5,32.5,-26.3537826335038));
#12309=CARTESIAN_POINT('',(-29.1267763972734,29.9947961799572,-28.5011648265756));
#12310=CARTESIAN_POINT('Ctrl Pts',(-27.5,33.,-26.4983541934568));
#12311=CARTESIAN_POINT('Ctrl Pts',(-27.5005513239175,33.,-26.498154619043));
#12312=CARTESIAN_POINT('Ctrl Pts',(-27.5011025394399,32.9999996960418,-26.4979551174922));
#12313=CARTESIAN_POINT('Ctrl Pts',(-27.6842556207138,32.9997977823636,-26.4316777626208));
#12314=CARTESIAN_POINT('Ctrl Pts',(-27.8816702168996,32.9642900497291,-26.3645088109556));
#12315=CARTESIAN_POINT('Ctrl Pts',(-28.251208000475,32.8135844875023,-26.272446390135));
#12316=CARTESIAN_POINT('Ctrl Pts',(-28.4233639537429,32.6979563898167,-26.2483912028145));
#12317=CARTESIAN_POINT('Ctrl Pts',(-28.6992881291777,32.4220322143819,-26.2545236448524));
#12318=CARTESIAN_POINT('Ctrl Pts',(-28.8150618290545,32.248736179039,-26.2854761487773));
#12319=CARTESIAN_POINT('Ctrl Pts',(-28.965046604986,31.8786490739027,-26.39088770933));
#12320=CARTESIAN_POINT('Ctrl Pts',(-29.,31.6819007650502,-26.4644167649511));
#12321=CARTESIAN_POINT('Ctrl Pts',(-29.,31.5,-26.5361585828034));
#12322=CARTESIAN_POINT('Ctrl Pts',(-29.,31.5,-30.4661710703479));
#12323=CARTESIAN_POINT('Ctrl Pts',(-29.,31.6819007650502,-30.5379128882001));
#12324=CARTESIAN_POINT('Ctrl Pts',(-28.965046604986,31.8786490739027,-30.6114419438213));
#12325=CARTESIAN_POINT('Ctrl Pts',(-28.8150618290545,32.248736179039,-30.716853504374));
#12326=CARTESIAN_POINT('Ctrl Pts',(-28.6992881291777,32.4220322143819,-30.7478060082989));
#12327=CARTESIAN_POINT('Ctrl Pts',(-28.4233639537429,32.6979563898167,-30.7539384503367));
#12328=CARTESIAN_POINT('Ctrl Pts',(-28.251208000475,32.8135844875023,-30.7298832630163));
#12329=CARTESIAN_POINT('Ctrl Pts',(-27.8816702168996,32.9642900497291,-30.6378208421956));
#12330=CARTESIAN_POINT('Ctrl Pts',(-27.6842556207138,32.9997977823636,-30.5706518905305));
#12331=CARTESIAN_POINT('Ctrl Pts',(-27.5011025394399,32.9999996960418,-30.5043745356591));
#12332=CARTESIAN_POINT('Ctrl Pts',(-27.5005513239175,33.,-30.5041750341082));
#12333=CARTESIAN_POINT('Ctrl Pts',(-27.5,33.,-30.5039754596944));
#12334=CARTESIAN_POINT('Origin',(-27.5,31.5,0.));
#12335=CARTESIAN_POINT('Origin',(-27.5,31.5,-36.));
#12336=CARTESIAN_POINT('Origin',(-27.5,31.5,0.));
#12337=CARTESIAN_POINT('',(-28.9999266374158,31.5148351734244,-22.9368351734244));
#12338=CARTESIAN_POINT('Ctrl Pts',(-29.,31.5,-23.1947851647775));
#12339=CARTESIAN_POINT('Ctrl Pts',(-29.,31.5100669516987,-23.1075539296465));
#12340=CARTESIAN_POINT('Ctrl Pts',(-28.9999266374158,31.5148351734244,-23.0210580539789));
#12341=CARTESIAN_POINT('Ctrl Pts',(-28.9999266374158,31.5148351734244,-22.9368351734244));
#12342=CARTESIAN_POINT('Ctrl Pts',(-28.9999266374158,31.5148351734244,-22.9368351734244));
#12343=CARTESIAN_POINT('Ctrl Pts',(-28.9999266374158,31.5148351734244,-22.8526122928698));
#12344=CARTESIAN_POINT('Ctrl Pts',(-29.,31.5100669516987,-22.7661164172022));
#12345=CARTESIAN_POINT('Ctrl Pts',(-29.,31.5,-22.6788851820712));
#12346=CARTESIAN_POINT('Origin',(-27.5,31.5,0.));
#12347=CARTESIAN_POINT('Origin',(-27.5,31.5,-36.));
#12348=CARTESIAN_POINT('Origin',(-27.5,31.5,0.));
#12349=CARTESIAN_POINT('',(-28.4998899527595,31.5148351734244,-22.9368351734244));
#12350=CARTESIAN_POINT('Ctrl Pts',(-28.5,31.5,-22.6788851820712));
#12351=CARTESIAN_POINT('Ctrl Pts',(-28.5,31.5101076667145,-22.7664692172577));
#12352=CARTESIAN_POINT('Ctrl Pts',(-28.4998899527595,31.5148351734244,-22.8531090038621));
#12353=CARTESIAN_POINT('Ctrl Pts',(-28.4998899527595,31.5148351734244,-22.9368351734244));
#12354=CARTESIAN_POINT('Ctrl Pts',(-28.4998899527595,31.5148351734244,-22.9368351734244));
#12355=CARTESIAN_POINT('Ctrl Pts',(-28.4998899527595,31.5148351734244,-23.0205613429867));
#12356=CARTESIAN_POINT('Ctrl Pts',(-28.5,31.5101076667145,-23.107201129591));
#12357=CARTESIAN_POINT('Ctrl Pts',(-28.5,31.5,-23.1947851647775));
#12358=CARTESIAN_POINT('Origin',(-29.,19.5148351734244,5.74799970197678));
#12359=CARTESIAN_POINT('',(-29.,21.7648351734244,5.74799970197678));
#12360=CARTESIAN_POINT('Origin',(-29.,26.0148351734244,5.74799970197678));
#12361=CARTESIAN_POINT('',(-29.,28.2648351734244,5.74799970197678));
#12362=CARTESIAN_POINT('Origin',(-29.,29.2648351734244,-11.6788351734244));
#12363=CARTESIAN_POINT('',(-29.,31.5148351734244,-11.6788351734244));
#12364=CARTESIAN_POINT('Origin',(-29.,9.76483517342437,-11.6788351734244));
#12365=CARTESIAN_POINT('',(-29.,12.0148351734244,-11.6788351734244));
#12366=CARTESIAN_POINT('Origin',(-29.,16.2648351734244,-22.9368351734244));
#12367=CARTESIAN_POINT('',(-29.,18.5148351734244,-22.9368351734244));
#12368=CARTESIAN_POINT('Origin',(-29.,16.2648351734244,22.6351648265756));
#12369=CARTESIAN_POINT('',(-29.,18.5148351734244,22.6351648265756));
#12370=CARTESIAN_POINT('Origin',(-29.,26.0148351734244,-28.5660002980232));
#12371=CARTESIAN_POINT('',(-29.,28.2648351734244,-28.5660002980232));
#12372=CARTESIAN_POINT('Origin',(-29.,22.7648351734244,22.6351648265756));
#12373=CARTESIAN_POINT('',(-29.,25.0148351734244,22.6351648265756));
#12374=CARTESIAN_POINT('Origin',(-29.,29.2648351734244,22.6351648265756));
#12375=CARTESIAN_POINT('',(-29.,31.5148351734244,22.6351648265756));
#12376=CARTESIAN_POINT('Origin',(-29.,29.2648351734244,11.3771648265756));
#12377=CARTESIAN_POINT('',(-29.,31.5148351734244,11.3771648265756));
#12378=CARTESIAN_POINT('Origin',(-29.,13.0148351734244,5.74799970197678));
#12379=CARTESIAN_POINT('',(-29.,15.2648351734244,5.74799970197678));
#12380=CARTESIAN_POINT('Origin',(-29.,19.5148351734244,17.0059997019768));
#12381=CARTESIAN_POINT('',(-29.,21.7648351734244,17.0059997019768));
#12382=CARTESIAN_POINT('Origin',(-29.,22.7648351734244,-0.420835173424373));
#12383=CARTESIAN_POINT('',(-29.,25.0148351734244,-0.420835173424373));
#12384=CARTESIAN_POINT('Origin',(-29.,13.0148351734244,-28.5660002980232));
#12385=CARTESIAN_POINT('',(-29.,15.2648351734244,-28.5660002980232));
#12386=CARTESIAN_POINT('Origin',(-29.,9.76483517342438,-0.42083517342437));
#12387=CARTESIAN_POINT('',(-29.,12.0148351734244,-0.42083517342437));
#12388=CARTESIAN_POINT('Origin',(-29.,13.0148351734244,17.0059997019768));
#12389=CARTESIAN_POINT('',(-29.,15.2648351734244,17.0059997019768));
#12390=CARTESIAN_POINT('Origin',(-29.,9.76483517342438,22.6351648265756));
#12391=CARTESIAN_POINT('',(-29.,12.0148351734244,22.6351648265756));
#12392=CARTESIAN_POINT('Origin',(-29.,22.7648351734244,-22.9368351734244));
#12393=CARTESIAN_POINT('',(-29.,25.0148351734244,-22.9368351734244));
#12394=CARTESIAN_POINT('Origin',(-29.,22.7648351734244,-11.6788351734244));
#12395=CARTESIAN_POINT('',(-29.,25.0148351734244,-11.6788351734244));
#12396=CARTESIAN_POINT('Origin',(-29.,16.2648351734244,-11.6788351734244));
#12397=CARTESIAN_POINT('',(-29.,18.5148351734244,-11.6788351734244));
#12398=CARTESIAN_POINT('Origin',(-29.,13.0148351734244,-17.3080002980232));
#12399=CARTESIAN_POINT('',(-29.,15.2648351734244,-17.3080002980232));
#12400=CARTESIAN_POINT('Origin',(-29.,16.2648351734244,-0.420835173424371));
#12401=CARTESIAN_POINT('',(-29.,18.5148351734244,-0.420835173424371));
#12402=CARTESIAN_POINT('Origin',(-29.,16.2648351734244,11.3771648265756));
#12403=CARTESIAN_POINT('',(-29.,18.5148351734244,11.3771648265756));
#12404=CARTESIAN_POINT('Origin',(-29.,29.2648351734244,-22.9368351734244));
#12405=CARTESIAN_POINT('',(-29.,31.5148351734244,-22.9368351734244));
#12406=CARTESIAN_POINT('Origin',(-29.,9.76483517342438,11.3771648265756));
#12407=CARTESIAN_POINT('',(-29.,12.0148351734244,11.3771648265756));
#12408=CARTESIAN_POINT('Origin',(-29.,26.0148351734244,17.0059997019768));
#12409=CARTESIAN_POINT('',(-29.,28.2648351734244,17.0059997019768));
#12410=CARTESIAN_POINT('Origin',(-29.,22.7648351734244,11.3771648265756));
#12411=CARTESIAN_POINT('',(-29.,25.0148351734244,11.3771648265756));
#12412=CARTESIAN_POINT('Origin',(-29.,29.2648351734244,-0.420835173424374));
#12413=CARTESIAN_POINT('',(-29.,31.5148351734244,-0.420835173424374));
#12414=CARTESIAN_POINT('Origin',(-29.,19.5148351734244,-17.3080002980232));
#12415=CARTESIAN_POINT('',(-29.,21.7648351734244,-17.3080002980232));
#12416=CARTESIAN_POINT('Origin',(-29.,19.5148351734244,-28.5660002980232));
#12417=CARTESIAN_POINT('',(-29.,21.7648351734244,-28.5660002980232));
#12418=CARTESIAN_POINT('Origin',(-29.,26.0148351734244,-17.3080002980232));
#12419=CARTESIAN_POINT('',(-29.,28.2648351734244,-17.3080002980232));
#12420=CARTESIAN_POINT('Origin',(-29.,13.0148351734244,-6.05000029802322));
#12421=CARTESIAN_POINT('',(-29.,15.2648351734244,-6.05000029802322));
#12422=CARTESIAN_POINT('Origin',(-29.,9.76483517342437,-22.9368351734244));
#12423=CARTESIAN_POINT('',(-29.,12.0148351734244,-22.9368351734244));
#12424=CARTESIAN_POINT('Origin',(-29.,26.0148351734244,-6.05000029802323));
#12425=CARTESIAN_POINT('',(-29.,28.2648351734244,-6.05000029802323));
#12426=CARTESIAN_POINT('Origin',(-29.,19.5148351734244,-6.05000029802322));
#12427=CARTESIAN_POINT('',(-29.,21.7648351734244,-6.05000029802322));
#12428=CARTESIAN_POINT('Origin',(4.05000029802322,33.,5.81283517342438));
#12429=CARTESIAN_POINT('',(6.30000029802322,33.,5.81283517342438));
#12430=CARTESIAN_POINT('Origin',(-18.6999997019768,33.,-11.6139997019768));
#12431=CARTESIAN_POINT('',(-16.4499997019768,33.,-11.6139997019768));
#12432=CARTESIAN_POINT('Origin',(-8.94999970197678,33.,17.0708351734244));
#12433=CARTESIAN_POINT('',(-6.69999970197678,33.,17.0708351734244));
#12434=CARTESIAN_POINT('Origin',(-5.69999970197678,33.,-22.8719997019768));
#12435=CARTESIAN_POINT('',(-3.44999970197678,33.,-22.8719997019768));
#12436=CARTESIAN_POINT('Origin',(-21.9499997019768,33.,17.0708351734244));
#12437=CARTESIAN_POINT('',(-19.6999997019768,33.,17.0708351734244));
#12438=CARTESIAN_POINT('Origin',(17.0500002980232,33.,-5.98516482657563));
#12439=CARTESIAN_POINT('',(19.3000002980232,33.,-5.98516482657563));
#12440=CARTESIAN_POINT('Origin',(-12.1999997019768,33.,11.4420002980232));
#12441=CARTESIAN_POINT('',(-9.94999970197678,33.,11.4420002980232));
#12442=CARTESIAN_POINT('Origin',(0.800000298023222,33.,-0.355999701976775));
#12443=CARTESIAN_POINT('',(3.05000029802322,33.,-0.355999701976774));
#12444=CARTESIAN_POINT('Origin',(-25.1999997019768,33.,-22.8719997019768));
#12445=CARTESIAN_POINT('',(-22.9499997019768,33.,-22.8719997019768));
#12446=CARTESIAN_POINT('Origin',(-15.4499997019768,33.,-5.98516482657563));
#12447=CARTESIAN_POINT('',(-13.1999997019768,33.,-5.98516482657563));
#12448=CARTESIAN_POINT('Origin',(-8.94999970197678,33.,-17.2431648265756));
#12449=CARTESIAN_POINT('',(-6.69999970197678,33.,-17.2431648265756));
#12450=CARTESIAN_POINT('Origin',(-21.9499997019768,33.,5.81283517342438));
#12451=CARTESIAN_POINT('',(-19.6999997019768,33.,5.81283517342438));
#12452=CARTESIAN_POINT('Origin',(-21.9499997019768,33.,-5.98516482657563));
#12453=CARTESIAN_POINT('',(-19.6999997019768,33.,-5.98516482657563));
#12454=CARTESIAN_POINT('Origin',(20.3000002980232,33.,11.4420002980232));
#12455=CARTESIAN_POINT('',(22.5500002980232,33.,11.4420002980232));
#12456=CARTESIAN_POINT('Origin',(10.5500002980232,33.,-28.5011648265756));
#12457=CARTESIAN_POINT('',(12.8000002980232,33.,-28.5011648265756));
#12458=CARTESIAN_POINT('Origin',(10.5500002980232,33.,17.0708351734244));
#12459=CARTESIAN_POINT('',(12.8000002980232,33.,17.0708351734244));
#12460=CARTESIAN_POINT('Origin',(-8.94999970197678,33.,-5.98516482657563));
#12461=CARTESIAN_POINT('',(-6.69999970197678,33.,-5.98516482657563));
#12462=CARTESIAN_POINT('Origin',(-5.69999970197678,33.,-11.6139997019768));
#12463=CARTESIAN_POINT('',(-3.44999970197678,33.,-11.6139997019768));
#12464=CARTESIAN_POINT('Origin',(4.05000029802322,33.,-5.98516482657563));
#12465=CARTESIAN_POINT('',(6.30000029802322,33.,-5.98516482657563));
#12466=CARTESIAN_POINT('Origin',(4.05000029802322,33.,-17.2431648265756));
#12467=CARTESIAN_POINT('',(6.30000029802322,33.,-17.2431648265756));
#12468=CARTESIAN_POINT('Origin',(-21.9499997019768,33.,-28.5011648265756));
#12469=CARTESIAN_POINT('',(-19.6999997019768,33.,-28.5011648265756));
#12470=CARTESIAN_POINT('Origin',(-15.4499997019768,33.,-28.5011648265756));
#12471=CARTESIAN_POINT('',(-13.1999997019768,33.,-28.5011648265756));
#12472=CARTESIAN_POINT('Origin',(-18.6999997019768,33.,22.7000002980232));
#12473=CARTESIAN_POINT('',(-16.4499997019768,33.,22.7000002980232));
#12474=CARTESIAN_POINT('Origin',(0.800000298023222,33.,22.7000002980232));
#12475=CARTESIAN_POINT('',(3.05000029802322,33.,22.7000002980232));
#12476=CARTESIAN_POINT('Origin',(7.30000029802322,33.,-11.6139997019768));
#12477=CARTESIAN_POINT('',(9.55000029802322,33.,-11.6139997019768));
#12478=CARTESIAN_POINT('Origin',(0.800000298023222,33.,-11.6139997019768));
#12479=CARTESIAN_POINT('',(3.05000029802322,33.,-11.6139997019768));
#12480=CARTESIAN_POINT('Origin',(-2.44999970197678,33.,17.0708351734244));
#12481=CARTESIAN_POINT('',(-0.199999701976781,33.,17.0708351734244));
#12482=CARTESIAN_POINT('Origin',(-2.44999970197678,33.,5.81283517342438));
#12483=CARTESIAN_POINT('',(-0.199999701976781,33.,5.81283517342438));
#12484=CARTESIAN_POINT('Origin',(17.0500002980232,33.,5.81283517342438));
#12485=CARTESIAN_POINT('',(19.3000002980232,33.,5.81283517342438));
#12486=CARTESIAN_POINT('Origin',(-12.1999997019768,33.,-11.6139997019768));
#12487=CARTESIAN_POINT('',(-9.94999970197678,33.,-11.6139997019768));
#12488=CARTESIAN_POINT('Origin',(7.30000029802322,33.,22.7000002980232));
#12489=CARTESIAN_POINT('',(9.55000029802322,33.,22.7000002980232));
#12490=CARTESIAN_POINT('Origin',(20.3000002980232,33.,22.7000002980232));
#12491=CARTESIAN_POINT('',(22.5500002980232,33.,22.7000002980232));
#12492=CARTESIAN_POINT('Origin',(-12.1999997019768,33.,-0.355999701976775));
#12493=CARTESIAN_POINT('',(-9.94999970197678,33.,-0.355999701976774));
#12494=CARTESIAN_POINT('Origin',(-2.44999970197678,33.,-28.5011648265756));
#12495=CARTESIAN_POINT('',(-0.199999701976781,33.,-28.5011648265756));
#12496=CARTESIAN_POINT('Origin',(13.8000002980232,33.,22.7000002980232));
#12497=CARTESIAN_POINT('',(16.0500002980232,33.,22.7000002980232));
#12498=CARTESIAN_POINT('Origin',(0.800000298023222,33.,11.4420002980232));
#12499=CARTESIAN_POINT('',(3.05000029802322,33.,11.4420002980232));
#12500=CARTESIAN_POINT('Origin',(10.5500002980232,33.,5.81283517342438));
#12501=CARTESIAN_POINT('',(12.8000002980232,33.,5.81283517342438));
#12502=CARTESIAN_POINT('Origin',(-25.1999997019768,33.,11.4420002980232));
#12503=CARTESIAN_POINT('',(-22.9499997019768,33.,11.4420002980232));
#12504=CARTESIAN_POINT('Origin',(-5.69999970197678,33.,22.7000002980232));
#12505=CARTESIAN_POINT('',(-3.44999970197678,33.,22.7000002980232));
#12506=CARTESIAN_POINT('Origin',(-5.69999970197678,33.,11.4420002980232));
#12507=CARTESIAN_POINT('',(-3.44999970197678,33.,11.4420002980232));
#12508=CARTESIAN_POINT('Origin',(-15.4499997019768,33.,5.81283517342438));
#12509=CARTESIAN_POINT('',(-13.1999997019768,33.,5.81283517342438));
#12510=CARTESIAN_POINT('Origin',(13.8000002980232,33.,-11.6139997019768));
#12511=CARTESIAN_POINT('',(16.0500002980232,33.,-11.6139997019768));
#12512=CARTESIAN_POINT('Origin',(20.3000002980232,33.,-22.8719997019768));
#12513=CARTESIAN_POINT('',(22.5500002980232,33.,-22.8719997019768));
#12514=CARTESIAN_POINT('Origin',(-8.94999970197678,33.,5.81283517342438));
#12515=CARTESIAN_POINT('',(-6.69999970197678,33.,5.81283517342438));
#12516=CARTESIAN_POINT('Origin',(-5.69999970197678,33.,-0.355999701976775));
#12517=CARTESIAN_POINT('',(-3.44999970197678,33.,-0.355999701976774));
#12518=CARTESIAN_POINT('Origin',(20.3000002980232,33.,-11.6139997019768));
#12519=CARTESIAN_POINT('',(22.5500002980232,33.,-11.6139997019768));
#12520=CARTESIAN_POINT('Origin',(17.0500002980232,33.,-17.2431648265756));
#12521=CARTESIAN_POINT('',(19.3000002980232,33.,-17.2431648265756));
#12522=CARTESIAN_POINT('Origin',(-25.1999997019768,33.,22.7000002980232));
#12523=CARTESIAN_POINT('',(-22.9499997019768,33.,22.7000002980232));
#12524=CARTESIAN_POINT('Origin',(4.05000029802322,33.,17.0708351734244));
#12525=CARTESIAN_POINT('',(6.30000029802322,33.,17.0708351734244));
#12526=CARTESIAN_POINT('Origin',(4.05000029802322,33.,-28.5011648265756));
#12527=CARTESIAN_POINT('',(6.30000029802322,33.,-28.5011648265756));
#12528=CARTESIAN_POINT('Origin',(0.800000298023222,33.,-22.8719997019768));
#12529=CARTESIAN_POINT('',(3.05000029802322,33.,-22.8719997019768));
#12530=CARTESIAN_POINT('Origin',(10.5500002980232,33.,-5.98516482657563));
#12531=CARTESIAN_POINT('',(12.8000002980232,33.,-5.98516482657563));
#12532=CARTESIAN_POINT('Origin',(13.8000002980232,33.,11.4420002980232));
#12533=CARTESIAN_POINT('',(16.0500002980232,33.,11.4420002980232));
#12534=CARTESIAN_POINT('Origin',(-2.44999970197678,33.,-5.98516482657563));
#12535=CARTESIAN_POINT('',(-0.199999701976781,33.,-5.98516482657563));
#12536=CARTESIAN_POINT('Origin',(13.8000002980232,33.,-22.8719997019768));
#12537=CARTESIAN_POINT('',(16.0500002980232,33.,-22.8719997019768));
#12538=CARTESIAN_POINT('Origin',(-12.1999997019768,33.,22.7000002980232));
#12539=CARTESIAN_POINT('',(-9.94999970197678,33.,22.7000002980232));
#12540=CARTESIAN_POINT('Origin',(-18.6999997019768,33.,-0.355999701976775));
#12541=CARTESIAN_POINT('',(-16.4499997019768,33.,-0.355999701976774));
#12542=CARTESIAN_POINT('Origin',(17.0500002980232,33.,-28.5011648265756));
#12543=CARTESIAN_POINT('',(19.3000002980232,33.,-28.5011648265756));
#12544=CARTESIAN_POINT('Origin',(-25.1999997019768,33.,-0.355999701976775));
#12545=CARTESIAN_POINT('',(-22.9499997019768,33.,-0.355999701976774));
#12546=CARTESIAN_POINT('Origin',(20.3000002980232,33.,-0.355999701976775));
#12547=CARTESIAN_POINT('',(22.5500002980232,33.,-0.355999701976774));
#12548=CARTESIAN_POINT('Origin',(-12.1999997019768,33.,-22.8719997019768));
#12549=CARTESIAN_POINT('',(-9.94999970197678,33.,-22.8719997019768));
#12550=CARTESIAN_POINT('Origin',(7.30000029802322,33.,-22.8719997019768));
#12551=CARTESIAN_POINT('',(9.55000029802322,33.,-22.8719997019768));
#12552=CARTESIAN_POINT('Origin',(13.8000002980232,33.,-0.355999701976775));
#12553=CARTESIAN_POINT('',(16.0500002980232,33.,-0.355999701976774));
#12554=CARTESIAN_POINT('Origin',(17.0500002980232,33.,17.0708351734244));
#12555=CARTESIAN_POINT('',(19.3000002980232,33.,17.0708351734244));
#12556=CARTESIAN_POINT('Origin',(7.30000029802322,33.,11.4420002980232));
#12557=CARTESIAN_POINT('',(9.55000029802322,33.,11.4420002980232));
#12558=CARTESIAN_POINT('Origin',(-21.9499997019768,33.,-17.2431648265756));
#12559=CARTESIAN_POINT('',(-19.6999997019768,33.,-17.2431648265756));
#12560=CARTESIAN_POINT('Origin',(-8.94999970197678,33.,-28.5011648265756));
#12561=CARTESIAN_POINT('',(-6.69999970197678,33.,-28.5011648265756));
#12562=CARTESIAN_POINT('Origin',(-15.4499997019768,33.,-17.2431648265756));
#12563=CARTESIAN_POINT('',(-13.1999997019768,33.,-17.2431648265756));
#12564=CARTESIAN_POINT('Origin',(7.30000029802322,33.,-0.355999701976775));
#12565=CARTESIAN_POINT('',(9.55000029802322,33.,-0.355999701976774));
#12566=CARTESIAN_POINT('Origin',(-2.44999970197678,33.,-17.2431648265756));
#12567=CARTESIAN_POINT('',(-0.199999701976781,33.,-17.2431648265756));
#12568=CARTESIAN_POINT('Origin',(-15.4499997019768,33.,17.0708351734244));
#12569=CARTESIAN_POINT('',(-13.1999997019768,33.,17.0708351734244));
#12570=CARTESIAN_POINT('Origin',(-25.1999997019768,33.,-11.6139997019768));
#12571=CARTESIAN_POINT('',(-22.9499997019768,33.,-11.6139997019768));
#12572=CARTESIAN_POINT('Origin',(-18.6999997019768,33.,-22.8719997019768));
#12573=CARTESIAN_POINT('',(-16.4499997019768,33.,-22.8719997019768));
#12574=CARTESIAN_POINT('Origin',(-18.6999997019768,33.,11.4420002980232));
#12575=CARTESIAN_POINT('',(-16.4499997019768,33.,11.4420002980232));
#12576=CARTESIAN_POINT('Origin',(10.5500002980232,33.,-17.2431648265756));
#12577=CARTESIAN_POINT('',(12.8000002980232,33.,-17.2431648265756));
#12578=CARTESIAN_POINT('Origin',(-27.500000409779,3.25000004840697,-35.5));
#12579=CARTESIAN_POINT('',(-28.,1.5,-35.5));
#12580=CARTESIAN_POINT('Origin',(-28.,2.,-35.5));
#12581=CARTESIAN_POINT('',(-26.5,1.5,-35.5));
#12582=CARTESIAN_POINT('',(-27.5000002048895,1.5,-35.5));
#12583=CARTESIAN_POINT('',(-26.5,1.,-35.5));
#12584=CARTESIAN_POINT('',(-26.5,2.25000002420348,-35.5));
#12585=CARTESIAN_POINT('',(-28.,1.,-35.5));
#12586=CARTESIAN_POINT('',(-28.1250002048895,1.,-35.5));
#12587=CARTESIAN_POINT('Origin',(-28.,2.,-35.5));
#12588=CARTESIAN_POINT('Origin',(-28.75,1.,0.));
#12589=CARTESIAN_POINT('',(-26.5,1.,0.));
#12590=CARTESIAN_POINT('',(-28.,1.,0.));
#12591=CARTESIAN_POINT('Origin',(-26.5,1.25,0.));
#12592=CARTESIAN_POINT('',(-26.5,1.5,0.));
#12593=CARTESIAN_POINT('Origin',(-27.5,1.5,0.));
#12594=CARTESIAN_POINT('',(-28.,1.5,0.));
#12595=CARTESIAN_POINT('Origin',(-28.,2.,0.));
#12596=CARTESIAN_POINT('Origin',(-28.,17.749999653548,-36.));
#12597=CARTESIAN_POINT('Origin',(-28.,30.999999307096,-36.));
#12598=CARTESIAN_POINT('Origin',(0.250000000000004,30.5,-37.));
#12599=CARTESIAN_POINT('',(-11.875,30.999999307096,-37.));
#12600=CARTESIAN_POINT('',(26.5,28.5,-37.));
#12601=CARTESIAN_POINT('',(0.250000000000004,28.5,-37.));
#12602=CARTESIAN_POINT('',(26.5,32.,-37.));
#12603=CARTESIAN_POINT('',(26.5,30.5,-37.));
#12604=CARTESIAN_POINT('',(-27.,32.,-37.));
#12605=CARTESIAN_POINT('',(0.,32.,-37.));
#12606=CARTESIAN_POINT('',(-27.,30.5,-37.));
#12607=CARTESIAN_POINT('Origin',(-27.9999996758995,30.999999307096,-36.75));
#12608=CARTESIAN_POINT('',(-27.9999996758995,30.999999307096,-36.));
#12609=CARTESIAN_POINT('Origin',(-28.75,32.,-36.5));
#12610=CARTESIAN_POINT('',(-26.9999999999995,32.,-37.5));
#12611=CARTESIAN_POINT('Origin',(-27.,32.,-36.5));
#12612=CARTESIAN_POINT('',(26.5,32.,-37.5));
#12613=CARTESIAN_POINT('Origin',(26.5,32.,-36.5));
#12614=CARTESIAN_POINT('',(-28.75,32.,-37.5));
#12615=CARTESIAN_POINT('Origin',(-27.,30.5,-37.25));
#12616=CARTESIAN_POINT('',(-27.,28.5,-37.5));
#12617=CARTESIAN_POINT('',(-26.9999999999995,24.525266531123,-37.5));
#12618=CARTESIAN_POINT('',(-27.,28.5,-37.25));
#12619=CARTESIAN_POINT('Origin',(-27.,32.,-36.5));
#12620=CARTESIAN_POINT('',(-26.9999999999995,32.050533062246,-36.));
#12621=CARTESIAN_POINT('Origin',(-28.75,17.,-37.5));
#12622=CARTESIAN_POINT('',(26.5,28.5,-37.5));
#12623=CARTESIAN_POINT('',(26.5,23.75,-37.5));
#12624=CARTESIAN_POINT('',(0.250000000000004,28.5,-37.5));
#12625=CARTESIAN_POINT('Origin',(28.,32.75,0.));
#12626=CARTESIAN_POINT('',(28.,30.5,-36.));
#12627=CARTESIAN_POINT('',(28.,32.,-36.));
#12628=CARTESIAN_POINT('',(28.,32.5,-36.));
#12629=CARTESIAN_POINT('',(28.,32.,29.));
#12630=CARTESIAN_POINT('',(28.,32.,0.));
#12631=CARTESIAN_POINT('',(28.,30.5,29.));
#12632=CARTESIAN_POINT('',(28.,32.25,29.));
#12633=CARTESIAN_POINT('',(28.,30.5,28.5));
#12634=CARTESIAN_POINT('Origin',(27.5,31.5,0.));
#12635=CARTESIAN_POINT('',(27.5,32.,-36.));
#12636=CARTESIAN_POINT('',(27.5,30.5,-36.));
#12637=CARTESIAN_POINT('',(27.5,31.875,-36.));
#12638=CARTESIAN_POINT('',(27.5,30.5,29.));
#12639=CARTESIAN_POINT('',(27.5,30.5,0.));
#12640=CARTESIAN_POINT('',(27.5,32.,29.));
#12641=CARTESIAN_POINT('',(27.5,31.625,29.));
#12642=CARTESIAN_POINT('',(27.5,32.,28.5));
#12643=CARTESIAN_POINT('Origin',(27.75,30.5,0.));
#12644=CARTESIAN_POINT('',(27.5,30.5,-36.));
#12645=CARTESIAN_POINT('',(27.625,30.5,29.));
#12646=CARTESIAN_POINT('Origin',(27.25,32.25,-36.));
#12647=CARTESIAN_POINT('Origin',(27.,32.,-36.));
#12648=CARTESIAN_POINT('',(26.5,32.25,-36.));
#12649=CARTESIAN_POINT('Origin',(27.,32.,-36.));
#12650=CARTESIAN_POINT('Origin',(27.,32.,0.));
#12651=CARTESIAN_POINT('Origin',(27.,32.,29.));
#12652=CARTESIAN_POINT('Origin',(26.5,30.5,-37.25));
#12653=CARTESIAN_POINT('Origin',(26.5,32.,-36.5));
#12654=CARTESIAN_POINT('',(26.5,28.5,-37.25));
#12655=CARTESIAN_POINT('Origin',(0.,32.,-36.5));
#12656=CARTESIAN_POINT('Origin',(-27.9999996758995,32.050533062246,-36.));
#12657=CARTESIAN_POINT('Origin',(0.250000000000004,28.5,-37.25));
#12658=CARTESIAN_POINT('Origin',(-27.5,17.,28.5));
#12659=CARTESIAN_POINT('',(-27.5000004097819,23.5,30.));
#12660=CARTESIAN_POINT('',(-27.5,7.5,30.));
#12661=CARTESIAN_POINT('',(-27.5000004097819,31.5,30.));
#12662=CARTESIAN_POINT('',(-27.5000004097819,28.,30.));
#12663=CARTESIAN_POINT('Origin',(-27.5,31.5,28.5));
#12664=CARTESIAN_POINT('Origin',(-28.5,31.5,30.5));
#12665=CARTESIAN_POINT('',(-19.5,31.5,30.));
#12666=CARTESIAN_POINT('',(-0.250000102440966,31.5,30.));
#12667=CARTESIAN_POINT('',(-19.5,31.5,29.5));
#12668=CARTESIAN_POINT('',(-19.5,31.5,29.75));
#12669=CARTESIAN_POINT('',(-24.,31.5,29.5));
#12670=CARTESIAN_POINT('',(-28.5,31.5,28.5));
#12671=CARTESIAN_POINT('Origin',(-28.75,17.,30.));
#12672=CARTESIAN_POINT('',(-19.5,23.5,30.));
#12673=CARTESIAN_POINT('',(-19.5,7.5,30.));
#12674=CARTESIAN_POINT('',(-0.250000204881928,23.5,30.));
#12675=CARTESIAN_POINT('Origin',(-19.5,19.5,29.75));
#12676=CARTESIAN_POINT('',(-19.5,19.5,29.5));
#12677=CARTESIAN_POINT('',(-19.5,23.75,30.));
#12678=CARTESIAN_POINT('Origin',(-24.,19.5,29.5));
#12679=CARTESIAN_POINT('Origin',(-28.,2.,0.));
#12680=CARTESIAN_POINT('Origin',(27.5,31.75,29.));
#12681=CARTESIAN_POINT('',(27.0000000000181,29.875,29.));
#12682=CARTESIAN_POINT('Origin',(27.,32.,29.));
#12683=CARTESIAN_POINT('Origin',(-28.75,31.5,29.));
#12684=CARTESIAN_POINT('',(27.0000000000181,31.5,30.5));
#12685=CARTESIAN_POINT('Origin',(27.0000000000181,31.5,29.));
#12686=CARTESIAN_POINT('',(-27.5000004097819,31.5,30.5));
#12687=CARTESIAN_POINT('Origin',(-27.5000004097819,31.5,29.));
#12688=CARTESIAN_POINT('',(-28.75,31.5,30.5));
#12689=CARTESIAN_POINT('Origin',(27.0000000000181,28.,30.25));
#12690=CARTESIAN_POINT('',(27.0000000000181,23.5,30.5));
#12691=CARTESIAN_POINT('',(27.0000000000181,28.,30.5));
#12692=CARTESIAN_POINT('',(27.0000000000181,23.5,30.));
#12693=CARTESIAN_POINT('',(27.0000000000181,23.5,30.25));
#12694=CARTESIAN_POINT('',(27.0000000000181,31.5,30.));
#12695=CARTESIAN_POINT('',(27.0000000000181,28.,30.));
#12696=CARTESIAN_POINT('Origin',(27.0000000000181,31.5,29.));
#12697=CARTESIAN_POINT('Origin',(-28.75,17.,30.5));
#12698=CARTESIAN_POINT('',(-27.5000004097819,23.5,30.5));
#12699=CARTESIAN_POINT('',(-27.5000004097819,28.,30.5));
#12700=CARTESIAN_POINT('',(-0.250000204881928,23.5,30.5));
#12701=CARTESIAN_POINT('Origin',(-28.25,32.25,28.5));
#12702=CARTESIAN_POINT('',(-27.5,32.5,28.5));
#12703=CARTESIAN_POINT('Origin',(27.,32.,0.));
#12704=CARTESIAN_POINT('Origin',(-0.250000102440966,31.5,29.));
#12705=CARTESIAN_POINT('Origin',(-27.5000004097819,31.5,29.));
#12706=CARTESIAN_POINT('',(-0.250000102440966,31.5,30.));
#12707=CARTESIAN_POINT('Origin',(-0.250000204881928,28.,30.));
#12708=CARTESIAN_POINT('',(-0.250000204881928,23.5,30.));
#12709=CARTESIAN_POINT('Origin',(-0.250000204881928,23.5,30.25));
#12710=CARTESIAN_POINT('',(-27.5000004097819,23.5,30.25));
#12711=CARTESIAN_POINT('Origin',(-27.5000004097819,28.,30.25));
#12712=CARTESIAN_POINT('Origin',(-23.,8.8,38.));
#12713=CARTESIAN_POINT('',(-23.,9.8,36.5));
#12714=CARTESIAN_POINT('Origin',(-23.,9.8,38.));
#12715=CARTESIAN_POINT('',(-23.,8.8,35.5));
#12716=CARTESIAN_POINT('Origin',(-23.,8.8,36.5));
#12717=CARTESIAN_POINT('',(-25.5,8.8,38.));
#12718=CARTESIAN_POINT('Origin',(-23.,8.8,38.));
#12719=CARTESIAN_POINT('Origin',(-23.,8.8,38.));
#12720=CARTESIAN_POINT('Origin',(-23.,8.55,38.));
#12721=CARTESIAN_POINT('',(-25.5,7.29999999999999,38.));
#12722=CARTESIAN_POINT('',(-25.5,8.55,38.));
#12723=CARTESIAN_POINT('Origin',(-23.,7.29999999999999,38.));
#12724=CARTESIAN_POINT('Origin',(-23.,9.8,38.));
#12725=CARTESIAN_POINT('Origin',(-23.,7.3,38.));
#12726=CARTESIAN_POINT('',(-24.5,7.29999999999999,38.));
#12727=CARTESIAN_POINT('Origin',(-23.,7.29999999999999,38.));
#12728=CARTESIAN_POINT('Origin',(1.00000041723251,6.65,-37.4999993667006));
#12729=CARTESIAN_POINT('',(28.0000004172325,7.3,-37.4999993667006));
#12730=CARTESIAN_POINT('',(28.0000004172325,6.,-37.4999993667006));
#12731=CARTESIAN_POINT('',(28.0000004172325,11.975,-37.4999993667006));
#12732=CARTESIAN_POINT('',(-25.9999995827675,6.,-37.4999993667006));
#12733=CARTESIAN_POINT('',(1.00000041723251,6.,-37.4999993667006));
#12734=CARTESIAN_POINT('',(-25.9999995827675,7.3,-37.4999993667006));
#12735=CARTESIAN_POINT('',(-25.9999995827675,6.65,-37.4999993667006));
#12736=CARTESIAN_POINT('',(1.00000041723251,7.3,-37.4999993667006));
#12737=CARTESIAN_POINT('Origin',(25.2500004172325,6.65,33.0000006332994));
#12738=CARTESIAN_POINT('',(22.5000004172325,7.3,33.0000006332994));
#12739=CARTESIAN_POINT('',(28.0000004172325,7.3,33.0000006332994));
#12740=CARTESIAN_POINT('',(13.1250004172325,7.3,33.0000006332994));
#12741=CARTESIAN_POINT('',(22.5000004172325,6.,33.0000006332994));
#12742=CARTESIAN_POINT('',(22.5000004172325,6.65,33.0000006332994));
#12743=CARTESIAN_POINT('',(28.0000004172325,6.,33.0000006332994));
#12744=CARTESIAN_POINT('',(13.1250004172325,6.,33.0000006332994));
#12745=CARTESIAN_POINT('',(28.0000004172325,11.975,33.0000006332994));
#12746=CARTESIAN_POINT('Origin',(22.5000004172325,6.65,37.7500006332994));
#12747=CARTESIAN_POINT('',(22.5000004172325,6.,42.5000006332994));
#12748=CARTESIAN_POINT('',(22.5000004172325,6.,20.1250006332994));
#12749=CARTESIAN_POINT('',(22.5000004172325,7.3,42.5000006332994));
#12750=CARTESIAN_POINT('',(22.5000004172325,7.3,20.1250006332994));
#12751=CARTESIAN_POINT('',(22.5000004172325,6.65,42.5000006332994));
#12752=CARTESIAN_POINT('Origin',(1.00000041723251,6.,2.50000063329935));
#12753=CARTESIAN_POINT('',(-25.9999995827675,6.,42.5000006332994));
#12754=CARTESIAN_POINT('',(1.00000041723251,6.,42.5000006332994));
#12755=CARTESIAN_POINT('',(-25.9999995827675,6.,2.50000063329935));
#12756=CARTESIAN_POINT('',(28.0000004172325,6.,2.50000063329935));
#12757=CARTESIAN_POINT('',(-24.5,6.00000000000001,-29.));
#12758=CARTESIAN_POINT('Origin',(-23.,6.00000000000001,-29.));
#12759=CARTESIAN_POINT('',(-24.5,5.99999999999999,38.));
#12760=CARTESIAN_POINT('Origin',(-23.,5.99999999999999,38.));
#12761=CARTESIAN_POINT('Origin',(1.00000041723251,7.3,2.50000063329935));
#12762=CARTESIAN_POINT('',(28.0000004172325,7.3,9.99999982118607));
#12763=CARTESIAN_POINT('',(28.0000004172325,7.3,2.50000063329935));
#12764=CARTESIAN_POINT('',(23.0000004172325,7.3,9.99999982118607));
#12765=CARTESIAN_POINT('',(13.2500004172325,7.3,9.99999982118607));
#12766=CARTESIAN_POINT('',(23.0000004172325,7.3,-1.78813932549815E-7));
#12767=CARTESIAN_POINT('',(23.0000004172325,7.3,3.75000022724271));
#12768=CARTESIAN_POINT('',(28.0000004172325,7.3,-1.78813932549815E-7));
#12769=CARTESIAN_POINT('',(13.2500004172325,7.3,-1.78813932549815E-7));
#12770=CARTESIAN_POINT('',(28.0000004172325,7.3,-10.0000001788139));
#12771=CARTESIAN_POINT('',(28.0000004172325,7.3,2.50000063329935));
#12772=CARTESIAN_POINT('',(23.0000004172325,7.3,-10.0000001788139));
#12773=CARTESIAN_POINT('',(25.5000004172325,7.3,-10.0000001788139));
#12774=CARTESIAN_POINT('',(23.0000004172325,7.3,-20.0000001788139));
#12775=CARTESIAN_POINT('',(23.0000004172325,7.3,-15.0000001788139));
#12776=CARTESIAN_POINT('',(28.0000004172325,7.3,-20.0000001788139));
#12777=CARTESIAN_POINT('',(25.5000004172325,7.3,-20.0000001788139));
#12778=CARTESIAN_POINT('',(28.0000004172325,7.3,-35.4999993667006));
#12779=CARTESIAN_POINT('',(-25.9999995827675,7.3,42.5000006332994));
#12780=CARTESIAN_POINT('',(-25.9999995827675,7.3,2.50000063329935));
#12781=CARTESIAN_POINT('',(-19.0000002980232,7.3,42.5000006332994));
#12782=CARTESIAN_POINT('',(1.00000041723251,7.3,42.5000006332994));
#12783=CARTESIAN_POINT('',(-19.0000002980232,7.3,29.0000006407499));
#12784=CARTESIAN_POINT('',(-19.0000002980232,7.3,19.2500006370246));
#12785=CARTESIAN_POINT('',(14.4999997019768,7.3,29.0000006407499));
#12786=CARTESIAN_POINT('',(-0.624999940395355,7.3,29.0000006407499));
#12787=CARTESIAN_POINT('',(14.4999997019768,7.3,42.5000006332994));
#12788=CARTESIAN_POINT('',(14.4999997019768,7.3,19.2500006370246));
#12789=CARTESIAN_POINT('',(1.00000041723251,7.3,42.5000006332994));
#12790=CARTESIAN_POINT('',(12.0000000745058,7.3,20.0000002980232));
#12791=CARTESIAN_POINT('Origin',(17.0000000745058,7.3,20.0000002980232));
#12792=CARTESIAN_POINT('',(-12.4781063986252,7.3,5.));
#12793=CARTESIAN_POINT('',(-10.4781063986252,7.3,7.));
#12794=CARTESIAN_POINT('Origin',(-10.4781063986252,7.3,5.));
#12795=CARTESIAN_POINT('',(-12.4781063986252,7.3,0.));
#12796=CARTESIAN_POINT('',(-12.4781063986252,7.3,0.));
#12797=CARTESIAN_POINT('',(-13.,7.3,0.));
#12798=CARTESIAN_POINT('',(1.5,7.3,0.));
#12799=CARTESIAN_POINT('',(-13.,7.3,-10.));
#12800=CARTESIAN_POINT('',(-13.,7.3,-5.));
#12801=CARTESIAN_POINT('',(-12.4781063986252,7.3,-10.));
#12802=CARTESIAN_POINT('',(1.5,7.3,-10.));
#12803=CARTESIAN_POINT('',(-12.4781063986252,7.3,-15.));
#12804=CARTESIAN_POINT('',(-12.4781063986252,7.3,0.));
#12805=CARTESIAN_POINT('',(-10.4781063986252,7.3,-17.));
#12806=CARTESIAN_POINT('Origin',(-10.4781063986252,7.3,-15.));
#12807=CARTESIAN_POINT('',(13.4999995417893,7.3,-17.));
#12808=CARTESIAN_POINT('',(-13.,7.3,-17.));
#12809=CARTESIAN_POINT('',(15.4999995417893,7.3,-15.));
#12810=CARTESIAN_POINT('Origin',(13.4999995417893,7.3,-15.));
#12811=CARTESIAN_POINT('',(15.4999995417893,7.3,-10.));
#12812=CARTESIAN_POINT('',(15.4999995417893,7.3,0.));
#12813=CARTESIAN_POINT('',(16.,7.3,-10.));
#12814=CARTESIAN_POINT('',(1.5,7.3,-10.));
#12815=CARTESIAN_POINT('',(16.,7.3,0.));
#12816=CARTESIAN_POINT('',(16.,7.3,-5.));
#12817=CARTESIAN_POINT('',(15.4999995417893,7.3,0.));
#12818=CARTESIAN_POINT('',(1.5,7.3,0.));
#12819=CARTESIAN_POINT('',(15.4999995417893,7.3,5.));
#12820=CARTESIAN_POINT('',(15.4999995417893,7.3,0.));
#12821=CARTESIAN_POINT('',(13.4999995417893,7.3,7.));
#12822=CARTESIAN_POINT('Origin',(13.4999995417893,7.3,5.));
#12823=CARTESIAN_POINT('',(-13.,7.3,7.));
#12824=CARTESIAN_POINT('',(-18.0000001490116,7.3,-27.000000372529));
#12825=CARTESIAN_POINT('Origin',(-10.0000001490116,7.3,-27.000000372529));
#12826=CARTESIAN_POINT('',(-8.00000029802322,7.3,8.0000001937151));
#12827=CARTESIAN_POINT('',(-8.00000029802322,7.3,11.0000002384186));
#12828=CARTESIAN_POINT('',(-8.00000029802322,7.3,7.75000041350722));
#12829=CARTESIAN_POINT('',(-7.00000029802322,7.3,11.0000002384186));
#12830=CARTESIAN_POINT('',(-6.49999994039536,7.3,11.0000002384186));
#12831=CARTESIAN_POINT('',(-7.00000029802322,7.3,15.0000002384186));
#12832=CARTESIAN_POINT('',(-7.00000029802322,7.3,7.75000043585896));
#12833=CARTESIAN_POINT('',(-8.00000029802322,7.3,15.0000002384186));
#12834=CARTESIAN_POINT('',(-6.49999994039536,7.3,15.0000002384186));
#12835=CARTESIAN_POINT('',(-8.00000029802322,7.3,18.0000001937151));
#12836=CARTESIAN_POINT('',(-8.00000029802322,7.3,7.75000041350722));
#12837=CARTESIAN_POINT('',(-20.0000002980232,7.3,18.0000001937151));
#12838=CARTESIAN_POINT('',(-6.49999994039536,7.3,18.0000001937151));
#12839=CARTESIAN_POINT('',(-20.0000002980232,7.3,15.0000002384186));
#12840=CARTESIAN_POINT('',(-20.0000002980232,7.3,7.75000041350722));
#12841=CARTESIAN_POINT('',(-21.0000002980232,7.3,15.0000002384186));
#12842=CARTESIAN_POINT('',(-6.49999994039536,7.3,15.0000002384186));
#12843=CARTESIAN_POINT('',(-21.0000002980232,7.3,11.0000002384186));
#12844=CARTESIAN_POINT('',(-21.0000002980232,7.3,7.75000043585896));
#12845=CARTESIAN_POINT('',(-20.0000002980232,7.3,11.0000002384186));
#12846=CARTESIAN_POINT('',(-6.49999994039536,7.3,11.0000002384186));
#12847=CARTESIAN_POINT('',(-20.0000002980232,7.3,8.0000001937151));
#12848=CARTESIAN_POINT('',(-20.0000002980232,7.3,7.75000041350722));
#12849=CARTESIAN_POINT('',(-6.49999994039536,7.3,8.0000001937151));
#12850=CARTESIAN_POINT('',(7.45058059692383E-8,7.3,20.0000002980232));
#12851=CARTESIAN_POINT('Origin',(5.00000007450581,7.3,20.0000002980232));
#12852=CARTESIAN_POINT('',(-20.0000002980232,7.3,25.000000372529));
#12853=CARTESIAN_POINT('',(-20.0000002980232,7.3,19.000000372529));
#12854=CARTESIAN_POINT('',(-20.0000002980232,7.3,12.2500005029142));
#12855=CARTESIAN_POINT('',(-8.00000011922322,7.3,19.000000372529));
#12856=CARTESIAN_POINT('',(-6.49999989569536,7.3,19.000000372529));
#12857=CARTESIAN_POINT('',(-8.00000011922322,7.3,25.000000372529));
#12858=CARTESIAN_POINT('',(-8.00000011922322,7.3,12.2500005029142));
#12859=CARTESIAN_POINT('',(-6.49999989569536,7.3,25.000000372529));
#12860=CARTESIAN_POINT('',(-25.5,7.30000000000001,-29.));
#12861=CARTESIAN_POINT('Origin',(-23.,7.30000000000001,-29.));
#12862=CARTESIAN_POINT('',(22.0000002235174,7.3,33.0000005960464));
#12863=CARTESIAN_POINT('',(22.0000002235174,7.3,40.0000005960464));
#12864=CARTESIAN_POINT('',(22.0000002235174,7.3,19.5000006146729));
#12865=CARTESIAN_POINT('',(15.0000002235174,7.3,40.0000005960464));
#12866=CARTESIAN_POINT('',(9.75000032037497,7.3,40.0000005960464));
#12867=CARTESIAN_POINT('',(15.0000002235174,7.3,33.0000005960464));
#12868=CARTESIAN_POINT('',(15.0000002235174,7.3,19.5000006146729));
#12869=CARTESIAN_POINT('',(9.75000032037497,7.3,33.0000005960464));
#12870=CARTESIAN_POINT('Origin',(18.5000002756715,12.8,36.5000005438924));
#12871=CARTESIAN_POINT('',(15.5000002756715,13.3,36.5000005438924));
#12872=CARTESIAN_POINT('Origin',(18.5000002756715,13.3,36.5000005438924));
#12873=CARTESIAN_POINT('',(15.5000002756715,12.3,36.5000005438924));
#12874=CARTESIAN_POINT('',(15.5000002756715,12.8,36.5000005438924));
#12875=CARTESIAN_POINT('Origin',(18.5000002756715,12.3,36.5000005438924));
#12876=CARTESIAN_POINT('Origin',(18.5000002756715,13.3,36.5000005438924));
#12877=CARTESIAN_POINT('Origin',(18.5000002235174,12.3,36.5000005960464));
#12878=CARTESIAN_POINT('',(22.0000002235174,12.3,33.0000005960464));
#12879=CARTESIAN_POINT('',(15.0000002235174,12.3,33.0000005960464));
#12880=CARTESIAN_POINT('',(18.5000002235174,12.3,33.0000005960464));
#12881=CARTESIAN_POINT('',(15.0000002235174,12.3,40.0000005960464));
#12882=CARTESIAN_POINT('',(15.0000002235174,12.3,36.5000005960464));
#12883=CARTESIAN_POINT('',(22.0000002235174,12.3,40.0000005960464));
#12884=CARTESIAN_POINT('',(18.5000002235174,12.3,40.0000005960464));
#12885=CARTESIAN_POINT('',(22.0000002235174,12.3,36.5000005960464));
#12886=CARTESIAN_POINT('Origin',(22.0000002235174,9.8,36.5000005960464));
#12887=CARTESIAN_POINT('',(22.0000002235174,9.8,40.0000005960464));
#12888=CARTESIAN_POINT('',(22.0000002235174,9.8,33.0000005960464));
#12889=CARTESIAN_POINT('Origin',(18.5000002235174,9.8,40.0000005960464));
#12890=CARTESIAN_POINT('',(15.0000002235174,9.8,40.0000005960464));
#12891=CARTESIAN_POINT('Origin',(15.0000002235174,9.8,36.5000005960464));
#12892=CARTESIAN_POINT('',(15.0000002235174,9.8,33.0000005960464));
#12893=CARTESIAN_POINT('Origin',(18.5000002235174,9.8,33.0000005960464));
#12894=CARTESIAN_POINT('Origin',(-23.,8.3,-29.));
#12895=CARTESIAN_POINT('',(-23.,9.3,-30.5));
#12896=CARTESIAN_POINT('Origin',(-23.,9.3,-29.));
#12897=CARTESIAN_POINT('',(-23.,8.3,-31.5));
#12898=CARTESIAN_POINT('Origin',(-23.,8.3,-30.5));
#12899=CARTESIAN_POINT('',(-25.5,8.3,-29.));
#12900=CARTESIAN_POINT('Origin',(-23.,8.3,-29.));
#12901=CARTESIAN_POINT('Origin',(-23.,8.3,-29.));
#12902=CARTESIAN_POINT('Origin',(-23.,8.3,-29.));
#12903=CARTESIAN_POINT('',(-25.5,8.3,-29.));
#12904=CARTESIAN_POINT('Origin',(-23.,9.3,-29.));
#12905=CARTESIAN_POINT('Origin',(-23.,7.3,-29.));
#12906=CARTESIAN_POINT('',(-24.5,7.30000000000001,-29.));
#12907=CARTESIAN_POINT('Origin',(-23.,7.30000000000001,-29.));
#12908=CARTESIAN_POINT('Origin',(10.7499997019768,15.3,36.5000006407499));
#12909=CARTESIAN_POINT('',(10.7499997019768,16.3,35.0000006407499));
#12910=CARTESIAN_POINT('Origin',(10.7499997019768,16.3,36.5000006407499));
#12911=CARTESIAN_POINT('',(10.7499997019768,15.3,34.0000006407499));
#12912=CARTESIAN_POINT('Origin',(10.7499997019768,15.3,35.0000006407499));
#12913=CARTESIAN_POINT('',(13.2499997019768,15.3,36.5000006407499));
#12914=CARTESIAN_POINT('Origin',(10.7499997019768,15.3,36.5000006407499));
#12915=CARTESIAN_POINT('Origin',(10.7499997019768,15.3,36.5000006407499));
#12916=CARTESIAN_POINT('Origin',(10.7499997019768,12.3,36.5000006407499));
#12917=CARTESIAN_POINT('',(13.2499997019768,14.3,36.5000006407499));
#12918=CARTESIAN_POINT('',(13.2499997019768,12.3,36.5000006407499));
#12919=CARTESIAN_POINT('Origin',(10.7499997019768,14.3,36.5000006407499));
#12920=CARTESIAN_POINT('Origin',(10.7499997019768,16.3,36.5000006407499));
#12921=CARTESIAN_POINT('Origin',(7.99999970197678,12.3,39.2500006407499));
#12922=CARTESIAN_POINT('',(13.4999997019768,12.3,39.2500006407499));
#12923=CARTESIAN_POINT('',(7.99999970197678,12.3,39.2500006407499));
#12924=CARTESIAN_POINT('',(9.37499970197678,12.3,39.2500006407499));
#12925=CARTESIAN_POINT('',(13.4999997019768,14.3,39.2500006407499));
#12926=CARTESIAN_POINT('',(13.4999997019768,17.55,39.2500006407499));
#12927=CARTESIAN_POINT('',(7.99999970197678,14.3,39.2500006407499));
#12928=CARTESIAN_POINT('',(13.4999997019768,14.3,39.2500006407499));
#12929=CARTESIAN_POINT('',(7.99999970197678,17.55,39.2500006407499));
#12930=CARTESIAN_POINT('Origin',(13.4999997019768,12.3,33.7500006407499));
#12931=CARTESIAN_POINT('',(7.99999970197678,12.3,33.7500006407499));
#12932=CARTESIAN_POINT('',(13.4999997019768,12.3,33.7500006407499));
#12933=CARTESIAN_POINT('',(12.1249997019768,12.3,33.7500006407499));
#12934=CARTESIAN_POINT('',(7.99999970197678,14.3,33.7500006407499));
#12935=CARTESIAN_POINT('',(7.99999970197678,17.55,33.7500006407499));
#12936=CARTESIAN_POINT('',(13.4999997019768,14.3,33.7500006407499));
#12937=CARTESIAN_POINT('',(7.99999970197678,14.3,33.7500006407499));
#12938=CARTESIAN_POINT('',(13.4999997019768,17.55,33.7500006407499));
#12939=CARTESIAN_POINT('Origin',(10.7499997019768,14.3,36.5000006407499));
#12940=CARTESIAN_POINT('',(7.99999970197678,14.3,39.7500006407499));
#12941=CARTESIAN_POINT('',(13.4999997019768,14.3,33.2500006407499));
#12942=CARTESIAN_POINT('Origin',(13.4999997019768,22.8,30.0000006407499));
#12943=CARTESIAN_POINT('',(13.4999997019768,12.3,43.0000006407499));
#12944=CARTESIAN_POINT('',(13.4999997019768,12.3,43.0000006407499));
#12945=CARTESIAN_POINT('',(13.4999997019768,18.3,43.0000006407499));
#12946=CARTESIAN_POINT('',(13.4999997019768,18.925,43.0000006407499));
#12947=CARTESIAN_POINT('',(13.4999997019768,19.3,42.0000006407499));
#12948=CARTESIAN_POINT('Origin',(13.4999997019768,18.3,42.0000006407499));
#12949=CARTESIAN_POINT('',(13.4999997019768,19.3,30.0000006407499));
#12950=CARTESIAN_POINT('',(13.4999997019768,19.3,33.0000006407499));
#12951=CARTESIAN_POINT('',(13.4999997019768,12.3,30.0000006407499));
#12952=CARTESIAN_POINT('',(13.4999997019768,22.8,30.0000006407499));
#12953=CARTESIAN_POINT('',(13.4999997019768,12.3,43.0000006407499));
#12954=CARTESIAN_POINT('Origin',(10.7499997019768,12.3,36.5000006407499));
#12955=CARTESIAN_POINT('',(7.99999970197678,12.3,43.0000006407499));
#12956=CARTESIAN_POINT('',(7.99999970197678,12.3,30.0000006407499));
#12957=CARTESIAN_POINT('',(4.24999970197678,12.3,43.0000006407499));
#12958=CARTESIAN_POINT('Origin',(4.24999970197678,15.3,36.5000006407499));
#12959=CARTESIAN_POINT('',(4.24999970197678,16.3,35.0000006407499));
#12960=CARTESIAN_POINT('Origin',(4.24999970197678,16.3,36.5000006407499));
#12961=CARTESIAN_POINT('',(4.24999970197678,15.3,34.0000006407499));
#12962=CARTESIAN_POINT('Origin',(4.24999970197678,15.3,35.0000006407499));
#12963=CARTESIAN_POINT('',(6.74999970197678,15.3,36.5000006407499));
#12964=CARTESIAN_POINT('Origin',(4.24999970197678,15.3,36.5000006407499));
#12965=CARTESIAN_POINT('Origin',(4.24999970197678,15.3,36.5000006407499));
#12966=CARTESIAN_POINT('Origin',(4.24999970197678,12.3,36.5000006407499));
#12967=CARTESIAN_POINT('',(6.74999970197678,14.3,36.5000006407499));
#12968=CARTESIAN_POINT('',(6.74999970197678,12.3,36.5000006407499));
#12969=CARTESIAN_POINT('Origin',(4.24999970197678,14.3,36.5000006407499));
#12970=CARTESIAN_POINT('Origin',(4.24999970197678,16.3,36.5000006407499));
#12971=CARTESIAN_POINT('Origin',(1.49999970197678,12.3,39.2500006407499));
#12972=CARTESIAN_POINT('',(6.99999970197678,12.3,39.2500006407499));
#12973=CARTESIAN_POINT('',(1.49999970197678,12.3,39.2500006407499));
#12974=CARTESIAN_POINT('',(2.87499970197678,12.3,39.2500006407499));
#12975=CARTESIAN_POINT('',(6.99999970197678,14.3,39.2500006407499));
#12976=CARTESIAN_POINT('',(6.99999970197678,17.55,39.2500006407499));
#12977=CARTESIAN_POINT('',(1.49999970197678,14.3,39.2500006407499));
#12978=CARTESIAN_POINT('',(6.99999970197678,14.3,39.2500006407499));
#12979=CARTESIAN_POINT('',(1.49999970197678,17.55,39.2500006407499));
#12980=CARTESIAN_POINT('Origin',(6.99999970197678,12.3,33.7500006407499));
#12981=CARTESIAN_POINT('',(1.49999970197678,12.3,33.7500006407499));
#12982=CARTESIAN_POINT('',(6.99999970197678,12.3,33.7500006407499));
#12983=CARTESIAN_POINT('',(5.62499970197678,12.3,33.7500006407499));
#12984=CARTESIAN_POINT('',(1.49999970197678,14.3,33.7500006407499));
#12985=CARTESIAN_POINT('',(1.49999970197678,17.55,33.7500006407499));
#12986=CARTESIAN_POINT('',(6.99999970197678,14.3,33.7500006407499));
#12987=CARTESIAN_POINT('',(1.49999970197678,14.3,33.7500006407499));
#12988=CARTESIAN_POINT('',(6.99999970197678,17.55,33.7500006407499));
#12989=CARTESIAN_POINT('Origin',(4.24999970197678,14.3,36.5000006407499));
#12990=CARTESIAN_POINT('',(1.49999970197678,14.3,39.7500006407499));
#12991=CARTESIAN_POINT('',(6.99999970197678,14.3,33.2500006407499));
#12992=CARTESIAN_POINT('Origin',(6.99999970197678,22.8,30.0000006407499));
#12993=CARTESIAN_POINT('',(6.99999970197678,12.3,43.0000006407499));
#12994=CARTESIAN_POINT('',(6.99999970197678,12.3,30.0000006407499));
#12995=CARTESIAN_POINT('',(6.99999970197678,18.3,43.0000006407499));
#12996=CARTESIAN_POINT('',(6.99999970197678,18.925,43.0000006407499));
#12997=CARTESIAN_POINT('',(6.99999970197678,19.3,42.0000006407499));
#12998=CARTESIAN_POINT('Origin',(6.99999970197678,18.3,42.0000006407499));
#12999=CARTESIAN_POINT('',(6.99999970197678,19.3,30.0000006407499));
#13000=CARTESIAN_POINT('',(6.99999970197678,19.3,33.0000006407499));
#13001=CARTESIAN_POINT('',(6.99999970197678,12.3,30.0000006407499));
#13002=CARTESIAN_POINT('',(6.99999970197678,22.8,30.0000006407499));
#13003=CARTESIAN_POINT('',(6.99999970197678,12.3,30.0000006407499));
#13004=CARTESIAN_POINT('Origin',(4.24999970197678,12.3,36.5000006407499));
#13005=CARTESIAN_POINT('',(1.49999970197678,12.3,43.0000006407499));
#13006=CARTESIAN_POINT('',(1.49999970197678,12.3,30.0000006407499));
#13007=CARTESIAN_POINT('',(0.999999701976779,12.3,43.0000006407499));
#13008=CARTESIAN_POINT('Origin',(-2.25000029802322,15.3,36.5000006407499));
#13009=CARTESIAN_POINT('',(-2.25000029802322,16.3,35.0000006407499));
#13010=CARTESIAN_POINT('Origin',(-2.25000029802322,16.3,36.5000006407499));
#13011=CARTESIAN_POINT('',(-2.25000029802322,15.3,34.0000006407499));
#13012=CARTESIAN_POINT('Origin',(-2.25000029802322,15.3,35.0000006407499));
#13013=CARTESIAN_POINT('',(0.249999701976779,15.3,36.5000006407499));
#13014=CARTESIAN_POINT('Origin',(-2.25000029802322,15.3,36.5000006407499));
#13015=CARTESIAN_POINT('Origin',(-2.25000029802322,15.3,36.5000006407499));
#13016=CARTESIAN_POINT('Origin',(-2.25000029802322,12.3,36.5000006407499));
#13017=CARTESIAN_POINT('',(0.249999701976779,14.3,36.5000006407499));
#13018=CARTESIAN_POINT('',(0.249999701976779,12.3,36.5000006407499));
#13019=CARTESIAN_POINT('Origin',(-2.25000029802322,14.3,36.5000006407499));
#13020=CARTESIAN_POINT('Origin',(-2.25000029802322,16.3,36.5000006407499));
#13021=CARTESIAN_POINT('Origin',(-5.00000029802322,12.3,39.2500006407499));
#13022=CARTESIAN_POINT('',(0.49999970197678,12.3,39.2500006407499));
#13023=CARTESIAN_POINT('',(-5.00000029802322,12.3,39.2500006407499));
#13024=CARTESIAN_POINT('',(-3.62500029802322,12.3,39.2500006407499));
#13025=CARTESIAN_POINT('',(0.49999970197678,14.3,39.2500006407499));
#13026=CARTESIAN_POINT('',(0.49999970197678,17.55,39.2500006407499));
#13027=CARTESIAN_POINT('',(-5.00000029802322,14.3,39.2500006407499));
#13028=CARTESIAN_POINT('',(0.49999970197678,14.3,39.2500006407499));
#13029=CARTESIAN_POINT('',(-5.00000029802322,17.55,39.2500006407499));
#13030=CARTESIAN_POINT('Origin',(0.49999970197678,12.3,33.7500006407499));
#13031=CARTESIAN_POINT('',(-5.00000029802322,12.3,33.7500006407499));
#13032=CARTESIAN_POINT('',(0.49999970197678,12.3,33.7500006407499));
#13033=CARTESIAN_POINT('',(-0.87500029802322,12.3,33.7500006407499));
#13034=CARTESIAN_POINT('',(-5.00000029802322,14.3,33.7500006407499));
#13035=CARTESIAN_POINT('',(-5.00000029802322,17.55,33.7500006407499));
#13036=CARTESIAN_POINT('',(0.49999970197678,14.3,33.7500006407499));
#13037=CARTESIAN_POINT('',(-5.00000029802322,14.3,33.7500006407499));
#13038=CARTESIAN_POINT('',(0.49999970197678,17.55,33.7500006407499));
#13039=CARTESIAN_POINT('Origin',(-2.25000029802322,14.3,36.5000006407499));
#13040=CARTESIAN_POINT('',(-5.00000029802322,14.3,39.7500006407499));
#13041=CARTESIAN_POINT('',(0.49999970197678,14.3,33.2500006407499));
#13042=CARTESIAN_POINT('Origin',(0.49999970197678,22.8,30.0000006407499));
#13043=CARTESIAN_POINT('',(0.49999970197678,12.3,43.0000006407499));
#13044=CARTESIAN_POINT('',(0.49999970197678,12.3,30.0000006407499));
#13045=CARTESIAN_POINT('',(0.49999970197678,18.3,43.0000006407499));
#13046=CARTESIAN_POINT('',(0.49999970197678,18.925,43.0000006407499));
#13047=CARTESIAN_POINT('',(0.49999970197678,19.3,42.0000006407499));
#13048=CARTESIAN_POINT('Origin',(0.49999970197678,18.3,42.0000006407499));
#13049=CARTESIAN_POINT('',(0.49999970197678,19.3,30.0000006407499));
#13050=CARTESIAN_POINT('',(0.49999970197678,19.3,33.0000006407499));
#13051=CARTESIAN_POINT('',(0.49999970197678,12.3,30.0000006407499));
#13052=CARTESIAN_POINT('',(0.49999970197678,22.8,30.0000006407499));
#13053=CARTESIAN_POINT('',(0.49999970197678,12.3,30.0000006407499));
#13054=CARTESIAN_POINT('Origin',(-2.25000029802322,12.3,36.5000006407499));
#13055=CARTESIAN_POINT('',(-5.00000029802322,12.3,43.0000006407499));
#13056=CARTESIAN_POINT('',(-5.00000029802322,12.3,30.0000006407499));
#13057=CARTESIAN_POINT('',(-2.25000029802322,12.3,43.0000006407499));
#13058=CARTESIAN_POINT('Origin',(-8.75000029802322,15.3,36.5000006407499));
#13059=CARTESIAN_POINT('',(-8.75000029802322,16.3,35.0000006407499));
#13060=CARTESIAN_POINT('Origin',(-8.75000029802322,16.3,36.5000006407499));
#13061=CARTESIAN_POINT('',(-8.75000029802322,15.3,34.0000006407499));
#13062=CARTESIAN_POINT('Origin',(-8.75000029802322,15.3,35.0000006407499));
#13063=CARTESIAN_POINT('',(-6.25000029802322,15.3,36.5000006407499));
#13064=CARTESIAN_POINT('Origin',(-8.75000029802322,15.3,36.5000006407499));
#13065=CARTESIAN_POINT('Origin',(-8.75000029802322,15.3,36.5000006407499));
#13066=CARTESIAN_POINT('Origin',(-8.75000029802322,12.3,36.5000006407499));
#13067=CARTESIAN_POINT('',(-6.25000029802322,14.3,36.5000006407499));
#13068=CARTESIAN_POINT('',(-6.25000029802322,12.3,36.5000006407499));
#13069=CARTESIAN_POINT('Origin',(-8.75000029802322,14.3,36.5000006407499));
#13070=CARTESIAN_POINT('Origin',(-8.75000029802322,16.3,36.5000006407499));
#13071=CARTESIAN_POINT('Origin',(-11.5000002980232,12.3,39.2500006407499));
#13072=CARTESIAN_POINT('',(-6.00000029802322,12.3,39.2500006407499));
#13073=CARTESIAN_POINT('',(-11.5000002980232,12.3,39.2500006407499));
#13074=CARTESIAN_POINT('',(-10.1250002980232,12.3,39.2500006407499));
#13075=CARTESIAN_POINT('',(-6.00000029802322,14.3,39.2500006407499));
#13076=CARTESIAN_POINT('',(-6.00000029802322,17.55,39.2500006407499));
#13077=CARTESIAN_POINT('',(-11.5000002980232,14.3,39.2500006407499));
#13078=CARTESIAN_POINT('',(-6.00000029802322,14.3,39.2500006407499));
#13079=CARTESIAN_POINT('',(-11.5000002980232,17.55,39.2500006407499));
#13080=CARTESIAN_POINT('Origin',(-6.00000029802322,12.3,33.7500006407499));
#13081=CARTESIAN_POINT('',(-11.5000002980232,12.3,33.7500006407499));
#13082=CARTESIAN_POINT('',(-6.00000029802322,12.3,33.7500006407499));
#13083=CARTESIAN_POINT('',(-7.37500029802322,12.3,33.7500006407499));
#13084=CARTESIAN_POINT('',(-11.5000002980232,14.3,33.7500006407499));
#13085=CARTESIAN_POINT('',(-11.5000002980232,17.55,33.7500006407499));
#13086=CARTESIAN_POINT('',(-6.00000029802322,14.3,33.7500006407499));
#13087=CARTESIAN_POINT('',(-11.5000002980232,14.3,33.7500006407499));
#13088=CARTESIAN_POINT('',(-6.00000029802322,17.55,33.7500006407499));
#13089=CARTESIAN_POINT('Origin',(-8.75000029802322,14.3,36.5000006407499));
#13090=CARTESIAN_POINT('',(-11.5000002980232,14.3,39.7500006407499));
#13091=CARTESIAN_POINT('',(-6.00000029802322,14.3,33.2500006407499));
#13092=CARTESIAN_POINT('Origin',(-6.00000029802322,22.8,30.0000006407499));
#13093=CARTESIAN_POINT('',(-6.00000029802322,12.3,43.0000006407499));
#13094=CARTESIAN_POINT('',(-6.00000029802322,12.3,30.0000006407499));
#13095=CARTESIAN_POINT('',(-6.00000029802322,18.3,43.0000006407499));
#13096=CARTESIAN_POINT('',(-6.00000029802322,18.925,43.0000006407499));
#13097=CARTESIAN_POINT('',(-6.00000029802322,19.3,42.0000006407499));
#13098=CARTESIAN_POINT('Origin',(-6.00000029802322,18.3,42.0000006407499));
#13099=CARTESIAN_POINT('',(-6.00000029802322,19.3,30.0000006407499));
#13100=CARTESIAN_POINT('',(-6.00000029802322,19.3,33.0000006407499));
#13101=CARTESIAN_POINT('',(-6.00000029802322,12.3,30.0000006407499));
#13102=CARTESIAN_POINT('',(-6.00000029802322,22.8,30.0000006407499));
#13103=CARTESIAN_POINT('',(-6.00000029802322,12.3,30.0000006407499));
#13104=CARTESIAN_POINT('Origin',(-8.75000029802322,12.3,36.5000006407499));
#13105=CARTESIAN_POINT('',(-11.5000002980232,12.3,43.0000006407499));
#13106=CARTESIAN_POINT('',(-11.5000002980232,12.3,30.0000006407499));
#13107=CARTESIAN_POINT('',(-5.50000029802322,12.3,43.0000006407499));
#13108=CARTESIAN_POINT('Origin',(-15.2500002980232,15.3,36.5000006407499));
#13109=CARTESIAN_POINT('',(-15.2500002980232,16.3,35.0000006407499));
#13110=CARTESIAN_POINT('Origin',(-15.2500002980232,16.3,36.5000006407499));
#13111=CARTESIAN_POINT('',(-15.2500002980232,15.3,34.0000006407499));
#13112=CARTESIAN_POINT('Origin',(-15.2500002980232,15.3,35.0000006407499));
#13113=CARTESIAN_POINT('',(-12.7500002980232,15.3,36.5000006407499));
#13114=CARTESIAN_POINT('Origin',(-15.2500002980232,15.3,36.5000006407499));
#13115=CARTESIAN_POINT('Origin',(-15.2500002980232,15.3,36.5000006407499));
#13116=CARTESIAN_POINT('Origin',(-15.2500002980232,12.3,36.5000006407499));
#13117=CARTESIAN_POINT('',(-12.7500002980232,14.3,36.5000006407499));
#13118=CARTESIAN_POINT('',(-12.7500002980232,12.3,36.5000006407499));
#13119=CARTESIAN_POINT('Origin',(-15.2500002980232,14.3,36.5000006407499));
#13120=CARTESIAN_POINT('Origin',(-15.2500002980232,16.3,36.5000006407499));
#13121=CARTESIAN_POINT('Origin',(-18.0000002980232,12.3,39.2500006407499));
#13122=CARTESIAN_POINT('',(-12.5000002980232,12.3,39.2500006407499));
#13123=CARTESIAN_POINT('',(-18.0000002980232,12.3,39.2500006407499));
#13124=CARTESIAN_POINT('',(-16.6250002980232,12.3,39.2500006407499));
#13125=CARTESIAN_POINT('',(-12.5000002980232,14.3,39.2500006407499));
#13126=CARTESIAN_POINT('',(-12.5000002980232,17.55,39.2500006407499));
#13127=CARTESIAN_POINT('',(-18.0000002980232,14.3,39.2500006407499));
#13128=CARTESIAN_POINT('',(-12.5000002980232,14.3,39.2500006407499));
#13129=CARTESIAN_POINT('',(-18.0000002980232,17.55,39.2500006407499));
#13130=CARTESIAN_POINT('Origin',(-12.5000002980232,12.3,33.7500006407499));
#13131=CARTESIAN_POINT('',(-18.0000002980232,12.3,33.7500006407499));
#13132=CARTESIAN_POINT('',(-12.5000002980232,12.3,33.7500006407499));
#13133=CARTESIAN_POINT('',(-13.8750002980232,12.3,33.7500006407499));
#13134=CARTESIAN_POINT('',(-18.0000002980232,14.3,33.7500006407499));
#13135=CARTESIAN_POINT('',(-18.0000002980232,17.55,33.7500006407499));
#13136=CARTESIAN_POINT('',(-12.5000002980232,14.3,33.7500006407499));
#13137=CARTESIAN_POINT('',(-18.0000002980232,14.3,33.7500006407499));
#13138=CARTESIAN_POINT('',(-12.5000002980232,17.55,33.7500006407499));
#13139=CARTESIAN_POINT('Origin',(-15.2500002980232,14.3,36.5000006407499));
#13140=CARTESIAN_POINT('',(-18.0000002980232,14.3,39.7500006407499));
#13141=CARTESIAN_POINT('',(-12.5000002980232,14.3,33.2500006407499));
#13142=CARTESIAN_POINT('Origin',(-12.5000002980232,22.8,30.0000006407499));
#13143=CARTESIAN_POINT('',(-12.5000002980232,12.3,43.0000006407499));
#13144=CARTESIAN_POINT('',(-12.5000002980232,12.3,30.0000006407499));
#13145=CARTESIAN_POINT('',(-12.5000002980232,18.3,43.0000006407499));
#13146=CARTESIAN_POINT('',(-12.5000002980232,18.925,43.0000006407499));
#13147=CARTESIAN_POINT('',(-12.5000002980232,19.3,42.0000006407499));
#13148=CARTESIAN_POINT('Origin',(-12.5000002980232,18.3,42.0000006407499));
#13149=CARTESIAN_POINT('',(-12.5000002980232,19.3,30.0000006407499));
#13150=CARTESIAN_POINT('',(-12.5000002980232,19.3,33.0000006407499));
#13151=CARTESIAN_POINT('',(-12.5000002980232,12.3,30.0000006407499));
#13152=CARTESIAN_POINT('',(-12.5000002980232,22.8,30.0000006407499));
#13153=CARTESIAN_POINT('',(-12.5000002980232,12.3,30.0000006407499));
#13154=CARTESIAN_POINT('Origin',(-15.2500002980232,12.3,36.5000006407499));
#13155=CARTESIAN_POINT('',(-18.0000002980232,12.3,43.0000006407499));
#13156=CARTESIAN_POINT('',(-18.0000002980232,12.3,30.0000006407499));
#13157=CARTESIAN_POINT('',(-8.75000029802322,12.3,43.0000006407499));
#13158=CARTESIAN_POINT('Origin',(-2.25000029802322,18.3,42.0000006407499));
#13159=CARTESIAN_POINT('',(-19.0000002980232,19.3,42.0000006407499));
#13160=CARTESIAN_POINT('',(-19.0000002980232,18.3,43.0000006407499));
#13161=CARTESIAN_POINT('Origin',(-19.0000002980232,18.3,42.0000006407499));
#13162=CARTESIAN_POINT('',(-18.0000002980232,18.3,43.0000006407499));
#13163=CARTESIAN_POINT('',(-2.25000029802322,18.3,43.0000006407499));
#13164=CARTESIAN_POINT('',(-18.0000002980232,19.3,42.0000006407499));
#13165=CARTESIAN_POINT('Origin',(-18.0000002980232,18.3,42.0000006407499));
#13166=CARTESIAN_POINT('',(-2.25000029802322,19.3,42.0000006407499));
#13167=CARTESIAN_POINT('Origin',(-19.0000002980232,15.05,36.0000006407499));
#13168=CARTESIAN_POINT('',(-19.0000002980232,19.3,29.0000006407499));
#13169=CARTESIAN_POINT('',(-19.0000002980232,19.3,36.0000006407499));
#13170=CARTESIAN_POINT('',(-19.0000002980232,15.05,29.0000006407499));
#13171=CARTESIAN_POINT('',(-19.0000002980232,7.3,43.0000006407499));
#13172=CARTESIAN_POINT('',(-19.0000002980232,7.3,36.0000006407499));
#13173=CARTESIAN_POINT('',(-19.0000002980232,15.05,43.0000006407499));
#13174=CARTESIAN_POINT('Origin',(-2.25000029802322,19.3,36.0000006407499));
#13175=CARTESIAN_POINT('',(-18.0000002980232,19.3,30.0000006407499));
#13176=CARTESIAN_POINT('',(-18.0000002980232,19.3,39.5000006407499));
#13177=CARTESIAN_POINT('',(-10.1250002980232,19.3,30.0000006407499));
#13178=CARTESIAN_POINT('',(-11.5000002980232,19.3,42.0000006407499));
#13179=CARTESIAN_POINT('',(-2.25000029802322,19.3,42.0000006407499));
#13180=CARTESIAN_POINT('',(-11.5000002980232,19.3,30.0000006407499));
#13181=CARTESIAN_POINT('',(-11.5000002980232,19.3,39.5000006407499));
#13182=CARTESIAN_POINT('',(-6.87500029802322,19.3,30.0000006407499));
#13183=CARTESIAN_POINT('',(-5.00000029802322,19.3,42.0000006407499));
#13184=CARTESIAN_POINT('',(-2.25000029802322,19.3,42.0000006407499));
#13185=CARTESIAN_POINT('',(-5.00000029802322,19.3,30.0000006407499));
#13186=CARTESIAN_POINT('',(-5.00000029802322,19.3,39.5000006407499));
#13187=CARTESIAN_POINT('',(-3.62500029802322,19.3,30.0000006407499));
#13188=CARTESIAN_POINT('',(1.49999970197678,19.3,42.0000006407499));
#13189=CARTESIAN_POINT('',(-2.25000029802322,19.3,42.0000006407499));
#13190=CARTESIAN_POINT('',(1.49999970197678,19.3,30.0000006407499));
#13191=CARTESIAN_POINT('',(1.49999970197678,19.3,39.5000006407499));
#13192=CARTESIAN_POINT('',(-0.375000298023221,19.3,30.0000006407499));
#13193=CARTESIAN_POINT('',(7.99999970197678,19.3,42.0000006407499));
#13194=CARTESIAN_POINT('',(-2.25000029802322,19.3,42.0000006407499));
#13195=CARTESIAN_POINT('',(7.99999970197678,19.3,30.0000006407499));
#13196=CARTESIAN_POINT('',(7.99999970197678,19.3,39.5000006407499));
#13197=CARTESIAN_POINT('',(2.87499970197678,19.3,30.0000006407499));
#13198=CARTESIAN_POINT('',(14.4999997019768,19.3,42.0000006407499));
#13199=CARTESIAN_POINT('',(-2.25000029802322,19.3,42.0000006407499));
#13200=CARTESIAN_POINT('',(14.4999997019768,19.3,29.0000006407499));
#13201=CARTESIAN_POINT('',(14.4999997019768,19.3,36.0000006407499));
#13202=CARTESIAN_POINT('',(-2.25000029802322,19.3,29.0000006407499));
#13203=CARTESIAN_POINT('Origin',(-2.25000029802322,18.3,42.0000006407499));
#13204=CARTESIAN_POINT('',(-11.5000002980232,18.3,43.0000006407499));
#13205=CARTESIAN_POINT('',(-2.25000029802322,18.3,43.0000006407499));
#13206=CARTESIAN_POINT('Origin',(-11.5000002980232,18.3,42.0000006407499));
#13207=CARTESIAN_POINT('Origin',(-2.25000029802322,18.3,42.0000006407499));
#13208=CARTESIAN_POINT('',(-5.00000029802322,18.3,43.0000006407499));
#13209=CARTESIAN_POINT('',(-2.25000029802322,18.3,43.0000006407499));
#13210=CARTESIAN_POINT('Origin',(-5.00000029802322,18.3,42.0000006407499));
#13211=CARTESIAN_POINT('Origin',(-2.25000029802322,18.3,42.0000006407499));
#13212=CARTESIAN_POINT('',(1.49999970197678,18.3,43.0000006407499));
#13213=CARTESIAN_POINT('',(-2.25000029802322,18.3,43.0000006407499));
#13214=CARTESIAN_POINT('Origin',(1.49999970197678,18.3,42.0000006407499));
#13215=CARTESIAN_POINT('Origin',(-2.25000029802322,18.3,42.0000006407499));
#13216=CARTESIAN_POINT('',(7.99999970197678,18.3,43.0000006407499));
#13217=CARTESIAN_POINT('',(-2.25000029802322,18.3,43.0000006407499));
#13218=CARTESIAN_POINT('Origin',(7.99999970197678,18.3,42.0000006407499));
#13219=CARTESIAN_POINT('Origin',(-2.25000029802322,18.3,42.0000006407499));
#13220=CARTESIAN_POINT('',(14.4999997019768,18.3,43.0000006407499));
#13221=CARTESIAN_POINT('Origin',(14.4999997019768,18.3,42.0000006407499));
#13222=CARTESIAN_POINT('',(-2.25000029802322,18.3,43.0000006407499));
#13223=CARTESIAN_POINT('Origin',(-2.25000029802322,15.05,29.0000006407499));
#13224=CARTESIAN_POINT('',(14.4999997019768,15.05,29.0000006407499));
#13225=CARTESIAN_POINT('Origin',(14.4999997019768,15.05,36.0000006407499));
#13226=CARTESIAN_POINT('',(14.4999997019768,7.3,43.0000006407499));
#13227=CARTESIAN_POINT('',(14.4999997019768,15.05,43.0000006407499));
#13228=CARTESIAN_POINT('',(14.4999997019768,7.3,36.0000006407499));
#13229=CARTESIAN_POINT('Origin',(7.99999970197678,22.8,30.0000006407499));
#13230=CARTESIAN_POINT('',(7.99999970197678,12.3,30.0000006407499));
#13231=CARTESIAN_POINT('',(7.99999970197678,22.8,30.0000006407499));
#13232=CARTESIAN_POINT('',(13.4999997019768,12.3,30.0000006407499));
#13233=CARTESIAN_POINT('Origin',(7.99999970197678,22.8,43.0000006407499));
#13234=CARTESIAN_POINT('',(7.99999970197678,12.3,30.0000006407499));
#13235=CARTESIAN_POINT('',(7.99999970197678,18.925,43.0000006407499));
#13236=CARTESIAN_POINT('Origin',(1.49999970197678,22.8,30.0000006407499));
#13237=CARTESIAN_POINT('',(1.49999970197678,12.3,30.0000006407499));
#13238=CARTESIAN_POINT('',(1.49999970197678,22.8,30.0000006407499));
#13239=CARTESIAN_POINT('',(6.99999970197678,12.3,30.0000006407499));
#13240=CARTESIAN_POINT('Origin',(1.49999970197678,22.8,43.0000006407499));
#13241=CARTESIAN_POINT('',(1.49999970197678,12.3,30.0000006407499));
#13242=CARTESIAN_POINT('',(1.49999970197678,18.925,43.0000006407499));
#13243=CARTESIAN_POINT('Origin',(-5.00000029802322,22.8,43.0000006407499));
#13244=CARTESIAN_POINT('',(-5.00000029802322,12.3,30.0000006407499));
#13245=CARTESIAN_POINT('',(-5.00000029802322,12.3,30.0000006407499));
#13246=CARTESIAN_POINT('',(-5.00000029802322,22.8,30.0000006407499));
#13247=CARTESIAN_POINT('',(-5.00000029802322,18.925,43.0000006407499));
#13248=CARTESIAN_POINT('Origin',(-5.00000029802322,22.8,30.0000006407499));
#13249=CARTESIAN_POINT('',(0.49999970197678,12.3,30.0000006407499));
#13250=CARTESIAN_POINT('Origin',(-2.25000029802322,12.3,36.5000006407499));
#13251=CARTESIAN_POINT('Origin',(-11.5000002980232,22.8,43.0000006407499));
#13252=CARTESIAN_POINT('',(-11.5000002980232,12.3,30.0000006407499));
#13253=CARTESIAN_POINT('',(-11.5000002980232,12.3,30.0000006407499));
#13254=CARTESIAN_POINT('',(-11.5000002980232,22.8,30.0000006407499));
#13255=CARTESIAN_POINT('',(-11.5000002980232,18.925,43.0000006407499));
#13256=CARTESIAN_POINT('Origin',(-11.5000002980232,22.8,30.0000006407499));
#13257=CARTESIAN_POINT('',(-6.00000029802322,12.3,30.0000006407499));
#13258=CARTESIAN_POINT('Origin',(-8.75000029802322,12.3,36.5000006407499));
#13259=CARTESIAN_POINT('Origin',(4.24999970197678,12.3,36.5000006407499));
#13260=CARTESIAN_POINT('Origin',(-18.0000002980232,22.8,43.0000006407499));
#13261=CARTESIAN_POINT('',(-18.0000002980232,12.3,30.0000006407499));
#13262=CARTESIAN_POINT('',(-18.0000002980232,12.3,30.0000006407499));
#13263=CARTESIAN_POINT('',(-18.0000002980232,22.8,30.0000006407499));
#13264=CARTESIAN_POINT('',(-18.0000002980232,18.925,43.0000006407499));
#13265=CARTESIAN_POINT('Origin',(-18.0000002980232,22.8,30.0000006407499));
#13266=CARTESIAN_POINT('',(-12.5000002980232,12.3,30.0000006407499));
#13267=CARTESIAN_POINT('Origin',(-15.2500002980232,12.3,36.5000006407499));
#13268=CARTESIAN_POINT('Origin',(10.7499997019768,12.3,36.5000006407499));
#13269=CARTESIAN_POINT('Origin',(-2.25000029802322,15.05,43.0000006407499));
#13270=CARTESIAN_POINT('',(-2.25000029802322,7.3,43.0000006407499));
#13271=CARTESIAN_POINT('Origin',(-2.25000029802322,7.3,36.0000006407499));
#13272=CARTESIAN_POINT('',(1.00000041723251,7.3,42.5000006332994));
#13273=CARTESIAN_POINT('Origin',(28.0000004172325,17.3,-15.0000001788139));
#13274=CARTESIAN_POINT('',(28.0000004172325,27.3,-20.0000001788139));
#13275=CARTESIAN_POINT('',(28.0000004172325,17.3,-20.0000001788139));
#13276=CARTESIAN_POINT('',(28.0000004172325,27.3,-10.0000001788139));
#13277=CARTESIAN_POINT('',(28.0000004172325,27.3,-15.0000001788139));
#13278=CARTESIAN_POINT('',(28.0000004172325,17.3,-10.0000001788139));
#13279=CARTESIAN_POINT('',(28.0000004172325,27.3,-1.78813932549815E-7));
#13280=CARTESIAN_POINT('',(28.0000004172325,17.3,-1.78813932549815E-7));
#13281=CARTESIAN_POINT('',(28.0000004172325,27.3,9.99999982118607));
#13282=CARTESIAN_POINT('',(28.0000004172325,27.3,4.99999982118607));
#13283=CARTESIAN_POINT('',(28.0000004172325,17.3,9.99999982118607));
#13284=CARTESIAN_POINT('Origin',(17.0000000745058,24.3,20.0000002980232));
#13285=CARTESIAN_POINT('',(17.0000000745058,25.3,16.0000002980232));
#13286=CARTESIAN_POINT('Origin',(17.0000000745058,25.3,20.0000002980232));
#13287=CARTESIAN_POINT('',(17.0000000745058,24.3,15.0000002980232));
#13288=CARTESIAN_POINT('Origin',(17.0000000745058,24.3,16.0000002980232));
#13289=CARTESIAN_POINT('',(12.0000000745058,24.3,20.0000002980232));
#13290=CARTESIAN_POINT('Origin',(17.0000000745058,24.3,20.0000002980232));
#13291=CARTESIAN_POINT('Origin',(17.0000000745058,24.3,20.0000002980232));
#13292=CARTESIAN_POINT('Origin',(17.0000000745058,16.3,20.0000002980232));
#13293=CARTESIAN_POINT('',(12.0000000745058,16.3,20.0000002980232));
#13294=CARTESIAN_POINT('Origin',(17.0000000745058,25.3,20.0000002980232));
#13295=CARTESIAN_POINT('Origin',(5.00000007450581,24.3,20.0000002980232));
#13296=CARTESIAN_POINT('',(5.0000000745058,25.3,16.0000002980232));
#13297=CARTESIAN_POINT('Origin',(5.00000007450581,25.3,20.0000002980232));
#13298=CARTESIAN_POINT('',(5.0000000745058,24.3,15.0000002980232));
#13299=CARTESIAN_POINT('Origin',(5.00000007450581,24.3,16.0000002980232));
#13300=CARTESIAN_POINT('',(7.45058059692383E-8,24.3,20.0000002980232));
#13301=CARTESIAN_POINT('Origin',(5.00000007450581,24.3,20.0000002980232));
#13302=CARTESIAN_POINT('Origin',(5.00000007450581,24.3,20.0000002980232));
#13303=CARTESIAN_POINT('Origin',(5.00000007450581,16.3,20.0000002980232));
#13304=CARTESIAN_POINT('',(7.45058059692383E-8,16.3,20.0000002980232));
#13305=CARTESIAN_POINT('Origin',(5.00000007450581,25.3,20.0000002980232));
#13306=CARTESIAN_POINT('Origin',(-10.0000001490116,28.3,-27.000000372529));
#13307=CARTESIAN_POINT('',(-10.0000001490116,29.3,-34.000000372529));
#13308=CARTESIAN_POINT('Origin',(-10.0000001490116,29.3,-27.000000372529));
#13309=CARTESIAN_POINT('',(-10.0000001490116,28.3,-35.000000372529));
#13310=CARTESIAN_POINT('Origin',(-10.0000001490116,28.3,-34.000000372529));
#13311=CARTESIAN_POINT('',(-18.0000001490116,28.3,-27.000000372529));
#13312=CARTESIAN_POINT('Origin',(-10.0000001490116,28.3,-27.000000372529));
#13313=CARTESIAN_POINT('Origin',(-10.0000001490116,28.3,-27.000000372529));
#13314=CARTESIAN_POINT('Origin',(-10.0000001490116,18.3,-27.000000372529));
#13315=CARTESIAN_POINT('',(-18.0000001490116,18.3,-27.000000372529));
#13316=CARTESIAN_POINT('Origin',(-10.0000001490116,29.3,-27.000000372529));
#13317=CARTESIAN_POINT('Origin',(25.0000004172325,23.3,4.99999982118607));
#13318=CARTESIAN_POINT('',(25.0000004172325,19.3,9.99999982118607));
#13319=CARTESIAN_POINT('',(25.0000004172325,19.3,-1.78813932549815E-7));
#13320=CARTESIAN_POINT('',(25.0000004172325,19.3,4.99999982118607));
#13321=CARTESIAN_POINT('',(25.0000004172325,27.3,9.99999982118607));
#13322=CARTESIAN_POINT('',(25.0000004172325,20.3,9.99999982118607));
#13323=CARTESIAN_POINT('',(25.0000004172325,27.3,-1.78813932549815E-7));
#13324=CARTESIAN_POINT('',(25.0000004172325,27.3,4.99999982118607));
#13325=CARTESIAN_POINT('',(25.0000004172325,20.3,-1.78813932549815E-7));
#13326=CARTESIAN_POINT('Origin',(24.0000004172325,19.3,4.99999982118607));
#13327=CARTESIAN_POINT('',(23.0000004172325,19.3,9.99999982118607));
#13328=CARTESIAN_POINT('',(24.7500004172325,19.3,9.99999982118607));
#13329=CARTESIAN_POINT('',(23.0000004172325,19.3,-1.78813932549815E-7));
#13330=CARTESIAN_POINT('',(24.7500004172325,19.3,-1.78813932549815E-7));
#13331=CARTESIAN_POINT('',(23.0000004172325,19.3,4.99999982118607));
#13332=CARTESIAN_POINT('Origin',(25.5000004172325,17.3,9.99999982118607));
#13333=CARTESIAN_POINT('',(23.0000004172325,17.3,9.99999982118607));
#13334=CARTESIAN_POINT('',(25.5000004172325,27.3,9.99999982118607));
#13335=CARTESIAN_POINT('Origin',(25.5000004172325,17.3,-1.78813932549815E-7));
#13336=CARTESIAN_POINT('',(25.5000004172325,27.3,-1.78813932549815E-7));
#13337=CARTESIAN_POINT('',(23.0000004172325,17.3,-1.78813932549815E-7));
#13338=CARTESIAN_POINT('Origin',(25.5000004172325,27.3,4.99999982118607));
#13339=CARTESIAN_POINT('Origin',(23.0000004172325,17.3,4.99999982118607));
#13340=CARTESIAN_POINT('Origin',(-14.0000002086232,19.3,22.000000372529));
#13341=CARTESIAN_POINT('',(-20.0000002980232,19.3,25.000000372529));
#13342=CARTESIAN_POINT('',(-8.00000011922322,19.3,25.000000372529));
#13343=CARTESIAN_POINT('',(-14.0000002086232,19.3,25.000000372529));
#13344=CARTESIAN_POINT('',(-8.00000011922322,19.3,19.000000372529));
#13345=CARTESIAN_POINT('',(-8.00000011922322,19.3,22.000000372529));
#13346=CARTESIAN_POINT('',(-20.0000002980232,19.3,19.000000372529));
#13347=CARTESIAN_POINT('',(-14.0000002086232,19.3,19.000000372529));
#13348=CARTESIAN_POINT('',(-20.0000002980232,19.3,22.000000372529));
#13349=CARTESIAN_POINT('Origin',(-20.0000002980232,13.3,22.000000372529));
#13350=CARTESIAN_POINT('',(-20.0000002980232,13.3,19.000000372529));
#13351=CARTESIAN_POINT('',(-20.0000002980232,13.3,25.000000372529));
#13352=CARTESIAN_POINT('Origin',(-14.0000002086232,13.3,19.000000372529));
#13353=CARTESIAN_POINT('',(-8.00000011922322,13.3,19.000000372529));
#13354=CARTESIAN_POINT('Origin',(-8.00000011922322,13.3,22.000000372529));
#13355=CARTESIAN_POINT('',(-8.00000011922322,13.3,25.000000372529));
#13356=CARTESIAN_POINT('Origin',(-14.0000002086232,13.3,25.000000372529));
#13357=CARTESIAN_POINT('Origin',(-21.0000002980232,15.3,13.0000002384186));
#13358=CARTESIAN_POINT('',(-21.0000002980232,23.3,15.0000002384186));
#13359=CARTESIAN_POINT('',(-21.0000002980232,15.3,15.0000002384186));
#13360=CARTESIAN_POINT('',(-21.0000002980232,23.3,11.0000002384186));
#13361=CARTESIAN_POINT('',(-21.0000002980232,23.3,13.0000002384186));
#13362=CARTESIAN_POINT('',(-21.0000002980232,15.3,11.0000002384186));
#13363=CARTESIAN_POINT('Origin',(-20.0000002980232,14.8,13.0000001937151));
#13364=CARTESIAN_POINT('',(-20.0000002980232,22.3,11.0000002384186));
#13365=CARTESIAN_POINT('',(-20.0000002980232,15.05,11.0000002384186));
#13366=CARTESIAN_POINT('',(-20.0000002980232,22.3,8.0000001937151));
#13367=CARTESIAN_POINT('',(-20.0000002980232,22.3,13.0000001937151));
#13368=CARTESIAN_POINT('',(-20.0000002980232,14.8,8.0000001937151));
#13369=CARTESIAN_POINT('Origin',(-20.0000002980232,14.8,13.0000001937151));
#13370=CARTESIAN_POINT('',(-20.0000002980232,22.3,15.0000002384186));
#13371=CARTESIAN_POINT('',(-20.0000002980232,15.05,15.0000002384186));
#13372=CARTESIAN_POINT('',(-20.0000002980232,22.3,18.0000001937151));
#13373=CARTESIAN_POINT('',(-20.0000002980232,14.8,18.0000001937151));
#13374=CARTESIAN_POINT('',(-20.0000002980232,22.3,13.0000001937151));
#13375=CARTESIAN_POINT('Origin',(-7.00000029802322,15.3,13.0000002384186));
#13376=CARTESIAN_POINT('',(-7.00000029802322,23.3,11.0000002384186));
#13377=CARTESIAN_POINT('',(-7.00000029802322,15.3,11.0000002384186));
#13378=CARTESIAN_POINT('',(-7.00000029802322,23.3,15.0000002384186));
#13379=CARTESIAN_POINT('',(-7.00000029802322,23.3,13.0000002384186));
#13380=CARTESIAN_POINT('',(-7.00000029802322,15.3,15.0000002384186));
#13381=CARTESIAN_POINT('Origin',(-8.00000029802322,14.8,13.0000001937151));
#13382=CARTESIAN_POINT('',(-8.00000029802322,22.3,15.0000002384186));
#13383=CARTESIAN_POINT('',(-8.00000029802322,15.05,15.0000002384186));
#13384=CARTESIAN_POINT('',(-8.00000029802322,22.3,18.0000001937151));
#13385=CARTESIAN_POINT('',(-8.00000029802322,22.3,13.0000001937151));
#13386=CARTESIAN_POINT('',(-8.00000029802322,14.8,18.0000001937151));
#13387=CARTESIAN_POINT('Origin',(-8.00000029802322,14.8,13.0000001937151));
#13388=CARTESIAN_POINT('',(-8.00000029802322,22.3,11.0000002384186));
#13389=CARTESIAN_POINT('',(-8.00000029802322,15.05,11.0000002384186));
#13390=CARTESIAN_POINT('',(-8.00000029802322,22.3,8.0000001937151));
#13391=CARTESIAN_POINT('',(-8.00000029802322,14.8,8.0000001937151));
#13392=CARTESIAN_POINT('',(-8.00000029802322,22.3,13.0000001937151));
#13393=CARTESIAN_POINT('Origin',(-14.0000002980232,23.3,13.0000002384186));
#13394=CARTESIAN_POINT('',(-14.0000002980232,23.3,15.0000002384186));
#13395=CARTESIAN_POINT('',(-14.0000002980232,23.3,11.0000002384186));
#13396=CARTESIAN_POINT('Origin',(-14.0000002980232,22.8,11.0000002384186));
#13397=CARTESIAN_POINT('',(-14.0000002980232,22.3,11.0000002384186));
#13398=CARTESIAN_POINT('Origin',(-14.0000002980232,22.8,15.0000002384186));
#13399=CARTESIAN_POINT('',(-14.0000002980232,22.3,15.0000002384186));
#13400=CARTESIAN_POINT('Origin',(-14.0000002980232,22.3,13.0000001937151));
#13401=CARTESIAN_POINT('',(-14.0000002980232,22.3,8.0000001937151));
#13402=CARTESIAN_POINT('Origin',(-14.0000002980232,22.3,13.0000001937151));
#13403=CARTESIAN_POINT('',(-14.0000002980232,22.3,18.0000001937151));
#13404=CARTESIAN_POINT('Origin',(-14.0000002980232,14.8,8.0000001937151));
#13405=CARTESIAN_POINT('Origin',(-14.0000002980232,14.8,18.0000001937151));
#13406=CARTESIAN_POINT('Origin',(-23.,8.5,38.));
#13407=CARTESIAN_POINT('',(-24.5,8.5,38.));
#13408=CARTESIAN_POINT('Origin',(1.00000041723251,6.65,42.5000006332994));
#13409=CARTESIAN_POINT('',(-25.9999995827675,6.65,42.5000006332994));
#13410=CARTESIAN_POINT('Origin',(-25.9999995827675,6.65,2.50000063329935));
#13411=CARTESIAN_POINT('Origin',(-23.,6.5,-29.));
#13412=CARTESIAN_POINT('',(-24.5,6.5,-29.));
#13413=CARTESIAN_POINT('Origin',(25.0000004172325,23.3,-15.0000001788139));
#13414=CARTESIAN_POINT('',(25.0000004172325,19.3,-10.0000001788139));
#13415=CARTESIAN_POINT('',(25.0000004172325,19.3,-20.0000001788139));
#13416=CARTESIAN_POINT('',(25.0000004172325,19.3,-15.0000001788139));
#13417=CARTESIAN_POINT('',(25.0000004172325,27.3,-10.0000001788139));
#13418=CARTESIAN_POINT('',(25.0000004172325,20.3,-10.0000001788139));
#13419=CARTESIAN_POINT('',(25.0000004172325,27.3,-20.0000001788139));
#13420=CARTESIAN_POINT('',(25.0000004172325,27.3,-15.0000001788139));
#13421=CARTESIAN_POINT('',(25.0000004172325,20.3,-20.0000001788139));
#13422=CARTESIAN_POINT('Origin',(24.0000004172325,19.3,-15.0000001788139));
#13423=CARTESIAN_POINT('',(23.0000004172325,19.3,-10.0000001788139));
#13424=CARTESIAN_POINT('',(24.7500004172325,19.3,-10.0000001788139));
#13425=CARTESIAN_POINT('',(23.0000004172325,19.3,-20.0000001788139));
#13426=CARTESIAN_POINT('',(24.7500004172325,19.3,-20.0000001788139));
#13427=CARTESIAN_POINT('',(23.0000004172325,19.3,-15.0000001788139));
#13428=CARTESIAN_POINT('Origin',(25.5000004172325,17.3,-10.0000001788139));
#13429=CARTESIAN_POINT('',(23.0000004172325,17.3,-10.0000001788139));
#13430=CARTESIAN_POINT('',(25.5000004172325,27.3,-10.0000001788139));
#13431=CARTESIAN_POINT('Origin',(25.5000004172325,17.3,-20.0000001788139));
#13432=CARTESIAN_POINT('',(25.5000004172325,27.3,-20.0000001788139));
#13433=CARTESIAN_POINT('',(23.0000004172325,17.3,-20.0000001788139));
#13434=CARTESIAN_POINT('Origin',(25.5000004172325,27.3,-15.0000001788139));
#13435=CARTESIAN_POINT('Origin',(23.0000004172325,17.3,-15.0000001788139));
#13436=CARTESIAN_POINT('Origin',(-10.4781063986252,9.55,-15.));
#13437=CARTESIAN_POINT('',(-12.4781063986252,10.3,-15.));
#13438=CARTESIAN_POINT('',(-10.4781063986252,10.3,-17.));
#13439=CARTESIAN_POINT('Origin',(-10.4781063986252,10.3,-15.));
#13440=CARTESIAN_POINT('',(-10.4781063986252,9.55,-17.));
#13441=CARTESIAN_POINT('',(-12.4781063986252,9.55,-15.));
#13442=CARTESIAN_POINT('Origin',(1.51094657158204,8.8,-17.));
#13443=CARTESIAN_POINT('',(13.4999995417893,10.3,-17.));
#13444=CARTESIAN_POINT('',(-12.4781063986252,10.3,-17.));
#13445=CARTESIAN_POINT('',(13.4999995417893,8.05,-17.));
#13446=CARTESIAN_POINT('Origin',(15.4999995417893,10.3,0.));
#13447=CARTESIAN_POINT('',(-12.4781063986252,10.3,-10.));
#13448=CARTESIAN_POINT('',(-12.4781063986252,10.3,0.));
#13449=CARTESIAN_POINT('',(-10.,10.3,-10.));
#13450=CARTESIAN_POINT('',(8.49999977089465,10.3,-10.));
#13451=CARTESIAN_POINT('',(-4.,10.3,-16.));
#13452=CARTESIAN_POINT('Origin',(-4.,10.3,-10.));
#13453=CARTESIAN_POINT('',(7.00000000000001,10.3,-16.));
#13454=CARTESIAN_POINT('',(-12.4781063986252,10.3,-16.));
#13455=CARTESIAN_POINT('',(13.,10.3,-10.));
#13456=CARTESIAN_POINT('Origin',(7.00000000000001,10.3,-10.));
#13457=CARTESIAN_POINT('',(15.4999995417893,10.3,-10.));
#13458=CARTESIAN_POINT('',(8.49999977089465,10.3,-10.));
#13459=CARTESIAN_POINT('',(15.4999995417893,10.3,-15.));
#13460=CARTESIAN_POINT('',(15.4999995417893,10.3,0.));
#13461=CARTESIAN_POINT('Origin',(13.4999995417893,10.3,-15.));
#13462=CARTESIAN_POINT('Origin',(-10.4781063986252,9.55,5.));
#13463=CARTESIAN_POINT('',(-10.4781063986252,10.3,7.));
#13464=CARTESIAN_POINT('',(-10.4781063986252,9.55,7.));
#13465=CARTESIAN_POINT('',(-12.4781063986252,10.3,5.));
#13466=CARTESIAN_POINT('Origin',(-10.4781063986252,10.3,5.));
#13467=CARTESIAN_POINT('',(-12.4781063986252,9.55,5.));
#13468=CARTESIAN_POINT('Origin',(15.4999995417893,10.3,0.));
#13469=CARTESIAN_POINT('',(13.4999995417893,10.3,7.));
#13470=CARTESIAN_POINT('',(-12.4781063986252,10.3,7.));
#13471=CARTESIAN_POINT('',(15.4999995417893,10.3,5.));
#13472=CARTESIAN_POINT('Origin',(13.4999995417893,10.3,5.));
#13473=CARTESIAN_POINT('',(15.4999995417893,10.3,0.));
#13474=CARTESIAN_POINT('',(15.4999995417893,10.3,0.));
#13475=CARTESIAN_POINT('',(13.,10.3,0.));
#13476=CARTESIAN_POINT('',(8.49999977089465,10.3,0.));
#13477=CARTESIAN_POINT('',(7.00000000000001,10.3,6.));
#13478=CARTESIAN_POINT('Origin',(7.00000000000001,10.3,0.));
#13479=CARTESIAN_POINT('',(-4.,10.3,6.));
#13480=CARTESIAN_POINT('',(-12.4781063986252,10.3,6.));
#13481=CARTESIAN_POINT('',(-10.,10.3,0.));
#13482=CARTESIAN_POINT('Origin',(-4.,10.3,0.));
#13483=CARTESIAN_POINT('',(-12.4781063986252,10.3,0.));
#13484=CARTESIAN_POINT('',(8.49999977089465,10.3,0.));
#13485=CARTESIAN_POINT('',(-12.4781063986252,10.3,0.));
#13486=CARTESIAN_POINT('Origin',(1.51094657158204,8.8,7.));
#13487=CARTESIAN_POINT('',(13.4999995417893,8.05,7.));
#13488=CARTESIAN_POINT('Origin',(13.4999995417893,8.05,-15.));
#13489=CARTESIAN_POINT('',(15.4999995417893,8.05,-15.));
#13490=CARTESIAN_POINT('Origin',(15.4999995417893,7.3,0.));
#13491=CARTESIAN_POINT('',(15.4999995417893,12.8,-10.));
#13492=CARTESIAN_POINT('Origin',(13.4999995417893,8.05,5.));
#13493=CARTESIAN_POINT('',(15.4999995417893,8.05,5.));
#13494=CARTESIAN_POINT('Origin',(-12.4781063986252,10.3,0.));
#13495=CARTESIAN_POINT('',(-12.4781063986252,14.3,-10.));
#13496=CARTESIAN_POINT('Origin',(-12.4781063986252,10.3,0.));
#13497=CARTESIAN_POINT('',(-12.4781063986252,14.3,0.));
#13498=CARTESIAN_POINT('Origin',(15.4999995417893,7.3,0.));
#13499=CARTESIAN_POINT('',(15.4999995417893,12.8,0.));
#13500=CARTESIAN_POINT('Origin',(1.5,18.3,-10.));
#13501=CARTESIAN_POINT('',(-13.,29.3,-10.));
#13502=CARTESIAN_POINT('',(-13.,18.3,-10.));
#13503=CARTESIAN_POINT('',(16.,29.3,-10.));
#13504=CARTESIAN_POINT('',(1.5,29.3,-10.));
#13505=CARTESIAN_POINT('',(16.,18.3,-10.));
#13506=CARTESIAN_POINT('',(13.,26.3,-10.));
#13507=CARTESIAN_POINT('',(13.,14.3,-10.));
#13508=CARTESIAN_POINT('',(-10.,26.3,-10.));
#13509=CARTESIAN_POINT('',(7.25,26.3,-10.));
#13510=CARTESIAN_POINT('',(-10.,22.3,-10.));
#13511=CARTESIAN_POINT('Origin',(-4.,22.3,-10.));
#13512=CARTESIAN_POINT('',(-4.,26.3,-16.));
#13513=CARTESIAN_POINT('Origin',(-4.,26.3,-10.));
#13514=CARTESIAN_POINT('',(-4.,22.3,-16.));
#13515=CARTESIAN_POINT('Origin',(1.5,18.3,-16.));
#13516=CARTESIAN_POINT('',(7.00000000000001,26.3,-16.));
#13517=CARTESIAN_POINT('',(13.,26.3,-16.));
#13518=CARTESIAN_POINT('',(7.00000000000001,14.3,-16.));
#13519=CARTESIAN_POINT('Origin',(13.,26.3,0.));
#13520=CARTESIAN_POINT('Origin',(7.,26.3,-10.));
#13521=CARTESIAN_POINT('Origin',(-4.,22.3,0.));
#13522=CARTESIAN_POINT('',(-4.,26.3,6.));
#13523=CARTESIAN_POINT('',(-4.,22.3,6.));
#13524=CARTESIAN_POINT('',(-10.,26.3,0.));
#13525=CARTESIAN_POINT('Origin',(-4.,26.3,0.));
#13526=CARTESIAN_POINT('',(-10.,22.3,0.));
#13527=CARTESIAN_POINT('Origin',(1.5,18.3,6.));
#13528=CARTESIAN_POINT('',(7.00000000000001,26.3,6.));
#13529=CARTESIAN_POINT('',(7.00000000000001,14.3,6.));
#13530=CARTESIAN_POINT('',(13.,26.3,6.));
#13531=CARTESIAN_POINT('Origin',(7.00000000000001,14.3,0.));
#13532=CARTESIAN_POINT('',(13.,26.3,0.));
#13533=CARTESIAN_POINT('Origin',(7.,26.3,0.));
#13534=CARTESIAN_POINT('',(13.,14.3,0.));
#13535=CARTESIAN_POINT('Origin',(7.00000000000001,14.3,-10.));
#13536=CARTESIAN_POINT('Origin',(13.,26.3,0.));
#13537=CARTESIAN_POINT('',(7.25,26.3,0.));
#13538=CARTESIAN_POINT('Origin',(1.5,29.3,-5.));
#13539=CARTESIAN_POINT('',(-13.,29.3,0.));
#13540=CARTESIAN_POINT('',(16.,29.3,0.));
#13541=CARTESIAN_POINT('',(1.5,29.3,0.));
#13542=CARTESIAN_POINT('',(16.,29.3,-5.));
#13543=CARTESIAN_POINT('',(-13.,29.3,-5.));
#13544=CARTESIAN_POINT('Origin',(-13.,18.3,-5.));
#13545=CARTESIAN_POINT('',(-13.,18.3,0.));
#13546=CARTESIAN_POINT('Origin',(16.,18.3,-5.));
#13547=CARTESIAN_POINT('',(16.,18.3,0.));
#13548=CARTESIAN_POINT('Origin',(1.5,18.3,0.));
#13549=UNCERTAINTY_MEASURE_WITH_UNIT(LENGTH_MEASURE(0.01),#13553,
'DISTANCE_ACCURACY_VALUE',
'Maximum model space distance between geometric entities at asserted c
onnectivities');
#13550=UNCERTAINTY_MEASURE_WITH_UNIT(LENGTH_MEASURE(0.01),#13553,
'DISTANCE_ACCURACY_VALUE',
'Maximum model space distance between geometric entities at asserted c
onnectivities');
#13551=(
GEOMETRIC_REPRESENTATION_CONTEXT(3)
GLOBAL_UNCERTAINTY_ASSIGNED_CONTEXT((#13549))
GLOBAL_UNIT_ASSIGNED_CONTEXT((#13553,#13555,#13556))
REPRESENTATION_CONTEXT('','3D')
);
#13552=(
GEOMETRIC_REPRESENTATION_CONTEXT(3)
GLOBAL_UNCERTAINTY_ASSIGNED_CONTEXT((#13550))
GLOBAL_UNIT_ASSIGNED_CONTEXT((#13553,#13555,#13556))
REPRESENTATION_CONTEXT('','3D')
);
#13553=(
LENGTH_UNIT()
NAMED_UNIT(*)
SI_UNIT(.MILLI.,.METRE.)
);
#13554=(
LENGTH_UNIT()
NAMED_UNIT(*)
SI_UNIT($,.METRE.)
);
#13555=(
NAMED_UNIT(*)
PLANE_ANGLE_UNIT()
SI_UNIT($,.RADIAN.)
);
#13556=(
NAMED_UNIT(*)
SI_UNIT($,.STERADIAN.)
SOLID_ANGLE_UNIT()
);
#13557=SHAPE_DEFINITION_REPRESENTATION(#13558,#13559);
#13558=PRODUCT_DEFINITION_SHAPE('',$,#13561);
#13559=SHAPE_REPRESENTATION('',(#8024),#13551);
#13560=PRODUCT_DEFINITION_CONTEXT('part definition',#13565,'design');
#13561=PRODUCT_DEFINITION('PSU','PSU v6',#13562,#13560);
#13562=PRODUCT_DEFINITION_FORMATION('',$,#13567);
#13563=PRODUCT_RELATED_PRODUCT_CATEGORY('PSU v6','PSU v6',(#13567));
#13564=APPLICATION_PROTOCOL_DEFINITION('international standard',
'automotive_design',2009,#13565);
#13565=APPLICATION_CONTEXT(
'Core Data for Automotive Mechanical Design Process');
#13566=PRODUCT_CONTEXT('part definition',#13565,'mechanical');
#13567=PRODUCT('PSU','PSU v6',$,(#13566));
#13568=PRESENTATION_STYLE_ASSIGNMENT((#13576));
#13569=PRESENTATION_STYLE_ASSIGNMENT((#13577));
#13570=PRESENTATION_STYLE_ASSIGNMENT((#13578));
#13571=PRESENTATION_STYLE_ASSIGNMENT((#13579));
#13572=PRESENTATION_STYLE_ASSIGNMENT((#13580));
#13573=PRESENTATION_STYLE_ASSIGNMENT((#13581));
#13574=PRESENTATION_STYLE_ASSIGNMENT((#13582));
#13575=PRESENTATION_STYLE_ASSIGNMENT((#13583));
#13576=SURFACE_STYLE_USAGE(.BOTH.,#13584);
#13577=SURFACE_STYLE_USAGE(.BOTH.,#13585);
#13578=SURFACE_STYLE_USAGE(.BOTH.,#13586);
#13579=SURFACE_STYLE_USAGE(.BOTH.,#13587);
#13580=SURFACE_STYLE_USAGE(.BOTH.,#13588);
#13581=SURFACE_STYLE_USAGE(.BOTH.,#13589);
#13582=SURFACE_STYLE_USAGE(.BOTH.,#13590);
#13583=SURFACE_STYLE_USAGE(.BOTH.,#13591);
#13584=SURFACE_SIDE_STYLE('',(#13592));
#13585=SURFACE_SIDE_STYLE('',(#13593));
#13586=SURFACE_SIDE_STYLE('',(#13594));
#13587=SURFACE_SIDE_STYLE('',(#13595));
#13588=SURFACE_SIDE_STYLE('',(#13596));
#13589=SURFACE_SIDE_STYLE('',(#13597));
#13590=SURFACE_SIDE_STYLE('',(#13598));
#13591=SURFACE_SIDE_STYLE('',(#13599));
#13592=SURFACE_STYLE_FILL_AREA(#13600);
#13593=SURFACE_STYLE_FILL_AREA(#13601);
#13594=SURFACE_STYLE_FILL_AREA(#13602);
#13595=SURFACE_STYLE_FILL_AREA(#13603);
#13596=SURFACE_STYLE_FILL_AREA(#13604);
#13597=SURFACE_STYLE_FILL_AREA(#13605);
#13598=SURFACE_STYLE_FILL_AREA(#13606);
#13599=SURFACE_STYLE_FILL_AREA(#13607);
#13600=FILL_AREA_STYLE('Steel - Satin',(#13608));
#13601=FILL_AREA_STYLE('Aluminum - Satin',(#13609));
#13602=FILL_AREA_STYLE('Stainless Steel - Polished',(#13610));
#13603=FILL_AREA_STYLE('FR4',(#13611));
#13604=FILL_AREA_STYLE('Plastic - Matte (Yellow)',(#13612));
#13605=FILL_AREA_STYLE('Plastic - Matte (Black)',(#13613));
#13606=FILL_AREA_STYLE('Plastic - Glossy (Blue)',(#13614));
#13607=FILL_AREA_STYLE('Plastic - Glossy (Yellow)',(#13615));
#13608=FILL_AREA_STYLE_COLOUR('Steel - Satin',#13616);
#13609=FILL_AREA_STYLE_COLOUR('Aluminum - Satin',#13617);
#13610=FILL_AREA_STYLE_COLOUR('Stainless Steel - Polished',#13618);
#13611=FILL_AREA_STYLE_COLOUR('FR4',#13619);
#13612=FILL_AREA_STYLE_COLOUR('Plastic - Matte (Yellow)',#13620);
#13613=FILL_AREA_STYLE_COLOUR('Plastic - Matte (Black)',#13621);
#13614=FILL_AREA_STYLE_COLOUR('Plastic - Glossy (Blue)',#13622);
#13615=FILL_AREA_STYLE_COLOUR('Plastic - Glossy (Yellow)',#13623);
#13616=COLOUR_RGB('Steel - Satin',0.627450980392157,0.627450980392157,0.627450980392157);
#13617=COLOUR_RGB('Aluminum - Satin',0.96078431372549,0.96078431372549,
0.964705882352941);
#13618=COLOUR_RGB('Stainless Steel - Polished',0.796078431372549,0.796078431372549,
0.796078431372549);
#13619=COLOUR_RGB('FR4',0.266666666666667,0.466666666666667,0.4);
#13620=COLOUR_RGB('Plastic - Matte (Yellow)',0.909803921568627,0.67843137254902,
0.137254901960784);
#13621=COLOUR_RGB('Plastic - Matte (Black)',0.0980392156862745,0.0980392156862745,
0.0980392156862745);
#13622=COLOUR_RGB('Plastic - Glossy (Blue)',0.188235294117647,0.231372549019608,
0.588235294117647);
#13623=COLOUR_RGB('Plastic - Glossy (Yellow)',0.909803921568627,0.67843137254902,
0.137254901960784);
ENDSEC;
END-ISO-10303-21;
