ISO-10303-21;
HEADER;
FILE_DESCRIPTION (( 'STEP AP203' ),
    '1' );
FILE_NAME ('FanGrills.STEP',
    '2025-05-08T17:34:52',
    ( '' ),
    ( '' ),
    'SwSTEP 2.0',
    'SolidWorks 2024',
    '' );
FILE_SCHEMA (( 'CONFIG_CONTROL_DESIGN' ));
ENDSEC;

DATA;
#1 = DIRECTION ( 'NONE',  ( -1.000000000000000000, 0.000000000000000000, 0.000000000000000000 ) ) ;
#2 = AXIS2_PLACEMENT_3D ( 'NONE', #1657, #2304, #2494 ) ;
#3 = EDGE_CURVE ( 'NONE', #2723, #2335, #2080, .T. ) ;
#4 = ORIENTED_EDGE ( 'NONE', *, *, #559, .F. ) ;
#5 = FACE_OUTER_BOUND ( 'NONE', #2693, .T. ) ;
#6 = ADVANCED_FACE ( 'NONE', ( #1061 ), #1901, .T. ) ;
#7 = DIRECTION ( 'NONE',  ( 0.000000000000000000, 0.000000000000000000, -1.000000000000000000 ) ) ;
#8 = CARTESIAN_POINT ( 'NONE',  ( 0.000000000000000000, 6.938893903907228378E-15, 3.809999999999999609 ) ) ;
#9 = FACE_BOUND ( 'NONE', #1975, .T. ) ;
#10 = DIRECTION ( 'NONE',  ( -0.000000000000000000, -0.000000000000000000, -1.000000000000000000 ) ) ;
#11 = EDGE_LOOP ( 'NONE', ( #710, #1680, #2620, #2410 ) ) ;
#12 = FACE_OUTER_BOUND ( 'NONE', #692, .T. ) ;
#13 = ORIENTED_EDGE ( 'NONE', *, *, #385, .T. ) ;
#14 = EDGE_CURVE ( 'NONE', #2499, #2284, #2774, .T. ) ;
#15 = FACE_OUTER_BOUND ( 'NONE', #1454, .T. ) ;
#16 = ADVANCED_FACE ( 'NONE', ( #837 ), #1960, .F. ) ;
#17 = CARTESIAN_POINT ( 'NONE',  ( 0.000000000000000000, 6.938893903907228378E-15, 0.000000000000000000 ) ) ;
#18 = CARTESIAN_POINT ( 'NONE',  ( 0.000000000000000000, 6.938893903907228378E-15, 3.809999999999999609 ) ) ;
#19 = DIRECTION ( 'NONE',  ( -0.000000000000000000, 0.000000000000000000, -1.000000000000000000 ) ) ;
#20 = DIRECTION ( 'NONE',  ( -0.000000000000000000, -0.000000000000000000, -1.000000000000000000 ) ) ;
#21 = VERTEX_POINT ( 'NONE', #1916 ) ;
#22 = DIRECTION ( 'NONE',  ( -0.000000000000000000, -0.000000000000000000, -1.000000000000000000 ) ) ;
#23 = CIRCLE ( 'NONE', #1156, 2.200000000000000622 ) ;
#24 = ORIENTED_EDGE ( 'NONE', *, *, #1107, .F. ) ;
#25 = CIRCLE ( 'NONE', #1706, 4.500000000000001776 ) ;
#26 = DIRECTION ( 'NONE',  ( -0.000000000000000000, -0.000000000000000000, -1.000000000000000000 ) ) ;
#27 = AXIS2_PLACEMENT_3D ( 'NONE', #335, #1195, #1855 ) ;
#28 = EDGE_CURVE ( 'NONE', #2793, #280, #996, .T. ) ;
#29 = CIRCLE ( 'NONE', #442, 41.99999999999999289 ) ;
#30 = DIRECTION ( 'NONE',  ( -0.000000000000000000, -0.000000000000000000, -1.000000000000000000 ) ) ;
#31 = ORIENTED_EDGE ( 'NONE', *, *, #665, .F. ) ;
#32 = AXIS2_PLACEMENT_3D ( 'NONE', #2769, #1265, #619 ) ;
#33 = ADVANCED_FACE ( 'NONE', ( #1945 ), #1714, .F. ) ;
#34 = CARTESIAN_POINT ( 'NONE',  ( -36.22221848584005244, -9.705714191344556596, 3.809999999999999609 ) ) ;
#35 = CYLINDRICAL_SURFACE ( 'NONE', #298, 4.499999999999997335 ) ;
#36 = ORIENTED_EDGE ( 'NONE', *, *, #1911, .T. ) ;
#37 = VERTEX_POINT ( 'NONE', #1479 ) ;
#38 = CARTESIAN_POINT ( 'NONE',  ( 26.07999730980489161, -6.988114217767871672, 3.809999999999999609 ) ) ;
#39 = EDGE_LOOP ( 'NONE', ( #1795, #1137, #1411, #1958 ) ) ;
#40 = VECTOR ( 'NONE', #1621, 1000.000000000000000 ) ;
#41 = FACE_OUTER_BOUND ( 'NONE', #1117, .T. ) ;
#42 = CYLINDRICAL_SURFACE ( 'NONE', #307, 4.500000000000000888 ) ;
#43 = DIRECTION ( 'NONE',  ( 1.000000000000000000, 0.000000000000000000, 0.000000000000000000 ) ) ;
#44 = LINE ( 'NONE', #233, #315 ) ;
#45 = CARTESIAN_POINT ( 'NONE',  ( 0.000000000000000000, 6.938893903907228378E-15, 3.809999999999999609 ) ) ;
#46 = CARTESIAN_POINT ( 'NONE',  ( 59.99999999999997158, -57.00000000000000000, 0.000000000000000000 ) ) ;
#47 = EDGE_CURVE ( 'NONE', #126, #1190, #545, .T. ) ;
#48 = ORIENTED_EDGE ( 'NONE', *, *, #2685, .F. ) ;
#49 = ORIENTED_EDGE ( 'NONE', *, *, #1353, .F. ) ;
#50 = CARTESIAN_POINT ( 'NONE',  ( -52.74999999999999289, -52.74999999999999289, 3.809999999999999609 ) ) ;
#51 = EDGE_CURVE ( 'NONE', #212, #589, #1573, .T. ) ;
#52 = EDGE_LOOP ( 'NONE', ( #2418, #1324, #2102, #2479 ) ) ;
#53 = CARTESIAN_POINT ( 'NONE',  ( -60.00000000000002842, 56.99999999999996447, 3.809999999999999609 ) ) ;
#54 = DIRECTION ( 'NONE',  ( -1.000000000000000000, 0.000000000000000000, 0.000000000000000000 ) ) ;
#55 = EDGE_LOOP ( 'NONE', ( #523, #2765, #729, #2741 ) ) ;
#56 = CARTESIAN_POINT ( 'NONE',  ( -26.23333109150401654, -5.823428514806731293, 0.000000000000000000 ) ) ;
#57 = DIRECTION ( 'NONE',  ( 1.000000000000000000, 0.000000000000000000, 0.000000000000000000 ) ) ;
#58 = DIRECTION ( 'NONE',  ( 1.000000000000000000, 0.000000000000000000, 0.000000000000000000 ) ) ;
#59 = CARTESIAN_POINT ( 'NONE',  ( 55.05777209847699538, -14.75268557084330112, 0.000000000000000000 ) ) ;
#60 = ORIENTED_EDGE ( 'NONE', *, *, #1783, .F. ) ;
#61 = EDGE_CURVE ( 'NONE', #935, #813, #180, .T. ) ;
#62 = ORIENTED_EDGE ( 'NONE', *, *, #1349, .T. ) ;
#63 = DIRECTION ( 'NONE',  ( 1.000000000000000000, 0.000000000000000000, 0.000000000000000000 ) ) ;
#64 = CC_DESIGN_DATE_AND_TIME_ASSIGNMENT ( #1410, #1670, ( #406 ) ) ;
#65 = ORIENTED_EDGE ( 'NONE', *, *, #2786, .F. ) ;
#66 = DIRECTION ( 'NONE',  ( -0.000000000000000000, -0.000000000000000000, -1.000000000000000000 ) ) ;
#67 = VECTOR ( 'NONE', #2026, 1000.000000000000000 ) ;
#68 = FACE_OUTER_BOUND ( 'NONE', #1097, .T. ) ;
#69 = ORIENTED_EDGE ( 'NONE', *, *, #1685, .T. ) ;
#70 = CIRCLE ( 'NONE', #850, 56.99999999999999289 ) ;
#71 = DIRECTION ( 'NONE',  ( 0.000000000000000000, 0.000000000000000000, 1.000000000000000000 ) ) ;
#72 = ORIENTED_EDGE ( 'NONE', *, *, #332, .T. ) ;
#73 = VECTOR ( 'NONE', #1969, 1000.000000000000000 ) ;
#74 = CARTESIAN_POINT ( 'NONE',  ( 59.99999999999997158, -60.00000000000000711, 3.809999999999999609 ) ) ;
#75 = FACE_OUTER_BOUND ( 'NONE', #324, .T. ) ;
#76 = DIRECTION ( 'NONE',  ( 0.000000000000000000, 0.000000000000000000, 1.000000000000000000 ) ) ;
#77 = AXIS2_PLACEMENT_3D ( 'NONE', #892, #1272, #1757 ) ;
#78 = VERTEX_POINT ( 'NONE', #2329 ) ;
#79 = ORIENTED_EDGE ( 'NONE', *, *, #2034, .T. ) ;
#80 = DIRECTION ( 'NONE',  ( 1.000000000000000000, 0.000000000000000000, 0.000000000000000000 ) ) ;
#81 = ORIENTED_EDGE ( 'NONE', *, *, #1011, .T. ) ;
#82 = CARTESIAN_POINT ( 'NONE',  ( 21.73333109150406628, -5.823428514806577638, 3.809999999999999609 ) ) ;
#83 = AXIS2_PLACEMENT_3D ( 'NONE', #1697, #2341, #394 ) ;
#84 = PLANE ( 'NONE',  #1081 ) ;
#85 = EDGE_CURVE ( 'NONE', #932, #2088, #639, .T. ) ;
#86 = EDGE_LOOP ( 'NONE', ( #2126, #1524, #1012, #1872 ) ) ;
#87 = CYLINDRICAL_SURFACE ( 'NONE', #486, 47.99999999999999289 ) ;
#88 = AXIS2_PLACEMENT_3D ( 'NONE', #82, #1388, #1776 ) ;
#89 = ORIENTED_EDGE ( 'NONE', *, *, #1191, .T. ) ;
#90 = DIRECTION ( 'NONE',  ( 1.000000000000000000, 0.000000000000000000, 0.000000000000000000 ) ) ;
#91 = DIRECTION ( 'NONE',  ( 1.000000000000000000, 0.000000000000000000, 0.000000000000000000 ) ) ;
#92 = CARTESIAN_POINT ( 'NONE',  ( -60.00000000000002842, -57.00000000000000711, 0.000000000000000000 ) ) ;
#93 = EDGE_LOOP ( 'NONE', ( #1440, #147, #2692, #1489, #811 ) ) ;
#94 = ORIENTED_EDGE ( 'NONE', *, *, #1313, .T. ) ;
#95 = CARTESIAN_POINT ( 'NONE',  ( -31.87555226753936566, -8.541028488382755413, 3.809999999999999609 ) ) ;
#96 = ORIENTED_EDGE ( 'NONE', *, *, #1771, .F. ) ;
#97 = CARTESIAN_POINT ( 'NONE',  ( -57.00000000000002132, -60.00000000000001421, 0.000000000000000000 ) ) ;
#98 = ORIENTED_EDGE ( 'NONE', *, *, #1506, .F. ) ;
#99 = DIRECTION ( 'NONE',  ( 1.000000000000000000, 0.000000000000000000, 0.000000000000000000 ) ) ;
#100 = EDGE_CURVE ( 'NONE', #2430, #2172, #2130, .T. ) ;
#101 = DIRECTION ( 'NONE',  ( -0.000000000000000000, -0.000000000000000000, -1.000000000000000000 ) ) ;
#102 = EDGE_CURVE ( 'NONE', #2335, #1893, #1218, .T. ) ;
#103 = FACE_OUTER_BOUND ( 'NONE', #646, .T. ) ;
#104 = DIRECTION ( 'NONE',  ( -0.000000000000000000, -0.000000000000000000, -1.000000000000000000 ) ) ;
#105 = CALENDAR_DATE ( 2025, 8, 5 ) ;
#106 = ORIENTED_EDGE ( 'NONE', *, *, #771, .T. ) ;
#107 = ORIENTED_EDGE ( 'NONE', *, *, #2203, .T. ) ;
#108 = FACE_OUTER_BOUND ( 'NONE', #624, .T. ) ;
#109 = ORIENTED_EDGE ( 'NONE', *, *, #2660, .T. ) ;
#110 = FACE_OUTER_BOUND ( 'NONE', #2461, .T. ) ;
#111 = DIRECTION ( 'NONE',  ( -0.000000000000000000, -0.000000000000000000, -1.000000000000000000 ) ) ;
#112 = ORIENTED_EDGE ( 'NONE', *, *, #2013, .T. ) ;
#113 = AXIS2_PLACEMENT_3D ( 'NONE', #1934, #2807, #1747 ) ;
#114 = DIRECTION ( 'NONE',  ( -0.000000000000000000, -0.000000000000000000, -1.000000000000000000 ) ) ;
#115 = AXIS2_PLACEMENT_3D ( 'NONE', #1930, #2618, #2609 ) ;
#116 = EDGE_CURVE ( 'NONE', #306, #1275, #423, .T. ) ;
#117 = DIRECTION ( 'NONE',  ( 0.000000000000000000, 0.000000000000000000, 1.000000000000000000 ) ) ;
#118 = CIRCLE ( 'NONE', #2205, 2.200000000000000622 ) ;
#119 = FACE_OUTER_BOUND ( 'NONE', #86, .T. ) ;
#120 = EDGE_CURVE ( 'NONE', #862, #2780, #1486, .T. ) ;
#121 = AXIS2_PLACEMENT_3D ( 'NONE', #788, #1852, #1002 ) ;
#122 = ORIENTED_EDGE ( 'NONE', *, *, #120, .T. ) ;
#123 = DIRECTION ( 'NONE',  ( -0.000000000000000000, -0.000000000000000000, -1.000000000000000000 ) ) ;
#124 = AXIS2_PLACEMENT_3D ( 'NONE', #675, #1749, #214 ) ;
#125 = EDGE_CURVE ( 'NONE', #1805, #2316, #2682, .T. ) ;
#126 = VERTEX_POINT ( 'NONE', #2655 ) ;
#127 = DIRECTION ( 'NONE',  ( 0.000000000000000000, 1.000000000000000000, 0.000000000000000000 ) ) ;
#128 = AXIS2_PLACEMENT_3D ( 'NONE', #277, #963, #1998 ) ;
#129 = VERTEX_POINT ( 'NONE', #2236 ) ;
#130 = AXIS2_PLACEMENT_3D ( 'NONE', #2442, #288, #1130 ) ;
#131 = CARTESIAN_POINT ( 'NONE',  ( 31.87555226753930526, -8.541028488382979234, 0.000000000000000000 ) ) ;
#132 = VECTOR ( 'NONE', #2731, 1000.000000000000000 ) ;
#133 = CYLINDRICAL_SURFACE ( 'NONE', #1399, 26.99999999999999645 ) ;
#134 = DIRECTION ( 'NONE',  ( 0.000000000000000000, 0.000000000000000000, 1.000000000000000000 ) ) ;
#135 = ORIENTED_EDGE ( 'NONE', *, *, #1812, .T. ) ;
#136 = ORIENTED_EDGE ( 'NONE', *, *, #1625, .F. ) ;
#137 = ADVANCED_FACE ( 'NONE', ( #903 ), #1996, .F. ) ;
#138 = FACE_BOUND ( 'NONE', #360, .T. ) ;
#139 = ORIENTED_EDGE ( 'NONE', *, *, #2638, .F. ) ;
#140 = EDGE_CURVE ( 'NONE', #1039, #2760, #462, .T. ) ;
#141 = DIRECTION ( 'NONE',  ( 1.000000000000000000, 0.000000000000000000, 0.000000000000000000 ) ) ;
#142 = ORIENTED_EDGE ( 'NONE', *, *, #2053, .F. ) ;
#143 = EDGE_CURVE ( 'NONE', #1352, #171, #2546, .T. ) ;
#144 = DIRECTION ( 'NONE',  ( 1.000000000000000000, 0.000000000000000000, 0.000000000000000000 ) ) ;
#145 = DIRECTION ( 'NONE',  ( -1.000000000000000000, 0.000000000000000000, 0.000000000000000000 ) ) ;
#146 = CARTESIAN_POINT ( 'NONE',  ( 6.988114217767878777, 26.07999730980489161, 3.809999999999999609 ) ) ;
#147 = ORIENTED_EDGE ( 'NONE', *, *, #51, .T. ) ;
#148 = ORIENTED_EDGE ( 'NONE', *, *, #2533, .F. ) ;
#149 = FACE_BOUND ( 'NONE', #1611, .T. ) ;
#150 = EDGE_CURVE ( 'NONE', #2460, #1497, #2208, .T. ) ;
#151 = ORIENTED_EDGE ( 'NONE', *, *, #1858, .T. ) ;
#152 = DIRECTION ( 'NONE',  ( -0.000000000000000000, -0.000000000000000000, -1.000000000000000000 ) ) ;
#153 = APPROVAL ( #2327, 'UNSPECIFIED' ) ;
#154 = EDGE_LOOP ( 'NONE', ( #2511, #2072, #1759, #844 ) ) ;
#155 = VERTEX_POINT ( 'NONE', #262 ) ;
#156 = LINE ( 'NONE', #1069, #942 ) ;
#157 = DIRECTION ( 'NONE',  ( -0.000000000000000000, -0.000000000000000000, 1.000000000000000000 ) ) ;
#158 = LINE ( 'NONE', #849, #441 ) ;
#159 = PERSON_AND_ORGANIZATION ( #1377, #1303 ) ;
#160 = AXIS2_PLACEMENT_3D ( 'NONE', #1551, #1988, #1159 ) ;
#161 = ORIENTED_EDGE ( 'NONE', *, *, #630, .F. ) ;
#162 = AXIS2_PLACEMENT_3D ( 'NONE', #2595, #1688, #2387 ) ;
#163 = DIRECTION ( 'NONE',  ( 1.000000000000000000, 0.000000000000000000, 0.000000000000000000 ) ) ;
#164 = CARTESIAN_POINT ( 'NONE',  ( 52.75000000000002132, -52.74999999999999289, 0.000000000000000000 ) ) ;
#165 = FACE_BOUND ( 'NONE', #496, .T. ) ;
#166 = AXIS2_PLACEMENT_3D ( 'NONE', #746, #1828, #349 ) ;
#167 = ORIENTED_EDGE ( 'NONE', *, *, #312, .T. ) ;
#168 = CIRCLE ( 'NONE', #1664, 26.99999999999999645 ) ;
#169 = CARTESIAN_POINT ( 'NONE',  ( 10.87039989430779663, -40.56888470414033776, 0.000000000000000000 ) ) ;
#170 = ORIENTED_EDGE ( 'NONE', *, *, #125, .F. ) ;
#171 = VERTEX_POINT ( 'NONE', #929 ) ;
#172 = EDGE_CURVE ( 'NONE', #2084, #2427, #1519, .T. ) ;
#173 = DIRECTION ( 'NONE',  ( 1.000000000000000000, 0.000000000000000000, 0.000000000000000000 ) ) ;
#174 = LOCAL_TIME ( 13, 34, 52.00000000000000000, #1210 ) ;
#175 = DIRECTION ( 'NONE',  ( 0.000000000000000000, 0.000000000000000000, -1.000000000000000000 ) ) ;
#176 = EDGE_CURVE ( 'NONE', #2012, #2244, #1087, .T. ) ;
#177 = LINE ( 'NONE', #190, #802 ) ;
#178 = VECTOR ( 'NONE', #1075, 1000.000000000000000 ) ;
#179 = CIRCLE ( 'NONE', #2452, 41.99999999999999289 ) ;
#180 = LINE ( 'NONE', #852, #1439 ) ;
#181 = DIRECTION ( 'NONE',  ( 0.000000000000000000, -0.000000000000000000, 1.000000000000000000 ) ) ;
#182 = DIRECTION ( 'NONE',  ( 0.000000000000000000, 0.000000000000000000, 1.000000000000000000 ) ) ;
#183 = ORIENTED_EDGE ( 'NONE', *, *, #2726, .F. ) ;
#184 = LINE ( 'NONE', #1920, #1655 ) ;
#185 = ORIENTED_EDGE ( 'NONE', *, *, #736, .F. ) ;
#186 = VERTEX_POINT ( 'NONE', #1334 ) ;
#187 = CYLINDRICAL_SURFACE ( 'NONE', #2809, 3.000000000000002665 ) ;
#188 = EDGE_CURVE ( 'NONE', #1816, #1575, #221, .T. ) ;
#189 = DIRECTION ( 'NONE',  ( -0.000000000000000000, -0.000000000000000000, -1.000000000000000000 ) ) ;
#190 = CARTESIAN_POINT ( 'NONE',  ( 59.99999999999997158, -60.00000000000000711, 0.000000000000000000 ) ) ;
#191 = ORIENTED_EDGE ( 'NONE', *, *, #856, .F. ) ;
#192 = EDGE_CURVE ( 'NONE', #1645, #21, #1721, .T. ) ;
#193 = DIRECTION ( 'NONE',  ( 0.000000000000000000, 0.000000000000000000, -1.000000000000000000 ) ) ;
#194 = CARTESIAN_POINT ( 'NONE',  ( 0.000000000000000000, 6.938893903907228378E-15, 3.809999999999999609 ) ) ;
#195 = CARTESIAN_POINT ( 'NONE',  ( 59.99999999999997158, -57.00000000000000000, 3.809999999999999609 ) ) ;
#196 = EDGE_LOOP ( 'NONE', ( #2061, #2492, #1342, #1831 ) ) ;
#197 = CARTESIAN_POINT ( 'NONE',  ( 40.56888470414095593, -10.87039989430559217, 0.000000000000000000 ) ) ;
#198 = ORIENTED_EDGE ( 'NONE', *, *, #1915, .T. ) ;
#199 = ORIENTED_EDGE ( 'NONE', *, *, #843, .F. ) ;
#200 = DIRECTION ( 'NONE',  ( 1.000000000000000000, 0.000000000000000000, 0.000000000000000000 ) ) ;
#201 = CYLINDRICAL_SURFACE ( 'NONE', #2363, 41.99999999999999289 ) ;
#202 = CARTESIAN_POINT ( 'NONE',  ( -5.823428514806733958, 21.73333109150402365, 3.809999999999999609 ) ) ;
#203 = CARTESIAN_POINT ( 'NONE',  ( -5.823428514806562539, -21.73333109150405917, 0.000000000000000000 ) ) ;
#204 = CIRCLE ( 'NONE', #796, 47.99999999999999289 ) ;
#205 = DIRECTION ( 'NONE',  ( 0.000000000000000000, 0.000000000000000000, 1.000000000000000000 ) ) ;
#206 = DIRECTION ( 'NONE',  ( 1.000000000000000000, 0.000000000000000000, 0.000000000000000000 ) ) ;
#207 = EDGE_CURVE ( 'NONE', #2430, #932, #44, .T. ) ;
#208 = ORIENTED_EDGE ( 'NONE', *, *, #2665, .T. ) ;
#209 = CARTESIAN_POINT ( 'NONE',  ( 5.823428514806565204, 21.73333109150407338, 3.809999999999999609 ) ) ;
#210 = AXIS2_PLACEMENT_3D ( 'NONE', #2713, #367, #2485 ) ;
#211 = VECTOR ( 'NONE', #299, 1000.000000000000000 ) ;
#212 = VERTEX_POINT ( 'NONE', #1310 ) ;
#213 = ORIENTED_EDGE ( 'NONE', *, *, #2801, .F. ) ;
#214 = DIRECTION ( 'NONE',  ( -1.000000000000000000, 0.000000000000000000, 0.000000000000000000 ) ) ;
#215 = EDGE_CURVE ( 'NONE', #1583, #1005, #505, .T. ) ;
#216 = VECTOR ( 'NONE', #1708, 1000.000000000000000 ) ;
#217 = CIRCLE ( 'NONE', #1989, 4.500000000000003553 ) ;
#218 = CARTESIAN_POINT ( 'NONE',  ( 14.75268557084330823, 55.05777209847699538, 3.809999999999999609 ) ) ;
#219 = CC_DESIGN_SECURITY_CLASSIFICATION ( #541, ( #2727 ) ) ;
#220 = ORIENTED_EDGE ( 'NONE', *, *, #432, .T. ) ;
#221 = CIRCLE ( 'NONE', #1952, 26.99999999999999645 ) ;
#222 = DIRECTION ( 'NONE',  ( -0.000000000000000000, -0.000000000000000000, -1.000000000000000000 ) ) ;
#223 = DIRECTION ( 'NONE',  ( -0.000000000000000000, -0.000000000000000000, -1.000000000000000000 ) ) ;
#224 = CIRCLE ( 'NONE', #999, 4.500000000000000888 ) ;
#225 = ADVANCED_FACE ( 'NONE', ( #2672 ), #474, .F. ) ;
#226 = EDGE_LOOP ( 'NONE', ( #1819, #2805, #2415, #1174 ) ) ;
#227 = LINE ( 'NONE', #237, #1935 ) ;
#228 = VECTOR ( 'NONE', #1040, 1000.000000000000000 ) ;
#229 = ADVANCED_FACE ( 'NONE', ( #1101 ), #275, .F. ) ;
#230 = ORIENTED_EDGE ( 'NONE', *, *, #2429, .T. ) ;
#231 = CARTESIAN_POINT ( 'NONE',  ( 56.99999999999996447, -60.00000000000000711, 3.809999999999999609 ) ) ;
#232 = CARTESIAN_POINT ( 'NONE',  ( 26.07999730980489161, -6.988114217767871672, 3.809999999999999609 ) ) ;
#233 = CARTESIAN_POINT ( 'NONE',  ( 40.56888470414095593, -10.87039989430559217, 3.809999999999999609 ) ) ;
#234 = CARTESIAN_POINT ( 'NONE',  ( -40.56888470414034487, -10.87039989430779485, 0.000000000000000000 ) ) ;
#235 = LINE ( 'NONE', #1972, #1170 ) ;
#236 = ORIENTED_EDGE ( 'NONE', *, *, #527, .T. ) ;
#237 = CARTESIAN_POINT ( 'NONE',  ( -4.658742811846300569, 17.38666487320298160, 3.809999999999999609 ) ) ;
#238 = EDGE_CURVE ( 'NONE', #1893, #1651, #449, .T. ) ;
#239 = ORIENTED_EDGE ( 'NONE', *, *, #887, .T. ) ;
#240 = LINE ( 'NONE', #2178, #2029 ) ;
#241 = EDGE_CURVE ( 'NONE', #2521, #2216, #2037, .T. ) ;
#242 = ORIENTED_EDGE ( 'NONE', *, *, #2256, .F. ) ;
#243 = DIRECTION ( 'NONE',  ( 0.000000000000000000, 0.000000000000000000, 1.000000000000000000 ) ) ;
#244 = EDGE_CURVE ( 'NONE', #1763, #1805, #2177, .T. ) ;
#245 = ORIENTED_EDGE ( 'NONE', *, *, #143, .F. ) ;
#246 = CARTESIAN_POINT ( 'NONE',  ( -14.75268557084394239, 55.05777209847683196, 3.809999999999999609 ) ) ;
#247 = CARTESIAN_POINT ( 'NONE',  ( -13.58799986788198666, -50.71110588017617005, 3.809999999999999609 ) ) ;
#248 = DIRECTION ( 'NONE',  ( 1.000000000000000000, 0.000000000000000000, 0.000000000000000000 ) ) ;
#249 = ORIENTED_EDGE ( 'NONE', *, *, #172, .T. ) ;
#250 = CARTESIAN_POINT ( 'NONE',  ( -54.94999999999998863, 52.75000000000000711, 0.000000000000000000 ) ) ;
#251 = CIRCLE ( 'NONE', #1841, 3.000000000000002665 ) ;
#252 = ORIENTED_EDGE ( 'NONE', *, *, #1510, .F. ) ;
#253 = VECTOR ( 'NONE', #2141, 1000.000000000000000 ) ;
#254 = CARTESIAN_POINT ( 'NONE',  ( -4.658742811845247189, -17.38666487320325160, 0.000000000000000000 ) ) ;
#255 = CARTESIAN_POINT ( 'NONE',  ( 55.05777209847681064, 14.75268557084394949, 0.000000000000000000 ) ) ;
#256 = CIRCLE ( 'NONE', #482, 4.500000000000003553 ) ;
#257 = ADVANCED_FACE ( 'NONE', ( #666 ), #2412, .F. ) ;
#258 = AXIS2_PLACEMENT_3D ( 'NONE', #2467, #514, #1378 ) ;
#259 = CARTESIAN_POINT ( 'NONE',  ( 36.22221848584005244, 9.705714191344567254, 0.000000000000000000 ) ) ;
#260 = ORIENTED_EDGE ( 'NONE', *, *, #575, .T. ) ;
#261 = EDGE_CURVE ( 'NONE', #1779, #1204, #2191, .T. ) ;
#262 = CARTESIAN_POINT ( 'NONE',  ( -31.87555226753931237, 8.541028488382975681, 0.000000000000000000 ) ) ;
#263 = DIRECTION ( 'NONE',  ( 1.000000000000000000, 0.000000000000000000, 0.000000000000000000 ) ) ;
#264 = DIRECTION ( 'NONE',  ( -1.000000000000000000, 0.000000000000000000, 0.000000000000000000 ) ) ;
#265 = AXIS2_PLACEMENT_3D ( 'NONE', #2167, #2551, #433 ) ;
#266 = ORIENTED_EDGE ( 'NONE', *, *, #902, .T. ) ;
#267 = CARTESIAN_POINT ( 'NONE',  ( -50.71110588017606347, -13.58799986788238634, 3.809999999999999609 ) ) ;
#268 = VERTEX_POINT ( 'NONE', #1836 ) ;
#269 = VECTOR ( 'NONE', #127, 1000.000000000000000 ) ;
#270 = CARTESIAN_POINT ( 'NONE',  ( 14.75268557084394594, -55.05777209847680354, 3.809999999999999609 ) ) ;
#271 = DIRECTION ( 'NONE',  ( -0.000000000000000000, -0.000000000000000000, -1.000000000000000000 ) ) ;
#272 = EDGE_LOOP ( 'NONE', ( #1579, #2603, #236, #135, #2377, #2691, #997, #520 ) ) ;
#273 = CARTESIAN_POINT ( 'NONE',  ( 46.36443966187513865, 12.42331416492149287, 3.809999999999999609 ) ) ;
#274 = ADVANCED_FACE ( 'NONE', ( #303 ), #2711, .F. ) ;
#275 = CYLINDRICAL_SURFACE ( 'NONE', #949, 26.99999999999999645 ) ;
#276 = DIRECTION ( 'NONE',  ( -1.000000000000000000, 0.000000000000000000, 0.000000000000000000 ) ) ;
#277 = CARTESIAN_POINT ( 'NONE',  ( 9.705714191344281261, 36.22221848584013060, 3.809999999999999609 ) ) ;
#278 = EDGE_LOOP ( 'NONE', ( #507, #1513, #770, #2435 ) ) ;
#279 = EDGE_CURVE ( 'NONE', #1039, #1033, #909, .T. ) ;
#280 = VERTEX_POINT ( 'NONE', #1379 ) ;
#281 = CARTESIAN_POINT ( 'NONE',  ( -26.23333109150406628, 5.823428514806572309, 0.000000000000000000 ) ) ;
#282 = ORIENTED_EDGE ( 'NONE', *, *, #1722, .F. ) ;
#283 = DIRECTION ( 'NONE',  ( 1.000000000000000000, 0.000000000000000000, 0.000000000000000000 ) ) ;
#284 = CARTESIAN_POINT ( 'NONE',  ( -50.54999999999999005, -52.74999999999999289, 3.809999999999999609 ) ) ;
#285 = DIRECTION ( 'NONE',  ( -1.000000000000000000, 0.000000000000000000, 0.000000000000000000 ) ) ;
#286 = ORIENTED_EDGE ( 'NONE', *, *, #1400, .F. ) ;
#287 = VERTEX_POINT ( 'NONE', #1866 ) ;
#288 = DIRECTION ( 'NONE',  ( 0.000000000000000000, 0.000000000000000000, 1.000000000000000000 ) ) ;
#289 = CARTESIAN_POINT ( 'NONE',  ( 26.07999730980489161, -6.988114217767871672, 0.000000000000000000 ) ) ;
#290 = CYLINDRICAL_SURFACE ( 'NONE', #2634, 2.200000000000000622 ) ;
#291 = ORIENTED_EDGE ( 'NONE', *, *, #241, .T. ) ;
#292 = EDGE_CURVE ( 'NONE', #2322, #1359, #642, .T. ) ;
#293 = LINE ( 'NONE', #2258, #1249 ) ;
#294 = ORIENTED_EDGE ( 'NONE', *, *, #2290, .T. ) ;
#295 = LINE ( 'NONE', #1568, #2777 ) ;
#296 = AXIS2_PLACEMENT_3D ( 'NONE', #1083, #633, #1485 ) ;
#297 = DIRECTION ( 'NONE',  ( -1.000000000000000000, 0.000000000000000000, 0.000000000000000000 ) ) ;
#298 = AXIS2_PLACEMENT_3D ( 'NONE', #734, #1142, #2209 ) ;
#299 = DIRECTION ( 'NONE',  ( -1.000000000000000000, -1.156482317317871478E-16, 0.000000000000000000 ) ) ;
#300 = AXIS2_PLACEMENT_3D ( 'NONE', #1603, #1226, #1433 ) ;
#301 = VERTEX_POINT ( 'NONE', #2038 ) ;
#302 = AXIS2_PLACEMENT_3D ( 'NONE', #2279, #362, #2729 ) ;
#303 = FACE_OUTER_BOUND ( 'NONE', #765, .T. ) ;
#304 = CARTESIAN_POINT ( 'NONE',  ( 52.75000000000002132, 52.75000000000000711, 3.809999999999999609 ) ) ;
#305 = CYLINDRICAL_SURFACE ( 'NONE', #2496, 4.500000000000000888 ) ;
#306 = VERTEX_POINT ( 'NONE', #364 ) ;
#307 = AXIS2_PLACEMENT_3D ( 'NONE', #914, #1956, #1777 ) ;
#308 = VERTEX_POINT ( 'NONE', #2281 ) ;
#309 = VERTEX_POINT ( 'NONE', #1183 ) ;
#310 = CIRCLE ( 'NONE', #2357, 4.500000000000003553 ) ;
#311 = FACE_OUTER_BOUND ( 'NONE', #912, .T. ) ;
#312 = EDGE_CURVE ( 'NONE', #2573, #659, #1432, .T. ) ;
#313 = VERTEX_POINT ( 'NONE', #2052 ) ;
#314 = CYLINDRICAL_SURFACE ( 'NONE', #868, 4.500000000000002665 ) ;
#315 = VECTOR ( 'NONE', #916, 1000.000000000000000 ) ;
#316 = FACE_BOUND ( 'NONE', #944, .T. ) ;
#317 = AXIS2_PLACEMENT_3D ( 'NONE', #2383, #408, #819 ) ;
#318 = CARTESIAN_POINT ( 'NONE',  ( 0.000000000000000000, 6.938893903907228378E-15, 0.000000000000000000 ) ) ;
#319 = AXIS2_PLACEMENT_3D ( 'NONE', #524, #2262, #968 ) ;
#320 = VERTEX_POINT ( 'NONE', #1602 ) ;
#321 = DIRECTION ( 'NONE',  ( -1.000000000000000000, 0.000000000000000000, 0.000000000000000000 ) ) ;
#322 = DIRECTION ( 'NONE',  ( -1.000000000000000000, 0.000000000000000000, 0.000000000000000000 ) ) ;
#323 = PERSON_AND_ORGANIZATION_ROLE ( 'creator' ) ;
#324 = EDGE_LOOP ( 'NONE', ( #2271, #139, #836, #107 ) ) ;
#325 = CARTESIAN_POINT ( 'NONE',  ( 21.73333109150401654, 5.823428514806742839, 3.809999999999999609 ) ) ;
#326 = ORIENTED_EDGE ( 'NONE', *, *, #971, .T. ) ;
#327 = EDGE_LOOP ( 'NONE', ( #1707, #1276, #1234, #1784 ) ) ;
#328 = CARTESIAN_POINT ( 'NONE',  ( -36.22221848584012349, 9.705714191344291919, 3.809999999999999609 ) ) ;
#329 = EDGE_CURVE ( 'NONE', #1187, #1813, #224, .T. ) ;
#330 = FACE_OUTER_BOUND ( 'NONE', #2194, .T. ) ;
#331 = ORIENTED_EDGE ( 'NONE', *, *, #401, .F. ) ;
#332 = EDGE_CURVE ( 'NONE', #2012, #1187, #1420, .T. ) ;
#333 = CARTESIAN_POINT ( 'NONE',  ( 0.000000000000000000, 6.938893903907228378E-15, 0.000000000000000000 ) ) ;
#334 = CARTESIAN_POINT ( 'NONE',  ( -54.94999999999998863, 52.75000000000000711, 3.809999999999999609 ) ) ;
#335 = CARTESIAN_POINT ( 'NONE',  ( -9.705714191344277708, -36.22221848584011639, 3.809999999999999609 ) ) ;
#336 = APPROVAL_DATE_TIME ( #2515, #2770 ) ;
#337 = ORIENTED_EDGE ( 'NONE', *, *, #2786, .T. ) ;
#338 = CYLINDRICAL_SURFACE ( 'NONE', #2530, 4.499999999999995559 ) ;
#339 = ORIENTED_EDGE ( 'NONE', *, *, #2790, .T. ) ;
#340 = CYLINDRICAL_SURFACE ( 'NONE', #1491, 2.200000000000000622 ) ;
#341 = CYLINDRICAL_SURFACE ( 'NONE', #1944, 17.99999999999999645 ) ;
#342 = ORIENTED_EDGE ( 'NONE', *, *, #2635, .T. ) ;
#343 = CIRCLE ( 'NONE', #1467, 4.499999999999995559 ) ;
#344 = DIRECTION ( 'NONE',  ( -1.000000000000000000, 0.000000000000000000, 0.000000000000000000 ) ) ;
#345 = AXIS2_PLACEMENT_3D ( 'NONE', #45, #1984, #1356 ) ;
#346 = ADVANCED_FACE ( 'NONE', ( #2483 ), #133, .F. ) ;
#347 = DIRECTION ( 'NONE',  ( -1.000000000000000000, 0.000000000000000000, 0.000000000000000000 ) ) ;
#348 = VECTOR ( 'NONE', #2373, 1000.000000000000000 ) ;
#349 = DIRECTION ( 'NONE',  ( 1.000000000000000000, 0.000000000000000000, 0.000000000000000000 ) ) ;
#350 = ORIENTED_EDGE ( 'NONE', *, *, #1191, .F. ) ;
#351 = CIRCLE ( 'NONE', #1942, 41.99999999999999289 ) ;
#352 = EDGE_CURVE ( 'NONE', #920, #2302, #2039, .T. ) ;
#353 = EDGE_LOOP ( 'NONE', ( #872, #703, #845, #863 ) ) ;
#354 = CARTESIAN_POINT ( 'NONE',  ( 9.705714191344561925, -36.22221848584004533, 0.000000000000000000 ) ) ;
#355 = VECTOR ( 'NONE', #2263, 1000.000000000000000 ) ;
#356 = EDGE_LOOP ( 'NONE', ( #1815, #1954, #439, #1128 ) ) ;
#357 = ADVANCED_FACE ( 'NONE', ( #103 ), #1590, .F. ) ;
#358 = ORIENTED_EDGE ( 'NONE', *, *, #798, .F. ) ;
#359 = DIRECTION ( 'NONE',  ( -0.000000000000000000, -0.000000000000000000, -1.000000000000000000 ) ) ;
#360 = EDGE_LOOP ( 'NONE', ( #2762, #122, #454, #2044, #614 ) ) ;
#361 = VECTOR ( 'NONE', #2181, 1000.000000000000000 ) ;
#362 = DIRECTION ( 'NONE',  ( -0.000000000000000000, -0.000000000000000000, -1.000000000000000000 ) ) ;
#363 = AXIS2_PLACEMENT_3D ( 'NONE', #2688, #789, #987 ) ;
#364 = CARTESIAN_POINT ( 'NONE',  ( 17.38666487320296739, 4.658742811846306786, 3.809999999999999609 ) ) ;
#365 = AXIS2_PLACEMENT_3D ( 'NONE', #512, #925, #1787 ) ;
#366 = CLOSED_SHELL ( 'NONE', ( #274, #225, #2758, #2048, #1144, #2242, #2385, #2734, #917, #2319, #768, #1264, #732, #16, #2086, #2104, #2506, #1232, #1589, #1297, #357, #33, #2750, #1430, #1028, #1552, #1630, #229, #2549, #562, #955, #2345, #493, #699, #1807, #137, #1728, #2050, #1965, #611, #1157, #1161, #257, #937, #615, #537, #1464, #2523, #744, #1468, #2715, #2565, #663, #2417, #471, #1384, #877, #2200, #1049, #504, #1543, #369, #346, #1540, #2440, #2333, #1076, #1609, #573, #1523, #1213, #1366, #783, #696, #6, #488, #1244, #2152 ) ) ;
#367 = DIRECTION ( 'NONE',  ( -0.000000000000000000, -0.000000000000000000, -1.000000000000000000 ) ) ;
#368 = PERSON_AND_ORGANIZATION ( #1377, #1303 ) ;
#369 = ADVANCED_FACE ( 'NONE', ( #761 ), #2470, .F. ) ;
#370 = EDGE_LOOP ( 'NONE', ( #1502, #1425 ) ) ;
#371 = EDGE_LOOP ( 'NONE', ( #567, #938, #2101, #1094 ) ) ;
#372 = DIRECTION ( 'NONE',  ( -0.000000000000000000, -0.000000000000000000, -1.000000000000000000 ) ) ;
#373 = EDGE_CURVE ( 'NONE', #21, #1651, #2267, .T. ) ;
#374 = ORIENTED_EDGE ( 'NONE', *, *, #635, .T. ) ;
#375 = CARTESIAN_POINT ( 'NONE',  ( 59.99999999999997158, -60.00000000000000711, 3.809999999999999609 ) ) ;
#376 = ORIENTED_EDGE ( 'NONE', *, *, #1045, .F. ) ;
#377 = ORIENTED_EDGE ( 'NONE', *, *, #2605, .T. ) ;
#378 = CARTESIAN_POINT ( 'NONE',  ( 0.000000000000000000, 6.938893903907228378E-15, 3.809999999999999609 ) ) ;
#379 = LINE ( 'NONE', #2589, #2501 ) ;
#380 = CARTESIAN_POINT ( 'NONE',  ( -40.72221848584013060, 9.705714191344291919, 3.809999999999999609 ) ) ;
#381 = PERSON_AND_ORGANIZATION ( #1377, #1303 ) ;
#382 = EDGE_LOOP ( 'NONE', ( #2810, #894, #2701, #511, #198 ) ) ;
#383 = DIRECTION ( 'NONE',  ( -1.000000000000000000, 0.000000000000000000, 0.000000000000000000 ) ) ;
#384 = CARTESIAN_POINT ( 'NONE',  ( -52.74999999999999289, 52.75000000000000711, 3.809999999999999609 ) ) ;
#385 = EDGE_CURVE ( 'NONE', #1645, #1893, #515, .T. ) ;
#386 = VERTEX_POINT ( 'NONE', #1408 ) ;
#387 = CARTESIAN_POINT ( 'NONE',  ( 56.99999999999996447, -57.00000000000000000, 0.000000000000000000 ) ) ;
#388 = EDGE_LOOP ( 'NONE', ( #1681, #1499, #1921, #106 ) ) ;
#389 = VERTEX_POINT ( 'NONE', #334 ) ;
#390 = DIRECTION ( 'NONE',  ( -0.000000000000000000, -0.000000000000000000, -1.000000000000000000 ) ) ;
#391 = DIRECTION ( 'NONE',  ( -1.000000000000000000, 0.000000000000000000, 0.000000000000000000 ) ) ;
#392 = CARTESIAN_POINT ( 'NONE',  ( 50.55000000000001847, 52.75000000000000711, 0.000000000000000000 ) ) ;
#393 = CIRCLE ( 'NONE', #1752, 4.500000000000003553 ) ;
#394 = DIRECTION ( 'NONE',  ( 1.000000000000000000, 1.156482317317871725E-16, 0.000000000000000000 ) ) ;
#395 = DIRECTION ( 'NONE',  ( -0.000000000000000000, -0.000000000000000000, -1.000000000000000000 ) ) ;
#396 = CARTESIAN_POINT ( 'NONE',  ( 0.000000000000000000, 6.938893903907228378E-15, 3.809999999999999609 ) ) ;
#397 = AXIS2_PLACEMENT_3D ( 'NONE', #475, #1336, #1591 ) ;
#398 = EDGE_LOOP ( 'NONE', ( #1273, #538, #851, #1588 ) ) ;
#399 = CIRCLE ( 'NONE', #2211, 4.500000000000003553 ) ;
#400 = CARTESIAN_POINT ( 'NONE',  ( 54.95000000000001705, -52.74999999999999289, 0.000000000000000000 ) ) ;
#401 = EDGE_CURVE ( 'NONE', #1290, #953, #179, .T. ) ;
#402 = CIRCLE ( 'NONE', #991, 47.99999999999999289 ) ;
#403 = EDGE_LOOP ( 'NONE', ( #1018, #1245, #1222, #700 ) ) ;
#404 = ORIENTED_EDGE ( 'NONE', *, *, #1862, .T. ) ;
#405 = DIRECTION ( 'NONE',  ( 1.000000000000000000, 0.000000000000000000, 0.000000000000000000 ) ) ;
#406 = PRODUCT_DEFINITION ( 'UNKNOWN', '', #2727, #1927 ) ;
#407 = AXIS2_PLACEMENT_3D ( 'NONE', #2374, #656, #2153 ) ;
#408 = DIRECTION ( 'NONE',  ( 0.000000000000000000, 0.000000000000000000, 1.000000000000000000 ) ) ;
#409 = DIRECTION ( 'NONE',  ( 1.000000000000000000, 0.000000000000000000, 0.000000000000000000 ) ) ;
#410 = EDGE_LOOP ( 'NONE', ( #2314, #291, #1397, #31 ) ) ;
#411 = CARTESIAN_POINT ( 'NONE',  ( 0.000000000000000000, 6.938893903907228378E-15, 0.000000000000000000 ) ) ;
#412 = FACE_BOUND ( 'NONE', #1053, .T. ) ;
#413 = CARTESIAN_POINT ( 'NONE',  ( -5.823428514806562539, -21.73333109150405917, 3.809999999999999609 ) ) ;
#414 = ORIENTED_EDGE ( 'NONE', *, *, #85, .T. ) ;
#415 = LINE ( 'NONE', #456, #934 ) ;
#416 = ORIENTED_EDGE ( 'NONE', *, *, #2382, .T. ) ;
#417 = EDGE_CURVE ( 'NONE', #1021, #813, #1221, .T. ) ;
#418 = VERTEX_POINT ( 'NONE', #1648 ) ;
#419 = CARTESIAN_POINT ( 'NONE',  ( 0.000000000000000000, 6.938893903907228378E-15, 3.809999999999999609 ) ) ;
#420 = EDGE_CURVE ( 'NONE', #2297, #155, #683, .T. ) ;
#421 = FACE_OUTER_BOUND ( 'NONE', #2548, .T. ) ;
#422 = DIRECTION ( 'NONE',  ( -0.000000000000000000, -0.000000000000000000, -1.000000000000000000 ) ) ;
#423 = LINE ( 'NONE', #869, #1904 ) ;
#424 = DIRECTION ( 'NONE',  ( 0.000000000000000000, 0.000000000000000000, 1.000000000000000000 ) ) ;
#425 = DIRECTION ( 'NONE',  ( 1.000000000000000000, 0.000000000000000000, 0.000000000000000000 ) ) ;
#426 = ORIENTED_EDGE ( 'NONE', *, *, #261, .F. ) ;
#427 = CARTESIAN_POINT ( 'NONE',  ( -26.07999730980473529, -6.988114217768414349, 3.809999999999999609 ) ) ;
#428 = ORIENTED_EDGE ( 'NONE', *, *, #373, .F. ) ;
#429 = ORIENTED_EDGE ( 'NONE', *, *, #902, .F. ) ;
#430 = CARTESIAN_POINT ( 'NONE',  ( -17.38666487320325515, 4.658742811845257847, 3.809999999999999609 ) ) ;
#431 = CARTESIAN_POINT ( 'NONE',  ( -21.73333109150406628, 5.823428514806572309, 0.000000000000000000 ) ) ;
#432 = EDGE_CURVE ( 'NONE', #308, #1567, #1046, .T. ) ;
#433 = DIRECTION ( 'NONE',  ( 1.000000000000000000, 0.000000000000000000, 0.000000000000000000 ) ) ;
#434 = CIRCLE ( 'NONE', #1070, 41.99999999999999289 ) ;
#435 = FACE_BOUND ( 'NONE', #725, .T. ) ;
#436 = DIRECTION ( 'NONE',  ( 1.000000000000000000, 0.000000000000000000, 0.000000000000000000 ) ) ;
#437 = EDGE_CURVE ( 'NONE', #2799, #791, #2366, .T. ) ;
#438 = AXIS2_PLACEMENT_3D ( 'NONE', #325, #1230, #1199 ) ;
#439 = ORIENTED_EDGE ( 'NONE', *, *, #630, .T. ) ;
#440 = DIRECTION ( 'NONE',  ( -0.000000000000000000, -0.000000000000000000, -1.000000000000000000 ) ) ;
#441 = VECTOR ( 'NONE', #1505, 1000.000000000000000 ) ;
#442 = AXIS2_PLACEMENT_3D ( 'NONE', #2668, #2454, #915 ) ;
#443 = VERTEX_POINT ( 'NONE', #2355 ) ;
#444 = DIRECTION ( 'NONE',  ( 0.000000000000000000, 0.000000000000000000, 1.000000000000000000 ) ) ;
#445 = CIRCLE ( 'NONE', #2768, 4.500000000000002665 ) ;
#446 = AXIS2_PLACEMENT_3D ( 'NONE', #2647, #2444, #1811 ) ;
#447 = CARTESIAN_POINT ( 'NONE',  ( -40.56888470414094172, 10.87039989430559928, 3.809999999999999609 ) ) ;
#448 = CARTESIAN_POINT ( 'NONE',  ( 6.988114217768421454, -26.07999730980472819, 3.809999999999999609 ) ) ;
#449 = CIRCLE ( 'NONE', #590, 4.500000000000002665 ) ;
#450 = EDGE_CURVE ( 'NONE', #2746, #2521, #2820, .T. ) ;
#451 = DIRECTION ( 'NONE',  ( -0.000000000000000000, -0.000000000000000000, -1.000000000000000000 ) ) ;
#452 = DIRECTION ( 'NONE',  ( 1.000000000000000000, 0.000000000000000000, 0.000000000000000000 ) ) ;
#453 = AXIS2_PLACEMENT_3D ( 'NONE', #576, #2338, #1683 ) ;
#454 = ORIENTED_EDGE ( 'NONE', *, *, #522, .T. ) ;
#455 = APPROVAL ( #1434, 'UNSPECIFIED' ) ;
#456 = CARTESIAN_POINT ( 'NONE',  ( 50.55000000000001847, -52.74999999999999289, 3.809999999999999609 ) ) ;
#457 = CIRCLE ( 'NONE', #2, 4.500000000000003553 ) ;
#458 = ORIENTED_EDGE ( 'NONE', *, *, #241, .F. ) ;
#459 = CARTESIAN_POINT ( 'NONE',  ( 50.55000000000001847, -52.74999999999999289, 0.000000000000000000 ) ) ;
#460 = ORIENTED_EDGE ( 'NONE', *, *, #1647, .F. ) ;
#461 = CARTESIAN_POINT ( 'NONE',  ( -8.541028488382982786, -31.87555226753930526, 3.809999999999999609 ) ) ;
#462 = LINE ( 'NONE', #448, #2405 ) ;
#463 = CARTESIAN_POINT ( 'NONE',  ( 5.823428514806736622, -21.73333109150400944, 3.809999999999999609 ) ) ;
#464 = CARTESIAN_POINT ( 'NONE',  ( 8.541028488382762518, -31.87555226753935855, 0.000000000000000000 ) ) ;
#465 = ORIENTED_EDGE ( 'NONE', *, *, #2063, .T. ) ;
#466 = DIRECTION ( 'NONE',  ( -0.000000000000000000, 0.000000000000000000, -1.000000000000000000 ) ) ;
#467 = EDGE_CURVE ( 'NONE', #2709, #1567, #621, .T. ) ;
#468 = ORIENTED_EDGE ( 'NONE', *, *, #1008, .F. ) ;
#469 = DIRECTION ( 'NONE',  ( -0.000000000000000000, -0.000000000000000000, -1.000000000000000000 ) ) ;
#470 = DIRECTION ( 'NONE',  ( 1.000000000000000000, 0.000000000000000000, 0.000000000000000000 ) ) ;
#471 = ADVANCED_FACE ( 'NONE', ( #833 ), #201, .F. ) ;
#472 = DIRECTION ( 'NONE',  ( 1.000000000000000000, 0.000000000000000000, 0.000000000000000000 ) ) ;
#473 = ORIENTED_EDGE ( 'NONE', *, *, #2510, .F. ) ;
#474 = CYLINDRICAL_SURFACE ( 'NONE', #2175, 4.499999999999997335 ) ;
#475 = CARTESIAN_POINT ( 'NONE',  ( 0.000000000000000000, 6.938893903907228378E-15, 0.000000000000000000 ) ) ;
#476 = CARTESIAN_POINT ( 'NONE',  ( -8.541028488382982786, -31.87555226753930526, 0.000000000000000000 ) ) ;
#477 = CIRCLE ( 'NONE', #2575, 33.00000000000000000 ) ;
#478 = ORIENTED_EDGE ( 'NONE', *, *, #143, .T. ) ;
#479 = CARTESIAN_POINT ( 'NONE',  ( 5.823428514806736622, -21.73333109150400944, 0.000000000000000000 ) ) ;
#480 = AXIS2_PLACEMENT_3D ( 'NONE', #853, #205, #2818 ) ;
#481 = ORIENTED_EDGE ( 'NONE', *, *, #1949, .T. ) ;
#482 = AXIS2_PLACEMENT_3D ( 'NONE', #962, #779, #1184 ) ;
#483 = DIRECTION ( 'NONE',  ( -0.000000000000000000, -0.000000000000000000, -1.000000000000000000 ) ) ;
#484 = EDGE_CURVE ( 'NONE', #171, #2430, #1308, .T. ) ;
#485 = CARTESIAN_POINT ( 'NONE',  ( -4.658742811846300569, 17.38666487320298160, 3.809999999999999609 ) ) ;
#486 = AXIS2_PLACEMENT_3D ( 'NONE', #731, #945, #344 ) ;
#487 = CIRCLE ( 'NONE', #1617, 4.499999999999995559 ) ;
#488 = ADVANCED_FACE ( 'NONE', ( #421 ), #1730, .T. ) ;
#489 = CARTESIAN_POINT ( 'NONE',  ( 10.87039989430559928, 40.56888470414095593, 3.809999999999999609 ) ) ;
#490 = AXIS2_PLACEMENT_3D ( 'NONE', #2312, #1868, #579 ) ;
#491 = DIRECTION ( 'NONE',  ( -0.000000000000000000, -0.000000000000000000, -1.000000000000000000 ) ) ;
#492 = CARTESIAN_POINT ( 'NONE',  ( 36.22221848584013770, -9.705714191344251063, 3.809999999999999609 ) ) ;
#493 = ADVANCED_FACE ( 'NONE', ( #2105 ), #1279, .F. ) ;
#494 = CARTESIAN_POINT ( 'NONE',  ( -21.73333109150401654, -5.823428514806731293, 3.809999999999999609 ) ) ;
#495 = AXIS2_PLACEMENT_3D ( 'NONE', #2142, #1241, #2592 ) ;
#496 = EDGE_LOOP ( 'NONE', ( #161, #1640, #185, #1656, #591 ) ) ;
#497 = DIRECTION ( 'NONE',  ( 1.000000000000000000, 0.000000000000000000, 0.000000000000000000 ) ) ;
#498 = AXIS2_PLACEMENT_3D ( 'NONE', #594, #189, #2325 ) ;
#499 = ORIENTED_EDGE ( 'NONE', *, *, #2139, .F. ) ;
#500 = CIRCLE ( 'NONE', #88, 4.500000000000000888 ) ;
#501 = CYLINDRICAL_SURFACE ( 'NONE', #686, 17.99999999999999645 ) ;
#502 = DIRECTION ( 'NONE',  ( -0.000000000000000000, -0.000000000000000000, -1.000000000000000000 ) ) ;
#503 = LINE ( 'NONE', #447, #1343 ) ;
#504 = ADVANCED_FACE ( 'NONE', ( #2544 ), #2092, .F. ) ;
#505 = LINE ( 'NONE', #2617, #361 ) ;
#506 = CARTESIAN_POINT ( 'NONE',  ( 55.05777209847699538, -14.75268557084330112, 3.809999999999999609 ) ) ;
#507 = ORIENTED_EDGE ( 'NONE', *, *, #176, .T. ) ;
#508 = EDGE_CURVE ( 'NONE', #1599, #992, #379, .T. ) ;
#509 = ORIENTED_EDGE ( 'NONE', *, *, #61, .F. ) ;
#510 = DIRECTION ( 'NONE',  ( 1.000000000000000000, 0.000000000000000000, 0.000000000000000000 ) ) ;
#511 = ORIENTED_EDGE ( 'NONE', *, *, #542, .T. ) ;
#512 = CARTESIAN_POINT ( 'NONE',  ( 21.73333109150401654, 5.823428514806742839, 0.000000000000000000 ) ) ;
#513 = FACE_BOUND ( 'NONE', #1928, .T. ) ;
#514 = DIRECTION ( 'NONE',  ( -0.000000000000000000, -0.000000000000000000, -1.000000000000000000 ) ) ;
#515 = LINE ( 'NONE', #2500, #593 ) ;
#516 = DIRECTION ( 'NONE',  ( -0.000000000000000000, -0.000000000000000000, -1.000000000000000000 ) ) ;
#517 = DIRECTION ( 'NONE',  ( 0.000000000000000000, 0.000000000000000000, 1.000000000000000000 ) ) ;
#518 = EDGE_CURVE ( 'NONE', #805, #2670, #608, .T. ) ;
#519 = VERTEX_POINT ( 'NONE', #1710 ) ;
#520 = ORIENTED_EDGE ( 'NONE', *, *, #1400, .T. ) ;
#521 = CYLINDRICAL_SURFACE ( 'NONE', #1839, 41.99999999999999289 ) ;
#522 = EDGE_CURVE ( 'NONE', #2780, #519, #2083, .T. ) ;
#523 = ORIENTED_EDGE ( 'NONE', *, *, #835, .T. ) ;
#524 = CARTESIAN_POINT ( 'NONE',  ( 9.705714191344281261, 36.22221848584013060, 0.000000000000000000 ) ) ;
#525 = CIRCLE ( 'NONE', #1112, 4.500000000000003553 ) ;
#526 = CARTESIAN_POINT ( 'NONE',  ( -10.87039989430779308, 40.56888470414035908, 3.809999999999999609 ) ) ;
#527 = EDGE_CURVE ( 'NONE', #2566, #1723, #640, .T. ) ;
#528 = AXIS2_PLACEMENT_3D ( 'NONE', #2532, #123, #1452 ) ;
#529 = DIRECTION ( 'NONE',  ( -0.000000000000000000, -0.000000000000000000, -1.000000000000000000 ) ) ;
#530 = VECTOR ( 'NONE', #7, 1000.000000000000000 ) ;
#531 = VECTOR ( 'NONE', #1168, 1000.000000000000000 ) ;
#532 = DIRECTION ( 'NONE',  ( -0.000000000000000000, -0.000000000000000000, -1.000000000000000000 ) ) ;
#533 = CARTESIAN_POINT ( 'NONE',  ( -57.00000000000002132, 59.99999999999997868, 3.809999999999999609 ) ) ;
#534 = COORDINATED_UNIVERSAL_TIME_OFFSET ( 5, 0, .BEHIND. ) ;
#535 = AXIS2_PLACEMENT_3D ( 'NONE', #1108, #1976, #54 ) ;
#536 = ORIENTED_EDGE ( 'NONE', *, *, #1569, .T. ) ;
#537 = ADVANCED_FACE ( 'NONE', ( #1504 ), #1447, .F. ) ;
#538 = ORIENTED_EDGE ( 'NONE', *, *, #2473, .T. ) ;
#539 = CIRCLE ( 'NONE', #2125, 4.500000000000003553 ) ;
#540 = CARTESIAN_POINT ( 'NONE',  ( -17.38666487320296739, -4.658742811846294352, 0.000000000000000000 ) ) ;
#541 = SECURITY_CLASSIFICATION ( '', '', #2055 ) ;
#542 = EDGE_CURVE ( 'NONE', #1469, #1735, #1955, .T. ) ;
#543 = EDGE_LOOP ( 'NONE', ( #2482, #1653, #766, #1719, #2389 ) ) ;
#544 = DIRECTION ( 'NONE',  ( 0.000000000000000000, 0.000000000000000000, 1.000000000000000000 ) ) ;
#545 = CIRCLE ( 'NONE', #680, 2.200000000000000622 ) ;
#546 = CARTESIAN_POINT ( 'NONE',  ( -12.42331416492070240, -46.36443966187534471, 3.809999999999999609 ) ) ;
#547 = EDGE_CURVE ( 'NONE', #1701, #1204, #1442, .T. ) ;
#548 = ORIENTED_EDGE ( 'NONE', *, *, #1895, .T. ) ;
#549 = ORIENTED_EDGE ( 'NONE', *, *, #575, .F. ) ;
#550 = LINE ( 'NONE', #1824, #211 ) ;
#551 = ORIENTED_EDGE ( 'NONE', *, *, #1281, .T. ) ;
#552 = DIRECTION ( 'NONE',  ( -0.000000000000000000, -0.000000000000000000, -1.000000000000000000 ) ) ;
#553 = DIRECTION ( 'NONE',  ( 0.000000000000000000, 0.000000000000000000, 1.000000000000000000 ) ) ;
#554 = ORIENTED_EDGE ( 'NONE', *, *, #1313, .F. ) ;
#555 = FACE_OUTER_BOUND ( 'NONE', #1445, .T. ) ;
#556 = EDGE_LOOP ( 'NONE', ( #1801, #326, #294, #1488, #1642 ) ) ;
#557 = DIRECTION ( 'NONE',  ( 1.000000000000000000, 0.000000000000000000, 0.000000000000000000 ) ) ;
#558 = CARTESIAN_POINT ( 'NONE',  ( 0.000000000000000000, 6.938893903907228378E-15, 3.809999999999999609 ) ) ;
#559 = EDGE_CURVE ( 'NONE', #2379, #2738, #1014, .T. ) ;
#560 = EDGE_LOOP ( 'NONE', ( #1248, #636, #1820, #1240 ) ) ;
#561 = LINE ( 'NONE', #1428, #1166 ) ;
#562 = ADVANCED_FACE ( 'NONE', ( #41 ), #1597, .T. ) ;
#563 = CARTESIAN_POINT ( 'NONE',  ( 52.75000000000002132, -52.74999999999999289, 0.000000000000000000 ) ) ;
#564 = DIRECTION ( 'NONE',  ( 1.000000000000000000, 0.000000000000000000, 0.000000000000000000 ) ) ;
#565 = APPROVAL_ROLE ( '' ) ;
#566 = ORIENTED_EDGE ( 'NONE', *, *, #1011, .F. ) ;
#567 = ORIENTED_EDGE ( 'NONE', *, *, #874, .F. ) ;
#568 = CYLINDRICAL_SURFACE ( 'NONE', #893, 17.99999999999999645 ) ;
#569 = VERTEX_POINT ( 'NONE', #270 ) ;
#570 = CARTESIAN_POINT ( 'NONE',  ( 0.000000000000000000, 6.938893903907228378E-15, 3.809999999999999609 ) ) ;
#571 = ORIENTED_EDGE ( 'NONE', *, *, #1774, .F. ) ;
#572 = CIRCLE ( 'NONE', #1025, 4.500000000000003553 ) ;
#573 = ADVANCED_FACE ( 'NONE', ( #2662 ), #1122, .T. ) ;
#574 = CARTESIAN_POINT ( 'NONE',  ( 4.658742811845251630, 17.38666487320326226, 3.809999999999999609 ) ) ;
#575 = EDGE_CURVE ( 'NONE', #1275, #1364, #1089, .T. ) ;
#576 = CARTESIAN_POINT ( 'NONE',  ( -36.22221848584012349, 9.705714191344291919, 0.000000000000000000 ) ) ;
#577 = CIRCLE ( 'NONE', #2116, 4.500000000000000888 ) ;
#578 = CYLINDRICAL_SURFACE ( 'NONE', #2716, 2.200000000000000622 ) ;
#579 = DIRECTION ( 'NONE',  ( 1.000000000000000000, 0.000000000000000000, 0.000000000000000000 ) ) ;
#580 = ORIENTED_EDGE ( 'NONE', *, *, #1823, .T. ) ;
#581 = VERTEX_POINT ( 'NONE', #2431 ) ;
#582 = ORIENTED_EDGE ( 'NONE', *, *, #2683, .F. ) ;
#583 = AXIS2_PLACEMENT_3D ( 'NONE', #2149, #2352, #144 ) ;
#584 = VERTEX_POINT ( 'NONE', #1164 ) ;
#585 = DIRECTION ( 'NONE',  ( -1.000000000000000000, 0.000000000000000000, 0.000000000000000000 ) ) ;
#586 = VECTOR ( 'NONE', #2400, 1000.000000000000000 ) ;
#587 = VERTEX_POINT ( 'NONE', #2005 ) ;
#588 = DIRECTION ( 'NONE',  ( -1.000000000000000000, 0.000000000000000000, 0.000000000000000000 ) ) ;
#589 = VERTEX_POINT ( 'NONE', #254 ) ;
#590 = AXIS2_PLACEMENT_3D ( 'NONE', #1354, #1141, #1970 ) ;
#591 = ORIENTED_EDGE ( 'NONE', *, *, #2543, .F. ) ;
#592 = DIRECTION ( 'NONE',  ( 1.000000000000000000, 0.000000000000000000, 0.000000000000000000 ) ) ;
#593 = VECTOR ( 'NONE', #552, 1000.000000000000000 ) ;
#594 = CARTESIAN_POINT ( 'NONE',  ( 50.71110588017618426, -13.58799986788196890, 3.809999999999999609 ) ) ;
#595 = AXIS2_PLACEMENT_3D ( 'NONE', #1010, #2749, #979 ) ;
#596 = CARTESIAN_POINT ( 'NONE',  ( 9.087999867881991989, 50.71110588017618426, 0.000000000000000000 ) ) ;
#597 = PERSON_AND_ORGANIZATION ( #1377, #1303 ) ;
#598 = ORIENTED_EDGE ( 'NONE', *, *, #599, .F. ) ;
#599 = EDGE_CURVE ( 'NONE', #443, #1469, #2318, .T. ) ;
#600 = ORIENTED_EDGE ( 'NONE', *, *, #2660, .F. ) ;
#601 = CARTESIAN_POINT ( 'NONE',  ( -36.22221848584005244, -9.705714191344556596, 3.809999999999999609 ) ) ;
#602 = CARTESIAN_POINT ( 'NONE',  ( -14.75268557084394239, 55.05777209847683196, 0.000000000000000000 ) ) ;
#603 = EDGE_LOOP ( 'NONE', ( #2286, #571, #2422, #2212, #713 ) ) ;
#604 = DIRECTION ( 'NONE',  ( -0.000000000000000000, -0.000000000000000000, -1.000000000000000000 ) ) ;
#605 = ORIENTED_EDGE ( 'NONE', *, *, #1556, .T. ) ;
#606 = ORIENTED_EDGE ( 'NONE', *, *, #990, .T. ) ;
#607 = CARTESIAN_POINT ( 'NONE',  ( 50.55000000000001847, 52.75000000000000711, 3.809999999999999609 ) ) ;
#608 = LINE ( 'NONE', #2796, #1266 ) ;
#609 = LINE ( 'NONE', #1899, #1612 ) ;
#610 = CARTESIAN_POINT ( 'NONE',  ( 52.75000000000002132, -52.74999999999999289, 3.809999999999999609 ) ) ;
#611 = ADVANCED_FACE ( 'NONE', ( #1149 ), #314, .F. ) ;
#612 = LINE ( 'NONE', #1462, #1473 ) ;
#613 = CARTESIAN_POINT ( 'NONE',  ( -21.73333109150406628, 5.823428514806572309, 3.809999999999999609 ) ) ;
#614 = ORIENTED_EDGE ( 'NONE', *, *, #2256, .T. ) ;
#615 = ADVANCED_FACE ( 'NONE', ( #2016 ), #1179, .T. ) ;
#616 = DIRECTION ( 'NONE',  ( 1.000000000000000000, 0.000000000000000000, 0.000000000000000000 ) ) ;
#617 = EDGE_LOOP ( 'NONE', ( #2367, #1690, #2350, #2648 ) ) ;
#618 = ORIENTED_EDGE ( 'NONE', *, *, #1698, .F. ) ;
#619 = DIRECTION ( 'NONE',  ( 1.000000000000000000, 0.000000000000000000, 0.000000000000000000 ) ) ;
#620 = CIRCLE ( 'NONE', #1977, 4.500000000000000888 ) ;
#621 = LINE ( 'NONE', #2371, #817 ) ;
#622 = CYLINDRICAL_SURFACE ( 'NONE', #1163, 4.500000000000003553 ) ;
#623 = CIRCLE ( 'NONE', #1980, 4.500000000000005329 ) ;
#624 = EDGE_LOOP ( 'NONE', ( #2488, #1660, #1169, #2278 ) ) ;
#625 = AXIS2_PLACEMENT_3D ( 'NONE', #2744, #553, #2700 ) ;
#626 = VERTEX_POINT ( 'NONE', #2217 ) ;
#627 = FACE_BOUND ( 'NONE', #1437, .T. ) ;
#628 = CARTESIAN_POINT ( 'NONE',  ( -40.72221848584004533, -9.705714191344556596, 3.809999999999999609 ) ) ;
#629 = AXIS2_PLACEMENT_3D ( 'NONE', #333, #2480, #2524 ) ;
#630 = EDGE_CURVE ( 'NONE', #1033, #1173, #500, .T. ) ;
#631 = EDGE_LOOP ( 'NONE', ( #239, #1231, #1639, #600 ) ) ;
#632 = VECTOR ( 'NONE', #114, 1000.000000000000000 ) ;
#633 = DIRECTION ( 'NONE',  ( 0.000000000000000000, 0.000000000000000000, 1.000000000000000000 ) ) ;
#634 = CIRCLE ( 'NONE', #2075, 2.200000000000000622 ) ;
#635 = EDGE_CURVE ( 'NONE', #155, #2427, #1090, .T. ) ;
#636 = ORIENTED_EDGE ( 'NONE', *, *, #2136, .T. ) ;
#637 = EDGE_LOOP ( 'NONE', ( #1457, #1041, #2449, #1533 ) ) ;
#638 = CYLINDRICAL_SURFACE ( 'NONE', #2813, 4.500000000000000888 ) ;
#639 = CIRCLE ( 'NONE', #495, 4.500000000000003553 ) ;
#640 = LINE ( 'NONE', #1071, #1176 ) ;
#641 = LINE ( 'NONE', #380, #2487 ) ;
#642 = CIRCLE ( 'NONE', #363, 4.500000000000003553 ) ;
#643 = ORIENTED_EDGE ( 'NONE', *, *, #2115, .F. ) ;
#644 = DIRECTION ( 'NONE',  ( 0.000000000000000000, 0.000000000000000000, 1.000000000000000000 ) ) ;
#645 = LINE ( 'NONE', #1258, #2538 ) ;
#646 = EDGE_LOOP ( 'NONE', ( #1908, #79, #688, #1878 ) ) ;
#647 = DIRECTION ( 'NONE',  ( 0.000000000000000000, 0.000000000000000000, 1.000000000000000000 ) ) ;
#648 = ORIENTED_EDGE ( 'NONE', *, *, #2726, .T. ) ;
#649 = VERTEX_POINT ( 'NONE', #97 ) ;
#650 = EDGE_CURVE ( 'NONE', #2566, #2379, #2245, .T. ) ;
#651 = CARTESIAN_POINT ( 'NONE',  ( 31.87555226753930526, -8.541028488382979234, 3.809999999999999609 ) ) ;
#652 = ORIENTED_EDGE ( 'NONE', *, *, #102, .F. ) ;
#653 = CARTESIAN_POINT ( 'NONE',  ( 0.000000000000000000, 6.938893903907228378E-15, 3.809999999999999609 ) ) ;
#654 = EDGE_CURVE ( 'NONE', #569, #1055, #295, .T. ) ;
#655 = DIRECTION ( 'NONE',  ( 1.000000000000000000, 0.000000000000000000, 0.000000000000000000 ) ) ;
#656 = DIRECTION ( 'NONE',  ( 0.000000000000000000, 0.000000000000000000, 1.000000000000000000 ) ) ;
#657 = CARTESIAN_POINT ( 'NONE',  ( 4.658742811846299681, -17.38666487320296028, 3.809999999999999609 ) ) ;
#658 = DIRECTION ( 'NONE',  ( -0.000000000000000000, -0.000000000000000000, -1.000000000000000000 ) ) ;
#659 = VERTEX_POINT ( 'NONE', #1138 ) ;
#660 = DIRECTION ( 'NONE',  ( 0.000000000000000000, 0.000000000000000000, 1.000000000000000000 ) ) ;
#661 = EDGE_LOOP ( 'NONE', ( #1905, #825, #2001, #2011, #2227 ) ) ;
#662 = CARTESIAN_POINT ( 'NONE',  ( 55.05777209847699538, -14.75268557084330112, 3.809999999999999609 ) ) ;
#663 = ADVANCED_FACE ( 'NONE', ( #2450 ), #501, .T. ) ;
#664 = FACE_OUTER_BOUND ( 'NONE', #1056, .T. ) ;
#665 = EDGE_CURVE ( 'NONE', #1227, #1693, #1443, .T. ) ;
#666 = FACE_OUTER_BOUND ( 'NONE', #2233, .T. ) ;
#667 = CARTESIAN_POINT ( 'NONE',  ( 5.205714191344567254, -36.22221848584004533, 3.809999999999999609 ) ) ;
#668 = DIRECTION ( 'NONE',  ( 1.000000000000000000, 0.000000000000000000, 0.000000000000000000 ) ) ;
#669 = CIRCLE ( 'NONE', #756, 4.499999999999995559 ) ;
#670 = ORIENTED_EDGE ( 'NONE', *, *, #786, .F. ) ;
#671 = CARTESIAN_POINT ( 'NONE',  ( 9.087999867882391669, -50.71110588017605636, 3.809999999999999609 ) ) ;
#672 = AXIS2_PLACEMENT_3D ( 'NONE', #694, #930, #1548 ) ;
#673 = CIRCLE ( 'NONE', #2441, 4.499999999999997335 ) ;
#674 = ORIENTED_EDGE ( 'NONE', *, *, #2067, .F. ) ;
#675 = CARTESIAN_POINT ( 'NONE',  ( 13.58799986788199377, 50.71110588017618426, 3.809999999999999609 ) ) ;
#676 = VECTOR ( 'NONE', #1243, 1000.000000000000000 ) ;
#677 = CIRCLE ( 'NONE', #1804, 4.499999999999997335 ) ;
#678 = DIRECTION ( 'NONE',  ( -1.000000000000000000, 0.000000000000000000, 0.000000000000000000 ) ) ;
#679 = DIRECTION ( 'NONE',  ( 0.000000000000000000, 0.000000000000000000, 1.000000000000000000 ) ) ;
#680 = AXIS2_PLACEMENT_3D ( 'NONE', #2127, #1674, #1929 ) ;
#681 = FACE_OUTER_BOUND ( 'NONE', #1001, .T. ) ;
#682 = EDGE_CURVE ( 'NONE', #2585, #2573, #726, .T. ) ;
#683 = CIRCLE ( 'NONE', #453, 4.500000000000003553 ) ;
#684 = EDGE_LOOP ( 'NONE', ( #2517, #828, #2160, #1882 ) ) ;
#685 = CARTESIAN_POINT ( 'NONE',  ( 59.99999999999997158, 56.99999999999998579, 3.809999999999999609 ) ) ;
#686 = AXIS2_PLACEMENT_3D ( 'NONE', #1832, #940, #1362 ) ;
#687 = EDGE_CURVE ( 'NONE', #805, #1068, #1309, .T. ) ;
#688 = ORIENTED_EDGE ( 'NONE', *, *, #1753, .T. ) ;
#689 = CARTESIAN_POINT ( 'NONE',  ( -40.72221848584013060, 9.705714191344291919, 0.000000000000000000 ) ) ;
#690 = DIRECTION ( 'NONE',  ( 0.000000000000000000, -0.000000000000000000, 1.000000000000000000 ) ) ;
#691 = MANIFOLD_SOLID_BREP ( 'Fillet1', #366 ) ;
#692 = EDGE_LOOP ( 'NONE', ( #1626, #1881, #2516, #598 ) ) ;
#693 = CARTESIAN_POINT ( 'NONE',  ( 1.323428514806735956, -21.73333109150400944, 3.809999999999999609 ) ) ;
#694 = CARTESIAN_POINT ( 'NONE',  ( -21.73333109150401654, -5.823428514806731293, 0.000000000000000000 ) ) ;
#695 = FACE_OUTER_BOUND ( 'NONE', #398, .T. ) ;
#696 = ADVANCED_FACE ( 'NONE', ( #753 ), #1613, .F. ) ;
#697 = ORIENTED_EDGE ( 'NONE', *, *, #682, .T. ) ;
#698 = DIRECTION ( 'NONE',  ( -0.000000000000000000, -0.000000000000000000, -1.000000000000000000 ) ) ;
#699 = ADVANCED_FACE ( 'NONE', ( #2321 ), #1678, .T. ) ;
#700 = ORIENTED_EDGE ( 'NONE', *, *, #1895, .F. ) ;
#701 = DIRECTION ( 'NONE',  ( 1.000000000000000000, 0.000000000000000000, 0.000000000000000000 ) ) ;
#702 = CYLINDRICAL_SURFACE ( 'NONE', #1566, 4.500000000000003553 ) ;
#703 = ORIENTED_EDGE ( 'NONE', *, *, #518, .F. ) ;
#704 = CARTESIAN_POINT ( 'NONE',  ( 9.705714191344561925, -36.22221848584004533, 0.000000000000000000 ) ) ;
#705 = VERTEX_POINT ( 'NONE', #1847 ) ;
#706 = DIRECTION ( 'NONE',  ( -0.000000000000000000, -0.000000000000000000, -1.000000000000000000 ) ) ;
#707 = FACE_OUTER_BOUND ( 'NONE', #353, .T. ) ;
#708 = DIRECTION ( 'NONE',  ( -1.000000000000000000, 0.000000000000000000, 0.000000000000000000 ) ) ;
#709 = AXIS2_PLACEMENT_3D ( 'NONE', #1066, #1315, #1054 ) ;
#710 = ORIENTED_EDGE ( 'NONE', *, *, #2510, .T. ) ;
#711 = FACE_OUTER_BOUND ( 'NONE', #1484, .T. ) ;
#712 = VECTOR ( 'NONE', #1961, 1000.000000000000000 ) ;
#713 = ORIENTED_EDGE ( 'NONE', *, *, #1326, .F. ) ;
#714 = AXIS2_PLACEMENT_3D ( 'NONE', #1059, #1032, #2797 ) ;
#715 = DIRECTION ( 'NONE',  ( -1.000000000000000000, 0.000000000000000000, 0.000000000000000000 ) ) ;
#716 = FACE_OUTER_BOUND ( 'NONE', #617, .T. ) ;
#717 = EDGE_CURVE ( 'NONE', #2368, #2585, #1133, .T. ) ;
#718 = VECTOR ( 'NONE', #1150, 1000.000000000000000 ) ;
#719 = DIRECTION ( 'NONE',  ( -0.000000000000000000, -0.000000000000000000, -1.000000000000000000 ) ) ;
#720 = DIRECTION ( 'NONE',  ( -0.000000000000000000, -0.000000000000000000, -1.000000000000000000 ) ) ;
#721 = CARTESIAN_POINT ( 'NONE',  ( 59.99999999999997158, -60.00000000000000711, 0.000000000000000000 ) ) ;
#722 = AXIS2_PLACEMENT_3D ( 'NONE', #2816, #2359, #1256 ) ;
#723 = EDGE_LOOP ( 'NONE', ( #830, #806, #964, #1922, #1282 ) ) ;
#724 = CARTESIAN_POINT ( 'NONE',  ( 52.75000000000002132, 52.75000000000000711, 3.809999999999999609 ) ) ;
#725 = EDGE_LOOP ( 'NONE', ( #1109, #414, #1772, #787, #1477 ) ) ;
#726 = CIRCLE ( 'NONE', #1814, 26.99999999999999645 ) ;
#727 = CARTESIAN_POINT ( 'NONE',  ( 5.823428514806565204, 21.73333109150407338, 3.809999999999999609 ) ) ;
#728 = CARTESIAN_POINT ( 'NONE',  ( 0.000000000000000000, 6.938893903907228378E-15, 3.809999999999999609 ) ) ;
#729 = ORIENTED_EDGE ( 'NONE', *, *, #1082, .F. ) ;
#730 = EDGE_CURVE ( 'NONE', #37, #313, #457, .T. ) ;
#731 = CARTESIAN_POINT ( 'NONE',  ( 0.000000000000000000, 6.938893903907228378E-15, 3.809999999999999609 ) ) ;
#732 = ADVANCED_FACE ( 'NONE', ( #110 ), #340, .F. ) ;
#733 = DIRECTION ( 'NONE',  ( 1.000000000000000000, 0.000000000000000000, 0.000000000000000000 ) ) ;
#734 = CARTESIAN_POINT ( 'NONE',  ( 50.71110588017606347, 13.58799986788239345, 3.809999999999999609 ) ) ;
#735 = DIRECTION ( 'NONE',  ( 0.000000000000000000, 0.000000000000000000, 1.000000000000000000 ) ) ;
#736 = EDGE_CURVE ( 'NONE', #2460, #1039, #2732, .T. ) ;
#737 = ORIENTED_EDGE ( 'NONE', *, *, #1415, .F. ) ;
#738 = DIRECTION ( 'NONE',  ( 0.000000000000000000, 0.000000000000000000, 1.000000000000000000 ) ) ;
#739 = ORIENTED_EDGE ( 'NONE', *, *, #1604, .T. ) ;
#740 = CARTESIAN_POINT ( 'NONE',  ( 0.000000000000000000, 6.938893903907228378E-15, 3.809999999999999609 ) ) ;
#741 = DIRECTION ( 'NONE',  ( 1.000000000000000000, 0.000000000000000000, -0.000000000000000000 ) ) ;
#742 = VERTEX_POINT ( 'NONE', #812 ) ;
#743 = CARTESIAN_POINT ( 'NONE',  ( -55.05777209847681775, -14.75268557084394239, 0.000000000000000000 ) ) ;
#744 = ADVANCED_FACE ( 'NONE', ( #2537 ), #2275, .T. ) ;
#745 = CARTESIAN_POINT ( 'NONE',  ( -21.73333109150401654, -5.823428514806731293, 0.000000000000000000 ) ) ;
#746 = CARTESIAN_POINT ( 'NONE',  ( 52.75000000000002132, -52.74999999999999289, 3.809999999999999609 ) ) ;
#747 = PERSON_AND_ORGANIZATION_ROLE ( 'design_owner' ) ;
#748 = EDGE_CURVE ( 'NONE', #2598, #992, #785, .T. ) ;
#749 = VERTEX_POINT ( 'NONE', #169 ) ;
#750 = ORIENTED_EDGE ( 'NONE', *, *, #1666, .T. ) ;
#751 = DIRECTION ( 'NONE',  ( 1.000000000000000000, 0.000000000000000000, 0.000000000000000000 ) ) ;
#752 = EDGE_LOOP ( 'NONE', ( #98, #1574, #1672, #2257, #2351 ) ) ;
#753 = FACE_OUTER_BOUND ( 'NONE', #1135, .T. ) ;
#754 = VECTOR ( 'NONE', #2365, 1000.000000000000000 ) ;
#755 = LINE ( 'NONE', #1614, #1390 ) ;
#756 = AXIS2_PLACEMENT_3D ( 'NONE', #1520, #424, #1495 ) ;
#757 = ORIENTED_EDGE ( 'NONE', *, *, #2737, .F. ) ;
#758 = FACE_OUTER_BOUND ( 'NONE', #2531, .T. ) ;
#759 = VECTOR ( 'NONE', #422, 1000.000000000000000 ) ;
#760 = CIRCLE ( 'NONE', #1206, 17.99999999999999645 ) ;
#761 = FACE_OUTER_BOUND ( 'NONE', #883, .T. ) ;
#762 = LINE ( 'NONE', #2253, #1563 ) ;
#763 = DATE_TIME_ROLE ( 'classification_date' ) ;
#764 = AXIS2_PLACEMENT_3D ( 'NONE', #419, #2782, #405 ) ;
#765 = EDGE_LOOP ( 'NONE', ( #2306, #1465, #1581, #48 ) ) ;
#766 = ORIENTED_EDGE ( 'NONE', *, *, #2806, .T. ) ;
#767 = APPROVAL_PERSON_ORGANIZATION ( #1239, #153, #2107 ) ;
#768 = ADVANCED_FACE ( 'NONE', ( #1632 ), #1891, .F. ) ;
#769 = DIRECTION ( 'NONE',  ( 0.000000000000000000, 0.000000000000000000, 1.000000000000000000 ) ) ;
#770 = ORIENTED_EDGE ( 'NONE', *, *, #329, .F. ) ;
#771 = EDGE_CURVE ( 'NONE', #418, #862, #1863, .T. ) ;
#772 = LINE ( 'NONE', #1426, #228 ) ;
#773 = AXIS2_PLACEMENT_3D ( 'NONE', #2784, #1237, #2558 ) ;
#774 = CARTESIAN_POINT ( 'NONE',  ( 0.000000000000000000, 6.938893903907228378E-15, 0.000000000000000000 ) ) ;
#775 = VECTOR ( 'NONE', #848, 1000.000000000000000 ) ;
#776 = ORIENTED_EDGE ( 'NONE', *, *, #2402, .T. ) ;
#777 = DIRECTION ( 'NONE',  ( 0.000000000000000000, 0.000000000000000000, 1.000000000000000000 ) ) ;
#778 = CARTESIAN_POINT ( 'NONE',  ( -50.71110588017606347, -13.58799986788238634, 3.809999999999999609 ) ) ;
#779 = DIRECTION ( 'NONE',  ( 0.000000000000000000, 0.000000000000000000, 1.000000000000000000 ) ) ;
#780 = ORIENTED_EDGE ( 'NONE', *, *, #635, .F. ) ;
#781 = VERTEX_POINT ( 'NONE', #2099 ) ;
#782 = DIRECTION ( 'NONE',  ( 0.000000000000000000, 0.000000000000000000, 1.000000000000000000 ) ) ;
#783 = ADVANCED_FACE ( 'NONE', ( #2508 ), #2739, .T. ) ;
#784 = ORIENTED_EDGE ( 'NONE', *, *, #2402, .F. ) ;
#785 = LINE ( 'NONE', #375, #269 ) ;
#786 = EDGE_CURVE ( 'NONE', #1065, #1779, #1358, .T. ) ;
#787 = ORIENTED_EDGE ( 'NONE', *, *, #1229, .T. ) ;
#788 = CARTESIAN_POINT ( 'NONE',  ( -36.22221848584012349, 9.705714191344291919, 3.809999999999999609 ) ) ;
#789 = DIRECTION ( 'NONE',  ( 0.000000000000000000, 0.000000000000000000, 1.000000000000000000 ) ) ;
#790 = DIRECTION ( 'NONE',  ( 1.000000000000000000, 0.000000000000000000, 0.000000000000000000 ) ) ;
#791 = VERTEX_POINT ( 'NONE', #2520 ) ;
#792 = FACE_BOUND ( 'NONE', #2230, .T. ) ;
#793 = ORIENTED_EDGE ( 'NONE', *, *, #1045, .T. ) ;
#794 = CARTESIAN_POINT ( 'NONE',  ( -14.75268557084330290, -55.05777209847698117, 3.809999999999999609 ) ) ;
#795 = ORIENTED_EDGE ( 'NONE', *, *, #1750, .F. ) ;
#796 = AXIS2_PLACEMENT_3D ( 'NONE', #2378, #1526, #2792 ) ;
#797 = ORIENTED_EDGE ( 'NONE', *, *, #1812, .F. ) ;
#798 = EDGE_CURVE ( 'NONE', #1797, #2623, #772, .T. ) ;
#799 = CARTESIAN_POINT ( 'NONE',  ( 0.000000000000000000, 6.938893903907228378E-15, 0.000000000000000000 ) ) ;
#800 = CIRCLE ( 'NONE', #672, 4.500000000000000888 ) ;
#801 = DIRECTION ( 'NONE',  ( -1.000000000000000000, 0.000000000000000000, 0.000000000000000000 ) ) ;
#802 = VECTOR ( 'NONE', #1047, 1000.000000000000000 ) ;
#803 = LINE ( 'NONE', #1421, #2255 ) ;
#804 = VECTOR ( 'NONE', #1587, 1000.000000000000000 ) ;
#805 = VERTEX_POINT ( 'NONE', #794 ) ;
#806 = ORIENTED_EDGE ( 'NONE', *, *, #1874, .F. ) ;
#807 = FACE_BOUND ( 'NONE', #1919, .T. ) ;
#808 = EDGE_CURVE ( 'NONE', #2738, #1723, #1022, .T. ) ;
#809 = AXIS2_PLACEMENT_3D ( 'NONE', #1458, #1236, #1013 ) ;
#810 = LOCAL_TIME ( 13, 34, 52.00000000000000000, #534 ) ;
#811 = ORIENTED_EDGE ( 'NONE', *, *, #1487, .T. ) ;
#812 = CARTESIAN_POINT ( 'NONE',  ( -6.988114217768420566, 26.07999730980474951, 0.000000000000000000 ) ) ;
#813 = VERTEX_POINT ( 'NONE', #2334 ) ;
#814 = AXIS2_PLACEMENT_3D ( 'NONE', #203, #2574, #1451 ) ;
#815 = ORIENTED_EDGE ( 'NONE', *, *, #1915, .F. ) ;
#816 = DIRECTION ( 'NONE',  ( 0.000000000000000000, 0.000000000000000000, 1.000000000000000000 ) ) ;
#817 = VECTOR ( 'NONE', #1267, 1000.000000000000000 ) ;
#818 = EDGE_CURVE ( 'NONE', #2794, #2499, #2087, .T. ) ;
#819 = DIRECTION ( 'NONE',  ( 1.000000000000000000, 0.000000000000000000, 0.000000000000000000 ) ) ;
#820 = AXIS2_PLACEMENT_3D ( 'NONE', #387, #1246, #557 ) ;
#821 = DIRECTION ( 'NONE',  ( -1.000000000000000000, 0.000000000000000000, 0.000000000000000000 ) ) ;
#822 = EDGE_LOOP ( 'NONE', ( #1539, #1006, #2751, #1260 ) ) ;
#823 = EDGE_CURVE ( 'NONE', #2187, #950, #2113, .T. ) ;
#824 = EDGE_LOOP ( 'NONE', ( #2176, #1376, #2145, #1880 ) ) ;
#825 = ORIENTED_EDGE ( 'NONE', *, *, #1823, .F. ) ;
#826 = DIRECTION ( 'NONE',  ( 1.000000000000000000, 0.000000000000000000, 0.000000000000000000 ) ) ;
#827 = CARTESIAN_POINT ( 'NONE',  ( -46.36443966187513865, -12.42331416492148577, 3.809999999999999609 ) ) ;
#828 = ORIENTED_EDGE ( 'NONE', *, *, #1096, .T. ) ;
#829 = CARTESIAN_POINT ( 'NONE',  ( 5.823428514806736622, -21.73333109150400944, 3.809999999999999609 ) ) ;
#830 = ORIENTED_EDGE ( 'NONE', *, *, #2584, .F. ) ;
#831 = EDGE_LOOP ( 'NONE', ( #1262, #1933, #2463, #875 ) ) ;
#832 = CARTESIAN_POINT ( 'NONE',  ( -26.23333109150401654, -5.823428514806731293, 3.809999999999999609 ) ) ;
#833 = FACE_OUTER_BOUND ( 'NONE', #637, .T. ) ;
#834 = DIRECTION ( 'NONE',  ( 0.000000000000000000, 0.000000000000000000, 1.000000000000000000 ) ) ;
#835 = EDGE_CURVE ( 'NONE', #2573, #1583, #2179, .T. ) ;
#836 = ORIENTED_EDGE ( 'NONE', *, *, #1129, .T. ) ;
#837 = FACE_OUTER_BOUND ( 'NONE', #154, .T. ) ;
#838 = PLANE ( 'NONE',  #1610 ) ;
#839 = DIRECTION ( 'NONE',  ( 1.000000000000000000, 0.000000000000000000, 0.000000000000000000 ) ) ;
#840 = EDGE_CURVE ( 'NONE', #781, #1864, #204, .T. ) ;
#841 = ORIENTED_EDGE ( 'NONE', *, *, #1666, .F. ) ;
#842 = DIRECTION ( 'NONE',  ( -0.000000000000000000, -0.000000000000000000, -1.000000000000000000 ) ) ;
#843 = EDGE_CURVE ( 'NONE', #1564, #1198, #1301, .T. ) ;
#844 = ORIENTED_EDGE ( 'NONE', *, *, #861, .F. ) ;
#845 = ORIENTED_EDGE ( 'NONE', *, *, #687, .T. ) ;
#846 = FACE_OUTER_BOUND ( 'NONE', #1314, .T. ) ;
#847 = AXIS2_PLACEMENT_3D ( 'NONE', #384, #769, #1242 ) ;
#848 = DIRECTION ( 'NONE',  ( -0.000000000000000000, -0.000000000000000000, 1.000000000000000000 ) ) ;
#849 = CARTESIAN_POINT ( 'NONE',  ( 26.07999730980473174, 6.988114217768428560, 3.809999999999999609 ) ) ;
#850 = AXIS2_PLACEMENT_3D ( 'NONE', #194, #1062, #881 ) ;
#851 = ORIENTED_EDGE ( 'NONE', *, *, #2168, .F. ) ;
#852 = CARTESIAN_POINT ( 'NONE',  ( -50.54999999999999005, 52.75000000000000711, 3.809999999999999609 ) ) ;
#853 = CARTESIAN_POINT ( 'NONE',  ( 13.58799986788199377, 50.71110588017618426, 3.809999999999999609 ) ) ;
#854 = LINE ( 'NONE', #2610, #1717 ) ;
#855 = CIRCLE ( 'NONE', #2303, 4.500000000000005329 ) ;
#856 = EDGE_CURVE ( 'NONE', #705, #1686, #1286, .T. ) ;
#857 = ORIENTED_EDGE ( 'NONE', *, *, #484, .F. ) ;
#858 = CIRCLE ( 'NONE', #32, 56.99999999999999289 ) ;
#859 = CARTESIAN_POINT ( 'NONE',  ( -50.71110588017606347, -13.58799986788238634, 0.000000000000000000 ) ) ;
#860 = LOCAL_TIME ( 13, 34, 52.00000000000000000, #1886 ) ;
#861 = EDGE_CURVE ( 'NONE', #126, #2302, #415, .T. ) ;
#862 = VERTEX_POINT ( 'NONE', #1691 ) ;
#863 = ORIENTED_EDGE ( 'NONE', *, *, #2434, .T. ) ;
#864 = CARTESIAN_POINT ( 'NONE',  ( -36.22221848584005244, -9.705714191344556596, 0.000000000000000000 ) ) ;
#865 = DIRECTION ( 'NONE',  ( 1.000000000000000000, 0.000000000000000000, 0.000000000000000000 ) ) ;
#866 = LINE ( 'NONE', #1943, #1754 ) ;
#867 = VECTOR ( 'NONE', #1821, 1000.000000000000000 ) ;
#868 = AXIS2_PLACEMENT_3D ( 'NONE', #727, #1991, #715 ) ;
#869 = CARTESIAN_POINT ( 'NONE',  ( 17.38666487320296739, 4.658742811846306786, 3.809999999999999609 ) ) ;
#870 = LINE ( 'NONE', #1733, #2114 ) ;
#871 = CARTESIAN_POINT ( 'NONE',  ( 13.58799986788199377, 50.71110588017618426, 0.000000000000000000 ) ) ;
#872 = ORIENTED_EDGE ( 'NONE', *, *, #2766, .F. ) ;
#873 = CARTESIAN_POINT ( 'NONE',  ( -17.38666487320324805, 4.658742811845256071, 0.000000000000000000 ) ) ;
#874 = EDGE_CURVE ( 'NONE', #1567, #2566, #890, .T. ) ;
#875 = ORIENTED_EDGE ( 'NONE', *, *, #261, .T. ) ;
#876 = CARTESIAN_POINT ( 'NONE',  ( -52.74999999999999289, 52.75000000000000711, 0.000000000000000000 ) ) ;
#877 = ADVANCED_FACE ( 'NONE', ( #1964 ), #2132, .T. ) ;
#878 = ORIENTED_EDGE ( 'NONE', *, *, #518, .T. ) ;
#879 = DIRECTION ( 'NONE',  ( -1.000000000000000000, 0.000000000000000000, 0.000000000000000000 ) ) ;
#880 = DIRECTION ( 'NONE',  ( -1.000000000000000000, 0.000000000000000000, 0.000000000000000000 ) ) ;
#881 = DIRECTION ( 'NONE',  ( 1.000000000000000000, 0.000000000000000000, 0.000000000000000000 ) ) ;
#882 = CARTESIAN_POINT ( 'NONE',  ( -14.75268557084330290, -55.05777209847698117, 0.000000000000000000 ) ) ;
#883 = EDGE_LOOP ( 'NONE', ( #191, #337, #2273, #784 ) ) ;
#884 = DIRECTION ( 'NONE',  ( -0.000000000000000000, -0.000000000000000000, -1.000000000000000000 ) ) ;
#885 = ORIENTED_EDGE ( 'NONE', *, *, #100, .T. ) ;
#886 = DIRECTION ( 'NONE',  ( -0.000000000000000000, -0.000000000000000000, -1.000000000000000000 ) ) ;
#887 = EDGE_CURVE ( 'NONE', #389, #935, #1114, .T. ) ;
#888 = DIRECTION ( 'NONE',  ( -0.000000000000000000, -0.000000000000000000, -1.000000000000000000 ) ) ;
#889 = CARTESIAN_POINT ( 'NONE',  ( 0.000000000000000000, 6.938893903907228378E-15, 3.809999999999999609 ) ) ;
#890 = CIRCLE ( 'NONE', #709, 3.000000000000002665 ) ;
#891 = DIRECTION ( 'NONE',  ( -1.000000000000000000, 0.000000000000000000, 0.000000000000000000 ) ) ;
#892 = CARTESIAN_POINT ( 'NONE',  ( 21.73333109150406628, -5.823428514806577638, 3.809999999999999609 ) ) ;
#893 = AXIS2_PLACEMENT_3D ( 'NONE', #2489, #372, #2331 ) ;
#894 = ORIENTED_EDGE ( 'NONE', *, *, #2168, .T. ) ;
#895 = CARTESIAN_POINT ( 'NONE',  ( 0.000000000000000000, 6.938893903907228378E-15, 3.809999999999999609 ) ) ;
#896 = AXIS2_PLACEMENT_3D ( 'NONE', #2421, #690, #900 ) ;
#897 = ORIENTED_EDGE ( 'NONE', *, *, #2560, .T. ) ;
#898 = CARTESIAN_POINT ( 'NONE',  ( -40.72221848584004533, -9.705714191344556596, 3.809999999999999609 ) ) ;
#899 = AXIS2_PLACEMENT_3D ( 'NONE', #2210, #517, #2674 ) ;
#900 = DIRECTION ( 'NONE',  ( 1.000000000000000000, 0.000000000000000000, 0.000000000000000000 ) ) ;
#901 = ORIENTED_EDGE ( 'NONE', *, *, #2766, .T. ) ;
#902 = EDGE_CURVE ( 'NONE', #2368, #386, #227, .T. ) ;
#903 = FACE_OUTER_BOUND ( 'NONE', #2752, .T. ) ;
#904 = AXIS2_PLACEMENT_3D ( 'NONE', #601, #2108, #163 ) ;
#905 = DIRECTION ( 'NONE',  ( -0.000000000000000000, -0.000000000000000000, -1.000000000000000000 ) ) ;
#906 = CARTESIAN_POINT ( 'NONE',  ( 46.36443966187513865, 12.42331416492149287, 0.000000000000000000 ) ) ;
#907 = EDGE_LOOP ( 'NONE', ( #1338, #199, #1327, #1842 ) ) ;
#908 = EDGE_CURVE ( 'NONE', #2172, #2529, #477, .T. ) ;
#909 = CIRCLE ( 'NONE', #2640, 26.99999999999999645 ) ;
#910 = ORIENTED_EDGE ( 'NONE', *, *, #958, .F. ) ;
#911 = CARTESIAN_POINT ( 'NONE',  ( -12.42331416492148222, 46.36443966187514576, 3.809999999999999609 ) ) ;
#912 = EDGE_LOOP ( 'NONE', ( #24, #2580, #1825, #2783 ) ) ;
#913 = DIRECTION ( 'NONE',  ( -1.000000000000000000, 0.000000000000000000, 0.000000000000000000 ) ) ;
#914 = CARTESIAN_POINT ( 'NONE',  ( 5.823428514806736622, -21.73333109150400944, 3.809999999999999609 ) ) ;
#915 = DIRECTION ( 'NONE',  ( 1.000000000000000000, 0.000000000000000000, 0.000000000000000000 ) ) ;
#916 = DIRECTION ( 'NONE',  ( -0.000000000000000000, -0.000000000000000000, -1.000000000000000000 ) ) ;
#917 = ADVANCED_FACE ( 'NONE', ( #1974 ), #1512, .F. ) ;
#918 = CARTESIAN_POINT ( 'NONE',  ( 4.658742811845251630, 17.38666487320326226, 3.809999999999999609 ) ) ;
#919 = CARTESIAN_POINT ( 'NONE',  ( -52.74999999999999289, 52.75000000000000711, 3.809999999999999609 ) ) ;
#920 = VERTEX_POINT ( 'NONE', #400 ) ;
#921 = ORIENTED_EDGE ( 'NONE', *, *, #508, .F. ) ;
#922 = EDGE_CURVE ( 'NONE', #2015, #705, #343, .T. ) ;
#923 = DIRECTION ( 'NONE',  ( 1.000000000000000000, 0.000000000000000000, 0.000000000000000000 ) ) ;
#924 = ORIENTED_EDGE ( 'NONE', *, *, #2601, .F. ) ;
#925 = DIRECTION ( 'NONE',  ( 0.000000000000000000, 0.000000000000000000, 1.000000000000000000 ) ) ;
#926 = CARTESIAN_POINT ( 'NONE',  ( 46.36443966187534471, -12.42331416492069707, 3.809999999999999609 ) ) ;
#927 = CARTESIAN_POINT ( 'NONE',  ( -13.58799986788238456, 50.71110588017607057, 3.809999999999999609 ) ) ;
#928 = ORIENTED_EDGE ( 'NONE', *, *, #1450, .F. ) ;
#929 = CARTESIAN_POINT ( 'NONE',  ( 10.87039989430779663, -40.56888470414033776, 3.809999999999999609 ) ) ;
#930 = DIRECTION ( 'NONE',  ( 0.000000000000000000, 0.000000000000000000, 1.000000000000000000 ) ) ;
#931 = DIRECTION ( 'NONE',  ( 1.000000000000000000, 0.000000000000000000, 0.000000000000000000 ) ) ;
#932 = VERTEX_POINT ( 'NONE', #197 ) ;
#933 = ORIENTED_EDGE ( 'NONE', *, *, #1722, .T. ) ;
#934 = VECTOR ( 'NONE', #2581, 1000.000000000000000 ) ;
#935 = VERTEX_POINT ( 'NONE', #1095 ) ;
#936 = DIRECTION ( 'NONE',  ( 0.000000000000000000, 0.000000000000000000, 1.000000000000000000 ) ) ;
#937 = ADVANCED_FACE ( 'NONE', ( #12 ), #2174, .F. ) ;
#938 = ORIENTED_EDGE ( 'NONE', *, *, #432, .F. ) ;
#939 = CIRCLE ( 'NONE', #1518, 4.499999999999995559 ) ;
#940 = DIRECTION ( 'NONE',  ( -0.000000000000000000, -0.000000000000000000, -1.000000000000000000 ) ) ;
#941 = CYLINDRICAL_SURFACE ( 'NONE', #1124, 4.500000000000002665 ) ;
#942 = VECTOR ( 'NONE', #390, 1000.000000000000000 ) ;
#943 = EDGE_CURVE ( 'NONE', #626, #1359, #184, .T. ) ;
#944 = EDGE_LOOP ( 'NONE', ( #1936, #857, #245, #473, #2046 ) ) ;
#945 = DIRECTION ( 'NONE',  ( -0.000000000000000000, -0.000000000000000000, -1.000000000000000000 ) ) ;
#946 = DIRECTION ( 'NONE',  ( -0.000000000000000000, -0.000000000000000000, -1.000000000000000000 ) ) ;
#947 = CARTESIAN_POINT ( 'NONE',  ( 1.323428514806735956, -21.73333109150400944, 0.000000000000000000 ) ) ;
#948 = CARTESIAN_POINT ( 'NONE',  ( -57.00000000000002132, -57.00000000000000711, 0.000000000000000000 ) ) ;
#949 = AXIS2_PLACEMENT_3D ( 'NONE', #8, #1780, #880 ) ;
#950 = VERTEX_POINT ( 'NONE', #873 ) ;
#951 = CARTESIAN_POINT ( 'NONE',  ( 0.000000000000000000, 6.938893903907228378E-15, 0.000000000000000000 ) ) ;
#952 = AXIS2_PLACEMENT_3D ( 'NONE', #889, #1367, #1743 ) ;
#953 = VERTEX_POINT ( 'NONE', #1736 ) ;
#954 = CARTESIAN_POINT ( 'NONE',  ( -13.58799986788198666, -50.71110588017617005, 3.809999999999999609 ) ) ;
#955 = ADVANCED_FACE ( 'NONE', ( #2612 ), #1703, .F. ) ;
#956 = DIRECTION ( 'NONE',  ( 0.000000000000000000, 0.000000000000000000, 1.000000000000000000 ) ) ;
#957 = EDGE_LOOP ( 'NONE', ( #2636, #1317, #1725, #1396 ) ) ;
#958 = EDGE_CURVE ( 'NONE', #1359, #2004, #525, .T. ) ;
#959 = DIRECTION ( 'NONE',  ( 0.000000000000000000, 0.000000000000000000, 1.000000000000000000 ) ) ;
#960 = ORIENTED_EDGE ( 'NONE', *, *, #1968, .F. ) ;
#961 = DIRECTION ( 'NONE',  ( 1.000000000000000000, 0.000000000000000000, 0.000000000000000000 ) ) ;
#962 = CARTESIAN_POINT ( 'NONE',  ( 50.71110588017618426, -13.58799986788196890, 3.809999999999999609 ) ) ;
#963 = DIRECTION ( 'NONE',  ( -0.000000000000000000, -0.000000000000000000, -1.000000000000000000 ) ) ;
#964 = ORIENTED_EDGE ( 'NONE', *, *, #2136, .F. ) ;
#965 = ORIENTED_EDGE ( 'NONE', *, *, #2097, .F. ) ;
#966 = DIRECTION ( 'NONE',  ( 0.000000000000000000, 0.000000000000000000, 1.000000000000000000 ) ) ;
#967 = ORIENTED_EDGE ( 'NONE', *, *, #1082, .T. ) ;
#968 = DIRECTION ( 'NONE',  ( 1.000000000000000000, 0.000000000000000000, 0.000000000000000000 ) ) ;
#969 = FACE_BOUND ( 'NONE', #1748, .T. ) ;
#970 = DIRECTION ( 'NONE',  ( 0.000000000000000000, 0.000000000000000000, -1.000000000000000000 ) ) ;
#971 = EDGE_CURVE ( 'NONE', #1444, #1423, #620, .T. ) ;
#972 = DIRECTION ( 'NONE',  ( 0.000000000000000000, 0.000000000000000000, 1.000000000000000000 ) ) ;
#973 = DIRECTION ( 'NONE',  ( 0.000000000000000000, 0.000000000000000000, -1.000000000000000000 ) ) ;
#974 = PERSON_AND_ORGANIZATION ( #1377, #1303 ) ;
#975 = ORIENTED_EDGE ( 'NONE', *, *, #1738, .T. ) ;
#976 = LINE ( 'NONE', #1608, #2624 ) ;
#977 = AXIS2_PLACEMENT_3D ( 'NONE', #50, #936, #923 ) ;
#978 = ORIENTED_EDGE ( 'NONE', *, *, #102, .T. ) ;
#979 = DIRECTION ( 'NONE',  ( 1.000000000000000000, 0.000000000000000000, 0.000000000000000000 ) ) ;
#980 = CIRCLE ( 'NONE', #2667, 41.99999999999999289 ) ;
#981 = CARTESIAN_POINT ( 'NONE',  ( 13.58799986788199377, 50.71110588017618426, 3.809999999999999609 ) ) ;
#982 = CIRCLE ( 'NONE', #1253, 4.500000000000003553 ) ;
#983 = ORIENTED_EDGE ( 'NONE', *, *, #835, .F. ) ;
#984 = ORIENTED_EDGE ( 'NONE', *, *, #28, .F. ) ;
#985 = CARTESIAN_POINT ( 'NONE',  ( 52.75000000000002132, 52.75000000000000711, 0.000000000000000000 ) ) ;
#986 = CIRCLE ( 'NONE', #1522, 2.200000000000000622 ) ;
#987 = DIRECTION ( 'NONE',  ( 1.000000000000000000, 0.000000000000000000, 0.000000000000000000 ) ) ;
#988 = CARTESIAN_POINT ( 'NONE',  ( -60.00000000000002842, -60.00000000000001421, 3.809999999999999609 ) ) ;
#989 = PERSON_AND_ORGANIZATION_ROLE ( 'design_supplier' ) ;
#990 = EDGE_CURVE ( 'NONE', #626, #2519, #2111, .T. ) ;
#991 = AXIS2_PLACEMENT_3D ( 'NONE', #1404, #111, #99 ) ;
#992 = VERTEX_POINT ( 'NONE', #685 ) ;
#993 = AXIS2_PLACEMENT_3D ( 'NONE', #1323, #2193, #248 ) ;
#994 = CARTESIAN_POINT ( 'NONE',  ( 1.323428514806562539, 21.73333109150407338, 0.000000000000000000 ) ) ;
#995 = EDGE_CURVE ( 'NONE', #2088, #2778, #2344, .T. ) ;
#996 = CIRCLE ( 'NONE', #407, 2.200000000000000622 ) ;
#997 = ORIENTED_EDGE ( 'NONE', *, *, #748, .T. ) ;
#998 = DIRECTION ( 'NONE',  ( -0.000000000000000000, -0.000000000000000000, -1.000000000000000000 ) ) ;
#999 = AXIS2_PLACEMENT_3D ( 'NONE', #745, #1194, #90 ) ;
#1000 = VECTOR ( 'NONE', #1643, 1000.000000000000000 ) ;
#1001 = EDGE_LOOP ( 'NONE', ( #652, #2403, #1121, #13 ) ) ;
#1002 = DIRECTION ( 'NONE',  ( 1.000000000000000000, 0.000000000000000000, 0.000000000000000000 ) ) ;
#1003 = DIRECTION ( 'NONE',  ( 0.000000000000000000, 0.000000000000000000, 1.000000000000000000 ) ) ;
#1004 = DIRECTION ( 'NONE',  ( 0.000000000000000000, 0.000000000000000000, 1.000000000000000000 ) ) ;
#1005 = VERTEX_POINT ( 'NONE', #281 ) ;
#1006 = ORIENTED_EDGE ( 'NONE', *, *, #14, .T. ) ;
#1007 = FACE_OUTER_BOUND ( 'NONE', #11, .T. ) ;
#1008 = EDGE_CURVE ( 'NONE', #320, #1599, #2707, .T. ) ;
#1009 = ORIENTED_EDGE ( 'NONE', *, *, #1536, .F. ) ;
#1010 = CARTESIAN_POINT ( 'NONE',  ( -13.58799986788238456, 50.71110588017607057, 3.809999999999999609 ) ) ;
#1011 = EDGE_CURVE ( 'NONE', #1361, #2003, #434, .T. ) ;
#1012 = ORIENTED_EDGE ( 'NONE', *, *, #559, .T. ) ;
#1013 = DIRECTION ( 'NONE',  ( -1.000000000000000000, 0.000000000000000000, 0.000000000000000000 ) ) ;
#1014 = LINE ( 'NONE', #1884, #867 ) ;
#1015 = PLANE ( 'NONE',  #1074 ) ;
#1016 = APPLICATION_PROTOCOL_DEFINITION ( 'international standard', 'config_control_design', 1994, #2721 ) ;
#1017 = EDGE_LOOP ( 'NONE', ( #797, #2240, #757, #2346 ) ) ;
#1018 = ORIENTED_EDGE ( 'NONE', *, *, #730, .T. ) ;
#1019 = EDGE_LOOP ( 'NONE', ( #2147, #960, #1817, #2336 ) ) ;
#1020 = LINE ( 'NONE', #95, #1200 ) ;
#1021 = VERTEX_POINT ( 'NONE', #250 ) ;
#1022 = LINE ( 'NONE', #1441, #1727 ) ;
#1023 = EDGE_CURVE ( 'NONE', #186, #1406, #572, .T. ) ;
#1024 = EDGE_LOOP ( 'NONE', ( #1387, #2392, #1085, #1550 ) ) ;
#1025 = AXIS2_PLACEMENT_3D ( 'NONE', #1385, #2448, #2659 ) ;
#1026 = ORIENTED_EDGE ( 'NONE', *, *, #2579, .T. ) ;
#1027 = DIRECTION ( 'NONE',  ( 1.000000000000000000, 0.000000000000000000, 0.000000000000000000 ) ) ;
#1028 = ADVANCED_FACE ( 'NONE', ( #311 ), #1118, .F. ) ;
#1029 = AXIS2_PLACEMENT_3D ( 'NONE', #463, #2413, #2689 ) ;
#1030 = DIRECTION ( 'NONE',  ( 0.000000000000000000, 0.000000000000000000, 1.000000000000000000 ) ) ;
#1031 = CIRCLE ( 'NONE', #2626, 4.500000000000000888 ) ;
#1032 = DIRECTION ( 'NONE',  ( -0.000000000000000000, -0.000000000000000000, -1.000000000000000000 ) ) ;
#1033 = VERTEX_POINT ( 'NONE', #38 ) ;
#1034 = CIRCLE ( 'NONE', #2627, 4.500000000000000888 ) ;
#1035 = CARTESIAN_POINT ( 'NONE',  ( -57.00000000000002132, 56.99999999999996447, 3.809999999999999609 ) ) ;
#1036 = FACE_BOUND ( 'NONE', #1593, .T. ) ;
#1037 = CARTESIAN_POINT ( 'NONE',  ( -55.21110588017617715, 13.58799986788200442, 3.809999999999999609 ) ) ;
#1038 = AXIS2_PLACEMENT_3D ( 'NONE', #1496, #1063, #2577 ) ;
#1039 = VERTEX_POINT ( 'NONE', #2416 ) ;
#1040 = DIRECTION ( 'NONE',  ( -0.000000000000000000, -0.000000000000000000, -1.000000000000000000 ) ) ;
#1041 = ORIENTED_EDGE ( 'NONE', *, *, #1661, .F. ) ;
#1042 = EDGE_CURVE ( 'NONE', #1048, #2015, #2019, .T. ) ;
#1043 = ORIENTED_EDGE ( 'NONE', *, *, #922, .T. ) ;
#1044 = CARTESIAN_POINT ( 'NONE',  ( 56.99999999999996447, 56.99999999999998579, 3.809999999999999609 ) ) ;
#1045 = EDGE_CURVE ( 'NONE', #1797, #2137, #23, .T. ) ;
#1046 = LINE ( 'NONE', #1912, #775 ) ;
#1047 = DIRECTION ( 'NONE',  ( 0.000000000000000000, 1.000000000000000000, 0.000000000000000000 ) ) ;
#1048 = VERTEX_POINT ( 'NONE', #1594 ) ;
#1049 = ADVANCED_FACE ( 'NONE', ( #711 ), #2650, .F. ) ;
#1050 = DIRECTION ( 'NONE',  ( -0.000000000000000000, -0.000000000000000000, -1.000000000000000000 ) ) ;
#1051 = PLANE ( 'NONE',  #1335 ) ;
#1052 = DIRECTION ( 'NONE',  ( 1.000000000000000000, 0.000000000000000000, 0.000000000000000000 ) ) ;
#1053 = EDGE_LOOP ( 'NONE', ( #2117, #465, #648, #481, #260 ) ) ;
#1054 = DIRECTION ( 'NONE',  ( 1.000000000000000000, 0.000000000000000000, 0.000000000000000000 ) ) ;
#1055 = VERTEX_POINT ( 'NONE', #1341 ) ;
#1056 = EDGE_LOOP ( 'NONE', ( #2586, #618, #1546, #62 ) ) ;
#1057 = DIRECTION ( 'NONE',  ( 0.000000000000000000, 0.000000000000000000, 1.000000000000000000 ) ) ;
#1058 = DIRECTION ( 'NONE',  ( -0.000000000000000000, -0.000000000000000000, -1.000000000000000000 ) ) ;
#1059 = CARTESIAN_POINT ( 'NONE',  ( 0.000000000000000000, 6.938893903907228378E-15, 0.000000000000000000 ) ) ;
#1060 = EDGE_CURVE ( 'NONE', #309, #1456, #2014, .T. ) ;
#1061 = FACE_OUTER_BOUND ( 'NONE', #371, .T. ) ;
#1062 = DIRECTION ( 'NONE',  ( 0.000000000000000000, 0.000000000000000000, 1.000000000000000000 ) ) ;
#1063 = DIRECTION ( 'NONE',  ( -0.000000000000000000, -0.000000000000000000, -1.000000000000000000 ) ) ;
#1064 = EDGE_CURVE ( 'NONE', #268, #1497, #2296, .T. ) ;
#1065 = VERTEX_POINT ( 'NONE', #911 ) ;
#1066 = CARTESIAN_POINT ( 'NONE',  ( -57.00000000000002132, 56.99999999999996447, 3.809999999999999609 ) ) ;
#1067 = EDGE_LOOP ( 'NONE', ( #1877, #2798 ) ) ;
#1068 = VERTEX_POINT ( 'NONE', #2475 ) ;
#1069 = CARTESIAN_POINT ( 'NONE',  ( 55.05777209847681064, 14.75268557084394949, 3.809999999999999609 ) ) ;
#1070 = AXIS2_PLACEMENT_3D ( 'NONE', #1582, #738, #497 ) ;
#1071 = CARTESIAN_POINT ( 'NONE',  ( -60.00000000000002842, -60.00000000000001421, 3.809999999999999609 ) ) ;
#1072 = CYLINDRICAL_SURFACE ( 'NONE', #2071, 4.499999999999999112 ) ;
#1073 = CIRCLE ( 'NONE', #1029, 4.500000000000001776 ) ;
#1074 = AXIS2_PLACEMENT_3D ( 'NONE', #988, #2294, #973 ) ;
#1075 = DIRECTION ( 'NONE',  ( -0.000000000000000000, -0.000000000000000000, 1.000000000000000000 ) ) ;
#1076 = ADVANCED_FACE ( 'NONE', ( #2694 ), #521, .F. ) ;
#1077 = FACE_OUTER_BOUND ( 'NONE', #822, .T. ) ;
#1078 = FACE_OUTER_BOUND ( 'NONE', #356, .T. ) ;
#1079 = CIRCLE ( 'NONE', #1429, 17.99999999999999645 ) ;
#1080 = ORIENTED_EDGE ( 'NONE', *, *, #2533, .T. ) ;
#1081 = AXIS2_PLACEMENT_3D ( 'NONE', #1189, #2706, #741 ) ;
#1082 = EDGE_CURVE ( 'NONE', #659, #1005, #2432, .T. ) ;
#1083 = CARTESIAN_POINT ( 'NONE',  ( -52.74999999999999289, 52.75000000000000711, 3.809999999999999609 ) ) ;
#1084 = AXIS2_PLACEMENT_3D ( 'NONE', #396, #1312, #425 ) ;
#1085 = ORIENTED_EDGE ( 'NONE', *, *, #2330, .T. ) ;
#1086 = DIRECTION ( 'NONE',  ( 1.000000000000000000, 0.000000000000000000, 0.000000000000000000 ) ) ;
#1087 = CIRCLE ( 'NONE', #130, 4.500000000000000888 ) ;
#1088 = CARTESIAN_POINT ( 'NONE',  ( -52.74999999999999289, -52.74999999999999289, 0.000000000000000000 ) ) ;
#1089 = CIRCLE ( 'NONE', #365, 4.500000000000000888 ) ;
#1090 = CIRCLE ( 'NONE', #2455, 33.00000000000000000 ) ;
#1091 = DIRECTION ( 'NONE',  ( 1.000000000000000000, 0.000000000000000000, 0.000000000000000000 ) ) ;
#1092 = CARTESIAN_POINT ( 'NONE',  ( 6.988114217767878777, 26.07999730980489161, 3.809999999999999609 ) ) ;
#1093 = DIRECTION ( 'NONE',  ( 0.000000000000000000, 0.000000000000000000, 1.000000000000000000 ) ) ;
#1094 = ORIENTED_EDGE ( 'NONE', *, *, #650, .F. ) ;
#1095 = CARTESIAN_POINT ( 'NONE',  ( -50.54999999999999005, 52.75000000000000711, 3.809999999999999609 ) ) ;
#1096 = EDGE_CURVE ( 'NONE', #2507, #2666, #2199, .T. ) ;
#1097 = EDGE_LOOP ( 'NONE', ( #428, #1990, #2613, #1973 ) ) ;
#1098 = DIRECTION ( 'NONE',  ( 0.000000000000000000, 0.000000000000000000, 1.000000000000000000 ) ) ;
#1099 = EDGE_CURVE ( 'NONE', #589, #1187, #1704, .T. ) ;
#1100 = DIRECTION ( 'NONE',  ( 0.000000000000000000, 0.000000000000000000, 1.000000000000000000 ) ) ;
#1101 = FACE_OUTER_BOUND ( 'NONE', #2611, .T. ) ;
#1102 = DIRECTION ( 'NONE',  ( 0.000000000000000000, 0.000000000000000000, 1.000000000000000000 ) ) ;
#1103 = CARTESIAN_POINT ( 'NONE',  ( 0.000000000000000000, 6.938893903907228378E-15, 3.809999999999999609 ) ) ;
#1104 = VERTEX_POINT ( 'NONE', #1372 ) ;
#1105 = DIRECTION ( 'NONE',  ( 1.000000000000000000, 0.000000000000000000, 0.000000000000000000 ) ) ;
#1106 = EDGE_LOOP ( 'NONE', ( #815, #1875, #2651, #94 ) ) ;
#1107 = EDGE_CURVE ( 'NONE', #1190, #920, #293, .T. ) ;
#1108 = CARTESIAN_POINT ( 'NONE',  ( -21.73333109150401654, -5.823428514806731293, 3.809999999999999609 ) ) ;
#1109 = ORIENTED_EDGE ( 'NONE', *, *, #2649, .T. ) ;
#1110 = EDGE_CURVE ( 'NONE', #935, #389, #2066, .T. ) ;
#1111 = DIRECTION ( 'NONE',  ( 1.000000000000000000, 0.000000000000000000, 0.000000000000000000 ) ) ;
#1112 = AXIS2_PLACEMENT_3D ( 'NONE', #859, #660, #1720 ) ;
#1113 = DIRECTION ( 'NONE',  ( -1.000000000000000000, 0.000000000000000000, 0.000000000000000000 ) ) ;
#1114 = CIRCLE ( 'NONE', #296, 2.200000000000000622 ) ;
#1115 = CARTESIAN_POINT ( 'NONE',  ( 0.000000000000000000, 6.938893903907228378E-15, 3.809999999999999609 ) ) ;
#1116 = AXIS2_PLACEMENT_3D ( 'NONE', #247, #1781, #891 ) ;
#1117 = EDGE_LOOP ( 'NONE', ( #282, #1652, #2069, #266 ) ) ;
#1118 = CYLINDRICAL_SURFACE ( 'NONE', #1291, 2.200000000000000622 ) ;
#1119 = AXIS2_PLACEMENT_3D ( 'NONE', #2756, #1637, #2733 ) ;
#1120 = CIRCLE ( 'NONE', #121, 4.500000000000003553 ) ;
#1121 = ORIENTED_EDGE ( 'NONE', *, *, #1774, .T. ) ;
#1122 = CYLINDRICAL_SURFACE ( 'NONE', #1534, 33.00000000000000000 ) ;
#1123 = DIRECTION ( 'NONE',  ( 0.000000000000000000, 0.000000000000000000, 1.000000000000000000 ) ) ;
#1124 = AXIS2_PLACEMENT_3D ( 'NONE', #981, #2697, #1633 ) ;
#1125 = EDGE_CURVE ( 'NONE', #1805, #519, #1020, .T. ) ;
#1126 = CIRCLE ( 'NONE', #993, 4.499999999999997335 ) ;
#1127 = DIRECTION ( 'NONE',  ( 1.000000000000000000, 0.000000000000000000, 0.000000000000000000 ) ) ;
#1128 = ORIENTED_EDGE ( 'NONE', *, *, #2456, .T. ) ;
#1129 = EDGE_CURVE ( 'NONE', #1864, #1631, #2800, .T. ) ;
#1130 = DIRECTION ( 'NONE',  ( 1.000000000000000000, 0.000000000000000000, 0.000000000000000000 ) ) ;
#1131 = CARTESIAN_POINT ( 'NONE',  ( -55.21110588017607057, -13.58799986788238634, 0.000000000000000000 ) ) ;
#1132 = CARTESIAN_POINT ( 'NONE',  ( 46.36443966187534471, -12.42331416492069707, 0.000000000000000000 ) ) ;
#1133 = CIRCLE ( 'NONE', #2642, 4.499999999999999112 ) ;
#1134 = VERTEX_POINT ( 'NONE', #1859 ) ;
#1135 = EDGE_LOOP ( 'NONE', ( #2680, #606, #605, #910 ) ) ;
#1136 = DIRECTION ( 'NONE',  ( 0.000000000000000000, 0.000000000000000000, 1.000000000000000000 ) ) ;
#1137 = ORIENTED_EDGE ( 'NONE', *, *, #373, .T. ) ;
#1138 = CARTESIAN_POINT ( 'NONE',  ( -26.07999730980488806, 6.988114217767886771, 0.000000000000000000 ) ) ;
#1139 = CARTESIAN_POINT ( 'NONE',  ( 0.000000000000000000, 6.938893903907228378E-15, 0.000000000000000000 ) ) ;
#1140 = DIRECTION ( 'NONE',  ( -0.000000000000000000, -0.000000000000000000, -1.000000000000000000 ) ) ;
#1141 = DIRECTION ( 'NONE',  ( 0.000000000000000000, 0.000000000000000000, 1.000000000000000000 ) ) ;
#1142 = DIRECTION ( 'NONE',  ( -0.000000000000000000, -0.000000000000000000, -1.000000000000000000 ) ) ;
#1143 = FACE_OUTER_BOUND ( 'NONE', #1215, .T. ) ;
#1144 = ADVANCED_FACE ( 'NONE', ( #1007 ), #338, .F. ) ;
#1145 = ORIENTED_EDGE ( 'NONE', *, *, #687, .F. ) ;
#1146 = DIRECTION ( 'NONE',  ( 1.000000000000000000, 0.000000000000000000, 0.000000000000000000 ) ) ;
#1147 = EDGE_CURVE ( 'NONE', #1204, #301, #1386, .T. ) ;
#1148 = EDGE_LOOP ( 'NONE', ( #549, #2090, #2661, #1914 ) ) ;
#1149 = FACE_OUTER_BOUND ( 'NONE', #2247, .T. ) ;
#1150 = DIRECTION ( 'NONE',  ( -0.000000000000000000, -0.000000000000000000, -1.000000000000000000 ) ) ;
#1151 = EDGE_CURVE ( 'NONE', #781, #1890, #976, .T. ) ;
#1152 = LINE ( 'NONE', #489, #1298 ) ;
#1153 = DIRECTION ( 'NONE',  ( 0.000000000000000000, 0.000000000000000000, 1.000000000000000000 ) ) ;
#1154 = FACE_OUTER_BOUND ( 'NONE', #684, .T. ) ;
#1155 = CARTESIAN_POINT ( 'NONE',  ( -13.58799986788198666, -50.71110588017617005, 0.000000000000000000 ) ) ;
#1156 = AXIS2_PLACEMENT_3D ( 'NONE', #724, #1360, #80 ) ;
#1157 = ADVANCED_FACE ( 'NONE', ( #108 ), #568, .T. ) ;
#1158 = ORIENTED_EDGE ( 'NONE', *, *, #1503, .F. ) ;
#1159 = DIRECTION ( 'NONE',  ( -1.000000000000000000, 0.000000000000000000, 0.000000000000000000 ) ) ;
#1160 = CIRCLE ( 'NONE', #2710, 4.500000000000000888 ) ;
#1161 = ADVANCED_FACE ( 'NONE', ( #1438 ), #2718, .F. ) ;
#1162 = ORIENTED_EDGE ( 'NONE', *, *, #125, .T. ) ;
#1163 = AXIS2_PLACEMENT_3D ( 'NONE', #1254, #1684, #821 ) ;
#1164 = CARTESIAN_POINT ( 'NONE',  ( -6.988114217767875225, -26.07999730980487740, 3.809999999999999609 ) ) ;
#1165 = FACE_BOUND ( 'NONE', #752, .T. ) ;
#1166 = VECTOR ( 'NONE', #970, 1000.000000000000000 ) ;
#1167 = VECTOR ( 'NONE', #2188, 1000.000000000000000 ) ;
#1168 = DIRECTION ( 'NONE',  ( 1.000000000000000000, 5.782411586589357392E-17, -0.000000000000000000 ) ) ;
#1169 = ORIENTED_EDGE ( 'NONE', *, *, #2229, .T. ) ;
#1170 = VECTOR ( 'NONE', #20, 1000.000000000000000 ) ;
#1171 = CARTESIAN_POINT ( 'NONE',  ( 0.000000000000000000, 6.938893903907228378E-15, 3.809999999999999609 ) ) ;
#1172 = CARTESIAN_POINT ( 'NONE',  ( -26.07999730980473529, -6.988114217768414349, 3.809999999999999609 ) ) ;
#1173 = VERTEX_POINT ( 'NONE', #1843 ) ;
#1174 = ORIENTED_EDGE ( 'NONE', *, *, #1968, .T. ) ;
#1175 = DIRECTION ( 'NONE',  ( -0.000000000000000000, -0.000000000000000000, -1.000000000000000000 ) ) ;
#1176 = VECTOR ( 'NONE', #1941, 1000.000000000000000 ) ;
#1177 = ORIENTED_EDGE ( 'NONE', *, *, #85, .F. ) ;
#1178 = VECTOR ( 'NONE', #2198, 1000.000000000000000 ) ;
#1179 = CYLINDRICAL_SURFACE ( 'NONE', #1907, 33.00000000000000000 ) ;
#1180 = FACE_BOUND ( 'NONE', #2781, .T. ) ;
#1181 = EDGE_CURVE ( 'NONE', #1497, #2760, #25, .T. ) ;
#1182 = DIRECTION ( 'NONE',  ( -0.000000000000000000, -0.000000000000000000, -1.000000000000000000 ) ) ;
#1183 = CARTESIAN_POINT ( 'NONE',  ( -40.56888470414034487, -10.87039989430779485, 3.809999999999999609 ) ) ;
#1184 = DIRECTION ( 'NONE',  ( 1.000000000000000000, 0.000000000000000000, 0.000000000000000000 ) ) ;
#1185 = ORIENTED_EDGE ( 'NONE', *, *, #2280, .T. ) ;
#1186 = CARTESIAN_POINT ( 'NONE',  ( 5.823428514806736622, -21.73333109150400944, 0.000000000000000000 ) ) ;
#1187 = VERTEX_POINT ( 'NONE', #540 ) ;
#1188 = CARTESIAN_POINT ( 'NONE',  ( 52.75000000000002132, 52.75000000000000711, 3.809999999999999609 ) ) ;
#1189 = CARTESIAN_POINT ( 'NONE',  ( 0.000000000000000000, 0.000000000000000000, 3.809999999999999609 ) ) ;
#1190 = VERTEX_POINT ( 'NONE', #1627 ) ;
#1191 = EDGE_CURVE ( 'NONE', #1583, #2187, #1160, .T. ) ;
#1192 = FACE_OUTER_BOUND ( 'NONE', #631, .T. ) ;
#1193 = CC_DESIGN_DATE_AND_TIME_ASSIGNMENT ( #1838, #763, ( #541 ) ) ;
#1194 = DIRECTION ( 'NONE',  ( 0.000000000000000000, 0.000000000000000000, 1.000000000000000000 ) ) ;
#1195 = DIRECTION ( 'NONE',  ( -0.000000000000000000, -0.000000000000000000, -1.000000000000000000 ) ) ;
#1196 = DATE_AND_TIME ( #1623, #860 ) ;
#1197 = ORIENTED_EDGE ( 'NONE', *, *, #2434, .F. ) ;
#1198 = VERTEX_POINT ( 'NONE', #2070 ) ;
#1199 = DIRECTION ( 'NONE',  ( -1.000000000000000000, 0.000000000000000000, 0.000000000000000000 ) ) ;
#1200 = VECTOR ( 'NONE', #1424, 1000.000000000000000 ) ;
#1201 = EDGE_LOOP ( 'NONE', ( #2445, #2148 ) ) ;
#1202 = DIRECTION ( 'NONE',  ( -0.000000000000000000, -0.000000000000000000, -1.000000000000000000 ) ) ;
#1203 = CIRCLE ( 'NONE', #162, 17.99999999999999645 ) ;
#1204 = VERTEX_POINT ( 'NONE', #602 ) ;
#1205 = CARTESIAN_POINT ( 'NONE',  ( 50.71110588017618426, -13.58799986788196890, 0.000000000000000000 ) ) ;
#1206 = AXIS2_PLACEMENT_3D ( 'NONE', #17, #888, #1516 ) ;
#1207 = CIRCLE ( 'NONE', #2588, 2.200000000000000622 ) ;
#1208 = DIRECTION ( 'NONE',  ( 1.000000000000000000, 0.000000000000000000, 0.000000000000000000 ) ) ;
#1209 = CYLINDRICAL_SURFACE ( 'NONE', #1119, 4.500000000000002665 ) ;
#1210 = COORDINATED_UNIVERSAL_TIME_OFFSET ( 5, 0, .BEHIND. ) ;
#1211 = ORIENTED_EDGE ( 'NONE', *, *, #2645, .F. ) ;
#1212 = CIRCLE ( 'NONE', #1084, 56.99999999999999289 ) ;
#1213 = ADVANCED_FACE ( 'NONE', ( #555 ), #1412, .F. ) ;
#1214 = EDGE_LOOP ( 'NONE', ( #1158, #1197, #2030, #2332 ) ) ;
#1215 = EDGE_LOOP ( 'NONE', ( #509, #1527, #109, #1596 ) ) ;
#1216 = ORIENTED_EDGE ( 'NONE', *, *, #2313, .T. ) ;
#1217 = FACE_BOUND ( 'NONE', #382, .T. ) ;
#1218 = CIRCLE ( 'NONE', #2266, 56.99999999999999289 ) ;
#1219 = ORIENTED_EDGE ( 'NONE', *, *, #450, .F. ) ;
#1220 = DIRECTION ( 'NONE',  ( 0.000000000000000000, 0.000000000000000000, 1.000000000000000000 ) ) ;
#1221 = CIRCLE ( 'NONE', #1994, 2.200000000000000622 ) ;
#1222 = ORIENTED_EDGE ( 'NONE', *, *, #2629, .F. ) ;
#1223 = ORIENTED_EDGE ( 'NONE', *, *, #2277, .F. ) ;
#1224 = DIRECTION ( 'NONE',  ( 1.000000000000000000, 0.000000000000000000, 0.000000000000000000 ) ) ;
#1225 = DIRECTION ( 'NONE',  ( -0.000000000000000000, -0.000000000000000000, -1.000000000000000000 ) ) ;
#1226 = DIRECTION ( 'NONE',  ( -0.000000000000000000, -0.000000000000000000, -1.000000000000000000 ) ) ;
#1227 = VERTEX_POINT ( 'NONE', #2761 ) ;
#1228 = VERTEX_POINT ( 'NONE', #994 ) ;
#1229 = EDGE_CURVE ( 'NONE', #2778, #2364, #1470, .T. ) ;
#1230 = DIRECTION ( 'NONE',  ( -0.000000000000000000, -0.000000000000000000, -1.000000000000000000 ) ) ;
#1231 = ORIENTED_EDGE ( 'NONE', *, *, #61, .T. ) ;
#1232 = ADVANCED_FACE ( 'NONE', ( #138, #1654, #1641, #1217, #1873, #792, #2096, #149, #807, #1675, #2552, #9, #412, #627, #435, #1946, #1036 ), #838, .F. ) ;
#1233 = DIRECTION ( 'NONE',  ( -1.000000000000000000, 0.000000000000000000, 0.000000000000000000 ) ) ;
#1234 = ORIENTED_EDGE ( 'NONE', *, *, #2543, .T. ) ;
#1235 = ORIENTED_EDGE ( 'NONE', *, *, #2560, .F. ) ;
#1236 = DIRECTION ( 'NONE',  ( -0.000000000000000000, -0.000000000000000000, -1.000000000000000000 ) ) ;
#1237 = DIRECTION ( 'NONE',  ( -0.000000000000000000, -0.000000000000000000, -1.000000000000000000 ) ) ;
#1238 = CARTESIAN_POINT ( 'NONE',  ( 56.99999999999996447, 59.99999999999999289, 3.809999999999999609 ) ) ;
#1239 = PERSON_AND_ORGANIZATION ( #1377, #1303 ) ;
#1240 = ORIENTED_EDGE ( 'NONE', *, *, #1487, .F. ) ;
#1241 = DIRECTION ( 'NONE',  ( 0.000000000000000000, 0.000000000000000000, 1.000000000000000000 ) ) ;
#1242 = DIRECTION ( 'NONE',  ( 1.000000000000000000, 0.000000000000000000, 0.000000000000000000 ) ) ;
#1243 = DIRECTION ( 'NONE',  ( -0.000000000000000000, -0.000000000000000000, -1.000000000000000000 ) ) ;
#1244 = ADVANCED_FACE ( 'NONE', ( #1699 ), #2128, .T. ) ;
#1245 = ORIENTED_EDGE ( 'NONE', *, *, #1644, .T. ) ;
#1246 = DIRECTION ( 'NONE',  ( -0.000000000000000000, 0.000000000000000000, -1.000000000000000000 ) ) ;
#1247 = EDGE_CURVE ( 'NONE', #2302, #920, #2298, .T. ) ;
#1248 = ORIENTED_EDGE ( 'NONE', *, *, #1953, .F. ) ;
#1249 = VECTOR ( 'NONE', #2085, 1000.000000000000000 ) ;
#1250 = ORIENTED_EDGE ( 'NONE', *, *, #1281, .F. ) ;
#1251 = DIRECTION ( 'NONE',  ( 0.000000000000000000, 0.000000000000000000, 1.000000000000000000 ) ) ;
#1252 = DIRECTION ( 'NONE',  ( -0.000000000000000000, -0.000000000000000000, -1.000000000000000000 ) ) ;
#1253 = AXIS2_PLACEMENT_3D ( 'NONE', #2182, #1102, #91 ) ;
#1254 = CARTESIAN_POINT ( 'NONE',  ( -50.71110588017617715, 13.58799986788200442, 3.809999999999999609 ) ) ;
#1255 = AXIS2_PLACEMENT_3D ( 'NONE', #2265, #529, #2062 ) ;
#1256 = DIRECTION ( 'NONE',  ( 1.000000000000000000, 0.000000000000000000, 0.000000000000000000 ) ) ;
#1257 = CARTESIAN_POINT ( 'NONE',  ( -50.71110588017606347, -13.58799986788238634, 3.809999999999999609 ) ) ;
#1258 = CARTESIAN_POINT ( 'NONE',  ( 31.87555226753930526, -8.541028488382979234, 3.809999999999999609 ) ) ;
#1259 = AXIS2_PLACEMENT_3D ( 'NONE', #1103, #1093, #668 ) ;
#1260 = ORIENTED_EDGE ( 'NONE', *, *, #1978, .T. ) ;
#1261 = DIRECTION ( 'NONE',  ( -0.000000000000000000, -0.000000000000000000, -1.000000000000000000 ) ) ;
#1262 = ORIENTED_EDGE ( 'NONE', *, *, #547, .F. ) ;
#1263 = ORIENTED_EDGE ( 'NONE', *, *, #417, .T. ) ;
#1264 = ADVANCED_FACE ( 'NONE', ( #1902 ), #2342, .F. ) ;
#1265 = DIRECTION ( 'NONE',  ( 0.000000000000000000, 0.000000000000000000, 1.000000000000000000 ) ) ;
#1266 = VECTOR ( 'NONE', #2755, 1000.000000000000000 ) ;
#1267 = DIRECTION ( 'NONE',  ( -1.000000000000000000, -1.156482317317871478E-16, 0.000000000000000000 ) ) ;
#1268 = EDGE_CURVE ( 'NONE', #2459, #626, #393, .T. ) ;
#1269 = DIRECTION ( 'NONE',  ( -0.000000000000000000, -0.000000000000000000, -1.000000000000000000 ) ) ;
#1270 = DIRECTION ( 'NONE',  ( 0.000000000000000000, 0.000000000000000000, 1.000000000000000000 ) ) ;
#1271 = CARTESIAN_POINT ( 'NONE',  ( 40.56888470414034487, 10.87039989430780373, 0.000000000000000000 ) ) ;
#1272 = DIRECTION ( 'NONE',  ( -0.000000000000000000, -0.000000000000000000, -1.000000000000000000 ) ) ;
#1273 = ORIENTED_EDGE ( 'NONE', *, *, #2372, .T. ) ;
#1274 = DIRECTION ( 'NONE',  ( 0.000000000000000000, 0.000000000000000000, 1.000000000000000000 ) ) ;
#1275 = VERTEX_POINT ( 'NONE', #1480 ) ;
#1276 = ORIENTED_EDGE ( 'NONE', *, *, #2456, .F. ) ;
#1277 = DIRECTION ( 'NONE',  ( 1.000000000000000000, 0.000000000000000000, 0.000000000000000000 ) ) ;
#1278 = EDGE_CURVE ( 'NONE', #2187, #2368, #1203, .T. ) ;
#1279 = CYLINDRICAL_SURFACE ( 'NONE', #2407, 4.500000000000003553 ) ;
#1280 = CARTESIAN_POINT ( 'NONE',  ( 31.87555226753936566, 8.541028488382767847, 0.000000000000000000 ) ) ;
#1281 = EDGE_CURVE ( 'NONE', #2427, #1361, #669, .T. ) ;
#1282 = ORIENTED_EDGE ( 'NONE', *, *, #2173, .F. ) ;
#1283 = CARTESIAN_POINT ( 'NONE',  ( 59.99999999999997158, -60.00000000000000711, 3.809999999999999609 ) ) ;
#1284 = CYLINDRICAL_SURFACE ( 'NONE', #77, 4.500000000000000888 ) ;
#1285 = ORIENTED_EDGE ( 'NONE', *, *, #1999, .T. ) ;
#1286 = LINE ( 'NONE', #671, #754 ) ;
#1287 = EDGE_LOOP ( 'NONE', ( #2437, #1223, #2556, #1850 ) ) ;
#1288 = EDGE_LOOP ( 'NONE', ( #1887, #2535, #1940, #1634 ) ) ;
#1289 = DIRECTION ( 'NONE',  ( 1.000000000000000000, 0.000000000000000000, 0.000000000000000000 ) ) ;
#1290 = VERTEX_POINT ( 'NONE', #1271 ) ;
#1291 = AXIS2_PLACEMENT_3D ( 'NONE', #1818, #1175, #2045 ) ;
#1292 = CARTESIAN_POINT ( 'NONE',  ( -14.75268557084394239, 55.05777209847683196, 3.809999999999999609 ) ) ;
#1293 = AXIS2_PLACEMENT_3D ( 'NONE', #164, #2375, #2802 ) ;
#1294 = ORIENTED_EDGE ( 'NONE', *, *, #1595, .F. ) ;
#1295 = CARTESIAN_POINT ( 'NONE',  ( -9.705714191344277708, -36.22221848584011639, 3.809999999999999609 ) ) ;
#1296 = LINE ( 'NONE', #2596, #1435 ) ;
#1297 = ADVANCED_FACE ( 'NONE', ( #1077 ), #1051, .F. ) ;
#1298 = VECTOR ( 'NONE', #1993, 1000.000000000000000 ) ;
#1299 = ORIENTED_EDGE ( 'NONE', *, *, #467, .F. ) ;
#1300 = CIRCLE ( 'NONE', #1665, 4.500000000000002665 ) ;
#1301 = LINE ( 'NONE', #427, #1790 ) ;
#1302 = EDGE_CURVE ( 'NONE', #418, #1763, #623, .T. ) ;
#1303 = ORGANIZATION ( 'UNSPECIFIED', 'UNSPECIFIED', '' ) ;
#1304 = ORIENTED_EDGE ( 'NONE', *, *, #1932, .F. ) ;
#1305 = CYLINDRICAL_SURFACE ( 'NONE', #535, 4.500000000000000888 ) ;
#1306 = EDGE_CURVE ( 'NONE', #2666, #2793, #612, .T. ) ;
#1307 = CYLINDRICAL_SURFACE ( 'NONE', #2027, 26.99999999999999645 ) ;
#1308 = CIRCLE ( 'NONE', #2597, 41.99999999999999289 ) ;
#1309 = CIRCLE ( 'NONE', #2222, 4.500000000000002665 ) ;
#1310 = CARTESIAN_POINT ( 'NONE',  ( -6.988114217767875225, -26.07999730980487740, 0.000000000000000000 ) ) ;
#1311 = CYLINDRICAL_SURFACE ( 'NONE', #2161, 4.500000000000003553 ) ;
#1312 = DIRECTION ( 'NONE',  ( 0.000000000000000000, 0.000000000000000000, 1.000000000000000000 ) ) ;
#1313 = EDGE_CURVE ( 'NONE', #287, #1290, #1917, .T. ) ;
#1314 = EDGE_LOOP ( 'NONE', ( #286, #921, #468, #1500 ) ) ;
#1315 = DIRECTION ( 'NONE',  ( 0.000000000000000000, -0.000000000000000000, 1.000000000000000000 ) ) ;
#1316 = EDGE_CURVE ( 'NONE', #2519, #805, #70, .T. ) ;
#1317 = ORIENTED_EDGE ( 'NONE', *, *, #2053, .T. ) ;
#1318 = DIRECTION ( 'NONE',  ( -0.000000000000000000, -0.000000000000000000, -1.000000000000000000 ) ) ;
#1319 = CARTESIAN_POINT ( 'NONE',  ( 31.87555226753936566, 8.541028488382767847, 3.809999999999999609 ) ) ;
#1320 = EDGE_LOOP ( 'NONE', ( #1966, #2735, #1950, #242 ) ) ;
#1321 = DIRECTION ( 'NONE',  ( -1.000000000000000000, 0.000000000000000000, 0.000000000000000000 ) ) ;
#1322 = CYLINDRICAL_SURFACE ( 'NONE', #1792, 56.99999999999999289 ) ;
#1323 = CARTESIAN_POINT ( 'NONE',  ( 36.22221848584005244, 9.705714191344567254, 3.809999999999999609 ) ) ;
#1324 = ORIENTED_EDGE ( 'NONE', *, *, #150, .T. ) ;
#1325 = CARTESIAN_POINT ( 'NONE',  ( 0.000000000000000000, 6.938893903907228378E-15, 3.809999999999999609 ) ) ;
#1326 = EDGE_CURVE ( 'NONE', #21, #781, #2759, .T. ) ;
#1327 = ORIENTED_EDGE ( 'NONE', *, *, #1874, .T. ) ;
#1328 = CARTESIAN_POINT ( 'NONE',  ( -50.71110588017606347, -13.58799986788238634, 3.809999999999999609 ) ) ;
#1329 = FACE_OUTER_BOUND ( 'NONE', #560, .T. ) ;
#1330 = EDGE_CURVE ( 'NONE', #2216, #1693, #870, .T. ) ;
#1331 = CARTESIAN_POINT ( 'NONE',  ( 0.000000000000000000, 6.938893903907228378E-15, 3.809999999999999609 ) ) ;
#1333 = ORIENTED_EDGE ( 'NONE', *, *, #2223, .F. ) ;
#1332 = AXIS2_PLACEMENT_3D ( 'NONE', #1466, #1261, #1 ) ;
#1334 = CARTESIAN_POINT ( 'NONE',  ( 1.323428514806562539, 21.73333109150407338, 3.809999999999999609 ) ) ;
#1335 = AXIS2_PLACEMENT_3D ( 'NONE', #1283, #1715, #2143 ) ;
#1336 = DIRECTION ( 'NONE',  ( -0.000000000000000000, -0.000000000000000000, -1.000000000000000000 ) ) ;
#1337 = CARTESIAN_POINT ( 'NONE',  ( -54.94999999999998863, -52.74999999999999289, 0.000000000000000000 ) ) ;
#1338 = ORIENTED_EDGE ( 'NONE', *, *, #2186, .F. ) ;
#1339 = CIRCLE ( 'NONE', #2669, 56.99999999999999289 ) ;
#1340 = VERTEX_POINT ( 'NONE', #657 ) ;
#1341 = CARTESIAN_POINT ( 'NONE',  ( 14.75268557084394594, -55.05777209847680354, 0.000000000000000000 ) ) ;
#1342 = ORIENTED_EDGE ( 'NONE', *, *, #1042, .T. ) ;
#1343 = VECTOR ( 'NONE', #1140, 1000.000000000000000 ) ;
#1344 = AXIS2_PLACEMENT_3D ( 'NONE', #558, #1389, #452 ) ;
#1345 = ORIENTED_EDGE ( 'NONE', *, *, #279, .T. ) ;
#1346 = DIRECTION ( 'NONE',  ( -1.000000000000000000, 0.000000000000000000, 0.000000000000000000 ) ) ;
#1347 = CARTESIAN_POINT ( 'NONE',  ( -8.541028488382757189, 31.87555226753937276, 0.000000000000000000 ) ) ;
#1348 = CIRCLE ( 'NONE', #2591, 41.99999999999999289 ) ;
#1349 = EDGE_CURVE ( 'NONE', #1575, #2676, #2169, .T. ) ;
#1350 = LINE ( 'NONE', #232, #73 ) ;
#1351 = VECTOR ( 'NONE', #2644, 1000.000000000000000 ) ;
#1352 = VERTEX_POINT ( 'NONE', #667 ) ;
#1353 = EDGE_CURVE ( 'NONE', #1779, #2746, #2068, .T. ) ;
#1354 = CARTESIAN_POINT ( 'NONE',  ( 13.58799986788199377, 50.71110588017618426, 0.000000000000000000 ) ) ;
#1355 = AXIS2_PLACEMENT_3D ( 'NONE', #74, #347, #1827 ) ;
#1356 = DIRECTION ( 'NONE',  ( 1.000000000000000000, 0.000000000000000000, 0.000000000000000000 ) ) ;
#1357 = CARTESIAN_POINT ( 'NONE',  ( 5.823428514806565204, 21.73333109150407338, 0.000000000000000000 ) ) ;
#1358 = CIRCLE ( 'NONE', #595, 4.500000000000000888 ) ;
#1359 = VERTEX_POINT ( 'NONE', #1131 ) ;
#1360 = DIRECTION ( 'NONE',  ( 0.000000000000000000, 0.000000000000000000, 1.000000000000000000 ) ) ;
#1361 = VERTEX_POINT ( 'NONE', #2458 ) ;
#1362 = DIRECTION ( 'NONE',  ( -1.000000000000000000, 0.000000000000000000, 0.000000000000000000 ) ) ;
#1363 = FACE_BOUND ( 'NONE', #603, .T. ) ;
#1364 = VERTEX_POINT ( 'NONE', #2471 ) ;
#1365 = LINE ( 'NONE', #1319, #2164 ) ;
#1366 = ADVANCED_FACE ( 'NONE', ( #707 ), #1793, .F. ) ;
#1367 = DIRECTION ( 'NONE',  ( -0.000000000000000000, -0.000000000000000000, -1.000000000000000000 ) ) ;
#1368 = CARTESIAN_POINT ( 'NONE',  ( 17.38666487320325515, -4.658742811845241860, 0.000000000000000000 ) ) ;
#1369 =( NAMED_UNIT ( * ) SI_UNIT ( $, .STERADIAN. ) SOLID_ANGLE_UNIT ( ) );
#1370 = ORIENTED_EDGE ( 'NONE', *, *, #1503, .T. ) ;
#1371 = VERTEX_POINT ( 'NONE', #506 ) ;
#1372 = CARTESIAN_POINT ( 'NONE',  ( -12.42331416492070240, -46.36443966187534471, 0.000000000000000000 ) ) ;
#1373 = ORIENTED_EDGE ( 'NONE', *, *, #1268, .F. ) ;
#1374 = CARTESIAN_POINT ( 'NONE',  ( -50.71110588017617715, 13.58799986788200442, 0.000000000000000000 ) ) ;
#1375 = CARTESIAN_POINT ( 'NONE',  ( 1.323428514806735956, -21.73333109150400944, 3.809999999999999609 ) ) ;
#1376 = ORIENTED_EDGE ( 'NONE', *, *, #1995, .T. ) ;
#1377 = PERSON ( 'UNSPECIFIED', 'UNSPECIFIED', 'UNSPECIFIED', ('UNSPECIFIED'), ('UNSPECIFIED'), ('UNSPECIFIED') ) ;
#1378 = DIRECTION ( 'NONE',  ( -1.000000000000000000, 0.000000000000000000, 0.000000000000000000 ) ) ;
#1379 = CARTESIAN_POINT ( 'NONE',  ( -50.54999999999999005, -52.74999999999999289, 0.000000000000000000 ) ) ;
#1380 = LINE ( 'NONE', #2093, #1475 ) ;
#1381 = DIRECTION ( 'NONE',  ( 0.000000000000000000, 0.000000000000000000, 1.000000000000000000 ) ) ;
#1382 = ORIENTED_EDGE ( 'NONE', *, *, #1418, .T. ) ;
#1383 = EDGE_LOOP ( 'NONE', ( #1417, #1871, #213, #1607, #795 ) ) ;
#1384 = ADVANCED_FACE ( 'NONE', ( #2673 ), #1311, .F. ) ;
#1385 = CARTESIAN_POINT ( 'NONE',  ( 5.823428514806565204, 21.73333109150407338, 3.809999999999999609 ) ) ;
#1386 = CIRCLE ( 'NONE', #2484, 56.99999999999999289 ) ;
#1387 = ORIENTED_EDGE ( 'NONE', *, *, #542, .F. ) ;
#1388 = DIRECTION ( 'NONE',  ( 0.000000000000000000, 0.000000000000000000, 1.000000000000000000 ) ) ;
#1389 = DIRECTION ( 'NONE',  ( -0.000000000000000000, -0.000000000000000000, -1.000000000000000000 ) ) ;
#1390 = VECTOR ( 'NONE', #1585, 1000.000000000000000 ) ;
#1391 = LINE ( 'NONE', #574, #2120 ) ;
#1392 = AXIS2_PLACEMENT_3D ( 'NONE', #1155, #2426, #931 ) ;
#1393 = DIRECTION ( 'NONE',  ( -1.000000000000000000, 0.000000000000000000, 0.000000000000000000 ) ) ;
#1394 = LINE ( 'NONE', #2282, #1939 ) ;
#1395 = APPROVAL_DATE_TIME ( #2714, #455 ) ;
#1396 = ORIENTED_EDGE ( 'NONE', *, *, #1349, .F. ) ;
#1397 = ORIENTED_EDGE ( 'NONE', *, *, #1330, .T. ) ;
#1398 = DIRECTION ( 'NONE',  ( 1.000000000000000000, 0.000000000000000000, 0.000000000000000000 ) ) ;
#1399 = AXIS2_PLACEMENT_3D ( 'NONE', #2525, #2309, #2020 ) ;
#1400 = EDGE_CURVE ( 'NONE', #992, #2709, #1658, .T. ) ;
#1401 = ORIENTED_EDGE ( 'NONE', *, *, #2173, .T. ) ;
#1402 = AXIS2_PLACEMENT_3D ( 'NONE', #1328, #604, #1906 ) ;
#1403 = CARTESIAN_POINT ( 'NONE',  ( 0.000000000000000000, 6.938893903907228378E-15, 3.809999999999999609 ) ) ;
#1404 = CARTESIAN_POINT ( 'NONE',  ( 0.000000000000000000, 6.938893903907228378E-15, 3.809999999999999609 ) ) ;
#1405 = EDGE_CURVE ( 'NONE', #1786, #2084, #2804, .T. ) ;
#1406 = VERTEX_POINT ( 'NONE', #918 ) ;
#1407 = CYLINDRICAL_SURFACE ( 'NONE', #302, 2.200000000000000622 ) ;
#1408 = CARTESIAN_POINT ( 'NONE',  ( -4.658742811846300569, 17.38666487320298160, 0.000000000000000000 ) ) ;
#1409 = CARTESIAN_POINT ( 'NONE',  ( 59.99999999999997158, 56.99999999999998579, 0.000000000000000000 ) ) ;
#1410 = DATE_AND_TIME ( #2757, #1671 ) ;
#1411 = ORIENTED_EDGE ( 'NONE', *, *, #238, .F. ) ;
#1412 = CYLINDRICAL_SURFACE ( 'NONE', #528, 56.99999999999999289 ) ;
#1413 = ORIENTED_EDGE ( 'NONE', *, *, #1569, .F. ) ;
#1414 = DIRECTION ( 'NONE',  ( -1.000000000000000000, 0.000000000000000000, 0.000000000000000000 ) ) ;
#1415 = EDGE_CURVE ( 'NONE', #649, #2499, #2192, .T. ) ;
#1416 = FACE_BOUND ( 'NONE', #1383, .T. ) ;
#1417 = ORIENTED_EDGE ( 'NONE', *, *, #2372, .F. ) ;
#1418 = EDGE_CURVE ( 'NONE', #2379, #308, #251, .T. ) ;
#1419 = CARTESIAN_POINT ( 'NONE',  ( -17.38666487320296739, -4.658742811846294352, 3.809999999999999609 ) ) ;
#1420 = LINE ( 'NONE', #2513, #1532 ) ;
#1421 = CARTESIAN_POINT ( 'NONE',  ( -55.05777209847698828, 14.75268557084331178, 3.809999999999999609 ) ) ;
#1422 = MECHANICAL_CONTEXT ( 'NONE', #2423, 'mechanical' ) ;
#1423 = VERTEX_POINT ( 'NONE', #1368 ) ;
#1424 = DIRECTION ( 'NONE',  ( -0.000000000000000000, -0.000000000000000000, -1.000000000000000000 ) ) ;
#1425 = ORIENTED_EDGE ( 'NONE', *, *, #352, .T. ) ;
#1426 = CARTESIAN_POINT ( 'NONE',  ( 54.95000000000001705, 52.75000000000000711, 3.809999999999999609 ) ) ;
#1427 = VERTEX_POINT ( 'NONE', #2009 ) ;
#1428 = CARTESIAN_POINT ( 'NONE',  ( 59.99999999999997158, -57.00000000000000000, 3.809999999999999609 ) ) ;
#1429 = AXIS2_PLACEMENT_3D ( 'NONE', #378, #2754, #1289 ) ;
#1430 = ADVANCED_FACE ( 'NONE', ( #1154 ), #2646, .F. ) ;
#1431 = VECTOR ( 'NONE', #2509, 1000.000000000000000 ) ;
#1432 = LINE ( 'NONE', #1854, #1679 ) ;
#1433 = DIRECTION ( 'NONE',  ( -1.000000000000000000, 0.000000000000000000, 0.000000000000000000 ) ) ;
#1434 = APPROVAL_STATUS ( 'not_yet_approved' ) ;
#1435 = VECTOR ( 'NONE', #2170, 1000.000000000000000 ) ;
#1436 = EDGE_CURVE ( 'NONE', #1340, #2460, #1073, .T. ) ;
#1437 = EDGE_LOOP ( 'NONE', ( #978, #2658, #1026, #2157, #2000 ) ) ;
#1438 = FACE_OUTER_BOUND ( 'NONE', #1148, .T. ) ;
#1439 = VECTOR ( 'NONE', #1050, 1000.000000000000000 ) ;
#1440 = ORIENTED_EDGE ( 'NONE', *, *, #2186, .T. ) ;
#1441 = CARTESIAN_POINT ( 'NONE',  ( -60.00000000000002842, -57.00000000000000711, 3.809999999999999609 ) ) ;
#1442 = CIRCLE ( 'NONE', #1724, 4.500000000000000888 ) ;
#1443 = CIRCLE ( 'NONE', #1957, 4.500000000000003553 ) ;
#1444 = VERTEX_POINT ( 'NONE', #289 ) ;
#1445 = EDGE_LOOP ( 'NONE', ( #965, #2821, #2753, #878 ) ) ;
#1446 = FACE_OUTER_BOUND ( 'NONE', #52, .T. ) ;
#1447 = CYLINDRICAL_SURFACE ( 'NONE', #2220, 4.499999999999997335 ) ;
#1448 = FACE_OUTER_BOUND ( 'NONE', #410, .T. ) ;
#1449 = PERSON_AND_ORGANIZATION ( #1377, #1303 ) ;
#1450 = EDGE_CURVE ( 'NONE', #309, #418, #980, .T. ) ;
#1451 = DIRECTION ( 'NONE',  ( 1.000000000000000000, 0.000000000000000000, 0.000000000000000000 ) ) ;
#1452 = DIRECTION ( 'NONE',  ( -1.000000000000000000, 0.000000000000000000, 0.000000000000000000 ) ) ;
#1453 = CC_DESIGN_PERSON_AND_ORGANIZATION_ASSIGNMENT ( #381, #2486, ( #406 ) ) ;
#1454 = EDGE_LOOP ( 'NONE', ( #566, #148, #377, #548 ) ) ;
#1455 = DIRECTION ( 'NONE',  ( -1.000000000000000000, 0.000000000000000000, 0.000000000000000000 ) ) ;
#1456 = VERTEX_POINT ( 'NONE', #234 ) ;
#1457 = ORIENTED_EDGE ( 'NONE', *, *, #2649, .F. ) ;
#1458 = CARTESIAN_POINT ( 'NONE',  ( 9.705714191344561925, -36.22221848584004533, 3.809999999999999609 ) ) ;
#1459 = DIRECTION ( 'NONE',  ( 1.000000000000000000, 0.000000000000000000, 0.000000000000000000 ) ) ;
#1460 = LINE ( 'NONE', #1238, #530 ) ;
#1461 = DIRECTION ( 'NONE',  ( -0.000000000000000000, -0.000000000000000000, -1.000000000000000000 ) ) ;
#1462 = CARTESIAN_POINT ( 'NONE',  ( -54.94999999999998863, -52.74999999999999289, 3.809999999999999609 ) ) ;
#1463 = DIRECTION ( 'NONE',  ( 0.000000000000000000, 0.000000000000000000, 1.000000000000000000 ) ) ;
#1464 = ADVANCED_FACE ( 'NONE', ( #681 ), #1322, .F. ) ;
#1465 = ORIENTED_EDGE ( 'NONE', *, *, #943, .T. ) ;
#1466 = CARTESIAN_POINT ( 'NONE',  ( 9.705714191344281261, 36.22221848584013060, 3.809999999999999609 ) ) ;
#1467 = AXIS2_PLACEMENT_3D ( 'NONE', #2146, #1274, #616 ) ;
#1468 = ADVANCED_FACE ( 'NONE', ( #75 ), #35, .F. ) ;
#1469 = VERTEX_POINT ( 'NONE', #2425 ) ;
#1470 = CIRCLE ( 'NONE', #2021, 4.499999999999995559 ) ;
#1471 = VERTEX_POINT ( 'NONE', #1769 ) ;
#1472 = LINE ( 'NONE', #2587, #1167 ) ;
#1473 = VECTOR ( 'NONE', #395, 1000.000000000000000 ) ;
#1474 = DIRECTION ( 'NONE',  ( 0.000000000000000000, 0.000000000000000000, 1.000000000000000000 ) ) ;
#1475 = VECTOR ( 'NONE', #2065, 1000.000000000000000 ) ;
#1476 = CARTESIAN_POINT ( 'NONE',  ( 50.55000000000001847, 52.75000000000000711, 3.809999999999999609 ) ) ;
#1477 = ORIENTED_EDGE ( 'NONE', *, *, #1835, .T. ) ;
#1478 = VECTOR ( 'NONE', #2616, 1000.000000000000000 ) ;
#1479 = CARTESIAN_POINT ( 'NONE',  ( -40.56888470414094172, 10.87039989430559928, 3.809999999999999609 ) ) ;
#1480 = CARTESIAN_POINT ( 'NONE',  ( 17.38666487320296739, 4.658742811846306786, 0.000000000000000000 ) ) ;
#1481 = DIRECTION ( 'NONE',  ( -0.000000000000000000, -0.000000000000000000, -1.000000000000000000 ) ) ;
#1482 = AXIS2_PLACEMENT_3D ( 'NONE', #613, #1481, #1947 ) ;
#1483 = CC_DESIGN_APPROVAL ( #455, ( #2727 ) ) ;
#1484 = EDGE_LOOP ( 'NONE', ( #1333, #1529, #1600, #2094 ) ) ;
#1485 = DIRECTION ( 'NONE',  ( 1.000000000000000000, 0.000000000000000000, 0.000000000000000000 ) ) ;
#1486 = CIRCLE ( 'NONE', #265, 4.500000000000005329 ) ;
#1487 = EDGE_CURVE ( 'NONE', #1813, #1198, #800, .T. ) ;
#1488 = ORIENTED_EDGE ( 'NONE', *, *, #1064, .T. ) ;
#1489 = ORIENTED_EDGE ( 'NONE', *, *, #329, .T. ) ;
#1490 = CARTESIAN_POINT ( 'NONE',  ( -21.73333109150401654, -5.823428514806731293, 3.809999999999999609 ) ) ;
#1491 = AXIS2_PLACEMENT_3D ( 'NONE', #1188, #359, #1233 ) ;
#1492 = CARTESIAN_POINT ( 'NONE',  ( -36.22221848584012349, 9.705714191344291919, 3.809999999999999609 ) ) ;
#1493 = DIRECTION ( 'NONE',  ( 1.000000000000000000, 0.000000000000000000, 0.000000000000000000 ) ) ;
#1494 = ORIENTED_EDGE ( 'NONE', *, *, #1517, .T. ) ;
#1495 = DIRECTION ( 'NONE',  ( 1.000000000000000000, 0.000000000000000000, 0.000000000000000000 ) ) ;
#1496 = CARTESIAN_POINT ( 'NONE',  ( 0.000000000000000000, 6.938893903907228378E-15, 3.809999999999999609 ) ) ;
#1497 = VERTEX_POINT ( 'NONE', #947 ) ;
#1498 = DIRECTION ( 'NONE',  ( -0.000000000000000000, -0.000000000000000000, -1.000000000000000000 ) ) ;
#1499 = ORIENTED_EDGE ( 'NONE', *, *, #1060, .F. ) ;
#1500 = ORIENTED_EDGE ( 'NONE', *, *, #1685, .F. ) ;
#1501 = DIRECTION ( 'NONE',  ( 1.000000000000000000, 0.000000000000000000, 0.000000000000000000 ) ) ;
#1502 = ORIENTED_EDGE ( 'NONE', *, *, #1247, .T. ) ;
#1503 = EDGE_CURVE ( 'NONE', #1104, #2322, #2394, .T. ) ;
#1504 = FACE_OUTER_BOUND ( 'NONE', #1106, .T. ) ;
#1505 = DIRECTION ( 'NONE',  ( -0.000000000000000000, -0.000000000000000000, -1.000000000000000000 ) ) ;
#1506 = EDGE_CURVE ( 'NONE', #1575, #186, #982, .T. ) ;
#1507 = DIRECTION ( 'NONE',  ( 1.000000000000000000, 0.000000000000000000, 0.000000000000000000 ) ) ;
#1508 = DIRECTION ( 'NONE',  ( -1.000000000000000000, 0.000000000000000000, 0.000000000000000000 ) ) ;
#1509 = LINE ( 'NONE', #1521, #2171 ) ;
#1510 = EDGE_CURVE ( 'NONE', #386, #742, #1846, .T. ) ;
#1511 = ORIENTED_EDGE ( 'NONE', *, *, #2615, .F. ) ;
#1512 = CYLINDRICAL_SURFACE ( 'NONE', #1889, 4.500000000000002665 ) ;
#1513 = ORIENTED_EDGE ( 'NONE', *, *, #1953, .T. ) ;
#1514 = DIRECTION ( 'NONE',  ( -0.000000000000000000, -0.000000000000000000, -1.000000000000000000 ) ) ;
#1515 = AXIS2_PLACEMENT_3D ( 'NONE', #2390, #2621, #2347 ) ;
#1516 = DIRECTION ( 'NONE',  ( 1.000000000000000000, 0.000000000000000000, 0.000000000000000000 ) ) ;
#1517 = EDGE_CURVE ( 'NONE', #2746, #301, #803, .T. ) ;
#1518 = AXIS2_PLACEMENT_3D ( 'NONE', #704, #2438, #1127 ) ;
#1519 = LINE ( 'NONE', #2224, #1351 ) ;
#1520 = CARTESIAN_POINT ( 'NONE',  ( -9.705714191344558373, 36.22221848584005954, 0.000000000000000000 ) ) ;
#1521 = CARTESIAN_POINT ( 'NONE',  ( 46.36443966187513865, 12.42331416492149287, 3.809999999999999609 ) ) ;
#1522 = AXIS2_PLACEMENT_3D ( 'NONE', #985, #959, #1635 ) ;
#1523 = ADVANCED_FACE ( 'NONE', ( #1622 ), #2514, .F. ) ;
#1524 = ORIENTED_EDGE ( 'NONE', *, *, #650, .T. ) ;
#1525 = AXIS2_PLACEMENT_3D ( 'NONE', #1528, #444, #1086 ) ;
#1526 = DIRECTION ( 'NONE',  ( -0.000000000000000000, -0.000000000000000000, -1.000000000000000000 ) ) ;
#1527 = ORIENTED_EDGE ( 'NONE', *, *, #1110, .T. ) ;
#1528 = CARTESIAN_POINT ( 'NONE',  ( 0.000000000000000000, 6.938893903907228378E-15, 0.000000000000000000 ) ) ;
#1529 = ORIENTED_EDGE ( 'NONE', *, *, #654, .F. ) ;
#1530 = AXIS2_PLACEMENT_3D ( 'NONE', #1576, #2008, #2457 ) ;
#1531 = CARTESIAN_POINT ( 'NONE',  ( 26.07999730980473174, 6.988114217768428560, 3.809999999999999609 ) ) ;
#1532 = VECTOR ( 'NONE', #532, 1000.000000000000000 ) ;
#1533 = ORIENTED_EDGE ( 'NONE', *, *, #207, .T. ) ;
#1534 = AXIS2_PLACEMENT_3D ( 'NONE', #2477, #66, #913 ) ;
#1535 = DIRECTION ( 'NONE',  ( 1.000000000000000000, 0.000000000000000000, 0.000000000000000000 ) ) ;
#1536 = EDGE_CURVE ( 'NONE', #1190, #126, #1709, .T. ) ;
#1537 = DIRECTION ( 'NONE',  ( -1.000000000000000000, 0.000000000000000000, 0.000000000000000000 ) ) ;
#1538 =( NAMED_UNIT ( * ) PLANE_ANGLE_UNIT ( ) SI_UNIT ( $, .RADIAN. ) );
#1539 = ORIENTED_EDGE ( 'NONE', *, *, #1415, .T. ) ;
#1540 = ADVANCED_FACE ( 'NONE', ( #1668 ), #1209, .F. ) ;
#1541 = DIRECTION ( 'NONE',  ( 1.000000000000000000, 0.000000000000000000, 0.000000000000000000 ) ) ;
#1542 = ORIENTED_EDGE ( 'NONE', *, *, #2635, .F. ) ;
#1543 = ADVANCED_FACE ( 'NONE', ( #1837 ), #2310, .T. ) ;
#1544 = DIRECTION ( 'NONE',  ( -1.000000000000000000, 0.000000000000000000, 0.000000000000000000 ) ) ;
#1545 = CYLINDRICAL_SURFACE ( 'NONE', #2349, 4.500000000000000888 ) ;
#1546 = ORIENTED_EDGE ( 'NONE', *, *, #188, .T. ) ;
#1547 = CARTESIAN_POINT ( 'NONE',  ( 0.000000000000000000, 6.938893903907228378E-15, 3.809999999999999609 ) ) ;
#1548 = DIRECTION ( 'NONE',  ( 1.000000000000000000, 0.000000000000000000, 0.000000000000000000 ) ) ;
#1549 = CARTESIAN_POINT ( 'NONE',  ( -55.05777209847698828, 14.75268557084331178, 3.809999999999999609 ) ) ;
#1550 = ORIENTED_EDGE ( 'NONE', *, *, #1826, .T. ) ;
#1551 = CARTESIAN_POINT ( 'NONE',  ( 0.000000000000000000, 6.938893903907228378E-15, 3.809999999999999609 ) ) ;
#1552 = ADVANCED_FACE ( 'NONE', ( #1649 ), #578, .F. ) ;
#1553 = ORIENTED_EDGE ( 'NONE', *, *, #2121, .F. ) ;
#1554 = DIRECTION ( 'NONE',  ( -1.000000000000000000, 0.000000000000000000, 0.000000000000000000 ) ) ;
#1555 = CYLINDRICAL_SURFACE ( 'NONE', #2675, 41.99999999999999289 ) ;
#1556 = EDGE_CURVE ( 'NONE', #2519, #2004, #1380, .T. ) ;
#1557 = DIRECTION ( 'NONE',  ( 0.000000000000000000, 0.000000000000000000, 1.000000000000000000 ) ) ;
#1559 = ORIENTED_EDGE ( 'NONE', *, *, #172, .F. ) ;
#1558 = AXIS2_PLACEMENT_3D ( 'NONE', #2518, #966, #2285 ) ;
#1560 = CARTESIAN_POINT ( 'NONE',  ( 9.705714191344561925, -36.22221848584004533, 3.809999999999999609 ) ) ;
#1561 = DIRECTION ( 'NONE',  ( -1.000000000000000000, 0.000000000000000000, 0.000000000000000000 ) ) ;
#1562 = DIRECTION ( 'NONE',  ( -0.000000000000000000, -0.000000000000000000, -1.000000000000000000 ) ) ;
#1563 = VECTOR ( 'NONE', #1867, 1000.000000000000000 ) ;
#1564 = VERTEX_POINT ( 'NONE', #1172 ) ;
#1565 = CARTESIAN_POINT ( 'NONE',  ( 56.99999999999996447, 56.99999999999998579, 0.000000000000000000 ) ) ;
#1566 = AXIS2_PLACEMENT_3D ( 'NONE', #1570, #502, #1544 ) ;
#1567 = VERTEX_POINT ( 'NONE', #533 ) ;
#1568 = CARTESIAN_POINT ( 'NONE',  ( 14.75268557084394594, -55.05777209847680354, 3.809999999999999609 ) ) ;
#1569 = EDGE_CURVE ( 'NONE', #791, #1686, #1659, .T. ) ;
#1570 = CARTESIAN_POINT ( 'NONE',  ( -50.71110588017617715, 13.58799986788200442, 3.809999999999999609 ) ) ;
#1571 = EDGE_CURVE ( 'NONE', #1340, #268, #762, .T. ) ;
#1572 = CARTESIAN_POINT ( 'NONE',  ( 21.73333109150401654, 5.823428514806742839, 3.809999999999999609 ) ) ;
#1573 = CIRCLE ( 'NONE', #814, 4.500000000000002665 ) ;
#1574 = ORIENTED_EDGE ( 'NONE', *, *, #188, .F. ) ;
#1575 = VERTEX_POINT ( 'NONE', #146 ) ;
#1576 = CARTESIAN_POINT ( 'NONE',  ( -50.71110588017617715, 13.58799986788200442, 3.809999999999999609 ) ) ;
#1577 = DIRECTION ( 'NONE',  ( 1.000000000000000000, 5.782411586589357392E-17, -0.000000000000000000 ) ) ;
#1578 =( LENGTH_UNIT ( ) NAMED_UNIT ( * ) SI_UNIT ( .MILLI., .METRE. ) );
#1579 = ORIENTED_EDGE ( 'NONE', *, *, #467, .T. ) ;
#1580 = AXIS2_PLACEMENT_3D ( 'NONE', #570, #152, #1414 ) ;
#1581 = ORIENTED_EDGE ( 'NONE', *, *, #292, .F. ) ;
#1582 = CARTESIAN_POINT ( 'NONE',  ( 0.000000000000000000, 6.938893903907228378E-15, 0.000000000000000000 ) ) ;
#1583 = VERTEX_POINT ( 'NONE', #2269 ) ;
#1584 = DIRECTION ( 'NONE',  ( 0.000000000000000000, 0.000000000000000000, 1.000000000000000000 ) ) ;
#1585 = DIRECTION ( 'NONE',  ( -0.000000000000000000, -0.000000000000000000, -1.000000000000000000 ) ) ;
#1586 = ORIENTED_EDGE ( 'NONE', *, *, #1741, .T. ) ;
#1587 = DIRECTION ( 'NONE',  ( 0.000000000000000000, 0.000000000000000000, -1.000000000000000000 ) ) ;
#1588 = ORIENTED_EDGE ( 'NONE', *, *, #1858, .F. ) ;
#1589 = ADVANCED_FACE ( 'NONE', ( #119 ), #1015, .F. ) ;
#1590 = PLANE ( 'NONE',  #1355 ) ;
#1591 = DIRECTION ( 'NONE',  ( 1.000000000000000000, 0.000000000000000000, 0.000000000000000000 ) ) ;
#1592 = DIRECTION ( 'NONE',  ( 1.000000000000000000, 0.000000000000000000, 0.000000000000000000 ) ) ;
#1593 = EDGE_LOOP ( 'NONE', ( #2076, #901, #1370, #1829, #2025 ) ) ;
#1594 = CARTESIAN_POINT ( 'NONE',  ( 46.36443966187534471, -12.42331416492069707, 3.809999999999999609 ) ) ;
#1595 = EDGE_CURVE ( 'NONE', #2015, #791, #1394, .T. ) ;
#1596 = ORIENTED_EDGE ( 'NONE', *, *, #2429, .F. ) ;
#1597 = CYLINDRICAL_SURFACE ( 'NONE', #2315, 17.99999999999999645 ) ;
#1598 = CARTESIAN_POINT ( 'NONE',  ( 8.541028488382762518, -31.87555226753935855, 3.809999999999999609 ) ) ;
#1599 = VERTEX_POINT ( 'NONE', #1409 ) ;
#1600 = ORIENTED_EDGE ( 'NONE', *, *, #2601, .T. ) ;
#1601 = CARTESIAN_POINT ( 'NONE',  ( -8.541028488382757189, 31.87555226753937276, 3.809999999999999609 ) ) ;
#1602 = CARTESIAN_POINT ( 'NONE',  ( 56.99999999999996447, 59.99999999999999289, 0.000000000000000000 ) ) ;
#1603 = CARTESIAN_POINT ( 'NONE',  ( -36.22221848584005244, -9.705714191344556596, 3.809999999999999609 ) ) ;
#1604 = EDGE_CURVE ( 'NONE', #1371, #1048, #256, .T. ) ;
#1605 = EDGE_LOOP ( 'NONE', ( #4, #1382, #2197, #2639, #2380, #1740, #737, #2602 ) ) ;
#1606 = AXIS2_PLACEMENT_3D ( 'NONE', #479, #2637, #63 ) ;
#1607 = ORIENTED_EDGE ( 'NONE', *, *, #2330, .F. ) ;
#1608 = CARTESIAN_POINT ( 'NONE',  ( 12.42331416492067397, 46.36443966187536603, 3.809999999999999609 ) ) ;
#1609 = ADVANCED_FACE ( 'NONE', ( #2054 ), #2502, .F. ) ;
#1610 = AXIS2_PLACEMENT_3D ( 'NONE', #2361, #181, #2109 ) ;
#1611 = EDGE_LOOP ( 'NONE', ( #1263, #230 ) ) ;
#1612 = VECTOR ( 'NONE', #1731, 1000.000000000000000 ) ;
#1613 = CYLINDRICAL_SURFACE ( 'NONE', #1402, 4.500000000000003553 ) ;
#1614 = CARTESIAN_POINT ( 'NONE',  ( 8.541028488382972128, 31.87555226753931947, 3.809999999999999609 ) ) ;
#1615 = CIRCLE ( 'NONE', #2395, 4.500000000000003553 ) ;
#1616 = ORIENTED_EDGE ( 'NONE', *, *, #823, .T. ) ;
#1617 = AXIS2_PLACEMENT_3D ( 'NONE', #2664, #1123, #1992 ) ;
#1618 = LINE ( 'NONE', #2051, #2353 ) ;
#1619 = ORIENTED_EDGE ( 'NONE', *, *, #207, .F. ) ;
#1620 =( GEOMETRIC_REPRESENTATION_CONTEXT ( 3 ) GLOBAL_UNCERTAINTY_ASSIGNED_CONTEXT ( ( #2328 ) ) GLOBAL_UNIT_ASSIGNED_CONTEXT ( ( #1578, #1538, #1369 ) ) REPRESENTATION_CONTEXT ( 'NONE', 'WORKASPACE' ) );
#1621 = DIRECTION ( 'NONE',  ( -0.000000000000000000, -0.000000000000000000, -1.000000000000000000 ) ) ;
#1622 = FACE_OUTER_BOUND ( 'NONE', #1320, .T. ) ;
#1623 = CALENDAR_DATE ( 2025, 8, 5 ) ;
#1624 = AXIS2_PLACEMENT_3D ( 'NONE', #2787, #1732, #1091 ) ;
#1625 = EDGE_CURVE ( 'NONE', #2623, #1662, #118, .T. ) ;
#1626 = ORIENTED_EDGE ( 'NONE', *, *, #2473, .F. ) ;
#1627 = CARTESIAN_POINT ( 'NONE',  ( 54.95000000000001705, -52.74999999999999289, 3.809999999999999609 ) ) ;
#1628 = AXIS2_PLACEMENT_3D ( 'NONE', #2293, #946, #1393 ) ;
#1629 = PRODUCT_DEFINITION_SHAPE ( 'NONE', 'NONE',  #406 ) ;
#1630 = ADVANCED_FACE ( 'NONE', ( #2526 ), #1072, .F. ) ;
#1631 = VERTEX_POINT ( 'NONE', #2559 ) ;
#1632 = FACE_OUTER_BOUND ( 'NONE', #403, .T. ) ;
#1633 = DIRECTION ( 'NONE',  ( -1.000000000000000000, 0.000000000000000000, 0.000000000000000000 ) ) ;
#1634 = ORIENTED_EDGE ( 'NONE', *, *, #2638, .T. ) ;
#1635 = DIRECTION ( 'NONE',  ( 1.000000000000000000, 0.000000000000000000, 0.000000000000000000 ) ) ;
#1636 = DIRECTION ( 'NONE',  ( -0.000000000000000000, -0.000000000000000000, -1.000000000000000000 ) ) ;
#1637 = DIRECTION ( 'NONE',  ( -0.000000000000000000, -0.000000000000000000, -1.000000000000000000 ) ) ;
#1638 = APPROVAL_STATUS ( 'not_yet_approved' ) ;
#1639 = ORIENTED_EDGE ( 'NONE', *, *, #417, .F. ) ;
#1640 = ORIENTED_EDGE ( 'NONE', *, *, #279, .F. ) ;
#1641 = FACE_BOUND ( 'NONE', #556, .T. ) ;
#1642 = ORIENTED_EDGE ( 'NONE', *, *, #1181, .T. ) ;
#1643 = DIRECTION ( 'NONE',  ( -0.000000000000000000, -0.000000000000000000, -1.000000000000000000 ) ) ;
#1644 = EDGE_CURVE ( 'NONE', #313, #2297, #641, .T. ) ;
#1645 = VERTEX_POINT ( 'NONE', #218 ) ;
#1646 = FACE_OUTER_BOUND ( 'NONE', #2811, .T. ) ;
#1647 = EDGE_CURVE ( 'NONE', #1134, #589, #609, .T. ) ;
#1648 = CARTESIAN_POINT ( 'NONE',  ( -10.87039989430559572, -40.56888470414094172, 3.809999999999999609 ) ) ;
#1649 = FACE_OUTER_BOUND ( 'NONE', #2773, .T. ) ;
#1650 = APPROVAL_DATE_TIME ( #1196, #153 ) ;
#1651 = VERTEX_POINT ( 'NONE', #596 ) ;
#1652 = ORIENTED_EDGE ( 'NONE', *, *, #823, .F. ) ;
#1653 = ORIENTED_EDGE ( 'NONE', *, *, #1147, .T. ) ;
#1654 = FACE_BOUND ( 'NONE', #2569, .T. ) ;
#1655 = VECTOR ( 'NONE', #842, 1000.000000000000000 ) ;
#1656 = ORIENTED_EDGE ( 'NONE', *, *, #1436, .F. ) ;
#1657 = CARTESIAN_POINT ( 'NONE',  ( -36.22221848584012349, 9.705714191344291919, 3.809999999999999609 ) ) ;
#1658 = CIRCLE ( 'NONE', #2252, 3.000000000000002665 ) ;
#1659 = CIRCLE ( 'NONE', #2808, 4.499999999999995559 ) ;
#1660 = ORIENTED_EDGE ( 'NONE', *, *, #2028, .F. ) ;
#1661 = EDGE_CURVE ( 'NONE', #171, #749, #866, .T. ) ;
#1662 = VERTEX_POINT ( 'NONE', #392 ) ;
#1663 = DIRECTION ( 'NONE',  ( 0.000000000000000000, 0.000000000000000000, 1.000000000000000000 ) ) ;
#1664 = AXIS2_PLACEMENT_3D ( 'NONE', #1331, #2396, #2180 ) ;
#1665 = AXIS2_PLACEMENT_3D ( 'NONE', #871, #1734, #1052 ) ;
#1666 = EDGE_CURVE ( 'NONE', #2137, #1662, #2607, .T. ) ;
#1667 = CARTESIAN_POINT ( 'NONE',  ( 0.000000000000000000, 6.938893903907228378E-15, 3.809999999999999609 ) ) ;
#1668 = FACE_OUTER_BOUND ( 'NONE', #1287, .T. ) ;
#1669 = ORIENTED_EDGE ( 'NONE', *, *, #2369, .F. ) ;
#1670 = DATE_TIME_ROLE ( 'creation_date' ) ;
#1671 = LOCAL_TIME ( 13, 34, 52.00000000000000000, #2547 ) ;
#1672 = ORIENTED_EDGE ( 'NONE', *, *, #1840, .F. ) ;
#1673 = ORIENTED_EDGE ( 'NONE', *, *, #1517, .F. ) ;
#1674 = DIRECTION ( 'NONE',  ( 0.000000000000000000, 0.000000000000000000, 1.000000000000000000 ) ) ;
#1675 = FACE_BOUND ( 'NONE', #370, .T. ) ;
#1676 = AXIS2_PLACEMENT_3D ( 'NONE', #610, #1461, #2608 ) ;
#1677 = ORIENTED_EDGE ( 'NONE', *, *, #1023, .T. ) ;
#1678 = CYLINDRICAL_SURFACE ( 'NONE', #2687, 33.00000000000000000 ) ;
#1679 = VECTOR ( 'NONE', #2251, 1000.000000000000000 ) ;
#1680 = ORIENTED_EDGE ( 'NONE', *, *, #1783, .T. ) ;
#1681 = ORIENTED_EDGE ( 'NONE', *, *, #2156, .F. ) ;
#1682 = DIRECTION ( 'NONE',  ( -1.000000000000000000, 0.000000000000000000, 0.000000000000000000 ) ) ;
#1683 = DIRECTION ( 'NONE',  ( 1.000000000000000000, 0.000000000000000000, 0.000000000000000000 ) ) ;
#1684 = DIRECTION ( 'NONE',  ( -0.000000000000000000, -0.000000000000000000, -1.000000000000000000 ) ) ;
#1685 = EDGE_CURVE ( 'NONE', #2709, #320, #1460, .T. ) ;
#1686 = VERTEX_POINT ( 'NONE', #1925 ) ;
#1687 = ORIENTED_EDGE ( 'NONE', *, *, #908, .T. ) ;
#1688 = DIRECTION ( 'NONE',  ( -0.000000000000000000, -0.000000000000000000, -1.000000000000000000 ) ) ;
#1689 = DIRECTION ( 'NONE',  ( -0.000000000000000000, -0.000000000000000000, -1.000000000000000000 ) ) ;
#1690 = ORIENTED_EDGE ( 'NONE', *, *, #736, .T. ) ;
#1691 = CARTESIAN_POINT ( 'NONE',  ( -10.87039989430559572, -40.56888470414094172, 0.000000000000000000 ) ) ;
#1692 = EDGE_LOOP ( 'NONE', ( #1145, #2553, #2056, #1373, #2568 ) ) ;
#1693 = VERTEX_POINT ( 'NONE', #2545 ) ;
#1694 = CARTESIAN_POINT ( 'NONE',  ( -6.988114217767875225, -26.07999730980487740, 3.809999999999999609 ) ) ;
#1695 = DIRECTION ( 'NONE',  ( -0.000000000000000000, -0.000000000000000000, -1.000000000000000000 ) ) ;
#1696 = LINE ( 'NONE', #2572, #759 ) ;
#1697 = CARTESIAN_POINT ( 'NONE',  ( 59.99999999999997158, 59.99999999999999289, 3.809999999999999609 ) ) ;
#1698 = EDGE_CURVE ( 'NONE', #1816, #1364, #158, .T. ) ;
#1699 = FACE_OUTER_BOUND ( 'NONE', #1017, .T. ) ;
#1700 = DIRECTION ( 'NONE',  ( 0.000000000000000000, 0.000000000000000000, 1.000000000000000000 ) ) ;
#1701 = VERTEX_POINT ( 'NONE', #2339 ) ;
#1702 = CC_DESIGN_PERSON_AND_ORGANIZATION_ASSIGNMENT ( #597, #989, ( #2727 ) ) ;
#1703 = CYLINDRICAL_SURFACE ( 'NONE', #113, 4.499999999999995559 ) ;
#1704 = CIRCLE ( 'NONE', #2481, 17.99999999999999645 ) ;
#1705 = ORIENTED_EDGE ( 'NONE', *, *, #2790, .F. ) ;
#1706 = AXIS2_PLACEMENT_3D ( 'NONE', #1186, #2057, #2703 ) ;
#1707 = ORIENTED_EDGE ( 'NONE', *, *, #2290, .F. ) ;
#1708 = DIRECTION ( 'NONE',  ( -0.000000000000000000, -0.000000000000000000, -1.000000000000000000 ) ) ;
#1709 = CIRCLE ( 'NONE', #166, 2.200000000000000622 ) ;
#1710 = CARTESIAN_POINT ( 'NONE',  ( -31.87555226753936566, -8.541028488382755413, 0.000000000000000000 ) ) ;
#1711 = CIRCLE ( 'NONE', #2073, 26.99999999999999645 ) ;
#1712 = DIRECTION ( 'NONE',  ( 0.000000000000000000, 0.000000000000000000, 1.000000000000000000 ) ) ;
#1713 = AXIS2_PLACEMENT_3D ( 'NONE', #2006, #1765, #2614 ) ;
#1714 = PLANE ( 'NONE',  #83 ) ;
#1715 = DIRECTION ( 'NONE',  ( -5.782411586589358625E-17, 1.000000000000000000, 0.000000000000000000 ) ) ;
#1716 = CARTESIAN_POINT ( 'NONE',  ( 0.000000000000000000, 6.938893903907228378E-15, 0.000000000000000000 ) ) ;
#1717 = VECTOR ( 'NONE', #658, 1000.000000000000000 ) ;
#1718 = CC_DESIGN_APPROVAL ( #2770, ( #541 ) ) ;
#1719 = ORIENTED_EDGE ( 'NONE', *, *, #665, .T. ) ;
#1720 = DIRECTION ( 'NONE',  ( 1.000000000000000000, 0.000000000000000000, 0.000000000000000000 ) ) ;
#1721 = CIRCLE ( 'NONE', #2311, 4.500000000000002665 ) ;
#1722 = EDGE_CURVE ( 'NONE', #950, #386, #2439, .T. ) ;
#1723 = VERTEX_POINT ( 'NONE', #2356 ) ;
#1724 = AXIS2_PLACEMENT_3D ( 'NONE', #2771, #1030, #1459 ) ;
#1725 = ORIENTED_EDGE ( 'NONE', *, *, #2063, .F. ) ;
#1726 = CARTESIAN_POINT ( 'NONE',  ( 56.99999999999996447, -57.00000000000000000, 3.809999999999999609 ) ) ;
#1727 = VECTOR ( 'NONE', #2554, 1000.000000000000000 ) ;
#1728 = ADVANCED_FACE ( 'NONE', ( #1448 ), #622, .F. ) ;
#1729 = ORIENTED_EDGE ( 'NONE', *, *, #437, .T. ) ;
#1730 = CYLINDRICAL_SURFACE ( 'NONE', #1767, 3.000000000000002665 ) ;
#1731 = DIRECTION ( 'NONE',  ( -0.000000000000000000, -0.000000000000000000, -1.000000000000000000 ) ) ;
#1732 = DIRECTION ( 'NONE',  ( 0.000000000000000000, 0.000000000000000000, 1.000000000000000000 ) ) ;
#1733 = CARTESIAN_POINT ( 'NONE',  ( -46.36443966187535892, 12.42331416492068819, 3.809999999999999609 ) ) ;
#1734 = DIRECTION ( 'NONE',  ( 0.000000000000000000, 0.000000000000000000, 1.000000000000000000 ) ) ;
#1735 = VERTEX_POINT ( 'NONE', #1280 ) ;
#1736 = CARTESIAN_POINT ( 'NONE',  ( 10.87039989430559928, 40.56888470414095593, 0.000000000000000000 ) ) ;
#1737 = EDGE_LOOP ( 'NONE', ( #1177, #1619, #885, #897 ) ) ;
#1738 = EDGE_CURVE ( 'NONE', #1065, #1701, #2326, .T. ) ;
#1739 = DIRECTION ( 'NONE',  ( 1.000000000000000000, 0.000000000000000000, 0.000000000000000000 ) ) ;
#1740 = ORIENTED_EDGE ( 'NONE', *, *, #818, .T. ) ;
#1741 = EDGE_CURVE ( 'NONE', #280, #2793, #2024, .T. ) ;
#1742 = CARTESIAN_POINT ( 'NONE',  ( -26.23333109150401654, -5.823428514806731293, 3.809999999999999609 ) ) ;
#1743 = DIRECTION ( 'NONE',  ( 1.000000000000000000, 0.000000000000000000, 0.000000000000000000 ) ) ;
#1744 = CARTESIAN_POINT ( 'NONE',  ( 0.000000000000000000, 6.938893903907228378E-15, 3.809999999999999609 ) ) ;
#1745 = CARTESIAN_POINT ( 'NONE',  ( 6.988114217767878777, 26.07999730980489161, 0.000000000000000000 ) ) ;
#1746 = ORIENTED_EDGE ( 'NONE', *, *, #1110, .F. ) ;
#1747 = DIRECTION ( 'NONE',  ( -1.000000000000000000, 0.000000000000000000, 0.000000000000000000 ) ) ;
#1748 = EDGE_LOOP ( 'NONE', ( #1869, #924, #65, #2561, #2135 ) ) ;
#1749 = DIRECTION ( 'NONE',  ( -0.000000000000000000, -0.000000000000000000, -1.000000000000000000 ) ) ;
#1750 = EDGE_CURVE ( 'NONE', #1471, #78, #2582, .T. ) ;
#1751 = CARTESIAN_POINT ( 'NONE',  ( 0.000000000000000000, 6.938893903907228378E-15, 3.809999999999999609 ) ) ;
#1752 = AXIS2_PLACEMENT_3D ( 'NONE', #1257, #2788, #826 ) ;
#1753 = EDGE_CURVE ( 'NONE', #2794, #1599, #177, .T. ) ;
#1754 = VECTOR ( 'NONE', #2772, 1000.000000000000000 ) ;
#1755 = CARTESIAN_POINT ( 'NONE',  ( 0.000000000000000000, 6.938893903907228378E-15, 3.809999999999999609 ) ) ;
#1756 = DIRECTION ( 'NONE',  ( 1.000000000000000000, 0.000000000000000000, 0.000000000000000000 ) ) ;
#1757 = DIRECTION ( 'NONE',  ( -1.000000000000000000, 0.000000000000000000, 0.000000000000000000 ) ) ;
#1758 = VECTOR ( 'NONE', #30, 1000.000000000000000 ) ;
#1759 = ORIENTED_EDGE ( 'NONE', *, *, #1247, .F. ) ;
#1760 = CIRCLE ( 'NONE', #2397, 4.499999999999997335 ) ;
#1761 = DIRECTION ( 'NONE',  ( 0.000000000000000000, 0.000000000000000000, 1.000000000000000000 ) ) ;
#1762 = CIRCLE ( 'NONE', #1038, 47.99999999999999289 ) ;
#1763 = VERTEX_POINT ( 'NONE', #1913 ) ;
#1764 = LOCAL_TIME ( 13, 34, 52.00000000000000000, #2295 ) ;
#1765 = DIRECTION ( 'NONE',  ( -0.000000000000000000, -0.000000000000000000, -1.000000000000000000 ) ) ;
#1766 = CARTESIAN_POINT ( 'NONE',  ( 14.75268557084330823, 55.05777209847699538, 0.000000000000000000 ) ) ;
#1767 = AXIS2_PLACEMENT_3D ( 'NONE', #2571, #175, #391 ) ;
#1768 = DIRECTION ( 'NONE',  ( -0.000000000000000000, -0.000000000000000000, -1.000000000000000000 ) ) ;
#1769 = CARTESIAN_POINT ( 'NONE',  ( 5.205714191344275932, 36.22221848584013060, 3.809999999999999609 ) ) ;
#1770 = FACE_OUTER_BOUND ( 'NONE', #2704, .T. ) ;
#1771 = EDGE_CURVE ( 'NONE', #1005, #950, #577, .T. ) ;
#1772 = ORIENTED_EDGE ( 'NONE', *, *, #995, .T. ) ;
#1773 = DIRECTION ( 'NONE',  ( -0.000000000000000000, -0.000000000000000000, -1.000000000000000000 ) ) ;
#1774 = EDGE_CURVE ( 'NONE', #1631, #1645, #1339, .T. ) ;
#1775 = ORIENTED_EDGE ( 'NONE', *, *, #682, .F. ) ;
#1776 = DIRECTION ( 'NONE',  ( 1.000000000000000000, 0.000000000000000000, 0.000000000000000000 ) ) ;
#1777 = DIRECTION ( 'NONE',  ( -1.000000000000000000, 0.000000000000000000, 0.000000000000000000 ) ) ;
#1778 = LINE ( 'NONE', #1742, #1478 ) ;
#1779 = VERTEX_POINT ( 'NONE', #1292 ) ;
#1780 = DIRECTION ( 'NONE',  ( -0.000000000000000000, -0.000000000000000000, -1.000000000000000000 ) ) ;
#1781 = DIRECTION ( 'NONE',  ( -0.000000000000000000, -0.000000000000000000, -1.000000000000000000 ) ) ;
#1782 = DIRECTION ( 'NONE',  ( -0.000000000000000000, -0.000000000000000000, -1.000000000000000000 ) ) ;
#1783 = EDGE_CURVE ( 'NONE', #1352, #2364, #1696, .T. ) ;
#1784 = ORIENTED_EDGE ( 'NONE', *, *, #1571, .T. ) ;
#1785 = CARTESIAN_POINT ( 'NONE',  ( 0.000000000000000000, 6.938893903907228378E-15, 0.000000000000000000 ) ) ;
#1786 = VERTEX_POINT ( 'NONE', #2151 ) ;
#1787 = DIRECTION ( 'NONE',  ( 1.000000000000000000, 0.000000000000000000, 0.000000000000000000 ) ) ;
#1788 = FACE_OUTER_BOUND ( 'NONE', #39, .T. ) ;
#1789 = DIRECTION ( 'NONE',  ( 0.000000000000000000, 0.000000000000000000, 1.000000000000000000 ) ) ;
#1790 = VECTOR ( 'NONE', #2404, 1000.000000000000000 ) ;
#1791 = DIRECTION ( 'NONE',  ( 1.000000000000000000, 0.000000000000000000, 0.000000000000000000 ) ) ;
#1792 = AXIS2_PLACEMENT_3D ( 'NONE', #1115, #2443, #1561 ) ;
#1793 = CYLINDRICAL_SURFACE ( 'NONE', #1116, 4.500000000000002665 ) ;
#1794 = CARTESIAN_POINT ( 'NONE',  ( 13.58799986788238989, -50.71110588017605636, 3.809999999999999609 ) ) ;
#1795 = ORIENTED_EDGE ( 'NONE', *, *, #192, .T. ) ;
#1796 = CIRCLE ( 'NONE', #2534, 4.499999999999995559 ) ;
#1797 = VERTEX_POINT ( 'NONE', #2165 ) ;
#1798 = DIRECTION ( 'NONE',  ( -0.000000000000000000, -0.000000000000000000, -1.000000000000000000 ) ) ;
#1799 = CIRCLE ( 'NONE', #583, 26.99999999999999645 ) ;
#1800 = AXIS2_PLACEMENT_3D ( 'NONE', #774, #1689, #2049 ) ;
#1801 = ORIENTED_EDGE ( 'NONE', *, *, #2139, .T. ) ;
#1802 = CARTESIAN_POINT ( 'NONE',  ( 0.000000000000000000, 6.938893903907228378E-15, 3.809999999999999609 ) ) ;
#1803 = FACE_BOUND ( 'NONE', #1692, .T. ) ;
#1804 = AXIS2_PLACEMENT_3D ( 'NONE', #2388, #182, #436 ) ;
#1805 = VERTEX_POINT ( 'NONE', #2234 ) ;
#1806 = CARTESIAN_POINT ( 'NONE',  ( 1.323428514806562539, 21.73333109150407338, 3.809999999999999609 ) ) ;
#1807 = ADVANCED_FACE ( 'NONE', ( #2654 ), #1545, .F. ) ;
#1808 = CARTESIAN_POINT ( 'NONE',  ( 9.087999867881991989, 50.71110588017618426, 3.809999999999999609 ) ) ;
#1809 = AXIS2_PLACEMENT_3D ( 'NONE', #778, #1636, #321 ) ;
#1810 = CARTESIAN_POINT ( 'NONE',  ( 56.99999999999996447, 56.99999999999998579, 3.809999999999999609 ) ) ;
#1811 = DIRECTION ( 'NONE',  ( -1.000000000000000000, 0.000000000000000000, 0.000000000000000000 ) ) ;
#1812 = EDGE_CURVE ( 'NONE', #1723, #2134, #2301, .T. ) ;
#1813 = VERTEX_POINT ( 'NONE', #56 ) ;
#1814 = AXIS2_PLACEMENT_3D ( 'NONE', #1802, #1584, #2464 ) ;
#1815 = ORIENTED_EDGE ( 'NONE', *, *, #971, .F. ) ;
#1816 = VERTEX_POINT ( 'NONE', #1531 ) ;
#1817 = ORIENTED_EDGE ( 'NONE', *, *, #244, .T. ) ;
#1818 = CARTESIAN_POINT ( 'NONE',  ( 52.75000000000002132, -52.74999999999999289, 3.809999999999999609 ) ) ;
#1819 = ORIENTED_EDGE ( 'NONE', *, *, #120, .F. ) ;
#1820 = ORIENTED_EDGE ( 'NONE', *, *, #843, .T. ) ;
#1821 = DIRECTION ( 'NONE',  ( -0.000000000000000000, -1.000000000000000000, -0.000000000000000000 ) ) ;
#1822 = CARTESIAN_POINT ( 'NONE',  ( -55.05777209847681775, -14.75268557084394239, 3.809999999999999609 ) ) ;
#1823 = EDGE_CURVE ( 'NONE', #2084, #2206, #1796, .T. ) ;
#1824 = CARTESIAN_POINT ( 'NONE',  ( 59.99999999999997158, 59.99999999999999289, 0.000000000000000000 ) ) ;
#1825 = ORIENTED_EDGE ( 'NONE', *, *, #861, .T. ) ;
#1826 = EDGE_CURVE ( 'NONE', #129, #1735, #1365, .T. ) ;
#1827 = DIRECTION ( 'NONE',  ( 0.000000000000000000, 0.000000000000000000, 1.000000000000000000 ) ) ;
#1828 = DIRECTION ( 'NONE',  ( 0.000000000000000000, 0.000000000000000000, 1.000000000000000000 ) ) ;
#1829 = ORIENTED_EDGE ( 'NONE', *, *, #292, .T. ) ;
#1830 = DIRECTION ( 'NONE',  ( -0.000000000000000000, -0.000000000000000000, -1.000000000000000000 ) ) ;
#1831 = ORIENTED_EDGE ( 'NONE', *, *, #1595, .T. ) ;
#1832 = CARTESIAN_POINT ( 'NONE',  ( 0.000000000000000000, 6.938893903907228378E-15, 3.809999999999999609 ) ) ;
#1833 = FACE_BOUND ( 'NONE', #723, .T. ) ;
#1834 = CARTESIAN_POINT ( 'NONE',  ( -57.00000000000002132, -60.00000000000001421, 3.809999999999999609 ) ) ;
#1835 = EDGE_CURVE ( 'NONE', #2364, #749, #939, .T. ) ;
#1836 = CARTESIAN_POINT ( 'NONE',  ( 4.658742811846299681, -17.38666487320296028, 0.000000000000000000 ) ) ;
#1837 = FACE_OUTER_BOUND ( 'NONE', #196, .T. ) ;
#1838 = DATE_AND_TIME ( #105, #174 ) ;
#1839 = AXIS2_PLACEMENT_3D ( 'NONE', #1325, #2195, #2428 ) ;
#1840 = EDGE_CURVE ( 'NONE', #306, #1816, #1031, .T. ) ;
#1841 = AXIS2_PLACEMENT_3D ( 'NONE', #1971, #19, #1756 ) ;
#1842 = ORIENTED_EDGE ( 'NONE', *, *, #2277, .T. ) ;
#1843 = CARTESIAN_POINT ( 'NONE',  ( 17.38666487320325515, -4.658742811845241860, 3.809999999999999609 ) ) ;
#1844 = AXIS2_PLACEMENT_3D ( 'NONE', #1088, #1712, #409 ) ;
#1845 = EDGE_LOOP ( 'NONE', ( #1775, #2728, #2540, #350, #983 ) ) ;
#1846 = CIRCLE ( 'NONE', #625, 4.499999999999999112 ) ;
#1847 = CARTESIAN_POINT ( 'NONE',  ( 9.087999867882391669, -50.71110588017605636, 3.809999999999999609 ) ) ;
#1848 = DIRECTION ( 'NONE',  ( -0.000000000000000000, -0.000000000000000000, -1.000000000000000000 ) ) ;
#1849 = AXIS2_PLACEMENT_3D ( 'NONE', #2018, #1789, #2411 ) ;
#1850 = ORIENTED_EDGE ( 'NONE', *, *, #1647, .T. ) ;
#1851 = CIRCLE ( 'NONE', #2122, 4.500000000000005329 ) ;
#1852 = DIRECTION ( 'NONE',  ( 0.000000000000000000, 0.000000000000000000, 1.000000000000000000 ) ) ;
#1853 = CIRCLE ( 'NONE', #899, 2.200000000000000622 ) ;
#1854 = CARTESIAN_POINT ( 'NONE',  ( -26.07999730980488806, 6.988114217767886771, 3.809999999999999609 ) ) ;
#1855 = DIRECTION ( 'NONE',  ( -1.000000000000000000, 0.000000000000000000, 0.000000000000000000 ) ) ;
#1856 = PERSON_AND_ORGANIZATION ( #1377, #1303 ) ;
#1857 = ORIENTED_EDGE ( 'NONE', *, *, #995, .F. ) ;
#1858 = EDGE_CURVE ( 'NONE', #581, #953, #1152, .T. ) ;
#1859 = CARTESIAN_POINT ( 'NONE',  ( -4.658742811845247189, -17.38666487320325160, 3.809999999999999609 ) ) ;
#1860 = AXIS2_PLACEMENT_3D ( 'NONE', #1403, #2287, #2724 ) ;
#1861 = ORIENTED_EDGE ( 'NONE', *, *, #1661, .T. ) ;
#1862 = EDGE_CURVE ( 'NONE', #1033, #1444, #1350, .T. ) ;
#1863 = LINE ( 'NONE', #2763, #1000 ) ;
#1864 = VERTEX_POINT ( 'NONE', #273 ) ;
#1865 = CYLINDRICAL_SURFACE ( 'NONE', #258, 4.499999999999997335 ) ;
#1866 = CARTESIAN_POINT ( 'NONE',  ( 40.56888470414034487, 10.87039989430780373, 3.809999999999999609 ) ) ;
#1867 = DIRECTION ( 'NONE',  ( -0.000000000000000000, -0.000000000000000000, -1.000000000000000000 ) ) ;
#1868 = DIRECTION ( 'NONE',  ( 0.000000000000000000, 0.000000000000000000, 1.000000000000000000 ) ) ;
#1869 = ORIENTED_EDGE ( 'NONE', *, *, #1604, .F. ) ;
#1870 = EDGE_LOOP ( 'NONE', ( #49, #670, #1511, #458, #1219 ) ) ;
#1871 = ORIENTED_EDGE ( 'NONE', *, *, #1926, .F. ) ;
#1872 = ORIENTED_EDGE ( 'NONE', *, *, #808, .T. ) ;
#1873 = FACE_BOUND ( 'NONE', #543, .T. ) ;
#1874 = EDGE_CURVE ( 'NONE', #1564, #584, #168, .T. ) ;
#1875 = ORIENTED_EDGE ( 'NONE', *, *, #1826, .F. ) ;
#1876 = DIRECTION ( 'NONE',  ( 1.000000000000000000, 0.000000000000000000, 0.000000000000000000 ) ) ;
#1877 = ORIENTED_EDGE ( 'NONE', *, *, #2239, .F. ) ;
#1878 = ORIENTED_EDGE ( 'NONE', *, *, #508, .T. ) ;
#1879 = CC_DESIGN_PERSON_AND_ORGANIZATION_ASSIGNMENT ( #1449, #2527, ( #541 ) ) ;
#1880 = ORIENTED_EDGE ( 'NONE', *, *, #420, .F. ) ;
#1881 = ORIENTED_EDGE ( 'NONE', *, *, #1750, .T. ) ;
#1882 = ORIENTED_EDGE ( 'NONE', *, *, #1741, .F. ) ;
#1883 = CARTESIAN_POINT ( 'NONE',  ( -52.74999999999999289, -52.74999999999999289, 3.809999999999999609 ) ) ;
#1884 = CARTESIAN_POINT ( 'NONE',  ( -60.00000000000002842, -60.00000000000001421, 0.000000000000000000 ) ) ;
#1885 = DIRECTION ( 'NONE',  ( -0.000000000000000000, -0.000000000000000000, -1.000000000000000000 ) ) ;
#1886 = COORDINATED_UNIVERSAL_TIME_OFFSET ( 5, 0, .BEHIND. ) ;
#1887 = ORIENTED_EDGE ( 'NONE', *, *, #2493, .F. ) ;
#1888 = CARTESIAN_POINT ( 'NONE',  ( 9.705714191344561925, -36.22221848584004533, 3.809999999999999609 ) ) ;
#1889 = AXIS2_PLACEMENT_3D ( 'NONE', #209, #22, #2567 ) ;
#1890 = VERTEX_POINT ( 'NONE', #2204 ) ;
#1891 = CYLINDRICAL_SURFACE ( 'NONE', #2600, 4.500000000000003553 ) ;
#1892 = VECTOR ( 'NONE', #2154, 1000.000000000000000 ) ;
#1893 = VERTEX_POINT ( 'NONE', #1766 ) ;
#1894 = ORIENTED_EDGE ( 'NONE', *, *, #2806, .F. ) ;
#1895 = EDGE_CURVE ( 'NONE', #37, #2003, #503, .T. ) ;
#1896 = DIRECTION ( 'NONE',  ( 1.000000000000000000, 0.000000000000000000, 0.000000000000000000 ) ) ;
#1897 = VECTOR ( 'NONE', #1318, 1000.000000000000000 ) ;
#1898 = CARTESIAN_POINT ( 'NONE',  ( 0.000000000000000000, 6.938893903907228378E-15, 0.000000000000000000 ) ) ;
#1899 = CARTESIAN_POINT ( 'NONE',  ( -4.658742811845247189, -17.38666487320325160, 3.809999999999999609 ) ) ;
#1900 = ORIENTED_EDGE ( 'NONE', *, *, #1099, .F. ) ;
#1901 = CYLINDRICAL_SURFACE ( 'NONE', #2360, 3.000000000000002665 ) ;
#1902 = FACE_OUTER_BOUND ( 'NONE', #55, .T. ) ;
#1903 = LINE ( 'NONE', #546, #355 ) ;
#1904 = VECTOR ( 'NONE', #2386, 1000.000000000000000 ) ;
#1905 = ORIENTED_EDGE ( 'NONE', *, *, #2605, .F. ) ;
#1906 = DIRECTION ( 'NONE',  ( -1.000000000000000000, 0.000000000000000000, 0.000000000000000000 ) ) ;
#1907 = AXIS2_PLACEMENT_3D ( 'NONE', #740, #2031, #1554 ) ;
#1908 = ORIENTED_EDGE ( 'NONE', *, *, #748, .F. ) ;
#1909 = EDGE_LOOP ( 'NONE', ( #1162, #208, #1304, #2184 ) ) ;
#1910 = DIRECTION ( 'NONE',  ( 0.000000000000000000, 0.000000000000000000, 1.000000000000000000 ) ) ;
#1911 = EDGE_CURVE ( 'NONE', #742, #659, #1985, .T. ) ;
#1912 = CARTESIAN_POINT ( 'NONE',  ( -57.00000000000002132, 59.99999999999997868, 3.809999999999999609 ) ) ;
#1913 = CARTESIAN_POINT ( 'NONE',  ( -8.541028488382982786, -31.87555226753930526, 3.809999999999999609 ) ) ;
#1914 = ORIENTED_EDGE ( 'NONE', *, *, #1698, .T. ) ;
#1915 = EDGE_CURVE ( 'NONE', #1735, #1290, #2719, .T. ) ;
#1916 = CARTESIAN_POINT ( 'NONE',  ( 9.087999867881991989, 50.71110588017618426, 3.809999999999999609 ) ) ;
#1917 = LINE ( 'NONE', #2576, #1892 ) ;
#1918 = FACE_OUTER_BOUND ( 'NONE', #2476, .T. ) ;
#1919 = EDGE_LOOP ( 'NONE', ( #2323, #1586 ) ) ;
#1920 = CARTESIAN_POINT ( 'NONE',  ( -55.21110588017607057, -13.58799986788238634, 3.809999999999999609 ) ) ;
#1921 = ORIENTED_EDGE ( 'NONE', *, *, #1450, .T. ) ;
#1922 = ORIENTED_EDGE ( 'NONE', *, *, #176, .F. ) ;
#1923 = DIRECTION ( 'NONE',  ( -1.000000000000000000, 0.000000000000000000, 0.000000000000000000 ) ) ;
#1924 = DIRECTION ( 'NONE',  ( 1.000000000000000000, 0.000000000000000000, 0.000000000000000000 ) ) ;
#1925 = CARTESIAN_POINT ( 'NONE',  ( 9.087999867882391669, -50.71110588017605636, 0.000000000000000000 ) ) ;
#1926 = EDGE_CURVE ( 'NONE', #287, #581, #29, .T. ) ;
#1927 = DESIGN_CONTEXT ( 'detailed design', #2721, 'design' ) ;
#1928 = EDGE_LOOP ( 'NONE', ( #2190, #1746 ) ) ;
#1929 = DIRECTION ( 'NONE',  ( 1.000000000000000000, 0.000000000000000000, 0.000000000000000000 ) ) ;
#1930 = CARTESIAN_POINT ( 'NONE',  ( -57.00000000000002132, -57.00000000000000711, 3.809999999999999609 ) ) ;
#1931 = CARTESIAN_POINT ( 'NONE',  ( 54.95000000000001705, 52.75000000000000711, 0.000000000000000000 ) ) ;
#1932 = EDGE_CURVE ( 'NONE', #519, #587, #673, .T. ) ;
#1933 = ORIENTED_EDGE ( 'NONE', *, *, #1738, .F. ) ;
#1934 = CARTESIAN_POINT ( 'NONE',  ( -9.705714191344558373, 36.22221848584005954, 3.809999999999999609 ) ) ;
#1935 = VECTOR ( 'NONE', #1498, 1000.000000000000000 ) ;
#1936 = ORIENTED_EDGE ( 'NONE', *, *, #100, .F. ) ;
#1937 = ORIENTED_EDGE ( 'NONE', *, *, #420, .T. ) ;
#1938 = DIRECTION ( 'NONE',  ( 0.000000000000000000, 0.000000000000000000, 1.000000000000000000 ) ) ;
#1939 = VECTOR ( 'NONE', #1885, 1000.000000000000000 ) ;
#1940 = ORIENTED_EDGE ( 'NONE', *, *, #840, .T. ) ;
#1941 = DIRECTION ( 'NONE',  ( -0.000000000000000000, -1.000000000000000000, -0.000000000000000000 ) ) ;
#1942 = AXIS2_PLACEMENT_3D ( 'NONE', #2795, #816, #173 ) ;
#1943 = CARTESIAN_POINT ( 'NONE',  ( 10.87039989430779663, -40.56888470414033776, 3.809999999999999609 ) ) ;
#1944 = AXIS2_PLACEMENT_3D ( 'NONE', #728, #1848, #297 ) ;
#1945 = FACE_OUTER_BOUND ( 'NONE', #2466, .T. ) ;
#1946 = FACE_BOUND ( 'NONE', #93, .T. ) ;
#1947 = DIRECTION ( 'NONE',  ( -1.000000000000000000, 0.000000000000000000, 0.000000000000000000 ) ) ;
#1948 = CIRCLE ( 'NONE', #1392, 4.500000000000002665 ) ;
#1949 = EDGE_CURVE ( 'NONE', #1427, #1275, #760, .T. ) ;
#1950 = ORIENTED_EDGE ( 'NONE', *, *, #1060, .T. ) ;
#1951 = CARTESIAN_POINT ( 'NONE',  ( 0.000000000000000000, 6.938893903907228378E-15, 3.809999999999999609 ) ) ;
#1952 = AXIS2_PLACEMENT_3D ( 'NONE', #1547, #1983, #1791 ) ;
#1953 = EDGE_CURVE ( 'NONE', #2244, #1813, #1778, .T. ) ;
#1954 = ORIENTED_EDGE ( 'NONE', *, *, #1862, .F. ) ;
#1955 = CIRCLE ( 'NONE', #2730, 33.00000000000000000 ) ;
#1956 = DIRECTION ( 'NONE',  ( -0.000000000000000000, -0.000000000000000000, -1.000000000000000000 ) ) ;
#1957 = AXIS2_PLACEMENT_3D ( 'NONE', #1374, #2231, #283 ) ;
#1958 = ORIENTED_EDGE ( 'NONE', *, *, #385, .F. ) ;
#1959 = DIRECTION ( 'NONE',  ( -0.000000000000000000, -0.000000000000000000, -1.000000000000000000 ) ) ;
#1960 = CYLINDRICAL_SURFACE ( 'NONE', #1676, 2.200000000000000622 ) ;
#1961 = DIRECTION ( 'NONE',  ( -0.000000000000000000, -0.000000000000000000, -1.000000000000000000 ) ) ;
#1962 = CARTESIAN_POINT ( 'NONE',  ( -54.94999999999998863, -52.74999999999999289, 3.809999999999999609 ) ) ;
#1963 = ORIENTED_EDGE ( 'NONE', *, *, #856, .T. ) ;
#1964 = FACE_OUTER_BOUND ( 'NONE', #2299, .T. ) ;
#1965 = ADVANCED_FACE ( 'NONE', ( #664 ), #1307, .F. ) ;
#1966 = ORIENTED_EDGE ( 'NONE', *, *, #2665, .F. ) ;
#1967 = CARTESIAN_POINT ( 'NONE',  ( -60.00000000000002842, 56.99999999999996447, 0.000000000000000000 ) ) ;
#1968 = EDGE_CURVE ( 'NONE', #1763, #2780, #1979, .T. ) ;
#1969 = DIRECTION ( 'NONE',  ( -0.000000000000000000, -0.000000000000000000, -1.000000000000000000 ) ) ;
#1970 = DIRECTION ( 'NONE',  ( 1.000000000000000000, 0.000000000000000000, 0.000000000000000000 ) ) ;
#1971 = CARTESIAN_POINT ( 'NONE',  ( -57.00000000000002132, 56.99999999999996447, 0.000000000000000000 ) ) ;
#1972 = CARTESIAN_POINT ( 'NONE',  ( -46.36443966187513865, -12.42331416492148577, 3.809999999999999609 ) ) ;
#1973 = ORIENTED_EDGE ( 'NONE', *, *, #2579, .F. ) ;
#1974 = FACE_OUTER_BOUND ( 'NONE', #957, .T. ) ;
#1975 = EDGE_LOOP ( 'NONE', ( #551, #81, #2522, #1937, #374 ) ) ;
#1976 = DIRECTION ( 'NONE',  ( -0.000000000000000000, -0.000000000000000000, -1.000000000000000000 ) ) ;
#1977 = AXIS2_PLACEMENT_3D ( 'NONE', #2599, #647, #2214 ) ;
#1978 = EDGE_CURVE ( 'NONE', #2134, #649, #2512, .T. ) ;
#1979 = LINE ( 'NONE', #461, #1758 ) ;
#1980 = AXIS2_PLACEMENT_3D ( 'NONE', #1295, #644, #2563 ) ;
#1981 = AXIS2_PLACEMENT_3D ( 'NONE', #2106, #2124, #655 ) ;
#1982 = EDGE_CURVE ( 'NONE', #2134, #2284, #2077, .T. ) ;
#1983 = DIRECTION ( 'NONE',  ( 0.000000000000000000, 0.000000000000000000, 1.000000000000000000 ) ) ;
#1984 = DIRECTION ( 'NONE',  ( -0.000000000000000000, -0.000000000000000000, -1.000000000000000000 ) ) ;
#1985 = CIRCLE ( 'NONE', #1849, 26.99999999999999645 ) ;
#1986 = EDGE_LOOP ( 'NONE', ( #252, #429, #2035, #342 ) ) ;
#1987 = CIRCLE ( 'NONE', #2354, 4.499999999999995559 ) ;
#1988 = DIRECTION ( 'NONE',  ( -0.000000000000000000, -0.000000000000000000, -1.000000000000000000 ) ) ;
#1989 = AXIS2_PLACEMENT_3D ( 'NONE', #2023, #76, #2041 ) ;
#1990 = ORIENTED_EDGE ( 'NONE', *, *, #1326, .T. ) ;
#1991 = DIRECTION ( 'NONE',  ( -0.000000000000000000, -0.000000000000000000, -1.000000000000000000 ) ) ;
#1992 = DIRECTION ( 'NONE',  ( 1.000000000000000000, 0.000000000000000000, 0.000000000000000000 ) ) ;
#1993 = DIRECTION ( 'NONE',  ( -0.000000000000000000, -0.000000000000000000, -1.000000000000000000 ) ) ;
#1994 = AXIS2_PLACEMENT_3D ( 'NONE', #2078, #1003, #2743 ) ;
#1995 = EDGE_CURVE ( 'NONE', #313, #1786, #1120, .T. ) ;
#1996 = CYLINDRICAL_SURFACE ( 'NONE', #2218, 56.99999999999999289 ) ;
#1997 = DIRECTION ( 'NONE',  ( 0.000000000000000000, -0.000000000000000000, 1.000000000000000000 ) ) ;
#1998 = DIRECTION ( 'NONE',  ( -1.000000000000000000, 0.000000000000000000, 0.000000000000000000 ) ) ;
#1999 = EDGE_CURVE ( 'NONE', #2529, #2778, #1618, .T. ) ;
#2000 = ORIENTED_EDGE ( 'NONE', *, *, #3, .T. ) ;
#2001 = ORIENTED_EDGE ( 'NONE', *, *, #1405, .F. ) ;
#2002 = DIRECTION ( 'NONE',  ( 1.000000000000000000, 0.000000000000000000, 0.000000000000000000 ) ) ;
#2003 = VERTEX_POINT ( 'NONE', #2698 ) ;
#2004 = VERTEX_POINT ( 'NONE', #743 ) ;
#2005 = CARTESIAN_POINT ( 'NONE',  ( -40.72221848584004533, -9.705714191344556596, 0.000000000000000000 ) ) ;
#2006 = CARTESIAN_POINT ( 'NONE',  ( 0.000000000000000000, 6.938893903907228378E-15, 3.809999999999999609 ) ) ;
#2007 = CARTESIAN_POINT ( 'NONE',  ( -9.705714191344558373, 36.22221848584005954, 3.809999999999999609 ) ) ;
#2008 = DIRECTION ( 'NONE',  ( 0.000000000000000000, 0.000000000000000000, 1.000000000000000000 ) ) ;
#2009 = CARTESIAN_POINT ( 'NONE',  ( 4.658742811845251630, 17.38666487320326226, 0.000000000000000000 ) ) ;
#2010 = DIRECTION ( 'NONE',  ( -0.000000000000000000, 0.000000000000000000, -1.000000000000000000 ) ) ;
#2011 = ORIENTED_EDGE ( 'NONE', *, *, #1995, .F. ) ;
#2012 = VERTEX_POINT ( 'NONE', #1419 ) ;
#2013 = EDGE_CURVE ( 'NONE', #2702, #2799, #1615, .T. ) ;
#2014 = LINE ( 'NONE', #2241, #67 ) ;
#2015 = VERTEX_POINT ( 'NONE', #2708 ) ;
#2016 = FACE_OUTER_BOUND ( 'NONE', #1024, .T. ) ;
#2017 = FACE_BOUND ( 'NONE', #661, .T. ) ;
#2018 = CARTESIAN_POINT ( 'NONE',  ( 0.000000000000000000, 6.938893903907228378E-15, 0.000000000000000000 ) ) ;
#2019 = CIRCLE ( 'NONE', #2391, 47.99999999999999289 ) ;
#2020 = DIRECTION ( 'NONE',  ( -1.000000000000000000, 0.000000000000000000, 0.000000000000000000 ) ) ;
#2021 = AXIS2_PLACEMENT_3D ( 'NONE', #354, #782, #751 ) ;
#2022 = DIRECTION ( 'NONE',  ( 1.000000000000000000, 0.000000000000000000, 0.000000000000000000 ) ) ;
#2023 = CARTESIAN_POINT ( 'NONE',  ( -50.71110588017617715, 13.58799986788200442, 0.000000000000000000 ) ) ;
#2024 = CIRCLE ( 'NONE', #1844, 2.200000000000000622 ) ;
#2025 = ORIENTED_EDGE ( 'NONE', *, *, #958, .T. ) ;
#2026 = DIRECTION ( 'NONE',  ( -0.000000000000000000, -0.000000000000000000, -1.000000000000000000 ) ) ;
#2027 = AXIS2_PLACEMENT_3D ( 'NONE', #1751, #2628, #678 ) ;
#2028 = EDGE_CURVE ( 'NONE', #1406, #1427, #1391, .T. ) ;
#2029 = VECTOR ( 'NONE', #271, 1000.000000000000000 ) ;
#2030 = ORIENTED_EDGE ( 'NONE', *, *, #2453, .T. ) ;
#2031 = DIRECTION ( 'NONE',  ( -0.000000000000000000, -0.000000000000000000, -1.000000000000000000 ) ) ;
#2032 = FACE_BOUND ( 'NONE', #2446, .T. ) ;
#2033 = APPROVAL_PERSON_ORGANIZATION ( #974, #455, #565 ) ;
#2034 = EDGE_CURVE ( 'NONE', #2598, #2794, #561, .T. ) ;
#2035 = ORIENTED_EDGE ( 'NONE', *, *, #717, .T. ) ;
#2036 = FACE_OUTER_BOUND ( 'NONE', #2717, .T. ) ;
#2037 = CIRCLE ( 'NONE', #1530, 4.500000000000003553 ) ;
#2038 = CARTESIAN_POINT ( 'NONE',  ( -55.05777209847698828, 14.75268557084331178, 0.000000000000000000 ) ) ;
#2039 = CIRCLE ( 'NONE', #2550, 2.200000000000000622 ) ;
#2040 = CARTESIAN_POINT ( 'NONE',  ( 13.58799986788238989, -50.71110588017605636, 0.000000000000000000 ) ) ;
#2041 = DIRECTION ( 'NONE',  ( 1.000000000000000000, 0.000000000000000000, 0.000000000000000000 ) ) ;
#2042 = AXIS2_PLACEMENT_3D ( 'NONE', #829, #544, #1876 ) ;
#2043 = ORIENTED_EDGE ( 'NONE', *, *, #2013, .F. ) ;
#2044 = ORIENTED_EDGE ( 'NONE', *, *, #1932, .T. ) ;
#2045 = DIRECTION ( 'NONE',  ( -1.000000000000000000, 0.000000000000000000, 0.000000000000000000 ) ) ;
#2046 = ORIENTED_EDGE ( 'NONE', *, *, #908, .F. ) ;
#2047 = CARTESIAN_POINT ( 'NONE',  ( 0.000000000000000000, 6.938893903907228378E-15, 0.000000000000000000 ) ) ;
#2048 = ADVANCED_FACE ( 'NONE', ( #2036 ), #1865, .F. ) ;
#2049 = DIRECTION ( 'NONE',  ( 1.000000000000000000, 0.000000000000000000, 0.000000000000000000 ) ) ;
#2050 = ADVANCED_FACE ( 'NONE', ( #758 ), #87, .T. ) ;
#2051 = CARTESIAN_POINT ( 'NONE',  ( 8.541028488382762518, -31.87555226753935855, 3.809999999999999609 ) ) ;
#2052 = CARTESIAN_POINT ( 'NONE',  ( -40.72221848584013060, 9.705714191344291919, 3.809999999999999609 ) ) ;
#2053 = EDGE_CURVE ( 'NONE', #186, #1228, #2248, .T. ) ;
#2054 = FACE_OUTER_BOUND ( 'NONE', #226, .T. ) ;
#2055 = SECURITY_CLASSIFICATION_LEVEL ( 'unclassified' ) ;
#2056 = ORIENTED_EDGE ( 'NONE', *, *, #990, .F. ) ;
#2057 = DIRECTION ( 'NONE',  ( 0.000000000000000000, 0.000000000000000000, 1.000000000000000000 ) ) ;
#2058 = ORIENTED_EDGE ( 'NONE', *, *, #14, .F. ) ;
#2059 = DIRECTION ( 'NONE',  ( -0.000000000000000000, -0.000000000000000000, -1.000000000000000000 ) ) ;
#2060 = CARTESIAN_POINT ( 'NONE',  ( 9.705714191344561925, -36.22221848584004533, 3.809999999999999609 ) ) ;
#2061 = ORIENTED_EDGE ( 'NONE', *, *, #437, .F. ) ;
#2062 = DIRECTION ( 'NONE',  ( -1.000000000000000000, 0.000000000000000000, 0.000000000000000000 ) ) ;
#2063 = EDGE_CURVE ( 'NONE', #2676, #1228, #399, .T. ) ;
#2064 = CARTESIAN_POINT ( 'NONE',  ( 0.000000000000000000, 6.938893903907228378E-15, 0.000000000000000000 ) ) ;
#2065 = DIRECTION ( 'NONE',  ( -0.000000000000000000, -0.000000000000000000, -1.000000000000000000 ) ) ;
#2066 = CIRCLE ( 'NONE', #847, 2.200000000000000622 ) ;
#2067 = EDGE_CURVE ( 'NONE', #1662, #2623, #986, .T. ) ;
#2068 = CIRCLE ( 'NONE', #2436, 56.99999999999999289 ) ;
#2069 = ORIENTED_EDGE ( 'NONE', *, *, #1278, .T. ) ;
#2070 = CARTESIAN_POINT ( 'NONE',  ( -26.07999730980473529, -6.988114217768414349, 0.000000000000000000 ) ) ;
#2071 = AXIS2_PLACEMENT_3D ( 'NONE', #202, #1959, #879 ) ;
#2072 = ORIENTED_EDGE ( 'NONE', *, *, #1107, .T. ) ;
#2073 = AXIS2_PLACEMENT_3D ( 'NONE', #799, #1663, #2542 ) ;
#2074 = CARTESIAN_POINT ( 'NONE',  ( -17.38666487320324805, 4.658742811845256071, 3.809999999999999609 ) ) ;
#2075 = AXIS2_PLACEMENT_3D ( 'NONE', #876, #1098, #1739 ) ;
#2076 = ORIENTED_EDGE ( 'NONE', *, *, #2097, .T. ) ;
#2077 = LINE ( 'NONE', #2291, #531 ) ;
#2078 = CARTESIAN_POINT ( 'NONE',  ( -52.74999999999999289, 52.75000000000000711, 0.000000000000000000 ) ) ;
#2079 = CARTESIAN_POINT ( 'NONE',  ( 52.75000000000002132, 52.75000000000000711, 0.000000000000000000 ) ) ;
#2080 = CIRCLE ( 'NONE', #1624, 4.499999999999997335 ) ;
#2081 = SHAPE_DEFINITION_REPRESENTATION ( #1629, #2679 ) ;
#2082 = EDGE_CURVE ( 'NONE', #320, #308, #550, .T. ) ;
#2083 = CIRCLE ( 'NONE', #2268, 33.00000000000000000 ) ;
#2084 = VERTEX_POINT ( 'NONE', #1601 ) ;
#2085 = DIRECTION ( 'NONE',  ( -0.000000000000000000, -0.000000000000000000, -1.000000000000000000 ) ) ;
#2086 = ADVANCED_FACE ( 'NONE', ( #1646 ), #1407, .F. ) ;
#2087 = CIRCLE ( 'NONE', #820, 3.000000000000002665 ) ;
#2088 = VERTEX_POINT ( 'NONE', #131 ) ;
#2089 = CARTESIAN_POINT ( 'NONE',  ( 0.000000000000000000, 6.938893903907228378E-15, 3.809999999999999609 ) ) ;
#2090 = ORIENTED_EDGE ( 'NONE', *, *, #116, .F. ) ;
#2091 = DIRECTION ( 'NONE',  ( -0.000000000000000000, -0.000000000000000000, -1.000000000000000000 ) ) ;
#2092 = CYLINDRICAL_SURFACE ( 'NONE', #498, 4.500000000000003553 ) ;
#2093 = CARTESIAN_POINT ( 'NONE',  ( -55.05777209847681775, -14.75268557084394239, 3.809999999999999609 ) ) ;
#2094 = ORIENTED_EDGE ( 'NONE', *, *, #2369, .T. ) ;
#2095 = ORIENTED_EDGE ( 'NONE', *, *, #2028, .T. ) ;
#2096 = FACE_OUTER_BOUND ( 'NONE', #1605, .T. ) ;
#2097 = EDGE_CURVE ( 'NONE', #2004, #2670, #2490, .T. ) ;
#2098 = ORIENTED_EDGE ( 'NONE', *, *, #1353, .T. ) ;
#2099 = CARTESIAN_POINT ( 'NONE',  ( 12.42331416492067397, 46.36443966187536603, 3.809999999999999609 ) ) ;
#2100 = ORIENTED_EDGE ( 'NONE', *, *, #1835, .F. ) ;
#2101 = ORIENTED_EDGE ( 'NONE', *, *, #1418, .F. ) ;
#2102 = ORIENTED_EDGE ( 'NONE', *, *, #1064, .F. ) ;
#2103 = DIRECTION ( 'NONE',  ( 0.000000000000000000, 0.000000000000000000, -1.000000000000000000 ) ) ;
#2104 = ADVANCED_FACE ( 'NONE', ( #1192 ), #2686, .F. ) ;
#2105 = FACE_OUTER_BOUND ( 'NONE', #824, .T. ) ;
#2106 = CARTESIAN_POINT ( 'NONE',  ( 9.705714191344281261, 36.22221848584013060, 3.809999999999999609 ) ) ;
#2107 = APPROVAL_ROLE ( '' ) ;
#2108 = DIRECTION ( 'NONE',  ( 0.000000000000000000, 0.000000000000000000, 1.000000000000000000 ) ) ;
#2109 = DIRECTION ( 'NONE',  ( 1.000000000000000000, 0.000000000000000000, -0.000000000000000000 ) ) ;
#2110 = FACE_BOUND ( 'NONE', #1845, .T. ) ;
#2111 = CIRCLE ( 'NONE', #2622, 4.500000000000003553 ) ;
#2112 = ORIENTED_EDGE ( 'NONE', *, *, #1330, .F. ) ;
#2113 = LINE ( 'NONE', #2074, #2409 ) ;
#2114 = VECTOR ( 'NONE', #222, 1000.000000000000000 ) ;
#2115 = EDGE_CURVE ( 'NONE', #1693, #1701, #2671, .T. ) ;
#2116 = AXIS2_PLACEMENT_3D ( 'NONE', #431, #2785, #1493 ) ;
#2117 = ORIENTED_EDGE ( 'NONE', *, *, #2414, .T. ) ;
#2118 = ORIENTED_EDGE ( 'NONE', *, *, #2223, .T. ) ;
#2119 = LINE ( 'NONE', #1694, #216 ) ;
#2120 = VECTOR ( 'NONE', #2091, 1000.000000000000000 ) ;
#2121 = EDGE_CURVE ( 'NONE', #2284, #2598, #2583, .T. ) ;
#2122 = AXIS2_PLACEMENT_3D ( 'NONE', #2641, #2419, #470 ) ;
#2123 = CARTESIAN_POINT ( 'NONE',  ( 0.000000000000000000, 6.938893903907228378E-15, 0.000000000000000000 ) ) ;
#2124 = DIRECTION ( 'NONE',  ( 0.000000000000000000, 0.000000000000000000, 1.000000000000000000 ) ) ;
#2125 = AXIS2_PLACEMENT_3D ( 'NONE', #1357, #1381, #2472 ) ;
#2126 = ORIENTED_EDGE ( 'NONE', *, *, #527, .F. ) ;
#2127 = CARTESIAN_POINT ( 'NONE',  ( 52.75000000000002132, -52.74999999999999289, 3.809999999999999609 ) ) ;
#2128 = CYLINDRICAL_SURFACE ( 'NONE', #115, 3.000000000000002665 ) ;
#2129 = CARTESIAN_POINT ( 'NONE',  ( -36.22221848584012349, 9.705714191344291919, 0.000000000000000000 ) ) ;
#2130 = CIRCLE ( 'NONE', #722, 4.500000000000003553 ) ;
#2131 = ORIENTED_EDGE ( 'NONE', *, *, #798, .T. ) ;
#2132 = CYLINDRICAL_SURFACE ( 'NONE', #2249, 33.00000000000000000 ) ;
#2133 = AXIS2_PLACEMENT_3D ( 'NONE', #1755, #2631, #1321 ) ;
#2134 = VERTEX_POINT ( 'NONE', #2570 ) ;
#2135 = ORIENTED_EDGE ( 'NONE', *, *, #1042, .F. ) ;
#2136 = EDGE_CURVE ( 'NONE', #2244, #1564, #1034, .T. ) ;
#2137 = VERTEX_POINT ( 'NONE', #607 ) ;
#2138 = CYLINDRICAL_SURFACE ( 'NONE', #809, 4.499999999999995559 ) ;
#2139 = EDGE_CURVE ( 'NONE', #2760, #1444, #1711, .T. ) ;
#2140 = DIRECTION ( 'NONE',  ( -1.000000000000000000, 0.000000000000000000, 0.000000000000000000 ) ) ;
#2141 = DIRECTION ( 'NONE',  ( -0.000000000000000000, -0.000000000000000000, -1.000000000000000000 ) ) ;
#2142 = CARTESIAN_POINT ( 'NONE',  ( 36.22221848584013770, -9.705714191344251063, 0.000000000000000000 ) ) ;
#2143 = DIRECTION ( 'NONE',  ( -1.000000000000000000, -5.782411586589358625E-17, 0.000000000000000000 ) ) ;
#2144 = CARTESIAN_POINT ( 'NONE',  ( -26.07999730980488806, 6.988114217767886771, 3.809999999999999609 ) ) ;
#2145 = ORIENTED_EDGE ( 'NONE', *, *, #2683, .T. ) ;
#2146 = CARTESIAN_POINT ( 'NONE',  ( 13.58799986788238989, -50.71110588017605636, 3.809999999999999609 ) ) ;
#2147 = ORIENTED_EDGE ( 'NONE', *, *, #522, .F. ) ;
#2148 = ORIENTED_EDGE ( 'NONE', *, *, #1625, .T. ) ;
#2149 = CARTESIAN_POINT ( 'NONE',  ( 0.000000000000000000, 6.938893903907228378E-15, 0.000000000000000000 ) ) ;
#2150 = DIRECTION ( 'NONE',  ( -0.000000000000000000, -0.000000000000000000, -1.000000000000000000 ) ) ;
#2151 = CARTESIAN_POINT ( 'NONE',  ( -31.87555226753931237, 8.541028488382975681, 3.809999999999999609 ) ) ;
#2152 = ADVANCED_FACE ( 'NONE', ( #846 ), #187, .T. ) ;
#2153 = DIRECTION ( 'NONE',  ( 1.000000000000000000, 0.000000000000000000, 0.000000000000000000 ) ) ;
#2154 = DIRECTION ( 'NONE',  ( -0.000000000000000000, -0.000000000000000000, -1.000000000000000000 ) ) ;
#2155 = CARTESIAN_POINT ( 'NONE',  ( -60.00000000000002842, 56.99999999999996447, 3.809999999999999609 ) ) ;
#2156 = EDGE_CURVE ( 'NONE', #1456, #862, #351, .T. ) ;
#2157 = ORIENTED_EDGE ( 'NONE', *, *, #2493, .T. ) ;
#2158 = CARTESIAN_POINT ( 'NONE',  ( 0.000000000000000000, 6.938893903907228378E-15, 3.809999999999999609 ) ) ;
#2159 = AXIS2_PLACEMENT_3D ( 'NONE', #1565, #466, #1541 ) ;
#2160 = ORIENTED_EDGE ( 'NONE', *, *, #1306, .T. ) ;
#2161 = AXIS2_PLACEMENT_3D ( 'NONE', #492, #905, #1537 ) ;
#2162 = ORIENTED_EDGE ( 'NONE', *, *, #1306, .F. ) ;
#2163 = DIRECTION ( 'NONE',  ( -1.000000000000000000, 0.000000000000000000, 0.000000000000000000 ) ) ;
#2164 = VECTOR ( 'NONE', #2643, 1000.000000000000000 ) ;
#2165 = CARTESIAN_POINT ( 'NONE',  ( 54.95000000000001705, 52.75000000000000711, 3.809999999999999609 ) ) ;
#2166 = CIRCLE ( 'NONE', #2764, 17.99999999999999645 ) ;
#2167 = CARTESIAN_POINT ( 'NONE',  ( -9.705714191344277708, -36.22221848584011639, 0.000000000000000000 ) ) ;
#2168 = EDGE_CURVE ( 'NONE', #953, #443, #855, .T. ) ;
#2169 = LINE ( 'NONE', #1092, #712 ) ;
#2170 = DIRECTION ( 'NONE',  ( -0.000000000000000000, -0.000000000000000000, -1.000000000000000000 ) ) ;
#2171 = VECTOR ( 'NONE', #10, 1000.000000000000000 ) ;
#2172 = VERTEX_POINT ( 'NONE', #651 ) ;
#2173 = EDGE_CURVE ( 'NONE', #1134, #2012, #1079, .T. ) ;
#2174 = CYLINDRICAL_SURFACE ( 'NONE', #1332, 4.500000000000005329 ) ;
#2175 = AXIS2_PLACEMENT_3D ( 'NONE', #34, #720, #1113 ) ;
#2176 = ORIENTED_EDGE ( 'NONE', *, *, #1644, .F. ) ;
#2177 = CIRCLE ( 'NONE', #952, 33.00000000000000000 ) ;
#2178 = CARTESIAN_POINT ( 'NONE',  ( -55.21110588017617715, 13.58799986788200442, 3.809999999999999609 ) ) ;
#2179 = CIRCLE ( 'NONE', #1515, 4.500000000000000888 ) ;
#2180 = DIRECTION ( 'NONE',  ( 1.000000000000000000, 0.000000000000000000, 0.000000000000000000 ) ) ;
#2181 = DIRECTION ( 'NONE',  ( -0.000000000000000000, -0.000000000000000000, -1.000000000000000000 ) ) ;
#2182 = CARTESIAN_POINT ( 'NONE',  ( 5.823428514806565204, 21.73333109150407338, 3.809999999999999609 ) ) ;
#2183 = CARTESIAN_POINT ( 'NONE',  ( -31.87555226753931237, 8.541028488382975681, 3.809999999999999609 ) ) ;
#2184 = ORIENTED_EDGE ( 'NONE', *, *, #1125, .F. ) ;
#2185 = DIRECTION ( 'NONE',  ( -1.000000000000000000, 0.000000000000000000, 0.000000000000000000 ) ) ;
#2186 = EDGE_CURVE ( 'NONE', #1198, #212, #1799, .T. ) ;
#2187 = VERTEX_POINT ( 'NONE', #430 ) ;
#2188 = DIRECTION ( 'NONE',  ( -0.000000000000000000, -0.000000000000000000, -1.000000000000000000 ) ) ;
#2189 = CARTESIAN_POINT ( 'NONE',  ( -36.22221848584005244, -9.705714191344556596, 0.000000000000000000 ) ) ;
#2190 = ORIENTED_EDGE ( 'NONE', *, *, #887, .F. ) ;
#2191 = LINE ( 'NONE', #246, #132 ) ;
#2192 = LINE ( 'NONE', #721, #2712 ) ;
#2193 = DIRECTION ( 'NONE',  ( 0.000000000000000000, 0.000000000000000000, 1.000000000000000000 ) ) ;
#2194 = EDGE_LOOP ( 'NONE', ( #1900, #460, #1401, #72 ) ) ;
#2195 = DIRECTION ( 'NONE',  ( -0.000000000000000000, -0.000000000000000000, -1.000000000000000000 ) ) ;
#2196 = ORIENTED_EDGE ( 'NONE', *, *, #1302, .F. ) ;
#2197 = ORIENTED_EDGE ( 'NONE', *, *, #2082, .F. ) ;
#2198 = DIRECTION ( 'NONE',  ( 0.000000000000000000, 0.000000000000000000, -1.000000000000000000 ) ) ;
#2199 = CIRCLE ( 'NONE', #977, 2.200000000000000622 ) ;
#2200 = ADVANCED_FACE ( 'NONE', ( #2370 ), #2138, .F. ) ;
#2201 = LINE ( 'NONE', #926, #2213 ) ;
#2202 = AXIS2_PLACEMENT_3D ( 'NONE', #2237, #2225, #276 ) ;
#2203 = EDGE_CURVE ( 'NONE', #1631, #2335, #156, .T. ) ;
#2204 = CARTESIAN_POINT ( 'NONE',  ( 12.42331416492067397, 46.36443966187536603, 0.000000000000000000 ) ) ;
#2205 = AXIS2_PLACEMENT_3D ( 'NONE', #2079, #134, #790 ) ;
#2206 = VERTEX_POINT ( 'NONE', #2604 ) ;
#2207 = AXIS2_PLACEMENT_3D ( 'NONE', #318, #1182, #592 ) ;
#2208 = LINE ( 'NONE', #693, #2593 ) ;
#2209 = DIRECTION ( 'NONE',  ( -1.000000000000000000, 0.000000000000000000, 0.000000000000000000 ) ) ;
#2210 = CARTESIAN_POINT ( 'NONE',  ( 52.75000000000002132, 52.75000000000000711, 3.809999999999999609 ) ) ;
#2211 = AXIS2_PLACEMENT_3D ( 'NONE', #2742, #2308, #1224 ) ;
#2212 = ORIENTED_EDGE ( 'NONE', *, *, #840, .F. ) ;
#2213 = VECTOR ( 'NONE', #886, 1000.000000000000000 ) ;
#2214 = DIRECTION ( 'NONE',  ( 1.000000000000000000, 0.000000000000000000, 0.000000000000000000 ) ) ;
#2215 = VECTOR ( 'NONE', #223, 1000.000000000000000 ) ;
#2216 = VERTEX_POINT ( 'NONE', #2337 ) ;
#2217 = CARTESIAN_POINT ( 'NONE',  ( -55.21110588017607057, -13.58799986788238634, 3.809999999999999609 ) ) ;
#2218 = AXIS2_PLACEMENT_3D ( 'NONE', #18, #706, #2398 ) ;
#2219 = CARTESIAN_POINT ( 'NONE',  ( -46.36443966187513865, -12.42331416492148577, 0.000000000000000000 ) ) ;
#2220 = AXIS2_PLACEMENT_3D ( 'NONE', #2814, #1225, #145 ) ;
#2221 = DIRECTION ( 'NONE',  ( 1.000000000000000000, 0.000000000000000000, 0.000000000000000000 ) ) ;
#2222 = AXIS2_PLACEMENT_3D ( 'NONE', #954, #2696, #2705 ) ;
#2223 = EDGE_CURVE ( 'NONE', #1055, #2702, #858, .T. ) ;
#2224 = CARTESIAN_POINT ( 'NONE',  ( -8.541028488382757189, 31.87555226753937276, 3.809999999999999609 ) ) ;
#2225 = DIRECTION ( 'NONE',  ( -0.000000000000000000, -0.000000000000000000, -1.000000000000000000 ) ) ;
#2226 = CYLINDRICAL_SURFACE ( 'NONE', #128, 4.500000000000005329 ) ;
#2227 = ORIENTED_EDGE ( 'NONE', *, *, #730, .F. ) ;
#2228 = DIRECTION ( 'NONE',  ( 1.000000000000000000, 0.000000000000000000, 0.000000000000000000 ) ) ;
#2229 = EDGE_CURVE ( 'NONE', #1406, #306, #2491, .T. ) ;
#2230 = EDGE_LOOP ( 'NONE', ( #2474, #36, #967, #2497, #933 ) ) ;
#2231 = DIRECTION ( 'NONE',  ( 0.000000000000000000, 0.000000000000000000, 1.000000000000000000 ) ) ;
#2232 = CARTESIAN_POINT ( 'NONE',  ( 5.205714191344275932, 36.22221848584013060, 3.809999999999999609 ) ) ;
#2233 = EDGE_LOOP ( 'NONE', ( #331, #554, #2406, #151 ) ) ;
#2234 = CARTESIAN_POINT ( 'NONE',  ( -31.87555226753936566, -8.541028488382755413, 3.809999999999999609 ) ) ;
#2235 = EDGE_LOOP ( 'NONE', ( #2043, #1669, #739, #416 ) ) ;
#2236 = CARTESIAN_POINT ( 'NONE',  ( 31.87555226753936566, 8.541028488382767847, 3.809999999999999609 ) ) ;
#2237 = CARTESIAN_POINT ( 'NONE',  ( -52.74999999999999289, -52.74999999999999289, 3.809999999999999609 ) ) ;
#2238 = CARTESIAN_POINT ( 'NONE',  ( 56.99999999999996447, 59.99999999999999289, 3.809999999999999609 ) ) ;
#2239 = EDGE_CURVE ( 'NONE', #2666, #2507, #1207, .T. ) ;
#2240 = ORIENTED_EDGE ( 'NONE', *, *, #808, .F. ) ;
#2241 = CARTESIAN_POINT ( 'NONE',  ( -40.56888470414034487, -10.87039989430779485, 3.809999999999999609 ) ) ;
#2242 = ADVANCED_FACE ( 'NONE', ( #1446 ), #638, .F. ) ;
#2243 = PRODUCT ( 'FanGrills', 'FanGrills', '', ( #1422 ) ) ;
#2244 = VERTEX_POINT ( 'NONE', #832 ) ;
#2245 = LINE ( 'NONE', #53, #1178 ) ;
#2246 = FACE_BOUND ( 'NONE', #2261, .T. ) ;
#2247 = EDGE_LOOP ( 'NONE', ( #142, #1677, #2095, #183 ) ) ;
#2248 = LINE ( 'NONE', #1806, #632 ) ;
#2250 = ORIENTED_EDGE ( 'NONE', *, *, #1147, .F. ) ;
#2249 = AXIS2_PLACEMENT_3D ( 'NONE', #1951, #440, #2185 ) ;
#2251 = DIRECTION ( 'NONE',  ( -0.000000000000000000, -0.000000000000000000, -1.000000000000000000 ) ) ;
#2252 = AXIS2_PLACEMENT_3D ( 'NONE', #1810, #1997, #263 ) ;
#2253 = CARTESIAN_POINT ( 'NONE',  ( 4.658742811846299681, -17.38666487320296028, 3.809999999999999609 ) ) ;
#2254 = CARTESIAN_POINT ( 'NONE',  ( 6.988114217768421454, -26.07999730980472819, 0.000000000000000000 ) ) ;
#2255 = VECTOR ( 'NONE', #104, 1000.000000000000000 ) ;
#2256 = EDGE_CURVE ( 'NONE', #587, #1456, #1760, .T. ) ;
#2257 = ORIENTED_EDGE ( 'NONE', *, *, #2229, .F. ) ;
#2258 = CARTESIAN_POINT ( 'NONE',  ( 54.95000000000001705, -52.74999999999999289, 3.809999999999999609 ) ) ;
#2259 = AXIS2_PLACEMENT_3D ( 'NONE', #1726, #2557, #1277 ) ;
#2260 = CIRCLE ( 'NONE', #1525, 26.99999999999999645 ) ;
#2261 = EDGE_LOOP ( 'NONE', ( #1705, #376 ) ) ;
#2262 = DIRECTION ( 'NONE',  ( 0.000000000000000000, 0.000000000000000000, 1.000000000000000000 ) ) ;
#2263 = DIRECTION ( 'NONE',  ( -0.000000000000000000, -0.000000000000000000, -1.000000000000000000 ) ) ;
#2264 = AXIS2_PLACEMENT_3D ( 'NONE', #948, #2010, #2633 ) ;
#2265 = CARTESIAN_POINT ( 'NONE',  ( -52.74999999999999289, 52.75000000000000711, 3.809999999999999609 ) ) ;
#2266 = AXIS2_PLACEMENT_3D ( 'NONE', #411, #1270, #1507 ) ;
#2267 = LINE ( 'NONE', #1808, #40 ) ;
#2268 = AXIS2_PLACEMENT_3D ( 'NONE', #2123, #2150, #2606 ) ;
#2269 = CARTESIAN_POINT ( 'NONE',  ( -26.23333109150406628, 5.823428514806572309, 3.809999999999999609 ) ) ;
#2270 = CALENDAR_DATE ( 2025, 8, 5 ) ;
#2271 = ORIENTED_EDGE ( 'NONE', *, *, #3, .F. ) ;
#2272 = DIRECTION ( 'NONE',  ( -0.000000000000000000, -0.000000000000000000, -1.000000000000000000 ) ) ;
#2273 = ORIENTED_EDGE ( 'NONE', *, *, #654, .T. ) ;
#2274 = ORIENTED_EDGE ( 'NONE', *, *, #2034, .F. ) ;
#2275 = CYLINDRICAL_SURFACE ( 'NONE', #1860, 47.99999999999999289 ) ;
#2276 = FACE_BOUND ( 'NONE', #1870, .T. ) ;
#2277 = EDGE_CURVE ( 'NONE', #584, #212, #2119, .T. ) ;
#2278 = ORIENTED_EDGE ( 'NONE', *, *, #116, .T. ) ;
#2279 = CARTESIAN_POINT ( 'NONE',  ( -52.74999999999999289, -52.74999999999999289, 3.809999999999999609 ) ) ;
#2280 = EDGE_CURVE ( 'NONE', #2507, #280, #1472, .T. ) ;
#2281 = CARTESIAN_POINT ( 'NONE',  ( -57.00000000000002132, 59.99999999999997868, 0.000000000000000000 ) ) ;
#2282 = CARTESIAN_POINT ( 'NONE',  ( 12.42331416492148755, -46.36443966187513155, 3.809999999999999609 ) ) ;
#2283 = APPLICATION_PROTOCOL_DEFINITION ( 'international standard', 'config_control_design', 1994, #2423 ) ;
#2284 = VERTEX_POINT ( 'NONE', #231 ) ;
#2285 = DIRECTION ( 'NONE',  ( 1.000000000000000000, 0.000000000000000000, 0.000000000000000000 ) ) ;
#2286 = ORIENTED_EDGE ( 'NONE', *, *, #192, .F. ) ;
#2287 = DIRECTION ( 'NONE',  ( -0.000000000000000000, -0.000000000000000000, -1.000000000000000000 ) ) ;
#2288 = CARTESIAN_POINT ( 'NONE',  ( 56.99999999999996447, -60.00000000000000711, 0.000000000000000000 ) ) ;
#2289 = ORIENTED_EDGE ( 'NONE', *, *, #215, .F. ) ;
#2290 = EDGE_CURVE ( 'NONE', #1423, #268, #2166, .T. ) ;
#2291 = CARTESIAN_POINT ( 'NONE',  ( 59.99999999999997158, -60.00000000000000711, 3.809999999999999609 ) ) ;
#2292 = PRODUCT_RELATED_PRODUCT_CATEGORY ( 'detail', '', ( #2243 ) ) ;
#2293 = CARTESIAN_POINT ( 'NONE',  ( 13.58799986788238989, -50.71110588017605636, 3.809999999999999609 ) ) ;
#2294 = DIRECTION ( 'NONE',  ( 1.000000000000000000, 0.000000000000000000, 0.000000000000000000 ) ) ;
#2295 = COORDINATED_UNIVERSAL_TIME_OFFSET ( 5, 0, .BEHIND. ) ;
#2296 = CIRCLE ( 'NONE', #1606, 4.500000000000001776 ) ;
#2297 = VERTEX_POINT ( 'NONE', #689 ) ;
#2298 = CIRCLE ( 'NONE', #1293, 2.200000000000000622 ) ;
#2299 = EDGE_LOOP ( 'NONE', ( #1857, #1235, #1687, #1285 ) ) ;
#2300 = DIRECTION ( 'NONE',  ( 1.000000000000000000, 0.000000000000000000, 0.000000000000000000 ) ) ;
#2301 = CIRCLE ( 'NONE', #896, 3.000000000000002665 ) ;
#2302 = VERTEX_POINT ( 'NONE', #459 ) ;
#2303 = AXIS2_PLACEMENT_3D ( 'NONE', #2812, #1057, #200 ) ;
#2304 = DIRECTION ( 'NONE',  ( 0.000000000000000000, 0.000000000000000000, 1.000000000000000000 ) ) ;
#2305 = CIRCLE ( 'NONE', #1800, 47.99999999999999289 ) ;
#2306 = ORIENTED_EDGE ( 'NONE', *, *, #1268, .T. ) ;
#2307 = CIRCLE ( 'NONE', #2677, 4.499999999999995559 ) ;
#2308 = DIRECTION ( 'NONE',  ( 0.000000000000000000, 0.000000000000000000, 1.000000000000000000 ) ) ;
#2309 = DIRECTION ( 'NONE',  ( -0.000000000000000000, -0.000000000000000000, -1.000000000000000000 ) ) ;
#2310 = CYLINDRICAL_SURFACE ( 'NONE', #210, 47.99999999999999289 ) ;
#2311 = AXIS2_PLACEMENT_3D ( 'NONE', #2424, #1153, #1535 ) ;
#2312 = CARTESIAN_POINT ( 'NONE',  ( 0.000000000000000000, 0.000000000000000000, 0.000000000000000000 ) ) ;
#2313 = EDGE_CURVE ( 'NONE', #2521, #1227, #240, .T. ) ;
#2314 = ORIENTED_EDGE ( 'NONE', *, *, #2313, .F. ) ;
#2315 = AXIS2_PLACEMENT_3D ( 'NONE', #2681, #469, #1346 ) ;
#2316 = VERTEX_POINT ( 'NONE', #898 ) ;
#2317 = CARTESIAN_POINT ( 'NONE',  ( 0.000000000000000000, 6.938893903907228378E-15, 0.000000000000000000 ) ) ;
#2318 = CIRCLE ( 'NONE', #319, 4.500000000000005329 ) ;
#2319 = ADVANCED_FACE ( 'NONE', ( #5 ), #702, .F. ) ;
#2320 = ORIENTED_EDGE ( 'NONE', *, *, #2082, .T. ) ;
#2321 = FACE_OUTER_BOUND ( 'NONE', #2555, .T. ) ;
#2322 = VERTEX_POINT ( 'NONE', #2219 ) ;
#2323 = ORIENTED_EDGE ( 'NONE', *, *, #28, .T. ) ;
#2324 = DIRECTION ( 'NONE',  ( -0.000000000000000000, -0.000000000000000000, -1.000000000000000000 ) ) ;
#2325 = DIRECTION ( 'NONE',  ( -1.000000000000000000, 0.000000000000000000, 0.000000000000000000 ) ) ;
#2326 = LINE ( 'NONE', #2384, #253 ) ;
#2327 = APPROVAL_STATUS ( 'not_yet_approved' ) ;
#2328 = UNCERTAINTY_MEASURE_WITH_UNIT (LENGTH_MEASURE( 1.000000000000000082E-05 ), #1578, 'distance_accuracy_value', 'NONE');
#2329 = CARTESIAN_POINT ( 'NONE',  ( 8.541028488382972128, 31.87555226753931947, 3.809999999999999609 ) ) ;
#2330 = EDGE_CURVE ( 'NONE', #78, #129, #2630, .T. ) ;
#2331 = DIRECTION ( 'NONE',  ( -1.000000000000000000, 0.000000000000000000, 0.000000000000000000 ) ) ;
#2332 = ORIENTED_EDGE ( 'NONE', *, *, #2685, .T. ) ;
#2333 = ADVANCED_FACE ( 'NONE', ( #1329 ), #1305, .F. ) ;
#2334 = CARTESIAN_POINT ( 'NONE',  ( -50.54999999999999005, 52.75000000000000711, 0.000000000000000000 ) ) ;
#2335 = VERTEX_POINT ( 'NONE', #255 ) ;
#2336 = ORIENTED_EDGE ( 'NONE', *, *, #1125, .T. ) ;
#2337 = CARTESIAN_POINT ( 'NONE',  ( -46.36443966187535892, 12.42331416492068819, 3.809999999999999609 ) ) ;
#2338 = DIRECTION ( 'NONE',  ( 0.000000000000000000, 0.000000000000000000, 1.000000000000000000 ) ) ;
#2339 = CARTESIAN_POINT ( 'NONE',  ( -12.42331416492148222, 46.36443966187514576, 0.000000000000000000 ) ) ;
#2340 = ORIENTED_EDGE ( 'NONE', *, *, #140, .F. ) ;
#2341 = DIRECTION ( 'NONE',  ( 1.156482317317871725E-16, -1.000000000000000000, 0.000000000000000000 ) ) ;
#2342 = CYLINDRICAL_SURFACE ( 'NONE', #2578, 4.500000000000000888 ) ;
#2343 = DIRECTION ( 'NONE',  ( 1.000000000000000000, 0.000000000000000000, 0.000000000000000000 ) ) ;
#2344 = CIRCLE ( 'NONE', #2528, 33.00000000000000000 ) ;
#2345 = ADVANCED_FACE ( 'NONE', ( #15 ), #1555, .F. ) ;
#2346 = ORIENTED_EDGE ( 'NONE', *, *, #1978, .F. ) ;
#2347 = DIRECTION ( 'NONE',  ( 1.000000000000000000, 0.000000000000000000, 0.000000000000000000 ) ) ;
#2348 = CC_DESIGN_PERSON_AND_ORGANIZATION_ASSIGNMENT ( #159, #747, ( #2243 ) ) ;
#2349 = AXIS2_PLACEMENT_3D ( 'NONE', #927, #719, #285 ) ;
#2350 = ORIENTED_EDGE ( 'NONE', *, *, #140, .T. ) ;
#2351 = ORIENTED_EDGE ( 'NONE', *, *, #1023, .F. ) ;
#2352 = DIRECTION ( 'NONE',  ( 0.000000000000000000, 0.000000000000000000, 1.000000000000000000 ) ) ;
#2353 = VECTOR ( 'NONE', #101, 1000.000000000000000 ) ;
#2354 = AXIS2_PLACEMENT_3D ( 'NONE', #2060, #956, #2725 ) ;
#2355 = CARTESIAN_POINT ( 'NONE',  ( 5.205714191344275932, 36.22221848584013060, 0.000000000000000000 ) ) ;
#2356 = CARTESIAN_POINT ( 'NONE',  ( -60.00000000000002842, -57.00000000000000711, 3.809999999999999609 ) ) ;
#2357 = AXIS2_PLACEMENT_3D ( 'NONE', #2129, #2803, #839 ) ;
#2358 = EDGE_LOOP ( 'NONE', ( #1250, #1559, #580, #1080 ) ) ;
#2359 = DIRECTION ( 'NONE',  ( 0.000000000000000000, 0.000000000000000000, 1.000000000000000000 ) ) ;
#2360 = AXIS2_PLACEMENT_3D ( 'NONE', #1035, #193, #383 ) ;
#2361 = CARTESIAN_POINT ( 'NONE',  ( 0.000000000000000000, 0.000000000000000000, 0.000000000000000000 ) ) ;
#2362 = DIRECTION ( 'NONE',  ( -0.000000000000000000, -0.000000000000000000, -1.000000000000000000 ) ) ;
#2363 = AXIS2_PLACEMENT_3D ( 'NONE', #653, #1695, #801 ) ;
#2364 = VERTEX_POINT ( 'NONE', #2433 ) ;
#2365 = DIRECTION ( 'NONE',  ( -0.000000000000000000, -0.000000000000000000, -1.000000000000000000 ) ) ;
#2366 = CIRCLE ( 'NONE', #773, 47.99999999999999289 ) ;
#2367 = ORIENTED_EDGE ( 'NONE', *, *, #150, .F. ) ;
#2368 = VERTEX_POINT ( 'NONE', #485 ) ;
#2369 = EDGE_CURVE ( 'NONE', #1371, #2702, #2393, .T. ) ;
#2370 = FACE_OUTER_BOUND ( 'NONE', #2748, .T. ) ;
#2371 = CARTESIAN_POINT ( 'NONE',  ( 59.99999999999997158, 59.99999999999999289, 3.809999999999999609 ) ) ;
#2372 = EDGE_CURVE ( 'NONE', #581, #1471, #1851, .T. ) ;
#2373 = DIRECTION ( 'NONE',  ( -0.000000000000000000, -0.000000000000000000, -1.000000000000000000 ) ) ;
#2374 = CARTESIAN_POINT ( 'NONE',  ( -52.74999999999999289, -52.74999999999999289, 0.000000000000000000 ) ) ;
#2375 = DIRECTION ( 'NONE',  ( 0.000000000000000000, 0.000000000000000000, 1.000000000000000000 ) ) ;
#2376 = LINE ( 'NONE', #628, #2215 ) ;
#2377 = ORIENTED_EDGE ( 'NONE', *, *, #1982, .T. ) ;
#2378 = CARTESIAN_POINT ( 'NONE',  ( 0.000000000000000000, 6.938893903907228378E-15, 3.809999999999999609 ) ) ;
#2379 = VERTEX_POINT ( 'NONE', #1967 ) ;
#2380 = ORIENTED_EDGE ( 'NONE', *, *, #1753, .F. ) ;
#2381 = CARTESIAN_POINT ( 'NONE',  ( 5.823428514806736622, -21.73333109150400944, 3.809999999999999609 ) ) ;
#2382 = EDGE_CURVE ( 'NONE', #1048, #2799, #2201, .T. ) ;
#2383 = CARTESIAN_POINT ( 'NONE',  ( -50.71110588017617715, 13.58799986788200442, 3.809999999999999609 ) ) ;
#2384 = CARTESIAN_POINT ( 'NONE',  ( -12.42331416492148222, 46.36443966187514576, 3.809999999999999609 ) ) ;
#2385 = ADVANCED_FACE ( 'NONE', ( #1788 ), #2625, .F. ) ;
#2386 = DIRECTION ( 'NONE',  ( -0.000000000000000000, -0.000000000000000000, -1.000000000000000000 ) ) ;
#2387 = DIRECTION ( 'NONE',  ( 1.000000000000000000, 0.000000000000000000, 0.000000000000000000 ) ) ;
#2388 = CARTESIAN_POINT ( 'NONE',  ( -36.22221848584005244, -9.705714191344556596, 3.809999999999999609 ) ) ;
#2389 = ORIENTED_EDGE ( 'NONE', *, *, #2115, .T. ) ;
#2390 = CARTESIAN_POINT ( 'NONE',  ( -21.73333109150406628, 5.823428514806572309, 3.809999999999999609 ) ) ;
#2391 = AXIS2_PLACEMENT_3D ( 'NONE', #895, #1773, #2228 ) ;
#2392 = ORIENTED_EDGE ( 'NONE', *, *, #2469, .F. ) ;
#2393 = LINE ( 'NONE', #662, #1897 ) ;
#2394 = CIRCLE ( 'NONE', #397, 47.99999999999999289 ) ;
#2395 = AXIS2_PLACEMENT_3D ( 'NONE', #1205, #777, #2498 ) ;
#2396 = DIRECTION ( 'NONE',  ( 0.000000000000000000, 0.000000000000000000, 1.000000000000000000 ) ) ;
#2397 = AXIS2_PLACEMENT_3D ( 'NONE', #864, #1251, #1501 ) ;
#2398 = DIRECTION ( 'NONE',  ( -1.000000000000000000, 0.000000000000000000, 0.000000000000000000 ) ) ;
#2399 = DIRECTION ( 'NONE',  ( 0.000000000000000000, 0.000000000000000000, 1.000000000000000000 ) ) ;
#2400 = DIRECTION ( 'NONE',  ( -0.000000000000000000, -0.000000000000000000, -1.000000000000000000 ) ) ;
#2401 = CIRCLE ( 'NONE', #1259, 41.99999999999999289 ) ;
#2402 = EDGE_CURVE ( 'NONE', #1686, #1055, #487, .T. ) ;
#2403 = ORIENTED_EDGE ( 'NONE', *, *, #2203, .F. ) ;
#2404 = DIRECTION ( 'NONE',  ( -0.000000000000000000, -0.000000000000000000, -1.000000000000000000 ) ) ;
#2405 = VECTOR ( 'NONE', #491, 1000.000000000000000 ) ;
#2406 = ORIENTED_EDGE ( 'NONE', *, *, #1926, .T. ) ;
#2407 = AXIS2_PLACEMENT_3D ( 'NONE', #1492, #1058, #2140 ) ;
#2408 = CARTESIAN_POINT ( 'NONE',  ( 40.56888470414095593, -10.87039989430559217, 3.809999999999999609 ) ) ;
#2409 = VECTOR ( 'NONE', #1202, 1000.000000000000000 ) ;
#2410 = ORIENTED_EDGE ( 'NONE', *, *, #1999, .F. ) ;
#2411 = DIRECTION ( 'NONE',  ( 1.000000000000000000, 0.000000000000000000, 0.000000000000000000 ) ) ;
#2412 = CYLINDRICAL_SURFACE ( 'NONE', #2133, 41.99999999999999289 ) ;
#2413 = DIRECTION ( 'NONE',  ( 0.000000000000000000, 0.000000000000000000, 1.000000000000000000 ) ) ;
#2414 = EDGE_CURVE ( 'NONE', #1364, #2676, #2260, .T. ) ;
#2415 = ORIENTED_EDGE ( 'NONE', *, *, #1302, .T. ) ;
#2416 = CARTESIAN_POINT ( 'NONE',  ( 6.988114217768421454, -26.07999730980472819, 3.809999999999999609 ) ) ;
#2417 = ADVANCED_FACE ( 'NONE', ( #716 ), #42, .F. ) ;
#2418 = ORIENTED_EDGE ( 'NONE', *, *, #1436, .T. ) ;
#2419 = DIRECTION ( 'NONE',  ( 0.000000000000000000, 0.000000000000000000, 1.000000000000000000 ) ) ;
#2420 = ORIENTED_EDGE ( 'NONE', *, *, #1911, .F. ) ;
#2421 = CARTESIAN_POINT ( 'NONE',  ( -57.00000000000002132, -57.00000000000000711, 3.809999999999999609 ) ) ;
#2422 = ORIENTED_EDGE ( 'NONE', *, *, #1129, .F. ) ;
#2423 = APPLICATION_CONTEXT ( 'configuration controlled 3d designs of mechanical parts and assemblies' ) ;
#2424 = CARTESIAN_POINT ( 'NONE',  ( 13.58799986788199377, 50.71110588017618426, 3.809999999999999609 ) ) ;
#2425 = CARTESIAN_POINT ( 'NONE',  ( 8.541028488382972128, 31.87555226753931947, 0.000000000000000000 ) ) ;
#2426 = DIRECTION ( 'NONE',  ( 0.000000000000000000, 0.000000000000000000, 1.000000000000000000 ) ) ;
#2427 = VERTEX_POINT ( 'NONE', #1347 ) ;
#2428 = DIRECTION ( 'NONE',  ( -1.000000000000000000, 0.000000000000000000, 0.000000000000000000 ) ) ;
#2429 = EDGE_CURVE ( 'NONE', #813, #1021, #634, .T. ) ;
#2430 = VERTEX_POINT ( 'NONE', #2408 ) ;
#2431 = CARTESIAN_POINT ( 'NONE',  ( 10.87039989430559928, 40.56888470414095593, 3.809999999999999609 ) ) ;
#2432 = CIRCLE ( 'NONE', #2663, 4.500000000000000888 ) ;
#2433 = CARTESIAN_POINT ( 'NONE',  ( 5.205714191344567254, -36.22221848584004533, 0.000000000000000000 ) ) ;
#2434 = EDGE_CURVE ( 'NONE', #1068, #1104, #1903, .T. ) ;
#2435 = ORIENTED_EDGE ( 'NONE', *, *, #332, .F. ) ;
#2436 = AXIS2_PLACEMENT_3D ( 'NONE', #1744, #2399, #58 ) ;
#2437 = ORIENTED_EDGE ( 'NONE', *, *, #51, .F. ) ;
#2438 = DIRECTION ( 'NONE',  ( 0.000000000000000000, 0.000000000000000000, 1.000000000000000000 ) ) ;
#2439 = CIRCLE ( 'NONE', #714, 17.99999999999999645 ) ;
#2440 = ADVANCED_FACE ( 'NONE', ( #330 ), #341, .T. ) ;
#2441 = AXIS2_PLACEMENT_3D ( 'NONE', #2189, #243, #1111 ) ;
#2442 = CARTESIAN_POINT ( 'NONE',  ( -21.73333109150401654, -5.823428514806731293, 3.809999999999999609 ) ) ;
#2443 = DIRECTION ( 'NONE',  ( -0.000000000000000000, -0.000000000000000000, -1.000000000000000000 ) ) ;
#2444 = DIRECTION ( 'NONE',  ( -0.000000000000000000, -0.000000000000000000, -1.000000000000000000 ) ) ;
#2445 = ORIENTED_EDGE ( 'NONE', *, *, #2067, .T. ) ;
#2446 = EDGE_LOOP ( 'NONE', ( #2196, #928, #1211, #170, #2740 ) ) ;
#2447 = CC_DESIGN_APPROVAL ( #153, ( #406 ) ) ;
#2448 = DIRECTION ( 'NONE',  ( 0.000000000000000000, 0.000000000000000000, 1.000000000000000000 ) ) ;
#2449 = ORIENTED_EDGE ( 'NONE', *, *, #484, .T. ) ;
#2450 = FACE_OUTER_BOUND ( 'NONE', #327, .T. ) ;
#2451 = CARTESIAN_POINT ( 'NONE',  ( 0.000000000000000000, 6.938893903907228378E-15, 3.809999999999999609 ) ) ;
#2452 = AXIS2_PLACEMENT_3D ( 'NONE', #2064, #117, #1208 ) ;
#2453 = EDGE_CURVE ( 'NONE', #1068, #2459, #402, .T. ) ;
#2454 = DIRECTION ( 'NONE',  ( 0.000000000000000000, 0.000000000000000000, 1.000000000000000000 ) ) ;
#2455 = AXIS2_PLACEMENT_3D ( 'NONE', #2047, #483, #701 ) ;
#2456 = EDGE_CURVE ( 'NONE', #1173, #1423, #2684, .T. ) ;
#2457 = DIRECTION ( 'NONE',  ( 1.000000000000000000, 0.000000000000000000, 0.000000000000000000 ) ) ;
#2458 = CARTESIAN_POINT ( 'NONE',  ( -10.87039989430779308, 40.56888470414035908, 0.000000000000000000 ) ) ;
#2459 = VERTEX_POINT ( 'NONE', #827 ) ;
#2460 = VERTEX_POINT ( 'NONE', #1375 ) ;
#2461 = EDGE_LOOP ( 'NONE', ( #339, #2131, #674, #841 ) ) ;
#2462 = CARTESIAN_POINT ( 'NONE',  ( -21.73333109150406628, 5.823428514806572309, 0.000000000000000000 ) ) ;
#2463 = ORIENTED_EDGE ( 'NONE', *, *, #786, .T. ) ;
#2464 = DIRECTION ( 'NONE',  ( 1.000000000000000000, 0.000000000000000000, 0.000000000000000000 ) ) ;
#2465 = LINE ( 'NONE', #2232, #718 ) ;
#2466 = EDGE_LOOP ( 'NONE', ( #2320, #220, #1299, #69 ) ) ;
#2467 = CARTESIAN_POINT ( 'NONE',  ( 13.58799986788238989, -50.71110588017605636, 3.809999999999999609 ) ) ;
#2468 = ORIENTED_EDGE ( 'NONE', *, *, #2239, .T. ) ;
#2469 = EDGE_CURVE ( 'NONE', #78, #1469, #755, .T. ) ;
#2470 = CYLINDRICAL_SURFACE ( 'NONE', #1628, 4.499999999999997335 ) ;
#2471 = CARTESIAN_POINT ( 'NONE',  ( 26.07999730980473174, 6.988114217768428560, 0.000000000000000000 ) ) ;
#2472 = DIRECTION ( 'NONE',  ( 1.000000000000000000, 0.000000000000000000, 0.000000000000000000 ) ) ;
#2473 = EDGE_CURVE ( 'NONE', #1471, #443, #2465, .T. ) ;
#2474 = ORIENTED_EDGE ( 'NONE', *, *, #1510, .T. ) ;
#2475 = CARTESIAN_POINT ( 'NONE',  ( -12.42331416492070240, -46.36443966187534471, 3.809999999999999609 ) ) ;
#2476 = EDGE_LOOP ( 'NONE', ( #2289, #89, #1616, #96 ) ) ;
#2477 = CARTESIAN_POINT ( 'NONE',  ( 0.000000000000000000, 6.938893903907228378E-15, 3.809999999999999609 ) ) ;
#2478 = LINE ( 'NONE', #526, #1431 ) ;
#2479 = ORIENTED_EDGE ( 'NONE', *, *, #1571, .F. ) ;
#2480 = DIRECTION ( 'NONE',  ( 0.000000000000000000, 0.000000000000000000, 1.000000000000000000 ) ) ;
#2481 = AXIS2_PLACEMENT_3D ( 'NONE', #1785, #1798, #510 ) ;
#2482 = ORIENTED_EDGE ( 'NONE', *, *, #547, .T. ) ;
#2483 = FACE_OUTER_BOUND ( 'NONE', #907, .T. ) ;
#2484 = AXIS2_PLACEMENT_3D ( 'NONE', #2317, #2736, #2300 ) ;
#2485 = DIRECTION ( 'NONE',  ( -1.000000000000000000, 0.000000000000000000, 0.000000000000000000 ) ) ;
#2486 = PERSON_AND_ORGANIZATION_ROLE ( 'creator' ) ;
#2487 = VECTOR ( 'NONE', #1269, 1000.000000000000000 ) ;
#2488 = ORIENTED_EDGE ( 'NONE', *, *, #1949, .F. ) ;
#2489 = CARTESIAN_POINT ( 'NONE',  ( 0.000000000000000000, 6.938893903907228378E-15, 3.809999999999999609 ) ) ;
#2490 = CIRCLE ( 'NONE', #629, 56.99999999999999289 ) ;
#2491 = CIRCLE ( 'NONE', #764, 17.99999999999999645 ) ;
#2492 = ORIENTED_EDGE ( 'NONE', *, *, #2382, .F. ) ;
#2493 = EDGE_CURVE ( 'NONE', #1890, #2723, #2305, .T. ) ;
#2494 = DIRECTION ( 'NONE',  ( 1.000000000000000000, 0.000000000000000000, 0.000000000000000000 ) ) ;
#2495 = FACE_OUTER_BOUND ( 'NONE', #272, .T. ) ;
#2496 = AXIS2_PLACEMENT_3D ( 'NONE', #494, #1562, #708 ) ;
#2497 = ORIENTED_EDGE ( 'NONE', *, *, #1771, .T. ) ;
#2498 = DIRECTION ( 'NONE',  ( 1.000000000000000000, 0.000000000000000000, 0.000000000000000000 ) ) ;
#2499 = VERTEX_POINT ( 'NONE', #2288 ) ;
#2500 = CARTESIAN_POINT ( 'NONE',  ( 14.75268557084330823, 55.05777209847699538, 3.809999999999999609 ) ) ;
#2501 = VECTOR ( 'NONE', #157, 1000.000000000000000 ) ;
#2502 = CYLINDRICAL_SURFACE ( 'NONE', #27, 4.500000000000005329 ) ;
#2503 = APPROVAL_ROLE ( '' ) ;
#2504 = ORIENTED_EDGE ( 'NONE', *, *, #47, .F. ) ;
#2505 = CARTESIAN_POINT ( 'NONE',  ( -21.73333109150406628, 5.823428514806572309, 3.809999999999999609 ) ) ;
#2506 = ADVANCED_FACE ( 'NONE', ( #1180, #513, #2495, #2776, #2246, #2110, #2017, #2276, #1165, #1416, #1363, #165, #316, #969, #1833, #2032, #1803 ), #84, .T. ) ;
#2507 = VERTEX_POINT ( 'NONE', #284 ) ;
#2508 = FACE_OUTER_BOUND ( 'NONE', #1214, .T. ) ;
#2509 = DIRECTION ( 'NONE',  ( -0.000000000000000000, -0.000000000000000000, -1.000000000000000000 ) ) ;
#2510 = EDGE_CURVE ( 'NONE', #2529, #1352, #1987, .T. ) ;
#2511 = ORIENTED_EDGE ( 'NONE', *, *, #47, .T. ) ;
#2512 = LINE ( 'NONE', #1834, #804 ) ;
#2513 = CARTESIAN_POINT ( 'NONE',  ( -17.38666487320296739, -4.658742811846294352, 3.809999999999999609 ) ) ;
#2514 = CYLINDRICAL_SURFACE ( 'NONE', #300, 4.499999999999997335 ) ;
#2515 = DATE_AND_TIME ( #2745, #1764 ) ;
#2516 = ORIENTED_EDGE ( 'NONE', *, *, #2469, .T. ) ;
#2517 = ORIENTED_EDGE ( 'NONE', *, *, #2280, .F. ) ;
#2518 = CARTESIAN_POINT ( 'NONE',  ( 50.71110588017606347, 13.58799986788239345, 3.809999999999999609 ) ) ;
#2519 = VERTEX_POINT ( 'NONE', #1822 ) ;
#2520 = CARTESIAN_POINT ( 'NONE',  ( 12.42331416492148755, -46.36443966187513155, 0.000000000000000000 ) ) ;
#2521 = VERTEX_POINT ( 'NONE', #1037 ) ;
#2522 = ORIENTED_EDGE ( 'NONE', *, *, #2629, .T. ) ;
#2523 = ADVANCED_FACE ( 'NONE', ( #68 ), #941, .F. ) ;
#2524 = DIRECTION ( 'NONE',  ( 1.000000000000000000, 0.000000000000000000, 0.000000000000000000 ) ) ;
#2525 = CARTESIAN_POINT ( 'NONE',  ( 0.000000000000000000, 6.938893903907228378E-15, 3.809999999999999609 ) ) ;
#2526 = FACE_OUTER_BOUND ( 'NONE', #1986, .T. ) ;
#2527 = PERSON_AND_ORGANIZATION_ROLE ( 'classification_officer' ) ;
#2528 = AXIS2_PLACEMENT_3D ( 'NONE', #951, #698, #2678 ) ;
#2529 = VERTEX_POINT ( 'NONE', #1598 ) ;
#2530 = AXIS2_PLACEMENT_3D ( 'NONE', #1888, #2272, #585 ) ;
#2531 = EDGE_LOOP ( 'NONE', ( #643, #2112, #2539, #975 ) ) ;
#2532 = CARTESIAN_POINT ( 'NONE',  ( 0.000000000000000000, 6.938893903907228378E-15, 3.809999999999999609 ) ) ;
#2533 = EDGE_CURVE ( 'NONE', #2206, #1361, #2478, .T. ) ;
#2534 = AXIS2_PLACEMENT_3D ( 'NONE', #2007, #1557, #472 ) ;
#2535 = ORIENTED_EDGE ( 'NONE', *, *, #1151, .F. ) ;
#2536 = AXIS2_PLACEMENT_3D ( 'NONE', #259, #71, #43 ) ;
#2537 = FACE_OUTER_BOUND ( 'NONE', #1288, .T. ) ;
#2538 = VECTOR ( 'NONE', #2362, 1000.000000000000000 ) ;
#2539 = ORIENTED_EDGE ( 'NONE', *, *, #2615, .T. ) ;
#2540 = ORIENTED_EDGE ( 'NONE', *, *, #1278, .F. ) ;
#2541 = CIRCLE ( 'NONE', #2264, 3.000000000000002665 ) ;
#2542 = DIRECTION ( 'NONE',  ( 1.000000000000000000, 0.000000000000000000, 0.000000000000000000 ) ) ;
#2543 = EDGE_CURVE ( 'NONE', #1173, #1340, #2722, .T. ) ;
#2544 = FACE_OUTER_BOUND ( 'NONE', #2235, .T. ) ;
#2545 = CARTESIAN_POINT ( 'NONE',  ( -46.36443966187535892, 12.42331416492068819, 0.000000000000000000 ) ) ;
#2546 = CIRCLE ( 'NONE', #2817, 4.499999999999995559 ) ;
#2547 = COORDINATED_UNIVERSAL_TIME_OFFSET ( 5, 0, .BEHIND. ) ;
#2548 = EDGE_LOOP ( 'NONE', ( #1553, #2058, #2791, #2274 ) ) ;
#2549 = ADVANCED_FACE ( 'NONE', ( #1918 ), #2819, .F. ) ;
#2550 = AXIS2_PLACEMENT_3D ( 'NONE', #563, #972, #961 ) ;
#2551 = DIRECTION ( 'NONE',  ( 0.000000000000000000, 0.000000000000000000, 1.000000000000000000 ) ) ;
#2552 = FACE_BOUND ( 'NONE', #1201, .T. ) ;
#2553 = ORIENTED_EDGE ( 'NONE', *, *, #1316, .F. ) ;
#2554 = DIRECTION ( 'NONE',  ( -0.000000000000000000, -0.000000000000000000, 1.000000000000000000 ) ) ;
#2555 = EDGE_LOOP ( 'NONE', ( #780, #582, #2695, #249 ) ) ;
#2556 = ORIENTED_EDGE ( 'NONE', *, *, #2584, .T. ) ;
#2557 = DIRECTION ( 'NONE',  ( 0.000000000000000000, -0.000000000000000000, 1.000000000000000000 ) ) ;
#2558 = DIRECTION ( 'NONE',  ( 1.000000000000000000, 0.000000000000000000, 0.000000000000000000 ) ) ;
#2559 = CARTESIAN_POINT ( 'NONE',  ( 55.05777209847681064, 14.75268557084394949, 3.809999999999999609 ) ) ;
#2560 = EDGE_CURVE ( 'NONE', #2172, #2088, #645, .T. ) ;
#2561 = ORIENTED_EDGE ( 'NONE', *, *, #922, .F. ) ;
#2562 = CARTESIAN_POINT ( 'NONE',  ( 56.99999999999996447, -60.00000000000000711, 3.809999999999999609 ) ) ;
#2563 = DIRECTION ( 'NONE',  ( 1.000000000000000000, 0.000000000000000000, 0.000000000000000000 ) ) ;
#2564 = CARTESIAN_POINT ( 'NONE',  ( 17.38666487320325515, -4.658742811845241860, 3.809999999999999609 ) ) ;
#2565 = ADVANCED_FACE ( 'NONE', ( #1078 ), #1284, .F. ) ;
#2566 = VERTEX_POINT ( 'NONE', #2155 ) ;
#2567 = DIRECTION ( 'NONE',  ( -1.000000000000000000, 0.000000000000000000, 0.000000000000000000 ) ) ;
#2568 = ORIENTED_EDGE ( 'NONE', *, *, #2453, .F. ) ;
#2569 = EDGE_LOOP ( 'NONE', ( #2118, #112, #1729, #536, #776 ) ) ;
#2570 = CARTESIAN_POINT ( 'NONE',  ( -57.00000000000002132, -60.00000000000001421, 3.809999999999999609 ) ) ;
#2571 = CARTESIAN_POINT ( 'NONE',  ( 56.99999999999996447, -57.00000000000000000, 3.809999999999999609 ) ) ;
#2572 = CARTESIAN_POINT ( 'NONE',  ( 5.205714191344567254, -36.22221848584004533, 3.809999999999999609 ) ) ;
#2573 = VERTEX_POINT ( 'NONE', #2144 ) ;
#2574 = DIRECTION ( 'NONE',  ( 0.000000000000000000, 0.000000000000000000, 1.000000000000000000 ) ) ;
#2575 = AXIS2_PLACEMENT_3D ( 'NONE', #2158, #884, #1105 ) ;
#2576 = CARTESIAN_POINT ( 'NONE',  ( 40.56888470414034487, 10.87039989430780373, 3.809999999999999609 ) ) ;
#2577 = DIRECTION ( 'NONE',  ( 1.000000000000000000, 0.000000000000000000, 0.000000000000000000 ) ) ;
#2578 = AXIS2_PLACEMENT_3D ( 'NONE', #2775, #451, #1508 ) ;
#2579 = EDGE_CURVE ( 'NONE', #1651, #1890, #1300, .T. ) ;
#2580 = ORIENTED_EDGE ( 'NONE', *, *, #1536, .T. ) ;
#2581 = DIRECTION ( 'NONE',  ( -0.000000000000000000, -0.000000000000000000, -1.000000000000000000 ) ) ;
#2582 = CIRCLE ( 'NONE', #1981, 4.500000000000005329 ) ;
#2583 = CIRCLE ( 'NONE', #2259, 3.000000000000002665 ) ;
#2584 = EDGE_CURVE ( 'NONE', #584, #1134, #445, .T. ) ;
#2585 = VERTEX_POINT ( 'NONE', #2789 ) ;
#2586 = ORIENTED_EDGE ( 'NONE', *, *, #2414, .F. ) ;
#2587 = CARTESIAN_POINT ( 'NONE',  ( -50.54999999999999005, -52.74999999999999289, 3.809999999999999609 ) ) ;
#2588 = AXIS2_PLACEMENT_3D ( 'NONE', #1883, #1938, #1027 ) ;
#2589 = CARTESIAN_POINT ( 'NONE',  ( 59.99999999999997158, 56.99999999999998579, 3.809999999999999609 ) ) ;
#2590 = DIRECTION ( 'NONE',  ( 1.000000000000000000, 0.000000000000000000, 0.000000000000000000 ) ) ;
#2591 = AXIS2_PLACEMENT_3D ( 'NONE', #1716, #1700, #206 ) ;
#2592 = DIRECTION ( 'NONE',  ( 1.000000000000000000, 0.000000000000000000, 0.000000000000000000 ) ) ;
#2593 = VECTOR ( 'NONE', #1768, 1000.000000000000000 ) ;
#2594 = APPROVAL_PERSON_ORGANIZATION ( #1856, #2770, #2503 ) ;
#2595 = CARTESIAN_POINT ( 'NONE',  ( 0.000000000000000000, 6.938893903907228378E-15, 3.809999999999999609 ) ) ;
#2596 = CARTESIAN_POINT ( 'NONE',  ( -54.94999999999998863, 52.75000000000000711, 3.809999999999999609 ) ) ;
#2597 = AXIS2_PLACEMENT_3D ( 'NONE', #1667, #1474, #1924 ) ;
#2598 = VERTEX_POINT ( 'NONE', #195 ) ;
#2599 = CARTESIAN_POINT ( 'NONE',  ( 21.73333109150406628, -5.823428514806577638, 0.000000000000000000 ) ) ;
#2600 = AXIS2_PLACEMENT_3D ( 'NONE', #328, #998, #588 ) ;
#2601 = EDGE_CURVE ( 'NONE', #569, #1371, #1212, .T. ) ;
#2602 = ORIENTED_EDGE ( 'NONE', *, *, #2737, .T. ) ;
#2603 = ORIENTED_EDGE ( 'NONE', *, *, #874, .T. ) ;
#2604 = CARTESIAN_POINT ( 'NONE',  ( -10.87039989430779308, 40.56888470414035908, 3.809999999999999609 ) ) ;
#2605 = EDGE_CURVE ( 'NONE', #2206, #37, #2401, .T. ) ;
#2606 = DIRECTION ( 'NONE',  ( 1.000000000000000000, 0.000000000000000000, 0.000000000000000000 ) ) ;
#2607 = LINE ( 'NONE', #1476, #348 ) ;
#2608 = DIRECTION ( 'NONE',  ( -1.000000000000000000, 0.000000000000000000, 0.000000000000000000 ) ) ;
#2609 = DIRECTION ( 'NONE',  ( -1.000000000000000000, 0.000000000000000000, 0.000000000000000000 ) ) ;
#2610 = CARTESIAN_POINT ( 'NONE',  ( -6.988114217768420566, 26.07999730980474951, 3.809999999999999609 ) ) ;
#2611 = EDGE_LOOP ( 'NONE', ( #2420, #1542, #697, #167 ) ) ;
#2612 = FACE_OUTER_BOUND ( 'NONE', #2358, .T. ) ;
#2613 = ORIENTED_EDGE ( 'NONE', *, *, #1151, .T. ) ;
#2614 = DIRECTION ( 'NONE',  ( 1.000000000000000000, 0.000000000000000000, 0.000000000000000000 ) ) ;
#2615 = EDGE_CURVE ( 'NONE', #2216, #1065, #1762, .T. ) ;
#2616 = DIRECTION ( 'NONE',  ( -0.000000000000000000, -0.000000000000000000, -1.000000000000000000 ) ) ;
#2617 = CARTESIAN_POINT ( 'NONE',  ( -26.23333109150406628, 5.823428514806572309, 3.809999999999999609 ) ) ;
#2618 = DIRECTION ( 'NONE',  ( 0.000000000000000000, 0.000000000000000000, -1.000000000000000000 ) ) ;
#2619 = LINE ( 'NONE', #2183, #586 ) ;
#2620 = ORIENTED_EDGE ( 'NONE', *, *, #1229, .F. ) ;
#2621 = DIRECTION ( 'NONE',  ( 0.000000000000000000, 0.000000000000000000, 1.000000000000000000 ) ) ;
#2622 = AXIS2_PLACEMENT_3D ( 'NONE', #267, #1761, #1146 ) ;
#2623 = VERTEX_POINT ( 'NONE', #1931 ) ;
#2624 = VECTOR ( 'NONE', #1830, 1000.000000000000000 ) ;
#2625 = CYLINDRICAL_SURFACE ( 'NONE', #124, 4.500000000000002665 ) ;
#2626 = AXIS2_PLACEMENT_3D ( 'NONE', #1572, #1100, #2221 ) ;
#2627 = AXIS2_PLACEMENT_3D ( 'NONE', #1490, #1910, #1896 ) ;
#2628 = DIRECTION ( 'NONE',  ( -0.000000000000000000, -0.000000000000000000, -1.000000000000000000 ) ) ;
#2629 = EDGE_CURVE ( 'NONE', #2003, #2297, #310, .T. ) ;
#2630 = CIRCLE ( 'NONE', #1713, 33.00000000000000000 ) ;
#2631 = DIRECTION ( 'NONE',  ( -0.000000000000000000, -0.000000000000000000, -1.000000000000000000 ) ) ;
#2632 = DIRECTION ( 'NONE',  ( 0.000000000000000000, 0.000000000000000000, 1.000000000000000000 ) ) ;
#2633 = DIRECTION ( 'NONE',  ( 1.000000000000000000, 0.000000000000000000, 0.000000000000000000 ) ) ;
#2634 = AXIS2_PLACEMENT_3D ( 'NONE', #919, #1782, #264 ) ;
#2635 = EDGE_CURVE ( 'NONE', #2585, #742, #854, .T. ) ;
#2636 = ORIENTED_EDGE ( 'NONE', *, *, #1506, .T. ) ;
#2637 = DIRECTION ( 'NONE',  ( 0.000000000000000000, 0.000000000000000000, 1.000000000000000000 ) ) ;
#2638 = EDGE_CURVE ( 'NONE', #1864, #2723, #1509, .T. ) ;
#2639 = ORIENTED_EDGE ( 'NONE', *, *, #1008, .T. ) ;
#2640 = AXIS2_PLACEMENT_3D ( 'NONE', #1171, #2699, #733 ) ;
#2641 = CARTESIAN_POINT ( 'NONE',  ( 9.705714191344281261, 36.22221848584013060, 3.809999999999999609 ) ) ;
#2642 = AXIS2_PLACEMENT_3D ( 'NONE', #2779, #1220, #141 ) ;
#2643 = DIRECTION ( 'NONE',  ( -0.000000000000000000, -0.000000000000000000, -1.000000000000000000 ) ) ;
#2644 = DIRECTION ( 'NONE',  ( -0.000000000000000000, -0.000000000000000000, -1.000000000000000000 ) ) ;
#2645 = EDGE_CURVE ( 'NONE', #2316, #309, #677, .T. ) ;
#2646 = CYLINDRICAL_SURFACE ( 'NONE', #2202, 2.200000000000000622 ) ;
#2647 = CARTESIAN_POINT ( 'NONE',  ( 0.000000000000000000, 6.938893903907228378E-15, 3.809999999999999609 ) ) ;
#2648 = ORIENTED_EDGE ( 'NONE', *, *, #1181, .F. ) ;
#2649 = EDGE_CURVE ( 'NONE', #749, #932, #1348, .T. ) ;
#2650 = CYLINDRICAL_SURFACE ( 'NONE', #160, 56.99999999999999289 ) ;
#2651 = ORIENTED_EDGE ( 'NONE', *, *, #2801, .T. ) ;
#2652 = DIRECTION ( 'NONE',  ( -0.000000000000000000, -0.000000000000000000, -1.000000000000000000 ) ) ;
#2653 = DIRECTION ( 'NONE',  ( 1.000000000000000000, 0.000000000000000000, 0.000000000000000000 ) ) ;
#2654 = FACE_OUTER_BOUND ( 'NONE', #831, .T. ) ;
#2655 = CARTESIAN_POINT ( 'NONE',  ( 50.55000000000001847, -52.74999999999999289, 3.809999999999999609 ) ) ;
#2656 = CARTESIAN_POINT ( 'NONE',  ( 0.000000000000000000, 6.938893903907228378E-15, 3.809999999999999609 ) ) ;
#2657 = FACE_OUTER_BOUND ( 'NONE', #278, .T. ) ;
#2658 = ORIENTED_EDGE ( 'NONE', *, *, #238, .T. ) ;
#2659 = DIRECTION ( 'NONE',  ( 1.000000000000000000, 0.000000000000000000, 0.000000000000000000 ) ) ;
#2660 = EDGE_CURVE ( 'NONE', #389, #1021, #1296, .T. ) ;
#2661 = ORIENTED_EDGE ( 'NONE', *, *, #1840, .T. ) ;
#2662 = FACE_OUTER_BOUND ( 'NONE', #1019, .T. ) ;
#2663 = AXIS2_PLACEMENT_3D ( 'NONE', #2462, #1136, #2002 ) ;
#2664 = CARTESIAN_POINT ( 'NONE',  ( 13.58799986788238989, -50.71110588017605636, 0.000000000000000000 ) ) ;
#2665 = EDGE_CURVE ( 'NONE', #2316, #587, #2376, .T. ) ;
#2666 = VERTEX_POINT ( 'NONE', #1962 ) ;
#2667 = AXIS2_PLACEMENT_3D ( 'NONE', #2656, #2632, #2022 ) ;
#2668 = CARTESIAN_POINT ( 'NONE',  ( 0.000000000000000000, 6.938893903907228378E-15, 3.809999999999999609 ) ) ;
#2669 = AXIS2_PLACEMENT_3D ( 'NONE', #2815, #834, #2590 ) ;
#2670 = VERTEX_POINT ( 'NONE', #882 ) ;
#2671 = CIRCLE ( 'NONE', #2207, 47.99999999999999289 ) ;
#2672 = FACE_OUTER_BOUND ( 'NONE', #1909, .T. ) ;
#2673 = FACE_OUTER_BOUND ( 'NONE', #1737, .T. ) ;
#2674 = DIRECTION ( 'NONE',  ( 1.000000000000000000, 0.000000000000000000, 0.000000000000000000 ) ) ;
#2675 = AXIS2_PLACEMENT_3D ( 'NONE', #2451, #26, #2163 ) ;
#2676 = VERTEX_POINT ( 'NONE', #1745 ) ;
#2677 = AXIS2_PLACEMENT_3D ( 'NONE', #1794, #735, #1592 ) ;
#2678 = DIRECTION ( 'NONE',  ( 1.000000000000000000, 0.000000000000000000, 0.000000000000000000 ) ) ;
#2679 = ADVANCED_BREP_SHAPE_REPRESENTATION ( 'FanGrills', ( #691, #490 ), #1620 ) ;
#2680 = ORIENTED_EDGE ( 'NONE', *, *, #943, .F. ) ;
#2681 = CARTESIAN_POINT ( 'NONE',  ( 0.000000000000000000, 6.938893903907228378E-15, 3.809999999999999609 ) ) ;
#2682 = CIRCLE ( 'NONE', #904, 4.499999999999997335 ) ;
#2683 = EDGE_CURVE ( 'NONE', #1786, #155, #2619, .T. ) ;
#2684 = LINE ( 'NONE', #2564, #676 ) ;
#2685 = EDGE_CURVE ( 'NONE', #2459, #2322, #235, .T. ) ;
#2686 = CYLINDRICAL_SURFACE ( 'NONE', #1255, 2.200000000000000622 ) ;
#2687 = AXIS2_PLACEMENT_3D ( 'NONE', #2089, #2059, #1455 ) ;
#2688 = CARTESIAN_POINT ( 'NONE',  ( -50.71110588017606347, -13.58799986788238634, 0.000000000000000000 ) ) ;
#2689 = DIRECTION ( 'NONE',  ( 1.000000000000000000, 0.000000000000000000, 0.000000000000000000 ) ) ;
#2690 = CYLINDRICAL_SURFACE ( 'NONE', #446, 26.99999999999999645 ) ;
#2691 = ORIENTED_EDGE ( 'NONE', *, *, #2121, .T. ) ;
#2692 = ORIENTED_EDGE ( 'NONE', *, *, #1099, .T. ) ;
#2693 = EDGE_LOOP ( 'NONE', ( #2767, #1216, #1894, #1673 ) ) ;
#2694 = FACE_OUTER_BOUND ( 'NONE', #388, .T. ) ;
#2695 = ORIENTED_EDGE ( 'NONE', *, *, #1405, .T. ) ;
#2696 = DIRECTION ( 'NONE',  ( 0.000000000000000000, 0.000000000000000000, 1.000000000000000000 ) ) ;
#2697 = DIRECTION ( 'NONE',  ( -0.000000000000000000, -0.000000000000000000, -1.000000000000000000 ) ) ;
#2698 = CARTESIAN_POINT ( 'NONE',  ( -40.56888470414094172, 10.87039989430559928, 0.000000000000000000 ) ) ;
#2699 = DIRECTION ( 'NONE',  ( 0.000000000000000000, 0.000000000000000000, 1.000000000000000000 ) ) ;
#2700 = DIRECTION ( 'NONE',  ( 1.000000000000000000, 0.000000000000000000, 0.000000000000000000 ) ) ;
#2701 = ORIENTED_EDGE ( 'NONE', *, *, #599, .T. ) ;
#2702 = VERTEX_POINT ( 'NONE', #59 ) ;
#2703 = DIRECTION ( 'NONE',  ( 1.000000000000000000, 0.000000000000000000, 0.000000000000000000 ) ) ;
#2704 = EDGE_LOOP ( 'NONE', ( #499, #2340, #1345, #404 ) ) ;
#2705 = DIRECTION ( 'NONE',  ( 1.000000000000000000, 0.000000000000000000, 0.000000000000000000 ) ) ;
#2706 = DIRECTION ( 'NONE',  ( 0.000000000000000000, -0.000000000000000000, 1.000000000000000000 ) ) ;
#2707 = CIRCLE ( 'NONE', #2159, 3.000000000000002665 ) ;
#2708 = CARTESIAN_POINT ( 'NONE',  ( 12.42331416492148755, -46.36443966187513155, 3.809999999999999609 ) ) ;
#2709 = VERTEX_POINT ( 'NONE', #2238 ) ;
#2710 = AXIS2_PLACEMENT_3D ( 'NONE', #2505, #2747, #1398 ) ;
#2711 = CYLINDRICAL_SURFACE ( 'NONE', #1809, 4.500000000000003553 ) ;
#2712 = VECTOR ( 'NONE', #1577, 1000.000000000000000 ) ;
#2713 = CARTESIAN_POINT ( 'NONE',  ( 0.000000000000000000, 6.938893903907228378E-15, 3.809999999999999609 ) ) ;
#2714 = DATE_AND_TIME ( #2270, #810 ) ;
#2715 = ADVANCED_FACE ( 'NONE', ( #1770 ), #2690, .F. ) ;
#2716 = AXIS2_PLACEMENT_3D ( 'NONE', #304, #516, #322 ) ;
#2717 = EDGE_LOOP ( 'NONE', ( #1043, #1963, #1413, #1294 ) ) ;
#2718 = CYLINDRICAL_SURFACE ( 'NONE', #438, 4.500000000000000888 ) ;
#2719 = CIRCLE ( 'NONE', #2536, 4.499999999999997335 ) ;
#2720 = CC_DESIGN_PERSON_AND_ORGANIZATION_ASSIGNMENT ( #368, #323, ( #2727 ) ) ;
#2721 = APPLICATION_CONTEXT ( 'configuration controlled 3d designs of mechanical parts and assemblies' ) ;
#2722 = CIRCLE ( 'NONE', #1344, 17.99999999999999645 ) ;
#2723 = VERTEX_POINT ( 'NONE', #906 ) ;
#2724 = DIRECTION ( 'NONE',  ( -1.000000000000000000, 0.000000000000000000, 0.000000000000000000 ) ) ;
#2725 = DIRECTION ( 'NONE',  ( 1.000000000000000000, 0.000000000000000000, 0.000000000000000000 ) ) ;
#2726 = EDGE_CURVE ( 'NONE', #1228, #1427, #539, .T. ) ;
#2727 = PRODUCT_DEFINITION_FORMATION_WITH_SPECIFIED_SOURCE ( 'ANY', '', #2243, .NOT_KNOWN. ) ;
#2728 = ORIENTED_EDGE ( 'NONE', *, *, #717, .F. ) ;
#2729 = DIRECTION ( 'NONE',  ( -1.000000000000000000, 0.000000000000000000, 0.000000000000000000 ) ) ;
#2730 = AXIS2_PLACEMENT_3D ( 'NONE', #1898, #1252, #865 ) ;
#2731 = DIRECTION ( 'NONE',  ( -0.000000000000000000, -0.000000000000000000, -1.000000000000000000 ) ) ;
#2732 = CIRCLE ( 'NONE', #2042, 4.500000000000001776 ) ;
#2733 = DIRECTION ( 'NONE',  ( -1.000000000000000000, 0.000000000000000000, 0.000000000000000000 ) ) ;
#2734 = ADVANCED_FACE ( 'NONE', ( #695 ), #2226, .F. ) ;
#2735 = ORIENTED_EDGE ( 'NONE', *, *, #2645, .T. ) ;
#2736 = DIRECTION ( 'NONE',  ( 0.000000000000000000, 0.000000000000000000, 1.000000000000000000 ) ) ;
#2737 = EDGE_CURVE ( 'NONE', #649, #2738, #2541, .T. ) ;
#2738 = VERTEX_POINT ( 'NONE', #92 ) ;
#2739 = CYLINDRICAL_SURFACE ( 'NONE', #1580, 47.99999999999999289 ) ;
#2740 = ORIENTED_EDGE ( 'NONE', *, *, #244, .F. ) ;
#2741 = ORIENTED_EDGE ( 'NONE', *, *, #312, .F. ) ;
#2742 = CARTESIAN_POINT ( 'NONE',  ( 5.823428514806565204, 21.73333109150407338, 0.000000000000000000 ) ) ;
#2743 = DIRECTION ( 'NONE',  ( 1.000000000000000000, 0.000000000000000000, 0.000000000000000000 ) ) ;
#2744 = CARTESIAN_POINT ( 'NONE',  ( -5.823428514806733958, 21.73333109150402365, 0.000000000000000000 ) ) ;
#2745 = CALENDAR_DATE ( 2025, 8, 5 ) ;
#2746 = VERTEX_POINT ( 'NONE', #1549 ) ;
#2747 = DIRECTION ( 'NONE',  ( 0.000000000000000000, 0.000000000000000000, 1.000000000000000000 ) ) ;
#2748 = EDGE_LOOP ( 'NONE', ( #60, #478, #1861, #2100 ) ) ;
#2749 = DIRECTION ( 'NONE',  ( 0.000000000000000000, 0.000000000000000000, 1.000000000000000000 ) ) ;
#2750 = ADVANCED_FACE ( 'NONE', ( #1143 ), #290, .F. ) ;
#2751 = ORIENTED_EDGE ( 'NONE', *, *, #1982, .F. ) ;
#2752 = EDGE_LOOP ( 'NONE', ( #2250, #426, #2098, #1494 ) ) ;
#2753 = ORIENTED_EDGE ( 'NONE', *, *, #1316, .T. ) ;
#2754 = DIRECTION ( 'NONE',  ( -0.000000000000000000, -0.000000000000000000, -1.000000000000000000 ) ) ;
#2755 = DIRECTION ( 'NONE',  ( -0.000000000000000000, -0.000000000000000000, -1.000000000000000000 ) ) ;
#2756 = CARTESIAN_POINT ( 'NONE',  ( -5.823428514806562539, -21.73333109150405917, 3.809999999999999609 ) ) ;
#2757 = CALENDAR_DATE ( 2025, 8, 5 ) ;
#2758 = ADVANCED_FACE ( 'NONE', ( #2657 ), #305, .F. ) ;
#2759 = CIRCLE ( 'NONE', #480, 4.500000000000002665 ) ;
#2760 = VERTEX_POINT ( 'NONE', #2254 ) ;
#2761 = CARTESIAN_POINT ( 'NONE',  ( -55.21110588017617715, 13.58799986788200442, 0.000000000000000000 ) ) ;
#2762 = ORIENTED_EDGE ( 'NONE', *, *, #2156, .T. ) ;
#2763 = CARTESIAN_POINT ( 'NONE',  ( -10.87039989430559572, -40.56888470414094172, 3.809999999999999609 ) ) ;
#2764 = AXIS2_PLACEMENT_3D ( 'NONE', #1139, #1514, #2653 ) ;
#2765 = ORIENTED_EDGE ( 'NONE', *, *, #215, .T. ) ;
#2766 = EDGE_CURVE ( 'NONE', #2670, #1104, #1948, .T. ) ;
#2767 = ORIENTED_EDGE ( 'NONE', *, *, #450, .T. ) ;
#2768 = AXIS2_PLACEMENT_3D ( 'NONE', #413, #1463, #2343 ) ;
#2769 = CARTESIAN_POINT ( 'NONE',  ( 0.000000000000000000, 6.938893903907228378E-15, 0.000000000000000000 ) ) ;
#2770 = APPROVAL ( #1638, 'UNSPECIFIED' ) ;
#2771 = CARTESIAN_POINT ( 'NONE',  ( -13.58799986788238456, 50.71110588017607057, 0.000000000000000000 ) ) ;
#2772 = DIRECTION ( 'NONE',  ( -0.000000000000000000, -0.000000000000000000, -1.000000000000000000 ) ) ;
#2773 = EDGE_LOOP ( 'NONE', ( #358, #793, #750, #136 ) ) ;
#2774 = LINE ( 'NONE', #2562, #178 ) ;
#2775 = CARTESIAN_POINT ( 'NONE',  ( -21.73333109150406628, 5.823428514806572309, 3.809999999999999609 ) ) ;
#2776 = FACE_BOUND ( 'NONE', #1067, .T. ) ;
#2777 = VECTOR ( 'NONE', #2652, 1000.000000000000000 ) ;
#2778 = VERTEX_POINT ( 'NONE', #464 ) ;
#2779 = CARTESIAN_POINT ( 'NONE',  ( -5.823428514806733958, 21.73333109150402365, 3.809999999999999609 ) ) ;
#2780 = VERTEX_POINT ( 'NONE', #476 ) ;
#2781 = EDGE_LOOP ( 'NONE', ( #2504, #1009 ) ) ;
#2782 = DIRECTION ( 'NONE',  ( -0.000000000000000000, -0.000000000000000000, -1.000000000000000000 ) ) ;
#2783 = ORIENTED_EDGE ( 'NONE', *, *, #352, .F. ) ;
#2784 = CARTESIAN_POINT ( 'NONE',  ( 0.000000000000000000, 6.938893903907228378E-15, 0.000000000000000000 ) ) ;
#2785 = DIRECTION ( 'NONE',  ( 0.000000000000000000, 0.000000000000000000, 1.000000000000000000 ) ) ;
#2786 = EDGE_CURVE ( 'NONE', #705, #569, #2307, .T. ) ;
#2787 = CARTESIAN_POINT ( 'NONE',  ( 50.71110588017606347, 13.58799986788239345, 0.000000000000000000 ) ) ;
#2788 = DIRECTION ( 'NONE',  ( 0.000000000000000000, 0.000000000000000000, 1.000000000000000000 ) ) ;
#2789 = CARTESIAN_POINT ( 'NONE',  ( -6.988114217768420566, 26.07999730980474951, 3.809999999999999609 ) ) ;
#2790 = EDGE_CURVE ( 'NONE', #2137, #1797, #1853, .T. ) ;
#2791 = ORIENTED_EDGE ( 'NONE', *, *, #818, .F. ) ;
#2792 = DIRECTION ( 'NONE',  ( 1.000000000000000000, 0.000000000000000000, 0.000000000000000000 ) ) ;
#2793 = VERTEX_POINT ( 'NONE', #1337 ) ;
#2794 = VERTEX_POINT ( 'NONE', #46 ) ;
#2795 = CARTESIAN_POINT ( 'NONE',  ( 0.000000000000000000, 6.938893903907228378E-15, 0.000000000000000000 ) ) ;
#2796 = CARTESIAN_POINT ( 'NONE',  ( -14.75268557084330290, -55.05777209847698117, 3.809999999999999609 ) ) ;
#2797 = DIRECTION ( 'NONE',  ( 1.000000000000000000, 0.000000000000000000, 0.000000000000000000 ) ) ;
#2798 = ORIENTED_EDGE ( 'NONE', *, *, #1096, .F. ) ;
#2799 = VERTEX_POINT ( 'NONE', #1132 ) ;
#2800 = CIRCLE ( 'NONE', #1558, 4.499999999999997335 ) ;
#2801 = EDGE_CURVE ( 'NONE', #129, #287, #1126, .T. ) ;
#2802 = DIRECTION ( 'NONE',  ( 1.000000000000000000, 0.000000000000000000, 0.000000000000000000 ) ) ;
#2803 = DIRECTION ( 'NONE',  ( 0.000000000000000000, 0.000000000000000000, 1.000000000000000000 ) ) ;
#2804 = CIRCLE ( 'NONE', #345, 33.00000000000000000 ) ;
#2805 = ORIENTED_EDGE ( 'NONE', *, *, #771, .F. ) ;
#2806 = EDGE_CURVE ( 'NONE', #301, #1227, #217, .T. ) ;
#2807 = DIRECTION ( 'NONE',  ( -0.000000000000000000, -0.000000000000000000, -1.000000000000000000 ) ) ;
#2808 = AXIS2_PLACEMENT_3D ( 'NONE', #2040, #1004, #564 ) ;
#2809 = AXIS2_PLACEMENT_3D ( 'NONE', #1044, #2103, #1682 ) ;
#2810 = ORIENTED_EDGE ( 'NONE', *, *, #401, .T. ) ;
#2811 = EDGE_LOOP ( 'NONE', ( #2468, #1185, #984, #2162 ) ) ;
#2812 = CARTESIAN_POINT ( 'NONE',  ( 9.705714191344281261, 36.22221848584013060, 0.000000000000000000 ) ) ;
#2813 = AXIS2_PLACEMENT_3D ( 'NONE', #2381, #2324, #1923 ) ;
#2814 = CARTESIAN_POINT ( 'NONE',  ( 36.22221848584005244, 9.705714191344567254, 3.809999999999999609 ) ) ;
#2815 = CARTESIAN_POINT ( 'NONE',  ( 0.000000000000000000, 6.938893903907228378E-15, 3.809999999999999609 ) ) ;
#2816 = CARTESIAN_POINT ( 'NONE',  ( 36.22221848584013770, -9.705714191344251063, 3.809999999999999609 ) ) ;
#2817 = AXIS2_PLACEMENT_3D ( 'NONE', #1560, #679, #57 ) ;
#2818 = DIRECTION ( 'NONE',  ( 1.000000000000000000, 0.000000000000000000, 0.000000000000000000 ) ) ;
#2819 = CYLINDRICAL_SURFACE ( 'NONE', #1482, 4.500000000000000888 ) ;
#2820 = CIRCLE ( 'NONE', #317, 4.500000000000003553 ) ;
#2821 = ORIENTED_EDGE ( 'NONE', *, *, #1556, .F. ) ;
ENDSEC;
END-ISO-10303-21;
