ISO-10303-21;
HEADER;
FILE_DESCRIPTION (( 'STEP AP203' ),
    '1' );
FILE_NAME ('OptoMount3.0.STEP',
    '2026-06-10T16:09:19',
    ( '' ),
    ( '' ),
    'SwSTEP 2.0',
    'SolidWorks 2025',
    '' );
FILE_SCHEMA (( 'CONFIG_CONTROL_DESIGN' ));
ENDSEC;

DATA;
#1 = DIRECTION ( 'NONE',  ( 0.000000000000000000, 0.000000000000000000, -1.000000000000000000 ) ) ;
#2 = DIRECTION ( 'NONE',  ( 0.000000000000000000, 0.000000000000000000, 1.000000000000000000 ) ) ;
#3 = ORIENTED_EDGE ( 'NONE', *, *, #1650, .T. ) ;
#4 = LINE ( 'NONE', #1420, #629 ) ;
#5 = ORIENTED_EDGE ( 'NONE', *, *, #176, .T. ) ;
#6 = LINE ( 'NONE', #432, #1776 ) ;
#7 = EDGE_CURVE ( 'NONE', #380, #1104, #874, .T. ) ;
#8 = EDGE_CURVE ( 'NONE', #428, #78, #227, .T. ) ;
#9 = CIRCLE ( 'NONE', #182, 0.1180999999999994832 ) ;
#10 = CIRCLE ( 'NONE', #36, 0.05999999999999990757 ) ;
#11 = DIRECTION ( 'NONE',  ( -1.000000000000000000, -0.000000000000000000, -0.000000000000000000 ) ) ;
#12 = CARTESIAN_POINT ( 'NONE',  ( -1.925000000000000044, -1.499999999999999778, -0.8749999999999997780 ) ) ;
#13 = PERSON_AND_ORGANIZATION_ROLE ( 'classification_officer' ) ;
#14 = ORIENTED_EDGE ( 'NONE', *, *, #1041, .T. ) ;
#15 = CARTESIAN_POINT ( 'NONE',  ( -1.925000000000000044, 0.2999999999999999889, -1.449999999999999734 ) ) ;
#16 = ORIENTED_EDGE ( 'NONE', *, *, #845, .T. ) ;
#17 = CARTESIAN_POINT ( 'NONE',  ( 1.625000000000000222, -1.500000000000000222, -1.449999999999999734 ) ) ;
#18 = ADVANCED_FACE ( 'NONE', ( #479 ), #581, .F. ) ;
#19 = DIRECTION ( 'NONE',  ( 0.000000000000000000, -0.000000000000000000, 1.000000000000000000 ) ) ;
#20 = PERSON_AND_ORGANIZATION_ROLE ( 'creator' ) ;
#21 = EDGE_LOOP ( 'NONE', ( #725, #799, #1173, #272 ) ) ;
#22 = PLANE ( 'NONE',  #406 ) ;
#23 = ORIENTED_EDGE ( 'NONE', *, *, #119, .F. ) ;
#24 = FACE_BOUND ( 'NONE', #1484, .T. ) ;
#25 = VECTOR ( 'NONE', #969, 39.37007874015748143 ) ;
#26 = VECTOR ( 'NONE', #31, 39.37007874015748143 ) ;
#27 = CARTESIAN_POINT ( 'NONE',  ( 2.125000000000000000, -1.500000000000000222, 1.049999999999999822 ) ) ;
#28 = ORIENTED_EDGE ( 'NONE', *, *, #1480, .F. ) ;
#29 = EDGE_CURVE ( 'NONE', #1693, #1613, #1697, .T. ) ;
#30 = AXIS2_PLACEMENT_3D ( 'NONE', #476, #1022, #886 ) ;
#31 = DIRECTION ( 'NONE',  ( -1.000000000000000000, -0.000000000000000000, -0.000000000000000000 ) ) ;
#32 = CARTESIAN_POINT ( 'NONE',  ( 1.925000000000000044, -0.2499999999999998057, 0.8750000000000001110 ) ) ;
#33 = FACE_BOUND ( 'NONE', #1078, .T. ) ;
#34 = DIRECTION ( 'NONE',  ( -0.7071067811865504593, -0.7071067811865446862, -0.000000000000000000 ) ) ;
#35 = EDGE_LOOP ( 'NONE', ( #1074, #1058, #1302, #840 ) ) ;
#36 = AXIS2_PLACEMENT_3D ( 'NONE', #1048, #355, #769 ) ;
#37 = CARTESIAN_POINT ( 'NONE',  ( 0.7283464550000001703, 0.2999999999999999889, -0.6889763781496059947 ) ) ;
#38 = DIRECTION ( 'NONE',  ( 0.000000000000000000, 0.000000000000000000, 1.000000000000000000 ) ) ;
#39 = EDGE_CURVE ( 'NONE', #422, #1582, #168, .T. ) ;
#40 = PLANE ( 'NONE',  #109 ) ;
#41 = EDGE_CURVE ( 'NONE', #1070, #1132, #611, .T. ) ;
#42 = CARTESIAN_POINT ( 'NONE',  ( 1.974999999999999867, -1.250000000000000000, 1.449999999999999734 ) ) ;
#43 = ORIENTED_EDGE ( 'NONE', *, *, #1284, .T. ) ;
#44 = CARTESIAN_POINT ( 'NONE',  ( -1.925000000000000044, 0.2999999999999999889, 1.449999999999999734 ) ) ;
#45 = DIRECTION ( 'NONE',  ( 1.000000000000000000, 0.000000000000000000, -0.000000000000000000 ) ) ;
#46 = CARTESIAN_POINT ( 'NONE',  ( 0.8267716518503942513, -1.500000000000000222, 1.056102365000000320 ) ) ;
#47 = EDGE_CURVE ( 'NONE', #1775, #1461, #719, .T. ) ;
#48 = VECTOR ( 'NONE', #1224, 39.37007874015748143 ) ;
#49 = LINE ( 'NONE', #57, #1439 ) ;
#50 = ORIENTED_EDGE ( 'NONE', *, *, #141, .T. ) ;
#51 = ORIENTED_EDGE ( 'NONE', *, *, #1657, .F. ) ;
#52 = CARTESIAN_POINT ( 'NONE',  ( 2.125000000000000000, -1.328699999999999992, 1.368099999999999206 ) ) ;
#53 = CARTESIAN_POINT ( 'NONE',  ( 1.625000000000000000, 0.000000000000000000, 1.450000000000000178 ) ) ;
#54 = CYLINDRICAL_SURFACE ( 'NONE', #570, 0.1180999999999994832 ) ;
#55 = CARTESIAN_POINT ( 'NONE',  ( 1.925000000000000044, -1.199999999999999956, 1.449999999999999734 ) ) ;
#56 = EDGE_CURVE ( 'NONE', #1599, #888, #1680, .T. ) ;
#57 = CARTESIAN_POINT ( 'NONE',  ( 1.925000000000000044, 0.2999999999999999889, -1.449999999999999734 ) ) ;
#58 = ORIENTED_EDGE ( 'NONE', *, *, #56, .F. ) ;
#59 = LINE ( 'NONE', #1598, #115 ) ;
#60 = DIRECTION ( 'NONE',  ( 1.652117599551294981E-16, 0.000000000000000000, -1.000000000000000000 ) ) ;
#61 = AXIS2_PLACEMENT_3D ( 'NONE', #1495, #664, #113 ) ;
#62 = CARTESIAN_POINT ( 'NONE',  ( 2.125000000000000000, -1.500000000000000222, 1.249999999999999778 ) ) ;
#63 = CARTESIAN_POINT ( 'NONE',  ( 0.8267716518503942513, -1.500000000000000222, 1.306102365000000098 ) ) ;
#64 = ORIENTED_EDGE ( 'NONE', *, *, #580, .T. ) ;
#65 = EDGE_CURVE ( 'NONE', #1461, #1383, #1564, .T. ) ;
#66 = CIRCLE ( 'NONE', #303, 0.09842519685039406718 ) ;
#67 = DIRECTION ( 'NONE',  ( -0.000000000000000000, -1.000000000000000000, -0.000000000000000000 ) ) ;
#68 = ORIENTED_EDGE ( 'NONE', *, *, #204, .T. ) ;
#69 = EDGE_CURVE ( 'NONE', #235, #380, #1405, .T. ) ;
#70 = DIRECTION ( 'NONE',  ( 1.000000000000000000, 0.000000000000000000, 1.652117599551294981E-16 ) ) ;
#71 = ORIENTED_EDGE ( 'NONE', *, *, #884, .F. ) ;
#72 = DIRECTION ( 'NONE',  ( -0.000000000000000000, -1.000000000000000000, 2.185478394931410821E-16 ) ) ;
#73 = CARTESIAN_POINT ( 'NONE',  ( 0.7283464550000001703, 0.2999999999999999889, 0.7874015750000000757 ) ) ;
#74 = VERTEX_POINT ( 'NONE', #328 ) ;
#75 = AXIS2_PLACEMENT_3D ( 'NONE', #1414, #201, #455 ) ;
#76 = ORIENTED_EDGE ( 'NONE', *, *, #348, .F. ) ;
#77 = DIRECTION ( 'NONE',  ( -0.000000000000000000, -1.000000000000000000, -0.000000000000000000 ) ) ;
#78 = VERTEX_POINT ( 'NONE', #301 ) ;
#79 = DIRECTION ( 'NONE',  ( 0.000000000000000000, 1.000000000000000000, 0.000000000000000000 ) ) ;
#80 = ADVANCED_FACE ( 'NONE', ( #742 ), #1151, .F. ) ;
#81 = ORIENTED_EDGE ( 'NONE', *, *, #1449, .F. ) ;
#82 = CIRCLE ( 'NONE', #1579, 0.05999999999999990757 ) ;
#83 = AXIS2_PLACEMENT_3D ( 'NONE', #1625, #1634, #394 ) ;
#84 = LINE ( 'NONE', #882, #1045 ) ;
#85 = DIRECTION ( 'NONE',  ( 9.420165495394011778E-17, -0.000000000000000000, -1.000000000000000000 ) ) ;
#86 = VECTOR ( 'NONE', #532, 39.37007874015748143 ) ;
#87 = EDGE_CURVE ( 'NONE', #291, #226, #9, .T. ) ;
#88 = EDGE_LOOP ( 'NONE', ( #28, #1453 ) ) ;
#89 = CARTESIAN_POINT ( 'NONE',  ( -0.8267716518503933631, -1.500000000000000222, 1.056102365000000098 ) ) ;
#90 = VERTEX_POINT ( 'NONE', #603 ) ;
#91 = CARTESIAN_POINT ( 'NONE',  ( 1.974999999999999867, -1.250000000000000000, 1.049999999999999822 ) ) ;
#92 = VERTEX_POINT ( 'NONE', #53 ) ;
#93 = DIRECTION ( 'NONE',  ( -0.000000000000000000, -0.000000000000000000, 1.000000000000000000 ) ) ;
#94 = LINE ( 'NONE', #331, #354 ) ;
#95 = ORIENTED_EDGE ( 'NONE', *, *, #1376, .F. ) ;
#96 = AXIS2_PLACEMENT_3D ( 'NONE', #728, #1274, #38 ) ;
#97 = ORIENTED_EDGE ( 'NONE', *, *, #1422, .T. ) ;
#98 = EDGE_CURVE ( 'NONE', #1736, #1513, #1101, .T. ) ;
#99 = CARTESIAN_POINT ( 'NONE',  ( -0.7283464549999998372, 0.2999999999999999889, 0.7874015749999999647 ) ) ;
#100 = VERTEX_POINT ( 'NONE', #473 ) ;
#101 = FACE_OUTER_BOUND ( 'NONE', #286, .T. ) ;
#102 = PLANE ( 'NONE',  #1239 ) ;
#103 = ORIENTED_EDGE ( 'NONE', *, *, #69, .F. ) ;
#104 = CARTESIAN_POINT ( 'NONE',  ( -1.625000000000000000, 0.000000000000000000, 1.450000000000000178 ) ) ;
#105 = CARTESIAN_POINT ( 'NONE',  ( 2.125000000000000000, -1.328699999999999992, 1.368099999999999206 ) ) ;
#106 = VERTEX_POINT ( 'NONE', #1135 ) ;
#107 = ORIENTED_EDGE ( 'NONE', *, *, #1207, .F. ) ;
#108 = ORIENTED_EDGE ( 'NONE', *, *, #427, .F. ) ;
#109 = AXIS2_PLACEMENT_3D ( 'NONE', #1020, #1010, #311 ) ;
#110 = DIRECTION ( 'NONE',  ( 1.000000000000000000, -0.000000000000000000, -1.365923996832131215E-15 ) ) ;
#111 = DIRECTION ( 'NONE',  ( 0.000000000000000000, 0.000000000000000000, -1.000000000000000000 ) ) ;
#112 = ORIENTED_EDGE ( 'NONE', *, *, #1618, .T. ) ;
#113 = DIRECTION ( 'NONE',  ( 0.000000000000000000, 0.000000000000000000, -1.000000000000000000 ) ) ;
#114 = LINE ( 'NONE', #268, #1482 ) ;
#115 = VECTOR ( 'NONE', #342, 39.37007874015748143 ) ;
#116 = EDGE_LOOP ( 'NONE', ( #377, #932, #998, #308 ) ) ;
#117 = CARTESIAN_POINT ( 'NONE',  ( 0.7283464550000001703, 0.2999999999999999889, 0.8858267718503941568 ) ) ;
#118 = AXIS2_PLACEMENT_3D ( 'NONE', #1292, #1032, #1301 ) ;
#119 = EDGE_CURVE ( 'NONE', #1490, #492, #1688, .T. ) ;
#120 = CARTESIAN_POINT ( 'NONE',  ( -1.625000000000000000, -1.500000000000000222, -1.449999999999999734 ) ) ;
#121 =( CONVERSION_BASED_UNIT ( 'INCH', #956 ) LENGTH_UNIT ( ) NAMED_UNIT ( #1380 ) );
#122 = ORIENTED_EDGE ( 'NONE', *, *, #1773, .T. ) ;
#123 = CARTESIAN_POINT ( 'NONE',  ( -0.8267716518503933631, 0.000000000000000000, 1.056102365000000098 ) ) ;
#124 = DIRECTION ( 'NONE',  ( 0.000000000000000000, 0.000000000000000000, 1.000000000000000000 ) ) ;
#125 = VERTEX_POINT ( 'NONE', #1558 ) ;
#126 = DIRECTION ( 'NONE',  ( 0.000000000000000000, 0.000000000000000000, -1.000000000000000000 ) ) ;
#127 = VECTOR ( 'NONE', #233, 39.37007874015748143 ) ;
#128 = DIRECTION ( 'NONE',  ( 0.000000000000000000, 0.000000000000000000, -1.000000000000000000 ) ) ;
#129 = CARTESIAN_POINT ( 'NONE',  ( -0.7283464549999998372, 0.2999999999999999889, -0.7874015749999999647 ) ) ;
#130 = EDGE_CURVE ( 'NONE', #100, #748, #320, .T. ) ;
#131 = ORIENTED_EDGE ( 'NONE', *, *, #305, .T. ) ;
#132 = FACE_BOUND ( 'NONE', #1271, .T. ) ;
#133 = AXIS2_PLACEMENT_3D ( 'NONE', #1526, #830, #723 ) ;
#134 = ORIENTED_EDGE ( 'NONE', *, *, #599, .F. ) ;
#135 = LINE ( 'NONE', #686, #25 ) ;
#136 = LOCAL_TIME ( 12, 9, 19.00000000000000000, #317 ) ;
#137 = PLANE ( 'NONE',  #1541 ) ;
#138 =( LENGTH_UNIT ( ) NAMED_UNIT ( * ) SI_UNIT ( $, .METRE. ) );
#139 = VERTEX_POINT ( 'NONE', #736 ) ;
#140 = CIRCLE ( 'NONE', #483, 0.05999999999999990757 ) ;
#141 = EDGE_CURVE ( 'NONE', #1661, #1385, #1142, .T. ) ;
#142 = DIRECTION ( 'NONE',  ( 0.000000000000000000, 1.000000000000000000, 0.000000000000000000 ) ) ;
#143 = ORIENTED_EDGE ( 'NONE', *, *, #176, .F. ) ;
#144 = DIRECTION ( 'NONE',  ( 1.000000000000000000, 0.000000000000000000, -1.652117599551294981E-16 ) ) ;
#145 = EDGE_CURVE ( 'NONE', #910, #362, #1647, .T. ) ;
#146 = APPROVAL_PERSON_ORGANIZATION ( #1660, #1738, #444 ) ;
#147 = CARTESIAN_POINT ( 'NONE',  ( 0.7283464550000001703, 0.2999999999999999889, 0.7874015750000000757 ) ) ;
#148 = CALENDAR_DATE ( 2026, 10, 6 ) ;
#149 = EDGE_LOOP ( 'NONE', ( #1352, #1214, #1034, #367 ) ) ;
#150 = FACE_OUTER_BOUND ( 'NONE', #398, .T. ) ;
#151 = ORIENTED_EDGE ( 'NONE', *, *, #695, .F. ) ;
#152 = CARTESIAN_POINT ( 'NONE',  ( 0.7283464550000001703, 0.2999999999999999889, -0.7874015750000000757 ) ) ;
#153 = ADVANCED_FACE ( 'NONE', ( #536 ), #1060, .F. ) ;
#154 = VECTOR ( 'NONE', #345, 39.37007874015748143 ) ;
#155 = ORIENTED_EDGE ( 'NONE', *, *, #1639, .T. ) ;
#156 = LINE ( 'NONE', #1359, #1462 ) ;
#157 = FACE_BOUND ( 'NONE', #208, .T. ) ;
#158 = ORIENTED_EDGE ( 'NONE', *, *, #1681, .T. ) ;
#159 = CARTESIAN_POINT ( 'NONE',  ( 1.625000000000000222, -1.500000000000000222, -0.8749999999999997780 ) ) ;
#160 = EDGE_LOOP ( 'NONE', ( #1377, #935, #343, #246 ) ) ;
#161 = DIRECTION ( 'NONE',  ( 0.000000000000000000, 1.000000000000000000, 0.000000000000000000 ) ) ;
#162 = VECTOR ( 'NONE', #1644, 39.37007874015748143 ) ;
#163 = PRODUCT ( 'OptoMount3.0', 'OptoMount3.0', '', ( #1131 ) ) ;
#164 = ADVANCED_FACE ( 'NONE', ( #809 ), #414, .F. ) ;
#165 = CARTESIAN_POINT ( 'NONE',  ( 1.925000000000000044, -1.199999999999999956, 1.449999999999999734 ) ) ;
#166 = EDGE_LOOP ( 'NONE', ( #1062, #797, #790, #793 ) ) ;
#167 = FACE_OUTER_BOUND ( 'NONE', #1191, .T. ) ;
#168 = LINE ( 'NONE', #1025, #544 ) ;
#169 = CARTESIAN_POINT ( 'NONE',  ( 1.625000000000000222, -1.500000000000000222, -1.449999999999999734 ) ) ;
#170 = VECTOR ( 'NONE', #1412, 39.37007874015748143 ) ;
#171 = CIRCLE ( 'NONE', #83, 0.09842519685039406718 ) ;
#172 = VECTOR ( 'NONE', #128, 39.37007874015748143 ) ;
#173 = LINE ( 'NONE', #846, #449 ) ;
#174 = CALENDAR_DATE ( 2026, 10, 6 ) ;
#175 = ORIENTED_EDGE ( 'NONE', *, *, #1386, .F. ) ;
#176 = EDGE_CURVE ( 'NONE', #1434, #364, #817, .T. ) ;
#177 = EDGE_CURVE ( 'NONE', #1426, #1119, #114, .T. ) ;
#178 = CARTESIAN_POINT ( 'NONE',  ( 1.625000000000000000, -1.499999999999999778, -0.8749999999999997780 ) ) ;
#179 = DIRECTION ( 'NONE',  ( 0.000000000000000000, 1.000000000000000000, 0.000000000000000000 ) ) ;
#180 = APPROVAL ( #847, 'UNSPECIFIED' ) ;
#181 = CARTESIAN_POINT ( 'NONE',  ( -1.925000000000000044, 0.2999999999999999889, 1.449999999999999734 ) ) ;
#182 = AXIS2_PLACEMENT_3D ( 'NONE', #1018, #179, #188 ) ;
#183 = CARTESIAN_POINT ( 'NONE',  ( -1.625000000000000000, -1.500000000000000222, -0.8749999999999997780 ) ) ;
#184 = PERSON_AND_ORGANIZATION ( #1052, #408 ) ;
#185 = ORIENTED_EDGE ( 'NONE', *, *, #1429, .T. ) ;
#186 = DIRECTION ( 'NONE',  ( 0.000000000000000000, 1.000000000000000000, -2.185478394931410821E-16 ) ) ;
#187 = EDGE_CURVE ( 'NONE', #1223, #92, #1213, .T. ) ;
#188 = DIRECTION ( 'NONE',  ( 0.000000000000000000, 0.000000000000000000, 1.000000000000000000 ) ) ;
#189 = DIRECTION ( 'NONE',  ( -0.000000000000000000, 1.000000000000000000, -0.000000000000000000 ) ) ;
#190 = LINE ( 'NONE', #995, #1503 ) ;
#191 = ORIENTED_EDGE ( 'NONE', *, *, #766, .T. ) ;
#192 = CARTESIAN_POINT ( 'NONE',  ( -0.7283464549999998372, 0.000000000000000000, -0.7874015749999999647 ) ) ;
#193 = DIRECTION ( 'NONE',  ( -1.000000000000000000, 0.000000000000000000, -1.652117599551294981E-16 ) ) ;
#194 = CARTESIAN_POINT ( 'NONE',  ( -1.925000000000000044, -1.199999999999999956, -1.049999999999999822 ) ) ;
#195 = CARTESIAN_POINT ( 'NONE',  ( 0.8267716518503942513, 0.3000000000000000999, -1.056102365000000320 ) ) ;
#196 = ADVANCED_FACE ( 'NONE', ( #959 ), #1514, .F. ) ;
#197 = AXIS2_PLACEMENT_3D ( 'NONE', #828, #1378, #144 ) ;
#198 = DIRECTION ( 'NONE',  ( 0.000000000000000000, 0.000000000000000000, -1.000000000000000000 ) ) ;
#199 = ORIENTED_EDGE ( 'NONE', *, *, #1429, .F. ) ;
#200 = DIRECTION ( 'NONE',  ( -1.000000000000000000, -0.000000000000000000, -0.000000000000000000 ) ) ;
#201 = DIRECTION ( 'NONE',  ( -0.000000000000000000, -1.000000000000000000, -0.000000000000000000 ) ) ;
#202 = DIRECTION ( 'NONE',  ( 0.000000000000000000, 0.000000000000000000, 1.000000000000000000 ) ) ;
#203 = CARTESIAN_POINT ( 'NONE',  ( -2.125000000000000000, -1.500000000000000222, -1.449999999999999512 ) ) ;
#204 = EDGE_CURVE ( 'NONE', #223, #606, #1333, .T. ) ;
#205 = CYLINDRICAL_SURFACE ( 'NONE', #1209, 0.05999999999999990757 ) ;
#206 = ORIENTED_EDGE ( 'NONE', *, *, #993, .F. ) ;
#207 = DIRECTION ( 'NONE',  ( -0.000000000000000000, 1.000000000000000000, -0.000000000000000000 ) ) ;
#208 = EDGE_LOOP ( 'NONE', ( #1055, #395 ) ) ;
#209 = CIRCLE ( 'NONE', #1536, 0.09842519685039351207 ) ;
#210 = CARTESIAN_POINT ( 'NONE',  ( -0.8267716518503933631, 0.000000000000000000, -1.056102365000000098 ) ) ;
#211 = CARTESIAN_POINT ( 'NONE',  ( -0.8267716518503933631, 0.3000000000000000999, 1.056102365000000098 ) ) ;
#212 = ORIENTED_EDGE ( 'NONE', *, *, #845, .F. ) ;
#213 = EDGE_CURVE ( 'NONE', #1104, #1109, #792, .T. ) ;
#214 = AXIS2_PLACEMENT_3D ( 'NONE', #147, #698, #838 ) ;
#215 = DIRECTION ( 'NONE',  ( 1.652117599551294981E-16, 0.000000000000000000, 1.000000000000000000 ) ) ;
#216 = ORIENTED_EDGE ( 'NONE', *, *, #746, .F. ) ;
#217 = EDGE_CURVE ( 'NONE', #219, #1693, #405, .T. ) ;
#218 = DIRECTION ( 'NONE',  ( -1.000000000000000000, 0.000000000000000000, 1.652117599551294981E-16 ) ) ;
#219 = VERTEX_POINT ( 'NONE', #527 ) ;
#220 = DIRECTION ( 'NONE',  ( 1.000000000000000000, 0.000000000000000000, 1.652117599551294981E-16 ) ) ;
#221 = FACE_OUTER_BOUND ( 'NONE', #1446, .T. ) ;
#222 = ORIENTED_EDGE ( 'NONE', *, *, #1157, .F. ) ;
#223 = VERTEX_POINT ( 'NONE', #1193 ) ;
#224 = VECTOR ( 'NONE', #1079, 39.37007874015748143 ) ;
#225 = DIRECTION ( 'NONE',  ( -0.000000000000000000, 0.000000000000000000, 1.000000000000000000 ) ) ;
#226 = VERTEX_POINT ( 'NONE', #105 ) ;
#227 = CIRCLE ( 'NONE', #312, 0.1999999999999997891 ) ;
#228 = ORIENTED_EDGE ( 'NONE', *, *, #904, .F. ) ;
#229 = CARTESIAN_POINT ( 'NONE',  ( -0.7283464549999998372, 0.000000000000000000, -0.6889763781496064388 ) ) ;
#230 = EDGE_CURVE ( 'NONE', #139, #283, #656, .T. ) ;
#231 = ORIENTED_EDGE ( 'NONE', *, *, #620, .T. ) ;
#232 = CARTESIAN_POINT ( 'NONE',  ( 2.125000000000000000, -1.250000000000000000, 1.249999999999999778 ) ) ;
#233 = DIRECTION ( 'NONE',  ( -0.000000000000000000, 1.000000000000000000, -0.000000000000000000 ) ) ;
#234 = VECTOR ( 'NONE', #352, 39.37007874015748143 ) ;
#235 = VERTEX_POINT ( 'NONE', #1621 ) ;
#236 = DIRECTION ( 'NONE',  ( -1.000000000000000000, -0.000000000000000000, -0.000000000000000000 ) ) ;
#237 = ORIENTED_EDGE ( 'NONE', *, *, #524, .F. ) ;
#238 = FACE_OUTER_BOUND ( 'NONE', #381, .T. ) ;
#239 = DIRECTION ( 'NONE',  ( -1.000000000000000000, 0.000000000000000000, 0.000000000000000000 ) ) ;
#240 = ORIENTED_EDGE ( 'NONE', *, *, #975, .F. ) ;
#241 = ADVANCED_FACE ( 'NONE', ( #934 ), #1231, .F. ) ;
#242 = CARTESIAN_POINT ( 'NONE',  ( 1.925000000000000044, -1.500000000000000222, 0.8750000000000001110 ) ) ;
#243 = DIRECTION ( 'NONE',  ( 0.000000000000000000, 0.000000000000000000, -1.000000000000000000 ) ) ;
#244 = ORIENTED_EDGE ( 'NONE', *, *, #177, .F. ) ;
#245 = VECTOR ( 'NONE', #596, 39.37007874015748143 ) ;
#246 = ORIENTED_EDGE ( 'NONE', *, *, #535, .F. ) ;
#247 = VECTOR ( 'NONE', #645, 39.37007874015748143 ) ;
#248 = ORIENTED_EDGE ( 'NONE', *, *, #1300, .T. ) ;
#249 = DIRECTION ( 'NONE',  ( -0.000000000000000000, 1.000000000000000000, -0.000000000000000000 ) ) ;
#250 = CARTESIAN_POINT ( 'NONE',  ( -1.925000000000000044, -0.2499999999999998057, 0.8750000000000001110 ) ) ;
#251 = ORIENTED_EDGE ( 'NONE', *, *, #983, .T. ) ;
#252 = CARTESIAN_POINT ( 'NONE',  ( 1.925000000000000044, -1.199999999999999956, 1.049999999999999822 ) ) ;
#253 = CARTESIAN_POINT ( 'NONE',  ( -0.7283464549999998372, 0.2999999999999999889, 0.7874015749999999647 ) ) ;
#254 = ORIENTED_EDGE ( 'NONE', *, *, #558, .T. ) ;
#255 = EDGE_CURVE ( 'NONE', #1610, #1385, #1360, .T. ) ;
#256 = LINE ( 'NONE', #506, #1413 ) ;
#257 = CYLINDRICAL_SURFACE ( 'NONE', #459, 0.05999999999999990757 ) ;
#258 = ORIENTED_EDGE ( 'NONE', *, *, #204, .F. ) ;
#259 = DIRECTION ( 'NONE',  ( 0.000000000000000000, 0.000000000000000000, 1.000000000000000000 ) ) ;
#260 = FACE_BOUND ( 'NONE', #88, .T. ) ;
#261 = VECTOR ( 'NONE', #833, 39.37007874015748143 ) ;
#262 = ORIENTED_EDGE ( 'NONE', *, *, #873, .T. ) ;
#263 = DIRECTION ( 'NONE',  ( 0.000000000000000000, 1.000000000000000000, -0.000000000000000000 ) ) ;
#264 = AXIS2_PLACEMENT_3D ( 'NONE', #1063, #371, #639 ) ;
#265 = ADVANCED_FACE ( 'NONE', ( #397, #941, #674, #1496, #260, #1083, #132 ), #1222, .F. ) ;
#266 = CARTESIAN_POINT ( 'NONE',  ( -0.8267716518503933631, 0.2999999999999999889, 0.000000000000000000 ) ) ;
#267 = ORIENTED_EDGE ( 'NONE', *, *, #1363, .T. ) ;
#268 = CARTESIAN_POINT ( 'NONE',  ( 0.8267716518503942513, -1.500000000000000222, -1.056102365000000320 ) ) ;
#269 = ORIENTED_EDGE ( 'NONE', *, *, #524, .T. ) ;
#270 = DIRECTION ( 'NONE',  ( 0.000000000000000000, -1.000000000000000000, 0.000000000000000000 ) ) ;
#271 = VECTOR ( 'NONE', #1455, 39.37007874015748143 ) ;
#272 = ORIENTED_EDGE ( 'NONE', *, *, #399, .F. ) ;
#273 = ADVANCED_FACE ( 'NONE', ( #727 ), #967, .F. ) ;
#274 = DIRECTION ( 'NONE',  ( 1.000000000000000000, -0.000000000000000000, -0.000000000000000000 ) ) ;
#275 = CARTESIAN_POINT ( 'NONE',  ( 0.8267716518503942513, 0.3000000000000000999, -1.306102365000000098 ) ) ;
#276 = ORIENTED_EDGE ( 'NONE', *, *, #1398, .F. ) ;
#277 = PRODUCT_DEFINITION ( 'UNKNOWN', '', #548, #402 ) ;
#278 = DIRECTION ( 'NONE',  ( -0.000000000000000000, -1.000000000000000000, -0.000000000000000000 ) ) ;
#279 = VERTEX_POINT ( 'NONE', #319 ) ;
#280 = PLANE ( 'NONE',  #197 ) ;
#281 = PLANE ( 'NONE',  #133 ) ;
#282 = PERSON_AND_ORGANIZATION_ROLE ( 'creator' ) ;
#283 = VERTEX_POINT ( 'NONE', #1654 ) ;
#284 = DIRECTION ( 'NONE',  ( 0.000000000000000000, -1.000000000000000000, 0.000000000000000000 ) ) ;
#285 = EDGE_CURVE ( 'NONE', #469, #1467, #300, .T. ) ;
#286 = EDGE_LOOP ( 'NONE', ( #1572, #568, #191, #871, #374, #1189, #1293, #768, #1489, #1091 ) ) ;
#287 = FACE_OUTER_BOUND ( 'NONE', #1200, .T. ) ;
#288 = DIRECTION ( 'NONE',  ( 0.000000000000000000, 0.000000000000000000, 1.000000000000000000 ) ) ;
#289 = DIRECTION ( 'NONE',  ( 0.000000000000000000, 0.000000000000000000, 1.000000000000000000 ) ) ;
#290 = CALENDAR_DATE ( 2026, 10, 6 ) ;
#291 = VERTEX_POINT ( 'NONE', #1679 ) ;
#292 = DIRECTION ( 'NONE',  ( 1.000000000000000000, 0.000000000000000000, 0.000000000000000000 ) ) ;
#293 = ORIENTED_EDGE ( 'NONE', *, *, #1317, .F. ) ;
#294 = DIRECTION ( 'NONE',  ( 0.000000000000000000, -0.000000000000000000, -1.000000000000000000 ) ) ;
#295 = CIRCLE ( 'NONE', #717, 0.1181000000000001632 ) ;
#296 = ORIENTED_EDGE ( 'NONE', *, *, #1329, .T. ) ;
#297 = LINE ( 'NONE', #822, #1080 ) ;
#298 = CALENDAR_DATE ( 2026, 10, 6 ) ;
#299 = ORIENTED_EDGE ( 'NONE', *, *, #1519, .F. ) ;
#300 = LINE ( 'NONE', #37, #721 ) ;
#301 = CARTESIAN_POINT ( 'NONE',  ( 2.125000000000000000, -1.250000000000000000, 1.449999999999999512 ) ) ;
#302 = FACE_OUTER_BOUND ( 'NONE', #1321, .T. ) ;
#303 = AXIS2_PLACEMENT_3D ( 'NONE', #1408, #715, #1511 ) ;
#304 = EDGE_CURVE ( 'NONE', #279, #1166, #587, .T. ) ;
#305 = EDGE_CURVE ( 'NONE', #1669, #1775, #856, .T. ) ;
#306 = CARTESIAN_POINT ( 'NONE',  ( -1.925000000000000044, -1.199999999999999289, -1.449999999999999734 ) ) ;
#307 = APPROVAL_DATE_TIME ( #987, #1510 ) ;
#308 = ORIENTED_EDGE ( 'NONE', *, *, #1005, .F. ) ;
#309 = DIRECTION ( 'NONE',  ( 0.000000000000000000, 1.000000000000000000, -1.170791997284683990E-16 ) ) ;
#310 = DIRECTION ( 'NONE',  ( -1.000000000000000000, 0.000000000000000000, 1.652117599551294981E-16 ) ) ;
#311 = DIRECTION ( 'NONE',  ( 0.000000000000000000, -0.000000000000000000, 1.000000000000000000 ) ) ;
#312 = AXIS2_PLACEMENT_3D ( 'NONE', #1705, #750, #1713 ) ;
#313 = AXIS2_PLACEMENT_3D ( 'NONE', #979, #708, #1668 ) ;
#314 = EDGE_CURVE ( 'NONE', #1530, #855, #446, .T. ) ;
#315 = AXIS2_PLACEMENT_3D ( 'NONE', #767, #879, #1294 ) ;
#316 = LINE ( 'NONE', #1311, #1756 ) ;
#317 = COORDINATED_UNIVERSAL_TIME_OFFSET ( 5, 0, .BEHIND. ) ;
#318 = EDGE_LOOP ( 'NONE', ( #1257, #1586, #1195, #825, #1211, #1015, #896, #647, #1309, #1778 ) ) ;
#319 = CARTESIAN_POINT ( 'NONE',  ( -2.125000000000000000, -1.328699999999999992, -1.309999999999999609 ) ) ;
#320 = LINE ( 'NONE', #867, #1248 ) ;
#321 = CARTESIAN_POINT ( 'NONE',  ( 2.125000000000000000, -1.328699999999999992, 1.309999999999999609 ) ) ;
#322 = VECTOR ( 'NONE', #826, 39.37007874015748143 ) ;
#323 = LINE ( 'NONE', #183, #667 ) ;
#324 = ORIENTED_EDGE ( 'NONE', *, *, #411, .T. ) ;
#325 = AXIS2_PLACEMENT_3D ( 'NONE', #99, #650, #1197 ) ;
#326 = ADVANCED_FACE ( 'NONE', ( #167 ), #1521, .F. ) ;
#327 = CARTESIAN_POINT ( 'NONE',  ( 1.625000000000000222, 0.000000000000000000, -1.449999999999999734 ) ) ;
#328 = CARTESIAN_POINT ( 'NONE',  ( 2.125000000000000000, -1.250000000000000000, 1.131900000000000128 ) ) ;
#329 = EDGE_CURVE ( 'NONE', #1180, #1100, #974, .T. ) ;
#330 = DIRECTION ( 'NONE',  ( 0.000000000000000000, 0.000000000000000000, 1.000000000000000000 ) ) ;
#331 = CARTESIAN_POINT ( 'NONE',  ( -1.175000000000000044, -0.4499999999999939604, -1.449999999999999734 ) ) ;
#332 = CARTESIAN_POINT ( 'NONE',  ( -1.925000000000000044, -1.499999999999999556, 0.8750000000000001110 ) ) ;
#333 = VERTEX_POINT ( 'NONE', #1556 ) ;
#334 = LINE ( 'NONE', #872, #234 ) ;
#335 = EDGE_LOOP ( 'NONE', ( #341, #1332, #646, #685 ) ) ;
#336 = DIRECTION ( 'NONE',  ( 0.000000000000000000, -0.000000000000000000, -1.000000000000000000 ) ) ;
#337 = CARTESIAN_POINT ( 'NONE',  ( 2.125000000000000000, -1.250000000000000000, 1.449999999999999512 ) ) ;
#338 = AXIS2_PLACEMENT_3D ( 'NONE', #953, #270, #820 ) ;
#339 = CARTESIAN_POINT ( 'NONE',  ( -0.7283464549999998372, 0.000000000000000000, 0.8858267718503934907 ) ) ;
#340 = VECTOR ( 'NONE', #981, 39.37007874015748143 ) ;
#341 = ORIENTED_EDGE ( 'NONE', *, *, #410, .F. ) ;
#342 = DIRECTION ( 'NONE',  ( -0.000000000000000000, -0.000000000000000000, -1.000000000000000000 ) ) ;
#343 = ORIENTED_EDGE ( 'NONE', *, *, #217, .F. ) ;
#344 = CIRCLE ( 'NONE', #489, 0.1180999999999994832 ) ;
#345 = DIRECTION ( 'NONE',  ( 0.000000000000000000, 0.000000000000000000, 1.000000000000000000 ) ) ;
#346 = CARTESIAN_POINT ( 'NONE',  ( 2.125000000000000000, -1.500000000000000222, 1.449999999999999512 ) ) ;
#347 = EDGE_LOOP ( 'NONE', ( #507, #436, #948, #712, #1561, #1570 ) ) ;
#348 = EDGE_CURVE ( 'NONE', #1149, #223, #4, .T. ) ;
#349 = DIRECTION ( 'NONE',  ( 0.000000000000000000, 1.000000000000000000, 0.000000000000000000 ) ) ;
#350 = VERTEX_POINT ( 'NONE', #990 ) ;
#351 = EDGE_LOOP ( 'NONE', ( #832, #1727 ) ) ;
#352 = DIRECTION ( 'NONE',  ( -1.000000000000000000, -0.000000000000000000, 1.365923996832131215E-15 ) ) ;
#353 = ORIENTED_EDGE ( 'NONE', *, *, #304, .F. ) ;
#354 = VECTOR ( 'NONE', #1182, 39.37007874015748854 ) ;
#355 = DIRECTION ( 'NONE',  ( 0.000000000000000000, -1.000000000000000000, 0.000000000000000000 ) ) ;
#356 = CARTESIAN_POINT ( 'NONE',  ( 0.8267716518503942513, -1.500000000000000222, 1.306102365000000098 ) ) ;
#357 = ORIENTED_EDGE ( 'NONE', *, *, #1662, .T. ) ;
#358 = EDGE_CURVE ( 'NONE', #235, #855, #1110, .T. ) ;
#359 = ADVANCED_FACE ( 'NONE', ( #150 ), #1134, .T. ) ;
#360 = CARTESIAN_POINT ( 'NONE',  ( 1.925000000000000044, -1.499999999999999778, -0.8749999999999997780 ) ) ;
#361 = ORIENTED_EDGE ( 'NONE', *, *, #1398, .T. ) ;
#362 = VERTEX_POINT ( 'NONE', #710 ) ;
#363 = PLANE ( 'NONE',  #574 ) ;
#364 = VERTEX_POINT ( 'NONE', #1394 ) ;
#365 = CARTESIAN_POINT ( 'NONE',  ( -1.925000000000000044, 0.2999999999999999889, 1.449999999999999734 ) ) ;
#366 = CARTESIAN_POINT ( 'NONE',  ( 1.925000000000000044, -1.500000000000000222, 1.049999999999999822 ) ) ;
#367 = ORIENTED_EDGE ( 'NONE', *, *, #8, .F. ) ;
#368 = EDGE_CURVE ( 'NONE', #514, #973, #1103, .T. ) ;
#369 = VERTEX_POINT ( 'NONE', #178 ) ;
#370 = VECTOR ( 'NONE', #858, 39.37007874015748143 ) ;
#371 = DIRECTION ( 'NONE',  ( -0.000000000000000000, 0.000000000000000000, -1.000000000000000000 ) ) ;
#372 = ORIENTED_EDGE ( 'NONE', *, *, #1367, .F. ) ;
#373 = EDGE_CURVE ( 'NONE', #219, #1123, #1546, .T. ) ;
#374 = ORIENTED_EDGE ( 'NONE', *, *, #1329, .F. ) ;
#375 = CARTESIAN_POINT ( 'NONE',  ( 2.157834704032069682E-16, 0.000000000000000000, -1.306102365000000320 ) ) ;
#376 = LINE ( 'NONE', #921, #776 ) ;
#377 = ORIENTED_EDGE ( 'NONE', *, *, #1344, .T. ) ;
#378 = CARTESIAN_POINT ( 'NONE',  ( -2.125000000000000000, -1.500000000000000222, -1.249999999999999778 ) ) ;
#379 = DIRECTION ( 'NONE',  ( -0.000000000000000000, 1.000000000000000000, -0.000000000000000000 ) ) ;
#380 = VERTEX_POINT ( 'NONE', #1124 ) ;
#381 = EDGE_LOOP ( 'NONE', ( #716, #794, #1051, #103 ) ) ;
#382 = FACE_OUTER_BOUND ( 'NONE', #913, .T. ) ;
#383 = ORIENTED_EDGE ( 'NONE', *, *, #705, .T. ) ;
#384 = DIRECTION ( 'NONE',  ( -0.000000000000000000, -1.000000000000000000, -0.000000000000000000 ) ) ;
#385 = DIRECTION ( 'NONE',  ( 0.000000000000000000, -1.000000000000000000, 0.000000000000000000 ) ) ;
#386 = VERTEX_POINT ( 'NONE', #15 ) ;
#387 = DIRECTION ( 'NONE',  ( 0.000000000000000000, 1.000000000000000000, 0.000000000000000000 ) ) ;
#388 = DIRECTION ( 'NONE',  ( 0.000000000000000000, 0.000000000000000000, -1.000000000000000000 ) ) ;
#389 = ADVANCED_FACE ( 'NONE', ( #1663 ), #22, .T. ) ;
#390 = ORIENTED_EDGE ( 'NONE', *, *, #314, .T. ) ;
#391 = VECTOR ( 'NONE', #785, 39.37007874015748143 ) ;
#392 = VECTOR ( 'NONE', #1765, 39.37007874015748143 ) ;
#393 = LINE ( 'NONE', #929, #162 ) ;
#394 = DIRECTION ( 'NONE',  ( 0.000000000000000000, 0.000000000000000000, -1.000000000000000000 ) ) ;
#395 = ORIENTED_EDGE ( 'NONE', *, *, #1262, .F. ) ;
#396 = CARTESIAN_POINT ( 'NONE',  ( -2.125000000000000000, -1.328699999999999992, -1.249999999999999778 ) ) ;
#397 = FACE_BOUND ( 'NONE', #1602, .T. ) ;
#398 = EDGE_LOOP ( 'NONE', ( #772, #1759, #1615, #262 ) ) ;
#399 = EDGE_CURVE ( 'NONE', #369, #1726, #841, .T. ) ;
#400 = FACE_OUTER_BOUND ( 'NONE', #1374, .T. ) ;
#401 = LINE ( 'NONE', #542, #1643 ) ;
#402 = DESIGN_CONTEXT ( 'detailed design', #1397, 'design' ) ;
#403 = FACE_OUTER_BOUND ( 'NONE', #821, .T. ) ;
#404 = ORIENTED_EDGE ( 'NONE', *, *, #540, .T. ) ;
#405 = LINE ( 'NONE', #1341, #1735 ) ;
#406 = AXIS2_PLACEMENT_3D ( 'NONE', #430, #1529, #292 ) ;
#407 = ORIENTED_EDGE ( 'NONE', *, *, #458, .T. ) ;
#408 = ORGANIZATION ( 'UNSPECIFIED', 'UNSPECIFIED', '' ) ;
#409 = CARTESIAN_POINT ( 'NONE',  ( -0.7283464549999998372, 0.2999999999999999889, 0.7874015749999999647 ) ) ;
#410 = EDGE_CURVE ( 'NONE', #1498, #1726, #1671, .T. ) ;
#411 = EDGE_CURVE ( 'NONE', #226, #802, #1264, .T. ) ;
#412 = CARTESIAN_POINT ( 'NONE',  ( -1.974999999999999867, -1.250000000000000000, -1.449999999999999734 ) ) ;
#413 = ORIENTED_EDGE ( 'NONE', *, *, #98, .T. ) ;
#414 = CYLINDRICAL_SURFACE ( 'NONE', #1651, 0.09842519685039351207 ) ;
#415 = EDGE_LOOP ( 'NONE', ( #1472, #1067 ) ) ;
#416 = DIRECTION ( 'NONE',  ( 0.000000000000000000, 0.000000000000000000, -1.000000000000000000 ) ) ;
#417 = VECTOR ( 'NONE', #546, 39.37007874015748143 ) ;
#418 = EDGE_CURVE ( 'NONE', #1385, #1757, #1442, .T. ) ;
#419 = CARTESIAN_POINT ( 'NONE',  ( 1.925000000000000044, 0.2999999999999999889, 1.449999999999999734 ) ) ;
#420 = EDGE_LOOP ( 'NONE', ( #276, #1494, #1631, #555 ) ) ;
#421 = DIRECTION ( 'NONE',  ( -0.000000000000000000, -1.000000000000000000, -0.000000000000000000 ) ) ;
#422 = VERTEX_POINT ( 'NONE', #595 ) ;
#423 = CARTESIAN_POINT ( 'NONE',  ( 0.000000000000000000, -1.500000000000000222, 0.000000000000000000 ) ) ;
#424 = CARTESIAN_POINT ( 'NONE',  ( -2.125000000000000000, -1.328699999999999992, -1.249999999999999778 ) ) ;
#425 = CARTESIAN_POINT ( 'NONE',  ( 2.125000000000000000, -1.250000000000000000, 1.368099999999999206 ) ) ;
#426 = DATE_TIME_ROLE ( 'classification_date' ) ;
#427 = EDGE_CURVE ( 'NONE', #279, #1434, #82, .T. ) ;
#428 = VERTEX_POINT ( 'NONE', #1695 ) ;
#429 = CIRCLE ( 'NONE', #1524, 0.09842519685039406718 ) ;
#430 = CARTESIAN_POINT ( 'NONE',  ( -2.125000000000000000, -1.250000000000000000, -1.049999999999999822 ) ) ;
#431 = VERTEX_POINT ( 'NONE', #1046 ) ;
#432 = CARTESIAN_POINT ( 'NONE',  ( -1.925000000000000044, -1.500000000000000222, -1.449999999999999734 ) ) ;
#433 = VECTOR ( 'NONE', #484, 39.37007874015748143 ) ;
#434 = CARTESIAN_POINT ( 'NONE',  ( -0.7283464549999998372, 0.2999999999999999889, 0.6889763781496064388 ) ) ;
#435 = PERSON_AND_ORGANIZATION ( #1052, #408 ) ;
#436 = ORIENTED_EDGE ( 'NONE', *, *, #1234, .T. ) ;
#437 = CARTESIAN_POINT ( 'NONE',  ( 1.925000000000000044, -0.2500000000000000000, -0.8750000000000001110 ) ) ;
#438 = ORIENTED_EDGE ( 'NONE', *, *, #399, .T. ) ;
#439 = CARTESIAN_POINT ( 'NONE',  ( 1.925000000000000044, -1.499999999999999556, 0.8750000000000001110 ) ) ;
#440 = EDGE_CURVE ( 'NONE', #957, #1538, #59, .T. ) ;
#441 = CC_DESIGN_DATE_AND_TIME_ASSIGNMENT ( #1382, #1518, ( #277 ) ) ;
#442 = CIRCLE ( 'NONE', #1393, 0.05999999999999990757 ) ;
#443 = DIRECTION ( 'NONE',  ( 0.000000000000000000, -1.000000000000000000, 0.000000000000000000 ) ) ;
#444 = APPROVAL_ROLE ( '' ) ;
#445 = ORIENTED_EDGE ( 'NONE', *, *, #993, .T. ) ;
#446 = LINE ( 'NONE', #999, #26 ) ;
#447 = ORIENTED_EDGE ( 'NONE', *, *, #908, .T. ) ;
#448 = DIRECTION ( 'NONE',  ( 0.000000000000000000, 0.000000000000000000, 1.000000000000000000 ) ) ;
#449 = VECTOR ( 'NONE', #854, 39.37007874015748143 ) ;
#450 = ADVANCED_FACE ( 'NONE', ( #889 ), #363, .F. ) ;
#451 = DIRECTION ( 'NONE',  ( 0.000000000000000000, -1.000000000000000000, 0.000000000000000000 ) ) ;
#452 = APPROVAL_ROLE ( '' ) ;
#453 = ORIENTED_EDGE ( 'NONE', *, *, #1500, .T. ) ;
#454 = DIRECTION ( 'NONE',  ( -0.000000000000000000, -1.000000000000000000, -0.000000000000000000 ) ) ;
#455 = DIRECTION ( 'NONE',  ( 0.000000000000000000, 0.000000000000000000, 1.000000000000000000 ) ) ;
#456 = AXIS2_PLACEMENT_3D ( 'NONE', #1760, #526, #259 ) ;
#457 = CARTESIAN_POINT ( 'NONE',  ( 0.8267716518503942513, 0.000000000000000000, 1.056102365000000320 ) ) ;
#458 = EDGE_CURVE ( 'NONE', #1592, #1159, #757, .T. ) ;
#459 = AXIS2_PLACEMENT_3D ( 'NONE', #930, #1210, #1766 ) ;
#460 = CIRCLE ( 'NONE', #919, 0.09842519685039351207 ) ;
#461 = ADVANCED_FACE ( 'NONE', ( #602 ), #1731, .F. ) ;
#462 = DIRECTION ( 'NONE',  ( -0.000000000000000000, 1.000000000000000000, -0.000000000000000000 ) ) ;
#463 = ORIENTED_EDGE ( 'NONE', *, *, #1065, .T. ) ;
#464 = DIRECTION ( 'NONE',  ( -1.000000000000000000, 0.000000000000000000, -0.000000000000000000 ) ) ;
#465 = DIRECTION ( 'NONE',  ( -1.000000000000000000, -0.000000000000000000, -0.000000000000000000 ) ) ;
#466 = DIRECTION ( 'NONE',  ( 0.000000000000000000, 1.000000000000000000, 0.000000000000000000 ) ) ;
#467 = LINE ( 'NONE', #55, #985 ) ;
#468 = CYLINDRICAL_SURFACE ( 'NONE', #1670, 0.09842519685039406718 ) ;
#469 = VERTEX_POINT ( 'NONE', #735 ) ;
#470 = CIRCLE ( 'NONE', #1593, 0.09842519685039351207 ) ;
#471 = ADVANCED_FACE ( 'NONE', ( #898 ), #1720, .F. ) ;
#472 = CARTESIAN_POINT ( 'NONE',  ( 0.000000000000000000, -1.500000000000000222, 0.000000000000000000 ) ) ;
#473 = CARTESIAN_POINT ( 'NONE',  ( -1.625000000000000000, -1.499999999999999778, -0.8749999999999997780 ) ) ;
#474 = FACE_OUTER_BOUND ( 'NONE', #608, .T. ) ;
#475 = DIRECTION ( 'NONE',  ( 0.000000000000000000, 1.000000000000000000, -0.000000000000000000 ) ) ;
#476 = CARTESIAN_POINT ( 'NONE',  ( -2.125000000000000000, -1.328699999999999992, -1.249999999999999778 ) ) ;
#477 = EDGE_LOOP ( 'NONE', ( #1050, #893, #1771, #1664 ) ) ;
#478 = DIRECTION ( 'NONE',  ( 0.000000000000000000, 1.000000000000000000, 0.000000000000000000 ) ) ;
#479 = FACE_OUTER_BOUND ( 'NONE', #594, .T. ) ;
#480 = CARTESIAN_POINT ( 'NONE',  ( 0.7283464550000001703, 0.000000000000000000, -0.8858267718503941568 ) ) ;
#481 = CARTESIAN_POINT ( 'NONE',  ( 1.925000000000000044, -1.199999999999999956, 1.049999999999999822 ) ) ;
#482 = ORIENTED_EDGE ( 'NONE', *, *, #962, .F. ) ;
#483 = AXIS2_PLACEMENT_3D ( 'NONE', #1674, #1290, #852 ) ;
#484 = DIRECTION ( 'NONE',  ( 0.000000000000000000, 0.000000000000000000, 1.000000000000000000 ) ) ;
#485 = VECTOR ( 'NONE', #1167, 39.37007874015748143 ) ;
#486 = ORIENTED_EDGE ( 'NONE', *, *, #945, .T. ) ;
#487 = DIRECTION ( 'NONE',  ( -0.000000000000000000, -1.000000000000000000, -0.000000000000000000 ) ) ;
#488 = ORIENTED_EDGE ( 'NONE', *, *, #1773, .F. ) ;
#489 = AXIS2_PLACEMENT_3D ( 'NONE', #1585, #1560, #1165 ) ;
#490 = CARTESIAN_POINT ( 'NONE',  ( 1.925000000000000044, 0.2999999999999999889, 1.449999999999999734 ) ) ;
#491 = DIRECTION ( 'NONE',  ( 0.000000000000000000, 0.000000000000000000, 1.000000000000000000 ) ) ;
#492 = VERTEX_POINT ( 'NONE', #327 ) ;
#493 = ADVANCED_FACE ( 'NONE', ( #1036 ), #1150, .F. ) ;
#494 = EDGE_CURVE ( 'NONE', #1498, #90, #1452, .T. ) ;
#495 = CARTESIAN_POINT ( 'NONE',  ( 1.925000000000000044, -1.499999999999999556, 0.8750000000000001110 ) ) ;
#496 = ORIENTED_EDGE ( 'NONE', *, *, #648, .T. ) ;
#497 = DIRECTION ( 'NONE',  ( 0.000000000000000000, 0.000000000000000000, 1.000000000000000000 ) ) ;
#498 = ORIENTED_EDGE ( 'NONE', *, *, #368, .T. ) ;
#499 = AXIS2_PLACEMENT_3D ( 'NONE', #495, #1595, #905 ) ;
#500 = DIRECTION ( 'NONE',  ( 0.000000000000000000, 0.000000000000000000, 1.000000000000000000 ) ) ;
#501 = DIRECTION ( 'NONE',  ( 0.000000000000000000, 1.000000000000000000, 0.000000000000000000 ) ) ;
#502 = ORIENTED_EDGE ( 'NONE', *, *, #1282, .T. ) ;
#503 = EDGE_CURVE ( 'NONE', #1308, #1467, #1557, .T. ) ;
#504 = PLANE ( 'NONE',  #1447 ) ;
#505 = ORIENTED_EDGE ( 'NONE', *, *, #966, .T. ) ;
#506 = CARTESIAN_POINT ( 'NONE',  ( -1.925000000000000044, 0.000000000000000000, -1.449999999999999734 ) ) ;
#507 = ORIENTED_EDGE ( 'NONE', *, *, #540, .F. ) ;
#508 = LINE ( 'NONE', #1752, #1365 ) ;
#509 = DIRECTION ( 'NONE',  ( 0.000000000000000000, 0.000000000000000000, -1.000000000000000000 ) ) ;
#510 = ORIENTED_EDGE ( 'NONE', *, *, #213, .T. ) ;
#511 = VECTOR ( 'NONE', #1665, 39.37007874015748143 ) ;
#512 = EDGE_CURVE ( 'NONE', #78, #910, #334, .T. ) ;
#513 = CARTESIAN_POINT ( 'NONE',  ( -0.7283464549999998372, 0.000000000000000000, -0.8858267718503934907 ) ) ;
#514 = VERTEX_POINT ( 'NONE', #1314 ) ;
#515 = EDGE_CURVE ( 'NONE', #1426, #1339, #610, .T. ) ;
#516 = CARTESIAN_POINT ( 'NONE',  ( 0.7283464550000001703, 0.2999999999999999889, -0.8858267718503941568 ) ) ;
#517 = CARTESIAN_POINT ( 'NONE',  ( 0.8267716518503942513, 0.000000000000000000, 1.306102365000000098 ) ) ;
#518 = EDGE_LOOP ( 'NONE', ( #216, #1468, #923, #155, #547 ) ) ;
#519 = DIRECTION ( 'NONE',  ( -1.000000000000000000, 0.000000000000000000, 1.652117599551294981E-16 ) ) ;
#520 = DIRECTION ( 'NONE',  ( -0.7071067811865445751, 0.7071067811865503483, 0.000000000000000000 ) ) ;
#521 = ORIENTED_EDGE ( 'NONE', *, *, #737, .F. ) ;
#522 = ORIENTED_EDGE ( 'NONE', *, *, #683, .F. ) ;
#523 = DIRECTION ( 'NONE',  ( 0.000000000000000000, 0.000000000000000000, 1.000000000000000000 ) ) ;
#524 = EDGE_CURVE ( 'NONE', #601, #1023, #460, .T. ) ;
#525 = ORIENTED_EDGE ( 'NONE', *, *, #373, .T. ) ;
#526 = DIRECTION ( 'NONE',  ( -0.000000000000000000, -1.000000000000000000, -0.000000000000000000 ) ) ;
#527 = CARTESIAN_POINT ( 'NONE',  ( -1.625000000000000000, -0.2499999999999998057, 0.8750000000000001110 ) ) ;
#528 = ORIENTED_EDGE ( 'NONE', *, *, #1681, .F. ) ;
#529 = AXIS2_PLACEMENT_3D ( 'NONE', #62, #1161, #202 ) ;
#530 = DIRECTION ( 'NONE',  ( 0.000000000000000000, 0.000000000000000000, 1.000000000000000000 ) ) ;
#531 = VECTOR ( 'NONE', #289, 39.37007874015748143 ) ;
#532 = DIRECTION ( 'NONE',  ( 0.000000000000000000, 0.000000000000000000, -1.000000000000000000 ) ) ;
#533 = LINE ( 'NONE', #788, #1323 ) ;
#534 = ORIENTED_EDGE ( 'NONE', *, *, #1519, .T. ) ;
#535 = EDGE_CURVE ( 'NONE', #106, #219, #741, .T. ) ;
#536 = FACE_OUTER_BOUND ( 'NONE', #1464, .T. ) ;
#537 = LOCAL_TIME ( 12, 9, 19.00000000000000000, #1390 ) ;
#538 = ORIENTED_EDGE ( 'NONE', *, *, #47, .T. ) ;
#539 = CARTESIAN_POINT ( 'NONE',  ( 0.7283464550000001703, 0.000000000000000000, -0.6889763781496059947 ) ) ;
#540 = EDGE_CURVE ( 'NONE', #1203, #350, #1017, .T. ) ;
#541 = CIRCLE ( 'NONE', #1313, 0.09842519685039351207 ) ;
#542 = CARTESIAN_POINT ( 'NONE',  ( -1.925000000000000044, -1.250000000000000000, -1.449999999999999734 ) ) ;
#543 = FACE_OUTER_BOUND ( 'NONE', #116, .T. ) ;
#544 = VECTOR ( 'NONE', #1547, 39.37007874015748143 ) ;
#545 = ORIENTED_EDGE ( 'NONE', *, *, #130, .F. ) ;
#546 = DIRECTION ( 'NONE',  ( -0.000000000000000000, 1.000000000000000000, -0.000000000000000000 ) ) ;
#547 = ORIENTED_EDGE ( 'NONE', *, *, #962, .T. ) ;
#548 = PRODUCT_DEFINITION_FORMATION_WITH_SPECIFIED_SOURCE ( 'ANY', '', #163, .NOT_KNOWN. ) ;
#549 = CIRCLE ( 'NONE', #936, 0.1180999999999994832 ) ;
#550 = LINE ( 'NONE', #1516, #48 ) ;
#551 = EDGE_CURVE ( 'NONE', #386, #816, #749, .T. ) ;
#552 = DIRECTION ( 'NONE',  ( 0.000000000000000000, 0.000000000000000000, -1.000000000000000000 ) ) ;
#553 = ORIENTED_EDGE ( 'NONE', *, *, #348, .T. ) ;
#554 = CARTESIAN_POINT ( 'NONE',  ( 0.000000000000000000, -1.500000000000000222, 0.000000000000000000 ) ) ;
#555 = ORIENTED_EDGE ( 'NONE', *, *, #7, .T. ) ;
#556 = DIRECTION ( 'NONE',  ( 0.000000000000000000, 1.000000000000000000, 0.000000000000000000 ) ) ;
#557 = VECTOR ( 'NONE', #605, 39.37007874015748143 ) ;
#558 = EDGE_CURVE ( 'NONE', #380, #651, #401, .T. ) ;
#559 = ORIENTED_EDGE ( 'NONE', *, *, #1317, .T. ) ;
#560 = CARTESIAN_POINT ( 'NONE',  ( 0.8267716518503942513, 0.000000000000000000, -1.056102365000000320 ) ) ;
#561 = DIRECTION ( 'NONE',  ( 0.000000000000000000, -1.000000000000000000, 0.000000000000000000 ) ) ;
#562 = ORIENTED_EDGE ( 'NONE', *, *, #1594, .F. ) ;
#563 = DIRECTION ( 'NONE',  ( 0.000000000000000000, -0.000000000000000000, -1.000000000000000000 ) ) ;
#564 = EDGE_LOOP ( 'NONE', ( #834, #1279 ) ) ;
#565 = DIRECTION ( 'NONE',  ( 0.000000000000000000, 1.000000000000000000, -0.000000000000000000 ) ) ;
#566 = LINE ( 'NONE', #434, #1225 ) ;
#567 = PERSON_AND_ORGANIZATION_ROLE ( 'design_supplier' ) ;
#568 = ORIENTED_EDGE ( 'NONE', *, *, #1419, .T. ) ;
#569 = CC_DESIGN_PERSON_AND_ORGANIZATION_ASSIGNMENT ( #585, #1553, ( #163 ) ) ;
#570 = AXIS2_PLACEMENT_3D ( 'NONE', #1567, #1689, #573 ) ;
#571 = CARTESIAN_POINT ( 'NONE',  ( -2.125000000000000000, -1.250000000000000000, -1.049999999999999822 ) ) ;
#572 = VERTEX_POINT ( 'NONE', #1327 ) ;
#573 = DIRECTION ( 'NONE',  ( 0.000000000000000000, 0.000000000000000000, 1.000000000000000000 ) ) ;
#574 = AXIS2_PLACEMENT_3D ( 'NONE', #472, #478, #1179 ) ;
#575 = AXIS2_PLACEMENT_3D ( 'NONE', #1701, #215, #1416 ) ;
#576 = DIRECTION ( 'NONE',  ( -0.000000000000000000, 0.000000000000000000, 1.000000000000000000 ) ) ;
#577 = APPLICATION_PROTOCOL_DEFINITION ( 'international standard', 'config_control_design', 1994, #1397 ) ;
#578 = ORIENTED_EDGE ( 'NONE', *, *, #1085, .F. ) ;
#579 = DIRECTION ( 'NONE',  ( 0.000000000000000000, 0.000000000000000000, -1.000000000000000000 ) ) ;
#580 = EDGE_CURVE ( 'NONE', #1754, #1194, #798, .T. ) ;
#581 = PLANE ( 'NONE',  #1236 ) ;
#582 = CARTESIAN_POINT ( 'NONE',  ( -1.925000000000000044, -0.2500000000000000000, -0.8750000000000001110 ) ) ;
#583 = VECTOR ( 'NONE', #93, 39.37007874015748143 ) ;
#584 = DIRECTION ( 'NONE',  ( 0.000000000000000000, 0.000000000000000000, -1.000000000000000000 ) ) ;
#585 = PERSON_AND_ORGANIZATION ( #1052, #408 ) ;
#586 = VERTEX_POINT ( 'NONE', #91 ) ;
#587 = LINE ( 'NONE', #866, #1411 ) ;
#588 = DIRECTION ( 'NONE',  ( 0.000000000000000000, -1.000000000000000000, 0.000000000000000000 ) ) ;
#589 = ADVANCED_FACE ( 'NONE', ( #1364, #238 ), #1071, .T. ) ;
#590 = FACE_BOUND ( 'NONE', #617, .T. ) ;
#591 = ADVANCED_FACE ( 'NONE', ( #101 ), #670, .F. ) ;
#592 = SECURITY_CLASSIFICATION ( '', '', #1409 ) ;
#593 = DIRECTION ( 'NONE',  ( 0.000000000000000000, -1.000000000000000000, 0.000000000000000000 ) ) ;
#594 = EDGE_LOOP ( 'NONE', ( #1730, #701, #1481, #1163 ) ) ;
#595 = CARTESIAN_POINT ( 'NONE',  ( 0.7283464550000001703, 0.2999999999999999889, 0.6889763781496059947 ) ) ;
#596 = DIRECTION ( 'NONE',  ( -0.000000000000000000, 1.000000000000000000, -0.000000000000000000 ) ) ;
#597 = CIRCLE ( 'NONE', #1607, 0.09842519685039406718 ) ;
#598 = CARTESIAN_POINT ( 'NONE',  ( 0.000000000000000000, 0.000000000000000000, 0.000000000000000000 ) ) ;
#599 = EDGE_CURVE ( 'NONE', #572, #651, #652, .T. ) ;
#600 = FACE_OUTER_BOUND ( 'NONE', #621, .T. ) ;
#601 = VERTEX_POINT ( 'NONE', #229 ) ;
#602 = FACE_OUTER_BOUND ( 'NONE', #1037, .T. ) ;
#603 = CARTESIAN_POINT ( 'NONE',  ( 1.925000000000000044, -1.499999999999999778, -0.8749999999999997780 ) ) ;
#604 = CARTESIAN_POINT ( 'NONE',  ( -0.7283464549999998372, 0.000000000000000000, -0.7874015749999999647 ) ) ;
#605 = DIRECTION ( 'NONE',  ( 0.000000000000000000, -1.000000000000000000, 0.000000000000000000 ) ) ;
#606 = VERTEX_POINT ( 'NONE', #679 ) ;
#607 = DIRECTION ( 'NONE',  ( -0.000000000000000000, -1.000000000000000000, -0.000000000000000000 ) ) ;
#608 = EDGE_LOOP ( 'NONE', ( #681, #438, #1298, #447, #991, #842, #1148, #23 ) ) ;
#609 = VECTOR ( 'NONE', #1038, 39.37007874015748143 ) ;
#610 = LINE ( 'NONE', #1024, #696 ) ;
#611 = LINE ( 'NONE', #32, #1000 ) ;
#612 = CARTESIAN_POINT ( 'NONE',  ( -1.925000000000000044, 0.2999999999999999889, 1.449999999999999734 ) ) ;
#613 = CARTESIAN_POINT ( 'NONE',  ( -0.7283464549999998372, 0.000000000000000000, 0.7874015749999999647 ) ) ;
#614 = ORIENTED_EDGE ( 'NONE', *, *, #368, .F. ) ;
#615 = VECTOR ( 'NONE', #1066, 39.37007874015748143 ) ;
#616 = DIRECTION ( 'NONE',  ( 0.000000000000000000, -1.000000000000000000, 0.000000000000000000 ) ) ;
#617 = EDGE_LOOP ( 'NONE', ( #1287, #864, #1392, #960 ) ) ;
#618 = VECTOR ( 'NONE', #1428, 39.37007874015748143 ) ;
#619 = DIRECTION ( 'NONE',  ( -0.000000000000000000, -1.000000000000000000, -0.000000000000000000 ) ) ;
#620 = EDGE_CURVE ( 'NONE', #1610, #1326, #1463, .T. ) ;
#621 = EDGE_LOOP ( 'NONE', ( #1767, #1316, #528, #244 ) ) ;
#622 = ADVANCED_FACE ( 'NONE', ( #1190 ), #778, .F. ) ;
#623 = CARTESIAN_POINT ( 'NONE',  ( -1.625000000000000000, -1.500000000000000222, 1.450000000000000178 ) ) ;
#624 = FACE_OUTER_BOUND ( 'NONE', #21, .T. ) ;
#625 = ORIENTED_EDGE ( 'NONE', *, *, #427, .T. ) ;
#626 = CC_DESIGN_PERSON_AND_ORGANIZATION_ASSIGNMENT ( #1534, #13, ( #592 ) ) ;
#627 = ORIENTED_EDGE ( 'NONE', *, *, #1042, .T. ) ;
#628 = CARTESIAN_POINT ( 'NONE',  ( -1.925000000000000044, -1.500000000000000222, 1.449999999999999734 ) ) ;
#629 = VECTOR ( 'NONE', #1384, 39.37007874015748143 ) ;
#630 = ORIENTED_EDGE ( 'NONE', *, *, #1065, .F. ) ;
#631 = LOCAL_TIME ( 12, 9, 19.00000000000000000, #1685 ) ;
#632 = AXIS2_PLACEMENT_3D ( 'NONE', #1473, #1199, #1227 ) ;
#633 = CARTESIAN_POINT ( 'NONE',  ( -2.125000000000000000, -1.328699999999999992, -1.249999999999999778 ) ) ;
#634 = ORIENTED_EDGE ( 'NONE', *, *, #737, .T. ) ;
#635 = ADVANCED_FACE ( 'NONE', ( #1741 ), #1502, .F. ) ;
#636 = DIRECTION ( 'NONE',  ( -1.000000000000000000, 0.000000000000000000, 0.000000000000000000 ) ) ;
#637 = CYLINDRICAL_SURFACE ( 'NONE', #1764, 0.05999999999999990757 ) ;
#638 = EDGE_LOOP ( 'NONE', ( #248, #1346, #640, #1243, #1361, #939, #578, #1597, #1505, #522, #58 ) ) ;
#639 = DIRECTION ( 'NONE',  ( -1.000000000000000000, 0.000000000000000000, 0.000000000000000000 ) ) ;
#640 = ORIENTED_EDGE ( 'NONE', *, *, #1345, .T. ) ;
#641 = AXIS2_PLACEMENT_3D ( 'NONE', #1636, #1768, #1506 ) ;
#642 = CARTESIAN_POINT ( 'NONE',  ( -1.974999999999999867, -1.250000000000000000, -1.249999999999999778 ) ) ;
#643 = ORIENTED_EDGE ( 'NONE', *, *, #1779, .T. ) ;
#644 = FACE_OUTER_BOUND ( 'NONE', #1626, .T. ) ;
#645 = DIRECTION ( 'NONE',  ( 1.000000000000000000, -0.000000000000000000, -0.000000000000000000 ) ) ;
#646 = ORIENTED_EDGE ( 'NONE', *, *, #41, .T. ) ;
#647 = ORIENTED_EDGE ( 'NONE', *, *, #873, .F. ) ;
#648 = EDGE_CURVE ( 'NONE', #492, #1369, #256, .T. ) ;
#649 = EDGE_CURVE ( 'NONE', #1476, #1308, #1485, .T. ) ;
#650 = DIRECTION ( 'NONE',  ( 0.000000000000000000, 1.000000000000000000, -0.000000000000000000 ) ) ;
#651 = VERTEX_POINT ( 'NONE', #412 ) ;
#652 = LINE ( 'NONE', #642, #172 ) ;
#653 =( NAMED_UNIT ( * ) PLANE_ANGLE_UNIT ( ) SI_UNIT ( $, .RADIAN. ) );
#654 = EDGE_LOOP ( 'NONE', ( #1544, #627, #765, #1240 ) ) ;
#655 = CARTESIAN_POINT ( 'NONE',  ( 1.925000000000000044, -1.500000000000000222, -1.449999999999999734 ) ) ;
#656 = LINE ( 'NONE', #1753, #1565 ) ;
#657 = ORIENTED_EDGE ( 'NONE', *, *, #8, .T. ) ;
#658 = CIRCLE ( 'NONE', #829, 0.1181000000000001632 ) ;
#659 = EDGE_CURVE ( 'NONE', #802, #74, #549, .T. ) ;
#660 = ORIENTED_EDGE ( 'NONE', *, *, #1127, .F. ) ;
#661 = CARTESIAN_POINT ( 'NONE',  ( -2.125000000000000000, -1.250000000000000000, -1.249999999999999778 ) ) ;
#662 = CARTESIAN_POINT ( 'NONE',  ( -0.7283464549999998372, 0.2999999999999999889, -0.6889763781496064388 ) ) ;
#663 = ORIENTED_EDGE ( 'NONE', *, *, #1549, .F. ) ;
#664 = DIRECTION ( 'NONE',  ( 0.000000000000000000, -1.000000000000000000, 0.000000000000000000 ) ) ;
#665 = DIRECTION ( 'NONE',  ( -0.000000000000000000, -1.000000000000000000, -0.000000000000000000 ) ) ;
#666 = EDGE_LOOP ( 'NONE', ( #185, #1703 ) ) ;
#667 = VECTOR ( 'NONE', #732, 39.37007874015748143 ) ;
#668 = FACE_OUTER_BOUND ( 'NONE', #347, .T. ) ;
#669 = EDGE_CURVE ( 'NONE', #1100, #92, #1337, .T. ) ;
#670 = PLANE ( 'NONE',  #1725 ) ;
#671 = DIRECTION ( 'NONE',  ( 0.000000000000000000, 0.000000000000000000, -1.000000000000000000 ) ) ;
#672 = ORIENTED_EDGE ( 'NONE', *, *, #213, .F. ) ;
#673 = DIRECTION ( 'NONE',  ( 0.000000000000000000, 0.000000000000000000, 1.000000000000000000 ) ) ;
#674 = FACE_OUTER_BOUND ( 'NONE', #1587, .T. ) ;
#675 = ORIENTED_EDGE ( 'NONE', *, *, #1185, .F. ) ;
#676 = AXIS2_PLACEMENT_3D ( 'NONE', #1330, #1201, #1600 ) ;
#677 = CARTESIAN_POINT ( 'NONE',  ( -0.8267716518503933631, 0.000000000000000000, 1.306102365000000320 ) ) ;
#678 = VECTOR ( 'NONE', #805, 39.37007874015748143 ) ;
#679 = CARTESIAN_POINT ( 'NONE',  ( -2.125000000000000000, -1.250000000000000000, -1.131899999999999684 ) ) ;
#680 = DIRECTION ( 'NONE',  ( 0.000000000000000000, 1.000000000000000000, -1.170791997284683990E-16 ) ) ;
#681 = ORIENTED_EDGE ( 'NONE', *, *, #1077, .F. ) ;
#682 = CARTESIAN_POINT ( 'NONE',  ( -0.7499999999999841238, 1.475000000000006306, 1.449999999999999734 ) ) ;
#683 = EDGE_CURVE ( 'NONE', #888, #362, #1056, .T. ) ;
#684 = EDGE_CURVE ( 'NONE', #775, #606, #393, .T. ) ;
#685 = ORIENTED_EDGE ( 'NONE', *, *, #1562, .F. ) ;
#686 = CARTESIAN_POINT ( 'NONE',  ( 1.625000000000000222, -0.2500000000000000555, -1.450000000000000178 ) ) ;
#687 = CC_DESIGN_PERSON_AND_ORGANIZATION_ASSIGNMENT ( #1122, #20, ( #277 ) ) ;
#688 = AXIS2_PLACEMENT_3D ( 'NONE', #598, #1120, #336 ) ;
#689 = FACE_OUTER_BOUND ( 'NONE', #848, .T. ) ;
#690 = DIRECTION ( 'NONE',  ( 0.000000000000000000, 0.000000000000000000, 1.000000000000000000 ) ) ;
#691 = ORIENTED_EDGE ( 'NONE', *, *, #865, .T. ) ;
#692 = DIRECTION ( 'NONE',  ( 0.000000000000000000, 1.170791997284683990E-16, 1.000000000000000000 ) ) ;
#693 = ORIENTED_EDGE ( 'NONE', *, *, #305, .F. ) ;
#694 = AXIS2_PLACEMENT_3D ( 'NONE', #129, #1057, #938 ) ;
#695 = EDGE_CURVE ( 'NONE', #1123, #1613, #937, .T. ) ;
#696 = VECTOR ( 'NONE', #218, 39.37007874015748143 ) ;
#697 = LINE ( 'NONE', #117, #1061 ) ;
#698 = DIRECTION ( 'NONE',  ( -0.000000000000000000, -1.000000000000000000, -0.000000000000000000 ) ) ;
#699 = ORIENTED_EDGE ( 'NONE', *, *, #1606, .F. ) ;
#700 = CARTESIAN_POINT ( 'NONE',  ( -1.625000000000000000, -0.2500000000000000555, -1.450000000000000178 ) ) ;
#701 = ORIENTED_EDGE ( 'NONE', *, *, #1594, .T. ) ;
#702 = LINE ( 'NONE', #1252, #224 ) ;
#703 = AXIS2_PLACEMENT_3D ( 'NONE', #253, #278, #243 ) ;
#704 = VECTOR ( 'NONE', #72, 39.37007874015748143 ) ;
#705 = EDGE_CURVE ( 'NONE', #1109, #100, #1355, .T. ) ;
#706 = CARTESIAN_POINT ( 'NONE',  ( -2.125000000000000000, -1.328699999999999992, -1.189999999999999947 ) ) ;
#707 = PLANE ( 'NONE',  #989 ) ;
#708 = DIRECTION ( 'NONE',  ( 0.000000000000000000, 0.000000000000000000, 1.000000000000000000 ) ) ;
#709 = ORIENTED_EDGE ( 'NONE', *, *, #1097, .F. ) ;
#710 = CARTESIAN_POINT ( 'NONE',  ( 1.925000000000000044, -1.199999999999999289, 1.449999999999999734 ) ) ;
#711 = ADVANCED_FACE ( 'NONE', ( #1633 ), #947, .F. ) ;
#712 = ORIENTED_EDGE ( 'NONE', *, *, #1245, .T. ) ;
#713 = LINE ( 'NONE', #439, #914 ) ;
#714 = ADVANCED_FACE ( 'NONE', ( #689 ), #986, .T. ) ;
#715 = DIRECTION ( 'NONE',  ( 0.000000000000000000, 1.000000000000000000, 0.000000000000000000 ) ) ;
#716 = ORIENTED_EDGE ( 'NONE', *, *, #1041, .F. ) ;
#717 = AXIS2_PLACEMENT_3D ( 'NONE', #1525, #387, #673 ) ;
#718 = CARTESIAN_POINT ( 'NONE',  ( -0.7283464549999998372, 0.2999999999999999889, 0.8858267718503934907 ) ) ;
#719 = LINE ( 'NONE', #1436, #1550 ) ;
#720 = DIRECTION ( 'NONE',  ( 1.000000000000000000, 0.000000000000000000, 9.420165495394013011E-17 ) ) ;
#721 = VECTOR ( 'NONE', #421, 39.37007874015748143 ) ;
#722 = CIRCLE ( 'NONE', #952, 0.05999999999999990757 ) ;
#723 = DIRECTION ( 'NONE',  ( 0.000000000000000000, 0.000000000000000000, 1.000000000000000000 ) ) ;
#724 = APPROVAL_ROLE ( '' ) ;
#725 = ORIENTED_EDGE ( 'NONE', *, *, #1016, .F. ) ;
#726 = EDGE_CURVE ( 'NONE', #291, #74, #173, .T. ) ;
#727 = FACE_OUTER_BOUND ( 'NONE', #335, .T. ) ;
#728 = CARTESIAN_POINT ( 'NONE',  ( -0.7283464549999998372, 0.2999999999999999889, -0.7874015749999999647 ) ) ;
#729 = EDGE_CURVE ( 'NONE', #1169, #1094, #1246, .T. ) ;
#730 = FACE_BOUND ( 'NONE', #351, .T. ) ;
#731 = AXIS2_PLACEMENT_3D ( 'NONE', #1375, #142, #124 ) ;
#732 = DIRECTION ( 'NONE',  ( 0.000000000000000000, -1.000000000000000000, 2.185478394931411314E-16 ) ) ;
#733 = DATE_AND_TIME ( #174, #1642 ) ;
#734 = ORIENTED_EDGE ( 'NONE', *, *, #65, .F. ) ;
#735 = CARTESIAN_POINT ( 'NONE',  ( 0.7283464550000001703, 0.2999999999999999889, -0.6889763781496059947 ) ) ;
#736 = CARTESIAN_POINT ( 'NONE',  ( 0.8267716518503942513, 0.3000000000000000999, 1.056102365000000320 ) ) ;
#737 = EDGE_CURVE ( 'NONE', #1582, #918, #66, .T. ) ;
#738 = FACE_OUTER_BOUND ( 'NONE', #1745, .T. ) ;
#739 = LINE ( 'NONE', #1155, #1584 ) ;
#740 = EDGE_LOOP ( 'NONE', ( #634, #988 ) ) ;
#741 = LINE ( 'NONE', #1563, #1176 ) ;
#742 = FACE_OUTER_BOUND ( 'NONE', #878, .T. ) ;
#743 = VECTOR ( 'NONE', #1559, 39.37007874015748854 ) ;
#744 = CARTESIAN_POINT ( 'NONE',  ( -1.744805304144245567E-16, 0.2999999999999999889, -1.056102365000000098 ) ) ;
#745 = CARTESIAN_POINT ( 'NONE',  ( -1.625000000000000000, -1.500000000000000222, -1.449999999999999734 ) ) ;
#746 = EDGE_CURVE ( 'NONE', #1094, #755, #1659, .T. ) ;
#747 = LINE ( 'NONE', #754, #433 ) ;
#748 = VERTEX_POINT ( 'NONE', #12 ) ;
#749 = LINE ( 'NONE', #1158, #1470 ) ;
#750 = DIRECTION ( 'NONE',  ( -0.000000000000000000, -1.000000000000000000, -0.000000000000000000 ) ) ;
#751 = DIRECTION ( 'NONE',  ( 0.000000000000000000, 0.000000000000000000, -1.000000000000000000 ) ) ;
#752 = DIRECTION ( 'NONE',  ( 0.000000000000000000, -2.185478394931410821E-16, -1.000000000000000000 ) ) ;
#753 = EDGE_CURVE ( 'NONE', #888, #333, #1667, .T. ) ;
#754 = CARTESIAN_POINT ( 'NONE',  ( 1.925000000000000044, -1.500000000000000222, -1.449999999999999734 ) ) ;
#755 = VERTEX_POINT ( 'NONE', #27 ) ;
#756 = CC_DESIGN_PERSON_AND_ORGANIZATION_ASSIGNMENT ( #184, #282, ( #548 ) ) ;
#757 = LINE ( 'NONE', #1303, #485 ) ;
#758 = ORIENTED_EDGE ( 'NONE', *, *, #1315, .F. ) ;
#759 = DIRECTION ( 'NONE',  ( 0.000000000000000000, 0.000000000000000000, -1.000000000000000000 ) ) ;
#760 = FACE_OUTER_BOUND ( 'NONE', #160, .T. ) ;
#761 = ORIENTED_EDGE ( 'NONE', *, *, #1448, .T. ) ;
#762 = VECTOR ( 'NONE', #1401, 39.37007874015748143 ) ;
#763 = CC_DESIGN_SECURITY_CLASSIFICATION ( #592, ( #548 ) ) ;
#764 = CARTESIAN_POINT ( 'NONE',  ( 1.925000000000000044, 0.2999999999999999889, 1.449999999999999734 ) ) ;
#765 = ORIENTED_EDGE ( 'NONE', *, *, #580, .F. ) ;
#766 = EDGE_CURVE ( 'NONE', #125, #1530, #297, .T. ) ;
#767 = CARTESIAN_POINT ( 'NONE',  ( 0.7283464550000001703, 0.000000000000000000, -0.7874015750000000757 ) ) ;
#768 = ORIENTED_EDGE ( 'NONE', *, *, #440, .F. ) ;
#769 = DIRECTION ( 'NONE',  ( 0.000000000000000000, 0.000000000000000000, -1.000000000000000000 ) ) ;
#770 = DIRECTION ( 'NONE',  ( 0.000000000000000000, 0.000000000000000000, -1.000000000000000000 ) ) ;
#772 = ORIENTED_EDGE ( 'NONE', *, *, #1016, .T. ) ;
#771 = AXIS2_PLACEMENT_3D ( 'NONE', #396, #940, #808 ) ;
#773 = CLOSED_SHELL ( 'NONE', ( #1640, #153, #326, #954, #1532, #164, #1737, #1137, #853, #1551, #836, #359, #1628, #265, #1354, #80, #591, #493, #471, #894, #824, #196, #803, #450, #1683, #1460, #1019, #1168, #273, #1769, #461, #1196, #1273, #241, #944, #1770, #814, #18, #1116, #1583, #714, #994, #1219, #1700, #389, #589, #1407, #622, #1603, #635, #711, #1027 ) ) ;
#774 = LINE ( 'NONE', #1054, #1102 ) ;
#775 = VERTEX_POINT ( 'NONE', #1108 ) ;
#776 = VECTOR ( 'NONE', #690, 39.37007874015748143 ) ;
#777 = AXIS2_PLACEMENT_3D ( 'NONE', #1624, #249, #523 ) ;
#778 = CYLINDRICAL_SURFACE ( 'NONE', #777, 0.1181000000000001632 ) ;
#779 = ORIENTED_EDGE ( 'NONE', *, *, #130, .T. ) ;
#780 = FACE_BOUND ( 'NONE', #564, .T. ) ;
#781 = FACE_OUTER_BOUND ( 'NONE', #1576, .T. ) ;
#782 = ORIENTED_EDGE ( 'NONE', *, *, #1448, .F. ) ;
#783 = EDGE_CURVE ( 'NONE', #1369, #1223, #1533, .T. ) ;
#784 = EDGE_LOOP ( 'NONE', ( #76, #199, #1479, #915 ) ) ;
#785 = DIRECTION ( 'NONE',  ( -0.000000000000000000, 1.000000000000000000, -0.000000000000000000 ) ) ;
#786 = ORIENTED_EDGE ( 'NONE', *, *, #726, .T. ) ;
#787 = DIRECTION ( 'NONE',  ( 0.000000000000000000, 1.000000000000000000, 0.000000000000000000 ) ) ;
#788 = CARTESIAN_POINT ( 'NONE',  ( 2.125000000000000000, -1.250000000000000000, 1.189999999999999947 ) ) ;
#789 = VECTOR ( 'NONE', #1340, 39.37007874015748143 ) ;
#790 = ORIENTED_EDGE ( 'NONE', *, *, #187, .F. ) ;
#791 = CARTESIAN_POINT ( 'NONE',  ( -1.625000000000000000, -1.500000000000000222, -1.449999999999999734 ) ) ;
#792 = LINE ( 'NONE', #950, #869 ) ;
#793 = ORIENTED_EDGE ( 'NONE', *, *, #783, .F. ) ;
#794 = ORIENTED_EDGE ( 'NONE', *, *, #599, .T. ) ;
#795 = EDGE_CURVE ( 'NONE', #1109, #1369, #1652, .T. ) ;
#796 = ORIENTED_EDGE ( 'NONE', *, *, #285, .F. ) ;
#797 = ORIENTED_EDGE ( 'NONE', *, *, #1540, .F. ) ;
#798 = LINE ( 'NONE', #266, #86 ) ;
#799 = ORIENTED_EDGE ( 'NONE', *, *, #494, .F. ) ;
#800 = LINE ( 'NONE', #252, #844 ) ;
#801 = CARTESIAN_POINT ( 'NONE',  ( 0.8267716518503942513, -1.500000000000000222, -1.306102365000000098 ) ) ;
#802 = VERTEX_POINT ( 'NONE', #425 ) ;
#803 = ADVANCED_FACE ( 'NONE', ( #1517 ), #281, .F. ) ;
#804 = AXIS2_PLACEMENT_3D ( 'NONE', #604, #466, #448 ) ;
#805 = DIRECTION ( 'NONE',  ( -1.000000000000000000, -0.000000000000000000, -0.000000000000000000 ) ) ;
#806 = FACE_OUTER_BOUND ( 'NONE', #1084, .T. ) ;
#807 = ORIENTED_EDGE ( 'NONE', *, *, #1491, .F. ) ;
#808 = DIRECTION ( 'NONE',  ( 0.000000000000000000, -0.000000000000000000, 1.000000000000000000 ) ) ;
#809 = FACE_OUTER_BOUND ( 'NONE', #477, .T. ) ;
#810 = ORIENTED_EDGE ( 'NONE', *, *, #56, .T. ) ;
#811 = CIRCLE ( 'NONE', #30, 0.05999999999999990757 ) ;
#812 = DIRECTION ( 'NONE',  ( 0.000000000000000000, 0.000000000000000000, -1.000000000000000000 ) ) ;
#813 = EDGE_CURVE ( 'NONE', #1203, #1070, #1098, .T. ) ;
#814 = ADVANCED_FACE ( 'NONE', ( #1130 ), #137, .F. ) ;
#815 = DIRECTION ( 'NONE',  ( 0.000000000000000000, 0.000000000000000000, -1.000000000000000000 ) ) ;
#816 = VERTEX_POINT ( 'NONE', #306 ) ;
#817 = LINE ( 'NONE', #1202, #1012 ) ;
#818 = EDGE_LOOP ( 'NONE', ( #3, #269 ) ) ;
#819 = AXIS2_PLACEMENT_3D ( 'NONE', #892, #1445, #491 ) ;
#820 = DIRECTION ( 'NONE',  ( 0.000000000000000000, 0.000000000000000000, -1.000000000000000000 ) ) ;
#821 = EDGE_LOOP ( 'NONE', ( #206, #5, #1030, #353 ) ) ;
#822 = CARTESIAN_POINT ( 'NONE',  ( -1.925000000000000044, -1.250000000000000000, -1.049999999999999822 ) ) ;
#823 = DIRECTION ( 'NONE',  ( 0.000000000000000000, 1.000000000000000000, -0.000000000000000000 ) ) ;
#824 = ADVANCED_FACE ( 'NONE', ( #1237 ), #1381, .F. ) ;
#825 = ORIENTED_EDGE ( 'NONE', *, *, #1234, .F. ) ;
#826 = DIRECTION ( 'NONE',  ( 1.000000000000000000, 0.000000000000000000, 0.000000000000000000 ) ) ;
#827 = ORIENTED_EDGE ( 'NONE', *, *, #551, .F. ) ;
#828 = CARTESIAN_POINT ( 'NONE',  ( -0.8267716518503933631, -1.500000000000000222, 1.306102365000000320 ) ) ;
#829 = AXIS2_PLACEMENT_3D ( 'NONE', #1531, #556, #530 ) ;
#830 = DIRECTION ( 'NONE',  ( -1.000000000000000000, 0.000000000000000000, 0.000000000000000000 ) ) ;
#831 = PERSON_AND_ORGANIZATION ( #1052, #408 ) ;
#832 = ORIENTED_EDGE ( 'NONE', *, *, #1315, .T. ) ;
#833 = DIRECTION ( 'NONE',  ( -0.000000000000000000, 0.000000000000000000, 1.000000000000000000 ) ) ;
#834 = ORIENTED_EDGE ( 'NONE', *, *, #659, .F. ) ;
#835 = CARTESIAN_POINT ( 'NONE',  ( 0.7283464550000001703, 0.2999999999999999889, -0.8858267718503941568 ) ) ;
#836 = ADVANCED_FACE ( 'NONE', ( #1389, #157 ), #707, .F. ) ;
#837 = CARTESIAN_POINT ( 'NONE',  ( -1.925000000000000044, 0.2999999999999999889, -1.449999999999999734 ) ) ;
#838 = DIRECTION ( 'NONE',  ( 0.000000000000000000, 0.000000000000000000, -1.000000000000000000 ) ) ;
#839 = CALENDAR_DATE ( 2026, 10, 6 ) ;
#840 = ORIENTED_EDGE ( 'NONE', *, *, #649, .F. ) ;
#841 = LINE ( 'NONE', #159, #1117 ) ;
#842 = ORIENTED_EDGE ( 'NONE', *, *, #669, .T. ) ;
#843 = CARTESIAN_POINT ( 'NONE',  ( -1.925000000000000044, -1.500000000000000222, -1.049999999999999822 ) ) ;
#844 = VECTOR ( 'NONE', #1107, 39.37007874015748854 ) ;
#845 = EDGE_CURVE ( 'NONE', #1554, #1605, #566, .T. ) ;
#846 = CARTESIAN_POINT ( 'NONE',  ( 2.125000000000000000, -1.328699999999999992, 1.131900000000000128 ) ) ;
#847 = APPROVAL_STATUS ( 'not_yet_approved' ) ;
#848 = EDGE_LOOP ( 'NONE', ( #1035, #482, #657, #1410 ) ) ;
#849 = VECTOR ( 'NONE', #1675, 39.37007874015748143 ) ;
#850 = CARTESIAN_POINT ( 'NONE',  ( 0.8267716518503942513, 0.000000000000000000, 0.000000000000000000 ) ) ;
#851 = CARTESIAN_POINT ( 'NONE',  ( -2.125000000000000000, -1.250000000000000000, -1.449999999999999512 ) ) ;
#852 = DIRECTION ( 'NONE',  ( 0.000000000000000000, 0.000000000000000000, 1.000000000000000000 ) ) ;
#853 = ADVANCED_FACE ( 'NONE', ( #1147 ), #205, .F. ) ;
#854 = DIRECTION ( 'NONE',  ( -0.000000000000000000, 1.000000000000000000, -0.000000000000000000 ) ) ;
#855 = VERTEX_POINT ( 'NONE', #1014 ) ;
#856 = LINE ( 'NONE', #850, #261 ) ;
#857 = CARTESIAN_POINT ( 'NONE',  ( -1.925000000000000044, 0.2999999999999999889, -1.449999999999999734 ) ) ;
#858 = DIRECTION ( 'NONE',  ( -0.000000000000000000, -1.000000000000000000, -0.000000000000000000 ) ) ;
#859 = VECTOR ( 'NONE', #1687, 39.37007874015748143 ) ;
#860 = AXIS2_PLACEMENT_3D ( 'NONE', #1217, #680, #1474 ) ;
#861 = VECTOR ( 'NONE', #1088, 39.37007874015748143 ) ;
#862 = CARTESIAN_POINT ( 'NONE',  ( 2.125000000000000000, -1.328699999999999992, 1.249999999999999778 ) ) ;
#863 = COORDINATED_UNIVERSAL_TIME_OFFSET ( 5, 0, .BEHIND. ) ;
#864 = ORIENTED_EDGE ( 'NONE', *, *, #1344, .F. ) ;
#865 = EDGE_CURVE ( 'NONE', #74, #802, #344, .T. ) ;
#866 = CARTESIAN_POINT ( 'NONE',  ( -2.125000000000000000, -1.250000000000000000, -1.309999999999999609 ) ) ;
#867 = CARTESIAN_POINT ( 'NONE',  ( 1.925000000000000044, -1.499999999999999778, -0.8749999999999997780 ) ) ;
#868 = FACE_BOUND ( 'NONE', #740, .T. ) ;
#869 = VECTOR ( 'NONE', #1093, 39.37007874015748143 ) ;
#870 = CARTESIAN_POINT ( 'NONE',  ( 0.7283464550000001703, 0.2999999999999999889, 0.7874015750000000757 ) ) ;
#871 = ORIENTED_EDGE ( 'NONE', *, *, #1509, .F. ) ;
#872 = CARTESIAN_POINT ( 'NONE',  ( 1.925000000000000044, -1.250000000000000000, 1.449999999999999734 ) ) ;
#873 = EDGE_CURVE ( 'NONE', #926, #90, #747, .T. ) ;
#874 = LINE ( 'NONE', #851, #1087 ) ;
#875 = LINE ( 'NONE', #194, #743 ) ;
#876 = CARTESIAN_POINT ( 'NONE',  ( 1.625000000000000000, -1.500000000000000222, 1.450000000000000178 ) ) ;
#877 = DIRECTION ( 'NONE',  ( 0.000000000000000000, 0.000000000000000000, -1.000000000000000000 ) ) ;
#878 = EDGE_LOOP ( 'NONE', ( #251, #222, #1635, #496, #1251, #672, #1711, #254, #463, #827, #1578 ) ) ;
#879 = DIRECTION ( 'NONE',  ( 0.000000000000000000, 1.000000000000000000, -0.000000000000000000 ) ) ;
#880 = ORIENTED_EDGE ( 'NONE', *, *, #230, .F. ) ;
#881 = VECTOR ( 'NONE', #189, 39.37007874015748143 ) ;
#882 = CARTESIAN_POINT ( 'NONE',  ( -0.8267716518503933631, -0.000000000000000000, 0.000000000000000000 ) ) ;
#883 = CARTESIAN_POINT ( 'NONE',  ( 2.125000000000000000, -1.500000000000000222, 1.309999999999999609 ) ) ;
#884 = EDGE_CURVE ( 'NONE', #1123, #100, #323, .T. ) ;
#885 = VECTOR ( 'NONE', #207, 39.37007874015748143 ) ;
#886 = DIRECTION ( 'NONE',  ( 0.000000000000000000, 0.000000000000000000, 1.000000000000000000 ) ) ;
#887 = VECTOR ( 'NONE', #451, 39.37007874015748143 ) ;
#888 = VERTEX_POINT ( 'NONE', #764 ) ;
#889 = FACE_OUTER_BOUND ( 'NONE', #1418, .T. ) ;
#890 = EDGE_LOOP ( 'NONE', ( #614, #965, #16, #660 ) ) ;
#891 = CARTESIAN_POINT ( 'NONE',  ( -1.925000000000000044, -1.499999999999999778, -0.8749999999999997780 ) ) ;
#892 = CARTESIAN_POINT ( 'NONE',  ( 2.125000000000000000, -1.328699999999999992, 1.249999999999999778 ) ) ;
#893 = ORIENTED_EDGE ( 'NONE', *, *, #975, .T. ) ;
#894 = ADVANCED_FACE ( 'NONE', ( #1277 ), #1432, .F. ) ;
#895 = PLANE ( 'NONE',  #575 ) ;
#896 = ORIENTED_EDGE ( 'NONE', *, *, #494, .T. ) ;
#897 = AXIS2_PLACEMENT_3D ( 'NONE', #63, #1331, #1297 ) ;
#898 = FACE_OUTER_BOUND ( 'NONE', #951, .T. ) ;
#899 = EDGE_LOOP ( 'NONE', ( #1040, #675, #324, #1342 ) ) ;
#900 = LINE ( 'NONE', #365, #609 ) ;
#901 = CARTESIAN_POINT ( 'NONE',  ( -1.625000000000000000, -0.2500000000000000000, -0.8750000000000001110 ) ) ;
#902 = ORIENTED_EDGE ( 'NONE', *, *, #795, .T. ) ;
#903 = VECTOR ( 'NONE', #274, 39.37007874015748143 ) ;
#904 = EDGE_CURVE ( 'NONE', #1655, #1592, #722, .T. ) ;
#905 = DIRECTION ( 'NONE',  ( 1.000000000000000000, 0.000000000000000000, -0.000000000000000000 ) ) ;
#906 = EDGE_LOOP ( 'NONE', ( #175, #258 ) ) ;
#907 = ORIENTED_EDGE ( 'NONE', *, *, #39, .F. ) ;
#908 = EDGE_CURVE ( 'NONE', #1132, #350, #1569, .T. ) ;
#909 = CARTESIAN_POINT ( 'NONE',  ( 1.925000000000000044, -1.499999999999999778, -0.8749999999999997780 ) ) ;
#910 = VERTEX_POINT ( 'NONE', #42 ) ;
#911 = LINE ( 'NONE', #1487, #931 ) ;
#912 = CARTESIAN_POINT ( 'NONE',  ( 1.625000000000000222, -1.500000000000000222, -1.449999999999999734 ) ) ;
#913 = EDGE_LOOP ( 'NONE', ( #1762, #1184, #404, #1044 ) ) ;
#915 = ORIENTED_EDGE ( 'NONE', *, *, #1386, .T. ) ;
#914 = VECTOR ( 'NONE', #1424, 39.37007874015748143 ) ;
#916 = DIRECTION ( 'NONE',  ( 0.7071067811865504593, -0.7071067811865446862, 0.000000000000000000 ) ) ;
#917 = ORIENTED_EDGE ( 'NONE', *, *, #684, .F. ) ;
#918 = VERTEX_POINT ( 'NONE', #1138 ) ;
#919 = AXIS2_PLACEMENT_3D ( 'NONE', #192, #79, #1435 ) ;
#920 = DIRECTION ( 'NONE',  ( 0.000000000000000000, 1.000000000000000000, 0.000000000000000000 ) ) ;
#921 = CARTESIAN_POINT ( 'NONE',  ( 1.974999999999999867, -1.250000000000000000, 1.249999999999999778 ) ) ;
#922 = EDGE_CURVE ( 'NONE', #1538, #1693, #1450, .T. ) ;
#923 = ORIENTED_EDGE ( 'NONE', *, *, #1367, .T. ) ;
#924 = CARTESIAN_POINT ( 'NONE',  ( 1.925000000000000044, -1.499999999999999556, 0.8750000000000001110 ) ) ;
#925 = CARTESIAN_POINT ( 'NONE',  ( -2.125000000000000000, -1.328699999999999992, -1.249999999999999778 ) ) ;
#926 = VERTEX_POINT ( 'NONE', #1718 ) ;
#927 = EDGE_LOOP ( 'NONE', ( #625, #445 ) ) ;
#928 = EDGE_LOOP ( 'NONE', ( #50, #1732, #267, #158 ) ) ;
#929 = CARTESIAN_POINT ( 'NONE',  ( -2.125000000000000000, -1.328699999999999992, -1.131899999999999684 ) ) ;
#930 = CARTESIAN_POINT ( 'NONE',  ( -2.125000000000000000, -1.250000000000000000, -1.249999999999999778 ) ) ;
#931 = VECTOR ( 'NONE', #971, 39.37007874015748143 ) ;
#932 = ORIENTED_EDGE ( 'NONE', *, *, #255, .T. ) ;
#933 = DIRECTION ( 'NONE',  ( 0.000000000000000000, 0.000000000000000000, 1.000000000000000000 ) ) ;
#934 = FACE_OUTER_BOUND ( 'NONE', #1183, .T. ) ;
#935 = ORIENTED_EDGE ( 'NONE', *, *, #922, .T. ) ;
#936 = AXIS2_PLACEMENT_3D ( 'NONE', #1216, #787, #1081 ) ;
#937 = LINE ( 'NONE', #1492, #678 ) ;
#938 = DIRECTION ( 'NONE',  ( 0.000000000000000000, 0.000000000000000000, 1.000000000000000000 ) ) ;
#939 = ORIENTED_EDGE ( 'NONE', *, *, #329, .F. ) ;
#940 = DIRECTION ( 'NONE',  ( 0.000000000000000000, 1.000000000000000000, 0.000000000000000000 ) ) ;
#941 = FACE_BOUND ( 'NONE', #928, .T. ) ;
#942 = ORIENTED_EDGE ( 'NONE', *, *, #1691, .T. ) ;
#943 = FACE_BOUND ( 'NONE', #1322, .T. ) ;
#944 = ADVANCED_FACE ( 'NONE', ( #600 ), #895, .F. ) ;
#945 = EDGE_CURVE ( 'NONE', #1461, #1754, #316, .T. ) ;
#946 = AXIS2_PLACEMENT_3D ( 'NONE', #1242, #454, #579 ) ;
#947 = PLANE ( 'NONE',  #1399 ) ;
#948 = ORIENTED_EDGE ( 'NONE', *, *, #746, .T. ) ;
#949 = VECTOR ( 'NONE', #1608, 39.37007874015748143 ) ;
#950 = CARTESIAN_POINT ( 'NONE',  ( -1.925000000000000044, -1.500000000000000222, -1.449999999999999734 ) ) ;
#951 = EDGE_LOOP ( 'NONE', ( #240, #413, #112, #237 ) ) ;
#952 = AXIS2_PLACEMENT_3D ( 'NONE', #862, #67, #1710 ) ;
#953 = CARTESIAN_POINT ( 'NONE',  ( -2.125000000000000000, -1.250000000000000000, -1.249999999999999778 ) ) ;
#954 = ADVANCED_FACE ( 'NONE', ( #1006 ), #468, .F. ) ;
#955 = CARTESIAN_POINT ( 'NONE',  ( 2.125000000000000000, -1.500000000000000222, 1.049999999999999822 ) ) ;
#956 = LENGTH_MEASURE_WITH_UNIT ( LENGTH_MEASURE( 0.02539999999999999897 ), #138 );
#957 = VERTEX_POINT ( 'NONE', #628 ) ;
#958 = VECTOR ( 'NONE', #520, 39.37007874015748854 ) ;
#959 = FACE_OUTER_BOUND ( 'NONE', #890, .T. ) ;
#960 = ORIENTED_EDGE ( 'NONE', *, *, #966, .F. ) ;
#961 = CARTESIAN_POINT ( 'NONE',  ( -0.7283464549999998372, 0.2999999999999999889, -0.8858267718503934907 ) ) ;
#962 = EDGE_CURVE ( 'NONE', #428, #755, #1177, .T. ) ;
#963 = DIRECTION ( 'NONE',  ( 0.000000000000000000, 1.000000000000000000, 0.000000000000000000 ) ) ;
#964 = SHAPE_DEFINITION_REPRESENTATION ( #1400, #1133 ) ;
#965 = ORIENTED_EDGE ( 'NONE', *, *, #1053, .T. ) ;
#966 = EDGE_CURVE ( 'NONE', #1326, #1426, #190, .T. ) ;
#967 = PLANE ( 'NONE',  #1031 ) ;
#968 = ORIENTED_EDGE ( 'NONE', *, *, #373, .F. ) ;
#969 = DIRECTION ( 'NONE',  ( -9.420165495394013011E-17, 1.170791997284683990E-16, 1.000000000000000000 ) ) ;
#970 = CIRCLE ( 'NONE', #456, 0.1999999999999999278 ) ;
#971 = DIRECTION ( 'NONE',  ( 0.000000000000000000, 0.000000000000000000, 1.000000000000000000 ) ) ;
#972 = CARTESIAN_POINT ( 'NONE',  ( 2.125000000000000000, -1.250000000000000000, 1.249999999999999778 ) ) ;
#973 = VERTEX_POINT ( 'NONE', #339 ) ;
#974 = LINE ( 'NONE', #1118, #859 ) ;
#975 = EDGE_CURVE ( 'NONE', #1736, #601, #739, .T. ) ;
#976 = ORIENTED_EDGE ( 'NONE', *, *, #47, .F. ) ;
#977 = LINE ( 'NONE', #1112, #511 ) ;
#978 = DIRECTION ( 'NONE',  ( -0.000000000000000000, -1.000000000000000000, -0.000000000000000000 ) ) ;
#979 = CARTESIAN_POINT ( 'NONE',  ( 0.000000000000000000, 0.000000000000000000, 0.000000000000000000 ) ) ;
#980 = ORIENTED_EDGE ( 'NONE', *, *, #1491, .T. ) ;
#981 = DIRECTION ( 'NONE',  ( 0.000000000000000000, -1.000000000000000000, 0.000000000000000000 ) ) ;
#982 = ORIENTED_EDGE ( 'NONE', *, *, #411, .F. ) ;
#983 = EDGE_CURVE ( 'NONE', #333, #926, #49, .T. ) ;
#984 = DIRECTION ( 'NONE',  ( 1.000000000000000000, -0.000000000000000000, -0.000000000000000000 ) ) ;
#985 = VECTOR ( 'NONE', #1456, 39.37007874015748143 ) ;
#986 = CYLINDRICAL_SURFACE ( 'NONE', #1630, 0.1999999999999999278 ) ;
#987 = DATE_AND_TIME ( #839, #537 ) ;
#988 = ORIENTED_EDGE ( 'NONE', *, *, #1549, .T. ) ;
#989 = AXIS2_PLACEMENT_3D ( 'NONE', #1121, #1253, #19 ) ;
#990 = CARTESIAN_POINT ( 'NONE',  ( 1.625000000000000000, -1.499999999999999556, 0.8750000000000001110 ) ) ;
#991 = ORIENTED_EDGE ( 'NONE', *, *, #1146, .F. ) ;
#992 = LINE ( 'NONE', #46, #881 ) ;
#993 = EDGE_CURVE ( 'NONE', #1434, #279, #811, .T. ) ;
#994 = ADVANCED_FACE ( 'NONE', ( #1440 ), #1471, .T. ) ;
#995 = CARTESIAN_POINT ( 'NONE',  ( 0.8267716518503942513, 0.000000000000000000, 0.000000000000000000 ) ) ;
#996 = APPROVAL_STATUS ( 'not_yet_approved' ) ;
#997 = AXIS2_PLACEMENT_3D ( 'NONE', #424, #1388, #933 ) ;
#998 = ORIENTED_EDGE ( 'NONE', *, *, #141, .F. ) ;
#999 = CARTESIAN_POINT ( 'NONE',  ( -2.125000000000000000, -1.500000000000000222, -1.049999999999999822 ) ) ;
#1000 = VECTOR ( 'NONE', #465, 39.37007874015748143 ) ;
#1001 = CARTESIAN_POINT ( 'NONE',  ( 1.625000000000000222, -1.500000000000000222, -1.449999999999999734 ) ) ;
#1002 = FACE_BOUND ( 'NONE', #1395, .T. ) ;
#1003 = AXIS2_PLACEMENT_3D ( 'NONE', #1357, #1089, #1609 ) ;
#1004 = VECTOR ( 'NONE', #1588, 39.37007874015748143 ) ;
#1005 = EDGE_CURVE ( 'NONE', #1339, #1661, #1729, .T. ) ;
#1006 = FACE_OUTER_BOUND ( 'NONE', #1174, .T. ) ;
#1007 = VERTEX_POINT ( 'NONE', #1614 ) ;
#1008 = CARTESIAN_POINT ( 'NONE',  ( 1.925000000000000044, -1.499999999999999778, -0.8749999999999997780 ) ) ;
#1009 = CARTESIAN_POINT ( 'NONE',  ( -1.925000000000000044, 0.2999999999999999889, 1.449999999999999734 ) ) ;
#1010 = DIRECTION ( 'NONE',  ( 0.000000000000000000, 1.000000000000000000, 0.000000000000000000 ) ) ;
#1011 = CARTESIAN_POINT ( 'NONE',  ( -2.125000000000000000, -1.500000000000000222, -1.309999999999999609 ) ) ;
#1012 = VECTOR ( 'NONE', #1478, 39.37007874015748143 ) ;
#1013 = CIRCLE ( 'NONE', #529, 0.1999999999999997891 ) ;
#1014 = CARTESIAN_POINT ( 'NONE',  ( -2.125000000000000000, -1.500000000000000222, -1.049999999999999822 ) ) ;
#1015 = ORIENTED_EDGE ( 'NONE', *, *, #1106, .T. ) ;
#1016 = EDGE_CURVE ( 'NONE', #90, #369, #1043, .T. ) ;
#1017 = LINE ( 'NONE', #1571, #1324 ) ;
#1018 = CARTESIAN_POINT ( 'NONE',  ( 2.125000000000000000, -1.328699999999999992, 1.249999999999999778 ) ) ;
#1019 = ADVANCED_FACE ( 'NONE', ( #382 ), #1335, .F. ) ;
#1020 = CARTESIAN_POINT ( 'NONE',  ( 2.125000000000000000, -1.328699999999999992, 1.249999999999999778 ) ) ;
#1021 = DIRECTION ( 'NONE',  ( 0.000000000000000000, -1.000000000000000000, 0.000000000000000000 ) ) ;
#1022 = DIRECTION ( 'NONE',  ( -0.000000000000000000, -1.000000000000000000, -0.000000000000000000 ) ) ;
#1023 = VERTEX_POINT ( 'NONE', #513 ) ;
#1024 = CARTESIAN_POINT ( 'NONE',  ( -1.744805304144245567E-16, -0.000000000000000000, -1.056102365000000098 ) ) ;
#1025 = CARTESIAN_POINT ( 'NONE',  ( 0.7283464550000001703, 0.2999999999999999889, 0.6889763781496059947 ) ) ;
#1026 = AXIS2_PLACEMENT_3D ( 'NONE', #1215, #1763, #126 ) ;
#1027 = ADVANCED_FACE ( 'NONE', ( #1739 ), #504, .F. ) ;
#1028 = CARTESIAN_POINT ( 'NONE',  ( -0.7283464549999998372, 0.000000000000000000, 0.7874015749999999647 ) ) ;
#1029 = DIRECTION ( 'NONE',  ( 9.420165495394011778E-17, -0.000000000000000000, -1.000000000000000000 ) ) ;
#1030 = ORIENTED_EDGE ( 'NONE', *, *, #1262, .T. ) ;
#1031 = AXIS2_PLACEMENT_3D ( 'NONE', #1272, #309, #692 ) ;
#1032 = DIRECTION ( 'NONE',  ( -0.000000000000000000, -1.000000000000000000, -0.000000000000000000 ) ) ;
#1033 = VECTOR ( 'NONE', #1747, 39.37007874015748143 ) ;
#1034 = ORIENTED_EDGE ( 'NONE', *, *, #512, .F. ) ;
#1035 = ORIENTED_EDGE ( 'NONE', *, *, #1245, .F. ) ;
#1036 = FACE_OUTER_BOUND ( 'NONE', #638, .T. ) ;
#1037 = EDGE_LOOP ( 'NONE', ( #1648, #296, #545, #71 ) ) ;
#1038 = DIRECTION ( 'NONE',  ( -0.000000000000000000, -1.000000000000000000, -0.000000000000000000 ) ) ;
#1039 = CARTESIAN_POINT ( 'NONE',  ( -2.125000000000000000, -1.328699999999999992, -1.368100000000000094 ) ) ;
#1040 = ORIENTED_EDGE ( 'NONE', *, *, #726, .F. ) ;
#1041 = EDGE_CURVE ( 'NONE', #572, #235, #774, .T. ) ;
#1042 = EDGE_CURVE ( 'NONE', #1383, #1194, #1325, .T. ) ;
#1043 = LINE ( 'NONE', #360, #1268 ) ;
#1044 = ORIENTED_EDGE ( 'NONE', *, *, #908, .F. ) ;
#1045 = VECTOR ( 'NONE', #759, 39.37007874015748143 ) ;
#1046 = CARTESIAN_POINT ( 'NONE',  ( -1.625000000000000000, -1.500000000000000222, 1.450000000000000178 ) ) ;
#1047 = ORIENTED_EDGE ( 'NONE', *, *, #1230, .T. ) ;
#1048 = CARTESIAN_POINT ( 'NONE',  ( 2.125000000000000000, -1.500000000000000222, 1.249999999999999778 ) ) ;
#1049 = CARTESIAN_POINT ( 'NONE',  ( 1.925000000000000044, -0.2500000000000000000, -0.8750000000000001110 ) ) ;
#1050 = ORIENTED_EDGE ( 'NONE', *, *, #1746, .T. ) ;
#1051 = ORIENTED_EDGE ( 'NONE', *, *, #558, .F. ) ;
#1052 = PERSON ( 'UNSPECIFIED', 'UNSPECIFIED', 'UNSPECIFIED', ('UNSPECIFIED'), ('UNSPECIFIED'), ('UNSPECIFIED') ) ;
#1053 = EDGE_CURVE ( 'NONE', #514, #1554, #1334, .T. ) ;
#1054 = CARTESIAN_POINT ( 'NONE',  ( -2.125000000000000000, -1.250000000000000000, -1.049999999999999822 ) ) ;
#1055 = ORIENTED_EDGE ( 'NONE', *, *, #1779, .F. ) ;
#1056 = LINE ( 'NONE', #1616, #1454 ) ;
#1057 = DIRECTION ( 'NONE',  ( 0.000000000000000000, 1.000000000000000000, 0.000000000000000000 ) ) ;
#1058 = ORIENTED_EDGE ( 'NONE', *, *, #285, .T. ) ;
#1059 = DIRECTION ( 'NONE',  ( 0.000000000000000000, 0.000000000000000000, -1.000000000000000000 ) ) ;
#1060 = CYLINDRICAL_SURFACE ( 'NONE', #1423, 0.1181000000000001632 ) ;
#1062 = ORIENTED_EDGE ( 'NONE', *, *, #648, .F. ) ;
#1061 = VECTOR ( 'NONE', #1233, 39.37007874015748143 ) ;
#1063 = CARTESIAN_POINT ( 'NONE',  ( 2.125000000000000000, -1.250000000000000000, 1.049999999999999822 ) ) ;
#1064 = ORIENTED_EDGE ( 'NONE', *, *, #1207, .T. ) ;
#1065 = EDGE_CURVE ( 'NONE', #651, #816, #94, .T. ) ;
#1066 = DIRECTION ( 'NONE',  ( -0.000000000000000000, 1.000000000000000000, -0.000000000000000000 ) ) ;
#1067 = ORIENTED_EDGE ( 'NONE', *, *, #98, .F. ) ;
#1068 = CARTESIAN_POINT ( 'NONE',  ( 0.8267716518503942513, 0.000000000000000000, -1.306102365000000098 ) ) ;
#1069 = DIRECTION ( 'NONE',  ( -0.000000000000000000, 1.000000000000000000, -0.000000000000000000 ) ) ;
#1070 = VERTEX_POINT ( 'NONE', #1291 ) ;
#1071 = PLANE ( 'NONE',  #1696 ) ;
#1072 = APPLICATION_PROTOCOL_DEFINITION ( 'international standard', 'config_control_design', 1994, #1172 ) ;
#1073 = AXIS2_PLACEMENT_3D ( 'NONE', #232, #1477, #1580 ) ;
#1074 = ORIENTED_EDGE ( 'NONE', *, *, #1480, .T. ) ;
#1075 = PLANE ( 'NONE',  #771 ) ;
#1076 = DIRECTION ( 'NONE',  ( -0.000000000000000000, 0.000000000000000000, 1.000000000000000000 ) ) ;
#1077 = EDGE_CURVE ( 'NONE', #369, #1490, #1601, .T. ) ;
#1078 = EDGE_LOOP ( 'NONE', ( #734, #976, #693, #1719 ) ) ;
#1079 = DIRECTION ( 'NONE',  ( 1.000000000000000000, 0.000000000000000000, 1.652117599551294981E-16 ) ) ;
#1080 = VECTOR ( 'NONE', #561, 39.37007874015748143 ) ;
#1081 = DIRECTION ( 'NONE',  ( 0.000000000000000000, 0.000000000000000000, 1.000000000000000000 ) ) ;
#1082 = EDGE_LOOP ( 'NONE', ( #630, #134, #1247, #1751 ) ) ;
#1083 = FACE_BOUND ( 'NONE', #1677, .T. ) ;
#1084 = EDGE_LOOP ( 'NONE', ( #1441, #1261, #151, #968 ) ) ;
#1085 = EDGE_CURVE ( 'NONE', #78, #1180, #1153, .T. ) ;
#1086 = CARTESIAN_POINT ( 'NONE',  ( 1.625000000000000222, 0.000000000000000000, -1.449999999999999734 ) ) ;
#1087 = VECTOR ( 'NONE', #588, 39.37007874015748143 ) ;
#1088 = DIRECTION ( 'NONE',  ( -0.000000000000000000, -1.000000000000000000, -0.000000000000000000 ) ) ;
#1089 = DIRECTION ( 'NONE',  ( 0.000000000000000000, -1.000000000000000000, 0.000000000000000000 ) ) ;
#1090 =( GEOMETRIC_REPRESENTATION_CONTEXT ( 3 ) GLOBAL_UNCERTAINTY_ASSIGNED_CONTEXT ( ( #1099 ) ) GLOBAL_UNIT_ASSIGNED_CONTEXT ( ( #121, #653, #1373 ) ) REPRESENTATION_CONTEXT ( 'NONE', 'WORKASPACE' ) );
#1091 = ORIENTED_EDGE ( 'NONE', *, *, #1284, .F. ) ;
#1092 = AXIS2_PLACEMENT_3D ( 'NONE', #44, #1141, #464 ) ;
#1093 = DIRECTION ( 'NONE',  ( 1.000000000000000000, 0.000000000000000000, 0.000000000000000000 ) ) ;
#1094 = VERTEX_POINT ( 'NONE', #366 ) ;
#1095 = CYLINDRICAL_SURFACE ( 'NONE', #1026, 0.09842519685039406718 ) ;
#1096 = EDGE_CURVE ( 'NONE', #1775, #283, #1171, .T. ) ;
#1097 = EDGE_CURVE ( 'NONE', #362, #1169, #467, .T. ) ;
#1098 = LINE ( 'NONE', #1542, #1160 ) ;
#1099 = UNCERTAINTY_MEASURE_WITH_UNIT (LENGTH_MEASURE( 1.000000000000000082E-05 ), #121, 'distance_accuracy_value', 'NONE');
#1100 = VERTEX_POINT ( 'NONE', #876 ) ;
#1101 = CIRCLE ( 'NONE', #96, 0.09842519685039351207 ) ;
#1102 = VECTOR ( 'NONE', #1604, 39.37007874015748143 ) ;
#1103 = LINE ( 'NONE', #718, #170 ) ;
#1104 = VERTEX_POINT ( 'NONE', #203 ) ;
#1105 = DIRECTION ( 'NONE',  ( -0.000000000000000000, -0.000000000000000000, -1.000000000000000000 ) ) ;
#1106 = EDGE_CURVE ( 'NONE', #1070, #1498, #1734, .T. ) ;
#1107 = DIRECTION ( 'NONE',  ( 0.7071067811865445751, -0.7071067811865503483, 0.000000000000000000 ) ) ;
#1108 = CARTESIAN_POINT ( 'NONE',  ( -2.125000000000000000, -1.328699999999999992, -1.131899999999999684 ) ) ;
#1109 = VERTEX_POINT ( 'NONE', #745 ) ;
#1110 = LINE ( 'NONE', #571, #340 ) ;
#1111 = ORIENTED_EDGE ( 'NONE', *, *, #1230, .F. ) ;
#1112 = CARTESIAN_POINT ( 'NONE',  ( -1.925000000000000044, -1.500000000000000222, 1.449999999999999734 ) ) ;
#1113 = VECTOR ( 'NONE', #984, 39.37007874015748143 ) ;
#1114 = CARTESIAN_POINT ( 'NONE',  ( -1.625000000000000000, -1.500000000000000222, -1.449999999999999734 ) ) ;
#1115 = ORIENTED_EDGE ( 'NONE', *, *, #1714, .T. ) ;
#1116 = ADVANCED_FACE ( 'NONE', ( #781 ), #1724, .F. ) ;
#1117 = VECTOR ( 'NONE', #1256, 39.37007874015748143 ) ;
#1118 = CARTESIAN_POINT ( 'NONE',  ( 1.925000000000000044, -1.500000000000000222, 1.449999999999999734 ) ) ;
#1119 = VERTEX_POINT ( 'NONE', #195 ) ;
#1120 = DIRECTION ( 'NONE',  ( 0.000000000000000000, -1.000000000000000000, 0.000000000000000000 ) ) ;
#1121 = CARTESIAN_POINT ( 'NONE',  ( 0.000000000000000000, -1.500000000000000222, 0.000000000000000000 ) ) ;
#1122 = PERSON_AND_ORGANIZATION ( #1052, #408 ) ;
#1123 = VERTEX_POINT ( 'NONE', #901 ) ;
#1124 = CARTESIAN_POINT ( 'NONE',  ( -2.125000000000000000, -1.250000000000000000, -1.449999999999999512 ) ) ;
#1125 = CARTESIAN_POINT ( 'NONE',  ( -0.8267716518503933631, -0.000000000000000000, 0.000000000000000000 ) ) ;
#1126 = DIRECTION ( 'NONE',  ( 9.420165495394013011E-17, 0.000000000000000000, -1.000000000000000000 ) ) ;
#1127 = EDGE_CURVE ( 'NONE', #973, #1605, #209, .T. ) ;
#1128 = VECTOR ( 'NONE', #85, 39.37007874015748143 ) ;
#1129 = PRODUCT_RELATED_PRODUCT_CATEGORY ( 'detail', '', ( #163 ) ) ;
#1130 = FACE_OUTER_BOUND ( 'NONE', #654, .T. ) ;
#1131 = MECHANICAL_CONTEXT ( 'NONE', #1172, 'mechanical' ) ;
#1132 = VERTEX_POINT ( 'NONE', #1709 ) ;
#1133 = ADVANCED_BREP_SHAPE_REPRESENTATION ( 'OptoMount3.0', ( #1755, #313 ), #1090 ) ;
#1134 = PLANE ( 'NONE',  #1641 ) ;
#1135 = CARTESIAN_POINT ( 'NONE',  ( -1.625000000000000000, -1.500000000000000222, 0.8750000000000001110 ) ) ;
#1136 = CARTESIAN_POINT ( 'NONE',  ( 0.7283464550000001703, 0.2999999999999999889, 0.8858267718503941568 ) ) ;
#1137 = ADVANCED_FACE ( 'NONE', ( #221 ), #637, .F. ) ;
#1138 = CARTESIAN_POINT ( 'NONE',  ( 0.7283464550000001703, 0.000000000000000000, 0.8858267718503941568 ) ) ;
#1139 = VECTOR ( 'NONE', #1396, 39.37007874015748143 ) ;
#1140 = ORIENTED_EDGE ( 'NONE', *, *, #1509, .T. ) ;
#1141 = DIRECTION ( 'NONE',  ( 0.000000000000000000, 0.000000000000000000, -1.000000000000000000 ) ) ;
#1142 = LINE ( 'NONE', #1612, #1706 ) ;
#1143 = CARTESIAN_POINT ( 'NONE',  ( -0.8267716518503933631, 0.3000000000000000999, -1.056102365000000098 ) ) ;
#1144 = CC_DESIGN_APPROVAL ( #1738, ( #277 ) ) ;
#1145 = EDGE_CURVE ( 'NONE', #422, #1637, #1566, .T. ) ;
#1146 = EDGE_CURVE ( 'NONE', #1100, #350, #1574, .T. ) ;
#1147 = FACE_OUTER_BOUND ( 'NONE', #1451, .T. ) ;
#1148 = ORIENTED_EDGE ( 'NONE', *, *, #1540, .T. ) ;
#1149 = VERTEX_POINT ( 'NONE', #1039 ) ;
#1150 = PLANE ( 'NONE',  #1092 ) ;
#1151 = PLANE ( 'NONE',  #1391 ) ;
#1152 = LINE ( 'NONE', #744, #1139 ) ;
#1153 = LINE ( 'NONE', #337, #557 ) ;
#1154 = VECTOR ( 'NONE', #1431, 39.37007874015748143 ) ;
#1155 = CARTESIAN_POINT ( 'NONE',  ( -0.7283464549999998372, 0.2999999999999999889, -0.6889763781496064388 ) ) ;
#1156 = ORIENTED_EDGE ( 'NONE', *, *, #87, .F. ) ;
#1157 = EDGE_CURVE ( 'NONE', #1490, #926, #1466, .T. ) ;
#1158 = CARTESIAN_POINT ( 'NONE',  ( -1.925000000000000044, 0.2999999999999999889, -1.449999999999999734 ) ) ;
#1159 = VERTEX_POINT ( 'NONE', #883 ) ;
#1160 = VECTOR ( 'NONE', #963, 39.37007874015748143 ) ;
#1161 = DIRECTION ( 'NONE',  ( -0.000000000000000000, -1.000000000000000000, -0.000000000000000000 ) ) ;
#1162 = DIRECTION ( 'NONE',  ( 0.000000000000000000, 1.000000000000000000, -2.185478394931410821E-16 ) ) ;
#1163 = ORIENTED_EDGE ( 'NONE', *, *, #1042, .F. ) ;
#1164 = VECTOR ( 'NONE', #1265, 39.37007874015748143 ) ;
#1165 = DIRECTION ( 'NONE',  ( 0.000000000000000000, 0.000000000000000000, 1.000000000000000000 ) ) ;
#1166 = VERTEX_POINT ( 'NONE', #1011 ) ;
#1167 = DIRECTION ( 'NONE',  ( 0.000000000000000000, -1.000000000000000000, 0.000000000000000000 ) ) ;
#1168 = ADVANCED_FACE ( 'NONE', ( #624 ), #1568, .F. ) ;
#1169 = VERTEX_POINT ( 'NONE', #481 ) ;
#1170 = FACE_OUTER_BOUND ( 'NONE', #318, .T. ) ;
#1171 = LINE ( 'NONE', #356, #127 ) ;
#1172 = APPLICATION_CONTEXT ( 'configuration controlled 3d designs of mechanical parts and assemblies' ) ;
#1173 = ORIENTED_EDGE ( 'NONE', *, *, #410, .T. ) ;
#1174 = EDGE_LOOP ( 'NONE', ( #1535, #761, #521, #907 ) ) ;
#1175 = VECTOR ( 'NONE', #1250, 39.37007874015748143 ) ;
#1176 = VECTOR ( 'NONE', #1704, 39.37007874015748143 ) ;
#1177 = LINE ( 'NONE', #1425, #887 ) ;
#1178 = ORIENTED_EDGE ( 'NONE', *, *, #1662, .F. ) ;
#1179 = DIRECTION ( 'NONE',  ( 0.000000000000000000, -0.000000000000000000, 1.000000000000000000 ) ) ;
#1180 = VERTEX_POINT ( 'NONE', #346 ) ;
#1181 = LINE ( 'NONE', #791, #789 ) ;
#1182 = DIRECTION ( 'NONE',  ( 0.7071067811865445751, 0.7071067811865503483, -0.000000000000000000 ) ) ;
#1183 = EDGE_LOOP ( 'NONE', ( #505, #1486, #1528, #299 ) ) ;
#1184 = ORIENTED_EDGE ( 'NONE', *, *, #813, .F. ) ;
#1185 = EDGE_CURVE ( 'NONE', #226, #291, #1483, .T. ) ;
#1186 = CC_DESIGN_PERSON_AND_ORGANIZATION_ASSIGNMENT ( #831, #567, ( #548 ) ) ;
#1187 = AXIS2_PLACEMENT_3D ( 'NONE', #801, #1350, #1761 ) ;
#1188 = CARTESIAN_POINT ( 'NONE',  ( -0.8267716518503933631, -1.500000000000000222, -1.056102365000000098 ) ) ;
#1189 = ORIENTED_EDGE ( 'NONE', *, *, #29, .F. ) ;
#1190 = FACE_OUTER_BOUND ( 'NONE', #784, .T. ) ;
#1191 = EDGE_LOOP ( 'NONE', ( #980, #498, #758, #212 ) ) ;
#1192 = DIRECTION ( 'NONE',  ( 0.000000000000000000, 1.000000000000000000, -0.000000000000000000 ) ) ;
#1193 = CARTESIAN_POINT ( 'NONE',  ( -2.125000000000000000, -1.250000000000000000, -1.368100000000000094 ) ) ;
#1194 = VERTEX_POINT ( 'NONE', #211 ) ;
#1195 = ORIENTED_EDGE ( 'NONE', *, *, #729, .T. ) ;
#1196 = ADVANCED_FACE ( 'NONE', ( #760 ), #1591, .F. ) ;
#1197 = DIRECTION ( 'NONE',  ( 0.000000000000000000, 0.000000000000000000, -1.000000000000000000 ) ) ;
#1198 = ORIENTED_EDGE ( 'NONE', *, *, #1657, .T. ) ;
#1199 = DIRECTION ( 'NONE',  ( -0.000000000000000000, 1.000000000000000000, -0.000000000000000000 ) ) ;
#1200 = EDGE_LOOP ( 'NONE', ( #538, #486, #293, #1646 ) ) ;
#1201 = DIRECTION ( 'NONE',  ( 1.652117599551294981E-16, 0.000000000000000000, -1.000000000000000000 ) ) ;
#1202 = CARTESIAN_POINT ( 'NONE',  ( -2.125000000000000000, -1.250000000000000000, -1.189999999999999947 ) ) ;
#1203 = VERTEX_POINT ( 'NONE', #242 ) ;
#1205 = ORIENTED_EDGE ( 'NONE', *, *, #705, .F. ) ;
#1204 = CIRCLE ( 'NONE', #997, 0.1181000000000001632 ) ;
#1206 = EDGE_LOOP ( 'NONE', ( #383, #779, #1140, #390, #361, #510 ) ) ;
#1207 = EDGE_CURVE ( 'NONE', #106, #431, #1181, .T. ) ;
#1208 = CARTESIAN_POINT ( 'NONE',  ( -1.925000000000000044, 0.2999999999999999889, 1.449999999999999734 ) ) ;
#1209 = AXIS2_PLACEMENT_3D ( 'NONE', #1692, #593, #877 ) ;
#1210 = DIRECTION ( 'NONE',  ( 0.000000000000000000, -1.000000000000000000, 0.000000000000000000 ) ) ;
#1211 = ORIENTED_EDGE ( 'NONE', *, *, #813, .T. ) ;
#1212 = CARTESIAN_POINT ( 'NONE',  ( -0.8267716518503933631, 0.2999999999999999889, -1.306102365000000320 ) ) ;
#1213 = LINE ( 'NONE', #1488, #322 ) ;
#1214 = ORIENTED_EDGE ( 'NONE', *, *, #1722, .T. ) ;
#1215 = CARTESIAN_POINT ( 'NONE',  ( 0.7283464550000001703, 0.2999999999999999889, -0.7874015750000000757 ) ) ;
#1216 = CARTESIAN_POINT ( 'NONE',  ( 2.125000000000000000, -1.250000000000000000, 1.249999999999999778 ) ) ;
#1217 = CARTESIAN_POINT ( 'NONE',  ( 1.925000000000000044, -0.2500000000000000000, -0.8750000000000001110 ) ) ;
#1218 = AXIS2_PLACEMENT_3D ( 'NONE', #924, #1465, #1296 ) ;
#1219 = ADVANCED_FACE ( 'NONE', ( #780, #1611 ), #1590, .T. ) ;
#1220 = ORIENTED_EDGE ( 'NONE', *, *, #1722, .F. ) ;
#1221 = LINE ( 'NONE', #837, #1235 ) ;
#1222 = PLANE ( 'NONE',  #641 ) ;
#1223 = VERTEX_POINT ( 'NONE', #104 ) ;
#1224 = DIRECTION ( 'NONE',  ( -0.000000000000000000, 1.000000000000000000, -0.000000000000000000 ) ) ;
#1225 = VECTOR ( 'NONE', #978, 39.37007874015748143 ) ;
#1226 = CC_DESIGN_APPROVAL ( #180, ( #548 ) ) ;
#1227 = DIRECTION ( 'NONE',  ( 0.000000000000000000, 0.000000000000000000, 1.000000000000000000 ) ) ;
#1228 = CARTESIAN_POINT ( 'NONE',  ( -0.8267716518503933631, -1.500000000000000222, -1.306102365000000320 ) ) ;
#1229 = ORIENTED_EDGE ( 'NONE', *, *, #39, .T. ) ;
#1230 = EDGE_CURVE ( 'NONE', #1007, #1159, #10, .T. ) ;
#1231 = PLANE ( 'NONE',  #1187 ) ;
#1232 = ORIENTED_EDGE ( 'NONE', *, *, #230, .T. ) ;
#1233 = DIRECTION ( 'NONE',  ( -0.000000000000000000, -1.000000000000000000, -0.000000000000000000 ) ) ;
#1234 = EDGE_CURVE ( 'NONE', #1203, #1094, #1437, .T. ) ;
#1235 = VECTOR ( 'NONE', #11, 39.37007874015748143 ) ;
#1236 = AXIS2_PLACEMENT_3D ( 'NONE', #1404, #60, #193 ) ;
#1237 = FACE_OUTER_BOUND ( 'NONE', #1589, .T. ) ;
#1238 = CARTESIAN_POINT ( 'NONE',  ( 1.625000000000000222, -0.2500000000000000000, -0.8750000000000001110 ) ) ;
#1239 = AXIS2_PLACEMENT_3D ( 'NONE', #1228, #239, #2 ) ;
#1240 = ORIENTED_EDGE ( 'NONE', *, *, #945, .F. ) ;
#1241 = AXIS2_PLACEMENT_3D ( 'NONE', #1280, #487, #1427 ) ;
#1242 = CARTESIAN_POINT ( 'NONE',  ( -0.7283464549999998372, 0.2999999999999999889, 0.7874015749999999647 ) ) ;
#1243 = ORIENTED_EDGE ( 'NONE', *, *, #187, .T. ) ;
#1244 = CARTESIAN_POINT ( 'NONE',  ( -1.925000000000000044, -1.499999999999999556, 0.8750000000000001110 ) ) ;
#1245 = EDGE_CURVE ( 'NONE', #755, #1180, #1013, .T. ) ;
#1246 = LINE ( 'NONE', #1269, #849 ) ;
#1247 = ORIENTED_EDGE ( 'NONE', *, *, #1672, .F. ) ;
#1248 = VECTOR ( 'NONE', #1421, 39.37007874015748143 ) ;
#1249 = VECTOR ( 'NONE', #519, 39.37007874015748143 ) ;
#1250 = DIRECTION ( 'NONE',  ( 0.000000000000000000, -1.170791997284683990E-16, -1.000000000000000000 ) ) ;
#1251 = ORIENTED_EDGE ( 'NONE', *, *, #795, .F. ) ;
#1252 = CARTESIAN_POINT ( 'NONE',  ( -1.744805304144245567E-16, -0.000000000000000000, 1.056102365000000098 ) ) ;
#1253 = DIRECTION ( 'NONE',  ( 0.000000000000000000, 1.000000000000000000, 0.000000000000000000 ) ) ;
#1254 = PERSON_AND_ORGANIZATION ( #1052, #408 ) ;
#1255 = ORIENTED_EDGE ( 'NONE', *, *, #766, .F. ) ;
#1256 = DIRECTION ( 'NONE',  ( 2.058756816686197226E-32, 1.000000000000000000, -2.185478394931411314E-16 ) ) ;
#1257 = ORIENTED_EDGE ( 'NONE', *, *, #683, .T. ) ;
#1258 = CARTESIAN_POINT ( 'NONE',  ( -0.7283464549999998372, 0.2999999999999999889, -0.8858267718503934907 ) ) ;
#1259 = AXIS2_PLACEMENT_3D ( 'NONE', #1698, #161, #330 ) ;
#1260 = DIRECTION ( 'NONE',  ( -1.000000000000000000, 0.000000000000000000, -0.000000000000000000 ) ) ;
#1261 = ORIENTED_EDGE ( 'NONE', *, *, #29, .T. ) ;
#1262 = EDGE_CURVE ( 'NONE', #364, #1166, #442, .T. ) ;
#1263 = VECTOR ( 'NONE', #1537, 39.37007874015748143 ) ;
#1264 = LINE ( 'NONE', #52, #885 ) ;
#1265 = DIRECTION ( 'NONE',  ( 1.000000000000000000, 0.000000000000000000, 0.000000000000000000 ) ) ;
#1266 = CC_DESIGN_DATE_AND_TIME_ASSIGNMENT ( #1543, #426, ( #592 ) ) ;
#1267 = CARTESIAN_POINT ( 'NONE',  ( 2.125000000000000000, -1.328699999999999992, 1.189999999999999947 ) ) ;
#1268 = VECTOR ( 'NONE', #236, 39.37007874015748143 ) ;
#1269 = CARTESIAN_POINT ( 'NONE',  ( 1.925000000000000044, -1.250000000000000000, 1.049999999999999822 ) ) ;
#1270 = COORDINATED_UNIVERSAL_TIME_OFFSET ( 5, 0, .BEHIND. ) ;
#1271 = EDGE_LOOP ( 'NONE', ( #807, #1402 ) ) ;
#1272 = CARTESIAN_POINT ( 'NONE',  ( 1.925000000000000044, -0.2500000000000000000, -0.8750000000000001110 ) ) ;
#1273 = ADVANCED_FACE ( 'NONE', ( #644 ), #1743, .F. ) ;
#1274 = DIRECTION ( 'NONE',  ( 0.000000000000000000, 1.000000000000000000, 0.000000000000000000 ) ) ;
#1275 = PLANE ( 'NONE',  #688 ) ;
#1276 = AXIS2_PLACEMENT_3D ( 'NONE', #1438, #752, #1162 ) ;
#1277 = FACE_OUTER_BOUND ( 'NONE', #1328, .T. ) ;
#1278 = APPROVAL_STATUS ( 'not_yet_approved' ) ;
#1279 = ORIENTED_EDGE ( 'NONE', *, *, #865, .F. ) ;
#1280 = CARTESIAN_POINT ( 'NONE',  ( -0.7283464549999998372, 0.2999999999999999889, -0.7874015749999999647 ) ) ;
#1281 = DIRECTION ( 'NONE',  ( -0.000000000000000000, -1.170791997284683990E-16, -1.000000000000000000 ) ) ;
#1282 = EDGE_CURVE ( 'NONE', #1194, #139, #508, .T. ) ;
#1283 = LINE ( 'NONE', #1258, #370 ) ;
#1284 = EDGE_CURVE ( 'NONE', #386, #1599, #1444, .T. ) ;
#1285 = DIRECTION ( 'NONE',  ( -0.000000000000000000, -1.000000000000000000, -0.000000000000000000 ) ) ;
#1286 = CIRCLE ( 'NONE', #1259, 0.09842519685039406718 ) ;
#1287 = ORIENTED_EDGE ( 'NONE', *, *, #620, .F. ) ;
#1288 = CARTESIAN_POINT ( 'NONE',  ( 2.157834704032069682E-16, 0.2999999999999999889, -1.306102365000000320 ) ) ;
#1289 = DIRECTION ( 'NONE',  ( 0.000000000000000000, 0.000000000000000000, 1.000000000000000000 ) ) ;
#1290 = DIRECTION ( 'NONE',  ( -0.000000000000000000, -1.000000000000000000, -0.000000000000000000 ) ) ;
#1291 = CARTESIAN_POINT ( 'NONE',  ( 1.925000000000000044, -0.2499999999999998057, 0.8750000000000001110 ) ) ;
#1292 = CARTESIAN_POINT ( 'NONE',  ( 0.7283464550000001703, 0.2999999999999999889, -0.7874015750000000757 ) ) ;
#1293 = ORIENTED_EDGE ( 'NONE', *, *, #922, .F. ) ;
#1294 = DIRECTION ( 'NONE',  ( 0.000000000000000000, 0.000000000000000000, -1.000000000000000000 ) ) ;
#1295 = CARTESIAN_POINT ( 'NONE',  ( -1.925000000000000044, -0.2500000000000000000, -0.8750000000000001110 ) ) ;
#1296 = DIRECTION ( 'NONE',  ( 1.000000000000000000, 0.000000000000000000, -0.000000000000000000 ) ) ;
#1297 = DIRECTION ( 'NONE',  ( 0.000000000000000000, 0.000000000000000000, -1.000000000000000000 ) ) ;
#1298 = ORIENTED_EDGE ( 'NONE', *, *, #1562, .T. ) ;
#1299 = VECTOR ( 'NONE', #1029, 39.37007874015748143 ) ;
#1300 = EDGE_CURVE ( 'NONE', #1599, #957, #900, .T. ) ;
#1301 = DIRECTION ( 'NONE',  ( 0.000000000000000000, 0.000000000000000000, -1.000000000000000000 ) ) ;
#1302 = ORIENTED_EDGE ( 'NONE', *, *, #503, .F. ) ;
#1303 = CARTESIAN_POINT ( 'NONE',  ( 2.125000000000000000, -1.250000000000000000, 1.309999999999999609 ) ) ;
#1304 = ORIENTED_EDGE ( 'NONE', *, *, #1145, .F. ) ;
#1305 = VECTOR ( 'NONE', #584, 39.37007874015748143 ) ;
#1306 = LINE ( 'NONE', #623, #271 ) ;
#1307 = CARTESIAN_POINT ( 'NONE',  ( 2.125000000000000000, -1.250000000000000000, 1.249999999999999778 ) ) ;
#1308 = VERTEX_POINT ( 'NONE', #480 ) ;
#1309 = ORIENTED_EDGE ( 'NONE', *, *, #983, .F. ) ;
#1310 = APPROVAL_PERSON_ORGANIZATION ( #435, #1510, #724 ) ;
#1311 = CARTESIAN_POINT ( 'NONE',  ( -0.8267716518503933631, -1.500000000000000222, 1.306102365000000320 ) ) ;
#1312 = ORIENTED_EDGE ( 'NONE', *, *, #753, .T. ) ;
#1313 = AXIS2_PLACEMENT_3D ( 'NONE', #409, #565, #812 ) ;
#1314 = CARTESIAN_POINT ( 'NONE',  ( -0.7283464549999998372, 0.2999999999999999889, 0.8858267718503934907 ) ) ;
#1315 = EDGE_CURVE ( 'NONE', #1605, #973, #470, .T. ) ;
#1316 = ORIENTED_EDGE ( 'NONE', *, *, #1005, .T. ) ;
#1317 = EDGE_CURVE ( 'NONE', #283, #1754, #1318, .T. ) ;
#1318 = LINE ( 'NONE', #1733, #1249 ) ;
#1319 = VECTOR ( 'NONE', #1281, 39.37007874015748143 ) ;
#1320 = DIRECTION ( 'NONE',  ( 0.000000000000000000, 0.000000000000000000, -1.000000000000000000 ) ) ;
#1321 = EDGE_LOOP ( 'NONE', ( #1156, #786, #691, #982 ) ) ;
#1322 = EDGE_LOOP ( 'NONE', ( #1111, #95 ) ) ;
#1323 = VECTOR ( 'NONE', #1338, 39.37007874015748143 ) ;
#1324 = VECTOR ( 'NONE', #200, 39.37007874015748143 ) ;
#1325 = LINE ( 'NONE', #89, #391 ) ;
#1326 = VERTEX_POINT ( 'NONE', #1068 ) ;
#1327 = CARTESIAN_POINT ( 'NONE',  ( -1.974999999999999867, -1.250000000000000000, -1.049999999999999822 ) ) ;
#1328 = EDGE_LOOP ( 'NONE', ( #796, #942, #1619, #1336 ) ) ;
#1329 = EDGE_CURVE ( 'NONE', #1613, #748, #1620, .T. ) ;
#1330 = CARTESIAN_POINT ( 'NONE',  ( -0.8267716518503933631, -1.500000000000000222, -1.306102365000000320 ) ) ;
#1331 = DIRECTION ( 'NONE',  ( 1.000000000000000000, 0.000000000000000000, 0.000000000000000000 ) ) ;
#1332 = ORIENTED_EDGE ( 'NONE', *, *, #1106, .F. ) ;
#1333 = CIRCLE ( 'NONE', #731, 0.1181000000000001632 ) ;
#1334 = CIRCLE ( 'NONE', #325, 0.09842519685039351207 ) ;
#1335 = PLANE ( 'NONE',  #499 ) ;
#1336 = ORIENTED_EDGE ( 'NONE', *, *, #1714, .F. ) ;
#1337 = LINE ( 'NONE', #1774, #615 ) ;
#1338 = DIRECTION ( 'NONE',  ( 0.000000000000000000, -1.000000000000000000, 0.000000000000000000 ) ) ;
#1339 = VERTEX_POINT ( 'NONE', #210 ) ;
#1340 = DIRECTION ( 'NONE',  ( 0.000000000000000000, 0.000000000000000000, 1.000000000000000000 ) ) ;
#1341 = CARTESIAN_POINT ( 'NONE',  ( 1.925000000000000044, -0.2499999999999998057, 0.8750000000000001110 ) ) ;
#1342 = ORIENTED_EDGE ( 'NONE', *, *, #659, .T. ) ;
#1343 = ORIENTED_EDGE ( 'NONE', *, *, #440, .T. ) ;
#1344 = EDGE_CURVE ( 'NONE', #1339, #1610, #84, .T. ) ;
#1345 = EDGE_CURVE ( 'NONE', #431, #1223, #1306, .T. ) ;
#1346 = ORIENTED_EDGE ( 'NONE', *, *, #1500, .F. ) ;
#1347 = DIRECTION ( 'NONE',  ( -1.000000000000000000, -0.000000000000000000, -0.000000000000000000 ) ) ;
#1348 = ORIENTED_EDGE ( 'NONE', *, *, #145, .F. ) ;
#1349 = CARTESIAN_POINT ( 'NONE',  ( -1.625000000000000000, 0.000000000000000000, -1.449999999999999734 ) ) ;
#1350 = DIRECTION ( 'NONE',  ( 1.000000000000000000, 0.000000000000000000, -0.000000000000000000 ) ) ;
#1352 = ORIENTED_EDGE ( 'NONE', *, *, #1639, .F. ) ;
#1351 = AXIS2_PLACEMENT_3D ( 'NONE', #152, #263, #416 ) ;
#1353 = VECTOR ( 'NONE', #70, 39.37007874015748143 ) ;
#1354 = ADVANCED_FACE ( 'NONE', ( #1170 ), #1723, .F. ) ;
#1355 = LINE ( 'NONE', #120, #392 ) ;
#1356 = VECTOR ( 'NONE', #349, 39.37007874015748143 ) ;
#1357 = CARTESIAN_POINT ( 'NONE',  ( -2.125000000000000000, -1.500000000000000222, -1.249999999999999778 ) ) ;
#1358 = ORIENTED_EDGE ( 'NONE', *, *, #458, .F. ) ;
#1359 = CARTESIAN_POINT ( 'NONE',  ( -1.925000000000000044, -1.199999999999999956, 1.449999999999999734 ) ) ;
#1360 = LINE ( 'NONE', #1629, #417 ) ;
#1361 = ORIENTED_EDGE ( 'NONE', *, *, #669, .F. ) ;
#1362 = CARTESIAN_POINT ( 'NONE',  ( 1.925000000000000044, -0.2500000000000000000, -0.8750000000000001110 ) ) ;
#1363 = EDGE_CURVE ( 'NONE', #1757, #1119, #911, .T. ) ;
#1364 = FACE_BOUND ( 'NONE', #906, .T. ) ;
#1365 = VECTOR ( 'NONE', #220, 39.37007874015748143 ) ;
#1366 = EDGE_LOOP ( 'NONE', ( #525, #1443, #1205, #902, #1717, #1520, #107, #1721 ) ) ;
#1367 = EDGE_CURVE ( 'NONE', #1169, #586, #800, .T. ) ;
#1368 = CARTESIAN_POINT ( 'NONE',  ( -0.7283464549999998372, 0.2999999999999999889, -0.7874015749999999647 ) ) ;
#1369 = VERTEX_POINT ( 'NONE', #1349 ) ;
#1370 = CARTESIAN_POINT ( 'NONE',  ( -0.7283464549999998372, 0.2999999999999999889, 0.6889763781496064388 ) ) ;
#1371 = LOCAL_TIME ( 12, 9, 19.00000000000000000, #1270 ) ;
#1372 = CARTESIAN_POINT ( 'NONE',  ( -1.625000000000000000, 0.000000000000000000, -1.449999999999999734 ) ) ;
#1373 =( NAMED_UNIT ( * ) SI_UNIT ( $, .STERADIAN. ) SOLID_ANGLE_UNIT ( ) );
#1374 = EDGE_LOOP ( 'NONE', ( #143, #108, #1702, #643 ) ) ;
#1375 = CARTESIAN_POINT ( 'NONE',  ( -2.125000000000000000, -1.250000000000000000, -1.249999999999999778 ) ) ;
#1376 = EDGE_CURVE ( 'NONE', #1159, #1007, #1623, .T. ) ;
#1377 = ORIENTED_EDGE ( 'NONE', *, *, #1606, .T. ) ;
#1378 = DIRECTION ( 'NONE',  ( 1.652117599551294981E-16, 0.000000000000000000, 1.000000000000000000 ) ) ;
#1379 = AXIS2_PLACEMENT_3D ( 'NONE', #169, #720, #1126 ) ;
#1380 = DIMENSIONAL_EXPONENTS ( 1.000000000000000000, 0.000000000000000000, 0.000000000000000000, 0.000000000000000000, 0.000000000000000000, 0.000000000000000000, 0.000000000000000000 ) ;
#1381 = CYLINDRICAL_SURFACE ( 'NONE', #214, 0.09842519685039406718 ) ;
#1382 = DATE_AND_TIME ( #148, #631 ) ;
#1383 = VERTEX_POINT ( 'NONE', #123 ) ;
#1384 = DIRECTION ( 'NONE',  ( -0.000000000000000000, 1.000000000000000000, -0.000000000000000000 ) ) ;
#1385 = VERTEX_POINT ( 'NONE', #1212 ) ;
#1386 = EDGE_CURVE ( 'NONE', #606, #223, #295, .T. ) ;
#1387 = FACE_OUTER_BOUND ( 'NONE', #35, .T. ) ;
#1388 = DIRECTION ( 'NONE',  ( 0.000000000000000000, 1.000000000000000000, 0.000000000000000000 ) ) ;
#1389 = FACE_OUTER_BOUND ( 'NONE', #1206, .T. ) ;
#1390 = COORDINATED_UNIVERSAL_TIME_OFFSET ( 5, 0, .BEHIND. ) ;
#1391 = AXIS2_PLACEMENT_3D ( 'NONE', #857, #1289, #45 ) ;
#1392 = ORIENTED_EDGE ( 'NONE', *, *, #515, .F. ) ;
#1393 = AXIS2_PLACEMENT_3D ( 'NONE', #378, #1715, #751 ) ;
#1394 = CARTESIAN_POINT ( 'NONE',  ( -2.125000000000000000, -1.500000000000000222, -1.189999999999999947 ) ) ;
#1395 = EDGE_LOOP ( 'NONE', ( #1522, #1115 ) ) ;
#1396 = DIRECTION ( 'NONE',  ( -1.000000000000000000, 0.000000000000000000, 1.652117599551294981E-16 ) ) ;
#1397 = APPLICATION_CONTEXT ( 'configuration controlled 3d designs of mechanical parts and assemblies' ) ;
#1398 = EDGE_CURVE ( 'NONE', #855, #1104, #970, .T. ) ;
#1399 = AXIS2_PLACEMENT_3D ( 'NONE', #165, #34, #1 ) ;
#1400 = PRODUCT_DEFINITION_SHAPE ( 'NONE', 'NONE',  #277 ) ;
#1401 = DIRECTION ( 'NONE',  ( -0.000000000000000000, 1.000000000000000000, -0.000000000000000000 ) ) ;
#1402 = ORIENTED_EDGE ( 'NONE', *, *, #1053, .F. ) ;
#1403 = DIRECTION ( 'NONE',  ( 0.000000000000000000, -1.000000000000000000, 0.000000000000000000 ) ) ;
#1404 = CARTESIAN_POINT ( 'NONE',  ( -0.8267716518503933631, -1.500000000000000222, 1.056102365000000098 ) ) ;
#1405 = CIRCLE ( 'NONE', #75, 0.1999999999999999278 ) ;
#1406 = PLANE ( 'NONE',  #1379 ) ;
#1407 = ADVANCED_FACE ( 'NONE', ( #1658, #1627 ), #1075, .T. ) ;
#1408 = CARTESIAN_POINT ( 'NONE',  ( 0.7283464550000001703, 0.000000000000000000, 0.7874015750000000757 ) ) ;
#1409 = SECURITY_CLASSIFICATION_LEVEL ( 'unclassified' ) ;
#1410 = ORIENTED_EDGE ( 'NONE', *, *, #1085, .T. ) ;
#1411 = VECTOR ( 'NONE', #1403, 39.37007874015748143 ) ;
#1412 = DIRECTION ( 'NONE',  ( -0.000000000000000000, -1.000000000000000000, -0.000000000000000000 ) ) ;
#1413 = VECTOR ( 'NONE', #1347, 39.37007874015748143 ) ;
#1414 = CARTESIAN_POINT ( 'NONE',  ( -2.125000000000000000, -1.250000000000000000, -1.249999999999999778 ) ) ;
#1415 = FACE_OUTER_BOUND ( 'NONE', #166, .T. ) ;
#1416 = DIRECTION ( 'NONE',  ( 1.000000000000000000, 0.000000000000000000, -1.652117599551294981E-16 ) ) ;
#1417 = DATE_AND_TIME ( #290, #136 ) ;
#1418 = EDGE_LOOP ( 'NONE', ( #1343, #699, #1064, #453 ) ) ;
#1419 = EDGE_CURVE ( 'NONE', #816, #125, #156, .T. ) ;
#1420 = CARTESIAN_POINT ( 'NONE',  ( -2.125000000000000000, -1.328699999999999992, -1.368100000000000094 ) ) ;
#1421 = DIRECTION ( 'NONE',  ( -1.000000000000000000, -0.000000000000000000, -0.000000000000000000 ) ) ;
#1422 = EDGE_CURVE ( 'NONE', #333, #386, #1221, .T. ) ;
#1423 = AXIS2_PLACEMENT_3D ( 'NONE', #925, #1069, #1744 ) ;
#1424 = DIRECTION ( 'NONE',  ( -1.000000000000000000, -0.000000000000000000, -0.000000000000000000 ) ) ;
#1425 = CARTESIAN_POINT ( 'NONE',  ( 2.125000000000000000, -1.250000000000000000, 1.049999999999999822 ) ) ;
#1426 = VERTEX_POINT ( 'NONE', #560 ) ;
#1427 = DIRECTION ( 'NONE',  ( 0.000000000000000000, 0.000000000000000000, -1.000000000000000000 ) ) ;
#1428 = DIRECTION ( 'NONE',  ( 0.000000000000000000, 0.000000000000000000, -1.000000000000000000 ) ) ;
#1429 = EDGE_CURVE ( 'NONE', #775, #1149, #1204, .T. ) ;
#1430 = CARTESIAN_POINT ( 'NONE',  ( 2.125000000000000000, -1.250000000000000000, 1.049999999999999822 ) ) ;
#1431 = DIRECTION ( 'NONE',  ( -0.000000000000000000, -1.170791997284683990E-16, -1.000000000000000000 ) ) ;
#1432 = CYLINDRICAL_SURFACE ( 'NONE', #118, 0.09842519685039406718 ) ;
#1433 = VECTOR ( 'NONE', #1656, 39.37007874015748143 ) ;
#1434 = VERTEX_POINT ( 'NONE', #706 ) ;
#1435 = DIRECTION ( 'NONE',  ( 0.000000000000000000, 0.000000000000000000, 1.000000000000000000 ) ) ;
#1436 = CARTESIAN_POINT ( 'NONE',  ( 2.157834704032069682E-16, 0.000000000000000000, 1.306102365000000320 ) ) ;
#1437 = LINE ( 'NONE', #655, #154 ) ;
#1438 = CARTESIAN_POINT ( 'NONE',  ( 1.925000000000000044, -1.499999999999999778, -0.8749999999999997780 ) ) ;
#1439 = VECTOR ( 'NONE', #607, 39.37007874015748143 ) ;
#1440 = FACE_OUTER_BOUND ( 'NONE', #518, .T. ) ;
#1441 = ORIENTED_EDGE ( 'NONE', *, *, #217, .T. ) ;
#1442 = LINE ( 'NONE', #1288, #1353 ) ;
#1443 = ORIENTED_EDGE ( 'NONE', *, *, #884, .T. ) ;
#1444 = LINE ( 'NONE', #612, #583 ) ;
#1445 = DIRECTION ( 'NONE',  ( 0.000000000000000000, 1.000000000000000000, 0.000000000000000000 ) ) ;
#1446 = EDGE_LOOP ( 'NONE', ( #51, #407, #1622, #488 ) ) ;
#1447 = AXIS2_PLACEMENT_3D ( 'NONE', #1458, #916, #225 ) ;
#1448 = EDGE_CURVE ( 'NONE', #1637, #918, #697, .T. ) ;
#1449 = EDGE_CURVE ( 'NONE', #1149, #775, #658, .T. ) ;
#1450 = LINE ( 'NONE', #332, #1356 ) ;
#1451 = EDGE_LOOP ( 'NONE', ( #1358, #228, #122, #1047 ) ) ;
#1452 = LINE ( 'NONE', #1008, #1004 ) ;
#1453 = ORIENTED_EDGE ( 'NONE', *, *, #1691, .F. ) ;
#1454 = VECTOR ( 'NONE', #384, 39.37007874015748143 ) ;
#1455 = DIRECTION ( 'NONE',  ( -0.000000000000000000, 1.000000000000000000, -0.000000000000000000 ) ) ;
#1456 = DIRECTION ( 'NONE',  ( 0.000000000000000000, 0.000000000000000000, -1.000000000000000000 ) ) ;
#1457 = EDGE_LOOP ( 'NONE', ( #1348, #1220, #372, #709 ) ) ;
#1458 = CARTESIAN_POINT ( 'NONE',  ( -1.925000000000000044, -1.199999999999999956, 1.449999999999999734 ) ) ;
#1459 = ORIENTED_EDGE ( 'NONE', *, *, #1096, .T. ) ;
#1460 = ADVANCED_FACE ( 'NONE', ( #668, #943 ), #1499, .T. ) ;
#1461 = VERTEX_POINT ( 'NONE', #677 ) ;
#1462 = VECTOR ( 'NONE', #288, 39.37007874015748143 ) ;
#1463 = LINE ( 'NONE', #375, #949 ) ;
#1464 = EDGE_LOOP ( 'NONE', ( #81, #553, #68, #917 ) ) ;
#1465 = DIRECTION ( 'NONE',  ( 0.000000000000000000, 0.000000000000000000, 1.000000000000000000 ) ) ;
#1466 = LINE ( 'NONE', #1581, #247 ) ;
#1467 = VERTEX_POINT ( 'NONE', #539 ) ;
#1468 = ORIENTED_EDGE ( 'NONE', *, *, #729, .F. ) ;
#1469 = AXIS2_PLACEMENT_3D ( 'NONE', #1493, #385, #111 ) ;
#1470 = VECTOR ( 'NONE', #1712, 39.37007874015748143 ) ;
#1471 = PLANE ( 'NONE',  #264 ) ;
#1472 = ORIENTED_EDGE ( 'NONE', *, *, #1746, .F. ) ;
#1473 = CARTESIAN_POINT ( 'NONE',  ( 2.125000000000000000, -1.328699999999999992, 1.249999999999999778 ) ) ;
#1474 = DIRECTION ( 'NONE',  ( 0.000000000000000000, 1.170791997284683990E-16, 1.000000000000000000 ) ) ;
#1475 = EDGE_CURVE ( 'NONE', #1383, #1669, #702, .T. ) ;
#1476 = VERTEX_POINT ( 'NONE', #835 ) ;
#1477 = DIRECTION ( 'NONE',  ( 0.000000000000000000, 1.000000000000000000, 0.000000000000000000 ) ) ;
#1478 = DIRECTION ( 'NONE',  ( 0.000000000000000000, -1.000000000000000000, 0.000000000000000000 ) ) ;
#1479 = ORIENTED_EDGE ( 'NONE', *, *, #684, .T. ) ;
#1480 = EDGE_CURVE ( 'NONE', #1476, #469, #1497, .T. ) ;
#1481 = ORIENTED_EDGE ( 'NONE', *, *, #1282, .F. ) ;
#1482 = VECTOR ( 'NONE', #379, 39.37007874015748143 ) ;
#1483 = CIRCLE ( 'NONE', #819, 0.1180999999999994832 ) ;
#1484 = EDGE_LOOP ( 'NONE', ( #1748, #1198 ) ) ;
#1485 = LINE ( 'NONE', #516, #861 ) ;
#1486 = ORIENTED_EDGE ( 'NONE', *, *, #177, .T. ) ;
#1487 = CARTESIAN_POINT ( 'NONE',  ( 0.8267716518503942513, 0.2999999999999999889, 0.000000000000000000 ) ) ;
#1488 = CARTESIAN_POINT ( 'NONE',  ( -1.925000000000000044, 0.000000000000000000, 1.449999999999999734 ) ) ;
#1489 = ORIENTED_EDGE ( 'NONE', *, *, #1300, .F. ) ;
#1490 = VERTEX_POINT ( 'NONE', #17 ) ;
#1491 = EDGE_CURVE ( 'NONE', #1554, #514, #541, .T. ) ;
#1492 = CARTESIAN_POINT ( 'NONE',  ( 1.925000000000000044, -0.2500000000000000000, -0.8750000000000001110 ) ) ;
#1493 = CARTESIAN_POINT ( 'NONE',  ( -2.125000000000000000, -1.250000000000000000, -1.249999999999999778 ) ) ;
#1494 = ORIENTED_EDGE ( 'NONE', *, *, #358, .F. ) ;
#1495 = CARTESIAN_POINT ( 'NONE',  ( 2.125000000000000000, -1.500000000000000222, 1.249999999999999778 ) ) ;
#1496 = FACE_BOUND ( 'NONE', #415, .T. ) ;
#1498 = VERTEX_POINT ( 'NONE', #1362 ) ;
#1497 = CIRCLE ( 'NONE', #1351, 0.09842519685039406718 ) ;
#1499 = PLANE ( 'NONE',  #1666 ) ;
#1500 = EDGE_CURVE ( 'NONE', #431, #957, #977, .T. ) ;
#1501 = AXIS2_PLACEMENT_3D ( 'NONE', #909, #1577, #186 ) ;
#1502 = CYLINDRICAL_SURFACE ( 'NONE', #632, 0.1180999999999994832 ) ;
#1503 = VECTOR ( 'NONE', #1552, 39.37007874015748143 ) ;
#1504 = CYLINDRICAL_SURFACE ( 'NONE', #1469, 0.1999999999999997891 ) ;
#1505 = ORIENTED_EDGE ( 'NONE', *, *, #145, .T. ) ;
#1506 = DIRECTION ( 'NONE',  ( 0.000000000000000000, -0.000000000000000000, -1.000000000000000000 ) ) ;
#1507 = ORIENTED_EDGE ( 'NONE', *, *, #255, .F. ) ;
#1508 = DIRECTION ( 'NONE',  ( 0.000000000000000000, -1.000000000000000000, 0.000000000000000000 ) ) ;
#1509 = EDGE_CURVE ( 'NONE', #748, #1530, #6, .T. ) ;
#1510 = APPROVAL ( #1278, 'UNSPECIFIED' ) ;
#1511 = DIRECTION ( 'NONE',  ( 0.000000000000000000, 0.000000000000000000, 1.000000000000000000 ) ) ;
#1512 = FACE_OUTER_BOUND ( 'NONE', #420, .T. ) ;
#1513 = VERTEX_POINT ( 'NONE', #961 ) ;
#1514 = CYLINDRICAL_SURFACE ( 'NONE', #703, 0.09842519685039351207 ) ;
#1515 = ORIENTED_EDGE ( 'NONE', *, *, #87, .T. ) ;
#1516 = CARTESIAN_POINT ( 'NONE',  ( 0.8267716518503942513, -1.500000000000000222, -1.306102365000000098 ) ) ;
#1517 = FACE_OUTER_BOUND ( 'NONE', #1366, .T. ) ;
#1518 = DATE_TIME_ROLE ( 'creation_date' ) ;
#1519 = EDGE_CURVE ( 'NONE', #1326, #1757, #550, .T. ) ;
#1520 = ORIENTED_EDGE ( 'NONE', *, *, #1345, .F. ) ;
#1521 = CYLINDRICAL_SURFACE ( 'NONE', #946, 0.09842519685039351207 ) ;
#1522 = ORIENTED_EDGE ( 'NONE', *, *, #503, .T. ) ;
#1523 = DIRECTION ( 'NONE',  ( 0.000000000000000000, 0.000000000000000000, 1.000000000000000000 ) ) ;
#1524 = AXIS2_PLACEMENT_3D ( 'NONE', #1649, #1632, #1523 ) ;
#1525 = CARTESIAN_POINT ( 'NONE',  ( -2.125000000000000000, -1.250000000000000000, -1.249999999999999778 ) ) ;
#1526 = CARTESIAN_POINT ( 'NONE',  ( -1.625000000000000000, -1.500000000000000222, -1.449999999999999734 ) ) ;
#1527 = APPROVAL_DATE_TIME ( #733, #1738 ) ;
#1528 = ORIENTED_EDGE ( 'NONE', *, *, #1363, .F. ) ;
#1529 = DIRECTION ( 'NONE',  ( -0.000000000000000000, 0.000000000000000000, 1.000000000000000000 ) ) ;
#1530 = VERTEX_POINT ( 'NONE', #843 ) ;
#1531 = CARTESIAN_POINT ( 'NONE',  ( -2.125000000000000000, -1.328699999999999992, -1.249999999999999778 ) ) ;
#1532 = ADVANCED_FACE ( 'NONE', ( #1387 ), #1095, .F. ) ;
#1533 = LINE ( 'NONE', #1372, #531 ) ;
#1534 = PERSON_AND_ORGANIZATION ( #1052, #408 ) ;
#1535 = ORIENTED_EDGE ( 'NONE', *, *, #1145, .T. ) ;
#1536 = AXIS2_PLACEMENT_3D ( 'NONE', #613, #475, #770 ) ;
#1537 = DIRECTION ( 'NONE',  ( -1.000000000000000000, -0.000000000000000000, -0.000000000000000000 ) ) ;
#1538 = VERTEX_POINT ( 'NONE', #1244 ) ;
#1539 = FACE_BOUND ( 'NONE', #818, .T. ) ;
#1540 = EDGE_CURVE ( 'NONE', #92, #492, #1772, .T. ) ;
#1541 = AXIS2_PLACEMENT_3D ( 'NONE', #1684, #1260, #576 ) ;
#1542 = CARTESIAN_POINT ( 'NONE',  ( 1.925000000000000044, -1.499999999999999556, 0.8750000000000001110 ) ) ;
#1543 = DATE_AND_TIME ( #298, #1371 ) ;
#1544 = ORIENTED_EDGE ( 'NONE', *, *, #65, .T. ) ;
#1545 = CC_DESIGN_APPROVAL ( #1510, ( #592 ) ) ;
#1546 = LINE ( 'NONE', #700, #1175 ) ;
#1547 = DIRECTION ( 'NONE',  ( -0.000000000000000000, -1.000000000000000000, -0.000000000000000000 ) ) ;
#1548 = CARTESIAN_POINT ( 'NONE',  ( -0.8267716518503933631, 0.000000000000000000, -1.306102365000000320 ) ) ;
#1549 = EDGE_CURVE ( 'NONE', #918, #1582, #429, .T. ) ;
#1550 = VECTOR ( 'NONE', #310, 39.37007874015748143 ) ;
#1551 = ADVANCED_FACE ( 'NONE', ( #400 ), #1638, .F. ) ;
#1552 = DIRECTION ( 'NONE',  ( 0.000000000000000000, 0.000000000000000000, 1.000000000000000000 ) ) ;
#1553 = PERSON_AND_ORGANIZATION_ROLE ( 'design_owner' ) ;
#1554 = VERTEX_POINT ( 'NONE', #1370 ) ;
#1555 = CIRCLE ( 'NONE', #694, 0.09842519685039351207 ) ;
#1556 = CARTESIAN_POINT ( 'NONE',  ( 1.925000000000000044, 0.2999999999999999889, -1.449999999999999734 ) ) ;
#1557 = CIRCLE ( 'NONE', #315, 0.09842519685039406718 ) ;
#1558 = CARTESIAN_POINT ( 'NONE',  ( -1.925000000000000044, -1.199999999999999956, -1.049999999999999822 ) ) ;
#1559 = DIRECTION ( 'NONE',  ( -0.7071067811865445751, -0.7071067811865503483, 0.000000000000000000 ) ) ;
#1560 = DIRECTION ( 'NONE',  ( 0.000000000000000000, 1.000000000000000000, 0.000000000000000000 ) ) ;
#1561 = ORIENTED_EDGE ( 'NONE', *, *, #329, .T. ) ;
#1562 = EDGE_CURVE ( 'NONE', #1726, #1132, #135, .T. ) ;
#1563 = CARTESIAN_POINT ( 'NONE',  ( -1.625000000000000000, -1.500000000000000222, 0.8750000000000001110 ) ) ;
#1564 = LINE ( 'NONE', #1125, #618 ) ;
#1565 = VECTOR ( 'NONE', #1076, 39.37007874015748143 ) ;
#1566 = CIRCLE ( 'NONE', #1678, 0.09842519685039406718 ) ;
#1567 = CARTESIAN_POINT ( 'NONE',  ( 2.125000000000000000, -1.328699999999999992, 1.249999999999999778 ) ) ;
#1568 = PLANE ( 'NONE',  #1276 ) ;
#1569 = LINE ( 'NONE', #1575, #1728 ) ;
#1570 = ORIENTED_EDGE ( 'NONE', *, *, #1146, .T. ) ;
#1571 = CARTESIAN_POINT ( 'NONE',  ( 1.925000000000000044, -1.499999999999999556, 0.8750000000000001110 ) ) ;
#1572 = ORIENTED_EDGE ( 'NONE', *, *, #551, .T. ) ;
#1573 = LINE ( 'NONE', #1430, #1113 ) ;
#1574 = LINE ( 'NONE', #912, #1128 ) ;
#1575 = CARTESIAN_POINT ( 'NONE',  ( 1.625000000000000000, -1.500000000000000222, 0.8750000000000001110 ) ) ;
#1576 = EDGE_LOOP ( 'NONE', ( #131, #1459, #880, #562 ) ) ;
#1577 = DIRECTION ( 'NONE',  ( 0.000000000000000000, -2.185478394931410821E-16, -1.000000000000000000 ) ) ;
#1578 = ORIENTED_EDGE ( 'NONE', *, *, #1422, .F. ) ;
#1579 = AXIS2_PLACEMENT_3D ( 'NONE', #633, #619, #497 ) ;
#1580 = DIRECTION ( 'NONE',  ( 0.000000000000000000, -0.000000000000000000, 1.000000000000000000 ) ) ;
#1581 = CARTESIAN_POINT ( 'NONE',  ( 1.925000000000000044, -1.500000000000000222, -1.449999999999999734 ) ) ;
#1582 = VERTEX_POINT ( 'NONE', #1780 ) ;
#1583 = ADVANCED_FACE ( 'NONE', ( #287 ), #280, .F. ) ;
#1584 = VECTOR ( 'NONE', #1285, 39.37007874015748143 ) ;
#1585 = CARTESIAN_POINT ( 'NONE',  ( 2.125000000000000000, -1.250000000000000000, 1.249999999999999778 ) ) ;
#1586 = ORIENTED_EDGE ( 'NONE', *, *, #1097, .T. ) ;
#1587 = EDGE_LOOP ( 'NONE', ( #1312, #97, #43, #810 ) ) ;
#1588 = DIRECTION ( 'NONE',  ( -0.000000000000000000, -1.000000000000000000, 2.185478394931410821E-16 ) ) ;
#1589 = EDGE_LOOP ( 'NONE', ( #782, #357, #1229, #663 ) ) ;
#1590 = PLANE ( 'NONE',  #1073 ) ;
#1591 = PLANE ( 'NONE',  #1218 ) ;
#1592 = VERTEX_POINT ( 'NONE', #321 ) ;
#1593 = AXIS2_PLACEMENT_3D ( 'NONE', #1028, #1192, #1059 ) ;
#1594 = EDGE_CURVE ( 'NONE', #1669, #139, #992, .T. ) ;
#1595 = DIRECTION ( 'NONE',  ( 0.000000000000000000, 0.000000000000000000, 1.000000000000000000 ) ) ;
#1596 = EDGE_LOOP ( 'NONE', ( #1686, #1255, #1673, #14, #1742 ) ) ;
#1597 = ORIENTED_EDGE ( 'NONE', *, *, #512, .T. ) ;
#1598 = CARTESIAN_POINT ( 'NONE',  ( -1.925000000000000044, -1.500000000000000222, -1.449999999999999734 ) ) ;
#1599 = VERTEX_POINT ( 'NONE', #181 ) ;
#1600 = DIRECTION ( 'NONE',  ( -1.000000000000000000, 0.000000000000000000, -1.652117599551294981E-16 ) ) ;
#1601 = LINE ( 'NONE', #1699, #1299 ) ;
#1602 = EDGE_LOOP ( 'NONE', ( #559, #64, #502, #1232 ) ) ;
#1603 = ADVANCED_FACE ( 'NONE', ( #738, #24 ), #40, .T. ) ;
#1604 = DIRECTION ( 'NONE',  ( -1.000000000000000000, -0.000000000000000000, -0.000000000000000000 ) ) ;
#1605 = VERTEX_POINT ( 'NONE', #1708 ) ;
#1606 = EDGE_CURVE ( 'NONE', #106, #1538, #713, .T. ) ;
#1607 = AXIS2_PLACEMENT_3D ( 'NONE', #1682, #823, #671 ) ;
#1608 = DIRECTION ( 'NONE',  ( 1.000000000000000000, 0.000000000000000000, 1.652117599551294981E-16 ) ) ;
#1609 = DIRECTION ( 'NONE',  ( 0.000000000000000000, 0.000000000000000000, -1.000000000000000000 ) ) ;
#1610 = VERTEX_POINT ( 'NONE', #1548 ) ;
#1611 = FACE_OUTER_BOUND ( 'NONE', #149, .T. ) ;
#1612 = CARTESIAN_POINT ( 'NONE',  ( -0.8267716518503933631, 0.2999999999999999889, 0.000000000000000000 ) ) ;
#1613 = VERTEX_POINT ( 'NONE', #582 ) ;
#1614 = CARTESIAN_POINT ( 'NONE',  ( 2.125000000000000000, -1.500000000000000222, 1.189999999999999947 ) ) ;
#1615 = ORIENTED_EDGE ( 'NONE', *, *, #1157, .T. ) ;
#1616 = CARTESIAN_POINT ( 'NONE',  ( 1.925000000000000044, 0.2999999999999999889, 1.449999999999999734 ) ) ;
#1617 = CARTESIAN_POINT ( 'NONE',  ( -0.8267716518503933631, 0.2999999999999999889, 1.306102365000000320 ) ) ;
#1618 = EDGE_CURVE ( 'NONE', #1513, #1023, #1283, .T. ) ;
#1619 = ORIENTED_EDGE ( 'NONE', *, *, #649, .T. ) ;
#1620 = LINE ( 'NONE', #891, #704 ) ;
#1621 = CARTESIAN_POINT ( 'NONE',  ( -2.125000000000000000, -1.250000000000000000, -1.049999999999999822 ) ) ;
#1622 = ORIENTED_EDGE ( 'NONE', *, *, #1376, .T. ) ;
#1623 = CIRCLE ( 'NONE', #61, 0.05999999999999990757 ) ;
#1624 = CARTESIAN_POINT ( 'NONE',  ( -2.125000000000000000, -1.328699999999999992, -1.249999999999999778 ) ) ;
#1625 = CARTESIAN_POINT ( 'NONE',  ( 0.7283464550000001703, 0.000000000000000000, -0.7874015750000000757 ) ) ;
#1626 = EDGE_LOOP ( 'NONE', ( #231, #534, #1653, #1507 ) ) ;
#1627 = FACE_BOUND ( 'NONE', #927, .T. ) ;
#1628 = ADVANCED_FACE ( 'NONE', ( #33, #590, #868, #1539, #1002, #730, #1415 ), #1275, .T. ) ;
#1629 = CARTESIAN_POINT ( 'NONE',  ( -0.8267716518503933631, -1.500000000000000222, -1.306102365000000320 ) ) ;
#1630 = AXIS2_PLACEMENT_3D ( 'NONE', #972, #443, #552 ) ;
#1631 = ORIENTED_EDGE ( 'NONE', *, *, #69, .T. ) ;
#1632 = DIRECTION ( 'NONE',  ( 0.000000000000000000, 1.000000000000000000, 0.000000000000000000 ) ) ;
#1633 = FACE_OUTER_BOUND ( 'NONE', #1457, .T. ) ;
#1634 = DIRECTION ( 'NONE',  ( 0.000000000000000000, 1.000000000000000000, -0.000000000000000000 ) ) ;
#1635 = ORIENTED_EDGE ( 'NONE', *, *, #119, .T. ) ;
#1636 = CARTESIAN_POINT ( 'NONE',  ( 0.000000000000000000, 0.2999999999999999889, 0.000000000000000000 ) ) ;
#1637 = VERTEX_POINT ( 'NONE', #1136 ) ;
#1638 = CYLINDRICAL_SURFACE ( 'NONE', #338, 0.05999999999999990757 ) ;
#1639 = EDGE_CURVE ( 'NONE', #586, #428, #1573, .T. ) ;
#1640 = ADVANCED_FACE ( 'NONE', ( #302 ), #54, .F. ) ;
#1641 = AXIS2_PLACEMENT_3D ( 'NONE', #554, #284, #563 ) ;
#1642 = LOCAL_TIME ( 12, 9, 19.00000000000000000, #863 ) ;
#1643 = VECTOR ( 'NONE', #110, 39.37007874015748143 ) ;
#1644 = DIRECTION ( 'NONE',  ( -0.000000000000000000, 1.000000000000000000, -0.000000000000000000 ) ) ;
#1645 = PLANE ( 'NONE',  #860 ) ;
#1646 = ORIENTED_EDGE ( 'NONE', *, *, #1096, .F. ) ;
#1647 = LINE ( 'NONE', #682, #958 ) ;
#1648 = ORIENTED_EDGE ( 'NONE', *, *, #695, .T. ) ;
#1649 = CARTESIAN_POINT ( 'NONE',  ( 0.7283464550000001703, 0.000000000000000000, 0.7874015750000000757 ) ) ;
#1650 = EDGE_CURVE ( 'NONE', #1023, #601, #1690, .T. ) ;
#1651 = AXIS2_PLACEMENT_3D ( 'NONE', #1368, #665, #509 ) ;
#1652 = LINE ( 'NONE', #1114, #762 ) ;
#1653 = ORIENTED_EDGE ( 'NONE', *, *, #418, .F. ) ;
#1654 = CARTESIAN_POINT ( 'NONE',  ( 0.8267716518503942513, 0.3000000000000000999, 1.306102365000000098 ) ) ;
#1655 = VERTEX_POINT ( 'NONE', #1267 ) ;
#1656 = DIRECTION ( 'NONE',  ( 9.420165495394011778E-17, -0.000000000000000000, -1.000000000000000000 ) ) ;
#1657 = EDGE_CURVE ( 'NONE', #1592, #1655, #140, .T. ) ;
#1658 = FACE_OUTER_BOUND ( 'NONE', #666, .T. ) ;
#1659 = LINE ( 'NONE', #955, #903 ) ;
#1660 = PERSON_AND_ORGANIZATION ( #1052, #408 ) ;
#1661 = VERTEX_POINT ( 'NONE', #1143 ) ;
#1662 = EDGE_CURVE ( 'NONE', #1637, #422, #1286, .T. ) ;
#1663 = FACE_OUTER_BOUND ( 'NONE', #1596, .T. ) ;
#1664 = ORIENTED_EDGE ( 'NONE', *, *, #1618, .F. ) ;
#1665 = DIRECTION ( 'NONE',  ( -1.000000000000000000, -0.000000000000000000, -9.106159978880875423E-16 ) ) ;
#1666 = AXIS2_PLACEMENT_3D ( 'NONE', #423, #1508, #294 ) ;
#1667 = LINE ( 'NONE', #419, #1305 ) ;
#1668 = DIRECTION ( 'NONE',  ( 1.000000000000000000, 0.000000000000000000, 0.000000000000000000 ) ) ;
#1669 = VERTEX_POINT ( 'NONE', #457 ) ;
#1670 = AXIS2_PLACEMENT_3D ( 'NONE', #870, #77, #198 ) ;
#1671 = LINE ( 'NONE', #437, #1263 ) ;
#1672 = EDGE_CURVE ( 'NONE', #125, #572, #875, .T. ) ;
#1673 = ORIENTED_EDGE ( 'NONE', *, *, #1672, .T. ) ;
#1674 = CARTESIAN_POINT ( 'NONE',  ( 2.125000000000000000, -1.328699999999999992, 1.249999999999999778 ) ) ;
#1675 = DIRECTION ( 'NONE',  ( 0.000000000000000000, -1.000000000000000000, 0.000000000000000000 ) ) ;
#1676 = APPROVAL_DATE_TIME ( #1417, #180 ) ;
#1677 = EDGE_LOOP ( 'NONE', ( #1304, #1178 ) ) ;
#1678 = AXIS2_PLACEMENT_3D ( 'NONE', #73, #501, #1716 ) ;
#1679 = CARTESIAN_POINT ( 'NONE',  ( 2.125000000000000000, -1.328699999999999992, 1.131900000000000128 ) ) ;
#1680 = LINE ( 'NONE', #1009, #1164 ) ;
#1681 = EDGE_CURVE ( 'NONE', #1119, #1661, #1152, .T. ) ;
#1682 = CARTESIAN_POINT ( 'NONE',  ( 0.7283464550000001703, 0.2999999999999999889, -0.7874015750000000757 ) ) ;
#1683 = ADVANCED_FACE ( 'NONE', ( #474 ), #1406, .F. ) ;
#1684 = CARTESIAN_POINT ( 'NONE',  ( -0.8267716518503933631, -1.500000000000000222, 1.306102365000000320 ) ) ;
#1685 = COORDINATED_UNIVERSAL_TIME_OFFSET ( 5, 0, .BEHIND. ) ;
#1686 = ORIENTED_EDGE ( 'NONE', *, *, #314, .F. ) ;
#1687 = DIRECTION ( 'NONE',  ( -1.000000000000000000, 0.000000000000000000, 9.106159978880875423E-16 ) ) ;
#1688 = LINE ( 'NONE', #1001, #245 ) ;
#1689 = DIRECTION ( 'NONE',  ( -0.000000000000000000, 1.000000000000000000, -0.000000000000000000 ) ) ;
#1690 = CIRCLE ( 'NONE', #804, 0.09842519685039351207 ) ;
#1691 = EDGE_CURVE ( 'NONE', #469, #1476, #597, .T. ) ;
#1692 = CARTESIAN_POINT ( 'NONE',  ( 2.125000000000000000, -1.250000000000000000, 1.249999999999999778 ) ) ;
#1693 = VERTEX_POINT ( 'NONE', #250 ) ;
#1694 = CIRCLE ( 'NONE', #1003, 0.05999999999999990757 ) ;
#1695 = CARTESIAN_POINT ( 'NONE',  ( 2.125000000000000000, -1.250000000000000000, 1.049999999999999822 ) ) ;
#1696 = AXIS2_PLACEMENT_3D ( 'NONE', #661, #920, #1750 ) ;
#1697 = LINE ( 'NONE', #1295, #1319 ) ;
#1698 = CARTESIAN_POINT ( 'NONE',  ( 0.7283464550000001703, 0.2999999999999999889, 0.7874015750000000757 ) ) ;
#1699 = CARTESIAN_POINT ( 'NONE',  ( 1.625000000000000222, -1.500000000000000222, -1.449999999999999734 ) ) ;
#1700 = ADVANCED_FACE ( 'NONE', ( #1512 ), #1504, .T. ) ;
#1701 = CARTESIAN_POINT ( 'NONE',  ( -0.8267716518503933631, -1.500000000000000222, -1.056102365000000098 ) ) ;
#1702 = ORIENTED_EDGE ( 'NONE', *, *, #304, .T. ) ;
#1703 = ORIENTED_EDGE ( 'NONE', *, *, #1449, .T. ) ;
#1704 = DIRECTION ( 'NONE',  ( 0.000000000000000000, 1.000000000000000000, -0.000000000000000000 ) ) ;
#1705 = CARTESIAN_POINT ( 'NONE',  ( 2.125000000000000000, -1.250000000000000000, 1.249999999999999778 ) ) ;
#1706 = VECTOR ( 'NONE', #388, 39.37007874015748143 ) ;
#1707 = AXIS2_PLACEMENT_3D ( 'NONE', #490, #636, #500 ) ;
#1708 = CARTESIAN_POINT ( 'NONE',  ( -0.7283464549999998372, 0.000000000000000000, 0.6889763781496064388 ) ) ;
#1709 = CARTESIAN_POINT ( 'NONE',  ( 1.625000000000000000, -0.2499999999999998057, 0.8750000000000001110 ) ) ;
#1710 = DIRECTION ( 'NONE',  ( 0.000000000000000000, 0.000000000000000000, 1.000000000000000000 ) ) ;
#1711 = ORIENTED_EDGE ( 'NONE', *, *, #7, .F. ) ;
#1712 = DIRECTION ( 'NONE',  ( -0.000000000000000000, -1.000000000000000000, -0.000000000000000000 ) ) ;
#1713 = DIRECTION ( 'NONE',  ( 0.000000000000000000, 0.000000000000000000, 1.000000000000000000 ) ) ;
#1714 = EDGE_CURVE ( 'NONE', #1467, #1308, #171, .T. ) ;
#1715 = DIRECTION ( 'NONE',  ( 0.000000000000000000, -1.000000000000000000, 0.000000000000000000 ) ) ;
#1716 = DIRECTION ( 'NONE',  ( 0.000000000000000000, 0.000000000000000000, 1.000000000000000000 ) ) ;
#1717 = ORIENTED_EDGE ( 'NONE', *, *, #783, .T. ) ;
#1718 = CARTESIAN_POINT ( 'NONE',  ( 1.925000000000000044, -1.500000000000000222, -1.449999999999999734 ) ) ;
#1719 = ORIENTED_EDGE ( 'NONE', *, *, #1475, .F. ) ;
#1720 = CYLINDRICAL_SURFACE ( 'NONE', #1241, 0.09842519685039351207 ) ;
#1721 = ORIENTED_EDGE ( 'NONE', *, *, #535, .T. ) ;
#1722 = EDGE_CURVE ( 'NONE', #586, #910, #376, .T. ) ;
#1723 = PLANE ( 'NONE',  #1707 ) ;
#1724 = PLANE ( 'NONE',  #897 ) ;
#1725 = AXIS2_PLACEMENT_3D ( 'NONE', #1208, #1758, #815 ) ;
#1726 = VERTEX_POINT ( 'NONE', #1238 ) ;
#1727 = ORIENTED_EDGE ( 'NONE', *, *, #1127, .T. ) ;
#1728 = VECTOR ( 'NONE', #616, 39.37007874015748143 ) ;
#1729 = LINE ( 'NONE', #1188, #1033 ) ;
#1730 = ORIENTED_EDGE ( 'NONE', *, *, #1475, .T. ) ;
#1731 = PLANE ( 'NONE',  #1501 ) ;
#1732 = ORIENTED_EDGE ( 'NONE', *, *, #418, .T. ) ;
#1733 = CARTESIAN_POINT ( 'NONE',  ( 2.157834704032069682E-16, 0.2999999999999999889, 1.306102365000000320 ) ) ;
#1734 = LINE ( 'NONE', #1049, #1154 ) ;
#1735 = VECTOR ( 'NONE', #1777, 39.37007874015748143 ) ;
#1736 = VERTEX_POINT ( 'NONE', #662 ) ;
#1737 = ADVANCED_FACE ( 'NONE', ( #403 ), #257, .F. ) ;
#1738 = APPROVAL ( #996, 'UNSPECIFIED' ) ;
#1739 = FACE_OUTER_BOUND ( 'NONE', #1082, .T. ) ;
#1740 = ORIENTED_EDGE ( 'NONE', *, *, #1185, .T. ) ;
#1741 = FACE_OUTER_BOUND ( 'NONE', #899, .T. ) ;
#1742 = ORIENTED_EDGE ( 'NONE', *, *, #358, .T. ) ;
#1743 = PLANE ( 'NONE',  #676 ) ;
#1744 = DIRECTION ( 'NONE',  ( 0.000000000000000000, 0.000000000000000000, 1.000000000000000000 ) ) ;
#1745 = EDGE_LOOP ( 'NONE', ( #1740, #1515 ) ) ;
#1746 = EDGE_CURVE ( 'NONE', #1513, #1736, #1555, .T. ) ;
#1747 = DIRECTION ( 'NONE',  ( -0.000000000000000000, 1.000000000000000000, -0.000000000000000000 ) ) ;
#1748 = ORIENTED_EDGE ( 'NONE', *, *, #904, .T. ) ;
#1749 = APPROVAL_PERSON_ORGANIZATION ( #1254, #180, #452 ) ;
#1750 = DIRECTION ( 'NONE',  ( 0.000000000000000000, -0.000000000000000000, 1.000000000000000000 ) ) ;
#1751 = ORIENTED_EDGE ( 'NONE', *, *, #1419, .F. ) ;
#1752 = CARTESIAN_POINT ( 'NONE',  ( -1.744805304144245567E-16, 0.2999999999999999889, 1.056102365000000098 ) ) ;
#1753 = CARTESIAN_POINT ( 'NONE',  ( 0.8267716518503942513, 0.2999999999999999889, 0.000000000000000000 ) ) ;
#1754 = VERTEX_POINT ( 'NONE', #1617 ) ;
#1755 = MANIFOLD_SOLID_BREP ( 'Chamfer2', #773 ) ;
#1756 = VECTOR ( 'NONE', #462, 39.37007874015748143 ) ;
#1757 = VERTEX_POINT ( 'NONE', #275 ) ;
#1758 = DIRECTION ( 'NONE',  ( 1.000000000000000000, -0.000000000000000000, 0.000000000000000000 ) ) ;
#1759 = ORIENTED_EDGE ( 'NONE', *, *, #1077, .T. ) ;
#1760 = CARTESIAN_POINT ( 'NONE',  ( -2.125000000000000000, -1.500000000000000222, -1.249999999999999778 ) ) ;
#1761 = DIRECTION ( 'NONE',  ( -0.000000000000000000, 0.000000000000000000, -1.000000000000000000 ) ) ;
#1762 = ORIENTED_EDGE ( 'NONE', *, *, #41, .F. ) ;
#1763 = DIRECTION ( 'NONE',  ( -0.000000000000000000, -1.000000000000000000, -0.000000000000000000 ) ) ;
#1764 = AXIS2_PLACEMENT_3D ( 'NONE', #1307, #1021, #1320 ) ;
#1765 = DIRECTION ( 'NONE',  ( 0.000000000000000000, 0.000000000000000000, 1.000000000000000000 ) ) ;
#1766 = DIRECTION ( 'NONE',  ( 0.000000000000000000, 0.000000000000000000, -1.000000000000000000 ) ) ;
#1767 = ORIENTED_EDGE ( 'NONE', *, *, #515, .T. ) ;
#1768 = DIRECTION ( 'NONE',  ( 0.000000000000000000, -1.000000000000000000, 0.000000000000000000 ) ) ;
#1769 = ADVANCED_FACE ( 'NONE', ( #806 ), #1645, .F. ) ;
#1770 = ADVANCED_FACE ( 'NONE', ( #543 ), #102, .F. ) ;
#1771 = ORIENTED_EDGE ( 'NONE', *, *, #1650, .F. ) ;
#1772 = LINE ( 'NONE', #1086, #1433 ) ;
#1773 = EDGE_CURVE ( 'NONE', #1655, #1007, #533, .T. ) ;
#1774 = CARTESIAN_POINT ( 'NONE',  ( 1.625000000000000000, -1.500000000000000222, 1.450000000000000178 ) ) ;
#1775 = VERTEX_POINT ( 'NONE', #517 ) ;
#1776 = VECTOR ( 'NONE', #1105, 39.37007874015748143 ) ;
#1777 = DIRECTION ( 'NONE',  ( -1.000000000000000000, -0.000000000000000000, -0.000000000000000000 ) ) ;
#1778 = ORIENTED_EDGE ( 'NONE', *, *, #753, .F. ) ;
#1779 = EDGE_CURVE ( 'NONE', #1166, #364, #1694, .T. ) ;
#1780 = CARTESIAN_POINT ( 'NONE',  ( 0.7283464550000001703, 0.000000000000000000, 0.6889763781496059947 ) ) ;
ENDSEC;
END-ISO-10303-21;
