ISO-10303-21;
HEADER;
FILE_DESCRIPTION (( 'STEP AP203' ),
    '1' );
FILE_NAME ('OptoMount5.0.STEP',
    '2026-07-07T17:20:49',
    ( '' ),
    ( '' ),
    'SwSTEP 2.0',
    'SolidWorks 2025',
    '' );
FILE_SCHEMA (( 'CONFIG_CONTROL_DESIGN' ));
ENDSEC;

DATA;
#1 = CARTESIAN_POINT ( 'NONE',  ( 0.1301181068503938498, -1.500000000000000222, 1.306102365000000098 ) ) ;
#2 = FACE_OUTER_BOUND ( 'NONE', #1873, .T. ) ;
#3 = DIRECTION ( 'NONE',  ( 0.000000000000000000, 0.000000000000000000, -1.000000000000000000 ) ) ;
#4 = ADVANCED_FACE ( 'NONE', ( #1665 ), #339, .F. ) ;
#5 = FACE_OUTER_BOUND ( 'NONE', #1600, .T. ) ;
#6 = EDGE_CURVE ( 'NONE', #242, #1197, #1373, .T. ) ;
#7 = VERTEX_POINT ( 'NONE', #211 ) ;
#8 = ORIENTED_EDGE ( 'NONE', *, *, #310, .F. ) ;
#9 = DIRECTION ( 'NONE',  ( 0.000000000000000000, 0.000000000000000000, -1.000000000000000000 ) ) ;
#10 = CARTESIAN_POINT ( 'NONE',  ( 2.125000000000000000, -1.328699999999999992, 1.249999999999999778 ) ) ;
#11 = DIRECTION ( 'NONE',  ( -0.000000000000000000, -0.000000000000000000, -1.000000000000000000 ) ) ;
#12 = AXIS2_PLACEMENT_3D ( 'NONE', #442, #760, #1047 ) ;
#13 = CYLINDRICAL_SURFACE ( 'NONE', #1786, 0.05999999999999990757 ) ;
#14 = VERTEX_POINT ( 'NONE', #925 ) ;
#15 = EDGE_LOOP ( 'NONE', ( #824, #620, #788, #1015 ) ) ;
#16 = CARTESIAN_POINT ( 'NONE',  ( 0.03169291000000005326, 0.2999999999999999889, 0.6889763781496064388 ) ) ;
#17 = DIRECTION ( 'NONE',  ( 0.000000000000000000, -1.000000000000000000, 0.000000000000000000 ) ) ;
#18 = LINE ( 'NONE', #1201, #701 ) ;
#19 = CIRCLE ( 'NONE', #142, 0.09842519685039365085 ) ;
#20 = DIRECTION ( 'NONE',  ( 0.000000000000000000, 1.000000000000000000, 0.000000000000000000 ) ) ;
#21 = ORIENTED_EDGE ( 'NONE', *, *, #781, .T. ) ;
#22 = AXIS2_PLACEMENT_3D ( 'NONE', #960, #376, #60 ) ;
#23 = VECTOR ( 'NONE', #541, 39.37007874015748143 ) ;
#24 = ORIENTED_EDGE ( 'NONE', *, *, #1925, .T. ) ;
#25 = CARTESIAN_POINT ( 'NONE',  ( 0.03169291000000005326, 0.2999999999999999889, -0.8858267718503937127 ) ) ;
#26 = PERSON_AND_ORGANIZATION ( #371, #1858 ) ;
#27 = CARTESIAN_POINT ( 'NONE',  ( -2.125000000000000000, -1.250000000000000000, -1.049999999999999822 ) ) ;
#28 = DIRECTION ( 'NONE',  ( 0.000000000000000000, 0.000000000000000000, 1.000000000000000000 ) ) ;
#29 = EDGE_CURVE ( 'NONE', #666, #426, #1817, .T. ) ;
#30 = VERTEX_POINT ( 'NONE', #769 ) ;
#31 = VERTEX_POINT ( 'NONE', #636 ) ;
#32 = LINE ( 'NONE', #1829, #378 ) ;
#33 = VERTEX_POINT ( 'NONE', #1549 ) ;
#34 = CIRCLE ( 'NONE', #1312, 0.1999999999999999278 ) ;
#35 = FACE_OUTER_BOUND ( 'NONE', #1079, .T. ) ;
#36 = EDGE_CURVE ( 'NONE', #1449, #993, #1616, .T. ) ;
#37 = CALENDAR_DATE ( 2026, 7, 7 ) ;
#38 = EDGE_CURVE ( 'NONE', #816, #707, #52, .T. ) ;
#39 = PLANE ( 'NONE',  #1466 ) ;
#40 = DIRECTION ( 'NONE',  ( 1.000000000000000000, 0.000000000000000000, 0.000000000000000000 ) ) ;
#41 = CARTESIAN_POINT ( 'NONE',  ( -1.523425196850393570, 0.2999999999999999889, 0.000000000000000000 ) ) ;
#42 = VERTEX_POINT ( 'NONE', #498 ) ;
#43 = CYLINDRICAL_SURFACE ( 'NONE', #311, 0.1180999999999994832 ) ;
#44 = ORIENTED_EDGE ( 'NONE', *, *, #174, .T. ) ;
#45 = CARTESIAN_POINT ( 'NONE',  ( 1.625000000000000222, -1.500000000000000222, -1.449999999999999734 ) ) ;
#46 = DATE_AND_TIME ( #1644, #1276 ) ;
#47 = DIRECTION ( 'NONE',  ( -1.000000000000000000, 0.000000000000000000, -0.000000000000000000 ) ) ;
#48 = LINE ( 'NONE', #940, #922 ) ;
#49 = EDGE_CURVE ( 'NONE', #444, #795, #1775, .T. ) ;
#50 = ORIENTED_EDGE ( 'NONE', *, *, #1001, .F. ) ;
#51 = VECTOR ( 'NONE', #162, 39.37007874015748143 ) ;
#52 = LINE ( 'NONE', #368, #180 ) ;
#53 = EDGE_CURVE ( 'NONE', #1347, #637, #1092, .T. ) ;
#54 = VERTEX_POINT ( 'NONE', #1366 ) ;
#55 = CARTESIAN_POINT ( 'NONE',  ( -1.425000000000000044, 0.000000000000000000, 0.7874015749999999647 ) ) ;
#56 = EDGE_CURVE ( 'NONE', #664, #666, #517, .T. ) ;
#57 = DIRECTION ( 'NONE',  ( -0.000000000000000000, 0.000000000000000000, 1.000000000000000000 ) ) ;
#58 = AXIS2_PLACEMENT_3D ( 'NONE', #1379, #487, #1673 ) ;
#59 = EDGE_CURVE ( 'NONE', #105, #816, #32, .T. ) ;
#60 = DIRECTION ( 'NONE',  ( -0.000000000000000000, 0.000000000000000000, 1.000000000000000000 ) ) ;
#61 = DIRECTION ( 'NONE',  ( -0.000000000000000000, 1.000000000000000000, -0.000000000000000000 ) ) ;
#62 = EDGE_CURVE ( 'NONE', #384, #1081, #1904, .T. ) ;
#63 = ORIENTED_EDGE ( 'NONE', *, *, #1477, .T. ) ;
#64 = CARTESIAN_POINT ( 'NONE',  ( -1.625000000000000000, -1.500000000000000222, 0.8750000000000001110 ) ) ;
#65 = APPLICATION_CONTEXT ( 'configuration controlled 3d designs of mechanical parts and assemblies' ) ;
#66 = ORIENTED_EDGE ( 'NONE', *, *, #1696, .T. ) ;
#67 = CARTESIAN_POINT ( 'NONE',  ( -1.523425196850393570, -1.500000000000000222, 1.056102365000000320 ) ) ;
#68 = CIRCLE ( 'NONE', #213, 0.09842519685039378963 ) ;
#69 = LINE ( 'NONE', #959, #427 ) ;
#70 = DIRECTION ( 'NONE',  ( -0.000000000000000000, -1.000000000000000000, -0.000000000000000000 ) ) ;
#71 = DIRECTION ( 'NONE',  ( -1.000000000000000000, 0.000000000000000000, 0.000000000000000000 ) ) ;
#72 = ORIENTED_EDGE ( 'NONE', *, *, #663, .F. ) ;
#73 = CIRCLE ( 'NONE', #474, 0.09842519685039351207 ) ;
#74 = LINE ( 'NONE', #1530, #1058 ) ;
#75 = AXIS2_PLACEMENT_3D ( 'NONE', #185, #1072, #757 ) ;
#76 = ORIENTED_EDGE ( 'NONE', *, *, #344, .F. ) ;
#77 = PLANE ( 'NONE',  #1074 ) ;
#78 = FACE_OUTER_BOUND ( 'NONE', #989, .T. ) ;
#79 = DIRECTION ( 'NONE',  ( 0.000000000000000000, -1.000000000000000000, 0.000000000000000000 ) ) ;
#80 = VECTOR ( 'NONE', #990, 39.37007874015748143 ) ;
#81 = CARTESIAN_POINT ( 'NONE',  ( 2.125000000000000000, -1.328699999999999992, 1.189999999999999947 ) ) ;
#82 = ORIENTED_EDGE ( 'NONE', *, *, #915, .F. ) ;
#83 = VECTOR ( 'NONE', #71, 39.37007874015748143 ) ;
#84 = AXIS2_PLACEMENT_3D ( 'NONE', #103, #995, #1174 ) ;
#85 = CARTESIAN_POINT ( 'NONE',  ( 1.625000000000000000, -0.2499999999999998057, 0.8750000000000001110 ) ) ;
#86 = CARTESIAN_POINT ( 'NONE',  ( 0.1301181068503938498, 0.2999999999999999889, 0.000000000000000000 ) ) ;
#87 = CARTESIAN_POINT ( 'NONE',  ( 1.065944881889764106, 0.000000000000000000, 0.1795275590551181077 ) ) ;
#88 = DIRECTION ( 'NONE',  ( 0.000000000000000000, 0.000000000000000000, 1.000000000000000000 ) ) ;
#89 = LINE ( 'NONE', #1633, #1924 ) ;
#90 = ORIENTED_EDGE ( 'NONE', *, *, #1271, .T. ) ;
#91 = ORIENTED_EDGE ( 'NONE', *, *, #49, .T. ) ;
#92 = CARTESIAN_POINT ( 'NONE',  ( 2.125000000000000000, -1.250000000000000000, 1.131900000000000128 ) ) ;
#93 = EDGE_CURVE ( 'NONE', #460, #835, #1026, .T. ) ;
#94 = DIRECTION ( 'NONE',  ( -0.000000000000000000, -1.000000000000000000, -0.000000000000000000 ) ) ;
#95 = FACE_BOUND ( 'NONE', #1162, .T. ) ;
#96 = EDGE_CURVE ( 'NONE', #1818, #1581, #1217, .T. ) ;
#97 = DIRECTION ( 'NONE',  ( 0.000000000000000000, 1.000000000000000000, 0.000000000000000000 ) ) ;
#98 = CARTESIAN_POINT ( 'NONE',  ( -1.523425196850393570, 0.2999999999999999889, 1.306102365000000098 ) ) ;
#99 = LINE ( 'NONE', #1625, #1610 ) ;
#100 = ORIENTED_EDGE ( 'NONE', *, *, #1845, .F. ) ;
#101 = VERTEX_POINT ( 'NONE', #360 ) ;
#102 = AXIS2_PLACEMENT_3D ( 'NONE', #850, #1744, #815 ) ;
#103 = CARTESIAN_POINT ( 'NONE',  ( 2.125000000000000000, -1.250000000000000000, 1.249999999999999778 ) ) ;
#104 = CARTESIAN_POINT ( 'NONE',  ( 1.925000000000000044, -1.250000000000000000, 1.449999999999999734 ) ) ;
#105 = VERTEX_POINT ( 'NONE', #1677 ) ;
#106 = CARTESIAN_POINT ( 'NONE',  ( -1.625000000000000000, 0.000000000000000000, 1.450000000000000178 ) ) ;
#107 = PLANE ( 'NONE',  #1157 ) ;
#108 = DIRECTION ( 'NONE',  ( 0.000000000000000000, 0.000000000000000000, 1.000000000000000000 ) ) ;
#109 = ORIENTED_EDGE ( 'NONE', *, *, #1825, .F. ) ;
#110 = ORIENTED_EDGE ( 'NONE', *, *, #1785, .F. ) ;
#111 = EDGE_CURVE ( 'NONE', #1151, #1888, #787, .T. ) ;
#112 = VECTOR ( 'NONE', #766, 39.37007874015748143 ) ;
#113 = CARTESIAN_POINT ( 'NONE',  ( 1.925000000000000044, -1.499999999999999778, -0.8749999999999997780 ) ) ;
#114 = ADVANCED_FACE ( 'NONE', ( #351, #957 ), #329, .F. ) ;
#115 = EDGE_LOOP ( 'NONE', ( #550, #1384, #1620, #352 ) ) ;
#116 = VECTOR ( 'NONE', #1116, 39.37007874015748143 ) ;
#117 = EDGE_CURVE ( 'NONE', #423, #272, #1749, .T. ) ;
#118 = CARTESIAN_POINT ( 'NONE',  ( 0.1301181068503938498, -1.500000000000000222, -1.056102365000000320 ) ) ;
#119 = CARTESIAN_POINT ( 'NONE',  ( 1.625000000000000222, -0.2500000000000000000, -0.8750000000000001110 ) ) ;
#120 = ORIENTED_EDGE ( 'NONE', *, *, #1353, .F. ) ;
#121 = VERTEX_POINT ( 'NONE', #183 ) ;
#122 = ORIENTED_EDGE ( 'NONE', *, *, #1301, .F. ) ;
#123 = DIRECTION ( 'NONE',  ( 0.000000000000000000, 1.000000000000000000, -1.170791997284683990E-16 ) ) ;
#124 = MECHANICAL_CONTEXT ( 'NONE', #317, 'mechanical' ) ;
#125 = VERTEX_POINT ( 'NONE', #64 ) ;
#126 = DIRECTION ( 'NONE',  ( 0.000000000000000000, -1.000000000000000000, 0.000000000000000000 ) ) ;
#127 = AXIS2_PLACEMENT_3D ( 'NONE', #269, #862, #543 ) ;
#128 = LINE ( 'NONE', #1627, #1874 ) ;
#129 = VERTEX_POINT ( 'NONE', #776 ) ;
#130 = ORIENTED_EDGE ( 'NONE', *, *, #1428, .T. ) ;
#131 = VERTEX_POINT ( 'NONE', #1375 ) ;
#132 = DIRECTION ( 'NONE',  ( 0.000000000000000000, 1.170791997284683990E-16, 1.000000000000000000 ) ) ;
#133 = VECTOR ( 'NONE', #1160, 39.37007874015748143 ) ;
#134 = VECTOR ( 'NONE', #887, 39.37007874015748143 ) ;
#135 = LINE ( 'NONE', #418, #1728 ) ;
#136 = CARTESIAN_POINT ( 'NONE',  ( 0.03169291000000005326, 0.000000000000000000, 0.7874015750000000757 ) ) ;
#137 = CARTESIAN_POINT ( 'NONE',  ( -1.925000000000000044, 0.2999999999999999889, 1.449999999999999734 ) ) ;
#138 = ORIENTED_EDGE ( 'NONE', *, *, #1090, .T. ) ;
#139 = ORIENTED_EDGE ( 'NONE', *, *, #93, .T. ) ;
#140 = DIRECTION ( 'NONE',  ( 0.000000000000000000, 0.000000000000000000, 1.000000000000000000 ) ) ;
#141 =( LENGTH_UNIT ( ) NAMED_UNIT ( * ) SI_UNIT ( $, .METRE. ) );
#142 = AXIS2_PLACEMENT_3D ( 'NONE', #87, #1273, #1575 ) ;
#143 = VECTOR ( 'NONE', #214, 39.37007874015748143 ) ;
#144 = ADVANCED_FACE ( 'NONE', ( #1250 ), #43, .F. ) ;
#145 = DIRECTION ( 'NONE',  ( 0.000000000000000000, 0.000000000000000000, -1.000000000000000000 ) ) ;
#146 = CARTESIAN_POINT ( 'NONE',  ( 1.925000000000000044, -1.499999999999999778, -0.8749999999999997780 ) ) ;
#147 = CARTESIAN_POINT ( 'NONE',  ( -1.523425196850393570, -1.500000000000000222, 1.306102365000000098 ) ) ;
#148 = VERTEX_POINT ( 'NONE', #1709 ) ;
#149 = ORIENTED_EDGE ( 'NONE', *, *, #1640, .F. ) ;
#150 = CARTESIAN_POINT ( 'NONE',  ( 1.925000000000000044, -1.199999999999999956, 1.449999999999999734 ) ) ;
#151 = PERSON_AND_ORGANIZATION_ROLE ( 'design_supplier' ) ;
#152 = DIRECTION ( 'NONE',  ( -0.000000000000000000, 0.000000000000000000, 1.000000000000000000 ) ) ;
#153 = DIRECTION ( 'NONE',  ( 0.000000000000000000, 1.000000000000000000, 0.000000000000000000 ) ) ;
#154 = EDGE_CURVE ( 'NONE', #1435, #1303, #74, .T. ) ;
#155 = CARTESIAN_POINT ( 'NONE',  ( 1.925000000000000044, -1.500000000000000222, 1.449999999999999734 ) ) ;
#156 = EDGE_LOOP ( 'NONE', ( #876, #1788, #1520, #548 ) ) ;
#157 = EDGE_LOOP ( 'NONE', ( #1538, #91, #406, #1054 ) ) ;
#158 = DIRECTION ( 'NONE',  ( -0.000000000000000000, -1.000000000000000000, -0.000000000000000000 ) ) ;
#159 = APPROVAL_DATE_TIME ( #622, #222 ) ;
#160 = CIRCLE ( 'NONE', #1253, 0.09842519685039351207 ) ;
#161 = DIRECTION ( 'NONE',  ( -0.000000000000000000, -1.000000000000000000, -0.000000000000000000 ) ) ;
#162 = DIRECTION ( 'NONE',  ( -0.000000000000000000, 1.000000000000000000, -0.000000000000000000 ) ) ;
#163 = CARTESIAN_POINT ( 'NONE',  ( 2.125000000000000000, -1.250000000000000000, 1.249999999999999778 ) ) ;
#164 = ORIENTED_EDGE ( 'NONE', *, *, #197, .F. ) ;
#165 = CARTESIAN_POINT ( 'NONE',  ( 1.065944881889764106, 0.000000000000000000, 0.1795275590551181077 ) ) ;
#166 = AXIS2_PLACEMENT_3D ( 'NONE', #1442, #1284, #556 ) ;
#167 = EDGE_CURVE ( 'NONE', #263, #1347, #73, .T. ) ;
#168 = CYLINDRICAL_SURFACE ( 'NONE', #374, 0.09842519685039351207 ) ;
#169 = FACE_OUTER_BOUND ( 'NONE', #1864, .T. ) ;
#170 = VECTOR ( 'NONE', #974, 39.37007874015748143 ) ;
#171 = ORIENTED_EDGE ( 'NONE', *, *, #167, .T. ) ;
#172 = VERTEX_POINT ( 'NONE', #1902 ) ;
#173 = ADVANCED_FACE ( 'NONE', ( #239 ), #980, .F. ) ;
#174 = EDGE_CURVE ( 'NONE', #835, #460, #999, .T. ) ;
#175 = VECTOR ( 'NONE', #40, 39.37007874015748143 ) ;
#176 = ORIENTED_EDGE ( 'NONE', *, *, #1292, .F. ) ;
#177 = LINE ( 'NONE', #611, #1159 ) ;
#178 = FACE_OUTER_BOUND ( 'NONE', #182, .T. ) ;
#179 = CARTESIAN_POINT ( 'NONE',  ( -2.125000000000000000, -1.500000000000000222, -1.049999999999999822 ) ) ;
#180 = VECTOR ( 'NONE', #1393, 39.37007874015748143 ) ;
#181 = DIRECTION ( 'NONE',  ( -0.000000000000000000, -1.000000000000000000, -0.000000000000000000 ) ) ;
#182 = EDGE_LOOP ( 'NONE', ( #1897, #1068 ) ) ;
#183 = CARTESIAN_POINT ( 'NONE',  ( -1.925000000000000044, -1.499999999999999778, -0.8749999999999997780 ) ) ;
#184 = ORIENTED_EDGE ( 'NONE', *, *, #1203, .T. ) ;
#185 = CARTESIAN_POINT ( 'NONE',  ( 2.125000000000000000, -1.328699999999999992, 1.249999999999999778 ) ) ;
#186 = ADVANCED_FACE ( 'NONE', ( #1002 ), #107, .F. ) ;
#187 = DIRECTION ( 'NONE',  ( -0.000000000000000000, 0.000000000000000000, -1.000000000000000000 ) ) ;
#188 = DIRECTION ( 'NONE',  ( 1.000000000000000000, 0.000000000000000000, 0.000000000000000000 ) ) ;
#189 = CARTESIAN_POINT ( 'NONE',  ( 0.03169291000000005326, 0.2999999999999999889, -0.7874015750000000757 ) ) ;
#190 = CC_DESIGN_PERSON_AND_ORGANIZATION_ASSIGNMENT ( #916, #151, ( #671 ) ) ;
#191 = ORIENTED_EDGE ( 'NONE', *, *, #1292, .T. ) ;
#192 = AXIS2_PLACEMENT_3D ( 'NONE', #402, #577, #286 ) ;
#193 = CARTESIAN_POINT ( 'NONE',  ( 2.125000000000000000, -1.250000000000000000, 1.249999999999999778 ) ) ;
#194 = ORIENTED_EDGE ( 'NONE', *, *, #1241, .F. ) ;
#195 = CARTESIAN_POINT ( 'NONE',  ( 2.125000000000000000, -1.250000000000000000, 1.368099999999999206 ) ) ;
#196 = CARTESIAN_POINT ( 'NONE',  ( 1.625000000000000000, -1.499999999999999556, 0.8750000000000001110 ) ) ;
#197 = EDGE_CURVE ( 'NONE', #716, #1242, #699, .T. ) ;
#198 = DIRECTION ( 'NONE',  ( 0.000000000000000000, 0.000000000000000000, 1.000000000000000000 ) ) ;
#199 = LINE ( 'NONE', #324, #1516 ) ;
#200 = EDGE_CURVE ( 'NONE', #1872, #1531, #721, .T. ) ;
#201 = ORIENTED_EDGE ( 'NONE', *, *, #863, .F. ) ;
#202 = AXIS2_PLACEMENT_3D ( 'NONE', #1565, #209, #813 ) ;
#203 = CARTESIAN_POINT ( 'NONE',  ( 1.065944881889764106, 0.2999999999999999889, 0.1795275590551181077 ) ) ;
#204 = ORIENTED_EDGE ( 'NONE', *, *, #251, .T. ) ;
#205 = AXIS2_PLACEMENT_3D ( 'NONE', #792, #346, #47 ) ;
#206 = CARTESIAN_POINT ( 'NONE',  ( 0.000000000000000000, 0.000000000000000000, 1.306102365000000098 ) ) ;
#207 = CARTESIAN_POINT ( 'NONE',  ( 0.000000000000000000, -1.500000000000000222, 0.000000000000000000 ) ) ;
#208 = LINE ( 'NONE', #1526, #1703 ) ;
#209 = DIRECTION ( 'NONE',  ( 0.000000000000000000, 1.000000000000000000, 0.000000000000000000 ) ) ;
#210 = ORIENTED_EDGE ( 'NONE', *, *, #1390, .F. ) ;
#211 = CARTESIAN_POINT ( 'NONE',  ( 1.925000000000000044, 0.2999999999999999889, 1.449999999999999734 ) ) ;
#212 = VERTEX_POINT ( 'NONE', #1590 ) ;
#213 = AXIS2_PLACEMENT_3D ( 'NONE', #1192, #313, #1632 ) ;
#214 = DIRECTION ( 'NONE',  ( -1.000000000000000000, -0.000000000000000000, -0.000000000000000000 ) ) ;
#215 = FACE_OUTER_BOUND ( 'NONE', #560, .T. ) ;
#216 = PLANE ( 'NONE',  #202 ) ;
#217 = VECTOR ( 'NONE', #1891, 39.37007874015748143 ) ;
#218 = DIRECTION ( 'NONE',  ( 0.000000000000000000, 1.000000000000000000, 0.000000000000000000 ) ) ;
#219 = AXIS2_PLACEMENT_3D ( 'NONE', #552, #123, #132 ) ;
#220 = VERTEX_POINT ( 'NONE', #689 ) ;
#221 = FACE_OUTER_BOUND ( 'NONE', #1846, .T. ) ;
#222 = APPROVAL ( #1751, 'UNSPECIFIED' ) ;
#223 = CARTESIAN_POINT ( 'NONE',  ( -1.625000000000000000, 0.000000000000000000, -1.449999999999999734 ) ) ;
#224 = CARTESIAN_POINT ( 'NONE',  ( 1.925000000000000044, -0.2500000000000000000, -0.8750000000000001110 ) ) ;
#225 = VECTOR ( 'NONE', #1095, 39.37007874015748143 ) ;
#226 = CARTESIAN_POINT ( 'NONE',  ( 1.425000000000000266, 0.2999999999999999889, -0.2779527559055118835 ) ) ;
#227 = CARTESIAN_POINT ( 'NONE',  ( 1.425000000000000266, 0.000000000000000000, -0.1795275590551181077 ) ) ;
#228 = EDGE_CURVE ( 'NONE', #1081, #384, #1813, .T. ) ;
#229 = VERTEX_POINT ( 'NONE', #119 ) ;
#230 = VECTOR ( 'NONE', #727, 39.37007874015748143 ) ;
#231 = ORIENTED_EDGE ( 'NONE', *, *, #1408, .F. ) ;
#232 = EDGE_CURVE ( 'NONE', #42, #1694, #1656, .T. ) ;
#233 = EDGE_CURVE ( 'NONE', #770, #1814, #1715, .T. ) ;
#234 = DIRECTION ( 'NONE',  ( 0.000000000000000000, -1.000000000000000000, 0.000000000000000000 ) ) ;
#235 = CARTESIAN_POINT ( 'NONE',  ( 1.425000000000000266, 0.000000000000000000, -0.1795275590551181077 ) ) ;
#236 = CARTESIAN_POINT ( 'NONE',  ( 2.125000000000000000, -1.250000000000000000, 1.249999999999999778 ) ) ;
#237 = AXIS2_PLACEMENT_3D ( 'NONE', #1863, #881, #1745 ) ;
#238 = CARTESIAN_POINT ( 'NONE',  ( 1.425000000000000266, 0.2999999999999999889, -0.1795275590551181077 ) ) ;
#239 = FACE_OUTER_BOUND ( 'NONE', #1848, .T. ) ;
#240 = CARTESIAN_POINT ( 'NONE',  ( -1.523425196850393570, -0.000000000000000000, 0.000000000000000000 ) ) ;
#241 = ORIENTED_EDGE ( 'NONE', *, *, #1474, .F. ) ;
#242 = VERTEX_POINT ( 'NONE', #680 ) ;
#243 = LINE ( 'NONE', #266, #969 ) ;
#244 = CARTESIAN_POINT ( 'NONE',  ( 1.925000000000000044, -0.2499999999999998057, 0.8750000000000001110 ) ) ;
#245 = EDGE_LOOP ( 'NONE', ( #120, #1144 ) ) ;
#246 = EDGE_CURVE ( 'NONE', #954, #1465, #160, .T. ) ;
#247 = CARTESIAN_POINT ( 'NONE',  ( 1.925000000000000044, -1.500000000000000222, -1.449999999999999734 ) ) ;
#248 = EDGE_CURVE ( 'NONE', #1592, #500, #1148, .T. ) ;
#249 = CARTESIAN_POINT ( 'NONE',  ( 1.065944881889764106, 0.2999999999999999889, 0.1795275590551181077 ) ) ;
#250 = FACE_OUTER_BOUND ( 'NONE', #1760, .T. ) ;
#251 = EDGE_CURVE ( 'NONE', #910, #570, #1690, .T. ) ;
#252 = ORIENTED_EDGE ( 'NONE', *, *, #1415, .T. ) ;
#253 = ORIENTED_EDGE ( 'NONE', *, *, #29, .T. ) ;
#254 = EDGE_CURVE ( 'NONE', #928, #946, #1013, .T. ) ;
#255 = VECTOR ( 'NONE', #873, 39.37007874015748143 ) ;
#256 = FACE_OUTER_BOUND ( 'NONE', #629, .T. ) ;
#257 = LINE ( 'NONE', #593, #325 ) ;
#258 = VERTEX_POINT ( 'NONE', #1444 ) ;
#259 = ADVANCED_FACE ( 'NONE', ( #388 ), #1579, .F. ) ;
#260 = DIRECTION ( 'NONE',  ( -0.000000000000000000, 1.000000000000000000, -0.000000000000000000 ) ) ;
#261 = DIRECTION ( 'NONE',  ( -0.000000000000000000, -1.000000000000000000, -0.000000000000000000 ) ) ;
#262 = EDGE_LOOP ( 'NONE', ( #825, #1381 ) ) ;
#263 = VERTEX_POINT ( 'NONE', #1411 ) ;
#264 = VECTOR ( 'NONE', #1183, 39.37007874015748143 ) ;
#265 = ORIENTED_EDGE ( 'NONE', *, *, #1535, .F. ) ;
#266 = CARTESIAN_POINT ( 'NONE',  ( -1.625000000000000000, -1.500000000000000222, -1.449999999999999734 ) ) ;
#267 = DIRECTION ( 'NONE',  ( -0.000000000000000000, -1.000000000000000000, -0.000000000000000000 ) ) ;
#268 = ORIENTED_EDGE ( 'NONE', *, *, #1844, .T. ) ;
#269 = CARTESIAN_POINT ( 'NONE',  ( 1.425000000000000266, 0.2999999999999999889, -0.1795275590551181077 ) ) ;
#270 = CIRCLE ( 'NONE', #859, 0.09842519685039378963 ) ;
#271 = FACE_BOUND ( 'NONE', #703, .T. ) ;
#272 = VERTEX_POINT ( 'NONE', #81 ) ;
#273 = VERTEX_POINT ( 'NONE', #1268 ) ;
#274 = ORIENTED_EDGE ( 'NONE', *, *, #1925, .F. ) ;
#275 = DIRECTION ( 'NONE',  ( 0.000000000000000000, 0.000000000000000000, -1.000000000000000000 ) ) ;
#276 = VECTOR ( 'NONE', #934, 39.37007874015748143 ) ;
#277 = APPROVAL_ROLE ( '' ) ;
#278 = DIRECTION ( 'NONE',  ( -0.000000000000000000, 0.000000000000000000, 1.000000000000000000 ) ) ;
#279 = FACE_OUTER_BOUND ( 'NONE', #845, .T. ) ;
#280 = ORIENTED_EDGE ( 'NONE', *, *, #1436, .F. ) ;
#281 = VERTEX_POINT ( 'NONE', #98 ) ;
#282 = ADVANCED_FACE ( 'NONE', ( #1285 ), #673, .F. ) ;
#283 = DIRECTION ( 'NONE',  ( 0.000000000000000000, 0.000000000000000000, -1.000000000000000000 ) ) ;
#284 = DIRECTION ( 'NONE',  ( 0.000000000000000000, 1.170791997284683990E-16, 1.000000000000000000 ) ) ;
#285 = CARTESIAN_POINT ( 'NONE',  ( -2.125000000000000000, -1.328699999999999992, -1.249999999999999778 ) ) ;
#286 = DIRECTION ( 'NONE',  ( 0.000000000000000000, 0.000000000000000000, -1.000000000000000000 ) ) ;
#287 = ORIENTED_EDGE ( 'NONE', *, *, #663, .T. ) ;
#288 = ORIENTED_EDGE ( 'NONE', *, *, #752, .T. ) ;
#289 = PLANE ( 'NONE',  #1325 ) ;
#290 = EDGE_CURVE ( 'NONE', #1077, #258, #1033, .T. ) ;
#291 = AXIS2_PLACEMENT_3D ( 'NONE', #496, #1804, #28 ) ;
#292 = DIRECTION ( 'NONE',  ( 0.000000000000000000, 0.000000000000000000, 1.000000000000000000 ) ) ;
#293 = DIRECTION ( 'NONE',  ( 0.000000000000000000, 1.000000000000000000, -0.000000000000000000 ) ) ;
#294 = FACE_OUTER_BOUND ( 'NONE', #1251, .T. ) ;
#295 = AXIS2_PLACEMENT_3D ( 'NONE', #1591, #293, #681 ) ;
#296 = VERTEX_POINT ( 'NONE', #450 ) ;
#297 = EDGE_LOOP ( 'NONE', ( #1048, #1593 ) ) ;
#298 = CARTESIAN_POINT ( 'NONE',  ( 1.925000000000000044, -1.500000000000000222, -1.449999999999999734 ) ) ;
#299 = DATE_AND_TIME ( #37, #1511 ) ;
#300 = LINE ( 'NONE', #1496, #1714 ) ;
#301 = LINE ( 'NONE', #899, #588 ) ;
#302 = FACE_BOUND ( 'NONE', #875, .T. ) ;
#303 = CIRCLE ( 'NONE', #626, 0.09842519685039365085 ) ;
#304 = ADVANCED_FACE ( 'NONE', ( #302, #1039, #1319, #271, #1344, #1463, #1337, #1169, #893 ), #617, .F. ) ;
#305 = CC_DESIGN_APPROVAL ( #539, ( #671 ) ) ;
#306 = ORIENTED_EDGE ( 'NONE', *, *, #942, .F. ) ;
#307 = ADVANCED_FACE ( 'NONE', ( #5 ), #13, .F. ) ;
#308 = ORIENTED_EDGE ( 'NONE', *, *, #1900, .T. ) ;
#309 = CARTESIAN_POINT ( 'NONE',  ( -1.925000000000000044, -0.2500000000000000000, -0.8750000000000001110 ) ) ;
#310 = EDGE_CURVE ( 'NONE', #806, #816, #128, .T. ) ;
#311 = AXIS2_PLACEMENT_3D ( 'NONE', #665, #1228, #1080 ) ;
#312 = VECTOR ( 'NONE', #1652, 39.37007874015748143 ) ;
#313 = DIRECTION ( 'NONE',  ( 0.000000000000000000, 1.000000000000000000, 0.000000000000000000 ) ) ;
#314 = DIRECTION ( 'NONE',  ( 0.000000000000000000, 1.000000000000000000, 0.000000000000000000 ) ) ;
#315 = ADVANCED_FACE ( 'NONE', ( #1204 ), #883, .F. ) ;
#316 = EDGE_LOOP ( 'NONE', ( #367, #357 ) ) ;
#317 = APPLICATION_CONTEXT ( 'configuration controlled 3d designs of mechanical parts and assemblies' ) ;
#318 = ORIENTED_EDGE ( 'NONE', *, *, #254, .T. ) ;
#319 = ORIENTED_EDGE ( 'NONE', *, *, #1274, .F. ) ;
#320 = CARTESIAN_POINT ( 'NONE',  ( -1.925000000000000044, 0.2999999999999999889, 1.449999999999999734 ) ) ;
#321 = VECTOR ( 'NONE', #1158, 39.37007874015748143 ) ;
#322 = SECURITY_CLASSIFICATION_LEVEL ( 'unclassified' ) ;
#323 = DIRECTION ( 'NONE',  ( -0.000000000000000000, -1.000000000000000000, -0.000000000000000000 ) ) ;
#324 = CARTESIAN_POINT ( 'NONE',  ( -1.925000000000000044, 0.2999999999999999889, -1.449999999999999734 ) ) ;
#325 = VECTOR ( 'NONE', #1741, 39.37007874015748143 ) ;
#326 = VECTOR ( 'NONE', #1572, 39.37007874015748854 ) ;
#327 = DIRECTION ( 'NONE',  ( 0.000000000000000000, 0.000000000000000000, -1.000000000000000000 ) ) ;
#328 = ORIENTED_EDGE ( 'NONE', *, *, #1922, .T. ) ;
#329 = PLANE ( 'NONE',  #1561 ) ;
#330 = AXIS2_PLACEMENT_3D ( 'NONE', #1876, #837, #1438 ) ;
#331 = ORIENTED_EDGE ( 'NONE', *, *, #1825, .T. ) ;
#332 = ADVANCED_FACE ( 'NONE', ( #294 ), #1768, .F. ) ;
#333 = CARTESIAN_POINT ( 'NONE',  ( 2.125000000000000000, -1.500000000000000222, 1.249999999999999778 ) ) ;
#334 = DATE_TIME_ROLE ( 'classification_date' ) ;
#335 = ADVANCED_FACE ( 'NONE', ( #279 ), #607, .F. ) ;
#336 = PLANE ( 'NONE',  #205 ) ;
#337 = DIRECTION ( 'NONE',  ( 0.000000000000000000, -0.000000000000000000, -1.000000000000000000 ) ) ;
#338 = AXIS2_PLACEMENT_3D ( 'NONE', #1687, #1847, #1383 ) ;
#339 = CYLINDRICAL_SURFACE ( 'NONE', #1522, 0.09842519685039365085 ) ;
#340 = EDGE_LOOP ( 'NONE', ( #1345, #726, #331, #1570, #1059, #1726, #1278, #1621, #1915, #894, #528 ) ) ;
#341 = CARTESIAN_POINT ( 'NONE',  ( 2.125000000000000000, -1.328699999999999992, 1.249999999999999778 ) ) ;
#342 = EDGE_LOOP ( 'NONE', ( #774, #1905, #1446, #1547 ) ) ;
#343 = LINE ( 'NONE', #45, #731 ) ;
#344 = EDGE_CURVE ( 'NONE', #500, #54, #1489, .T. ) ;
#345 = CARTESIAN_POINT ( 'NONE',  ( 1.625000000000000222, -1.500000000000000222, -0.8749999999999997780 ) ) ;
#346 = DIRECTION ( 'NONE',  ( 0.000000000000000000, 0.000000000000000000, -1.000000000000000000 ) ) ;
#347 = CARTESIAN_POINT ( 'NONE',  ( -1.625000000000000000, -0.2500000000000000000, -0.8750000000000001110 ) ) ;
#348 = ORIENTED_EDGE ( 'NONE', *, *, #1349, .T. ) ;
#349 = ORIENTED_EDGE ( 'NONE', *, *, #752, .F. ) ;
#350 = AXIS2_PLACEMENT_3D ( 'NONE', #375, #965, #57 ) ;
#351 = FACE_OUTER_BOUND ( 'NONE', #652, .T. ) ;
#352 = ORIENTED_EDGE ( 'NONE', *, *, #856, .F. ) ;
#353 = DIRECTION ( 'NONE',  ( -0.000000000000000000, 0.000000000000000000, 1.000000000000000000 ) ) ;
#354 = FACE_BOUND ( 'NONE', #262, .T. ) ;
#355 = LINE ( 'NONE', #1860, #116 ) ;
#356 = LINE ( 'NONE', #366, #1356 ) ;
#357 = ORIENTED_EDGE ( 'NONE', *, *, #93, .F. ) ;
#358 = ORIENTED_EDGE ( 'NONE', *, *, #1645, .T. ) ;
#359 = VECTOR ( 'NONE', #1439, 39.37007874015748143 ) ;
#360 = CARTESIAN_POINT ( 'NONE',  ( -1.925000000000000044, -1.199999999999999956, -1.049999999999999822 ) ) ;
#361 = EDGE_LOOP ( 'NONE', ( #1279, #149, #1260, #932 ) ) ;
#362 = AXIS2_PLACEMENT_3D ( 'NONE', #27, #152, #880 ) ;
#363 = CARTESIAN_POINT ( 'NONE',  ( -1.925000000000000044, -0.2499999999999998057, 0.8750000000000001110 ) ) ;
#364 = CARTESIAN_POINT ( 'NONE',  ( 0.1301181068503938498, 0.000000000000000000, 0.000000000000000000 ) ) ;
#365 = CARTESIAN_POINT ( 'NONE',  ( -1.523425196850393570, 0.2999999999999999889, -1.306102365000000098 ) ) ;
#366 = CARTESIAN_POINT ( 'NONE',  ( -1.625000000000000000, -1.500000000000000222, -0.8749999999999997780 ) ) ;
#367 = ORIENTED_EDGE ( 'NONE', *, *, #174, .F. ) ;
#368 = CARTESIAN_POINT ( 'NONE',  ( -1.925000000000000044, -0.2500000000000000000, -0.8750000000000001110 ) ) ;
#369 = ADVANCED_FACE ( 'NONE', ( #742 ), #1354, .F. ) ;
#370 = ORIENTED_EDGE ( 'NONE', *, *, #443, .T. ) ;
#371 = PERSON ( 'UNSPECIFIED', 'UNSPECIFIED', 'UNSPECIFIED', ('UNSPECIFIED'), ('UNSPECIFIED'), ('UNSPECIFIED') ) ;
#372 = EDGE_CURVE ( 'NONE', #846, #281, #732, .T. ) ;
#373 = DIMENSIONAL_EXPONENTS ( 1.000000000000000000, 0.000000000000000000, 0.000000000000000000, 0.000000000000000000, 0.000000000000000000, 0.000000000000000000, 0.000000000000000000 ) ;
#374 = AXIS2_PLACEMENT_3D ( 'NONE', #1517, #161, #1811 ) ;
#375 = CARTESIAN_POINT ( 'NONE',  ( -1.925000000000000044, -1.199999999999999956, 1.449999999999999734 ) ) ;
#376 = DIRECTION ( 'NONE',  ( -1.000000000000000000, 0.000000000000000000, -0.000000000000000000 ) ) ;
#377 = CARTESIAN_POINT ( 'NONE',  ( -1.425000000000000044, 0.2999999999999999889, -0.7874015749999999647 ) ) ;
#378 = VECTOR ( 'NONE', #1402, 39.37007874015748143 ) ;
#379 = ADVANCED_FACE ( 'NONE', ( #753 ), #1923, .F. ) ;
#380 = DIRECTION ( 'NONE',  ( 0.000000000000000000, 1.000000000000000000, -0.000000000000000000 ) ) ;
#381 = AXIS2_PLACEMENT_3D ( 'NONE', #1494, #1207, #1061 ) ;
#382 = DIRECTION ( 'NONE',  ( 0.000000000000000000, 1.000000000000000000, -0.000000000000000000 ) ) ;
#383 = ORIENTED_EDGE ( 'NONE', *, *, #609, .F. ) ;
#384 = VERTEX_POINT ( 'NONE', #1776 ) ;
#385 = CARTESIAN_POINT ( 'NONE',  ( 0.000000000000000000, 0.000000000000000000, 0.000000000000000000 ) ) ;
#386 = DIRECTION ( 'NONE',  ( -0.000000000000000000, -1.000000000000000000, -0.000000000000000000 ) ) ;
#387 = DIRECTION ( 'NONE',  ( 0.000000000000000000, 0.000000000000000000, 1.000000000000000000 ) ) ;
#388 = FACE_OUTER_BOUND ( 'NONE', #643, .T. ) ;
#389 = DIRECTION ( 'NONE',  ( -0.000000000000000000, 1.000000000000000000, -0.000000000000000000 ) ) ;
#390 =( GEOMETRIC_REPRESENTATION_CONTEXT ( 3 ) GLOBAL_UNCERTAINTY_ASSIGNED_CONTEXT ( ( #1469 ) ) GLOBAL_UNIT_ASSIGNED_CONTEXT ( ( #1887, #696, #737 ) ) REPRESENTATION_CONTEXT ( 'NONE', 'WORKASPACE' ) );
#391 = ORIENTED_EDGE ( 'NONE', *, *, #1552, .T. ) ;
#392 = ORIENTED_EDGE ( 'NONE', *, *, #725, .T. ) ;
#393 = ADVANCED_FACE ( 'NONE', ( #1648, #1500 ), #1787, .T. ) ;
#394 = FACE_OUTER_BOUND ( 'NONE', #1605, .T. ) ;
#395 = CARTESIAN_POINT ( 'NONE',  ( 0.03169291000000005326, 0.2999999999999999889, -0.7874015750000000757 ) ) ;
#396 = LINE ( 'NONE', #1587, #1542 ) ;
#397 = VERTEX_POINT ( 'NONE', #470 ) ;
#398 = AXIS2_PLACEMENT_3D ( 'NONE', #931, #783, #1497 ) ;
#399 = APPROVAL ( #1832, 'UNSPECIFIED' ) ;
#400 = LINE ( 'NONE', #1890, #1167 ) ;
#401 = EDGE_CURVE ( 'NONE', #1465, #1893, #1607, .T. ) ;
#402 = CARTESIAN_POINT ( 'NONE',  ( -2.125000000000000000, -1.500000000000000222, -1.249999999999999778 ) ) ;
#403 = CARTESIAN_POINT ( 'NONE',  ( -2.125000000000000000, -1.250000000000000000, -1.189999999999999947 ) ) ;
#404 = ADVANCED_FACE ( 'NONE', ( #949 ), #1681, .F. ) ;
#405 = ORIENTED_EDGE ( 'NONE', *, *, #603, .F. ) ;
#406 = ORIENTED_EDGE ( 'NONE', *, *, #741, .T. ) ;
#407 = ADVANCED_FACE ( 'NONE', ( #676 ), #1406, .F. ) ;
#408 = CARTESIAN_POINT ( 'NONE',  ( 0.1301181068503938498, -1.500000000000000222, 1.306102365000000098 ) ) ;
#409 = DIRECTION ( 'NONE',  ( 0.000000000000000000, 0.000000000000000000, -1.000000000000000000 ) ) ;
#410 = CARTESIAN_POINT ( 'NONE',  ( -1.523425196850393570, 0.000000000000000000, -1.056102365000000320 ) ) ;
#411 = VERTEX_POINT ( 'NONE', #1115 ) ;
#412 = DIRECTION ( 'NONE',  ( 0.000000000000000000, 0.000000000000000000, -1.000000000000000000 ) ) ;
#413 = CARTESIAN_POINT ( 'NONE',  ( -2.125000000000000000, -1.328699999999999992, -1.249999999999999778 ) ) ;
#414 = AXIS2_PLACEMENT_3D ( 'NONE', #193, #1240, #628 ) ;
#415 = ORIENTED_EDGE ( 'NONE', *, *, #1781, .T. ) ;
#416 = ORIENTED_EDGE ( 'NONE', *, *, #1296, .F. ) ;
#417 = CARTESIAN_POINT ( 'NONE',  ( -2.125000000000000000, -1.328699999999999992, -1.249999999999999778 ) ) ;
#418 = CARTESIAN_POINT ( 'NONE',  ( 1.425000000000000266, 0.2999999999999999889, -0.08110236220472431812 ) ) ;
#419 = EDGE_LOOP ( 'NONE', ( #1894, #674, #1456, #1392 ) ) ;
#420 = DIRECTION ( 'NONE',  ( 0.000000000000000000, 0.000000000000000000, 1.000000000000000000 ) ) ;
#421 = AXIS2_PLACEMENT_3D ( 'NONE', #841, #1308, #687 ) ;
#422 = CARTESIAN_POINT ( 'NONE',  ( 1.925000000000000044, 0.2999999999999999889, 1.449999999999999734 ) ) ;
#423 = VERTEX_POINT ( 'NONE', #817 ) ;
#424 = ORIENTED_EDGE ( 'NONE', *, *, #56, .T. ) ;
#425 = VECTOR ( 'NONE', #1723, 39.37007874015748143 ) ;
#426 = VERTEX_POINT ( 'NONE', #502 ) ;
#427 = VECTOR ( 'NONE', #521, 39.37007874015748143 ) ;
#428 = CARTESIAN_POINT ( 'NONE',  ( -2.125000000000000000, -1.328699999999999992, -1.249999999999999778 ) ) ;
#429 = PERSON_AND_ORGANIZATION ( #371, #1858 ) ;
#430 = ORIENTED_EDGE ( 'NONE', *, *, #1436, .T. ) ;
#431 = DIRECTION ( 'NONE',  ( -0.000000000000000000, -1.000000000000000000, -0.000000000000000000 ) ) ;
#432 = VECTOR ( 'NONE', #1881, 39.37007874015748143 ) ;
#433 = CARTESIAN_POINT ( 'NONE',  ( -2.125000000000000000, -1.250000000000000000, -1.249999999999999778 ) ) ;
#434 = VERTEX_POINT ( 'NONE', #85 ) ;
#435 = VERTEX_POINT ( 'NONE', #827 ) ;
#436 = ORIENTED_EDGE ( 'NONE', *, *, #1841, .T. ) ;
#437 = DIRECTION ( 'NONE',  ( -0.000000000000000000, -1.000000000000000000, -0.000000000000000000 ) ) ;
#438 = CLOSED_SHELL ( 'NONE', ( #745, #335, #1006, #332, #1286, #1125, #950, #602, #865, #282, #587, #307, #114, #1612, #499, #304, #186, #315, #369, #688, #984, #599, #1789, #4, #1443, #748, #1380, #173, #1056, #515, #926, #606, #642, #1065, #379, #407, #1208, #1126, #801, #259, #1179, #854, #534, #1145, #1557, #1441, #393, #1576, #1094, #522, #1766, #1433, #1024, #144, #798, #404 ) ) ;
#439 = DIRECTION ( 'NONE',  ( 0.000000000000000000, -1.000000000000000000, 0.000000000000000000 ) ) ;
#440 = FACE_OUTER_BOUND ( 'NONE', #342, .T. ) ;
#441 = EDGE_CURVE ( 'NONE', #923, #664, #69, .T. ) ;
#442 = CARTESIAN_POINT ( 'NONE',  ( -1.925000000000000044, 0.2999999999999999889, -1.449999999999999734 ) ) ;
#443 = EDGE_CURVE ( 'NONE', #434, #508, #1563, .T. ) ;
#444 = VERTEX_POINT ( 'NONE', #1425 ) ;
#445 = ORIENTED_EDGE ( 'NONE', *, *, #1754, .T. ) ;
#446 = CARTESIAN_POINT ( 'NONE',  ( 1.925000000000000044, -1.499999999999999778, -0.8749999999999997780 ) ) ;
#447 = LINE ( 'NONE', #1919, #1450 ) ;
#448 = LINE ( 'NONE', #1662, #1211 ) ;
#449 = LINE ( 'NONE', #1149, #1237 ) ;
#450 = CARTESIAN_POINT ( 'NONE',  ( -1.974999999999999867, -1.250000000000000000, -1.449999999999999734 ) ) ;
#451 = EDGE_LOOP ( 'NONE', ( #130, #1501 ) ) ;
#452 = ORIENTED_EDGE ( 'NONE', *, *, #585, .T. ) ;
#453 = DIRECTION ( 'NONE',  ( -0.7071067811865504593, -0.7071067811865446862, -0.000000000000000000 ) ) ;
#454 = DIRECTION ( 'NONE',  ( 9.420165495394013011E-17, 0.000000000000000000, -1.000000000000000000 ) ) ;
#455 = DIRECTION ( 'NONE',  ( 0.000000000000000000, 1.000000000000000000, 0.000000000000000000 ) ) ;
#456 = EDGE_CURVE ( 'NONE', #101, #580, #1254, .T. ) ;
#457 = AXIS2_PLACEMENT_3D ( 'NONE', #758, #439, #467 ) ;
#458 = EDGE_CURVE ( 'NONE', #1303, #434, #1387, .T. ) ;
#459 = DIRECTION ( 'NONE',  ( 1.000000000000000000, -0.000000000000000000, 0.000000000000000000 ) ) ;
#460 = VERTEX_POINT ( 'NONE', #92 ) ;
#461 = EDGE_CURVE ( 'NONE', #1814, #1151, #1122, .T. ) ;
#462 = ORIENTED_EDGE ( 'NONE', *, *, #6, .F. ) ;
#463 = DIRECTION ( 'NONE',  ( 0.000000000000000000, 0.000000000000000000, -1.000000000000000000 ) ) ;
#464 = COORDINATED_UNIVERSAL_TIME_OFFSET ( 5, 0, .BEHIND. ) ;
#465 = EDGE_CURVE ( 'NONE', #666, #229, #1416, .T. ) ;
#466 = MANIFOLD_SOLID_BREP ( 'Chamfer2', #438 ) ;
#467 = DIRECTION ( 'NONE',  ( 0.000000000000000000, 0.000000000000000000, -1.000000000000000000 ) ) ;
#468 = CARTESIAN_POINT ( 'NONE',  ( 0.000000000000000000, 0.2999999999999999889, -1.306102365000000098 ) ) ;
#469 = ADVANCED_BREP_SHAPE_REPRESENTATION ( 'OptoMount5.0', ( #466, #1480 ), #390 ) ;
#470 = CARTESIAN_POINT ( 'NONE',  ( 1.625000000000000000, 0.000000000000000000, 1.450000000000000178 ) ) ;
#471 = ORIENTED_EDGE ( 'NONE', *, *, #1301, .T. ) ;
#472 = ORIENTED_EDGE ( 'NONE', *, *, #888, .T. ) ;
#473 = CARTESIAN_POINT ( 'NONE',  ( 1.425000000000000266, 0.2999999999999999889, -0.2779527559055118835 ) ) ;
#474 = AXIS2_PLACEMENT_3D ( 'NONE', #970, #380, #1118 ) ;
#475 = AXIS2_PLACEMENT_3D ( 'NONE', #113, #1008, #1584 ) ;
#476 = CARTESIAN_POINT ( 'NONE',  ( -1.425000000000000044, 0.2999999999999999889, -0.7874015749999999647 ) ) ;
#477 = CARTESIAN_POINT ( 'NONE',  ( 2.125000000000000000, -1.328699999999999992, 1.368099999999999206 ) ) ;
#478 = ORIENTED_EDGE ( 'NONE', *, *, #1241, .T. ) ;
#479 = ORIENTED_EDGE ( 'NONE', *, *, #36, .F. ) ;
#480 = DIRECTION ( 'NONE',  ( -1.000000000000000000, 0.000000000000000000, 0.000000000000000000 ) ) ;
#481 = ORIENTED_EDGE ( 'NONE', *, *, #779, .T. ) ;
#482 = CARTESIAN_POINT ( 'NONE',  ( -1.523425196850393570, 0.000000000000000000, -1.306102365000000098 ) ) ;
#483 = VECTOR ( 'NONE', #1541, 39.37007874015748143 ) ;
#484 = PRODUCT_DEFINITION_SHAPE ( 'NONE', 'NONE',  #514 ) ;
#485 = CALENDAR_DATE ( 2026, 7, 7 ) ;
#486 = CARTESIAN_POINT ( 'NONE',  ( -2.125000000000000000, -1.250000000000000000, -1.049999999999999822 ) ) ;
#487 = DIRECTION ( 'NONE',  ( 0.000000000000000000, -1.000000000000000000, 0.000000000000000000 ) ) ;
#488 = AXIS2_PLACEMENT_3D ( 'NONE', #385, #234, #1851 ) ;
#489 = EDGE_LOOP ( 'NONE', ( #1088, #608, #241, #1857 ) ) ;
#490 = ORIENTED_EDGE ( 'NONE', *, *, #927, .F. ) ;
#491 = CARTESIAN_POINT ( 'NONE',  ( -1.425000000000000044, 0.2999999999999999889, 0.8858267718503934907 ) ) ;
#492 = VECTOR ( 'NONE', #527, 39.37007874015748143 ) ;
#493 = ORIENTED_EDGE ( 'NONE', *, *, #1879, .F. ) ;
#494 = DIRECTION ( 'NONE',  ( 0.000000000000000000, 1.000000000000000000, -0.000000000000000000 ) ) ;
#495 = DIRECTION ( 'NONE',  ( 0.000000000000000000, -1.170791997284683990E-16, -1.000000000000000000 ) ) ;
#496 = CARTESIAN_POINT ( 'NONE',  ( -1.425000000000000044, 0.000000000000000000, -0.7874015749999999647 ) ) ;
#497 = VERTEX_POINT ( 'NONE', #1691 ) ;
#498 = CARTESIAN_POINT ( 'NONE',  ( -2.125000000000000000, -1.250000000000000000, -1.131899999999999684 ) ) ;
#499 = ADVANCED_FACE ( 'NONE', ( #1280, #530, #1865, #937, #354, #1875, #1396, #1711, #221 ), #1721, .T. ) ;
#500 = VERTEX_POINT ( 'NONE', #1534 ) ;
#501 = DIRECTION ( 'NONE',  ( 0.000000000000000000, 1.000000000000000000, -0.000000000000000000 ) ) ;
#502 = CARTESIAN_POINT ( 'NONE',  ( 1.625000000000000222, -1.500000000000000222, -1.449999999999999734 ) ) ;
#503 = LINE ( 'NONE', #86, #794 ) ;
#504 = DIRECTION ( 'NONE',  ( 0.000000000000000000, 1.000000000000000000, 0.000000000000000000 ) ) ;
#505 = VERTEX_POINT ( 'NONE', #540 ) ;
#506 = VECTOR ( 'NONE', #597, 39.37007874015748143 ) ;
#507 = DIRECTION ( 'NONE',  ( -1.000000000000000000, -0.000000000000000000, -0.000000000000000000 ) ) ;
#508 = VERTEX_POINT ( 'NONE', #196 ) ;
#509 = DIRECTION ( 'NONE',  ( -1.000000000000000000, 0.000000000000000000, -0.000000000000000000 ) ) ;
#510 = DIRECTION ( 'NONE',  ( -0.000000000000000000, -1.000000000000000000, -0.000000000000000000 ) ) ;
#511 = LINE ( 'NONE', #486, #519 ) ;
#512 = LINE ( 'NONE', #1427, #1701 ) ;
#513 = VERTEX_POINT ( 'NONE', #1859 ) ;
#514 = PRODUCT_DEFINITION ( 'UNKNOWN', '', #671, #1764 ) ;
#515 = ADVANCED_FACE ( 'NONE', ( #790, #1543 ), #77, .T. ) ;
#516 = EDGE_LOOP ( 'NONE', ( #1771, #1737, #1602, #490 ) ) ;
#517 = LINE ( 'NONE', #1697, #1215 ) ;
#518 = ORIENTED_EDGE ( 'NONE', *, *, #1525, .T. ) ;
#519 = VECTOR ( 'NONE', #1108, 39.37007874015748143 ) ;
#520 = VECTOR ( 'NONE', #1363, 39.37007874015748143 ) ;
#521 = DIRECTION ( 'NONE',  ( 0.000000000000000000, 0.000000000000000000, 1.000000000000000000 ) ) ;
#522 = ADVANCED_FACE ( 'NONE', ( #1702, #667 ), #1261, .T. ) ;
#523 = CARTESIAN_POINT ( 'NONE',  ( -1.425000000000000044, 0.000000000000000000, -0.8858267718503934907 ) ) ;
#524 = LINE ( 'NONE', #967, #83 ) ;
#525 = EDGE_CURVE ( 'NONE', #281, #220, #1437, .T. ) ;
#526 = DIRECTION ( 'NONE',  ( 0.000000000000000000, 1.000000000000000000, 0.000000000000000000 ) ) ;
#527 = DIRECTION ( 'NONE',  ( 9.420165495394011778E-17, -0.000000000000000000, -1.000000000000000000 ) ) ;
#528 = ORIENTED_EDGE ( 'NONE', *, *, #840, .F. ) ;
#529 = ORIENTED_EDGE ( 'NONE', *, *, #1407, .T. ) ;
#530 = FACE_BOUND ( 'NONE', #1091, .T. ) ;
#531 = CARTESIAN_POINT ( 'NONE',  ( -1.425000000000000044, 0.2999999999999999889, 0.8858267718503934907 ) ) ;
#532 = DIRECTION ( 'NONE',  ( 0.000000000000000000, -1.000000000000000000, 0.000000000000000000 ) ) ;
#533 = DIRECTION ( 'NONE',  ( 0.000000000000000000, 0.000000000000000000, 1.000000000000000000 ) ) ;
#534 = ADVANCED_FACE ( 'NONE', ( #1918 ), #1323, .F. ) ;
#535 = CARTESIAN_POINT ( 'NONE',  ( -1.425000000000000044, 0.2999999999999999889, 0.7874015749999999647 ) ) ;
#536 = AXIS2_PLACEMENT_3D ( 'NONE', #413, #261, #533 ) ;
#537 = ORIENTED_EDGE ( 'NONE', *, *, #443, .F. ) ;
#538 = EDGE_LOOP ( 'NONE', ( #578, #683, #1010, #904 ) ) ;
#539 = APPROVAL ( #1515, 'UNSPECIFIED' ) ;
#540 = CARTESIAN_POINT ( 'NONE',  ( 1.625000000000000222, 0.000000000000000000, -1.449999999999999734 ) ) ;
#541 = DIRECTION ( 'NONE',  ( 0.000000000000000000, 0.000000000000000000, 1.000000000000000000 ) ) ;
#542 = DIRECTION ( 'NONE',  ( 0.000000000000000000, 0.000000000000000000, -1.000000000000000000 ) ) ;
#543 = DIRECTION ( 'NONE',  ( 0.000000000000000000, 0.000000000000000000, -1.000000000000000000 ) ) ;
#544 = DIRECTION ( 'NONE',  ( 0.000000000000000000, 0.000000000000000000, -1.000000000000000000 ) ) ;
#545 = EDGE_CURVE ( 'NONE', #54, #397, #1305, .T. ) ;
#546 = DIRECTION ( 'NONE',  ( 0.000000000000000000, 0.000000000000000000, -1.000000000000000000 ) ) ;
#547 = AXIS2_PLACEMENT_3D ( 'NONE', #236, #1853, #953 ) ;
#548 = ORIENTED_EDGE ( 'NONE', *, *, #1756, .F. ) ;
#549 = EDGE_CURVE ( 'NONE', #570, #910, #1512, .T. ) ;
#550 = ORIENTED_EDGE ( 'NONE', *, *, #549, .F. ) ;
#551 = VECTOR ( 'NONE', #1063, 39.37007874015748143 ) ;
#552 = CARTESIAN_POINT ( 'NONE',  ( 1.925000000000000044, -0.2500000000000000000, -0.8750000000000001110 ) ) ;
#553 = CARTESIAN_POINT ( 'NONE',  ( -1.523425196850393570, -0.000000000000000000, 0.000000000000000000 ) ) ;
#554 = ORIENTED_EDGE ( 'NONE', *, *, #167, .F. ) ;
#555 = VECTOR ( 'NONE', #1076, 39.37007874015748143 ) ;
#556 = DIRECTION ( 'NONE',  ( 0.000000000000000000, 0.000000000000000000, -1.000000000000000000 ) ) ;
#557 = DIRECTION ( 'NONE',  ( 0.000000000000000000, 0.000000000000000000, 1.000000000000000000 ) ) ;
#558 = CARTESIAN_POINT ( 'NONE',  ( 1.925000000000000044, -1.500000000000000222, 0.8750000000000001110 ) ) ;
#559 = EDGE_LOOP ( 'NONE', ( #1304, #1129, #63, #1224 ) ) ;
#560 = EDGE_LOOP ( 'NONE', ( #1152, #1338, #194, #122 ) ) ;
#561 = FACE_OUTER_BOUND ( 'NONE', #564, .T. ) ;
#562 = CIRCLE ( 'NONE', #1651, 0.09842519685039378963 ) ;
#563 = PERSON_AND_ORGANIZATION_ROLE ( 'design_owner' ) ;
#564 = EDGE_LOOP ( 'NONE', ( #1329, #1727, #1707, #164 ) ) ;
#565 = LINE ( 'NONE', #698, #321 ) ;
#566 = DIRECTION ( 'NONE',  ( 0.000000000000000000, 1.000000000000000000, 0.000000000000000000 ) ) ;
#567 = AXIS2_PLACEMENT_3D ( 'NONE', #249, #526, #1599 ) ;
#568 = ORIENTED_EDGE ( 'NONE', *, *, #1585, .T. ) ;
#569 = CIRCLE ( 'NONE', #381, 0.09842519685039351207 ) ;
#570 = VERTEX_POINT ( 'NONE', #582 ) ;
#571 = ORIENTED_EDGE ( 'NONE', *, *, #1057, .F. ) ;
#572 = CARTESIAN_POINT ( 'NONE',  ( -1.425000000000000044, 0.000000000000000000, 0.8858267718503934907 ) ) ;
#573 = EDGE_LOOP ( 'NONE', ( #902, #635, #1467, #1181, #1695, #1718, #767, #265, #1609, #1903 ) ) ;
#574 = CARTESIAN_POINT ( 'NONE',  ( 0.1301181068503938498, 0.000000000000000000, 0.000000000000000000 ) ) ;
#575 = CIRCLE ( 'NONE', #1916, 0.09842519685039351207 ) ;
#576 = EDGE_CURVE ( 'NONE', #272, #972, #1614, .T. ) ;
#577 = DIRECTION ( 'NONE',  ( 0.000000000000000000, -1.000000000000000000, 0.000000000000000000 ) ) ;
#578 = ORIENTED_EDGE ( 'NONE', *, *, #117, .F. ) ;
#579 = ORIENTED_EDGE ( 'NONE', *, *, #741, .F. ) ;
#580 = VERTEX_POINT ( 'NONE', #1331 ) ;
#581 = AXIS2_PLACEMENT_3D ( 'NONE', #847, #1131, #1154 ) ;
#582 = CARTESIAN_POINT ( 'NONE',  ( -2.125000000000000000, -1.328699999999999992, -1.189999999999999947 ) ) ;
#583 = DIRECTION ( 'NONE',  ( 1.000000000000000000, 0.000000000000000000, 0.000000000000000000 ) ) ;
#584 = EDGE_CURVE ( 'NONE', #707, #121, #986, .T. ) ;
#585 = EDGE_CURVE ( 'NONE', #125, #994, #1476, .T. ) ;
#586 = CARTESIAN_POINT ( 'NONE',  ( 1.065944881889764106, 0.2999999999999999889, 0.1795275590551181077 ) ) ;
#587 = ADVANCED_FACE ( 'NONE', ( #256 ), #1739, .F. ) ;
#588 = VECTOR ( 'NONE', #1663, 39.37007874015748143 ) ;
#589 = CARTESIAN_POINT ( 'NONE',  ( 0.000000000000000000, 0.2999999999999999889, 0.000000000000000000 ) ) ;
#590 = ORIENTED_EDGE ( 'NONE', *, *, #1849, .F. ) ;
#591 = VERTEX_POINT ( 'NONE', #1895 ) ;
#592 = LINE ( 'NONE', #25, #1219 ) ;
#593 = CARTESIAN_POINT ( 'NONE',  ( 1.065944881889764106, 0.2999999999999999889, 0.2779527559055117725 ) ) ;
#594 = CARTESIAN_POINT ( 'NONE',  ( 1.065944881889764106, 0.000000000000000000, 0.08110236220472445690 ) ) ;
#595 = PLANE ( 'NONE',  #1733 ) ;
#596 = LOCAL_TIME ( 13, 20, 49.00000000000000000, #464 ) ;
#597 = DIRECTION ( 'NONE',  ( -0.000000000000000000, 1.000000000000000000, -0.000000000000000000 ) ) ;
#598 = ORIENTED_EDGE ( 'NONE', *, *, #1266, .T. ) ;
#599 = ADVANCED_FACE ( 'NONE', ( #1164 ), #705, .F. ) ;
#600 = ORIENTED_EDGE ( 'NONE', *, *, #56, .F. ) ;
#601 = CYLINDRICAL_SURFACE ( 'NONE', #75, 0.1180999999999994832 ) ;
#602 = ADVANCED_FACE ( 'NONE', ( #561 ), #1773, .F. ) ;
#603 = EDGE_CURVE ( 'NONE', #212, #1650, #1920, .T. ) ;
#604 = DIRECTION ( 'NONE',  ( 0.000000000000000000, 1.000000000000000000, -1.170791997284683990E-16 ) ) ;
#605 = LINE ( 'NONE', #468, #175 ) ;
#606 = ADVANCED_FACE ( 'NONE', ( #394 ), #1603, .F. ) ;
#607 = CYLINDRICAL_SURFACE ( 'NONE', #1533, 0.1181000000000001632 ) ;
#608 = ORIENTED_EDGE ( 'NONE', *, *, #584, .T. ) ;
#609 = EDGE_CURVE ( 'NONE', #1249, #591, #243, .T. ) ;
#610 = ORIENTED_EDGE ( 'NONE', *, *, #1147, .F. ) ;
#611 = CARTESIAN_POINT ( 'NONE',  ( 0.000000000000000000, 0.2999999999999999889, -1.056102365000000320 ) ) ;
#612 = DATE_AND_TIME ( #485, #596 ) ;
#613 = CIRCLE ( 'NONE', #291, 0.09842519685039351207 ) ;
#614 = CARTESIAN_POINT ( 'NONE',  ( 1.974999999999999867, -1.250000000000000000, 1.049999999999999822 ) ) ;
#615 = PLANE ( 'NONE',  #618 ) ;
#616 = VECTOR ( 'NONE', #966, 39.37007874015748143 ) ;
#617 = PLANE ( 'NONE',  #691 ) ;
#618 = AXIS2_PLACEMENT_3D ( 'NONE', #1046, #1506, #337 ) ;
#619 = ORIENTED_EDGE ( 'NONE', *, *, #915, .T. ) ;
#620 = ORIENTED_EDGE ( 'NONE', *, *, #889, .T. ) ;
#621 = DIRECTION ( 'NONE',  ( -0.000000000000000000, -1.000000000000000000, -0.000000000000000000 ) ) ;
#622 = DATE_AND_TIME ( #1486, #1262 ) ;
#623 = LINE ( 'NONE', #1045, #551 ) ;
#624 = LINE ( 'NONE', #1812, #1796 ) ;
#625 = VERTEX_POINT ( 'NONE', #1458 ) ;
#626 = AXIS2_PLACEMENT_3D ( 'NONE', #136, #730, #420 ) ;
#627 = ORIENTED_EDGE ( 'NONE', *, *, #1210, .F. ) ;
#628 = DIRECTION ( 'NONE',  ( 0.000000000000000000, 0.000000000000000000, 1.000000000000000000 ) ) ;
#629 = EDGE_LOOP ( 'NONE', ( #1560, #1548, #913, #1104 ) ) ;
#630 = CARTESIAN_POINT ( 'NONE',  ( 1.925000000000000044, -1.499999999999999556, 0.8750000000000001110 ) ) ;
#631 = DATE_TIME_ROLE ( 'creation_date' ) ;
#632 = CARTESIAN_POINT ( 'NONE',  ( -2.125000000000000000, -1.500000000000000222, -1.189999999999999947 ) ) ;
#633 = LINE ( 'NONE', #1223, #1019 ) ;
#634 = ORIENTED_EDGE ( 'NONE', *, *, #549, .T. ) ;
#635 = ORIENTED_EDGE ( 'NONE', *, *, #1390, .T. ) ;
#636 = CARTESIAN_POINT ( 'NONE',  ( 0.1301181068503938498, 0.000000000000000000, 1.056102365000000320 ) ) ;
#637 = VERTEX_POINT ( 'NONE', #572 ) ;
#638 = CARTESIAN_POINT ( 'NONE',  ( -2.125000000000000000, -1.250000000000000000, -1.309999999999999609 ) ) ;
#639 = CC_DESIGN_APPROVAL ( #222, ( #514 ) ) ;
#640 = LINE ( 'NONE', #1564, #1453 ) ;
#641 = FACE_OUTER_BOUND ( 'NONE', #1401, .T. ) ;
#642 = ADVANCED_FACE ( 'NONE', ( #1291 ), #836, .F. ) ;
#643 = EDGE_LOOP ( 'NONE', ( #191, #328, #462, #1509 ) ) ;
#644 = DIRECTION ( 'NONE',  ( -0.000000000000000000, -1.000000000000000000, -0.000000000000000000 ) ) ;
#645 = CIRCLE ( 'NONE', #330, 0.09842519685039365085 ) ;
#646 = ORIENTED_EDGE ( 'NONE', *, *, #1525, .F. ) ;
#647 = DIRECTION ( 'NONE',  ( 9.420165495394011778E-17, -0.000000000000000000, -1.000000000000000000 ) ) ;
#648 = CARTESIAN_POINT ( 'NONE',  ( 1.925000000000000044, -1.499999999999999556, 0.8750000000000001110 ) ) ;
#649 = LINE ( 'NONE', #658, #616 ) ;
#650 = CARTESIAN_POINT ( 'NONE',  ( -1.925000000000000044, 0.2999999999999999889, 1.449999999999999734 ) ) ;
#651 = ORIENTED_EDGE ( 'NONE', *, *, #1350, .F. ) ;
#652 = EDGE_LOOP ( 'NONE', ( #1914, #1674, #702, #1513, #1171, #1226 ) ) ;
#653 = CARTESIAN_POINT ( 'NONE',  ( 0.03169291000000005326, 0.2999999999999999889, 0.7874015750000000757 ) ) ;
#654 = EDGE_LOOP ( 'NONE', ( #268, #430, #1032, #1310 ) ) ;
#655 = DIRECTION ( 'NONE',  ( 1.000000000000000000, 0.000000000000000000, 0.000000000000000000 ) ) ;
#656 = CARTESIAN_POINT ( 'NONE',  ( -1.425000000000000044, 0.2999999999999999889, -0.6889763781496064388 ) ) ;
#657 = EDGE_CURVE ( 'NONE', #296, #625, #1141, .T. ) ;
#658 = CARTESIAN_POINT ( 'NONE',  ( 1.925000000000000044, -0.2500000000000000000, -0.8750000000000001110 ) ) ;
#659 = DIRECTION ( 'NONE',  ( 0.000000000000000000, -1.000000000000000000, 2.185478394931411314E-16 ) ) ;
#660 = VECTOR ( 'NONE', #480, 39.37007874015748143 ) ;
#661 = EDGE_CURVE ( 'NONE', #423, #148, #1340, .T. ) ;
#662 = ORIENTED_EDGE ( 'NONE', *, *, #1150, .F. ) ;
#664 = VERTEX_POINT ( 'NONE', #446 ) ;
#663 = EDGE_CURVE ( 'NONE', #895, #397, #1642, .T. ) ;
#665 = CARTESIAN_POINT ( 'NONE',  ( 2.125000000000000000, -1.328699999999999992, 1.249999999999999778 ) ) ;
#666 = VERTEX_POINT ( 'NONE', #1198 ) ;
#667 = FACE_OUTER_BOUND ( 'NONE', #724, .T. ) ;
#668 = VECTOR ( 'NONE', #849, 39.37007874015748143 ) ;
#669 = CARTESIAN_POINT ( 'NONE',  ( -0.7499999999999841238, 1.475000000000006306, 1.449999999999999734 ) ) ;
#670 = CARTESIAN_POINT ( 'NONE',  ( -2.125000000000000000, -1.250000000000000000, -1.049999999999999822 ) ) ;
#671 = PRODUCT_DEFINITION_FORMATION_WITH_SPECIFIED_SOURCE ( 'ANY', '', #1508, .NOT_KNOWN. ) ;
#672 = VECTOR ( 'NONE', #694, 39.37007874015748143 ) ;
#673 = CYLINDRICAL_SURFACE ( 'NONE', #844, 0.05999999999999990757 ) ;
#674 = ORIENTED_EDGE ( 'NONE', *, *, #1778, .F. ) ;
#675 = VECTOR ( 'NONE', #690, 39.37007874015748143 ) ;
#676 = FACE_OUTER_BOUND ( 'NONE', #1017, .T. ) ;
#677 = CARTESIAN_POINT ( 'NONE',  ( 1.425000000000000266, 0.000000000000000000, -0.2779527559055118835 ) ) ;
#678 = DIRECTION ( 'NONE',  ( -0.000000000000000000, -1.000000000000000000, -0.000000000000000000 ) ) ;
#679 = EDGE_CURVE ( 'NONE', #426, #923, #1670, .T. ) ;
#680 = CARTESIAN_POINT ( 'NONE',  ( -1.523425196850393570, 0.3000000000000000999, -1.056102365000000320 ) ) ;
#681 = DIRECTION ( 'NONE',  ( 0.000000000000000000, 0.000000000000000000, -1.000000000000000000 ) ) ;
#682 = ORIENTED_EDGE ( 'NONE', *, *, #1336, .F. ) ;
#683 = ORIENTED_EDGE ( 'NONE', *, *, #661, .T. ) ;
#684 = DIRECTION ( 'NONE',  ( 1.000000000000000000, 0.000000000000000000, -0.000000000000000000 ) ) ;
#685 = LINE ( 'NONE', #1426, #1420 ) ;
#686 = CARTESIAN_POINT ( 'NONE',  ( -2.125000000000000000, -1.250000000000000000, -1.368100000000000094 ) ) ;
#687 = DIRECTION ( 'NONE',  ( 1.000000000000000000, 0.000000000000000000, -0.000000000000000000 ) ) ;
#688 = ADVANCED_FACE ( 'NONE', ( #35 ), #914, .F. ) ;
#689 = CARTESIAN_POINT ( 'NONE',  ( -1.523425196850393570, 0.3000000000000000999, 1.056102365000000320 ) ) ;
#690 = DIRECTION ( 'NONE',  ( 0.000000000000000000, 0.000000000000000000, 1.000000000000000000 ) ) ;
#691 = AXIS2_PLACEMENT_3D ( 'NONE', #589, #1472, #1913 ) ;
#692 = EDGE_LOOP ( 'NONE', ( #711, #785 ) ) ;
#693 = ORIENTED_EDGE ( 'NONE', *, *, #1003, .T. ) ;
#694 = DIRECTION ( 'NONE',  ( 0.000000000000000000, 0.000000000000000000, 1.000000000000000000 ) ) ;
#695 = DIRECTION ( 'NONE',  ( -1.000000000000000000, -0.000000000000000000, 1.365923996832131215E-15 ) ) ;
#696 =( NAMED_UNIT ( * ) PLANE_ANGLE_UNIT ( ) SI_UNIT ( $, .RADIAN. ) );
#697 = EDGE_LOOP ( 'NONE', ( #1769, #1649, #1055, #839 ) ) ;
#698 = CARTESIAN_POINT ( 'NONE',  ( 0.1301181068503938498, 0.2999999999999999889, 0.000000000000000000 ) ) ;
#699 = LINE ( 'NONE', #226, #217 ) ;
#700 = PLANE ( 'NONE',  #237 ) ;
#701 = VECTOR ( 'NONE', #1064, 39.37007874015748143 ) ;
#702 = ORIENTED_EDGE ( 'NONE', *, *, #1430, .T. ) ;
#703 = EDGE_LOOP ( 'NONE', ( #777, #1660 ) ) ;
#704 = AXIS2_PLACEMENT_3D ( 'NONE', #1834, #1264, #187 ) ;
#705 = CYLINDRICAL_SURFACE ( 'NONE', #581, 0.09842519685039365085 ) ;
#706 = LINE ( 'NONE', #729, #1196 ) ;
#707 = VERTEX_POINT ( 'NONE', #309 ) ;
#708 = LINE ( 'NONE', #574, #1227 ) ;
#709 = DIRECTION ( 'NONE',  ( 0.000000000000000000, -0.000000000000000000, 1.000000000000000000 ) ) ;
#710 = ORIENTED_EDGE ( 'NONE', *, *, #1096, .F. ) ;
#711 = ORIENTED_EDGE ( 'NONE', *, *, #228, .F. ) ;
#712 = EDGE_LOOP ( 'NONE', ( #1230, #1482, #139, #1698 ) ) ;
#713 = CARTESIAN_POINT ( 'NONE',  ( -2.125000000000000000, -1.250000000000000000, -1.249999999999999778 ) ) ;
#714 = AXIS2_PLACEMENT_3D ( 'NONE', #1624, #908, #292 ) ;
#715 = DIRECTION ( 'NONE',  ( -0.000000000000000000, 1.000000000000000000, -0.000000000000000000 ) ) ;
#716 = VERTEX_POINT ( 'NONE', #473 ) ;
#717 = EDGE_CURVE ( 'NONE', #1435, #508, #778, .T. ) ;
#718 = EDGE_CURVE ( 'NONE', #1216, #1893, #569, .T. ) ;
#719 = CYLINDRICAL_SURFACE ( 'NONE', #127, 0.09842519685039378963 ) ;
#720 = DIRECTION ( 'NONE',  ( 0.000000000000000000, 0.000000000000000000, -1.000000000000000000 ) ) ;
#721 = CIRCLE ( 'NONE', #1404, 0.1180999999999994832 ) ;
#722 = ORIENTED_EDGE ( 'NONE', *, *, #254, .F. ) ;
#723 = VECTOR ( 'NONE', #1780, 39.37007874015748143 ) ;
#724 = EDGE_LOOP ( 'NONE', ( #610, #518, #319, #1611 ) ) ;
#725 = EDGE_CURVE ( 'NONE', #1025, #982, #1815, .T. ) ;
#726 = ORIENTED_EDGE ( 'NONE', *, *, #679, .F. ) ;
#727 = DIRECTION ( 'NONE',  ( -0.000000000000000000, -1.000000000000000000, 2.185478394931410821E-16 ) ) ;
#728 = EDGE_CURVE ( 'NONE', #993, #497, #592, .T. ) ;
#729 = CARTESIAN_POINT ( 'NONE',  ( -1.925000000000000044, 0.2999999999999999889, 1.449999999999999734 ) ) ;
#730 = DIRECTION ( 'NONE',  ( 0.000000000000000000, 1.000000000000000000, 0.000000000000000000 ) ) ;
#731 = VECTOR ( 'NONE', #647, 39.37007874015748143 ) ;
#732 = LINE ( 'NONE', #147, #506 ) ;
#733 = ORIENTED_EDGE ( 'NONE', *, *, #53, .T. ) ;
#734 = ORIENTED_EDGE ( 'NONE', *, *, #807, .T. ) ;
#735 = VECTOR ( 'NONE', #1729, 39.37007874015748143 ) ;
#736 = DIRECTION ( 'NONE',  ( 0.000000000000000000, 0.000000000000000000, 1.000000000000000000 ) ) ;
#737 =( NAMED_UNIT ( * ) SI_UNIT ( $, .STERADIAN. ) SOLID_ANGLE_UNIT ( ) );
#738 = FACE_OUTER_BOUND ( 'NONE', #1762, .T. ) ;
#739 = DIRECTION ( 'NONE',  ( 0.000000000000000000, 0.000000000000000000, 1.000000000000000000 ) ) ;
#740 = VECTOR ( 'NONE', #695, 39.37007874015748143 ) ;
#741 = EDGE_CURVE ( 'NONE', #795, #1882, #1369, .T. ) ;
#742 = FACE_OUTER_BOUND ( 'NONE', #573, .T. ) ;
#743 = CC_DESIGN_DATE_AND_TIME_ASSIGNMENT ( #46, #334, ( #1089 ) ) ;
#744 = ORIENTED_EDGE ( 'NONE', *, *, #1210, .T. ) ;
#745 = ADVANCED_FACE ( 'NONE', ( #1661 ), #601, .F. ) ;
#746 = ORIENTED_EDGE ( 'NONE', *, *, #718, .T. ) ;
#747 = CYLINDRICAL_SURFACE ( 'NONE', #874, 0.09842519685039351207 ) ;
#748 = ADVANCED_FACE ( 'NONE', ( #762 ), #747, .F. ) ;
#749 = CARTESIAN_POINT ( 'NONE',  ( 0.1301181068503938498, 0.3000000000000000999, 1.306102365000000098 ) ) ;
#750 = CARTESIAN_POINT ( 'NONE',  ( 0.03169291000000006714, 0.2999999999999999889, -0.6889763781496064388 ) ) ;
#751 = APPROVAL_PERSON_ORGANIZATION ( #1793, #539, #763 ) ;
#752 = EDGE_CURVE ( 'NONE', #273, #500, #905, .T. ) ;
#753 = FACE_OUTER_BOUND ( 'NONE', #489, .T. ) ;
#754 = EDGE_CURVE ( 'NONE', #956, #242, #177, .T. ) ;
#755 = ORIENTED_EDGE ( 'NONE', *, *, #465, .T. ) ;
#756 = ORIENTED_EDGE ( 'NONE', *, *, #1147, .T. ) ;
#757 = DIRECTION ( 'NONE',  ( 0.000000000000000000, 0.000000000000000000, 1.000000000000000000 ) ) ;
#758 = CARTESIAN_POINT ( 'NONE',  ( -2.125000000000000000, -1.500000000000000222, -1.249999999999999778 ) ) ;
#759 = DIRECTION ( 'NONE',  ( -0.000000000000000000, 1.000000000000000000, -0.000000000000000000 ) ) ;
#760 = DIRECTION ( 'NONE',  ( 0.000000000000000000, 0.000000000000000000, 1.000000000000000000 ) ) ;
#761 = EDGE_LOOP ( 'NONE', ( #734, #1163, #1195, #493 ) ) ;
#762 = FACE_OUTER_BOUND ( 'NONE', #857, .T. ) ;
#763 = APPROVAL_ROLE ( '' ) ;
#764 = VECTOR ( 'NONE', #1731, 39.37007874015748143 ) ;
#765 = DIRECTION ( 'NONE',  ( 0.000000000000000000, 0.000000000000000000, -1.000000000000000000 ) ) ;
#766 = DIRECTION ( 'NONE',  ( 0.000000000000000000, 0.000000000000000000, 1.000000000000000000 ) ) ;
#767 = ORIENTED_EDGE ( 'NONE', *, *, #59, .F. ) ;
#768 = ORIENTED_EDGE ( 'NONE', *, *, #461, .F. ) ;
#769 = CARTESIAN_POINT ( 'NONE',  ( -2.125000000000000000, -1.250000000000000000, -1.049999999999999822 ) ) ;
#770 = VERTEX_POINT ( 'NONE', #482 ) ;
#771 = DIRECTION ( 'NONE',  ( 0.000000000000000000, -1.000000000000000000, 0.000000000000000000 ) ) ;
#772 = PLANE ( 'NONE',  #1051 ) ;
#773 = CARTESIAN_POINT ( 'NONE',  ( -2.125000000000000000, -1.328699999999999992, -1.131899999999999684 ) ) ;
#774 = ORIENTED_EDGE ( 'NONE', *, *, #1645, .F. ) ;
#775 = EDGE_LOOP ( 'NONE', ( #799, #886, #1161, #44 ) ) ;
#776 = CARTESIAN_POINT ( 'NONE',  ( -1.925000000000000044, 0.2999999999999999889, 1.449999999999999734 ) ) ;
#777 = ORIENTED_EDGE ( 'NONE', *, *, #1082, .F. ) ;
#778 = LINE ( 'NONE', #630, #723 ) ;
#779 = EDGE_CURVE ( 'NONE', #911, #664, #1348, .T. ) ;
#780 = APPROVAL_DATE_TIME ( #612, #399 ) ;
#781 = EDGE_CURVE ( 'NONE', #993, #1449, #1405, .T. ) ;
#782 = DIRECTION ( 'NONE',  ( 0.000000000000000000, 0.000000000000000000, 1.000000000000000000 ) ) ;
#783 = DIRECTION ( 'NONE',  ( 0.000000000000000000, -1.000000000000000000, 0.000000000000000000 ) ) ;
#784 = VECTOR ( 'NONE', #510, 39.37007874015748143 ) ;
#785 = ORIENTED_EDGE ( 'NONE', *, *, #62, .F. ) ;
#786 = ORIENTED_EDGE ( 'NONE', *, *, #401, .F. ) ;
#787 = LINE ( 'NONE', #1667, #660 ) ;
#788 = ORIENTED_EDGE ( 'NONE', *, *, #525, .F. ) ;
#789 = DIRECTION ( 'NONE',  ( 0.000000000000000000, 0.000000000000000000, -1.000000000000000000 ) ) ;
#790 = FACE_OUTER_BOUND ( 'NONE', #1669, .T. ) ;
#791 = CIRCLE ( 'NONE', #547, 0.1999999999999997891 ) ;
#792 = CARTESIAN_POINT ( 'NONE',  ( -1.523425196850393570, -1.500000000000000222, -1.306102365000000098 ) ) ;
#793 = CARTESIAN_POINT ( 'NONE',  ( -1.625000000000000000, -1.500000000000000222, 0.8750000000000001110 ) ) ;
#794 = VECTOR ( 'NONE', #1075, 39.37007874015748143 ) ;
#795 = VERTEX_POINT ( 'NONE', #16 ) ;
#796 = DIRECTION ( 'NONE',  ( 0.000000000000000000, -0.000000000000000000, 1.000000000000000000 ) ) ;
#797 = CIRCLE ( 'NONE', #1578, 0.1181000000000001632 ) ;
#798 = ADVANCED_FACE ( 'NONE', ( #929 ), #289, .F. ) ;
#799 = ORIENTED_EDGE ( 'NONE', *, *, #1617, .F. ) ;
#800 = CARTESIAN_POINT ( 'NONE',  ( -1.523425196850393570, 0.000000000000000000, 1.306102365000000098 ) ) ;
#801 = ADVANCED_FACE ( 'NONE', ( #1050 ), #1243, .F. ) ;
#802 = DIRECTION ( 'NONE',  ( 0.000000000000000000, -1.000000000000000000, 0.000000000000000000 ) ) ;
#803 = EDGE_CURVE ( 'NONE', #172, #637, #575, .T. ) ;
#804 = PLANE ( 'NONE',  #704 ) ;
#805 = CARTESIAN_POINT ( 'NONE',  ( -2.125000000000000000, -1.500000000000000222, -1.449999999999999512 ) ) ;
#806 = VERTEX_POINT ( 'NONE', #1532 ) ;
#807 = EDGE_CURVE ( 'NONE', #33, #846, #1699, .T. ) ;
#808 = ORIENTED_EDGE ( 'NONE', *, *, #1336, .T. ) ;
#809 = DIRECTION ( 'NONE',  ( 0.000000000000000000, 0.000000000000000000, 1.000000000000000000 ) ) ;
#810 = ORIENTED_EDGE ( 'NONE', *, *, #779, .F. ) ;
#811 = DIRECTION ( 'NONE',  ( 0.000000000000000000, 0.000000000000000000, 1.000000000000000000 ) ) ;
#812 = LINE ( 'NONE', #939, #1044 ) ;
#813 = DIRECTION ( 'NONE',  ( 0.000000000000000000, -0.000000000000000000, 1.000000000000000000 ) ) ;
#814 = AXIS2_PLACEMENT_3D ( 'NONE', #1734, #566, #557 ) ;
#815 = DIRECTION ( 'NONE',  ( 0.000000000000000000, 0.000000000000000000, 1.000000000000000000 ) ) ;
#816 = VERTEX_POINT ( 'NONE', #363 ) ;
#817 = CARTESIAN_POINT ( 'NONE',  ( 2.125000000000000000, -1.328699999999999992, 1.309999999999999609 ) ) ;
#818 = AXIS2_PLACEMENT_3D ( 'NONE', #67, #789, #509 ) ;
#819 = DIRECTION ( 'NONE',  ( 0.000000000000000000, 1.000000000000000000, 0.000000000000000000 ) ) ;
#820 = LINE ( 'NONE', #670, #1765 ) ;
#821 = VECTOR ( 'NONE', #811, 39.37007874015748143 ) ;
#822 = CARTESIAN_POINT ( 'NONE',  ( 0.000000000000000000, 0.000000000000000000, -1.306102365000000098 ) ) ;
#823 = LINE ( 'NONE', #240, #985 ) ;
#824 = ORIENTED_EDGE ( 'NONE', *, *, #1492, .T. ) ;
#825 = ORIENTED_EDGE ( 'NONE', *, *, #1357, .T. ) ;
#826 = CIRCLE ( 'NONE', #1267, 0.09842519685039378963 ) ;
#827 = CARTESIAN_POINT ( 'NONE',  ( 1.925000000000000044, 0.2999999999999999889, -1.449999999999999734 ) ) ;
#828 = EDGE_CURVE ( 'NONE', #54, #508, #343, .T. ) ;
#829 = FACE_OUTER_BOUND ( 'NONE', #1708, .T. ) ;
#830 = FACE_OUTER_BOUND ( 'NONE', #1790, .T. ) ;
#831 = LINE ( 'NONE', #872, #912 ) ;
#832 = DIRECTION ( 'NONE',  ( 0.000000000000000000, 1.000000000000000000, 0.000000000000000000 ) ) ;
#833 = LINE ( 'NONE', #1038, #492 ) ;
#834 = ORIENTED_EDGE ( 'NONE', *, *, #1922, .F. ) ;
#835 = VERTEX_POINT ( 'NONE', #195 ) ;
#836 = PLANE ( 'NONE',  #219 ) ;
#837 = DIRECTION ( 'NONE',  ( 0.000000000000000000, 1.000000000000000000, 0.000000000000000000 ) ) ;
#838 = CARTESIAN_POINT ( 'NONE',  ( 2.125000000000000000, -1.328699999999999992, 1.131900000000000128 ) ) ;
#839 = ORIENTED_EDGE ( 'NONE', *, *, #1477, .F. ) ;
#840 = EDGE_CURVE ( 'NONE', #435, #1679, #1839, .T. ) ;
#841 = CARTESIAN_POINT ( 'NONE',  ( 1.925000000000000044, -1.499999999999999556, 0.8750000000000001110 ) ) ;
#842 = DIRECTION ( 'NONE',  ( 0.000000000000000000, 1.000000000000000000, 0.000000000000000000 ) ) ;
#843 = DIRECTION ( 'NONE',  ( -1.000000000000000000, 0.000000000000000000, 0.000000000000000000 ) ) ;
#844 = AXIS2_PLACEMENT_3D ( 'NONE', #1136, #1880, #544 ) ;
#845 = EDGE_LOOP ( 'NONE', ( #405, #358, #66, #1005 ) ) ;
#846 = VERTEX_POINT ( 'NONE', #800 ) ;
#847 = CARTESIAN_POINT ( 'NONE',  ( 1.065944881889764106, 0.2999999999999999889, 0.1795275590551181077 ) ) ;
#848 = ORIENTED_EDGE ( 'NONE', *, *, #1738, .T. ) ;
#849 = DIRECTION ( 'NONE',  ( -0.000000000000000000, 1.000000000000000000, -0.000000000000000000 ) ) ;
#850 = CARTESIAN_POINT ( 'NONE',  ( -1.523425196850393570, -1.500000000000000222, -1.306102365000000098 ) ) ;
#851 = CIRCLE ( 'NONE', #917, 0.05999999999999990757 ) ;
#852 = EDGE_LOOP ( 'NONE', ( #983, #90, #318, #682, #853, #1836, #481, #1752, #1807, #1685 ) ) ;
#853 = ORIENTED_EDGE ( 'NONE', *, *, #154, .T. ) ;
#854 = ADVANCED_FACE ( 'NONE', ( #936 ), #1395, .F. ) ;
#855 = AXIS2_PLACEMENT_3D ( 'NONE', #476, #1478, #145 ) ;
#856 = EDGE_CURVE ( 'NONE', #910, #258, #1252, .T. ) ;
#857 = EDGE_LOOP ( 'NONE', ( #1601, #252, #1330, #201 ) ) ;
#858 = DIRECTION ( 'NONE',  ( 0.000000000000000000, 1.000000000000000000, 0.000000000000000000 ) ) ;
#859 = AXIS2_PLACEMENT_3D ( 'NONE', #227, #153, #739 ) ;
#860 = LENGTH_MEASURE_WITH_UNIT ( LENGTH_MEASURE( 0.02539999999999999897 ), #141 );
#861 = ORIENTED_EDGE ( 'NONE', *, *, #1585, .F. ) ;
#862 = DIRECTION ( 'NONE',  ( -0.000000000000000000, -1.000000000000000000, -0.000000000000000000 ) ) ;
#863 = EDGE_CURVE ( 'NONE', #637, #172, #1823, .T. ) ;
#864 = DIRECTION ( 'NONE',  ( -1.000000000000000000, -0.000000000000000000, -0.000000000000000000 ) ) ;
#865 = ADVANCED_FACE ( 'NONE', ( #1083 ), #1680, .F. ) ;
#866 = ORIENTED_EDGE ( 'NONE', *, *, #1225, .T. ) ;
#867 = ORIENTED_EDGE ( 'NONE', *, *, #458, .F. ) ;
#868 = ORIENTED_EDGE ( 'NONE', *, *, #1879, .T. ) ;
#869 = DIRECTION ( 'NONE',  ( 1.000000000000000000, 0.000000000000000000, 0.000000000000000000 ) ) ;
#870 = AXIS2_PLACEMENT_3D ( 'NONE', #919, #604, #284 ) ;
#871 = COORDINATED_UNIVERSAL_TIME_OFFSET ( 5, 0, .BEHIND. ) ;
#872 = CARTESIAN_POINT ( 'NONE',  ( -1.523425196850393570, -1.500000000000000222, 1.056102365000000320 ) ) ;
#873 = DIRECTION ( 'NONE',  ( -1.000000000000000000, 0.000000000000000000, 9.106159978880875423E-16 ) ) ;
#874 = AXIS2_PLACEMENT_3D ( 'NONE', #1220, #1801, #1359 ) ;
#875 = EDGE_LOOP ( 'NONE', ( #1460, #1120, #1777, #1156 ) ) ;
#876 = ORIENTED_EDGE ( 'NONE', *, *, #924, .F. ) ;
#877 = CARTESIAN_POINT ( 'NONE',  ( -1.523425196850393570, 0.2999999999999999889, 0.000000000000000000 ) ) ;
#878 = DIRECTION ( 'NONE',  ( -0.000000000000000000, 1.000000000000000000, -0.000000000000000000 ) ) ;
#879 = EDGE_CURVE ( 'NONE', #129, #1114, #400, .T. ) ;
#880 = DIRECTION ( 'NONE',  ( 1.000000000000000000, 0.000000000000000000, 0.000000000000000000 ) ) ;
#881 = DIRECTION ( 'NONE',  ( -1.000000000000000000, 0.000000000000000000, 0.000000000000000000 ) ) ;
#882 = CC_DESIGN_DATE_AND_TIME_ASSIGNMENT ( #299, #631, ( #514 ) ) ;
#883 = PLANE ( 'NONE',  #12 ) ;
#884 = ORIENTED_EDGE ( 'NONE', *, *, #1408, .T. ) ;
#885 = AXIS2_PLACEMENT_3D ( 'NONE', #377, #1843, #542 ) ;
#886 = ORIENTED_EDGE ( 'NONE', *, *, #1583, .F. ) ;
#887 = DIRECTION ( 'NONE',  ( 1.000000000000000000, 0.000000000000000000, 0.000000000000000000 ) ) ;
#888 = EDGE_CURVE ( 'NONE', #31, #33, #708, .T. ) ;
#889 = EDGE_CURVE ( 'NONE', #1040, #220, #831, .T. ) ;
#890 = FACE_OUTER_BOUND ( 'NONE', #1206, .T. ) ;
#891 = DIRECTION ( 'NONE',  ( 0.000000000000000000, 0.000000000000000000, 1.000000000000000000 ) ) ;
#892 = CIRCLE ( 'NONE', #295, 0.09842519685039365085 ) ;
#893 = FACE_BOUND ( 'NONE', #1719, .T. ) ;
#894 = ORIENTED_EDGE ( 'NONE', *, *, #1571, .F. ) ;
#895 = VERTEX_POINT ( 'NONE', #106 ) ;
#896 = CARTESIAN_POINT ( 'NONE',  ( 0.03169291000000005326, 0.2999999999999999889, -0.7874015750000000757 ) ) ;
#897 = AXIS2_PLACEMENT_3D ( 'NONE', #586, #431, #412 ) ;
#898 = CARTESIAN_POINT ( 'NONE',  ( -1.925000000000000044, -1.500000000000000222, 1.449999999999999734 ) ) ;
#899 = CARTESIAN_POINT ( 'NONE',  ( 2.125000000000000000, -1.328699999999999992, 1.131900000000000128 ) ) ;
#900 = CC_DESIGN_SECURITY_CLASSIFICATION ( #1089, ( #671 ) ) ;
#901 = DIRECTION ( 'NONE',  ( 0.000000000000000000, -1.000000000000000000, 0.000000000000000000 ) ) ;
#902 = ORIENTED_EDGE ( 'NONE', *, *, #1571, .T. ) ;
#903 = AXIS2_PLACEMENT_3D ( 'NONE', #1421, #1299, #1862 ) ;
#904 = ORIENTED_EDGE ( 'NONE', *, *, #576, .F. ) ;
#905 = CIRCLE ( 'NONE', #1909, 0.1999999999999997891 ) ;
#906 = DIRECTION ( 'NONE',  ( 0.000000000000000000, 1.000000000000000000, 0.000000000000000000 ) ) ;
#907 = PERSON_AND_ORGANIZATION_ROLE ( 'classification_officer' ) ;
#908 = DIRECTION ( 'NONE',  ( -0.000000000000000000, -1.000000000000000000, -0.000000000000000000 ) ) ;
#909 = FACE_OUTER_BOUND ( 'NONE', #1101, .T. ) ;
#910 = VERTEX_POINT ( 'NONE', #1767 ) ;
#911 = VERTEX_POINT ( 'NONE', #1589 ) ;
#912 = VECTOR ( 'NONE', #260, 39.37007874015748143 ) ;
#913 = ORIENTED_EDGE ( 'NONE', *, *, #576, .T. ) ;
#914 = PLANE ( 'NONE',  #1060 ) ;
#915 = EDGE_CURVE ( 'NONE', #497, #1926, #1259, .T. ) ;
#916 = PERSON_AND_ORGANIZATION ( #371, #1858 ) ;
#917 = AXIS2_PLACEMENT_3D ( 'NONE', #1124, #79, #1282 ) ;
#918 = AXIS2_PLACEMENT_3D ( 'NONE', #713, #858, #1928 ) ;
#919 = CARTESIAN_POINT ( 'NONE',  ( 1.925000000000000044, -0.2500000000000000000, -0.8750000000000001110 ) ) ;
#920 = CARTESIAN_POINT ( 'NONE',  ( 2.125000000000000000, -1.328699999999999992, 1.368099999999999206 ) ) ;
#921 = CARTESIAN_POINT ( 'NONE',  ( 2.125000000000000000, -1.328699999999999992, 1.249999999999999778 ) ) ;
#922 = VECTOR ( 'NONE', #11, 39.37007874015748143 ) ;
#923 = VERTEX_POINT ( 'NONE', #247 ) ;
#924 = EDGE_CURVE ( 'NONE', #1034, #411, #1429, .T. ) ;
#925 = CARTESIAN_POINT ( 'NONE',  ( -1.625000000000000000, 0.000000000000000000, -1.449999999999999734 ) ) ;
#926 = ADVANCED_FACE ( 'NONE', ( #1146 ), #1615, .F. ) ;
#927 = EDGE_CURVE ( 'NONE', #1151, #956, #1743, .T. ) ;
#928 = VERTEX_POINT ( 'NONE', #1899 ) ;
#929 = FACE_OUTER_BOUND ( 'NONE', #361, .T. ) ;
#930 = DIRECTION ( 'NONE',  ( 0.000000000000000000, 0.000000000000000000, 1.000000000000000000 ) ) ;
#931 = CARTESIAN_POINT ( 'NONE',  ( 2.125000000000000000, -1.250000000000000000, 1.249999999999999778 ) ) ;
#932 = ORIENTED_EDGE ( 'NONE', *, *, #1271, .F. ) ;
#933 = ORIENTED_EDGE ( 'NONE', *, *, #441, .T. ) ;
#934 = DIRECTION ( 'NONE',  ( 0.000000000000000000, 0.000000000000000000, -1.000000000000000000 ) ) ;
#935 = ORIENTED_EDGE ( 'NONE', *, *, #1066, .T. ) ;
#936 = FACE_OUTER_BOUND ( 'NONE', #654, .T. ) ;
#937 = FACE_BOUND ( 'NONE', #1121, .T. ) ;
#938 = EDGE_CURVE ( 'NONE', #131, #1102, #565, .T. ) ;
#939 = CARTESIAN_POINT ( 'NONE',  ( 0.03169291000000006714, 0.2999999999999999889, -0.6889763781496064388 ) ) ;
#940 = CARTESIAN_POINT ( 'NONE',  ( -1.925000000000000044, -1.500000000000000222, -1.449999999999999734 ) ) ;
#941 = AXIS2_PLACEMENT_3D ( 'NONE', #1021, #1618, #720 ) ;
#942 = EDGE_CURVE ( 'NONE', #101, #1818, #1326, .T. ) ;
#943 = EDGE_LOOP ( 'NONE', ( #867, #1447, #1588, #537 ) ) ;
#944 = EDGE_CURVE ( 'NONE', #411, #273, #1168, .T. ) ;
#945 = CARTESIAN_POINT ( 'NONE',  ( 1.625000000000000222, -1.500000000000000222, -1.449999999999999734 ) ) ;
#946 = VERTEX_POINT ( 'NONE', #1753 ) ;
#947 = CARTESIAN_POINT ( 'NONE',  ( -1.925000000000000044, 0.2999999999999999889, -1.449999999999999734 ) ) ;
#948 = EDGE_CURVE ( 'NONE', #513, #1882, #303, .T. ) ;
#949 = FACE_OUTER_BOUND ( 'NONE', #1042, .T. ) ;
#950 = ADVANCED_FACE ( 'NONE', ( #1921 ), #1732, .F. ) ;
#951 = VECTOR ( 'NONE', #583, 39.37007874015748143 ) ;
#952 = DIRECTION ( 'NONE',  ( 1.000000000000000000, 0.000000000000000000, 0.000000000000000000 ) ) ;
#953 = DIRECTION ( 'NONE',  ( 0.000000000000000000, 0.000000000000000000, 1.000000000000000000 ) ) ;
#954 = VERTEX_POINT ( 'NONE', #1000 ) ;
#955 = VECTOR ( 'NONE', #1098, 39.37007874015748854 ) ;
#956 = VERTEX_POINT ( 'NONE', #1598 ) ;
#957 = FACE_BOUND ( 'NONE', #1758, .T. ) ;
#958 = EDGE_LOOP ( 'NONE', ( #1746, #1473 ) ) ;
#959 = CARTESIAN_POINT ( 'NONE',  ( 1.925000000000000044, -1.500000000000000222, -1.449999999999999734 ) ) ;
#960 = CARTESIAN_POINT ( 'NONE',  ( -1.523425196850393570, -1.500000000000000222, 1.306102365000000098 ) ) ;
#961 = CARTESIAN_POINT ( 'NONE',  ( -1.925000000000000044, 0.2999999999999999889, -1.449999999999999734 ) ) ;
#962 = DIRECTION ( 'NONE',  ( 0.000000000000000000, 1.000000000000000000, 0.000000000000000000 ) ) ;
#963 = VECTOR ( 'NONE', #978, 39.37007874015748143 ) ;
#964 = ORIENTED_EDGE ( 'NONE', *, *, #1350, .T. ) ;
#965 = DIRECTION ( 'NONE',  ( 0.7071067811865504593, -0.7071067811865446862, 0.000000000000000000 ) ) ;
#966 = DIRECTION ( 'NONE',  ( -1.000000000000000000, -0.000000000000000000, -0.000000000000000000 ) ) ;
#967 = CARTESIAN_POINT ( 'NONE',  ( 0.000000000000000000, 0.2999999999999999889, 1.306102365000000098 ) ) ;
#968 = AXIS2_PLACEMENT_3D ( 'NONE', #1566, #1755, #709 ) ;
#969 = VECTOR ( 'NONE', #736, 39.37007874015748143 ) ;
#970 = CARTESIAN_POINT ( 'NONE',  ( -1.425000000000000044, 0.2999999999999999889, 0.7874015749999999647 ) ) ;
#971 = CARTESIAN_POINT ( 'NONE',  ( 1.065944881889764106, 0.2999999999999999889, 0.08110236220472445690 ) ) ;
#972 = VERTEX_POINT ( 'NONE', #1461 ) ;
#973 = ORIENTED_EDGE ( 'NONE', *, *, #232, .F. ) ;
#974 = DIRECTION ( 'NONE',  ( 2.058756816686197226E-32, 1.000000000000000000, -2.185478394931411314E-16 ) ) ;
#975 = AXIS2_PLACEMENT_3D ( 'NONE', #55, #494, #1850 ) ;
#976 = CYLINDRICAL_SURFACE ( 'NONE', #1078, 0.09842519685039365085 ) ;
#977 = LINE ( 'NONE', #1133, #425 ) ;
#978 = DIRECTION ( 'NONE',  ( -1.000000000000000000, -0.000000000000000000, -9.106159978880875423E-16 ) ) ;
#979 = VECTOR ( 'NONE', #1244, 39.37007874015748143 ) ;
#980 = PLANE ( 'NONE',  #968 ) ;
#981 = DIRECTION ( 'NONE',  ( -1.000000000000000000, -0.000000000000000000, -0.000000000000000000 ) ) ;
#982 = VERTEX_POINT ( 'NONE', #1012 ) ;
#983 = ORIENTED_EDGE ( 'NONE', *, *, #1057, .T. ) ;
#984 = ADVANCED_FACE ( 'NONE', ( #1451 ), #719, .F. ) ;
#985 = VECTOR ( 'NONE', #546, 39.37007874015748143 ) ;
#986 = LINE ( 'NONE', #1027, #230 ) ;
#987 = CARTESIAN_POINT ( 'NONE',  ( 1.925000000000000044, -1.199999999999999289, 1.449999999999999734 ) ) ;
#988 = DIRECTION ( 'NONE',  ( -0.000000000000000000, 1.000000000000000000, -0.000000000000000000 ) ) ;
#989 = EDGE_LOOP ( 'NONE', ( #1093, #471, #1596, #834 ) ) ;
#990 = DIRECTION ( 'NONE',  ( 1.000000000000000000, -0.000000000000000000, -0.000000000000000000 ) ) ;
#991 = DIRECTION ( 'NONE',  ( 0.000000000000000000, 0.000000000000000000, 1.000000000000000000 ) ) ;
#992 = LINE ( 'NONE', #146, #1391 ) ;
#993 = VERTEX_POINT ( 'NONE', #1317 ) ;
#994 = VERTEX_POINT ( 'NONE', #1912 ) ;
#995 = DIRECTION ( 'NONE',  ( 0.000000000000000000, -1.000000000000000000, 0.000000000000000000 ) ) ;
#996 = CARTESIAN_POINT ( 'NONE',  ( 0.1301181068503938498, -1.500000000000000222, -1.306102365000000098 ) ) ;
#997 = LINE ( 'NONE', #1910, #359 ) ;
#998 = ORIENTED_EDGE ( 'NONE', *, *, #803, .F. ) ;
#999 = CIRCLE ( 'NONE', #903, 0.1180999999999994832 ) ;
#1000 = CARTESIAN_POINT ( 'NONE',  ( -1.425000000000000044, 0.2999999999999999889, -0.8858267718503934907 ) ) ;
#1001 = EDGE_CURVE ( 'NONE', #994, #1114, #1020, .T. ) ;
#1002 = FACE_OUTER_BOUND ( 'NONE', #852, .T. ) ;
#1003 = EDGE_CURVE ( 'NONE', #1638, #716, #562, .T. ) ;
#1004 = EDGE_LOOP ( 'NONE', ( #1214, #1806 ) ) ;
#1005 = ORIENTED_EDGE ( 'NONE', *, *, #1678, .F. ) ;
#1006 = ADVANCED_FACE ( 'NONE', ( #2 ), #168, .F. ) ;
#1007 = VERTEX_POINT ( 'NONE', #1794 ) ;
#1008 = DIRECTION ( 'NONE',  ( 0.000000000000000000, -2.185478394931410821E-16, -1.000000000000000000 ) ) ;
#1009 = CARTESIAN_POINT ( 'NONE',  ( 0.03169291000000005326, 0.000000000000000000, 0.6889763781496064388 ) ) ;
#1010 = ORIENTED_EDGE ( 'NONE', *, *, #1791, .T. ) ;
#1011 = EDGE_CURVE ( 'NONE', #125, #105, #448, .T. ) ;
#1012 = CARTESIAN_POINT ( 'NONE',  ( 1.065944881889764106, 0.000000000000000000, 0.2779527559055117725 ) ) ;
#1013 = LINE ( 'NONE', #1452, #1283 ) ;
#1014 = APPROVAL_PERSON_ORGANIZATION ( #429, #222, #277 ) ;
#1015 = ORIENTED_EDGE ( 'NONE', *, *, #372, .F. ) ;
#1016 = ORIENTED_EDGE ( 'NONE', *, *, #233, .F. ) ;
#1017 = EDGE_LOOP ( 'NONE', ( #1551, #1628, #8, #110 ) ) ;
#1018 = DIRECTION ( 'NONE',  ( 0.000000000000000000, -1.000000000000000000, 0.000000000000000000 ) ) ;
#1019 = VECTOR ( 'NONE', #188, 39.37007874015748143 ) ;
#1020 = LINE ( 'NONE', #1177, #963 ) ;
#1021 = CARTESIAN_POINT ( 'NONE',  ( 0.03169291000000005326, 0.2999999999999999889, 0.7874015750000000757 ) ) ;
#1022 = ORIENTED_EDGE ( 'NONE', *, *, #1535, .T. ) ;
#1023 = ORIENTED_EDGE ( 'NONE', *, *, #1150, .T. ) ;
#1024 = ADVANCED_FACE ( 'NONE', ( #178, #1334 ), #39, .T. ) ;
#1025 = VERTEX_POINT ( 'NONE', #594 ) ;
#1026 = CIRCLE ( 'NONE', #414, 0.1180999999999994832 ) ;
#1027 = CARTESIAN_POINT ( 'NONE',  ( -1.925000000000000044, -1.499999999999999778, -0.8749999999999997780 ) ) ;
#1028 = APPLICATION_PROTOCOL_DEFINITION ( 'international standard', 'config_control_design', 1994, #317 ) ;
#1029 = DIRECTION ( 'NONE',  ( 0.000000000000000000, 1.000000000000000000, 0.000000000000000000 ) ) ;
#1030 = CYLINDRICAL_SURFACE ( 'NONE', #1361, 0.09842519685039365085 ) ;
#1031 = DIRECTION ( 'NONE',  ( 0.000000000000000000, 0.000000000000000000, 1.000000000000000000 ) ) ;
#1032 = ORIENTED_EDGE ( 'NONE', *, *, #1676, .F. ) ;
#1033 = CIRCLE ( 'NONE', #192, 0.05999999999999990757 ) ;
#1034 = VERTEX_POINT ( 'NONE', #614 ) ;
#1035 = EDGE_CURVE ( 'NONE', #972, #148, #1901, .T. ) ;
#1036 = CARTESIAN_POINT ( 'NONE',  ( 0.03169291000000005326, 0.2999999999999999889, 0.6889763781496064388 ) ) ;
#1037 = DIRECTION ( 'NONE',  ( 1.000000000000000000, 0.000000000000000000, 9.420165495394013011E-17 ) ) ;
#1038 = CARTESIAN_POINT ( 'NONE',  ( 1.625000000000000222, 0.000000000000000000, -1.449999999999999734 ) ) ;
#1039 = FACE_BOUND ( 'NONE', #1403, .T. ) ;
#1040 = VERTEX_POINT ( 'NONE', #1200 ) ;
#1041 = VECTOR ( 'NONE', #988, 39.37007874015748143 ) ;
#1042 = EDGE_LOOP ( 'NONE', ( #1911, #646, #1772, #210 ) ) ;
#1043 = DIRECTION ( 'NONE',  ( -1.000000000000000000, 0.000000000000000000, 0.000000000000000000 ) ) ;
#1044 = VECTOR ( 'NONE', #70, 39.37007874015748143 ) ;
#1045 = CARTESIAN_POINT ( 'NONE',  ( -1.425000000000000044, 0.2999999999999999889, 0.6889763781496064388 ) ) ;
#1046 = CARTESIAN_POINT ( 'NONE',  ( 0.000000000000000000, -1.500000000000000222, 0.000000000000000000 ) ) ;
#1047 = DIRECTION ( 'NONE',  ( 1.000000000000000000, 0.000000000000000000, -0.000000000000000000 ) ) ;
#1048 = ORIENTED_EDGE ( 'NONE', *, *, #1153, .T. ) ;
#1049 = ORIENTED_EDGE ( 'NONE', *, *, #1413, .T. ) ;
#1050 = FACE_OUTER_BOUND ( 'NONE', #516, .T. ) ;
#1051 = AXIS2_PLACEMENT_3D ( 'NONE', #1803, #1037, #454 ) ;
#1052 = DIRECTION ( 'NONE',  ( 0.000000000000000000, 0.000000000000000000, 1.000000000000000000 ) ) ;
#1053 = LINE ( 'NONE', #1655, #1041 ) ;
#1054 = ORIENTED_EDGE ( 'NONE', *, *, #948, .F. ) ;
#1055 = ORIENTED_EDGE ( 'NONE', *, *, #725, .F. ) ;
#1056 = ADVANCED_FACE ( 'NONE', ( #738 ), #772, .F. ) ;
#1057 = EDGE_CURVE ( 'NONE', #7, #1289, #300, .T. ) ;
#1058 = VECTOR ( 'NONE', #218, 39.37007874015748143 ) ;
#1059 = ORIENTED_EDGE ( 'NONE', *, *, #1900, .F. ) ;
#1060 = AXIS2_PLACEMENT_3D ( 'NONE', #320, #9, #1503 ) ;
#1061 = DIRECTION ( 'NONE',  ( 0.000000000000000000, 0.000000000000000000, 1.000000000000000000 ) ) ;
#1062 = COORDINATED_UNIVERSAL_TIME_OFFSET ( 5, 0, .BEHIND. ) ;
#1063 = DIRECTION ( 'NONE',  ( -0.000000000000000000, -1.000000000000000000, -0.000000000000000000 ) ) ;
#1064 = DIRECTION ( 'NONE',  ( 1.000000000000000000, 0.000000000000000000, 0.000000000000000000 ) ) ;
#1065 = ADVANCED_FACE ( 'NONE', ( #1654 ), #1505, .F. ) ;
#1066 = EDGE_CURVE ( 'NONE', #30, #1269, #34, .T. ) ;
#1067 = ORIENTED_EDGE ( 'NONE', *, *, #38, .T. ) ;
#1068 = ORIENTED_EDGE ( 'NONE', *, *, #200, .T. ) ;
#1069 = VECTOR ( 'NONE', #1831, 39.37007874015748143 ) ;
#1070 = DIRECTION ( 'NONE',  ( 0.000000000000000000, 1.000000000000000000, 0.000000000000000000 ) ) ;
#1071 = ORIENTED_EDGE ( 'NONE', *, *, #1756, .T. ) ;
#1072 = DIRECTION ( 'NONE',  ( -0.000000000000000000, 1.000000000000000000, -0.000000000000000000 ) ) ;
#1073 = SHAPE_DEFINITION_REPRESENTATION ( #484, #469 ) ;
#1074 = AXIS2_PLACEMENT_3D ( 'NONE', #207, #802, #1106 ) ;
#1075 = DIRECTION ( 'NONE',  ( 0.000000000000000000, 0.000000000000000000, 1.000000000000000000 ) ) ;
#1076 = DIRECTION ( 'NONE',  ( 0.000000000000000000, 0.000000000000000000, -1.000000000000000000 ) ) ;
#1077 = VERTEX_POINT ( 'NONE', #632 ) ;
#1078 = AXIS2_PLACEMENT_3D ( 'NONE', #395, #1730, #409 ) ;
#1079 = EDGE_LOOP ( 'NONE', ( #1311, #50, #24, #287, #1205, #76, #1540, #348, #598, #571, #590 ) ) ;
#1080 = DIRECTION ( 'NONE',  ( 0.000000000000000000, 0.000000000000000000, 1.000000000000000000 ) ) ;
#1081 = VERTEX_POINT ( 'NONE', #1222 ) ;
#1082 = EDGE_CURVE ( 'NONE', #716, #1638, #68, .T. ) ;
#1083 = FACE_OUTER_BOUND ( 'NONE', #115, .T. ) ;
#1084 = CC_DESIGN_PERSON_AND_ORGANIZATION_ASSIGNMENT ( #1504, #907, ( #1089 ) ) ;
#1085 = PLANE ( 'NONE',  #1544 ) ;
#1086 = CARTESIAN_POINT ( 'NONE',  ( 1.425000000000000266, 0.2999999999999999889, -0.08110236220472431812 ) ) ;
#1087 = EDGE_CURVE ( 'NONE', #1581, #1798, #1808, .T. ) ;
#1088 = ORIENTED_EDGE ( 'NONE', *, *, #1229, .T. ) ;
#1089 = SECURITY_CLASSIFICATION ( '', '', #322 ) ;
#1091 = EDGE_LOOP ( 'NONE', ( #1016, #176, #1316, #768 ) ) ;
#1090 = EDGE_CURVE ( 'NONE', #258, #1077, #1556, .T. ) ;
#1092 = LINE ( 'NONE', #491, #1558 ) ;
#1093 = ORIENTED_EDGE ( 'NONE', *, *, #233, .T. ) ;
#1094 = ADVANCED_FACE ( 'NONE', ( #890 ), #1362, .T. ) ;
#1095 = DIRECTION ( 'NONE',  ( -1.000000000000000000, 0.000000000000000000, 0.000000000000000000 ) ) ;
#1096 = EDGE_CURVE ( 'NONE', #263, #172, #623, .T. ) ;
#1097 = DIRECTION ( 'NONE',  ( 0.000000000000000000, 0.000000000000000000, 1.000000000000000000 ) ) ;
#1098 = DIRECTION ( 'NONE',  ( -0.7071067811865445751, 0.7071067811865503483, 0.000000000000000000 ) ) ;
#1099 = LINE ( 'NONE', #224, #1635 ) ;
#1100 = VECTOR ( 'NONE', #1431, 39.37007874015748143 ) ;
#1101 = EDGE_LOOP ( 'NONE', ( #1138, #1883, #935, #1247 ) ) ;
#1102 = VERTEX_POINT ( 'NONE', #749 ) ;
#1103 = DIRECTION ( 'NONE',  ( 9.420165495394011778E-17, -0.000000000000000000, -1.000000000000000000 ) ) ;
#1104 = ORIENTED_EDGE ( 'NONE', *, *, #1035, .T. ) ;
#1105 = DIRECTION ( 'NONE',  ( 0.000000000000000000, 0.000000000000000000, -1.000000000000000000 ) ) ;
#1106 = DIRECTION ( 'NONE',  ( 0.000000000000000000, -0.000000000000000000, -1.000000000000000000 ) ) ;
#1107 = VECTOR ( 'NONE', #1143, 39.37007874015748143 ) ;
#1108 = DIRECTION ( 'NONE',  ( -1.000000000000000000, -0.000000000000000000, -0.000000000000000000 ) ) ;
#1109 = DIRECTION ( 'NONE',  ( -1.000000000000000000, -0.000000000000000000, -0.000000000000000000 ) ) ;
#1110 = VECTOR ( 'NONE', #782, 39.37007874015748143 ) ;
#1111 = ORIENTED_EDGE ( 'NONE', *, *, #1696, .F. ) ;
#1112 = VECTOR ( 'NONE', #94, 39.37007874015748143 ) ;
#1113 = DIRECTION ( 'NONE',  ( -0.000000000000000000, -1.000000000000000000, -0.000000000000000000 ) ) ;
#1114 = VERTEX_POINT ( 'NONE', #898 ) ;
#1115 = CARTESIAN_POINT ( 'NONE',  ( 2.125000000000000000, -1.250000000000000000, 1.049999999999999822 ) ) ;
#1116 = DIRECTION ( 'NONE',  ( 0.000000000000000000, 0.000000000000000000, -1.000000000000000000 ) ) ;
#1117 = LINE ( 'NONE', #793, #764 ) ;
#1118 = DIRECTION ( 'NONE',  ( 0.000000000000000000, 0.000000000000000000, -1.000000000000000000 ) ) ;
#1119 = DIRECTION ( 'NONE',  ( -0.000000000000000000, -1.000000000000000000, -0.000000000000000000 ) ) ;
#1120 = ORIENTED_EDGE ( 'NONE', *, *, #525, .T. ) ;
#1121 = EDGE_LOOP ( 'NONE', ( #746, #1686 ) ) ;
#1122 = LINE ( 'NONE', #364, #821 ) ;
#1123 = LINE ( 'NONE', #1722, #1112 ) ;
#1124 = CARTESIAN_POINT ( 'NONE',  ( 2.125000000000000000, -1.500000000000000222, 1.249999999999999778 ) ) ;
#1125 = ADVANCED_FACE ( 'NONE', ( #1342 ), #1212, .F. ) ;
#1126 = ADVANCED_FACE ( 'NONE', ( #215 ), #804, .F. ) ;
#1127 = DIRECTION ( 'NONE',  ( 0.000000000000000000, -1.000000000000000000, 0.000000000000000000 ) ) ;
#1128 = DIRECTION ( 'NONE',  ( -0.000000000000000000, -0.000000000000000000, -1.000000000000000000 ) ) ;
#1129 = ORIENTED_EDGE ( 'NONE', *, *, #62, .T. ) ;
#1130 = ORIENTED_EDGE ( 'NONE', *, *, #1238, .F. ) ;
#1131 = DIRECTION ( 'NONE',  ( -0.000000000000000000, -1.000000000000000000, -0.000000000000000000 ) ) ;
#1132 = CARTESIAN_POINT ( 'NONE',  ( 1.925000000000000044, -1.500000000000000222, -1.449999999999999734 ) ) ;
#1133 = CARTESIAN_POINT ( 'NONE',  ( -2.125000000000000000, -1.250000000000000000, -1.449999999999999512 ) ) ;
#1134 = AXIS2_PLACEMENT_3D ( 'NONE', #1546, #504, #387 ) ;
#1135 = CARTESIAN_POINT ( 'NONE',  ( 2.125000000000000000, -1.250000000000000000, 1.049999999999999822 ) ) ;
#1136 = CARTESIAN_POINT ( 'NONE',  ( 2.125000000000000000, -1.250000000000000000, 1.249999999999999778 ) ) ;
#1137 = LINE ( 'NONE', #403, #520 ) ;
#1138 = ORIENTED_EDGE ( 'NONE', *, *, #1087, .F. ) ;
#1139 = EDGE_LOOP ( 'NONE', ( #619, #1049 ) ) ;
#1140 = CIRCLE ( 'NONE', #1455, 0.1180999999999994832 ) ;
#1141 = LINE ( 'NONE', #1761, #1562 ) ;
#1142 = CARTESIAN_POINT ( 'NONE',  ( 1.425000000000000266, 0.000000000000000000, -0.08110236220472431812 ) ) ;
#1143 = DIRECTION ( 'NONE',  ( -9.420165495394013011E-17, 1.170791997284683990E-16, 1.000000000000000000 ) ) ;
#1144 = ORIENTED_EDGE ( 'NONE', *, *, #49, .F. ) ;
#1145 = ADVANCED_FACE ( 'NONE', ( #1554 ), #1085, .F. ) ;
#1146 = FACE_OUTER_BOUND ( 'NONE', #943, .T. ) ;
#1147 = EDGE_CURVE ( 'NONE', #580, #30, #511, .T. ) ;
#1148 = LINE ( 'NONE', #1724, #1100 ) ;
#1149 = CARTESIAN_POINT ( 'NONE',  ( 0.1301181068503938498, -1.500000000000000222, 1.056102365000000320 ) ) ;
#1150 = EDGE_CURVE ( 'NONE', #806, #1659, #208, .T. ) ;
#1151 = VERTEX_POINT ( 'NONE', #1683 ) ;
#1152 = ORIENTED_EDGE ( 'NONE', *, *, #461, .T. ) ;
#1153 = EDGE_CURVE ( 'NONE', #272, #423, #1360, .T. ) ;
#1154 = DIRECTION ( 'NONE',  ( 0.000000000000000000, 0.000000000000000000, -1.000000000000000000 ) ) ;
#1155 = APPLICATION_PROTOCOL_DEFINITION ( 'international standard', 'config_control_design', 1994, #65 ) ;
#1156 = ORIENTED_EDGE ( 'NONE', *, *, #938, .T. ) ;
#1157 = AXIS2_PLACEMENT_3D ( 'NONE', #422, #1309, #991 ) ;
#1158 = DIRECTION ( 'NONE',  ( -0.000000000000000000, 0.000000000000000000, 1.000000000000000000 ) ) ;
#1159 = VECTOR ( 'NONE', #1043, 39.37007874015748143 ) ;
#1160 = DIRECTION ( 'NONE',  ( 1.000000000000000000, 0.000000000000000000, 0.000000000000000000 ) ) ;
#1161 = ORIENTED_EDGE ( 'NONE', *, *, #1636, .T. ) ;
#1162 = EDGE_LOOP ( 'NONE', ( #204, #634 ) ) ;
#1163 = ORIENTED_EDGE ( 'NONE', *, *, #372, .T. ) ;
#1164 = FACE_OUTER_BOUND ( 'NONE', #559, .T. ) ;
#1165 = CARTESIAN_POINT ( 'NONE',  ( -1.625000000000000000, -1.500000000000000222, 1.450000000000000178 ) ) ;
#1166 = ORIENTED_EDGE ( 'NONE', *, *, #585, .F. ) ;
#1167 = VECTOR ( 'NONE', #1298, 39.37007874015748143 ) ;
#1168 = LINE ( 'NONE', #1878, #1412 ) ;
#1169 = FACE_BOUND ( 'NONE', #245, .T. ) ;
#1170 = VECTOR ( 'NONE', #1693, 39.37007874015748143 ) ;
#1171 = ORIENTED_EDGE ( 'NONE', *, *, #1087, .T. ) ;
#1172 = ORIENTED_EDGE ( 'NONE', *, *, #246, .F. ) ;
#1173 = ORIENTED_EDGE ( 'NONE', *, *, #840, .T. ) ;
#1174 = DIRECTION ( 'NONE',  ( 0.000000000000000000, 0.000000000000000000, -1.000000000000000000 ) ) ;
#1175 = VECTOR ( 'NONE', #1281, 39.37007874015748143 ) ;
#1176 = CARTESIAN_POINT ( 'NONE',  ( 0.03169291000000006714, 0.000000000000000000, -0.6889763781496064388 ) ) ;
#1177 = CARTESIAN_POINT ( 'NONE',  ( -1.925000000000000044, -1.500000000000000222, 1.449999999999999734 ) ) ;
#1178 = CARTESIAN_POINT ( 'NONE',  ( 1.925000000000000044, -1.499999999999999778, -0.8749999999999997780 ) ) ;
#1179 = ADVANCED_FACE ( 'NONE', ( #1704 ), #1255, .F. ) ;
#1180 = ORIENTED_EDGE ( 'NONE', *, *, #888, .F. ) ;
#1181 = ORIENTED_EDGE ( 'NONE', *, *, #1430, .F. ) ;
#1182 = CARTESIAN_POINT ( 'NONE',  ( 2.125000000000000000, -1.250000000000000000, 1.309999999999999609 ) ) ;
#1183 = DIRECTION ( 'NONE',  ( -0.000000000000000000, 1.000000000000000000, -0.000000000000000000 ) ) ;
#1184 = DIRECTION ( 'NONE',  ( -0.000000000000000000, -1.000000000000000000, -0.000000000000000000 ) ) ;
#1185 = LINE ( 'NONE', #971, #432 ) ;
#1186 = DIRECTION ( 'NONE',  ( 0.000000000000000000, 1.000000000000000000, -2.185478394931410821E-16 ) ) ;
#1187 = EDGE_CURVE ( 'NONE', #7, #435, #1842, .T. ) ;
#1188 = ORIENTED_EDGE ( 'NONE', *, *, #728, .F. ) ;
#1189 = ORIENTED_EDGE ( 'NONE', *, *, #781, .F. ) ;
#1190 = CARTESIAN_POINT ( 'NONE',  ( -1.925000000000000044, 0.000000000000000000, 1.449999999999999734 ) ) ;
#1191 = APPROVAL_ROLE ( '' ) ;
#1192 = CARTESIAN_POINT ( 'NONE',  ( 1.425000000000000266, 0.2999999999999999889, -0.1795275590551181077 ) ) ;
#1193 = CYLINDRICAL_SURFACE ( 'NONE', #58, 0.1999999999999997891 ) ;
#1194 = DIRECTION ( 'NONE',  ( 0.000000000000000000, -2.185478394931410821E-16, -1.000000000000000000 ) ) ;
#1195 = ORIENTED_EDGE ( 'NONE', *, *, #1824, .F. ) ;
#1196 = VECTOR ( 'NONE', #1324, 39.37007874015748143 ) ;
#1197 = VERTEX_POINT ( 'NONE', #365 ) ;
#1198 = CARTESIAN_POINT ( 'NONE',  ( 1.625000000000000000, -1.499999999999999778, -0.8749999999999997780 ) ) ;
#1199 = COORDINATED_UNIVERSAL_TIME_OFFSET ( 5, 0, .BEHIND. ) ;
#1200 = CARTESIAN_POINT ( 'NONE',  ( -1.523425196850393570, 0.000000000000000000, 1.056102365000000320 ) ) ;
#1201 = CARTESIAN_POINT ( 'NONE',  ( 0.000000000000000000, 0.2999999999999999889, 1.056102365000000320 ) ) ;
#1202 = CC_DESIGN_PERSON_AND_ORGANIZATION_ASSIGNMENT ( #1209, #1233, ( #671 ) ) ;
#1203 = EDGE_CURVE ( 'NONE', #1449, #1926, #812, .T. ) ;
#1204 = FACE_OUTER_BOUND ( 'NONE', #340, .T. ) ;
#1205 = ORIENTED_EDGE ( 'NONE', *, *, #545, .F. ) ;
#1206 = EDGE_LOOP ( 'NONE', ( #1440, #306, #1710, #756, #848 ) ) ;
#1207 = DIRECTION ( 'NONE',  ( 0.000000000000000000, 1.000000000000000000, 0.000000000000000000 ) ) ;
#1208 = ADVANCED_FACE ( 'NONE', ( #78 ), #336, .F. ) ;
#1209 = PERSON_AND_ORGANIZATION ( #371, #1858 ) ;
#1210 = EDGE_CURVE ( 'NONE', #14, #895, #1536, .T. ) ;
#1211 = VECTOR ( 'NONE', #1487, 39.37007874015748143 ) ;
#1212 = CYLINDRICAL_SURFACE ( 'NONE', #855, 0.09842519685039351207 ) ;
#1213 = CARTESIAN_POINT ( 'NONE',  ( -1.974999999999999867, -1.250000000000000000, -1.249999999999999778 ) ) ;
#1214 = ORIENTED_EDGE ( 'NONE', *, *, #1035, .F. ) ;
#1215 = VECTOR ( 'NONE', #1559, 39.37007874015748143 ) ;
#1216 = VERTEX_POINT ( 'NONE', #523 ) ;
#1217 = LINE ( 'NONE', #1837, #1499 ) ;
#1218 = ORIENTED_EDGE ( 'NONE', *, *, #197, .T. ) ;
#1219 = VECTOR ( 'NONE', #158, 39.37007874015748143 ) ;
#1220 = CARTESIAN_POINT ( 'NONE',  ( -1.425000000000000044, 0.2999999999999999889, 0.7874015749999999647 ) ) ;
#1221 = APPROVAL_DATE_TIME ( #1653, #539 ) ;
#1222 = CARTESIAN_POINT ( 'NONE',  ( 1.065944881889764106, 0.2999999999999999889, 0.08110236220472445690 ) ) ;
#1223 = CARTESIAN_POINT ( 'NONE',  ( -1.925000000000000044, -1.500000000000000222, -1.449999999999999734 ) ) ;
#1224 = ORIENTED_EDGE ( 'NONE', *, *, #1754, .F. ) ;
#1225 = EDGE_CURVE ( 'NONE', #928, #1034, #640, .T. ) ;
#1226 = ORIENTED_EDGE ( 'NONE', *, *, #1498, .T. ) ;
#1227 = VECTOR ( 'NONE', #278, 39.37007874015748143 ) ;
#1228 = DIRECTION ( 'NONE',  ( -0.000000000000000000, 1.000000000000000000, -0.000000000000000000 ) ) ;
#1229 = EDGE_CURVE ( 'NONE', #1659, #707, #649, .T. ) ;
#1230 = ORIENTED_EDGE ( 'NONE', *, *, #200, .F. ) ;
#1231 = CARTESIAN_POINT ( 'NONE',  ( -1.523425196850393570, -1.500000000000000222, -1.056102365000000320 ) ) ;
#1232 = VECTOR ( 'NONE', #715, 39.37007874015748143 ) ;
#1233 = PERSON_AND_ORGANIZATION_ROLE ( 'creator' ) ;
#1234 = AXIS2_PLACEMENT_3D ( 'NONE', #648, #1097, #684 ) ;
#1235 = CARTESIAN_POINT ( 'NONE',  ( 2.125000000000000000, -1.328699999999999992, 1.249999999999999778 ) ) ;
#1236 = CARTESIAN_POINT ( 'NONE',  ( 2.125000000000000000, -1.250000000000000000, 1.449999999999999512 ) ) ;
#1237 = VECTOR ( 'NONE', #389, 39.37007874015748143 ) ;
#1238 = EDGE_CURVE ( 'NONE', #1882, #513, #1799, .T. ) ;
#1239 = ORIENTED_EDGE ( 'NONE', *, *, #401, .T. ) ;
#1240 = DIRECTION ( 'NONE',  ( 0.000000000000000000, 1.000000000000000000, 0.000000000000000000 ) ) ;
#1241 = EDGE_CURVE ( 'NONE', #1007, #956, #503, .T. ) ;
#1242 = VERTEX_POINT ( 'NONE', #677 ) ;
#1243 = PLANE ( 'NONE',  #1568 ) ;
#1244 = DIRECTION ( 'NONE',  ( 0.000000000000000000, -1.000000000000000000, 0.000000000000000000 ) ) ;
#1245 = CARTESIAN_POINT ( 'NONE',  ( 0.03169291000000005326, 0.000000000000000000, 0.7874015750000000757 ) ) ;
#1246 = DIRECTION ( 'NONE',  ( -0.000000000000000000, 1.000000000000000000, -0.000000000000000000 ) ) ;
#1247 = ORIENTED_EDGE ( 'NONE', *, *, #1700, .T. ) ;
#1248 = APPROVAL_PERSON_ORGANIZATION ( #1820, #399, #1191 ) ;
#1249 = VERTEX_POINT ( 'NONE', #1821 ) ;
#1250 = FACE_OUTER_BOUND ( 'NONE', #775, .T. ) ;
#1251 = EDGE_LOOP ( 'NONE', ( #1493, #1374, #1130, #579 ) ) ;
#1252 = LINE ( 'NONE', #638, #1069 ) ;
#1253 = AXIS2_PLACEMENT_3D ( 'NONE', #1275, #842, #1870 ) ;
#1254 = LINE ( 'NONE', #1553, #326 ) ;
#1255 = PLANE ( 'NONE',  #22 ) ;
#1256 = LINE ( 'NONE', #1705, #951 ) ;
#1257 = ORIENTED_EDGE ( 'NONE', *, *, #718, .F. ) ;
#1258 = DIRECTION ( 'NONE',  ( 0.000000000000000000, 0.000000000000000000, 1.000000000000000000 ) ) ;
#1259 = CIRCLE ( 'NONE', #166, 0.09842519685039365085 ) ;
#1260 = ORIENTED_EDGE ( 'NONE', *, *, #1225, .F. ) ;
#1261 = PLANE ( 'NONE',  #918 ) ;
#1262 = LOCAL_TIME ( 13, 20, 49.00000000000000000, #871 ) ;
#1263 = AXIS2_PLACEMENT_3D ( 'NONE', #408, #869, #283 ) ;
#1264 = DIRECTION ( 'NONE',  ( 1.000000000000000000, 0.000000000000000000, -0.000000000000000000 ) ) ;
#1265 = CARTESIAN_POINT ( 'NONE',  ( 0.1301181068503938498, 0.000000000000000000, -1.306102365000000098 ) ) ;
#1266 = EDGE_CURVE ( 'NONE', #1629, #1289, #1409, .T. ) ;
#1267 = AXIS2_PLACEMENT_3D ( 'NONE', #235, #1272, #1586 ) ;
#1268 = CARTESIAN_POINT ( 'NONE',  ( 2.125000000000000000, -1.500000000000000222, 1.049999999999999822 ) ) ;
#1269 = VERTEX_POINT ( 'NONE', #1692 ) ;
#1270 = CARTESIAN_POINT ( 'NONE',  ( 1.625000000000000000, -1.500000000000000222, 0.8750000000000001110 ) ) ;
#1271 = EDGE_CURVE ( 'NONE', #1289, #928, #355, .T. ) ;
#1272 = DIRECTION ( 'NONE',  ( 0.000000000000000000, 1.000000000000000000, 0.000000000000000000 ) ) ;
#1273 = DIRECTION ( 'NONE',  ( 0.000000000000000000, 1.000000000000000000, 0.000000000000000000 ) ) ;
#1274 = EDGE_CURVE ( 'NONE', #1269, #296, #1545, .T. ) ;
#1275 = CARTESIAN_POINT ( 'NONE',  ( -1.425000000000000044, 0.2999999999999999889, -0.7874015749999999647 ) ) ;
#1276 = LOCAL_TIME ( 13, 20, 49.00000000000000000, #1810 ) ;
#1277 = CARTESIAN_POINT ( 'NONE',  ( -1.425000000000000044, 0.2999999999999999889, -0.6889763781496064388 ) ) ;
#1278 = ORIENTED_EDGE ( 'NONE', *, *, #1700, .F. ) ;
#1279 = ORIENTED_EDGE ( 'NONE', *, *, #1266, .F. ) ;
#1280 = FACE_BOUND ( 'NONE', #1927, .T. ) ;
#1281 = DIRECTION ( 'NONE',  ( -0.000000000000000000, 1.000000000000000000, -0.000000000000000000 ) ) ;
#1282 = DIRECTION ( 'NONE',  ( 0.000000000000000000, 0.000000000000000000, -1.000000000000000000 ) ) ;
#1283 = VECTOR ( 'NONE', #1127, 39.37007874015748143 ) ;
#1284 = DIRECTION ( 'NONE',  ( 0.000000000000000000, 1.000000000000000000, -0.000000000000000000 ) ) ;
#1285 = FACE_OUTER_BOUND ( 'NONE', #538, .T. ) ;
#1286 = ADVANCED_FACE ( 'NONE', ( #829 ), #976, .F. ) ;
#1287 = CYLINDRICAL_SURFACE ( 'NONE', #1770, 0.1181000000000001632 ) ;
#1288 = EDGE_LOOP ( 'NONE', ( #1023, #436, #383, #308, #744, #274, #1166, #1613 ) ) ;
#1289 = VERTEX_POINT ( 'NONE', #987 ) ;
#1290 = EDGE_CURVE ( 'NONE', #435, #923, #685, .T. ) ;
#1291 = FACE_OUTER_BOUND ( 'NONE', #419, .T. ) ;
#1292 = EDGE_CURVE ( 'NONE', #1888, #770, #1886, .T. ) ;
#1293 = LINE ( 'NONE', #104, #740 ) ;
#1294 = PERSON_AND_ORGANIZATION ( #371, #1858 ) ;
#1295 = ORIENTED_EDGE ( 'NONE', *, *, #1187, .T. ) ;
#1296 = EDGE_CURVE ( 'NONE', #1355, #1242, #826, .T. ) ;
#1297 = VECTOR ( 'NONE', #1877, 39.37007874015748143 ) ;
#1298 = DIRECTION ( 'NONE',  ( -0.000000000000000000, -1.000000000000000000, -0.000000000000000000 ) ) ;
#1299 = DIRECTION ( 'NONE',  ( 0.000000000000000000, 1.000000000000000000, 0.000000000000000000 ) ) ;
#1300 = VECTOR ( 'NONE', #1595, 39.37007874015748143 ) ;
#1301 = EDGE_CURVE ( 'NONE', #1814, #1007, #1740, .T. ) ;
#1302 = LINE ( 'NONE', #1735, #675 ) ;
#1303 = VERTEX_POINT ( 'NONE', #244 ) ;
#1304 = ORIENTED_EDGE ( 'NONE', *, *, #1898, .F. ) ;
#1305 = LINE ( 'NONE', #1314, #735 ) ;
#1306 = CARTESIAN_POINT ( 'NONE',  ( 0.000000000000000000, 0.000000000000000000, 0.000000000000000000 ) ) ;
#1307 = ORIENTED_EDGE ( 'NONE', *, *, #344, .T. ) ;
#1308 = DIRECTION ( 'NONE',  ( 0.000000000000000000, 0.000000000000000000, 1.000000000000000000 ) ) ;
#1309 = DIRECTION ( 'NONE',  ( -1.000000000000000000, 0.000000000000000000, 0.000000000000000000 ) ) ;
#1310 = ORIENTED_EDGE ( 'NONE', *, *, #889, .F. ) ;
#1311 = ORIENTED_EDGE ( 'NONE', *, *, #879, .T. ) ;
#1312 = AXIS2_PLACEMENT_3D ( 'NONE', #1783, #323, #1052 ) ;
#1313 = ORIENTED_EDGE ( 'NONE', *, *, #1407, .F. ) ;
#1314 = CARTESIAN_POINT ( 'NONE',  ( 1.625000000000000000, -1.500000000000000222, 1.450000000000000178 ) ) ;
#1315 = CARTESIAN_POINT ( 'NONE',  ( 1.625000000000000222, -0.2500000000000000555, -1.450000000000000178 ) ) ;
#1316 = ORIENTED_EDGE ( 'NONE', *, *, #111, .F. ) ;
#1317 = CARTESIAN_POINT ( 'NONE',  ( 0.03169291000000005326, 0.2999999999999999889, -0.8858267718503937127 ) ) ;
#1318 = VECTOR ( 'NONE', #771, 39.37007874015748143 ) ;
#1319 = FACE_OUTER_BOUND ( 'NONE', #1321, .T. ) ;
#1320 = EDGE_LOOP ( 'NONE', ( #1828, #1239, #1257, #651 ) ) ;
#1321 = EDGE_LOOP ( 'NONE', ( #1295, #1173, #1826, #1483 ) ) ;
#1322 = ORIENTED_EDGE ( 'NONE', *, *, #924, .T. ) ;
#1323 = PLANE ( 'NONE',  #1263 ) ;
#1324 = DIRECTION ( 'NONE',  ( 1.000000000000000000, 0.000000000000000000, 0.000000000000000000 ) ) ;
#1325 = AXIS2_PLACEMENT_3D ( 'NONE', #150, #453, #463 ) ;
#1326 = LINE ( 'NONE', #1606, #1759 ) ;
#1327 = DIRECTION ( 'NONE',  ( -0.000000000000000000, 1.000000000000000000, -0.000000000000000000 ) ) ;
#1328 = AXIS2_PLACEMENT_3D ( 'NONE', #1748, #437, #1448 ) ;
#1329 = ORIENTED_EDGE ( 'NONE', *, *, #1082, .T. ) ;
#1330 = ORIENTED_EDGE ( 'NONE', *, *, #1096, .T. ) ;
#1331 = CARTESIAN_POINT ( 'NONE',  ( -1.974999999999999867, -1.250000000000000000, -1.049999999999999822 ) ) ;
#1332 = AXIS2_PLACEMENT_3D ( 'NONE', #535, #382, #3 ) ;
#1333 = LINE ( 'NONE', #1, #1232 ) ;
#1334 = FACE_BOUND ( 'NONE', #297, .T. ) ;
#1335 = LINE ( 'NONE', #1717, #1671 ) ;
#1336 = EDGE_CURVE ( 'NONE', #1435, #946, #1574, .T. ) ;
#1337 = FACE_BOUND ( 'NONE', #1528, .T. ) ;
#1338 = ORIENTED_EDGE ( 'NONE', *, *, #927, .T. ) ;
#1339 = EDGE_LOOP ( 'NONE', ( #1394, #1067, #1424, #662 ) ) ;
#1340 = LINE ( 'NONE', #1182, #1318 ) ;
#1341 = CALENDAR_DATE ( 2026, 7, 7 ) ;
#1342 = FACE_OUTER_BOUND ( 'NONE', #1320, .T. ) ;
#1343 = LINE ( 'NONE', #477, #51 ) ;
#1344 = FACE_BOUND ( 'NONE', #692, .T. ) ;
#1345 = ORIENTED_EDGE ( 'NONE', *, *, #1290, .T. ) ;
#1346 = AXIS2_PLACEMENT_3D ( 'NONE', #137, #459, #1481 ) ;
#1347 = VERTEX_POINT ( 'NONE', #531 ) ;
#1348 = LINE ( 'NONE', #1819, #1720 ) ;
#1349 = EDGE_CURVE ( 'NONE', #1592, #1629, #1293, .T. ) ;
#1350 = EDGE_CURVE ( 'NONE', #954, #1216, #1123, .T. ) ;
#1351 = CARTESIAN_POINT ( 'NONE',  ( 2.125000000000000000, -1.500000000000000222, 1.249999999999999778 ) ) ;
#1352 = DIRECTION ( 'NONE',  ( 0.000000000000000000, 0.000000000000000000, 1.000000000000000000 ) ) ;
#1353 = EDGE_CURVE ( 'NONE', #795, #444, #645, .T. ) ;
#1354 = PLANE ( 'NONE',  #1346 ) ;
#1355 = VERTEX_POINT ( 'NONE', #1142 ) ;
#1356 = VECTOR ( 'NONE', #659, 39.37007874015748143 ) ;
#1357 = EDGE_CURVE ( 'NONE', #1242, #1355, #270, .T. ) ;
#1358 = ORIENTED_EDGE ( 'NONE', *, *, #863, .T. ) ;
#1359 = DIRECTION ( 'NONE',  ( 0.000000000000000000, 0.000000000000000000, -1.000000000000000000 ) ) ;
#1360 = CIRCLE ( 'NONE', #1889, 0.05999999999999990757 ) ;
#1361 = AXIS2_PLACEMENT_3D ( 'NONE', #1784, #1119, #1892 ) ;
#1362 = PLANE ( 'NONE',  #362 ) ;
#1363 = DIRECTION ( 'NONE',  ( 0.000000000000000000, -1.000000000000000000, 0.000000000000000000 ) ) ;
#1364 = EDGE_LOOP ( 'NONE', ( #1523, #1742, #1657, #1688 ) ) ;
#1365 = ORIENTED_EDGE ( 'NONE', *, *, #1631, .F. ) ;
#1366 = CARTESIAN_POINT ( 'NONE',  ( 1.625000000000000000, -1.500000000000000222, 1.450000000000000178 ) ) ;
#1367 = VECTOR ( 'NONE', #1103, 39.37007874015748143 ) ;
#1368 = ORIENTED_EDGE ( 'NONE', *, *, #251, .F. ) ;
#1369 = LINE ( 'NONE', #1036, #1471 ) ;
#1370 = EDGE_CURVE ( 'NONE', #505, #14, #89, .T. ) ;
#1371 = DIRECTION ( 'NONE',  ( 0.000000000000000000, 0.000000000000000000, 1.000000000000000000 ) ) ;
#1372 = LINE ( 'NONE', #1213, #555 ) ;
#1373 = LINE ( 'NONE', #41, #276 ) ;
#1374 = ORIENTED_EDGE ( 'NONE', *, *, #1716, .T. ) ;
#1375 = CARTESIAN_POINT ( 'NONE',  ( 0.1301181068503938498, 0.3000000000000000999, 1.056102365000000320 ) ) ;
#1376 = EDGE_LOOP ( 'NONE', ( #973, #1111 ) ) ;
#1377 = DIRECTION ( 'NONE',  ( 0.000000000000000000, 0.000000000000000000, 1.000000000000000000 ) ) ;
#1378 = CARTESIAN_POINT ( 'NONE',  ( 1.925000000000000044, 0.2999999999999999889, 1.449999999999999734 ) ) ;
#1379 = CARTESIAN_POINT ( 'NONE',  ( -2.125000000000000000, -1.250000000000000000, -1.249999999999999778 ) ) ;
#1380 = ADVANCED_FACE ( 'NONE', ( #1871 ), #700, .F. ) ;
#1381 = ORIENTED_EDGE ( 'NONE', *, *, #1296, .T. ) ;
#1382 = ORIENTED_EDGE ( 'NONE', *, *, #1495, .F. ) ;
#1383 = DIRECTION ( 'NONE',  ( 0.000000000000000000, 0.000000000000000000, -1.000000000000000000 ) ) ;
#1384 = ORIENTED_EDGE ( 'NONE', *, *, #1495, .T. ) ;
#1385 = CARTESIAN_POINT ( 'NONE',  ( -2.125000000000000000, -1.250000000000000000, -1.249999999999999778 ) ) ;
#1386 = VECTOR ( 'NONE', #678, 39.37007874015748143 ) ;
#1387 = LINE ( 'NONE', #1840, #143 ) ;
#1388 = DIRECTION ( 'NONE',  ( 0.7071067811865445751, -0.7071067811865503483, 0.000000000000000000 ) ) ;
#1389 = LINE ( 'NONE', #1555, #1386 ) ;
#1390 = EDGE_CURVE ( 'NONE', #625, #101, #1302, .T. ) ;
#1391 = VECTOR ( 'NONE', #1445, 39.37007874015748143 ) ;
#1392 = ORIENTED_EDGE ( 'NONE', *, *, #1869, .F. ) ;
#1393 = DIRECTION ( 'NONE',  ( -0.000000000000000000, -1.170791997284683990E-16, -1.000000000000000000 ) ) ;
#1394 = ORIENTED_EDGE ( 'NONE', *, *, #310, .T. ) ;
#1395 = PLANE ( 'NONE',  #818 ) ;
#1396 = FACE_BOUND ( 'NONE', #1139, .T. ) ;
#1397 = DIRECTION ( 'NONE',  ( -0.000000000000000000, -1.000000000000000000, -0.000000000000000000 ) ) ;
#1398 = CYLINDRICAL_SURFACE ( 'NONE', #885, 0.09842519685039351207 ) ;
#1399 = AXIS2_PLACEMENT_3D ( 'NONE', #1351, #17, #765 ) ;
#1400 = CC_DESIGN_APPROVAL ( #399, ( #1089 ) ) ;
#1401 = EDGE_LOOP ( 'NONE', ( #349, #1510, #1071, #1569 ) ) ;
#1402 = DIRECTION ( 'NONE',  ( 0.000000000000000000, 1.000000000000000000, 0.000000000000000000 ) ) ;
#1403 = EDGE_LOOP ( 'NONE', ( #1423, #391, #478, #1917 ) ) ;
#1404 = AXIS2_PLACEMENT_3D ( 'NONE', #921, #832, #88 ) ;
#1405 = CIRCLE ( 'NONE', #1664, 0.09842519685039365085 ) ;
#1406 = PLANE ( 'NONE',  #1234 ) ;
#1407 = EDGE_CURVE ( 'NONE', #397, #505, #833, .T. ) ;
#1408 = EDGE_CURVE ( 'NONE', #946, #273, #1335, .T. ) ;
#1409 = LINE ( 'NONE', #669, #955 ) ;
#1410 = LINE ( 'NONE', #1713, #1297 ) ;
#1411 = CARTESIAN_POINT ( 'NONE',  ( -1.425000000000000044, 0.2999999999999999889, 0.6889763781496064388 ) ) ;
#1412 = VECTOR ( 'NONE', #126, 39.37007874015748143 ) ;
#1413 = EDGE_CURVE ( 'NONE', #1926, #497, #892, .T. ) ;
#1414 = ORIENTED_EDGE ( 'NONE', *, *, #828, .T. ) ;
#1415 = EDGE_CURVE ( 'NONE', #1347, #263, #1833, .T. ) ;
#1416 = LINE ( 'NONE', #345, #170 ) ;
#1417 = AXIS2_PLACEMENT_3D ( 'NONE', #417, #1907, #140 ) ;
#1418 = DIRECTION ( 'NONE',  ( -0.000000000000000000, 0.000000000000000000, 1.000000000000000000 ) ) ;
#1419 = LINE ( 'NONE', #650, #1170 ) ;
#1420 = VECTOR ( 'NONE', #386, 39.37007874015748143 ) ;
#1421 = CARTESIAN_POINT ( 'NONE',  ( 2.125000000000000000, -1.250000000000000000, 1.249999999999999778 ) ) ;
#1422 = DIRECTION ( 'NONE',  ( -0.000000000000000000, 0.000000000000000000, -1.000000000000000000 ) ) ;
#1423 = ORIENTED_EDGE ( 'NONE', *, *, #6, .T. ) ;
#1424 = ORIENTED_EDGE ( 'NONE', *, *, #1229, .F. ) ;
#1425 = CARTESIAN_POINT ( 'NONE',  ( 0.03169291000000006714, 0.2999999999999999889, 0.8858267718503937127 ) ) ;
#1426 = CARTESIAN_POINT ( 'NONE',  ( 1.925000000000000044, 0.2999999999999999889, -1.449999999999999734 ) ) ;
#1427 = CARTESIAN_POINT ( 'NONE',  ( -1.523425196850393570, -1.500000000000000222, -1.056102365000000320 ) ) ;
#1428 = EDGE_CURVE ( 'NONE', #1650, #212, #797, .T. ) ;
#1429 = LINE ( 'NONE', #1135, #80 ) ;
#1430 = EDGE_CURVE ( 'NONE', #121, #1818, #99, .T. ) ;
#1431 = DIRECTION ( 'NONE',  ( 0.000000000000000000, -1.000000000000000000, 0.000000000000000000 ) ) ;
#1432 = DIRECTION ( 'NONE',  ( 0.000000000000000000, 1.000000000000000000, 0.000000000000000000 ) ) ;
#1433 = ADVANCED_FACE ( 'NONE', ( #440 ), #1287, .F. ) ;
#1434 = ORIENTED_EDGE ( 'NONE', *, *, #938, .F. ) ;
#1435 = VERTEX_POINT ( 'NONE', #558 ) ;
#1436 = EDGE_CURVE ( 'NONE', #31, #131, #449, .T. ) ;
#1437 = LINE ( 'NONE', #877, #1668 ) ;
#1438 = DIRECTION ( 'NONE',  ( 0.000000000000000000, 0.000000000000000000, 1.000000000000000000 ) ) ;
#1439 = DIRECTION ( 'NONE',  ( -0.000000000000000000, 1.000000000000000000, -0.000000000000000000 ) ) ;
#1440 = ORIENTED_EDGE ( 'NONE', *, *, #96, .F. ) ;
#1441 = ADVANCED_FACE ( 'NONE', ( #250 ), #595, .T. ) ;
#1442 = CARTESIAN_POINT ( 'NONE',  ( 0.03169291000000005326, 0.000000000000000000, -0.7874015750000000757 ) ) ;
#1443 = ADVANCED_FACE ( 'NONE', ( #1488 ), #1030, .F. ) ;
#1444 = CARTESIAN_POINT ( 'NONE',  ( -2.125000000000000000, -1.500000000000000222, -1.309999999999999609 ) ) ;
#1445 = DIRECTION ( 'NONE',  ( -1.000000000000000000, -0.000000000000000000, -0.000000000000000000 ) ) ;
#1446 = ORIENTED_EDGE ( 'NONE', *, *, #1678, .T. ) ;
#1447 = ORIENTED_EDGE ( 'NONE', *, *, #154, .F. ) ;
#1448 = DIRECTION ( 'NONE',  ( 0.000000000000000000, 0.000000000000000000, -1.000000000000000000 ) ) ;
#1449 = VERTEX_POINT ( 'NONE', #750 ) ;
#1450 = VECTOR ( 'NONE', #878, 39.37007874015748143 ) ;
#1451 = FACE_OUTER_BOUND ( 'NONE', #1619, .T. ) ;
#1452 = CARTESIAN_POINT ( 'NONE',  ( 1.925000000000000044, -1.250000000000000000, 1.049999999999999822 ) ) ;
#1453 = VECTOR ( 'NONE', #1388, 39.37007874015748854 ) ;
#1454 = ORIENTED_EDGE ( 'NONE', *, *, #545, .T. ) ;
#1455 = AXIS2_PLACEMENT_3D ( 'NONE', #1647, #455, #1537 ) ;
#1456 = ORIENTED_EDGE ( 'NONE', *, *, #458, .T. ) ;
#1457 = ORIENTED_EDGE ( 'NONE', *, *, #1001, .T. ) ;
#1458 = CARTESIAN_POINT ( 'NONE',  ( -1.925000000000000044, -1.199999999999999289, -1.449999999999999734 ) ) ;
#1459 = LINE ( 'NONE', #1315, #1107 ) ;
#1460 = ORIENTED_EDGE ( 'NONE', *, *, #1824, .T. ) ;
#1461 = CARTESIAN_POINT ( 'NONE',  ( 2.125000000000000000, -1.500000000000000222, 1.189999999999999947 ) ) ;
#1462 = AXIS2_PLACEMENT_3D ( 'NONE', #653, #962, #1258 ) ;
#1463 = FACE_BOUND ( 'NONE', #1475, .T. ) ;
#1464 = ORIENTED_EDGE ( 'NONE', *, *, #1415, .F. ) ;
#1465 = VERTEX_POINT ( 'NONE', #1277 ) ;
#1466 = AXIS2_PLACEMENT_3D ( 'NONE', #10, #1029, #1646 ) ;
#1467 = ORIENTED_EDGE ( 'NONE', *, *, #942, .T. ) ;
#1468 = DIRECTION ( 'NONE',  ( 0.000000000000000000, 1.000000000000000000, 0.000000000000000000 ) ) ;
#1469 = UNCERTAINTY_MEASURE_WITH_UNIT (LENGTH_MEASURE( 1.000000000000000082E-05 ), #1887, 'distance_accuracy_value', 'NONE');
#1470 = DIRECTION ( 'NONE',  ( 0.000000000000000000, -1.000000000000000000, 0.000000000000000000 ) ) ;
#1471 = VECTOR ( 'NONE', #1514, 39.37007874015748143 ) ;
#1472 = DIRECTION ( 'NONE',  ( 0.000000000000000000, -1.000000000000000000, 0.000000000000000000 ) ) ;
#1473 = ORIENTED_EDGE ( 'NONE', *, *, #948, .T. ) ;
#1474 = EDGE_CURVE ( 'NONE', #591, #121, #992, .T. ) ;
#1475 = EDGE_LOOP ( 'NONE', ( #1172, #861 ) ) ;
#1476 = LINE ( 'NONE', #1594, #672 ) ;
#1477 = EDGE_CURVE ( 'NONE', #1081, #1025, #1185, .T. ) ;
#1478 = DIRECTION ( 'NONE',  ( -0.000000000000000000, -1.000000000000000000, -0.000000000000000000 ) ) ;
#1479 = DIRECTION ( 'NONE',  ( -0.000000000000000000, 1.000000000000000000, -0.000000000000000000 ) ) ;
#1480 = AXIS2_PLACEMENT_3D ( 'NONE', #1306, #1623, #1896 ) ;
#1481 = DIRECTION ( 'NONE',  ( 0.000000000000000000, 0.000000000000000000, -1.000000000000000000 ) ) ;
#1482 = ORIENTED_EDGE ( 'NONE', *, *, #1617, .T. ) ;
#1483 = ORIENTED_EDGE ( 'NONE', *, *, #1849, .T. ) ;
#1484 = DIRECTION ( 'NONE',  ( 0.000000000000000000, 1.000000000000000000, -0.000000000000000000 ) ) ;
#1485 = AXIS2_PLACEMENT_3D ( 'NONE', #1795, #314, #1352 ) ;
#1486 = CALENDAR_DATE ( 2026, 7, 7 ) ;
#1487 = DIRECTION ( 'NONE',  ( -1.000000000000000000, -0.000000000000000000, -0.000000000000000000 ) ) ;
#1488 = FACE_OUTER_BOUND ( 'NONE', #157, .T. ) ;
#1489 = LINE ( 'NONE', #155, #255 ) ;
#1490 = CC_DESIGN_PERSON_AND_ORGANIZATION_ASSIGNMENT ( #26, #1802, ( #514 ) ) ;
#1491 = ORIENTED_EDGE ( 'NONE', *, *, #717, .F. ) ;
#1492 = EDGE_CURVE ( 'NONE', #846, #1040, #823, .T. ) ;
#1493 = ORIENTED_EDGE ( 'NONE', *, *, #1353, .T. ) ;
#1494 = CARTESIAN_POINT ( 'NONE',  ( -1.425000000000000044, 0.000000000000000000, -0.7874015749999999647 ) ) ;
#1495 = EDGE_CURVE ( 'NONE', #570, #1077, #1137, .T. ) ;
#1496 = CARTESIAN_POINT ( 'NONE',  ( 1.925000000000000044, 0.2999999999999999889, 1.449999999999999734 ) ) ;
#1497 = DIRECTION ( 'NONE',  ( 0.000000000000000000, 0.000000000000000000, -1.000000000000000000 ) ) ;
#1498 = EDGE_CURVE ( 'NONE', #1798, #1249, #633, .T. ) ;
#1499 = VECTOR ( 'NONE', #507, 39.37007874015748143 ) ;
#1500 = FACE_OUTER_BOUND ( 'NONE', #156, .T. ) ;
#1501 = ORIENTED_EDGE ( 'NONE', *, *, #603, .T. ) ;
#1502 = ORIENTED_EDGE ( 'NONE', *, *, #1492, .F. ) ;
#1503 = DIRECTION ( 'NONE',  ( -1.000000000000000000, 0.000000000000000000, -0.000000000000000000 ) ) ;
#1504 = PERSON_AND_ORGANIZATION ( #371, #1858 ) ;
#1505 = PLANE ( 'NONE',  #870 ) ;
#1506 = DIRECTION ( 'NONE',  ( 0.000000000000000000, -1.000000000000000000, 0.000000000000000000 ) ) ;
#1507 = AXIS2_PLACEMENT_3D ( 'NONE', #1385, #1470, #1774 ) ;
#1508 = PRODUCT ( 'OptoMount5.0', 'OptoMount5.0', '', ( #124 ) ) ;
#1509 = ORIENTED_EDGE ( 'NONE', *, *, #1763, .F. ) ;
#1510 = ORIENTED_EDGE ( 'NONE', *, *, #944, .F. ) ;
#1511 = LOCAL_TIME ( 13, 20, 49.00000000000000000, #1199 ) ;
#1512 = CIRCLE ( 'NONE', #1417, 0.05999999999999990757 ) ;
#1513 = ORIENTED_EDGE ( 'NONE', *, *, #96, .T. ) ;
#1514 = DIRECTION ( 'NONE',  ( -0.000000000000000000, -1.000000000000000000, -0.000000000000000000 ) ) ;
#1515 = APPROVAL_STATUS ( 'not_yet_approved' ) ;
#1516 = VECTOR ( 'NONE', #1527, 39.37007874015748143 ) ;
#1517 = CARTESIAN_POINT ( 'NONE',  ( -1.425000000000000044, 0.2999999999999999889, 0.7874015749999999647 ) ) ;
#1518 = CARTESIAN_POINT ( 'NONE',  ( 1.974999999999999867, -1.250000000000000000, 1.249999999999999778 ) ) ;
#1519 = EDGE_LOOP ( 'NONE', ( #392, #445 ) ) ;
#1520 = ORIENTED_EDGE ( 'NONE', *, *, #1349, .F. ) ;
#1521 = DIRECTION ( 'NONE',  ( 0.000000000000000000, 0.000000000000000000, 1.000000000000000000 ) ) ;
#1522 = AXIS2_PLACEMENT_3D ( 'NONE', #189, #181, #327 ) ;
#1523 = ORIENTED_EDGE ( 'NONE', *, *, #1203, .F. ) ;
#1524 = DIRECTION ( 'NONE',  ( 0.000000000000000000, 0.000000000000000000, -1.000000000000000000 ) ) ;
#1525 = EDGE_CURVE ( 'NONE', #580, #296, #1372, .T. ) ;
#1526 = CARTESIAN_POINT ( 'NONE',  ( -1.625000000000000000, -0.2500000000000000555, -1.450000000000000178 ) ) ;
#1527 = DIRECTION ( 'NONE',  ( -0.000000000000000000, -1.000000000000000000, -0.000000000000000000 ) ) ;
#1528 = EDGE_LOOP ( 'NONE', ( #1189, #479 ) ) ;
#1529 = ORIENTED_EDGE ( 'NONE', *, *, #944, .T. ) ;
#1530 = CARTESIAN_POINT ( 'NONE',  ( 1.925000000000000044, -1.499999999999999556, 0.8750000000000001110 ) ) ;
#1531 = VERTEX_POINT ( 'NONE', #920 ) ;
#1532 = CARTESIAN_POINT ( 'NONE',  ( -1.625000000000000000, -0.2499999999999998057, 0.8750000000000001110 ) ) ;
#1533 = AXIS2_PLACEMENT_3D ( 'NONE', #1637, #1327, #1031 ) ;
#1534 = CARTESIAN_POINT ( 'NONE',  ( 2.125000000000000000, -1.500000000000000222, 1.449999999999999512 ) ) ;
#1535 = EDGE_CURVE ( 'NONE', #1114, #105, #48, .T. ) ;
#1536 = LINE ( 'NONE', #223, #1110 ) ;
#1537 = DIRECTION ( 'NONE',  ( 0.000000000000000000, 0.000000000000000000, 1.000000000000000000 ) ) ;
#1538 = ORIENTED_EDGE ( 'NONE', *, *, #1716, .F. ) ;
#1539 = CARTESIAN_POINT ( 'NONE',  ( 0.000000000000000000, -1.500000000000000222, 0.000000000000000000 ) ) ;
#1540 = ORIENTED_EDGE ( 'NONE', *, *, #248, .F. ) ;
#1541 = DIRECTION ( 'NONE',  ( -1.000000000000000000, -0.000000000000000000, -0.000000000000000000 ) ) ;
#1542 = VECTOR ( 'NONE', #61, 39.37007874015748143 ) ;
#1543 = FACE_BOUND ( 'NONE', #1004, .T. ) ;
#1544 = AXIS2_PLACEMENT_3D ( 'NONE', #1712, #1418, #952 ) ;
#1545 = LINE ( 'NONE', #1672, #1300 ) ;
#1546 = CARTESIAN_POINT ( 'NONE',  ( -2.125000000000000000, -1.250000000000000000, -1.249999999999999778 ) ) ;
#1547 = ORIENTED_EDGE ( 'NONE', *, *, #232, .T. ) ;
#1548 = ORIENTED_EDGE ( 'NONE', *, *, #1153, .F. ) ;
#1549 = CARTESIAN_POINT ( 'NONE',  ( 0.1301181068503938498, 0.000000000000000000, 1.306102365000000098 ) ) ;
#1550 = CC_DESIGN_PERSON_AND_ORGANIZATION_ASSIGNMENT ( #1294, #563, ( #1508 ) ) ;
#1551 = ORIENTED_EDGE ( 'NONE', *, *, #1011, .T. ) ;
#1552 = EDGE_CURVE ( 'NONE', #1197, #1007, #605, .T. ) ;
#1553 = CARTESIAN_POINT ( 'NONE',  ( -1.925000000000000044, -1.199999999999999956, -1.049999999999999822 ) ) ;
#1554 = FACE_OUTER_BOUND ( 'NONE', #761, .T. ) ;
#1555 = CARTESIAN_POINT ( 'NONE',  ( 0.03169291000000006714, 0.2999999999999999889, 0.8858267718503937127 ) ) ;
#1556 = CIRCLE ( 'NONE', #457, 0.05999999999999990757 ) ;
#1557 = ADVANCED_FACE ( 'NONE', ( #641 ), #1822, .T. ) ;
#1558 = VECTOR ( 'NONE', #644, 39.37007874015748143 ) ;
#1559 = DIRECTION ( 'NONE',  ( -1.000000000000000000, -0.000000000000000000, -0.000000000000000000 ) ) ;
#1560 = ORIENTED_EDGE ( 'NONE', *, *, #661, .F. ) ;
#1561 = AXIS2_PLACEMENT_3D ( 'NONE', #1539, #1856, #796 ) ;
#1562 = VECTOR ( 'NONE', #1809, 39.37007874015748854 ) ;
#1563 = LINE ( 'NONE', #1270, #979 ) ;
#1564 = CARTESIAN_POINT ( 'NONE',  ( 1.925000000000000044, -1.199999999999999956, 1.049999999999999822 ) ) ;
#1565 = CARTESIAN_POINT ( 'NONE',  ( -2.125000000000000000, -1.328699999999999992, -1.249999999999999778 ) ) ;
#1566 = CARTESIAN_POINT ( 'NONE',  ( 0.000000000000000000, -1.500000000000000222, 0.000000000000000000 ) ) ;
#1567 = DIRECTION ( 'NONE',  ( 1.000000000000000000, -0.000000000000000000, -0.000000000000000000 ) ) ;
#1568 = AXIS2_PLACEMENT_3D ( 'NONE', #1231, #353, #655 ) ;
#1569 = ORIENTED_EDGE ( 'NONE', *, *, #248, .T. ) ;
#1570 = ORIENTED_EDGE ( 'NONE', *, *, #1370, .T. ) ;
#1571 = EDGE_CURVE ( 'NONE', #1679, #625, #199, .T. ) ;
#1572 = DIRECTION ( 'NONE',  ( -0.7071067811865445751, -0.7071067811865503483, 0.000000000000000000 ) ) ;
#1573 = VECTOR ( 'NONE', #1018, 39.37007874015748143 ) ;
#1574 = LINE ( 'NONE', #1132, #23 ) ;
#1575 = DIRECTION ( 'NONE',  ( 0.000000000000000000, 0.000000000000000000, 1.000000000000000000 ) ) ;
#1576 = ADVANCED_FACE ( 'NONE', ( #909 ), #1193, .T. ) ;
#1577 = DIRECTION ( 'NONE',  ( 0.000000000000000000, -1.000000000000000000, 0.000000000000000000 ) ) ;
#1578 = AXIS2_PLACEMENT_3D ( 'NONE', #1725, #1432, #891 ) ;
#1579 = PLANE ( 'NONE',  #102 ) ;
#1580 = CARTESIAN_POINT ( 'NONE',  ( 2.125000000000000000, -1.250000000000000000, 1.049999999999999822 ) ) ;
#1581 = VERTEX_POINT ( 'NONE', #179 ) ;
#1582 = ORIENTED_EDGE ( 'NONE', *, *, #290, .F. ) ;
#1583 = EDGE_CURVE ( 'NONE', #1531, #1872, #1140, .T. ) ;
#1584 = DIRECTION ( 'NONE',  ( 0.000000000000000000, 1.000000000000000000, -2.185478394931410821E-16 ) ) ;
#1585 = EDGE_CURVE ( 'NONE', #1465, #954, #1643, .T. ) ;
#1586 = DIRECTION ( 'NONE',  ( 0.000000000000000000, 0.000000000000000000, 1.000000000000000000 ) ) ;
#1587 = CARTESIAN_POINT ( 'NONE',  ( 1.625000000000000222, -1.500000000000000222, -1.449999999999999734 ) ) ;
#1588 = ORIENTED_EDGE ( 'NONE', *, *, #717, .T. ) ;
#1589 = CARTESIAN_POINT ( 'NONE',  ( 1.925000000000000044, -0.2500000000000000000, -0.8750000000000001110 ) ) ;
#1590 = CARTESIAN_POINT ( 'NONE',  ( -2.125000000000000000, -1.328699999999999992, -1.368100000000000094 ) ) ;
#1591 = CARTESIAN_POINT ( 'NONE',  ( 0.03169291000000005326, 0.000000000000000000, -0.7874015750000000757 ) ) ;
#1592 = VERTEX_POINT ( 'NONE', #1236 ) ;
#1593 = ORIENTED_EDGE ( 'NONE', *, *, #117, .T. ) ;
#1594 = CARTESIAN_POINT ( 'NONE',  ( -1.625000000000000000, -1.500000000000000222, -1.449999999999999734 ) ) ;
#1595 = DIRECTION ( 'NONE',  ( 1.000000000000000000, -0.000000000000000000, -1.365923996832131215E-15 ) ) ;
#1596 = ORIENTED_EDGE ( 'NONE', *, *, #1552, .F. ) ;
#1597 = AXIS2_PLACEMENT_3D ( 'NONE', #1178, #1194, #1186 ) ;
#1598 = CARTESIAN_POINT ( 'NONE',  ( 0.1301181068503938498, 0.3000000000000000999, -1.056102365000000320 ) ) ;
#1599 = DIRECTION ( 'NONE',  ( 0.000000000000000000, 0.000000000000000000, 1.000000000000000000 ) ) ;
#1600 = EDGE_LOOP ( 'NONE', ( #1382, #1368, #1855, #138 ) ) ;
#1601 = ORIENTED_EDGE ( 'NONE', *, *, #53, .F. ) ;
#1602 = ORIENTED_EDGE ( 'NONE', *, *, #754, .F. ) ;
#1603 = PLANE ( 'NONE',  #475 ) ;
#1604 = LINE ( 'NONE', #1165, #264 ) ;
#1605 = EDGE_LOOP ( 'NONE', ( #600, #810, #415, #1666 ) ) ;
#1606 = CARTESIAN_POINT ( 'NONE',  ( -1.925000000000000044, -1.250000000000000000, -1.049999999999999822 ) ) ;
#1607 = LINE ( 'NONE', #656, #784 ) ;
#1608 = VECTOR ( 'NONE', #1852, 39.37007874015748143 ) ;
#1609 = ORIENTED_EDGE ( 'NONE', *, *, #879, .F. ) ;
#1610 = VECTOR ( 'NONE', #1128, 39.37007874015748143 ) ;
#1611 = ORIENTED_EDGE ( 'NONE', *, *, #1066, .F. ) ;
#1612 = ADVANCED_FACE ( 'NONE', ( #169 ), #615, .T. ) ;
#1613 = ORIENTED_EDGE ( 'NONE', *, *, #1785, .T. ) ;
#1614 = LINE ( 'NONE', #1885, #1573 ) ;
#1615 = PLANE ( 'NONE',  #421 ) ;
#1616 = CIRCLE ( 'NONE', #338, 0.09842519685039365085 ) ;
#1617 = EDGE_CURVE ( 'NONE', #1872, #460, #301, .T. ) ;
#1618 = DIRECTION ( 'NONE',  ( -0.000000000000000000, -1.000000000000000000, -0.000000000000000000 ) ) ;
#1619 = EDGE_LOOP ( 'NONE', ( #100, #693, #1218, #416 ) ) ;
#1620 = ORIENTED_EDGE ( 'NONE', *, *, #290, .T. ) ;
#1621 = ORIENTED_EDGE ( 'NONE', *, *, #1274, .T. ) ;
#1622 = DIRECTION ( 'NONE',  ( 0.000000000000000000, 0.000000000000000000, 1.000000000000000000 ) ) ;
#1623 = DIRECTION ( 'NONE',  ( 0.000000000000000000, 0.000000000000000000, 1.000000000000000000 ) ) ;
#1624 = CARTESIAN_POINT ( 'NONE',  ( -2.125000000000000000, -1.500000000000000222, -1.249999999999999778 ) ) ;
#1625 = CARTESIAN_POINT ( 'NONE',  ( -1.925000000000000044, -1.500000000000000222, -1.449999999999999734 ) ) ;
#1626 = AXIS2_PLACEMENT_3D ( 'NONE', #163, #20, #1805 ) ;
#1627 = CARTESIAN_POINT ( 'NONE',  ( 1.925000000000000044, -0.2499999999999998057, 0.8750000000000001110 ) ) ;
#1628 = ORIENTED_EDGE ( 'NONE', *, *, #59, .T. ) ;
#1629 = VERTEX_POINT ( 'NONE', #1835 ) ;
#1630 = DIRECTION ( 'NONE',  ( -0.000000000000000000, -1.000000000000000000, 2.185478394931410821E-16 ) ) ;
#1631 = EDGE_CURVE ( 'NONE', #1893, #1216, #613, .T. ) ;
#1632 = DIRECTION ( 'NONE',  ( 0.000000000000000000, 0.000000000000000000, 1.000000000000000000 ) ) ;
#1633 = CARTESIAN_POINT ( 'NONE',  ( -1.925000000000000044, 0.000000000000000000, -1.449999999999999734 ) ) ;
#1634 = PRODUCT_RELATED_PRODUCT_CATEGORY ( 'detail', '', ( #1508 ) ) ;
#1635 = VECTOR ( 'NONE', #1109, 39.37007874015748143 ) ;
#1636 = EDGE_CURVE ( 'NONE', #1531, #835, #1343, .T. ) ;
#1637 = CARTESIAN_POINT ( 'NONE',  ( -2.125000000000000000, -1.328699999999999992, -1.249999999999999778 ) ) ;
#1638 = VERTEX_POINT ( 'NONE', #1086 ) ;
#1639 = AXIS2_PLACEMENT_3D ( 'NONE', #1245, #819, #930 ) ;
#1640 = EDGE_CURVE ( 'NONE', #1034, #1629, #1684, .T. ) ;
#1641 = ORIENTED_EDGE ( 'NONE', *, *, #828, .F. ) ;
#1642 = LINE ( 'NONE', #1190, #134 ) ;
#1643 = CIRCLE ( 'NONE', #1485, 0.09842519685039351207 ) ;
#1644 = CALENDAR_DATE ( 2026, 7, 7 ) ;
#1645 = EDGE_CURVE ( 'NONE', #212, #1694, #624, .T. ) ;
#1646 = DIRECTION ( 'NONE',  ( 0.000000000000000000, -0.000000000000000000, 1.000000000000000000 ) ) ;
#1647 = CARTESIAN_POINT ( 'NONE',  ( 2.125000000000000000, -1.328699999999999992, 1.249999999999999778 ) ) ;
#1648 = FACE_BOUND ( 'NONE', #316, .T. ) ;
#1649 = ORIENTED_EDGE ( 'NONE', *, *, #1898, .T. ) ;
#1650 = VERTEX_POINT ( 'NONE', #773 ) ;
#1651 = AXIS2_PLACEMENT_3D ( 'NONE', #238, #97, #1371 ) ;
#1652 = DIRECTION ( 'NONE',  ( 1.000000000000000000, -0.000000000000000000, -0.000000000000000000 ) ) ;
#1653 = DATE_AND_TIME ( #1341, #1682 ) ;
#1654 = FACE_OUTER_BOUND ( 'NONE', #1339, .T. ) ;
#1655 = CARTESIAN_POINT ( 'NONE',  ( -2.125000000000000000, -1.328699999999999992, -1.131899999999999684 ) ) ;
#1656 = CIRCLE ( 'NONE', #814, 0.1181000000000001632 ) ;
#1657 = ORIENTED_EDGE ( 'NONE', *, *, #728, .T. ) ;
#1658 = AXIS2_PLACEMENT_3D ( 'NONE', #165, #906, #1377 ) ;
#1659 = VERTEX_POINT ( 'NONE', #347 ) ;
#1660 = ORIENTED_EDGE ( 'NONE', *, *, #1003, .F. ) ;
#1661 = FACE_OUTER_BOUND ( 'NONE', #712, .T. ) ;
#1662 = CARTESIAN_POINT ( 'NONE',  ( 1.925000000000000044, -1.499999999999999556, 0.8750000000000001110 ) ) ;
#1663 = DIRECTION ( 'NONE',  ( -0.000000000000000000, 1.000000000000000000, -0.000000000000000000 ) ) ;
#1664 = AXIS2_PLACEMENT_3D ( 'NONE', #896, #1484, #1524 ) ;
#1665 = FACE_OUTER_BOUND ( 'NONE', #1364, .T. ) ;
#1666 = ORIENTED_EDGE ( 'NONE', *, *, #465, .F. ) ;
#1667 = CARTESIAN_POINT ( 'NONE',  ( 0.000000000000000000, -0.000000000000000000, -1.056102365000000320 ) ) ;
#1668 = VECTOR ( 'NONE', #275, 39.37007874015748143 ) ;
#1669 = EDGE_LOOP ( 'NONE', ( #1491, #808, #884, #288, #1307, #1414 ) ) ;
#1670 = LINE ( 'NONE', #298, #312 ) ;
#1671 = VECTOR ( 'NONE', #1567, 39.37007874015748143 ) ;
#1672 = CARTESIAN_POINT ( 'NONE',  ( -1.925000000000000044, -1.250000000000000000, -1.449999999999999734 ) ) ;
#1673 = DIRECTION ( 'NONE',  ( 0.000000000000000000, 0.000000000000000000, -1.000000000000000000 ) ) ;
#1674 = ORIENTED_EDGE ( 'NONE', *, *, #1474, .T. ) ;
#1675 = ORIENTED_EDGE ( 'NONE', *, *, #29, .F. ) ;
#1676 = EDGE_CURVE ( 'NONE', #220, #131, #18, .T. ) ;
#1677 = CARTESIAN_POINT ( 'NONE',  ( -1.925000000000000044, -1.499999999999999556, 0.8750000000000001110 ) ) ;
#1678 = EDGE_CURVE ( 'NONE', #1650, #42, #1053, .T. ) ;
#1679 = VERTEX_POINT ( 'NONE', #961 ) ;
#1680 = CYLINDRICAL_SURFACE ( 'NONE', #1507, 0.05999999999999990757 ) ;
#1681 = PLANE ( 'NONE',  #350 ) ;
#1682 = LOCAL_TIME ( 13, 20, 49.00000000000000000, #1062 ) ;
#1683 = CARTESIAN_POINT ( 'NONE',  ( 0.1301181068503938498, 0.000000000000000000, -1.056102365000000320 ) ) ;
#1684 = LINE ( 'NONE', #1518, #112 ) ;
#1685 = ORIENTED_EDGE ( 'NONE', *, *, #1187, .F. ) ;
#1686 = ORIENTED_EDGE ( 'NONE', *, *, #1631, .T. ) ;
#1687 = CARTESIAN_POINT ( 'NONE',  ( 0.03169291000000005326, 0.2999999999999999889, -0.7874015750000000757 ) ) ;
#1688 = ORIENTED_EDGE ( 'NONE', *, *, #1413, .F. ) ;
#1689 = CARTESIAN_POINT ( 'NONE',  ( -1.425000000000000044, 0.000000000000000000, 0.7874015749999999647 ) ) ;
#1690 = CIRCLE ( 'NONE', #536, 0.05999999999999990757 ) ;
#1691 = CARTESIAN_POINT ( 'NONE',  ( 0.03169291000000005326, 0.000000000000000000, -0.8858267718503937127 ) ) ;
#1692 = CARTESIAN_POINT ( 'NONE',  ( -2.125000000000000000, -1.250000000000000000, -1.449999999999999512 ) ) ;
#1693 = DIRECTION ( 'NONE',  ( -0.000000000000000000, -0.000000000000000000, 1.000000000000000000 ) ) ;
#1694 = VERTEX_POINT ( 'NONE', #686 ) ;
#1695 = ORIENTED_EDGE ( 'NONE', *, *, #584, .F. ) ;
#1696 = EDGE_CURVE ( 'NONE', #1694, #42, #1884, .T. ) ;
#1697 = CARTESIAN_POINT ( 'NONE',  ( 1.925000000000000044, -1.499999999999999778, -0.8749999999999997780 ) ) ;
#1698 = ORIENTED_EDGE ( 'NONE', *, *, #1636, .F. ) ;
#1699 = LINE ( 'NONE', #206, #225 ) ;
#1700 = EDGE_CURVE ( 'NONE', #1269, #1798, #977, .T. ) ;
#1701 = VECTOR ( 'NONE', #1246, 39.37007874015748143 ) ;
#1702 = FACE_BOUND ( 'NONE', #1376, .T. ) ;
#1703 = VECTOR ( 'NONE', #495, 39.37007874015748143 ) ;
#1704 = FACE_OUTER_BOUND ( 'NONE', #15, .T. ) ;
#1705 = CARTESIAN_POINT ( 'NONE',  ( 0.000000000000000000, -0.000000000000000000, 1.056102365000000320 ) ) ;
#1706 = VECTOR ( 'NONE', #1866, 39.37007874015748143 ) ;
#1707 = ORIENTED_EDGE ( 'NONE', *, *, #1357, .F. ) ;
#1708 = EDGE_LOOP ( 'NONE', ( #21, #184, #82, #1188 ) ) ;
#1709 = CARTESIAN_POINT ( 'NONE',  ( 2.125000000000000000, -1.500000000000000222, 1.309999999999999609 ) ) ;
#1710 = ORIENTED_EDGE ( 'NONE', *, *, #456, .T. ) ;
#1711 = FACE_BOUND ( 'NONE', #1906, .T. ) ;
#1712 = CARTESIAN_POINT ( 'NONE',  ( -1.523425196850393570, -1.500000000000000222, 1.306102365000000098 ) ) ;
#1713 = CARTESIAN_POINT ( 'NONE',  ( 1.925000000000000044, -0.2500000000000000000, -0.8750000000000001110 ) ) ;
#1714 = VECTOR ( 'NONE', #1184, 39.37007874015748143 ) ;
#1715 = LINE ( 'NONE', #822, #133 ) ;
#1716 = EDGE_CURVE ( 'NONE', #444, #513, #1389, .T. ) ;
#1717 = CARTESIAN_POINT ( 'NONE',  ( 2.125000000000000000, -1.500000000000000222, 1.049999999999999822 ) ) ;
#1718 = ORIENTED_EDGE ( 'NONE', *, *, #38, .F. ) ;
#1719 = EDGE_LOOP ( 'NONE', ( #554, #1464 ) ) ;
#1720 = VECTOR ( 'NONE', #1630, 39.37007874015748143 ) ;
#1721 = PLANE ( 'NONE',  #488 ) ;
#1722 = CARTESIAN_POINT ( 'NONE',  ( -1.425000000000000044, 0.2999999999999999889, -0.8858267718503934907 ) ) ;
#1723 = DIRECTION ( 'NONE',  ( 0.000000000000000000, -1.000000000000000000, 0.000000000000000000 ) ) ;
#1724 = CARTESIAN_POINT ( 'NONE',  ( 2.125000000000000000, -1.250000000000000000, 1.449999999999999512 ) ) ;
#1725 = CARTESIAN_POINT ( 'NONE',  ( -2.125000000000000000, -1.328699999999999992, -1.249999999999999778 ) ) ;
#1726 = ORIENTED_EDGE ( 'NONE', *, *, #1498, .F. ) ;
#1727 = ORIENTED_EDGE ( 'NONE', *, *, #1845, .T. ) ;
#1728 = VECTOR ( 'NONE', #267, 39.37007874015748143 ) ;
#1729 = DIRECTION ( 'NONE',  ( -0.000000000000000000, 1.000000000000000000, -0.000000000000000000 ) ) ;
#1730 = DIRECTION ( 'NONE',  ( -0.000000000000000000, -1.000000000000000000, -0.000000000000000000 ) ) ;
#1731 = DIRECTION ( 'NONE',  ( 0.000000000000000000, 1.000000000000000000, -0.000000000000000000 ) ) ;
#1732 = CYLINDRICAL_SURFACE ( 'NONE', #897, 0.09842519685039365085 ) ;
#1733 = AXIS2_PLACEMENT_3D ( 'NONE', #1580, #1422, #843 ) ;
#1734 = CARTESIAN_POINT ( 'NONE',  ( -2.125000000000000000, -1.250000000000000000, -1.249999999999999778 ) ) ;
#1735 = CARTESIAN_POINT ( 'NONE',  ( -1.925000000000000044, -1.199999999999999956, 1.449999999999999734 ) ) ;
#1736 = EDGE_LOOP ( 'NONE', ( #472, #868, #1434, #280 ) ) ;
#1737 = ORIENTED_EDGE ( 'NONE', *, *, #1763, .T. ) ;
#1738 = EDGE_CURVE ( 'NONE', #30, #1581, #820, .T. ) ;
#1739 = CYLINDRICAL_SURFACE ( 'NONE', #84, 0.05999999999999990757 ) ;
#1740 = LINE ( 'NONE', #996, #1175 ) ;
#1741 = DIRECTION ( 'NONE',  ( -0.000000000000000000, -1.000000000000000000, -0.000000000000000000 ) ) ;
#1742 = ORIENTED_EDGE ( 'NONE', *, *, #36, .T. ) ;
#1743 = LINE ( 'NONE', #118, #668 ) ;
#1744 = DIRECTION ( 'NONE',  ( -1.000000000000000000, 0.000000000000000000, 0.000000000000000000 ) ) ;
#1745 = DIRECTION ( 'NONE',  ( 0.000000000000000000, 0.000000000000000000, 1.000000000000000000 ) ) ;
#1746 = ORIENTED_EDGE ( 'NONE', *, *, #1238, .T. ) ;
#1747 = ORIENTED_EDGE ( 'NONE', *, *, #807, .F. ) ;
#1748 = CARTESIAN_POINT ( 'NONE',  ( 1.425000000000000266, 0.2999999999999999889, -0.1795275590551181077 ) ) ;
#1749 = CIRCLE ( 'NONE', #1908, 0.05999999999999990757 ) ;
#1750 = AXIS2_PLACEMENT_3D ( 'NONE', #428, #1468, #1622 ) ;
#1751 = APPROVAL_STATUS ( 'not_yet_approved' ) ;
#1752 = ORIENTED_EDGE ( 'NONE', *, *, #441, .F. ) ;
#1753 = CARTESIAN_POINT ( 'NONE',  ( 1.925000000000000044, -1.500000000000000222, 1.049999999999999822 ) ) ;
#1754 = EDGE_CURVE ( 'NONE', #982, #1025, #19, .T. ) ;
#1755 = DIRECTION ( 'NONE',  ( 0.000000000000000000, 1.000000000000000000, 0.000000000000000000 ) ) ;
#1756 = EDGE_CURVE ( 'NONE', #411, #1592, #791, .T. ) ;
#1757 = ORIENTED_EDGE ( 'NONE', *, *, #1844, .F. ) ;
#1758 = EDGE_LOOP ( 'NONE', ( #1830, #1582 ) ) ;
#1759 = VECTOR ( 'NONE', #1577, 39.37007874015748143 ) ;
#1760 = EDGE_LOOP ( 'NONE', ( #231, #722, #866, #1322, #1529 ) ) ;
#1761 = CARTESIAN_POINT ( 'NONE',  ( -1.175000000000000044, -0.4499999999999939604, -1.449999999999999734 ) ) ;
#1762 = EDGE_LOOP ( 'NONE', ( #1675, #755, #1816, #370, #1641, #1454, #529, #109 ) ) ;
#1763 = EDGE_CURVE ( 'NONE', #1888, #242, #512, .T. ) ;
#1764 = DESIGN_CONTEXT ( 'detailed design', #65, 'design' ) ;
#1765 = VECTOR ( 'NONE', #532, 39.37007874015748143 ) ;
#1766 = ADVANCED_FACE ( 'NONE', ( #1867, #95 ), #216, .T. ) ;
#1767 = CARTESIAN_POINT ( 'NONE',  ( -2.125000000000000000, -1.328699999999999992, -1.309999999999999609 ) ) ;
#1768 = CYLINDRICAL_SURFACE ( 'NONE', #941, 0.09842519685039365085 ) ;
#1769 = ORIENTED_EDGE ( 'NONE', *, *, #228, .T. ) ;
#1770 = AXIS2_PLACEMENT_3D ( 'NONE', #285, #1479, #108 ) ;
#1771 = ORIENTED_EDGE ( 'NONE', *, *, #111, .T. ) ;
#1772 = ORIENTED_EDGE ( 'NONE', *, *, #456, .F. ) ;
#1773 = CYLINDRICAL_SURFACE ( 'NONE', #1328, 0.09842519685039378963 ) ;
#1774 = DIRECTION ( 'NONE',  ( 0.000000000000000000, 0.000000000000000000, -1.000000000000000000 ) ) ;
#1775 = CIRCLE ( 'NONE', #1462, 0.09842519685039365085 ) ;
#1776 = CARTESIAN_POINT ( 'NONE',  ( 1.065944881889764106, 0.2999999999999999889, 0.2779527559055117725 ) ) ;
#1777 = ORIENTED_EDGE ( 'NONE', *, *, #1676, .T. ) ;
#1778 = EDGE_CURVE ( 'NONE', #1303, #911, #1410, .T. ) ;
#1779 = ORIENTED_EDGE ( 'NONE', *, *, #679, .T. ) ;
#1780 = DIRECTION ( 'NONE',  ( -1.000000000000000000, -0.000000000000000000, -0.000000000000000000 ) ) ;
#1781 = EDGE_CURVE ( 'NONE', #911, #229, #1099, .T. ) ;
#1782 = CARTESIAN_POINT ( 'NONE',  ( -1.425000000000000044, 0.000000000000000000, -0.6889763781496064388 ) ) ;
#1783 = CARTESIAN_POINT ( 'NONE',  ( -2.125000000000000000, -1.250000000000000000, -1.249999999999999778 ) ) ;
#1784 = CARTESIAN_POINT ( 'NONE',  ( 0.03169291000000005326, 0.2999999999999999889, 0.7874015750000000757 ) ) ;
#1785 = EDGE_CURVE ( 'NONE', #125, #806, #1117, .T. ) ;
#1786 = AXIS2_PLACEMENT_3D ( 'NONE', #433, #901, #1797 ) ;
#1787 = PLANE ( 'NONE',  #1626 ) ;
#1788 = ORIENTED_EDGE ( 'NONE', *, *, #1640, .T. ) ;
#1789 = ADVANCED_FACE ( 'NONE', ( #830 ), #1398, .F. ) ;
#1790 = EDGE_LOOP ( 'NONE', ( #786, #568, #964, #1365 ) ) ;
#1791 = EDGE_CURVE ( 'NONE', #148, #972, #851, .T. ) ;
#1792 = DIRECTION ( 'NONE',  ( 0.000000000000000000, 0.000000000000000000, 1.000000000000000000 ) ) ;
#1793 = PERSON_AND_ORGANIZATION ( #371, #1858 ) ;
#1794 = CARTESIAN_POINT ( 'NONE',  ( 0.1301181068503938498, 0.3000000000000000999, -1.306102365000000098 ) ) ;
#1795 = CARTESIAN_POINT ( 'NONE',  ( -1.425000000000000044, 0.2999999999999999889, -0.7874015749999999647 ) ) ;
#1796 = VECTOR ( 'NONE', #759, 39.37007874015748143 ) ;
#1797 = DIRECTION ( 'NONE',  ( 0.000000000000000000, 0.000000000000000000, -1.000000000000000000 ) ) ;
#1798 = VERTEX_POINT ( 'NONE', #805 ) ;
#1799 = CIRCLE ( 'NONE', #1639, 0.09842519685039365085 ) ;
#1800 = ORIENTED_EDGE ( 'NONE', *, *, #1011, .F. ) ;
#1801 = DIRECTION ( 'NONE',  ( -0.000000000000000000, -1.000000000000000000, -0.000000000000000000 ) ) ;
#1802 = PERSON_AND_ORGANIZATION_ROLE ( 'creator' ) ;
#1803 = CARTESIAN_POINT ( 'NONE',  ( 1.625000000000000222, -1.500000000000000222, -1.449999999999999734 ) ) ;
#1804 = DIRECTION ( 'NONE',  ( 0.000000000000000000, 1.000000000000000000, 0.000000000000000000 ) ) ;
#1805 = DIRECTION ( 'NONE',  ( 0.000000000000000000, -0.000000000000000000, 1.000000000000000000 ) ) ;
#1806 = ORIENTED_EDGE ( 'NONE', *, *, #1791, .F. ) ;
#1807 = ORIENTED_EDGE ( 'NONE', *, *, #1290, .F. ) ;
#1808 = CIRCLE ( 'NONE', #714, 0.1999999999999999278 ) ;
#1809 = DIRECTION ( 'NONE',  ( 0.7071067811865445751, 0.7071067811865503483, -0.000000000000000000 ) ) ;
#1810 = COORDINATED_UNIVERSAL_TIME_OFFSET ( 5, 0, .BEHIND. ) ;
#1811 = DIRECTION ( 'NONE',  ( 0.000000000000000000, 0.000000000000000000, -1.000000000000000000 ) ) ;
#1812 = CARTESIAN_POINT ( 'NONE',  ( -2.125000000000000000, -1.328699999999999992, -1.368100000000000094 ) ) ;
#1813 = CIRCLE ( 'NONE', #567, 0.09842519685039365085 ) ;
#1814 = VERTEX_POINT ( 'NONE', #1265 ) ;
#1815 = CIRCLE ( 'NONE', #1658, 0.09842519685039365085 ) ;
#1816 = ORIENTED_EDGE ( 'NONE', *, *, #1869, .T. ) ;
#1817 = LINE ( 'NONE', #945, #1367 ) ;
#1818 = VERTEX_POINT ( 'NONE', #1861 ) ;
#1819 = CARTESIAN_POINT ( 'NONE',  ( 1.925000000000000044, -1.499999999999999778, -0.8749999999999997780 ) ) ;
#1820 = PERSON_AND_ORGANIZATION ( #371, #1858 ) ;
#1821 = CARTESIAN_POINT ( 'NONE',  ( -1.625000000000000000, -1.500000000000000222, -1.449999999999999734 ) ) ;
#1822 = CYLINDRICAL_SURFACE ( 'NONE', #398, 0.1999999999999999278 ) ;
#1823 = CIRCLE ( 'NONE', #975, 0.09842519685039351207 ) ;
#1824 = EDGE_CURVE ( 'NONE', #1102, #281, #524, .T. ) ;
#1825 = EDGE_CURVE ( 'NONE', #426, #505, #396, .T. ) ;
#1826 = ORIENTED_EDGE ( 'NONE', *, *, #1827, .T. ) ;
#1827 = EDGE_CURVE ( 'NONE', #1679, #129, #1419, .T. ) ;
#1828 = ORIENTED_EDGE ( 'NONE', *, *, #246, .T. ) ;
#1829 = CARTESIAN_POINT ( 'NONE',  ( -1.925000000000000044, -1.499999999999999556, 0.8750000000000001110 ) ) ;
#1830 = ORIENTED_EDGE ( 'NONE', *, *, #1090, .F. ) ;
#1831 = DIRECTION ( 'NONE',  ( 0.000000000000000000, -1.000000000000000000, 0.000000000000000000 ) ) ;
#1832 = APPROVAL_STATUS ( 'not_yet_approved' ) ;
#1833 = CIRCLE ( 'NONE', #1332, 0.09842519685039351207 ) ;
#1834 = CARTESIAN_POINT ( 'NONE',  ( 0.1301181068503938498, -1.500000000000000222, -1.306102365000000098 ) ) ;
#1835 = CARTESIAN_POINT ( 'NONE',  ( 1.974999999999999867, -1.250000000000000000, 1.449999999999999734 ) ) ;
#1836 = ORIENTED_EDGE ( 'NONE', *, *, #1778, .T. ) ;
#1837 = CARTESIAN_POINT ( 'NONE',  ( -2.125000000000000000, -1.500000000000000222, -1.049999999999999822 ) ) ;
#1838 = ORIENTED_EDGE ( 'NONE', *, *, #803, .T. ) ;
#1839 = LINE ( 'NONE', #947, #483 ) ;
#1840 = CARTESIAN_POINT ( 'NONE',  ( 1.925000000000000044, -0.2499999999999998057, 0.8750000000000001110 ) ) ;
#1841 = EDGE_CURVE ( 'NONE', #1659, #591, #356, .T. ) ;
#1842 = LINE ( 'NONE', #1378, #1608 ) ;
#1843 = DIRECTION ( 'NONE',  ( -0.000000000000000000, -1.000000000000000000, -0.000000000000000000 ) ) ;
#1844 = EDGE_CURVE ( 'NONE', #1040, #31, #1256, .T. ) ;
#1846 = EDGE_LOOP ( 'NONE', ( #1854, #1313, #72, #627 ) ) ;
#1845 = EDGE_CURVE ( 'NONE', #1638, #1355, #135, .T. ) ;
#1847 = DIRECTION ( 'NONE',  ( 0.000000000000000000, 1.000000000000000000, -0.000000000000000000 ) ) ;
#1848 = EDGE_LOOP ( 'NONE', ( #1022, #1800, #452, #1457 ) ) ;
#1849 = EDGE_CURVE ( 'NONE', #129, #7, #706, .T. ) ;
#1850 = DIRECTION ( 'NONE',  ( 0.000000000000000000, 0.000000000000000000, -1.000000000000000000 ) ) ;
#1851 = DIRECTION ( 'NONE',  ( 0.000000000000000000, -0.000000000000000000, -1.000000000000000000 ) ) ;
#1852 = DIRECTION ( 'NONE',  ( 0.000000000000000000, 0.000000000000000000, -1.000000000000000000 ) ) ;
#1853 = DIRECTION ( 'NONE',  ( -0.000000000000000000, -1.000000000000000000, -0.000000000000000000 ) ) ;
#1854 = ORIENTED_EDGE ( 'NONE', *, *, #1370, .F. ) ;
#1855 = ORIENTED_EDGE ( 'NONE', *, *, #856, .T. ) ;
#1856 = DIRECTION ( 'NONE',  ( 0.000000000000000000, 1.000000000000000000, 0.000000000000000000 ) ) ;
#1857 = ORIENTED_EDGE ( 'NONE', *, *, #1841, .F. ) ;
#1858 = ORGANIZATION ( 'UNSPECIFIED', 'UNSPECIFIED', '' ) ;
#1859 = CARTESIAN_POINT ( 'NONE',  ( 0.03169291000000006714, 0.000000000000000000, 0.8858267718503937127 ) ) ;
#1860 = CARTESIAN_POINT ( 'NONE',  ( 1.925000000000000044, -1.199999999999999956, 1.449999999999999734 ) ) ;
#1861 = CARTESIAN_POINT ( 'NONE',  ( -1.925000000000000044, -1.500000000000000222, -1.049999999999999822 ) ) ;
#1862 = DIRECTION ( 'NONE',  ( 0.000000000000000000, 0.000000000000000000, 1.000000000000000000 ) ) ;
#1863 = CARTESIAN_POINT ( 'NONE',  ( -1.625000000000000000, -1.500000000000000222, -1.449999999999999734 ) ) ;
#1864 = EDGE_LOOP ( 'NONE', ( #424, #253, #1779, #933 ) ) ;
#1865 = FACE_BOUND ( 'NONE', #958, .T. ) ;
#1866 = DIRECTION ( 'NONE',  ( 0.000000000000000000, 0.000000000000000000, -1.000000000000000000 ) ) ;
#1867 = FACE_OUTER_BOUND ( 'NONE', #451, .T. ) ;
#1868 = AXIS2_PLACEMENT_3D ( 'NONE', #203, #1070, #809 ) ;
#1869 = EDGE_CURVE ( 'NONE', #229, #434, #1459, .T. ) ;
#1870 = DIRECTION ( 'NONE',  ( 0.000000000000000000, 0.000000000000000000, 1.000000000000000000 ) ) ;
#1871 = FACE_OUTER_BOUND ( 'NONE', #1288, .T. ) ;
#1872 = VERTEX_POINT ( 'NONE', #838 ) ;
#1873 = EDGE_LOOP ( 'NONE', ( #171, #733, #998, #710 ) ) ;
#1874 = VECTOR ( 'NONE', #864, 39.37007874015748143 ) ;
#1875 = FACE_BOUND ( 'NONE', #1519, .T. ) ;
#1876 = CARTESIAN_POINT ( 'NONE',  ( 0.03169291000000005326, 0.2999999999999999889, 0.7874015750000000757 ) ) ;
#1877 = DIRECTION ( 'NONE',  ( -0.000000000000000000, -1.170791997284683990E-16, -1.000000000000000000 ) ) ;
#1878 = CARTESIAN_POINT ( 'NONE',  ( 2.125000000000000000, -1.250000000000000000, 1.049999999999999822 ) ) ;
#1879 = EDGE_CURVE ( 'NONE', #33, #1102, #1333, .T. ) ;
#1880 = DIRECTION ( 'NONE',  ( 0.000000000000000000, -1.000000000000000000, 0.000000000000000000 ) ) ;
#1881 = DIRECTION ( 'NONE',  ( -0.000000000000000000, -1.000000000000000000, -0.000000000000000000 ) ) ;
#1882 = VERTEX_POINT ( 'NONE', #1009 ) ;
#1883 = ORIENTED_EDGE ( 'NONE', *, *, #1738, .F. ) ;
#1884 = CIRCLE ( 'NONE', #1134, 0.1181000000000001632 ) ;
#1885 = CARTESIAN_POINT ( 'NONE',  ( 2.125000000000000000, -1.250000000000000000, 1.189999999999999947 ) ) ;
#1886 = LINE ( 'NONE', #553, #1706 ) ;
#1887 =( CONVERSION_BASED_UNIT ( 'INCH', #860 ) LENGTH_UNIT ( ) NAMED_UNIT ( #373 ) );
#1888 = VERTEX_POINT ( 'NONE', #410 ) ;
#1889 = AXIS2_PLACEMENT_3D ( 'NONE', #1235, #1397, #198 ) ;
#1890 = CARTESIAN_POINT ( 'NONE',  ( -1.925000000000000044, 0.2999999999999999889, 1.449999999999999734 ) ) ;
#1891 = DIRECTION ( 'NONE',  ( -0.000000000000000000, -1.000000000000000000, -0.000000000000000000 ) ) ;
#1892 = DIRECTION ( 'NONE',  ( 0.000000000000000000, 0.000000000000000000, -1.000000000000000000 ) ) ;
#1893 = VERTEX_POINT ( 'NONE', #1782 ) ;
#1894 = ORIENTED_EDGE ( 'NONE', *, *, #1781, .F. ) ;
#1895 = CARTESIAN_POINT ( 'NONE',  ( -1.625000000000000000, -1.499999999999999778, -0.8749999999999997780 ) ) ;
#1896 = DIRECTION ( 'NONE',  ( 1.000000000000000000, 0.000000000000000000, 0.000000000000000000 ) ) ;
#1897 = ORIENTED_EDGE ( 'NONE', *, *, #1583, .T. ) ;
#1898 = EDGE_CURVE ( 'NONE', #384, #982, #257, .T. ) ;
#1899 = CARTESIAN_POINT ( 'NONE',  ( 1.925000000000000044, -1.199999999999999956, 1.049999999999999822 ) ) ;
#1900 = EDGE_CURVE ( 'NONE', #1249, #14, #997, .T. ) ;
#1901 = CIRCLE ( 'NONE', #1399, 0.05999999999999990757 ) ;
#1902 = CARTESIAN_POINT ( 'NONE',  ( -1.425000000000000044, 0.000000000000000000, 0.6889763781496064388 ) ) ;
#1903 = ORIENTED_EDGE ( 'NONE', *, *, #1827, .F. ) ;
#1904 = CIRCLE ( 'NONE', #1868, 0.09842519685039365085 ) ;
#1905 = ORIENTED_EDGE ( 'NONE', *, *, #1428, .F. ) ;
#1906 = EDGE_LOOP ( 'NONE', ( #1838, #1358 ) ) ;
#1907 = DIRECTION ( 'NONE',  ( -0.000000000000000000, -1.000000000000000000, -0.000000000000000000 ) ) ;
#1908 = AXIS2_PLACEMENT_3D ( 'NONE', #341, #1113, #1521 ) ;
#1909 = AXIS2_PLACEMENT_3D ( 'NONE', #333, #621, #1792 ) ;
#1910 = CARTESIAN_POINT ( 'NONE',  ( -1.625000000000000000, -1.500000000000000222, -1.449999999999999734 ) ) ;
#1911 = ORIENTED_EDGE ( 'NONE', *, *, #657, .F. ) ;
#1912 = CARTESIAN_POINT ( 'NONE',  ( -1.625000000000000000, -1.500000000000000222, 1.450000000000000178 ) ) ;
#1913 = DIRECTION ( 'NONE',  ( 0.000000000000000000, -0.000000000000000000, -1.000000000000000000 ) ) ;
#1914 = ORIENTED_EDGE ( 'NONE', *, *, #609, .T. ) ;
#1915 = ORIENTED_EDGE ( 'NONE', *, *, #657, .T. ) ;
#1916 = AXIS2_PLACEMENT_3D ( 'NONE', #1689, #501, #1105 ) ;
#1917 = ORIENTED_EDGE ( 'NONE', *, *, #754, .T. ) ;
#1918 = FACE_OUTER_BOUND ( 'NONE', #1736, .T. ) ;
#1919 = CARTESIAN_POINT ( 'NONE',  ( -1.523425196850393570, -1.500000000000000222, -1.306102365000000098 ) ) ;
#1920 = CIRCLE ( 'NONE', #1750, 0.1181000000000001632 ) ;
#1921 = FACE_OUTER_BOUND ( 'NONE', #697, .T. ) ;
#1922 = EDGE_CURVE ( 'NONE', #770, #1197, #447, .T. ) ;
#1923 = PLANE ( 'NONE',  #1597 ) ;
#1924 = VECTOR ( 'NONE', #981, 39.37007874015748143 ) ;
#1925 = EDGE_CURVE ( 'NONE', #994, #895, #1604, .T. ) ;
#1926 = VERTEX_POINT ( 'NONE', #1176 ) ;
#1927 = EDGE_LOOP ( 'NONE', ( #1502, #1747, #1180, #1757 ) ) ;
#1928 = DIRECTION ( 'NONE',  ( 0.000000000000000000, -0.000000000000000000, 1.000000000000000000 ) ) ;
ENDSEC;
END-ISO-10303-21;
