ISO-10303-21;
HEADER;
FILE_DESCRIPTION (( 'STEP AP203' ),
    '1' );
FILE_NAME ('PSU Side Mount 3.STEP',
    '2026-02-27T19:41:06',
    ( '' ),
    ( '' ),
    'SwSTEP 2.0',
    'SolidWorks 2025',
    '' );
FILE_SCHEMA (( 'CONFIG_CONTROL_DESIGN' ));
ENDSEC;

DATA;
#1 = CARTESIAN_POINT ( 'NONE',  ( 89.77882037533505866, 6.200000000000000178, -9.013571715817711549 ) ) ;
#2 = EDGE_CURVE ( 'NONE', #420, #773, #1196, .T. ) ;
#3 = ADVANCED_FACE ( 'NONE', ( #119 ), #459, .F. ) ;
#4 = ORIENTED_EDGE ( 'NONE', *, *, #1886, .T. ) ;
#5 = LINE ( 'NONE', #725, #965 ) ;
#6 = ORIENTED_EDGE ( 'NONE', *, *, #43, .F. ) ;
#7 = CARTESIAN_POINT ( 'NONE',  ( -72.72117962466492713, 11.00000000000000000, -32.56032171581770740 ) ) ;
#8 = FACE_OUTER_BOUND ( 'NONE', #2044, .T. ) ;
#9 = VERTEX_POINT ( 'NONE', #2102 ) ;
#10 = DIRECTION ( 'NONE',  ( 0.000000000000000000, 0.000000000000000000, 1.000000000000000000 ) ) ;
#11 = CARTESIAN_POINT ( 'NONE',  ( -46.00361552513092533, 11.00000000000000000, -25.08571760721363120 ) ) ;
#12 = CARTESIAN_POINT ( 'NONE',  ( 89.77882037533505866, 0.000000000000000000, -15.91357171581770480 ) ) ;
#13 = DIRECTION ( 'NONE',  ( 0.5735764363510499342, 0.000000000000000000, -0.8191520442889891340 ) ) ;
#14 = VERTEX_POINT ( 'NONE', #2123 ) ;
#15 = EDGE_CURVE ( 'NONE', #1586, #278, #1548, .T. ) ;
#16 = EDGE_LOOP ( 'NONE', ( #1467, #1529, #328, #2297 ) ) ;
#17 = CARTESIAN_POINT ( 'NONE',  ( -32.17578667745172538, 0.000000000000000000, 15.22469872707217853 ) ) ;
#18 = CARTESIAN_POINT ( 'NONE',  ( 89.77882037533505866, 6.200000000000000178, -11.26357171581770800 ) ) ;
#19 = EDGE_CURVE ( 'NONE', #1152, #835, #1705, .T. ) ;
#20 = AXIS2_PLACEMENT_3D ( 'NONE', #2314, #1756, #1168 ) ;
#21 = ORIENTED_EDGE ( 'NONE', *, *, #1450, .F. ) ;
#22 = CARTESIAN_POINT ( 'NONE',  ( 102.2788203753350729, 11.00000000000000000, 14.53317828418228963 ) ) ;
#23 = DIRECTION ( 'NONE',  ( 1.000000000000000000, 0.000000000000000000, 0.000000000000000000 ) ) ;
#24 = VECTOR ( 'NONE', #1415, 999.9999999999998863 ) ;
#25 = DIRECTION ( 'NONE',  ( 0.9659258262890700886, -0.000000000000000000, 0.2588190451025141892 ) ) ;
#26 = AXIS2_PLACEMENT_3D ( 'NONE', #396, #1315, #55 ) ;
#27 = ORIENTED_EDGE ( 'NONE', *, *, #594, .F. ) ;
#28 = ORIENTED_EDGE ( 'NONE', *, *, #1019, .F. ) ;
#29 = DIRECTION ( 'NONE',  ( 1.000000000000000000, 0.000000000000000000, -0.000000000000000000 ) ) ;
#30 = FACE_OUTER_BOUND ( 'NONE', #274, .T. ) ;
#31 = EDGE_CURVE ( 'NONE', #1625, #1979, #302, .T. ) ;
#32 = EDGE_CURVE ( 'NONE', #561, #425, #2171, .T. ) ;
#33 = ORIENTED_EDGE ( 'NONE', *, *, #417, .T. ) ;
#34 = CARTESIAN_POINT ( 'NONE',  ( 59.15065095340126788, 39.35183283567377543, 17.03317828418229141 ) ) ;
#35 = DIRECTION ( 'NONE',  ( -0.8191520442889929088, -0.000000000000000000, -0.5735764363510446051 ) ) ;
#36 = DIRECTION ( 'NONE',  ( 0.000000000000000000, 0.000000000000000000, 1.000000000000000000 ) ) ;
#37 = AXIS2_PLACEMENT_3D ( 'NONE', #2066, #1353, #410 ) ;
#38 = ORIENTED_EDGE ( 'NONE', *, *, #2043, .T. ) ;
#39 = DIRECTION ( 'NONE',  ( 0.000000000000000000, 1.000000000000000000, 0.000000000000000000 ) ) ;
#40 = ORIENTED_EDGE ( 'NONE', *, *, #1421, .F. ) ;
#41 = CARTESIAN_POINT ( 'NONE',  ( -26.44002231394122759, 11.00000000000000000, 17.03317828418229141 ) ) ;
#42 = DIRECTION ( 'NONE',  ( -0.000000000000000000, -1.000000000000000000, -0.000000000000000000 ) ) ;
#43 = EDGE_CURVE ( 'NONE', #1336, #383, #1356, .T. ) ;
#44 = ORIENTED_EDGE ( 'NONE', *, *, #161, .T. ) ;
#45 = LINE ( 'NONE', #1292, #1670 ) ;
#46 = DIRECTION ( 'NONE',  ( -0.000000000000000000, 1.000000000000000000, -0.000000000000000000 ) ) ;
#47 = AXIS2_PLACEMENT_3D ( 'NONE', #1177, #1015, #1001 ) ;
#48 = EDGE_LOOP ( 'NONE', ( #2160, #2296, #2007, #2127, #1425, #257, #1952, #110, #1509, #1142, #350, #970, #1701, #2238, #699, #1113, #6, #82, #905, #2152, #368, #424, #2181, #1674, #1455, #1397, #2375, #2342, #632, #167, #676, #1514, #1864, #1151 ) ) ;
#49 = CONICAL_SURFACE ( 'NONE', #2350, 1.650000000000002132, 0.7853981633974471688 ) ;
#50 = LINE ( 'NONE', #797, #2059 ) ;
#51 = EDGE_LOOP ( 'NONE', ( #1872, #1963, #947, #2228 ) ) ;
#52 = CARTESIAN_POINT ( 'NONE',  ( -68.72117962466492713, 0.000000000000000000, -29.21032171581770953 ) ) ;
#53 = DIRECTION ( 'NONE',  ( 1.000000000000000000, 0.000000000000000000, -2.798307804009489196E-16 ) ) ;
#54 = ORIENTED_EDGE ( 'NONE', *, *, #259, .T. ) ;
#55 = DIRECTION ( 'NONE',  ( 0.000000000000000000, 0.000000000000000000, 1.000000000000000000 ) ) ;
#56 = CARTESIAN_POINT ( 'NONE',  ( 13.95706990713457962, -78.31324267233654268, -19.94175934148349327 ) ) ;
#57 = VECTOR ( 'NONE', #331, 1000.000000000000114 ) ;
#58 = EDGE_CURVE ( 'NONE', #1586, #1971, #1366, .T. ) ;
#59 = CIRCLE ( 'NONE', #701, 10.00000000000000000 ) ;
#60 = VECTOR ( 'NONE', #972, 1000.000000000000000 ) ;
#61 = ORIENTED_EDGE ( 'NONE', *, *, #1157, .F. ) ;
#62 = CIRCLE ( 'NONE', #1207, 10.00000000000000000 ) ;
#63 = VERTEX_POINT ( 'NONE', #2149 ) ;
#64 = CARTESIAN_POINT ( 'NONE',  ( -60.22117962466492713, 11.00000000000000000, -11.26357171581770800 ) ) ;
#65 = CARTESIAN_POINT ( 'NONE',  ( -40.26785116162044886, 0.000000000000000000, 9.558574175578113952 ) ) ;
#66 = ORIENTED_EDGE ( 'NONE', *, *, #624, .F. ) ;
#67 = CYLINDRICAL_SURFACE ( 'NONE', #746, 2.499999999999998668 ) ;
#68 = CARTESIAN_POINT ( 'NONE',  ( 69.82549191229061591, 0.000000000000000000, 9.558574175578112175 ) ) ;
#69 = ADVANCED_FACE ( 'NONE', ( #312, #142 ), #1230, .T. ) ;
#70 = ORIENTED_EDGE ( 'NONE', *, *, #2010, .F. ) ;
#71 = EDGE_CURVE ( 'NONE', #807, #981, #1481, .T. ) ;
#72 = ORIENTED_EDGE ( 'NONE', *, *, #1596, .F. ) ;
#73 = CARTESIAN_POINT ( 'NONE',  ( 83.65332075996984429, 11.00000000000000000, 15.22469872707218386 ) ) ;
#74 = ORIENTED_EDGE ( 'NONE', *, *, #1485, .F. ) ;
#75 = CARTESIAN_POINT ( 'NONE',  ( -60.22117962466492713, 6.200000000000000178, -11.26357171581770800 ) ) ;
#76 = DIRECTION ( 'NONE',  ( 0.000000000000000000, 0.000000000000000000, -1.000000000000000000 ) ) ;
#77 = ORIENTED_EDGE ( 'NONE', *, *, #768, .F. ) ;
#78 = DIRECTION ( 'NONE',  ( -0.000000000000000000, -1.000000000000000000, -0.000000000000000000 ) ) ;
#79 = CARTESIAN_POINT ( 'NONE',  ( -60.22117962466492713, 6.200000000000000178, -11.26357171581770800 ) ) ;
#80 = LINE ( 'NONE', #805, #1138 ) ;
#81 = ORIENTED_EDGE ( 'NONE', *, *, #1526, .F. ) ;
#82 = ORIENTED_EDGE ( 'NONE', *, *, #1021, .T. ) ;
#83 = VECTOR ( 'NONE', #145, 1000.000000000000000 ) ;
#84 = VERTEX_POINT ( 'NONE', #73 ) ;
#85 = LINE ( 'NONE', #809, #245 ) ;
#86 = DIRECTION ( 'NONE',  ( 0.000000000000000000, -1.000000000000000000, 0.000000000000000000 ) ) ;
#87 = ADVANCED_FACE ( 'NONE', ( #1141 ), #1871, .F. ) ;
#88 = EDGE_LOOP ( 'NONE', ( #843, #754, #2019, #1719 ) ) ;
#89 = LINE ( 'NONE', #465, #1894 ) ;
#90 = DIRECTION ( 'NONE',  ( 0.000000000000000000, 0.000000000000000000, -1.000000000000000000 ) ) ;
#91 = EDGE_CURVE ( 'NONE', #1248, #420, #2135, .T. ) ;
#92 = LINE ( 'NONE', #2280, #1744 ) ;
#93 = ORIENTED_EDGE ( 'NONE', *, *, #58, .F. ) ;
#94 = VECTOR ( 'NONE', #297, 1000.000000000000000 ) ;
#95 = ORIENTED_EDGE ( 'NONE', *, *, #1647, .T. ) ;
#96 = AXIS2_PLACEMENT_3D ( 'NONE', #1254, #544, #2210 ) ;
#97 = CIRCLE ( 'NONE', #1437, 2.499999999999998668 ) ;
#98 = CIRCLE ( 'NONE', #1439, 1.650000000000002132 ) ;
#99 = ORIENTED_EDGE ( 'NONE', *, *, #1760, .T. ) ;
#100 = PLANE ( 'NONE',  #2237 ) ;
#101 = AXIS2_PLACEMENT_3D ( 'NONE', #912, #1460, #10 ) ;
#102 = ORIENTED_EDGE ( 'NONE', *, *, #1595, .T. ) ;
#103 = CARTESIAN_POINT ( 'NONE',  ( 14.77882037533508885, 0.000000000000000000, 1.347801411380284975 ) ) ;
#104 = EDGE_CURVE ( 'NONE', #1994, #919, #2078, .T. ) ;
#105 = CYLINDRICAL_SURFACE ( 'NONE', #165, 10.00000000000000000 ) ;
#106 = EDGE_CURVE ( 'NONE', #1893, #2301, #50, .T. ) ;
#107 = VECTOR ( 'NONE', #1436, 1000.000000000000000 ) ;
#108 = DIRECTION ( 'NONE',  ( 0.000000000000000000, 0.000000000000000000, 1.000000000000000000 ) ) ;
#109 = ORIENTED_EDGE ( 'NONE', *, *, #624, .T. ) ;
#110 = ORIENTED_EDGE ( 'NONE', *, *, #608, .T. ) ;
#111 = VERTEX_POINT ( 'NONE', #2032 ) ;
#112 = LINE ( 'NONE', #485, #1508 ) ;
#113 = AXIS2_PLACEMENT_3D ( 'NONE', #2246, #2260, #1866 ) ;
#114 = ORIENTED_EDGE ( 'NONE', *, *, #950, .F. ) ;
#115 = LINE ( 'NONE', #836, #210 ) ;
#116 = DIRECTION ( 'NONE',  ( 0.000000000000000000, 0.000000000000000000, 1.000000000000000000 ) ) ;
#117 = ADVANCED_FACE ( 'NONE', ( #379 ), #706, .F. ) ;
#118 = DIRECTION ( 'NONE',  ( 0.000000000000000000, 0.000000000000000000, -1.000000000000000000 ) ) ;
#119 = FACE_OUTER_BOUND ( 'NONE', #1690, .T. ) ;
#120 = EDGE_CURVE ( 'NONE', #1184, #1659, #2157, .T. ) ;
#121 = VERTEX_POINT ( 'NONE', #1236 ) ;
#122 = LINE ( 'NONE', #1585, #767 ) ;
#123 = AXIS2_PLACEMENT_3D ( 'NONE', #1210, #295, #1232 ) ;
#124 = ORIENTED_EDGE ( 'NONE', *, *, #1198, .F. ) ;
#125 = CARTESIAN_POINT ( 'NONE',  ( -70.22117962466491292, 11.00000000000000000, 14.53317828418229141 ) ) ;
#126 = DIRECTION ( 'NONE',  ( 0.000000000000000000, 0.000000000000000000, 1.000000000000000000 ) ) ;
#127 = DIRECTION ( 'NONE',  ( 0.000000000000000000, 0.000000000000000000, -1.000000000000000000 ) ) ;
#128 = DIRECTION ( 'NONE',  ( 0.000000000000000000, 1.000000000000000000, 0.000000000000000000 ) ) ;
#129 = ADVANCED_FACE ( 'NONE', ( #530 ), #1226, .F. ) ;
#130 = CIRCLE ( 'NONE', #1628, 2.249999999999995115 ) ;
#131 = ORIENTED_EDGE ( 'NONE', *, *, #1978, .F. ) ;
#132 = CYLINDRICAL_SURFACE ( 'NONE', #1423, 4.649999999999997691 ) ;
#133 = CIRCLE ( 'NONE', #2323, 2.250000000000001776 ) ;
#134 = AXIS2_PLACEMENT_3D ( 'NONE', #949, #1874, #775 ) ;
#135 = CIRCLE ( 'NONE', #977, 5.000000000000000888 ) ;
#136 = VERTEX_POINT ( 'NONE', #308 ) ;
#137 = DIRECTION ( 'NONE',  ( -0.000000000000000000, -1.000000000000000000, -0.000000000000000000 ) ) ;
#138 = CARTESIAN_POINT ( 'NONE',  ( -70.22117962466491292, 11.00000000000000000, 17.03317828418229141 ) ) ;
#139 = AXIS2_PLACEMENT_3D ( 'NONE', #1951, #662, #1185 ) ;
#140 = CARTESIAN_POINT ( 'NONE',  ( 14.77882037533508885, 0.000000000000000000, 1.347801411380284975 ) ) ;
#141 = LINE ( 'NONE', #1702, #357 ) ;
#142 = FACE_BOUND ( 'NONE', #2273, .T. ) ;
#143 = EDGE_CURVE ( 'NONE', #974, #1032, #1936, .T. ) ;
#144 = ORIENTED_EDGE ( 'NONE', *, *, #1758, .T. ) ;
#145 = DIRECTION ( 'NONE',  ( -0.000000000000000000, 1.000000000000000000, -0.000000000000000000 ) ) ;
#146 = ORIENTED_EDGE ( 'NONE', *, *, #852, .T. ) ;
#147 = CARTESIAN_POINT ( 'NONE',  ( -60.22117962466492713, 6.200000000000000178, -15.91357171581771190 ) ) ;
#148 = DIRECTION ( 'NONE',  ( -0.5735764363510501562, 0.000000000000000000, -0.8191520442889890230 ) ) ;
#149 = CIRCLE ( 'NONE', #1788, 10.00000000000000000 ) ;
#150 = EDGE_LOOP ( 'NONE', ( #2320, #584 ) ) ;
#151 = CARTESIAN_POINT ( 'NONE',  ( -68.72117962466492713, 8.899999999999993250, 12.03317828418229141 ) ) ;
#152 = FACE_OUTER_BOUND ( 'NONE', #2106, .T. ) ;
#153 = DIRECTION ( 'NONE',  ( 0.000000000000000000, -0.000000000000000000, 1.000000000000000000 ) ) ;
#154 = VERTEX_POINT ( 'NONE', #1055 ) ;
#155 = LINE ( 'NONE', #1246, #1228 ) ;
#156 = ORIENTED_EDGE ( 'NONE', *, *, #2234, .F. ) ;
#157 = CARTESIAN_POINT ( 'NONE',  ( 102.2788203753350871, 11.00000000000000000, -30.06032171581770740 ) ) ;
#158 = DIRECTION ( 'NONE',  ( -0.000000000000000000, -1.000000000000000000, -0.000000000000000000 ) ) ;
#159 = EDGE_CURVE ( 'NONE', #187, #2101, #436, .T. ) ;
#160 = AXIS2_PLACEMENT_3D ( 'NONE', #495, #1284, #2201 ) ;
#161 = EDGE_CURVE ( 'NONE', #845, #783, #781, .T. ) ;
#162 = VERTEX_POINT ( 'NONE', #1642 ) ;
#163 = DIRECTION ( 'NONE',  ( 0.5735764363510429398, -0.000000000000000000, 0.8191520442889940190 ) ) ;
#164 = CARTESIAN_POINT ( 'NONE',  ( -60.22117962466492713, 11.00000000000000000, -9.013571715817704444 ) ) ;
#165 = AXIS2_PLACEMENT_3D ( 'NONE', #1215, #815, #90 ) ;
#166 = CARTESIAN_POINT ( 'NONE',  ( -40.26785116162044886, 39.35183283567377543, 9.558574175578117504 ) ) ;
#167 = ORIENTED_EDGE ( 'NONE', *, *, #1440, .T. ) ;
#168 = CARTESIAN_POINT ( 'NONE',  ( -60.22117962466492713, 11.00000000000000000, -13.51357171581770977 ) ) ;
#169 = ORIENTED_EDGE ( 'NONE', *, *, #1294, .T. ) ;
#170 = CYLINDRICAL_SURFACE ( 'NONE', #2129, 2.499999999999998668 ) ;
#171 = CARTESIAN_POINT ( 'NONE',  ( 89.77882037533505866, 11.00000000000000000, -11.26357171581770800 ) ) ;
#172 = CIRCLE ( 'NONE', #1969, 4.650000000000004796 ) ;
#173 = CIRCLE ( 'NONE', #2251, 1.650000000000002132 ) ;
#174 = EDGE_CURVE ( 'NONE', #2004, #162, #1520, .T. ) ;
#175 = ADVANCED_FACE ( 'NONE', ( #2209 ), #1265, .T. ) ;
#176 = VERTEX_POINT ( 'NONE', #360 ) ;
#177 = DIRECTION ( 'NONE',  ( -0.000000000000000000, -1.000000000000000000, -0.000000000000000000 ) ) ;
#178 = CARTESIAN_POINT ( 'NONE',  ( -72.72117962466492713, 11.00000000000000000, -32.56032171581770740 ) ) ;
#179 = DIRECTION ( 'NONE',  ( 0.000000000000000000, -1.000000000000000000, 0.000000000000000000 ) ) ;
#180 = DIRECTION ( 'NONE',  ( -0.000000000000000000, -1.000000000000000000, -0.000000000000000000 ) ) ;
#181 = ORIENTED_EDGE ( 'NONE', *, *, #1464, .F. ) ;
#182 = CYLINDRICAL_SURFACE ( 'NONE', #2042, 10.00000000000000178 ) ;
#183 = CC_DESIGN_APPROVAL ( #1145, ( #918 ) ) ;
#184 = ORIENTED_EDGE ( 'NONE', *, *, #32, .T. ) ;
#185 = DIRECTION ( 'NONE',  ( 0.000000000000000000, 0.000000000000000000, 1.000000000000000000 ) ) ;
#186 = CARTESIAN_POINT ( 'NONE',  ( -56.67845648402030179, 39.35183283567377543, 17.03317828418228785 ) ) ;
#187 = VERTEX_POINT ( 'NONE', #334 ) ;
#188 = CARTESIAN_POINT ( 'NONE',  ( -59.83144437281011108, 11.00000000000000000, -22.56032171581770385 ) ) ;
#189 = CARTESIAN_POINT ( 'NONE',  ( 61.73342742812190664, 0.000000000000000000, 15.22469872707218030 ) ) ;
#190 = CARTESIAN_POINT ( 'NONE',  ( 0.000000000000000000, 0.000000000000000000, 0.000000000000000000 ) ) ;
#191 = DIRECTION ( 'NONE',  ( 0.000000000000000000, 0.000000000000000000, 1.000000000000000000 ) ) ;
#192 = EDGE_CURVE ( 'NONE', #1189, #688, #2376, .T. ) ;
#193 = VERTEX_POINT ( 'NONE', #1080 ) ;
#194 = CARTESIAN_POINT ( 'NONE',  ( -54.09568000929966303, 39.35183283567377543, -30.75184215870763182 ) ) ;
#195 = VERTEX_POINT ( 'NONE', #1828 ) ;
#196 = CARTESIAN_POINT ( 'NONE',  ( 98.27882037533508708, 11.00000000000000000, -23.81032171581770029 ) ) ;
#197 = DIRECTION ( 'NONE',  ( -0.9659258262890700886, 0.000000000000000000, -0.2588190451025141892 ) ) ;
#198 = APPLICATION_CONTEXT ( 'configuration controlled 3d designs of mechanical parts and assemblies' ) ;
#199 = VERTEX_POINT ( 'NONE', #2363 ) ;
#200 = DIRECTION ( 'NONE',  ( -0.000000000000000000, -1.000000000000000000, -0.000000000000000000 ) ) ;
#201 = CARTESIAN_POINT ( 'NONE',  ( 98.27882037533508708, 11.00000000000000000, 12.03317828418229141 ) ) ;
#202 = AXIS2_PLACEMENT_3D ( 'NONE', #1959, #2327, #108 ) ;
#203 = PERSON_AND_ORGANIZATION ( #1823, #1410 ) ;
#204 = CARTESIAN_POINT ( 'NONE',  ( 49.60467828095714538, -78.31324267233654268, -4.696757217349908586 ) ) ;
#205 = EDGE_CURVE ( 'NONE', #2255, #1625, #1592, .T. ) ;
#206 = ORIENTED_EDGE ( 'NONE', *, *, #435, .T. ) ;
#207 = ORIENTED_EDGE ( 'NONE', *, *, #1698, .T. ) ;
#208 = CARTESIAN_POINT ( 'NONE',  ( -60.22117962466492713, 11.00000000000000000, -13.51357171581770977 ) ) ;
#209 = CARTESIAN_POINT ( 'NONE',  ( 59.15065095340126788, 0.000000000000000000, 17.03317828418229141 ) ) ;
#210 = VECTOR ( 'NONE', #1717, 1000.000000000000000 ) ;
#211 = ORIENTED_EDGE ( 'NONE', *, *, #782, .T. ) ;
#212 = LINE ( 'NONE', #1522, #742 ) ;
#213 = CARTESIAN_POINT ( 'NONE',  ( -70.22117962466491292, 11.00000000000000000, 17.03317828418229141 ) ) ;
#214 = AXIS2_PLACEMENT_3D ( 'NONE', #1655, #557, #695 ) ;
#215 = CIRCLE ( 'NONE', #1633, 1.650000000000002132 ) ;
#216 = AXIS2_PLACEMENT_3D ( 'NONE', #1654, #694, #1812 ) ;
#217 = DIRECTION ( 'NONE',  ( -0.000000000000000000, -1.000000000000000000, -0.000000000000000000 ) ) ;
#218 = ORIENTED_EDGE ( 'NONE', *, *, #1454, .T. ) ;
#219 = EDGE_CURVE ( 'NONE', #794, #2244, #1431, .T. ) ;
#220 = ORIENTED_EDGE ( 'NONE', *, *, #2276, .F. ) ;
#221 = CARTESIAN_POINT ( 'NONE',  ( -60.22117962466492713, 6.200000000000000178, -11.26357171581770800 ) ) ;
#222 = DIRECTION ( 'NONE',  ( -0.000000000000000000, -1.000000000000000000, -0.000000000000000000 ) ) ;
#223 = CARTESIAN_POINT ( 'NONE',  ( -26.44002231394122759, 11.00000000000000000, 17.03317828418229141 ) ) ;
#224 = CARTESIAN_POINT ( 'NONE',  ( 98.27882037533508708, 0.000000000000000000, 10.38317828418228927 ) ) ;
#225 = CARTESIAN_POINT ( 'NONE',  ( 99.77882037533507287, 0.000000000000000000, 14.53317828418228963 ) ) ;
#226 = ORIENTED_EDGE ( 'NONE', *, *, #1485, .T. ) ;
#227 = ORIENTED_EDGE ( 'NONE', *, *, #2221, .F. ) ;
#228 = DIRECTION ( 'NONE',  ( -0.000000000000000000, -1.000000000000000000, -0.000000000000000000 ) ) ;
#229 = CARTESIAN_POINT ( 'NONE',  ( 98.27882037533508708, 11.00000000000000000, 15.78317828418229496 ) ) ;
#230 = EDGE_LOOP ( 'NONE', ( #759, #1079, #1465, #414 ) ) ;
#231 = LINE ( 'NONE', #1865, #942 ) ;
#232 = EDGE_CURVE ( 'NONE', #1054, #647, #62, .T. ) ;
#233 = LINE ( 'NONE', #1169, #880 ) ;
#234 = VECTOR ( 'NONE', #286, 1000.000000000000000 ) ;
#235 = EDGE_LOOP ( 'NONE', ( #1201, #1764, #1067, #1608 ) ) ;
#236 = ORIENTED_EDGE ( 'NONE', *, *, #504, .F. ) ;
#237 = CYLINDRICAL_SURFACE ( 'NONE', #316, 1.650000000000002132 ) ;
#238 = CARTESIAN_POINT ( 'NONE',  ( 13.95706990713460804, 11.00000000000000000, 4.414615909848080832 ) ) ;
#239 = ORIENTED_EDGE ( 'NONE', *, *, #1238, .F. ) ;
#240 = CARTESIAN_POINT ( 'NONE',  ( 102.2788203753350871, 11.00000000000000000, -32.56032171581770740 ) ) ;
#241 = CARTESIAN_POINT ( 'NONE',  ( -60.22117962466492713, 6.200000000000000178, -9.013571715817704444 ) ) ;
#242 = EDGE_CURVE ( 'NONE', #111, #2026, #1773, .T. ) ;
#243 = ADVANCED_FACE ( 'NONE', ( #517 ), #1253, .T. ) ;
#244 = AXIS2_PLACEMENT_3D ( 'NONE', #526, #1445, #1419 ) ;
#245 = VECTOR ( 'NONE', #1550, 1000.000000000000000 ) ;
#246 = EDGE_LOOP ( 'NONE', ( #1924, #597 ) ) ;
#247 = ORIENTED_EDGE ( 'NONE', *, *, #2125, .F. ) ;
#248 = AXIS2_PLACEMENT_3D ( 'NONE', #1148, #925, #1662 ) ;
#249 = EDGE_LOOP ( 'NONE', ( #885, #1173 ) ) ;
#250 = CARTESIAN_POINT ( 'NONE',  ( -43.13573334337569776, 0.000000000000000000, -29.18147782865859696 ) ) ;
#251 = DIRECTION ( 'NONE',  ( 0.000000000000000000, 0.000000000000000000, 1.000000000000000000 ) ) ;
#252 = ORIENTED_EDGE ( 'NONE', *, *, #796, .F. ) ;
#253 = CARTESIAN_POINT ( 'NONE',  ( 98.27882037533508708, 0.000000000000000000, -27.56032171581770740 ) ) ;
#254 = CARTESIAN_POINT ( 'NONE',  ( -72.72117962466491292, 0.000000000000000000, 17.03317828418229141 ) ) ;
#255 = CIRCLE ( 'NONE', #1599, 10.00000000000000000 ) ;
#256 = EDGE_CURVE ( 'NONE', #669, #121, #1404, .T. ) ;
#257 = ORIENTED_EDGE ( 'NONE', *, *, #521, .T. ) ;
#258 = CARTESIAN_POINT ( 'NONE',  ( -43.13573334337569776, 11.00000000000000000, 13.65433439702306195 ) ) ;
#259 = EDGE_CURVE ( 'NONE', #1343, #1391, #362, .T. ) ;
#260 = EDGE_LOOP ( 'NONE', ( #341, #806, #2277, #1521 ) ) ;
#261 = CARTESIAN_POINT ( 'NONE',  ( 89.77882037533505866, 6.200000000000000178, -11.26357171581770800 ) ) ;
#262 = CARTESIAN_POINT ( 'NONE',  ( 55.99766306461145859, 11.00000000000000000, -32.56032171581770740 ) ) ;
#263 = ORIENTED_EDGE ( 'NONE', *, *, #106, .T. ) ;
#264 = DIRECTION ( 'NONE',  ( 0.000000000000000000, 0.000000000000000000, 1.000000000000000000 ) ) ;
#265 = DIRECTION ( 'NONE',  ( 0.000000000000000000, 1.000000000000000000, 0.000000000000000000 ) ) ;
#266 = DIRECTION ( 'NONE',  ( 1.000000000000000000, 0.000000000000000000, 0.000000000000000000 ) ) ;
#267 = ORIENTED_EDGE ( 'NONE', *, *, #1559, .F. ) ;
#268 = DIRECTION ( 'NONE',  ( 0.000000000000000000, 0.000000000000000000, 1.000000000000000000 ) ) ;
#269 = CIRCLE ( 'NONE', #160, 3.750000000000006661 ) ;
#270 = ADVANCED_FACE ( 'NONE', ( #1118 ), #953, .F. ) ;
#271 = ADVANCED_FACE ( 'NONE', ( #1107 ), #1533, .T. ) ;
#272 = ORIENTED_EDGE ( 'NONE', *, *, #682, .F. ) ;
#273 = CARTESIAN_POINT ( 'NONE',  ( -32.17578667745172538, 11.00000000000000000, 15.22469872707217853 ) ) ;
#274 = EDGE_LOOP ( 'NONE', ( #576, #820, #1575, #337 ) ) ;
#275 = CARTESIAN_POINT ( 'NONE',  ( -72.72117962466491292, 11.00000000000000000, 17.03317828418229141 ) ) ;
#276 = CARTESIAN_POINT ( 'NONE',  ( -68.72117962466492713, 0.000000000000000000, 13.68317828418229354 ) ) ;
#277 = CARTESIAN_POINT ( 'NONE',  ( 15.60057084353557144, 0.000000000000000000, 4.414615909848080832 ) ) ;
#278 = VERTEX_POINT ( 'NONE', #755 ) ;
#279 = CONICAL_SURFACE ( 'NONE', #1321, 1.650000000000002132, 0.7853981633974471688 ) ;
#280 = CARTESIAN_POINT ( 'NONE',  ( -46.00361552513095376, 39.35183283567377543, 9.558574175578117504 ) ) ;
#281 = AXIS2_PLACEMENT_3D ( 'NONE', #361, #373, #1081 ) ;
#282 = APPLICATION_CONTEXT ( 'configuration controlled 3d designs of mechanical parts and assemblies' ) ;
#283 = VECTOR ( 'NONE', #440, 1000.000000000000114 ) ;
#284 = VECTOR ( 'NONE', #728, 999.9999999999998863 ) ;
#285 = ORIENTED_EDGE ( 'NONE', *, *, #1609, .T. ) ;
#286 = DIRECTION ( 'NONE',  ( -0.9659258262890700886, -0.000000000000000000, -0.2588190451025141892 ) ) ;
#287 = EDGE_CURVE ( 'NONE', #461, #645, #1899, .T. ) ;
#288 = ORIENTED_EDGE ( 'NONE', *, *, #309, .T. ) ;
#289 = DIRECTION ( 'NONE',  ( 0.000000000000000000, -1.000000000000000000, 0.000000000000000000 ) ) ;
#290 = CARTESIAN_POINT ( 'NONE',  ( -26.44002231394122759, 11.00000000000000000, 7.033178284182291407 ) ) ;
#291 = APPROVAL_PERSON_ORGANIZATION ( #709, #1145, #348 ) ;
#292 = CARTESIAN_POINT ( 'NONE',  ( -72.72117962466491292, 11.00000000000000000, 17.03317828418229141 ) ) ;
#293 = ORIENTED_EDGE ( 'NONE', *, *, #1434, .F. ) ;
#294 = ORIENTED_EDGE ( 'NONE', *, *, #106, .F. ) ;
#295 = DIRECTION ( 'NONE',  ( 0.000000000000000000, 1.000000000000000000, 0.000000000000000000 ) ) ;
#296 = ORIENTED_EDGE ( 'NONE', *, *, #2293, .T. ) ;
#297 = DIRECTION ( 'NONE',  ( 2.798307804009488703E-16, 0.000000000000000000, 1.000000000000000000 ) ) ;
#298 = CARTESIAN_POINT ( 'NONE',  ( -72.72117962466492713, 11.00000000000000000, -32.56032171581770740 ) ) ;
#299 = EDGE_CURVE ( 'NONE', #1213, #1943, #212, .T. ) ;
#300 = CARTESIAN_POINT ( 'NONE',  ( 15.60057084353555013, 0.000000000000000000, -19.94175934148350038 ) ) ;
#301 = DIRECTION ( 'NONE',  ( 0.000000000000000000, 0.000000000000000000, 1.000000000000000000 ) ) ;
#302 = LINE ( 'NONE', #1594, #2289 ) ;
#303 = EDGE_LOOP ( 'NONE', ( #801, #2310 ) ) ;
#304 = DIRECTION ( 'NONE',  ( -0.000000000000000000, 1.000000000000000000, -0.000000000000000000 ) ) ;
#305 = ORIENTED_EDGE ( 'NONE', *, *, #2264, .T. ) ;
#306 = DIRECTION ( 'NONE',  ( -0.000000000000000000, 1.000000000000000000, -0.000000000000000000 ) ) ;
#307 = CARTESIAN_POINT ( 'NONE',  ( -68.72117962466492713, 8.899999999999993250, 12.03317828418229141 ) ) ;
#308 = CARTESIAN_POINT ( 'NONE',  ( -20.04703753028694990, 11.00000000000000000, -10.83038621428548964 ) ) ;
#309 = EDGE_CURVE ( 'NONE', #777, #1943, #778, .T. ) ;
#310 = DIRECTION ( 'NONE',  ( 0.000000000000000000, 1.000000000000000000, 0.000000000000000000 ) ) ;
#311 = LINE ( 'NONE', #992, #1042 ) ;
#312 = FACE_OUTER_BOUND ( 'NONE', #549, .T. ) ;
#313 = CIRCLE ( 'NONE', #2014, 5.000000000000000888 ) ;
#314 = ORIENTED_EDGE ( 'NONE', *, *, #708, .F. ) ;
#315 = CARTESIAN_POINT ( 'NONE',  ( -59.83144437281011108, 11.00000000000000000, -22.56032171581770385 ) ) ;
#316 = AXIS2_PLACEMENT_3D ( 'NONE', #1990, #2030, #1256 ) ;
#317 = VECTOR ( 'NONE', #1504, 1000.000000000000000 ) ;
#318 = EDGE_LOOP ( 'NONE', ( #678, #872 ) ) ;
#319 = CARTESIAN_POINT ( 'NONE',  ( 89.77882037533505866, 11.00000000000000000, -11.26357171581770800 ) ) ;
#320 = CARTESIAN_POINT ( 'NONE',  ( 59.15065095340126788, 0.000000000000000000, -32.56032171581770740 ) ) ;
#321 = VECTOR ( 'NONE', #1510, 1000.000000000000000 ) ;
#322 = ORIENTED_EDGE ( 'NONE', *, *, #867, .T. ) ;
#323 = CARTESIAN_POINT ( 'NONE',  ( -43.13573334337569776, 39.35183283567377543, -29.18147782865859696 ) ) ;
#324 = CARTESIAN_POINT ( 'NONE',  ( 49.60467828095713827, 11.00000000000000000, -10.83038621428550030 ) ) ;
#325 = PERSON_AND_ORGANIZATION_ROLE ( 'design_owner' ) ;
#326 = CYLINDRICAL_SURFACE ( 'NONE', #2016, 1.650000000000002132 ) ;
#327 = ADVANCED_FACE ( 'NONE', ( #940 ), #1675, .F. ) ;
#328 = ORIENTED_EDGE ( 'NONE', *, *, #2306, .F. ) ;
#329 = EDGE_CURVE ( 'NONE', #1971, #1907, #2223, .T. ) ;
#330 = ORIENTED_EDGE ( 'NONE', *, *, #1876, .F. ) ;
#331 = DIRECTION ( 'NONE',  ( 0.9659258262890700886, -0.000000000000000000, -0.2588190451025139116 ) ) ;
#332 = CARTESIAN_POINT ( 'NONE',  ( -72.72117962466492713, 11.00000000000000000, -32.56032171581770740 ) ) ;
#333 = ORIENTED_EDGE ( 'NONE', *, *, #329, .T. ) ;
#334 = CARTESIAN_POINT ( 'NONE',  ( 98.27882037533508708, 8.899999999999993250, 13.68317828418229354 ) ) ;
#335 = CARTESIAN_POINT ( 'NONE',  ( -40.26785116162044886, 11.00000000000000000, 9.558574175578117504 ) ) ;
#336 = LINE ( 'NONE', #711, #1666 ) ;
#337 = ORIENTED_EDGE ( 'NONE', *, *, #967, .T. ) ;
#338 = DIRECTION ( 'NONE',  ( 0.000000000000000000, 0.000000000000000000, 1.000000000000000000 ) ) ;
#339 = EDGE_CURVE ( 'NONE', #1373, #176, #1368, .T. ) ;
#340 = EDGE_CURVE ( 'NONE', #1859, #1345, #633, .T. ) ;
#341 = ORIENTED_EDGE ( 'NONE', *, *, #501, .F. ) ;
#342 = LINE ( 'NONE', #2008, #2358 ) ;
#343 = CARTESIAN_POINT ( 'NONE',  ( -68.72117962466492713, 11.00000000000000000, -27.56032171581770740 ) ) ;
#344 = CIRCLE ( 'NONE', #1724, 4.999999999999995559 ) ;
#345 = ORIENTED_EDGE ( 'NONE', *, *, #458, .F. ) ;
#346 = DIRECTION ( 'NONE',  ( 0.000000000000000000, 0.000000000000000000, 1.000000000000000000 ) ) ;
#347 = DIRECTION ( 'NONE',  ( 0.8191520442889889120, 0.000000000000000000, -0.5735764363510500452 ) ) ;
#348 = APPROVAL_ROLE ( '' ) ;
#349 = FACE_OUTER_BOUND ( 'NONE', #743, .T. ) ;
#350 = ORIENTED_EDGE ( 'NONE', *, *, #1123, .F. ) ;
#351 = CARTESIAN_POINT ( 'NONE',  ( 99.77882037533507287, 11.00000000000000000, 17.03317828418229141 ) ) ;
#352 = ORIENTED_EDGE ( 'NONE', *, *, #31, .F. ) ;
#353 = DIRECTION ( 'NONE',  ( 0.000000000000000000, 0.000000000000000000, 1.000000000000000000 ) ) ;
#354 = CYLINDRICAL_SURFACE ( 'NONE', #2055, 4.650000000000004796 ) ;
#355 = AXIS2_PLACEMENT_3D ( 'NONE', #1748, #2107, #656 ) ;
#356 = EDGE_CURVE ( 'NONE', #187, #1782, #2259, .T. ) ;
#357 = VECTOR ( 'NONE', #862, 1000.000000000000000 ) ;
#358 = AXIS2_PLACEMENT_3D ( 'NONE', #935, #2081, #427 ) ;
#359 = ORIENTED_EDGE ( 'NONE', *, *, #501, .T. ) ;
#360 = CARTESIAN_POINT ( 'NONE',  ( 98.27882037533508708, 0.000000000000000000, 13.68317828418229354 ) ) ;
#361 = CARTESIAN_POINT ( 'NONE',  ( -60.22117962466492713, 0.000000000000000000, -11.26357171581770800 ) ) ;
#362 = CIRCLE ( 'NONE', #819, 2.500000000000000444 ) ;
#363 = EDGE_CURVE ( 'NONE', #637, #1320, #231, .T. ) ;
#364 = PLANE ( 'NONE',  #1401 ) ;
#365 = ORIENTED_EDGE ( 'NONE', *, *, #1815, .F. ) ;
#366 = DIRECTION ( 'NONE',  ( 0.000000000000000000, 0.000000000000000000, 1.000000000000000000 ) ) ;
#367 = LOCAL_TIME ( 14, 41, 6.000000000000000000, #793 ) ;
#368 = ORIENTED_EDGE ( 'NONE', *, *, #757, .F. ) ;
#369 = LINE ( 'NONE', #1691, #1170 ) ;
#370 = DIRECTION ( 'NONE',  ( 0.000000000000000000, 0.000000000000000000, 1.000000000000000000 ) ) ;
#371 = VERTEX_POINT ( 'NONE', #223 ) ;
#372 = LINE ( 'NONE', #22, #776 ) ;
#373 = DIRECTION ( 'NONE',  ( 0.000000000000000000, -1.000000000000000000, 0.000000000000000000 ) ) ;
#374 = EDGE_CURVE ( 'NONE', #9, #702, #1685, .T. ) ;
#375 = CARTESIAN_POINT ( 'NONE',  ( 55.99766306461140175, 39.35183283567377543, 7.033178284182291407 ) ) ;
#376 = CARTESIAN_POINT ( 'NONE',  ( 15.60057084353557144, -78.31324267233654268, 4.414615909848080832 ) ) ;
#377 = AXIS2_PLACEMENT_3D ( 'NONE', #290, #265, #2134 ) ;
#378 = ORIENTED_EDGE ( 'NONE', *, *, #2333, .F. ) ;
#379 = FACE_OUTER_BOUND ( 'NONE', #1075, .T. ) ;
#380 = EDGE_LOOP ( 'NONE', ( #1139, #2048, #619, #1641 ) ) ;
#381 = PLANE ( 'NONE',  #2360 ) ;
#382 = CYLINDRICAL_SURFACE ( 'NONE', #1327, 4.999999999999995559 ) ;
#383 = VERTEX_POINT ( 'NONE', #1487 ) ;
#384 = CARTESIAN_POINT ( 'NONE',  ( 83.65332075996985850, 11.00000000000000000, -30.75184215870764604 ) ) ;
#385 = LINE ( 'NONE', #254, #966 ) ;
#386 = VECTOR ( 'NONE', #677, 1000.000000000000000 ) ;
#387 = CARTESIAN_POINT ( 'NONE',  ( 75.56125627580108528, 0.000000000000000000, -25.08571760721365251 ) ) ;
#388 = EDGE_CURVE ( 'NONE', #176, #187, #45, .T. ) ;
#389 = APPROVAL ( #1342, 'UNSPECIFIED' ) ;
#390 = ORIENTED_EDGE ( 'NONE', *, *, #1306, .F. ) ;
#391 = ORIENTED_EDGE ( 'NONE', *, *, #232, .T. ) ;
#392 = DIRECTION ( 'NONE',  ( 0.000000000000000000, -1.000000000000000000, 0.000000000000000000 ) ) ;
#393 = CARTESIAN_POINT ( 'NONE',  ( -72.72117962466492713, 11.00000000000000000, -32.56032171581770740 ) ) ;
#394 = AXIS2_PLACEMENT_3D ( 'NONE', #253, #986, #703 ) ;
#395 = ORIENTED_EDGE ( 'NONE', *, *, #666, .T. ) ;
#396 = CARTESIAN_POINT ( 'NONE',  ( 98.27882037533508708, 0.000000000000000000, 12.03317828418229141 ) ) ;
#397 = CARTESIAN_POINT ( 'NONE',  ( -20.04703753028694990, 11.00000000000000000, -10.83038621428548964 ) ) ;
#398 = AXIS2_PLACEMENT_3D ( 'NONE', #201, #531, #1266 ) ;
#399 = AXIS2_PLACEMENT_3D ( 'NONE', #2080, #503, #301 ) ;
#400 = AXIS2_PLACEMENT_3D ( 'NONE', #18, #1484, #1861 ) ;
#401 = AXIS2_PLACEMENT_3D ( 'NONE', #1961, #1416, #1044 ) ;
#402 = CARTESIAN_POINT ( 'NONE',  ( -68.72117962466492713, 0.000000000000000000, -25.91032171581770527 ) ) ;
#403 = ORIENTED_EDGE ( 'NONE', *, *, #43, .T. ) ;
#404 = ADVANCED_FACE ( 'NONE', ( #2245 ), #67, .T. ) ;
#405 = EDGE_LOOP ( 'NONE', ( #1302, #988, #1036, #293 ) ) ;
#406 = AXIS2_PLACEMENT_3D ( 'NONE', #684, #1604, #2015 ) ;
#407 = DIRECTION ( 'NONE',  ( 0.000000000000000000, -1.000000000000000000, 0.000000000000000000 ) ) ;
#408 = CARTESIAN_POINT ( 'NONE',  ( 72.69337409404587902, 39.35183283567377543, 13.65433439702305307 ) ) ;
#409 = DIRECTION ( 'NONE',  ( 0.000000000000000000, -1.000000000000000000, 0.000000000000000000 ) ) ;
#410 = DIRECTION ( 'NONE',  ( 0.000000000000000000, 0.000000000000000000, 1.000000000000000000 ) ) ;
#411 = CALENDAR_DATE ( 2026, 27, 2 ) ;
#412 = EDGE_LOOP ( 'NONE', ( #737, #868 ) ) ;
#413 = DIRECTION ( 'NONE',  ( -0.000000000000000000, -1.000000000000000000, -0.000000000000000000 ) ) ;
#414 = ORIENTED_EDGE ( 'NONE', *, *, #796, .T. ) ;
#415 = DIRECTION ( 'NONE',  ( 0.000000000000000000, -0.000000000000000000, -1.000000000000000000 ) ) ;
#416 = CARTESIAN_POINT ( 'NONE',  ( -68.72117962466492713, 8.899999999999993250, -27.56032171581770740 ) ) ;
#417 = EDGE_CURVE ( 'NONE', #908, #2139, #421, .T. ) ;
#418 = EDGE_CURVE ( 'NONE', #783, #686, #1887, .T. ) ;
#419 = ADVANCED_BREP_SHAPE_REPRESENTATION ( 'PSU Side Mount 3', ( #907, #600 ), #1564 ) ;
#420 = VERTEX_POINT ( 'NONE', #384 ) ;
#421 = LINE ( 'NONE', #1156, #1247 ) ;
#422 = DIRECTION ( 'NONE',  ( -0.000000000000000000, 1.000000000000000000, -0.000000000000000000 ) ) ;
#423 = PERSON_AND_ORGANIZATION ( #1823, #1410 ) ;
#424 = ORIENTED_EDGE ( 'NONE', *, *, #1875, .F. ) ;
#425 = VERTEX_POINT ( 'NONE', #2027 ) ;
#426 = CARTESIAN_POINT ( 'NONE',  ( -68.72117962466492713, 11.00000000000000000, -27.56032171581770740 ) ) ;
#427 = DIRECTION ( 'NONE',  ( 0.000000000000000000, 0.000000000000000000, 1.000000000000000000 ) ) ;
#428 = ORIENTED_EDGE ( 'NONE', *, *, #435, .F. ) ;
#429 = CARTESIAN_POINT ( 'NONE',  ( -60.22117962466492713, 6.200000000000000178, -11.26357171581770800 ) ) ;
#430 = CARTESIAN_POINT ( 'NONE',  ( 98.27882037533508708, 0.000000000000000000, -29.21032171581770953 ) ) ;
#431 = EDGE_CURVE ( 'NONE', #783, #1574, #372, .T. ) ;
#432 = CONICAL_SURFACE ( 'NONE', #1166, 1.650000000000002132, 0.7853981633974479459 ) ;
#433 = AXIS2_PLACEMENT_3D ( 'NONE', #1868, #944, #2236 ) ;
#434 = AXIS2_PLACEMENT_3D ( 'NONE', #1165, #1897, #251 ) ;
#435 = EDGE_CURVE ( 'NONE', #637, #853, #1726, .T. ) ;
#436 = CIRCLE ( 'NONE', #216, 1.650000000000002132 ) ;
#437 = EDGE_LOOP ( 'NONE', ( #99, #450 ) ) ;
#438 = CARTESIAN_POINT ( 'NONE',  ( -72.72117962466491292, 0.000000000000000000, 17.03317828418229141 ) ) ;
#439 = ORIENTED_EDGE ( 'NONE', *, *, #2084, .T. ) ;
#440 = DIRECTION ( 'NONE',  ( 0.9659258262890700886, -0.000000000000000000, 0.2588190451025139116 ) ) ;
#441 = CARTESIAN_POINT ( 'NONE',  ( 89.77882037533505866, 11.00000000000000000, -9.013571715817711549 ) ) ;
#442 = EDGE_LOOP ( 'NONE', ( #1753, #2033 ) ) ;
#443 = DIRECTION ( 'NONE',  ( -0.8191520442889941300, 0.000000000000000000, -0.5735764363510429398 ) ) ;
#444 = DIRECTION ( 'NONE',  ( -0.000000000000000000, -1.000000000000000000, -0.000000000000000000 ) ) ;
#445 = EDGE_CURVE ( 'NONE', #529, #448, #89, .T. ) ;
#446 = EDGE_CURVE ( 'NONE', #1625, #921, #1007, .T. ) ;
#447 = FACE_OUTER_BOUND ( 'NONE', #51, .T. ) ;
#448 = VERTEX_POINT ( 'NONE', #1179 ) ;
#449 = AXIS2_PLACEMENT_3D ( 'NONE', #2085, #590, #1119 ) ;
#450 = ORIENTED_EDGE ( 'NONE', *, *, #855, .T. ) ;
#451 = ORIENTED_EDGE ( 'NONE', *, *, #828, .T. ) ;
#452 = DIRECTION ( 'NONE',  ( -1.000000000000000000, 0.000000000000000000, -0.000000000000000000 ) ) ;
#453 = ORIENTED_EDGE ( 'NONE', *, *, #950, .T. ) ;
#454 = CARTESIAN_POINT ( 'NONE',  ( 59.15065095340126788, 11.00000000000000000, -32.56032171581770740 ) ) ;
#455 = CARTESIAN_POINT ( 'NONE',  ( -72.72117962466492713, 0.000000000000000000, -32.56032171581770740 ) ) ;
#456 = CARTESIAN_POINT ( 'NONE',  ( -19.22528706208646554, 11.00000000000000000, -7.763571715817696450 ) ) ;
#457 = EDGE_LOOP ( 'NONE', ( #2227, #1061, #2110, #572 ) ) ;
#458 = EDGE_CURVE ( 'NONE', #981, #807, #1852, .T. ) ;
#459 = PLANE ( 'NONE',  #139 ) ;
#460 = CONICAL_SURFACE ( 'NONE', #1802, 1.650000000000002132, 0.7853981633974479459 ) ;
#461 = VERTEX_POINT ( 'NONE', #1578 ) ;
#462 = FACE_BOUND ( 'NONE', #437, .T. ) ;
#463 = VECTOR ( 'NONE', #657, 1000.000000000000000 ) ;
#464 = ORIENTED_EDGE ( 'NONE', *, *, #1454, .F. ) ;
#465 = CARTESIAN_POINT ( 'NONE',  ( 99.77882037533508708, 11.00000000000000000, -32.56032171581770740 ) ) ;
#466 = DIRECTION ( 'NONE',  ( -0.000000000000000000, -1.000000000000000000, -0.000000000000000000 ) ) ;
#467 = FACE_OUTER_BOUND ( 'NONE', #1650, .T. ) ;
#468 = ORIENTED_EDGE ( 'NONE', *, *, #768, .T. ) ;
#469 = AXIS2_PLACEMENT_3D ( 'NONE', #1398, #1202, #2083 ) ;
#470 = ORIENTED_EDGE ( 'NONE', *, *, #374, .T. ) ;
#471 = VECTOR ( 'NONE', #1143, 1000.000000000000000 ) ;
#472 = CIRCLE ( 'NONE', #1205, 2.499999999999998668 ) ;
#473 = ORIENTED_EDGE ( 'NONE', *, *, #1335, .T. ) ;
#474 = LINE ( 'NONE', #646, #879 ) ;
#475 = AXIS2_PLACEMENT_3D ( 'NONE', #1013, #128, #268 ) ;
#476 = EDGE_CURVE ( 'NONE', #1907, #1882, #931, .T. ) ;
#477 = ORIENTED_EDGE ( 'NONE', *, *, #242, .F. ) ;
#478 = LINE ( 'NONE', #275, #890 ) ;
#479 = CARTESIAN_POINT ( 'NONE',  ( -68.72117962466492713, 8.899999999999993250, -29.21032171581770953 ) ) ;
#480 = CIRCLE ( 'NONE', #2220, 10.00000000000000000 ) ;
#481 = LINE ( 'NONE', #292, #1525 ) ;
#482 = CARTESIAN_POINT ( 'NONE',  ( -70.22117962466492713, 0.000000000000000000, -30.06032171581770740 ) ) ;
#483 = DIRECTION ( 'NONE',  ( 0.000000000000000000, 1.000000000000000000, 0.000000000000000000 ) ) ;
#484 = ORIENTED_EDGE ( 'NONE', *, *, #1686, .T. ) ;
#485 = CARTESIAN_POINT ( 'NONE',  ( -72.72117962466491292, 0.000000000000000000, 17.03317828418229141 ) ) ;
#486 = ORIENTED_EDGE ( 'NONE', *, *, #363, .T. ) ;
#487 = CYLINDRICAL_SURFACE ( 'NONE', #244, 5.000000000000000888 ) ;
#488 = EDGE_CURVE ( 'NONE', #607, #1833, #115, .T. ) ;
#489 = DIRECTION ( 'NONE',  ( -1.000000000000000000, -0.000000000000000000, -0.000000000000000000 ) ) ;
#490 = EDGE_CURVE ( 'NONE', #794, #607, #1125, .T. ) ;
#491 = LINE ( 'NONE', #1227, #945 ) ;
#492 = CARTESIAN_POINT ( 'NONE',  ( 89.77882037533505866, 0.000000000000000000, -6.613571715817710306 ) ) ;
#493 = DIRECTION ( 'NONE',  ( 0.000000000000000000, 0.000000000000000000, 1.000000000000000000 ) ) ;
#494 = ORIENTED_EDGE ( 'NONE', *, *, #679, .F. ) ;
#495 = CARTESIAN_POINT ( 'NONE',  ( 98.27882037533508708, 11.00000000000000000, -27.56032171581770740 ) ) ;
#496 = CC_DESIGN_APPROVAL ( #1737, ( #983 ) ) ;
#497 = ORIENTED_EDGE ( 'NONE', *, *, #2317, .F. ) ;
#498 = FACE_OUTER_BOUND ( 'NONE', #260, .T. ) ;
#499 = DIRECTION ( 'NONE',  ( -0.000000000000000000, -1.000000000000000000, -0.000000000000000000 ) ) ;
#500 = DIRECTION ( 'NONE',  ( -0.000000000000000000, -1.000000000000000000, -0.000000000000000000 ) ) ;
#501 = EDGE_CURVE ( 'NONE', #1917, #1721, #130, .T. ) ;
#502 = DIRECTION ( 'NONE',  ( 1.000000000000000000, 0.000000000000000000, 0.000000000000000000 ) ) ;
#503 = DIRECTION ( 'NONE',  ( -0.000000000000000000, -1.000000000000000000, -0.000000000000000000 ) ) ;
#504 = EDGE_CURVE ( 'NONE', #958, #1914, #1552, .T. ) ;
#505 = CIRCLE ( 'NONE', #1237, 10.00000000000000000 ) ;
#506 = VECTOR ( 'NONE', #347, 1000.000000000000114 ) ;
#507 = ORIENTED_EDGE ( 'NONE', *, *, #356, .F. ) ;
#508 = CARTESIAN_POINT ( 'NONE',  ( 98.27882037533508708, 8.899999999999993250, 10.38317828418228927 ) ) ;
#509 = AXIS2_PLACEMENT_3D ( 'NONE', #1084, #180, #904 ) ;
#510 = AXIS2_PLACEMENT_3D ( 'NONE', #186, #148, #870 ) ;
#511 = CLOSED_SHELL ( 'NONE', ( #1810, #663, #2172, #2322, #2025, #2126, #640, #2056, #1016, #916, #583, #2111, #1392, #866, #596, #1929, #1991, #1541, #811, #1644, #1695, #1830, #327, #1862, #1624, #1903, #1029, #736, #1713, #69, #1781, #1842, #1349, #1002, #1348, #2187, #2145, #1527, #752, #243, #653, #404, #534, #1171, #723, #2304, #1697, #692, #1093, #1545, #1111, #1733, #1858, #1060, #129, #87, #1369, #270, #1612, #1273, #3, #1258, #117, #2142, #2202, #271, #2076, #595, #2378, #175, #1513 ) ) ;
#512 = EDGE_LOOP ( 'NONE', ( #2082, #962, #1916, #1492 ) ) ;
#513 = DIRECTION ( 'NONE',  ( 0.000000000000000000, 0.000000000000000000, -1.000000000000000000 ) ) ;
#514 = CARTESIAN_POINT ( 'NONE',  ( 49.60467828095713827, -78.31324267233654268, -10.83038621428550030 ) ) ;
#515 = PRODUCT ( 'PSU Side Mount 3', 'PSU Side Mount 3', '', ( #875 ) ) ;
#516 = ORIENTED_EDGE ( 'NONE', *, *, #540, .F. ) ;
#517 = FACE_OUTER_BOUND ( 'NONE', #1309, .T. ) ;
#518 = DIRECTION ( 'NONE',  ( -0.000000000000000000, -1.000000000000000000, -0.000000000000000000 ) ) ;
#519 = LINE ( 'NONE', #2196, #672 ) ;
#520 = LINE ( 'NONE', #2352, #1590 ) ;
#521 = EDGE_CURVE ( 'NONE', #908, #2240, #505, .T. ) ;
#522 = EDGE_CURVE ( 'NONE', #1555, #1023, #816, .T. ) ;
#523 = ORIENTED_EDGE ( 'NONE', *, *, #1876, .T. ) ;
#524 = DIRECTION ( 'NONE',  ( 0.000000000000000000, 0.000000000000000000, 1.000000000000000000 ) ) ;
#525 = VERTEX_POINT ( 'NONE', #2097 ) ;
#526 = CARTESIAN_POINT ( 'NONE',  ( -43.13573334337569776, 39.35183283567377543, 13.65433439702306195 ) ) ;
#527 = DIRECTION ( 'NONE',  ( -0.000000000000000000, 1.000000000000000000, -0.000000000000000000 ) ) ;
#528 = CIRCLE ( 'NONE', #449, 10.00000000000000000 ) ;
#529 = VERTEX_POINT ( 'NONE', #1018 ) ;
#530 = FACE_OUTER_BOUND ( 'NONE', #1133, .T. ) ;
#531 = DIRECTION ( 'NONE',  ( -0.000000000000000000, -1.000000000000000000, -0.000000000000000000 ) ) ;
#532 =( LENGTH_UNIT ( ) NAMED_UNIT ( * ) SI_UNIT ( .MILLI., .METRE. ) );
#533 = DIRECTION ( 'NONE',  ( 0.000000000000000000, 1.000000000000000000, 0.000000000000000000 ) ) ;
#534 = ADVANCED_FACE ( 'NONE', ( #802 ), #623, .T. ) ;
#535 = EDGE_LOOP ( 'NONE', ( #239, #1071, #786, #2068 ) ) ;
#536 = CARTESIAN_POINT ( 'NONE',  ( 98.27882037533508708, 0.000000000000000000, -25.91032171581770527 ) ) ;
#537 = ORIENTED_EDGE ( 'NONE', *, *, #2225, .T. ) ;
#538 = FACE_OUTER_BOUND ( 'NONE', #1567, .T. ) ;
#539 = FACE_OUTER_BOUND ( 'NONE', #535, .T. ) ;
#540 = EDGE_CURVE ( 'NONE', #795, #637, #1476, .T. ) ;
#541 = CIRCLE ( 'NONE', #2001, 10.00000000000000000 ) ;
#542 = ORIENTED_EDGE ( 'NONE', *, *, #691, .T. ) ;
#543 = CARTESIAN_POINT ( 'NONE',  ( 14.77882037533506576, 11.00000000000000000, -16.87494484301570097 ) ) ;
#544 = DIRECTION ( 'NONE',  ( 0.5735764363510441610, -0.000000000000000000, 0.8191520442889932418 ) ) ;
#545 = DIRECTION ( 'NONE',  ( -0.000000000000000000, -1.000000000000000000, -0.000000000000000000 ) ) ;
#546 = FACE_BOUND ( 'NONE', #1729, .T. ) ;
#547 = ORIENTED_EDGE ( 'NONE', *, *, #445, .F. ) ;
#548 = CARTESIAN_POINT ( 'NONE',  ( -70.22117962466492713, 11.00000000000000000, -30.06032171581770740 ) ) ;
#549 = EDGE_LOOP ( 'NONE', ( #102, #2334 ) ) ;
#550 = PLANE ( 'NONE',  #848 ) ;
#551 = DIRECTION ( 'NONE',  ( 1.000000000000000000, 0.000000000000000000, -0.000000000000000000 ) ) ;
#552 = VECTOR ( 'NONE', #574, 1000.000000000000000 ) ;
#553 = EDGE_CURVE ( 'NONE', #2026, #561, #2133, .T. ) ;
#554 = AXIS2_PLACEMENT_3D ( 'NONE', #426, #1164, #1896 ) ;
#555 = EDGE_LOOP ( 'NONE', ( #252, #1222 ) ) ;
#556 = DIRECTION ( 'NONE',  ( 0.000000000000000000, 0.000000000000000000, -1.000000000000000000 ) ) ;
#557 = DIRECTION ( 'NONE',  ( 0.000000000000000000, -1.000000000000000000, 0.000000000000000000 ) ) ;
#558 = VECTOR ( 'NONE', #500, 1000.000000000000000 ) ;
#559 = CYLINDRICAL_SURFACE ( 'NONE', #1251, 10.00000000000000000 ) ;
#560 = DIRECTION ( 'NONE',  ( -0.000000000000000000, -1.000000000000000000, -0.000000000000000000 ) ) ;
#561 = VERTEX_POINT ( 'NONE', #1364 ) ;
#562 = AXIS2_PLACEMENT_3D ( 'NONE', #1381, #1949, #118 ) ;
#563 = DIRECTION ( 'NONE',  ( -0.000000000000000000, -1.000000000000000000, -0.000000000000000000 ) ) ;
#564 = ORIENTED_EDGE ( 'NONE', *, *, #757, .T. ) ;
#565 = LINE ( 'NONE', #1483, #552 ) ;
#566 = CARTESIAN_POINT ( 'NONE',  ( 49.60467828095714538, 11.00000000000000000, -4.696757217349908586 ) ) ;
#567 = EDGE_CURVE ( 'NONE', #1391, #669, #478, .T. ) ;
#568 = EDGE_LOOP ( 'NONE', ( #477, #1982, #1375, #1848 ) ) ;
#569 = DIRECTION ( 'NONE',  ( 0.000000000000000000, 0.000000000000000000, -1.000000000000000000 ) ) ;
#570 = DIRECTION ( 'NONE',  ( 0.000000000000000000, 0.000000000000000000, 1.000000000000000000 ) ) ;
#571 = PLANE ( 'NONE',  #1854 ) ;
#572 = ORIENTED_EDGE ( 'NONE', *, *, #1046, .F. ) ;
#573 = EDGE_LOOP ( 'NONE', ( #1805, #2252, #881, #2091 ) ) ;
#574 = DIRECTION ( 'NONE',  ( 8.659560562354922997E-17, 0.7071067811865483499, -0.7071067811865466846 ) ) ;
#575 = CARTESIAN_POINT ( 'NONE',  ( -70.22117962466491292, 0.000000000000000000, 14.53317828418229141 ) ) ;
#576 = ORIENTED_EDGE ( 'NONE', *, *, #418, .F. ) ;
#577 = CARTESIAN_POINT ( 'NONE',  ( -32.17578667745172538, 39.35183283567377543, 15.22469872707217853 ) ) ;
#578 = CARTESIAN_POINT ( 'NONE',  ( -59.83144437281017503, 0.000000000000000000, 7.033178284182291407 ) ) ;
#579 = CONICAL_SURFACE ( 'NONE', #842, 1.650000000000002132, 0.7853981633974479459 ) ;
#580 = APPROVAL_DATE_TIME ( #1664, #389 ) ;
#581 = CARTESIAN_POINT ( 'NONE',  ( -32.17578667745171117, 39.35183283567377543, -30.75184215870763893 ) ) ;
#582 = EDGE_CURVE ( 'NONE', #1992, #1343, #1738, .T. ) ;
#583 = ADVANCED_FACE ( 'NONE', ( #1027 ), #846, .F. ) ;
#584 = ORIENTED_EDGE ( 'NONE', *, *, #242, .T. ) ;
#585 = ORIENTED_EDGE ( 'NONE', *, *, #979, .F. ) ;
#586 = CARTESIAN_POINT ( 'NONE',  ( -68.72117962466492713, 8.899999999999993250, 13.68317828418229354 ) ) ;
#587 = CARTESIAN_POINT ( 'NONE',  ( -32.17578667745171117, 11.00000000000000000, -30.75184215870763893 ) ) ;
#588 = VERTEX_POINT ( 'NONE', #1352 ) ;
#589 = CARTESIAN_POINT ( 'NONE',  ( 59.15065095340126788, 11.00000000000000000, 17.03317828418229141 ) ) ;
#590 = DIRECTION ( 'NONE',  ( 0.000000000000000000, 1.000000000000000000, 0.000000000000000000 ) ) ;
#591 = AXIS2_PLACEMENT_3D ( 'NONE', #1308, #2020, #366 ) ;
#592 = CIRCLE ( 'NONE', #1326, 4.649999999999997691 ) ;
#593 = AXIS2_PLACEMENT_3D ( 'NONE', #1344, #413, #2060 ) ;
#594 = EDGE_CURVE ( 'NONE', #2026, #111, #2052, .T. ) ;
#595 = ADVANCED_FACE ( 'NONE', ( #882 ), #1064, .T. ) ;
#596 = ADVANCED_FACE ( 'NONE', ( #498 ), #1966, .F. ) ;
#597 = ORIENTED_EDGE ( 'NONE', *, *, #961, .T. ) ;
#598 = CC_DESIGN_DATE_AND_TIME_ASSIGNMENT ( #1136, #2247, ( #772 ) ) ;
#599 = ORIENTED_EDGE ( 'NONE', *, *, #1140, .F. ) ;
#600 = AXIS2_PLACEMENT_3D ( 'NONE', #190, #2158, #502 ) ;
#601 = DIRECTION ( 'NONE',  ( 0.000000000000000000, 0.000000000000000000, -1.000000000000000000 ) ) ;
#602 = CARTESIAN_POINT ( 'NONE',  ( 102.2788203753350871, 11.00000000000000000, -32.56032171581770740 ) ) ;
#603 = VERTEX_POINT ( 'NONE', #2153 ) ;
#604 = CARTESIAN_POINT ( 'NONE',  ( 98.27882037533508708, 8.899999999999993250, 13.68317828418229354 ) ) ;
#605 = CYLINDRICAL_SURFACE ( 'NONE', #1378, 4.650000000000004796 ) ;
#606 = PERSON_AND_ORGANIZATION ( #1823, #1410 ) ;
#607 = VERTEX_POINT ( 'NONE', #147 ) ;
#608 = EDGE_CURVE ( 'NONE', #833, #63, #1928, .T. ) ;
#609 = ORIENTED_EDGE ( 'NONE', *, *, #582, .T. ) ;
#610 = CARTESIAN_POINT ( 'NONE',  ( 49.60467828095713827, 0.000000000000000000, -10.83038621428550030 ) ) ;
#611 = CARTESIAN_POINT ( 'NONE',  ( 83.65332075996984429, 0.000000000000000000, 15.22469872707218386 ) ) ;
#612 = ORIENTED_EDGE ( 'NONE', *, *, #1750, .F. ) ;
#613 = DIRECTION ( 'NONE',  ( 0.000000000000000000, -1.000000000000000000, 0.000000000000000000 ) ) ;
#614 = LINE ( 'NONE', #2038, #1146 ) ;
#615 = EDGE_CURVE ( 'NONE', #420, #795, #897, .T. ) ;
#616 = APPROVAL_DATE_TIME ( #1512, #1145 ) ;
#617 = EDGE_LOOP ( 'NONE', ( #1856, #93, #999, #1725 ) ) ;
#618 = ORIENTED_EDGE ( 'NONE', *, *, #104, .T. ) ;
#619 = ORIENTED_EDGE ( 'NONE', *, *, #1440, .F. ) ;
#620 = CARTESIAN_POINT ( 'NONE',  ( 61.73342742812188533, 11.00000000000000000, -30.75184215870764604 ) ) ;
#621 = DIRECTION ( 'NONE',  ( -0.000000000000000000, 1.000000000000000000, -0.000000000000000000 ) ) ;
#622 = ORIENTED_EDGE ( 'NONE', *, *, #1294, .F. ) ;
#623 = CYLINDRICAL_SURFACE ( 'NONE', #1085, 2.500000000000000444 ) ;
#624 = EDGE_CURVE ( 'NONE', #2240, #1547, #342, .T. ) ;
#625 = DIRECTION ( 'NONE',  ( 0.000000000000000000, 0.000000000000000000, 1.000000000000000000 ) ) ;
#626 = CIRCLE ( 'NONE', #817, 4.999999999999997335 ) ;
#627 = CIRCLE ( 'NONE', #398, 3.750000000000003553 ) ;
#628 = AXIS2_PLACEMENT_3D ( 'NONE', #1325, #222, #2219 ) ;
#629 = DIRECTION ( 'NONE',  ( 0.8191520442889891340, 0.000000000000000000, 0.5735764363510499342 ) ) ;
#630 = AXIS2_PLACEMENT_3D ( 'NONE', #719, #1986, #1068 ) ;
#631 = ORIENTED_EDGE ( 'NONE', *, *, #490, .T. ) ;
#632 = ORIENTED_EDGE ( 'NONE', *, *, #2345, .F. ) ;
#633 = CIRCLE ( 'NONE', #1975, 3.174999999999998046 ) ;
#634 = ORIENTED_EDGE ( 'NONE', *, *, #2099, .F. ) ;
#635 = FACE_BOUND ( 'NONE', #2122, .T. ) ;
#636 = VECTOR ( 'NONE', #2029, 1000.000000000000000 ) ;
#637 = VERTEX_POINT ( 'NONE', #1249 ) ;
#638 = DIRECTION ( 'NONE',  ( -0.000000000000000000, 1.000000000000000000, -0.000000000000000000 ) ) ;
#639 = FACE_OUTER_BOUND ( 'NONE', #1542, .T. ) ;
#640 = ADVANCED_FACE ( 'NONE', ( #1797 ), #279, .F. ) ;
#641 = DIRECTION ( 'NONE',  ( -0.000000000000000000, -1.000000000000000000, -0.000000000000000000 ) ) ;
#642 = VERTEX_POINT ( 'NONE', #1275 ) ;
#643 = CIRCLE ( 'NONE', #1988, 10.00000000000000000 ) ;
#644 = ORIENTED_EDGE ( 'NONE', *, *, #1078, .T. ) ;
#645 = VERTEX_POINT ( 'NONE', #2179 ) ;
#646 = CARTESIAN_POINT ( 'NONE',  ( -72.72117962466491292, 11.00000000000000000, 14.53317828418228963 ) ) ;
#647 = VERTEX_POINT ( 'NONE', #1621 ) ;
#648 = DIRECTION ( 'NONE',  ( 0.000000000000000000, 0.000000000000000000, -1.000000000000000000 ) ) ;
#649 = DIRECTION ( 'NONE',  ( 0.000000000000000000, 0.000000000000000000, -1.000000000000000000 ) ) ;
#650 = DIRECTION ( 'NONE',  ( 8.659560562354922997E-17, 0.7071067811865483499, -0.7071067811865466846 ) ) ;
#651 = ORIENTED_EDGE ( 'NONE', *, *, #679, .T. ) ;
#652 = VERTEX_POINT ( 'NONE', #2373 ) ;
#653 = ADVANCED_FACE ( 'NONE', ( #1638 ), #170, .T. ) ;
#654 = ORIENTED_EDGE ( 'NONE', *, *, #553, .T. ) ;
#655 = DIRECTION ( 'NONE',  ( 0.000000000000000000, 0.000000000000000000, -1.000000000000000000 ) ) ;
#656 = DIRECTION ( 'NONE',  ( 0.000000000000000000, 0.000000000000000000, 1.000000000000000000 ) ) ;
#657 = DIRECTION ( 'NONE',  ( 0.000000000000000000, -1.000000000000000000, 0.000000000000000000 ) ) ;
#658 = LOCAL_TIME ( 14, 41, 6.000000000000000000, #1150 ) ;
#659 = DIRECTION ( 'NONE',  ( 0.000000000000000000, 0.000000000000000000, -1.000000000000000000 ) ) ;
#660 = AXIS2_PLACEMENT_3D ( 'NONE', #1587, #1601, #1995 ) ;
#661 = FACE_OUTER_BOUND ( 'NONE', #2331, .T. ) ;
#662 = DIRECTION ( 'NONE',  ( -0.5735764363510446051, 0.000000000000000000, 0.8191520442889929088 ) ) ;
#663 = ADVANCED_FACE ( 'NONE', ( #538 ), #487, .F. ) ;
#664 = AXIS2_PLACEMENT_3D ( 'NONE', #1516, #2256, #601 ) ;
#665 = EDGE_CURVE ( 'NONE', #525, #1743, #1767, .T. ) ;
#666 = EDGE_CURVE ( 'NONE', #1051, #1859, #2163, .T. ) ;
#667 = ORIENTED_EDGE ( 'NONE', *, *, #1958, .F. ) ;
#668 = DIRECTION ( 'NONE',  ( 0.000000000000000000, -0.000000000000000000, 1.000000000000000000 ) ) ;
#669 = VERTEX_POINT ( 'NONE', #680 ) ;
#670 = CYLINDRICAL_SURFACE ( 'NONE', #1589, 3.174999999999998934 ) ;
#671 = LINE ( 'NONE', #1956, #770 ) ;
#672 = VECTOR ( 'NONE', #914, 1000.000000000000000 ) ;
#673 = DIRECTION ( 'NONE',  ( 0.000000000000000000, -1.000000000000000000, 0.000000000000000000 ) ) ;
#674 = DIRECTION ( 'NONE',  ( 0.000000000000000000, 0.000000000000000000, -1.000000000000000000 ) ) ;
#675 = DIRECTION ( 'NONE',  ( -0.000000000000000000, -1.000000000000000000, -0.000000000000000000 ) ) ;
#676 = ORIENTED_EDGE ( 'NONE', *, *, #1977, .F. ) ;
#677 = DIRECTION ( 'NONE',  ( -0.000000000000000000, -1.000000000000000000, -0.000000000000000000 ) ) ;
#678 = ORIENTED_EDGE ( 'NONE', *, *, #1870, .T. ) ;
#679 = EDGE_CURVE ( 'NONE', #1274, #193, #2356, .T. ) ;
#680 = CARTESIAN_POINT ( 'NONE',  ( -59.83144437281017503, 11.00000000000000000, 17.03317828418229141 ) ) ;
#681 = DIRECTION ( 'NONE',  ( 0.2588190451025141892, 0.000000000000000000, -0.9659258262890700886 ) ) ;
#682 = EDGE_CURVE ( 'NONE', #2101, #187, #1700, .T. ) ;
#683 = DIRECTION ( 'NONE',  ( 0.000000000000000000, 1.000000000000000000, 0.000000000000000000 ) ) ;
#684 = CARTESIAN_POINT ( 'NONE',  ( -68.72117962466492713, 8.899999999999993250, -27.56032171581770740 ) ) ;
#685 = CARTESIAN_POINT ( 'NONE',  ( -72.72117962466492713, 0.000000000000000000, -32.56032171581770740 ) ) ;
#686 = VERTEX_POINT ( 'NONE', #157 ) ;
#687 = DIRECTION ( 'NONE',  ( -0.000000000000000000, 1.000000000000000000, -0.000000000000000000 ) ) ;
#688 = VERTEX_POINT ( 'NONE', #1076 ) ;
#689 = DIRECTION ( 'NONE',  ( 0.000000000000000000, 0.000000000000000000, -1.000000000000000000 ) ) ;
#690 = LINE ( 'NONE', #1092, #1855 ) ;
#691 = EDGE_CURVE ( 'NONE', #154, #1184, #313, .T. ) ;
#692 = ADVANCED_FACE ( 'NONE', ( #1091 ), #670, .F. ) ;
#693 = VERTEX_POINT ( 'NONE', #1288 ) ;
#694 = DIRECTION ( 'NONE',  ( 0.000000000000000000, 1.000000000000000000, 0.000000000000000000 ) ) ;
#695 = DIRECTION ( 'NONE',  ( 0.000000000000000000, 0.000000000000000000, -1.000000000000000000 ) ) ;
#696 = CARTESIAN_POINT ( 'NONE',  ( -26.44002231394122759, 0.000000000000000000, 7.033178284182291407 ) ) ;
#697 = DIRECTION ( 'NONE',  ( -0.000000000000000000, 1.000000000000000000, -0.000000000000000000 ) ) ;
#698 = AXIS2_PLACEMENT_3D ( 'NONE', #1901, #2269, #1543 ) ;
#699 = ORIENTED_EDGE ( 'NONE', *, *, #2254, .F. ) ;
#700 = LINE ( 'NONE', #1443, #1159 ) ;
#701 = AXIS2_PLACEMENT_3D ( 'NONE', #876, #1489, #1463 ) ;
#702 = VERTEX_POINT ( 'NONE', #1300 ) ;
#703 = DIRECTION ( 'NONE',  ( 0.000000000000000000, 0.000000000000000000, 1.000000000000000000 ) ) ;
#704 = CARTESIAN_POINT ( 'NONE',  ( -72.72117962466491292, 0.000000000000000000, 14.53317828418228963 ) ) ;
#705 = EDGE_LOOP ( 'NONE', ( #2178, #391, #218, #2064, #609, #54, #1090, #2079, #877, #830, #144, #2193, #2308, #537, #473, #470, #2045, #1965, #1940, #1411, #1699, #44, #1763, #1017, #1245, #1671, #946, #2061, #206, #2036, #1892, #1363, #453, #542 ) ) ;
#706 = CYLINDRICAL_SURFACE ( 'NONE', #1668, 5.000000000000004441 ) ;
#707 = PLANE ( 'NONE',  #96 ) ;
#708 = EDGE_CURVE ( 'NONE', #2101, #642, #565, .T. ) ;
#709 = PERSON_AND_ORGANIZATION ( #1823, #1410 ) ;
#710 = AXIS2_PLACEMENT_3D ( 'NONE', #1217, #2307, #1370 ) ;
#711 = CARTESIAN_POINT ( 'NONE',  ( 61.73342742812188533, 39.35183283567377543, -30.75184215870764604 ) ) ;
#712 = CC_DESIGN_PERSON_AND_ORGANIZATION_ASSIGNMENT ( #1524, #1332, ( #983 ) ) ;
#713 = EDGE_LOOP ( 'NONE', ( #285, #1371, #1835, #516 ) ) ;
#714 = CARTESIAN_POINT ( 'NONE',  ( -20.04703753028694635, -78.31324267233654268, -4.696757217349900593 ) ) ;
#715 = ORIENTED_EDGE ( 'NONE', *, *, #2124, .F. ) ;
#716 = DIRECTION ( 'NONE',  ( -0.8191520442889940190, 0.000000000000000000, 0.5735764363510429398 ) ) ;
#717 = DIRECTION ( 'NONE',  ( -0.000000000000000000, 1.000000000000000000, -0.000000000000000000 ) ) ;
#718 = ORIENTED_EDGE ( 'NONE', *, *, #967, .F. ) ;
#719 = CARTESIAN_POINT ( 'NONE',  ( 99.77882037533507287, 11.00000000000000000, 14.53317828418228963 ) ) ;
#720 = LINE ( 'NONE', #1987, #1008 ) ;
#721 = APPROVAL_STATUS ( 'not_yet_approved' ) ;
#722 = CARTESIAN_POINT ( 'NONE',  ( 0.000000000000000000, 0.000000000000000000, 0.000000000000000000 ) ) ;
#723 = ADVANCED_FACE ( 'NONE', ( #1651 ), #550, .F. ) ;
#724 = ORIENTED_EDGE ( 'NONE', *, *, #1977, .T. ) ;
#725 = CARTESIAN_POINT ( 'NONE',  ( 75.56125627580112791, 0.000000000000000000, 9.558574175578112175 ) ) ;
#726 = EDGE_LOOP ( 'NONE', ( #1845, #226, #850, #1334 ) ) ;
#727 = CARTESIAN_POINT ( 'NONE',  ( -68.72117962466492713, 8.899999999999993250, -27.56032171581770740 ) ) ;
#728 = DIRECTION ( 'NONE',  ( 8.659560562354930393E-17, 0.7071067811865479058, -0.7071067811865472397 ) ) ;
#729 = ORIENTED_EDGE ( 'NONE', *, *, #1758, .F. ) ;
#730 = CARTESIAN_POINT ( 'NONE',  ( -59.83144437281017503, 39.35183283567377543, 7.033178284182291407 ) ) ;
#731 = DIRECTION ( 'NONE',  ( 0.000000000000000000, 0.000000000000000000, 1.000000000000000000 ) ) ;
#732 = CARTESIAN_POINT ( 'NONE',  ( 49.60467828095714538, 0.000000000000000000, -4.696757217349908586 ) ) ;
#733 = DIRECTION ( 'NONE',  ( -0.000000000000000000, 1.000000000000000000, -0.000000000000000000 ) ) ;
#734 = ORIENTED_EDGE ( 'NONE', *, *, #1470, .T. ) ;
#735 = AXIS2_PLACEMENT_3D ( 'NONE', #761, #2205, #1153 ) ;
#736 = ADVANCED_FACE ( 'NONE', ( #934, #1493 ), #1672, .T. ) ;
#737 = ORIENTED_EDGE ( 'NONE', *, *, #1305, .T. ) ;
#738 = CARTESIAN_POINT ( 'NONE',  ( 75.56125627580108528, 11.00000000000000000, -25.08571760721365251 ) ) ;
#739 = FACE_OUTER_BOUND ( 'NONE', #1269, .T. ) ;
#740 = CIRCLE ( 'NONE', #554, 3.750000000000006661 ) ;
#741 = AXIS2_PLACEMENT_3D ( 'NONE', #332, #1784, #551 ) ;
#742 = VECTOR ( 'NONE', #791, 1000.000000000000000 ) ;
#743 = EDGE_LOOP ( 'NONE', ( #2369, #1329, #395, #74 ) ) ;
#744 = DIRECTION ( 'NONE',  ( 2.798307804009488703E-16, -0.000000000000000000, -1.000000000000000000 ) ) ;
#745 = CARTESIAN_POINT ( 'NONE',  ( 55.99766306461140175, 11.00000000000000000, 7.033178284182291407 ) ) ;
#746 = AXIS2_PLACEMENT_3D ( 'NONE', #2065, #409, #1340 ) ;
#747 = FACE_OUTER_BOUND ( 'NONE', #1910, .T. ) ;
#748 = ORIENTED_EDGE ( 'NONE', *, *, #2366, .F. ) ;
#749 = VERTEX_POINT ( 'NONE', #196 ) ;
#750 = CARTESIAN_POINT ( 'NONE',  ( -20.04703753028694990, -78.31324267233654268, -10.83038621428548964 ) ) ;
#751 = PLANE ( 'NONE',  #1735 ) ;
#752 = ADVANCED_FACE ( 'NONE', ( #2071 ), #432, .F. ) ;
#753 = CIRCLE ( 'NONE', #37, 10.00000000000000000 ) ;
#754 = ORIENTED_EDGE ( 'NONE', *, *, #2112, .T. ) ;
#755 = CARTESIAN_POINT ( 'NONE',  ( -46.00361552513095376, 0.000000000000000000, 9.558574175578117504 ) ) ;
#756 = CYLINDRICAL_SURFACE ( 'NONE', #1491, 1.650000000000002132 ) ;
#757 = EDGE_CURVE ( 'NONE', #1406, #2301, #2207, .T. ) ;
#758 = DIRECTION ( 'NONE',  ( 0.9659258262890700886, 0.000000000000000000, 0.2588190451025139116 ) ) ;
#759 = ORIENTED_EDGE ( 'NONE', *, *, #104, .F. ) ;
#760 = ORIENTED_EDGE ( 'NONE', *, *, #769, .T. ) ;
#761 = CARTESIAN_POINT ( 'NONE',  ( 72.69337409404587902, 0.000000000000000000, 13.65433439702305307 ) ) ;
#762 = LINE ( 'NONE', #2063, #60 ) ;
#763 = EDGE_LOOP ( 'NONE', ( #1339, #618, #798, #2372 ) ) ;
#764 = EDGE_CURVE ( 'NONE', #195, #1320, #626, .T. ) ;
#765 = DIRECTION ( 'NONE',  ( -0.000000000000000000, 1.000000000000000000, -0.000000000000000000 ) ) ;
#766 = LINE ( 'NONE', #397, #1059 ) ;
#767 = VECTOR ( 'NONE', #1408, 1000.000000000000000 ) ;
#768 = EDGE_CURVE ( 'NONE', #425, #929, #1682, .T. ) ;
#769 = EDGE_CURVE ( 'NONE', #1721, #1555, #959, .T. ) ;
#770 = VECTOR ( 'NONE', #1921, 1000.000000000000000 ) ;
#771 = ORIENTED_EDGE ( 'NONE', *, *, #1759, .F. ) ;
#772 = SECURITY_CLASSIFICATION ( '', '', #1354 ) ;
#773 = VERTEX_POINT ( 'NONE', #2022 ) ;
#774 = LINE ( 'NONE', #586, #471 ) ;
#775 = DIRECTION ( 'NONE',  ( 0.000000000000000000, 0.000000000000000000, 1.000000000000000000 ) ) ;
#776 = VECTOR ( 'NONE', #2117, 1000.000000000000000 ) ;
#777 = VERTEX_POINT ( 'NONE', #17 ) ;
#778 = LINE ( 'NONE', #577, #2094 ) ;
#779 = CARTESIAN_POINT ( 'NONE',  ( -68.72117962466492713, 0.000000000000000000, 12.03317828418229141 ) ) ;
#780 = AXIS2_PLACEMENT_3D ( 'NONE', #789, #42, #1347 ) ;
#781 = CIRCLE ( 'NONE', #101, 2.499999999999998668 ) ;
#782 = EDGE_CURVE ( 'NONE', #921, #1869, #369, .T. ) ;
#783 = VERTEX_POINT ( 'NONE', #1506 ) ;
#784 = EDGE_CURVE ( 'NONE', #974, #645, #774, .T. ) ;
#785 = CARTESIAN_POINT ( 'NONE',  ( 89.38908512348028523, 11.00000000000000000, -22.56032171581770385 ) ) ;
#786 = ORIENTED_EDGE ( 'NONE', *, *, #2069, .T. ) ;
#787 = CONICAL_SURFACE ( 'NONE', #406, 1.650000000000002132, 0.7853981633974479459 ) ;
#788 = DIRECTION ( 'NONE',  ( 0.000000000000000000, 0.000000000000000000, 1.000000000000000000 ) ) ;
#789 = CARTESIAN_POINT ( 'NONE',  ( -68.72117962466492713, 11.00000000000000000, 12.03317828418229141 ) ) ;
#790 = ORIENTED_EDGE ( 'NONE', *, *, #1609, .F. ) ;
#791 = DIRECTION ( 'NONE',  ( 0.8191520442889891340, -0.000000000000000000, 0.5735764363510499342 ) ) ;
#792 = CARTESIAN_POINT ( 'NONE',  ( -59.83144437281011108, 11.00000000000000000, -32.56032171581770740 ) ) ;
#793 = COORDINATED_UNIVERSAL_TIME_OFFSET ( 5, 0, .BEHIND. ) ;
#794 = VERTEX_POINT ( 'NONE', #1104 ) ;
#795 = VERTEX_POINT ( 'NONE', #738 ) ;
#796 = EDGE_CURVE ( 'NONE', #2324, #919, #592, .T. ) ;
#797 = CARTESIAN_POINT ( 'NONE',  ( 72.69337409404587902, 39.35183283567377543, 8.654334397023056624 ) ) ;
#798 = ORIENTED_EDGE ( 'NONE', *, *, #2249, .T. ) ;
#799 = CARTESIAN_POINT ( 'NONE',  ( 99.77882037533507287, 11.00000000000000000, 17.03317828418229141 ) ) ;
#800 = LINE ( 'NONE', #262, #1192 ) ;
#801 = ORIENTED_EDGE ( 'NONE', *, *, #71, .T. ) ;
#802 = FACE_OUTER_BOUND ( 'NONE', #1925, .T. ) ;
#803 = CYLINDRICAL_SURFACE ( 'NONE', #2105, 1.650000000000002132 ) ;
#804 = CONICAL_SURFACE ( 'NONE', #710, 1.650000000000002132, 0.7853981633974471688 ) ;
#805 = CARTESIAN_POINT ( 'NONE',  ( -40.26785116162044886, 0.000000000000000000, 9.558574175578115728 ) ) ;
#806 = ORIENTED_EDGE ( 'NONE', *, *, #1942, .T. ) ;
#807 = VERTEX_POINT ( 'NONE', #208 ) ;
#808 = ORIENTED_EDGE ( 'NONE', *, *, #1272, .T. ) ;
#809 = CARTESIAN_POINT ( 'NONE',  ( 102.2788203753350871, 11.00000000000000000, -30.06032171581770740 ) ) ;
#810 = DIRECTION ( 'NONE',  ( -0.000000000000000000, -1.000000000000000000, -0.000000000000000000 ) ) ;
#811 = ADVANCED_FACE ( 'NONE', ( #2034 ), #381, .F. ) ;
#812 = EDGE_LOOP ( 'NONE', ( #439, #2355, #2162, #651 ) ) ;
#813 = CC_DESIGN_PERSON_AND_ORGANIZATION_ASSIGNMENT ( #423, #927, ( #918 ) ) ;
#814 = DIRECTION ( 'NONE',  ( 0.000000000000000000, 0.000000000000000000, -1.000000000000000000 ) ) ;
#815 = DIRECTION ( 'NONE',  ( 0.000000000000000000, -1.000000000000000000, 0.000000000000000000 ) ) ;
#816 = CIRCLE ( 'NONE', #2165, 2.249999999999995115 ) ;
#817 = AXIS2_PLACEMENT_3D ( 'NONE', #922, #2229, #1128 ) ;
#818 = AXIS2_PLACEMENT_3D ( 'NONE', #2023, #2180, #370 ) ;
#819 = AXIS2_PLACEMENT_3D ( 'NONE', #1448, #2182, #346 ) ;
#820 = ORIENTED_EDGE ( 'NONE', *, *, #431, .T. ) ;
#821 = DIRECTION ( 'NONE',  ( 0.000000000000000000, 0.000000000000000000, 1.000000000000000000 ) ) ;
#822 = ORIENTED_EDGE ( 'NONE', *, *, #2235, .T. ) ;
#823 = CARTESIAN_POINT ( 'NONE',  ( -72.72117962466491292, 11.00000000000000000, 17.03317828418229141 ) ) ;
#824 = AXIS2_PLACEMENT_3D ( 'NONE', #840, #310, #1728 ) ;
#825 = ORIENTED_EDGE ( 'NONE', *, *, #2295, .T. ) ;
#826 = DIRECTION ( 'NONE',  ( 0.000000000000000000, 0.000000000000000000, 1.000000000000000000 ) ) ;
#827 = CARTESIAN_POINT ( 'NONE',  ( 14.77882037533508885, 11.00000000000000000, 1.347801411380284975 ) ) ;
#828 = EDGE_CURVE ( 'NONE', #371, #1112, #948, .T. ) ;
#829 = CARTESIAN_POINT ( 'NONE',  ( -68.72117962466492713, 8.899999999999993250, 10.38317828418228927 ) ) ;
#830 = ORIENTED_EDGE ( 'NONE', *, *, #58, .T. ) ;
#831 = VECTOR ( 'NONE', #1879, 1000.000000000000000 ) ;
#832 = EDGE_LOOP ( 'NONE', ( #2168, #1821, #1427, #808 ) ) ;
#833 = VERTEX_POINT ( 'NONE', #1873 ) ;
#834 = DIRECTION ( 'NONE',  ( 0.000000000000000000, 1.000000000000000000, 0.000000000000000000 ) ) ;
#835 = VERTEX_POINT ( 'NONE', #52 ) ;
#836 = CARTESIAN_POINT ( 'NONE',  ( -60.22117962466492713, 6.200000000000000178, -15.91357171581771190 ) ) ;
#837 = DIRECTION ( 'NONE',  ( -0.000000000000000000, 1.000000000000000000, -0.000000000000000000 ) ) ;
#838 = EDGE_CURVE ( 'NONE', #1994, #1844, #2213, .T. ) ;
#839 = EDGE_CURVE ( 'NONE', #2244, #1833, #172, .T. ) ;
#840 = CARTESIAN_POINT ( 'NONE',  ( 89.38908512348035629, 11.00000000000000000, 7.033178284182291407 ) ) ;
#841 = ORIENTED_EDGE ( 'NONE', *, *, #521, .F. ) ;
#842 = AXIS2_PLACEMENT_3D ( 'NONE', #1418, #2354, #2151 ) ;
#843 = ORIENTED_EDGE ( 'NONE', *, *, #951, .F. ) ;
#844 = DIRECTION ( 'NONE',  ( -1.000000000000000000, 0.000000000000000000, -0.000000000000000000 ) ) ;
#845 = VERTEX_POINT ( 'NONE', #799 ) ;
#846 = CYLINDRICAL_SURFACE ( 'NONE', #698, 1.650000000000002132 ) ;
#847 = LINE ( 'NONE', #276, #1074 ) ;
#848 = AXIS2_PLACEMENT_3D ( 'NONE', #750, #1836, #1311 ) ;
#849 = CARTESIAN_POINT ( 'NONE',  ( -68.72117962466492713, 0.000000000000000000, -27.56032171581770740 ) ) ;
#850 = ORIENTED_EDGE ( 'NONE', *, *, #340, .T. ) ;
#851 = AXIS2_PLACEMENT_3D ( 'NONE', #204, #2368, #1100 ) ;
#852 = EDGE_CURVE ( 'NONE', #14, #1869, #1031, .T. ) ;
#853 = VERTEX_POINT ( 'NONE', #620 ) ;
#854 = FACE_OUTER_BOUND ( 'NONE', #405, .T. ) ;
#855 = EDGE_CURVE ( 'NONE', #2309, #688, #740, .T. ) ;
#856 = ORIENTED_EDGE ( 'NONE', *, *, #1033, .T. ) ;
#857 = DIRECTION ( 'NONE',  ( 2.798307804009488703E-16, 0.000000000000000000, 1.000000000000000000 ) ) ;
#858 = FACE_OUTER_BOUND ( 'NONE', #16, .T. ) ;
#859 = DIRECTION ( 'NONE',  ( 8.741913579725647032E-15, 0.000000000000000000, 1.000000000000000000 ) ) ;
#860 = AXIS2_PLACEMENT_3D ( 'NONE', #1831, #2367, #1098 ) ;
#861 = LINE ( 'NONE', #2212, #636 ) ;
#862 = DIRECTION ( 'NONE',  ( 0.000000000000000000, -1.000000000000000000, 0.000000000000000000 ) ) ;
#863 = DIRECTION ( 'NONE',  ( 0.000000000000000000, -1.000000000000000000, 0.000000000000000000 ) ) ;
#864 = ORIENTED_EDGE ( 'NONE', *, *, #1794, .F. ) ;
#865 = DIRECTION ( 'NONE',  ( 0.000000000000000000, 1.000000000000000000, 0.000000000000000000 ) ) ;
#866 = ADVANCED_FACE ( 'NONE', ( #1530 ), #1176, .F. ) ;
#867 = EDGE_CURVE ( 'NONE', #2139, #1659, #135, .T. ) ;
#868 = ORIENTED_EDGE ( 'NONE', *, *, #1891, .T. ) ;
#869 = DIRECTION ( 'NONE',  ( 0.000000000000000000, 0.000000000000000000, 1.000000000000000000 ) ) ;
#870 = DIRECTION ( 'NONE',  ( -0.8191520442889889120, 0.000000000000000000, 0.5735764363510500452 ) ) ;
#871 = AXIS2_PLACEMENT_3D ( 'NONE', #1377, #1224, #649 ) ;
#872 = ORIENTED_EDGE ( 'NONE', *, *, #287, .T. ) ;
#873 = DIRECTION ( 'NONE',  ( -0.000000000000000000, -1.000000000000000000, -0.000000000000000000 ) ) ;
#874 = DIRECTION ( 'NONE',  ( 1.318389841742373392E-14, 0.000000000000000000, 1.000000000000000000 ) ) ;
#875 = MECHANICAL_CONTEXT ( 'NONE', #198, 'mechanical' ) ;
#876 = CARTESIAN_POINT ( 'NONE',  ( 89.38908512348035629, 0.000000000000000000, 7.033178284182291407 ) ) ;
#877 = ORIENTED_EDGE ( 'NONE', *, *, #1225, .T. ) ;
#878 = CYLINDRICAL_SURFACE ( 'NONE', #2197, 10.00000000000000178 ) ;
#879 = VECTOR ( 'NONE', #1359, 1000.000000000000000 ) ;
#880 = VECTOR ( 'NONE', #1158, 1000.000000000000000 ) ;
#881 = ORIENTED_EDGE ( 'NONE', *, *, #1760, .F. ) ;
#882 = FACE_OUTER_BOUND ( 'NONE', #957, .T. ) ;
#883 = CARTESIAN_POINT ( 'NONE',  ( 89.77882037533505866, 11.00000000000000000, -13.51357171581770267 ) ) ;
#884 = EDGE_CURVE ( 'NONE', #561, #749, #984, .T. ) ;
#885 = ORIENTED_EDGE ( 'NONE', *, *, #19, .T. ) ;
#886 = DIRECTION ( 'NONE',  ( 0.000000000000000000, 1.000000000000000000, 0.000000000000000000 ) ) ;
#887 = DIRECTION ( 'NONE',  ( -0.8191520442889884679, 0.000000000000000000, -0.5735764363510509334 ) ) ;
#888 = PERSON_AND_ORGANIZATION ( #1823, #1410 ) ;
#889 = CARTESIAN_POINT ( 'NONE',  ( -59.83144437281017503, 0.000000000000000000, 17.03317828418229141 ) ) ;
#890 = VECTOR ( 'NONE', #1214, 1000.000000000000000 ) ;
#891 = ORIENTED_EDGE ( 'NONE', *, *, #488, .F. ) ;
#892 = DIRECTION ( 'NONE',  ( -0.000000000000000000, 1.000000000000000000, -0.000000000000000000 ) ) ;
#893 = AXIS2_PLACEMENT_3D ( 'NONE', #482, #1229, #1218 ) ;
#894 = VECTOR ( 'NONE', #717, 1000.000000000000000 ) ;
#895 = AXIS2_PLACEMENT_3D ( 'NONE', #151, #1772, #1278 ) ;
#896 = ORIENTED_EDGE ( 'NONE', *, *, #1046, .T. ) ;
#897 = LINE ( 'NONE', #1610, #2248 ) ;
#898 = DIRECTION ( 'NONE',  ( 0.000000000000000000, 0.000000000000000000, 1.000000000000000000 ) ) ;
#899 = EDGE_LOOP ( 'NONE', ( #131, #468, #634, #1667 ) ) ;
#900 = CARTESIAN_POINT ( 'NONE',  ( -46.00361552513092533, 39.35183283567377543, -25.08571760721363120 ) ) ;
#901 = DIRECTION ( 'NONE',  ( -1.000000000000000000, -0.000000000000000000, -0.000000000000000000 ) ) ;
#902 = EDGE_CURVE ( 'NONE', #278, #1907, #1204, .T. ) ;
#903 = CIRCLE ( 'NONE', #1333, 3.174999999999998046 ) ;
#904 = DIRECTION ( 'NONE',  ( 0.000000000000000000, 0.000000000000000000, 1.000000000000000000 ) ) ;
#905 = ORIENTED_EDGE ( 'NONE', *, *, #2084, .F. ) ;
#906 = CARTESIAN_POINT ( 'NONE',  ( 89.38908512348028523, 39.35183283567377543, -22.56032171581770385 ) ) ;
#907 = MANIFOLD_SOLID_BREP ( 'Fillet2', #511 ) ;
#908 = VERTEX_POINT ( 'NONE', #2318 ) ;
#909 = DIRECTION ( 'NONE',  ( 0.000000000000000000, 0.000000000000000000, -1.000000000000000000 ) ) ;
#910 = CARTESIAN_POINT ( 'NONE',  ( -68.72117962466492713, 8.899999999999993250, 12.03317828418229141 ) ) ;
#911 = ORIENTED_EDGE ( 'NONE', *, *, #1421, .T. ) ;
#912 = CARTESIAN_POINT ( 'NONE',  ( 99.77882037533507287, 11.00000000000000000, 14.53317828418228963 ) ) ;
#913 = LINE ( 'NONE', #1829, #1734 ) ;
#914 = DIRECTION ( 'NONE',  ( -0.000000000000000000, -1.000000000000000000, -0.000000000000000000 ) ) ;
#915 = FACE_OUTER_BOUND ( 'NONE', #48, .T. ) ;
#916 = ADVANCED_FACE ( 'NONE', ( #661 ), #2148, .F. ) ;
#917 = EDGE_CURVE ( 'NONE', #1457, #652, #1518, .T. ) ;
#918 = PRODUCT_DEFINITION ( 'UNKNOWN', '', #983, #2243 ) ;
#919 = VERTEX_POINT ( 'NONE', #492 ) ;
#920 = DIRECTION ( 'NONE',  ( -0.000000000000000000, 1.000000000000000000, -0.000000000000000000 ) ) ;
#921 = VERTEX_POINT ( 'NONE', #1405 ) ;
#922 = CARTESIAN_POINT ( 'NONE',  ( 72.69337409404587902, 0.000000000000000000, -29.18147782865861828 ) ) ;
#923 = LINE ( 'NONE', #1420, #1010 ) ;
#924 = VERTEX_POINT ( 'NONE', #1539 ) ;
#925 = DIRECTION ( 'NONE',  ( 0.000000000000000000, -1.000000000000000000, 0.000000000000000000 ) ) ;
#926 = LINE ( 'NONE', #1663, #1257 ) ;
#927 = PERSON_AND_ORGANIZATION_ROLE ( 'creator' ) ;
#928 = LINE ( 'NONE', #1665, #2089 ) ;
#929 = VERTEX_POINT ( 'NONE', #1908 ) ;
#930 = EDGE_CURVE ( 'NONE', #525, #1127, #1361, .T. ) ;
#931 = CIRCLE ( 'NONE', #2087, 5.000000000000000888 ) ;
#932 = CIRCLE ( 'NONE', #214, 4.650000000000004796 ) ;
#933 = ORIENTED_EDGE ( 'NONE', *, *, #388, .F. ) ;
#934 = FACE_OUTER_BOUND ( 'NONE', #1573, .T. ) ;
#935 = CARTESIAN_POINT ( 'NONE',  ( -19.22528706208646554, 0.000000000000000000, -7.763571715817696450 ) ) ;
#936 = AXIS2_PLACEMENT_3D ( 'NONE', #64, #2274, #127 ) ;
#937 = CIRCLE ( 'NONE', #2090, 2.500000000000000444 ) ;
#938 = EDGE_CURVE ( 'NONE', #1023, #1555, #1817, .T. ) ;
#939 = ORIENTED_EDGE ( 'NONE', *, *, #917, .T. ) ;
#940 = FACE_OUTER_BOUND ( 'NONE', #1681, .T. ) ;
#941 = CARTESIAN_POINT ( 'NONE',  ( -54.09568000929966303, 0.000000000000000000, -30.75184215870762827 ) ) ;
#942 = VECTOR ( 'NONE', #200, 1000.000000000000000 ) ;
#943 = DATE_AND_TIME ( #1160, #367 ) ;
#944 = DIRECTION ( 'NONE',  ( 0.000000000000000000, 1.000000000000000000, 0.000000000000000000 ) ) ;
#945 = VECTOR ( 'NONE', #1041, 1000.000000000000000 ) ;
#946 = ORIENTED_EDGE ( 'NONE', *, *, #615, .T. ) ;
#947 = ORIENTED_EDGE ( 'NONE', *, *, #174, .T. ) ;
#948 = LINE ( 'NONE', #41, #1631 ) ;
#949 = CARTESIAN_POINT ( 'NONE',  ( -68.72117962466492713, 0.000000000000000000, -27.56032171581770740 ) ) ;
#950 = EDGE_CURVE ( 'NONE', #1796, #154, #311, .T. ) ;
#951 = EDGE_CURVE ( 'NONE', #835, #1152, #2285, .T. ) ;
#952 = ORIENTED_EDGE ( 'NONE', *, *, #1750, .T. ) ;
#953 = PLANE ( 'NONE',  #1328 ) ;
#954 = FACE_OUTER_BOUND ( 'NONE', #2298, .T. ) ;
#955 = COORDINATED_UNIVERSAL_TIME_OFFSET ( 5, 0, .BEHIND. ) ;
#956 = CARTESIAN_POINT ( 'NONE',  ( -70.22117962466491292, 0.000000000000000000, 17.03317828418229141 ) ) ;
#957 = EDGE_LOOP ( 'NONE', ( #227, #247, #2313, #220 ) ) ;
#958 = VERTEX_POINT ( 'NONE', #610 ) ;
#959 = LINE ( 'NONE', #1660, #1477 ) ;
#960 = DIRECTION ( 'NONE',  ( 0.000000000000000000, 0.000000000000000000, 1.000000000000000000 ) ) ;
#961 = EDGE_CURVE ( 'NONE', #929, #749, #2130, .T. ) ;
#962 = ORIENTED_EDGE ( 'NONE', *, *, #1122, .F. ) ;
#963 = DIRECTION ( 'NONE',  ( -0.000000000000000000, -1.000000000000000000, -0.000000000000000000 ) ) ;
#964 = LINE ( 'NONE', #2050, #2300 ) ;
#965 = VECTOR ( 'NONE', #1466, 1000.000000000000000 ) ;
#966 = VECTOR ( 'NONE', #987, 1000.000000000000000 ) ;
#967 = EDGE_CURVE ( 'NONE', #2058, #686, #85, .T. ) ;
#968 = ORIENTED_EDGE ( 'NONE', *, *, #1379, .F. ) ;
#969 = DIRECTION ( 'NONE',  ( 0.000000000000000000, 0.000000000000000000, 1.000000000000000000 ) ) ;
#970 = ORIENTED_EDGE ( 'NONE', *, *, #1962, .T. ) ;
#971 = DIRECTION ( 'NONE',  ( 0.000000000000000000, -1.000000000000000000, 0.000000000000000000 ) ) ;
#972 = DIRECTION ( 'NONE',  ( -0.000000000000000000, 1.000000000000000000, -0.000000000000000000 ) ) ;
#973 = AXIS2_PLACEMENT_3D ( 'NONE', #429, #613, #814 ) ;
#974 = VERTEX_POINT ( 'NONE', #1043 ) ;
#975 = DIRECTION ( 'NONE',  ( -0.5735764363510503783, 0.000000000000000000, -0.8191520442889888010 ) ) ;
#976 = DIRECTION ( 'NONE',  ( -1.000000000000000000, -0.000000000000000000, -0.000000000000000000 ) ) ;
#977 = AXIS2_PLACEMENT_3D ( 'NONE', #250, #971, #788 ) ;
#978 = PERSON_AND_ORGANIZATION ( #1823, #1410 ) ;
#979 = EDGE_CURVE ( 'NONE', #9, #1231, #141, .T. ) ;
#980 = EDGE_LOOP ( 'NONE', ( #272, #1261, #1195, #507 ) ) ;
#981 = VERTEX_POINT ( 'NONE', #2339 ) ;
#982 = ORIENTED_EDGE ( 'NONE', *, *, #2225, .F. ) ;
#983 = PRODUCT_DEFINITION_FORMATION_WITH_SPECIFIED_SOURCE ( 'ANY', '', #515, .NOT_KNOWN. ) ;
#984 = LINE ( 'NONE', #1358, #24 ) ;
#985 = DIRECTION ( 'NONE',  ( -2.775557561562891351E-15, 0.000000000000000000, 1.000000000000000000 ) ) ;
#986 = DIRECTION ( 'NONE',  ( 0.000000000000000000, 1.000000000000000000, 0.000000000000000000 ) ) ;
#987 = DIRECTION ( 'NONE',  ( 1.000000000000000000, 0.000000000000000000, 0.000000000000000000 ) ) ;
#988 = ORIENTED_EDGE ( 'NONE', *, *, #1183, .F. ) ;
#989 = EDGE_CURVE ( 'NONE', #1528, #1127, #1605, .T. ) ;
#990 = ORIENTED_EDGE ( 'NONE', *, *, #839, .T. ) ;
#991 = ORIENTED_EDGE ( 'NONE', *, *, #2203, .F. ) ;
#992 = CARTESIAN_POINT ( 'NONE',  ( -40.26785116162047728, 11.00000000000000000, -25.08571760721363475 ) ) ;
#993 = FACE_BOUND ( 'NONE', #246, .T. ) ;
#994 = DIRECTION ( 'NONE',  ( 0.000000000000000000, 0.000000000000000000, -1.000000000000000000 ) ) ;
#995 = DIRECTION ( 'NONE',  ( 1.000000000000000000, 0.000000000000000000, -0.000000000000000000 ) ) ;
#996 = DIRECTION ( 'NONE',  ( 0.000000000000000000, 1.000000000000000000, 0.000000000000000000 ) ) ;
#997 = VECTOR ( 'NONE', #489, 1000.000000000000000 ) ;
#998 = ORIENTED_EDGE ( 'NONE', *, *, #2293, .F. ) ;
#999 = ORIENTED_EDGE ( 'NONE', *, *, #15, .T. ) ;
#1000 = ORIENTED_EDGE ( 'NONE', *, *, #1272, .F. ) ;
#1001 = DIRECTION ( 'NONE',  ( 0.000000000000000000, 0.000000000000000000, 1.000000000000000000 ) ) ;
#1002 = ADVANCED_FACE ( 'NONE', ( #1241 ), #237, .F. ) ;
#1003 = ORIENTED_EDGE ( 'NONE', *, *, #340, .F. ) ;
#1004 = DIRECTION ( 'NONE',  ( -0.000000000000000000, 1.000000000000000000, -0.000000000000000000 ) ) ;
#1005 = CARTESIAN_POINT ( 'NONE',  ( -26.44002231394127023, 11.00000000000000000, -32.56032171581770740 ) ) ;
#1006 = EDGE_CURVE ( 'NONE', #63, #853, #336, .T. ) ;
#1007 = CIRCLE ( 'NONE', #1040, 3.174999999999998046 ) ;
#1008 = VECTOR ( 'NONE', #1293, 1000.000000000000000 ) ;
#1009 = VECTOR ( 'NONE', #1846, 999.9999999999998863 ) ;
#1010 = VECTOR ( 'NONE', #2344, 999.9999999999998863 ) ;
#1011 = DIRECTION ( 'NONE',  ( 0.000000000000000000, 0.000000000000000000, -1.000000000000000000 ) ) ;
#1012 = EDGE_LOOP ( 'NONE', ( #2077, #1689, #2096, #40 ) ) ;
#1013 = CARTESIAN_POINT ( 'NONE',  ( 98.27882037533508708, 8.899999999999993250, -27.56032171581770740 ) ) ;
#1014 = VERTEX_POINT ( 'NONE', #1818 ) ;
#1015 = DIRECTION ( 'NONE',  ( 0.000000000000000000, 1.000000000000000000, 0.000000000000000000 ) ) ;
#1016 = ADVANCED_FACE ( 'NONE', ( #1070 ), #326, .F. ) ;
#1017 = ORIENTED_EDGE ( 'NONE', *, *, #1815, .T. ) ;
#1018 = CARTESIAN_POINT ( 'NONE',  ( 99.77882037533508708, 11.00000000000000000, -32.56032171581770740 ) ) ;
#1019 = EDGE_CURVE ( 'NONE', #2255, #1051, #1656, .T. ) ;
#1020 = FACE_OUTER_BOUND ( 'NONE', #1747, .T. ) ;
#1021 = EDGE_CURVE ( 'NONE', #1336, #1827, #59, .T. ) ;
#1022 = DIRECTION ( 'NONE',  ( 0.000000000000000000, 1.000000000000000000, -0.000000000000000000 ) ) ;
#1023 = VERTEX_POINT ( 'NONE', #1 ) ;
#1024 = ORIENTED_EDGE ( 'NONE', *, *, #608, .F. ) ;
#1025 = CARTESIAN_POINT ( 'NONE',  ( -72.72117962466491292, 11.00000000000000000, 17.03317828418229141 ) ) ;
#1026 = VERTEX_POINT ( 'NONE', #1438 ) ;
#1027 = FACE_OUTER_BOUND ( 'NONE', #88, .T. ) ;
#1028 = CARTESIAN_POINT ( 'NONE',  ( 14.77882037533508885, -78.31324267233654268, 1.347801411380284975 ) ) ;
#1029 = ADVANCED_FACE ( 'NONE', ( #915, #546, #1803, #1832, #1841, #2198, #2174, #2214 ), #364, .F. ) ;
#1030 = DIRECTION ( 'NONE',  ( 0.000000000000000000, 0.000000000000000000, 1.000000000000000000 ) ) ;
#1031 = LINE ( 'NONE', #1593, #283 ) ;
#1032 = VERTEX_POINT ( 'NONE', #1616 ) ;
#1033 = EDGE_CURVE ( 'NONE', #1213, #1882, #1645, .T. ) ;
#1034 = ORIENTED_EDGE ( 'NONE', *, *, #691, .F. ) ;
#1035 = FACE_OUTER_BOUND ( 'NONE', #899, .T. ) ;
#1036 = ORIENTED_EDGE ( 'NONE', *, *, #2199, .F. ) ;
#1037 = DIRECTION ( 'NONE',  ( 0.000000000000000000, 0.000000000000000000, 1.000000000000000000 ) ) ;
#1038 = DIRECTION ( 'NONE',  ( -0.000000000000000000, 1.000000000000000000, -0.000000000000000000 ) ) ;
#1039 = CARTESIAN_POINT ( 'NONE',  ( -60.22117962466492713, 6.200000000000000178, -6.613571715817704089 ) ) ;
#1040 = AXIS2_PLACEMENT_3D ( 'NONE', #103, #1568, #264 ) ;
#1041 = DIRECTION ( 'NONE',  ( 0.000000000000000000, -1.000000000000000000, 0.000000000000000000 ) ) ;
#1042 = VECTOR ( 'NONE', #1776, 1000.000000000000227 ) ;
#1043 = CARTESIAN_POINT ( 'NONE',  ( -68.72117962466492713, 8.899999999999993250, 13.68317828418229354 ) ) ;
#1044 = DIRECTION ( 'NONE',  ( 0.000000000000000000, -0.000000000000000000, -1.000000000000000000 ) ) ;
#1045 = AXIS2_PLACEMENT_3D ( 'NONE', #171, #1639, #1065 ) ;
#1046 = EDGE_CURVE ( 'NONE', #702, #1406, #520, .T. ) ;
#1047 = AXIS2_PLACEMENT_3D ( 'NONE', #1303, #556, #1498 ) ;
#1048 = ORIENTED_EDGE ( 'NONE', *, *, #2112, .F. ) ;
#1049 = CARTESIAN_POINT ( 'NONE',  ( 102.2788203753350871, 0.000000000000000000, -30.06032171581770740 ) ) ;
#1050 = VECTOR ( 'NONE', #744, 1000.000000000000000 ) ;
#1051 = VERTEX_POINT ( 'NONE', #1281 ) ;
#1052 = DIRECTION ( 'NONE',  ( -0.000000000000000000, 1.000000000000000000, -0.000000000000000000 ) ) ;
#1053 = DIRECTION ( 'NONE',  ( -0.000000000000000000, -1.000000000000000000, -0.000000000000000000 ) ) ;
#1054 = VERTEX_POINT ( 'NONE', #1297 ) ;
#1055 = CARTESIAN_POINT ( 'NONE',  ( -40.26785116162047728, 11.00000000000000000, -25.08571760721363475 ) ) ;
#1056 = CARTESIAN_POINT ( 'NONE',  ( 89.38908512348028523, 11.00000000000000000, -32.56032171581770740 ) ) ;
#1057 =( NAMED_UNIT ( * ) PLANE_ANGLE_UNIT ( ) SI_UNIT ( $, .RADIAN. ) );
#1058 = PLANE ( 'NONE',  #1704 ) ;
#1059 = VECTOR ( 'NONE', #1708, 1000.000000000000000 ) ;
#1060 = ADVANCED_FACE ( 'NONE', ( #1475 ), #1058, .F. ) ;
#1061 = ORIENTED_EDGE ( 'NONE', *, *, #979, .T. ) ;
#1062 = CARTESIAN_POINT ( 'NONE',  ( -68.72117962466492713, 0.000000000000000000, 13.68317828418229354 ) ) ;
#1063 = EDGE_LOOP ( 'NONE', ( #4, #911, #1752, #1895 ) ) ;
#1064 = CYLINDRICAL_SURFACE ( 'NONE', #1360, 10.00000000000000000 ) ;
#1065 = DIRECTION ( 'NONE',  ( 0.000000000000000000, 0.000000000000000000, -1.000000000000000000 ) ) ;
#1066 = AXIS2_PLACEMENT_3D ( 'NONE', #2098, #444, #1180 ) ;
#1067 = ORIENTED_EDGE ( 'NONE', *, *, #1962, .F. ) ;
#1068 = DIRECTION ( 'NONE',  ( 0.000000000000000000, 0.000000000000000000, -1.000000000000000000 ) ) ;
#1069 = LINE ( 'NONE', #2349, #1629 ) ;
#1070 = FACE_OUTER_BOUND ( 'NONE', #568, .T. ) ;
#1071 = ORIENTED_EDGE ( 'NONE', *, *, #71, .F. ) ;
#1072 = LINE ( 'NONE', #2176, #2346 ) ;
#1073 = CONICAL_SURFACE ( 'NONE', #123, 1.650000000000002132, 0.7853981633974471688 ) ;
#1074 = VECTOR ( 'NONE', #837, 1000.000000000000000 ) ;
#1075 = EDGE_LOOP ( 'NONE', ( #2272, #322, #1926, #1034 ) ) ;
#1076 = CARTESIAN_POINT ( 'NONE',  ( -68.72117962466492713, 11.00000000000000000, -23.81032171581770029 ) ) ;
#1077 = PLANE ( 'NONE',  #1131 ) ;
#1078 = EDGE_CURVE ( 'NONE', #652, #1457, #133, .T. ) ;
#1079 = ORIENTED_EDGE ( 'NONE', *, *, #1595, .F. ) ;
#1080 = CARTESIAN_POINT ( 'NONE',  ( 75.56125627580112791, 0.000000000000000000, 9.558574175578108623 ) ) ;
#1081 = DIRECTION ( 'NONE',  ( 0.000000000000000000, 0.000000000000000000, -1.000000000000000000 ) ) ;
#1082 = CC_DESIGN_SECURITY_CLASSIFICATION ( #772, ( #983 ) ) ;
#1083 = CARTESIAN_POINT ( 'NONE',  ( 72.69337409404587902, 11.00000000000000000, 13.65433439702305307 ) ) ;
#1084 = CARTESIAN_POINT ( 'NONE',  ( 14.77882037533506576, 0.000000000000000000, -16.87494484301570097 ) ) ;
#1085 = AXIS2_PLACEMENT_3D ( 'NONE', #125, #1376, #1386 ) ;
#1086 = VERTEX_POINT ( 'NONE', #889 ) ;
#1087 = LINE ( 'NONE', #714, #1693 ) ;
#1088 = VECTOR ( 'NONE', #2267, 1000.000000000000114 ) ;
#1089 = AXIS2_PLACEMENT_3D ( 'NONE', #140, #873, #859 ) ;
#1090 = ORIENTED_EDGE ( 'NONE', *, *, #567, .T. ) ;
#1091 = FACE_OUTER_BOUND ( 'NONE', #726, .T. ) ;
#1092 = CARTESIAN_POINT ( 'NONE',  ( 89.38908512348028523, 11.00000000000000000, -32.56032171581770740 ) ) ;
#1093 = ADVANCED_FACE ( 'NONE', ( #349 ), #1632, .F. ) ;
#1094 = EDGE_CURVE ( 'NONE', #1175, #2258, #1553, .T. ) ;
#1095 = EDGE_LOOP ( 'NONE', ( #1430, #95, #497, #2208 ) ) ;
#1096 = DIRECTION ( 'NONE',  ( 0.000000000000000000, 0.000000000000000000, 1.000000000000000000 ) ) ;
#1097 = CARTESIAN_POINT ( 'NONE',  ( 69.82549191229065855, 0.000000000000000000, -25.08571760721363830 ) ) ;
#1098 = DIRECTION ( 'NONE',  ( 0.000000000000000000, 0.000000000000000000, 1.000000000000000000 ) ) ;
#1099 = VECTOR ( 'NONE', #650, 1000.000000000000000 ) ;
#1100 = DIRECTION ( 'NONE',  ( 0.9659258262890700886, 0.000000000000000000, -0.2588190451025139116 ) ) ;
#1101 = ORIENTED_EDGE ( 'NONE', *, *, #339, .F. ) ;
#1102 = CARTESIAN_POINT ( 'NONE',  ( 13.95706990713457962, 0.000000000000000000, -19.94175934148349327 ) ) ;
#1103 = ORIENTED_EDGE ( 'NONE', *, *, #666, .F. ) ;
#1104 = CARTESIAN_POINT ( 'NONE',  ( -60.22117962466492713, 6.200000000000000178, -6.613571715817704089 ) ) ;
#1105 = FACE_OUTER_BOUND ( 'NONE', #2141, .T. ) ;
#1106 = EDGE_LOOP ( 'NONE', ( #352, #1648, #211, #1479 ) ) ;
#1107 = FACE_OUTER_BOUND ( 'NONE', #2011, .T. ) ;
#1108 = FACE_OUTER_BOUND ( 'NONE', #812, .T. ) ;
#1109 = CARTESIAN_POINT ( 'NONE',  ( -40.26785116162044886, 39.35183283567377543, 9.558574175578115728 ) ) ;
#1110 = EDGE_CURVE ( 'NONE', #2258, #958, #928, .T. ) ;
#1111 = ADVANCED_FACE ( 'NONE', ( #747 ), #571, .F. ) ;
#1112 = VERTEX_POINT ( 'NONE', #2040 ) ;
#1113 = ORIENTED_EDGE ( 'NONE', *, *, #1140, .T. ) ;
#1114 = DIRECTION ( 'NONE',  ( 0.000000000000000000, 0.000000000000000000, 1.000000000000000000 ) ) ;
#1115 = LINE ( 'NONE', #209, #1088 ) ;
#1116 = AXIS2_PLACEMENT_3D ( 'NONE', #1551, #1576, #1716 ) ;
#1117 = ORIENTED_EDGE ( 'NONE', *, *, #1657, .F. ) ;
#1118 = FACE_OUTER_BOUND ( 'NONE', #457, .T. ) ;
#1119 = DIRECTION ( 'NONE',  ( 0.000000000000000000, 0.000000000000000000, 1.000000000000000000 ) ) ;
#1120 = APPROVAL_DATE_TIME ( #1535, #1737 ) ;
#1121 = LINE ( 'NONE', #387, #1130 ) ;
#1122 = EDGE_CURVE ( 'NONE', #1189, #1505, #2167, .T. ) ;
#1123 = EDGE_CURVE ( 'NONE', #773, #195, #1121, .T. ) ;
#1124 = EDGE_LOOP ( 'NONE', ( #715, #1117, #1613, #998 ) ) ;
#1125 = CIRCLE ( 'NONE', #973, 4.650000000000004796 ) ;
#1126 = AXIS2_PLACEMENT_3D ( 'NONE', #1615, #1840, #887 ) ;
#1127 = VERTEX_POINT ( 'NONE', #1851 ) ;
#1128 = DIRECTION ( 'NONE',  ( 0.000000000000000000, 0.000000000000000000, 1.000000000000000000 ) ) ;
#1129 = CARTESIAN_POINT ( 'NONE',  ( -60.22117962466492713, 0.000000000000000000, -15.91357171581771190 ) ) ;
#1130 = VECTOR ( 'NONE', #1678, 1000.000000000000000 ) ;
#1131 = AXIS2_PLACEMENT_3D ( 'NONE', #2009, #681, #197 ) ;
#1132 = AXIS2_PLACEMENT_3D ( 'NONE', #1777, #863, #2329 ) ;
#1133 = EDGE_LOOP ( 'NONE', ( #2217, #2347, #1209, #790 ) ) ;
#1134 = DIRECTION ( 'NONE',  ( 0.000000000000000000, 1.000000000000000000, -0.000000000000000000 ) ) ;
#1135 = FACE_OUTER_BOUND ( 'NONE', #1161, .T. ) ;
#1136 = DATE_AND_TIME ( #1501, #658 ) ;
#1137 = DIRECTION ( 'NONE',  ( -0.2588190451025139116, 0.000000000000000000, 0.9659258262890700886 ) ) ;
#1138 = VECTOR ( 'NONE', #629, 1000.000000000000000 ) ;
#1139 = ORIENTED_EDGE ( 'NONE', *, *, #256, .F. ) ;
#1140 = EDGE_CURVE ( 'NONE', #1574, #383, #97, .T. ) ;
#1141 = FACE_OUTER_BOUND ( 'NONE', #713, .T. ) ;
#1142 = ORIENTED_EDGE ( 'NONE', *, *, #764, .F. ) ;
#1143 = DIRECTION ( 'NONE',  ( 0.000000000000000000, 0.7071067811865483499, 0.7071067811865466846 ) ) ;
#1144 = DIRECTION ( 'NONE',  ( 0.000000000000000000, 0.000000000000000000, -1.000000000000000000 ) ) ;
#1145 = APPROVAL ( #721, 'UNSPECIFIED' ) ;
#1146 = VECTOR ( 'NONE', #422, 1000.000000000000000 ) ;
#1147 = EDGE_LOOP ( 'NONE', ( #734, #1637, #982, #451 ) ) ;
#1148 = CARTESIAN_POINT ( 'NONE',  ( 55.99766306461145859, 11.00000000000000000, -22.56032171581770385 ) ) ;
#1149 = FACE_OUTER_BOUND ( 'NONE', #1900, .T. ) ;
#1150 = COORDINATED_UNIVERSAL_TIME_OFFSET ( 5, 0, .BEHIND. ) ;
#1151 = ORIENTED_EDGE ( 'NONE', *, *, #930, .T. ) ;
#1152 = VERTEX_POINT ( 'NONE', #402 ) ;
#1153 = DIRECTION ( 'NONE',  ( 0.000000000000000000, 0.000000000000000000, -1.000000000000000000 ) ) ;
#1154 = CYLINDRICAL_SURFACE ( 'NONE', #134, 1.650000000000002132 ) ;
#1155 = ORIENTED_EDGE ( 'NONE', *, *, #2069, .F. ) ;
#1156 = CARTESIAN_POINT ( 'NONE',  ( -40.26785116162047728, 0.000000000000000000, -25.08571760721363475 ) ) ;
#1157 = EDGE_CURVE ( 'NONE', #1796, #908, #1502, .T. ) ;
#1158 = DIRECTION ( 'NONE',  ( 0.8191520442889884679, -0.000000000000000000, 0.5735764363510509334 ) ) ;
#1159 = VECTOR ( 'NONE', #1591, 1000.000000000000000 ) ;
#1160 = CALENDAR_DATE ( 2026, 27, 2 ) ;
#1161 = EDGE_LOOP ( 'NONE', ( #1536, #1163, #428, #486 ) ) ;
#1162 = CARTESIAN_POINT ( 'NONE',  ( 89.77882037533505866, 6.200000000000000178, -6.613571715817710306 ) ) ;
#1163 = ORIENTED_EDGE ( 'NONE', *, *, #1006, .T. ) ;
#1164 = DIRECTION ( 'NONE',  ( -0.000000000000000000, -1.000000000000000000, -0.000000000000000000 ) ) ;
#1165 = CARTESIAN_POINT ( 'NONE',  ( 98.27882037533508708, 11.00000000000000000, 12.03317828418229141 ) ) ;
#1166 = AXIS2_PLACEMENT_3D ( 'NONE', #727, #1324, #1114 ) ;
#1167 = VERTEX_POINT ( 'NONE', #956 ) ;
#1168 = DIRECTION ( 'NONE',  ( 0.000000000000000000, 0.000000000000000000, 1.000000000000000000 ) ) ;
#1169 = CARTESIAN_POINT ( 'NONE',  ( 75.56125627580112791, 11.00000000000000000, 9.558574175578112175 ) ) ;
#1170 = VECTOR ( 'NONE', #2046, 1000.000000000000000 ) ;
#1171 = ADVANCED_FACE ( 'NONE', ( #2051 ), #1688, .F. ) ;
#1172 = AXIS2_PLACEMENT_3D ( 'NONE', #1330, #963, #1849 ) ;
#1173 = ORIENTED_EDGE ( 'NONE', *, *, #951, .T. ) ;
#1174 = CARTESIAN_POINT ( 'NONE',  ( 83.65332075996985850, 39.35183283567377543, -30.75184215870764604 ) ) ;
#1175 = VERTEX_POINT ( 'NONE', #1102 ) ;
#1176 = CYLINDRICAL_SURFACE ( 'NONE', #936, 2.250000000000001776 ) ;
#1177 = CARTESIAN_POINT ( 'NONE',  ( 98.27882037533508708, 0.000000000000000000, 12.03317828418229141 ) ) ;
#1178 = ORIENTED_EDGE ( 'NONE', *, *, #682, .T. ) ;
#1179 = CARTESIAN_POINT ( 'NONE',  ( 99.77882037533508708, 0.000000000000000000, -32.56032171581770740 ) ) ;
#1180 = DIRECTION ( 'NONE',  ( 0.000000000000000000, 0.000000000000000000, -1.000000000000000000 ) ) ;
#1181 = VECTOR ( 'NONE', #1511, 1000.000000000000000 ) ;
#1182 = FACE_OUTER_BOUND ( 'NONE', #1577, .T. ) ;
#1183 = EDGE_CURVE ( 'NONE', #1350, #1054, #1834, .T. ) ;
#1184 = VERTEX_POINT ( 'NONE', #11 ) ;
#1185 = DIRECTION ( 'NONE',  ( 0.8191520442889929088, 0.000000000000000000, 0.5735764363510446051 ) ) ;
#1186 = EDGE_CURVE ( 'NONE', #448, #2058, #1239, .T. ) ;
#1187 = ORIENTED_EDGE ( 'NONE', *, *, #1290, .F. ) ;
#1188 = FACE_BOUND ( 'NONE', #318, .T. ) ;
#1189 = VERTEX_POINT ( 'NONE', #1279 ) ;
#1190 = DIRECTION ( 'NONE',  ( 0.000000000000000000, -1.000000000000000000, 0.000000000000000000 ) ) ;
#1191 = CARTESIAN_POINT ( 'NONE',  ( 49.60467828095714538, -78.31324267233654268, -4.696757217349908586 ) ) ;
#1192 = VECTOR ( 'NONE', #86, 1000.000000000000000 ) ;
#1193 = FACE_OUTER_BOUND ( 'NONE', #1881, .T. ) ;
#1194 = AXIS2_PLACEMENT_3D ( 'NONE', #298, #116, #995 ) ;
#1195 = ORIENTED_EDGE ( 'NONE', *, *, #1305, .F. ) ;
#1196 = LINE ( 'NONE', #1174, #1286 ) ;
#1197 = EDGE_CURVE ( 'NONE', #448, #588, #913, .T. ) ;
#1198 = EDGE_CURVE ( 'NONE', #1231, #693, #2053, .T. ) ;
#1199 = EDGE_LOOP ( 'NONE', ( #294, #2362, #896, #564 ) ) ;
#1200 = FACE_BOUND ( 'NONE', #412, .T. ) ;
#1201 = ORIENTED_EDGE ( 'NONE', *, *, #91, .F. ) ;
#1202 = DIRECTION ( 'NONE',  ( 0.000000000000000000, -1.000000000000000000, 0.000000000000000000 ) ) ;
#1203 = DIRECTION ( 'NONE',  ( 0.000000000000000000, -1.000000000000000000, 0.000000000000000000 ) ) ;
#1204 = CIRCLE ( 'NONE', #1285, 5.000000000000000888 ) ;
#1205 = AXIS2_PLACEMENT_3D ( 'NONE', #1312, #1692, #1683 ) ;
#1206 = DIRECTION ( 'NONE',  ( 0.000000000000000000, 0.000000000000000000, 1.000000000000000000 ) ) ;
#1207 = AXIS2_PLACEMENT_3D ( 'NONE', #188, #1422, #1603 ) ;
#1208 = ORIENTED_EDGE ( 'NONE', *, *, #1335, .F. ) ;
#1209 = ORIENTED_EDGE ( 'NONE', *, *, #1123, .T. ) ;
#1210 = CARTESIAN_POINT ( 'NONE',  ( -68.72117962466492713, 8.899999999999993250, 12.03317828418229141 ) ) ;
#1211 = EDGE_CURVE ( 'NONE', #2258, #2004, #720, .T. ) ;
#1212 = AXIS2_PLACEMENT_3D ( 'NONE', #1083, #1267, #1295 ) ;
#1213 = VERTEX_POINT ( 'NONE', #335 ) ;
#1214 = DIRECTION ( 'NONE',  ( 1.000000000000000000, 0.000000000000000000, 0.000000000000000000 ) ) ;
#1215 = CARTESIAN_POINT ( 'NONE',  ( -26.44002231394122759, 11.00000000000000000, 7.033178284182291407 ) ) ;
#1216 = EDGE_CURVE ( 'NONE', #607, #794, #932, .T. ) ;
#1217 = CARTESIAN_POINT ( 'NONE',  ( 98.27882037533508708, 8.899999999999993250, 12.03317828418229141 ) ) ;
#1218 = DIRECTION ( 'NONE',  ( 0.000000000000000000, 0.000000000000000000, 1.000000000000000000 ) ) ;
#1219 = ORIENTED_EDGE ( 'NONE', *, *, #1225, .F. ) ;
#1220 = ORIENTED_EDGE ( 'NONE', *, *, #782, .F. ) ;
#1221 = FACE_OUTER_BOUND ( 'NONE', #705, .T. ) ;
#1222 = ORIENTED_EDGE ( 'NONE', *, *, #2249, .F. ) ;
#1223 = CARTESIAN_POINT ( 'NONE',  ( 49.60467828095714538, 11.00000000000000000, -4.696757217349908586 ) ) ;
#1224 = DIRECTION ( 'NONE',  ( 0.000000000000000000, -1.000000000000000000, 0.000000000000000000 ) ) ;
#1225 = EDGE_CURVE ( 'NONE', #121, #1586, #2028, .T. ) ;
#1226 = PLANE ( 'NONE',  #2215 ) ;
#1227 = CARTESIAN_POINT ( 'NONE',  ( -72.72117962466492713, 11.00000000000000000, -30.06032171581770740 ) ) ;
#1228 = VECTOR ( 'NONE', #1780, 1000.000000000000000 ) ;
#1229 = DIRECTION ( 'NONE',  ( -0.000000000000000000, -1.000000000000000000, -0.000000000000000000 ) ) ;
#1230 = PLANE ( 'NONE',  #401 ) ;
#1231 = VERTEX_POINT ( 'NONE', #189 ) ;
#1232 = DIRECTION ( 'NONE',  ( 0.000000000000000000, 0.000000000000000000, 1.000000000000000000 ) ) ;
#1233 = ORIENTED_EDGE ( 'NONE', *, *, #2057, .T. ) ;
#1234 = CARTESIAN_POINT ( 'NONE',  ( 55.99766306461145859, 0.000000000000000000, -22.56032171581770385 ) ) ;
#1235 = LINE ( 'NONE', #2206, #1242 ) ;
#1236 = CARTESIAN_POINT ( 'NONE',  ( -54.09568000929967013, 11.00000000000000000, 15.22469872707218208 ) ) ;
#1237 = AXIS2_PLACEMENT_3D ( 'NONE', #1934, #78, #826 ) ;
#1238 = EDGE_CURVE ( 'NONE', #981, #1457, #1488, .T. ) ;
#1239 = CIRCLE ( 'NONE', #2166, 2.499999999999998668 ) ;
#1240 = VECTOR ( 'NONE', #1424, 1000.000000000000000 ) ;
#1241 = FACE_OUTER_BOUND ( 'NONE', #2353, .T. ) ;
#1242 = VECTOR ( 'NONE', #1459, 1000.000000000000000 ) ;
#1243 = CC_DESIGN_PERSON_AND_ORGANIZATION_ASSIGNMENT ( #203, #1709, ( #983 ) ) ;
#1244 = AXIS2_PLACEMENT_3D ( 'NONE', #1800, #886, #1626 ) ;
#1245 = ORIENTED_EDGE ( 'NONE', *, *, #2317, .T. ) ;
#1246 = CARTESIAN_POINT ( 'NONE',  ( -68.72117962466492713, 0.000000000000000000, -29.21032171581770953 ) ) ;
#1247 = VECTOR ( 'NONE', #2037, 1000.000000000000227 ) ;
#1248 = VERTEX_POINT ( 'NONE', #1056 ) ;
#1249 = CARTESIAN_POINT ( 'NONE',  ( 69.82549191229065855, 11.00000000000000000, -25.08571760721364896 ) ) ;
#1250 = CARTESIAN_POINT ( 'NONE',  ( -68.72117962466492713, 0.000000000000000000, 12.03317828418229141 ) ) ;
#1251 = AXIS2_PLACEMENT_3D ( 'NONE', #375, #179, #1255 ) ;
#1252 = ORIENTED_EDGE ( 'NONE', *, *, #784, .F. ) ;
#1253 = CYLINDRICAL_SURFACE ( 'NONE', #630, 2.500000000000000444 ) ;
#1254 = CARTESIAN_POINT ( 'NONE',  ( -40.26785116162047728, 39.35183283567377543, -25.08571760721363475 ) ) ;
#1255 = DIRECTION ( 'NONE',  ( 0.000000000000000000, 0.000000000000000000, -1.000000000000000000 ) ) ;
#1256 = DIRECTION ( 'NONE',  ( 0.000000000000000000, 0.000000000000000000, 1.000000000000000000 ) ) ;
#1257 = VECTOR ( 'NONE', #23, 1000.000000000000000 ) ;
#1258 = ADVANCED_FACE ( 'NONE', ( #1473 ), #707, .F. ) ;
#1259 = ORIENTED_EDGE ( 'NONE', *, *, #1870, .F. ) ;
#1260 = FACE_OUTER_BOUND ( 'NONE', #763, .T. ) ;
#1261 = ORIENTED_EDGE ( 'NONE', *, *, #708, .T. ) ;
#1262 = DIRECTION ( 'NONE',  ( -0.000000000000000000, -1.000000000000000000, -0.000000000000000000 ) ) ;
#1263 = CYLINDRICAL_SURFACE ( 'NONE', #1045, 2.249999999999995115 ) ;
#1264 = ORIENTED_EDGE ( 'NONE', *, *, #259, .F. ) ;
#1265 = CYLINDRICAL_SURFACE ( 'NONE', #1441, 10.00000000000000000 ) ;
#1266 = DIRECTION ( 'NONE',  ( 0.000000000000000000, 0.000000000000000000, 1.000000000000000000 ) ) ;
#1267 = DIRECTION ( 'NONE',  ( -0.000000000000000000, -1.000000000000000000, -0.000000000000000000 ) ) ;
#1268 = DIRECTION ( 'NONE',  ( -0.8191520442889891340, 0.000000000000000000, -0.5735764363510499342 ) ) ;
#1269 = EDGE_LOOP ( 'NONE', ( #1997, #296, #1471, #1291 ) ) ;
#1270 = CARTESIAN_POINT ( 'NONE',  ( 72.69337409404587902, 0.000000000000000000, 13.65433439702305307 ) ) ;
#1271 = AXIS2_PLACEMENT_3D ( 'NONE', #548, #865, #338 ) ;
#1272 = EDGE_CURVE ( 'NONE', #1833, #2244, #1322, .T. ) ;
#1273 = ADVANCED_FACE ( 'NONE', ( #1108 ), #1643, .F. ) ;
#1274 = VERTEX_POINT ( 'NONE', #1627 ) ;
#1275 = CARTESIAN_POINT ( 'NONE',  ( 98.27882037533508708, 11.00000000000000000, 8.283178284182287854 ) ) ;
#1276 = CYLINDRICAL_SURFACE ( 'NONE', #1362, 2.250000000000001776 ) ;
#1277 = ORIENTED_EDGE ( 'NONE', *, *, #1110, .T. ) ;
#1278 = DIRECTION ( 'NONE',  ( 0.000000000000000000, 0.000000000000000000, 1.000000000000000000 ) ) ;
#1279 = CARTESIAN_POINT ( 'NONE',  ( -68.72117962466492713, 8.899999999999993250, -25.91032171581770527 ) ) ;
#1280 = FACE_OUTER_BOUND ( 'NONE', #573, .T. ) ;
#1281 = CARTESIAN_POINT ( 'NONE',  ( 15.60057084353557144, 11.00000000000000000, 4.414615909848080832 ) ) ;
#1282 = AXIS2_PLACEMENT_3D ( 'NONE', #319, #137, #513 ) ;
#1283 = ORIENTED_EDGE ( 'NONE', *, *, #1570, .F. ) ;
#1284 = DIRECTION ( 'NONE',  ( -0.000000000000000000, -1.000000000000000000, -0.000000000000000000 ) ) ;
#1285 = AXIS2_PLACEMENT_3D ( 'NONE', #2136, #2159, #1715 ) ;
#1286 = VECTOR ( 'NONE', #2088, 1000.000000000000000 ) ;
#1287 = ORIENTED_EDGE ( 'NONE', *, *, #938, .F. ) ;
#1288 = CARTESIAN_POINT ( 'NONE',  ( 55.99766306461138754, 0.000000000000000000, 17.03317828418229141 ) ) ;
#1289 = CARTESIAN_POINT ( 'NONE',  ( -68.72117962466492713, 8.899999999999993250, -29.21032171581770953 ) ) ;
#1290 = EDGE_CURVE ( 'NONE', #1184, #1054, #1069, .T. ) ;
#1291 = ORIENTED_EDGE ( 'NONE', *, *, #2024, .T. ) ;
#1292 = CARTESIAN_POINT ( 'NONE',  ( 98.27882037533508708, 0.000000000000000000, 13.68317828418229354 ) ) ;
#1293 = DIRECTION ( 'NONE',  ( -0.000000000000000000, 1.000000000000000000, -0.000000000000000000 ) ) ;
#1294 = EDGE_CURVE ( 'NONE', #1721, #1917, #1930, .T. ) ;
#1295 = DIRECTION ( 'NONE',  ( -2.775557561562893718E-15, 0.000000000000000000, 1.000000000000000000 ) ) ;
#1296 = LOCAL_TIME ( 14, 41, 6.000000000000000000, #2067 ) ;
#1297 = CARTESIAN_POINT ( 'NONE',  ( -54.09568000929966303, 11.00000000000000000, -30.75184215870762827 ) ) ;
#1298 = EDGE_LOOP ( 'NONE', ( #1219, #1985, #1562, #1597 ) ) ;
#1299 = VERTEX_POINT ( 'NONE', #2183 ) ;
#1300 = CARTESIAN_POINT ( 'NONE',  ( 69.82549191229061591, 11.00000000000000000, 9.558574175578112175 ) ) ;
#1301 = PLANE ( 'NONE',  #2131 ) ;
#1302 = ORIENTED_EDGE ( 'NONE', *, *, #232, .F. ) ;
#1303 = CARTESIAN_POINT ( 'NONE',  ( -72.72117962466491292, 11.00000000000000000, 17.03317828418229141 ) ) ;
#1304 = LINE ( 'NONE', #430, #2003 ) ;
#1305 = EDGE_CURVE ( 'NONE', #1782, #642, #627, .T. ) ;
#1306 = EDGE_CURVE ( 'NONE', #1014, #845, #926, .T. ) ;
#1307 = PERSON_AND_ORGANIZATION ( #1823, #1410 ) ;
#1308 = CARTESIAN_POINT ( 'NONE',  ( -19.22528706208646554, -78.31324267233654268, -7.763571715817696450 ) ) ;
#1309 = EDGE_LOOP ( 'NONE', ( #2031, #1684, #599, #1905 ) ) ;
#1310 = ORIENTED_EDGE ( 'NONE', *, *, #159, .F. ) ;
#1311 = DIRECTION ( 'NONE',  ( -0.9659258262890699775, 0.000000000000000000, 0.2588190451025145777 ) ) ;
#1312 = CARTESIAN_POINT ( 'NONE',  ( 99.77882037533508708, 11.00000000000000000, -30.06032171581770740 ) ) ;
#1313 = CIRCLE ( 'NONE', #1390, 3.174999999999998046 ) ;
#1314 = EDGE_LOOP ( 'NONE', ( #77, #1933, #1447, #1444 ) ) ;
#1315 = DIRECTION ( 'NONE',  ( 0.000000000000000000, 1.000000000000000000, 0.000000000000000000 ) ) ;
#1316 = DIRECTION ( 'NONE',  ( -0.000000000000000000, -1.000000000000000000, -0.000000000000000000 ) ) ;
#1317 = DATE_TIME_ROLE ( 'creation_date' ) ;
#1318 = DIRECTION ( 'NONE',  ( 0.000000000000000000, -1.000000000000000000, 0.000000000000000000 ) ) ;
#1319 = EDGE_CURVE ( 'NONE', #2188, #1547, #1999, .T. ) ;
#1320 = VERTEX_POINT ( 'NONE', #1097 ) ;
#1321 = AXIS2_PLACEMENT_3D ( 'NONE', #1783, #1412, #869 ) ;
#1322 = CIRCLE ( 'NONE', #281, 4.650000000000004796 ) ;
#1323 = EDGE_LOOP ( 'NONE', ( #2281, #2231, #952, #267 ) ) ;
#1324 = DIRECTION ( 'NONE',  ( 0.000000000000000000, 1.000000000000000000, 0.000000000000000000 ) ) ;
#1325 = CARTESIAN_POINT ( 'NONE',  ( -43.13573334337569776, 39.35183283567377543, 13.65433439702306195 ) ) ;
#1326 = AXIS2_PLACEMENT_3D ( 'NONE', #2218, #1860, #2062 ) ;
#1327 = AXIS2_PLACEMENT_3D ( 'NONE', #408, #1338, #1144 ) ;
#1328 = AXIS2_PLACEMENT_3D ( 'NONE', #34, #975, #2049 ) ;
#1329 = ORIENTED_EDGE ( 'NONE', *, *, #1019, .T. ) ;
#1330 = CARTESIAN_POINT ( 'NONE',  ( -68.72117962466492713, 11.00000000000000000, 12.03317828418229141 ) ) ;
#1331 = DIRECTION ( 'NONE',  ( 3.469446951953614189E-15, 0.000000000000000000, 1.000000000000000000 ) ) ;
#1332 = PERSON_AND_ORGANIZATION_ROLE ( 'design_supplier' ) ;
#1333 = AXIS2_PLACEMENT_3D ( 'NONE', #2146, #1022, #1011 ) ;
#1334 = ORIENTED_EDGE ( 'NONE', *, *, #1698, .F. ) ;
#1335 = EDGE_CURVE ( 'NONE', #2263, #9, #643, .T. ) ;
#1336 = VERTEX_POINT ( 'NONE', #1973 ) ;
#1337 = CARTESIAN_POINT ( 'NONE',  ( -60.22117962466492713, 0.000000000000000000, -11.26357171581770800 ) ) ;
#1338 = DIRECTION ( 'NONE',  ( -0.000000000000000000, -1.000000000000000000, -0.000000000000000000 ) ) ;
#1339 = ORIENTED_EDGE ( 'NONE', *, *, #838, .F. ) ;
#1340 = DIRECTION ( 'NONE',  ( 0.000000000000000000, 0.000000000000000000, -1.000000000000000000 ) ) ;
#1341 = LINE ( 'NONE', #2075, #2184 ) ;
#1342 = APPROVAL_STATUS ( 'not_yet_approved' ) ;
#1343 = VERTEX_POINT ( 'NONE', #1787 ) ;
#1344 = CARTESIAN_POINT ( 'NONE',  ( 72.69337409404587902, 39.35183283567377543, -29.18147782865861828 ) ) ;
#1345 = VERTEX_POINT ( 'NONE', #324 ) ;
#1346 = DIRECTION ( 'NONE',  ( 0.000000000000000000, 0.000000000000000000, 1.000000000000000000 ) ) ;
#1347 = DIRECTION ( 'NONE',  ( 0.000000000000000000, 0.000000000000000000, 1.000000000000000000 ) ) ;
#1348 = ADVANCED_FACE ( 'NONE', ( #152 ), #803, .F. ) ;
#1349 = ADVANCED_FACE ( 'NONE', ( #1149 ), #756, .F. ) ;
#1350 = VERTEX_POINT ( 'NONE', #941 ) ;
#1351 = PRODUCT_RELATED_PRODUCT_CATEGORY ( 'detail', '', ( #515 ) ) ;
#1352 = CARTESIAN_POINT ( 'NONE',  ( 89.38908512348028523, 0.000000000000000000, -32.56032171581770740 ) ) ;
#1353 = DIRECTION ( 'NONE',  ( 0.000000000000000000, 1.000000000000000000, 0.000000000000000000 ) ) ;
#1354 = SECURITY_CLASSIFICATION_LEVEL ( 'unclassified' ) ;
#1355 = ORIENTED_EDGE ( 'NONE', *, *, #120, .T. ) ;
#1356 = LINE ( 'NONE', #438, #1740 ) ;
#1357 = ORIENTED_EDGE ( 'NONE', *, *, #205, .T. ) ;
#1358 = CARTESIAN_POINT ( 'NONE',  ( 98.27882037533508708, 8.899999999999993250, -25.91032171581770527 ) ) ;
#1359 = DIRECTION ( 'NONE',  ( -0.000000000000000000, 1.000000000000000000, -0.000000000000000000 ) ) ;
#1360 = AXIS2_PLACEMENT_3D ( 'NONE', #1825, #2143, #1808 ) ;
#1361 = CIRCLE ( 'NONE', #893, 2.499999999999998668 ) ;
#1362 = AXIS2_PLACEMENT_3D ( 'NONE', #1652, #2374, #1809 ) ;
#1363 = ORIENTED_EDGE ( 'NONE', *, *, #1379, .T. ) ;
#1364 = CARTESIAN_POINT ( 'NONE',  ( 98.27882037533508708, 8.899999999999993250, -25.91032171581770527 ) ) ;
#1365 = FACE_OUTER_BOUND ( 'NONE', #1199, .T. ) ;
#1366 = CIRCLE ( 'NONE', #1560, 4.999999999999999112 ) ;
#1367 = EDGE_CURVE ( 'NONE', #162, #136, #766, .T. ) ;
#1368 = CIRCLE ( 'NONE', #26, 1.650000000000002132 ) ;
#1369 = ADVANCED_FACE ( 'NONE', ( #1135 ), #1523, .F. ) ;
#1370 = DIRECTION ( 'NONE',  ( 0.000000000000000000, 0.000000000000000000, 1.000000000000000000 ) ) ;
#1371 = ORIENTED_EDGE ( 'NONE', *, *, #764, .T. ) ;
#1372 = ORIENTED_EDGE ( 'NONE', *, *, #567, .F. ) ;
#1373 = VERTEX_POINT ( 'NONE', #224 ) ;
#1374 = FACE_BOUND ( 'NONE', #303, .T. ) ;
#1375 = ORIENTED_EDGE ( 'NONE', *, *, #1978, .T. ) ;
#1376 = DIRECTION ( 'NONE',  ( 0.000000000000000000, -1.000000000000000000, 0.000000000000000000 ) ) ;
#1377 = CARTESIAN_POINT ( 'NONE',  ( 89.77882037533505866, 6.200000000000000178, -11.26357171581770800 ) ) ;
#1378 = AXIS2_PLACEMENT_3D ( 'NONE', #79, #1676, #2279 ) ;
#1379 = EDGE_CURVE ( 'NONE', #1547, #1796, #528, .T. ) ;
#1380 = EDGE_CURVE ( 'NONE', #1175, #162, #1534, .T. ) ;
#1381 = CARTESIAN_POINT ( 'NONE',  ( -26.44002231394127023, 39.35183283567377543, -22.56032171581770385 ) ) ;
#1382 = ORIENTED_EDGE ( 'NONE', *, *, #1942, .F. ) ;
#1383 = EDGE_LOOP ( 'NONE', ( #1000, #2103 ) ) ;
#1384 = FACE_OUTER_BOUND ( 'NONE', #1954, .T. ) ;
#1385 = ORIENTED_EDGE ( 'NONE', *, *, #1183, .T. ) ;
#1386 = DIRECTION ( 'NONE',  ( 0.000000000000000000, 0.000000000000000000, -1.000000000000000000 ) ) ;
#1387 = LINE ( 'NONE', #138, #1500 ) ;
#1388 = CIRCLE ( 'NONE', #47, 1.650000000000002132 ) ;
#1389 = CARTESIAN_POINT ( 'NONE',  ( 89.77882037533505866, 0.000000000000000000, -11.26357171581770800 ) ) ;
#1390 = AXIS2_PLACEMENT_3D ( 'NONE', #827, #1413, #2144 ) ;
#1391 = VERTEX_POINT ( 'NONE', #213 ) ;
#1392 = ADVANCED_FACE ( 'NONE', ( #954 ), #605, .F. ) ;
#1393 = CARTESIAN_POINT ( 'NONE',  ( -68.72117962466492713, 0.000000000000000000, -27.56032171581770740 ) ) ;
#1394 = ORIENTED_EDGE ( 'NONE', *, *, #1367, .F. ) ;
#1395 = CARTESIAN_POINT ( 'NONE',  ( 89.77882037533505866, 6.200000000000000178, -6.613571715817710306 ) ) ;
#1396 = EDGE_CURVE ( 'NONE', #1086, #669, #964, .T. ) ;
#1397 = ORIENTED_EDGE ( 'NONE', *, *, #2295, .F. ) ;
#1398 = CARTESIAN_POINT ( 'NONE',  ( -60.22117962466492713, 11.00000000000000000, -11.26357171581770800 ) ) ;
#1399 = DIRECTION ( 'NONE',  ( -0.9659258262890700886, 0.000000000000000000, -0.2588190451025139116 ) ) ;
#1400 = VECTOR ( 'NONE', #1262, 1000.000000000000000 ) ;
#1401 = AXIS2_PLACEMENT_3D ( 'NONE', #722, #533, #153 ) ;
#1402 = CIRCLE ( 'NONE', #358, 3.174999999999997158 ) ;
#1403 = CARTESIAN_POINT ( 'NONE',  ( -26.44002231394127023, 0.000000000000000000, -32.56032171581770740 ) ) ;
#1404 = CIRCLE ( 'NONE', #1244, 10.00000000000000000 ) ;
#1405 = CARTESIAN_POINT ( 'NONE',  ( 13.95706990713460804, 0.000000000000000000, 4.414615909848081721 ) ) ;
#1406 = VERTEX_POINT ( 'NONE', #68 ) ;
#1407 = ORIENTED_EDGE ( 'NONE', *, *, #2276, .T. ) ;
#1408 = DIRECTION ( 'NONE',  ( -0.000000000000000000, 1.000000000000000000, -0.000000000000000000 ) ) ;
#1409 = EDGE_CURVE ( 'NONE', #1659, #1350, #1341, .T. ) ;
#1410 = ORGANIZATION ( 'UNSPECIFIED', 'UNSPECIFIED', '' ) ;
#1411 = ORIENTED_EDGE ( 'NONE', *, *, #2221, .T. ) ;
#1412 = DIRECTION ( 'NONE',  ( 0.000000000000000000, 1.000000000000000000, 0.000000000000000000 ) ) ;
#1413 = DIRECTION ( 'NONE',  ( 0.000000000000000000, 1.000000000000000000, -0.000000000000000000 ) ) ;
#1414 = CARTESIAN_POINT ( 'NONE',  ( 55.99766306461138754, 11.00000000000000000, 17.03317828418229141 ) ) ;
#1415 = DIRECTION ( 'NONE',  ( 0.000000000000000000, 0.7071067811865479058, 0.7071067811865472397 ) ) ;
#1416 = DIRECTION ( 'NONE',  ( 0.000000000000000000, -1.000000000000000000, 0.000000000000000000 ) ) ;
#1417 = ORIENTED_EDGE ( 'NONE', *, *, #784, .T. ) ;
#1418 = CARTESIAN_POINT ( 'NONE',  ( 98.27882037533508708, 8.899999999999993250, -27.56032171581770740 ) ) ;
#1419 = DIRECTION ( 'NONE',  ( 0.000000000000000000, 0.000000000000000000, -1.000000000000000000 ) ) ;
#1420 = CARTESIAN_POINT ( 'NONE',  ( -20.04703753028694990, 0.000000000000000000, -10.83038621428548964 ) ) ;
#1421 = EDGE_CURVE ( 'NONE', #1026, #136, #614, .T. ) ;
#1422 = DIRECTION ( 'NONE',  ( 0.000000000000000000, 1.000000000000000000, 0.000000000000000000 ) ) ;
#1423 = AXIS2_PLACEMENT_3D ( 'NONE', #1426, #1964, #2161 ) ;
#1424 = DIRECTION ( 'NONE',  ( -1.000000000000000000, -0.000000000000000000, -0.000000000000000000 ) ) ;
#1425 = ORIENTED_EDGE ( 'NONE', *, *, #417, .F. ) ;
#1426 = CARTESIAN_POINT ( 'NONE',  ( 89.77882037533505866, 6.200000000000000178, -11.26357171581770800 ) ) ;
#1427 = ORIENTED_EDGE ( 'NONE', *, *, #488, .T. ) ;
#1428 = CARTESIAN_POINT ( 'NONE',  ( -72.72117962466492713, 0.000000000000000000, -32.56032171581770740 ) ) ;
#1429 = LINE ( 'NONE', #514, #894 ) ;
#1430 = ORIENTED_EDGE ( 'NONE', *, *, #1197, .T. ) ;
#1431 = LINE ( 'NONE', #1039, #558 ) ;
#1432 = DIRECTION ( 'NONE',  ( -0.000000000000000000, -1.000000000000000000, -0.000000000000000000 ) ) ;
#1433 = VECTOR ( 'NONE', #443, 999.9999999999998863 ) ;
#1434 = EDGE_CURVE ( 'NONE', #647, #1528, #1499, .T. ) ;
#1435 = AXIS2_PLACEMENT_3D ( 'NONE', #1813, #1801, #2364 ) ;
#1436 = DIRECTION ( 'NONE',  ( -1.000000000000000000, -0.000000000000000000, -0.000000000000000000 ) ) ;
#1437 = AXIS2_PLACEMENT_3D ( 'NONE', #225, #217, #36 ) ;
#1438 = CARTESIAN_POINT ( 'NONE',  ( -20.04703753028694990, 0.000000000000000000, -10.83038621428548964 ) ) ;
#1439 = AXIS2_PLACEMENT_3D ( 'NONE', #1250, #2154, #2192 ) ;
#1440 = EDGE_CURVE ( 'NONE', #603, #1086, #149, .T. ) ;
#1441 = AXIS2_PLACEMENT_3D ( 'NONE', #730, #2012, #1472 ) ;
#1442 = ORIENTED_EDGE ( 'NONE', *, *, #1110, .F. ) ;
#1443 = CARTESIAN_POINT ( 'NONE',  ( 55.99766306461138754, 11.00000000000000000, 17.03317828418229141 ) ) ;
#1444 = ORIENTED_EDGE ( 'NONE', *, *, #961, .F. ) ;
#1445 = DIRECTION ( 'NONE',  ( -0.000000000000000000, -1.000000000000000000, -0.000000000000000000 ) ) ;
#1446 = CARTESIAN_POINT ( 'NONE',  ( 14.77882037533508885, 0.000000000000000000, 4.522801411380283021 ) ) ;
#1447 = ORIENTED_EDGE ( 'NONE', *, *, #884, .T. ) ;
#1448 = CARTESIAN_POINT ( 'NONE',  ( -70.22117962466491292, 11.00000000000000000, 14.53317828418229141 ) ) ;
#1449 = DIRECTION ( 'NONE',  ( -0.8191520442889929088, 0.000000000000000000, -0.5735764363510446051 ) ) ;
#1450 = EDGE_CURVE ( 'NONE', #853, #2188, #753, .T. ) ;
#1451 = FACE_OUTER_BOUND ( 'NONE', #2132, .T. ) ;
#1452 = DIRECTION ( 'NONE',  ( -0.000000000000000000, -1.000000000000000000, -0.000000000000000000 ) ) ;
#1453 = EDGE_CURVE ( 'NONE', #1274, #84, #233, .T. ) ;
#1454 = EDGE_CURVE ( 'NONE', #647, #1299, #1696, .T. ) ;
#1455 = ORIENTED_EDGE ( 'NONE', *, *, #2306, .T. ) ;
#1456 = LINE ( 'NONE', #351, #83 ) ;
#1457 = VERTEX_POINT ( 'NONE', #241 ) ;
#1458 = CARTESIAN_POINT ( 'NONE',  ( 75.56125627580112791, 39.35183283567377543, 9.558574175578112175 ) ) ;
#1459 = DIRECTION ( 'NONE',  ( -0.000000000000000000, 1.000000000000000000, -0.000000000000000000 ) ) ;
#1460 = DIRECTION ( 'NONE',  ( 0.000000000000000000, 1.000000000000000000, 0.000000000000000000 ) ) ;
#1461 = CARTESIAN_POINT ( 'NONE',  ( 55.99766306461140175, 0.000000000000000000, 7.033178284182291407 ) ) ;
#1462 = COORDINATED_UNIVERSAL_TIME_OFFSET ( 5, 0, .BEHIND. ) ;
#1463 = DIRECTION ( 'NONE',  ( 0.000000000000000000, 0.000000000000000000, 1.000000000000000000 ) ) ;
#1464 = EDGE_CURVE ( 'NONE', #111, #425, #1304, .T. ) ;
#1465 = ORIENTED_EDGE ( 'NONE', *, *, #2305, .T. ) ;
#1466 = DIRECTION ( 'NONE',  ( 0.8191520442889884679, 0.000000000000000000, 0.5735764363510509334 ) ) ;
#1467 = ORIENTED_EDGE ( 'NONE', *, *, #1623, .F. ) ;
#1468 = DIRECTION ( 'NONE',  ( 0.000000000000000000, 0.000000000000000000, 1.000000000000000000 ) ) ;
#1469 = DIRECTION ( 'NONE',  ( 0.000000000000000000, 0.000000000000000000, 1.000000000000000000 ) ) ;
#1470 = EDGE_CURVE ( 'NONE', #1112, #693, #385, .T. ) ;
#1471 = ORIENTED_EDGE ( 'NONE', *, *, #665, .T. ) ;
#1472 = DIRECTION ( 'NONE',  ( 0.000000000000000000, 0.000000000000000000, -1.000000000000000000 ) ) ;
#1473 = FACE_OUTER_BOUND ( 'NONE', #1799, .T. ) ;
#1474 = DIRECTION ( 'NONE',  ( -0.9659258262890700886, 0.000000000000000000, 0.2588190451025139116 ) ) ;
#1475 = FACE_OUTER_BOUND ( 'NONE', #1497, .T. ) ;
#1476 = CIRCLE ( 'NONE', #355, 4.999999999999997335 ) ;
#1477 = VECTOR ( 'NONE', #228, 1000.000000000000000 ) ;
#1478 = CIRCLE ( 'NONE', #434, 3.750000000000003553 ) ;
#1479 = ORIENTED_EDGE ( 'NONE', *, *, #1570, .T. ) ;
#1480 = AXIS2_PLACEMENT_3D ( 'NONE', #849, #1722, #1950 ) ;
#1481 = CIRCLE ( 'NONE', #1132, 2.250000000000001776 ) ;
#1482 = ORIENTED_EDGE ( 'NONE', *, *, #446, .F. ) ;
#1483 = CARTESIAN_POINT ( 'NONE',  ( 98.27882037533508708, 8.899999999999993250, 10.38317828418228927 ) ) ;
#1484 = DIRECTION ( 'NONE',  ( -0.000000000000000000, -1.000000000000000000, -0.000000000000000000 ) ) ;
#1485 = EDGE_CURVE ( 'NONE', #1914, #1859, #1718, .T. ) ;
#1486 = ORIENTED_EDGE ( 'NONE', *, *, #31, .T. ) ;
#1487 = CARTESIAN_POINT ( 'NONE',  ( 99.77882037533507287, 0.000000000000000000, 17.03317828418229141 ) ) ;
#1488 = LINE ( 'NONE', #164, #2284 ) ;
#1489 = DIRECTION ( 'NONE',  ( -0.000000000000000000, -1.000000000000000000, -0.000000000000000000 ) ) ;
#1490 = EDGE_LOOP ( 'NONE', ( #345, #1766, #1730, #1155 ) ) ;
#1491 = AXIS2_PLACEMENT_3D ( 'NONE', #1687, #46, #2233 ) ;
#1492 = ORIENTED_EDGE ( 'NONE', *, *, #855, .F. ) ;
#1493 = FACE_BOUND ( 'NONE', #1653, .T. ) ;
#1494 = DIRECTION ( 'NONE',  ( 0.000000000000000000, 1.000000000000000000, 0.000000000000000000 ) ) ;
#1495 = UNCERTAINTY_MEASURE_WITH_UNIT (LENGTH_MEASURE( 1.000000000000000082E-05 ), #532, 'distance_accuracy_value', 'NONE');
#1496 = EDGE_CURVE ( 'NONE', #121, #603, #2315, .T. ) ;
#1497 = EDGE_LOOP ( 'NONE', ( #825, #288, #1584, #856 ) ) ;
#1498 = DIRECTION ( 'NONE',  ( -1.000000000000000000, 0.000000000000000000, -0.000000000000000000 ) ) ;
#1499 = LINE ( 'NONE', #792, #1181 ) ;
#1500 = VECTOR ( 'NONE', #1203, 1000.000000000000000 ) ;
#1501 = CALENDAR_DATE ( 2026, 27, 2 ) ;
#1502 = LINE ( 'NONE', #581, #1968 ) ;
#1503 = ORIENTED_EDGE ( 'NONE', *, *, #159, .T. ) ;
#1504 = DIRECTION ( 'NONE',  ( -0.000000000000000000, -1.000000000000000000, -0.000000000000000000 ) ) ;
#1505 = VERTEX_POINT ( 'NONE', #479 ) ;
#1506 = CARTESIAN_POINT ( 'NONE',  ( 102.2788203753350729, 11.00000000000000000, 14.53317828418228963 ) ) ;
#1507 = FACE_OUTER_BOUND ( 'NONE', #230, .T. ) ;
#1508 = VECTOR ( 'NONE', #2093, 1000.000000000000000 ) ;
#1509 = ORIENTED_EDGE ( 'NONE', *, *, #1778, .F. ) ;
#1510 = DIRECTION ( 'NONE',  ( 0.8191520442889888010, 0.000000000000000000, -0.5735764363510503783 ) ) ;
#1511 = DIRECTION ( 'NONE',  ( 0.000000000000000000, -1.000000000000000000, 0.000000000000000000 ) ) ;
#1512 = DATE_AND_TIME ( #2351, #1640 ) ;
#1513 = ADVANCED_FACE ( 'NONE', ( #858 ), #105, .T. ) ;
#1514 = ORIENTED_EDGE ( 'NONE', *, *, #1794, .T. ) ;
#1515 = ORIENTED_EDGE ( 'NONE', *, *, #522, .T. ) ;
#1516 = CARTESIAN_POINT ( 'NONE',  ( 89.77882037533505866, 6.200000000000000178, -11.26357171581770800 ) ) ;
#1517 = CARTESIAN_POINT ( 'NONE',  ( 89.77882037533505866, 6.200000000000000178, -15.91357171581770480 ) ) ;
#1518 = CIRCLE ( 'NONE', #1898, 2.250000000000001776 ) ;
#1519 = AXIS2_PLACEMENT_3D ( 'NONE', #1798, #1053, #2357 ) ;
#1520 = CIRCLE ( 'NONE', #2253, 3.174999999999997158 ) ;
#1521 = ORIENTED_EDGE ( 'NONE', *, *, #769, .F. ) ;
#1522 = CARTESIAN_POINT ( 'NONE',  ( -40.26785116162044886, 11.00000000000000000, 9.558574175578115728 ) ) ;
#1523 = PLANE ( 'NONE',  #113 ) ;
#1524 = PERSON_AND_ORGANIZATION ( #1823, #1410 ) ;
#1525 = VECTOR ( 'NONE', #266, 1000.000000000000000 ) ;
#1526 = EDGE_CURVE ( 'NONE', #921, #924, #1602, .T. ) ;
#1527 = ADVANCED_FACE ( 'NONE', ( #639 ), #49, .F. ) ;
#1528 = VERTEX_POINT ( 'NONE', #1946 ) ;
#1529 = ORIENTED_EDGE ( 'NONE', *, *, #309, .F. ) ;
#1530 = FACE_OUTER_BOUND ( 'NONE', #1490, .T. ) ;
#1531 = DIRECTION ( 'NONE',  ( -2.798307804009489196E-16, 0.000000000000000000, -1.000000000000000000 ) ) ;
#1532 = ORIENTED_EDGE ( 'NONE', *, *, #2024, .F. ) ;
#1533 = CYLINDRICAL_SURFACE ( 'NONE', #248, 10.00000000000000178 ) ;
#1534 = LINE ( 'NONE', #56, #831 ) ;
#1535 = DATE_AND_TIME ( #411, #1296 ) ;
#1536 = ORIENTED_EDGE ( 'NONE', *, *, #1778, .T. ) ;
#1537 = ORIENTED_EDGE ( 'NONE', *, *, #1886, .F. ) ;
#1538 = ORIENTED_EDGE ( 'NONE', *, *, #1434, .T. ) ;
#1539 = CARTESIAN_POINT ( 'NONE',  ( -20.04703753028694990, 0.000000000000000000, -4.696757217349899705 ) ) ;
#1540 = CARTESIAN_POINT ( 'NONE',  ( -72.72117962466492713, 11.00000000000000000, -30.06032171581770740 ) ) ;
#1541 = ADVANCED_FACE ( 'NONE', ( #1558 ), #2108, .F. ) ;
#1542 = EDGE_LOOP ( 'NONE', ( #1582, #1618, #1417, #1565 ) ) ;
#1543 = DIRECTION ( 'NONE',  ( 0.000000000000000000, 0.000000000000000000, 1.000000000000000000 ) ) ;
#1544 = DIRECTION ( 'NONE',  ( -0.000000000000000000, 1.000000000000000000, -0.000000000000000000 ) ) ;
#1545 = ADVANCED_FACE ( 'NONE', ( #1727 ), #1768, .F. ) ;
#1546 = CARTESIAN_POINT ( 'NONE',  ( 102.2788203753350871, 0.000000000000000000, -32.56032171581770740 ) ) ;
#1547 = VERTEX_POINT ( 'NONE', #1005 ) ;
#1548 = LINE ( 'NONE', #280, #1857 ) ;
#1549 = ORIENTED_EDGE ( 'NONE', *, *, #1094, .F. ) ;
#1550 = DIRECTION ( 'NONE',  ( -0.000000000000000000, 1.000000000000000000, -0.000000000000000000 ) ) ;
#1551 = CARTESIAN_POINT ( 'NONE',  ( 98.27882037533508708, 8.899999999999993250, -27.56032171581770740 ) ) ;
#1552 = CIRCLE ( 'NONE', #20, 3.174999999999998934 ) ;
#1553 = CIRCLE ( 'NONE', #509, 3.174999999999997158 ) ;
#1554 = CIRCLE ( 'NONE', #1970, 3.750000000000006661 ) ;
#1555 = VERTEX_POINT ( 'NONE', #2292 ) ;
#1556 = CARTESIAN_POINT ( 'NONE',  ( 89.77882037533505866, 11.00000000000000000, -11.26357171581770800 ) ) ;
#1557 = EDGE_CURVE ( 'NONE', #154, #2139, #671, .T. ) ;
#1558 = FACE_OUTER_BOUND ( 'NONE', #2340, .T. ) ;
#1559 = EDGE_CURVE ( 'NONE', #2113, #974, #847, .T. ) ;
#1560 = AXIS2_PLACEMENT_3D ( 'NONE', #258, #675, #493 ) ;
#1561 = DIRECTION ( 'NONE',  ( 0.000000000000000000, 1.000000000000000000, -0.000000000000000000 ) ) ;
#1562 = ORIENTED_EDGE ( 'NONE', *, *, #2345, .T. ) ;
#1563 = DIRECTION ( 'NONE',  ( -0.000000000000000000, 1.000000000000000000, -0.000000000000000000 ) ) ;
#1564 =( GEOMETRIC_REPRESENTATION_CONTEXT ( 3 ) GLOBAL_UNCERTAINTY_ASSIGNED_CONTEXT ( ( #1495 ) ) GLOBAL_UNIT_ASSIGNED_CONTEXT ( ( #532, #1057, #2338 ) ) REPRESENTATION_CONTEXT ( 'NONE', 'WORKASPACE' ) );
#1565 = ORIENTED_EDGE ( 'NONE', *, *, #287, .F. ) ;
#1566 = CARTESIAN_POINT ( 'NONE',  ( -68.72117962466492713, 0.000000000000000000, 10.38317828418228927 ) ) ;
#1567 = EDGE_LOOP ( 'NONE', ( #729, #333, #1606, #1658 ) ) ;
#1568 = DIRECTION ( 'NONE',  ( -0.000000000000000000, -1.000000000000000000, -0.000000000000000000 ) ) ;
#1569 = CARTESIAN_POINT ( 'NONE',  ( -46.00361552513095376, 11.00000000000000000, 9.558574175578117504 ) ) ;
#1570 = EDGE_CURVE ( 'NONE', #1869, #1979, #1313, .T. ) ;
#1571 = CC_DESIGN_DATE_AND_TIME_ASSIGNMENT ( #943, #1317, ( #918 ) ) ;
#1572 = CARTESIAN_POINT ( 'NONE',  ( -60.22117962466492713, 0.000000000000000000, -6.613571715817704089 ) ) ;
#1573 = EDGE_LOOP ( 'NONE', ( #2070, #631 ) ) ;
#1574 = VERTEX_POINT ( 'NONE', #1912 ) ;
#1575 = ORIENTED_EDGE ( 'NONE', *, *, #2254, .T. ) ;
#1576 = DIRECTION ( 'NONE',  ( 0.000000000000000000, 1.000000000000000000, 0.000000000000000000 ) ) ;
#1577 = EDGE_LOOP ( 'NONE', ( #968, #66, #841, #61 ) ) ;
#1578 = CARTESIAN_POINT ( 'NONE',  ( -68.72117962466492713, 11.00000000000000000, 8.283178284182287854 ) ) ;
#1579 = LINE ( 'NONE', #2118, #1793 ) ;
#1580 = VECTOR ( 'NONE', #2114, 1000.000000000000000 ) ;
#1581 = CARTESIAN_POINT ( 'NONE',  ( -59.83144437281011108, 0.000000000000000000, -22.56032171581770385 ) ) ;
#1582 = ORIENTED_EDGE ( 'NONE', *, *, #2235, .F. ) ;
#1583 = EDGE_CURVE ( 'NONE', #833, #2240, #1739, .T. ) ;
#1584 = ORIENTED_EDGE ( 'NONE', *, *, #299, .F. ) ;
#1585 = CARTESIAN_POINT ( 'NONE',  ( -68.72117962466492713, 0.000000000000000000, -25.91032171581770527 ) ) ;
#1586 = VERTEX_POINT ( 'NONE', #1569 ) ;
#1587 = CARTESIAN_POINT ( 'NONE',  ( 98.27882037533508708, 8.899999999999993250, 12.03317828418229141 ) ) ;
#1588 = DIRECTION ( 'NONE',  ( 0.000000000000000000, 1.000000000000000000, 0.000000000000000000 ) ) ;
#1589 = AXIS2_PLACEMENT_3D ( 'NONE', #1955, #306, #1037 ) ;
#1590 = VECTOR ( 'NONE', #1452, 1000.000000000000000 ) ;
#1591 = DIRECTION ( 'NONE',  ( -0.000000000000000000, 1.000000000000000000, -0.000000000000000000 ) ) ;
#1592 = CIRCLE ( 'NONE', #1089, 3.174999999999998046 ) ;
#1593 = CARTESIAN_POINT ( 'NONE',  ( 13.95706990713460804, 11.00000000000000000, 4.414615909848080832 ) ) ;
#1594 = CARTESIAN_POINT ( 'NONE',  ( 14.77882037533508885, -78.31324267233654268, 4.522801411380283021 ) ) ;
#1595 = EDGE_CURVE ( 'NONE', #1844, #1994, #1617, .T. ) ;
#1596 = EDGE_CURVE ( 'NONE', #1391, #1167, #1387, .T. ) ;
#1597 = ORIENTED_EDGE ( 'NONE', *, *, #15, .F. ) ;
#1598 = DIRECTION ( 'NONE',  ( 0.000000000000000000, -1.000000000000000000, 0.000000000000000000 ) ) ;
#1599 = AXIS2_PLACEMENT_3D ( 'NONE', #1581, #641, #1030 ) ;
#1600 = ORIENTED_EDGE ( 'NONE', *, *, #388, .T. ) ;
#1601 = DIRECTION ( 'NONE',  ( 0.000000000000000000, 1.000000000000000000, 0.000000000000000000 ) ) ;
#1602 = LINE ( 'NONE', #2303, #1804 ) ;
#1603 = DIRECTION ( 'NONE',  ( 0.000000000000000000, 0.000000000000000000, 1.000000000000000000 ) ) ;
#1604 = DIRECTION ( 'NONE',  ( 0.000000000000000000, 1.000000000000000000, 0.000000000000000000 ) ) ;
#1605 = LINE ( 'NONE', #685, #1240 ) ;
#1606 = ORIENTED_EDGE ( 'NONE', *, *, #476, .T. ) ;
#1607 = DIRECTION ( 'NONE',  ( -0.000000000000000000, -1.000000000000000000, 0.000000000000000000 ) ) ;
#1608 = ORIENTED_EDGE ( 'NONE', *, *, #2, .F. ) ;
#1609 = EDGE_CURVE ( 'NONE', #795, #195, #1579, .T. ) ;
#1610 = CARTESIAN_POINT ( 'NONE',  ( 75.56125627580108528, 11.00000000000000000, -25.08571760721365251 ) ) ;
#1611 = DIRECTION ( 'NONE',  ( 0.000000000000000000, 1.000000000000000000, 0.000000000000000000 ) ) ;
#1612 = ADVANCED_FACE ( 'NONE', ( #1365 ), #1935, .F. ) ;
#1613 = ORIENTED_EDGE ( 'NONE', *, *, #930, .F. ) ;
#1614 = DIRECTION ( 'NONE',  ( 0.000000000000000000, 1.000000000000000000, 0.000000000000000000 ) ) ;
#1615 = CARTESIAN_POINT ( 'NONE',  ( 75.56125627580112791, 39.35183283567377543, 9.558574175578112175 ) ) ;
#1616 = CARTESIAN_POINT ( 'NONE',  ( -68.72117962466492713, 8.899999999999993250, 10.38317828418228927 ) ) ;
#1617 = CIRCLE ( 'NONE', #871, 4.649999999999997691 ) ;
#1618 = ORIENTED_EDGE ( 'NONE', *, *, #143, .F. ) ;
#1619 = FACE_OUTER_BOUND ( 'NONE', #1314, .T. ) ;
#1620 = EDGE_LOOP ( 'NONE', ( #991, #1394, #2204, #1706, #1003, #1103, #2283, #1283, #1742 ) ) ;
#1621 = CARTESIAN_POINT ( 'NONE',  ( -59.83144437281011108, 11.00000000000000000, -32.56032171581770740 ) ) ;
#1622 = PLANE ( 'NONE',  #510 ) ;
#1623 = EDGE_CURVE ( 'NONE', #1943, #371, #2147, .T. ) ;
#1624 = ADVANCED_FACE ( 'NONE', ( #1020 ), #1749, .F. ) ;
#1625 = VERTEX_POINT ( 'NONE', #1446 ) ;
#1626 = DIRECTION ( 'NONE',  ( 0.000000000000000000, 0.000000000000000000, 1.000000000000000000 ) ) ;
#1627 = CARTESIAN_POINT ( 'NONE',  ( 75.56125627580112791, 11.00000000000000000, 9.558574175578112175 ) ) ;
#1628 = AXIS2_PLACEMENT_3D ( 'NONE', #1556, #2278, #2291 ) ;
#1629 = VECTOR ( 'NONE', #1449, 999.9999999999998863 ) ;
#1630 = CARTESIAN_POINT ( 'NONE',  ( -68.72117962466492713, 11.00000000000000000, -31.31032171581771451 ) ) ;
#1631 = VECTOR ( 'NONE', #407, 1000.000000000000000 ) ;
#1632 = PLANE ( 'NONE',  #851 ) ;
#1633 = AXIS2_PLACEMENT_3D ( 'NONE', #910, #1611, #1469 ) ;
#1634 = AXIS2_PLACEMENT_3D ( 'NONE', #1393, #483, #821 ) ;
#1635 = ORIENTED_EDGE ( 'NONE', *, *, #1583, .T. ) ;
#1636 = FACE_OUTER_BOUND ( 'NONE', #1323, .T. ) ;
#1637 = ORIENTED_EDGE ( 'NONE', *, *, #2156, .T. ) ;
#1638 = FACE_OUTER_BOUND ( 'NONE', #2268, .T. ) ;
#1639 = DIRECTION ( 'NONE',  ( -0.000000000000000000, -1.000000000000000000, -0.000000000000000000 ) ) ;
#1640 = LOCAL_TIME ( 14, 41, 6.000000000000000000, #1462 ) ;
#1641 = ORIENTED_EDGE ( 'NONE', *, *, #1496, .F. ) ;
#1642 = CARTESIAN_POINT ( 'NONE',  ( 13.95706990713457962, 11.00000000000000000, -19.94175934148349327 ) ) ;
#1643 = PLANE ( 'NONE',  #1126 ) ;
#1644 = ADVANCED_FACE ( 'NONE', ( #1105 ), #1263, .F. ) ;
#1645 = LINE ( 'NONE', #166, #2250 ) ;
#1646 = CC_DESIGN_PERSON_AND_ORGANIZATION_ASSIGNMENT ( #978, #2271, ( #772 ) ) ;
#1647 = EDGE_CURVE ( 'NONE', #588, #1248, #690, .T. ) ;
#1648 = ORIENTED_EDGE ( 'NONE', *, *, #446, .T. ) ;
#1649 = DIRECTION ( 'NONE',  ( 0.000000000000000000, 0.000000000000000000, -1.000000000000000000 ) ) ;
#1650 = EDGE_LOOP ( 'NONE', ( #1357, #1486, #305, #28 ) ) ;
#1651 = FACE_OUTER_BOUND ( 'NONE', #1012, .T. ) ;
#1652 = CARTESIAN_POINT ( 'NONE',  ( -60.22117962466492713, 11.00000000000000000, -11.26357171581770800 ) ) ;
#1653 = EDGE_LOOP ( 'NONE', ( #644, #939 ) ) ;
#1654 = CARTESIAN_POINT ( 'NONE',  ( 98.27882037533508708, 8.899999999999993250, 12.03317828418229141 ) ) ;
#1655 = CARTESIAN_POINT ( 'NONE',  ( -60.22117962466492713, 6.200000000000000178, -11.26357171581770800 ) ) ;
#1656 = LINE ( 'NONE', #376, #2054 ) ;
#1657 = EDGE_CURVE ( 'NONE', #1127, #1299, #1235, .T. ) ;
#1658 = ORIENTED_EDGE ( 'NONE', *, *, #1033, .F. ) ;
#1659 = VERTEX_POINT ( 'NONE', #2336 ) ;
#1660 = CARTESIAN_POINT ( 'NONE',  ( 89.77882037533505866, 11.00000000000000000, -13.51357171581770267 ) ) ;
#1661 = CARTESIAN_POINT ( 'NONE',  ( 72.69337409404587902, 11.00000000000000000, 8.654334397023056624 ) ) ;
#1662 = DIRECTION ( 'NONE',  ( 0.000000000000000000, 0.000000000000000000, -1.000000000000000000 ) ) ;
#1663 = CARTESIAN_POINT ( 'NONE',  ( -72.72117962466491292, 11.00000000000000000, 17.03317828418229141 ) ) ;
#1664 = DATE_AND_TIME ( #1880, #2120 ) ;
#1665 = CARTESIAN_POINT ( 'NONE',  ( 15.60057084353555013, 0.000000000000000000, -19.94175934148350038 ) ) ;
#1666 = VECTOR ( 'NONE', #733, 1000.000000000000000 ) ;
#1667 = ORIENTED_EDGE ( 'NONE', *, *, #884, .F. ) ;
#1668 = AXIS2_PLACEMENT_3D ( 'NONE', #323, #177, #2337 ) ;
#1669 = EDGE_CURVE ( 'NONE', #702, #1893, #1932, .T. ) ;
#1670 = VECTOR ( 'NONE', #765, 1000.000000000000000 ) ;
#1671 = ORIENTED_EDGE ( 'NONE', *, *, #91, .T. ) ;
#1672 = PLANE ( 'NONE',  #2211 ) ;
#1673 = CYLINDRICAL_SURFACE ( 'NONE', #400, 4.649999999999997691 ) ;
#1674 = ORIENTED_EDGE ( 'NONE', *, *, #1470, .F. ) ;
#1675 = PLANE ( 'NONE',  #1047 ) ;
#1676 = DIRECTION ( 'NONE',  ( -0.000000000000000000, -1.000000000000000000, -0.000000000000000000 ) ) ;
#1677 = APPROVAL_ROLE ( '' ) ;
#1678 = DIRECTION ( 'NONE',  ( -0.8191520442889940190, -0.000000000000000000, 0.5735764363510429398 ) ) ;
#1679 = ORIENTED_EDGE ( 'NONE', *, *, #1915, .T. ) ;
#1680 = VECTOR ( 'NONE', #901, 1000.000000000000000 ) ;
#1681 = EDGE_LOOP ( 'NONE', ( #390, #1407, #403, #1755 ) ) ;
#1682 = LINE ( 'NONE', #2241, #1009 ) ;
#1683 = DIRECTION ( 'NONE',  ( 0.000000000000000000, 0.000000000000000000, 1.000000000000000000 ) ) ;
#1684 = ORIENTED_EDGE ( 'NONE', *, *, #2041, .F. ) ;
#1685 = LINE ( 'NONE', #589, #321 ) ;
#1686 = EDGE_CURVE ( 'NONE', #199, #2113, #98, .T. ) ;
#1687 = CARTESIAN_POINT ( 'NONE',  ( 98.27882037533508708, 0.000000000000000000, 12.03317828418229141 ) ) ;
#1688 = CYLINDRICAL_SURFACE ( 'NONE', #591, 3.174999999999997158 ) ;
#1689 = ORIENTED_EDGE ( 'NONE', *, *, #1380, .T. ) ;
#1690 = EDGE_LOOP ( 'NONE', ( #2175, #1385, #1187, #1355 ) ) ;
#1691 = CARTESIAN_POINT ( 'NONE',  ( 13.95706990713460804, -78.31324267233654268, 4.414615909848080832 ) ) ;
#1692 = DIRECTION ( 'NONE',  ( 0.000000000000000000, 1.000000000000000000, 0.000000000000000000 ) ) ;
#1693 = VECTOR ( 'NONE', #687, 1000.000000000000000 ) ;
#1694 = ORIENTED_EDGE ( 'NONE', *, *, #938, .T. ) ;
#1695 = ADVANCED_FACE ( 'NONE', ( #539 ), #1276, .F. ) ;
#1696 = LINE ( 'NONE', #1888, #2239 ) ;
#1697 = ADVANCED_FACE ( 'NONE', ( #8 ), #1077, .F. ) ;
#1698 = EDGE_CURVE ( 'NONE', #958, #1345, #1429, .T. ) ;
#1699 = ORIENTED_EDGE ( 'NONE', *, *, #1306, .T. ) ;
#1700 = CIRCLE ( 'NONE', #660, 1.650000000000002132 ) ;
#1701 = ORIENTED_EDGE ( 'NONE', *, *, #1197, .F. ) ;
#1702 = CARTESIAN_POINT ( 'NONE',  ( 61.73342742812190664, 39.35183283567377543, 15.22469872707218030 ) ) ;
#1703 = FACE_OUTER_BOUND ( 'NONE', #617, .T. ) ;
#1704 = AXIS2_PLACEMENT_3D ( 'NONE', #1109, #13, #1268 ) ;
#1705 = CIRCLE ( 'NONE', #1634, 1.650000000000002132 ) ;
#1706 = ORIENTED_EDGE ( 'NONE', *, *, #1915, .F. ) ;
#1707 = DIRECTION ( 'NONE',  ( 0.000000000000000000, 0.7071067811865483499, 0.7071067811865466846 ) ) ;
#1708 = DIRECTION ( 'NONE',  ( -0.9659258262890699775, -0.000000000000000000, 0.2588190451025145777 ) ) ;
#1709 = PERSON_AND_ORGANIZATION_ROLE ( 'creator' ) ;
#1710 = CIRCLE ( 'NONE', #2371, 4.649999999999997691 ) ;
#1711 = ORIENTED_EDGE ( 'NONE', *, *, #2156, .F. ) ;
#1712 = ORIENTED_EDGE ( 'NONE', *, *, #490, .F. ) ;
#1713 = ADVANCED_FACE ( 'NONE', ( #2164 ), #354, .F. ) ;
#1714 = ORIENTED_EDGE ( 'NONE', *, *, #1596, .T. ) ;
#1715 = DIRECTION ( 'NONE',  ( 0.000000000000000000, 0.000000000000000000, -1.000000000000000000 ) ) ;
#1716 = DIRECTION ( 'NONE',  ( 0.000000000000000000, 0.000000000000000000, 1.000000000000000000 ) ) ;
#1717 = DIRECTION ( 'NONE',  ( -0.000000000000000000, -1.000000000000000000, -0.000000000000000000 ) ) ;
#1718 = LINE ( 'NONE', #1191, #1922 ) ;
#1719 = ORIENTED_EDGE ( 'NONE', *, *, #1945, .F. ) ;
#1720 = EDGE_CURVE ( 'NONE', #1505, #2309, #1837, .T. ) ;
#1721 = VERTEX_POINT ( 'NONE', #883 ) ;
#1722 = DIRECTION ( 'NONE',  ( 0.000000000000000000, 1.000000000000000000, 0.000000000000000000 ) ) ;
#1723 = FACE_BOUND ( 'NONE', #1620, .T. ) ;
#1724 = AXIS2_PLACEMENT_3D ( 'NONE', #1270, #2189, #1980 ) ;
#1725 = ORIENTED_EDGE ( 'NONE', *, *, #902, .T. ) ;
#1726 = LINE ( 'NONE', #454, #1433 ) ;
#1727 = FACE_OUTER_BOUND ( 'NONE', #1106, .T. ) ;
#1728 = DIRECTION ( 'NONE',  ( 0.000000000000000000, 0.000000000000000000, 1.000000000000000000 ) ) ;
#1729 = EDGE_LOOP ( 'NONE', ( #771, #1537, #81, #1482, #1838, #378, #236, #1442, #1549 ) ) ;
#1730 = ORIENTED_EDGE ( 'NONE', *, *, #1078, .F. ) ;
#1731 = ORIENTED_EDGE ( 'NONE', *, *, #219, .T. ) ;
#1732 = CARTESIAN_POINT ( 'NONE',  ( 89.38908512348028523, 0.000000000000000000, -22.56032171581770385 ) ) ;
#1733 = ADVANCED_FACE ( 'NONE', ( #1826 ), #1622, .F. ) ;
#1734 = VECTOR ( 'NONE', #2195, 1000.000000000000000 ) ;
#1735 = AXIS2_PLACEMENT_3D ( 'NONE', #393, #53, #1531 ) ;
#1736 = ORIENTED_EDGE ( 'NONE', *, *, #1319, .F. ) ;
#1737 = APPROVAL ( #2262, 'UNSPECIFIED' ) ;
#1738 = LINE ( 'NONE', #1944, #94 ) ;
#1739 = LINE ( 'NONE', #455, #997 ) ;
#1740 = VECTOR ( 'NONE', #1906, 1000.000000000000000 ) ;
#1741 = DIRECTION ( 'NONE',  ( 0.000000000000000000, 0.000000000000000000, -1.000000000000000000 ) ) ;
#1742 = ORIENTED_EDGE ( 'NONE', *, *, #852, .F. ) ;
#1743 = VERTEX_POINT ( 'NONE', #704 ) ;
#1744 = VECTOR ( 'NONE', #1761, 1000.000000000000000 ) ;
#1745 = ORIENTED_EDGE ( 'NONE', *, *, #1891, .F. ) ;
#1746 = LINE ( 'NONE', #2140, #234 ) ;
#1747 = EDGE_LOOP ( 'NONE', ( #1635, #109, #1736, #2150 ) ) ;
#1748 = CARTESIAN_POINT ( 'NONE',  ( 72.69337409404587902, 11.00000000000000000, -29.18147782865861828 ) ) ;
#1749 = PLANE ( 'NONE',  #741 ) ;
#1750 = EDGE_CURVE ( 'NONE', #1032, #974, #215, .T. ) ;
#1751 = CYLINDRICAL_SURFACE ( 'NONE', #562, 10.00000000000000178 ) ;
#1752 = ORIENTED_EDGE ( 'NONE', *, *, #2203, .T. ) ;
#1753 = ORIENTED_EDGE ( 'NONE', *, *, #1947, .T. ) ;
#1754 = CARTESIAN_POINT ( 'NONE',  ( 89.77882037533505866, 11.00000000000000000, -9.013571715817711549 ) ) ;
#1755 = ORIENTED_EDGE ( 'NONE', *, *, #2041, .T. ) ;
#1756 = DIRECTION ( 'NONE',  ( -0.000000000000000000, -1.000000000000000000, -0.000000000000000000 ) ) ;
#1757 = DIRECTION ( 'NONE',  ( -0.000000000000000000, 1.000000000000000000, -0.000000000000000000 ) ) ;
#1758 = EDGE_CURVE ( 'NONE', #1971, #1213, #2286, .T. ) ;
#1759 = EDGE_CURVE ( 'NONE', #1026, #1175, #923, .T. ) ;
#1760 = EDGE_CURVE ( 'NONE', #688, #2309, #1554, .T. ) ;
#1761 = DIRECTION ( 'NONE',  ( 0.000000000000000000, -1.000000000000000000, 0.000000000000000000 ) ) ;
#1762 = DIRECTION ( 'NONE',  ( -0.000000000000000000, 1.000000000000000000, -0.000000000000000000 ) ) ;
#1763 = ORIENTED_EDGE ( 'NONE', *, *, #418, .T. ) ;
#1764 = ORIENTED_EDGE ( 'NONE', *, *, #1647, .F. ) ;
#1765 = CARTESIAN_POINT ( 'NONE',  ( -40.26785116162047728, 0.000000000000000000, -25.08571760721363475 ) ) ;
#1766 = ORIENTED_EDGE ( 'NONE', *, *, #1238, .T. ) ;
#1767 = LINE ( 'NONE', #1428, #2282 ) ;
#1768 = CYLINDRICAL_SURFACE ( 'NONE', #2119, 3.174999999999998046 ) ;
#1769 = VECTOR ( 'NONE', #1004, 1000.000000000000000 ) ;
#1770 = AXIS2_PLACEMENT_3D ( 'NONE', #261, #1762, #1960 ) ;
#1771 = AXIS2_PLACEMENT_3D ( 'NONE', #1953, #834, #668 ) ;
#1772 = DIRECTION ( 'NONE',  ( 0.000000000000000000, 1.000000000000000000, 0.000000000000000000 ) ) ;
#1773 = CIRCLE ( 'NONE', #2365, 1.650000000000002132 ) ;
#1774 = LINE ( 'NONE', #1989, #107 ) ;
#1775 = VECTOR ( 'NONE', #1957, 999.9999999999998863 ) ;
#1776 = DIRECTION ( 'NONE',  ( -0.8191520442889931308, 0.000000000000000000, 0.5735764363510440500 ) ) ;
#1777 = CARTESIAN_POINT ( 'NONE',  ( -60.22117962466492713, 11.00000000000000000, -11.26357171581770800 ) ) ;
#1778 = EDGE_CURVE ( 'NONE', #1320, #63, #1967, .T. ) ;
#1779 = ORIENTED_EDGE ( 'NONE', *, *, #1211, .F. ) ;
#1780 = DIRECTION ( 'NONE',  ( -0.000000000000000000, 1.000000000000000000, -0.000000000000000000 ) ) ;
#1781 = ADVANCED_FACE ( 'NONE', ( #1507 ), #1673, .F. ) ;
#1782 = VERTEX_POINT ( 'NONE', #229 ) ;
#1783 = CARTESIAN_POINT ( 'NONE',  ( 98.27882037533508708, 8.899999999999993250, 12.03317828418229141 ) ) ;
#1784 = DIRECTION ( 'NONE',  ( 0.000000000000000000, 0.000000000000000000, 1.000000000000000000 ) ) ;
#1785 = EDGE_LOOP ( 'NONE', ( #724, #1919, #1372, #1714 ) ) ;
#1786 = CARTESIAN_POINT ( 'NONE',  ( -68.72117962466492713, 8.899999999999993250, -25.91032171581770527 ) ) ;
#1787 = CARTESIAN_POINT ( 'NONE',  ( -72.72117962466491292, 11.00000000000000000, 14.53317828418228963 ) ) ;
#1788 = AXIS2_PLACEMENT_3D ( 'NONE', #578, #1316, #1331 ) ;
#1789 = APPLICATION_PROTOCOL_DEFINITION ( 'international standard', 'config_control_design', 1994, #282 ) ;
#1790 = CARTESIAN_POINT ( 'NONE',  ( 98.27882037533508708, 0.000000000000000000, -27.56032171581770740 ) ) ;
#1791 = ORIENTED_EDGE ( 'NONE', *, *, #1157, .T. ) ;
#1792 = DIRECTION ( 'NONE',  ( 0.000000000000000000, 1.000000000000000000, 0.000000000000000000 ) ) ;
#1793 = VECTOR ( 'NONE', #466, 1000.000000000000000 ) ;
#1794 = EDGE_CURVE ( 'NONE', #1167, #1743, #937, .T. ) ;
#1795 = EDGE_CURVE ( 'NONE', #1505, #1189, #173, .T. ) ;
#1796 = VERTEX_POINT ( 'NONE', #587 ) ;
#1797 = FACE_OUTER_BOUND ( 'NONE', #980, .T. ) ;
#1798 = CARTESIAN_POINT ( 'NONE',  ( 72.69337409404587902, 11.00000000000000000, 13.65433439702305307 ) ) ;
#1799 = EDGE_LOOP ( 'NONE', ( #114, #1791, #33, #2287 ) ) ;
#1800 = CARTESIAN_POINT ( 'NONE',  ( -59.83144437281017503, 11.00000000000000000, 7.033178284182291407 ) ) ;
#1801 = DIRECTION ( 'NONE',  ( 0.000000000000000000, -1.000000000000000000, 0.000000000000000000 ) ) ;
#1802 = AXIS2_PLACEMENT_3D ( 'NONE', #1806, #1792, #524 ) ;
#1803 = FACE_BOUND ( 'NONE', #1807, .T. ) ;
#1804 = VECTOR ( 'NONE', #1399, 1000.000000000000114 ) ;
#1805 = ORIENTED_EDGE ( 'NONE', *, *, #1795, .F. ) ;
#1806 = CARTESIAN_POINT ( 'NONE',  ( 98.27882037533508708, 8.899999999999993250, -27.56032171581770740 ) ) ;
#1807 = EDGE_LOOP ( 'NONE', ( #2290, #484 ) ) ;
#1808 = DIRECTION ( 'NONE',  ( 0.000000000000000000, 0.000000000000000000, -1.000000000000000000 ) ) ;
#1809 = DIRECTION ( 'NONE',  ( 0.000000000000000000, 0.000000000000000000, -1.000000000000000000 ) ) ;
#1810 = ADVANCED_FACE ( 'NONE', ( #2072 ), #382, .F. ) ;
#1811 = ORIENTED_EDGE ( 'NONE', *, *, #1947, .F. ) ;
#1812 = DIRECTION ( 'NONE',  ( 0.000000000000000000, 0.000000000000000000, 1.000000000000000000 ) ) ;
#1813 = CARTESIAN_POINT ( 'NONE',  ( 89.77882037533505866, 11.00000000000000000, -11.26357171581770800 ) ) ;
#1814 = AXIS2_PLACEMENT_3D ( 'NONE', #1234, #2335, #185 ) ;
#1815 = EDGE_CURVE ( 'NONE', #686, #529, #472, .T. ) ;
#1816 = DIRECTION ( 'NONE',  ( 0.000000000000000000, 0.000000000000000000, 1.000000000000000000 ) ) ;
#1817 = CIRCLE ( 'NONE', #1770, 2.249999999999995115 ) ;
#1818 = CARTESIAN_POINT ( 'NONE',  ( 89.38908512348035629, 11.00000000000000000, 17.03317828418229141 ) ) ;
#1819 = CIRCLE ( 'NONE', #780, 3.750000000000003553 ) ;
#1820 = VECTOR ( 'NONE', #1972, 1000.000000000000000 ) ;
#1821 = ORIENTED_EDGE ( 'NONE', *, *, #1216, .F. ) ;
#1822 = FACE_OUTER_BOUND ( 'NONE', #235, .T. ) ;
#1823 = PERSON ( 'UNSPECIFIED', 'UNSPECIFIED', 'UNSPECIFIED', ('UNSPECIFIED'), ('UNSPECIFIED'), ('UNSPECIFIED') ) ;
#1824 = EDGE_LOOP ( 'NONE', ( #1048, #2073, #2319, #2222 ) ) ;
#1825 = CARTESIAN_POINT ( 'NONE',  ( 89.38908512348035629, 11.00000000000000000, 7.033178284182291407 ) ) ;
#1826 = FACE_OUTER_BOUND ( 'NONE', #1298, .T. ) ;
#1827 = VERTEX_POINT ( 'NONE', #611 ) ;
#1828 = CARTESIAN_POINT ( 'NONE',  ( 75.56125627580108528, 0.000000000000000000, -25.08571760721365251 ) ) ;
#1829 = CARTESIAN_POINT ( 'NONE',  ( -72.72117962466492713, 0.000000000000000000, -32.56032171581770740 ) ) ;
#1830 = ADVANCED_FACE ( 'NONE', ( #739 ), #751, .F. ) ;
#1831 = CARTESIAN_POINT ( 'NONE',  ( 14.77882037533506576, -78.31324267233654268, -16.87494484301570097 ) ) ;
#1832 = FACE_BOUND ( 'NONE', #150, .T. ) ;
#1833 = VERTEX_POINT ( 'NONE', #1129 ) ;
#1834 = LINE ( 'NONE', #194, #2359 ) ;
#1835 = ORIENTED_EDGE ( 'NONE', *, *, #363, .F. ) ;
#1836 = DIRECTION ( 'NONE',  ( -0.2588190451025145777, 0.000000000000000000, -0.9659258262890699775 ) ) ;
#1837 = LINE ( 'NONE', #1289, #284 ) ;
#1838 = ORIENTED_EDGE ( 'NONE', *, *, #205, .F. ) ;
#1839 = DIRECTION ( 'NONE',  ( -0.000000000000000000, -1.000000000000000000, -0.000000000000000000 ) ) ;
#1840 = DIRECTION ( 'NONE',  ( 0.5735764363510509334, 0.000000000000000000, -0.8191520442889884679 ) ) ;
#1841 = FACE_BOUND ( 'NONE', #442, .T. ) ;
#1842 = ADVANCED_FACE ( 'NONE', ( #1847 ), #1154, .F. ) ;
#1843 = VECTOR ( 'NONE', #621, 1000.000000000000000 ) ;
#1844 = VERTEX_POINT ( 'NONE', #1517 ) ;
#1845 = ORIENTED_EDGE ( 'NONE', *, *, #504, .T. ) ;
#1846 = DIRECTION ( 'NONE',  ( 8.659560562354930393E-17, 0.7071067811865479058, -0.7071067811865472397 ) ) ;
#1847 = FACE_OUTER_BOUND ( 'NONE', #1824, .T. ) ;
#1848 = ORIENTED_EDGE ( 'NONE', *, *, #553, .F. ) ;
#1849 = DIRECTION ( 'NONE',  ( 0.000000000000000000, 0.000000000000000000, 1.000000000000000000 ) ) ;
#1850 = DIRECTION ( 'NONE',  ( 0.000000000000000000, 0.000000000000000000, 1.000000000000000000 ) ) ;
#1851 = CARTESIAN_POINT ( 'NONE',  ( -70.22117962466492713, 0.000000000000000000, -32.56032171581770740 ) ) ;
#1852 = CIRCLE ( 'NONE', #469, 2.250000000000001776 ) ;
#1853 = AXIS2_PLACEMENT_3D ( 'NONE', #1461, #1432, #874 ) ;
#1854 = AXIS2_PLACEMENT_3D ( 'NONE', #1976, #1137, #758 ) ;
#1855 = VECTOR ( 'NONE', #527, 1000.000000000000000 ) ;
#1856 = ORIENTED_EDGE ( 'NONE', *, *, #329, .F. ) ;
#1857 = VECTOR ( 'NONE', #2137, 1000.000000000000000 ) ;
#1858 = ADVANCED_FACE ( 'NONE', ( #1703 ), #2257, .F. ) ;
#1859 = VERTEX_POINT ( 'NONE', #566 ) ;
#1860 = DIRECTION ( 'NONE',  ( 0.000000000000000000, -1.000000000000000000, 0.000000000000000000 ) ) ;
#1861 = DIRECTION ( 'NONE',  ( 0.000000000000000000, 0.000000000000000000, -1.000000000000000000 ) ) ;
#1862 = ADVANCED_FACE ( 'NONE', ( #30 ), #1301, .F. ) ;
#1863 = PRODUCT_DEFINITION_SHAPE ( 'NONE', 'NONE',  #918 ) ;
#1864 = ORIENTED_EDGE ( 'NONE', *, *, #665, .F. ) ;
#1865 = CARTESIAN_POINT ( 'NONE',  ( 69.82549191229065855, 39.35183283567377543, -25.08571760721364896 ) ) ;
#1866 = DIRECTION ( 'NONE',  ( 0.8191520442889941300, 0.000000000000000000, 0.5735764363510428288 ) ) ;
#1867 = CIRCLE ( 'NONE', #2177, 3.174999999999998046 ) ;
#1868 = CARTESIAN_POINT ( 'NONE',  ( -68.72117962466492713, 8.899999999999993250, -27.56032171581770740 ) ) ;
#1869 = VERTEX_POINT ( 'NONE', #238 ) ;
#1870 = EDGE_CURVE ( 'NONE', #645, #461, #1819, .T. ) ;
#1871 = CYLINDRICAL_SURFACE ( 'NONE', #593, 4.999999999999997335 ) ;
#1872 = ORIENTED_EDGE ( 'NONE', *, *, #1094, .T. ) ;
#1873 = CARTESIAN_POINT ( 'NONE',  ( 55.99766306461145859, 0.000000000000000000, -32.56032171581770740 ) ) ;
#1874 = DIRECTION ( 'NONE',  ( -0.000000000000000000, 1.000000000000000000, -0.000000000000000000 ) ) ;
#1875 = EDGE_CURVE ( 'NONE', #1231, #1406, #1115, .T. ) ;
#1876 = EDGE_CURVE ( 'NONE', #1373, #2101, #762, .T. ) ;
#1877 = ORIENTED_EDGE ( 'NONE', *, *, #143, .T. ) ;
#1878 = CARTESIAN_POINT ( 'NONE',  ( 48.78292781275665391, 11.00000000000000000, -7.763571715817703556 ) ) ;
#1879 = DIRECTION ( 'NONE',  ( -0.000000000000000000, 1.000000000000000000, -0.000000000000000000 ) ) ;
#1880 = CALENDAR_DATE ( 2026, 27, 2 ) ;
#1881 = EDGE_LOOP ( 'NONE', ( #314, #1310, #2116, #1745 ) ) ;
#1882 = VERTEX_POINT ( 'NONE', #65 ) ;
#1883 = DIRECTION ( 'NONE',  ( 0.000000000000000000, -1.000000000000000000, 0.000000000000000000 ) ) ;
#1884 = DIRECTION ( 'NONE',  ( -1.000000000000000000, 0.000000000000000000, -2.798307804009489196E-16 ) ) ;
#1885 = AXIS2_PLACEMENT_3D ( 'NONE', #1993, #892, #2370 ) ;
#1886 = EDGE_CURVE ( 'NONE', #924, #1026, #1402, .T. ) ;
#1887 = LINE ( 'NONE', #240, #1050 ) ;
#1888 = CARTESIAN_POINT ( 'NONE',  ( -72.72117962466492713, 11.00000000000000000, -32.56032171581770740 ) ) ;
#1889 = SHAPE_DEFINITION_REPRESENTATION ( #1863, #419 ) ;
#1890 = CC_DESIGN_APPROVAL ( #389, ( #772 ) ) ;
#1891 = EDGE_CURVE ( 'NONE', #642, #1782, #1478, .T. ) ;
#1892 = ORIENTED_EDGE ( 'NONE', *, *, #1319, .T. ) ;
#1893 = VERTEX_POINT ( 'NONE', #1661 ) ;
#1894 = VECTOR ( 'NONE', #289, 1000.000000000000000 ) ;
#1895 = ORIENTED_EDGE ( 'NONE', *, *, #2057, .F. ) ;
#1896 = DIRECTION ( 'NONE',  ( 0.000000000000000000, 0.000000000000000000, 1.000000000000000000 ) ) ;
#1897 = DIRECTION ( 'NONE',  ( -0.000000000000000000, -1.000000000000000000, -0.000000000000000000 ) ) ;
#1898 = AXIS2_PLACEMENT_3D ( 'NONE', #75, #2266, #674 ) ;
#1899 = CIRCLE ( 'NONE', #1172, 3.750000000000003553 ) ;
#1900 = EDGE_LOOP ( 'NONE', ( #330, #1811, #1600, #1503 ) ) ;
#1901 = CARTESIAN_POINT ( 'NONE',  ( -68.72117962466492713, 0.000000000000000000, -27.56032171581770740 ) ) ;
#1902 = DIRECTION ( 'NONE',  ( -0.000000000000000000, 1.000000000000000000, -0.000000000000000000 ) ) ;
#1903 = ADVANCED_FACE ( 'NONE', ( #1221, #1723, #1200, #993, #1188, #462, #1374, #635 ), #1918, .T. ) ;
#1904 = AXIS2_PLACEMENT_3D ( 'NONE', #2109, #996, #1206 ) ;
#1905 = ORIENTED_EDGE ( 'NONE', *, *, #431, .F. ) ;
#1906 = DIRECTION ( 'NONE',  ( 1.000000000000000000, 0.000000000000000000, 0.000000000000000000 ) ) ;
#1907 = VERTEX_POINT ( 'NONE', #1909 ) ;
#1908 = CARTESIAN_POINT ( 'NONE',  ( 98.27882037533508708, 11.00000000000000000, -31.31032171581771451 ) ) ;
#1909 = CARTESIAN_POINT ( 'NONE',  ( -43.13573334337569776, 0.000000000000000000, 8.654334397023061953 ) ) ;
#1910 = EDGE_LOOP ( 'NONE', ( #2190, #1233, #146, #1220 ) ) ;
#1911 = CARTESIAN_POINT ( 'NONE',  ( -43.13573334337569776, 0.000000000000000000, 13.65433439702306195 ) ) ;
#1912 = CARTESIAN_POINT ( 'NONE',  ( 102.2788203753350729, 0.000000000000000000, 14.53317828418228963 ) ) ;
#1913 = LINE ( 'NONE', #1546, #2261 ) ;
#1914 = VERTEX_POINT ( 'NONE', #2104 ) ;
#1915 = EDGE_CURVE ( 'NONE', #1345, #2004, #1746, .T. ) ;
#1916 = ORIENTED_EDGE ( 'NONE', *, *, #192, .T. ) ;
#1917 = VERTEX_POINT ( 'NONE', #1754 ) ;
#1918 = PLANE ( 'NONE',  #1771 ) ;
#1919 = ORIENTED_EDGE ( 'NONE', *, *, #1396, .T. ) ;
#1920 = CARTESIAN_POINT ( 'NONE',  ( 98.27882037533508708, 0.000000000000000000, -25.91032171581770527 ) ) ;
#1921 = DIRECTION ( 'NONE',  ( -0.000000000000000000, -1.000000000000000000, -0.000000000000000000 ) ) ;
#1922 = VECTOR ( 'NONE', #1757, 1000.000000000000000 ) ;
#1923 = CARTESIAN_POINT ( 'NONE',  ( 55.99766306461145859, 11.00000000000000000, -32.56032171581770740 ) ) ;
#1924 = ORIENTED_EDGE ( 'NONE', *, *, #2099, .T. ) ;
#1925 = EDGE_LOOP ( 'NONE', ( #1264, #1532, #864, #72 ) ) ;
#1926 = ORIENTED_EDGE ( 'NONE', *, *, #120, .F. ) ;
#1927 = FACE_OUTER_BOUND ( 'NONE', #1147, .T. ) ;
#1928 = CIRCLE ( 'NONE', #1814, 10.00000000000000000 ) ;
#1929 = ADVANCED_FACE ( 'NONE', ( #1927 ), #2299, .F. ) ;
#1930 = CIRCLE ( 'NONE', #1435, 2.249999999999995115 ) ;
#1931 = AXIS2_PLACEMENT_3D ( 'NONE', #2328, #2092, #1346 ) ;
#1932 = CIRCLE ( 'NONE', #1519, 4.999999999999995559 ) ;
#1933 = ORIENTED_EDGE ( 'NONE', *, *, #32, .F. ) ;
#1934 = CARTESIAN_POINT ( 'NONE',  ( -26.44002231394127023, 0.000000000000000000, -22.56032171581770385 ) ) ;
#1935 = CYLINDRICAL_SURFACE ( 'NONE', #1066, 4.999999999999995559 ) ;
#1936 = CIRCLE ( 'NONE', #895, 1.650000000000002132 ) ;
#1937 = DIRECTION ( 'NONE',  ( 2.798307804009488703E-16, -0.000000000000000000, -1.000000000000000000 ) ) ;
#1938 = ORIENTED_EDGE ( 'NONE', *, *, #1559, .T. ) ;
#1939 = CIRCLE ( 'NONE', #1212, 4.999999999999995559 ) ;
#1940 = ORIENTED_EDGE ( 'NONE', *, *, #1453, .T. ) ;
#1941 = CARTESIAN_POINT ( 'NONE',  ( 15.60057084353555013, 11.00000000000000000, -19.94175934148350038 ) ) ;
#1942 = EDGE_CURVE ( 'NONE', #1917, #1023, #2321, .T. ) ;
#1943 = VERTEX_POINT ( 'NONE', #273 ) ;
#1944 = CARTESIAN_POINT ( 'NONE',  ( -72.72117962466492713, 11.00000000000000000, -32.56032171581770740 ) ) ;
#1945 = EDGE_CURVE ( 'NONE', #1152, #1189, #122, .T. ) ;
#1946 = CARTESIAN_POINT ( 'NONE',  ( -59.83144437281011108, 0.000000000000000000, -32.56032171581770740 ) ) ;
#1947 = EDGE_CURVE ( 'NONE', #176, #1373, #1388, .T. ) ;
#1948 = CC_DESIGN_PERSON_AND_ORGANIZATION_ASSIGNMENT ( #888, #325, ( #515 ) ) ;
#1949 = DIRECTION ( 'NONE',  ( -0.000000000000000000, -1.000000000000000000, 0.000000000000000000 ) ) ;
#1950 = DIRECTION ( 'NONE',  ( 0.000000000000000000, 0.000000000000000000, 1.000000000000000000 ) ) ;
#1951 = CARTESIAN_POINT ( 'NONE',  ( -56.67845648402030179, 39.35183283567377543, -32.56032171581771451 ) ) ;
#1952 = ORIENTED_EDGE ( 'NONE', *, *, #1583, .F. ) ;
#1953 = CARTESIAN_POINT ( 'NONE',  ( 0.000000000000000000, 11.00000000000000000, 0.000000000000000000 ) ) ;
#1954 = EDGE_LOOP ( 'NONE', ( #612, #822, #1259, #1252 ) ) ;
#1955 = CARTESIAN_POINT ( 'NONE',  ( 48.78292781275665391, -78.31324267233654268, -7.763571715817703556 ) ) ;
#1956 = CARTESIAN_POINT ( 'NONE',  ( -40.26785116162047728, 39.35183283567377543, -25.08571760721363475 ) ) ;
#1957 = DIRECTION ( 'NONE',  ( 0.000000000000000000, 0.7071067811865479058, 0.7071067811865472397 ) ) ;
#1958 = EDGE_CURVE ( 'NONE', #2188, #833, #800, .T. ) ;
#1959 = CARTESIAN_POINT ( 'NONE',  ( 14.77882037533508885, -78.31324267233654268, 1.347801411380284975 ) ) ;
#1960 = DIRECTION ( 'NONE',  ( 0.000000000000000000, 0.000000000000000000, -1.000000000000000000 ) ) ;
#1961 = CARTESIAN_POINT ( 'NONE',  ( 89.77882037533505866, 6.200000000000000178, -11.26357171581770800 ) ) ;
#1962 = EDGE_CURVE ( 'NONE', #773, #588, #541, .T. ) ;
#1963 = ORIENTED_EDGE ( 'NONE', *, *, #1211, .T. ) ;
#1964 = DIRECTION ( 'NONE',  ( -0.000000000000000000, -1.000000000000000000, -0.000000000000000000 ) ) ;
#1965 = ORIENTED_EDGE ( 'NONE', *, *, #2366, .T. ) ;
#1966 = CYLINDRICAL_SURFACE ( 'NONE', #1282, 2.249999999999995115 ) ;
#1967 = LINE ( 'NONE', #320, #2361 ) ;
#1968 = VECTOR ( 'NONE', #1318, 1000.000000000000000 ) ;
#1969 = AXIS2_PLACEMENT_3D ( 'NONE', #1337, #1883, #909 ) ;
#1970 = AXIS2_PLACEMENT_3D ( 'NONE', #343, #499, #898 ) ;
#1971 = VERTEX_POINT ( 'NONE', #2128 ) ;
#1972 = DIRECTION ( 'NONE',  ( -0.000000000000000000, -1.000000000000000000, -0.000000000000000000 ) ) ;
#1973 = CARTESIAN_POINT ( 'NONE',  ( 89.38908512348035629, 0.000000000000000000, 17.03317828418229141 ) ) ;
#1974 = VECTOR ( 'NONE', #1839, 1000.000000000000000 ) ;
#1975 = AXIS2_PLACEMENT_3D ( 'NONE', #1878, #1134, #569 ) ;
#1976 = CARTESIAN_POINT ( 'NONE',  ( 13.95706990713460804, -78.31324267233654268, 4.414615909848080832 ) ) ;
#1977 = EDGE_CURVE ( 'NONE', #1167, #1086, #112, .T. ) ;
#1978 = EDGE_CURVE ( 'NONE', #425, #561, #2115, .T. ) ;
#1979 = VERTEX_POINT ( 'NONE', #2311 ) ;
#1980 = DIRECTION ( 'NONE',  ( 0.000000000000000000, 0.000000000000000000, -1.000000000000000000 ) ) ;
#1981 = CIRCLE ( 'NONE', #1904, 1.650000000000002132 ) ;
#1982 = ORIENTED_EDGE ( 'NONE', *, *, #1464, .T. ) ;
#1983 = DIRECTION ( 'NONE',  ( 0.000000000000000000, -1.000000000000000000, 0.000000000000000000 ) ) ;
#1984 = CARTESIAN_POINT ( 'NONE',  ( -60.22117962466492713, 6.200000000000000178, -11.26357171581770800 ) ) ;
#1985 = ORIENTED_EDGE ( 'NONE', *, *, #1496, .T. ) ;
#1986 = DIRECTION ( 'NONE',  ( 0.000000000000000000, -1.000000000000000000, 0.000000000000000000 ) ) ;
#1987 = CARTESIAN_POINT ( 'NONE',  ( 15.60057084353555013, -78.31324267233654268, -19.94175934148350038 ) ) ;
#1988 = AXIS2_PLACEMENT_3D ( 'NONE', #745, #2377, #570 ) ;
#1989 = CARTESIAN_POINT ( 'NONE',  ( -72.72117962466492713, 11.00000000000000000, -32.56032171581770740 ) ) ;
#1990 = CARTESIAN_POINT ( 'NONE',  ( 98.27882037533508708, 0.000000000000000000, -27.56032171581770740 ) ) ;
#1991 = ADVANCED_FACE ( 'NONE', ( #2288 ), #100, .F. ) ;
#1992 = VERTEX_POINT ( 'NONE', #1540 ) ;
#1993 = CARTESIAN_POINT ( 'NONE',  ( -68.72117962466492713, 0.000000000000000000, 12.03317828418229141 ) ) ;
#1994 = VERTEX_POINT ( 'NONE', #1395 ) ;
#1995 = DIRECTION ( 'NONE',  ( 0.000000000000000000, 0.000000000000000000, 1.000000000000000000 ) ) ;
#1996 = DIRECTION ( 'NONE',  ( 0.000000000000000000, 0.000000000000000000, -1.000000000000000000 ) ) ;
#1997 = ORIENTED_EDGE ( 'NONE', *, *, #582, .F. ) ;
#1998 = CARTESIAN_POINT ( 'NONE',  ( 98.27882037533508708, 0.000000000000000000, -27.56032171581770740 ) ) ;
#1999 = LINE ( 'NONE', #178, #1680 ) ;
#2000 = APPLICATION_PROTOCOL_DEFINITION ( 'international standard', 'config_control_design', 1994, #198 ) ;
#2001 = AXIS2_PLACEMENT_3D ( 'NONE', #1732, #810, #985 ) ;
#2002 = CARTESIAN_POINT ( 'NONE',  ( -60.22117962466492713, 6.200000000000000178, -11.26357171581770800 ) ) ;
#2003 = VECTOR ( 'NONE', #1902, 1000.000000000000000 ) ;
#2004 = VERTEX_POINT ( 'NONE', #1941 ) ;
#2005 = LINE ( 'NONE', #168, #386 ) ;
#2006 = APPROVAL_PERSON_ORGANIZATION ( #1307, #389, #2039 ) ;
#2007 = ORIENTED_EDGE ( 'NONE', *, *, #1409, .F. ) ;
#2008 = CARTESIAN_POINT ( 'NONE',  ( -26.44002231394127023, 11.00000000000000000, -32.56032171581770740 ) ) ;
#2009 = CARTESIAN_POINT ( 'NONE',  ( 15.60057084353555013, -78.31324267233654268, -19.94175934148350038 ) ) ;
#2010 = EDGE_CURVE ( 'NONE', #199, #1032, #2275, .T. ) ;
#2011 = EDGE_LOOP ( 'NONE', ( #21, #2021, #1024, #667 ) ) ;
#2012 = DIRECTION ( 'NONE',  ( 0.000000000000000000, -1.000000000000000000, 0.000000000000000000 ) ) ;
#2013 = CARTESIAN_POINT ( 'NONE',  ( -56.67845648402030179, 11.00000000000000000, 17.03317828418228785 ) ) ;
#2014 = AXIS2_PLACEMENT_3D ( 'NONE', #2191, #2325, #353 ) ;
#2015 = DIRECTION ( 'NONE',  ( 0.000000000000000000, 0.000000000000000000, 1.000000000000000000 ) ) ;
#2016 = AXIS2_PLACEMENT_3D ( 'NONE', #1790, #2186, #191 ) ;
#2017 = DIRECTION ( 'NONE',  ( -0.000000000000000000, 1.000000000000000000, -0.000000000000000000 ) ) ;
#2018 = AXIS2_PLACEMENT_3D ( 'NONE', #785, #39, #969 ) ;
#2019 = ORIENTED_EDGE ( 'NONE', *, *, #1795, .T. ) ;
#2020 = DIRECTION ( 'NONE',  ( -0.000000000000000000, 1.000000000000000000, -0.000000000000000000 ) ) ;
#2021 = ORIENTED_EDGE ( 'NONE', *, *, #1006, .F. ) ;
#2022 = CARTESIAN_POINT ( 'NONE',  ( 83.65332075996985850, 0.000000000000000000, -30.75184215870764604 ) ) ;
#2023 = CARTESIAN_POINT ( 'NONE',  ( -43.13573334337569776, 11.00000000000000000, 13.65433439702306195 ) ) ;
#2024 = EDGE_CURVE ( 'NONE', #1743, #1343, #474, .T. ) ;
#2025 = ADVANCED_FACE ( 'NONE', ( #1384 ), #1073, .F. ) ;
#2026 = VERTEX_POINT ( 'NONE', #536 ) ;
#2027 = CARTESIAN_POINT ( 'NONE',  ( 98.27882037533508708, 8.899999999999993250, -29.21032171581770953 ) ) ;
#2028 = LINE ( 'NONE', #2013, #506 ) ;
#2029 = DIRECTION ( 'NONE',  ( 0.8191520442889890230, 0.000000000000000000, -0.5735764363510500452 ) ) ;
#2030 = DIRECTION ( 'NONE',  ( -0.000000000000000000, 1.000000000000000000, -0.000000000000000000 ) ) ;
#2031 = ORIENTED_EDGE ( 'NONE', *, *, #161, .F. ) ;
#2032 = CARTESIAN_POINT ( 'NONE',  ( 98.27882037533508708, 0.000000000000000000, -29.21032171581770953 ) ) ;
#2033 = ORIENTED_EDGE ( 'NONE', *, *, #339, .T. ) ;
#2034 = FACE_OUTER_BOUND ( 'NONE', #1095, .T. ) ;
#2035 = DIRECTION ( 'NONE',  ( -0.8191520442889941300, -0.000000000000000000, -0.5735764363510428288 ) ) ;
#2036 = ORIENTED_EDGE ( 'NONE', *, *, #1450, .T. ) ;
#2037 = DIRECTION ( 'NONE',  ( -0.8191520442889931308, -0.000000000000000000, 0.5735764363510440500 ) ) ;
#2038 = CARTESIAN_POINT ( 'NONE',  ( -20.04703753028694990, -78.31324267233654268, -10.83038621428548964 ) ) ;
#2039 = APPROVAL_ROLE ( '' ) ;
#2040 = CARTESIAN_POINT ( 'NONE',  ( -26.44002231394122759, 0.000000000000000000, 17.03317828418229141 ) ) ;
#2041 = EDGE_CURVE ( 'NONE', #383, #845, #1456, .T. ) ;
#2042 = AXIS2_PLACEMENT_3D ( 'NONE', #906, #1607, #1649 ) ;
#2043 = EDGE_CURVE ( 'NONE', #2301, #193, #344, .T. ) ;
#2044 = EDGE_LOOP ( 'NONE', ( #1277, #207, #1679, #1779 ) ) ;
#2045 = ORIENTED_EDGE ( 'NONE', *, *, #1669, .T. ) ;
#2046 = DIRECTION ( 'NONE',  ( -0.000000000000000000, 1.000000000000000000, -0.000000000000000000 ) ) ;
#2047 = DIRECTION ( 'NONE',  ( 0.000000000000000000, 0.000000000000000000, 1.000000000000000000 ) ) ;
#2048 = ORIENTED_EDGE ( 'NONE', *, *, #1396, .F. ) ;
#2049 = DIRECTION ( 'NONE',  ( -0.8191520442889888010, 0.000000000000000000, 0.5735764363510503783 ) ) ;
#2050 = CARTESIAN_POINT ( 'NONE',  ( -59.83144437281017503, 11.00000000000000000, 17.03317828418229141 ) ) ;
#2051 = FACE_OUTER_BOUND ( 'NONE', #1063, .T. ) ;
#2052 = CIRCLE ( 'NONE', #394, 1.650000000000002132 ) ;
#2053 = CIRCLE ( 'NONE', #1853, 10.00000000000000000 ) ;
#2054 = VECTOR ( 'NONE', #697, 1000.000000000000000 ) ;
#2055 = AXIS2_PLACEMENT_3D ( 'NONE', #1984, #158, #1996 ) ;
#2056 = ADVANCED_FACE ( 'NONE', ( #1636 ), #2341, .F. ) ;
#2057 = EDGE_CURVE ( 'NONE', #924, #14, #1087, .T. ) ;
#2058 = VERTEX_POINT ( 'NONE', #1049 ) ;
#2059 = VECTOR ( 'NONE', #563, 1000.000000000000000 ) ;
#2060 = DIRECTION ( 'NONE',  ( 0.000000000000000000, 0.000000000000000000, -1.000000000000000000 ) ) ;
#2061 = ORIENTED_EDGE ( 'NONE', *, *, #540, .T. ) ;
#2062 = DIRECTION ( 'NONE',  ( 0.000000000000000000, 0.000000000000000000, -1.000000000000000000 ) ) ;
#2063 = CARTESIAN_POINT ( 'NONE',  ( 98.27882037533508708, 0.000000000000000000, 10.38317828418228927 ) ) ;
#2064 = ORIENTED_EDGE ( 'NONE', *, *, #2124, .T. ) ;
#2065 = CARTESIAN_POINT ( 'NONE',  ( -70.22117962466492713, 11.00000000000000000, -30.06032171581770740 ) ) ;
#2066 = CARTESIAN_POINT ( 'NONE',  ( 55.99766306461145859, 11.00000000000000000, -22.56032171581770385 ) ) ;
#2067 = COORDINATED_UNIVERSAL_TIME_OFFSET ( 5, 0, .BEHIND. ) ;
#2068 = ORIENTED_EDGE ( 'NONE', *, *, #917, .F. ) ;
#2069 = EDGE_CURVE ( 'NONE', #807, #652, #2005, .T. ) ;
#2070 = ORIENTED_EDGE ( 'NONE', *, *, #1216, .T. ) ;
#2071 = FACE_OUTER_BOUND ( 'NONE', #512, .T. ) ;
#2072 = FACE_OUTER_BOUND ( 'NONE', #2086, .T. ) ;
#2073 = ORIENTED_EDGE ( 'NONE', *, *, #19, .F. ) ;
#2074 = DIRECTION ( 'NONE',  ( -0.000000000000000000, 1.000000000000000000, -0.000000000000000000 ) ) ;
#2075 = CARTESIAN_POINT ( 'NONE',  ( -56.67845648402030179, 0.000000000000000000, -32.56032171581771451 ) ) ;
#2076 = ADVANCED_FACE ( 'NONE', ( #1822 ), #182, .T. ) ;
#2077 = ORIENTED_EDGE ( 'NONE', *, *, #1759, .T. ) ;
#2078 = LINE ( 'NONE', #1162, #317 ) ;
#2079 = ORIENTED_EDGE ( 'NONE', *, *, #256, .T. ) ;
#2080 = CARTESIAN_POINT ( 'NONE',  ( 98.27882037533508708, 11.00000000000000000, -27.56032171581770740 ) ) ;
#2081 = DIRECTION ( 'NONE',  ( -0.000000000000000000, -1.000000000000000000, -0.000000000000000000 ) ) ;
#2082 = ORIENTED_EDGE ( 'NONE', *, *, #1720, .F. ) ;
#2083 = DIRECTION ( 'NONE',  ( 0.000000000000000000, 0.000000000000000000, -1.000000000000000000 ) ) ;
#2084 = EDGE_CURVE ( 'NONE', #193, #1827, #5, .T. ) ;
#2085 = CARTESIAN_POINT ( 'NONE',  ( -26.44002231394127023, 11.00000000000000000, -22.56032171581770385 ) ) ;
#2086 = EDGE_LOOP ( 'NONE', ( #748, #263, #38, #494 ) ) ;
#2087 = AXIS2_PLACEMENT_3D ( 'NONE', #1911, #1190, #994 ) ;
#2088 = DIRECTION ( 'NONE',  ( 0.000000000000000000, -1.000000000000000000, 0.000000000000000000 ) ) ;
#2089 = VECTOR ( 'NONE', #25, 999.9999999999998863 ) ;
#2090 = AXIS2_PLACEMENT_3D ( 'NONE', #575, #2242, #2047 ) ;
#2091 = ORIENTED_EDGE ( 'NONE', *, *, #192, .F. ) ;
#2092 = DIRECTION ( 'NONE',  ( -0.000000000000000000, 1.000000000000000000, -0.000000000000000000 ) ) ;
#2093 = DIRECTION ( 'NONE',  ( 1.000000000000000000, 0.000000000000000000, 0.000000000000000000 ) ) ;
#2094 = VECTOR ( 'NONE', #2074, 1000.000000000000000 ) ;
#2095 = VECTOR ( 'NONE', #1707, 1000.000000000000000 ) ;
#2096 = ORIENTED_EDGE ( 'NONE', *, *, #1367, .T. ) ;
#2097 = CARTESIAN_POINT ( 'NONE',  ( -72.72117962466492713, 0.000000000000000000, -30.06032171581770740 ) ) ;
#2098 = CARTESIAN_POINT ( 'NONE',  ( 72.69337409404587902, 39.35183283567377543, 13.65433439702305307 ) ) ;
#2099 = EDGE_CURVE ( 'NONE', #749, #929, #269, .T. ) ;
#2100 = CARTESIAN_POINT ( 'NONE',  ( 72.69337409404587902, 0.000000000000000000, 8.654334397023056624 ) ) ;
#2101 = VERTEX_POINT ( 'NONE', #508 ) ;
#2102 = CARTESIAN_POINT ( 'NONE',  ( 61.73342742812190664, 11.00000000000000000, 15.22469872707218030 ) ) ;
#2103 = ORIENTED_EDGE ( 'NONE', *, *, #839, .F. ) ;
#2104 = CARTESIAN_POINT ( 'NONE',  ( 49.60467828095714538, 0.000000000000000000, -4.696757217349908586 ) ) ;
#2105 = AXIS2_PLACEMENT_3D ( 'NONE', #779, #1544, #1850 ) ;
#2106 = EDGE_LOOP ( 'NONE', ( #70, #156, #1938, #1877 ) ) ;
#2107 = DIRECTION ( 'NONE',  ( -0.000000000000000000, -1.000000000000000000, -0.000000000000000000 ) ) ;
#2108 = PLANE ( 'NONE',  #1194 ) ;
#2109 = CARTESIAN_POINT ( 'NONE',  ( -68.72117962466492713, 0.000000000000000000, 12.03317828418229141 ) ) ;
#2110 = ORIENTED_EDGE ( 'NONE', *, *, #1875, .T. ) ;
#2111 = ADVANCED_FACE ( 'NONE', ( #1260 ), #132, .F. ) ;
#2112 = EDGE_CURVE ( 'NONE', #835, #1505, #155, .T. ) ;
#2113 = VERTEX_POINT ( 'NONE', #1062 ) ;
#2114 = DIRECTION ( 'NONE',  ( -0.000000000000000000, -1.000000000000000000, -0.000000000000000000 ) ) ;
#2115 = CIRCLE ( 'NONE', #1116, 1.650000000000002132 ) ;
#2116 = ORIENTED_EDGE ( 'NONE', *, *, #356, .T. ) ;
#2117 = DIRECTION ( 'NONE',  ( 0.000000000000000000, -1.000000000000000000, 0.000000000000000000 ) ) ;
#2118 = CARTESIAN_POINT ( 'NONE',  ( 75.56125627580108528, 39.35183283567377543, -25.08571760721365251 ) ) ;
#2119 = AXIS2_PLACEMENT_3D ( 'NONE', #1028, #1038, #625 ) ;
#2120 = LOCAL_TIME ( 14, 41, 6.000000000000000000, #955 ) ;
#2121 = LINE ( 'NONE', #829, #1099 ) ;
#2122 = EDGE_LOOP ( 'NONE', ( #169, #359 ) ) ;
#2123 = CARTESIAN_POINT ( 'NONE',  ( -20.04703753028694635, 11.00000000000000000, -4.696757217349898816 ) ) ;
#2124 = EDGE_CURVE ( 'NONE', #1299, #1992, #2312, .T. ) ;
#2125 = EDGE_CURVE ( 'NONE', #1827, #84, #1072, .T. ) ;
#2126 = ADVANCED_FACE ( 'NONE', ( #1035 ), #460, .F. ) ;
#2127 = ORIENTED_EDGE ( 'NONE', *, *, #867, .F. ) ;
#2128 = CARTESIAN_POINT ( 'NONE',  ( -43.13573334337569776, 11.00000000000000000, 8.654334397023061953 ) ) ;
#2129 = AXIS2_PLACEMENT_3D ( 'NONE', #2343, #1983, #689 ) ;
#2130 = CIRCLE ( 'NONE', #399, 3.750000000000006661 ) ;
#2131 = AXIS2_PLACEMENT_3D ( 'NONE', #602, #1884, #2230 ) ;
#2132 = EDGE_LOOP ( 'NONE', ( #1208, #1711, #124, #585 ) ) ;
#2133 = LINE ( 'NONE', #1920, #1769 ) ;
#2134 = DIRECTION ( 'NONE',  ( 0.000000000000000000, 0.000000000000000000, 1.000000000000000000 ) ) ;
#2135 = CIRCLE ( 'NONE', #2018, 10.00000000000000000 ) ;
#2136 = CARTESIAN_POINT ( 'NONE',  ( -43.13573334337569776, 0.000000000000000000, 13.65433439702306195 ) ) ;
#2137 = DIRECTION ( 'NONE',  ( -0.000000000000000000, -1.000000000000000000, -0.000000000000000000 ) ) ;
#2138 = CIRCLE ( 'NONE', #824, 10.00000000000000000 ) ;
#2139 = VERTEX_POINT ( 'NONE', #1765 ) ;
#2140 = CARTESIAN_POINT ( 'NONE',  ( 15.60057084353555013, 11.00000000000000000, -19.94175934148350038 ) ) ;
#2141 = EDGE_LOOP ( 'NONE', ( #1382, #622, #760, #1287 ) ) ;
#2142 = ADVANCED_FACE ( 'NONE', ( #854 ), #878, .T. ) ;
#2143 = DIRECTION ( 'NONE',  ( 0.000000000000000000, -1.000000000000000000, 0.000000000000000000 ) ) ;
#2144 = DIRECTION ( 'NONE',  ( 0.000000000000000000, 0.000000000000000000, -1.000000000000000000 ) ) ;
#2145 = ADVANCED_FACE ( 'NONE', ( #1619 ), #579, .F. ) ;
#2146 = CARTESIAN_POINT ( 'NONE',  ( 14.77882037533508885, 11.00000000000000000, 1.347801411380284975 ) ) ;
#2147 = CIRCLE ( 'NONE', #377, 10.00000000000000000 ) ;
#2148 = CYLINDRICAL_SURFACE ( 'NONE', #1931, 1.650000000000002132 ) ;
#2149 = CARTESIAN_POINT ( 'NONE',  ( 61.73342742812188533, 0.000000000000000000, -30.75184215870764604 ) ) ;
#2150 = ORIENTED_EDGE ( 'NONE', *, *, #1958, .T. ) ;
#2151 = DIRECTION ( 'NONE',  ( 0.000000000000000000, 0.000000000000000000, 1.000000000000000000 ) ) ;
#2152 = ORIENTED_EDGE ( 'NONE', *, *, #2043, .F. ) ;
#2153 = CARTESIAN_POINT ( 'NONE',  ( -54.09568000929967013, 0.000000000000000000, 15.22469872707218386 ) ) ;
#2154 = DIRECTION ( 'NONE',  ( 0.000000000000000000, 1.000000000000000000, 0.000000000000000000 ) ) ;
#2155 = AXIS2_PLACEMENT_3D ( 'NONE', #1025, #655, #452 ) ;
#2156 = EDGE_CURVE ( 'NONE', #693, #2263, #700, .T. ) ;
#2157 = LINE ( 'NONE', #900, #1820 ) ;
#2158 = DIRECTION ( 'NONE',  ( 0.000000000000000000, 0.000000000000000000, 1.000000000000000000 ) ) ;
#2159 = DIRECTION ( 'NONE',  ( 0.000000000000000000, -1.000000000000000000, 0.000000000000000000 ) ) ;
#2160 = ORIENTED_EDGE ( 'NONE', *, *, #989, .F. ) ;
#2161 = DIRECTION ( 'NONE',  ( 0.000000000000000000, 0.000000000000000000, -1.000000000000000000 ) ) ;
#2162 = ORIENTED_EDGE ( 'NONE', *, *, #1453, .F. ) ;
#2163 = LINE ( 'NONE', #1223, #57 ) ;
#2164 = FACE_OUTER_BOUND ( 'NONE', #832, .T. ) ;
#2165 = AXIS2_PLACEMENT_3D ( 'NONE', #2302, #638, #648 ) ;
#2166 = AXIS2_PLACEMENT_3D ( 'NONE', #2170, #518, #731 ) ;
#2167 = CIRCLE ( 'NONE', #433, 1.650000000000002132 ) ;
#2168 = ORIENTED_EDGE ( 'NONE', *, *, #219, .F. ) ;
#2169 = DIRECTION ( 'NONE',  ( 0.000000000000000000, 0.000000000000000000, 1.000000000000000000 ) ) ;
#2170 = CARTESIAN_POINT ( 'NONE',  ( 99.77882037533508708, 0.000000000000000000, -30.06032171581770740 ) ) ;
#2171 = CIRCLE ( 'NONE', #475, 1.650000000000002132 ) ;
#2172 = ADVANCED_FACE ( 'NONE', ( #467 ), #2316, .F. ) ;
#2173 = LINE ( 'NONE', #732, #2294 ) ;
#2174 = FACE_BOUND ( 'NONE', #1383, .T. ) ;
#2175 = ORIENTED_EDGE ( 'NONE', *, *, #1409, .T. ) ;
#2176 = CARTESIAN_POINT ( 'NONE',  ( 83.65332075996984429, 39.35183283567377543, 15.22469872707218563 ) ) ;
#2177 = AXIS2_PLACEMENT_3D ( 'NONE', #456, #1561, #659 ) ;
#2178 = ORIENTED_EDGE ( 'NONE', *, *, #1290, .T. ) ;
#2179 = CARTESIAN_POINT ( 'NONE',  ( -68.72117962466492713, 11.00000000000000000, 15.78317828418229496 ) ) ;
#2180 = DIRECTION ( 'NONE',  ( -0.000000000000000000, -1.000000000000000000, -0.000000000000000000 ) ) ;
#2181 = ORIENTED_EDGE ( 'NONE', *, *, #1198, .T. ) ;
#2182 = DIRECTION ( 'NONE',  ( 0.000000000000000000, 1.000000000000000000, 0.000000000000000000 ) ) ;
#2183 = CARTESIAN_POINT ( 'NONE',  ( -70.22117962466492713, 11.00000000000000000, -32.56032171581770740 ) ) ;
#2184 = VECTOR ( 'NONE', #35, 999.9999999999998863 ) ;
#2185 = CYLINDRICAL_SURFACE ( 'NONE', #860, 3.174999999999997158 ) ;
#2186 = DIRECTION ( 'NONE',  ( -0.000000000000000000, 1.000000000000000000, -0.000000000000000000 ) ) ;
#2187 = ADVANCED_FACE ( 'NONE', ( #1193 ), #804, .F. ) ;
#2188 = VERTEX_POINT ( 'NONE', #1923 ) ;
#2189 = DIRECTION ( 'NONE',  ( 0.000000000000000000, -1.000000000000000000, 0.000000000000000000 ) ) ;
#2190 = ORIENTED_EDGE ( 'NONE', *, *, #1526, .T. ) ;
#2191 = CARTESIAN_POINT ( 'NONE',  ( -43.13573334337569776, 11.00000000000000000, -29.18147782865859696 ) ) ;
#2192 = DIRECTION ( 'NONE',  ( 0.000000000000000000, 0.000000000000000000, 1.000000000000000000 ) ) ;
#2193 = ORIENTED_EDGE ( 'NONE', *, *, #299, .T. ) ;
#2194 = CARTESIAN_POINT ( 'NONE',  ( 75.56125627580108528, 39.35183283567377543, -25.08571760721365251 ) ) ;
#2195 = DIRECTION ( 'NONE',  ( -1.000000000000000000, -0.000000000000000000, -0.000000000000000000 ) ) ;
#2196 = CARTESIAN_POINT ( 'NONE',  ( 89.77882037533505866, 6.200000000000000178, -15.91357171581770480 ) ) ;
#2197 = AXIS2_PLACEMENT_3D ( 'NONE', #315, #1598, #2332 ) ;
#2198 = FACE_BOUND ( 'NONE', #249, .T. ) ;
#2199 = EDGE_CURVE ( 'NONE', #1528, #1350, #255, .T. ) ;
#2200 = ORIENTED_EDGE ( 'NONE', *, *, #989, .T. ) ;
#2201 = DIRECTION ( 'NONE',  ( 0.000000000000000000, 0.000000000000000000, 1.000000000000000000 ) ) ;
#2202 = ADVANCED_FACE ( 'NONE', ( #1182 ), #1751, .T. ) ;
#2203 = EDGE_CURVE ( 'NONE', #136, #14, #1867, .T. ) ;
#2204 = ORIENTED_EDGE ( 'NONE', *, *, #174, .F. ) ;
#2205 = DIRECTION ( 'NONE',  ( 0.000000000000000000, -1.000000000000000000, 0.000000000000000000 ) ) ;
#2206 = CARTESIAN_POINT ( 'NONE',  ( -70.22117962466492713, 11.00000000000000000, -32.56032171581770740 ) ) ;
#2207 = CIRCLE ( 'NONE', #735, 4.999999999999995559 ) ;
#2208 = ORIENTED_EDGE ( 'NONE', *, *, #445, .T. ) ;
#2209 = FACE_OUTER_BOUND ( 'NONE', #380, .T. ) ;
#2210 = DIRECTION ( 'NONE',  ( 0.8191520442889931308, 0.000000000000000000, -0.5735764363510440500 ) ) ;
#2211 = AXIS2_PLACEMENT_3D ( 'NONE', #221, #392, #415 ) ;
#2212 = CARTESIAN_POINT ( 'NONE',  ( -56.67845648402030179, 0.000000000000000000, 17.03317828418228785 ) ) ;
#2213 = CIRCLE ( 'NONE', #664, 4.649999999999997691 ) ;
#2214 = FACE_BOUND ( 'NONE', #555, .T. ) ;
#2215 = AXIS2_PLACEMENT_3D ( 'NONE', #2194, #163, #2348 ) ;
#2216 = ORIENTED_EDGE ( 'NONE', *, *, #1657, .T. ) ;
#2217 = ORIENTED_EDGE ( 'NONE', *, *, #615, .F. ) ;
#2218 = CARTESIAN_POINT ( 'NONE',  ( 89.77882037533505866, 0.000000000000000000, -11.26357171581770800 ) ) ;
#2219 = DIRECTION ( 'NONE',  ( 0.000000000000000000, 0.000000000000000000, -1.000000000000000000 ) ) ;
#2220 = AXIS2_PLACEMENT_3D ( 'NONE', #696, #545, #1816 ) ;
#2221 = EDGE_CURVE ( 'NONE', #84, #1014, #2138, .T. ) ;
#2222 = ORIENTED_EDGE ( 'NONE', *, *, #1122, .T. ) ;
#2223 = LINE ( 'NONE', #2232, #1974 ) ;
#2224 = DIRECTION ( 'NONE',  ( -0.000000000000000000, -1.000000000000000000, -0.000000000000000000 ) ) ;
#2225 = EDGE_CURVE ( 'NONE', #371, #2263, #481, .T. ) ;
#2226 = DIRECTION ( 'NONE',  ( 0.000000000000000000, 0.000000000000000000, -1.000000000000000000 ) ) ;
#2227 = ORIENTED_EDGE ( 'NONE', *, *, #374, .F. ) ;
#2228 = ORIENTED_EDGE ( 'NONE', *, *, #1380, .F. ) ;
#2229 = DIRECTION ( 'NONE',  ( 0.000000000000000000, -1.000000000000000000, 0.000000000000000000 ) ) ;
#2230 = DIRECTION ( 'NONE',  ( -2.798307804009489196E-16, 0.000000000000000000, 1.000000000000000000 ) ) ;
#2231 = ORIENTED_EDGE ( 'NONE', *, *, #2010, .T. ) ;
#2232 = CARTESIAN_POINT ( 'NONE',  ( -43.13573334337569776, 39.35183283567377543, 8.654334397023061953 ) ) ;
#2233 = DIRECTION ( 'NONE',  ( 0.000000000000000000, 0.000000000000000000, 1.000000000000000000 ) ) ;
#2234 = EDGE_CURVE ( 'NONE', #2113, #199, #1981, .T. ) ;
#2235 = EDGE_CURVE ( 'NONE', #1032, #461, #2121, .T. ) ;
#2236 = DIRECTION ( 'NONE',  ( 0.000000000000000000, 0.000000000000000000, 1.000000000000000000 ) ) ;
#2237 = AXIS2_PLACEMENT_3D ( 'NONE', #823, #76, #844 ) ;
#2238 = ORIENTED_EDGE ( 'NONE', *, *, #1186, .T. ) ;
#2239 = VECTOR ( 'NONE', #976, 1000.000000000000000 ) ;
#2240 = VERTEX_POINT ( 'NONE', #1403 ) ;
#2241 = CARTESIAN_POINT ( 'NONE',  ( 98.27882037533508708, 8.899999999999993250, -29.21032171581770953 ) ) ;
#2242 = DIRECTION ( 'NONE',  ( -0.000000000000000000, -1.000000000000000000, -0.000000000000000000 ) ) ;
#2243 = DESIGN_CONTEXT ( 'detailed design', #282, 'design' ) ;
#2244 = VERTEX_POINT ( 'NONE', #1572 ) ;
#2245 = FACE_OUTER_BOUND ( 'NONE', #1124, .T. ) ;
#2246 = CARTESIAN_POINT ( 'NONE',  ( 59.15065095340126788, 39.35183283567377543, -32.56032171581770740 ) ) ;
#2247 = DATE_TIME_ROLE ( 'classification_date' ) ;
#2248 = VECTOR ( 'NONE', #716, 1000.000000000000000 ) ;
#2249 = EDGE_CURVE ( 'NONE', #919, #2324, #1710, .T. ) ;
#2250 = VECTOR ( 'NONE', #560, 1000.000000000000000 ) ;
#2251 = AXIS2_PLACEMENT_3D ( 'NONE', #416, #1494, #960 ) ;
#2252 = ORIENTED_EDGE ( 'NONE', *, *, #1720, .T. ) ;
#2253 = AXIS2_PLACEMENT_3D ( 'NONE', #543, #683, #1096 ) ;
#2254 = EDGE_CURVE ( 'NONE', #1574, #2058, #1913, .T. ) ;
#2255 = VERTEX_POINT ( 'NONE', #277 ) ;
#2256 = DIRECTION ( 'NONE',  ( 0.000000000000000000, -1.000000000000000000, 0.000000000000000000 ) ) ;
#2257 = CYLINDRICAL_SURFACE ( 'NONE', #628, 5.000000000000000888 ) ;
#2258 = VERTEX_POINT ( 'NONE', #300 ) ;
#2259 = LINE ( 'NONE', #604, #2095 ) ;
#2260 = DIRECTION ( 'NONE',  ( -0.5735764363510428288, 0.000000000000000000, 0.8191520442889941300 ) ) ;
#2261 = VECTOR ( 'NONE', #1937, 1000.000000000000000 ) ;
#2262 = APPROVAL_STATUS ( 'not_yet_approved' ) ;
#2263 = VERTEX_POINT ( 'NONE', #1414 ) ;
#2264 = EDGE_CURVE ( 'NONE', #1979, #1051, #903, .T. ) ;
#2265 = ORIENTED_EDGE ( 'NONE', *, *, #1186, .F. ) ;
#2266 = DIRECTION ( 'NONE',  ( -0.000000000000000000, 1.000000000000000000, -0.000000000000000000 ) ) ;
#2267 = DIRECTION ( 'NONE',  ( 0.8191520442889888010, 0.000000000000000000, -0.5735764363510503783 ) ) ;
#2268 = EDGE_LOOP ( 'NONE', ( #365, #718, #2265, #547 ) ) ;
#2269 = DIRECTION ( 'NONE',  ( -0.000000000000000000, 1.000000000000000000, -0.000000000000000000 ) ) ;
#2270 = DIRECTION ( 'NONE',  ( -0.000000000000000000, 1.000000000000000000, -0.000000000000000000 ) ) ;
#2271 = PERSON_AND_ORGANIZATION_ROLE ( 'classification_officer' ) ;
#2272 = ORIENTED_EDGE ( 'NONE', *, *, #1557, .T. ) ;
#2273 = EDGE_LOOP ( 'NONE', ( #1515, #1694 ) ) ;
#2274 = DIRECTION ( 'NONE',  ( -0.000000000000000000, -1.000000000000000000, -0.000000000000000000 ) ) ;
#2275 = LINE ( 'NONE', #1566, #1843 ) ;
#2276 = EDGE_CURVE ( 'NONE', #1014, #1336, #92, .T. ) ;
#2277 = ORIENTED_EDGE ( 'NONE', *, *, #522, .F. ) ;
#2278 = DIRECTION ( 'NONE',  ( 0.000000000000000000, -1.000000000000000000, 0.000000000000000000 ) ) ;
#2279 = DIRECTION ( 'NONE',  ( 0.000000000000000000, 0.000000000000000000, -1.000000000000000000 ) ) ;
#2280 = CARTESIAN_POINT ( 'NONE',  ( 89.38908512348035629, 11.00000000000000000, 17.03317828418229141 ) ) ;
#2281 = ORIENTED_EDGE ( 'NONE', *, *, #1686, .F. ) ;
#2282 = VECTOR ( 'NONE', #857, 1000.000000000000000 ) ;
#2283 = ORIENTED_EDGE ( 'NONE', *, *, #2264, .F. ) ;
#2284 = VECTOR ( 'NONE', #2224, 1000.000000000000000 ) ;
#2285 = CIRCLE ( 'NONE', #1480, 1.650000000000002132 ) ;
#2286 = CIRCLE ( 'NONE', #818, 4.999999999999999112 ) ;
#2287 = ORIENTED_EDGE ( 'NONE', *, *, #1557, .F. ) ;
#2288 = FACE_OUTER_BOUND ( 'NONE', #1785, .T. ) ;
#2289 = VECTOR ( 'NONE', #1563, 1000.000000000000000 ) ;
#2290 = ORIENTED_EDGE ( 'NONE', *, *, #2234, .T. ) ;
#2291 = DIRECTION ( 'NONE',  ( 0.000000000000000000, 0.000000000000000000, -1.000000000000000000 ) ) ;
#2292 = CARTESIAN_POINT ( 'NONE',  ( 89.77882037533505866, 6.200000000000000178, -13.51357171581770267 ) ) ;
#2293 = EDGE_CURVE ( 'NONE', #1992, #525, #491, .T. ) ;
#2294 = VECTOR ( 'NONE', #1474, 1000.000000000000114 ) ;
#2295 = EDGE_CURVE ( 'NONE', #1882, #777, #80, .T. ) ;
#2296 = ORIENTED_EDGE ( 'NONE', *, *, #2199, .T. ) ;
#2297 = ORIENTED_EDGE ( 'NONE', *, *, #828, .F. ) ;
#2298 = EDGE_LOOP ( 'NONE', ( #1712, #1731, #990, #891 ) ) ;
#2299 = PLANE ( 'NONE',  #2155 ) ;
#2300 = VECTOR ( 'NONE', #2270, 1000.000000000000000 ) ;
#2301 = VERTEX_POINT ( 'NONE', #2100 ) ;
#2302 = CARTESIAN_POINT ( 'NONE',  ( 89.77882037533505866, 6.200000000000000178, -11.26357171581770800 ) ) ;
#2303 = CARTESIAN_POINT ( 'NONE',  ( 13.95706990713460804, 0.000000000000000000, 4.414615909848080832 ) ) ;
#2304 = ADVANCED_FACE ( 'NONE', ( #447 ), #2185, .F. ) ;
#2305 = EDGE_CURVE ( 'NONE', #1844, #2324, #519, .T. ) ;
#2306 = EDGE_CURVE ( 'NONE', #1112, #777, #480, .T. ) ;
#2307 = DIRECTION ( 'NONE',  ( 0.000000000000000000, 1.000000000000000000, 0.000000000000000000 ) ) ;
#2308 = ORIENTED_EDGE ( 'NONE', *, *, #1623, .T. ) ;
#2309 = VERTEX_POINT ( 'NONE', #1630 ) ;
#2310 = ORIENTED_EDGE ( 'NONE', *, *, #458, .T. ) ;
#2311 = CARTESIAN_POINT ( 'NONE',  ( 14.77882037533508885, 11.00000000000000000, 4.522801411380283021 ) ) ;
#2312 = CIRCLE ( 'NONE', #1271, 2.499999999999998668 ) ;
#2313 = ORIENTED_EDGE ( 'NONE', *, *, #1021, .F. ) ;
#2314 = CARTESIAN_POINT ( 'NONE',  ( 48.78292781275665391, 0.000000000000000000, -7.763571715817703556 ) ) ;
#2315 = LINE ( 'NONE', #2326, #463 ) ;
#2316 = CYLINDRICAL_SURFACE ( 'NONE', #202, 3.174999999999998046 ) ;
#2317 = EDGE_CURVE ( 'NONE', #529, #1248, #1774, .T. ) ;
#2318 = CARTESIAN_POINT ( 'NONE',  ( -32.17578667745171117, 0.000000000000000000, -30.75184215870763893 ) ) ;
#2319 = ORIENTED_EDGE ( 'NONE', *, *, #1945, .T. ) ;
#2320 = ORIENTED_EDGE ( 'NONE', *, *, #594, .T. ) ;
#2321 = LINE ( 'NONE', #441, #1580 ) ;
#2322 = ADVANCED_FACE ( 'NONE', ( #1280 ), #787, .F. ) ;
#2323 = AXIS2_PLACEMENT_3D ( 'NONE', #2002, #2017, #2226 ) ;
#2324 = VERTEX_POINT ( 'NONE', #12 ) ;
#2325 = DIRECTION ( 'NONE',  ( -0.000000000000000000, -1.000000000000000000, -0.000000000000000000 ) ) ;
#2326 = CARTESIAN_POINT ( 'NONE',  ( -54.09568000929967013, 39.35183283567377543, 15.22469872707218386 ) ) ;
#2327 = DIRECTION ( 'NONE',  ( -0.000000000000000000, 1.000000000000000000, -0.000000000000000000 ) ) ;
#2328 = CARTESIAN_POINT ( 'NONE',  ( 98.27882037533508708, 0.000000000000000000, 12.03317828418229141 ) ) ;
#2329 = DIRECTION ( 'NONE',  ( 0.000000000000000000, 0.000000000000000000, -1.000000000000000000 ) ) ;
#2330 = APPROVAL_PERSON_ORGANIZATION ( #606, #1737, #1677 ) ;
#2331 = EDGE_LOOP ( 'NONE', ( #1101, #523, #1178, #933 ) ) ;
#2332 = DIRECTION ( 'NONE',  ( 0.000000000000000000, 0.000000000000000000, -1.000000000000000000 ) ) ;
#2333 = EDGE_CURVE ( 'NONE', #1914, #2255, #2173, .T. ) ;
#2334 = ORIENTED_EDGE ( 'NONE', *, *, #838, .T. ) ;
#2335 = DIRECTION ( 'NONE',  ( -0.000000000000000000, -1.000000000000000000, -0.000000000000000000 ) ) ;
#2336 = CARTESIAN_POINT ( 'NONE',  ( -46.00361552513092533, 0.000000000000000000, -25.08571760721363120 ) ) ;
#2337 = DIRECTION ( 'NONE',  ( 0.000000000000000000, 0.000000000000000000, -1.000000000000000000 ) ) ;
#2338 =( NAMED_UNIT ( * ) SI_UNIT ( $, .STERADIAN. ) SOLID_ANGLE_UNIT ( ) );
#2339 = CARTESIAN_POINT ( 'NONE',  ( -60.22117962466492713, 11.00000000000000000, -9.013571715817704444 ) ) ;
#2340 = EDGE_LOOP ( 'NONE', ( #464, #1538, #2200, #2216 ) ) ;
#2341 = CYLINDRICAL_SURFACE ( 'NONE', #1885, 1.650000000000002132 ) ;
#2342 = ORIENTED_EDGE ( 'NONE', *, *, #902, .F. ) ;
#2343 = CARTESIAN_POINT ( 'NONE',  ( 99.77882037533508708, 11.00000000000000000, -30.06032171581770740 ) ) ;
#2344 = DIRECTION ( 'NONE',  ( 0.9659258262890699775, 0.000000000000000000, -0.2588190451025145777 ) ) ;
#2345 = EDGE_CURVE ( 'NONE', #603, #278, #861, .T. ) ;
#2346 = VECTOR ( 'NONE', #304, 1000.000000000000000 ) ;
#2347 = ORIENTED_EDGE ( 'NONE', *, *, #2, .T. ) ;
#2348 = DIRECTION ( 'NONE',  ( 0.8191520442889940190, 0.000000000000000000, -0.5735764363510429398 ) ) ;
#2349 = CARTESIAN_POINT ( 'NONE',  ( -56.67845648402030179, 11.00000000000000000, -32.56032171581771451 ) ) ;
#2350 = AXIS2_PLACEMENT_3D ( 'NONE', #307, #1588, #126 ) ;
#2351 = CALENDAR_DATE ( 2026, 27, 2 ) ;
#2352 = CARTESIAN_POINT ( 'NONE',  ( 69.82549191229061591, 39.35183283567377543, 9.558574175578112175 ) ) ;
#2353 = EDGE_LOOP ( 'NONE', ( #181, #27, #654, #184 ) ) ;
#2354 = DIRECTION ( 'NONE',  ( 0.000000000000000000, 1.000000000000000000, 0.000000000000000000 ) ) ;
#2355 = ORIENTED_EDGE ( 'NONE', *, *, #2125, .T. ) ;
#2356 = LINE ( 'NONE', #1458, #1400 ) ;
#2357 = DIRECTION ( 'NONE',  ( 0.000000000000000000, 0.000000000000000000, 1.000000000000000000 ) ) ;
#2358 = VECTOR ( 'NONE', #1052, 1000.000000000000000 ) ;
#2359 = VECTOR ( 'NONE', #920, 1000.000000000000000 ) ;
#2360 = AXIS2_PLACEMENT_3D ( 'NONE', #7, #1468, #29 ) ;
#2361 = VECTOR ( 'NONE', #2035, 1000.000000000000227 ) ;
#2362 = ORIENTED_EDGE ( 'NONE', *, *, #1669, .F. ) ;
#2363 = CARTESIAN_POINT ( 'NONE',  ( -68.72117962466492713, 0.000000000000000000, 10.38317828418228927 ) ) ;
#2364 = DIRECTION ( 'NONE',  ( 0.000000000000000000, 0.000000000000000000, -1.000000000000000000 ) ) ;
#2365 = AXIS2_PLACEMENT_3D ( 'NONE', #1998, #1614, #2169 ) ;
#2366 = EDGE_CURVE ( 'NONE', #1893, #1274, #1939, .T. ) ;
#2367 = DIRECTION ( 'NONE',  ( -0.000000000000000000, 1.000000000000000000, -0.000000000000000000 ) ) ;
#2368 = DIRECTION ( 'NONE',  ( 0.2588190451025139116, 0.000000000000000000, 0.9659258262890700886 ) ) ;
#2369 = ORIENTED_EDGE ( 'NONE', *, *, #2333, .T. ) ;
#2370 = DIRECTION ( 'NONE',  ( 0.000000000000000000, 0.000000000000000000, 1.000000000000000000 ) ) ;
#2371 = AXIS2_PLACEMENT_3D ( 'NONE', #1389, #673, #1741 ) ;
#2372 = ORIENTED_EDGE ( 'NONE', *, *, #2305, .F. ) ;
#2373 = CARTESIAN_POINT ( 'NONE',  ( -60.22117962466492713, 6.200000000000000178, -13.51357171581770977 ) ) ;
#2374 = DIRECTION ( 'NONE',  ( -0.000000000000000000, -1.000000000000000000, -0.000000000000000000 ) ) ;
#2375 = ORIENTED_EDGE ( 'NONE', *, *, #476, .F. ) ;
#2376 = LINE ( 'NONE', #1786, #1775 ) ;
#2377 = DIRECTION ( 'NONE',  ( 0.000000000000000000, 1.000000000000000000, 0.000000000000000000 ) ) ;
#2378 = ADVANCED_FACE ( 'NONE', ( #1451 ), #559, .T. ) ;
ENDSEC;
END-ISO-10303-21;
