ISO-10303-21;
HEADER;
FILE_DESCRIPTION (( 'STEP AP203' ),
    '1' );
FILE_NAME ('PSU Side Mount 1 wCutout.STEP',
    '2026-06-10T16:07:31',
    ( '' ),
    ( '' ),
    'SwSTEP 2.0',
    'SolidWorks 2025',
    '' );
FILE_SCHEMA (( 'CONFIG_CONTROL_DESIGN' ));
ENDSEC;

DATA;
#1 = CARTESIAN_POINT ( 'NONE',  ( 63.30136078930298282, 0.000000000000000000, 27.93967828418229971 ) ) ;
#2 = ORIENTED_EDGE ( 'NONE', *, *, #1479, .F. ) ;
#3 = LINE ( 'NONE', #911, #851 ) ;
#4 = EDGE_CURVE ( 'NONE', #1971, #1889, #211, .T. ) ;
#5 = ADVANCED_FACE ( 'NONE', ( #1014 ), #1046, .T. ) ;
#6 = EDGE_CURVE ( 'NONE', #996, #2463, #2026, .T. ) ;
#7 = ORIENTED_EDGE ( 'NONE', *, *, #217, .F. ) ;
#8 = DIRECTION ( 'NONE',  ( -0.6755902076156587999, 0.000000000000000000, -0.7372773368101254166 ) ) ;
#9 = ORIENTED_EDGE ( 'NONE', *, *, #416, .F. ) ;
#10 = DIRECTION ( 'NONE',  ( 0.7348034446274878118, 0.000000000000000000, -0.6782801027330659371 ) ) ;
#11 = AXIS2_PLACEMENT_3D ( 'NONE', #2199, #2411, #1643 ) ;
#12 = ORIENTED_EDGE ( 'NONE', *, *, #2698, .T. ) ;
#13 = DIRECTION ( 'NONE',  ( -0.7348034446274878118, 0.000000000000000000, 0.6782801027330659371 ) ) ;
#14 = CONICAL_SURFACE ( 'NONE', #843, 1.799999999999996048, 0.7853981633974536081 ) ;
#15 = LINE ( 'NONE', #776, #2181 ) ;
#16 = CARTESIAN_POINT ( 'NONE',  ( 11.06204168592840453, 0.000000000000000000, 16.78287162620760853 ) ) ;
#17 = VERTEX_POINT ( 'NONE', #374 ) ;
#18 = CIRCLE ( 'NONE', #2462, 2.500000000000000444 ) ;
#19 = CARTESIAN_POINT ( 'NONE',  ( 89.77882037533504445, 6.200000000000000178, -8.060321715817705623 ) ) ;
#20 = AXIS2_PLACEMENT_3D ( 'NONE', #924, #2390, #2217 ) ;
#21 = ADVANCED_FACE ( 'NONE', ( #1462 ), #1216, .F. ) ;
#22 = DIRECTION ( 'NONE',  ( 0.000000000000000000, 1.000000000000000000, 0.000000000000000000 ) ) ;
#23 = ORIENTED_EDGE ( 'NONE', *, *, #2485, .T. ) ;
#24 = FACE_OUTER_BOUND ( 'NONE', #50, .T. ) ;
#25 = CIRCLE ( 'NONE', #1714, 2.499999999999998668 ) ;
#26 = EDGE_LOOP ( 'NONE', ( #2000, #1641, #2385, #524 ) ) ;
#27 = EDGE_CURVE ( 'NONE', #2038, #432, #2310, .T. ) ;
#28 = DIRECTION ( 'NONE',  ( 0.000000000000000000, 0.000000000000000000, -1.000000000000000000 ) ) ;
#29 = ADVANCED_FACE ( 'NONE', ( #2070 ), #1698, .F. ) ;
#30 = CARTESIAN_POINT ( 'NONE',  ( 63.30136078930298282, 0.000000000000000000, 27.93967828418229971 ) ) ;
#31 = CARTESIAN_POINT ( 'NONE',  ( -70.22117962466492713, 0.000000000000000000, 37.43967828418229971 ) ) ;
#32 = DIRECTION ( 'NONE',  ( 0.000000000000000000, 0.000000000000000000, 1.000000000000000000 ) ) ;
#33 = EDGE_LOOP ( 'NONE', ( #1472, #272, #1878, #2771 ) ) ;
#34 = CARTESIAN_POINT ( 'NONE',  ( 97.27882037533508708, 11.00000000000000000, 28.53967828418228692 ) ) ;
#35 = CARTESIAN_POINT ( 'NONE',  ( -1.316881637496225999, 0.000000000000000000, 4.339651956952708112 ) ) ;
#36 = DIRECTION ( 'NONE',  ( 0.000000000000000000, 1.000000000000000000, -0.000000000000000000 ) ) ;
#37 = EDGE_LOOP ( 'NONE', ( #247, #1527, #443, #1441 ) ) ;
#38 = DIRECTION ( 'NONE',  ( -0.000000000000000000, 1.000000000000000000, -0.000000000000000000 ) ) ;
#39 = AXIS2_PLACEMENT_3D ( 'NONE', #2288, #2473, #318 ) ;
#40 = EDGE_LOOP ( 'NONE', ( #599, #1089, #2770, #1054, #2062, #2091, #596, #1157, #2326, #1962, #464, #1817, #930, #2551, #1325, #189, #1908, #1082, #1376, #1486, #2519, #135, #1872, #2133, #2402, #1650, #1386, #1589, #1651, #388, #153, #229, #165, #1682, #2683, #65, #703, #889, #2452, #1039 ) ) ;
#41 = CARTESIAN_POINT ( 'NONE',  ( -70.22117962466492713, 11.00000000000000000, -32.56032171581770740 ) ) ;
#42 = EDGE_CURVE ( 'NONE', #1672, #1989, #1976, .T. ) ;
#43 = DIRECTION ( 'NONE',  ( 0.000000000000000000, 1.000000000000000000, -0.000000000000000000 ) ) ;
#44 = FACE_OUTER_BOUND ( 'NONE', #2652, .T. ) ;
#45 = LINE ( 'NONE', #1581, #150 ) ;
#46 = DIRECTION ( 'NONE',  ( 0.000000000000000000, 1.000000000000000000, 0.000000000000000000 ) ) ;
#47 = DIRECTION ( 'NONE',  ( 0.000000000000000000, 1.000000000000000000, 0.000000000000000000 ) ) ;
#48 = PLANE ( 'NONE',  #864 ) ;
#49 = APPLICATION_CONTEXT ( 'configuration controlled 3d designs of mechanical parts and assemblies' ) ;
#50 = EDGE_LOOP ( 'NONE', ( #1665, #12, #2474, #662 ) ) ;
#51 = DIRECTION ( 'NONE',  ( 0.000000000000000000, 0.000000000000000000, 1.000000000000000000 ) ) ;
#52 = VERTEX_POINT ( 'NONE', #1117 ) ;
#53 = ORIENTED_EDGE ( 'NONE', *, *, #446, .F. ) ;
#54 = DIRECTION ( 'NONE',  ( 0.000000000000000000, 1.000000000000000000, 0.000000000000000000 ) ) ;
#55 = EDGE_CURVE ( 'NONE', #2465, #2149, #2597, .T. ) ;
#56 = DIRECTION ( 'NONE',  ( 0.000000000000000000, 1.000000000000000000, 0.000000000000000000 ) ) ;
#57 = AXIS2_PLACEMENT_3D ( 'NONE', #2522, #164, #1652 ) ;
#58 = ADVANCED_FACE ( 'NONE', ( #1729 ), #2801, .F. ) ;
#59 = CARTESIAN_POINT ( 'NONE',  ( 63.30136078930298282, 0.000000000000000000, -23.06032171581770385 ) ) ;
#60 = DIRECTION ( 'NONE',  ( 0.6782801027330661592, 0.000000000000000000, -0.7348034446274875897 ) ) ;
#61 = CARTESIAN_POINT ( 'NONE',  ( 1.183118362503774001, 11.00000000000000000, 4.339651956952708112 ) ) ;
#62 = VECTOR ( 'NONE', #991, 1000.000000000000000 ) ;
#63 = CARTESIAN_POINT ( 'NONE',  ( 63.30136078930298282, 0.000000000000000000, 25.43967828418229971 ) ) ;
#64 = VECTOR ( 'NONE', #480, 1000.000000000000000 ) ;
#65 = ORIENTED_EDGE ( 'NONE', *, *, #731, .T. ) ;
#66 = CARTESIAN_POINT ( 'NONE',  ( 16.80662354570261030, 11.00000000000000000, 14.93967828418229615 ) ) ;
#67 = ORIENTED_EDGE ( 'NONE', *, *, #2209, .T. ) ;
#68 = VERTEX_POINT ( 'NONE', #2586 ) ;
#69 = CIRCLE ( 'NONE', #2426, 2.500000000000000444 ) ;
#70 = DIRECTION ( 'NONE',  ( 0.000000000000000000, 0.000000000000000000, 1.000000000000000000 ) ) ;
#71 = DIRECTION ( 'NONE',  ( 0.000000000000000000, 0.000000000000000000, 1.000000000000000000 ) ) ;
#72 = LINE ( 'NONE', #481, #1354 ) ;
#73 = ADVANCED_FACE ( 'NONE', ( #905 ), #1102, .F. ) ;
#74 = DIRECTION ( 'NONE',  ( -0.000000000000000000, -1.000000000000000000, 0.000000000000000000 ) ) ;
#75 = ORIENTED_EDGE ( 'NONE', *, *, #874, .T. ) ;
#76 = DIRECTION ( 'NONE',  ( 0.000000000000000000, -1.000000000000000000, 0.000000000000000000 ) ) ;
#77 = ORIENTED_EDGE ( 'NONE', *, *, #627, .F. ) ;
#78 = ORIENTED_EDGE ( 'NONE', *, *, #1838, .F. ) ;
#79 = CIRCLE ( 'NONE', #39, 2.499999999999998668 ) ;
#80 = CONICAL_SURFACE ( 'NONE', #2213, 1.799999999999996048, 0.7853981633974536081 ) ;
#81 = AXIS2_PLACEMENT_3D ( 'NONE', #2395, #1949, #2814 ) ;
#82 = CARTESIAN_POINT ( 'NONE',  ( -67.72117962466492713, 0.000000000000000000, -27.56032171581770740 ) ) ;
#83 = DIRECTION ( 'NONE',  ( 0.000000000000000000, -1.000000000000000000, 0.000000000000000000 ) ) ;
#84 = CARTESIAN_POINT ( 'NONE',  ( 97.27882037533508708, 8.900000000000000355, 34.23967828418229686 ) ) ;
#85 = CARTESIAN_POINT ( 'NONE',  ( 50.27882037533510129, 0.000000000000000000, -20.56032171581770740 ) ) ;
#86 = EDGE_CURVE ( 'NONE', #2750, #52, #1990, .T. ) ;
#87 = ORIENTED_EDGE ( 'NONE', *, *, #1869, .F. ) ;
#88 = EDGE_CURVE ( 'NONE', #580, #2593, #1361, .T. ) ;
#89 = DIRECTION ( 'NONE',  ( 0.000000000000000000, 0.000000000000000000, 1.000000000000000000 ) ) ;
#90 = EDGE_CURVE ( 'NONE', #1454, #2695, #650, .T. ) ;
#91 = EDGE_LOOP ( 'NONE', ( #835, #1505, #1533, #312 ) ) ;
#92 = ORIENTED_EDGE ( 'NONE', *, *, #503, .F. ) ;
#93 = FACE_OUTER_BOUND ( 'NONE', #2164, .T. ) ;
#94 = DIRECTION ( 'NONE',  ( 0.000000000000000000, -1.000000000000000000, 0.000000000000000000 ) ) ;
#95 = APPROVAL_DATE_TIME ( #781, #2159 ) ;
#96 = CYLINDRICAL_SURFACE ( 'NONE', #1489, 2.299999999999999822 ) ;
#97 = AXIS2_PLACEMENT_3D ( 'NONE', #201, #1940, #2773 ) ;
#98 = PLANE ( 'NONE',  #2529 ) ;
#99 = AXIS2_PLACEMENT_3D ( 'NONE', #2766, #1055, #2342 ) ;
#100 = VERTEX_POINT ( 'NONE', #2369 ) ;
#101 = DIRECTION ( 'NONE',  ( 0.000000000000000000, -1.000000000000000000, 0.000000000000000000 ) ) ;
#102 = VECTOR ( 'NONE', #950, 1000.000000000000114 ) ;
#103 = EDGE_CURVE ( 'NONE', #297, #468, #1560, .T. ) ;
#104 = EDGE_LOOP ( 'NONE', ( #234, #2304, #77, #1282 ) ) ;
#105 = AXIS2_PLACEMENT_3D ( 'NONE', #243, #2588, #2179 ) ;
#106 = ORIENTED_EDGE ( 'NONE', *, *, #603, .F. ) ;
#107 = DIRECTION ( 'NONE',  ( -0.000000000000000000, -1.000000000000000000, 0.000000000000000000 ) ) ;
#108 = AXIS2_PLACEMENT_3D ( 'NONE', #1842, #753, #2228 ) ;
#109 = EDGE_CURVE ( 'NONE', #1860, #580, #2166, .T. ) ;
#110 = VECTOR ( 'NONE', #10, 1000.000000000000000 ) ;
#111 = ORIENTED_EDGE ( 'NONE', *, *, #2480, .F. ) ;
#112 = FACE_OUTER_BOUND ( 'NONE', #1887, .T. ) ;
#113 = CC_DESIGN_PERSON_AND_ORGANIZATION_ASSIGNMENT ( #2495, #976, ( #1134 ) ) ;
#114 = CIRCLE ( 'NONE', #2513, 2.299999999999993161 ) ;
#115 = CARTESIAN_POINT ( 'NONE',  ( 11.77882037533508175, 0.000000000000000000, -12.56032171581770562 ) ) ;
#116 = CARTESIAN_POINT ( 'NONE',  ( -8.439420295465495769, 11.00000000000000000, -31.89733032738642393 ) ) ;
#117 = AXIS2_PLACEMENT_3D ( 'NONE', #1, #2157, #1523 ) ;
#118 = DIRECTION ( 'NONE',  ( -1.000000000000000000, -0.000000000000000000, -0.000000000000000000 ) ) ;
#119 = CYLINDRICAL_SURFACE ( 'NONE', #124, 2.500000000000000000 ) ;
#120 = VERTEX_POINT ( 'NONE', #1546 ) ;
#121 = VERTEX_POINT ( 'NONE', #444 ) ;
#122 = ORIENTED_EDGE ( 'NONE', *, *, #2268, .F. ) ;
#123 = DIRECTION ( 'NONE',  ( 0.000000000000000000, 1.000000000000000000, 0.000000000000000000 ) ) ;
#124 = AXIS2_PLACEMENT_3D ( 'NONE', #993, #2721, #2497 ) ;
#125 = LINE ( 'NONE', #1877, #269 ) ;
#126 = CARTESIAN_POINT ( 'NONE',  ( 50.27882037533510129, 0.000000000000000000, -20.56032171581770740 ) ) ;
#127 = EDGE_CURVE ( 'NONE', #2811, #580, #430, .T. ) ;
#128 = EDGE_CURVE ( 'NONE', #1399, #852, #2699, .T. ) ;
#129 = DIRECTION ( 'NONE',  ( -0.000000000000000000, -1.000000000000000000, -0.000000000000000000 ) ) ;
#130 = DIRECTION ( 'NONE',  ( -0.000000000000000000, -1.000000000000000000, -0.000000000000000000 ) ) ;
#131 = PLANE ( 'NONE',  #628 ) ;
#132 = CARTESIAN_POINT ( 'NONE',  ( -6.743720038632828206, 0.000000000000000000, -32.56032171581770740 ) ) ;
#133 = ORIENTED_EDGE ( 'NONE', *, *, #605, .T. ) ;
#134 = VERTEX_POINT ( 'NONE', #41 ) ;
#135 = ORIENTED_EDGE ( 'NONE', *, *, #2718, .T. ) ;
#136 = CARTESIAN_POINT ( 'NONE',  ( 16.80662354570261030, 0.000000000000000000, 17.43967828418229615 ) ) ;
#137 = ORIENTED_EDGE ( 'NONE', *, *, #2480, .T. ) ;
#138 = FACE_OUTER_BOUND ( 'NONE', #2585, .T. ) ;
#139 = EDGE_LOOP ( 'NONE', ( #1103, #1655, #2741, #2177 ) ) ;
#140 = EDGE_CURVE ( 'NONE', #2463, #904, #228, .T. ) ;
#141 = DIRECTION ( 'NONE',  ( 0.000000000000000000, 0.000000000000000000, 1.000000000000000000 ) ) ;
#142 = CARTESIAN_POINT ( 'NONE',  ( 97.27882037533508708, 11.00000000000000000, 32.43967828418229971 ) ) ;
#143 = CARTESIAN_POINT ( 'NONE',  ( 0.000000000000000000, 0.000000000000000000, 0.000000000000000000 ) ) ;
#144 = PLANE ( 'NONE',  #1601 ) ;
#145 = ORIENTED_EDGE ( 'NONE', *, *, #2434, .F. ) ;
#146 = CIRCLE ( 'NONE', #57, 4.650000000000003020 ) ;
#147 = VERTEX_POINT ( 'NONE', #2151 ) ;
#148 = ORIENTED_EDGE ( 'NONE', *, *, #815, .T. ) ;
#149 = DIRECTION ( 'NONE',  ( 0.000000000000000000, 1.000000000000000000, 0.000000000000000000 ) ) ;
#150 = VECTOR ( 'NONE', #1150, 1000.000000000000000 ) ;
#151 = ORIENTED_EDGE ( 'NONE', *, *, #750, .F. ) ;
#152 = DIRECTION ( 'NONE',  ( 0.000000000000000000, 0.000000000000000000, -1.000000000000000000 ) ) ;
#153 = ORIENTED_EDGE ( 'NONE', *, *, #1551, .F. ) ;
#154 = CC_DESIGN_APPROVAL ( #718, ( #1795 ) ) ;
#155 = CARTESIAN_POINT ( 'NONE',  ( 30.87452238816638683, 11.00000000000000000, -0.5603217158177106194 ) ) ;
#156 = DIRECTION ( 'NONE',  ( -0.000000000000000000, -1.000000000000000000, -0.000000000000000000 ) ) ;
#157 = CIRCLE ( 'NONE', #1212, 1.799999999999992495 ) ;
#158 = DIRECTION ( 'NONE',  ( 0.6755902076156587999, 0.000000000000000000, -0.7372773368101254166 ) ) ;
#159 = CARTESIAN_POINT ( 'NONE',  ( 16.80662354570261030, 0.000000000000000000, -10.06032171581770562 ) ) ;
#160 = ORIENTED_EDGE ( 'NONE', *, *, #140, .T. ) ;
#161 = EDGE_CURVE ( 'NONE', #2807, #372, #341, .T. ) ;
#162 = AXIS2_PLACEMENT_3D ( 'NONE', #126, #1002, #2727 ) ;
#163 = ORIENTED_EDGE ( 'NONE', *, *, #729, .F. ) ;
#164 = DIRECTION ( 'NONE',  ( 0.000000000000000000, -1.000000000000000000, 0.000000000000000000 ) ) ;
#165 = ORIENTED_EDGE ( 'NONE', *, *, #2170, .F. ) ;
#166 = CYLINDRICAL_SURFACE ( 'NONE', #2352, 2.500000000000000000 ) ;
#167 = VERTEX_POINT ( 'NONE', #2570 ) ;
#168 = ORIENTED_EDGE ( 'NONE', *, *, #1647, .T. ) ;
#169 = DIRECTION ( 'NONE',  ( 0.000000000000000000, 1.000000000000000000, 0.000000000000000000 ) ) ;
#170 = CALENDAR_DATE ( 2026, 10, 6 ) ;
#171 = CARTESIAN_POINT ( 'NONE',  ( 17.77882037533508353, 0.000000000000000000, 17.43967828418229615 ) ) ;
#172 = VECTOR ( 'NONE', #398, 1000.000000000000000 ) ;
#173 = CARTESIAN_POINT ( 'NONE',  ( -21.69863921069704560, 0.000000000000000000, -20.56032171581770740 ) ) ;
#174 = DIRECTION ( 'NONE',  ( -0.000000000000000000, -1.000000000000000000, -0.000000000000000000 ) ) ;
#175 = EDGE_CURVE ( 'NONE', #956, #529, #1507, .T. ) ;
#176 = EDGE_CURVE ( 'NONE', #359, #1950, #890, .T. ) ;
#177 = ORIENTED_EDGE ( 'NONE', *, *, #1127, .F. ) ;
#178 = CARTESIAN_POINT ( 'NONE',  ( 16.80662354570261030, 11.00000000000000000, -12.56032171581770562 ) ) ;
#179 = EDGE_CURVE ( 'NONE', #2232, #1363, #1093, .T. ) ;
#180 = ORIENTED_EDGE ( 'NONE', *, *, #834, .T. ) ;
#181 = DIRECTION ( 'NONE',  ( -1.000000000000000000, -0.000000000000000000, -0.000000000000000000 ) ) ;
#182 = CARTESIAN_POINT ( 'NONE',  ( -48.69863921069705270, 0.000000000000000000, -30.06032171581770740 ) ) ;
#183 = EDGE_LOOP ( 'NONE', ( #1536, #177, #512, #438 ) ) ;
#184 = CARTESIAN_POINT ( 'NONE',  ( 49.56057970453454686, 0.000000000000000000, -21.22331310424898021 ) ) ;
#185 = DATE_AND_TIME ( #1480, #566 ) ;
#186 = DIRECTION ( 'NONE',  ( -0.000000000000000000, 1.000000000000000000, -0.000000000000000000 ) ) ;
#187 = DIRECTION ( 'NONE',  ( 0.000000000000000000, -0.000000000000000000, 1.000000000000000000 ) ) ;
#188 = CARTESIAN_POINT ( 'NONE',  ( -33.74372003863281577, 0.000000000000000000, -23.06032171581770385 ) ) ;
#189 = ORIENTED_EDGE ( 'NONE', *, *, #1604, .T. ) ;
#190 = CARTESIAN_POINT ( 'NONE',  ( -70.22117962466492713, 11.00000000000000000, 34.93967828418229971 ) ) ;
#191 = VECTOR ( 'NONE', #1783, 1000.000000000000000 ) ;
#192 = ORIENTED_EDGE ( 'NONE', *, *, #128, .T. ) ;
#193 = DIRECTION ( 'NONE',  ( 0.000000000000000000, 0.000000000000000000, 1.000000000000000000 ) ) ;
#194 = VECTOR ( 'NONE', #2777, 1000.000000000000000 ) ;
#195 = EDGE_CURVE ( 'NONE', #2463, #2476, #1754, .T. ) ;
#196 = VECTOR ( 'NONE', #1218, 1000.000000000000000 ) ;
#197 = ORIENTED_EDGE ( 'NONE', *, *, #2268, .T. ) ;
#198 = DIRECTION ( 'NONE',  ( -1.000000000000000000, 0.000000000000000000, 0.000000000000000000 ) ) ;
#199 = AXIS2_PLACEMENT_3D ( 'NONE', #1608, #1431, #2284 ) ;
#200 = AXIS2_PLACEMENT_3D ( 'NONE', #213, #1951, #1756 ) ;
#201 = CARTESIAN_POINT ( 'NONE',  ( 63.30136078930298282, 11.00000000000000000, -23.06032171581770385 ) ) ;
#202 = CARTESIAN_POINT ( 'NONE',  ( -1.316881637496225999, 0.000000000000000000, 4.339651956952708112 ) ) ;
#203 = EDGE_LOOP ( 'NONE', ( #1000, #2208, #87, #237 ) ) ;
#204 = LINE ( 'NONE', #644, #2672 ) ;
#205 = AXIS2_PLACEMENT_3D ( 'NONE', #1152, #925, #741 ) ;
#206 = EDGE_LOOP ( 'NONE', ( #2516, #1107, #2096, #122 ) ) ;
#207 = VECTOR ( 'NONE', #118, 1000.000000000000000 ) ;
#208 = CARTESIAN_POINT ( 'NONE',  ( 30.87452238816638683, 11.00000000000000000, 0.5397046114118775328 ) ) ;
#209 = ORIENTED_EDGE ( 'NONE', *, *, #195, .F. ) ;
#210 = DIRECTION ( 'NONE',  ( 0.000000000000000000, 1.000000000000000000, 0.000000000000000000 ) ) ;
#211 = CIRCLE ( 'NONE', #1806, 3.900000000000045652 ) ;
#212 = ORIENTED_EDGE ( 'NONE', *, *, #1634, .F. ) ;
#213 = CARTESIAN_POINT ( 'NONE',  ( -67.72117962466492713, 0.000000000000000000, 32.43967828418229260 ) ) ;
#214 = EDGE_CURVE ( 'NONE', #405, #2435, #241, .T. ) ;
#215 = ADVANCED_FACE ( 'NONE', ( #668 ), #1051, .F. ) ;
#216 = CARTESIAN_POINT ( 'NONE',  ( 97.27882037533508708, 0.000000000000000000, -27.56032171581770740 ) ) ;
#217 = EDGE_CURVE ( 'NONE', #1224, #2079, #1852, .T. ) ;
#218 = CARTESIAN_POINT ( 'NONE',  ( -20.72117962466493424, 11.00000000000000000, 25.43967828418229260 ) ) ;
#219 = ORIENTED_EDGE ( 'NONE', *, *, #1782, .F. ) ;
#220 = DIRECTION ( 'NONE',  ( 0.000000000000000000, -1.000000000000000000, 0.000000000000000000 ) ) ;
#221 = CIRCLE ( 'NONE', #1819, 3.900000000000045652 ) ;
#222 = CIRCLE ( 'NONE', #1948, 1.799999999999989164 ) ;
#223 = VERTEX_POINT ( 'NONE', #449 ) ;
#224 = DIRECTION ( 'NONE',  ( 0.000000000000000000, 1.000000000000000000, 0.000000000000000000 ) ) ;
#225 = EDGE_CURVE ( 'NONE', #1693, #747, #2500, .T. ) ;
#226 = VECTOR ( 'NONE', #1773, 1000.000000000000000 ) ;
#227 = VERTEX_POINT ( 'NONE', #2118 ) ;
#228 = LINE ( 'NONE', #1299, #620 ) ;
#229 = ORIENTED_EDGE ( 'NONE', *, *, #2716, .T. ) ;
#230 = CYLINDRICAL_SURFACE ( 'NONE', #1710, 4.649999999999997691 ) ;
#231 = DIRECTION ( 'NONE',  ( 0.000000000000000000, -1.000000000000000000, 0.000000000000000000 ) ) ;
#232 = EDGE_CURVE ( 'NONE', #52, #2038, #382, .T. ) ;
#233 = LINE ( 'NONE', #1981, #1294 ) ;
#234 = ORIENTED_EDGE ( 'NONE', *, *, #416, .T. ) ;
#235 = DIRECTION ( 'NONE',  ( 0.000000000000000000, 0.000000000000000000, -1.000000000000000000 ) ) ;
#236 = DIRECTION ( 'NONE',  ( -0.000000000000000000, 1.000000000000000000, -0.000000000000000000 ) ) ;
#237 = ORIENTED_EDGE ( 'NONE', *, *, #1535, .F. ) ;
#238 = ADVANCED_FACE ( 'NONE', ( #1035 ), #931, .F. ) ;
#239 = CARTESIAN_POINT ( 'NONE',  ( 11.77882037533508175, 0.000000000000000000, -12.56032171581770562 ) ) ;
#240 = ORIENTED_EDGE ( 'NONE', *, *, #42, .T. ) ;
#241 = LINE ( 'NONE', #2130, #2711 ) ;
#242 = VECTOR ( 'NONE', #1303, 1000.000000000000000 ) ;
#243 = CARTESIAN_POINT ( 'NONE',  ( 1.183118362503774001, 0.000000000000000000, 0.5397046114118816407 ) ) ;
#244 = EDGE_CURVE ( 'NONE', #1553, #1197, #705, .T. ) ;
#245 = CARTESIAN_POINT ( 'NONE',  ( -60.22117962466494134, 0.000000000000000000, -8.060321715817705623 ) ) ;
#246 = LINE ( 'NONE', #1290, #2785 ) ;
#247 = ORIENTED_EDGE ( 'NONE', *, *, #2609, .F. ) ;
#248 = CIRCLE ( 'NONE', #2694, 2.499999999999998668 ) ;
#249 = LINE ( 'NONE', #2377, #2697 ) ;
#250 = LINE ( 'NONE', #265, #1977 ) ;
#251 = CIRCLE ( 'NONE', #108, 1.799999999999992495 ) ;
#252 = CARTESIAN_POINT ( 'NONE',  ( -72.72117962466492713, 0.000000000000000000, -32.56032171581770740 ) ) ;
#253 = VERTEX_POINT ( 'NONE', #1538 ) ;
#254 = EDGE_CURVE ( 'NONE', #819, #2028, #2373, .T. ) ;
#255 = DIRECTION ( 'NONE',  ( 0.000000000000000000, -1.000000000000000000, 0.000000000000000000 ) ) ;
#256 = EDGE_LOOP ( 'NONE', ( #401, #510 ) ) ;
#257 = VECTOR ( 'NONE', #2317, 1000.000000000000000 ) ;
#258 = DIRECTION ( 'NONE',  ( 0.000000000000000000, 1.000000000000000000, 0.000000000000000000 ) ) ;
#259 = PLANE ( 'NONE',  #387 ) ;
#260 = AXIS2_PLACEMENT_3D ( 'NONE', #1534, #2178, #637 ) ;
#261 = FACE_OUTER_BOUND ( 'NONE', #1423, .T. ) ;
#262 = DIRECTION ( 'NONE',  ( -1.000000000000000000, -0.000000000000000000, -0.000000000000000000 ) ) ;
#263 = ORIENTED_EDGE ( 'NONE', *, *, #2412, .F. ) ;
#264 = DIRECTION ( 'NONE',  ( -0.000000000000000000, 1.000000000000000000, -0.000000000000000000 ) ) ;
#265 = CARTESIAN_POINT ( 'NONE',  ( -1.316881637496225999, 11.00000000000000000, 5.439678284182294377 ) ) ;
#266 = FACE_OUTER_BOUND ( 'NONE', #1293, .T. ) ;
#267 = ORIENTED_EDGE ( 'NONE', *, *, #2628, .F. ) ;
#268 = DIRECTION ( 'NONE',  ( 0.000000000000000000, 0.000000000000000000, -1.000000000000000000 ) ) ;
#269 = VECTOR ( 'NONE', #1241, 1000.000000000000000 ) ;
#270 = ADVANCED_FACE ( 'NONE', ( #2601 ), #2333, .T. ) ;
#271 = EDGE_CURVE ( 'NONE', #2113, #2038, #2760, .T. ) ;
#272 = ORIENTED_EDGE ( 'NONE', *, *, #2017, .F. ) ;
#273 = ORIENTED_EDGE ( 'NONE', *, *, #1167, .F. ) ;
#274 = EDGE_CURVE ( 'NONE', #2724, #1301, #868, .T. ) ;
#275 = DIRECTION ( 'NONE',  ( -0.000000000000000000, 1.000000000000000000, -0.000000000000000000 ) ) ;
#276 = DIRECTION ( 'NONE',  ( -0.000000000000000000, 0.000000000000000000, -1.000000000000000000 ) ) ;
#277 = EDGE_CURVE ( 'NONE', #1727, #900, #2361, .T. ) ;
#278 = DIRECTION ( 'NONE',  ( 0.000000000000000000, 0.000000000000000000, -1.000000000000000000 ) ) ;
#279 = FACE_OUTER_BOUND ( 'NONE', #581, .T. ) ;
#280 = DIRECTION ( 'NONE',  ( 0.000000000000000000, -1.000000000000000000, 0.000000000000000000 ) ) ;
#281 = FACE_OUTER_BOUND ( 'NONE', #1669, .T. ) ;
#282 = ORIENTED_EDGE ( 'NONE', *, *, #1632, .F. ) ;
#283 = DIRECTION ( 'NONE',  ( 1.000000000000000000, 0.000000000000000000, 0.000000000000000000 ) ) ;
#284 = ORIENTED_EDGE ( 'NONE', *, *, #1094, .T. ) ;
#285 = VERTEX_POINT ( 'NONE', #2156 ) ;
#286 = DIRECTION ( 'NONE',  ( -0.000000000000000000, -1.000000000000000000, -0.000000000000000000 ) ) ;
#287 = EDGE_CURVE ( 'NONE', #1197, #774, #1062, .T. ) ;
#288 = PLANE ( 'NONE',  #2555 ) ;
#289 = DIRECTION ( 'NONE',  ( -1.000000000000000000, -0.000000000000000000, -0.000000000000000000 ) ) ;
#290 = CYLINDRICAL_SURFACE ( 'NONE', #2109, 2.499999999999998668 ) ;
#291 = CIRCLE ( 'NONE', #2012, 2.499999999999998668 ) ;
#292 = LINE ( 'NONE', #756, #2300 ) ;
#293 = APPROVAL_PERSON_ORGANIZATION ( #2315, #718, #2745 ) ;
#294 = ORIENTED_EDGE ( 'NONE', *, *, #935, .F. ) ;
#295 = AXIS2_PLACEMENT_3D ( 'NONE', #665, #2386, #13 ) ;
#296 = DIRECTION ( 'NONE',  ( 0.000000000000000000, -1.000000000000000000, 0.000000000000000000 ) ) ;
#297 = VERTEX_POINT ( 'NONE', #1705 ) ;
#298 = ORIENTED_EDGE ( 'NONE', *, *, #531, .F. ) ;
#299 = VECTOR ( 'NONE', #702, 1000.000000000000000 ) ;
#300 = LINE ( 'NONE', #1593, #479 ) ;
#301 = ADVANCED_FACE ( 'NONE', ( #625 ), #408, .T. ) ;
#302 = EDGE_CURVE ( 'NONE', #1470, #981, #1277, .T. ) ;
#303 = CARTESIAN_POINT ( 'NONE',  ( -33.74372003863281577, 0.000000000000000000, 27.93967828418229260 ) ) ;
#304 = DIRECTION ( 'NONE',  ( 0.000000000000000000, 1.000000000000000000, 0.000000000000000000 ) ) ;
#305 = ADVANCED_FACE ( 'NONE', ( #1720 ), #1481, .F. ) ;
#306 = LINE ( 'NONE', #548, #311 ) ;
#307 = ORIENTED_EDGE ( 'NONE', *, *, #88, .F. ) ;
#308 = CARTESIAN_POINT ( 'NONE',  ( 97.27882037533508708, 0.000000000000000000, 32.43967828418229971 ) ) ;
#309 = ORIENTED_EDGE ( 'NONE', *, *, #225, .F. ) ;
#310 = EDGE_LOOP ( 'NONE', ( #284, #2158 ) ) ;
#311 = VECTOR ( 'NONE', #742, 1000.000000000000000 ) ;
#312 = ORIENTED_EDGE ( 'NONE', *, *, #1888, .T. ) ;
#313 = CARTESIAN_POINT ( 'NONE',  ( 97.27882037533508708, 8.900000000000000355, 32.43967828418229971 ) ) ;
#314 = LINE ( 'NONE', #2262, #334 ) ;
#315 = CARTESIAN_POINT ( 'NONE',  ( 97.27882037533508708, 0.000000000000000000, -29.36032171581769745 ) ) ;
#316 = LINE ( 'NONE', #1691, #1980 ) ;
#317 = ADVANCED_FACE ( 'NONE', ( #2791 ), #855, .T. ) ;
#318 = DIRECTION ( 'NONE',  ( 0.000000000000000000, 0.000000000000000000, 1.000000000000000000 ) ) ;
#319 = ORIENTED_EDGE ( 'NONE', *, *, #395, .F. ) ;
#320 = DIRECTION ( 'NONE',  ( -0.7372773368101253055, 0.000000000000000000, 0.6755902076156587999 ) ) ;
#321 = ADVANCED_FACE ( 'NONE', ( #1770 ), #1579, .F. ) ;
#322 = ORIENTED_EDGE ( 'NONE', *, *, #1585, .F. ) ;
#323 = CC_DESIGN_PERSON_AND_ORGANIZATION_ASSIGNMENT ( #377, #1510, ( #2014 ) ) ;
#324 = ORIENTED_EDGE ( 'NONE', *, *, #622, .T. ) ;
#325 = CARTESIAN_POINT ( 'NONE',  ( -67.72117962466492713, 11.00000000000000000, 36.33967828418230539 ) ) ;
#326 = ORIENTED_EDGE ( 'NONE', *, *, #922, .F. ) ;
#327 = DIRECTION ( 'NONE',  ( -0.000000000000000000, -1.000000000000000000, -0.000000000000000000 ) ) ;
#328 = CARTESIAN_POINT ( 'NONE',  ( 76.56057970453454686, 11.00000000000000000, 36.77668689575101979 ) ) ;
#329 = CARTESIAN_POINT ( 'NONE',  ( -67.72117962466492713, 11.00000000000000000, 32.43967828418229260 ) ) ;
#330 = VECTOR ( 'NONE', #1213, 1000.000000000000000 ) ;
#331 = DIRECTION ( 'NONE',  ( 0.7348034446274878118, 0.000000000000000000, -0.6782801027330659371 ) ) ;
#332 = AXIS2_PLACEMENT_3D ( 'NONE', #2460, #1373, #89 ) ;
#333 = ORIENTED_EDGE ( 'NONE', *, *, #55, .F. ) ;
#334 = VECTOR ( 'NONE', #2227, 1000.000000000000000 ) ;
#335 = ORIENTED_EDGE ( 'NONE', *, *, #815, .F. ) ;
#336 = EDGE_CURVE ( 'NONE', #1570, #689, #1245, .T. ) ;
#337 = AXIS2_PLACEMENT_3D ( 'NONE', #765, #748, #1797 ) ;
#338 = ORIENTED_EDGE ( 'NONE', *, *, #2805, .T. ) ;
#339 = LINE ( 'NONE', #178, #2778 ) ;
#340 = CC_DESIGN_APPROVAL ( #2159, ( #1134 ) ) ;
#341 = CIRCLE ( 'NONE', #1350, 1.799999999999992495 ) ;
#342 = CARTESIAN_POINT ( 'NONE',  ( -70.22117962466492713, 11.00000000000000000, 34.93967828418229971 ) ) ;
#343 = CARTESIAN_POINT ( 'NONE',  ( -33.74372003863281577, 0.000000000000000000, 27.93967828418229260 ) ) ;
#344 = AXIS2_PLACEMENT_3D ( 'NONE', #977, #769, #2264 ) ;
#345 = DIRECTION ( 'NONE',  ( -0.000000000000000000, -1.000000000000000000, -0.000000000000000000 ) ) ;
#346 = DIRECTION ( 'NONE',  ( -0.000000000000000000, -1.000000000000000000, -0.000000000000000000 ) ) ;
#347 = CARTESIAN_POINT ( 'NONE',  ( 1.183118362503774001, 11.00000000000000000, 0.5397046114118816407 ) ) ;
#348 = PLANE ( 'NONE',  #2705 ) ;
#349 = DIRECTION ( 'NONE',  ( -0.000000000000000000, -1.000000000000000000, -0.000000000000000000 ) ) ;
#350 = ORIENTED_EDGE ( 'NONE', *, *, #2312, .F. ) ;
#351 = PERSON ( 'UNSPECIFIED', 'UNSPECIFIED', 'UNSPECIFIED', ('UNSPECIFIED'), ('UNSPECIFIED'), ('UNSPECIFIED') ) ;
#352 = ORIENTED_EDGE ( 'NONE', *, *, #1056, .T. ) ;
#353 = ORIENTED_EDGE ( 'NONE', *, *, #2400, .F. ) ;
#354 = LINE ( 'NONE', #2308, #1789 ) ;
#355 = ADVANCED_FACE ( 'NONE', ( #261 ), #908, .F. ) ;
#356 = ORIENTED_EDGE ( 'NONE', *, *, #1042, .F. ) ;
#357 = VECTOR ( 'NONE', #36, 1000.000000000000000 ) ;
#358 = FACE_OUTER_BOUND ( 'NONE', #1900, .T. ) ;
#359 = VERTEX_POINT ( 'NONE', #1412 ) ;
#360 = EDGE_CURVE ( 'NONE', #689, #1570, #793, .T. ) ;
#361 = VECTOR ( 'NONE', #2114, 1000.000000000000000 ) ;
#362 = CYLINDRICAL_SURFACE ( 'NONE', #891, 2.299999999999993161 ) ;
#363 = CALENDAR_DATE ( 2026, 10, 6 ) ;
#364 = EDGE_CURVE ( 'NONE', #2807, #1408, #1105, .T. ) ;
#365 = CARTESIAN_POINT ( 'NONE',  ( -21.69863921069704915, 0.000000000000000000, 27.93967828418229260 ) ) ;
#366 = CARTESIAN_POINT ( 'NONE',  ( -47.00293895386438692, 0.000000000000000000, -31.89733032738643104 ) ) ;
#367 = FACE_OUTER_BOUND ( 'NONE', #1947, .T. ) ;
#368 = ORIENTED_EDGE ( 'NONE', *, *, #1479, .T. ) ;
#369 = ORIENTED_EDGE ( 'NONE', *, *, #2580, .T. ) ;
#370 = ORIENTED_EDGE ( 'NONE', *, *, #2152, .T. ) ;
#371 = DIRECTION ( 'NONE',  ( 0.000000000000000000, 0.000000000000000000, 1.000000000000000000 ) ) ;
#372 = VERTEX_POINT ( 'NONE', #1851 ) ;
#373 = DIRECTION ( 'NONE',  ( 0.000000000000000000, 1.000000000000000000, 0.000000000000000000 ) ) ;
#374 = CARTESIAN_POINT ( 'NONE',  ( -60.22117962466494134, 11.00000000000000000, -5.760321715817706689 ) ) ;
#375 = CARTESIAN_POINT ( 'NONE',  ( -60.22117962466494134, 11.00000000000000000, -8.060321715817705623 ) ) ;
#376 = EDGE_CURVE ( 'NONE', #2476, #2110, #1879, .T. ) ;
#377 = PERSON_AND_ORGANIZATION ( #351, #1162 ) ;
#378 = DIRECTION ( 'NONE',  ( -1.000000000000000000, -0.000000000000000000, -0.000000000000000000 ) ) ;
#379 = DIRECTION ( 'NONE',  ( 0.7372773368101254166, 0.000000000000000000, 0.6755902076156587999 ) ) ;
#380 = LINE ( 'NONE', #1484, #820 ) ;
#381 = VERTEX_POINT ( 'NONE', #2052 ) ;
#382 = CIRCLE ( 'NONE', #2600, 1.799999999999989164 ) ;
#383 = AXIS2_PLACEMENT_3D ( 'NONE', #2437, #525, #51 ) ;
#384 = VERTEX_POINT ( 'NONE', #921 ) ;
#385 = EDGE_LOOP ( 'NONE', ( #1048, #1027, #1967, #2191 ) ) ;
#386 = CARTESIAN_POINT ( 'NONE',  ( 16.80662354570261030, 0.000000000000000000, -10.06032171581770562 ) ) ;
#387 = AXIS2_PLACEMENT_3D ( 'NONE', #2198, #198, #1288 ) ;
#388 = ORIENTED_EDGE ( 'NONE', *, *, #1634, .T. ) ;
#389 = CARTESIAN_POINT ( 'NONE',  ( 30.87452238816638683, 0.000000000000000000, -0.5603217158177106194 ) ) ;
#390 = ORIENTED_EDGE ( 'NONE', *, *, #109, .T. ) ;
#391 = ORIENTED_EDGE ( 'NONE', *, *, #2788, .T. ) ;
#392 = DIRECTION ( 'NONE',  ( 0.000000000000000000, 0.000000000000000000, 1.000000000000000000 ) ) ;
#393 = CARTESIAN_POINT ( 'NONE',  ( 51.25627996136721976, 10.99999999999999645, -20.56032171581770740 ) ) ;
#394 = CIRCLE ( 'NONE', #762, 2.500000000000000444 ) ;
#395 = EDGE_CURVE ( 'NONE', #253, #1222, #611, .T. ) ;
#396 = AXIS2_PLACEMENT_3D ( 'NONE', #992, #1623, #2720 ) ;
#397 = CARTESIAN_POINT ( 'NONE',  ( 12.75101720496755320, 0.000000000000000000, -12.56032171581770562 ) ) ;
#398 = DIRECTION ( 'NONE',  ( -0.000000000000000000, -1.000000000000000000, -0.000000000000000000 ) ) ;
#399 = ORIENTED_EDGE ( 'NONE', *, *, #400, .F. ) ;
#400 = EDGE_CURVE ( 'NONE', #2079, #673, #694, .T. ) ;
#401 = ORIENTED_EDGE ( 'NONE', *, *, #778, .T. ) ;
#402 = CARTESIAN_POINT ( 'NONE',  ( -20.72117962466493424, 11.00000000000000000, -20.56032171581770740 ) ) ;
#403 = VERTEX_POINT ( 'NONE', #1993 ) ;
#404 = FACE_OUTER_BOUND ( 'NONE', #441, .T. ) ;
#405 = VERTEX_POINT ( 'NONE', #1330 ) ;
#406 = EDGE_LOOP ( 'NONE', ( #451, #322, #961, #2328 ) ) ;
#407 = CARTESIAN_POINT ( 'NONE',  ( -48.69863921069705270, 11.00000000000000000, -32.56032171581770740 ) ) ;
#408 = CYLINDRICAL_SURFACE ( 'NONE', #559, 2.499999999999998668 ) ;
#409 = AXIS2_PLACEMENT_3D ( 'NONE', #2303, #1913, #1038 ) ;
#410 = FACE_OUTER_BOUND ( 'NONE', #1701, .T. ) ;
#411 = FACE_OUTER_BOUND ( 'NONE', #1734, .T. ) ;
#412 = EDGE_CURVE ( 'NONE', #1327, #1424, #894, .T. ) ;
#413 = ORIENTED_EDGE ( 'NONE', *, *, #692, .F. ) ;
#414 = ADVANCED_FACE ( 'NONE', ( #44 ), #1365, .F. ) ;
#415 = LINE ( 'NONE', #1931, #2690 ) ;
#416 = EDGE_CURVE ( 'NONE', #1196, #747, #1798, .T. ) ;
#417 = ORIENTED_EDGE ( 'NONE', *, *, #1816, .F. ) ;
#418 = CARTESIAN_POINT ( 'NONE',  ( -20.72117962466493424, 0.000000000000000000, -20.56032171581770740 ) ) ;
#419 = ORIENTED_EDGE ( 'NONE', *, *, #937, .F. ) ;
#420 = LINE ( 'NONE', #1090, #2653 ) ;
#421 = CARTESIAN_POINT ( 'NONE',  ( 78.25627996136722686, 11.00000000000000000, -32.56032171581770740 ) ) ;
#422 = CARTESIAN_POINT ( 'NONE',  ( -6.743720038632828206, 0.000000000000000000, 37.43967828418229971 ) ) ;
#423 = DIRECTION ( 'NONE',  ( 0.000000000000000000, 1.000000000000000000, 0.000000000000000000 ) ) ;
#424 = ORIENTED_EDGE ( 'NONE', *, *, #2400, .T. ) ;
#425 = DIRECTION ( 'NONE',  ( -0.000000000000000000, -0.000000000000000000, -1.000000000000000000 ) ) ;
#426 = CIRCLE ( 'NONE', #2008, 2.500000000000000444 ) ;
#427 = EDGE_CURVE ( 'NONE', #552, #549, #708, .T. ) ;
#428 = ADVANCED_FACE ( 'NONE', ( #2714 ), #2659, .F. ) ;
#429 = ORIENTED_EDGE ( 'NONE', *, *, #2152, .F. ) ;
#430 = LINE ( 'NONE', #2357, #1580 ) ;
#431 = VECTOR ( 'NONE', #1095, 1000.000000000000000 ) ;
#432 = VERTEX_POINT ( 'NONE', #325 ) ;
#433 = FACE_OUTER_BOUND ( 'NONE', #1850, .T. ) ;
#434 = AXIS2_PLACEMENT_3D ( 'NONE', #2446, #1856, #507 ) ;
#435 = VECTOR ( 'NONE', #516, 1000.000000000000000 ) ;
#436 = DIRECTION ( 'NONE',  ( 0.000000000000000000, 0.000000000000000000, 1.000000000000000000 ) ) ;
#437 = DIRECTION ( 'NONE',  ( -0.000000000000000000, -1.000000000000000000, -0.000000000000000000 ) ) ;
#438 = ORIENTED_EDGE ( 'NONE', *, *, #1077, .F. ) ;
#439 = LINE ( 'NONE', #2184, #2742 ) ;
#440 = CIRCLE ( 'NONE', #2339, 2.499999999999998668 ) ;
#441 = EDGE_LOOP ( 'NONE', ( #263, #2802, #655, #1957 ) ) ;
#442 = DIRECTION ( 'NONE',  ( 0.000000000000000000, 1.000000000000000000, 0.000000000000000000 ) ) ;
#443 = ORIENTED_EDGE ( 'NONE', *, *, #2520, .T. ) ;
#444 = CARTESIAN_POINT ( 'NONE',  ( -70.22117962466492713, 11.00000000000000000, 37.43967828418229971 ) ) ;
#445 = AXIS2_PLACEMENT_3D ( 'NONE', #182, #1427, #1894 ) ;
#446 = EDGE_CURVE ( 'NONE', #1222, #1327, #15, .T. ) ;
#447 = ORIENTED_EDGE ( 'NONE', *, *, #161, .F. ) ;
#448 = CARTESIAN_POINT ( 'NONE',  ( 89.77882037533504445, 6.200000000000000178, -12.71032171581770420 ) ) ;
#449 = CARTESIAN_POINT ( 'NONE',  ( -0.5058571565353733313, 11.00000000000000000, 6.182845298978021376 ) ) ;
#450 = CARTESIAN_POINT ( 'NONE',  ( 77.27882037533510129, 11.00000000000000000, -32.56032171581770740 ) ) ;
#451 = ORIENTED_EDGE ( 'NONE', *, *, #1377, .F. ) ;
#452 = DIRECTION ( 'NONE',  ( 0.000000000000000000, 0.000000000000000000, 1.000000000000000000 ) ) ;
#453 = CIRCLE ( 'NONE', #1810, 1.799999999999992495 ) ;
#454 = VECTOR ( 'NONE', #1328, 1000.000000000000000 ) ;
#455 = FACE_OUTER_BOUND ( 'NONE', #2425, .T. ) ;
#456 = ORIENTED_EDGE ( 'NONE', *, *, #2187, .F. ) ;
#457 = CARTESIAN_POINT ( 'NONE',  ( -47.72117962466493424, 11.00000000000000000, 37.43967828418229971 ) ) ;
#458 = ORIENTED_EDGE ( 'NONE', *, *, #175, .T. ) ;
#459 = CARTESIAN_POINT ( 'NONE',  ( -35.43942029546548156, 10.99999999999999645, 26.10266967261357252 ) ) ;
#460 = CARTESIAN_POINT ( 'NONE',  ( 37.99706104613565572, 0.000000000000000000, -31.89733032738642393 ) ) ;
#461 = DIRECTION ( 'NONE',  ( -1.000000000000000000, 0.000000000000000000, 0.000000000000000000 ) ) ;
#462 = EDGE_CURVE ( 'NONE', #774, #2167, #2550, .T. ) ;
#463 = DIRECTION ( 'NONE',  ( -0.7348034446274875897, -0.000000000000000000, -0.6782801027330661592 ) ) ;
#464 = ORIENTED_EDGE ( 'NONE', *, *, #482, .F. ) ;
#465 = CARTESIAN_POINT ( 'NONE',  ( 78.25627996136722686, 0.000000000000000000, -30.06032171581770740 ) ) ;
#466 = DIRECTION ( 'NONE',  ( 0.000000000000000000, 1.000000000000000000, -0.000000000000000000 ) ) ;
#467 = DIRECTION ( 'NONE',  ( 0.000000000000000000, 1.000000000000000000, 0.000000000000000000 ) ) ;
#468 = VERTEX_POINT ( 'NONE', #1979 ) ;
#469 = CARTESIAN_POINT ( 'NONE',  ( 97.27882037533508708, 8.900000000000000355, 32.43967828418229971 ) ) ;
#470 = VERTEX_POINT ( 'NONE', #31 ) ;
#471 = CARTESIAN_POINT ( 'NONE',  ( -48.69863921069705270, 11.00000000000000000, -32.56032171581770740 ) ) ;
#472 = AXIS2_PLACEMENT_3D ( 'NONE', #984, #1964, #1349 ) ;
#473 = CARTESIAN_POINT ( 'NONE',  ( -70.22117962466492713, 11.00000000000000000, -30.06032171581770740 ) ) ;
#474 = AXIS2_PLACEMENT_3D ( 'NONE', #2162, #1516, #2366 ) ;
#475 = CARTESIAN_POINT ( 'NONE',  ( -60.22117962466494134, 0.000000000000000000, -8.060321715817705623 ) ) ;
#476 = AXIS2_PLACEMENT_3D ( 'NONE', #1494, #2347, #2510 ) ;
#477 = LINE ( 'NONE', #1137, #798 ) ;
#478 = ORIENTED_EDGE ( 'NONE', *, *, #1422, .F. ) ;
#479 = VECTOR ( 'NONE', #543, 1000.000000000000000 ) ;
#480 = DIRECTION ( 'NONE',  ( 0.000000000000000000, 0.7071067811865433539, 0.7071067811865517916 ) ) ;
#481 = CARTESIAN_POINT ( 'NONE',  ( 37.99706104613565572, 0.000000000000000000, -31.89733032738642393 ) ) ;
#482 = EDGE_CURVE ( 'NONE', #2064, #2800, #2549, .T. ) ;
#483 = CONICAL_SURFACE ( 'NONE', #199, 1.799999999999992495, 0.7853981633974541632 ) ;
#484 = EDGE_CURVE ( 'NONE', #774, #2079, #1876, .T. ) ;
#485 = CARTESIAN_POINT ( 'NONE',  ( 37.99706104613566993, 0.000000000000000000, 36.77668689575100558 ) ) ;
#486 = EDGE_CURVE ( 'NONE', #405, #927, #339, .T. ) ;
#487 = ORIENTED_EDGE ( 'NONE', *, *, #2609, .T. ) ;
#488 = CARTESIAN_POINT ( 'NONE',  ( 99.77882037533508708, 0.000000000000000000, -32.56032171581770740 ) ) ;
#489 = VECTOR ( 'NONE', #2422, 1000.000000000000000 ) ;
#490 = ORIENTED_EDGE ( 'NONE', *, *, #2294, .F. ) ;
#491 = ORIENTED_EDGE ( 'NONE', *, *, #1939, .F. ) ;
#492 = DIRECTION ( 'NONE',  ( -1.000000000000000000, -0.000000000000000000, -0.000000000000000000 ) ) ;
#493 = CARTESIAN_POINT ( 'NONE',  ( -6.743720038632828206, 11.00000000000000000, 34.93967828418229971 ) ) ;
#494 = DIRECTION ( 'NONE',  ( 0.000000000000000000, 1.000000000000000000, 0.000000000000000000 ) ) ;
#495 = DIRECTION ( 'NONE',  ( 0.000000000000000000, -1.000000000000000000, 0.000000000000000000 ) ) ;
#496 = CARTESIAN_POINT ( 'NONE',  ( 78.25627996136722686, 11.00000000000000000, -30.06032171581770740 ) ) ;
#497 = VECTOR ( 'NONE', #1625, 1000.000000000000114 ) ;
#498 = CARTESIAN_POINT ( 'NONE',  ( 77.27882037533510129, 0.000000000000000000, -32.56032171581770740 ) ) ;
#499 = ORIENTED_EDGE ( 'NONE', *, *, #2367, .T. ) ;
#500 = LINE ( 'NONE', #2450, #489 ) ;
#501 = AXIS2_PLACEMENT_3D ( 'NONE', #2069, #1644, #2756 ) ;
#502 = EDGE_LOOP ( 'NONE', ( #1524, #828, #2358, #1358 ) ) ;
#503 = EDGE_CURVE ( 'NONE', #403, #1909, #1011, .T. ) ;
#504 = EDGE_LOOP ( 'NONE', ( #682, #1471, #294, #2538 ) ) ;
#505 = DIRECTION ( 'NONE',  ( 0.000000000000000000, 0.000000000000000000, 1.000000000000000000 ) ) ;
#506 = FACE_BOUND ( 'NONE', #915, .T. ) ;
#507 = DIRECTION ( 'NONE',  ( 1.000000000000000000, 0.000000000000000000, 0.000000000000000000 ) ) ;
#508 = DIRECTION ( 'NONE',  ( -0.000000000000000000, -1.000000000000000000, -0.000000000000000000 ) ) ;
#509 = LINE ( 'NONE', #1382, #1313 ) ;
#510 = ORIENTED_EDGE ( 'NONE', *, *, #2294, .T. ) ;
#511 = LINE ( 'NONE', #1384, #2382 ) ;
#512 = ORIENTED_EDGE ( 'NONE', *, *, #1699, .T. ) ;
#513 = ORIENTED_EDGE ( 'NONE', *, *, #1268, .F. ) ;
#514 = EDGE_CURVE ( 'NONE', #1399, #917, #583, .T. ) ;
#515 = EDGE_CURVE ( 'NONE', #1605, #2619, #614, .T. ) ;
#516 = DIRECTION ( 'NONE',  ( -1.000000000000000000, -0.000000000000000000, -0.000000000000000000 ) ) ;
#517 = VECTOR ( 'NONE', #1690, 1000.000000000000000 ) ;
#518 = ADVANCED_FACE ( 'NONE', ( #2738, #1043 ), #1684, .T. ) ;
#519 = DIRECTION ( 'NONE',  ( 0.000000000000000000, 1.000000000000000000, 0.000000000000000000 ) ) ;
#520 = FACE_OUTER_BOUND ( 'NONE', #2379, .T. ) ;
#521 = DIRECTION ( 'NONE',  ( 0.000000000000000000, 0.000000000000000000, 1.000000000000000000 ) ) ;
#522 = AXIS2_PLACEMENT_3D ( 'NONE', #1464, #345, #2557 ) ;
#523 = DIRECTION ( 'NONE',  ( 0.000000000000000000, 0.000000000000000000, 1.000000000000000000 ) ) ;
#524 = ORIENTED_EDGE ( 'NONE', *, *, #1667, .T. ) ;
#525 = DIRECTION ( 'NONE',  ( -0.000000000000000000, -1.000000000000000000, -0.000000000000000000 ) ) ;
#526 = ORIENTED_EDGE ( 'NONE', *, *, #2329, .F. ) ;
#527 = ORIENTED_EDGE ( 'NONE', *, *, #1336, .T. ) ;
#528 = AXIS2_PLACEMENT_3D ( 'NONE', #1805, #1627, #1791 ) ;
#529 = VERTEX_POINT ( 'NONE', #1443 ) ;
#530 = CYLINDRICAL_SURFACE ( 'NONE', #337, 4.650000000000003020 ) ;
#531 = EDGE_CURVE ( 'NONE', #372, #2807, #1923, .T. ) ;
#532 = CARTESIAN_POINT ( 'NONE',  ( 12.75101720496755497, 11.00000000000000000, 17.43967828418229615 ) ) ;
#533 = EDGE_CURVE ( 'NONE', #1424, #1541, #598, .T. ) ;
#534 = CARTESIAN_POINT ( 'NONE',  ( 16.80662354570261030, 11.00000000000000000, -10.06032171581770562 ) ) ;
#535 = CARTESIAN_POINT ( 'NONE',  ( 97.27882037533508708, 11.00000000000000000, 36.33967828418231960 ) ) ;
#536 = LINE ( 'NONE', #1208, #2250 ) ;
#537 = ORIENTED_EDGE ( 'NONE', *, *, #813, .F. ) ;
#538 = DIRECTION ( 'NONE',  ( 0.000000000000000000, 0.000000000000000000, 1.000000000000000000 ) ) ;
#539 = ORIENTED_EDGE ( 'NONE', *, *, #179, .F. ) ;
#540 = ORIENTED_EDGE ( 'NONE', *, *, #729, .T. ) ;
#541 = AXIS2_PLACEMENT_3D ( 'NONE', #2749, #1513, #2363 ) ;
#542 = DIRECTION ( 'NONE',  ( 0.000000000000000000, 0.000000000000000000, -1.000000000000000000 ) ) ;
#543 = DIRECTION ( 'NONE',  ( 0.000000000000000000, 1.000000000000000000, -0.000000000000000000 ) ) ;
#544 = DIRECTION ( 'NONE',  ( -0.000000000000000000, -1.000000000000000000, -0.000000000000000000 ) ) ;
#545 = CARTESIAN_POINT ( 'NONE',  ( 102.2788203753350871, 11.00000000000000000, 34.93967828418229971 ) ) ;
#546 = DIRECTION ( 'NONE',  ( 0.000000000000000000, 0.000000000000000000, 1.000000000000000000 ) ) ;
#547 = EDGE_CURVE ( 'NONE', #100, #2565, #354, .T. ) ;
#548 = CARTESIAN_POINT ( 'NONE',  ( -34.72117962466493424, 0.000000000000000000, 25.43967828418229260 ) ) ;
#549 = VERTEX_POINT ( 'NONE', #1671 ) ;
#550 = FACE_BOUND ( 'NONE', #1603, .T. ) ;
#551 = VERTEX_POINT ( 'NONE', #2082 ) ;
#552 = VERTEX_POINT ( 'NONE', #829 ) ;
#553 = DIRECTION ( 'NONE',  ( 0.000000000000000000, 0.000000000000000000, 1.000000000000000000 ) ) ;
#554 = CARTESIAN_POINT ( 'NONE',  ( -33.74372003863281577, 11.00000000000000000, 25.43967828418229260 ) ) ;
#555 = ORIENTED_EDGE ( 'NONE', *, *, #766, .T. ) ;
#556 = LINE ( 'NONE', #1449, #1346 ) ;
#557 = DIRECTION ( 'NONE',  ( 0.000000000000000000, 0.000000000000000000, 1.000000000000000000 ) ) ;
#558 = DIRECTION ( 'NONE',  ( 0.000000000000000000, 0.000000000000000000, 1.000000000000000000 ) ) ;
#559 = AXIS2_PLACEMENT_3D ( 'NONE', #1732, #2544, #2589 ) ;
#560 = LINE ( 'NONE', #85, #497 ) ;
#561 = EDGE_CURVE ( 'NONE', #2548, #1275, #146, .T. ) ;
#562 = ORIENTED_EDGE ( 'NONE', *, *, #86, .F. ) ;
#563 = EDGE_CURVE ( 'NONE', #1909, #2800, #2372, .T. ) ;
#564 = AXIS2_PLACEMENT_3D ( 'NONE', #303, #2042, #278 ) ;
#565 = EDGE_CURVE ( 'NONE', #1010, #1823, #426, .T. ) ;
#566 = LOCAL_TIME ( 12, 7, 31.00000000000000000, #1465 ) ;
#567 = ORIENTED_EDGE ( 'NONE', *, *, #1230, .F. ) ;
#568 = CIRCLE ( 'NONE', #2146, 4.649999999999997691 ) ;
#569 = ORIENTED_EDGE ( 'NONE', *, *, #412, .F. ) ;
#570 = DIRECTION ( 'NONE',  ( 0.000000000000000000, -0.000000000000000000, -1.000000000000000000 ) ) ;
#571 = VERTEX_POINT ( 'NONE', #2322 ) ;
#572 = CYLINDRICAL_SURFACE ( 'NONE', #642, 2.500000000000002220 ) ;
#573 = ORIENTED_EDGE ( 'NONE', *, *, #1024, .T. ) ;
#574 = FACE_OUTER_BOUND ( 'NONE', #1982, .T. ) ;
#575 = VECTOR ( 'NONE', #871, 1000.000000000000000 ) ;
#576 = CARTESIAN_POINT ( 'NONE',  ( 97.27882037533508708, 8.900000000000000355, 32.43967828418229971 ) ) ;
#577 = VECTOR ( 'NONE', #1934, 1000.000000000000114 ) ;
#578 = DIRECTION ( 'NONE',  ( -0.000000000000000000, -1.000000000000000000, -0.000000000000000000 ) ) ;
#579 = CARTESIAN_POINT ( 'NONE',  ( -33.74372003863281577, 0.000000000000000000, 25.43967828418229260 ) ) ;
#580 = VERTEX_POINT ( 'NONE', #1487 ) ;
#581 = EDGE_LOOP ( 'NONE', ( #1383, #2172, #356, #1906 ) ) ;
#582 = ORIENTED_EDGE ( 'NONE', *, *, #1784, .T. ) ;
#583 = LINE ( 'NONE', #2754, #1569 ) ;
#584 = ADVANCED_FACE ( 'NONE', ( #1712 ), #1904, .F. ) ;
#585 = ORIENTED_EDGE ( 'NONE', *, *, #2037, .F. ) ;
#586 = VECTOR ( 'NONE', #1058, 1000.000000000000000 ) ;
#587 = CARTESIAN_POINT ( 'NONE',  ( -72.72117962466492713, 11.00000000000000000, 37.43967828418229971 ) ) ;
#588 = EDGE_LOOP ( 'NONE', ( #1776, #1875, #1123, #1765 ) ) ;
#589 = AXIS2_PLACEMENT_3D ( 'NONE', #706, #1577, #70 ) ;
#590 = DIRECTION ( 'NONE',  ( 0.000000000000000000, 0.000000000000000000, -1.000000000000000000 ) ) ;
#591 = PERSON_AND_ORGANIZATION_ROLE ( 'creator' ) ;
#592 = DIRECTION ( 'NONE',  ( 0.000000000000000000, 0.000000000000000000, 1.000000000000000000 ) ) ;
#593 = CARTESIAN_POINT ( 'NONE',  ( 64.99706104613564150, 11.00000000000000000, -21.22331310424898376 ) ) ;
#594 = DIRECTION ( 'NONE',  ( 0.000000000000000000, 0.000000000000000000, 1.000000000000000000 ) ) ;
#595 = ORIENTED_EDGE ( 'NONE', *, *, #2805, .F. ) ;
#596 = ORIENTED_EDGE ( 'NONE', *, *, #1700, .F. ) ;
#597 = ORIENTED_EDGE ( 'NONE', *, *, #360, .F. ) ;
#598 = LINE ( 'NONE', #1473, #1428 ) ;
#599 = ORIENTED_EDGE ( 'NONE', *, *, #1901, .T. ) ;
#600 = CARTESIAN_POINT ( 'NONE',  ( 63.30136078930298282, 11.00000000000000000, -20.56032171581770740 ) ) ;
#601 = DIRECTION ( 'NONE',  ( 0.000000000000000000, 0.000000000000000000, 1.000000000000000000 ) ) ;
#602 = EDGE_CURVE ( 'NONE', #1718, #1755, #2735, .T. ) ;
#603 = EDGE_CURVE ( 'NONE', #381, #1209, #1915, .T. ) ;
#604 = DIRECTION ( 'NONE',  ( 0.000000000000000000, 0.000000000000000000, -1.000000000000000000 ) ) ;
#605 = EDGE_CURVE ( 'NONE', #1209, #956, #1115, .T. ) ;
#606 = DATE_TIME_ROLE ( 'classification_date' ) ;
#607 = DIRECTION ( 'NONE',  ( 0.7372773368101250835, 0.000000000000000000, -0.6755902076156591329 ) ) ;
#608 = FACE_OUTER_BOUND ( 'NONE', #2001, .T. ) ;
#609 = DIRECTION ( 'NONE',  ( -0.000000000000000000, 1.000000000000000000, -0.000000000000000000 ) ) ;
#610 = ORIENTED_EDGE ( 'NONE', *, *, #1019, .F. ) ;
#611 = CIRCLE ( 'NONE', #2140, 2.500000000000002220 ) ;
#612 = PRODUCT_DEFINITION_SHAPE ( 'NONE', 'NONE',  #1134 ) ;
#613 = VERTEX_POINT ( 'NONE', #1863 ) ;
#614 = LINE ( 'NONE', #136, #330 ) ;
#615 = AXIS2_PLACEMENT_3D ( 'NONE', #963, #83, #725 ) ;
#616 = ORIENTED_EDGE ( 'NONE', *, *, #2631, .T. ) ;
#617 = CARTESIAN_POINT ( 'NONE',  ( -0.5058571565353731092, 11.00000000000000000, 6.182845298978021376 ) ) ;
#618 = DIRECTION ( 'NONE',  ( 1.000000000000000000, 0.000000000000000000, -0.000000000000000000 ) ) ;
#619 = VECTOR ( 'NONE', #2470, 1000.000000000000000 ) ;
#620 = VECTOR ( 'NONE', #1133, 1000.000000000000114 ) ;
#621 = EDGE_LOOP ( 'NONE', ( #370, #701, #1846, #2752 ) ) ;
#622 = EDGE_CURVE ( 'NONE', #2800, #529, #788, .T. ) ;
#623 = CARTESIAN_POINT ( 'NONE',  ( 16.80662354570261030, 11.00000000000000000, 17.43967828418229615 ) ) ;
#624 = COORDINATED_UNIVERSAL_TIME_OFFSET ( 5, 0, .BEHIND. ) ;
#625 = FACE_OUTER_BOUND ( 'NONE', #2307, .T. ) ;
#626 = CIRCLE ( 'NONE', #1933, 3.900000000000014566 ) ;
#627 = EDGE_CURVE ( 'NONE', #1116, #571, #1341, .T. ) ;
#628 = AXIS2_PLACEMENT_3D ( 'NONE', #1265, #2762, #1235 ) ;
#629 = CARTESIAN_POINT ( 'NONE',  ( 76.56057970453454686, 0.000000000000000000, -31.89733032738643104 ) ) ;
#630 = FACE_OUTER_BOUND ( 'NONE', #104, .T. ) ;
#631 = ADVANCED_FACE ( 'NONE', ( #2812 ), #2193, .F. ) ;
#632 = VECTOR ( 'NONE', #1312, 1000.000000000000000 ) ;
#633 = ORIENTED_EDGE ( 'NONE', *, *, #2188, .F. ) ;
#634 = DIRECTION ( 'NONE',  ( 0.000000000000000000, 1.000000000000000000, 0.000000000000000000 ) ) ;
#635 = ORIENTED_EDGE ( 'NONE', *, *, #1953, .F. ) ;
#636 = CARTESIAN_POINT ( 'NONE',  ( -67.72117962466492713, 8.899999999999971934, -27.56032171581770740 ) ) ;
#637 = DIRECTION ( 'NONE',  ( -1.000000000000000000, 0.000000000000000000, -0.000000000000000000 ) ) ;
#638 = AXIS2_PLACEMENT_3D ( 'NONE', #1419, #349, #784 ) ;
#639 = ORIENTED_EDGE ( 'NONE', *, *, #953, .T. ) ;
#640 = CARTESIAN_POINT ( 'NONE',  ( 76.56057970453454686, 0.000000000000000000, 36.77668689575101979 ) ) ;
#641 = CARTESIAN_POINT ( 'NONE',  ( 11.06204168592840631, 0.000000000000000000, 16.78287162620761208 ) ) ;
#642 = AXIS2_PLACEMENT_3D ( 'NONE', #2769, #373, #2539 ) ;
#643 = FACE_BOUND ( 'NONE', #2553, .T. ) ;
#644 = CARTESIAN_POINT ( 'NONE',  ( 51.25627996136721976, 0.000000000000000000, 25.43967828418229971 ) ) ;
#645 = EDGE_CURVE ( 'NONE', #2465, #253, #415, .T. ) ;
#646 = EDGE_CURVE ( 'NONE', #384, #1860, #2799, .T. ) ;
#647 = ORIENTED_EDGE ( 'NONE', *, *, #627, .T. ) ;
#648 = LINE ( 'NONE', #457, #2648 ) ;
#649 = ORIENTED_EDGE ( 'NONE', *, *, #271, .T. ) ;
#650 = LINE ( 'NONE', #1345, #1447 ) ;
#651 = EDGE_LOOP ( 'NONE', ( #1575, #2116, #1287, #478 ) ) ;
#652 = DIRECTION ( 'NONE',  ( 0.000000000000000000, 0.000000000000000000, -1.000000000000000000 ) ) ;
#653 = DIRECTION ( 'NONE',  ( 0.000000000000000000, 0.000000000000000000, 1.000000000000000000 ) ) ;
#654 = CARTESIAN_POINT ( 'NONE',  ( -70.22117962466492713, 11.00000000000000000, -30.06032171581770740 ) ) ;
#655 = ORIENTED_EDGE ( 'NONE', *, *, #2784, .T. ) ;
#656 = DIRECTION ( 'NONE',  ( -0.7348034446274878118, 0.000000000000000000, -0.6782801027330659371 ) ) ;
#657 = ADVANCED_FACE ( 'NONE', ( #1114 ), #1283, .F. ) ;
#658 = EDGE_LOOP ( 'NONE', ( #982, #2346, #2424, #2633 ) ) ;
#659 = DIRECTION ( 'NONE',  ( 0.000000000000000000, 0.000000000000000000, 1.000000000000000000 ) ) ;
#660 = AXIS2_PLACEMENT_3D ( 'NONE', #2428, #1757, #933 ) ;
#661 = ADVANCED_FACE ( 'NONE', ( #1974 ), #876, .F. ) ;
#662 = ORIENTED_EDGE ( 'NONE', *, *, #1405, .T. ) ;
#663 = DIRECTION ( 'NONE',  ( -0.000000000000000000, 1.000000000000000000, -0.000000000000000000 ) ) ;
#664 = ORIENTED_EDGE ( 'NONE', *, *, #1588, .T. ) ;
#665 = CARTESIAN_POINT ( 'NONE',  ( 50.27882037533510129, 0.000000000000000000, 25.43967828418229971 ) ) ;
#666 = AXIS2_PLACEMENT_3D ( 'NONE', #683, #1139, #1995 ) ;
#667 = AXIS2_PLACEMENT_3D ( 'NONE', #691, #2616, #652 ) ;
#668 = FACE_OUTER_BOUND ( 'NONE', #1630, .T. ) ;
#669 = LINE ( 'NONE', #450, #2505 ) ;
#670 = ORIENTED_EDGE ( 'NONE', *, *, #1873, .T. ) ;
#671 = DIRECTION ( 'NONE',  ( 0.000000000000000000, 0.000000000000000000, -1.000000000000000000 ) ) ;
#672 = CIRCLE ( 'NONE', #1670, 2.499999999999998668 ) ;
#673 = VERTEX_POINT ( 'NONE', #1987 ) ;
#674 = CARTESIAN_POINT ( 'NONE',  ( 12.75101720496755320, 0.000000000000000000, -10.06032171581770562 ) ) ;
#675 = ORIENTED_EDGE ( 'NONE', *, *, #4, .T. ) ;
#676 = DIRECTION ( 'NONE',  ( -0.000000000000000000, -0.000000000000000000, -1.000000000000000000 ) ) ;
#677 = ADVANCED_FACE ( 'NONE', ( #24 ), #2595, .F. ) ;
#678 = ORIENTED_EDGE ( 'NONE', *, *, #2767, .T. ) ;
#679 = CARTESIAN_POINT ( 'NONE',  ( -35.43942029546548156, 0.000000000000000000, -21.22331310424898021 ) ) ;
#680 = DIRECTION ( 'NONE',  ( -0.000000000000000000, -1.000000000000000000, -0.000000000000000000 ) ) ;
#681 = CARTESIAN_POINT ( 'NONE',  ( -6.743720038632828206, 0.000000000000000000, 34.93967828418229971 ) ) ;
#682 = ORIENTED_EDGE ( 'NONE', *, *, #427, .T. ) ;
#683 = CARTESIAN_POINT ( 'NONE',  ( 51.25627996136721976, 11.00000000000000000, 27.93967828418229971 ) ) ;
#684 = AXIS2_PLACEMENT_3D ( 'NONE', #849, #1715, #331 ) ;
#685 = CARTESIAN_POINT ( 'NONE',  ( -47.72117962466493424, 0.000000000000000000, -32.56032171581770740 ) ) ;
#686 = DIRECTION ( 'NONE',  ( 1.000000000000000000, 0.000000000000000000, 0.000000000000000000 ) ) ;
#687 = EDGE_LOOP ( 'NONE', ( #573, #555, #1322, #2582, #647, #1311, #946, #1146, #2206, #639, #1508, #1730, #2667, #1686, #180, #2210 ) ) ;
#688 = CARTESIAN_POINT ( 'NONE',  ( 64.27882037533510129, 0.000000000000000000, -20.56032171581770740 ) ) ;
#689 = VERTEX_POINT ( 'NONE', #2624 ) ;
#690 = CARTESIAN_POINT ( 'NONE',  ( -20.72117962466493424, 0.000000000000000000, 25.43967828418229260 ) ) ;
#691 = CARTESIAN_POINT ( 'NONE',  ( 89.77882037533504445, 11.00000000000000000, -8.060321715817705623 ) ) ;
#692 = EDGE_CURVE ( 'NONE', #1674, #121, #1482, .T. ) ;
#693 = ADVANCED_FACE ( 'NONE', ( #2134 ), #2186, .F. ) ;
#694 = LINE ( 'NONE', #2642, #2095 ) ;
#695 = ADVANCED_FACE ( 'NONE', ( #888 ), #1069, .F. ) ;
#696 = DIRECTION ( 'NONE',  ( 0.000000000000000000, 1.000000000000000000, 0.000000000000000000 ) ) ;
#697 = EDGE_LOOP ( 'NONE', ( #2587, #886, #2764, #2175 ) ) ;
#698 = FACE_OUTER_BOUND ( 'NONE', #2027, .T. ) ;
#699 = CARTESIAN_POINT ( 'NONE',  ( -60.22117962466494134, 6.200000000000000178, -8.060321715817705623 ) ) ;
#700 = DIRECTION ( 'NONE',  ( 0.000000000000000000, 0.000000000000000000, 1.000000000000000000 ) ) ;
#701 = ORIENTED_EDGE ( 'NONE', *, *, #515, .T. ) ;
#702 = DIRECTION ( 'NONE',  ( 0.7372773368101253055, 0.000000000000000000, 0.6755902076156587999 ) ) ;
#703 = ORIENTED_EDGE ( 'NONE', *, *, #277, .T. ) ;
#704 = ORIENTED_EDGE ( 'NONE', *, *, #1402, .T. ) ;
#705 = CIRCLE ( 'NONE', #1526, 2.499999999999998668 ) ;
#706 = CARTESIAN_POINT ( 'NONE',  ( 28.37452238816638683, 0.000000000000000000, 4.339651956952703671 ) ) ;
#707 = AXIS2_PLACEMENT_3D ( 'NONE', #2354, #2392, #1130 ) ;
#708 = LINE ( 'NONE', #1149, #2231 ) ;
#709 = VECTOR ( 'NONE', #463, 1000.000000000000114 ) ;
#710 = CYLINDRICAL_SURFACE ( 'NONE', #564, 2.499999999999998668 ) ;
#711 = CIRCLE ( 'NONE', #2281, 2.299999999999993161 ) ;
#712 = DIRECTION ( 'NONE',  ( -0.000000000000000000, -1.000000000000000000, -0.000000000000000000 ) ) ;
#713 = LINE ( 'NONE', #685, #2747 ) ;
#714 = AXIS2_PLACEMENT_3D ( 'NONE', #1566, #884, #1124 ) ;
#715 = ADVANCED_FACE ( 'NONE', ( #1504 ), #14, .F. ) ;
#716 = DIRECTION ( 'NONE',  ( -0.000000000000000000, -1.000000000000000000, 0.000000000000000000 ) ) ;
#717 = ORIENTED_EDGE ( 'NONE', *, *, #919, .F. ) ;
#718 = APPROVAL ( #1896, 'UNSPECIFIED' ) ;
#719 = DIRECTION ( 'NONE',  ( -0.000000000000000000, 1.000000000000000000, -0.000000000000000000 ) ) ;
#720 = AXIS2_PLACEMENT_3D ( 'NONE', #1170, #76, #268 ) ;
#721 = ORIENTED_EDGE ( 'NONE', *, *, #364, .F. ) ;
#722 = ORIENTED_EDGE ( 'NONE', *, *, #109, .F. ) ;
#723 = DIRECTION ( 'NONE',  ( 0.000000000000000000, -1.000000000000000000, 0.000000000000000000 ) ) ;
#724 = CARTESIAN_POINT ( 'NONE',  ( -67.72117962466492713, 0.000000000000000000, 32.43967828418229260 ) ) ;
#725 = DIRECTION ( 'NONE',  ( 0.000000000000000000, 0.000000000000000000, -1.000000000000000000 ) ) ;
#726 = CARTESIAN_POINT ( 'NONE',  ( 97.27882037533508708, 8.900000000000000355, 32.43967828418229971 ) ) ;
#727 = AXIS2_PLACEMENT_3D ( 'NONE', #2707, #2448, #1168 ) ;
#728 = DIRECTION ( 'NONE',  ( 0.000000000000000000, 0.000000000000000000, 1.000000000000000000 ) ) ;
#729 = EDGE_CURVE ( 'NONE', #1917, #2161, #2148, .T. ) ;
#730 = ORIENTED_EDGE ( 'NONE', *, *, #2485, .F. ) ;
#731 = EDGE_CURVE ( 'NONE', #1545, #1727, #1706, .T. ) ;
#732 = PLANE ( 'NONE',  #2657 ) ;
#733 = VECTOR ( 'NONE', #1371, 1000.000000000000000 ) ;
#734 = EDGE_CURVE ( 'NONE', #2476, #1565, #648, .T. ) ;
#735 = VERTEX_POINT ( 'NONE', #1310 ) ;
#736 = ORIENTED_EDGE ( 'NONE', *, *, #602, .F. ) ;
#737 = AXIS2_PLACEMENT_3D ( 'NONE', #2546, #609, #841 ) ;
#738 = DIRECTION ( 'NONE',  ( 0.000000000000000000, 0.000000000000000000, -1.000000000000000000 ) ) ;
#739 = CARTESIAN_POINT ( 'NONE',  ( -70.22117962466492713, 11.00000000000000000, -32.56032171581770740 ) ) ;
#740 = LINE ( 'NONE', #2263, #619 ) ;
#741 = DIRECTION ( 'NONE',  ( 0.000000000000000000, -0.000000000000000000, 1.000000000000000000 ) ) ;
#742 = DIRECTION ( 'NONE',  ( -1.000000000000000000, -0.000000000000000000, -0.000000000000000000 ) ) ;
#743 = ORIENTED_EDGE ( 'NONE', *, *, #1077, .T. ) ;
#744 = CARTESIAN_POINT ( 'NONE',  ( 99.77882037533508708, 11.00000000000000000, 37.43967828418229971 ) ) ;
#745 = EDGE_CURVE ( 'NONE', #17, #875, #1429, .T. ) ;
#746 = ORIENTED_EDGE ( 'NONE', *, *, #1821, .T. ) ;
#747 = VERTEX_POINT ( 'NONE', #208 ) ;
#748 = DIRECTION ( 'NONE',  ( -0.000000000000000000, -1.000000000000000000, -0.000000000000000000 ) ) ;
#749 = AXIS2_PLACEMENT_3D ( 'NONE', #475, #1425, #542 ) ;
#750 = EDGE_CURVE ( 'NONE', #470, #1862, #2053, .T. ) ;
#751 = AXIS2_PLACEMENT_3D ( 'NONE', #674, #255, #2380 ) ;
#752 = CARTESIAN_POINT ( 'NONE',  ( 18.49559906474175719, 11.00000000000000000, 16.78287162620760853 ) ) ;
#753 = DIRECTION ( 'NONE',  ( 0.000000000000000000, 1.000000000000000000, 0.000000000000000000 ) ) ;
#754 = DIRECTION ( 'NONE',  ( 0.000000000000000000, 0.000000000000000000, 1.000000000000000000 ) ) ;
#755 = CIRCLE ( 'NONE', #2332, 2.500000000000002220 ) ;
#756 = CARTESIAN_POINT ( 'NONE',  ( 97.27882037533508708, 0.000000000000000000, 30.63967828418230965 ) ) ;
#757 = LOCAL_TIME ( 12, 7, 31.00000000000000000, #2043 ) ;
#758 = ORIENTED_EDGE ( 'NONE', *, *, #2004, .F. ) ;
#759 = CARTESIAN_POINT ( 'NONE',  ( -1.316881637496225999, 0.000000000000000000, 5.439678284182294377 ) ) ;
#760 = ORIENTED_EDGE ( 'NONE', *, *, #2108, .T. ) ;
#761 = ORIENTED_EDGE ( 'NONE', *, *, #603, .T. ) ;
#762 = AXIS2_PLACEMENT_3D ( 'NONE', #347, #2059, #1857 ) ;
#763 = AXIS2_PLACEMENT_3D ( 'NONE', #1404, #1247, #2472 ) ;
#764 = APPLICATION_CONTEXT ( 'configuration controlled 3d designs of mechanical parts and assemblies' ) ;
#765 = CARTESIAN_POINT ( 'NONE',  ( -60.22117962466494134, 6.200000000000000178, -8.060321715817705623 ) ) ;
#766 = EDGE_CURVE ( 'NONE', #2619, #297, #1572, .T. ) ;
#767 = CARTESIAN_POINT ( 'NONE',  ( 50.27882037533510129, 0.000000000000000000, 25.43967828418229971 ) ) ;
#768 = LINE ( 'NONE', #1165, #2194 ) ;
#769 = DIRECTION ( 'NONE',  ( -0.000000000000000000, -1.000000000000000000, -0.000000000000000000 ) ) ;
#770 = CARTESIAN_POINT ( 'NONE',  ( 12.75101720496755320, 0.000000000000000000, -12.56032171581770562 ) ) ;
#771 = ORIENTED_EDGE ( 'NONE', *, *, #1214, .T. ) ;
#772 = FACE_BOUND ( 'NONE', #256, .T. ) ;
#773 = ORIENTED_EDGE ( 'NONE', *, *, #2123, .T. ) ;
#774 = VERTEX_POINT ( 'NONE', #2010 ) ;
#775 = AXIS2_PLACEMENT_3D ( 'NONE', #1135, #723, #738 ) ;
#776 = CARTESIAN_POINT ( 'NONE',  ( -6.743720038632828206, 11.00000000000000000, 37.43967828418229971 ) ) ;
#777 = CARTESIAN_POINT ( 'NONE',  ( -67.72117962466492713, 0.000000000000000000, 32.43967828418229260 ) ) ;
#778 = EDGE_CURVE ( 'NONE', #2713, #1099, #1248, .T. ) ;
#779 = EDGE_CURVE ( 'NONE', #1778, #2271, #1360, .T. ) ;
#780 = DIRECTION ( 'NONE',  ( -0.000000000000000000, -1.000000000000000000, -0.000000000000000000 ) ) ;
#781 = DATE_AND_TIME ( #2719, #757 ) ;
#782 = CYLINDRICAL_SURFACE ( 'NONE', #1628, 2.499999999999998668 ) ;
#783 = ADVANCED_FACE ( 'NONE', ( #944 ), #1182, .F. ) ;
#784 = DIRECTION ( 'NONE',  ( 0.000000000000000000, 0.000000000000000000, 1.000000000000000000 ) ) ;
#785 = EDGE_LOOP ( 'NONE', ( #2591, #145, #1333, #595 ) ) ;
#786 = EDGE_LOOP ( 'NONE', ( #1822, #1257 ) ) ;
#787 = ORIENTED_EDGE ( 'NONE', *, *, #360, .T. ) ;
#788 = LINE ( 'NONE', #2176, #1066 ) ;
#789 = CARTESIAN_POINT ( 'NONE',  ( 89.77882037533504445, 11.00000000000000000, -10.36032171581769923 ) ) ;
#790 = ORIENTED_EDGE ( 'NONE', *, *, #55, .T. ) ;
#791 = CARTESIAN_POINT ( 'NONE',  ( 36.30136078930298993, 0.000000000000000000, -32.56032171581770740 ) ) ;
#792 = CARTESIAN_POINT ( 'NONE',  ( -60.22117962466494134, 11.00000000000000000, -8.060321715817705623 ) ) ;
#793 = CIRCLE ( 'NONE', #1965, 4.650000000000003020 ) ;
#794 = CYLINDRICAL_SURFACE ( 'NONE', #1848, 2.499999999999998668 ) ;
#795 = PLANE ( 'NONE',  #541 ) ;
#796 = ORIENTED_EDGE ( 'NONE', *, *, #1389, .F. ) ;
#797 = ADVANCED_FACE ( 'NONE', ( #1396 ), #2025, .T. ) ;
#798 = VECTOR ( 'NONE', #1994, 1000.000000000000000 ) ;
#799 = AXIS2_PLACEMENT_3D ( 'NONE', #1392, #60, #1188 ) ;
#800 = ORIENTED_EDGE ( 'NONE', *, *, #2412, .T. ) ;
#801 = AXIS2_PLACEMENT_3D ( 'NONE', #1378, #1175, #2214 ) ;
#802 = ORIENTED_EDGE ( 'NONE', *, *, #1704, .T. ) ;
#803 = CARTESIAN_POINT ( 'NONE',  ( -72.72117962466492713, 11.00000000000000000, -32.56032171581770740 ) ) ;
#804 = ORIENTED_EDGE ( 'NONE', *, *, #830, .T. ) ;
#805 = DIRECTION ( 'NONE',  ( -1.000000000000000000, 0.000000000000000000, 0.000000000000000000 ) ) ;
#806 = ORIENTED_EDGE ( 'NONE', *, *, #1178, .T. ) ;
#807 = AXIS2_PLACEMENT_3D ( 'NONE', #1555, #1787, #2185 ) ;
#808 = CARTESIAN_POINT ( 'NONE',  ( -1.316881637496225999, 0.000000000000000000, 0.5397046114118816407 ) ) ;
#809 = CARTESIAN_POINT ( 'NONE',  ( 97.27882037533508708, 8.899999999999971934, -27.56032171581770740 ) ) ;
#810 = FACE_BOUND ( 'NONE', #1750, .T. ) ;
#811 = DIRECTION ( 'NONE',  ( -1.000000000000000000, 0.000000000000000000, -0.000000000000000000 ) ) ;
#812 = ORIENTED_EDGE ( 'NONE', *, *, #2718, .F. ) ;
#813 = EDGE_CURVE ( 'NONE', #735, #2035, #114, .T. ) ;
#814 = ORIENTED_EDGE ( 'NONE', *, *, #533, .F. ) ;
#815 = EDGE_CURVE ( 'NONE', #1470, #1605, #1079, .T. ) ;
#816 = ORIENTED_EDGE ( 'NONE', *, *, #1331, .F. ) ;
#817 = DIRECTION ( 'NONE',  ( -1.000000000000000000, -0.000000000000000000, -0.000000000000000000 ) ) ;
#818 = ADVANCED_FACE ( 'NONE', ( #2680 ), #1999, .F. ) ;
#819 = VERTEX_POINT ( 'NONE', #1590 ) ;
#820 = VECTOR ( 'NONE', #2795, 1000.000000000000000 ) ;
#821 = CYLINDRICAL_SURFACE ( 'NONE', #2581, 2.500000000000002220 ) ;
#822 = DIRECTION ( 'NONE',  ( 0.000000000000000000, 0.000000000000000000, 1.000000000000000000 ) ) ;
#823 = LINE ( 'NONE', #155, #1432 ) ;
#824 = DIRECTION ( 'NONE',  ( -0.000000000000000000, -1.000000000000000000, -0.000000000000000000 ) ) ;
#825 = DIRECTION ( 'NONE',  ( 0.000000000000000000, -1.000000000000000000, -0.000000000000000000 ) ) ;
#826 = CARTESIAN_POINT ( 'NONE',  ( 99.77882037533508708, 0.000000000000000000, 37.43967828418229971 ) ) ;
#827 = ORIENTED_EDGE ( 'NONE', *, *, #4, .F. ) ;
#828 = ORIENTED_EDGE ( 'NONE', *, *, #1667, .F. ) ;
#829 = CARTESIAN_POINT ( 'NONE',  ( -47.00293895386438692, 11.00000000000000000, -31.89733032738643104 ) ) ;
#830 = EDGE_CURVE ( 'NONE', #2353, #860, #500, .T. ) ;
#831 = VERTEX_POINT ( 'NONE', #2233 ) ;
#832 = LINE ( 'NONE', #2055, #2301 ) ;
#833 = DIRECTION ( 'NONE',  ( 0.000000000000000000, 1.000000000000000000, 0.000000000000000000 ) ) ;
#834 = EDGE_CURVE ( 'NONE', #1823, #1301, #2668, .T. ) ;
#835 = ORIENTED_EDGE ( 'NONE', *, *, #140, .F. ) ;
#836 = DIRECTION ( 'NONE',  ( 0.000000000000000000, 1.000000000000000000, 0.000000000000000000 ) ) ;
#837 = APPROVAL_ROLE ( '' ) ;
#838 = CC_DESIGN_PERSON_AND_ORGANIZATION_ASSIGNMENT ( #2789, #591, ( #2014 ) ) ;
#839 = DIRECTION ( 'NONE',  ( 0.000000000000000000, 1.000000000000000000, 0.000000000000000000 ) ) ;
#840 = DIRECTION ( 'NONE',  ( 0.000000000000000000, 0.000000000000000000, -1.000000000000000000 ) ) ;
#841 = DIRECTION ( 'NONE',  ( 0.000000000000000000, 0.000000000000000000, 1.000000000000000000 ) ) ;
#842 = VECTOR ( 'NONE', #2443, 1000.000000000000000 ) ;
#843 = AXIS2_PLACEMENT_3D ( 'NONE', #469, #1752, #659 ) ;
#844 = ORIENTED_EDGE ( 'NONE', *, *, #1531, .T. ) ;
#845 = CIRCLE ( 'NONE', #522, 2.500000000000002220 ) ;
#846 = CARTESIAN_POINT ( 'NONE',  ( 64.27882037533510129, 11.00000000000000000, -20.56032171581770740 ) ) ;
#847 = AXIS2_PLACEMENT_3D ( 'NONE', #1561, #2410, #1364 ) ;
#848 = ORIENTED_EDGE ( 'NONE', *, *, #254, .F. ) ;
#849 = CARTESIAN_POINT ( 'NONE',  ( 77.27882037533510129, 0.000000000000000000, -32.56032171581770740 ) ) ;
#850 = VERTEX_POINT ( 'NONE', #2221 ) ;
#851 = VECTOR ( 'NONE', #1747, 1000.000000000000000 ) ;
#852 = VERTEX_POINT ( 'NONE', #1409 ) ;
#853 = FACE_OUTER_BOUND ( 'NONE', #2081, .T. ) ;
#854 = ADVANCED_FACE ( 'NONE', ( #2047 ), #732, .F. ) ;
#855 = CYLINDRICAL_SURFACE ( 'NONE', #1832, 2.500000000000002220 ) ;
#856 = CIRCLE ( 'NONE', #2197, 2.499999999999998668 ) ;
#857 = AXIS2_PLACEMENT_3D ( 'NONE', #576, #1827, #754 ) ;
#858 = CYLINDRICAL_SURFACE ( 'NONE', #117, 2.499999999999998668 ) ;
#859 = CARTESIAN_POINT ( 'NONE',  ( 97.27882037533508708, 0.000000000000000000, -27.56032171581770740 ) ) ;
#860 = VERTEX_POINT ( 'NONE', #2257 ) ;
#861 = DIRECTION ( 'NONE',  ( 0.000000000000000000, 0.000000000000000000, 1.000000000000000000 ) ) ;
#862 = ORIENTED_EDGE ( 'NONE', *, *, #745, .T. ) ;
#863 = DIRECTION ( 'NONE',  ( -0.000000000000000000, -1.000000000000000000, 0.000000000000000000 ) ) ;
#864 = AXIS2_PLACEMENT_3D ( 'NONE', #1337, #2007, #2636 ) ;
#865 = UNCERTAINTY_MEASURE_WITH_UNIT (LENGTH_MEASURE( 1.000000000000000082E-05 ), #1800, 'distance_accuracy_value', 'NONE');
#866 = VERTEX_POINT ( 'NONE', #488 ) ;
#867 = CARTESIAN_POINT ( 'NONE',  ( 89.77882037533504445, 6.200000000000000178, -8.060321715817705623 ) ) ;
#868 = LINE ( 'NONE', #641, #973 ) ;
#869 = AXIS2_PLACEMENT_3D ( 'NONE', #2219, #1506, #1587 ) ;
#870 = EDGE_CURVE ( 'NONE', #2232, #285, #511, .T. ) ;
#871 = DIRECTION ( 'NONE',  ( -0.000000000000000000, -1.000000000000000000, -0.000000000000000000 ) ) ;
#872 = VERTEX_POINT ( 'NONE', #2036 ) ;
#873 = CARTESIAN_POINT ( 'NONE',  ( 77.27882037533510129, 11.00000000000000000, 37.43967828418229971 ) ) ;
#874 = EDGE_CURVE ( 'NONE', #1275, #2548, #945, .T. ) ;
#875 = VERTEX_POINT ( 'NONE', #1194 ) ;
#876 = PLANE ( 'NONE',  #1835 ) ;
#877 = EDGE_LOOP ( 'NONE', ( #2406, #1713, #1711, #490 ) ) ;
#878 = DIRECTION ( 'NONE',  ( 8.659560562354980929E-17, 0.7071067811865437980, -0.7071067811865513475 ) ) ;
#879 = ORIENTED_EDGE ( 'NONE', *, *, #1340, .F. ) ;
#880 = DIRECTION ( 'NONE',  ( 0.000000000000000000, 0.000000000000000000, -1.000000000000000000 ) ) ;
#881 = CARTESIAN_POINT ( 'NONE',  ( 17.77882037533508353, 11.00000000000000000, 17.43967828418229615 ) ) ;
#882 = DIRECTION ( 'NONE',  ( 0.000000000000000000, 1.000000000000000000, 0.000000000000000000 ) ) ;
#883 = ORIENTED_EDGE ( 'NONE', *, *, #1284, .F. ) ;
#884 = DIRECTION ( 'NONE',  ( 0.000000000000000000, -1.000000000000000000, 0.000000000000000000 ) ) ;
#885 = VECTOR ( 'NONE', #607, 1000.000000000000114 ) ;
#886 = ORIENTED_EDGE ( 'NONE', *, *, #274, .F. ) ;
#887 = EDGE_CURVE ( 'NONE', #121, #470, #1144, .T. ) ;
#888 = FACE_OUTER_BOUND ( 'NONE', #1057, .T. ) ;
#889 = ORIENTED_EDGE ( 'NONE', *, *, #1737, .T. ) ;
#890 = LINE ( 'NONE', #1286, #1930 ) ;
#891 = AXIS2_PLACEMENT_3D ( 'NONE', #1910, #2313, #604 ) ;
#892 = VERTEX_POINT ( 'NONE', #980 ) ;
#893 = LINE ( 'NONE', #679, #1796 ) ;
#894 = LINE ( 'NONE', #2630, #842 ) ;
#895 = DIRECTION ( 'NONE',  ( -0.000000000000000000, -1.000000000000000000, -0.000000000000000000 ) ) ;
#896 = VERTEX_POINT ( 'NONE', #1820 ) ;
#897 = DIRECTION ( 'NONE',  ( 0.000000000000000000, 0.000000000000000000, 1.000000000000000000 ) ) ;
#898 = CIRCLE ( 'NONE', #1171, 1.799999999999996048 ) ;
#899 = DIRECTION ( 'NONE',  ( 0.000000000000000000, 0.000000000000000000, 1.000000000000000000 ) ) ;
#900 = VERTEX_POINT ( 'NONE', #744 ) ;
#901 = DIRECTION ( 'NONE',  ( 0.000000000000000000, 0.000000000000000000, 1.000000000000000000 ) ) ;
#902 = ADVANCED_FACE ( 'NONE', ( #550, #2710, #1421, #772, #2488, #1640, #1598, #1141 ), #2243, .T. ) ;
#903 = EDGE_CURVE ( 'NONE', #1408, #1971, #2677, .T. ) ;
#904 = VERTEX_POINT ( 'NONE', #1996 ) ;
#905 = FACE_OUTER_BOUND ( 'NONE', #2220, .T. ) ;
#906 = EDGE_CURVE ( 'NONE', #1301, #147, #2150, .T. ) ;
#907 = FACE_OUTER_BOUND ( 'NONE', #385, .T. ) ;
#908 = PLANE ( 'NONE',  #2457 ) ;
#909 = LINE ( 'NONE', #2401, #1839 ) ;
#910 = ORIENTED_EDGE ( 'NONE', *, *, #1110, .F. ) ;
#911 = CARTESIAN_POINT ( 'NONE',  ( -0.5058571565353739974, 0.000000000000000000, -1.303488730613432844 ) ) ;
#912 = VECTOR ( 'NONE', #1453, 1000.000000000000000 ) ;
#913 = DIRECTION ( 'NONE',  ( 8.659560562354985860E-17, 0.7071067811865433539, -0.7071067811865517916 ) ) ;
#914 = DIRECTION ( 'NONE',  ( 0.000000000000000000, 0.000000000000000000, 1.000000000000000000 ) ) ;
#915 = EDGE_LOOP ( 'NONE', ( #2223, #1493 ) ) ;
#916 = CARTESIAN_POINT ( 'NONE',  ( 30.87452238816638683, 0.000000000000000000, -0.5603217158177106194 ) ) ;
#917 = VERTEX_POINT ( 'NONE', #84 ) ;
#918 = ORIENTED_EDGE ( 'NONE', *, *, #514, .T. ) ;
#919 = EDGE_CURVE ( 'NONE', #1454, #917, #898, .T. ) ;
#920 = FACE_OUTER_BOUND ( 'NONE', #1362, .T. ) ;
#921 = CARTESIAN_POINT ( 'NONE',  ( 102.2788203753350871, 0.000000000000000000, 34.93967828418229971 ) ) ;
#922 = EDGE_CURVE ( 'NONE', #2028, #1724, #856, .T. ) ;
#923 = DIRECTION ( 'NONE',  ( 8.659560562354980929E-17, 0.7071067811865437980, -0.7071067811865513475 ) ) ;
#924 = CARTESIAN_POINT ( 'NONE',  ( 36.30136078930301835, 0.000000000000000000, 34.93967828418229971 ) ) ;
#925 = DIRECTION ( 'NONE',  ( 0.000000000000000000, 1.000000000000000000, 0.000000000000000000 ) ) ;
#926 = LINE ( 'NONE', #1997, #1813 ) ;
#927 = VERTEX_POINT ( 'NONE', #1370 ) ;
#928 = CARTESIAN_POINT ( 'NONE',  ( 37.99706104613566993, 0.000000000000000000, 36.77668689575100558 ) ) ;
#929 = ORIENTED_EDGE ( 'NONE', *, *, #1619, .T. ) ;
#930 = ORIENTED_EDGE ( 'NONE', *, *, #830, .F. ) ;
#931 = CONICAL_SURFACE ( 'NONE', #2643, 1.799999999999992495, 0.7853981633974541632 ) ;
#932 = DIRECTION ( 'NONE',  ( 0.000000000000000000, 0.000000000000000000, -1.000000000000000000 ) ) ;
#933 = DIRECTION ( 'NONE',  ( 0.000000000000000000, 0.000000000000000000, 1.000000000000000000 ) ) ;
#934 = VECTOR ( 'NONE', #895, 1000.000000000000000 ) ;
#935 = EDGE_CURVE ( 'NONE', #1262, #2421, #713, .T. ) ;
#936 = CIRCLE ( 'NONE', #666, 2.499999999999998668 ) ;
#937 = EDGE_CURVE ( 'NONE', #1075, #403, #2060, .T. ) ;
#938 = FACE_OUTER_BOUND ( 'NONE', #203, .T. ) ;
#939 = CIRCLE ( 'NONE', #200, 1.799999999999989164 ) ;
#940 = DIRECTION ( 'NONE',  ( -0.000000000000000000, -1.000000000000000000, -0.000000000000000000 ) ) ;
#941 = DIRECTION ( 'NONE',  ( 0.000000000000000000, 0.000000000000000000, 1.000000000000000000 ) ) ;
#942 = LINE ( 'NONE', #1970, #2165 ) ;
#943 = VERTEX_POINT ( 'NONE', #1609 ) ;
#944 = FACE_OUTER_BOUND ( 'NONE', #502, .T. ) ;
#945 = CIRCLE ( 'NONE', #720, 4.650000000000003020 ) ;
#946 = ORIENTED_EDGE ( 'NONE', *, *, #2121, .T. ) ;
#947 = ORIENTED_EDGE ( 'NONE', *, *, #1685, .T. ) ;
#948 = AXIS2_PLACEMENT_3D ( 'NONE', #343, #833, #1476 ) ;
#949 = CARTESIAN_POINT ( 'NONE',  ( -48.69863921069705270, 0.000000000000000000, -32.56032171581770740 ) ) ;
#950 = DIRECTION ( 'NONE',  ( -0.7348034446274878118, 0.000000000000000000, 0.6782801027330659371 ) ) ;
#951 =( NAMED_UNIT ( * ) PLANE_ANGLE_UNIT ( ) SI_UNIT ( $, .RADIAN. ) );
#952 = DIRECTION ( 'NONE',  ( 4.163336342344339393E-15, 0.000000000000000000, 1.000000000000000000 ) ) ;
#953 = EDGE_CURVE ( 'NONE', #2435, #227, #983, .T. ) ;
#954 = AXIS2_PLACEMENT_3D ( 'NONE', #2356, #2126, #899 ) ;
#955 = LINE ( 'NONE', #1871, #2809 ) ;
#956 = VERTEX_POINT ( 'NONE', #1335 ) ;
#957 = CARTESIAN_POINT ( 'NONE',  ( -70.22117962466492713, 11.00000000000000000, 37.43967828418229971 ) ) ;
#958 = VECTOR ( 'NONE', #1907, 1000.000000000000000 ) ;
#959 = ORIENTED_EDGE ( 'NONE', *, *, #1584, .T. ) ;
#960 = ADVANCED_FACE ( 'NONE', ( #2647 ), #1539, .F. ) ;
#961 = ORIENTED_EDGE ( 'NONE', *, *, #27, .T. ) ;
#962 = LINE ( 'NONE', #2261, #435 ) ;
#963 = CARTESIAN_POINT ( 'NONE',  ( 99.77882037533508708, 11.00000000000000000, 34.93967828418229971 ) ) ;
#964 = FACE_OUTER_BOUND ( 'NONE', #877, .T. ) ;
#965 = DIRECTION ( 'NONE',  ( 0.000000000000000000, 0.000000000000000000, 1.000000000000000000 ) ) ;
#966 = CARTESIAN_POINT ( 'NONE',  ( 78.25627996136722686, 11.00000000000000000, 37.43967828418229971 ) ) ;
#967 = ORIENTED_EDGE ( 'NONE', *, *, #1284, .T. ) ;
#968 = DIRECTION ( 'NONE',  ( 0.000000000000000000, 0.000000000000000000, -1.000000000000000000 ) ) ;
#969 = VERTEX_POINT ( 'NONE', #2032 ) ;
#970 = ADVANCED_FACE ( 'NONE', ( #1567 ), #290, .F. ) ;
#971 = ORIENTED_EDGE ( 'NONE', *, *, #1161, .T. ) ;
#972 = CARTESIAN_POINT ( 'NONE',  ( 102.2788203753350871, 0.000000000000000000, -30.06032171581770740 ) ) ;
#973 = VECTOR ( 'NONE', #824, 1000.000000000000000 ) ;
#974 = AXIS2_PLACEMENT_3D ( 'NONE', #2638, #1764, #901 ) ;
#975 = CARTESIAN_POINT ( 'NONE',  ( -47.00293895386437981, 11.00000000000000000, 36.77668689575101979 ) ) ;
#976 = PERSON_AND_ORGANIZATION_ROLE ( 'creator' ) ;
#977 = CARTESIAN_POINT ( 'NONE',  ( 97.27882037533508708, 11.00000000000000000, 32.43967828418229971 ) ) ;
#978 = CARTESIAN_POINT ( 'NONE',  ( -33.74372003863281577, 10.99999999999999645, -20.56032171581770740 ) ) ;
#979 = ORIENTED_EDGE ( 'NONE', *, *, #1413, .T. ) ;
#980 = CARTESIAN_POINT ( 'NONE',  ( -67.72117962466492713, 8.899999999999971934, -25.76032171581771379 ) ) ;
#981 = VERTEX_POINT ( 'NONE', #2006 ) ;
#982 = ORIENTED_EDGE ( 'NONE', *, *, #2419, .F. ) ;
#983 = CIRCLE ( 'NONE', #1844, 2.500000000000000444 ) ;
#984 = CARTESIAN_POINT ( 'NONE',  ( -33.74372003863281577, 11.00000000000000000, 27.93967828418229260 ) ) ;
#985 = EDGE_CURVE ( 'NONE', #1755, #1075, #72, .T. ) ;
#986 = EDGE_CURVE ( 'NONE', #223, #831, #69, .T. ) ;
#987 = VECTOR ( 'NONE', #2089, 1000.000000000000000 ) ;
#988 = EDGE_LOOP ( 'NONE', ( #717, #1059, #2598, #1738 ) ) ;
#989 = CARTESIAN_POINT ( 'NONE',  ( 28.37452238816638683, 0.000000000000000000, 4.339651956952703671 ) ) ;
#990 = EDGE_CURVE ( 'NONE', #1849, #2534, #1258, .T. ) ;
#991 = DIRECTION ( 'NONE',  ( -0.000000000000000000, -1.000000000000000000, -0.000000000000000000 ) ) ;
#992 = CARTESIAN_POINT ( 'NONE',  ( 63.30136078930298282, 0.000000000000000000, -23.06032171581770385 ) ) ;
#993 = CARTESIAN_POINT ( 'NONE',  ( 1.183118362503774001, 0.000000000000000000, 4.339651956952708112 ) ) ;
#994 = ORIENTED_EDGE ( 'NONE', *, *, #1958, .F. ) ;
#995 = VECTOR ( 'NONE', #1407, 1000.000000000000000 ) ;
#996 = VERTEX_POINT ( 'NONE', #1801 ) ;
#997 = ORIENTED_EDGE ( 'NONE', *, *, #1438, .F. ) ;
#998 = AXIS2_PLACEMENT_3D ( 'NONE', #2084, #2278, #1687 ) ;
#999 = DIRECTION ( 'NONE',  ( 0.000000000000000000, 0.000000000000000000, 1.000000000000000000 ) ) ;
#1000 = ORIENTED_EDGE ( 'NONE', *, *, #1737, .F. ) ;
#1001 = LINE ( 'NONE', #1490, #958 ) ;
#1002 = DIRECTION ( 'NONE',  ( -0.6782801027330659371, 0.000000000000000000, 0.7348034446274878118 ) ) ;
#1003 = CARTESIAN_POINT ( 'NONE',  ( 76.56057970453454686, 11.00000000000000000, -31.89733032738643104 ) ) ;
#1004 = EDGE_CURVE ( 'NONE', #223, #2724, #250, .T. ) ;
#1005 = DIRECTION ( 'NONE',  ( 0.000000000000000000, 0.000000000000000000, 1.000000000000000000 ) ) ;
#1006 = PLANE ( 'NONE',  #2566 ) ;
#1007 = CARTESIAN_POINT ( 'NONE',  ( -72.72117962466492713, 11.00000000000000000, -32.56032171581770740 ) ) ;
#1008 = ORIENTED_EDGE ( 'NONE', *, *, #2266, .F. ) ;
#1009 = ORIENTED_EDGE ( 'NONE', *, *, #2384, .F. ) ;
#1010 = VERTEX_POINT ( 'NONE', #35 ) ;
#1011 = LINE ( 'NONE', #803, #1387 ) ;
#1012 = ORIENTED_EDGE ( 'NONE', *, *, #646, .F. ) ;
#1013 = PLANE ( 'NONE',  #998 ) ;
#1014 = FACE_OUTER_BOUND ( 'NONE', #588, .T. ) ;
#1015 = CARTESIAN_POINT ( 'NONE',  ( -72.72117962466492713, 11.00000000000000000, 34.93967828418229971 ) ) ;
#1016 = CALENDAR_DATE ( 2026, 10, 6 ) ;
#1017 = CARTESIAN_POINT ( 'NONE',  ( 30.06349790720553372, 0.000000000000000000, -1.303488730613436175 ) ) ;
#1018 = AXIS2_PLACEMENT_3D ( 'NONE', #724, #2617, #1594 ) ;
#1019 = EDGE_CURVE ( 'NONE', #2353, #549, #672, .T. ) ;
#1020 = EDGE_CURVE ( 'NONE', #1950, #2125, #25, .T. ) ;
#1021 = FACE_BOUND ( 'NONE', #1375, .T. ) ;
#1022 = DIRECTION ( 'NONE',  ( 0.000000000000000000, 0.000000000000000000, -1.000000000000000000 ) ) ;
#1023 = EDGE_LOOP ( 'NONE', ( #796, #1238, #806, #787 ) ) ;
#1024 = EDGE_CURVE ( 'NONE', #147, #2619, #1814, .T. ) ;
#1025 = CIRCLE ( 'NONE', #2604, 4.649999999999997691 ) ;
#1026 = CIRCLE ( 'NONE', #2237, 2.500000000000002220 ) ;
#1027 = ORIENTED_EDGE ( 'NONE', *, *, #1821, .F. ) ;
#1028 = AXIS2_PLACEMENT_3D ( 'NONE', #2700, #1414, #932 ) ;
#1029 = EDGE_LOOP ( 'NONE', ( #2011, #240, #971, #368 ) ) ;
#1030 = DIRECTION ( 'NONE',  ( 0.000000000000000000, 0.000000000000000000, 1.000000000000000000 ) ) ;
#1031 = DIRECTION ( 'NONE',  ( 0.000000000000000000, 1.000000000000000000, 0.000000000000000000 ) ) ;
#1032 = ORIENTED_EDGE ( 'NONE', *, *, #2311, .T. ) ;
#1033 = AXIS2_PLACEMENT_3D ( 'NONE', #2204, #47, #2447 ) ;
#1034 = CARTESIAN_POINT ( 'NONE',  ( -0.5058571565353751076, 0.000000000000000000, -1.303488730613429292 ) ) ;
#1035 = FACE_OUTER_BOUND ( 'NONE', #658, .T. ) ;
#1036 = AXIS2_PLACEMENT_3D ( 'NONE', #2627, #2383, #1087 ) ;
#1037 = FACE_BOUND ( 'NONE', #1398, .T. ) ;
#1038 = DIRECTION ( 'NONE',  ( -0.000000000000000000, 0.000000000000000000, -1.000000000000000000 ) ) ;
#1039 = ORIENTED_EDGE ( 'NONE', *, *, #88, .T. ) ;
#1040 = EDGE_CURVE ( 'NONE', #2161, #872, #157, .T. ) ;
#1041 = ORIENTED_EDGE ( 'NONE', *, *, #903, .F. ) ;
#1042 = EDGE_CURVE ( 'NONE', #2547, #285, #394, .T. ) ;
#1043 = FACE_BOUND ( 'NONE', #786, .T. ) ;
#1044 = ORIENTED_EDGE ( 'NONE', *, *, #1320, .F. ) ;
#1045 = FACE_OUTER_BOUND ( 'NONE', #504, .T. ) ;
#1046 = CYLINDRICAL_SURFACE ( 'NONE', #445, 2.499999999999998668 ) ;
#1047 = PRODUCT ( 'PSU Side Mount 1 wCutout', 'PSU Side Mount 1 wCutout', '', ( #2676 ) ) ;
#1048 = ORIENTED_EDGE ( 'NONE', *, *, #2767, .F. ) ;
#1049 = DIRECTION ( 'NONE',  ( 0.000000000000000000, 1.000000000000000000, 0.000000000000000000 ) ) ;
#1050 = DATE_AND_TIME ( #363, #1296 ) ;
#1051 = CYLINDRICAL_SURFACE ( 'NONE', #2325, 1.799999999999992495 ) ;
#1052 = CARTESIAN_POINT ( 'NONE',  ( 89.77882037533504445, 6.200000000000000178, -8.060321715817705623 ) ) ;
#1053 = DIRECTION ( 'NONE',  ( 0.000000000000000000, 0.000000000000000000, 1.000000000000000000 ) ) ;
#1054 = ORIENTED_EDGE ( 'NONE', *, *, #217, .T. ) ;
#1055 = DIRECTION ( 'NONE',  ( -0.000000000000000000, -1.000000000000000000, -0.000000000000000000 ) ) ;
#1056 = EDGE_CURVE ( 'NONE', #1989, #1262, #440, .T. ) ;
#1057 = EDGE_LOOP ( 'NONE', ( #1229, #1642, #1172, #2256 ) ) ;
#1058 = DIRECTION ( 'NONE',  ( -0.000000000000000000, 1.000000000000000000, -0.000000000000000000 ) ) ;
#1059 = ORIENTED_EDGE ( 'NONE', *, *, #90, .T. ) ;
#1060 = ORIENTED_EDGE ( 'NONE', *, *, #6, .F. ) ;
#1061 = FACE_OUTER_BOUND ( 'NONE', #1760, .T. ) ;
#1062 = LINE ( 'NONE', #393, #242 ) ;
#1063 = CARTESIAN_POINT ( 'NONE',  ( 49.56057970453454686, 10.99999999999999645, 26.10266967261357607 ) ) ;
#1064 = CARTESIAN_POINT ( 'NONE',  ( 64.99706104613564150, 0.000000000000000000, -21.22331310424898376 ) ) ;
#1065 = AXIS2_PLACEMENT_3D ( 'NONE', #2293, #1240, #2536 ) ;
#1066 = VECTOR ( 'NONE', #1558, 1000.000000000000000 ) ;
#1067 = ORIENTED_EDGE ( 'NONE', *, *, #214, .F. ) ;
#1068 = AXIS2_PLACEMENT_3D ( 'NONE', #1403, #1596, #2685 ) ;
#1069 = PLANE ( 'NONE',  #2554 ) ;
#1070 = AXIS2_PLACEMENT_3D ( 'NONE', #2592, #495, #1108 ) ;
#1071 = ORIENTED_EDGE ( 'NONE', *, *, #179, .T. ) ;
#1072 = DIRECTION ( 'NONE',  ( -0.000000000000000000, 1.000000000000000000, 0.000000000000000000 ) ) ;
#1073 = ADVANCED_FACE ( 'NONE', ( #1882 ), #2796, .F. ) ;
#1074 = ADVANCED_FACE ( 'NONE', ( #2044 ), #96, .F. ) ;
#1075 = VERTEX_POINT ( 'NONE', #1843 ) ;
#1076 = CARTESIAN_POINT ( 'NONE',  ( 49.56057970453454686, 0.000000000000000000, 26.10266967261357607 ) ) ;
#1077 = EDGE_CURVE ( 'NONE', #2695, #1173, #2612, .T. ) ;
#1078 = DIRECTION ( 'NONE',  ( -0.000000000000000000, 1.000000000000000000, -0.000000000000000000 ) ) ;
#1079 = CIRCLE ( 'NONE', #2468, 2.500000000000000444 ) ;
#1080 = VECTOR ( 'NONE', #825, 1000.000000000000000 ) ;
#1081 = CARTESIAN_POINT ( 'NONE',  ( 11.06204168592840631, 11.00000000000000000, -11.90351505784301978 ) ) ;
#1082 = ORIENTED_EDGE ( 'NONE', *, *, #1320, .T. ) ;
#1083 = FACE_OUTER_BOUND ( 'NONE', #2776, .T. ) ;
#1084 = ORIENTED_EDGE ( 'NONE', *, *, #1938, .F. ) ;
#1085 = CARTESIAN_POINT ( 'NONE',  ( -70.22117962466492713, 0.000000000000000000, 34.93967828418229971 ) ) ;
#1086 = ORIENTED_EDGE ( 'NONE', *, *, #1004, .F. ) ;
#1087 = DIRECTION ( 'NONE',  ( 0.000000000000000000, 0.000000000000000000, 1.000000000000000000 ) ) ;
#1088 = VECTOR ( 'NONE', #2678, 1000.000000000000000 ) ;
#1089 = ORIENTED_EDGE ( 'NONE', *, *, #922, .T. ) ;
#1090 = CARTESIAN_POINT ( 'NONE',  ( -72.72117962466492713, 0.000000000000000000, 37.43967828418229971 ) ) ;
#1091 = DIRECTION ( 'NONE',  ( 0.000000000000000000, 1.000000000000000000, 0.000000000000000000 ) ) ;
#1092 = VECTOR ( 'NONE', #492, 1000.000000000000000 ) ;
#1093 = CIRCLE ( 'NONE', #81, 2.500000000000000444 ) ;
#1094 = EDGE_CURVE ( 'NONE', #432, #969, #626, .T. ) ;
#1095 = DIRECTION ( 'NONE',  ( -0.000000000000000000, 1.000000000000000000, 0.000000000000000000 ) ) ;
#1096 = VERTEX_POINT ( 'NONE', #1636 ) ;
#1097 = DIRECTION ( 'NONE',  ( 1.665334536937735757E-14, 0.000000000000000000, 1.000000000000000000 ) ) ;
#1098 = AXIS2_PLACEMENT_3D ( 'NONE', #859, #1723, #1525 ) ;
#1099 = VERTEX_POINT ( 'NONE', #2528 ) ;
#1100 = DIRECTION ( 'NONE',  ( -0.000000000000000000, -0.000000000000000000, -1.000000000000000000 ) ) ;
#1101 = ORIENTED_EDGE ( 'NONE', *, *, #1902, .T. ) ;
#1102 = PLANE ( 'NONE',  #260 ) ;
#1103 = ORIENTED_EDGE ( 'NONE', *, *, #1551, .T. ) ;
#1104 = CARTESIAN_POINT ( 'NONE',  ( 37.99706104613566993, 11.00000000000000000, 36.77668689575100558 ) ) ;
#1105 = LINE ( 'NONE', #1198, #2688 ) ;
#1106 = DIRECTION ( 'NONE',  ( -0.7348034446274878118, 0.000000000000000000, -0.6782801027330659371 ) ) ;
#1107 = ORIENTED_EDGE ( 'NONE', *, *, #2397, .F. ) ;
#1108 = DIRECTION ( 'NONE',  ( 0.000000000000000000, 0.000000000000000000, -1.000000000000000000 ) ) ;
#1109 = EDGE_CURVE ( 'NONE', #1173, #2695, #2286, .T. ) ;
#1110 = EDGE_CURVE ( 'NONE', #866, #1860, #2020, .T. ) ;
#1111 = LINE ( 'NONE', #2650, #733 ) ;
#1112 = EDGE_CURVE ( 'NONE', #927, #1363, #2512, .T. ) ;
#1113 = VERTEX_POINT ( 'NONE', #1017 ) ;
#1114 = FACE_OUTER_BOUND ( 'NONE', #1410, .T. ) ;
#1115 = CIRCLE ( 'NONE', #2327, 2.499999999999998668 ) ;
#1116 = VERTEX_POINT ( 'NONE', #1868 ) ;
#1117 = CARTESIAN_POINT ( 'NONE',  ( -67.72117962466492713, 8.900000000000000355, 30.63967828418230255 ) ) ;
#1118 = VECTOR ( 'NONE', #2772, 1000.000000000000000 ) ;
#1119 = LINE ( 'NONE', #448, #1207 ) ;
#1120 = AXIS2_PLACEMENT_3D ( 'NONE', #1554, #2160, #1582 ) ;
#1121 = DIRECTION ( 'NONE',  ( -0.000000000000000000, -1.000000000000000000, -0.000000000000000000 ) ) ;
#1122 = FACE_OUTER_BOUND ( 'NONE', #697, .T. ) ;
#1123 = ORIENTED_EDGE ( 'NONE', *, *, #1604, .F. ) ;
#1124 = DIRECTION ( 'NONE',  ( 0.000000000000000000, 0.000000000000000000, -1.000000000000000000 ) ) ;
#1125 = DIRECTION ( 'NONE',  ( 0.7372773368101253055, 0.000000000000000000, 0.6755902076156587999 ) ) ;
#1126 = VECTOR ( 'NONE', #2349, 1000.000000000000000 ) ;
#1127 = EDGE_CURVE ( 'NONE', #917, #1454, #1935, .T. ) ;
#1128 = DIRECTION ( 'NONE',  ( 0.000000000000000000, 0.000000000000000000, 1.000000000000000000 ) ) ;
#1129 = ORIENTED_EDGE ( 'NONE', *, *, #1042, .T. ) ;
#1130 = DIRECTION ( 'NONE',  ( 0.000000000000000000, 0.000000000000000000, -1.000000000000000000 ) ) ;
#1131 = ORIENTED_EDGE ( 'NONE', *, *, #225, .T. ) ;
#1132 = ADVANCED_FACE ( 'NONE', ( #2729 ), #1189, .F. ) ;
#1133 = DIRECTION ( 'NONE',  ( -0.7348034446274875897, -0.000000000000000000, 0.6782801027330660482 ) ) ;
#1134 = PRODUCT_DEFINITION ( 'UNKNOWN', '', #2014, #1519 ) ;
#1135 = CARTESIAN_POINT ( 'NONE',  ( 99.77882037533508708, 11.00000000000000000, -30.06032171581770740 ) ) ;
#1136 = DIRECTION ( 'NONE',  ( -0.000000000000000000, 1.000000000000000000, -0.000000000000000000 ) ) ;
#1137 = CARTESIAN_POINT ( 'NONE',  ( -1.316881637496225999, 0.000000000000000000, -0.5603217158177049573 ) ) ;
#1138 = ORIENTED_EDGE ( 'NONE', *, *, #1869, .T. ) ;
#1139 = DIRECTION ( 'NONE',  ( -0.000000000000000000, -1.000000000000000000, -0.000000000000000000 ) ) ;
#1140 = VECTOR ( 'NONE', #2097, 1000.000000000000000 ) ;
#1141 = FACE_BOUND ( 'NONE', #1921, .T. ) ;
#1142 = CARTESIAN_POINT ( 'NONE',  ( -67.72117962466492713, 8.899999999999971934, -27.56032171581770740 ) ) ;
#1143 = ORIENTED_EDGE ( 'NONE', *, *, #561, .F. ) ;
#1144 = LINE ( 'NONE', #957, #1442 ) ;
#1145 = ORIENTED_EDGE ( 'NONE', *, *, #1535, .T. ) ;
#1146 = ORIENTED_EDGE ( 'NONE', *, *, #2537, .T. ) ;
#1147 = ADVANCED_FACE ( 'NONE', ( #1451 ), #782, .T. ) ;
#1148 = CARTESIAN_POINT ( 'NONE',  ( -21.69863921069704915, 11.00000000000000000, 25.43967828418229260 ) ) ;
#1149 = CARTESIAN_POINT ( 'NONE',  ( -47.72117962466493424, 11.00000000000000000, -32.56032171581770740 ) ) ;
#1150 = DIRECTION ( 'NONE',  ( 1.000000000000000000, -0.000000000000000000, -0.000000000000000000 ) ) ;
#1151 = CARTESIAN_POINT ( 'NONE',  ( 11.06204168592840453, 11.00000000000000000, 16.78287162620760853 ) ) ;
#1152 = CARTESIAN_POINT ( 'NONE',  ( 0.000000000000000000, 11.00000000000000000, 0.000000000000000000 ) ) ;
#1153 = CARTESIAN_POINT ( 'NONE',  ( -67.72117962466492713, 0.000000000000000000, 32.43967828418229260 ) ) ;
#1154 = ORIENTED_EDGE ( 'NONE', *, *, #176, .F. ) ;
#1155 = DIRECTION ( 'NONE',  ( -0.000000000000000000, -1.000000000000000000, -0.000000000000000000 ) ) ;
#1156 = ORIENTED_EDGE ( 'NONE', *, *, #2121, .F. ) ;
#1157 = ORIENTED_EDGE ( 'NONE', *, *, #937, .T. ) ;
#1158 = FACE_OUTER_BOUND ( 'NONE', #2138, .T. ) ;
#1159 = EDGE_CURVE ( 'NONE', #2149, #359, #1717, .T. ) ;
#1160 = VECTOR ( 'NONE', #1321, 1000.000000000000000 ) ;
#1161 = EDGE_CURVE ( 'NONE', #1989, #850, #1467, .T. ) ;
#1162 = ORGANIZATION ( 'UNSPECIFIED', 'UNSPECIFIED', '' ) ;
#1163 = DIRECTION ( 'NONE',  ( -1.000000000000000000, 0.000000000000000000, -0.000000000000000000 ) ) ;
#1164 = CIRCLE ( 'NONE', #105, 2.500000000000000444 ) ;
#1165 = CARTESIAN_POINT ( 'NONE',  ( 89.77882037533504445, 11.00000000000000000, -5.760321715817712906 ) ) ;
#1166 = DIRECTION ( 'NONE',  ( -0.000000000000000000, -1.000000000000000000, -0.000000000000000000 ) ) ;
#1167 = EDGE_CURVE ( 'NONE', #1271, #1804, #2471, .T. ) ;
#1168 = DIRECTION ( 'NONE',  ( 0.000000000000000000, 0.000000000000000000, -1.000000000000000000 ) ) ;
#1169 = ORIENTED_EDGE ( 'NONE', *, *, #1389, .T. ) ;
#1170 = CARTESIAN_POINT ( 'NONE',  ( -60.22117962466494134, 6.200000000000000178, -8.060321715817705623 ) ) ;
#1171 = AXIS2_PLACEMENT_3D ( 'NONE', #726, #304, #965 ) ;
#1172 = ORIENTED_EDGE ( 'NONE', *, *, #1440, .F. ) ;
#1173 = VERTEX_POINT ( 'NONE', #535 ) ;
#1174 = VECTOR ( 'NONE', #2115, 1000.000000000000000 ) ;
#1175 = DIRECTION ( 'NONE',  ( 0.000000000000000000, -1.000000000000000000, 0.000000000000000000 ) ) ;
#1176 = LINE ( 'NONE', #739, #2054 ) ;
#1177 = DIRECTION ( 'NONE',  ( 0.000000000000000000, 1.000000000000000000, 0.000000000000000000 ) ) ;
#1178 = EDGE_CURVE ( 'NONE', #1275, #689, #316, .T. ) ;
#1179 = AXIS2_PLACEMENT_3D ( 'NONE', #1943, #174, #2515 ) ;
#1180 = CARTESIAN_POINT ( 'NONE',  ( -35.43942029546548156, 0.000000000000000000, -21.22331310424898376 ) ) ;
#1181 = ORIENTED_EDGE ( 'NONE', *, *, #2682, .F. ) ;
#1182 = CYLINDRICAL_SURFACE ( 'NONE', #2564, 2.499999999999998668 ) ;
#1183 = ORIENTED_EDGE ( 'NONE', *, *, #127, .F. ) ;
#1184 = ORIENTED_EDGE ( 'NONE', *, *, #745, .F. ) ;
#1185 = ORIENTED_EDGE ( 'NONE', *, *, #2384, .T. ) ;
#1186 = DIRECTION ( 'NONE',  ( 0.000000000000000000, -1.000000000000000000, -0.000000000000000000 ) ) ;
#1187 = DIRECTION ( 'NONE',  ( 0.000000000000000000, 1.000000000000000000, -0.000000000000000000 ) ) ;
#1188 = DIRECTION ( 'NONE',  ( -0.7348034446274875897, 0.000000000000000000, -0.6782801027330661592 ) ) ;
#1189 = CYLINDRICAL_SURFACE ( 'NONE', #396, 2.499999999999998668 ) ;
#1190 = DIRECTION ( 'NONE',  ( -0.000000000000000000, 1.000000000000000000, -0.000000000000000000 ) ) ;
#1191 = ADVANCED_FACE ( 'NONE', ( #1663, #1220, #1021, #2794, #2774, #810, #1037, #643 ), #1278, .F. ) ;
#1192 = ORIENTED_EDGE ( 'NONE', *, *, #1316, .T. ) ;
#1193 = ADVANCED_FACE ( 'NONE', ( #2577 ), #1006, .F. ) ;
#1194 = CARTESIAN_POINT ( 'NONE',  ( -60.22117962466494134, 11.00000000000000000, -10.36032171581770633 ) ) ;
#1195 = EDGE_CURVE ( 'NONE', #1804, #167, #1722, .T. ) ;
#1196 = VERTEX_POINT ( 'NONE', #2077 ) ;
#1197 = VERTEX_POINT ( 'NONE', #1483 ) ;
#1198 = CARTESIAN_POINT ( 'NONE',  ( -67.72117962466492713, 0.000000000000000000, -29.36032171581769745 ) ) ;
#1199 = ORIENTED_EDGE ( 'NONE', *, *, #2594, .T. ) ;
#1200 = LINE ( 'NONE', #2715, #1728 ) ;
#1201 = VECTOR ( 'NONE', #2112, 1000.000000000000000 ) ;
#1202 = AXIS2_PLACEMENT_3D ( 'NONE', #239, #8, #1777 ) ;
#1203 = DIRECTION ( 'NONE',  ( 0.000000000000000000, -0.000000000000000000, -1.000000000000000000 ) ) ;
#1204 = APPLICATION_PROTOCOL_DEFINITION ( 'international standard', 'config_control_design', 1994, #764 ) ;
#1205 = AXIS2_PLACEMENT_3D ( 'NONE', #59, #519, #71 ) ;
#1206 = DIRECTION ( 'NONE',  ( 0.000000000000000000, 0.000000000000000000, 1.000000000000000000 ) ) ;
#1207 = VECTOR ( 'NONE', #1302, 1000.000000000000000 ) ;
#1208 = CARTESIAN_POINT ( 'NONE',  ( -1.316881637496225999, 11.00000000000000000, 0.5397046114118816407 ) ) ;
#1209 = VERTEX_POINT ( 'NONE', #173 ) ;
#1210 = ORIENTED_EDGE ( 'NONE', *, *, #1178, .F. ) ;
#1211 = EDGE_LOOP ( 'NONE', ( #2737, #2797 ) ) ;
#1212 = AXIS2_PLACEMENT_3D ( 'NONE', #2102, #2285, #1206 ) ;
#1213 = DIRECTION ( 'NONE',  ( -0.000000000000000000, -1.000000000000000000, 0.000000000000000000 ) ) ;
#1214 = EDGE_CURVE ( 'NONE', #1862, #1674, #2131, .T. ) ;
#1215 = CARTESIAN_POINT ( 'NONE',  ( 89.77882037533504445, 0.000000000000000000, -3.410321715817708821 ) ) ;
#1216 = PLANE ( 'NONE',  #1308 ) ;
#1217 = APPROVAL ( #2511, 'UNSPECIFIED' ) ;
#1218 = DIRECTION ( 'NONE',  ( -0.000000000000000000, -1.000000000000000000, -0.000000000000000000 ) ) ;
#1219 = DIRECTION ( 'NONE',  ( 0.000000000000000000, 1.000000000000000000, 0.000000000000000000 ) ) ;
#1220 = FACE_OUTER_BOUND ( 'NONE', #2693, .T. ) ;
#1221 = CARTESIAN_POINT ( 'NONE',  ( -21.69863921069704560, 0.000000000000000000, -20.56032171581770740 ) ) ;
#1222 = VERTEX_POINT ( 'NONE', #1912 ) ;
#1223 = CIRCLE ( 'NONE', #2075, 2.500000000000000000 ) ;
#1224 = VERTEX_POINT ( 'NONE', #593 ) ;
#1225 = ORIENTED_EDGE ( 'NONE', *, *, #1020, .F. ) ;
#1226 = CIRCLE ( 'NONE', #1597, 1.799999999999992495 ) ;
#1227 = DIRECTION ( 'NONE',  ( 1.000000000000000000, 0.000000000000000000, 0.000000000000000000 ) ) ;
#1228 = CARTESIAN_POINT ( 'NONE',  ( -67.72117962466492713, 8.900000000000000355, 34.23967828418228265 ) ) ;
#1229 = ORIENTED_EDGE ( 'NONE', *, *, #484, .T. ) ;
#1230 = EDGE_CURVE ( 'NONE', #1113, #1693, #1468, .T. ) ;
#1231 = ADVANCED_FACE ( 'NONE', ( #1870 ), #348, .F. ) ;
#1232 = DIRECTION ( 'NONE',  ( -0.000000000000000000, -1.000000000000000000, 0.000000000000000000 ) ) ;
#1233 = COORDINATED_UNIVERSAL_TIME_OFFSET ( 5, 0, .BEHIND. ) ;
#1234 = DIRECTION ( 'NONE',  ( 0.000000000000000000, 0.000000000000000000, -1.000000000000000000 ) ) ;
#1235 = DIRECTION ( 'NONE',  ( 1.000000000000000000, 0.000000000000000000, 0.000000000000000000 ) ) ;
#1236 = CARTESIAN_POINT ( 'NONE',  ( -60.22117962466494134, 11.00000000000000000, -10.36032171581770633 ) ) ;
#1237 = EDGE_LOOP ( 'NONE', ( #562, #2691, #649, #1474 ) ) ;
#1238 = ORIENTED_EDGE ( 'NONE', *, *, #874, .F. ) ;
#1239 = EDGE_LOOP ( 'NONE', ( #2765, #1185, #1192, #771 ) ) ;
#1240 = DIRECTION ( 'NONE',  ( 0.000000000000000000, 1.000000000000000000, 0.000000000000000000 ) ) ;
#1241 = DIRECTION ( 'NONE',  ( 0.000000000000000000, 1.000000000000000000, 0.000000000000000000 ) ) ;
#1242 = CARTESIAN_POINT ( 'NONE',  ( -67.72117962466492713, 8.900000000000000355, 34.23967828418228265 ) ) ;
#1243 = ADVANCED_FACE ( 'NONE', ( #1707 ), #794, .F. ) ;
#1244 = LINE ( 'NONE', #2744, #1118 ) ;
#1245 = CIRCLE ( 'NONE', #749, 4.650000000000003020 ) ;
#1246 = COORDINATED_UNIVERSAL_TIME_OFFSET ( 5, 0, .BEHIND. ) ;
#1247 = DIRECTION ( 'NONE',  ( 0.000000000000000000, 1.000000000000000000, 0.000000000000000000 ) ) ;
#1248 = CIRCLE ( 'NONE', #383, 3.900000000000045652 ) ;
#1249 = CARTESIAN_POINT ( 'NONE',  ( 51.25627996136721976, 0.000000000000000000, 27.93967828418229971 ) ) ;
#1250 = CARTESIAN_POINT ( 'NONE',  ( -67.72117962466492713, 8.899999999999971934, -25.76032171581771379 ) ) ;
#1251 = ORIENTED_EDGE ( 'NONE', *, *, #2170, .T. ) ;
#1252 = VECTOR ( 'NONE', #2117, 1000.000000000000000 ) ;
#1253 = AXIS2_PLACEMENT_3D ( 'NONE', #19, #2646, #671 ) ;
#1254 = ORIENTED_EDGE ( 'NONE', *, *, #1331, .T. ) ;
#1255 = ORIENTED_EDGE ( 'NONE', *, *, #1268, .T. ) ;
#1256 = DIRECTION ( 'NONE',  ( 0.000000000000000000, 0.000000000000000000, -1.000000000000000000 ) ) ;
#1257 = ORIENTED_EDGE ( 'NONE', *, *, #2614, .T. ) ;
#1258 = CIRCLE ( 'NONE', #2702, 2.299999999999999822 ) ;
#1259 = CARTESIAN_POINT ( 'NONE',  ( -1.316881637496225999, 0.000000000000000000, -0.5603217158177049573 ) ) ;
#1260 = ORIENTED_EDGE ( 'NONE', *, *, #778, .F. ) ;
#1261 = AXIS2_PLACEMENT_3D ( 'NONE', #365, #1677, #592 ) ;
#1262 = VERTEX_POINT ( 'NONE', #366 ) ;
#1263 = DIRECTION ( 'NONE',  ( -0.000000000000000000, -1.000000000000000000, -0.000000000000000000 ) ) ;
#1264 = DIRECTION ( 'NONE',  ( 0.000000000000000000, 0.000000000000000000, 1.000000000000000000 ) ) ;
#1265 = CARTESIAN_POINT ( 'NONE',  ( -34.72117962466493424, 0.000000000000000000, -20.56032171581770740 ) ) ;
#1266 = LINE ( 'NONE', #579, #912 ) ;
#1267 = ORIENTED_EDGE ( 'NONE', *, *, #2135, .T. ) ;
#1268 = EDGE_CURVE ( 'NONE', #1363, #2435, #1452, .T. ) ;
#1269 = ORIENTED_EDGE ( 'NONE', *, *, #2225, .F. ) ;
#1270 = DIRECTION ( 'NONE',  ( 0.000000000000000000, -1.000000000000000000, 0.000000000000000000 ) ) ;
#1271 = VERTEX_POINT ( 'NONE', #1500 ) ;
#1272 = AXIS2_PLACEMENT_3D ( 'NONE', #159, #423, #1053 ) ;
#1273 = LINE ( 'NONE', #1568, #586 ) ;
#1274 = EDGE_LOOP ( 'NONE', ( #1060, #2259, #1696, #209 ) ) ;
#1275 = VERTEX_POINT ( 'NONE', #1898 ) ;
#1276 = CARTESIAN_POINT ( 'NONE',  ( 36.30136078930298993, 11.00000000000000000, -32.56032171581770740 ) ) ;
#1277 = LINE ( 'NONE', #881, #885 ) ;
#1278 = PLANE ( 'NONE',  #2290 ) ;
#1279 = CYLINDRICAL_SURFACE ( 'NONE', #1098, 1.799999999999992495 ) ;
#1280 = ADVANCED_FACE ( 'NONE', ( #2287 ), #131, .F. ) ;
#1281 = ADVANCED_FACE ( 'NONE', ( #608 ), #2514, .F. ) ;
#1282 = ORIENTED_EDGE ( 'NONE', *, *, #1374, .T. ) ;
#1283 = CYLINDRICAL_SURFACE ( 'NONE', #751, 2.500000000000000444 ) ;
#1284 = EDGE_CURVE ( 'NONE', #1724, #2655, #2562, .T. ) ;
#1285 = ORIENTED_EDGE ( 'NONE', *, *, #1499, .F. ) ;
#1286 = CARTESIAN_POINT ( 'NONE',  ( -21.69863921069704915, 11.00000000000000000, 25.43967828418229260 ) ) ;
#1287 = ORIENTED_EDGE ( 'NONE', *, *, #563, .F. ) ;
#1288 = DIRECTION ( 'NONE',  ( 0.000000000000000000, 0.000000000000000000, 1.000000000000000000 ) ) ;
#1289 = CARTESIAN_POINT ( 'NONE',  ( -72.72117962466492713, 11.00000000000000000, 37.43967828418229971 ) ) ;
#1290 = CARTESIAN_POINT ( 'NONE',  ( -67.72117962466492713, 8.900000000000000355, 30.63967828418230255 ) ) ;
#1291 = CARTESIAN_POINT ( 'NONE',  ( -60.22117962466494134, 6.200000000000000178, -3.410321715817703048 ) ) ;
#1292 = MANIFOLD_SOLID_BREP ( 'Fillet2', #1448 ) ;
#1293 = EDGE_LOOP ( 'NONE', ( #704, #967, #2607, #670 ) ) ;
#1294 = VECTOR ( 'NONE', #1106, 1000.000000000000114 ) ;
#1295 = DIRECTION ( 'NONE',  ( 0.000000000000000000, 0.000000000000000000, 1.000000000000000000 ) ) ;
#1296 = LOCAL_TIME ( 12, 7, 31.00000000000000000, #1233 ) ;
#1297 = AXIS2_PLACEMENT_3D ( 'NONE', #2454, #286, #505 ) ;
#1298 = ORIENTED_EDGE ( 'NONE', *, *, #779, .F. ) ;
#1299 = CARTESIAN_POINT ( 'NONE',  ( -47.72117962466493424, 0.000000000000000000, 37.43967828418229971 ) ) ;
#1300 = ADVANCED_FACE ( 'NONE', ( #410 ), #858, .F. ) ;
#1301 = VERTEX_POINT ( 'NONE', #16 ) ;
#1302 = DIRECTION ( 'NONE',  ( -0.000000000000000000, -1.000000000000000000, -0.000000000000000000 ) ) ;
#1303 = DIRECTION ( 'NONE',  ( 0.000000000000000000, 1.000000000000000000, -0.000000000000000000 ) ) ;
#1304 = VECTOR ( 'NONE', #913, 1000.000000000000000 ) ;
#1305 = CYLINDRICAL_SURFACE ( 'NONE', #2429, 2.500000000000000444 ) ;
#1306 = EDGE_LOOP ( 'NONE', ( #1156, #2040, #168, #1395 ) ) ;
#1307 = PLANE ( 'NONE',  #1120 ) ;
#1308 = AXIS2_PLACEMENT_3D ( 'NONE', #2757, #601, #618 ) ;
#1309 = ORIENTED_EDGE ( 'NONE', *, *, #514, .F. ) ;
#1310 = CARTESIAN_POINT ( 'NONE',  ( 89.77882037533504445, 11.00000000000000000, -5.760321715817712906 ) ) ;
#1311 = ORIENTED_EDGE ( 'NONE', *, *, #2239, .T. ) ;
#1312 = DIRECTION ( 'NONE',  ( -0.000000000000000000, 1.000000000000000000, -0.000000000000000000 ) ) ;
#1313 = VECTOR ( 'NONE', #1610, 1000.000000000000000 ) ;
#1314 = ORIENTED_EDGE ( 'NONE', *, *, #232, .T. ) ;
#1315 = CARTESIAN_POINT ( 'NONE',  ( -0.5058571565353733313, 0.000000000000000000, 6.182845298978021376 ) ) ;
#1316 = EDGE_CURVE ( 'NONE', #1903, #1862, #1785, .T. ) ;
#1317 = ADVANCED_FACE ( 'NONE', ( #1122 ), #1305, .F. ) ;
#1318 = DIRECTION ( 'NONE',  ( 0.000000000000000000, 0.000000000000000000, 1.000000000000000000 ) ) ;
#1319 = VECTOR ( 'NONE', #327, 1000.000000000000000 ) ;
#1320 = EDGE_CURVE ( 'NONE', #134, #68, #2063, .T. ) ;
#1321 = DIRECTION ( 'NONE',  ( 0.000000000000000000, 1.000000000000000000, 0.000000000000000000 ) ) ;
#1322 = ORIENTED_EDGE ( 'NONE', *, *, #103, .T. ) ;
#1323 = CARTESIAN_POINT ( 'NONE',  ( 76.56057970453454686, 0.000000000000000000, -31.89733032738643104 ) ) ;
#1324 = CARTESIAN_POINT ( 'NONE',  ( -20.00293895386437981, 11.00000000000000000, 26.10266967261357252 ) ) ;
#1325 = ORIENTED_EDGE ( 'NONE', *, *, #427, .F. ) ;
#1326 = CARTESIAN_POINT ( 'NONE',  ( -72.72117962466492713, 11.00000000000000000, 37.43967828418229971 ) ) ;
#1327 = VERTEX_POINT ( 'NONE', #422 ) ;
#1328 = DIRECTION ( 'NONE',  ( 0.000000000000000000, 1.000000000000000000, 0.000000000000000000 ) ) ;
#1329 = CARTESIAN_POINT ( 'NONE',  ( 89.77882037533504445, 0.000000000000000000, -8.060321715817705623 ) ) ;
#1330 = CARTESIAN_POINT ( 'NONE',  ( 16.80662354570261030, 0.000000000000000000, -12.56032171581770562 ) ) ;
#1331 = EDGE_CURVE ( 'NONE', #1327, #2465, #2660, .T. ) ;
#1332 = CARTESIAN_POINT ( 'NONE',  ( 12.75101720496755497, 0.000000000000000000, 14.93967828418229615 ) ) ;
#1333 = ORIENTED_EDGE ( 'NONE', *, *, #731, .F. ) ;
#1334 = LINE ( 'NONE', #1968, #2057 ) ;
#1335 = CARTESIAN_POINT ( 'NONE',  ( -20.00293895386437981, 0.000000000000000000, -21.22331310424898376 ) ) ;
#1336 = EDGE_CURVE ( 'NONE', #831, #1010, #1941, .T. ) ;
#1337 = CARTESIAN_POINT ( 'NONE',  ( -34.72117962466493424, 0.000000000000000000, 25.43967828418229260 ) ) ;
#1338 = VECTOR ( 'NONE', #1892, 1000.000000000000000 ) ;
#1339 = VERTEX_POINT ( 'NONE', #1733 ) ;
#1340 = EDGE_CURVE ( 'NONE', #2593, #866, #1745, .T. ) ;
#1341 = LINE ( 'NONE', #916, #1925 ) ;
#1342 = VECTOR ( 'NONE', #38, 1000.000000000000000 ) ;
#1343 = ORIENTED_EDGE ( 'NONE', *, *, #2594, .F. ) ;
#1344 = CIRCLE ( 'NONE', #1205, 2.499999999999998668 ) ;
#1345 = CARTESIAN_POINT ( 'NONE',  ( 97.27882037533508708, 8.900000000000000355, 30.63967828418230965 ) ) ;
#1346 = VECTOR ( 'NONE', #2758, 1000.000000000000114 ) ;
#1347 = CARTESIAN_POINT ( 'NONE',  ( -21.69863921069704560, 11.00000000000000000, -23.06032171581770385 ) ) ;
#1348 = CIRCLE ( 'NONE', #2792, 2.500000000000000444 ) ;
#1349 = DIRECTION ( 'NONE',  ( 0.000000000000000000, 0.000000000000000000, 1.000000000000000000 ) ) ;
#1350 = AXIS2_PLACEMENT_3D ( 'NONE', #1716, #210, #1961 ) ;
#1351 = CARTESIAN_POINT ( 'NONE',  ( 97.27882037533508708, 0.000000000000000000, 34.23967828418229686 ) ) ;
#1352 = ORIENTED_EDGE ( 'NONE', *, *, #533, .T. ) ;
#1353 = DIRECTION ( 'NONE',  ( -0.000000000000000000, -1.000000000000000000, -0.000000000000000000 ) ) ;
#1354 = VECTOR ( 'NONE', #466, 1000.000000000000000 ) ;
#1355 = DIRECTION ( 'NONE',  ( -0.000000000000000000, -1.000000000000000000, -0.000000000000000000 ) ) ;
#1356 = VECTOR ( 'NONE', #2645, 1000.000000000000000 ) ;
#1357 = CARTESIAN_POINT ( 'NONE',  ( 97.27882037533508708, 0.000000000000000000, -27.56032171581770740 ) ) ;
#1358 = ORIENTED_EDGE ( 'NONE', *, *, #287, .F. ) ;
#1359 = EDGE_CURVE ( 'NONE', #253, #2125, #2201, .T. ) ;
#1360 = LINE ( 'NONE', #928, #1969 ) ;
#1361 = CIRCLE ( 'NONE', #1036, 2.499999999999998668 ) ;
#1362 = EDGE_LOOP ( 'NONE', ( #111, #78, #610, #353 ) ) ;
#1363 = VERTEX_POINT ( 'NONE', #2171 ) ;
#1364 = DIRECTION ( 'NONE',  ( 0.000000000000000000, 0.000000000000000000, -1.000000000000000000 ) ) ;
#1365 = CYLINDRICAL_SURFACE ( 'NONE', #660, 1.799999999999992495 ) ;
#1366 = CIRCLE ( 'NONE', #727, 2.299999999999999822 ) ;
#1367 = DIRECTION ( 'NONE',  ( 0.000000000000000000, 0.000000000000000000, -1.000000000000000000 ) ) ;
#1368 = LINE ( 'NONE', #2605, #64 ) ;
#1369 = CIRCLE ( 'NONE', #501, 3.900000000000045652 ) ;
#1370 = CARTESIAN_POINT ( 'NONE',  ( 16.80662354570261030, 11.00000000000000000, -12.56032171581770562 ) ) ;
#1371 = DIRECTION ( 'NONE',  ( -1.000000000000000000, 0.000000000000000000, 0.000000000000000000 ) ) ;
#1372 = EDGE_LOOP ( 'NONE', ( #730, #2236, #812, #526 ) ) ;
#1373 = DIRECTION ( 'NONE',  ( 0.000000000000000000, 1.000000000000000000, 0.000000000000000000 ) ) ;
#1374 = EDGE_CURVE ( 'NONE', #1116, #1196, #2414, .T. ) ;
#1375 = EDGE_LOOP ( 'NONE', ( #2345, #760 ) ) ;
#1376 = ORIENTED_EDGE ( 'NONE', *, *, #2314, .T. ) ;
#1377 = EDGE_CURVE ( 'NONE', #52, #969, #246, .T. ) ;
#1378 = CARTESIAN_POINT ( 'NONE',  ( 89.77882037533504445, 0.000000000000000000, -8.060321715817705623 ) ) ;
#1379 = CC_DESIGN_DATE_AND_TIME_ASSIGNMENT ( #1450, #2360, ( #1134 ) ) ;
#1380 = CARTESIAN_POINT ( 'NONE',  ( 89.77882037533504445, 6.200000000000000178, -3.410321715817708821 ) ) ;
#1381 = DIRECTION ( 'NONE',  ( 0.000000000000000000, 0.000000000000000000, 1.000000000000000000 ) ) ;
#1382 = CARTESIAN_POINT ( 'NONE',  ( -72.72117962466492713, 11.00000000000000000, -30.06032171581770740 ) ) ;
#1383 = ORIENTED_EDGE ( 'NONE', *, *, #1781, .F. ) ;
#1384 = CARTESIAN_POINT ( 'NONE',  ( 11.77882037533508175, 11.00000000000000000, -12.56032171581770562 ) ) ;
#1385 = ORIENTED_EDGE ( 'NONE', *, *, #2731, .T. ) ;
#1386 = ORIENTED_EDGE ( 'NONE', *, *, #1359, .F. ) ;
#1387 = VECTOR ( 'NONE', #817, 1000.000000000000000 ) ;
#1388 = CARTESIAN_POINT ( 'NONE',  ( 89.77882037533504445, 6.200000000000000178, -8.060321715817705623 ) ) ;
#1389 = EDGE_CURVE ( 'NONE', #2548, #1570, #1954, .T. ) ;
#1390 = VECTOR ( 'NONE', #696, 1000.000000000000000 ) ;
#1391 = CARTESIAN_POINT ( 'NONE',  ( 50.27882037533510129, 11.00000000000000000, 25.43967828418229971 ) ) ;
#1392 = CARTESIAN_POINT ( 'NONE',  ( -20.72117962466493424, 0.000000000000000000, 25.43967828418229260 ) ) ;
#1393 = DIRECTION ( 'NONE',  ( 0.7348034446274878118, 0.000000000000000000, 0.6782801027330659371 ) ) ;
#1394 = CARTESIAN_POINT ( 'NONE',  ( -67.72117962466492713, 8.899999999999971934, -27.56032171581770740 ) ) ;
#1395 = ORIENTED_EDGE ( 'NONE', *, *, #2017, .T. ) ;
#1396 = FACE_OUTER_BOUND ( 'NONE', #1372, .T. ) ;
#1397 = AXIS2_PLACEMENT_3D ( 'NONE', #142, #2088, #2253 ) ;
#1398 = EDGE_LOOP ( 'NONE', ( #597, #2111 ) ) ;
#1399 = VERTEX_POINT ( 'NONE', #1351 ) ;
#1400 = CARTESIAN_POINT ( 'NONE',  ( -67.72117962466492713, 11.00000000000000000, -31.46032171581775216 ) ) ;
#1401 = EDGE_CURVE ( 'NONE', #1672, #134, #909, .T. ) ;
#1402 = EDGE_CURVE ( 'NONE', #1224, #1724, #669, .T. ) ;
#1403 = CARTESIAN_POINT ( 'NONE',  ( 36.30136078930298993, 0.000000000000000000, -30.06032171581770740 ) ) ;
#1404 = CARTESIAN_POINT ( 'NONE',  ( 51.25627996136721976, 0.000000000000000000, 27.93967828418229971 ) ) ;
#1405 = EDGE_CURVE ( 'NONE', #227, #2232, #2388, .T. ) ;
#1406 = VECTOR ( 'NONE', #1664, 1000.000000000000000 ) ;
#1407 = DIRECTION ( 'NONE',  ( -0.000000000000000000, -1.000000000000000000, -0.000000000000000000 ) ) ;
#1408 = VERTEX_POINT ( 'NONE', #2362 ) ;
#1409 = CARTESIAN_POINT ( 'NONE',  ( 97.27882037533508708, 0.000000000000000000, 30.63967828418230965 ) ) ;
#1410 = EDGE_LOOP ( 'NONE', ( #1600, #513, #539, #2051 ) ) ;
#1411 = EDGE_LOOP ( 'NONE', ( #804, #2127, #106, #424 ) ) ;
#1412 = CARTESIAN_POINT ( 'NONE',  ( -21.69863921069704915, 0.000000000000000000, 25.43967828418229260 ) ) ;
#1413 = EDGE_CURVE ( 'NONE', #1742, #551, #233, .T. ) ;
#1414 = DIRECTION ( 'NONE',  ( 0.000000000000000000, -1.000000000000000000, 0.000000000000000000 ) ) ;
#1415 = PLANE ( 'NONE',  #2101 ) ;
#1416 = CARTESIAN_POINT ( 'NONE',  ( -34.72117962466493424, 11.00000000000000000, 25.43967828418229260 ) ) ;
#1417 = CARTESIAN_POINT ( 'NONE',  ( 11.77882037533508175, 11.00000000000000000, -12.56032171581770562 ) ) ;
#1418 = EDGE_CURVE ( 'NONE', #2547, #831, #1966, .T. ) ;
#1419 = CARTESIAN_POINT ( 'NONE',  ( 63.30136078930298282, 11.00000000000000000, 27.93967828418229971 ) ) ;
#1420 = EDGE_LOOP ( 'NONE', ( #92, #802, #1694, #2320 ) ) ;
#1421 = FACE_BOUND ( 'NONE', #1807, .T. ) ;
#1422 = EDGE_CURVE ( 'NONE', #2343, #1909, #1771, .T. ) ;
#1423 = EDGE_LOOP ( 'NONE', ( #2603, #1936, #1251, #2340 ) ) ;
#1424 = VERTEX_POINT ( 'NONE', #1564 ) ;
#1425 = DIRECTION ( 'NONE',  ( 0.000000000000000000, -1.000000000000000000, 0.000000000000000000 ) ) ;
#1426 = CARTESIAN_POINT ( 'NONE',  ( 89.77882037533504445, 6.200000000000000178, -12.71032171581770420 ) ) ;
#1427 = DIRECTION ( 'NONE',  ( 0.000000000000000000, 1.000000000000000000, -0.000000000000000000 ) ) ;
#1428 = VECTOR ( 'NONE', #2273, 1000.000000000000000 ) ;
#1429 = CIRCLE ( 'NONE', #474, 2.299999999999999822 ) ;
#1430 = DIRECTION ( 'NONE',  ( 0.000000000000000000, 0.000000000000000000, -1.000000000000000000 ) ) ;
#1431 = DIRECTION ( 'NONE',  ( 0.000000000000000000, 1.000000000000000000, 0.000000000000000000 ) ) ;
#1432 = VECTOR ( 'NONE', #2298, 1000.000000000000000 ) ;
#1433 = DIRECTION ( 'NONE',  ( 1.000000000000000000, 0.000000000000000000, 0.000000000000000000 ) ) ;
#1434 = APPROVAL_PERSON_ORGANIZATION ( #1495, #1217, #837 ) ;
#1435 = AXIS2_PLACEMENT_3D ( 'NONE', #473, #2154, #2816 ) ;
#1436 = DIRECTION ( 'NONE',  ( -0.000000000000000000, -1.000000000000000000, -0.000000000000000000 ) ) ;
#1437 = ORIENTED_EDGE ( 'NONE', *, *, #2419, .T. ) ;
#1438 = EDGE_CURVE ( 'NONE', #1683, #1010, #477, .T. ) ;
#1439 = ORIENTED_EDGE ( 'NONE', *, *, #1782, .T. ) ;
#1440 = EDGE_CURVE ( 'NONE', #1197, #673, #45, .T. ) ;
#1441 = ORIENTED_EDGE ( 'NONE', *, *, #990, .F. ) ;
#1442 = VECTOR ( 'NONE', #101, 1000.000000000000000 ) ;
#1443 = CARTESIAN_POINT ( 'NONE',  ( -8.439420295465495769, 0.000000000000000000, -31.89733032738642393 ) ) ;
#1444 = AXIS2_PLACEMENT_3D ( 'NONE', #681, #437, #2618 ) ;
#1445 = LINE ( 'NONE', #617, #2441 ) ;
#1446 = DIRECTION ( 'NONE',  ( -0.000000000000000000, -1.000000000000000000, -0.000000000000000000 ) ) ;
#1447 = VECTOR ( 'NONE', #878, 1000.000000000000000 ) ;
#1448 = CLOSED_SHELL ( 'NONE', ( #238, #693, #1073, #715, #2190, #215, #2575, #1916, #1281, #1920, #1617, #1616, #73, #661, #2467, #2502, #1854, #1074, #58, #2558, #1736, #21, #902, #1191, #1502, #1721, #518, #1831, #414, #818, #2576, #428, #1972, #2751, #960, #2224, #1529, #1988, #1802, #2022, #2351, #1280, #2033, #695, #29, #2275, #2666, #1836, #355, #2254, #2783, #321, #2541, #305, #854, #1231, #1991, #677, #1547, #1193, #301, #1132, #1460, #783, #1147, #1666, #1905, #5, #2664, #2071, #631, #1317, #2696, #2444, #317, #1300, #270, #1243, #584, #657, #2067, #970, #1466, #797 ) ) ;
#1449 = CARTESIAN_POINT ( 'NONE',  ( 50.27882037533510129, 11.00000000000000000, -20.56032171581770740 ) ) ;
#1450 = DATE_AND_TIME ( #170, #2651 ) ;
#1451 = FACE_OUTER_BOUND ( 'NONE', #651, .T. ) ;
#1452 = LINE ( 'NONE', #397, #1080 ) ;
#1453 = DIRECTION ( 'NONE',  ( 0.000000000000000000, -1.000000000000000000, -0.000000000000000000 ) ) ;
#1454 = VERTEX_POINT ( 'NONE', #2674 ) ;
#1455 = CIRCLE ( 'NONE', #2030, 2.499999999999998668 ) ;
#1456 = VERTEX_POINT ( 'NONE', #2455 ) ;
#1457 = ORIENTED_EDGE ( 'NONE', *, *, #986, .T. ) ;
#1458 = AXIS2_PLACEMENT_3D ( 'NONE', #1259, #805, #1461 ) ;
#1459 = CARTESIAN_POINT ( 'NONE',  ( 89.77882037533504445, 6.200000000000000178, -8.060321715817705623 ) ) ;
#1460 = ADVANCED_FACE ( 'NONE', ( #2216 ), #1855, .T. ) ;
#1461 = DIRECTION ( 'NONE',  ( 0.000000000000000000, 0.000000000000000000, 1.000000000000000000 ) ) ;
#1462 = FACE_OUTER_BOUND ( 'NONE', #1029, .T. ) ;
#1463 = CIRCLE ( 'NONE', #954, 2.499999999999998668 ) ;
#1464 = CARTESIAN_POINT ( 'NONE',  ( 78.25627996136721265, 0.000000000000000000, 34.93967828418229971 ) ) ;
#1465 = COORDINATED_UNIVERSAL_TIME_OFFSET ( 5, 0, .BEHIND. ) ;
#1466 = ADVANCED_FACE ( 'NONE', ( #1841 ), #710, .F. ) ;
#1467 = LINE ( 'NONE', #2316, #2341 ) ;
#1468 = LINE ( 'NONE', #2302, #987 ) ;
#1469 = FACE_OUTER_BOUND ( 'NONE', #1420, .T. ) ;
#1470 = VERTEX_POINT ( 'NONE', #752 ) ;
#1471 = ORIENTED_EDGE ( 'NONE', *, *, #1838, .T. ) ;
#1472 = ORIENTED_EDGE ( 'NONE', *, *, #2537, .F. ) ;
#1473 = CARTESIAN_POINT ( 'NONE',  ( 36.30136078930301835, 11.00000000000000000, 37.43967828418229971 ) ) ;
#1474 = ORIENTED_EDGE ( 'NONE', *, *, #1585, .T. ) ;
#1475 = CARTESIAN_POINT ( 'NONE',  ( -67.72117962466492713, 0.000000000000000000, 34.23967828418228265 ) ) ;
#1476 = DIRECTION ( 'NONE',  ( 0.000000000000000000, 0.000000000000000000, 1.000000000000000000 ) ) ;
#1477 = DIRECTION ( 'NONE',  ( 0.000000000000000000, -1.000000000000000000, 0.000000000000000000 ) ) ;
#1478 = AXIS2_PLACEMENT_3D ( 'NONE', #1952, #2387, #2817 ) ;
#1479 = EDGE_CURVE ( 'NONE', #850, #134, #1176, .T. ) ;
#1480 = CALENDAR_DATE ( 2026, 10, 6 ) ;
#1481 = PLANE ( 'NONE',  #2269 ) ;
#1482 = CIRCLE ( 'NONE', #1615, 2.500000000000002220 ) ;
#1483 = CARTESIAN_POINT ( 'NONE',  ( 51.25627996136722686, 0.000000000000000000, -20.56032171581770740 ) ) ;
#1484 = CARTESIAN_POINT ( 'NONE',  ( 64.99706104613564150, 0.000000000000000000, 26.10266967261357962 ) ) ;
#1485 = ORIENTED_EDGE ( 'NONE', *, *, #6, .T. ) ;
#1486 = ORIENTED_EDGE ( 'NONE', *, *, #692, .T. ) ;
#1487 = CARTESIAN_POINT ( 'NONE',  ( 102.2788203753350871, 11.00000000000000000, -30.06032171581770740 ) ) ;
#1488 = EDGE_LOOP ( 'NONE', ( #413, #1740, #151, #2449 ) ) ;
#1489 = AXIS2_PLACEMENT_3D ( 'NONE', #792, #2484, #1234 ) ;
#1490 = CARTESIAN_POINT ( 'NONE',  ( 18.49559906474175719, 0.000000000000000000, -11.90351505784301800 ) ) ;
#1491 = ORIENTED_EDGE ( 'NONE', *, *, #1902, .F. ) ;
#1492 = VECTOR ( 'NONE', #2732, 1000.000000000000000 ) ;
#1493 = ORIENTED_EDGE ( 'NONE', *, *, #990, .T. ) ;
#1494 = CARTESIAN_POINT ( 'NONE',  ( -21.69863921069704560, 0.000000000000000000, -23.06032171581770385 ) ) ;
#1495 = PERSON_AND_ORGANIZATION ( #351, #1162 ) ;
#1496 = CARTESIAN_POINT ( 'NONE',  ( 28.37452238816638683, 11.00000000000000000, 0.5397046114118775328 ) ) ;
#1497 = VECTOR ( 'NONE', #2137, 1000.000000000000114 ) ;
#1498 = EDGE_CURVE ( 'NONE', #1753, #2065, #2251, .T. ) ;
#1499 = EDGE_CURVE ( 'NONE', #1196, #981, #2739, .T. ) ;
#1500 = CARTESIAN_POINT ( 'NONE',  ( 51.25627996136722686, 0.000000000000000000, 25.43967828418229971 ) ) ;
#1501 = DIRECTION ( 'NONE',  ( 0.000000000000000000, 1.000000000000000000, 0.000000000000000000 ) ) ;
#1502 = ADVANCED_FACE ( 'NONE', ( #2430, #506 ), #1415, .T. ) ;
#1503 = ORIENTED_EDGE ( 'NONE', *, *, #1531, .F. ) ;
#1504 = FACE_OUTER_BOUND ( 'NONE', #988, .T. ) ;
#1505 = ORIENTED_EDGE ( 'NONE', *, *, #195, .T. ) ;
#1506 = DIRECTION ( 'NONE',  ( 0.000000000000000000, -1.000000000000000000, 0.000000000000000000 ) ) ;
#1507 = LINE ( 'NONE', #418, #110 ) ;
#1508 = ORIENTED_EDGE ( 'NONE', *, *, #2068, .T. ) ;
#1509 = DIRECTION ( 'NONE',  ( 0.000000000000000000, -1.000000000000000000, 0.000000000000000000 ) ) ;
#1510 = PERSON_AND_ORGANIZATION_ROLE ( 'design_supplier' ) ;
#1511 = DIRECTION ( 'NONE',  ( -0.000000000000000000, -1.000000000000000000, -0.000000000000000000 ) ) ;
#1512 = DIRECTION ( 'NONE',  ( 0.000000000000000000, -1.000000000000000000, 0.000000000000000000 ) ) ;
#1513 = DIRECTION ( 'NONE',  ( 0.000000000000000000, 0.000000000000000000, 1.000000000000000000 ) ) ;
#1514 = ORIENTED_EDGE ( 'NONE', *, *, #531, .T. ) ;
#1515 = EDGE_CURVE ( 'NONE', #673, #2525, #1344, .T. ) ;
#1516 = DIRECTION ( 'NONE',  ( 0.000000000000000000, -1.000000000000000000, 0.000000000000000000 ) ) ;
#1517 = ORIENTED_EDGE ( 'NONE', *, *, #2209, .F. ) ;
#1518 = DIRECTION ( 'NONE',  ( 1.000000000000000000, 0.000000000000000000, 0.000000000000000000 ) ) ;
#1519 = DESIGN_CONTEXT ( 'detailed design', #49, 'design' ) ;
#1520 = ORIENTED_EDGE ( 'NONE', *, *, #1340, .T. ) ;
#1521 = DIRECTION ( 'NONE',  ( 0.000000000000000000, 1.000000000000000000, 0.000000000000000000 ) ) ;
#1522 = CARTESIAN_POINT ( 'NONE',  ( 51.25627996136721976, 0.000000000000000000, -23.06032171581770385 ) ) ;
#1523 = DIRECTION ( 'NONE',  ( 0.000000000000000000, 0.000000000000000000, -1.000000000000000000 ) ) ;
#1524 = ORIENTED_EDGE ( 'NONE', *, *, #244, .F. ) ;
#1525 = DIRECTION ( 'NONE',  ( 0.000000000000000000, 0.000000000000000000, 1.000000000000000000 ) ) ;
#1526 = AXIS2_PLACEMENT_3D ( 'NONE', #1522, #2169, #653 ) ;
#1527 = ORIENTED_EDGE ( 'NONE', *, *, #2580, .F. ) ;
#1528 = DIRECTION ( 'NONE',  ( 0.000000000000000000, 0.000000000000000000, 1.000000000000000000 ) ) ;
#1529 = ADVANCED_FACE ( 'NONE', ( #938 ), #1825, .T. ) ;
#1530 = AXIS2_PLACEMENT_3D ( 'NONE', #465, #1353, #1097 ) ;
#1531 = EDGE_CURVE ( 'NONE', #872, #2161, #1751, .T. ) ;
#1532 = VECTOR ( 'NONE', #43, 1000.000000000000000 ) ;
#1533 = ORIENTED_EDGE ( 'NONE', *, *, #734, .T. ) ;
#1534 = CARTESIAN_POINT ( 'NONE',  ( -72.72117962466492713, 11.00000000000000000, 37.43967828418229971 ) ) ;
#1535 = EDGE_CURVE ( 'NONE', #2811, #384, #314, .T. ) ;
#1536 = ORIENTED_EDGE ( 'NONE', *, *, #90, .F. ) ;
#1537 = CARTESIAN_POINT ( 'NONE',  ( 78.25627996136722686, 11.00000000000000000, 37.43967828418229971 ) ) ;
#1538 = CARTESIAN_POINT ( 'NONE',  ( -8.439420295465493993, 11.00000000000000000, 36.77668689575101979 ) ) ;
#1539 = CONICAL_SURFACE ( 'NONE', #1891, 1.799999999999989164, 0.7853981633974536081 ) ;
#1540 = CARTESIAN_POINT ( 'NONE',  ( -60.22117962466494134, 6.200000000000000178, -3.410321715817703048 ) ) ;
#1541 = VERTEX_POINT ( 'NONE', #1811 ) ;
#1542 = CARTESIAN_POINT ( 'NONE',  ( -48.69863921069704560, 11.00000000000000000, 34.93967828418229971 ) ) ;
#1543 = ORIENTED_EDGE ( 'NONE', *, *, #1374, .F. ) ;
#1544 = DIRECTION ( 'NONE',  ( 1.000000000000000000, 0.000000000000000000, -0.000000000000000000 ) ) ;
#1545 = VERTEX_POINT ( 'NONE', #328 ) ;
#1546 = CARTESIAN_POINT ( 'NONE',  ( 51.25627996136722686, 11.00000000000000000, 25.43967828418229971 ) ) ;
#1547 = ADVANCED_FACE ( 'NONE', ( #2031 ), #288, .F. ) ;
#1548 = CIRCLE ( 'NONE', #638, 2.499999999999998668 ) ;
#1549 = DIRECTION ( 'NONE',  ( -0.000000000000000000, -1.000000000000000000, -0.000000000000000000 ) ) ;
#1550 = CARTESIAN_POINT ( 'NONE',  ( 51.25627996136721976, 11.00000000000000000, -23.06032171581770385 ) ) ;
#1551 = EDGE_CURVE ( 'NONE', #167, #1778, #1799, .T. ) ;
#1552 = DIRECTION ( 'NONE',  ( 0.000000000000000000, 0.000000000000000000, -1.000000000000000000 ) ) ;
#1553 = VERTEX_POINT ( 'NONE', #2240 ) ;
#1554 = CARTESIAN_POINT ( 'NONE',  ( 77.27882037533510129, 0.000000000000000000, 37.43967828418229971 ) ) ;
#1555 = CARTESIAN_POINT ( 'NONE',  ( 12.75101720496755497, 0.000000000000000000, 14.93967828418229615 ) ) ;
#1556 = DIRECTION ( 'NONE',  ( -1.000000000000000000, 0.000000000000000000, 0.000000000000000000 ) ) ;
#1557 = ORIENTED_EDGE ( 'NONE', *, *, #2087, .T. ) ;
#1558 = DIRECTION ( 'NONE',  ( 0.000000000000000000, -1.000000000000000000, -0.000000000000000000 ) ) ;
#1559 = ORIENTED_EDGE ( 'NONE', *, *, #1704, .F. ) ;
#1560 = LINE ( 'NONE', #2409, #577 ) ;
#1561 = CARTESIAN_POINT ( 'NONE',  ( 89.77882037533504445, 11.00000000000000000, -8.060321715817705623 ) ) ;
#1562 = CARTESIAN_POINT ( 'NONE',  ( 64.27882037533510129, 0.000000000000000000, 25.43967828418229971 ) ) ;
#1563 = EDGE_CURVE ( 'NONE', #147, #1456, #2469, .T. ) ;
#1564 = CARTESIAN_POINT ( 'NONE',  ( 36.30136078930301835, 0.000000000000000000, 37.43967828418229971 ) ) ;
#1565 = VERTEX_POINT ( 'NONE', #975 ) ;
#1566 = CARTESIAN_POINT ( 'NONE',  ( 28.37452238816638683, 0.000000000000000000, 0.5397046114118775328 ) ) ;
#1567 = FACE_OUTER_BOUND ( 'NONE', #1919, .T. ) ;
#1568 = CARTESIAN_POINT ( 'NONE',  ( -67.72117962466492713, 0.000000000000000000, -25.76032171581771379 ) ) ;
#1569 = VECTOR ( 'NONE', #2504, 1000.000000000000000 ) ;
#1570 = VERTEX_POINT ( 'NONE', #2703 ) ;
#1571 = CARTESIAN_POINT ( 'NONE',  ( 51.25627996136721976, 0.000000000000000000, -23.06032171581770385 ) ) ;
#1572 = CIRCLE ( 'NONE', #332, 2.500000000000000444 ) ;
#1573 = ORIENTED_EDGE ( 'NONE', *, *, #1619, .F. ) ;
#1574 = AXIS2_PLACEMENT_3D ( 'NONE', #2005, #544, #2445 ) ;
#1575 = ORIENTED_EDGE ( 'NONE', *, *, #2335, .F. ) ;
#1576 = VECTOR ( 'NONE', #1186, 1000.000000000000000 ) ;
#1577 = DIRECTION ( 'NONE',  ( 0.000000000000000000, 1.000000000000000000, 0.000000000000000000 ) ) ;
#1578 = APPROVAL_PERSON_ORGANIZATION ( #1826, #2159, #1622 ) ;
#1579 = PLANE ( 'NONE',  #11 ) ;
#1580 = VECTOR ( 'NONE', #676, 1000.000000000000000 ) ;
#1581 = CARTESIAN_POINT ( 'NONE',  ( 64.27882037533510129, 0.000000000000000000, -20.56032171581770740 ) ) ;
#1582 = DIRECTION ( 'NONE',  ( -0.7348034446274878118, 0.000000000000000000, -0.6782801027330659371 ) ) ;
#1583 = DIRECTION ( 'NONE',  ( 0.000000000000000000, 1.000000000000000000, 0.000000000000000000 ) ) ;
#1584 = EDGE_CURVE ( 'NONE', #1804, #2271, #2482, .T. ) ;
#1585 = EDGE_CURVE ( 'NONE', #2038, #52, #2192, .T. ) ;
#1586 = AXIS2_PLACEMENT_3D ( 'NONE', #1052, #578, #840 ) ;
#1587 = DIRECTION ( 'NONE',  ( 0.000000000000000000, 0.000000000000000000, -1.000000000000000000 ) ) ;
#1588 = EDGE_CURVE ( 'NONE', #100, #1742, #845, .T. ) ;
#1589 = ORIENTED_EDGE ( 'NONE', *, *, #395, .T. ) ;
#1590 = CARTESIAN_POINT ( 'NONE',  ( 78.25627996136722686, 0.000000000000000000, -32.56032171581770740 ) ) ;
#1591 = ORIENTED_EDGE ( 'NONE', *, *, #985, .F. ) ;
#1592 = VERTEX_POINT ( 'NONE', #2542 ) ;
#1593 = CARTESIAN_POINT ( 'NONE',  ( 64.99706104613564150, 10.99999999999999645, -21.22331310424898376 ) ) ;
#1594 = DIRECTION ( 'NONE',  ( 0.000000000000000000, 0.000000000000000000, 1.000000000000000000 ) ) ;
#1595 = AXIS2_PLACEMENT_3D ( 'NONE', #1153, #236, #728 ) ;
#1596 = DIRECTION ( 'NONE',  ( 0.000000000000000000, 1.000000000000000000, -0.000000000000000000 ) ) ;
#1597 = AXIS2_PLACEMENT_3D ( 'NONE', #636, #2405, #2174 ) ;
#1598 = FACE_BOUND ( 'NONE', #2439, .T. ) ;
#1599 = DIRECTION ( 'NONE',  ( 0.6782801027330659371, 0.000000000000000000, 0.7348034446274878118 ) ) ;
#1600 = ORIENTED_EDGE ( 'NONE', *, *, #953, .F. ) ;
#1601 = AXIS2_PLACEMENT_3D ( 'NONE', #1886, #1022, #811 ) ;
#1602 = CARTESIAN_POINT ( 'NONE',  ( 11.77882037533508175, 0.000000000000000000, 17.43967828418229615 ) ) ;
#1603 = EDGE_LOOP ( 'NONE', ( #9, #2321, #1668, #148, #429, #947, #1086, #1457, #2623, #1129, #1960, #1071, #2556, #391, #2736, #1131 ) ) ;
#1604 = EDGE_CURVE ( 'NONE', #552, #1672, #291, .T. ) ;
#1605 = VERTEX_POINT ( 'NONE', #623 ) ;
#1606 = CARTESIAN_POINT ( 'NONE',  ( -67.72117962466492713, 11.00000000000000000, -23.66032171581765908 ) ) ;
#1607 = DIRECTION ( 'NONE',  ( -0.000000000000000000, 1.000000000000000000, -0.000000000000000000 ) ) ;
#1608 = CARTESIAN_POINT ( 'NONE',  ( 97.27882037533508708, 8.899999999999971934, -27.56032171581770740 ) ) ;
#1609 = CARTESIAN_POINT ( 'NONE',  ( 64.99706104613564150, 11.00000000000000000, 26.10266967261357962 ) ) ;
#1610 = DIRECTION ( 'NONE',  ( 0.000000000000000000, -1.000000000000000000, 0.000000000000000000 ) ) ;
#1611 = EDGE_LOOP ( 'NONE', ( #2039, #2391, #2571, #758 ) ) ;
#1612 = DIRECTION ( 'NONE',  ( 1.387778780781445478E-15, 0.000000000000000000, 1.000000000000000000 ) ) ;
#1613 = ORIENTED_EDGE ( 'NONE', *, *, #1418, .T. ) ;
#1614 = ORIENTED_EDGE ( 'NONE', *, *, #161, .T. ) ;
#1615 = AXIS2_PLACEMENT_3D ( 'NONE', #190, #224, #861 ) ;
#1616 = ADVANCED_FACE ( 'NONE', ( #574 ), #362, .F. ) ;
#1617 = ADVANCED_FACE ( 'NONE', ( #1061 ), #2717, .F. ) ;
#1618 = CARTESIAN_POINT ( 'NONE',  ( -20.00293895386437981, 0.000000000000000000, 26.10266967261357252 ) ) ;
#1619 = EDGE_CURVE ( 'NONE', #2734, #872, #1244, .T. ) ;
#1620 = VECTOR ( 'NONE', #1232, 1000.000000000000000 ) ;
#1621 = DIRECTION ( 'NONE',  ( 0.000000000000000000, 0.000000000000000000, 1.000000000000000000 ) ) ;
#1622 = APPROVAL_ROLE ( '' ) ;
#1623 = DIRECTION ( 'NONE',  ( 0.000000000000000000, -1.000000000000000000, 0.000000000000000000 ) ) ;
#1624 = VECTOR ( 'NONE', #1433, 1000.000000000000000 ) ;
#1625 = DIRECTION ( 'NONE',  ( 0.7348034446274878118, -0.000000000000000000, 0.6782801027330659371 ) ) ;
#1626 = ORIENTED_EDGE ( 'NONE', *, *, #1359, .T. ) ;
#1627 = DIRECTION ( 'NONE',  ( 0.000000000000000000, 1.000000000000000000, 0.000000000000000000 ) ) ;
#1628 = AXIS2_PLACEMENT_3D ( 'NONE', #1646, #2299, #558 ) ;
#1629 = ORIENTED_EDGE ( 'NONE', *, *, #1515, .T. ) ;
#1630 = EDGE_LOOP ( 'NONE', ( #1269, #929, #844, #163 ) ) ;
#1631 = LINE ( 'NONE', #2249, #1092 ) ;
#1632 = EDGE_CURVE ( 'NONE', #1753, #2024, #1025, .T. ) ;
#1633 = DIRECTION ( 'NONE',  ( -0.7348034446274878118, 0.000000000000000000, 0.6782801027330659371 ) ) ;
#1634 = EDGE_CURVE ( 'NONE', #1541, #1778, #1708, .T. ) ;
#1635 = PERSON_AND_ORGANIZATION ( #351, #1162 ) ;
#1636 = CARTESIAN_POINT ( 'NONE',  ( 18.49559906474175719, 11.00000000000000000, -11.90351505784301800 ) ) ;
#1637 = AXIS2_PLACEMENT_3D ( 'NONE', #1142, #22, #700 ) ;
#1638 = DIRECTION ( 'NONE',  ( 0.000000000000000000, -1.000000000000000000, -0.000000000000000000 ) ) ;
#1639 = ORIENTED_EDGE ( 'NONE', *, *, #1413, .F. ) ;
#1640 = FACE_BOUND ( 'NONE', #1793, .T. ) ;
#1641 = ORIENTED_EDGE ( 'NONE', *, *, #985, .T. ) ;
#1642 = ORIENTED_EDGE ( 'NONE', *, *, #400, .T. ) ;
#1643 = DIRECTION ( 'NONE',  ( -0.7348034446274877007, 0.000000000000000000, 0.6782801027330660482 ) ) ;
#1644 = DIRECTION ( 'NONE',  ( -0.000000000000000000, -1.000000000000000000, -0.000000000000000000 ) ) ;
#1645 = DIRECTION ( 'NONE',  ( 0.000000000000000000, 0.000000000000000000, 1.000000000000000000 ) ) ;
#1646 = CARTESIAN_POINT ( 'NONE',  ( -6.743720038632828206, 11.00000000000000000, -30.06032171581770740 ) ) ;
#1647 = EDGE_CURVE ( 'NONE', #1693, #1096, #823, .T. ) ;
#1648 = LINE ( 'NONE', #1007, #1726 ) ;
#1649 = VERTEX_POINT ( 'NONE', #1034 ) ;
#1650 = ORIENTED_EDGE ( 'NONE', *, *, #1020, .T. ) ;
#1651 = ORIENTED_EDGE ( 'NONE', *, *, #2104, .T. ) ;
#1652 = DIRECTION ( 'NONE',  ( 0.000000000000000000, 0.000000000000000000, -1.000000000000000000 ) ) ;
#1653 = ORIENTED_EDGE ( 'NONE', *, *, #2155, .T. ) ;
#1654 = CARTESIAN_POINT ( 'NONE',  ( -20.00293895386437981, 11.00000000000000000, -21.22331310424898376 ) ) ;
#1655 = ORIENTED_EDGE ( 'NONE', *, *, #779, .T. ) ;
#1656 = AXIS2_PLACEMENT_3D ( 'NONE', #2066, #123, #371 ) ;
#1657 = CARTESIAN_POINT ( 'NONE',  ( 97.27882037533508708, 8.900000000000000355, 34.23967828418229686 ) ) ;
#1658 = PERSON_AND_ORGANIZATION_ROLE ( 'classification_officer' ) ;
#1659 = AXIS2_PLACEMENT_3D ( 'NONE', #2058, #1049, #1880 ) ;
#1660 = CARTESIAN_POINT ( 'NONE',  ( 99.77882037533508708, 0.000000000000000000, -30.06032171581770740 ) ) ;
#1661 = AXIS2_PLACEMENT_3D ( 'NONE', #1983, #712, #897 ) ;
#1662 = CIRCLE ( 'NONE', #2509, 2.499999999999998668 ) ;
#1663 = FACE_BOUND ( 'NONE', #687, .T. ) ;
#1664 = DIRECTION ( 'NONE',  ( 0.000000000000000000, 0.7071067811865433539, 0.7071067811865517916 ) ) ;
#1665 = ORIENTED_EDGE ( 'NONE', *, *, #870, .T. ) ;
#1666 = ADVANCED_FACE ( 'NONE', ( #2330 ), #1702, .F. ) ;
#1667 = EDGE_CURVE ( 'NONE', #2167, #1553, #1895, .T. ) ;
#1668 = ORIENTED_EDGE ( 'NONE', *, *, #302, .F. ) ;
#1669 = EDGE_LOOP ( 'NONE', ( #2813, #2092, #1314, #2508 ) ) ;
#1670 = AXIS2_PLACEMENT_3D ( 'NONE', #2663, #508, #1381 ) ;
#1671 = CARTESIAN_POINT ( 'NONE',  ( -35.43942029546548156, 11.00000000000000000, -21.22331310424898376 ) ) ;
#1672 = VERTEX_POINT ( 'NONE', #407 ) ;
#1673 = LINE ( 'NONE', #587, #1140 ) ;
#1674 = VERTEX_POINT ( 'NONE', #1015 ) ;
#1675 = AXIS2_PLACEMENT_3D ( 'NONE', #1741, #1518, #28 ) ;
#1676 = LINE ( 'NONE', #1657, #1252 ) ;
#1677 = DIRECTION ( 'NONE',  ( 0.000000000000000000, 1.000000000000000000, 0.000000000000000000 ) ) ;
#1678 = DIRECTION ( 'NONE',  ( -0.7372773368101254166, 0.000000000000000000, -0.6755902076156587999 ) ) ;
#1679 = LINE ( 'NONE', #1236, #172 ) ;
#1680 = ORIENTED_EDGE ( 'NONE', *, *, #1112, .T. ) ;
#1681 = VECTOR ( 'NONE', #74, 1000.000000000000000 ) ;
#1682 = ORIENTED_EDGE ( 'NONE', *, *, #2364, .T. ) ;
#1683 = VERTEX_POINT ( 'NONE', #808 ) ;
#1684 = PLANE ( 'NONE',  #1748 ) ;
#1685 = EDGE_CURVE ( 'NONE', #1456, #2724, #18, .T. ) ;
#1686 = ORIENTED_EDGE ( 'NONE', *, *, #565, .T. ) ;
#1687 = DIRECTION ( 'NONE',  ( 0.7348034446274878118, 0.000000000000000000, 0.6782801027330659371 ) ) ;
#1688 = CARTESIAN_POINT ( 'NONE',  ( -67.72117962466492713, 11.00000000000000000, -27.56032171581770740 ) ) ;
#1689 = CARTESIAN_POINT ( 'NONE',  ( 12.75101720496755497, 11.00000000000000000, 14.93967828418229615 ) ) ;
#1690 = DIRECTION ( 'NONE',  ( 1.000000000000000000, 0.000000000000000000, 0.000000000000000000 ) ) ;
#1691 = CARTESIAN_POINT ( 'NONE',  ( -60.22117962466494134, 6.200000000000000178, -12.71032171581770953 ) ) ;
#1692 = CARTESIAN_POINT ( 'NONE',  ( 97.27882037533508708, 0.000000000000000000, 32.43967828418229971 ) ) ;
#1693 = VERTEX_POINT ( 'NONE', #2494 ) ;
#1694 = ORIENTED_EDGE ( 'NONE', *, *, #2266, .T. ) ;
#1695 = DIRECTION ( 'NONE',  ( -0.000000000000000000, 1.000000000000000000, 0.000000000000000000 ) ) ;
#1696 = ORIENTED_EDGE ( 'NONE', *, *, #376, .F. ) ;
#1697 = FACE_OUTER_BOUND ( 'NONE', #1488, .T. ) ;
#1698 = PLANE ( 'NONE',  #162 ) ;
#1699 = EDGE_CURVE ( 'NONE', #917, #1173, #1676, .T. ) ;
#1700 = EDGE_CURVE ( 'NONE', #1075, #2167, #556, .T. ) ;
#1701 = EDGE_LOOP ( 'NONE', ( #2297, #2093, #1763, #2712 ) ) ;
#1702 = CYLINDRICAL_SURFACE ( 'NONE', #476, 2.499999999999998668 ) ;
#1703 = VECTOR ( 'NONE', #1091, 1000.000000000000000 ) ;
#1704 = EDGE_CURVE ( 'NONE', #403, #1718, #2526, .T. ) ;
#1705 = CARTESIAN_POINT ( 'NONE',  ( 18.49559906474175719, 0.000000000000000000, 16.78287162620760853 ) ) ;
#1706 = CIRCLE ( 'NONE', #2274, 2.500000000000002220 ) ;
#1707 = FACE_OUTER_BOUND ( 'NONE', #2049, .T. ) ;
#1708 = CIRCLE ( 'NONE', #2559, 2.500000000000002220 ) ;
#1709 = CARTESIAN_POINT ( 'NONE',  ( -35.43942029546548156, 11.00000000000000000, 26.10266967261357252 ) ) ;
#1710 = AXIS2_PLACEMENT_3D ( 'NONE', #867, #2371, #880 ) ;
#1711 = ORIENTED_EDGE ( 'NONE', *, *, #2701, .T. ) ;
#1712 = FACE_OUTER_BOUND ( 'NONE', #33, .T. ) ;
#1713 = ORIENTED_EDGE ( 'NONE', *, *, #1040, .F. ) ;
#1714 = AXIS2_PLACEMENT_3D ( 'NONE', #2229, #1166, #952 ) ;
#1715 = DIRECTION ( 'NONE',  ( 0.6782801027330659371, 0.000000000000000000, 0.7348034446274878118 ) ) ;
#1716 = CARTESIAN_POINT ( 'NONE',  ( -67.72117962466492713, 0.000000000000000000, -27.56032171581770740 ) ) ;
#1717 = CIRCLE ( 'NONE', #1261, 2.499999999999998668 ) ;
#1718 = VERTEX_POINT ( 'NONE', #791 ) ;
#1719 = FACE_OUTER_BOUND ( 'NONE', #2781, .T. ) ;
#1720 = FACE_OUTER_BOUND ( 'NONE', #2453, .T. ) ;
#1721 = ADVANCED_FACE ( 'NONE', ( #2129 ), #2072, .F. ) ;
#1722 = LINE ( 'NONE', #1063, #1492 ) ;
#1723 = DIRECTION ( 'NONE',  ( -0.000000000000000000, 1.000000000000000000, -0.000000000000000000 ) ) ;
#1724 = VERTEX_POINT ( 'NONE', #1003 ) ;
#1725 = CARTESIAN_POINT ( 'NONE',  ( 78.25627996136721265, 11.00000000000000000, 34.93967828418229971 ) ) ;
#1726 = VECTOR ( 'NONE', #2458, 1000.000000000000000 ) ;
#1727 = VERTEX_POINT ( 'NONE', #1537 ) ;
#1728 = VECTOR ( 'NONE', #2507, 1000.000000000000000 ) ;
#1729 = FACE_OUTER_BOUND ( 'NONE', #1239, .T. ) ;
#1730 = ORIENTED_EDGE ( 'NONE', *, *, #1781, .T. ) ;
#1731 = DIRECTION ( 'NONE',  ( -0.000000000000000000, -1.000000000000000000, -0.000000000000000000 ) ) ;
#1732 = CARTESIAN_POINT ( 'NONE',  ( 78.25627996136722686, 11.00000000000000000, -30.06032171581770740 ) ) ;
#1733 = CARTESIAN_POINT ( 'NONE',  ( 89.77882037533504445, 0.000000000000000000, -12.71032171581770420 ) ) ;
#1734 = EDGE_LOOP ( 'NONE', ( #1573, #2128, #540, #1790 ) ) ;
#1735 = CARTESIAN_POINT ( 'NONE',  ( -60.22117962466494134, 11.00000000000000000, -8.060321715817705623 ) ) ;
#1736 = ADVANCED_FACE ( 'NONE', ( #433 ), #259, .F. ) ;
#1737 = EDGE_CURVE ( 'NONE', #900, #2811, #755, .T. ) ;
#1738 = ORIENTED_EDGE ( 'NONE', *, *, #1699, .F. ) ;
#1739 = CARTESIAN_POINT ( 'NONE',  ( 102.2788203753350871, 0.000000000000000000, -32.56032171581770740 ) ) ;
#1740 = ORIENTED_EDGE ( 'NONE', *, *, #1214, .F. ) ;
#1741 = CARTESIAN_POINT ( 'NONE',  ( -72.72117962466492713, 11.00000000000000000, -32.56032171581770740 ) ) ;
#1742 = VERTEX_POINT ( 'NONE', #640 ) ;
#1743 = CARTESIAN_POINT ( 'NONE',  ( 18.49559906474175719, 0.000000000000000000, -11.90351505784301800 ) ) ;
#1744 = CARTESIAN_POINT ( 'NONE',  ( -67.72117962466492713, 8.900000000000000355, 32.43967828418229260 ) ) ;
#1745 = LINE ( 'NONE', #2590, #1927 ) ;
#1746 = VERTEX_POINT ( 'NONE', #1937 ) ;
#1747 = DIRECTION ( 'NONE',  ( -0.000000000000000000, -1.000000000000000000, -0.000000000000000000 ) ) ;
#1748 = AXIS2_PLACEMENT_3D ( 'NONE', #1459, #1270, #570 ) ;
#1749 = EDGE_CURVE ( 'NONE', #2064, #860, #248, .T. ) ;
#1750 = EDGE_LOOP ( 'NONE', ( #1514, #1614 ) ) ;
#1751 = CIRCLE ( 'NONE', #2649, 1.799999999999992495 ) ;
#1752 = DIRECTION ( 'NONE',  ( 0.000000000000000000, 1.000000000000000000, 0.000000000000000000 ) ) ;
#1753 = VERTEX_POINT ( 'NONE', #2572 ) ;
#1754 = LINE ( 'NONE', #459, #454 ) ;
#1755 = VERTEX_POINT ( 'NONE', #460 ) ;
#1756 = DIRECTION ( 'NONE',  ( 0.000000000000000000, 0.000000000000000000, 1.000000000000000000 ) ) ;
#1757 = DIRECTION ( 'NONE',  ( -0.000000000000000000, 1.000000000000000000, -0.000000000000000000 ) ) ;
#1758 = AXIS2_PLACEMENT_3D ( 'NONE', #308, #719, #2654 ) ;
#1759 = CARTESIAN_POINT ( 'NONE',  ( -1.316881637496225999, 11.00000000000000000, -0.5603217158177049573 ) ) ;
#1760 = EDGE_LOOP ( 'NONE', ( #1184, #487, #350, #2477 ) ) ;
#1761 = CARTESIAN_POINT ( 'NONE',  ( 99.77882037533508708, 11.00000000000000000, -32.56032171581770740 ) ) ;
#1762 = CARTESIAN_POINT ( 'NONE',  ( 11.06204168592840631, 11.00000000000000000, -11.90351505784301978 ) ) ;
#1763 = ORIENTED_EDGE ( 'NONE', *, *, #2364, .F. ) ;
#1764 = DIRECTION ( 'NONE',  ( 0.000000000000000000, 1.000000000000000000, 0.000000000000000000 ) ) ;
#1765 = ORIENTED_EDGE ( 'NONE', *, *, #1866, .F. ) ;
#1766 = CARTESIAN_POINT ( 'NONE',  ( -67.72117962466492713, 0.000000000000000000, 30.63967828418230255 ) ) ;
#1767 = EDGE_CURVE ( 'NONE', #1339, #2065, #568, .T. ) ;
#1768 = CIRCLE ( 'NONE', #2625, 1.799999999999996048 ) ;
#1769 = DIRECTION ( 'NONE',  ( 0.000000000000000000, 0.000000000000000000, -1.000000000000000000 ) ) ;
#1770 = FACE_OUTER_BOUND ( 'NONE', #91, .T. ) ;
#1771 = LINE ( 'NONE', #2632, #1390 ) ;
#1772 = ORIENTED_EDGE ( 'NONE', *, *, #1316, .F. ) ;
#1773 = DIRECTION ( 'NONE',  ( 0.000000000000000000, 1.000000000000000000, -0.000000000000000000 ) ) ;
#1774 = DIRECTION ( 'NONE',  ( 0.000000000000000000, 0.000000000000000000, 1.000000000000000000 ) ) ;
#1775 = LINE ( 'NONE', #498, #2530 ) ;
#1776 = ORIENTED_EDGE ( 'NONE', *, *, #1056, .F. ) ;
#1777 = DIRECTION ( 'NONE',  ( -0.7372773368101254166, 0.000000000000000000, 0.6755902076156587999 ) ) ;
#1778 = VERTEX_POINT ( 'NONE', #1104 ) ;
#1779 = EDGE_LOOP ( 'NONE', ( #1929, #1298, #212, #814 ) ) ;
#1780 = DIRECTION ( 'NONE',  ( -0.000000000000000000, 1.000000000000000000, -0.000000000000000000 ) ) ;
#1781 = EDGE_CURVE ( 'NONE', #1649, #1683, #1164, .T. ) ;
#1782 = EDGE_CURVE ( 'NONE', #470, #2289, #420, .T. ) ;
#1783 = DIRECTION ( 'NONE',  ( -0.000000000000000000, -0.000000000000000000, -1.000000000000000000 ) ) ;
#1784 = EDGE_CURVE ( 'NONE', #551, #2183, #1662, .T. ) ;
#1785 = LINE ( 'NONE', #2374, #1356 ) ;
#1786 = DIRECTION ( 'NONE',  ( -0.000000000000000000, -1.000000000000000000, -0.000000000000000000 ) ) ;
#1787 = DIRECTION ( 'NONE',  ( 0.000000000000000000, 1.000000000000000000, 0.000000000000000000 ) ) ;
#1788 = CARTESIAN_POINT ( 'NONE',  ( 64.27882037533510129, 11.00000000000000000, 25.43967828418229971 ) ) ;
#1789 = VECTOR ( 'NONE', #1227, 1000.000000000000000 ) ;
#1790 = ORIENTED_EDGE ( 'NONE', *, *, #1040, .T. ) ;
#1791 = DIRECTION ( 'NONE',  ( 0.000000000000000000, 0.000000000000000000, 1.000000000000000000 ) ) ;
#1792 = VECTOR ( 'NONE', #425, 1000.000000000000000 ) ;
#1793 = EDGE_LOOP ( 'NONE', ( #1557, #675 ) ) ;
#1794 = ORIENTED_EDGE ( 'NONE', *, *, #645, .F. ) ;
#1795 = SECURITY_CLASSIFICATION ( '', '', #2331 ) ;
#1796 = VECTOR ( 'NONE', #1549, 1000.000000000000000 ) ;
#1797 = DIRECTION ( 'NONE',  ( 0.000000000000000000, 0.000000000000000000, -1.000000000000000000 ) ) ;
#1798 = LINE ( 'NONE', #2003, #191 ) ;
#1799 = LINE ( 'NONE', #1391, #102 ) ;
#1800 =( LENGTH_UNIT ( ) NAMED_UNIT ( * ) SI_UNIT ( .MILLI., .METRE. ) );
#1801 = CARTESIAN_POINT ( 'NONE',  ( -33.74372003863281577, 0.000000000000000000, 25.43967828418229260 ) ) ;
#1802 = ADVANCED_FACE ( 'NONE', ( #853 ), #2787, .T. ) ;
#1803 = CARTESIAN_POINT ( 'NONE',  ( 97.27882037533508708, 8.899999999999971934, -25.76032171581771379 ) ) ;
#1804 = VERTEX_POINT ( 'NONE', #1076 ) ;
#1805 = CARTESIAN_POINT ( 'NONE',  ( -48.69863921069704560, 11.00000000000000000, 34.93967828418229971 ) ) ;
#1806 = AXIS2_PLACEMENT_3D ( 'NONE', #1688, #1446, #822 ) ;
#1807 = EDGE_LOOP ( 'NONE', ( #2656, #743 ) ) ;
#1808 = ORIENTED_EDGE ( 'NONE', *, *, #2050, .T. ) ;
#1809 = CARTESIAN_POINT ( 'NONE',  ( 97.27882037533508708, 0.000000000000000000, -25.76032171581771379 ) ) ;
#1810 = AXIS2_PLACEMENT_3D ( 'NONE', #1394, #2689, #2244 ) ;
#1811 = CARTESIAN_POINT ( 'NONE',  ( 36.30136078930301835, 11.00000000000000000, 37.43967828418229971 ) ) ;
#1812 = CARTESIAN_POINT ( 'NONE',  ( -67.72117962466492713, 0.000000000000000000, -29.36032171581769745 ) ) ;
#1813 = VECTOR ( 'NONE', #716, 1000.000000000000000 ) ;
#1814 = LINE ( 'NONE', #2746, #1624 ) ;
#1815 = LINE ( 'NONE', #978, #1088 ) ;
#1816 = EDGE_CURVE ( 'NONE', #2024, #1339, #1119, .T. ) ;
#1817 = ORIENTED_EDGE ( 'NONE', *, *, #1749, .T. ) ;
#1818 = EDGE_CURVE ( 'NONE', #2113, #2750, #939, .T. ) ;
#1819 = AXIS2_PLACEMENT_3D ( 'NONE', #2023, #1436, #523 ) ;
#1820 = CARTESIAN_POINT ( 'NONE',  ( -48.69863921069704560, 11.00000000000000000, 37.43967828418229971 ) ) ;
#1821 = EDGE_CURVE ( 'NONE', #2035, #735, #2743, .T. ) ;
#1822 = ORIENTED_EDGE ( 'NONE', *, *, #1939, .T. ) ;
#1823 = VERTEX_POINT ( 'NONE', #1315 ) ;
#1824 = CYLINDRICAL_SURFACE ( 'NONE', #1028, 2.499999999999998668 ) ;
#1825 = CYLINDRICAL_SURFACE ( 'NONE', #615, 2.500000000000002220 ) ;
#1826 = PERSON_AND_ORGANIZATION ( #351, #1162 ) ;
#1827 = DIRECTION ( 'NONE',  ( 0.000000000000000000, 1.000000000000000000, 0.000000000000000000 ) ) ;
#1828 = DIRECTION ( 'NONE',  ( 0.7348034446274878118, 0.000000000000000000, -0.6782801027330659371 ) ) ;
#1829 = ORIENTED_EDGE ( 'NONE', *, *, #1110, .T. ) ;
#1830 = DIRECTION ( 'NONE',  ( 0.000000000000000000, -1.000000000000000000, 0.000000000000000000 ) ) ;
#1831 = ADVANCED_FACE ( 'NONE', ( #1719 ), #230, .F. ) ;
#1832 = AXIS2_PLACEMENT_3D ( 'NONE', #2574, #2491, #553 ) ;
#1833 = ORIENTED_EDGE ( 'NONE', *, *, #128, .F. ) ;
#1834 = VERTEX_POINT ( 'NONE', #1743 ) ;
#1835 = AXIS2_PLACEMENT_3D ( 'NONE', #1326, #1945, #1959 ) ;
#1836 = ADVANCED_FACE ( 'NONE', ( #1978 ), #2168, .F. ) ;
#1837 = CARTESIAN_POINT ( 'NONE',  ( -47.00293895386437981, 0.000000000000000000, 36.77668689575101979 ) ) ;
#1838 = EDGE_CURVE ( 'NONE', #549, #2421, #893, .T. ) ;
#1839 = VECTOR ( 'NONE', #262, 1000.000000000000000 ) ;
#1840 = VECTOR ( 'NONE', #289, 1000.000000000000000 ) ;
#1841 = FACE_OUTER_BOUND ( 'NONE', #1274, .T. ) ;
#1842 = CARTESIAN_POINT ( 'NONE',  ( 97.27882037533508708, 0.000000000000000000, -27.56032171581770740 ) ) ;
#1843 = CARTESIAN_POINT ( 'NONE',  ( 37.99706104613565572, 11.00000000000000000, -31.89733032738642393 ) ) ;
#1844 = AXIS2_PLACEMENT_3D ( 'NONE', #2021, #1177, #521 ) ;
#1845 = LINE ( 'NONE', #1221, #1681 ) ;
#1846 = ORIENTED_EDGE ( 'NONE', *, *, #1024, .F. ) ;
#1847 = DIRECTION ( 'NONE',  ( -0.000000000000000000, -1.000000000000000000, -0.000000000000000000 ) ) ;
#1848 = AXIS2_PLACEMENT_3D ( 'NONE', #1249, #2105, #2545 ) ;
#1849 = VERTEX_POINT ( 'NONE', #2396 ) ;
#1850 = EDGE_LOOP ( 'NONE', ( #1183, #1145, #2365, #390 ) ) ;
#1851 = CARTESIAN_POINT ( 'NONE',  ( -67.72117962466492713, 0.000000000000000000, -25.76032171581771379 ) ) ;
#1852 = CIRCLE ( 'NONE', #97, 2.499999999999998668 ) ;
#1853 = DIRECTION ( 'NONE',  ( 0.000000000000000000, 0.000000000000000000, -1.000000000000000000 ) ) ;
#1854 = ADVANCED_FACE ( 'NONE', ( #907 ), #2629, .F. ) ;
#1855 = CYLINDRICAL_SURFACE ( 'NONE', #1068, 2.499999999999998668 ) ;
#1856 = DIRECTION ( 'NONE',  ( 0.000000000000000000, 0.000000000000000000, 1.000000000000000000 ) ) ;
#1857 = DIRECTION ( 'NONE',  ( 0.000000000000000000, 0.000000000000000000, 1.000000000000000000 ) ) ;
#1858 = CIRCLE ( 'NONE', #589, 2.499999999999999556 ) ;
#1859 = DIRECTION ( 'NONE',  ( 0.000000000000000000, 1.000000000000000000, 0.000000000000000000 ) ) ;
#1860 = VERTEX_POINT ( 'NONE', #972 ) ;
#1861 = ORIENTED_EDGE ( 'NONE', *, *, #364, .T. ) ;
#1862 = VERTEX_POINT ( 'NONE', #2641 ) ;
#1863 = CARTESIAN_POINT ( 'NONE',  ( 63.30136078930298282, 11.00000000000000000, 25.43967828418229971 ) ) ;
#1864 = PLANE ( 'NONE',  #1458 ) ;
#1865 = ORIENTED_EDGE ( 'NONE', *, *, #1159, .F. ) ;
#1866 = EDGE_CURVE ( 'NONE', #1262, #552, #2658, .T. ) ;
#1867 = CARTESIAN_POINT ( 'NONE',  ( -48.69863921069705270, 11.00000000000000000, -30.06032171581770740 ) ) ;
#1868 = CARTESIAN_POINT ( 'NONE',  ( 30.87452238816638683, 0.000000000000000000, 4.339651956952703671 ) ) ;
#1869 = EDGE_CURVE ( 'NONE', #384, #2565, #1884, .T. ) ;
#1870 = FACE_OUTER_BOUND ( 'NONE', #2459, .T. ) ;
#1871 = CARTESIAN_POINT ( 'NONE',  ( -48.69863921069704560, 11.00000000000000000, 37.43967828418229971 ) ) ;
#1872 = ORIENTED_EDGE ( 'NONE', *, *, #734, .F. ) ;
#1873 = EDGE_CURVE ( 'NONE', #2525, #1224, #300, .T. ) ;
#1874 = ORIENTED_EDGE ( 'NONE', *, *, #2730, .T. ) ;
#1875 = ORIENTED_EDGE ( 'NONE', *, *, #42, .F. ) ;
#1876 = LINE ( 'NONE', #846, #1201 ) ;
#1877 = CARTESIAN_POINT ( 'NONE',  ( 63.30136078930298282, 10.99999999999999645, 25.43967828418229971 ) ) ;
#1878 = ORIENTED_EDGE ( 'NONE', *, *, #2788, .F. ) ;
#1879 = CIRCLE ( 'NONE', #472, 2.499999999999998668 ) ;
#1880 = DIRECTION ( 'NONE',  ( 0.000000000000000000, 0.000000000000000000, 1.000000000000000000 ) ) ;
#1881 = APPROVAL_DATE_TIME ( #2759, #718 ) ;
#1882 = FACE_OUTER_BOUND ( 'NONE', #2279, .T. ) ;
#1883 = CIRCLE ( 'NONE', #1253, 2.299999999999993161 ) ;
#1884 = CIRCLE ( 'NONE', #1297, 2.500000000000002220 ) ;
#1885 = DIRECTION ( 'NONE',  ( -0.000000000000000000, -1.000000000000000000, -0.000000000000000000 ) ) ;
#1886 = CARTESIAN_POINT ( 'NONE',  ( -72.72117962466492713, 11.00000000000000000, 37.43967828418229971 ) ) ;
#1887 = EDGE_LOOP ( 'NONE', ( #816, #53, #319, #1794 ) ) ;
#1888 = EDGE_CURVE ( 'NONE', #1565, #904, #2442, .T. ) ;
#1889 = VERTEX_POINT ( 'NONE', #1606 ) ;
#1890 = ORIENTED_EDGE ( 'NONE', *, *, #561, .T. ) ;
#1891 = AXIS2_PLACEMENT_3D ( 'NONE', #2456, #2218, #2635 ) ;
#1892 = DIRECTION ( 'NONE',  ( 0.7348034446274878118, 0.000000000000000000, -0.6782801027330659371 ) ) ;
#1893 = DIRECTION ( 'NONE',  ( -0.7372773368101253055, 0.000000000000000000, 0.6755902076156587999 ) ) ;
#1894 = DIRECTION ( 'NONE',  ( 0.000000000000000000, 0.000000000000000000, 1.000000000000000000 ) ) ;
#1895 = LINE ( 'NONE', #184, #196 ) ;
#1896 = APPROVAL_STATUS ( 'not_yet_approved' ) ;
#1897 = DIRECTION ( 'NONE',  ( 0.000000000000000000, 0.000000000000000000, 1.000000000000000000 ) ) ;
#1898 = CARTESIAN_POINT ( 'NONE',  ( -60.22117962466494134, 6.200000000000000178, -12.71032171581770953 ) ) ;
#1899 = CARTESIAN_POINT ( 'NONE',  ( -1.316881637496225999, 11.00000000000000000, 0.5397046114118816407 ) ) ;
#1900 = EDGE_LOOP ( 'NONE', ( #997, #2338, #1613, #527 ) ) ;
#1901 = EDGE_CURVE ( 'NONE', #2593, #2028, #962, .T. ) ;
#1902 = EDGE_CURVE ( 'NONE', #2065, #1339, #2015, .T. ) ;
#1903 = VERTEX_POINT ( 'NONE', #2238 ) ;
#1904 = CYLINDRICAL_SURFACE ( 'NONE', #2782, 2.500000000000000444 ) ;
#1905 = ADVANCED_FACE ( 'NONE', ( #920 ), #1824, .F. ) ;
#1906 = ORIENTED_EDGE ( 'NONE', *, *, #2436, .F. ) ;
#1907 = DIRECTION ( 'NONE',  ( 0.000000000000000000, -1.000000000000000000, -0.000000000000000000 ) ) ;
#1908 = ORIENTED_EDGE ( 'NONE', *, *, #1401, .T. ) ;
#1909 = VERTEX_POINT ( 'NONE', #2002 ) ;
#1910 = CARTESIAN_POINT ( 'NONE',  ( 89.77882037533504445, 11.00000000000000000, -8.060321715817705623 ) ) ;
#1911 = DIRECTION ( 'NONE',  ( 0.6755902076156591329, 0.000000000000000000, 0.7372773368101250835 ) ) ;
#1912 = CARTESIAN_POINT ( 'NONE',  ( -6.743720038632828206, 11.00000000000000000, 37.43967828418229971 ) ) ;
#1913 = DIRECTION ( 'NONE',  ( 1.000000000000000000, 0.000000000000000000, -0.000000000000000000 ) ) ;
#1914 = ORIENTED_EDGE ( 'NONE', *, *, #1161, .F. ) ;
#1915 = LINE ( 'NONE', #2567, #194 ) ;
#1916 = ADVANCED_FACE ( 'NONE', ( #2016 ), #2684, .F. ) ;
#1917 = VERTEX_POINT ( 'NONE', #1809 ) ;
#1918 = PLANE ( 'NONE',  #684 ) ;
#1919 = EDGE_LOOP ( 'NONE', ( #1865, #1084, #1225, #1154 ) ) ;
#1920 = ADVANCED_FACE ( 'NONE', ( #1158 ), #530, .F. ) ;
#1921 = EDGE_LOOP ( 'NONE', ( #746, #2753 ) ) ;
#1922 = DIRECTION ( 'NONE',  ( 0.000000000000000000, 0.000000000000000000, 1.000000000000000000 ) ) ;
#1923 = CIRCLE ( 'NONE', #1065, 1.799999999999992495 ) ;
#1924 = DIRECTION ( 'NONE',  ( 0.7372773368101250835, 0.000000000000000000, -0.6755902076156591329 ) ) ;
#1925 = VECTOR ( 'NONE', #1100, 1000.000000000000000 ) ;
#1926 = DIRECTION ( 'NONE',  ( -0.6755902076156587999, 0.000000000000000000, 0.7372773368101254166 ) ) ;
#1927 = VECTOR ( 'NONE', #2806, 1000.000000000000000 ) ;
#1928 = DIRECTION ( 'NONE',  ( 0.000000000000000000, 0.000000000000000000, 1.000000000000000000 ) ) ;
#1929 = ORIENTED_EDGE ( 'NONE', *, *, #2631, .F. ) ;
#1930 = VECTOR ( 'NONE', #1072, 1000.000000000000000 ) ;
#1931 = CARTESIAN_POINT ( 'NONE',  ( -8.439420295465492217, 0.000000000000000000, 36.77668689575101979 ) ) ;
#1932 = EDGE_LOOP ( 'NONE', ( #192, #2305 ) ) ;
#1933 = AXIS2_PLACEMENT_3D ( 'NONE', #329, #156, #2074 ) ;
#1934 = DIRECTION ( 'NONE',  ( 0.7372773368101250835, 0.000000000000000000, -0.6755902076156591329 ) ) ;
#1935 = CIRCLE ( 'NONE', #857, 1.799999999999996048 ) ;
#1936 = ORIENTED_EDGE ( 'NONE', *, *, #2103, .T. ) ;
#1937 = CARTESIAN_POINT ( 'NONE',  ( 89.77882037533504445, 6.200000000000000178, -10.36032171581769923 ) ) ;
#1938 = EDGE_CURVE ( 'NONE', #2125, #2149, #2673, .T. ) ;
#1939 = EDGE_CURVE ( 'NONE', #1746, #1592, #711, .T. ) ;
#1940 = DIRECTION ( 'NONE',  ( -0.000000000000000000, -1.000000000000000000, -0.000000000000000000 ) ) ;
#1941 = LINE ( 'NONE', #202, #575 ) ;
#1942 = EDGE_LOOP ( 'NONE', ( #736, #1559, #419, #1591 ) ) ;
#1943 = CARTESIAN_POINT ( 'NONE',  ( -48.69863921069704560, 0.000000000000000000, 34.93967828418229971 ) ) ;
#1944 = ORIENTED_EDGE ( 'NONE', *, *, #482, .T. ) ;
#1945 = DIRECTION ( 'NONE',  ( 0.000000000000000000, 0.000000000000000000, -1.000000000000000000 ) ) ;
#1946 = CONICAL_SURFACE ( 'NONE', #1637, 1.799999999999992495, 0.7853981633974541632 ) ;
#1947 = EDGE_LOOP ( 'NONE', ( #1439, #2533, #267, #2323 ) ) ;
#1948 = AXIS2_PLACEMENT_3D ( 'NONE', #777, #1031, #2492 ) ;
#1949 = DIRECTION ( 'NONE',  ( -0.000000000000000000, -1.000000000000000000, -0.000000000000000000 ) ) ;
#1950 = VERTEX_POINT ( 'NONE', #1148 ) ;
#1951 = DIRECTION ( 'NONE',  ( 0.000000000000000000, 1.000000000000000000, 0.000000000000000000 ) ) ;
#1952 = CARTESIAN_POINT ( 'NONE',  ( 36.30136078930301835, 11.00000000000000000, 34.93967828418229971 ) ) ;
#1953 = EDGE_CURVE ( 'NONE', #866, #819, #1631, .T. ) ;
#1954 = LINE ( 'NONE', #1540, #934 ) ;
#1955 = ORIENTED_EDGE ( 'NONE', *, *, #1167, .T. ) ;
#1956 = FACE_OUTER_BOUND ( 'NONE', #2394, .T. ) ;
#1957 = ORIENTED_EDGE ( 'NONE', *, *, #2523, .T. ) ;
#1958 = EDGE_CURVE ( 'NONE', #468, #1116, #1858, .T. ) ;
#1959 = DIRECTION ( 'NONE',  ( -1.000000000000000000, 0.000000000000000000, -0.000000000000000000 ) ) ;
#1960 = ORIENTED_EDGE ( 'NONE', *, *, #870, .F. ) ;
#1961 = DIRECTION ( 'NONE',  ( 0.000000000000000000, 0.000000000000000000, 1.000000000000000000 ) ) ;
#1962 = ORIENTED_EDGE ( 'NONE', *, *, #563, .T. ) ;
#1963 = CARTESIAN_POINT ( 'NONE',  ( 99.77882037533508708, 11.00000000000000000, 34.93967828418229971 ) ) ;
#1964 = DIRECTION ( 'NONE',  ( -0.000000000000000000, -1.000000000000000000, -0.000000000000000000 ) ) ;
#1965 = AXIS2_PLACEMENT_3D ( 'NONE', #245, #231, #2260 ) ;
#1966 = LINE ( 'NONE', #1759, #2276 ) ;
#1967 = ORIENTED_EDGE ( 'NONE', *, *, #2037, .T. ) ;
#1968 = CARTESIAN_POINT ( 'NONE',  ( 99.77882037533508708, 11.00000000000000000, 37.43967828418229971 ) ) ;
#1969 = VECTOR ( 'NONE', #1847, 1000.000000000000000 ) ;
#1970 = CARTESIAN_POINT ( 'NONE',  ( 11.77882037533508175, 11.00000000000000000, 17.43967828418229615 ) ) ;
#1971 = VERTEX_POINT ( 'NONE', #1400 ) ;
#1972 = ADVANCED_FACE ( 'NONE', ( #2427 ), #80, .F. ) ;
#1973 = AXIS2_PLACEMENT_3D ( 'NONE', #2086, #129, #2728 ) ;
#1974 = FACE_OUTER_BOUND ( 'NONE', #2535, .T. ) ;
#1975 = ORIENTED_EDGE ( 'NONE', *, *, #2716, .F. ) ;
#1976 = LINE ( 'NONE', #471, #2708 ) ;
#1977 = VECTOR ( 'NONE', #1125, 1000.000000000000000 ) ;
#1978 = FACE_OUTER_BOUND ( 'NONE', #139, .T. ) ;
#1979 = CARTESIAN_POINT ( 'NONE',  ( 30.06349790720553727, 0.000000000000000000, 6.182845298978011606 ) ) ;
#1980 = VECTOR ( 'NONE', #1885, 1000.000000000000000 ) ;
#1981 = CARTESIAN_POINT ( 'NONE',  ( 77.27882037533510129, 0.000000000000000000, 37.43967828418229971 ) ) ;
#1982 = EDGE_LOOP ( 'NONE', ( #537, #678, #491, #585 ) ) ;
#1983 = CARTESIAN_POINT ( 'NONE',  ( -67.72117962466492713, 11.00000000000000000, 32.43967828418229260 ) ) ;
#1984 = DIRECTION ( 'NONE',  ( -0.000000000000000000, 1.000000000000000000, -0.000000000000000000 ) ) ;
#1985 = LINE ( 'NONE', #2433, #357 ) ;
#1986 = ORIENTED_EDGE ( 'NONE', *, *, #1767, .T. ) ;
#1987 = CARTESIAN_POINT ( 'NONE',  ( 63.30136078930298282, 0.000000000000000000, -20.56032171581770740 ) ) ;
#1988 = ADVANCED_FACE ( 'NONE', ( #93 ), #2478, .T. ) ;
#1989 = VERTEX_POINT ( 'NONE', #949 ) ;
#1990 = LINE ( 'NONE', #1766, #632 ) ;
#1991 = ADVANCED_FACE ( 'NONE', ( #358 ), #1864, .F. ) ;
#1992 = CARTESIAN_POINT ( 'NONE',  ( -47.00293895386438692, 0.000000000000000000, -31.89733032738643104 ) ) ;
#1993 = CARTESIAN_POINT ( 'NONE',  ( 36.30136078930298993, 11.00000000000000000, -32.56032171581770740 ) ) ;
#1994 = DIRECTION ( 'NONE',  ( 0.000000000000000000, 0.000000000000000000, 1.000000000000000000 ) ) ;
#1995 = DIRECTION ( 'NONE',  ( 2.775557561562892929E-15, 0.000000000000000000, 1.000000000000000000 ) ) ;
#1996 = CARTESIAN_POINT ( 'NONE',  ( -47.00293895386437981, 0.000000000000000000, 36.77668689575101979 ) ) ;
#1997 = CARTESIAN_POINT ( 'NONE',  ( 30.06349790720553372, 0.000000000000000000, 6.182845298978015158 ) ) ;
#1998 = EDGE_LOOP ( 'NONE', ( #2540, #1833, #918, #2147 ) ) ;
#1999 = CYLINDRICAL_SURFACE ( 'NONE', #1758, 1.799999999999996048 ) ;
#2000 = ORIENTED_EDGE ( 'NONE', *, *, #2311, .F. ) ;
#2001 = EDGE_LOOP ( 'NONE', ( #282, #2611, #1101, #417 ) ) ;
#2002 = CARTESIAN_POINT ( 'NONE',  ( -6.743720038632828206, 11.00000000000000000, -32.56032171581770740 ) ) ;
#2003 = CARTESIAN_POINT ( 'NONE',  ( 30.87452238816638683, 11.00000000000000000, -0.5603217158177106194 ) ) ;
#2004 = EDGE_CURVE ( 'NONE', #1823, #223, #1445, .T. ) ;
#2005 = CARTESIAN_POINT ( 'NONE',  ( 28.37452238816638683, 11.00000000000000000, 4.339651956952703671 ) ) ;
#2006 = CARTESIAN_POINT ( 'NONE',  ( 30.06349790720553727, 11.00000000000000000, 6.182845298978011606 ) ) ;
#2007 = DIRECTION ( 'NONE',  ( 0.000000000000000000, 0.000000000000000000, -1.000000000000000000 ) ) ;
#2008 = AXIS2_PLACEMENT_3D ( 'NONE', #2094, #149, #1030 ) ;
#2009 = ORIENTED_EDGE ( 'NONE', *, *, #2518, .T. ) ;
#2010 = CARTESIAN_POINT ( 'NONE',  ( 51.25627996136722686, 11.00000000000000000, -20.56032171581770740 ) ) ;
#2011 = ORIENTED_EDGE ( 'NONE', *, *, #1401, .F. ) ;
#2012 = AXIS2_PLACEMENT_3D ( 'NONE', #1867, #169, #392 ) ;
#2013 = ORIENTED_EDGE ( 'NONE', *, *, #1515, .F. ) ;
#2014 = PRODUCT_DEFINITION_FORMATION_WITH_SPECIFIED_SOURCE ( 'ANY', '', #1047, .NOT_KNOWN. ) ;
#2015 = CIRCLE ( 'NONE', #801, 4.649999999999997691 ) ;
#2016 = FACE_OUTER_BOUND ( 'NONE', #2493, .T. ) ;
#2017 = EDGE_CURVE ( 'NONE', #1096, #1834, #1001, .T. ) ;
#2018 = CARTESIAN_POINT ( 'NONE',  ( 97.27882037533508708, 8.899999999999971934, -27.56032171581770740 ) ) ;
#2019 = APPLICATION_PROTOCOL_DEFINITION ( 'international standard', 'config_control_design', 1994, #49 ) ;
#2020 = CIRCLE ( 'NONE', #2200, 2.499999999999998668 ) ;
#2021 = CARTESIAN_POINT ( 'NONE',  ( 12.75101720496755320, 0.000000000000000000, -10.06032171581770562 ) ) ;
#2022 = ADVANCED_FACE ( 'NONE', ( #1697 ), #821, .T. ) ;
#2023 = CARTESIAN_POINT ( 'NONE',  ( 97.27882037533508708, 11.00000000000000000, -27.56032171581770740 ) ) ;
#2024 = VERTEX_POINT ( 'NONE', #1426 ) ;
#2025 = CYLINDRICAL_SURFACE ( 'NONE', #528, 2.500000000000002220 ) ;
#2026 = CIRCLE ( 'NONE', #948, 2.499999999999998668 ) ;
#2027 = EDGE_LOOP ( 'NONE', ( #1639, #338, #1874, #2122 ) ) ;
#2028 = VERTEX_POINT ( 'NONE', #2552 ) ;
#2029 = DIRECTION ( 'NONE',  ( -0.000000000000000000, -1.000000000000000000, -0.000000000000000000 ) ) ;
#2030 = AXIS2_PLACEMENT_3D ( 'NONE', #188, #1501, #594 ) ;
#2031 = FACE_OUTER_BOUND ( 'NONE', #2375, .T. ) ;
#2032 = CARTESIAN_POINT ( 'NONE',  ( -67.72117962466492713, 11.00000000000000000, 28.53967828418227981 ) ) ;
#2033 = ADVANCED_FACE ( 'NONE', ( #1045 ), #1013, .F. ) ;
#2034 = LINE ( 'NONE', #966, #995 ) ;
#2035 = VERTEX_POINT ( 'NONE', #2740 ) ;
#2036 = CARTESIAN_POINT ( 'NONE',  ( 97.27882037533508708, 8.899999999999971934, -29.36032171581769745 ) ) ;
#2037 = EDGE_CURVE ( 'NONE', #2035, #1746, #2309, .T. ) ;
#2038 = VERTEX_POINT ( 'NONE', #1228 ) ;
#2039 = ORIENTED_EDGE ( 'NONE', *, *, #565, .F. ) ;
#2040 = ORIENTED_EDGE ( 'NONE', *, *, #1230, .T. ) ;
#2041 = DIRECTION ( 'NONE',  ( 0.000000000000000000, 0.000000000000000000, 1.000000000000000000 ) ) ;
#2042 = DIRECTION ( 'NONE',  ( 0.000000000000000000, -1.000000000000000000, 0.000000000000000000 ) ) ;
#2043 = COORDINATED_UNIVERSAL_TIME_OFFSET ( 5, 0, .BEHIND. ) ;
#2044 = FACE_OUTER_BOUND ( 'NONE', #37, .T. ) ;
#2045 = DIRECTION ( 'NONE',  ( 0.000000000000000000, 1.000000000000000000, 0.000000000000000000 ) ) ;
#2046 = ORIENTED_EDGE ( 'NONE', *, *, #834, .F. ) ;
#2047 = FACE_OUTER_BOUND ( 'NONE', #621, .T. ) ;
#2048 = VECTOR ( 'NONE', #186, 1000.000000000000000 ) ;
#2049 = EDGE_LOOP ( 'NONE', ( #273, #2085, #1975, #2080 ) ) ;
#2050 = EDGE_CURVE ( 'NONE', #872, #1099, #1200, .T. ) ;
#2051 = ORIENTED_EDGE ( 'NONE', *, *, #1405, .F. ) ;
#2052 = CARTESIAN_POINT ( 'NONE',  ( -33.74372003863281577, 0.000000000000000000, -20.56032171581770740 ) ) ;
#2053 = CIRCLE ( 'NONE', #2418, 2.500000000000002220 ) ;
#2054 = VECTOR ( 'NONE', #1607, 1000.000000000000000 ) ;
#2055 = CARTESIAN_POINT ( 'NONE',  ( 11.77882037533508175, 0.000000000000000000, -12.56032171581770562 ) ) ;
#2056 = VECTOR ( 'NONE', #2029, 1000.000000000000000 ) ;
#2057 = VECTOR ( 'NONE', #264, 1000.000000000000000 ) ;
#2058 = CARTESIAN_POINT ( 'NONE',  ( -67.72117962466492713, 8.900000000000000355, 32.43967828418229260 ) ) ;
#2059 = DIRECTION ( 'NONE',  ( -0.000000000000000000, -1.000000000000000000, -0.000000000000000000 ) ) ;
#2060 = CIRCLE ( 'NONE', #1033, 2.499999999999998668 ) ;
#2061 = FACE_OUTER_BOUND ( 'NONE', #1611, .T. ) ;
#2062 = ORIENTED_EDGE ( 'NONE', *, *, #484, .F. ) ;
#2063 = CIRCLE ( 'NONE', #2798, 2.499999999999998668 ) ;
#2064 = VERTEX_POINT ( 'NONE', #1654 ) ;
#2065 = VERTEX_POINT ( 'NONE', #1215 ) ;
#2066 = CARTESIAN_POINT ( 'NONE',  ( -6.743720038632828206, 11.00000000000000000, -30.06032171581770740 ) ) ;
#2067 = ADVANCED_FACE ( 'NONE', ( #112 ), #572, .T. ) ;
#2068 = EDGE_CURVE ( 'NONE', #227, #1649, #832, .T. ) ;
#2069 = CARTESIAN_POINT ( 'NONE',  ( -67.72117962466492713, 11.00000000000000000, -27.56032171581770740 ) ) ;
#2070 = FACE_OUTER_BOUND ( 'NONE', #26, .T. ) ;
#2071 = ADVANCED_FACE ( 'NONE', ( #138 ), #166, .F. ) ;
#2072 = CYLINDRICAL_SURFACE ( 'NONE', #1973, 4.650000000000003020 ) ;
#2073 = PERSON_AND_ORGANIZATION ( #351, #1162 ) ;
#2074 = DIRECTION ( 'NONE',  ( 0.000000000000000000, 0.000000000000000000, 1.000000000000000000 ) ) ;
#2075 = AXIS2_PLACEMENT_3D ( 'NONE', #2622, #467, #914 ) ;
#2076 = VECTOR ( 'NONE', #1556, 1000.000000000000000 ) ;
#2077 = CARTESIAN_POINT ( 'NONE',  ( 30.87452238816638683, 11.00000000000000000, 4.339651956952703671 ) ) ;
#2078 = LINE ( 'NONE', #2230, #2579 ) ;
#2079 = VERTEX_POINT ( 'NONE', #600 ) ;
#2080 = ORIENTED_EDGE ( 'NONE', *, *, #1195, .F. ) ;
#2081 = EDGE_LOOP ( 'NONE', ( #1044, #2, #1517, #1009 ) ) ;
#2082 = CARTESIAN_POINT ( 'NONE',  ( 64.99706104613564150, 0.000000000000000000, 26.10266967261357962 ) ) ;
#2083 = ORIENTED_EDGE ( 'NONE', *, *, #277, .F. ) ;
#2084 = CARTESIAN_POINT ( 'NONE',  ( -47.72117962466493424, 0.000000000000000000, -32.56032171581770740 ) ) ;
#2085 = ORIENTED_EDGE ( 'NONE', *, *, #2451, .F. ) ;
#2086 = CARTESIAN_POINT ( 'NONE',  ( -60.22117962466494134, 6.200000000000000178, -8.060321715817705623 ) ) ;
#2087 = EDGE_CURVE ( 'NONE', #1889, #1971, #1369, .T. ) ;
#2088 = DIRECTION ( 'NONE',  ( -0.000000000000000000, -1.000000000000000000, -0.000000000000000000 ) ) ;
#2089 = DIRECTION ( 'NONE',  ( -0.000000000000000000, 1.000000000000000000, 0.000000000000000000 ) ) ;
#2090 = CARTESIAN_POINT ( 'NONE',  ( -35.43942029546548156, 0.000000000000000000, 26.10266967261357252 ) ) ;
#2091 = ORIENTED_EDGE ( 'NONE', *, *, #462, .T. ) ;
#2092 = ORIENTED_EDGE ( 'NONE', *, *, #86, .T. ) ;
#2093 = ORIENTED_EDGE ( 'NONE', *, *, #2481, .F. ) ;
#2094 = CARTESIAN_POINT ( 'NONE',  ( 1.183118362503774001, 0.000000000000000000, 4.339651956952708112 ) ) ;
#2095 = VECTOR ( 'NONE', #107, 1000.000000000000000 ) ;
#2096 = ORIENTED_EDGE ( 'NONE', *, *, #1749, .F. ) ;
#2097 = DIRECTION ( 'NONE',  ( 1.000000000000000000, 0.000000000000000000, 0.000000000000000000 ) ) ;
#2098 = ORIENTED_EDGE ( 'NONE', *, *, #2434, .T. ) ;
#2099 = AXIS2_PLACEMENT_3D ( 'NONE', #1496, #1511, #1318 ) ;
#2100 = CARTESIAN_POINT ( 'NONE',  ( 36.30136078930301835, 11.00000000000000000, 34.93967828418229971 ) ) ;
#2101 = AXIS2_PLACEMENT_3D ( 'NONE', #2661, #94, #1203 ) ;
#2102 = CARTESIAN_POINT ( 'NONE',  ( 97.27882037533508708, 8.899999999999971934, -27.56032171581770740 ) ) ;
#2103 = EDGE_CURVE ( 'NONE', #2183, #613, #125, .T. ) ;
#2104 = EDGE_CURVE ( 'NONE', #1222, #1541, #1673, .T. ) ;
#2105 = DIRECTION ( 'NONE',  ( 0.000000000000000000, -1.000000000000000000, 0.000000000000000000 ) ) ;
#2106 = DIRECTION ( 'NONE',  ( 0.000000000000000000, 0.000000000000000000, 1.000000000000000000 ) ) ;
#2107 = ORIENTED_EDGE ( 'NONE', *, *, #1816, .T. ) ;
#2108 = EDGE_CURVE ( 'NONE', #2750, #2113, #222, .T. ) ;
#2109 = AXIS2_PLACEMENT_3D ( 'NONE', #2432, #280, #2404 ) ;
#2110 = VERTEX_POINT ( 'NONE', #554 ) ;
#2111 = ORIENTED_EDGE ( 'NONE', *, *, #336, .F. ) ;
#2112 = DIRECTION ( 'NONE',  ( 1.000000000000000000, -0.000000000000000000, -0.000000000000000000 ) ) ;
#2113 = VERTEX_POINT ( 'NONE', #1475 ) ;
#2114 = DIRECTION ( 'NONE',  ( -0.7372773368101254166, 0.000000000000000000, -0.6755902076156587999 ) ) ;
#2115 = DIRECTION ( 'NONE',  ( 0.000000000000000000, 0.7071067811865437980, 0.7071067811865513475 ) ) ;
#2116 = ORIENTED_EDGE ( 'NONE', *, *, #622, .F. ) ;
#2117 = DIRECTION ( 'NONE',  ( 0.000000000000000000, 0.7071067811865437980, 0.7071067811865513475 ) ) ;
#2118 = CARTESIAN_POINT ( 'NONE',  ( 11.06204168592840631, 0.000000000000000000, -11.90351505784301978 ) ) ;
#2119 = CARTESIAN_POINT ( 'NONE',  ( 30.87452238816638683, 0.000000000000000000, -0.5603217158177106194 ) ) ;
#2120 = DIRECTION ( 'NONE',  ( 1.000000000000000000, 0.000000000000000000, -0.000000000000000000 ) ) ;
#2121 = EDGE_CURVE ( 'NONE', #1113, #1834, #2324, .T. ) ;
#2122 = ORIENTED_EDGE ( 'NONE', *, *, #2481, .T. ) ;
#2123 = EDGE_CURVE ( 'NONE', #981, #468, #926, .T. ) ;
#2124 = DIRECTION ( 'NONE',  ( 0.000000000000000000, -1.000000000000000000, 0.000000000000000000 ) ) ;
#2125 = VERTEX_POINT ( 'NONE', #1324 ) ;
#2126 = DIRECTION ( 'NONE',  ( -0.000000000000000000, -1.000000000000000000, -0.000000000000000000 ) ) ;
#2127 = ORIENTED_EDGE ( 'NONE', *, *, #2397, .T. ) ;
#2128 = ORIENTED_EDGE ( 'NONE', *, *, #2731, .F. ) ;
#2129 = FACE_OUTER_BOUND ( 'NONE', #1023, .T. ) ;
#2130 = CARTESIAN_POINT ( 'NONE',  ( 11.77882037533508175, 0.000000000000000000, -12.56032171581770562 ) ) ;
#2131 = LINE ( 'NONE', #2531, #257 ) ;
#2132 = PLANE ( 'NONE',  #2761 ) ;
#2133 = ORIENTED_EDGE ( 'NONE', *, *, #376, .T. ) ;
#2134 = FACE_OUTER_BOUND ( 'NONE', #2136, .T. ) ;
#2135 = EDGE_CURVE ( 'NONE', #2183, #1271, #1111, .T. ) ;
#2136 = EDGE_LOOP ( 'NONE', ( #2501, #2681, #2489, #2355 ) ) ;
#2137 = DIRECTION ( 'NONE',  ( -0.7348034446274875897, -0.000000000000000000, -0.6782801027330661592 ) ) ;
#2138 = EDGE_LOOP ( 'NONE', ( #1143, #1169, #2506, #1210 ) ) ;
#2139 = DIRECTION ( 'NONE',  ( 0.000000000000000000, 1.000000000000000000, 0.000000000000000000 ) ) ;
#2140 = AXIS2_PLACEMENT_3D ( 'NONE', #493, #56, #2399 ) ;
#2141 = CARTESIAN_POINT ( 'NONE',  ( -67.72117962466492713, 8.899999999999971934, -27.56032171581770740 ) ) ;
#2142 = DIRECTION ( 'NONE',  ( 0.7348034446274878118, -0.000000000000000000, -0.6782801027330659371 ) ) ;
#2143 = VECTOR ( 'NONE', #1633, 1000.000000000000114 ) ;
#2144 = PLANE ( 'NONE',  #409 ) ;
#2145 = CC_DESIGN_SECURITY_CLASSIFICATION ( #1795, ( #2014 ) ) ;
#2146 = AXIS2_PLACEMENT_3D ( 'NONE', #1329, #1509, #1769 ) ;
#2147 = ORIENTED_EDGE ( 'NONE', *, *, #1127, .T. ) ;
#2148 = LINE ( 'NONE', #2407, #1342 ) ;
#2149 = VERTEX_POINT ( 'NONE', #2665 ) ;
#2150 = CIRCLE ( 'NONE', #807, 2.500000000000000444 ) ;
#2151 = CARTESIAN_POINT ( 'NONE',  ( 12.75101720496755497, 0.000000000000000000, 17.43967828418229615 ) ) ;
#2152 = EDGE_CURVE ( 'NONE', #1456, #1605, #942, .T. ) ;
#2153 = ORIENTED_EDGE ( 'NONE', *, *, #1159, .T. ) ;
#2154 = DIRECTION ( 'NONE',  ( 0.000000000000000000, -1.000000000000000000, 0.000000000000000000 ) ) ;
#2155 = EDGE_CURVE ( 'NONE', #2525, #2655, #1775, .T. ) ;
#2156 = CARTESIAN_POINT ( 'NONE',  ( -0.5058571565353751076, 11.00000000000000000, -1.303488730613429292 ) ) ;
#2157 = DIRECTION ( 'NONE',  ( 0.000000000000000000, -1.000000000000000000, 0.000000000000000000 ) ) ;
#2158 = ORIENTED_EDGE ( 'NONE', *, *, #2644, .T. ) ;
#2159 = APPROVAL ( #2483, 'UNSPECIFIED' ) ;
#2160 = DIRECTION ( 'NONE',  ( 0.6782801027330659371, 0.000000000000000000, -0.7348034446274878118 ) ) ;
#2161 = VERTEX_POINT ( 'NONE', #1803 ) ;
#2162 = CARTESIAN_POINT ( 'NONE',  ( -60.22117962466494134, 11.00000000000000000, -8.060321715817705623 ) ) ;
#2163 = VECTOR ( 'NONE', #181, 1000.000000000000000 ) ;
#2164 = EDGE_LOOP ( 'NONE', ( #307, #722, #910, #879 ) ) ;
#2165 = VECTOR ( 'NONE', #686, 1000.000000000000000 ) ;
#2166 = LINE ( 'NONE', #2613, #2517 ) ;
#2167 = VERTEX_POINT ( 'NONE', #2569 ) ;
#2168 = PLANE ( 'NONE',  #295 ) ;
#2169 = DIRECTION ( 'NONE',  ( 0.000000000000000000, 1.000000000000000000, 0.000000000000000000 ) ) ;
#2170 = EDGE_CURVE ( 'NONE', #613, #120, #2420, .T. ) ;
#2171 = CARTESIAN_POINT ( 'NONE',  ( 12.75101720496755320, 11.00000000000000000, -12.56032171581770562 ) ) ;
#2172 = ORIENTED_EDGE ( 'NONE', *, *, #2698, .F. ) ;
#2173 = DIRECTION ( 'NONE',  ( 1.000000000000000000, 0.000000000000000000, 0.000000000000000000 ) ) ;
#2174 = DIRECTION ( 'NONE',  ( 0.000000000000000000, 0.000000000000000000, 1.000000000000000000 ) ) ;
#2175 = ORIENTED_EDGE ( 'NONE', *, *, #1563, .F. ) ;
#2176 = CARTESIAN_POINT ( 'NONE',  ( -8.439420295465492217, 0.000000000000000000, -31.89733032738642393 ) ) ;
#2177 = ORIENTED_EDGE ( 'NONE', *, *, #1195, .T. ) ;
#2178 = DIRECTION ( 'NONE',  ( 0.000000000000000000, 0.000000000000000000, -1.000000000000000000 ) ) ;
#2179 = DIRECTION ( 'NONE',  ( 0.000000000000000000, 0.000000000000000000, 1.000000000000000000 ) ) ;
#2180 = DIRECTION ( 'NONE',  ( 0.000000000000000000, 0.000000000000000000, 1.000000000000000000 ) ) ;
#2181 = VECTOR ( 'NONE', #680, 1000.000000000000000 ) ;
#2182 = DIRECTION ( 'NONE',  ( 0.000000000000000000, 0.000000000000000000, 1.000000000000000000 ) ) ;
#2183 = VERTEX_POINT ( 'NONE', #63 ) ;
#2184 = CARTESIAN_POINT ( 'NONE',  ( -60.22117962466494134, 11.00000000000000000, -5.760321715817706689 ) ) ;
#2185 = DIRECTION ( 'NONE',  ( 0.000000000000000000, 0.000000000000000000, 1.000000000000000000 ) ) ;
#2186 = CONICAL_SURFACE ( 'NONE', #974, 1.799999999999989164, 0.7853981633974536081 ) ;
#2187 = EDGE_CURVE ( 'NONE', #2024, #1753, #2810, .T. ) ;
#2188 = EDGE_CURVE ( 'NONE', #892, #1408, #1226, .T. ) ;
#2189 = LINE ( 'NONE', #252, #2163 ) ;
#2190 = ADVANCED_FACE ( 'NONE', ( #281 ), #2780, .F. ) ;
#2191 = ORIENTED_EDGE ( 'NONE', *, *, #2614, .F. ) ;
#2192 = CIRCLE ( 'NONE', #1659, 1.799999999999989164 ) ;
#2193 = CYLINDRICAL_SURFACE ( 'NONE', #707, 2.500000000000000444 ) ;
#2194 = VECTOR ( 'NONE', #940, 1000.000000000000000 ) ;
#2195 = ORIENTED_EDGE ( 'NONE', *, *, #1498, .F. ) ;
#2196 = CARTESIAN_POINT ( 'NONE',  ( 97.27882037533508708, 0.000000000000000000, 32.43967828418229971 ) ) ;
#2197 = AXIS2_PLACEMENT_3D ( 'NONE', #496, #1583, #1774 ) ;
#2198 = CARTESIAN_POINT ( 'NONE',  ( 102.2788203753350871, 11.00000000000000000, -32.56032171581770740 ) ) ;
#2199 = CARTESIAN_POINT ( 'NONE',  ( -47.72117962466493424, 0.000000000000000000, 37.43967828418229971 ) ) ;
#2200 = AXIS2_PLACEMENT_3D ( 'NONE', #1660, #2496, #546 ) ;
#2201 = LINE ( 'NONE', #218, #709 ) ;
#2202 = ORIENTED_EDGE ( 'NONE', *, *, #446, .T. ) ;
#2203 = CARTESIAN_POINT ( 'NONE',  ( 97.27882037533508708, 11.00000000000000000, -23.66032171581765908 ) ) ;
#2204 = CARTESIAN_POINT ( 'NONE',  ( 36.30136078930298993, 11.00000000000000000, -30.06032171581770740 ) ) ;
#2205 = DIRECTION ( 'NONE',  ( 0.000000000000000000, 1.000000000000000000, 0.000000000000000000 ) ) ;
#2206 = ORIENTED_EDGE ( 'NONE', *, *, #214, .T. ) ;
#2207 = DIRECTION ( 'NONE',  ( -0.000000000000000000, -1.000000000000000000, -0.000000000000000000 ) ) ;
#2208 = ORIENTED_EDGE ( 'NONE', *, *, #2610, .F. ) ;
#2209 = EDGE_CURVE ( 'NONE', #1903, #850, #1463, .T. ) ;
#2210 = ORIENTED_EDGE ( 'NONE', *, *, #906, .T. ) ;
#2211 = CIRCLE ( 'NONE', #2440, 1.799999999999992495 ) ;
#2212 = PRODUCT_RELATED_PRODUCT_CATEGORY ( 'detail', '', ( #1047 ) ) ;
#2213 = AXIS2_PLACEMENT_3D ( 'NONE', #313, #54, #2041 ) ;
#2214 = DIRECTION ( 'NONE',  ( 0.000000000000000000, 0.000000000000000000, -1.000000000000000000 ) ) ;
#2215 = DIRECTION ( 'NONE',  ( 0.7348034446274878118, 0.000000000000000000, 0.6782801027330659371 ) ) ;
#2216 = FACE_OUTER_BOUND ( 'NONE', #1942, .T. ) ;
#2217 = DIRECTION ( 'NONE',  ( 0.000000000000000000, 0.000000000000000000, 1.000000000000000000 ) ) ;
#2218 = DIRECTION ( 'NONE',  ( 0.000000000000000000, 1.000000000000000000, 0.000000000000000000 ) ) ;
#2219 = CARTESIAN_POINT ( 'NONE',  ( 89.77882037533504445, 6.200000000000000178, -8.060321715817705623 ) ) ;
#2220 = EDGE_LOOP ( 'NONE', ( #2503, #1352, #2267, #2202 ) ) ;
#2221 = CARTESIAN_POINT ( 'NONE',  ( -70.22117962466492713, 0.000000000000000000, -32.56032171581770740 ) ) ;
#2222 = ORIENTED_EDGE ( 'NONE', *, *, #175, .F. ) ;
#2223 = ORIENTED_EDGE ( 'NONE', *, *, #2312, .T. ) ;
#2224 = ADVANCED_FACE ( 'NONE', ( #455 ), #1946, .F. ) ;
#2225 = EDGE_CURVE ( 'NONE', #2734, #1917, #2211, .T. ) ;
#2226 = DIRECTION ( 'NONE',  ( 0.000000000000000000, 0.000000000000000000, 1.000000000000000000 ) ) ;
#2227 = DIRECTION ( 'NONE',  ( 0.000000000000000000, -1.000000000000000000, 0.000000000000000000 ) ) ;
#2228 = DIRECTION ( 'NONE',  ( 0.000000000000000000, 0.000000000000000000, 1.000000000000000000 ) ) ;
#2229 = CARTESIAN_POINT ( 'NONE',  ( -21.69863921069704915, 11.00000000000000000, 27.93967828418229260 ) ) ;
#2230 = CARTESIAN_POINT ( 'NONE',  ( 30.87452238816638683, 0.000000000000000000, 0.5397046114118775328 ) ) ;
#2231 = VECTOR ( 'NONE', #2215, 1000.000000000000114 ) ;
#2232 = VERTEX_POINT ( 'NONE', #1762 ) ;
#2233 = CARTESIAN_POINT ( 'NONE',  ( -1.316881637496225999, 11.00000000000000000, 4.339651956952708112 ) ) ;
#2234 = ORIENTED_EDGE ( 'NONE', *, *, #103, .F. ) ;
#2235 = AXIS2_PLACEMENT_3D ( 'NONE', #375, #1263, #1430 ) ;
#2236 = ORIENTED_EDGE ( 'NONE', *, *, #1888, .F. ) ;
#2237 = AXIS2_PLACEMENT_3D ( 'NONE', #1542, #46, #452 ) ;
#2238 = CARTESIAN_POINT ( 'NONE',  ( -72.72117962466492713, 0.000000000000000000, -30.06032171581770740 ) ) ;
#2239 = EDGE_CURVE ( 'NONE', #571, #1113, #1223, .T. ) ;
#2240 = CARTESIAN_POINT ( 'NONE',  ( 49.56057970453454686, 0.000000000000000000, -21.22331310424898021 ) ) ;
#2241 = LINE ( 'NONE', #1416, #1840 ) ;
#2242 = AXIS2_PLACEMENT_3D ( 'NONE', #809, #1219, #1005 ) ;
#2243 = PLANE ( 'NONE',  #205 ) ;
#2244 = DIRECTION ( 'NONE',  ( 0.000000000000000000, 0.000000000000000000, 1.000000000000000000 ) ) ;
#2245 = ORIENTED_EDGE ( 'NONE', *, *, #274, .T. ) ;
#2246 = DIRECTION ( 'NONE',  ( 0.000000000000000000, 0.000000000000000000, -1.000000000000000000 ) ) ;
#2247 = ORIENTED_EDGE ( 'NONE', *, *, #935, .T. ) ;
#2248 = ORIENTED_EDGE ( 'NONE', *, *, #244, .T. ) ;
#2249 = CARTESIAN_POINT ( 'NONE',  ( -72.72117962466492713, 0.000000000000000000, -32.56032171581770740 ) ) ;
#2250 = VECTOR ( 'NONE', #2045, 1000.000000000000000 ) ;
#2251 = LINE ( 'NONE', #1380, #62 ) ;
#2252 = PERSON_AND_ORGANIZATION_ROLE ( 'design_owner' ) ;
#2253 = DIRECTION ( 'NONE',  ( 0.000000000000000000, 0.000000000000000000, 1.000000000000000000 ) ) ;
#2254 = ADVANCED_FACE ( 'NONE', ( #404 ), #48, .F. ) ;
#2255 = CARTESIAN_POINT ( 'NONE',  ( -48.69863921069704560, 0.000000000000000000, 37.43967828418229971 ) ) ;
#2256 = ORIENTED_EDGE ( 'NONE', *, *, #287, .T. ) ;
#2257 = CARTESIAN_POINT ( 'NONE',  ( -21.69863921069704560, 11.00000000000000000, -20.56032171581770740 ) ) ;
#2258 = ORIENTED_EDGE ( 'NONE', *, *, #486, .T. ) ;
#2259 = ORIENTED_EDGE ( 'NONE', *, *, #2523, .F. ) ;
#2260 = DIRECTION ( 'NONE',  ( 0.000000000000000000, 0.000000000000000000, -1.000000000000000000 ) ) ;
#2261 = CARTESIAN_POINT ( 'NONE',  ( -72.72117962466492713, 11.00000000000000000, -32.56032171581770740 ) ) ;
#2262 = CARTESIAN_POINT ( 'NONE',  ( 102.2788203753350871, 11.00000000000000000, 34.93967828418229971 ) ) ;
#2263 = CARTESIAN_POINT ( 'NONE',  ( 76.56057970453454686, 0.000000000000000000, 36.77668689575101979 ) ) ;
#2264 = DIRECTION ( 'NONE',  ( 0.000000000000000000, 0.000000000000000000, 1.000000000000000000 ) ) ;
#2265 = FACE_OUTER_BOUND ( 'NONE', #2615, .T. ) ;
#2266 = EDGE_CURVE ( 'NONE', #1718, #2343, #2189, .T. ) ;
#2267 = ORIENTED_EDGE ( 'NONE', *, *, #2104, .F. ) ;
#2268 = EDGE_CURVE ( 'NONE', #956, #2064, #1985, .T. ) ;
#2269 = AXIS2_PLACEMENT_3D ( 'NONE', #171, #1911, #1924 ) ;
#2270 = EDGE_CURVE ( 'NONE', #372, #892, #1273, .T. ) ;
#2271 = VERTEX_POINT ( 'NONE', #485 ) ;
#2272 = ORIENTED_EDGE ( 'NONE', *, *, #2270, .F. ) ;
#2273 = DIRECTION ( 'NONE',  ( 0.000000000000000000, 1.000000000000000000, 0.000000000000000000 ) ) ;
#2274 = AXIS2_PLACEMENT_3D ( 'NONE', #1725, #2608, #1528 ) ;
#2275 = ADVANCED_FACE ( 'NONE', ( #266 ), #1918, .F. ) ;
#2276 = VECTOR ( 'NONE', #32, 1000.000000000000000 ) ;
#2277 = ORIENTED_EDGE ( 'NONE', *, *, #1938, .T. ) ;
#2278 = DIRECTION ( 'NONE',  ( -0.6782801027330659371, 0.000000000000000000, 0.7348034446274878118 ) ) ;
#2279 = EDGE_LOOP ( 'NONE', ( #1503, #1808, #1260, #2671 ) ) ;
#2280 = CIRCLE ( 'NONE', #1661, 3.900000000000014566 ) ;
#2281 = AXIS2_PLACEMENT_3D ( 'NONE', #1388, #275, #2466 ) ;
#2282 = CIRCLE ( 'NONE', #1530, 2.499999999999998668 ) ;
#2283 = CARTESIAN_POINT ( 'NONE',  ( 89.77882037533504445, 6.200000000000000178, -8.060321715817705623 ) ) ;
#2284 = DIRECTION ( 'NONE',  ( 0.000000000000000000, 0.000000000000000000, 1.000000000000000000 ) ) ;
#2285 = DIRECTION ( 'NONE',  ( 0.000000000000000000, 1.000000000000000000, 0.000000000000000000 ) ) ;
#2286 = CIRCLE ( 'NONE', #1397, 3.900000000000014566 ) ;
#2287 = FACE_OUTER_BOUND ( 'NONE', #1411, .T. ) ;
#2288 = CARTESIAN_POINT ( 'NONE',  ( -6.743720038632828206, 0.000000000000000000, -30.06032171581770740 ) ) ;
#2289 = VERTEX_POINT ( 'NONE', #2255 ) ;
#2290 = AXIS2_PLACEMENT_3D ( 'NONE', #143, #2748, #187 ) ;
#2291 = ORIENTED_EDGE ( 'NONE', *, *, #1873, .F. ) ;
#2292 = ORIENTED_EDGE ( 'NONE', *, *, #302, .T. ) ;
#2293 = CARTESIAN_POINT ( 'NONE',  ( -67.72117962466492713, 0.000000000000000000, -27.56032171581770740 ) ) ;
#2294 = EDGE_CURVE ( 'NONE', #1099, #2713, #221, .T. ) ;
#2295 = ORIENTED_EDGE ( 'NONE', *, *, #750, .T. ) ;
#2296 = DIRECTION ( 'NONE',  ( 0.000000000000000000, 1.000000000000000000, 0.000000000000000000 ) ) ;
#2297 = ORIENTED_EDGE ( 'NONE', *, *, #1784, .F. ) ;
#2298 = DIRECTION ( 'NONE',  ( -0.7372773368101254166, 0.000000000000000000, -0.6755902076156587999 ) ) ;
#2299 = DIRECTION ( 'NONE',  ( 0.000000000000000000, 1.000000000000000000, 0.000000000000000000 ) ) ;
#2300 = VECTOR ( 'NONE', #1190, 1000.000000000000000 ) ;
#2301 = VECTOR ( 'NONE', #1893, 1000.000000000000114 ) ;
#2302 = CARTESIAN_POINT ( 'NONE',  ( 30.06349790720553372, 11.00000000000000000, -1.303488730613436175 ) ) ;
#2303 = CARTESIAN_POINT ( 'NONE',  ( 30.87452238816638683, 0.000000000000000000, -0.5603217158177106194 ) ) ;
#2304 = ORIENTED_EDGE ( 'NONE', *, *, #2398, .T. ) ;
#2305 = ORIENTED_EDGE ( 'NONE', *, *, #2499, .T. ) ;
#2306 = CIRCLE ( 'NONE', #2675, 2.299999999999999822 ) ;
#2307 = EDGE_LOOP ( 'NONE', ( #1181, #883, #326, #848 ) ) ;
#2308 = CARTESIAN_POINT ( 'NONE',  ( -72.72117962466492713, 0.000000000000000000, 37.43967828418229971 ) ) ;
#2309 = LINE ( 'NONE', #789, #1319 ) ;
#2310 = LINE ( 'NONE', #1242, #1174 ) ;
#2311 = EDGE_CURVE ( 'NONE', #1755, #1553, #560, .T. ) ;
#2312 = EDGE_CURVE ( 'NONE', #2534, #1849, #1366, .T. ) ;
#2313 = DIRECTION ( 'NONE',  ( -0.000000000000000000, -1.000000000000000000, -0.000000000000000000 ) ) ;
#2314 = EDGE_CURVE ( 'NONE', #68, #1674, #1648, .T. ) ;
#2315 = PERSON_AND_ORGANIZATION ( #351, #1162 ) ;
#2316 = CARTESIAN_POINT ( 'NONE',  ( -72.72117962466492713, 0.000000000000000000, -32.56032171581770740 ) ) ;
#2317 = DIRECTION ( 'NONE',  ( -0.000000000000000000, 1.000000000000000000, -0.000000000000000000 ) ) ;
#2318 = CARTESIAN_POINT ( 'NONE',  ( -72.72117962466492713, 11.00000000000000000, -32.56032171581770740 ) ) ;
#2319 = ORIENTED_EDGE ( 'NONE', *, *, #515, .F. ) ;
#2320 = ORIENTED_EDGE ( 'NONE', *, *, #1422, .T. ) ;
#2321 = ORIENTED_EDGE ( 'NONE', *, *, #1499, .T. ) ;
#2322 = CARTESIAN_POINT ( 'NONE',  ( 30.87452238816638683, 0.000000000000000000, 0.5397046114118775328 ) ) ;
#2323 = ORIENTED_EDGE ( 'NONE', *, *, #887, .T. ) ;
#2324 = LINE ( 'NONE', #389, #361 ) ;
#2325 = AXIS2_PLACEMENT_3D ( 'NONE', #216, #1078, #1264 ) ;
#2326 = ORIENTED_EDGE ( 'NONE', *, *, #503, .T. ) ;
#2327 = AXIS2_PLACEMENT_3D ( 'NONE', #2725, #634, #999 ) ;
#2328 = ORIENTED_EDGE ( 'NONE', *, *, #2644, .F. ) ;
#2329 = EDGE_CURVE ( 'NONE', #2289, #896, #955, .T. ) ;
#2330 = FACE_OUTER_BOUND ( 'NONE', #206, .T. ) ;
#2331 = SECURITY_CLASSIFICATION_LEVEL ( 'unclassified' ) ;
#2332 = AXIS2_PLACEMENT_3D ( 'NONE', #1963, #2139, #2803 ) ;
#2333 = CYLINDRICAL_SURFACE ( 'NONE', #1478, 2.500000000000002220 ) ;
#2334 = CIRCLE ( 'NONE', #20, 2.500000000000002220 ) ;
#2335 = EDGE_CURVE ( 'NONE', #529, #2343, #79, .T. ) ;
#2336 = CARTESIAN_POINT ( 'NONE',  ( -1.316881637496225999, 0.000000000000000000, 5.439678284182294377 ) ) ;
#2337 = DIRECTION ( 'NONE',  ( 0.000000000000000000, 1.000000000000000000, 0.000000000000000000 ) ) ;
#2338 = ORIENTED_EDGE ( 'NONE', *, *, #2436, .T. ) ;
#2339 = AXIS2_PLACEMENT_3D ( 'NONE', #2706, #130, #2687 ) ;
#2340 = ORIENTED_EDGE ( 'NONE', *, *, #2451, .T. ) ;
#2341 = VECTOR ( 'NONE', #378, 1000.000000000000000 ) ;
#2342 = DIRECTION ( 'NONE',  ( 0.000000000000000000, 0.000000000000000000, 1.000000000000000000 ) ) ;
#2343 = VERTEX_POINT ( 'NONE', #132 ) ;
#2344 = DIRECTION ( 'NONE',  ( 0.7348034446274878118, -0.000000000000000000, -0.6782801027330659371 ) ) ;
#2345 = ORIENTED_EDGE ( 'NONE', *, *, #1818, .T. ) ;
#2346 = ORIENTED_EDGE ( 'NONE', *, *, #903, .T. ) ;
#2347 = DIRECTION ( 'NONE',  ( 0.000000000000000000, -1.000000000000000000, 0.000000000000000000 ) ) ;
#2348 = DIRECTION ( 'NONE',  ( -1.000000000000000000, -0.000000000000000000, -0.000000000000000000 ) ) ;
#2349 = DIRECTION ( 'NONE',  ( 0.000000000000000000, -1.000000000000000000, -0.000000000000000000 ) ) ;
#2350 = LINE ( 'NONE', #1250, #1406 ) ;
#2351 = ADVANCED_FACE ( 'NONE', ( #2265 ), #98, .F. ) ;
#2352 = AXIS2_PLACEMENT_3D ( 'NONE', #989, #2524, #1853 ) ;
#2353 = VERTEX_POINT ( 'NONE', #2486 ) ;
#2354 = CARTESIAN_POINT ( 'NONE',  ( 16.80662354570261030, 0.000000000000000000, 14.93967828418229615 ) ) ;
#2355 = ORIENTED_EDGE ( 'NONE', *, *, #27, .F. ) ;
#2356 = CARTESIAN_POINT ( 'NONE',  ( -70.22117962466492713, 0.000000000000000000, -30.06032171581770740 ) ) ;
#2357 = CARTESIAN_POINT ( 'NONE',  ( 102.2788203753350871, 11.00000000000000000, -32.56032171581770740 ) ) ;
#2358 = ORIENTED_EDGE ( 'NONE', *, *, #462, .F. ) ;
#2359 = DIRECTION ( 'NONE',  ( 1.387778780781446464E-15, 0.000000000000000000, 1.000000000000000000 ) ) ;
#2360 = DATE_TIME_ROLE ( 'creation_date' ) ;
#2361 = LINE ( 'NONE', #1289, #517 ) ;
#2362 = CARTESIAN_POINT ( 'NONE',  ( -67.72117962466492713, 8.899999999999971934, -29.36032171581769745 ) ) ;
#2363 = DIRECTION ( 'NONE',  ( 1.000000000000000000, 0.000000000000000000, -0.000000000000000000 ) ) ;
#2364 = EDGE_CURVE ( 'NONE', #613, #943, #1548, .T. ) ;
#2365 = ORIENTED_EDGE ( 'NONE', *, *, #646, .T. ) ;
#2366 = DIRECTION ( 'NONE',  ( 0.000000000000000000, 0.000000000000000000, -1.000000000000000000 ) ) ;
#2367 = EDGE_CURVE ( 'NONE', #852, #1454, #292, .T. ) ;
#2368 = ORIENTED_EDGE ( 'NONE', *, *, #2398, .F. ) ;
#2369 = CARTESIAN_POINT ( 'NONE',  ( 78.25627996136722686, 0.000000000000000000, 37.43967828418229971 ) ) ;
#2370 = ORIENTED_EDGE ( 'NONE', *, *, #645, .T. ) ;
#2371 = DIRECTION ( 'NONE',  ( -0.000000000000000000, -1.000000000000000000, -0.000000000000000000 ) ) ;
#2372 = CIRCLE ( 'NONE', #1656, 2.499999999999998668 ) ;
#2373 = LINE ( 'NONE', #421, #1703 ) ;
#2374 = CARTESIAN_POINT ( 'NONE',  ( -72.72117962466492713, 0.000000000000000000, -32.56032171581770740 ) ) ;
#2375 = EDGE_LOOP ( 'NONE', ( #1067, #2258, #1680, #1255 ) ) ;
#2376 = VECTOR ( 'NONE', #1187, 1000.000000000000000 ) ;
#2377 = CARTESIAN_POINT ( 'NONE',  ( -72.72117962466492713, 11.00000000000000000, 37.43967828418229971 ) ) ;
#2378 = CC_DESIGN_APPROVAL ( #1217, ( #2014 ) ) ;
#2379 = EDGE_LOOP ( 'NONE', ( #333, #2370, #1626, #2277 ) ) ;
#2380 = DIRECTION ( 'NONE',  ( 0.000000000000000000, 0.000000000000000000, -1.000000000000000000 ) ) ;
#2381 = ORIENTED_EDGE ( 'NONE', *, *, #2123, .F. ) ;
#2382 = VECTOR ( 'NONE', #320, 1000.000000000000114 ) ;
#2383 = DIRECTION ( 'NONE',  ( 0.000000000000000000, 1.000000000000000000, 0.000000000000000000 ) ) ;
#2384 = EDGE_CURVE ( 'NONE', #68, #1903, #509, .T. ) ;
#2385 = ORIENTED_EDGE ( 'NONE', *, *, #1700, .T. ) ;
#2386 = DIRECTION ( 'NONE',  ( -0.6782801027330659371, 0.000000000000000000, -0.7348034446274878118 ) ) ;
#2387 = DIRECTION ( 'NONE',  ( 0.000000000000000000, 1.000000000000000000, 0.000000000000000000 ) ) ;
#2388 = LINE ( 'NONE', #1081, #1160 ) ;
#2389 = ORIENTED_EDGE ( 'NONE', *, *, #2499, .F. ) ;
#2390 = DIRECTION ( 'NONE',  ( -0.000000000000000000, -1.000000000000000000, -0.000000000000000000 ) ) ;
#2391 = ORIENTED_EDGE ( 'NONE', *, *, #1336, .F. ) ;
#2392 = DIRECTION ( 'NONE',  ( 0.000000000000000000, -1.000000000000000000, 0.000000000000000000 ) ) ;
#2393 = CIRCLE ( 'NONE', #1179, 2.500000000000002220 ) ;
#2394 = EDGE_LOOP ( 'NONE', ( #2722, #2368, #309, #567 ) ) ;
#2395 = CARTESIAN_POINT ( 'NONE',  ( 12.75101720496755320, 11.00000000000000000, -10.06032171581770562 ) ) ;
#2396 = CARTESIAN_POINT ( 'NONE',  ( -60.22117962466494134, 6.200000000000000178, -5.760321715817706689 ) ) ;
#2397 = EDGE_CURVE ( 'NONE', #860, #1209, #1845, .T. ) ;
#2398 = EDGE_CURVE ( 'NONE', #747, #571, #2078, .T. ) ;
#2399 = DIRECTION ( 'NONE',  ( 0.000000000000000000, 0.000000000000000000, 1.000000000000000000 ) ) ;
#2400 = EDGE_CURVE ( 'NONE', #381, #2353, #1815, .T. ) ;
#2401 = CARTESIAN_POINT ( 'NONE',  ( -72.72117962466492713, 11.00000000000000000, -32.56032171581770740 ) ) ;
#2402 = ORIENTED_EDGE ( 'NONE', *, *, #2784, .F. ) ;
#2403 = CARTESIAN_POINT ( 'NONE',  ( 18.49559906474175719, 11.00000000000000000, 16.78287162620760853 ) ) ;
#2404 = DIRECTION ( 'NONE',  ( 0.000000000000000000, 0.000000000000000000, -1.000000000000000000 ) ) ;
#2405 = DIRECTION ( 'NONE',  ( 0.000000000000000000, 1.000000000000000000, 0.000000000000000000 ) ) ;
#2406 = ORIENTED_EDGE ( 'NONE', *, *, #2050, .F. ) ;
#2407 = CARTESIAN_POINT ( 'NONE',  ( 97.27882037533508708, 0.000000000000000000, -25.76032171581771379 ) ) ;
#2408 = ORIENTED_EDGE ( 'NONE', *, *, #1953, .T. ) ;
#2409 = CARTESIAN_POINT ( 'NONE',  ( 17.77882037533508353, 0.000000000000000000, 17.43967828418229615 ) ) ;
#2410 = DIRECTION ( 'NONE',  ( -0.000000000000000000, -1.000000000000000000, -0.000000000000000000 ) ) ;
#2411 = DIRECTION ( 'NONE',  ( -0.6782801027330660482, 0.000000000000000000, -0.7348034446274877007 ) ) ;
#2412 = EDGE_CURVE ( 'NONE', #359, #996, #306, .T. ) ;
#2413 = AXIS2_PLACEMENT_3D ( 'NONE', #1550, #1121, #2180 ) ;
#2414 = LINE ( 'NONE', #2602, #431 ) ;
#2415 = ORIENTED_EDGE ( 'NONE', *, *, #766, .F. ) ;
#2416 = CARTESIAN_POINT ( 'NONE',  ( 16.80662354570261030, 0.000000000000000000, 17.43967828418229615 ) ) ;
#2417 = DIRECTION ( 'NONE',  ( 0.000000000000000000, 0.000000000000000000, -1.000000000000000000 ) ) ;
#2418 = AXIS2_PLACEMENT_3D ( 'NONE', #1085, #2207, #538 ) ;
#2419 = EDGE_CURVE ( 'NONE', #1408, #892, #453, .T. ) ;
#2420 = LINE ( 'NONE', #1788, #2076 ) ;
#2421 = VERTEX_POINT ( 'NONE', #1180 ) ;
#2422 = DIRECTION ( 'NONE',  ( 1.000000000000000000, 0.000000000000000000, 0.000000000000000000 ) ) ;
#2423 =( GEOMETRIC_REPRESENTATION_CONTEXT ( 3 ) GLOBAL_UNCERTAINTY_ASSIGNED_CONTEXT ( ( #865 ) ) GLOBAL_UNIT_ASSIGNED_CONTEXT ( ( #1800, #951, #2662 ) ) REPRESENTATION_CONTEXT ( 'NONE', 'WORKASPACE' ) );
#2424 = ORIENTED_EDGE ( 'NONE', *, *, #2087, .F. ) ;
#2425 = EDGE_LOOP ( 'NONE', ( #1041, #633, #2009, #827 ) ) ;
#2426 = AXIS2_PLACEMENT_3D ( 'NONE', #61, #1355, #941 ) ;
#2427 = FACE_OUTER_BOUND ( 'NONE', #183, .T. ) ;
#2428 = CARTESIAN_POINT ( 'NONE',  ( -67.72117962466492713, 0.000000000000000000, -27.56032171581770740 ) ) ;
#2429 = AXIS2_PLACEMENT_3D ( 'NONE', #1332, #1512, #1552 ) ;
#2430 = FACE_OUTER_BOUND ( 'NONE', #2487, .T. ) ;
#2431 = CYLINDRICAL_SURFACE ( 'NONE', #1070, 2.499999999999999556 ) ;
#2432 = CARTESIAN_POINT ( 'NONE',  ( -21.69863921069704915, 0.000000000000000000, 27.93967828418229260 ) ) ;
#2433 = CARTESIAN_POINT ( 'NONE',  ( -20.00293895386437981, 10.99999999999999645, -21.22331310424898376 ) ) ;
#2434 = EDGE_CURVE ( 'NONE', #1727, #100, #2034, .T. ) ;
#2435 = VERTEX_POINT ( 'NONE', #770 ) ;
#2436 = EDGE_CURVE ( 'NONE', #1683, #2547, #536, .T. ) ;
#2437 = CARTESIAN_POINT ( 'NONE',  ( 97.27882037533508708, 11.00000000000000000, -27.56032171581770740 ) ) ;
#2438 = ORIENTED_EDGE ( 'NONE', *, *, #2004, .T. ) ;
#2439 = EDGE_LOOP ( 'NONE', ( #369, #862 ) ) ;
#2440 = AXIS2_PLACEMENT_3D ( 'NONE', #1357, #2205, #1128 ) ;
#2441 = VECTOR ( 'NONE', #2296, 1000.000000000000000 ) ;
#2442 = LINE ( 'NONE', #1837, #2056 ) ;
#2443 = DIRECTION ( 'NONE',  ( 1.000000000000000000, 0.000000000000000000, 0.000000000000000000 ) ) ;
#2444 = ADVANCED_FACE ( 'NONE', ( #2061 ), #119, .F. ) ;
#2445 = DIRECTION ( 'NONE',  ( -4.163336342344337815E-15, 0.000000000000000000, 1.000000000000000000 ) ) ;
#2446 = CARTESIAN_POINT ( 'NONE',  ( 0.000000000000000000, 0.000000000000000000, 0.000000000000000000 ) ) ;
#2447 = DIRECTION ( 'NONE',  ( 0.000000000000000000, 0.000000000000000000, 1.000000000000000000 ) ) ;
#2448 = DIRECTION ( 'NONE',  ( -0.000000000000000000, 1.000000000000000000, -0.000000000000000000 ) ) ;
#2449 = ORIENTED_EDGE ( 'NONE', *, *, #887, .F. ) ;
#2450 = CARTESIAN_POINT ( 'NONE',  ( -34.72117962466493424, 11.00000000000000000, -20.56032171581770740 ) ) ;
#2451 = EDGE_CURVE ( 'NONE', #120, #1271, #204, .T. ) ;
#2452 = ORIENTED_EDGE ( 'NONE', *, *, #127, .T. ) ;
#2453 = EDGE_LOOP ( 'NONE', ( #2292, #773, #2234, #1199 ) ) ;
#2454 = CARTESIAN_POINT ( 'NONE',  ( 99.77882037533508708, 0.000000000000000000, 34.93967828418229971 ) ) ;
#2455 = CARTESIAN_POINT ( 'NONE',  ( 12.75101720496755497, 11.00000000000000000, 17.43967828418229615 ) ) ;
#2456 = CARTESIAN_POINT ( 'NONE',  ( -67.72117962466492713, 8.900000000000000355, 32.43967828418229260 ) ) ;
#2457 = AXIS2_PLACEMENT_3D ( 'NONE', #1562, #276, #461 ) ;
#2458 = DIRECTION ( 'NONE',  ( 0.000000000000000000, 0.000000000000000000, 1.000000000000000000 ) ) ;
#2459 = EDGE_LOOP ( 'NONE', ( #2640, #2245, #2046, #2438 ) ) ;
#2460 = CARTESIAN_POINT ( 'NONE',  ( 16.80662354570261030, 0.000000000000000000, 14.93967828418229615 ) ) ;
#2461 = ORIENTED_EDGE ( 'NONE', *, *, #254, .T. ) ;
#2462 = AXIS2_PLACEMENT_3D ( 'NONE', #1689, #780, #1645 ) ;
#2463 = VERTEX_POINT ( 'NONE', #2090 ) ;
#2464 = AXIS2_PLACEMENT_3D ( 'NONE', #2196, #258, #193 ) ;
#2465 = VERTEX_POINT ( 'NONE', #2563 ) ;
#2466 = DIRECTION ( 'NONE',  ( 0.000000000000000000, 0.000000000000000000, -1.000000000000000000 ) ) ;
#2467 = ADVANCED_FACE ( 'NONE', ( #1469 ), #2132, .F. ) ;
#2468 = AXIS2_PLACEMENT_3D ( 'NONE', #66, #1155, #1612 ) ;
#2469 = LINE ( 'NONE', #532, #2376 ) ;
#2470 = DIRECTION ( 'NONE',  ( 0.000000000000000000, 1.000000000000000000, 0.000000000000000000 ) ) ;
#2471 = CIRCLE ( 'NONE', #763, 2.499999999999998668 ) ;
#2472 = DIRECTION ( 'NONE',  ( 0.000000000000000000, 0.000000000000000000, 1.000000000000000000 ) ) ;
#2473 = DIRECTION ( 'NONE',  ( -0.000000000000000000, -1.000000000000000000, -0.000000000000000000 ) ) ;
#2474 = ORIENTED_EDGE ( 'NONE', *, *, #2068, .F. ) ;
#2475 = DIRECTION ( 'NONE',  ( -0.000000000000000000, 0.000000000000000000, 1.000000000000000000 ) ) ;
#2476 = VERTEX_POINT ( 'NONE', #1709 ) ;
#2477 = ORIENTED_EDGE ( 'NONE', *, *, #2520, .F. ) ;
#2478 = CYLINDRICAL_SURFACE ( 'NONE', #775, 2.499999999999998668 ) ;
#2479 = CIRCLE ( 'NONE', #1272, 2.500000000000000444 ) ;
#2480 = EDGE_CURVE ( 'NONE', #2421, #381, #1455, .T. ) ;
#2481 = EDGE_CURVE ( 'NONE', #943, #551, #380, .T. ) ;
#2482 = LINE ( 'NONE', #767, #2143 ) ;
#2483 = APPROVAL_STATUS ( 'not_yet_approved' ) ;
#2484 = DIRECTION ( 'NONE',  ( -0.000000000000000000, -1.000000000000000000, -0.000000000000000000 ) ) ;
#2485 = EDGE_CURVE ( 'NONE', #904, #2289, #2393, .T. ) ;
#2486 = CARTESIAN_POINT ( 'NONE',  ( -33.74372003863281577, 11.00000000000000000, -20.56032171581770740 ) ) ;
#2487 = EDGE_LOOP ( 'NONE', ( #75, #1890 ) ) ;
#2488 = FACE_BOUND ( 'NONE', #310, .T. ) ;
#2489 = ORIENTED_EDGE ( 'NONE', *, *, #1094, .F. ) ;
#2490 = ORIENTED_EDGE ( 'NONE', *, *, #547, .F. ) ;
#2491 = DIRECTION ( 'NONE',  ( 0.000000000000000000, 1.000000000000000000, 0.000000000000000000 ) ) ;
#2492 = DIRECTION ( 'NONE',  ( 0.000000000000000000, 0.000000000000000000, 1.000000000000000000 ) ) ;
#2493 = EDGE_LOOP ( 'NONE', ( #447, #1861, #1437, #2272 ) ) ;
#2494 = CARTESIAN_POINT ( 'NONE',  ( 30.06349790720553372, 11.00000000000000000, -1.303488730613436175 ) ) ;
#2495 = PERSON_AND_ORGANIZATION ( #351, #1162 ) ;
#2496 = DIRECTION ( 'NONE',  ( -0.000000000000000000, -1.000000000000000000, -0.000000000000000000 ) ) ;
#2497 = DIRECTION ( 'NONE',  ( 0.000000000000000000, 0.000000000000000000, -1.000000000000000000 ) ) ;
#2498 = EDGE_LOOP ( 'NONE', ( #1385, #2786 ) ) ;
#2499 = EDGE_CURVE ( 'NONE', #852, #1399, #1768, .T. ) ;
#2500 = CIRCLE ( 'NONE', #2099, 2.500000000000000000 ) ;
#2501 = ORIENTED_EDGE ( 'NONE', *, *, #232, .F. ) ;
#2502 = ADVANCED_FACE ( 'NONE', ( #1083 ), #795, .F. ) ;
#2503 = ORIENTED_EDGE ( 'NONE', *, *, #412, .T. ) ;
#2504 = DIRECTION ( 'NONE',  ( -0.000000000000000000, 1.000000000000000000, -0.000000000000000000 ) ) ;
#2505 = VECTOR ( 'NONE', #2142, 1000.000000000000114 ) ;
#2506 = ORIENTED_EDGE ( 'NONE', *, *, #336, .T. ) ;
#2507 = DIRECTION ( 'NONE',  ( 8.659560562354985860E-17, 0.7071067811865433539, -0.7071067811865517916 ) ) ;
#2508 = ORIENTED_EDGE ( 'NONE', *, *, #271, .F. ) ;
#2509 = AXIS2_PLACEMENT_3D ( 'NONE', #30, #1521, #1922 ) ;
#2510 = DIRECTION ( 'NONE',  ( 0.000000000000000000, 0.000000000000000000, -1.000000000000000000 ) ) ;
#2511 = APPROVAL_STATUS ( 'not_yet_approved' ) ;
#2512 = LINE ( 'NONE', #1417, #207 ) ;
#2513 = AXIS2_PLACEMENT_3D ( 'NONE', #2692, #296, #2246 ) ;
#2514 = CYLINDRICAL_SURFACE ( 'NONE', #1586, 4.649999999999997691 ) ;
#2515 = DIRECTION ( 'NONE',  ( 2.775557561562888984E-15, 0.000000000000000000, 1.000000000000000000 ) ) ;
#2516 = ORIENTED_EDGE ( 'NONE', *, *, #605, .F. ) ;
#2517 = VECTOR ( 'NONE', #663, 1000.000000000000000 ) ;
#2518 = EDGE_CURVE ( 'NONE', #892, #1889, #2350, .T. ) ;
#2519 = ORIENTED_EDGE ( 'NONE', *, *, #2628, .T. ) ;
#2520 = EDGE_CURVE ( 'NONE', #875, #2534, #1679, .T. ) ;
#2521 = ORIENTED_EDGE ( 'NONE', *, *, #2335, .T. ) ;
#2522 = CARTESIAN_POINT ( 'NONE',  ( -60.22117962466494134, 6.200000000000000178, -8.060321715817705623 ) ) ;
#2523 = EDGE_CURVE ( 'NONE', #2110, #996, #1266, .T. ) ;
#2524 = DIRECTION ( 'NONE',  ( 0.000000000000000000, -1.000000000000000000, 0.000000000000000000 ) ) ;
#2525 = VERTEX_POINT ( 'NONE', #1064 ) ;
#2526 = LINE ( 'NONE', #1276, #1620 ) ;
#2527 = APPROVAL_DATE_TIME ( #1050, #1217 ) ;
#2528 = CARTESIAN_POINT ( 'NONE',  ( 97.27882037533508708, 11.00000000000000000, -31.46032171581775216 ) ) ;
#2529 = AXIS2_PLACEMENT_3D ( 'NONE', #2733, #1599, #1828 ) ;
#2530 = VECTOR ( 'NONE', #2344, 1000.000000000000114 ) ;
#2531 = CARTESIAN_POINT ( 'NONE',  ( -72.72117962466492713, 11.00000000000000000, 34.93967828418229971 ) ) ;
#2532 = FACE_OUTER_BOUND ( 'NONE', #2768, .T. ) ;
#2533 = ORIENTED_EDGE ( 'NONE', *, *, #2329, .T. ) ;
#2534 = VERTEX_POINT ( 'NONE', #2763 ) ;
#2535 = EDGE_LOOP ( 'NONE', ( #2083, #2098, #2626, #2637 ) ) ;
#2536 = DIRECTION ( 'NONE',  ( 0.000000000000000000, 0.000000000000000000, 1.000000000000000000 ) ) ;
#2537 = EDGE_CURVE ( 'NONE', #1834, #405, #2479, .T. ) ;
#2538 = ORIENTED_EDGE ( 'NONE', *, *, #1866, .T. ) ;
#2539 = DIRECTION ( 'NONE',  ( 0.000000000000000000, 0.000000000000000000, 1.000000000000000000 ) ) ;
#2540 = ORIENTED_EDGE ( 'NONE', *, *, #2367, .F. ) ;
#2541 = ADVANCED_FACE ( 'NONE', ( #630 ), #2144, .F. ) ;
#2542 = CARTESIAN_POINT ( 'NONE',  ( 89.77882037533504445, 6.200000000000000178, -5.760321715817712906 ) ) ;
#2543 = CC_DESIGN_DATE_AND_TIME_ASSIGNMENT ( #185, #606, ( #1795 ) ) ;
#2544 = DIRECTION ( 'NONE',  ( 0.000000000000000000, 1.000000000000000000, 0.000000000000000000 ) ) ;
#2545 = DIRECTION ( 'NONE',  ( 0.000000000000000000, 0.000000000000000000, -1.000000000000000000 ) ) ;
#2546 = CARTESIAN_POINT ( 'NONE',  ( 97.27882037533508708, 0.000000000000000000, 32.43967828418229971 ) ) ;
#2547 = VERTEX_POINT ( 'NONE', #1899 ) ;
#2548 = VERTEX_POINT ( 'NONE', #1291 ) ;
#2549 = LINE ( 'NONE', #402, #1338 ) ;
#2550 = CIRCLE ( 'NONE', #2413, 2.499999999999998668 ) ;
#2551 = ORIENTED_EDGE ( 'NONE', *, *, #1019, .T. ) ;
#2552 = CARTESIAN_POINT ( 'NONE',  ( 78.25627996136722686, 11.00000000000000000, -32.56032171581770740 ) ) ;
#2553 = EDGE_LOOP ( 'NONE', ( #2639, #1491 ) ) ;
#2554 = AXIS2_PLACEMENT_3D ( 'NONE', #688, #1295, #1544 ) ;
#2555 = AXIS2_PLACEMENT_3D ( 'NONE', #115, #1367, #1163 ) ;
#2556 = ORIENTED_EDGE ( 'NONE', *, *, #1112, .F. ) ;
#2557 = DIRECTION ( 'NONE',  ( 0.000000000000000000, 0.000000000000000000, 1.000000000000000000 ) ) ;
#2558 = ADVANCED_FACE ( 'NONE', ( #367 ), #144, .F. ) ;
#2559 = AXIS2_PLACEMENT_3D ( 'NONE', #2100, #836, #141 ) ;
#2560 = CARTESIAN_POINT ( 'NONE',  ( -67.72117962466492713, 0.000000000000000000, 34.23967828418228265 ) ) ;
#2561 = VECTOR ( 'NONE', #656, 1000.000000000000114 ) ;
#2562 = LINE ( 'NONE', #629, #1126 ) ;
#2563 = CARTESIAN_POINT ( 'NONE',  ( -8.439420295465493993, 0.000000000000000000, 36.77668689575101979 ) ) ;
#2564 = AXIS2_PLACEMENT_3D ( 'NONE', #1571, #1830, #968 ) ;
#2565 = VERTEX_POINT ( 'NONE', #826 ) ;
#2566 = AXIS2_PLACEMENT_3D ( 'NONE', #2119, #158, #1678 ) ;
#2567 = CARTESIAN_POINT ( 'NONE',  ( -34.72117962466493424, 0.000000000000000000, -20.56032171581770740 ) ) ;
#2568 = ORIENTED_EDGE ( 'NONE', *, *, #1440, .T. ) ;
#2569 = CARTESIAN_POINT ( 'NONE',  ( 49.56057970453454686, 11.00000000000000000, -21.22331310424898021 ) ) ;
#2570 = CARTESIAN_POINT ( 'NONE',  ( 49.56057970453454686, 11.00000000000000000, 26.10266967261357607 ) ) ;
#2571 = ORIENTED_EDGE ( 'NONE', *, *, #986, .F. ) ;
#2572 = CARTESIAN_POINT ( 'NONE',  ( 89.77882037533504445, 6.200000000000000178, -3.410321715817708821 ) ) ;
#2573 = SHAPE_DEFINITION_REPRESENTATION ( #612, #2793 ) ;
#2574 = CARTESIAN_POINT ( 'NONE',  ( 78.25627996136721265, 0.000000000000000000, 34.93967828418229971 ) ) ;
#2575 = ADVANCED_FACE ( 'NONE', ( #2532 ), #2775, .F. ) ;
#2576 = ADVANCED_FACE ( 'NONE', ( #411 ), #1279, .F. ) ;
#2577 = FACE_OUTER_BOUND ( 'NONE', #1306, .T. ) ;
#2578 = DIRECTION ( 'NONE',  ( -0.000000000000000000, -1.000000000000000000, -0.000000000000000000 ) ) ;
#2579 = VECTOR ( 'NONE', #1638, 1000.000000000000000 ) ;
#2580 = EDGE_CURVE ( 'NONE', #875, #17, #2306, .T. ) ;
#2581 = AXIS2_PLACEMENT_3D ( 'NONE', #342, #2726, #152 ) ;
#2582 = ORIENTED_EDGE ( 'NONE', *, *, #1958, .T. ) ;
#2583 = CC_DESIGN_PERSON_AND_ORGANIZATION_ASSIGNMENT ( #2073, #1658, ( #1795 ) ) ;
#2584 = DIRECTION ( 'NONE',  ( -0.7348034446274875897, -0.000000000000000000, 0.6782801027330660482 ) ) ;
#2585 = EDGE_LOOP ( 'NONE', ( #994, #2381, #1285, #1543 ) ) ;
#2586 = CARTESIAN_POINT ( 'NONE',  ( -72.72117962466492713, 11.00000000000000000, -30.06032171581770740 ) ) ;
#2587 = ORIENTED_EDGE ( 'NONE', *, *, #906, .F. ) ;
#2588 = DIRECTION ( 'NONE',  ( 0.000000000000000000, 1.000000000000000000, 0.000000000000000000 ) ) ;
#2589 = DIRECTION ( 'NONE',  ( 0.000000000000000000, 0.000000000000000000, 1.000000000000000000 ) ) ;
#2590 = CARTESIAN_POINT ( 'NONE',  ( 99.77882037533508708, 11.00000000000000000, -32.56032171581770740 ) ) ;
#2591 = ORIENTED_EDGE ( 'NONE', *, *, #1588, .F. ) ;
#2592 = CARTESIAN_POINT ( 'NONE',  ( 1.183118362503774001, 0.000000000000000000, 0.5397046114118816407 ) ) ;
#2593 = VERTEX_POINT ( 'NONE', #1761 ) ;
#2594 = EDGE_CURVE ( 'NONE', #297, #1470, #2634, .T. ) ;
#2595 = PLANE ( 'NONE',  #1202 ) ;
#2596 = EDGE_LOOP ( 'NONE', ( #2415, #2319, #335, #1343 ) ) ;
#2597 = LINE ( 'NONE', #690, #1497 ) ;
#2598 = ORIENTED_EDGE ( 'NONE', *, *, #1109, .F. ) ;
#2599 = DIRECTION ( 'NONE',  ( 1.000000000000000000, 0.000000000000000000, 0.000000000000000000 ) ) ;
#2600 = AXIS2_PLACEMENT_3D ( 'NONE', #1744, #2804, #436 ) ;
#2601 = FACE_OUTER_BOUND ( 'NONE', #1779, .T. ) ;
#2602 = CARTESIAN_POINT ( 'NONE',  ( 30.87452238816638683, 11.00000000000000000, 4.339651956952703671 ) ) ;
#2603 = ORIENTED_EDGE ( 'NONE', *, *, #2135, .F. ) ;
#2604 = AXIS2_PLACEMENT_3D ( 'NONE', #2283, #1477, #590 ) ;
#2605 = CARTESIAN_POINT ( 'NONE',  ( 97.27882037533508708, 8.899999999999971934, -25.76032171581771379 ) ) ;
#2606 = LOCAL_TIME ( 12, 7, 31.00000000000000000, #1246 ) ;
#2607 = ORIENTED_EDGE ( 'NONE', *, *, #2155, .F. ) ;
#2608 = DIRECTION ( 'NONE',  ( 0.000000000000000000, 1.000000000000000000, 0.000000000000000000 ) ) ;
#2609 = EDGE_CURVE ( 'NONE', #17, #1849, #439, .T. ) ;
#2610 = EDGE_CURVE ( 'NONE', #2565, #900, #1334, .T. ) ;
#2611 = ORIENTED_EDGE ( 'NONE', *, *, #1498, .T. ) ;
#2612 = CIRCLE ( 'NONE', #344, 3.900000000000014566 ) ;
#2613 = CARTESIAN_POINT ( 'NONE',  ( 102.2788203753350871, 11.00000000000000000, -30.06032171581770740 ) ) ;
#2614 = EDGE_CURVE ( 'NONE', #1592, #1746, #1883, .T. ) ;
#2615 = EDGE_LOOP ( 'NONE', ( #1944, #324, #2222, #197 ) ) ;
#2616 = DIRECTION ( 'NONE',  ( 0.000000000000000000, -1.000000000000000000, 0.000000000000000000 ) ) ;
#2617 = DIRECTION ( 'NONE',  ( -0.000000000000000000, 1.000000000000000000, -0.000000000000000000 ) ) ;
#2618 = DIRECTION ( 'NONE',  ( 0.000000000000000000, 0.000000000000000000, 1.000000000000000000 ) ) ;
#2619 = VERTEX_POINT ( 'NONE', #2416 ) ;
#2620 = CYLINDRICAL_SURFACE ( 'NONE', #714, 2.500000000000000000 ) ;
#2621 = CARTESIAN_POINT ( 'NONE',  ( -67.72117962466492713, 8.899999999999971934, -29.36032171581769745 ) ) ;
#2622 = CARTESIAN_POINT ( 'NONE',  ( 28.37452238816638683, 0.000000000000000000, 0.5397046114118775328 ) ) ;
#2623 = ORIENTED_EDGE ( 'NONE', *, *, #1418, .F. ) ;
#2624 = CARTESIAN_POINT ( 'NONE',  ( -60.22117962466494134, 0.000000000000000000, -12.71032171581770953 ) ) ;
#2625 = AXIS2_PLACEMENT_3D ( 'NONE', #1692, #2337, #2106 ) ;
#2626 = ORIENTED_EDGE ( 'NONE', *, *, #547, .T. ) ;
#2627 = CARTESIAN_POINT ( 'NONE',  ( 99.77882037533508708, 11.00000000000000000, -30.06032171581770740 ) ) ;
#2628 = EDGE_CURVE ( 'NONE', #121, #896, #249, .T. ) ;
#2629 = CYLINDRICAL_SURFACE ( 'NONE', #847, 2.299999999999993161 ) ;
#2630 = CARTESIAN_POINT ( 'NONE',  ( -72.72117962466492713, 0.000000000000000000, 37.43967828418229971 ) ) ;
#2631 = EDGE_CURVE ( 'NONE', #2271, #1424, #2334, .T. ) ;
#2632 = CARTESIAN_POINT ( 'NONE',  ( -6.743720038632828206, 11.00000000000000000, -32.56032171581770740 ) ) ;
#2633 = ORIENTED_EDGE ( 'NONE', *, *, #2518, .F. ) ;
#2634 = LINE ( 'NONE', #2403, #226 ) ;
#2635 = DIRECTION ( 'NONE',  ( 0.000000000000000000, 0.000000000000000000, 1.000000000000000000 ) ) ;
#2636 = DIRECTION ( 'NONE',  ( -1.000000000000000000, 0.000000000000000000, -0.000000000000000000 ) ) ;
#2637 = ORIENTED_EDGE ( 'NONE', *, *, #2610, .T. ) ;
#2638 = CARTESIAN_POINT ( 'NONE',  ( -67.72117962466492713, 8.900000000000000355, 32.43967828418229260 ) ) ;
#2639 = ORIENTED_EDGE ( 'NONE', *, *, #1767, .F. ) ;
#2640 = ORIENTED_EDGE ( 'NONE', *, *, #1004, .T. ) ;
#2641 = CARTESIAN_POINT ( 'NONE',  ( -72.72117962466492713, 0.000000000000000000, 34.93967828418229971 ) ) ;
#2642 = CARTESIAN_POINT ( 'NONE',  ( 63.30136078930298282, 0.000000000000000000, -20.56032171581770740 ) ) ;
#2643 = AXIS2_PLACEMENT_3D ( 'NONE', #2141, #839, #1897 ) ;
#2644 = EDGE_CURVE ( 'NONE', #969, #432, #2280, .T. ) ;
#2645 = DIRECTION ( 'NONE',  ( 0.000000000000000000, 0.000000000000000000, 1.000000000000000000 ) ) ;
#2646 = DIRECTION ( 'NONE',  ( -0.000000000000000000, 1.000000000000000000, -0.000000000000000000 ) ) ;
#2647 = FACE_OUTER_BOUND ( 'NONE', #406, .T. ) ;
#2648 = VECTOR ( 'NONE', #2584, 1000.000000000000114 ) ;
#2649 = AXIS2_PLACEMENT_3D ( 'NONE', #2018, #494, #1621 ) ;
#2650 = CARTESIAN_POINT ( 'NONE',  ( 64.27882037533510129, 0.000000000000000000, 25.43967828418229971 ) ) ;
#2651 = LOCAL_TIME ( 12, 7, 31.00000000000000000, #624 ) ;
#2652 = EDGE_LOOP ( 'NONE', ( #721, #298, #2779, #2669 ) ) ;
#2653 = VECTOR ( 'NONE', #2599, 1000.000000000000000 ) ;
#2654 = DIRECTION ( 'NONE',  ( 0.000000000000000000, 0.000000000000000000, 1.000000000000000000 ) ) ;
#2655 = VERTEX_POINT ( 'NONE', #1323 ) ;
#2656 = ORIENTED_EDGE ( 'NONE', *, *, #1109, .T. ) ;
#2657 = AXIS2_PLACEMENT_3D ( 'NONE', #1602, #2475, #283 ) ;
#2658 = LINE ( 'NONE', #1992, #1532 ) ;
#2659 = CYLINDRICAL_SURFACE ( 'NONE', #1018, 1.799999999999989164 ) ;
#2660 = CIRCLE ( 'NONE', #1444, 2.500000000000002220 ) ;
#2661 = CARTESIAN_POINT ( 'NONE',  ( -60.22117962466494134, 6.200000000000000178, -8.060321715817705623 ) ) ;
#2662 =( NAMED_UNIT ( * ) SI_UNIT ( $, .STERADIAN. ) SOLID_ANGLE_UNIT ( ) );
#2663 = CARTESIAN_POINT ( 'NONE',  ( -33.74372003863281577, 11.00000000000000000, -23.06032171581770385 ) ) ;
#2664 = ADVANCED_FACE ( 'NONE', ( #1956 ), #2620, .F. ) ;
#2665 = CARTESIAN_POINT ( 'NONE',  ( -20.00293895386437981, 0.000000000000000000, 26.10266967261357252 ) ) ;
#2666 = ADVANCED_FACE ( 'NONE', ( #698 ), #1307, .F. ) ;
#2667 = ORIENTED_EDGE ( 'NONE', *, *, #1438, .T. ) ;
#2668 = LINE ( 'NONE', #759, #299 ) ;
#2669 = ORIENTED_EDGE ( 'NONE', *, *, #2188, .T. ) ;
#2670 = CC_DESIGN_PERSON_AND_ORGANIZATION_ASSIGNMENT ( #1635, #2252, ( #1047 ) ) ;
#2671 = ORIENTED_EDGE ( 'NONE', *, *, #2701, .F. ) ;
#2672 = VECTOR ( 'NONE', #2578, 1000.000000000000000 ) ;
#2673 = LINE ( 'NONE', #1618, #1576 ) ;
#2674 = CARTESIAN_POINT ( 'NONE',  ( 97.27882037533508708, 8.900000000000000355, 30.63967828418230965 ) ) ;
#2675 = AXIS2_PLACEMENT_3D ( 'NONE', #1735, #220, #235 ) ;
#2676 = MECHANICAL_CONTEXT ( 'NONE', #764, 'mechanical' ) ;
#2677 = LINE ( 'NONE', #2621, #1304 ) ;
#2678 = DIRECTION ( 'NONE',  ( 0.000000000000000000, 1.000000000000000000, -0.000000000000000000 ) ) ;
#2679 = ORIENTED_EDGE ( 'NONE', *, *, #602, .T. ) ;
#2680 = FACE_OUTER_BOUND ( 'NONE', #1998, .T. ) ;
#2681 = ORIENTED_EDGE ( 'NONE', *, *, #1377, .T. ) ;
#2682 = EDGE_CURVE ( 'NONE', #2655, #819, #2282, .T. ) ;
#2683 = ORIENTED_EDGE ( 'NONE', *, *, #2730, .F. ) ;
#2684 = CYLINDRICAL_SURFACE ( 'NONE', #2790, 1.799999999999992495 ) ;
#2685 = DIRECTION ( 'NONE',  ( 0.000000000000000000, 0.000000000000000000, 1.000000000000000000 ) ) ;
#2686 = CARTESIAN_POINT ( 'NONE',  ( -67.72117962466492713, 0.000000000000000000, 30.63967828418230255 ) ) ;
#2687 = DIRECTION ( 'NONE',  ( -8.326672684688678786E-15, 0.000000000000000000, 1.000000000000000000 ) ) ;
#2688 = VECTOR ( 'NONE', #1136, 1000.000000000000000 ) ;
#2689 = DIRECTION ( 'NONE',  ( 0.000000000000000000, 1.000000000000000000, 0.000000000000000000 ) ) ;
#2690 = VECTOR ( 'NONE', #442, 1000.000000000000000 ) ;
#2691 = ORIENTED_EDGE ( 'NONE', *, *, #1818, .F. ) ;
#2692 = CARTESIAN_POINT ( 'NONE',  ( 89.77882037533504445, 11.00000000000000000, -8.060321715817705623 ) ) ;
#2693 = EDGE_LOOP ( 'NONE', ( #1653, #2709, #635, #1829, #1012, #1138, #2490, #664, #979, #582, #1267, #1955, #959, #616, #569, #1254, #790, #2153, #800, #1485, #160, #23, #219, #2295, #1772, #67, #1914, #352, #2247, #137, #761, #133, #458, #2521, #1008, #2679, #1032, #2248, #2568, #1629 ) ) ;
#2694 = AXIS2_PLACEMENT_3D ( 'NONE', #1347, #1731, #2359 ) ;
#2695 = VERTEX_POINT ( 'NONE', #34 ) ;
#2696 = ADVANCED_FACE ( 'NONE', ( #279 ), #2431, .F. ) ;
#2697 = VECTOR ( 'NONE', #2173, 1000.000000000000000 ) ;
#2698 = EDGE_CURVE ( 'NONE', #285, #1649, #3, .T. ) ;
#2699 = CIRCLE ( 'NONE', #2464, 1.799999999999996048 ) ;
#2700 = CARTESIAN_POINT ( 'NONE',  ( -33.74372003863281577, 0.000000000000000000, -23.06032171581770385 ) ) ;
#2701 = EDGE_CURVE ( 'NONE', #2161, #2713, #1368, .T. ) ;
#2702 = AXIS2_PLACEMENT_3D ( 'NONE', #699, #1984, #2417 ) ;
#2703 = CARTESIAN_POINT ( 'NONE',  ( -60.22117962466494134, 0.000000000000000000, -3.410321715817703048 ) ) ;
#2704 = PLANE ( 'NONE',  #799 ) ;
#2705 = AXIS2_PLACEMENT_3D ( 'NONE', #2336, #1926, #379 ) ;
#2706 = CARTESIAN_POINT ( 'NONE',  ( -48.69863921069705270, 0.000000000000000000, -30.06032171581770740 ) ) ;
#2707 = CARTESIAN_POINT ( 'NONE',  ( -60.22117962466494134, 6.200000000000000178, -8.060321715817705623 ) ) ;
#2708 = VECTOR ( 'NONE', #863, 1000.000000000000000 ) ;
#2709 = ORIENTED_EDGE ( 'NONE', *, *, #2682, .T. ) ;
#2710 = FACE_OUTER_BOUND ( 'NONE', #40, .T. ) ;
#2711 = VECTOR ( 'NONE', #2348, 1000.000000000000000 ) ;
#2712 = ORIENTED_EDGE ( 'NONE', *, *, #2103, .F. ) ;
#2713 = VERTEX_POINT ( 'NONE', #2203 ) ;
#2714 = FACE_OUTER_BOUND ( 'NONE', #1237, .T. ) ;
#2715 = CARTESIAN_POINT ( 'NONE',  ( 97.27882037533508708, 8.899999999999971934, -29.36032171581769745 ) ) ;
#2716 = EDGE_CURVE ( 'NONE', #167, #120, #936, .T. ) ;
#2717 = CYLINDRICAL_SURFACE ( 'NONE', #2235, 2.299999999999999822 ) ;
#2718 = EDGE_CURVE ( 'NONE', #896, #1565, #1026, .T. ) ;
#2719 = CALENDAR_DATE ( 2026, 10, 6 ) ;
#2720 = DIRECTION ( 'NONE',  ( 0.000000000000000000, 0.000000000000000000, -1.000000000000000000 ) ) ;
#2721 = DIRECTION ( 'NONE',  ( 0.000000000000000000, -1.000000000000000000, 0.000000000000000000 ) ) ;
#2722 = ORIENTED_EDGE ( 'NONE', *, *, #2239, .F. ) ;
#2723 = EDGE_LOOP ( 'NONE', ( #2013, #399, #7, #2291 ) ) ;
#2724 = VERTEX_POINT ( 'NONE', #1151 ) ;
#2725 = CARTESIAN_POINT ( 'NONE',  ( -21.69863921069704560, 0.000000000000000000, -23.06032171581770385 ) ) ;
#2726 = DIRECTION ( 'NONE',  ( 0.000000000000000000, -1.000000000000000000, 0.000000000000000000 ) ) ;
#2727 = DIRECTION ( 'NONE',  ( 0.7348034446274878118, 0.000000000000000000, 0.6782801027330659371 ) ) ;
#2728 = DIRECTION ( 'NONE',  ( 0.000000000000000000, 0.000000000000000000, -1.000000000000000000 ) ) ;
#2729 = FACE_OUTER_BOUND ( 'NONE', #2723, .T. ) ;
#2730 = EDGE_CURVE ( 'NONE', #1545, #943, #2808, .T. ) ;
#2731 = EDGE_CURVE ( 'NONE', #1917, #2734, #251, .T. ) ;
#2732 = DIRECTION ( 'NONE',  ( 0.000000000000000000, 1.000000000000000000, 0.000000000000000000 ) ) ;
#2733 = CARTESIAN_POINT ( 'NONE',  ( -20.72117962466493424, 0.000000000000000000, -20.56032171581770740 ) ) ;
#2734 = VERTEX_POINT ( 'NONE', #315 ) ;
#2735 = CIRCLE ( 'NONE', #99, 2.499999999999998668 ) ;
#2736 = ORIENTED_EDGE ( 'NONE', *, *, #1647, .F. ) ;
#2737 = ORIENTED_EDGE ( 'NONE', *, *, #2187, .T. ) ;
#2738 = FACE_OUTER_BOUND ( 'NONE', #1211, .T. ) ;
#2739 = CIRCLE ( 'NONE', #1574, 2.499999999999999556 ) ;
#2740 = CARTESIAN_POINT ( 'NONE',  ( 89.77882037533504445, 11.00000000000000000, -10.36032171581769923 ) ) ;
#2741 = ORIENTED_EDGE ( 'NONE', *, *, #1584, .F. ) ;
#2742 = VECTOR ( 'NONE', #1786, 1000.000000000000000 ) ;
#2743 = CIRCLE ( 'NONE', #667, 2.299999999999993161 ) ;
#2744 = CARTESIAN_POINT ( 'NONE',  ( 97.27882037533508708, 0.000000000000000000, -29.36032171581769745 ) ) ;
#2745 = APPROVAL_ROLE ( '' ) ;
#2746 = CARTESIAN_POINT ( 'NONE',  ( 11.77882037533508175, 0.000000000000000000, 17.43967828418229615 ) ) ;
#2747 = VECTOR ( 'NONE', #1393, 1000.000000000000114 ) ;
#2748 = DIRECTION ( 'NONE',  ( 0.000000000000000000, 1.000000000000000000, 0.000000000000000000 ) ) ;
#2749 = CARTESIAN_POINT ( 'NONE',  ( -72.72117962466492713, 11.00000000000000000, -32.56032171581770740 ) ) ;
#2750 = VERTEX_POINT ( 'NONE', #2686 ) ;
#2751 = ADVANCED_FACE ( 'NONE', ( #964 ), #483, .F. ) ;
#2752 = ORIENTED_EDGE ( 'NONE', *, *, #1563, .T. ) ;
#2753 = ORIENTED_EDGE ( 'NONE', *, *, #813, .T. ) ;
#2754 = CARTESIAN_POINT ( 'NONE',  ( 97.27882037533508708, 0.000000000000000000, 34.23967828418229686 ) ) ;
#2755 = ORIENTED_EDGE ( 'NONE', *, *, #1901, .F. ) ;
#2756 = DIRECTION ( 'NONE',  ( 0.000000000000000000, 0.000000000000000000, 1.000000000000000000 ) ) ;
#2757 = CARTESIAN_POINT ( 'NONE',  ( -72.72117962466492713, 11.00000000000000000, -32.56032171581770740 ) ) ;
#2758 = DIRECTION ( 'NONE',  ( 0.7348034446274878118, -0.000000000000000000, 0.6782801027330659371 ) ) ;
#2759 = DATE_AND_TIME ( #1016, #2606 ) ;
#2760 = LINE ( 'NONE', #2560, #2048 ) ;
#2761 = AXIS2_PLACEMENT_3D ( 'NONE', #2318, #1928, #2120 ) ;
#2762 = DIRECTION ( 'NONE',  ( -0.000000000000000000, 0.000000000000000000, 1.000000000000000000 ) ) ;
#2763 = CARTESIAN_POINT ( 'NONE',  ( -60.22117962466494134, 6.200000000000000178, -10.36032171581770633 ) ) ;
#2764 = ORIENTED_EDGE ( 'NONE', *, *, #1685, .F. ) ;
#2765 = ORIENTED_EDGE ( 'NONE', *, *, #2314, .F. ) ;
#2766 = CARTESIAN_POINT ( 'NONE',  ( 36.30136078930298993, 0.000000000000000000, -30.06032171581770740 ) ) ;
#2767 = EDGE_CURVE ( 'NONE', #735, #1592, #768, .T. ) ;
#2768 = EDGE_LOOP ( 'NONE', ( #2389, #499, #2815, #1309 ) ) ;
#2769 = CARTESIAN_POINT ( 'NONE',  ( -6.743720038632828206, 0.000000000000000000, 34.93967828418229971 ) ) ;
#2770 = ORIENTED_EDGE ( 'NONE', *, *, #1402, .F. ) ;
#2771 = ORIENTED_EDGE ( 'NONE', *, *, #486, .F. ) ;
#2772 = DIRECTION ( 'NONE',  ( -0.000000000000000000, 1.000000000000000000, -0.000000000000000000 ) ) ;
#2773 = DIRECTION ( 'NONE',  ( 0.000000000000000000, 0.000000000000000000, 1.000000000000000000 ) ) ;
#2774 = FACE_BOUND ( 'NONE', #1932, .T. ) ;
#2775 = CYLINDRICAL_SURFACE ( 'NONE', #737, 1.799999999999996048 ) ;
#2776 = EDGE_LOOP ( 'NONE', ( #2408, #2461, #2755, #1520 ) ) ;
#2777 = DIRECTION ( 'NONE',  ( 1.000000000000000000, 0.000000000000000000, 0.000000000000000000 ) ) ;
#2778 = VECTOR ( 'NONE', #1695, 1000.000000000000000 ) ;
#2779 = ORIENTED_EDGE ( 'NONE', *, *, #2270, .T. ) ;
#2780 = CYLINDRICAL_SURFACE ( 'NONE', #1595, 1.799999999999989164 ) ;
#2781 = EDGE_LOOP ( 'NONE', ( #2195, #456, #2107, #1986 ) ) ;
#2782 = AXIS2_PLACEMENT_3D ( 'NONE', #386, #2124, #1256 ) ;
#2783 = ADVANCED_FACE ( 'NONE', ( #520 ), #2704, .F. ) ;
#2784 = EDGE_CURVE ( 'NONE', #1950, #2110, #2241, .T. ) ;
#2785 = VECTOR ( 'NONE', #923, 1000.000000000000000 ) ;
#2786 = ORIENTED_EDGE ( 'NONE', *, *, #2225, .T. ) ;
#2787 = CYLINDRICAL_SURFACE ( 'NONE', #1435, 2.499999999999998668 ) ;
#2788 = EDGE_CURVE ( 'NONE', #927, #1096, #1348, .T. ) ;
#2789 = PERSON_AND_ORGANIZATION ( #351, #1162 ) ;
#2790 = AXIS2_PLACEMENT_3D ( 'NONE', #82, #1780, #2226 ) ;
#2791 = FACE_OUTER_BOUND ( 'NONE', #785, .T. ) ;
#2792 = AXIS2_PLACEMENT_3D ( 'NONE', #534, #346, #557 ) ;
#2793 = ADVANCED_BREP_SHAPE_REPRESENTATION ( 'PSU Side Mount 1 wCutout', ( #1292, #434 ), #2423 ) ;
#2794 = FACE_BOUND ( 'NONE', #2498, .T. ) ;
#2795 = DIRECTION ( 'NONE',  ( 0.000000000000000000, -1.000000000000000000, -0.000000000000000000 ) ) ;
#2796 = CONICAL_SURFACE ( 'NONE', #2242, 1.799999999999992495, 0.7853981633974541632 ) ;
#2797 = ORIENTED_EDGE ( 'NONE', *, *, #1632, .T. ) ;
#2798 = AXIS2_PLACEMENT_3D ( 'NONE', #654, #882, #2182 ) ;
#2799 = LINE ( 'NONE', #1739, #1792 ) ;
#2800 = VERTEX_POINT ( 'NONE', #116 ) ;
#2801 = PLANE ( 'NONE',  #1675 ) ;
#2802 = ORIENTED_EDGE ( 'NONE', *, *, #176, .T. ) ;
#2803 = DIRECTION ( 'NONE',  ( 0.000000000000000000, 0.000000000000000000, 1.000000000000000000 ) ) ;
#2804 = DIRECTION ( 'NONE',  ( 0.000000000000000000, 1.000000000000000000, 0.000000000000000000 ) ) ;
#2805 = EDGE_CURVE ( 'NONE', #1742, #1545, #740, .T. ) ;
#2806 = DIRECTION ( 'NONE',  ( 0.000000000000000000, -1.000000000000000000, 0.000000000000000000 ) ) ;
#2807 = VERTEX_POINT ( 'NONE', #1812 ) ;
#2808 = LINE ( 'NONE', #873, #2561 ) ;
#2809 = VECTOR ( 'NONE', #1859, 1000.000000000000000 ) ;
#2810 = CIRCLE ( 'NONE', #869, 4.649999999999997691 ) ;
#2811 = VERTEX_POINT ( 'NONE', #545 ) ;
#2812 = FACE_OUTER_BOUND ( 'NONE', #2596, .T. ) ;
#2813 = ORIENTED_EDGE ( 'NONE', *, *, #2108, .F. ) ;
#2814 = DIRECTION ( 'NONE',  ( 0.000000000000000000, 0.000000000000000000, 1.000000000000000000 ) ) ;
#2815 = ORIENTED_EDGE ( 'NONE', *, *, #919, .T. ) ;
#2816 = DIRECTION ( 'NONE',  ( 0.000000000000000000, 0.000000000000000000, -1.000000000000000000 ) ) ;
#2817 = DIRECTION ( 'NONE',  ( 0.000000000000000000, 0.000000000000000000, 1.000000000000000000 ) ) ;
ENDSEC;
END-ISO-10303-21;
