ISO-10303-21;
HEADER;
FILE_DESCRIPTION (( 'STEP AP203' ),
    '1' );
FILE_NAME ('SingleDoveTail.STEP',
    '2026-06-10T16:03:37',
    ( '' ),
    ( '' ),
    'SwSTEP 2.0',
    'SolidWorks 2025',
    '' );
FILE_SCHEMA (( 'CONFIG_CONTROL_DESIGN' ));
ENDSEC;

DATA;
#1 = ORIENTED_EDGE ( 'NONE', *, *, #5751, .F. ) ;
#2 = CARTESIAN_POINT ( 'NONE',  ( 0.7954022872182958670, 0.5999999999999999778, 0.2270756231802802949 ) ) ;
#3 = CYLINDRICAL_SURFACE ( 'NONE', #3580, 0.02000000000000005940 ) ;
#4 = ADVANCED_FACE ( 'NONE', ( #4775 ), #7257, .T. ) ;
#5 = CARTESIAN_POINT ( 'NONE',  ( 0.3011724267051345549, 0.1213151523856658420, 0.1877055431802803209 ) ) ;
#6 = PLANE ( 'NONE',  #666 ) ;
#7 = CARTESIAN_POINT ( 'NONE',  ( 0.2861581414739868823, 0.1505145623102361607, 0.1877055431802803487 ) ) ;
#8 = CARTESIAN_POINT ( 'NONE',  ( -0.2338671654535293409, 0.1935602870887397353, 0.2270756231802802949 ) ) ;
#9 = CARTESIAN_POINT ( 'NONE',  ( -0.3920199256676207278, 0.05432943408580805100, 0.2270756231802802949 ) ) ;
#10 = VECTOR ( 'NONE', #1064, 39.37007874015748143 ) ;
#11 = EDGE_LOOP ( 'NONE', ( #954, #429, #3180, #5101, #2276 ) ) ;
#12 = CARTESIAN_POINT ( 'NONE',  ( -0.1439618556191487042, 0.1964160600194861384, 0.1877055431802803209 ) ) ;
#13 = CARTESIAN_POINT ( 'NONE',  ( -0.3921003300199073505, 0.08891139733545252999, 0.2270756231802803504 ) ) ;
#14 = CARTESIAN_POINT ( 'NONE',  ( -0.1453696198529463857, 0.1716835746570795074, 0.1877055431802803209 ) ) ;
#15 = CARTESIAN_POINT ( 'NONE',  ( 0.1815788226838891128, 0.1349340663793115180, 0.2270756231802802949 ) ) ;
#16 = CARTESIAN_POINT ( 'NONE',  ( 0.1176851344244075753, 0.1437830399075659682, 0.1877055431802803487 ) ) ;
#17 = AXIS2_PLACEMENT_3D ( 'NONE', #3143, #1999, #3263 ) ;
#18 = ORIENTED_EDGE ( 'NONE', *, *, #6527, .F. ) ;
#19 = CARTESIAN_POINT ( 'NONE',  ( -0.8609359989257699963, 0.5799999999999999600, 0.2827698237058569042 ) ) ;
#20 = CARTESIAN_POINT ( 'NONE',  ( -0.1026122316538751328, 0.1550940392744830920, 0.2270756231802802949 ) ) ;
#21 = CARTESIAN_POINT ( 'NONE',  ( -0.2040974220950442786, 0.1051600924646580587, 0.1877055431802802377 ) ) ;
#22 = VECTOR ( 'NONE', #3159, 39.37007874015748143 ) ;
#23 = DIRECTION ( 'NONE',  ( 1.000000000000000000, 6.829619984160661399E-15, 0.000000000000000000 ) ) ;
#24 = DIRECTION ( 'NONE',  ( -1.000000000000000000, 0.000000000000000000, -1.365923996832132280E-14 ) ) ;
#25 = ORIENTED_EDGE ( 'NONE', *, *, #2898, .F. ) ;
#26 = AXIS2_PLACEMENT_3D ( 'NONE', #4471, #5023, #5575 ) ;
#27 = CARTESIAN_POINT ( 'NONE',  ( -0.2426433308095423402, 0.05194420531806830804, 0.2270756231802803504 ) ) ;
#28 = CARTESIAN_POINT ( 'NONE',  ( -0.9777074590622319983, 0.000000000000000000, -0.07275875555011726559 ) ) ;
#29 = LINE ( 'NONE', #3505, #5483 ) ;
#30 = CARTESIAN_POINT ( 'NONE',  ( 0.6637217283835672443, 0.5799999999999999600, 0.2270756231802802672 ) ) ;
#31 = DIRECTION ( 'NONE',  ( 0.000000000000000000, -1.000000000000000000, 0.000000000000000000 ) ) ;
#32 = CARTESIAN_POINT ( 'NONE',  ( 0.1544317981604275691, 0.1285610075922887507, 0.2270756231802803504 ) ) ;
#33 = CARTESIAN_POINT ( 'NONE',  ( -0.7541167953658584056, 0.008284271247461859333, 0.06959530821986574523 ) ) ;
#34 = CARTESIAN_POINT ( 'NONE',  ( -0.4537332434783338253, 0.09361685175999387432, 0.1877055431802802654 ) ) ;
#35 = DIRECTION ( 'NONE',  ( 0.000000000000000000, -0.000000000000000000, -1.000000000000000000 ) ) ;
#36 = CARTESIAN_POINT ( 'NONE',  ( -0.1635168167180246768, 0.1548206752725384550, 0.2270756231802803504 ) ) ;
#37 = CARTESIAN_POINT ( 'NONE',  ( -0.7741167953658588674, 0.2150000000000000522, 0.2270756231802802949 ) ) ;
#38 = CARTESIAN_POINT ( 'NONE',  ( -0.2671588248731507909, 0.1596440259293350206, 0.2270756231802804059 ) ) ;
#39 = ORIENTED_EDGE ( 'NONE', *, *, #6534, .T. ) ;
#40 = CARTESIAN_POINT ( 'NONE',  ( -0.7741167953658588674, 0.5999999999999999778, 0.2070756231802803049 ) ) ;
#41 = CARTESIAN_POINT ( 'NONE',  ( 0.6859622457331169265, 0.5999999999999999778, -0.1978062665827000077 ) ) ;
#42 = CARTESIAN_POINT ( 'NONE',  ( 0.3212076123800437499, 0.1345848466134695609, 0.1877055431802803209 ) ) ;
#43 = ORIENTED_EDGE ( 'NONE', *, *, #7628, .F. ) ;
#44 = EDGE_CURVE ( 'NONE', #3036, #3378, #1245, .T. ) ;
#45 = CARTESIAN_POINT ( 'NONE',  ( 0.08067441866313963816, 0.1339514032287845435, 0.2270756231802804337 ) ) ;
#46 = CARTESIAN_POINT ( 'NONE',  ( 0.1201895375455847986, 0.1190068638102623894, 0.2270756231802802949 ) ) ;
#47 = APPROVAL_PERSON_ORGANIZATION ( #1102, #5070, #3441 ) ;
#48 = DIRECTION ( 'NONE',  ( 0.000000000000000000, -0.000000000000000000, 1.000000000000000000 ) ) ;
#49 = CARTESIAN_POINT ( 'NONE',  ( -0.3712752612891410120, 0.07407194944985386054, 0.2270756231802803504 ) ) ;
#50 = ORIENTED_EDGE ( 'NONE', *, *, #3648, .T. ) ;
#51 = CARTESIAN_POINT ( 'NONE',  ( -0.1455469877042948890, 0.1963860566590812373, 0.2270756231802803504 ) ) ;
#52 = ADVANCED_FACE ( 'NONE', ( #4893 ), #6732, .T. ) ;
#53 = CARTESIAN_POINT ( 'NONE',  ( -0.03551284735904771533, 0.07662987020876313449, 0.2270756231802802949 ) ) ;
#54 = CARTESIAN_POINT ( 'NONE',  ( -0.01962720502259097596, 0.1009516909195801865, 0.1877055431802802377 ) ) ;
#55 = LINE ( 'NONE', #1949, #5436 ) ;
#56 = ORIENTED_EDGE ( 'NONE', *, *, #5127, .T. ) ;
#57 = CARTESIAN_POINT ( 'NONE',  ( 0.7290471563225168206, 0.000000000000000000, -0.06520454656100536928 ) ) ;
#58 = EDGE_CURVE ( 'NONE', #7268, #7539, #2948, .T. ) ;
#59 = CARTESIAN_POINT ( 'NONE',  ( -0.04514232705060423900, 0.1438595286243720406, 0.2270756231802802949 ) ) ;
#60 = CARTESIAN_POINT ( 'NONE',  ( -0.2534702317198442301, 0.05161729494470002760, 0.1877055431802803487 ) ) ;
#61 = VECTOR ( 'NONE', #2323, 39.37007874015748143 ) ;
#62 = DIRECTION ( 'NONE',  ( -0.000000000000000000, -1.000000000000000000, -0.000000000000000000 ) ) ;
#63 = CARTESIAN_POINT ( 'NONE',  ( -0.4285363693972682464, 0.1526920952687719213, 0.2270756231802802949 ) ) ;
#64 = ORIENTED_EDGE ( 'NONE', *, *, #4761, .F. ) ;
#65 = CARTESIAN_POINT ( 'NONE',  ( -0.02284877664480545328, 0.08590192298536696025, 0.2270756231802802949 ) ) ;
#66 = CARTESIAN_POINT ( 'NONE',  ( 0.05284910490982360626, 0.1437491157432898847, 0.1877055431802803209 ) ) ;
#67 = CARTESIAN_POINT ( 'NONE',  ( -0.05844707922100601805, 0.08865308808328585533, 0.2270756231802802949 ) ) ;
#68 = DIRECTION ( 'NONE',  ( -1.000000000000000000, 0.000000000000000000, 0.000000000000000000 ) ) ;
#69 = CARTESIAN_POINT ( 'NONE',  ( -0.2106143666492356348, 0.07751678226972763541, 0.2270756231802803504 ) ) ;
#70 = CARTESIAN_POINT ( 'NONE',  ( -0.3403053888768601265, 0.07905418170832102798, 0.2270756231802803504 ) ) ;
#71 = CARTESIAN_POINT ( 'NONE',  ( -0.3730093847760780901, 0.1766616843148396399, 0.1877055431802803209 ) ) ;
#72 = CARTESIAN_POINT ( 'NONE',  ( -0.4389817459676882416, 0.06283736900783655488, 0.1877055431802802654 ) ) ;
#73 = CARTESIAN_POINT ( 'NONE',  ( 0.2861581414739868823, 0.1505145623102361607, 0.1877055431802803487 ) ) ;
#74 = CARTESIAN_POINT ( 'NONE',  ( -0.7541167953658587386, 0.2350000000000000144, 0.2270756231802802672 ) ) ;
#75 = CARTESIAN_POINT ( 'NONE',  ( -0.4558951227596042544, 0.1161615667949961322, 0.2270756231802802672 ) ) ;
#76 = B_SPLINE_CURVE_WITH_KNOTS ( 'NONE', 3,
 ( #275, #6821, #7468, #2049, #6218, #2602, #2677, #5576, #118, #731, #6784, #3237, #7507, #235, #3915, #1422, #6939, #2639, #1339 ),
 .UNSPECIFIED., .F., .F.,
 ( 4, 1, 1, 1, 1, 1, 1, 1, 1, 1, 1, 1, 1, 1, 1, 1, 4 ),
 ( 0.000000000000000000, 0.06675541313745012029, 0.1317279436682002314, 0.1948100844364490658, 0.2568986387839164998, 0.3187508905638007928, 0.3803512888945382864, 0.4433244176166943329, 0.5074626919635751854, 0.5715056738698082173, 0.6333612917281039589, 0.6939415159323160109, 0.7539288461040352107, 0.8138015296774558927, 0.8745236442162156454, 0.9362219827335217515, 1.000000000000000000 ),
 .UNSPECIFIED. ) ;
#77 = CARTESIAN_POINT ( 'NONE',  ( -1.026844259779922552, 0.000000000000000000, -0.2239866064702160375 ) ) ;
#78 = VERTEX_POINT ( 'NONE', #7178 ) ;
#79 = DIRECTION ( 'NONE',  ( 0.000000000000000000, 0.000000000000000000, -1.000000000000000000 ) ) ;
#80 = CARTESIAN_POINT ( 'NONE',  ( -0.3623033279591444944, 0.1239300035890399387, 0.1877055431802803209 ) ) ;
#81 = CARTESIAN_POINT ( 'NONE',  ( -0.2280412645632228785, 0.1239300035890399387, 0.1877055431802803209 ) ) ;
#82 = CARTESIAN_POINT ( 'NONE',  ( 0.1145975086550285460, 0.1396086327027084295, 0.1877055431802803209 ) ) ;
#83 = VERTEX_POINT ( 'NONE', #4228 ) ;
#84 = CARTESIAN_POINT ( 'NONE',  ( 0.08307865209968463838, 0.1329969936317888790, 0.1877055431802803209 ) ) ;
#85 = CARTESIAN_POINT ( 'NONE',  ( 0.1399058819421314659, 0.1345465433445408032, 0.1877055431802803209 ) ) ;
#86 = CARTESIAN_POINT ( 'NONE',  ( 0.09405743993315573981, 0.1565217714367488355, 0.1877055431802803487 ) ) ;
#87 = CARTESIAN_POINT ( 'NONE',  ( -0.3730646272167696953, 0.07088963399828972223, 0.2270756231802802949 ) ) ;
#88 = ORIENTED_EDGE ( 'NONE', *, *, #4176, .T. ) ;
#89 = CARTESIAN_POINT ( 'NONE',  ( -0.1787812631280868703, 0.1797849417789524895, 0.1877055431802803487 ) ) ;
#90 = CARTESIAN_POINT ( 'NONE',  ( -0.02037363930895946459, 0.09178501556971967179, 0.1877055431802803209 ) ) ;
#91 = CARTESIAN_POINT ( 'NONE',  ( 0.2984073524365751795, 0.1000532180550201544, 0.1877055431802803209 ) ) ;
#92 = CARTESIAN_POINT ( 'NONE',  ( -0.1314494496053169870, 0.09612663253265037178, 0.1877055431802803487 ) ) ;
#93 = PRODUCT_DEFINITION_FORMATION_WITH_SPECIFIED_SOURCE ( 'ANY', '', #7376, .NOT_KNOWN. ) ;
#94 = ORIENTED_EDGE ( 'NONE', *, *, #6042, .F. ) ;
#95 = CARTESIAN_POINT ( 'NONE',  ( -0.4089251669960918822, 0.1716835746570795351, 0.1877055431802803487 ) ) ;
#96 = CARTESIAN_POINT ( 'NONE',  ( -0.1109778147752464444, 0.1803588126667233782, 0.1877055431802802654 ) ) ;
#97 = CARTESIAN_POINT ( 'NONE',  ( 0.2651454720105707041, 0.1575507258785614484, 0.1877055431802803209 ) ) ;
#98 = EDGE_CURVE ( 'NONE', #6505, #254, #6810, .T. ) ;
#99 = VERTEX_POINT ( 'NONE', #2512 ) ;
#100 = CARTESIAN_POINT ( 'NONE',  ( -0.2721328181054288309, 0.1162354866542672643, 0.1877055431802803487 ) ) ;
#101 = SPHERICAL_SURFACE ( 'NONE', #488, 0.02000000000000000042 ) ;
#102 = AXIS2_PLACEMENT_3D ( 'NONE', #6192, #3969, #6994 ) ;
#103 = CIRCLE ( 'NONE', #3167, 0.01999999999999999001 ) ;
#104 = VERTEX_POINT ( 'NONE', #593 ) ;
#105 = CARTESIAN_POINT ( 'NONE',  ( 0.07583327305557185927, 0.1567790315492730568, 0.2270756231802802949 ) ) ;
#106 = DIRECTION ( 'NONE',  ( 0.000000000000000000, 0.000000000000000000, -1.000000000000000000 ) ) ;
#107 = CARTESIAN_POINT ( 'NONE',  ( 0.2984073524365751795, 0.05508757223430543054, 0.1877055431802803209 ) ) ;
#108 = CARTESIAN_POINT ( 'NONE',  ( 0.3637717780372212717, 0.05508757223430543054, 0.2270756231802802949 ) ) ;
#109 = CARTESIAN_POINT ( 'NONE',  ( -0.05935798548993393570, 0.1928828478248565959, 0.1877055431802803209 ) ) ;
#110 = CARTESIAN_POINT ( 'NONE',  ( 0.3011724267051345549, 0.1213151523856658420, 0.2270756231802802949 ) ) ;
#111 = CARTESIAN_POINT ( 'NONE',  ( 0.2742512618592611862, 0.1565217714367488355, 0.1877055431802803487 ) ) ;
#112 = CARTESIAN_POINT ( 'NONE',  ( 0.1504200326459344539, 0.1322648544531810355, 0.2270756231802802949 ) ) ;
#113 = CARTESIAN_POINT ( 'NONE',  ( -0.4412148742766019427, 0.06522988328734857788, 0.1877055431802803764 ) ) ;
#114 = LINE ( 'NONE', #4387, #6080 ) ;
#115 = ORIENTED_EDGE ( 'NONE', *, *, #4154, .T. ) ;
#116 = CARTESIAN_POINT ( 'NONE',  ( -0.1373277689934798429, 0.1280688799625346874, 0.2270756231802803504 ) ) ;
#117 = CARTESIAN_POINT ( 'NONE',  ( -0.3680053595260553978, 0.1663007680598010407, 0.1877055431802804042 ) ) ;
#118 = CARTESIAN_POINT ( 'NONE',  ( -0.005074849400937514292, 0.06890030431375913922, 0.2270756231802802672 ) ) ;
#119 = CARTESIAN_POINT ( 'NONE',  ( -0.2342743688315188644, 0.08677403637468353303, 0.1877055431802803209 ) ) ;
#120 = ORIENTED_EDGE ( 'NONE', *, *, #4241, .T. ) ;
#121 = CARTESIAN_POINT ( 'NONE',  ( 0.1588454707487091389, 0.1056566717699403968, 0.2270756231802802949 ) ) ;
#122 = CARTESIAN_POINT ( 'NONE',  ( 0.3233255012307871823, 0.1345557529479893266, 0.2270756231802803504 ) ) ;
#123 = B_SPLINE_CURVE_WITH_KNOTS ( 'NONE', 3,
 ( #2714, #1497, #440, #274, #3350, #965, #7100, #4030, #6980, #5138, #6413 ),
 .UNSPECIFIED., .F., .F.,
 ( 4, 1, 1, 1, 1, 1, 1, 1, 4 ),
 ( 0.000000000000000000, 0.1301910772608031730, 0.2563355306687233326, 0.3791141384848785156, 0.5005508106381952871, 0.6221158091713964167, 0.7447145812206027449, 0.8702230945705810017, 1.000000000000000000 ),
 .UNSPECIFIED. ) ;
#124 = DIRECTION ( 'NONE',  ( 1.000000000000000000, 0.000000000000000000, 0.000000000000000000 ) ) ;
#125 = ORIENTED_EDGE ( 'NONE', *, *, #7327, .F. ) ;
#126 = CARTESIAN_POINT ( 'NONE',  ( -0.1453696198529463857, 0.1716835746570795074, 0.1877055431802803209 ) ) ;
#127 = ORIENTED_EDGE ( 'NONE', *, *, #6544, .F. ) ;
#128 = CARTESIAN_POINT ( 'NONE',  ( 0.1196329223292847688, 0.1170300000176340005, 0.1877055431802803209 ) ) ;
#129 = CARTESIAN_POINT ( 'NONE',  ( -0.03748864898259949424, 0.07636294577512661719, 0.2270756231802803504 ) ) ;
#130 = CARTESIAN_POINT ( 'NONE',  ( 0.9279426847140814782, 0.5999999999999999778, -0.1978062665826999800 ) ) ;
#131 = CARTESIAN_POINT ( 'NONE',  ( -0.1030054160402788799, 0.1487344919511475461, 0.1877055431802802654 ) ) ;
#132 = AXIS2_PLACEMENT_3D ( 'NONE', #5737, #1974, #7428 ) ;
#133 = ORIENTED_EDGE ( 'NONE', *, *, #7858, .F. ) ;
#134 = ADVANCED_FACE ( 'NONE', ( #3667 ), #4306, .T. ) ;
#135 = DIRECTION ( 'NONE',  ( 0.000000000000000000, -1.000000000000000000, 0.000000000000000000 ) ) ;
#136 = DIRECTION ( 'NONE',  ( 0.000000000000000000, 1.000000000000000000, 0.000000000000000000 ) ) ;
#137 = CARTESIAN_POINT ( 'NONE',  ( -0.2603940266877965981, 0.05254056712124510753, 0.2270756231802802949 ) ) ;
#138 = VERTEX_POINT ( 'NONE', #2437 ) ;
#139 = EDGE_CURVE ( 'NONE', #2785, #7829, #5480, .T. ) ;
#140 = CARTESIAN_POINT ( 'NONE',  ( 0.2492232649092255836, 0.1337100102930795509, 0.2270756231802804059 ) ) ;
#141 = CARTESIAN_POINT ( 'NONE',  ( -0.1472190356110728016, 0.07805345149939728333, 0.1877055431802803209 ) ) ;
#142 = VECTOR ( 'NONE', #2030, 39.37007874015748143 ) ;
#143 = EDGE_CURVE ( 'NONE', #2665, #5664, #7482, .T. ) ;
#144 = EDGE_CURVE ( 'NONE', #1516, #4837, #493, .T. ) ;
#145 = ORIENTED_EDGE ( 'NONE', *, *, #7175, .T. ) ;
#146 = CARTESIAN_POINT ( 'NONE',  ( 0.08339461499879391448, 0.1575071012801285142, 0.2270756231802802949 ) ) ;
#147 = DIRECTION ( 'NONE',  ( 0.000000000000000000, 0.000000000000000000, 1.000000000000000000 ) ) ;
#148 = CARTESIAN_POINT ( 'NONE',  ( -0.06057182075878203564, 0.05536094582991313295, 0.1877055431802802377 ) ) ;
#149 = CARTESIAN_POINT ( 'NONE',  ( -0.2065272944844433745, 0.08968081195020950747, 0.2270756231802802394 ) ) ;
#150 = CARTESIAN_POINT ( 'NONE',  ( -0.3446372669859970594, 0.06839232440470720265, 0.2270756231802802949 ) ) ;
#151 = CARTESIAN_POINT ( 'NONE',  ( -0.1075697499520214123, 0.1318677055539967391, 0.2270756231802803504 ) ) ;
#152 = ADVANCED_FACE ( 'NONE', ( #5871 ), #4157, .T. ) ;
#153 = CARTESIAN_POINT ( 'NONE',  ( -0.03661293198700642931, 0.1451844831973581607, 0.2270756231802803504 ) ) ;
#154 = DIRECTION ( 'NONE',  ( 1.000000000000000000, 0.000000000000000000, 8.485139404292639085E-14 ) ) ;
#155 = CARTESIAN_POINT ( 'NONE',  ( 0.6669411154072134584, 0.5799999999999999600, -0.1916259266952023976 ) ) ;
#156 = CARTESIAN_POINT ( 'NONE',  ( -0.2711983342301157451, 0.1435190334104979593, 0.2270756231802804337 ) ) ;
#157 = ORIENTED_EDGE ( 'NONE', *, *, #7424, .T. ) ;
#158 = FACE_OUTER_BOUND ( 'NONE', #2411, .T. ) ;
#159 = DIRECTION ( 'NONE',  ( 0.000000000000000000, -1.000000000000000000, 0.000000000000000000 ) ) ;
#160 = CARTESIAN_POINT ( 'NONE',  ( 0.9279426847140812562, 0.5999999999999999778, -0.1978062665826999800 ) ) ;
#161 = CARTESIAN_POINT ( 'NONE',  ( -0.2751416144506559358, 0.05872463622662364019, 0.1877055431802803209 ) ) ;
#162 = ORIENTED_EDGE ( 'NONE', *, *, #5010, .F. ) ;
#163 = CARTESIAN_POINT ( 'NONE',  ( 0.1489359146715841520, 0.1575507258785614484, 0.1877055431802803209 ) ) ;
#164 = CARTESIAN_POINT ( 'NONE',  ( 0.2947913305811339924, 0.1396086327027084295, 0.2270756231802802949 ) ) ;
#165 = LINE ( 'NONE', #3685, #6727 ) ;
#166 = ORIENTED_EDGE ( 'NONE', *, *, #1334, .F. ) ;
#167 = CARTESIAN_POINT ( 'NONE',  ( -0.1039117551669436618, 0.1655105160120904639, 0.2270756231802803504 ) ) ;
#168 = EDGE_LOOP ( 'NONE', ( #3702, #4852, #1641, #3197 ) ) ;
#169 = CYLINDRICAL_SURFACE ( 'NONE', #5692, 0.01999999999999999001 ) ;
#170 = FACE_OUTER_BOUND ( 'NONE', #1114, .T. ) ;
#171 = CARTESIAN_POINT ( 'NONE',  ( -0.1026122316538751328, 0.1550940392744830920, 0.1877055431802803209 ) ) ;
#172 = EDGE_LOOP ( 'NONE', ( #7401, #2862, #3776, #4609 ) ) ;
#173 = ADVANCED_FACE ( 'NONE', ( #2338 ), #7521, .T. ) ;
#174 = CARTESIAN_POINT ( 'NONE',  ( -0.4219722368600267171, 0.1662518209824075388, 0.1877055431802802654 ) ) ;
#175 = CARTESIAN_POINT ( 'NONE',  ( -0.03728532286187875161, 0.1451675349378337976, 0.2270756231802802672 ) ) ;
#176 = CARTESIAN_POINT ( 'NONE',  ( -0.2570157040211384913, 0.05194176459345253849, 0.1877055431802803209 ) ) ;
#177 = VERTEX_POINT ( 'NONE', #7875 ) ;
#178 = CARTESIAN_POINT ( 'NONE',  ( -0.8857973542005870282, 0.5799999999999999600, 0.2070756231802803882 ) ) ;
#179 = CARTESIAN_POINT ( 'NONE',  ( 0.2350253303975985697, 0.1186273202245977793, 0.1877055431802803209 ) ) ;
#180 = ORIENTED_EDGE ( 'NONE', *, *, #7621, .F. ) ;
#181 = CARTESIAN_POINT ( 'NONE',  ( -0.02037363930895946459, 0.09178501556971967179, 0.2270756231802802949 ) ) ;
#182 = ADVANCED_FACE ( 'NONE', ( #3604 ), #6021, .F. ) ;
#183 = CARTESIAN_POINT ( 'NONE',  ( 0.02811661954741700650, 0.05508757223430543054, 0.2270756231802802949 ) ) ;
#184 = CARTESIAN_POINT ( 'NONE',  ( -0.05692210797796943417, 0.05398637665328333279, 0.1877055431802803764 ) ) ;
#185 = CARTESIAN_POINT ( 'NONE',  ( -0.2317534897077457301, 0.09251811426148005835, 0.1877055431802803487 ) ) ;
#186 = CARTESIAN_POINT ( 'NONE',  ( -0.3446372669859970594, 0.06839232440470720265, 0.1877055431802803209 ) ) ;
#187 = CARTESIAN_POINT ( 'NONE',  ( -0.4551501622491137544, 0.1041195125825900847, 0.1877055431802803209 ) ) ;
#188 = CARTESIAN_POINT ( 'NONE',  ( -0.3730646272167696953, 0.07088963399828972223, 0.2270756231802802949 ) ) ;
#189 = CARTESIAN_POINT ( 'NONE',  ( 0.1638388766122112761, 0.1548969904002743259, 0.1877055431802803764 ) ) ;
#190 = CARTESIAN_POINT ( 'NONE',  ( -0.4065758076228589979, 0.1715876375599909853, 0.1877055431802803487 ) ) ;
#191 = EDGE_LOOP ( 'NONE', ( #3989, #6297, #3843, #1362 ) ) ;
#192 = CARTESIAN_POINT ( 'NONE',  ( -0.1285101265212551525, 0.1450601787554674782, 0.2270756231802802394 ) ) ;
#193 = VECTOR ( 'NONE', #7370, 39.37007874015748143 ) ;
#194 = PLANE ( 'NONE',  #6912 ) ;
#195 = VECTOR ( 'NONE', #2119, 39.37007874015748143 ) ;
#196 = CARTESIAN_POINT ( 'NONE',  ( 0.6637217283835672443, 0.5999999999999999778, 0.2270756231802802672 ) ) ;
#197 = ADVANCED_FACE ( 'NONE', ( #5028 ), #5538, .T. ) ;
#198 = LINE ( 'NONE', #4394, #2809 ) ;
#199 = ORIENTED_EDGE ( 'NONE', *, *, #4646, .T. ) ;
#200 = CARTESIAN_POINT ( 'NONE',  ( -0.4149269768638307321, 0.1962364953311522275, 0.1877055431802803209 ) ) ;
#201 = DIRECTION ( 'NONE',  ( -0.000000000000000000, -0.000000000000000000, 1.000000000000000000 ) ) ;
#202 = CARTESIAN_POINT ( 'NONE',  ( -0.2505378890837154926, 0.1964160600194861384, 0.1877055431802803209 ) ) ;
#203 = EDGE_LOOP ( 'NONE', ( #5866, #1306, #7701, #1194 ) ) ;
#204 = DIRECTION ( 'NONE',  ( -0.000000000000000000, -0.000000000000000000, 1.000000000000000000 ) ) ;
#205 = ORIENTED_EDGE ( 'NONE', *, *, #1481, .T. ) ;
#206 = DIRECTION ( 'NONE',  ( 0.000000000000000000, 0.000000000000000000, -1.000000000000000000 ) ) ;
#207 = DIRECTION ( 'NONE',  ( 0.9500674621162680245, 0.000000000000000000, -0.3120445760271338687 ) ) ;
#208 = CARTESIAN_POINT ( 'NONE',  ( -0.02507727918848490570, 0.1143339945519418893, 0.1877055431802803209 ) ) ;
#209 = CARTESIAN_POINT ( 'NONE',  ( -0.1062423888502868202, 0.1353547172686054012, 0.1877055431802803764 ) ) ;
#210 = B_SPLINE_CURVE_WITH_KNOTS ( 'NONE', 3,
 ( #6604, #4770, #7814, #4848, #21, #3659, #3578, #2388, #5329, #586, #7290, #469, #2943, #3535, #2469, #7209, #4179, #7776, #2430, #2317, #4732, #1197, #7171, #4262, #1722, #6001, #549 ),
 .UNSPECIFIED., .F., .F.,
 ( 4, 1, 1, 1, 1, 1, 1, 1, 1, 1, 1, 1, 1, 1, 1, 1, 1, 1, 1, 1, 1, 1, 1, 1, 4 ),
 ( 0.000000000000000000, 0.06849087449695398511, 0.1330765404908783867, 0.1938289871915769291, 0.2510828574460498563, 0.3044008371534406288, 0.3544083437255269864, 0.4012947817777441917, 0.4447006845454779533, 0.4856924920892442543, 0.5246764844274038886, 0.5623067591777588525, 0.5979465846525343631, 0.6324735490267259230, 0.6657520428969364579, 0.6979852995504439717, 0.7295862241486802402, 0.7608251968744887961, 0.7923550795612057662, 0.8243126039626629264, 0.8571562719790687401, 0.8909268871454045780, 0.9259604429162996420, 0.9620613229943375533, 1.000000000000000000 ),
 .UNSPECIFIED. ) ;
#211 = CARTESIAN_POINT ( 'NONE',  ( 0.07526291976950461038, 0.1345848466134695609, 0.2270756231802802949 ) ) ;
#212 = AXIS2_PLACEMENT_3D ( 'NONE', #2041, #3905, #5015 ) ;
#213 = ORIENTED_EDGE ( 'NONE', *, *, #850, .F. ) ;
#214 = CARTESIAN_POINT ( 'NONE',  ( -0.4312009657544200736, 0.1223566200336189819, 0.1877055431802803487 ) ) ;
#215 = CARTESIAN_POINT ( 'NONE',  ( 0.05300933280244871787, 0.1060534965843292071, 0.2270756231802803504 ) ) ;
#216 = CARTESIAN_POINT ( 'NONE',  ( 0.2560270949816773611, 0.1567790315492731124, 0.2270756231802803504 ) ) ;
#217 = ORIENTED_EDGE ( 'NONE', *, *, #5776, .T. ) ;
#218 = LINE ( 'NONE', #837, #5308 ) ;
#219 = CARTESIAN_POINT ( 'NONE',  ( 0.2330397596738541521, 0.1028152597527480921, 0.1877055431802803209 ) ) ;
#220 = VECTOR ( 'NONE', #7200, 39.37007874015748143 ) ;
#221 = VERTEX_POINT ( 'NONE', #7314 ) ;
#222 = DIRECTION ( 'NONE',  ( 0.3090169943757437032, 0.000000000000000000, -0.9510565162948948492 ) ) ;
#223 = EDGE_CURVE ( 'NONE', #3617, #2068, #1263, .T. ) ;
#224 = CARTESIAN_POINT ( 'NONE',  ( -0.05287789928214595842, 0.08113841478389340056, 0.2270756231802802394 ) ) ;
#225 = CARTESIAN_POINT ( 'NONE',  ( -0.1527372607831924967, 0.1700609446030215410, 0.2270756231802803782 ) ) ;
#226 = CARTESIAN_POINT ( 'NONE',  ( -0.2306152060485017752, 0.09658589484604271358, 0.1877055431802803487 ) ) ;
#227 = CARTESIAN_POINT ( 'NONE',  ( 0.6859622457331169265, 0.02000000000000000042, -0.1978062665827000077 ) ) ;
#228 = CARTESIAN_POINT ( 'NONE',  ( 0.3390392926748146407, 0.05508757223430543054, 0.1877055431802803209 ) ) ;
#229 = AXIS2_PLACEMENT_3D ( 'NONE', #7284, #3049, #5469 ) ;
#230 = CARTESIAN_POINT ( 'NONE',  ( 0.1835503148683232943, 0.1178957599393610639, 0.1877055431802803487 ) ) ;
#231 = CARTESIAN_POINT ( 'NONE',  ( -0.4081314770723162844, 0.1716511639888169127, 0.1877055431802802654 ) ) ;
#232 = VERTEX_POINT ( 'NONE', #121 ) ;
#233 = CARTESIAN_POINT ( 'NONE',  ( -0.3296211151588215871, 0.05332096613699067317, 0.1877055431802803209 ) ) ;
#234 = CARTESIAN_POINT ( 'NONE',  ( -0.3770693783691583256, 0.1823503844418958575, 0.1877055431802803209 ) ) ;
#235 = CARTESIAN_POINT ( 'NONE',  ( -0.02311185638330307338, 0.05496623005808691509, 0.2270756231802803504 ) ) ;
#236 = CARTESIAN_POINT ( 'NONE',  ( -0.2842912992425627450, 0.06787146062695062487, 0.1877055431802802654 ) ) ;
#237 = EDGE_LOOP ( 'NONE', ( #5780, #3291, #2797, #3050 ) ) ;
#238 = CARTESIAN_POINT ( 'NONE',  ( -0.3871046128704032085, 0.1176336335723350141, 0.2270756231802804059 ) ) ;
#239 = CARTESIAN_POINT ( 'NONE',  ( -0.2722064169960918822, 0.1223566200336189819, 0.2270756231802803782 ) ) ;
#240 = CARTESIAN_POINT ( 'NONE',  ( -0.4446161308059040640, 0.1776734734557873785, 0.1877055431802803209 ) ) ;
#241 = ORIENTED_EDGE ( 'NONE', *, *, #4666, .F. ) ;
#242 = ADVANCED_FACE ( 'NONE', ( #3198 ), #6, .T. ) ;
#243 = CARTESIAN_POINT ( 'NONE',  ( -0.2301279424953179831, 0.05552830710193069896, 0.1877055431802803209 ) ) ;
#244 = EDGE_CURVE ( 'NONE', #5344, #2572, #3642, .T. ) ;
#245 = ORIENTED_EDGE ( 'NONE', *, *, #2500, .T. ) ;
#246 = CARTESIAN_POINT ( 'NONE',  ( 0.1835779561111157976, 0.05508757223430543054, 0.1877055431802803209 ) ) ;
#247 = PLANE ( 'NONE',  #583 ) ;
#248 = ADVANCED_FACE ( 'NONE', ( #2454 ), #4023, .T. ) ;
#249 = CYLINDRICAL_SURFACE ( 'NONE', #1136, 0.01999999999999999001 ) ;
#250 = CARTESIAN_POINT ( 'NONE',  ( 0.09335490421127630445, 0.1095042037285957615, 0.1877055431802802377 ) ) ;
#251 = CARTESIAN_POINT ( 'NONE',  ( -0.4559334511168267046, 0.1226326522363244131, 0.1877055431802803209 ) ) ;
#252 = B_SPLINE_CURVE_WITH_KNOTS ( 'NONE', 3,
 ( #5775, #6344, #3836, #5818, #4590, #3391, #4437, #2802, #5740, #5704, #7022 ),
 .UNSPECIFIED., .F., .F.,
 ( 4, 1, 1, 1, 1, 1, 1, 1, 4 ),
 ( 0.000000000000000000, 0.1103603399843298555, 0.2211857967812667358, 0.3343638213725840247, 0.4529765798274164590, 0.5772343082002691084, 0.7088043240432456704, 0.8493551270704516876, 1.000000000000000000 ),
 .UNSPECIFIED. ) ;
#253 = B_SPLINE_SURFACE_WITH_KNOTS ( 'NONE', 3, 1, ( 
 ( #3795, #3723 ),
 ( #3079, #1302 ),
 ( #4874, #6669 ),
 ( #1264, #3684 ),
 ( #7473, #3160 ),
 ( #735, #1220 ),
 ( #7, #1978 ),
 ( #2570, #4909 ),
 ( #6145, #3120 ),
 ( #6222, #5627 ),
 ( #7315, #164 ) ),
 .UNSPECIFIED., .F., .F., .F.,
 ( 4, 1, 1, 1, 1, 1, 1, 1, 4 ),
 ( 2, 2 ),
 ( 0.000000000000000000, 0.1279957221563329806, 0.2519554385112742212, 0.3734136720239900620, 0.4948012916471809519, 0.6170686537101857105, 0.7406196001507227011, 0.8669612012552120328, 0.9999999999999998890 ),
 ( 0.000000000000000000, 1.000000000000000000 ),
 .UNSPECIFIED. ) ;
#254 = VERTEX_POINT ( 'NONE', #7355 ) ;
#255 = CARTESIAN_POINT ( 'NONE',  ( -0.1274854690015066738, 0.1571067526413934823, 0.1877055431802802099 ) ) ;
#256 = CARTESIAN_POINT ( 'NONE',  ( 0.06902944298311999849, 0.1337100102930794399, 0.2270756231802801284 ) ) ;
#257 = CARTESIAN_POINT ( 'NONE',  ( -0.2947386947200055229, 0.09361685175999388819, 0.1877055431802802377 ) ) ;
#258 = ORIENTED_EDGE ( 'NONE', *, *, #4628, .T. ) ;
#259 = DIRECTION ( 'NONE',  ( 0.000000000000000000, -0.000000000000000000, -1.000000000000000000 ) ) ;
#260 = DIRECTION ( 'NONE',  ( -0.000000000000000000, -0.000000000000000000, 1.000000000000000000 ) ) ;
#261 = VECTOR ( 'NONE', #6813, 39.37007874015748143 ) ;
#262 = VERTEX_POINT ( 'NONE', #6182 ) ;
#263 = CARTESIAN_POINT ( 'NONE',  ( -0.3189617161525609701, 0.05767658588707254980, 0.2270756231802802949 ) ) ;
#264 = CARTESIAN_POINT ( 'NONE',  ( -0.05935798548993393570, 0.1928828478248565959, 0.2270756231802802949 ) ) ;
#265 = CARTESIAN_POINT ( 'NONE',  ( -0.1543772395293016020, 0.1691116808052713083, 0.2270756231802802394 ) ) ;
#266 = LINE ( 'NONE', #4063, #195 ) ;
#267 = CARTESIAN_POINT ( 'NONE',  ( -0.8071171996103133628, 0.5999999999999998668, -0.06522417443169878370 ) ) ;
#268 = DIRECTION ( 'NONE',  ( 0.000000000000000000, -0.000000000000000000, 1.000000000000000000 ) ) ;
#269 = CARTESIAN_POINT ( 'NONE',  ( 0.1826921663030095511, 0.1290529220651498166, 0.1877055431802803209 ) ) ;
#270 = LINE ( 'NONE', #6974, #3384 ) ;
#271 = AXIS2_PLACEMENT_3D ( 'NONE', #1845, #6085, #2949 ) ;
#272 = VERTEX_POINT ( 'NONE', #1901 ) ;
#273 = CARTESIAN_POINT ( 'NONE',  ( 0.2560270949816773611, 0.1567790315492731124, 0.1877055431802803487 ) ) ;
#274 = CARTESIAN_POINT ( 'NONE',  ( 0.2398984573733361214, 0.1498559489173968973, 0.2270756231802803782 ) ) ;
#275 = CARTESIAN_POINT ( 'NONE',  ( 0.005150740282325298562, 0.09950115364960929187, 0.2270756231802802949 ) ) ;
#276 = EDGE_CURVE ( 'NONE', #1602, #2857, #734, .T. ) ;
#277 = CARTESIAN_POINT ( 'NONE',  ( 0.2984041194075444658, 0.1034225540286860118, 0.1877055431802803209 ) ) ;
#278 = CARTESIAN_POINT ( 'NONE',  ( 0.2984073524365751795, 0.1000532180550201544, 0.1877055431802803209 ) ) ;
#279 = CARTESIAN_POINT ( 'NONE',  ( -0.3146049633316461702, 0.06839232440470720265, 0.2270756231802802949 ) ) ;
#280 = CARTESIAN_POINT ( 'NONE',  ( -0.1396672416376079362, 0.1250511642327805928, 0.2270756231802802672 ) ) ;
#281 = ORIENTED_EDGE ( 'NONE', *, *, #4737, .F. ) ;
#282 = VECTOR ( 'NONE', #7691, 39.37007874015748143 ) ;
#283 = B_SPLINE_CURVE_WITH_KNOTS ( 'NONE', 3,
 ( #2859, #6555, #7647, #2899, #5277, #5356, #1672, #4763, #7769, #7729, #5840 ),
 .UNSPECIFIED., .F., .F.,
 ( 4, 1, 1, 1, 1, 1, 1, 1, 4 ),
 ( 0.000000000000000000, 0.1282260268668412861, 0.2505306575576874417, 0.3726387697203853433, 0.4998332120264972200, 0.6271786142189242907, 0.7498417788579270216, 0.8729404948669952091, 1.000000000000000000 ),
 .UNSPECIFIED. ) ;
#284 = ORIENTED_EDGE ( 'NONE', *, *, #6441, .F. ) ;
#285 = CARTESIAN_POINT ( 'NONE',  ( -0.4435462086823367955, 0.1791639872930616273, 0.2270756231802802672 ) ) ;
#286 = EDGE_CURVE ( 'NONE', #3583, #78, #6041, .T. ) ;
#287 = LINE ( 'NONE', #7516, #7098 ) ;
#288 = DIRECTION ( 'NONE',  ( 0.000000000000000000, 1.000000000000000000, 0.000000000000000000 ) ) ;
#289 = DIRECTION ( 'NONE',  ( 1.000000000000000000, 0.000000000000000000, 0.000000000000000000 ) ) ;
#290 = CARTESIAN_POINT ( 'NONE',  ( -0.4089251669960918267, 0.07628684540208252596, 0.1877055431802803209 ) ) ;
#291 = CARTESIAN_POINT ( 'NONE',  ( -0.4474468957350107856, 0.1730059482948134442, 0.1877055431802803209 ) ) ;
#292 = EDGE_CURVE ( 'NONE', #2636, #5184, #1022, .T. ) ;
#293 = VERTEX_POINT ( 'NONE', #3354 ) ;
#294 = CARTESIAN_POINT ( 'NONE',  ( -0.02402808256187561123, 0.08415804434633480935, 0.1877055431802803209 ) ) ;
#295 = CARTESIAN_POINT ( 'NONE',  ( 0.05284910490982360626, 0.09941834398879766110, 0.2270756231802802949 ) ) ;
#296 = DIRECTION ( 'NONE',  ( -1.000000000000000000, 0.000000000000000000, 0.000000000000000000 ) ) ;
#297 = ORIENTED_EDGE ( 'NONE', *, *, #1121, .F. ) ;
#298 = LINE ( 'NONE', #1992, #2902 ) ;
#299 = DIRECTION ( 'NONE',  ( -0.000000000000000000, -0.000000000000000000, 1.000000000000000000 ) ) ;
#300 = EDGE_CURVE ( 'NONE', #334, #4701, #1540, .T. ) ;
#301 = VERTEX_POINT ( 'NONE', #357 ) ;
#302 = CARTESIAN_POINT ( 'NONE',  ( -0.3212439952847431779, 0.05575621770363470980, 0.2270756231802803782 ) ) ;
#303 = EDGE_CURVE ( 'NONE', #5867, #2883, #252, .T. ) ;
#304 = ORIENTED_EDGE ( 'NONE', *, *, #2434, .F. ) ;
#305 = B_SPLINE_CURVE_WITH_KNOTS ( 'NONE', 3,
 ( #939, #285, #1019, #3359, #2723, #7594, #1062, #450, #7716, #4039, #2299 ),
 .UNSPECIFIED., .F., .F.,
 ( 4, 1, 1, 1, 1, 1, 1, 1, 4 ),
 ( 0.000000000000000000, 0.1323140339085647765, 0.2587000085531553917, 0.3809118214856537232, 0.5005348689728924549, 0.6209226176484483606, 0.7423757653984724980, 0.8682808341788563755, 1.000000000000000000 ),
 .UNSPECIFIED. ) ;
#306 = CARTESIAN_POINT ( 'NONE',  ( -0.3156228264399692507, 0.07420273433367358118, 0.2270756231802802949 ) ) ;
#307 = CARTESIAN_POINT ( 'NONE',  ( -0.1492054537420249571, 0.1713115934558359921, 0.1877055431802803209 ) ) ;
#308 = CARTESIAN_POINT ( 'NONE',  ( -0.3903620531034030505, 0.1550520783006190950, 0.2270756231802803504 ) ) ;
#309 = FACE_BOUND ( 'NONE', #2872, .T. ) ;
#310 = DIRECTION ( 'NONE',  ( 0.000000000000000000, -1.000000000000000000, 0.000000000000000000 ) ) ;
#311 = CARTESIAN_POINT ( 'NONE',  ( 0.7080070247953581530, 0.02000000000000012879, -0.06523805343214902908 ) ) ;
#312 = CARTESIAN_POINT ( 'NONE',  ( -0.1439618556191487042, 0.1964160600194861384, 0.2270756231802802949 ) ) ;
#313 = ORIENTED_EDGE ( 'NONE', *, *, #2779, .T. ) ;
#314 = DIRECTION ( 'NONE',  ( 0.000000000000000000, -0.000000000000000000, -1.000000000000000000 ) ) ;
#315 = LINE ( 'NONE', #2756, #4421 ) ;
#316 = CARTESIAN_POINT ( 'NONE',  ( 0.05316982589663458297, 0.1090490693218374024, 0.1877055431802802654 ) ) ;
#317 = CARTESIAN_POINT ( 'NONE',  ( -0.03470930143143786256, 0.1200882268406615466, 0.2270756231802803504 ) ) ;
#318 = CARTESIAN_POINT ( 'NONE',  ( -0.2280503529776458649, 0.1261019343576196272, 0.2270756231802802949 ) ) ;
#319 = CARTESIAN_POINT ( 'NONE',  ( 0.1188594779827735065, 0.1123228830382821952, 0.1877055431802802654 ) ) ;
#320 = CARTESIAN_POINT ( 'NONE',  ( -0.2523629211227021996, 0.1963553113052853016, 0.2270756231802802949 ) ) ;
#321 = ORIENTED_EDGE ( 'NONE', *, *, #7322, .F. ) ;
#322 = VECTOR ( 'NONE', #5397, 39.37007874015748854 ) ;
#323 = ORIENTED_EDGE ( 'NONE', *, *, #2550, .T. ) ;
#324 = CARTESIAN_POINT ( 'NONE',  ( 0.3343510255525660169, 0.1573994665691200445, 0.2270756231802803504 ) ) ;
#325 = PLANE ( 'NONE',  #4556 ) ;
#326 = DIRECTION ( 'NONE',  ( -0.3120445606786202419, 0.000000000000000000, 0.9500674671574051988 ) ) ;
#327 = CALENDAR_DATE ( 2026, 10, 6 ) ;
#328 = CARTESIAN_POINT ( 'NONE',  ( 0.3365947873863616713, 0.1248285621300074116, 0.2270756231802803504 ) ) ;
#329 = CARTESIAN_POINT ( 'NONE',  ( 0.3274146453981864879, 0.1575013016409105848, 0.1877055431802803487 ) ) ;
#330 = ORIENTED_EDGE ( 'NONE', *, *, #2790, .T. ) ;
#331 = CARTESIAN_POINT ( 'NONE',  ( -0.4270611443010312036, 0.1575394107282613865, 0.1877055431802803764 ) ) ;
#332 = CARTESIAN_POINT ( 'NONE',  ( 0.05869205794822994482, 0.1264391226870164586, 0.2270756231802803504 ) ) ;
#333 = CARTESIAN_POINT ( 'NONE',  ( -0.4097278810538023119, 0.07632033556876727243, 0.2270756231802802672 ) ) ;
#334 = VERTEX_POINT ( 'NONE', #278 ) ;
#335 = CARTESIAN_POINT ( 'NONE',  ( -0.4088147541150096154, 0.05155436003967591579, 0.2270756231802802949 ) ) ;
#336 = CARTESIAN_POINT ( 'NONE',  ( -0.2721811909394233897, 0.1202585984994352652, 0.2270756231802803782 ) ) ;
#337 = CARTESIAN_POINT ( 'NONE',  ( -0.2203561225795654666, 0.1848155675275943433, 0.1877055431802803209 ) ) ;
#338 = DIRECTION ( 'NONE',  ( -0.000000000000000000, -0.000000000000000000, 1.000000000000000000 ) ) ;
#339 = EDGE_CURVE ( 'NONE', #3997, #6753, #4914, .T. ) ;
#340 = ORIENTED_EDGE ( 'NONE', *, *, #7462, .T. ) ;
#341 = CARTESIAN_POINT ( 'NONE',  ( -0.2856215820475758171, 0.1776734734557873785, 0.2270756231802802949 ) ) ;
#342 = ORIENTED_EDGE ( 'NONE', *, *, #1905, .T. ) ;
#343 = EDGE_CURVE ( 'NONE', #784, #555, #3111, .T. ) ;
#344 = CARTESIAN_POINT ( 'NONE',  ( -0.3212534869478648192, 0.08094136243757026061, 0.2270756231802802394 ) ) ;
#345 = CARTESIAN_POINT ( 'NONE',  ( -0.1559229772452952467, 0.1679415619380320301, 0.1877055431802802654 ) ) ;
#346 = CARTESIAN_POINT ( 'NONE',  ( -0.3870623953822679431, 0.1302825303198414386, 0.1877055431802803487 ) ) ;
#347 = CARTESIAN_POINT ( 'NONE',  ( 0.1252314549822480250, 0.1505148894691868411, 0.2270756231802803782 ) ) ;
#348 = AXIS2_PLACEMENT_3D ( 'NONE', #3420, #5249, #1567 ) ;
#349 = CARTESIAN_POINT ( 'NONE',  ( 0.3637717780372212717, 0.05508757223430543054, 0.1877055431802803209 ) ) ;
#350 = DIRECTION ( 'NONE',  ( 0.000000000000000000, -0.000000000000000000, 1.000000000000000000 ) ) ;
#351 = CARTESIAN_POINT ( 'NONE',  ( -0.2722064169960918822, 0.1223566200336189819, 0.1877055431802803764 ) ) ;
#352 = EDGE_LOOP ( 'NONE', ( #6442, #7809, #5885, #50 ) ) ;
#353 = CARTESIAN_POINT ( 'NONE',  ( 0.2398984573733361214, 0.1498559489173968973, 0.1877055431802803764 ) ) ;
#354 = CARTESIAN_POINT ( 'NONE',  ( -0.4219722368600267171, 0.1662518209824075388, 0.2270756231802802949 ) ) ;
#355 = CARTESIAN_POINT ( 'NONE',  ( -0.2591164872105513606, 0.1693594917623948704, 0.1877055431802802377 ) ) ;
#356 = CARTESIAN_POINT ( 'NONE',  ( -0.01987563253311519160, 0.1031887928196531662, 0.2270756231802803782 ) ) ;
#357 = CARTESIAN_POINT ( 'NONE',  ( -0.9967088083045573255, 0.02000000000000012879, -0.06651786402957461652 ) ) ;
#358 = CARTESIAN_POINT ( 'NONE',  ( -0.2711983342301157451, 0.1435190334104979593, 0.2270756231802803782 ) ) ;
#359 = CARTESIAN_POINT ( 'NONE',  ( -0.1439618556191487042, 0.1964160600194861384, 0.1877055431802803209 ) ) ;
#360 = ORIENTED_EDGE ( 'NONE', *, *, #1824, .F. ) ;
#361 = VECTOR ( 'NONE', #338, 39.37007874015748143 ) ;
#362 = EDGE_LOOP ( 'NONE', ( #3211, #4038, #4078, #6202 ) ) ;
#363 = CARTESIAN_POINT ( 'NONE',  ( -0.3623033279591444944, 0.1239300035890399387, 0.1877055431802803209 ) ) ;
#364 = FACE_OUTER_BOUND ( 'NONE', #3891, .T. ) ;
#365 = CARTESIAN_POINT ( 'NONE',  ( 0.07420016972631168772, 0.1345487750351062051, 0.2270756231802802949 ) ) ;
#366 = CARTESIAN_POINT ( 'NONE',  ( 0.3346256200865330710, 0.1285610075922887785, 0.2270756231802802672 ) ) ;
#367 = CARTESIAN_POINT ( 'NONE',  ( 0.3142642777671725840, 0.1550795952179742643, 0.1877055431802803764 ) ) ;
#368 = CIRCLE ( 'NONE', #790, 0.01999999999999999001 ) ;
#369 = FACE_OUTER_BOUND ( 'NONE', #2324, .T. ) ;
#370 = CARTESIAN_POINT ( 'NONE',  ( 0.06336589760620550682, 0.1309152108147106086, 0.2270756231802803504 ) ) ;
#371 = CARTESIAN_POINT ( 'NONE',  ( -0.4311757396977515810, 0.1202585984994352375, 0.1877055431802803487 ) ) ;
#372 = ORIENTED_EDGE ( 'NONE', *, *, #5451, .F. ) ;
#373 = CARTESIAN_POINT ( 'NONE',  ( -0.003901989143717674718, 0.1290875194454862707, 0.2270756231802802949 ) ) ;
#374 = CARTESIAN_POINT ( 'NONE',  ( -0.2698528438077009151, 0.09613924618955294044, 0.2270756231802803504 ) ) ;
#375 = CARTESIAN_POINT ( 'NONE',  ( -0.2453006920191722895, 0.1711007067043828489, 0.1877055431802803209 ) ) ;
#376 = CARTESIAN_POINT ( 'NONE',  ( -0.1026353496870095056, 0.1540443565201723153, 0.1877055431802803209 ) ) ;
#377 =( BOUNDED_CURVE ( )  B_SPLINE_CURVE ( 3, ( #978, #908, #4640, #2224 ),
 .UNSPECIFIED., .F., .T. ) 
 B_SPLINE_CURVE_WITH_KNOTS ( ( 4, 4 ),
 ( 3.141592653589793116, 4.712388980384689674 ),
 .UNSPECIFIED. ) 
 CURVE ( )  GEOMETRIC_REPRESENTATION_ITEM ( )  RATIONAL_B_SPLINE_CURVE ( ( 1.000000000000000000, 0.8047378541243649375, 0.8047378541243649375, 1.000000000000000000 ) ) 
 REPRESENTATION_ITEM ( '' )  );
#378 = VECTOR ( 'NONE', #2369, 39.37007874015748143 ) ;
#379 = ORIENTED_EDGE ( 'NONE', *, *, #7266, .F. ) ;
#380 = CARTESIAN_POINT ( 'NONE',  ( -0.2884523469766824832, 0.1730059482948133609, 0.1877055431802803209 ) ) ;
#381 = EDGE_CURVE ( 'NONE', #5837, #6830, #5961, .T. ) ;
#382 = ORIENTED_EDGE ( 'NONE', *, *, #4436, .T. ) ;
#383 = FACE_OUTER_BOUND ( 'NONE', #6802, .T. ) ;
#384 = DIRECTION ( 'NONE',  ( -0.000000000000000000, 0.000000000000000000, 1.000000000000000000 ) ) ;
#385 = CARTESIAN_POINT ( 'NONE',  ( -0.3981535318754050867, 0.1676639657016522067, 0.1877055431802803487 ) ) ;
#386 = EDGE_CURVE ( 'NONE', #6532, #7205, #2082, .T. ) ;
#387 = CARTESIAN_POINT ( 'NONE',  ( 0.1176851344244075753, 0.1437830399075659682, 0.2270756231802803504 ) ) ;
#388 = B_SPLINE_SURFACE_WITH_KNOTS ( 'NONE', 3, 1, ( 
 ( #5686, #6203 ),
 ( #672, #7451 ),
 ( #3098, #1922 ),
 ( #7378, #3181 ),
 ( #6162, #2511 ),
 ( #2037, #1996 ),
 ( #3862, #5086 ),
 ( #3141, #105 ),
 ( #802, #6287 ),
 ( #2077, #146 ),
 ( #6241, #6806 ) ),
 .UNSPECIFIED., .F., .F., .F.,
 ( 4, 1, 1, 1, 1, 1, 1, 1, 4 ),
 ( 2, 2 ),
 ( 0.000000000000000000, 0.1301910772608028954, 0.2563355306687227775, 0.3791141384848785711, 0.5005508106381949540, 0.6221158091713963056, 0.7447145812206031890, 0.8702230945705810017, 1.000000000000000000 ),
 ( 0.000000000000000000, 1.000000000000000000 ),
 .UNSPECIFIED. ) ;
#389 = CARTESIAN_POINT ( 'NONE',  ( -0.006691412005940147560, 0.1323836881771348339, 0.1877055431802803209 ) ) ;
#390 = LINE ( 'NONE', #5969, #6590 ) ;
#391 = ADVANCED_FACE ( 'NONE', ( #2292 ), #1130, .F. ) ;
#392 = CARTESIAN_POINT ( 'NONE',  ( 0.3357027401906212405, 0.1268619752917068411, 0.2270756231802802394 ) ) ;
#393 = EDGE_CURVE ( 'NONE', #1633, #555, #7825, .T. ) ;
#394 = CARTESIAN_POINT ( 'NONE',  ( -0.2091000849853468235, 0.08123346297016426076, 0.2270756231802802949 ) ) ;
#395 = CIRCLE ( 'NONE', #5229, 0.01999999999999999001 ) ;
#396 = ORIENTED_EDGE ( 'NONE', *, *, #1920, .F. ) ;
#397 = CARTESIAN_POINT ( 'NONE',  ( -0.2696974094149564571, 0.05556186941036737881, 0.2270756231802803504 ) ) ;
#398 = ADVANCED_FACE ( 'NONE', ( #4706 ), #7142, .F. ) ;
#399 = CARTESIAN_POINT ( 'NONE',  ( -0.4242408354317009911, 0.1633393263715991750, 0.2270756231802803782 ) ) ;
#400 = CARTESIAN_POINT ( 'NONE',  ( -0.2856215820475758171, 0.1776734734557873785, 0.2270756231802802672 ) ) ;
#401 = LINE ( 'NONE', #2801, #5214 ) ;
#402 = CARTESIAN_POINT ( 'NONE',  ( -0.3623164880116803155, 0.1217030750678314566, 0.1877055431802802654 ) ) ;
#403 = CARTESIAN_POINT ( 'NONE',  ( -0.1273447170162817776, 0.1533550363974388875, 0.1877055431802803209 ) ) ;
#404 = B_SPLINE_CURVE_WITH_KNOTS ( 'NONE', 3,
 ( #2478, #4896, #7339, #3102, #2990, #7260, #4270, #5406, #1805, #1886, #2951, #4310, #6735, #4233, #6127, #596, #5372, #2360, #3026 ),
 .UNSPECIFIED., .F., .F.,
 ( 4, 1, 1, 1, 1, 1, 1, 1, 1, 1, 1, 1, 1, 1, 1, 1, 4 ),
 ( 0.000000000000000000, 0.07853045759749702204, 0.1510671628769045260, 0.2183054637753022997, 0.2802866665778167565, 0.3370635526514701441, 0.3881523464865522799, 0.4342343330671827872, 0.4749941157865085195, 0.5490306370642880074, 0.6172961961720997426, 0.6816626372954095459, 0.7435420049347599702, 0.8043195746589865136, 0.8670125846987272178, 0.9313790258220370211, 1.000000000000000000 ),
 .UNSPECIFIED. ) ;
#405 = CARTESIAN_POINT ( 'NONE',  ( -0.2499306182377636076, 0.07628684540208253984, 0.2270756231802803504 ) ) ;
#406 = DIRECTION ( 'NONE',  ( 0.000000000000000000, -1.000000000000000000, 0.000000000000000000 ) ) ;
#407 = ORIENTED_EDGE ( 'NONE', *, *, #1740, .F. ) ;
#408 = AXIS2_PLACEMENT_3D ( 'NONE', #6957, #875, #5080 ) ;
#409 = VECTOR ( 'NONE', #4460, 39.37007874015748143 ) ;
#410 = ORIENTED_EDGE ( 'NONE', *, *, #5906, .F. ) ;
#411 = EDGE_CURVE ( 'NONE', #7048, #4295, #3030, .T. ) ;
#412 = CARTESIAN_POINT ( 'NONE',  ( 0.3440326985383167502, 0.1548969904002742981, 0.2270756231802802949 ) ) ;
#413 = CARTESIAN_POINT ( 'NONE',  ( 0.05284802374193178776, 0.1005779424458190102, 0.2270756231802802949 ) ) ;
#414 = CARTESIAN_POINT ( 'NONE',  ( -0.4435462086823367955, 0.1791639872930616273, 0.2270756231802802672 ) ) ;
#415 = VECTOR ( 'NONE', #3307, 39.37007874015748143 ) ;
#416 = CARTESIAN_POINT ( 'NONE',  ( 0.3290155636567175801, 0.1331568200646063571, 0.1877055431802803209 ) ) ;
#417 = VECTOR ( 'NONE', #6918, 39.37007874015748143 ) ;
#418 = FACE_OUTER_BOUND ( 'NONE', #3835, .T. ) ;
#419 = CARTESIAN_POINT ( 'NONE',  ( -0.1381290669875001875, 0.1705262004404511089, 0.2270756231802802949 ) ) ;
#420 = CARTESIAN_POINT ( 'NONE',  ( -0.4217444949216486161, 0.08190168858459762058, 0.1877055431802803487 ) ) ;
#421 = ORIENTED_EDGE ( 'NONE', *, *, #6635, .F. ) ;
#422 = CARTESIAN_POINT ( 'NONE',  ( -0.009727215283376939095, 0.1353856014405740993, 0.2270756231802803782 ) ) ;
#423 = CARTESIAN_POINT ( 'NONE',  ( 0.2993928848171694690, 0.1147944594768764842, 0.1877055431802802099 ) ) ;
#424 = CARTESIAN_POINT ( 'NONE',  ( -0.04514232705060423900, 0.1438595286243720406, 0.1877055431802803209 ) ) ;
#425 = DIRECTION ( 'NONE',  ( -0.000000000000000000, -1.000000000000000000, -0.000000000000000000 ) ) ;
#426 = ORIENTED_EDGE ( 'NONE', *, *, #4666, .T. ) ;
#427 = CARTESIAN_POINT ( 'NONE',  ( -0.7541167953658588496, 0.5917157287525378617, 0.06959530821986445459 ) ) ;
#428 = EDGE_CURVE ( 'NONE', #7217, #1213, #1252, .T. ) ;
#429 = ORIENTED_EDGE ( 'NONE', *, *, #5550, .T. ) ;
#430 = CARTESIAN_POINT ( 'NONE',  ( -0.3238167797823842120, 0.08238643483567407999, 0.2270756231802803504 ) ) ;
#431 = CARTESIAN_POINT ( 'NONE',  ( 0.004410711597490657963, 0.08981608499764620612, 0.1877055431802803764 ) ) ;
#432 = LINE ( 'NONE', #998, #3646 ) ;
#433 = CARTESIAN_POINT ( 'NONE',  ( -0.4089251669960918267, 0.07628684540208252596, 0.1877055431802803209 ) ) ;
#434 = LOCAL_TIME ( 12, 3, 37.00000000000000000, #6389 ) ;
#435 = CARTESIAN_POINT ( 'NONE',  ( -0.02803432371687295671, 0.1444564371944007664, 0.1877055431802802377 ) ) ;
#436 = DIRECTION ( 'NONE',  ( -0.000000000000000000, -0.000000000000000000, 1.000000000000000000 ) ) ;
#437 = CARTESIAN_POINT ( 'NONE',  ( -0.2330253769092923144, 0.05432943408580807876, 0.1877055431802802377 ) ) ;
#438 = ORIENTED_EDGE ( 'NONE', *, *, #7026, .F. ) ;
#439 = CARTESIAN_POINT ( 'NONE',  ( -0.4474468957350107856, 0.1730059482948134442, 0.2270756231802802949 ) ) ;
#440 = CARTESIAN_POINT ( 'NONE',  ( 0.2363089988271989683, 0.1470455209631993942, 0.2270756231802802672 ) ) ;
#441 = CARTESIAN_POINT ( 'NONE',  ( 0.05349368915920885842, 0.1117986576282369859, 0.1877055431802803209 ) ) ;
#442 = CARTESIAN_POINT ( 'NONE',  ( -0.02796555271408338386, 0.1170220235364478473, 0.2270756231802802672 ) ) ;
#443 = CARTESIAN_POINT ( 'NONE',  ( -0.3666874376980309713, 0.08526648473679682150, 0.1877055431802803209 ) ) ;
#444 = DIRECTION ( 'NONE',  ( -0.000000000000000000, -0.000000000000000000, 1.000000000000000000 ) ) ;
#445 = CARTESIAN_POINT ( 'NONE',  ( 0.3633204634918499321, 0.1256504890311046230, 0.2270756231802802394 ) ) ;
#446 = CARTESIAN_POINT ( 'NONE',  ( 0.09348104514806306053, 0.1033656044874853297, 0.2270756231802802949 ) ) ;
#447 = ORIENTED_EDGE ( 'NONE', *, *, #745, .F. ) ;
#448 = EDGE_CURVE ( 'NONE', #3952, #7847, #1966, .T. ) ;
#449 = ORIENTED_EDGE ( 'NONE', *, *, #7476, .F. ) ;
#450 = CARTESIAN_POINT ( 'NONE',  ( -0.4201249094080245494, 0.1953783880358854197, 0.2270756231802803782 ) ) ;
#451 = CARTESIAN_POINT ( 'NONE',  ( -0.4160102527794666827, 0.05194176459345253155, 0.1877055431802803209 ) ) ;
#452 = DIRECTION ( 'NONE',  ( -0.000000000000000000, -1.000000000000000000, -0.000000000000000000 ) ) ;
#453 = CARTESIAN_POINT ( 'NONE',  ( -0.2435199170562627191, 0.1959848636283641754, 0.1877055431802803209 ) ) ;
#454 = CARTESIAN_POINT ( 'NONE',  ( -0.04268500777310202388, 0.1199381103451959002, 0.1877055431802802099 ) ) ;
#455 = B_SPLINE_SURFACE_WITH_KNOTS ( 'NONE', 3, 1, ( 
 ( #6863, #6263 ),
 ( #1303, #5667 ),
 ( #2457, #4875 ),
 ( #6146, #7317 ),
 ( #6710, #694 ),
 ( #1266, #4036 ),
 ( #4594, #6945 ),
 ( #2217, #1505 ),
 ( #3921, #3318 ),
 ( #3433, #320 ),
 ( #202, #5820 ) ),
 .UNSPECIFIED., .F., .F., .F.,
 ( 4, 1, 1, 1, 1, 1, 1, 1, 4 ),
 ( 2, 2 ),
 ( 0.000000000000000000, 0.1323140339085643324, 0.2587000085531550031, 0.3809118214856540563, 0.5005348689728935652, 0.6209226176484480275, 0.7423757653984722760, 0.8682808341788562645, 1.000000000000000000 ),
 ( 0.000000000000000000, 1.000000000000000000 ),
 .UNSPECIFIED. ) ;
#456 = DIRECTION ( 'NONE',  ( 1.000000000000000000, -0.000000000000000000, 4.023702988070684994E-15 ) ) ;
#457 = CARTESIAN_POINT ( 'NONE',  ( -0.03624437272289682266, 0.05168496632243541056, 0.1877055431802802654 ) ) ;
#458 = VECTOR ( 'NONE', #7586, 39.37007874015748143 ) ;
#459 = ORIENTED_EDGE ( 'NONE', *, *, #901, .F. ) ;
#460 = CARTESIAN_POINT ( 'NONE',  ( -0.2280678466239395852, 0.1302825303198413831, 0.2270756231802804059 ) ) ;
#461 = CARTESIAN_POINT ( 'NONE',  ( 0.2984041194075444658, 0.1034225540286860118, 0.1877055431802803209 ) ) ;
#462 = CARTESIAN_POINT ( 'NONE',  ( -0.2294895333840923091, 0.1467150649914887584, 0.1877055431802803487 ) ) ;
#463 = DIRECTION ( 'NONE',  ( -0.000000000000000000, -0.000000000000000000, 1.000000000000000000 ) ) ;
#464 = CIRCLE ( 'NONE', #4913, 0.01999999999999999001 ) ;
#465 = ORIENTED_EDGE ( 'NONE', *, *, #2648, .T. ) ;
#466 = ORIENTED_EDGE ( 'NONE', *, *, #891, .T. ) ;
#467 = CARTESIAN_POINT ( 'NONE',  ( -0.4278266607103948238, 0.09234934665383356944, 0.2270756231802802394 ) ) ;
#468 = CARTESIAN_POINT ( 'NONE',  ( -0.008213576461935602827, 0.06536509714943251892, 0.1877055431802803487 ) ) ;
#469 = CARTESIAN_POINT ( 'NONE',  ( -0.2122807125308127929, 0.07407194944985388829, 0.1877055431802802654 ) ) ;
#470 = CARTESIAN_POINT ( 'NONE',  ( -0.07556107578874274311, 0.1164219276754522164, 0.1877055431802803209 ) ) ;
#471 = CARTESIAN_POINT ( 'NONE',  ( 0.0005945647360027288232, 0.1217390580505347403, 0.2270756231802802672 ) ) ;
#472 = FACE_OUTER_BOUND ( 'NONE', #1812, .T. ) ;
#473 = B_SPLINE_CURVE_WITH_KNOTS ( 'NONE', 3,
 ( #2675, #1972, #4390, #5620, #5059, #5533, #116, #5097, #771, #3831, #1376, #192, #6782, #6818, #4470 ),
 .UNSPECIFIED., .F., .F.,
 ( 4, 1, 1, 1, 1, 1, 1, 1, 1, 1, 1, 1, 4 ),
 ( 0.000000000000000000, 0.1038439242634202897, 0.2011148859465238248, 0.2911157193792177633, 0.3743484039713635969, 0.4507073961858710787, 0.5200404120163609756, 0.5832583224453374848, 0.6395782998253257690, 0.7415365099482680300, 0.8350600486817364443, 0.9208729600458338549, 1.000000000000000000 ),
 .UNSPECIFIED. ) ;
#474 = EDGE_CURVE ( 'NONE', #2650, #7690, #3632, .T. ) ;
#475 = DIRECTION ( 'NONE',  ( 6.829619984160661399E-15, 0.000000000000000000, -1.000000000000000000 ) ) ;
#476 = VECTOR ( 'NONE', #7448, 39.37007874015748143 ) ;
#477 = ORIENTED_EDGE ( 'NONE', *, *, #6141, .F. ) ;
#478 = VECTOR ( 'NONE', #3213, 39.37007874015748143 ) ;
#479 = CARTESIAN_POINT ( 'NONE',  ( -0.2505378890837154926, 0.1964160600194861384, 0.1877055431802803209 ) ) ;
#480 = CARTESIAN_POINT ( 'NONE',  ( 0.05394919329243837852, 0.1448594210569836005, 0.2270756231802803782 ) ) ;
#481 = CARTESIAN_POINT ( 'NONE',  ( -0.2523629211227021996, 0.1963553113052853016, 0.2270756231802802949 ) ) ;
#482 = CARTESIAN_POINT ( 'NONE',  ( -0.1328377578501198364, 0.09453257400091152896, 0.1877055431802803209 ) ) ;
#483 = CARTESIAN_POINT ( 'NONE',  ( -0.3791323039204894108, 0.06280155140425276727, 0.1877055431802803209 ) ) ;
#484 = CARTESIAN_POINT ( 'NONE',  ( 0.2654787094484591381, 0.1317139707104720003, 0.2270756231802803782 ) ) ;
#485 = DIRECTION ( 'NONE',  ( -1.000000000000000000, 0.000000000000000000, 0.000000000000000000 ) ) ;
#486 = CARTESIAN_POINT ( 'NONE',  ( 0.09347896860163414090, 0.1044422681723898572, 0.2270756231802802949 ) ) ;
#487 = ORIENTED_EDGE ( 'NONE', *, *, #1133, .T. ) ;
#488 = AXIS2_PLACEMENT_3D ( 'NONE', #4338, #6804, #1199 ) ;
#489 = EDGE_CURVE ( 'NONE', #2529, #2896, #5570, .T. ) ;
#490 = ORIENTED_EDGE ( 'NONE', *, *, #5941, .T. ) ;
#491 = PLANE ( 'NONE',  #1797 ) ;
#492 = EDGE_CURVE ( 'NONE', #4578, #221, #4979, .T. ) ;
#493 = LINE ( 'NONE', #4715, #3085 ) ;
#494 = AXIS2_PLACEMENT_3D ( 'NONE', #1699, #4749, #526 ) ;
#495 = EDGE_CURVE ( 'NONE', #4798, #5867, #600, .T. ) ;
#496 = CARTESIAN_POINT ( 'NONE',  ( -0.2493407341395096899, 0.1963982879168535423, 0.1877055431802803209 ) ) ;
#497 = VECTOR ( 'NONE', #524, 39.37007874015748143 ) ;
#498 = EDGE_CURVE ( 'NONE', #3378, #6649, #2427, .T. ) ;
#499 = CARTESIAN_POINT ( 'NONE',  ( -0.05084722511986255328, 0.1155116739609657467, 0.1877055431802802654 ) ) ;
#500 = CARTESIAN_POINT ( 'NONE',  ( -0.1869177579952076285, 0.1628046595012549724, 0.1877055431802803209 ) ) ;
#501 = EDGE_CURVE ( 'NONE', #4992, #2883, #5488, .T. ) ;
#502 = CARTESIAN_POINT ( 'NONE',  ( 0.1340704558410670544, 0.1550795952179742643, 0.1877055431802803764 ) ) ;
#503 = ORIENTED_EDGE ( 'NONE', *, *, #2112, .F. ) ;
#504 = CARTESIAN_POINT ( 'NONE',  ( -0.1644020105505862306, 0.1478815228559046957, 0.1877055431802803209 ) ) ;
#505 = DIRECTION ( 'NONE',  ( 1.000000000000000000, -0.000000000000000000, 0.000000000000000000 ) ) ;
#506 = CARTESIAN_POINT ( 'NONE',  ( -0.2303307283609905831, 0.1511439014104072331, 0.1877055431802802654 ) ) ;
#507 = DIRECTION ( 'NONE',  ( -1.000000000000000000, -6.829619984160661399E-15, -6.829619984160661399E-15 ) ) ;
#508 = ORIENTED_EDGE ( 'NONE', *, *, #6195, .T. ) ;
#509 = ORIENTED_EDGE ( 'NONE', *, *, #5280, .T. ) ;
#510 = CARTESIAN_POINT ( 'NONE',  ( -0.02507727918848490570, 0.1143339945519418893, 0.1877055431802803209 ) ) ;
#511 = CARTESIAN_POINT ( 'NONE',  ( -0.01525898059224916649, 0.05929131556389691943, 0.2270756231802803782 ) ) ;
#512 = CARTESIAN_POINT ( 'NONE',  ( -0.4081314770723162844, 0.1716511639888169127, 0.2270756231802803504 ) ) ;
#513 = CARTESIAN_POINT ( 'NONE',  ( -0.02398849668569989074, 0.1434669011510060765, 0.1877055431802803487 ) ) ;
#514 = CARTESIAN_POINT ( 'NONE',  ( -0.9777074590622319983, 0.01999999999999999001, -0.07275875555011727946 ) ) ;
#515 = CARTESIAN_POINT ( 'NONE',  ( -0.2461792416571752795, 0.05161594897970089857, 0.2270756231802802672 ) ) ;
#516 = CARTESIAN_POINT ( 'NONE',  ( -0.03514772183500916580, 0.1451509087560731714, 0.1877055431802803209 ) ) ;
#517 = FACE_OUTER_BOUND ( 'NONE', #2307, .T. ) ;
#518 = CARTESIAN_POINT ( 'NONE',  ( 0.1826921663030095511, 0.1290529220651498166, 0.2270756231802802949 ) ) ;
#519 = CARTESIAN_POINT ( 'NONE',  ( 0.1182135305104696776, 0.1000532180550201544, 0.2270756231802802949 ) ) ;
#520 = CARTESIAN_POINT ( 'NONE',  ( 0.1571699756879950394, 0.1224609800327510489, 0.2270756231802802672 ) ) ;
#521 = CARTESIAN_POINT ( 'NONE',  ( -0.4432858480008909363, 0.06787146062695061099, 0.2270756231802802672 ) ) ;
#522 = CARTESIAN_POINT ( 'NONE',  ( -1.045865390105820358, 0.5999999999999999778, -0.2178062665827011912 ) ) ;
#523 = CARTESIAN_POINT ( 'NONE',  ( -0.2507333322954742316, 0.07632033556876730018, 0.1877055431802803764 ) ) ;
#524 = DIRECTION ( 'NONE',  ( -0.000000000000000000, -0.000000000000000000, 1.000000000000000000 ) ) ;
#525 = EDGE_CURVE ( 'NONE', #6835, #6180, #1808, .T. ) ;
#526 = DIRECTION ( 'NONE',  ( -0.000000000000000000, 0.000000000000000000, 1.000000000000000000 ) ) ;
#527 = B_SPLINE_SURFACE_WITH_KNOTS ( 'NONE', 3, 1, ( 
 ( #2666, #760 ),
 ( #4929, #2625 ),
 ( #4340, #7414 ),
 ( #1959, #6887 ),
 ( #1363, #3777 ),
 ( #840, #3262 ),
 ( #7530, #4536 ),
 ( #1485, #5164 ),
 ( #380, #994 ),
 ( #7611, #3339 ),
 ( #5282, #341 ) ),
 .UNSPECIFIED., .F., .F., .F.,
 ( 4, 1, 1, 1, 1, 1, 1, 1, 4 ),
 ( 2, 2 ),
 ( 0.000000000000000000, 0.1610711239484212687, 0.3107888083803543311, 0.4499038238309443494, 0.5783763165061847067, 0.6966172119048389400, 0.8059873227104095150, 0.9065617032890808114, 1.000000000000000000 ),
 ( 0.000000000000000000, 1.000000000000000000 ),
 .UNSPECIFIED. ) ;
#528 = ORIENTED_EDGE ( 'NONE', *, *, #1115, .F. ) ;
#529 = EDGE_CURVE ( 'NONE', #945, #6043, #5524, .T. ) ;
#530 = ORIENTED_EDGE ( 'NONE', *, *, #6582, .F. ) ;
#531 = CARTESIAN_POINT ( 'NONE',  ( 0.3291297365976896261, 0.1575507258785614484, 0.2270756231802802949 ) ) ;
#532 = DIRECTION ( 'NONE',  ( -0.000000000000000000, -0.000000000000000000, 1.000000000000000000 ) ) ;
#533 = CARTESIAN_POINT ( 'NONE',  ( 0.3117764766671405896, 0.1325788366085081382, 0.1877055431802803487 ) ) ;
#534 = CARTESIAN_POINT ( 'NONE',  ( -0.2395186338413221872, 0.07997006610843987451, 0.1877055431802803764 ) ) ;
#535 = CARTESIAN_POINT ( 'NONE',  ( 0.07802627985989384063, 0.1344665642319647636, 0.1877055431802803487 ) ) ;
#536 = CARTESIAN_POINT ( 'NONE',  ( -0.07350291997861883864, 0.06401431351405678649, 0.1877055431802804042 ) ) ;
#537 = EDGE_CURVE ( 'NONE', #3097, #1135, #7305, .T. ) ;
#538 = CARTESIAN_POINT ( 'NONE',  ( -0.3985131825996502397, 0.07997006610843980512, 0.2270756231802802949 ) ) ;
#539 = CARTESIAN_POINT ( 'NONE',  ( 0.1252314549822480250, 0.1505148894691868411, 0.2270756231802803782 ) ) ;
#540 = CARTESIAN_POINT ( 'NONE',  ( -0.2283888043774270904, 0.1362842676182428880, 0.1877055431802804042 ) ) ;
#541 = CARTESIAN_POINT ( 'NONE',  ( -0.02032006456575256859, 0.1053113976590799583, 0.1877055431802802099 ) ) ;
#542 = DIRECTION ( 'NONE',  ( -1.000000000000000000, -0.000000000000000000, -6.829619984160661399E-15 ) ) ;
#543 = ADVANCED_FACE ( 'NONE', ( #1851 ), #7013, .T. ) ;
#544 = ORIENTED_EDGE ( 'NONE', *, *, #726, .F. ) ;
#545 = VERTEX_POINT ( 'NONE', #2229 ) ;
#546 = EDGE_CURVE ( 'NONE', #6494, #293, #1004, .T. ) ;
#547 = CARTESIAN_POINT ( 'NONE',  ( -0.4288473925660292174, 0.09613924618955294044, 0.2270756231802802949 ) ) ;
#548 = CARTESIAN_POINT ( 'NONE',  ( -0.02311185638330307338, 0.05496623005808691509, 0.2270756231802803504 ) ) ;
#549 = CARTESIAN_POINT ( 'NONE',  ( -0.2498202053566814518, 0.05155436003967592273, 0.1877055431802803487 ) ) ;
#550 = CARTESIAN_POINT ( 'NONE',  ( 0.3291297365976896261, 0.1575507258785614484, 0.1877055431802803209 ) ) ;
#551 = DIRECTION ( 'NONE',  ( -0.3090169943757425375, -0.000000000000000000, 0.9510565162948952933 ) ) ;
#552 = EDGE_CURVE ( 'NONE', #5760, #301, #5467, .T. ) ;
#553 = ORIENTED_EDGE ( 'NONE', *, *, #3878, .F. ) ;
#554 = CARTESIAN_POINT ( 'NONE',  ( -0.2485866321814278190, 0.05157522662077296260, 0.1877055431802803209 ) ) ;
#555 = VERTEX_POINT ( 'NONE', #2308 ) ;
#556 = CARTESIAN_POINT ( 'NONE',  ( -0.1927091426169278421, 0.06761943423713200063, 0.1877055431802803209 ) ) ;
#557 = DIRECTION ( 'NONE',  ( 0.000000000000000000, 0.000000000000000000, 1.000000000000000000 ) ) ;
#558 = DIRECTION ( 'NONE',  ( -0.000000000000000000, 0.000000000000000000, 1.000000000000000000 ) ) ;
#559 = CARTESIAN_POINT ( 'NONE',  ( 0.1504200326459344539, 0.1322648544531810355, 0.2270756231802802949 ) ) ;
#560 = CARTESIAN_POINT ( 'NONE',  ( -0.3793506713378937412, 0.1848155675275942877, 0.2270756231802803782 ) ) ;
#561 = CARTESIAN_POINT ( 'NONE',  ( 0.3212076123800438054, 0.1345848466134695887, 0.1877055431802803487 ) ) ;
#562 = CARTESIAN_POINT ( 'NONE',  ( -0.1275423792654898636, 0.1492831449455364612, 0.1877055431802802654 ) ) ;
#563 = DIRECTION ( 'NONE',  ( 0.000000000000000000, 1.000000000000000000, 0.000000000000000000 ) ) ;
#564 = CARTESIAN_POINT ( 'NONE',  ( 0.2330429268359290595, 0.09941834398879766110, 0.2270756231802802949 ) ) ;
#565 = EDGE_CURVE ( 'NONE', #4323, #2785, #6648, .T. ) ;
#566 = ORIENTED_EDGE ( 'NONE', *, *, #5791, .T. ) ;
#567 = VERTEX_POINT ( 'NONE', #2970 ) ;
#568 = CARTESIAN_POINT ( 'NONE',  ( 0.3635726934665041155, 0.1219272540881391753, 0.1877055431802803764 ) ) ;
#569 = DIRECTION ( 'NONE',  ( -0.000000000000000000, -0.000000000000000000, 1.000000000000000000 ) ) ;
#570 = LINE ( 'NONE', #5536, #1428 ) ;
#571 = CARTESIAN_POINT ( 'NONE',  ( -0.4201249094080245494, 0.1953783880358854197, 0.2270756231802803782 ) ) ;
#572 = CARTESIAN_POINT ( 'NONE',  ( -0.2055168497023298624, 0.1531454916444926484, 0.2270756231802802949 ) ) ;
#573 = CARTESIAN_POINT ( 'NONE',  ( -0.1273926299706706344, 0.1546321466917572884, 0.1877055431802803209 ) ) ;
#574 = EDGE_CURVE ( 'NONE', #7726, #83, #1294, .T. ) ;
#575 = ORIENTED_EDGE ( 'NONE', *, *, #5313, .T. ) ;
#576 = CARTESIAN_POINT ( 'NONE',  ( -0.4003599879221206859, 0.07862314684757659711, 0.1877055431802803487 ) ) ;
#577 = FACE_OUTER_BOUND ( 'NONE', #7488, .T. ) ;
#578 = CARTESIAN_POINT ( 'NONE',  ( 0.8144036364606211942, 0.5799999999999999600, 0.2133165147008229401 ) ) ;
#579 = CARTESIAN_POINT ( 'NONE',  ( -0.02377157035934944485, 0.1127706681234370428, 0.1877055431802802654 ) ) ;
#580 = DIRECTION ( 'NONE',  ( -1.000000000000000000, 0.000000000000000000, 0.000000000000000000 ) ) ;
#581 = VERTEX_POINT ( 'NONE', #578 ) ;
#582 = EDGE_LOOP ( 'NONE', ( #6120, #7334, #3925, #6482 ) ) ;
#583 = AXIS2_PLACEMENT_3D ( 'NONE', #1626, #288, #5148 ) ;
#584 = CARTESIAN_POINT ( 'NONE',  ( -0.3623033279591444944, 0.1239300035890399387, 0.1877055431802803209 ) ) ;
#585 = CARTESIAN_POINT ( 'NONE',  ( -0.3444946102169020863, 0.06540961882519540083, 0.2270756231802803504 ) ) ;
#586 = CARTESIAN_POINT ( 'NONE',  ( -0.2091000849853468235, 0.08123346297016426076, 0.1877055431802803209 ) ) ;
#587 = CARTESIAN_POINT ( 'NONE',  ( 0.3599327082697006963, 0.1402787686463412287, 0.1877055431802803487 ) ) ;
#588 = CARTESIAN_POINT ( 'NONE',  ( 0.2554567416956101122, 0.1345848466134695609, 0.2270756231802803504 ) ) ;
#589 = ADVANCED_FACE ( 'NONE', ( #5390 ), #2055, .T. ) ;
#590 = EDGE_CURVE ( 'NONE', #3413, #567, #6934, .T. ) ;
#591 = EDGE_LOOP ( 'NONE', ( #7413, #5494, #120, #4827 ) ) ;
#592 = CARTESIAN_POINT ( 'NONE',  ( 0.6837217283835673731, 0.5799999999999999600, 0.2070756231802803049 ) ) ;
#593 = CARTESIAN_POINT ( 'NONE',  ( -0.2856215820475758171, 0.1776734734557873785, 0.1877055431802803209 ) ) ;
#594 = CARTESIAN_POINT ( 'NONE',  ( 0.1555089182645158774, 0.1268619752917069243, 0.1877055431802802654 ) ) ;
#595 = CARTESIAN_POINT ( 'NONE',  ( 0.1752388711852818914, 0.1469729603695233422, 0.2270756231802802949 ) ) ;
#596 = CARTESIAN_POINT ( 'NONE',  ( 0.2608682405892451817, 0.1339514032287845713, 0.1877055431802804042 ) ) ;
#597 = DIRECTION ( 'NONE',  ( 1.000000000000000000, 0.000000000000000000, 0.000000000000000000 ) ) ;
#598 = CARTESIAN_POINT ( 'NONE',  ( -0.3870663714623316931, 0.1907596177290536432, 0.2270756231802803782 ) ) ;
#599 = CARTESIAN_POINT ( 'NONE',  ( 0.2083104414735224563, 0.1557841197812466771, 0.1877055431802803209 ) ) ;
#600 = LINE ( 'NONE', #4899, #4719 ) ;
#601 = CARTESIAN_POINT ( 'NONE',  ( 0.1571699756879950394, 0.1224609800327510489, 0.2270756231802802672 ) ) ;
#602 = CARTESIAN_POINT ( 'NONE',  ( -0.4314903265564606905, 0.05703069578812471063, 0.2270756231802802672 ) ) ;
#603 = CARTESIAN_POINT ( 'NONE',  ( -0.1726535823766880140, 0.1863168320338939032, 0.2270756231802803504 ) ) ;
#604 = VECTOR ( 'NONE', #5186, 39.37007874015748143 ) ;
#605 = EDGE_LOOP ( 'NONE', ( #2286, #863, #4259, #3963, #1346, #1186, #3296, #396, #528, #2126, #421, #6275, #1087, #1077, #6619, #1424, #921, #1317, #5393 ) ) ;
#606 = CARTESIAN_POINT ( 'NONE',  ( 0.3637623462446168965, 0.1151063910882870051, 0.2270756231802802949 ) ) ;
#607 = CARTESIAN_POINT ( 'NONE',  ( -0.1519115830570651193, 0.1110392997226963135, 0.1877055431802803209 ) ) ;
#608 = CARTESIAN_POINT ( 'NONE',  ( 0.2736748670741685485, 0.05508757223430543054, 0.1877055431802803209 ) ) ;
#609 = CARTESIAN_POINT ( 'NONE',  ( 0.09335490421127630445, 0.1095042037285957615, 0.1877055431802802377 ) ) ;
#610 = CARTESIAN_POINT ( 'NONE',  ( 0.1315826547410351155, 0.1325788366085081382, 0.1877055431802803487 ) ) ;
#611 = AXIS2_PLACEMENT_3D ( 'NONE', #91, #659, #4842 ) ;
#612 = CARTESIAN_POINT ( 'NONE',  ( 0.08067441866313963816, 0.1339514032287845435, 0.1877055431802803487 ) ) ;
#613 = CARTESIAN_POINT ( 'NONE',  ( -0.1323135088368465051, 0.1665728294736274484, 0.1877055431802802654 ) ) ;
#614 = EDGE_LOOP ( 'NONE', ( #7396, #4399, #2169, #6422 ) ) ;
#615 = DIRECTION ( 'NONE',  ( 0.3120445760271238211, -0.000000000000000000, 0.9500674621162713551 ) ) ;
#616 = DIRECTION ( 'NONE',  ( 0.000000000000000000, 1.000000000000000000, 0.000000000000000000 ) ) ;
#617 = VECTOR ( 'NONE', #3090, 39.37007874015748143 ) ;
#618 = CARTESIAN_POINT ( 'NONE',  ( -0.1587738566452771838, 0.1650322215440100937, 0.1877055431802802377 ) ) ;
#619 = CARTESIAN_POINT ( 'NONE',  ( 0.1835779561111157976, 0.1136616056483979037, 0.2270756231802802949 ) ) ;
#620 = LINE ( 'NONE', #4216, #3678 ) ;
#621 = ORIENTED_EDGE ( 'NONE', *, *, #943, .T. ) ;
#622 = CARTESIAN_POINT ( 'NONE',  ( -0.3623033279591444944, 0.1239300035890399387, 0.1877055431802803209 ) ) ;
#623 = CARTESIAN_POINT ( 'NONE',  ( -0.1027911296930446999, 0.1603226616116348868, 0.2270756231802802949 ) ) ;
#624 = CARTESIAN_POINT ( 'NONE',  ( 0.3291297365976896261, 0.1575507258785614484, 0.1877055431802803209 ) ) ;
#625 = CARTESIAN_POINT ( 'NONE',  ( -0.2707400010684687941, 0.1004043316527997581, 0.1877055431802802377 ) ) ;
#626 = CARTESIAN_POINT ( 'NONE',  ( -0.4242408354317009911, 0.1633393263715991750, 0.2270756231802803504 ) ) ;
#627 = EDGE_CURVE ( 'NONE', #7067, #1495, #847, .T. ) ;
#628 = ORIENTED_EDGE ( 'NONE', *, *, #7001, .T. ) ;
#629 = CARTESIAN_POINT ( 'NONE',  ( -0.3266569753211469584, 0.08319075312369016151, 0.1877055431802802654 ) ) ;
#630 = EDGE_CURVE ( 'NONE', #938, #2777, #5731, .T. ) ;
#631 = ORIENTED_EDGE ( 'NONE', *, *, #820, .T. ) ;
#632 = CARTESIAN_POINT ( 'NONE',  ( -0.2348316567497764906, 0.08575474995487882002, 0.1877055431802803209 ) ) ;
#633 = CARTESIAN_POINT ( 'NONE',  ( 0.1822267182067013047, 0.1321571736990937163, 0.2270756231802803782 ) ) ;
#634 = FACE_OUTER_BOUND ( 'NONE', #3976, .T. ) ;
#635 = CARTESIAN_POINT ( 'NONE',  ( 0.1377318319525889789, 0.1344713808013102974, 0.2270756231802802672 ) ) ;
#636 = CARTESIAN_POINT ( 'NONE',  ( -0.4556180965176318542, 0.1099467693285309244, 0.2270756231802803782 ) ) ;
#637 = CARTESIAN_POINT ( 'NONE',  ( -0.4193885754461248450, 0.05254056712124510753, 0.1877055431802803209 ) ) ;
#638 = CARTESIAN_POINT ( 'NONE',  ( 0.2563973000815820691, 0.1345445871169877183, 0.2270756231802802949 ) ) ;
#639 = CARTESIAN_POINT ( 'NONE',  ( -0.1639738843970750259, 0.1523270544271657645, 0.2270756231802803504 ) ) ;
#640 = CARTESIAN_POINT ( 'NONE',  ( -0.7624010666133208547, 0.2267157287525380926, 0.2270756231802802949 ) ) ;
#641 = CARTESIAN_POINT ( 'NONE',  ( -0.2715327262947828113, 0.1398691223169714337, 0.2270756231802804337 ) ) ;
#642 = EDGE_CURVE ( 'NONE', #1602, #2662, #7756, .T. ) ;
#643 = ORIENTED_EDGE ( 'NONE', *, *, #1097, .F. ) ;
#644 = FACE_BOUND ( 'NONE', #3434, .T. ) ;
#645 = CARTESIAN_POINT ( 'NONE',  ( -0.3680053595260553978, 0.1663007680598010407, 0.2270756231802804059 ) ) ;
#646 = FACE_OUTER_BOUND ( 'NONE', #7068, .T. ) ;
#647 = VERTEX_POINT ( 'NONE', #2672 ) ;
#648 = CARTESIAN_POINT ( 'NONE',  ( -1.018337751696372750, 0.02000000000000000042, -0.1978062665827011180 ) ) ;
#649 = CARTESIAN_POINT ( 'NONE',  ( 0.1315826547410351155, 0.1325788366085081382, 0.2270756231802803504 ) ) ;
#650 = CARTESIAN_POINT ( 'NONE',  ( -0.2296355019478855952, 0.1011273984085603733, 0.2270756231802803504 ) ) ;
#651 = VECTOR ( 'NONE', #3148, 39.37007874015748143 ) ;
#652 = CARTESIAN_POINT ( 'NONE',  ( -0.2505378890837154926, 0.1964160600194861384, 0.2270756231802802949 ) ) ;
#653 = ADVANCED_FACE ( 'NONE', ( #2123 ), #6335, .T. ) ;
#654 = AXIS2_PLACEMENT_3D ( 'NONE', #5171, #5767, #1530 ) ;
#655 = ORIENTED_EDGE ( 'NONE', *, *, #7247, .F. ) ;
#656 = CARTESIAN_POINT ( 'NONE',  ( -0.08671277677804216377, 0.08865308808328585533, 0.2270756231802802949 ) ) ;
#657 = CARTESIAN_POINT ( 'NONE',  ( -0.01990259800716330171, 0.09397233717685304910, 0.1877055431802802654 ) ) ;
#658 = CARTESIAN_POINT ( 'NONE',  ( -0.2453006920191722895, 0.1711007067043828489, 0.1877055431802803209 ) ) ;
#659 = DIRECTION ( 'NONE',  ( -1.000000000000000000, 0.000000000000000000, -0.000000000000000000 ) ) ;
#660 = CARTESIAN_POINT ( 'NONE',  ( -0.01958174508008132114, 0.09864545382122244521, 0.1877055431802803209 ) ) ;
#661 = AXIS2_PLACEMENT_3D ( 'NONE', #3224, #7415, #5608 ) ;
#662 = EDGE_LOOP ( 'NONE', ( #199, #7754, #5744, #2847 ) ) ;
#663 = CARTESIAN_POINT ( 'NONE',  ( 0.8098845308779292207, 0.5799999999999999600, 0.2270756231802802949 ) ) ;
#664 = CARTESIAN_POINT ( 'NONE',  ( -0.1056166750260301990, 0.1706654568845270836, 0.1877055431802802654 ) ) ;
#665 = CARTESIAN_POINT ( 'NONE',  ( 0.2330429268359290595, 0.1437491157432898847, 0.2270756231802802949 ) ) ;
#666 = AXIS2_PLACEMENT_3D ( 'NONE', #6668, #6824, #3722 ) ;
#667 = CARTESIAN_POINT ( 'NONE',  ( -0.2721811909394233897, 0.1202585984994352652, 0.1877055431802803487 ) ) ;
#668 = CARTESIAN_POINT ( 'NONE',  ( -0.4291768737812042267, 0.1499195022516500719, 0.2270756231802802949 ) ) ;
#669 = VECTOR ( 'NONE', #2114, 39.37007874015748143 ) ;
#670 = B_SPLINE_CURVE_WITH_KNOTS ( 'NONE', 3,
 ( #6023, #573, #7278, #6752, #6186, #613, #3043, #4362, #1388, #1865, #126 ),
 .UNSPECIFIED., .F., .F.,
 ( 4, 1, 1, 1, 1, 1, 1, 1, 4 ),
 ( 0.000000000000000000, 0.1327548717475871276, 0.2572338481110643116, 0.3786007316763537744, 0.5014062774984530124, 0.6239419536469539285, 0.7436418348746464124, 0.8681208112381235686, 1.000000000000000000 ),
 .UNSPECIFIED. ) ;
#671 = VERTEX_POINT ( 'NONE', #311 ) ;
#672 = CARTESIAN_POINT ( 'NONE',  ( 0.05394919329243837852, 0.1448594210569836005, 0.1877055431802803764 ) ) ;
#673 = CARTESIAN_POINT ( 'NONE',  ( 0.05611517690109347339, 0.1470455209631993665, 0.1877055431802803209 ) ) ;
#674 = CARTESIAN_POINT ( 'NONE',  ( -0.05793038158736983634, 0.08768015771445679396, 0.1877055431802803487 ) ) ;
#675 = DIRECTION ( 'NONE',  ( -0.000000000000000000, 1.000000000000000000, -0.000000000000000000 ) ) ;
#676 = CARTESIAN_POINT ( 'NONE',  ( -0.3403053888768601265, 0.07905418170832102798, 0.2270756231802803504 ) ) ;
#677 = CARTESIAN_POINT ( 'NONE',  ( 0.1417327513189319821, 0.1345749701712321833, 0.2270756231802803504 ) ) ;
#678 = CARTESIAN_POINT ( 'NONE',  ( -0.3654955561150531884, 0.1578916287957480569, 0.1877055431802803209 ) ) ;
#679 = CARTESIAN_POINT ( 'NONE',  ( -0.4100482939947536765, 0.05157562912308821107, 0.1877055431802803764 ) ) ;
#680 = CARTESIAN_POINT ( 'NONE',  ( 0.8098845308779292207, 0.5799999999999999600, 0.2270756231802802949 ) ) ;
#681 = CARTESIAN_POINT ( 'NONE',  ( 0.2563973000815820691, 0.1345445871169877183, 0.1877055431802802654 ) ) ;
#682 = CARTESIAN_POINT ( 'NONE',  ( -0.4226371309371074747, 0.05329246524022301923, 0.1877055431802803487 ) ) ;
#683 = CARTESIAN_POINT ( 'NONE',  ( -0.2715327262947828113, 0.1398691223169714337, 0.1877055431802803764 ) ) ;
#684 = VERTEX_POINT ( 'NONE', #349 ) ;
#685 = DIRECTION ( 'NONE',  ( 0.000000000000000000, -1.000000000000000000, 0.000000000000000000 ) ) ;
#686 = LINE ( 'NONE', #1421, #5886 ) ;
#687 = CARTESIAN_POINT ( 'NONE',  ( -0.3623392069868989762, 0.1304104755484992439, 0.2270756231802802949 ) ) ;
#688 = CARTESIAN_POINT ( 'NONE',  ( 0.3190488742607218153, 0.1565164389030433700, 0.1877055431802802654 ) ) ;
#689 = ORIENTED_EDGE ( 'NONE', *, *, #4436, .F. ) ;
#690 = DIRECTION ( 'NONE',  ( 0.3120445760271237656, 0.000000000000000000, 0.9500674621162713551 ) ) ;
#691 = CARTESIAN_POINT ( 'NONE',  ( 0.1410137904539383036, 0.1345848466134695609, 0.1877055431802803209 ) ) ;
#692 = CC_DESIGN_APPROVAL ( #3561, ( #93 ) ) ;
#693 =( BOUNDED_CURVE ( )  B_SPLINE_CURVE ( 3, ( #7731, #4575, #3411, #1559 ),
 .UNSPECIFIED., .F., .T. ) 
 B_SPLINE_CURVE_WITH_KNOTS ( ( 4, 4 ),
 ( 3.141592653589793116, 4.712388980384682569 ),
 .UNSPECIFIED. ) 
 CURVE ( )  GEOMETRIC_REPRESENTATION_ITEM ( )  RATIONAL_B_SPLINE_CURVE ( ( 1.000000000000000000, 0.8047378541243667138, 0.8047378541243667138, 1.000000000000000000 ) ) 
 REPRESENTATION_ITEM ( '' )  );
#694 = CARTESIAN_POINT ( 'NONE',  ( -0.2748722031695673973, 0.1891761643304311624, 0.2270756231802803782 ) ) ;
#695 = EDGE_CURVE ( 'NONE', #6730, #3378, #4506, .T. ) ;
#696 = CARTESIAN_POINT ( 'NONE',  ( 0.7080070247953581530, 0.5799999999999999600, -0.06523805343214902908 ) ) ;
#697 = EDGE_CURVE ( 'NONE', #801, #3997, #4239, .T. ) ;
#698 = B_SPLINE_CURVE_WITH_KNOTS ( 'NONE', 3,
 ( #6691, #480, #5443, #2326, #6086, #7180, #7899, #4742, #1247, #3061, #1804 ),
 .UNSPECIFIED., .F., .F.,
 ( 4, 1, 1, 1, 1, 1, 1, 1, 4 ),
 ( 0.000000000000000000, 0.1301910772608028954, 0.2563355306687227775, 0.3791141384848785711, 0.5005508106381949540, 0.6221158091713963056, 0.7447145812206031890, 0.8702230945705810017, 1.000000000000000000 ),
 .UNSPECIFIED. ) ;
#699 = EDGE_LOOP ( 'NONE', ( #6137, #2179, #1520, #2296 ) ) ;
#700 = CARTESIAN_POINT ( 'NONE',  ( -0.1726535823766880140, 0.1863168320338939032, 0.2270756231802803504 ) ) ;
#701 = CARTESIAN_POINT ( 'NONE',  ( -0.02284877664480545328, 0.08590192298536696025, 0.2270756231802802949 ) ) ;
#702 = CARTESIAN_POINT ( 'NONE',  ( 0.1808861155185997605, 0.1374209254441111083, 0.2270756231802802949 ) ) ;
#703 = CARTESIAN_POINT ( 'NONE',  ( -0.1042225985057719934, 0.1421644981614254288, 0.2270756231802803504 ) ) ;
#704 = ORIENTED_EDGE ( 'NONE', *, *, #726, .T. ) ;
#705 = B_SPLINE_CURVE_WITH_KNOTS ( 'NONE', 3,
 ( #3700, #3819, #6121, #4377, #6844, #1407, #5047, #5559, #2588, #4500, #3223, #65, #1321, #1449, #181, #3741, #5009, #7493, #716 ),
 .UNSPECIFIED., .F., .F.,
 ( 4, 1, 1, 1, 1, 1, 1, 1, 1, 1, 1, 1, 1, 1, 1, 1, 4 ),
 ( 0.000000000000000000, 0.06117934308804601207, 0.1203713884446012405, 0.1784417313622624346, 0.2359341281810944102, 0.2942679362243738050, 0.3526542946283819924, 0.4131221280938570106, 0.4755857683820425841, 0.5389001041802266023, 0.6018690472303240835, 0.6643326875185097125, 0.7276470233166936197, 0.7924087308653701145, 0.8591195288732142998, 0.9281350966840261618, 1.000000000000000000 ),
 .UNSPECIFIED. ) ;
#706 = CARTESIAN_POINT ( 'NONE',  ( 0.05284910490982360626, 0.1437491157432898847, 0.1877055431802803209 ) ) ;
#707 = CARTESIAN_POINT ( 'NONE',  ( -0.1439618556191487042, 0.1964160600194861384, 0.2270756231802802949 ) ) ;
#708 = CARTESIAN_POINT ( 'NONE',  ( 0.2517215667744530094, 0.1556904053540596189, 0.2270756231802803504 ) ) ;
#709 = VERTEX_POINT ( 'NONE', #5056 ) ;
#710 = VECTOR ( 'NONE', #1727, 39.37007874015748143 ) ;
#711 = SPHERICAL_SURFACE ( 'NONE', #5293, 0.02000000000000000042 ) ;
#712 = CARTESIAN_POINT ( 'NONE',  ( -0.2507333322954742316, 0.07632033556876730018, 0.2270756231802803782 ) ) ;
#713 = AXIS2_PLACEMENT_3D ( 'NONE', #989, #5198, #7805 ) ;
#714 = VECTOR ( 'NONE', #6526, 39.37007874015748143 ) ;
#715 = ORIENTED_EDGE ( 'NONE', *, *, #4961, .F. ) ;
#716 = CARTESIAN_POINT ( 'NONE',  ( -0.01958174508008132114, 0.09864545382122244521, 0.2270756231802802949 ) ) ;
#717 = CARTESIAN_POINT ( 'NONE',  ( -0.04048917570443432562, 0.07632398390935549171, 0.2270756231802802394 ) ) ;
#718 = FACE_OUTER_BOUND ( 'NONE', #2408, .T. ) ;
#719 = CARTESIAN_POINT ( 'NONE',  ( -0.2330253769092923144, 0.05432943408580807876, 0.2270756231802802394 ) ) ;
#720 = CARTESIAN_POINT ( 'NONE',  ( -0.3296211151588215871, 0.08335326979134158321, 0.1877055431802803209 ) ) ;
#721 = LINE ( 'NONE', #6933, #3838 ) ;
#722 = CARTESIAN_POINT ( 'NONE',  ( -0.3623033279591444944, 0.1239300035890399387, 0.2270756231802802949 ) ) ;
#723 = CARTESIAN_POINT ( 'NONE',  ( 0.2554567416956101122, 0.1345848466134695887, 0.1877055431802803209 ) ) ;
#724 = CARTESIAN_POINT ( 'NONE',  ( -0.4559334511168267046, 0.1226326522363244131, 0.1877055431802803209 ) ) ;
#725 = CARTESIAN_POINT ( 'NONE',  ( -0.2718444800489454027, 0.1359225141953649962, 0.1877055431802802099 ) ) ;
#726 = EDGE_CURVE ( 'NONE', #5201, #7042, #3851, .T. ) ;
#727 = ADVANCED_BREP_SHAPE_REPRESENTATION ( 'SingleDoveTail', ( #1049, #3285 ), #4681 ) ;
#728 = VERTEX_POINT ( 'NONE', #3231 ) ;
#729 = CARTESIAN_POINT ( 'NONE',  ( -0.03951127011541345074, 0.07628684540208252596, 0.2270756231802802949 ) ) ;
#730 = CARTESIAN_POINT ( 'NONE',  ( -0.3898888531409404057, 0.1922970275678682339, 0.1877055431802803209 ) ) ;
#731 = CARTESIAN_POINT ( 'NONE',  ( -0.008213576461935602827, 0.06536509714943251892, 0.2270756231802803504 ) ) ;
#732 = CARTESIAN_POINT ( 'NONE',  ( -0.2280412645632228785, 0.1239300035890399387, 0.1877055431802803209 ) ) ;
#733 = VERTEX_POINT ( 'NONE', #7501 ) ;
#734 = LINE ( 'NONE', #163, #3466 ) ;
#735 = CARTESIAN_POINT ( 'NONE',  ( 0.2824525682755134603, 0.1530408857370942066, 0.1877055431802803209 ) ) ;
#736 = CARTESIAN_POINT ( 'NONE',  ( 0.09405743993315573981, 0.1565217714367488355, 0.2270756231802803782 ) ) ;
#737 = ORIENTED_EDGE ( 'NONE', *, *, #5001, .T. ) ;
#738 = EDGE_CURVE ( 'NONE', #7539, #6392, #6701, .T. ) ;
#739 = CARTESIAN_POINT ( 'NONE',  ( -0.2065010073567250248, 0.1578916287957479736, 0.2270756231802802394 ) ) ;
#740 = ORIENTED_EDGE ( 'NONE', *, *, #6379, .F. ) ;
#741 = ADVANCED_FACE ( 'NONE', ( #5289 ), #3890, .T. ) ;
#742 = AXIS2_PLACEMENT_3D ( 'NONE', #6870, #6655, #1206 ) ;
#743 = DIRECTION ( 'NONE',  ( 1.000000000000000000, 0.000000000000000000, 4.023702988070684994E-15 ) ) ;
#744 = CARTESIAN_POINT ( 'NONE',  ( -0.02685783383535584809, 0.08107939211908005150, 0.2270756231802802394 ) ) ;
#745 = EDGE_CURVE ( 'NONE', #272, #1222, #5365, .T. ) ;
#746 = PERSON_AND_ORGANIZATION ( #6420, #5697 ) ;
#747 = EDGE_CURVE ( 'NONE', #2572, #5599, #7133, .T. ) ;
#748 = CARTESIAN_POINT ( 'NONE',  ( -0.1026353496870095056, 0.1540443565201723153, 0.2270756231802803504 ) ) ;
#749 = EDGE_CURVE ( 'NONE', #1834, #99, #6491, .T. ) ;
#750 = ORIENTED_EDGE ( 'NONE', *, *, #7216, .T. ) ;
#751 = CARTESIAN_POINT ( 'NONE',  ( -0.4181110359688795519, 0.1693594917623949259, 0.1877055431802802654 ) ) ;
#752 = DIRECTION ( 'NONE',  ( -1.000000000000000000, 0.000000000000000000, 0.000000000000000000 ) ) ;
#753 = CARTESIAN_POINT ( 'NONE',  ( -0.2822203255182735848, 0.06522988328734859176, 0.1877055431802802654 ) ) ;
#754 = ORIENTED_EDGE ( 'NONE', *, *, #3460, .F. ) ;
#755 = DIRECTION ( 'NONE',  ( 0.7287710014662215352, -0.6847574953382551399, 0.000000000000000000 ) ) ;
#756 = CARTESIAN_POINT ( 'NONE',  ( 0.2332031547285542128, 0.1060534965843292071, 0.2270756231802803782 ) ) ;
#757 = PRODUCT_DEFINITION_SHAPE ( 'NONE', 'NONE',  #848 ) ;
#758 = VECTOR ( 'NONE', #425, 39.37007874015748143 ) ;
#759 = ORIENTED_EDGE ( 'NONE', *, *, #3229, .T. ) ;
#760 = CARTESIAN_POINT ( 'NONE',  ( -0.2969389023584984577, 0.1226326522363244131, 0.2270756231802802949 ) ) ;
#761 = CARTESIAN_POINT ( 'NONE',  ( -0.7984020917776485371, 0.5799999999999999600, -0.06523805343215297037 ) ) ;
#762 = CARTESIAN_POINT ( 'NONE',  ( -0.3156288625014166960, 0.06257592268613049180, 0.1877055431802803487 ) ) ;
#763 = CARTESIAN_POINT ( 'NONE',  ( -0.2091000849853468235, 0.08123346297016426076, 0.2270756231802802949 ) ) ;
#764 = CARTESIAN_POINT ( 'NONE',  ( 0.1182102974814389779, 0.1034225540286860118, 0.2270756231802802949 ) ) ;
#765 = CARTESIAN_POINT ( 'NONE',  ( -0.4559334511168267046, 0.1226326522363244131, 0.2270756231802802949 ) ) ;
#766 = CARTESIAN_POINT ( 'NONE',  ( -0.3696089154075639094, 0.07751678226972766317, 0.2270756231802802949 ) ) ;
#767 = CARTESIAN_POINT ( 'NONE',  ( 0.1587853743818223862, 0.1096055511159636370, 0.2270756231802802394 ) ) ;
#768 = CARTESIAN_POINT ( 'NONE',  ( -0.4470228217026655515, 0.07382863289451571664, 0.1877055431802802377 ) ) ;
#769 = DIRECTION ( 'NONE',  ( -0.3090169943757413717, -0.000000000000000000, -0.9510565162948956264 ) ) ;
#770 = VERTEX_POINT ( 'NONE', #2911 ) ;
#771 = CARTESIAN_POINT ( 'NONE',  ( -0.1336498768581784458, 0.1335908286038665349, 0.2270756231802802949 ) ) ;
#772 = DIRECTION ( 'NONE',  ( 0.000000000000000000, -1.000000000000000000, 0.000000000000000000 ) ) ;
#773 = DIRECTION ( 'NONE',  ( -0.9510565162948950713, 0.000000000000000000, -0.3090169943757430371 ) ) ;
#774 = CARTESIAN_POINT ( 'NONE',  ( 0.2993928848171694690, 0.1147944594768764842, 0.1877055431802802099 ) ) ;
#775 = EDGE_CURVE ( 'NONE', #4767, #7732, #7211, .T. ) ;
#776 = EDGE_LOOP ( 'NONE', ( #1389, #2584, #2998, #3883 ) ) ;
#777 = CARTESIAN_POINT ( 'NONE',  ( -0.1008456255565603754, 0.07805345149939728333, 0.2270756231802802949 ) ) ;
#778 = CARTESIAN_POINT ( 'NONE',  ( 0.1410137904539383036, 0.1345848466134695609, 0.2270756231802802949 ) ) ;
#779 = AXIS2_PLACEMENT_3D ( 'NONE', #5908, #6506, #6466 ) ;
#780 = CARTESIAN_POINT ( 'NONE',  ( 0.09829932527029258682, 0.1550865778502543701, 0.1877055431802803209 ) ) ;
#781 = ORIENTED_EDGE ( 'NONE', *, *, #3727, .T. ) ;
#782 = EDGE_CURVE ( 'NONE', #78, #138, #6002, .T. ) ;
#783 = CARTESIAN_POINT ( 'NONE',  ( -0.3666874376980309713, 0.08526648473679682150, 0.2270756231802802949 ) ) ;
#784 = VERTEX_POINT ( 'NONE', #7055 ) ;
#785 = CARTESIAN_POINT ( 'NONE',  ( -0.1692296888840178481, 0.1890555692661894105, 0.2270756231802802949 ) ) ;
#786 = CARTESIAN_POINT ( 'NONE',  ( -0.02037363930895946459, 0.09178501556971967179, 0.2270756231802802949 ) ) ;
#787 =( LENGTH_UNIT ( ) NAMED_UNIT ( * ) SI_UNIT ( $, .METRE. ) );
#788 = CARTESIAN_POINT ( 'NONE',  ( -0.1287472747356734892, 0.09922927556695514129, 0.2270756231802803504 ) ) ;
#789 = EDGE_CURVE ( 'NONE', #4854, #4710, #6982, .T. ) ;
#790 = AXIS2_PLACEMENT_3D ( 'NONE', #2091, #5139, #3195 ) ;
#791 = EDGE_LOOP ( 'NONE', ( #1971, #2136, #4058, #382 ) ) ;
#792 = DIRECTION ( 'NONE',  ( -0.000000000000000000, -0.000000000000000000, 1.000000000000000000 ) ) ;
#793 = CARTESIAN_POINT ( 'NONE',  ( -0.1144142663811540672, 0.1845905405906591301, 0.2270756231802803782 ) ) ;
#794 = CARTESIAN_POINT ( 'NONE',  ( -0.2534702317198442301, 0.05161729494470002760, 0.2270756231802803782 ) ) ;
#795 = ORIENTED_EDGE ( 'NONE', *, *, #3618, .T. ) ;
#796 = DIRECTION ( 'NONE',  ( 0.000000000000000000, -1.000000000000000000, 0.000000000000000000 ) ) ;
#797 = CARTESIAN_POINT ( 'NONE',  ( 0.2492232649092255836, 0.1337100102930795509, 0.1877055431802804042 ) ) ;
#798 = VECTOR ( 'NONE', #7603, 39.37007874015748143 ) ;
#799 = VECTOR ( 'NONE', #3051, 39.37007874015748143 ) ;
#800 = EDGE_CURVE ( 'NONE', #104, #709, #1917, .T. ) ;
#801 = VERTEX_POINT ( 'NONE', #3660 ) ;
#802 = CARTESIAN_POINT ( 'NONE',  ( 0.08033175606727160911, 0.1574212869062753262, 0.1877055431802803209 ) ) ;
#803 = CARTESIAN_POINT ( 'NONE',  ( -0.2856215820475758171, 0.1776734734557873785, 0.1877055431802803209 ) ) ;
#804 = CARTESIAN_POINT ( 'NONE',  ( -0.3146539283962488387, 0.06738290738076412045, 0.1877055431802803487 ) ) ;
#805 = CARTESIAN_POINT ( 'NONE',  ( -0.2179973363931030916, 0.06525601599062937075, 0.2270756231802803782 ) ) ;
#806 = VECTOR ( 'NONE', #7815, 39.37007874015748143 ) ;
#807 = CARTESIAN_POINT ( 'NONE',  ( -0.3403053888768601265, 0.07905418170832102798, 0.1877055431802803487 ) ) ;
#808 = CARTESIAN_POINT ( 'NONE',  ( -0.1034907831655028781, 0.1454778591117225350, 0.2270756231802802394 ) ) ;
#809 = CARTESIAN_POINT ( 'NONE',  ( -0.3655218432427715936, 0.08968081195020953522, 0.1877055431802803487 ) ) ;
#810 = DIRECTION ( 'NONE',  ( 0.9500674621162674693, 0.000000000000000000, 0.3120445760271354230 ) ) ;
#811 = CARTESIAN_POINT ( 'NONE',  ( -0.3146049633316461702, 0.06839232440470720265, 0.1877055431802803209 ) ) ;
#812 = CARTESIAN_POINT ( 'NONE',  ( -0.4042952407775005641, 0.1711007067043827656, 0.1877055431802802654 ) ) ;
#813 = ORIENTED_EDGE ( 'NONE', *, *, #5116, .T. ) ;
#814 = CARTESIAN_POINT ( 'NONE',  ( -0.3445889713084316353, 0.06738254556382559934, 0.1877055431802803209 ) ) ;
#815 = CARTESIAN_POINT ( 'NONE',  ( -0.4025144658145909382, 0.1959848636283641476, 0.1877055431802802654 ) ) ;
#816 = DIRECTION ( 'NONE',  ( -4.023702988070689727E-15, 0.000000000000000000, 1.000000000000000000 ) ) ;
#817 = CARTESIAN_POINT ( 'NONE',  ( 0.2987275078380837168, 0.1096012986368785080, 0.2270756231802802949 ) ) ;
#818 = ORIENTED_EDGE ( 'NONE', *, *, #6630, .T. ) ;
#819 = CARTESIAN_POINT ( 'NONE',  ( -0.3938262055081047097, 0.08575474995487882002, 0.2270756231802802949 ) ) ;
#820 = EDGE_CURVE ( 'NONE', #1738, #6371, #1840, .T. ) ;
#821 = CARTESIAN_POINT ( 'NONE',  ( -0.2715327262947828113, 0.1398691223169714337, 0.2270756231802803782 ) ) ;
#822 = CARTESIAN_POINT ( 'NONE',  ( -0.2280412645632228785, 0.1239300035890399387, 0.2270756231802802949 ) ) ;
#823 = ORIENTED_EDGE ( 'NONE', *, *, #3212, .F. ) ;
#824 = CARTESIAN_POINT ( 'NONE',  ( -0.2360597612375675003, 0.05328671837024311769, 0.1877055431802804042 ) ) ;
#825 = ORIENTED_EDGE ( 'NONE', *, *, #223, .T. ) ;
#826 = CARTESIAN_POINT ( 'NONE',  ( -0.3402455412665471024, 0.07899471811351355122, 0.1877055431802803487 ) ) ;
#827 = CARTESIAN_POINT ( 'NONE',  ( -0.3870593414676681832, 0.1217767639787256384, 0.2270756231802802949 ) ) ;
#828 = COORDINATED_UNIVERSAL_TIME_OFFSET ( 5, 0, .BEHIND. ) ;
#829 = DIRECTION ( 'NONE',  ( -0.000000000000000000, -0.000000000000000000, -1.000000000000000000 ) ) ;
#830 = EDGE_CURVE ( 'NONE', #1516, #1079, #2887, .T. ) ;
#831 = CARTESIAN_POINT ( 'NONE',  ( -0.4496890477531413355, 0.1676881295743993250, 0.1877055431802803209 ) ) ;
#832 = ORIENTED_EDGE ( 'NONE', *, *, #5786, .T. ) ;
#833 = CARTESIAN_POINT ( 'NONE',  ( -0.3286226940489787585, 0.08329852876002377671, 0.2270756231802802949 ) ) ;
#834 = CARTESIAN_POINT ( 'NONE',  ( 0.05349368915920885842, 0.1117986576282369859, 0.2270756231802802949 ) ) ;
#835 = CARTESIAN_POINT ( 'NONE',  ( -0.2925632063575947517, 0.08467664980136548059, 0.1877055431802803209 ) ) ;
#836 = ORIENTED_EDGE ( 'NONE', *, *, #529, .T. ) ;
#837 = CARTESIAN_POINT ( 'NONE',  ( 0.7811982400720803854, 0.5999999999999999778, 0.2538266948626244912 ) ) ;
#838 = CARTESIAN_POINT ( 'NONE',  ( 0.2336875110853142701, 0.1117986576282369859, 0.1877055431802802654 ) ) ;
#839 = VERTEX_POINT ( 'NONE', #6725 ) ;
#840 = CARTESIAN_POINT ( 'NONE',  ( -0.2942020380832132687, 0.1551927591837698184, 0.1877055431802804042 ) ) ;
#841 = CARTESIAN_POINT ( 'NONE',  ( -0.2559324281055025407, 0.1962364953311521998, 0.1877055431802802654 ) ) ;
#842 = CARTESIAN_POINT ( 'NONE',  ( -0.4234959481803091674, 0.08391923291525861528, 0.1877055431802803764 ) ) ;
#843 = CARTESIAN_POINT ( 'NONE',  ( -0.4474468957350107856, 0.1730059482948134442, 0.1877055431802803209 ) ) ;
#844 = CARTESIAN_POINT ( 'NONE',  ( -0.3422519698348963080, 0.07679695432603397820, 0.2270756231802802672 ) ) ;
#845 = B_SPLINE_SURFACE_WITH_KNOTS ( 'NONE', 3, 1, ( 
 ( #4606, #7039 ),
 ( #5718, #6956 ),
 ( #255, #5119 ),
 ( #3253, #1592 ),
 ( #4008, #2812 ),
 ( #983, #6277 ),
 ( #2106, #1187 ),
 ( #3611, #419 ),
 ( #5875, #2855 ),
 ( #4166, #2419 ),
 ( #3006, #5273 ) ),
 .UNSPECIFIED., .F., .F., .F.,
 ( 4, 1, 1, 1, 1, 1, 1, 1, 4 ),
 ( 2, 2 ),
 ( 0.000000000000000000, 0.1327548717475871276, 0.2572338481110643116, 0.3786007316763537744, 0.5014062774984530124, 0.6239419536469539285, 0.7436418348746464124, 0.8681208112381235686, 1.000000000000000000 ),
 ( 0.000000000000000000, 1.000000000000000000 ),
 .UNSPECIFIED. ) ;
#846 = CARTESIAN_POINT ( 'NONE',  ( -0.1328377578501198364, 0.09453257400091152896, 0.2270756231802802949 ) ) ;
#847 = LINE ( 'NONE', #6972, #1827 ) ;
#848 = PRODUCT_DEFINITION ( 'UNKNOWN', '', #93, #1783 ) ;
#849 = LINE ( 'NONE', #5094, #6053 ) ;
#850 = EDGE_CURVE ( 'NONE', #2959, #5646, #5932, .T. ) ;
#851 = ORIENTED_EDGE ( 'NONE', *, *, #3352, .T. ) ;
#852 = DIRECTION ( 'NONE',  ( -0.9510565162948950713, 0.000000000000000000, -0.3090169943757430371 ) ) ;
#853 = ADVANCED_FACE ( 'NONE', ( #5398 ), #711, .T. ) ;
#854 = CARTESIAN_POINT ( 'NONE',  ( -0.3870663714623316931, 0.1907596177290536432, 0.1877055431802803209 ) ) ;
#855 = AXIS2_PLACEMENT_3D ( 'NONE', #915, #3333, #296 ) ;
#856 = CARTESIAN_POINT ( 'NONE',  ( 0.02811661954741698222, 0.1557841197812466771, 0.1877055431802803209 ) ) ;
#857 = CARTESIAN_POINT ( 'NONE',  ( -0.2289654441066175938, 0.1061605371993063207, 0.1877055431802803487 ) ) ;
#858 = EDGE_LOOP ( 'NONE', ( #2076, #6883, #5805, #6744 ) ) ;
#859 = CARTESIAN_POINT ( 'NONE',  ( 0.2984073524365751795, 0.1000532180550201544, 0.1877055431802803209 ) ) ;
#860 = CARTESIAN_POINT ( 'NONE',  ( -0.2671588248731507909, 0.1596440259293350206, 0.2270756231802803504 ) ) ;
#861 = AXIS2_PLACEMENT_3D ( 'NONE', #4224, #23, #6078 ) ;
#862 = CARTESIAN_POINT ( 'NONE',  ( -1.018337751696372750, 0.01999999999999999001, -0.1978062665827011180 ) ) ;
#863 = ORIENTED_EDGE ( 'NONE', *, *, #3910, .F. ) ;
#864 = CARTESIAN_POINT ( 'NONE',  ( -0.2122807125308127929, 0.07407194944985388829, 0.1877055431802802654 ) ) ;
#865 = EDGE_LOOP ( 'NONE', ( #6232, #2610, #5573, #3370 ) ) ;
#866 = CARTESIAN_POINT ( 'NONE',  ( -0.2454246497819601858, 0.07681518911668358540, 0.1877055431802803209 ) ) ;
#867 = CARTESIAN_POINT ( 'NONE',  ( 0.05349368915920885842, 0.1117986576282369859, 0.2270756231802802949 ) ) ;
#868 = CARTESIAN_POINT ( 'NONE',  ( -0.02955143931041341598, 0.1180628407279488978, 0.1877055431802803209 ) ) ;
#869 = CARTESIAN_POINT ( 'NONE',  ( 0.09347896860163414090, 0.1044422681723898572, 0.1877055431802803209 ) ) ;
#870 = B_SPLINE_CURVE_WITH_KNOTS ( 'NONE', 3,
 ( #1169, #6010, #6049, #6736, #7861, #4897, #1287 ),
 .UNSPECIFIED., .F., .F.,
 ( 4, 1, 1, 1, 4 ),
 ( 0.000000000000000000, 0.2636542475285981180, 0.5199803460206632311, 0.7671028029252663361, 1.000000000000000000 ),
 .UNSPECIFIED. ) ;
#871 = LINE ( 'NONE', #5752, #3857 ) ;
#872 = VECTOR ( 'NONE', #6478, 39.37007874015748143 ) ;
#873 = ORIENTED_EDGE ( 'NONE', *, *, #3377, .T. ) ;
#874 = CARTESIAN_POINT ( 'NONE',  ( -0.3212534869478648192, 0.08094136243757026061, 0.2270756231802802394 ) ) ;
#875 = DIRECTION ( 'NONE',  ( 0.000000000000000000, -1.000000000000000000, -0.000000000000000000 ) ) ;
#876 = CARTESIAN_POINT ( 'NONE',  ( -0.4308740125669482390, 0.1104501117364100199, 0.1877055431802803209 ) ) ;
#877 = ORIENTED_EDGE ( 'NONE', *, *, #5451, .T. ) ;
#878 = CARTESIAN_POINT ( 'NONE',  ( 0.2435597195323108699, 0.1309152108147105531, 0.2270756231802802672 ) ) ;
#879 = FACE_OUTER_BOUND ( 'NONE', #4928, .T. ) ;
#880 = LOCAL_TIME ( 12, 3, 37.00000000000000000, #828 ) ;
#881 = ORIENTED_EDGE ( 'NONE', *, *, #1975, .T. ) ;
#882 = LINE ( 'NONE', #3300, #282 ) ;
#883 = CARTESIAN_POINT ( 'NONE',  ( -1.018337751696372528, 0.5799999999999999600, -0.2178062665827011080 ) ) ;
#884 = CARTESIAN_POINT ( 'NONE',  ( -0.1527372607831924967, 0.1700609446030215410, 0.1877055431802803487 ) ) ;
#885 = CARTESIAN_POINT ( 'NONE',  ( -0.4531965868415412380, 0.1551927591837697906, 0.1877055431802802654 ) ) ;
#886 = CARTESIAN_POINT ( 'NONE',  ( -0.1813688884068177520, 0.1760051564090625298, 0.1877055431802803209 ) ) ;
#887 = CARTESIAN_POINT ( 'NONE',  ( 0.3003833594716903144, 0.1190068638102623894, 0.2270756231802802672 ) ) ;
#888 = VECTOR ( 'NONE', #3655, 39.37007874015748143 ) ;
#889 = CARTESIAN_POINT ( 'NONE',  ( -0.4089251669960918267, 0.07628684540208252596, 0.2270756231802802949 ) ) ;
#890 = CARTESIAN_POINT ( 'NONE',  ( -0.04510623169765844848, 0.05166137756356337096, 0.2270756231802803504 ) ) ;
#891 = EDGE_CURVE ( 'NONE', #3164, #3277, #464, .T. ) ;
#892 = ORIENTED_EDGE ( 'NONE', *, *, #3239, .T. ) ;
#893 = CARTESIAN_POINT ( 'NONE',  ( 0.2330429268359290595, 0.1437491157432898847, 0.1877055431802803209 ) ) ;
#894 = CARTESIAN_POINT ( 'NONE',  ( -0.4311856389522204513, 0.1239760281754862942, 0.2270756231802803504 ) ) ;
#895 = CARTESIAN_POINT ( 'NONE',  ( 0.005150740282325298562, 0.09950115364960929187, 0.1877055431802803209 ) ) ;
#896 = CARTESIAN_POINT ( 'NONE',  ( -0.2289654441066175938, 0.1061605371993063207, 0.2270756231802803504 ) ) ;
#897 = CARTESIAN_POINT ( 'NONE',  ( 0.2697735829708778343, 0.1574051511789754387, 0.2270756231802802949 ) ) ;
#898 = LINE ( 'NONE', #6985, #1873 ) ;
#899 = CARTESIAN_POINT ( 'NONE',  ( -0.1373277689934798429, 0.1280688799625346874, 0.1877055431802803487 ) ) ;
#900 = ORIENTED_EDGE ( 'NONE', *, *, #5853, .F. ) ;
#901 = EDGE_CURVE ( 'NONE', #4286, #4251, #3805, .T. ) ;
#902 = ORIENTED_EDGE ( 'NONE', *, *, #3397, .T. ) ;
#903 = B_SPLINE_CURVE_WITH_KNOTS ( 'NONE', 3,
 ( #7622, #4584, #890, #5135, #1569, #2167, #2087, #2125, #3909, #3988, #5657, #3308, #5732, #4545, #6408, #5811, #7661, #7503, #962 ),
 .UNSPECIFIED., .F., .F.,
 ( 4, 1, 1, 1, 1, 1, 1, 1, 1, 1, 1, 1, 1, 1, 1, 1, 4 ),
 ( 0.000000000000000000, 0.06593481762567697524, 0.1300372587941653058, 0.1923620702496508517, 0.2538195214289182822, 0.3141994357375421654, 0.3746698781567774361, 0.4351541180379872031, 0.4964786684939704320, 0.5578092661396397700, 0.6190309229821124859, 0.6796911875192902519, 0.7409612864102639307, 0.8033752905051763094, 0.8668176884999612142, 0.9323179771745060407, 1.000000000000000000 ),
 .UNSPECIFIED. ) ;
#904 = B_SPLINE_CURVE_WITH_KNOTS ( 'NONE', 3,
 ( #5623, #3792, #1423, #4434, #6785, #1463, #5739, #6219, #3834, #161, #3875, #2603, #5702, #236, #2092, #4513, #6940, #1499, #3916, #7395, #1939, #4357, #1341, #3755, #1054, #6458, #1615 ),
 .UNSPECIFIED., .F., .F.,
 ( 4, 1, 1, 1, 1, 1, 1, 1, 1, 1, 1, 1, 1, 1, 1, 1, 1, 1, 1, 1, 1, 1, 1, 1, 4 ),
 ( 0.000000000000000000, 0.03821733796913594217, 0.07486720303994311154, 0.1101580815531042479, 0.1444539266593011795, 0.1780797262741530829, 0.2111707725935979829, 0.2436870542144174701, 0.2758717334447992608, 0.3083755160139863283, 0.3412633249363586918, 0.3751503394709052586, 0.4096552607042131533, 0.4451573674923581803, 0.4820734672046717018, 0.5205757562184276654, 0.5605536808978380803, 0.6031075754382528853, 0.6486887095294888717, 0.6979476778875631782, 0.7507677670183535712, 0.8073094024459647189, 0.8676555707911409732, 0.9318612220995584616, 1.000000000000000000 ),
 .UNSPECIFIED. ) ;
#905 = DIRECTION ( 'NONE',  ( 1.000000000000000000, 0.000000000000000000, 0.000000000000000000 ) ) ;
#906 = CARTESIAN_POINT ( 'NONE',  ( 0.09348104514806306053, 0.05508757223430543054, 0.1877055431802803209 ) ) ;
#907 = CARTESIAN_POINT ( 'NONE',  ( -0.03117805396589841752, 0.1189715044211966249, 0.1877055431802803764 ) ) ;
#908 = CARTESIAN_POINT ( 'NONE',  ( 0.6637217283835672443, 0.2349999999999998201, 0.2187913519328184286 ) ) ;
#909 = ADVANCED_FACE ( 'NONE', ( #4263 ), #6039, .T. ) ;
#910 = CARTESIAN_POINT ( 'NONE',  ( 0.2978789563505130356, 0.1437830399075659682, 0.2270756231802802949 ) ) ;
#911 = B_SPLINE_SURFACE_WITH_KNOTS ( 'NONE', 3, 1, ( 
 ( #5378, #6618 ),
 ( #6502, #1174 ),
 ( #7145, #2846 ),
 ( #4671, #5263 ),
 ( #4826, #6015 ),
 ( #3596, #7711 ),
 ( #2254, #2996 ),
 ( #1811, #4240 ),
 ( #6661, #5864 ),
 ( #7106, #1658 ),
 ( #4077, #38 ),
 ( #5492, #3635 ),
 ( #1374, #4277 ),
 ( #6702, #3151 ),
 ( #2485, #4429 ),
 ( #7347, #6134 ),
 ( #7308, #156 ),
 ( #683, #641 ),
 ( #725, #6816 ),
 ( #3714, #1893 ),
 ( #2597, #4941 ),
 ( #6057, #3786 ),
 ( #1257, #5569 ) ),
 .UNSPECIFIED., .F., .F., .F.,
 ( 4, 1, 1, 1, 1, 1, 1, 1, 1, 1, 1, 1, 1, 1, 1, 1, 1, 1, 1, 1, 4 ),
 ( 2, 2 ),
 ( 0.000000000000000000, 0.05383370089591479890, 0.1055426304091387074, 0.1580541720958376639, 0.2119873357804047675, 0.2402068903290461299, 0.2697935103595444084, 0.3013430987966757568, 0.3346080613711929774, 0.3702844416648601311, 0.4080888380149463313, 0.4486813458099819796, 0.4920692965602020963, 0.5386641566662651037, 0.5903710538753822457, 0.6463877841547199798, 0.7071953757631238568, 0.7729467746818400320, 0.8436426012467370672, 0.9193083570571426444, 1.000000000000000000 ),
 ( 0.000000000000000000, 1.000000000000000000 ),
 .UNSPECIFIED. ) ;
#912 = ORIENTED_EDGE ( 'NONE', *, *, #3598, .F. ) ;
#913 = CARTESIAN_POINT ( 'NONE',  ( -0.4308390288072737051, 0.1359225141953649962, 0.1877055431802802654 ) ) ;
#914 = CARTESIAN_POINT ( 'NONE',  ( 0.06087879998804703041, 0.1288730008591923160, 0.2270756231802802672 ) ) ;
#915 = CARTESIAN_POINT ( 'NONE',  ( -0.7741167953658587564, 0.5799999999999999600, 0.000000000000000000 ) ) ;
#916 = ORIENTED_EDGE ( 'NONE', *, *, #5313, .F. ) ;
#917 = CARTESIAN_POINT ( 'NONE',  ( 0.2370712586133445765, 0.1236164632634708799, 0.2270756231802802394 ) ) ;
#918 = DIRECTION ( 'NONE',  ( -0.9500674621162715772, 0.000000000000000000, 0.3120445760271225999 ) ) ;
#919 = ORIENTED_EDGE ( 'NONE', *, *, #7842, .T. ) ;
#920 = CARTESIAN_POINT ( 'NONE',  ( -0.3146049633316461702, 0.06839232440470720265, 0.1877055431802803209 ) ) ;
#921 = ORIENTED_EDGE ( 'NONE', *, *, #5791, .F. ) ;
#922 = CARTESIAN_POINT ( 'NONE',  ( -0.3156228264399692507, 0.07420273433367358118, 0.1877055431802803209 ) ) ;
#923 = CARTESIAN_POINT ( 'NONE',  ( -0.1611507149804329020, 0.1614130559125752651, 0.2270756231802802672 ) ) ;
#924 = CARTESIAN_POINT ( 'NONE',  ( -0.3884840821424204171, 0.1467150649914887584, 0.2270756231802803504 ) ) ;
#925 = DIRECTION ( 'NONE',  ( -0.9510565162948955154, 0.000000000000000000, 0.3090169943757414828 ) ) ;
#926 = CARTESIAN_POINT ( 'NONE',  ( -0.1439618556191487042, 0.1964160600194861384, 0.1877055431802803209 ) ) ;
#927 = CARTESIAN_POINT ( 'NONE',  ( 0.1719548731234241956, 0.1500672567449960193, 0.1877055431802803209 ) ) ;
#928 = LINE ( 'NONE', #7015, #5830 ) ;
#929 = ORIENTED_EDGE ( 'NONE', *, *, #2409, .F. ) ;
#930 = PLANE ( 'NONE',  #2820 ) ;
#931 = CARTESIAN_POINT ( 'NONE',  ( -0.4291768737812042267, 0.1499195022516500719, 0.1877055431802803209 ) ) ;
#932 = CARTESIAN_POINT ( 'NONE',  ( -0.2499306182377636076, 0.1716835746570795351, 0.1877055431802803487 ) ) ;
#933 = CARTESIAN_POINT ( 'NONE',  ( -0.01958174508008132114, 0.09864545382122244521, 0.2270756231802802949 ) ) ;
#934 = CARTESIAN_POINT ( 'NONE',  ( -0.2280412645632228785, 0.1239300035890399387, 0.2270756231802802949 ) ) ;
#935 = CARTESIAN_POINT ( 'NONE',  ( -0.2662299705326390820, 0.1615744102140276028, 0.2270756231802802672 ) ) ;
#936 = CARTESIAN_POINT ( 'NONE',  ( -0.1336498768581784458, 0.1335908286038665349, 0.2270756231802803504 ) ) ;
#937 = ORIENTED_EDGE ( 'NONE', *, *, #3220, .F. ) ;
#938 = VERTEX_POINT ( 'NONE', #6282 ) ;
#939 = CARTESIAN_POINT ( 'NONE',  ( -0.4446161308059040640, 0.1776734734557873785, 0.2270756231802802672 ) ) ;
#940 = LINE ( 'NONE', #2767, #604 ) ;
#941 = DIRECTION ( 'NONE',  ( 1.000000000000000000, 0.000000000000000000, 0.000000000000000000 ) ) ;
#942 = CARTESIAN_POINT ( 'NONE',  ( 0.3384352130535007164, 0.1167065637596283456, 0.1877055431802802099 ) ) ;
#943 = EDGE_CURVE ( 'NONE', #7767, #6362, #298, .T. ) ;
#944 = CARTESIAN_POINT ( 'NONE',  ( 0.3291297365976896261, 0.1575507258785614484, 0.2270756231802802949 ) ) ;
#945 = VERTEX_POINT ( 'NONE', #4453 ) ;
#946 = CARTESIAN_POINT ( 'NONE',  ( -0.01990259800716330171, 0.09397233717685304910, 0.1877055431802802654 ) ) ;
#947 = CARTESIAN_POINT ( 'NONE',  ( 0.2330429268359290595, 0.05508757223430543054, 0.2270756231802802949 ) ) ;
#948 = CARTESIAN_POINT ( 'NONE',  ( -0.4251093818824179804, 0.08629280190399002404, 0.1877055431802802654 ) ) ;
#949 = ORIENTED_EDGE ( 'NONE', *, *, #3609, .T. ) ;
#950 = CARTESIAN_POINT ( 'NONE',  ( -0.3864148220550844837, 0.05700635576611832317, 0.1877055431802803764 ) ) ;
#951 = CARTESIAN_POINT ( 'NONE',  ( -0.2721811909394233897, 0.1202585984994352652, 0.1877055431802803487 ) ) ;
#952 = CARTESIAN_POINT ( 'NONE',  ( -0.2338671654535293409, 0.1935602870887397353, 0.1877055431802803209 ) ) ;
#953 = FACE_OUTER_BOUND ( 'NONE', #3456, .T. ) ;
#954 = ORIENTED_EDGE ( 'NONE', *, *, #2977, .T. ) ;
#955 = CARTESIAN_POINT ( 'NONE',  ( -0.4088147541150096154, 0.05155436003967591579, 0.1877055431802803209 ) ) ;
#956 = ORIENTED_EDGE ( 'NONE', *, *, #789, .T. ) ;
#957 = LINE ( 'NONE', #6328, #5618 ) ;
#958 = CARTESIAN_POINT ( 'NONE',  ( -0.1543772395293016020, 0.1691116808052713083, 0.1877055431802802099 ) ) ;
#959 = CARTESIAN_POINT ( 'NONE',  ( -0.04514232705060423900, 0.1438595286243720406, 0.1877055431802803209 ) ) ;
#960 = CARTESIAN_POINT ( 'NONE',  ( -0.1869177579952076285, 0.1628046595012549724, 0.1877055431802803209 ) ) ;
#961 = CARTESIAN_POINT ( 'NONE',  ( -0.2499306182377635799, 0.1716835746570795074, 0.1877055431802803209 ) ) ;
#962 = CARTESIAN_POINT ( 'NONE',  ( -0.08671277677804216377, 0.08865308808328585533, 0.2270756231802802949 ) ) ;
#963 = EDGE_LOOP ( 'NONE', ( #241, #4413, #2925, #575 ) ) ;
#964 = CARTESIAN_POINT ( 'NONE',  ( -0.4559334511168267046, 0.1226326522363244131, 0.2270756231802802949 ) ) ;
#965 = CARTESIAN_POINT ( 'NONE',  ( 0.2475868783907836101, 0.1542048047760349039, 0.2270756231802802949 ) ) ;
#966 = CARTESIAN_POINT ( 'NONE',  ( -0.2701823250228759243, 0.1499195022516500719, 0.1877055431802803487 ) ) ;
#967 = CARTESIAN_POINT ( 'NONE',  ( -0.4389817459676882416, 0.06283736900783655488, 0.2270756231802802672 ) ) ;
#968 = CARTESIAN_POINT ( 'NONE',  ( -0.4377965394826485723, 0.1859040987637403108, 0.1877055431802803209 ) ) ;
#969 = CARTESIAN_POINT ( 'NONE',  ( 0.003384134185010541189, 0.1928828478248565959, 0.1877055431802803209 ) ) ;
#970 = CARTESIAN_POINT ( 'NONE',  ( -0.7741167953658588674, 0.5999999999999999778, 0.2270756231802802949 ) ) ;
#971 = B_SPLINE_SURFACE_WITH_KNOTS ( 'NONE', 3, 1, ( 
 ( #7838, #5314 ),
 ( #3521, #1628 ),
 ( #7763, #3443 ),
 ( #454, #1709 ),
 ( #4165, #4756 ),
 ( #6511, #4207 ),
 ( #5951, #6473 ),
 ( #499, #3485 ),
 ( #6550, #7194 ),
 ( #2930, #2893 ),
 ( #1146, #7878 ) ),
 .UNSPECIFIED., .F., .F., .F.,
 ( 4, 1, 1, 1, 1, 1, 1, 1, 4 ),
 ( 2, 2 ),
 ( 0.000000000000000000, 0.1103603399843298555, 0.2211857967812667358, 0.3343638213725840247, 0.4529765798274164590, 0.5772343082002691084, 0.7088043240432456704, 0.8493551270704516876, 1.000000000000000000 ),
 ( 0.000000000000000000, 1.000000000000000000 ),
 .UNSPECIFIED. ) ;
#972 = VERTEX_POINT ( 'NONE', #2110 ) ;
#973 = VECTOR ( 'NONE', #201, 39.37007874015748143 ) ;
#974 = VERTEX_POINT ( 'NONE', #5722 ) ;
#975 = CARTESIAN_POINT ( 'NONE',  ( -0.3636806999598819479, 0.1480261618427363701, 0.2270756231802804337 ) ) ;
#976 = DIRECTION ( 'NONE',  ( -1.000000000000000000, 0.000000000000000000, 0.000000000000000000 ) ) ;
#977 = DIRECTION ( 'NONE',  ( -0.3090169943757442028, -0.000000000000000000, 0.9510565162948947382 ) ) ;
#978 = CARTESIAN_POINT ( 'NONE',  ( 0.6637217283835672443, 0.2349999999999998201, 0.2070756231802803049 ) ) ;
#979 = EDGE_CURVE ( 'NONE', #7847, #5646, #218, .T. ) ;
#980 = CARTESIAN_POINT ( 'NONE',  ( 0.2947913305811339924, 0.1396086327027084295, 0.1877055431802803209 ) ) ;
#981 = B_SPLINE_CURVE_WITH_KNOTS ( 'NONE', 3,
 ( #1216, #3639, #1741, #6059, #4868, #6580, #7311, #4320, #5983, #1858, #531 ),
 .UNSPECIFIED., .F., .F.,
 ( 4, 1, 1, 1, 1, 1, 1, 1, 4 ),
 ( 0.000000000000000000, 0.1301487483170938320, 0.2554454699082554514, 0.3791765200660622281, 0.5019048217042506588, 0.6253442449896170485, 0.7482783196877674792, 0.8725642119243279815, 1.000000000000000000 ),
 .UNSPECIFIED. ) ;
#982 = EDGE_CURVE ( 'NONE', #6955, #5361, #6238, .T. ) ;
#983 = CARTESIAN_POINT ( 'NONE',  ( -0.1323135088368465051, 0.1665728294736274484, 0.1877055431802802654 ) ) ;
#984 = CARTESIAN_POINT ( 'NONE',  ( 0.9364491927976311691, 0.01999999999999999001, -0.2239866064702148440 ) ) ;
#985 = CARTESIAN_POINT ( 'NONE',  ( -0.2966235477593034964, 0.1099467693285309106, 0.2270756231802803504 ) ) ;
#986 = EDGE_CURVE ( 'NONE', #5664, #293, #6358, .T. ) ;
#987 = ORIENTED_EDGE ( 'NONE', *, *, #1133, .F. ) ;
#988 = CARTESIAN_POINT ( 'NONE',  ( -0.006691412005940147560, 0.1323836881771348339, 0.2270756231802802949 ) ) ;
#989 = CARTESIAN_POINT ( 'NONE',  ( 0.2330429268359290595, 0.09941834398879766110, 0.1877055431802803209 ) ) ;
#990 = CARTESIAN_POINT ( 'NONE',  ( -0.03661293198700642931, 0.1451844831973581607, 0.2270756231802803504 ) ) ;
#991 = CIRCLE ( 'NONE', #5422, 0.01999999999999999001 ) ;
#992 = ADVANCED_FACE ( 'NONE', ( #5123 ), #3257, .F. ) ;
#993 = ORIENTED_EDGE ( 'NONE', *, *, #3566, .F. ) ;
#994 = CARTESIAN_POINT ( 'NONE',  ( -0.2884523469766824832, 0.1730059482948133609, 0.2270756231802802949 ) ) ;
#995 = ORIENTED_EDGE ( 'NONE', *, *, #1031, .T. ) ;
#996 = CARTESIAN_POINT ( 'NONE',  ( -0.3266569753211469584, 0.08319075312369016151, 0.2270756231802802672 ) ) ;
#997 = CARTESIAN_POINT ( 'NONE',  ( 0.6697204701209791278, -6.420656947571570314E-18, 0.07787957946732755599 ) ) ;
#998 = CARTESIAN_POINT ( 'NONE',  ( 0.2554567416956101122, 0.1345848466134695887, 0.1877055431802803487 ) ) ;
#999 = CARTESIAN_POINT ( 'NONE',  ( -0.4295643912147336652, 0.1917130180172844367, 0.1877055431802803487 ) ) ;
#1000 = VECTOR ( 'NONE', #1668, 39.37007874015748143 ) ;
#1001 = CARTESIAN_POINT ( 'NONE',  ( -0.001476745059752488558, 0.1255223641856654249, 0.1877055431802803487 ) ) ;
#1002 = DIRECTION ( 'NONE',  ( 0.9510565162948957374, 0.000000000000000000, -0.3090169943757410942 ) ) ;
#1003 = CARTESIAN_POINT ( 'NONE',  ( -0.8857973542005868062, 0.01999999999999999001, 0.2270756231802802949 ) ) ;
#1004 = B_SPLINE_CURVE_WITH_KNOTS ( 'NONE', 3,
 ( #153, #5197, #4610, #7043, #1596, #4012, #5238, #6437, #422, #988, #373, #3489, #1150, #2934, #2344, #4762, #3009, #6676, #4130 ),
 .UNSPECIFIED., .F., .F.,
 ( 4, 1, 1, 1, 1, 1, 1, 1, 1, 1, 1, 1, 1, 1, 1, 1, 4 ),
 ( 0.000000000000000000, 0.06340052940042834040, 0.1249764099331407696, 0.1844921876584958986, 0.2434736282965417054, 0.3022637321141444788, 0.3613835718304162503, 0.4214817654110648015, 0.4834545367577933739, 0.5459360688045384880, 0.6081426980855854092, 0.6698202920949499761, 0.7323322942692659376, 0.7960922343214104080, 0.8616426668792320775, 0.9294352318828827952, 1.000000000000000000 ),
 .UNSPECIFIED. ) ;
#1005 = CARTESIAN_POINT ( 'NONE',  ( -0.2055464221625296906, 0.09446649819021490924, 0.2270756231802802949 ) ) ;
#1006 = ORIENTED_EDGE ( 'NONE', *, *, #4532, .T. ) ;
#1007 = CARTESIAN_POINT ( 'NONE',  ( -0.2947386947200055229, 0.09361685175999388819, 0.2270756231802802394 ) ) ;
#1008 = CARTESIAN_POINT ( 'NONE',  ( -0.4297134760389005326, 0.1468684287692857970, 0.1877055431802803487 ) ) ;
#1009 = CARTESIAN_POINT ( 'NONE',  ( -1.018337751696372750, 0.02000000000000000042, -0.1978062665827011180 ) ) ;
#1010 = AXIS2_PLACEMENT_3D ( 'NONE', #4638, #1587, #2223 ) ;
#1011 = CARTESIAN_POINT ( 'NONE',  ( 0.3390392926748146407, 0.1056566717699403968, 0.2270756231802802949 ) ) ;
#1012 = CARTESIAN_POINT ( 'NONE',  ( 0.3306138545720399002, 0.1322648544531810633, 0.1877055431802803487 ) ) ;
#1013 = CARTESIAN_POINT ( 'NONE',  ( -0.2589547577779958143, 0.07873544403918712742, 0.2270756231802802949 ) ) ;
#1014 = CARTESIAN_POINT ( 'NONE',  ( 0.3628859882291150529, 0.1290529220651498166, 0.2270756231802802949 ) ) ;
#1015 = CARTESIAN_POINT ( 'NONE',  ( -0.1422421802963854676, 0.1217799337332532150, 0.2270756231802804059 ) ) ;
#1016 = B_SPLINE_CURVE_WITH_KNOTS ( 'NONE', 3,
 ( #7242, #1229, #7364, #3089, #5468, #6596, #6109, #7283, #1153, #3654, #702, #15, #1832, #1791, #1909, #4331, #6756, #5547, #619 ),
 .UNSPECIFIED., .F., .F.,
 ( 4, 1, 1, 1, 1, 1, 1, 1, 1, 1, 1, 1, 1, 1, 1, 1, 4 ),
 ( 0.000000000000000000, 0.08262448802834902739, 0.1609035096889219474, 0.2369858734405623224, 0.3117293825942817342, 0.3843065689375972926, 0.4539081745805043089, 0.5215461238351107864, 0.5892318135186285222, 0.6252927058056745313, 0.6651281288184925922, 0.7096317992610260417, 0.7583679804267096092, 0.8116041424391526871, 0.8697632805123174382, 0.9325424043570746946, 0.9999999999999998890 ),
 .UNSPECIFIED. ) ;
#1017 = ORIENTED_EDGE ( 'NONE', *, *, #2021, .T. ) ;
#1018 = VERTEX_POINT ( 'NONE', #5600 ) ;
#1019 = CARTESIAN_POINT ( 'NONE',  ( -0.4414543001043751413, 0.1820782355482234161, 0.2270756231802802949 ) ) ;
#1020 = CARTESIAN_POINT ( 'NONE',  ( 0.05869205794822994482, 0.1264391226870164586, 0.2270756231802803504 ) ) ;
#1021 = CARTESIAN_POINT ( 'NONE',  ( -0.4295842218444481664, 0.1918203824745194075, 0.1877055431802803209 ) ) ;
#1022 = B_SPLINE_CURVE_WITH_KNOTS ( 'NONE', 3,
 ( #1502, #7545, #897, #4552, #2131, #4515, #3278, #6861, #6942, #3918, #6261 ),
 .UNSPECIFIED., .F., .F.,
 ( 4, 1, 1, 1, 1, 1, 1, 1, 4 ),
 ( 0.000000000000000000, 0.1279957221563329806, 0.2519554385112742212, 0.3734136720239900620, 0.4948012916471809519, 0.6170686537101857105, 0.7406196001507227011, 0.8669612012552120328, 0.9999999999999998890 ),
 .UNSPECIFIED. ) ;
#1023 = CALENDAR_DATE ( 2026, 10, 6 ) ;
#1024 = CARTESIAN_POINT ( 'NONE',  ( 0.3357027401906212405, 0.1268619752917068411, 0.1877055431802802377 ) ) ;
#1025 = ADVANCED_FACE ( 'NONE', ( #5758 ), #3816, .T. ) ;
#1026 = CARTESIAN_POINT ( 'NONE',  ( -0.04232781716447878845, 0.05159036609242168003, 0.2270756231802802949 ) ) ;
#1027 = CARTESIAN_POINT ( 'NONE',  ( -0.1890691146111261045, 0.1488219709668135993, 0.2270756231802802949 ) ) ;
#1028 = CARTESIAN_POINT ( 'NONE',  ( -0.2955265724014966566, 0.09867708236101875585, 0.1877055431802803209 ) ) ;
#1029 = ORIENTED_EDGE ( 'NONE', *, *, #2209, .T. ) ;
#1030 = CARTESIAN_POINT ( 'NONE',  ( -0.3920199256676207278, 0.05432943408580805100, 0.1877055431802803209 ) ) ;
#1031 = EDGE_CURVE ( 'NONE', #6649, #4051, #5226, .T. ) ;
#1032 = CARTESIAN_POINT ( 'NONE',  ( 0.2990532999088790223, 0.1123228830382821952, 0.1877055431802803487 ) ) ;
#1033 = CARTESIAN_POINT ( 'NONE',  ( -0.2308943043826122976, 0.1922970275678682894, 0.1877055431802803487 ) ) ;
#1034 = CARTESIAN_POINT ( 'NONE',  ( -0.1314494496053169870, 0.09612663253265037178, 0.1877055431802803487 ) ) ;
#1035 = AXIS2_PLACEMENT_3D ( 'NONE', #5383, #4832, #3682 ) ;
#1036 = ORIENTED_EDGE ( 'NONE', *, *, #5616, .T. ) ;
#1037 = CARTESIAN_POINT ( 'NONE',  ( -0.3286217417368046401, 0.05337264514309884161, 0.2270756231802802949 ) ) ;
#1038 = B_SPLINE_CURVE_WITH_KNOTS ( 'NONE', 3,
 ( #893, #1571, #5295, #353, #6412, #2713, #3349, #273, #7702, #4547, #2247 ),
 .UNSPECIFIED., .F., .F.,
 ( 4, 1, 1, 1, 1, 1, 1, 1, 4 ),
 ( 0.000000000000000000, 0.1301910772608031730, 0.2563355306687233326, 0.3791141384848785156, 0.5005508106381952871, 0.6221158091713964167, 0.7447145812206027449, 0.8702230945705810017, 1.000000000000000000 ),
 .UNSPECIFIED. ) ;
#1039 = EDGE_LOOP ( 'NONE', ( #6765, #342, #2008, #3158, #4160, #4368, #1017, #4791 ) ) ;
#1040 = CARTESIAN_POINT ( 'NONE',  ( -0.3286226940489787585, 0.08329852876002377671, 0.1877055431802803209 ) ) ;
#1041 = CARTESIAN_POINT ( 'NONE',  ( -0.1587738566452771838, 0.1650322215440100937, 0.1877055431802802099 ) ) ;
#1042 = CARTESIAN_POINT ( 'NONE',  ( 0.2984073524365751795, 0.1000532180550201544, 0.2270756231802802949 ) ) ;
#1043 = DIRECTION ( 'NONE',  ( -2.068798887015335163E-13, 1.714130143406967553E-13, 1.000000000000000000 ) ) ;
#1044 = CARTESIAN_POINT ( 'NONE',  ( -0.1300862637929051657, 0.1638139701241914103, 0.2270756231802802672 ) ) ;
#1045 = CARTESIAN_POINT ( 'NONE',  ( -0.3380223737797696248, 0.05574665881171125825, 0.2270756231802802949 ) ) ;
#1046 = EDGE_CURVE ( 'NONE', #1213, #3277, #3920, .T. ) ;
#1047 = CARTESIAN_POINT ( 'NONE',  ( -0.2065272944844433745, 0.08968081195020950747, 0.2270756231802802394 ) ) ;
#1048 = CIRCLE ( 'NONE', #2425, 0.01999999999999999001 ) ;
#1049 = MANIFOLD_SOLID_BREP ( 'Cut-Extrude2', #3266 ) ;
#1050 = ORIENTED_EDGE ( 'NONE', *, *, #495, .F. ) ;
#1051 = CARTESIAN_POINT ( 'NONE',  ( -0.2862340349378904580, 0.07072684147570754143, 0.2270756231802803504 ) ) ;
#1052 = CARTESIAN_POINT ( 'NONE',  ( -0.4252245192909672733, 0.1615744102140276028, 0.1877055431802803209 ) ) ;
#1053 = CARTESIAN_POINT ( 'NONE',  ( -0.2695418206389400551, 0.1526920952687719213, 0.1877055431802802377 ) ) ;
#1054 = CARTESIAN_POINT ( 'NONE',  ( -0.2969005740012761185, 0.1161615667949961461, 0.1877055431802803487 ) ) ;
#1055 = CARTESIAN_POINT ( 'NONE',  ( -0.3950543099958955806, 0.05328671837024312463, 0.1877055431802802654 ) ) ;
#1056 = CARTESIAN_POINT ( 'NONE',  ( -0.1484427660099137125, 0.1147588430224843192, 0.1877055431802802654 ) ) ;
#1057 = CARTESIAN_POINT ( 'NONE',  ( -0.7741167953658587564, 0.5999999999999999778, 0.000000000000000000 ) ) ;
#1058 = CARTESIAN_POINT ( 'NONE',  ( 0.09297301466729925024, 0.1148058578033423205, 0.2270756231802802116 ) ) ;
#1059 = EDGE_LOOP ( 'NONE', ( #949, #1945, #5008, #2450 ) ) ;
#1060 = AXIS2_PLACEMENT_3D ( 'NONE', #2237, #1486, #3457 ) ;
#1061 = ORIENTED_EDGE ( 'NONE', *, *, #4777, .T. ) ;
#1062 = CARTESIAN_POINT ( 'NONE',  ( -0.4250166792295633766, 0.1939056131176329634, 0.2270756231802802949 ) ) ;
#1063 = VECTOR ( 'NONE', #3957, 39.37007874015748143 ) ;
#1064 = DIRECTION ( 'NONE',  ( -0.000000000000000000, -1.000000000000000000, -0.000000000000000000 ) ) ;
#1065 = CARTESIAN_POINT ( 'NONE',  ( -0.4149269768638307321, 0.1962364953311522275, 0.1877055431802803209 ) ) ;
#1066 = CALENDAR_DATE ( 2026, 10, 6 ) ;
#1067 = CARTESIAN_POINT ( 'NONE',  ( -0.2105343142315600491, 0.1700109328996070868, 0.2270756231802802949 ) ) ;
#1068 = CARTESIAN_POINT ( 'NONE',  ( -0.07350291997861883864, 0.06401431351405678649, 0.2270756231802804059 ) ) ;
#1069 = FACE_OUTER_BOUND ( 'NONE', #5856, .T. ) ;
#1070 = CARTESIAN_POINT ( 'NONE',  ( 0.1156396680292166718, 0.1410176109679389667, 0.1877055431802803209 ) ) ;
#1071 = ORIENTED_EDGE ( 'NONE', *, *, #6035, .T. ) ;
#1072 = CARTESIAN_POINT ( 'NONE',  ( -0.2410720989417100280, 0.1691558818591955837, 0.1877055431802802377 ) ) ;
#1073 = PLANE ( 'NONE',  #713 ) ;
#1074 = CARTESIAN_POINT ( 'NONE',  ( -0.2391589831170769231, 0.1676639657016522345, 0.1877055431802803764 ) ) ;
#1075 = EDGE_CURVE ( 'NONE', #7653, #3277, #4573, .T. ) ;
#1076 = SPHERICAL_SURFACE ( 'NONE', #4943, 0.02000000000000000042 ) ;
#1077 = ORIENTED_EDGE ( 'NONE', *, *, #789, .F. ) ;
#1078 = CARTESIAN_POINT ( 'NONE',  ( -1.037358882022270556, 0.5999999999999999778, -0.1916259266951862716 ) ) ;
#1079 = VERTEX_POINT ( 'NONE', #6840 ) ;
#1080 = CARTESIAN_POINT ( 'NONE',  ( -0.4308740125669482390, 0.1104501117364100199, 0.2270756231802802949 ) ) ;
#1081 = CARTESIAN_POINT ( 'NONE',  ( -0.03167896581075362039, 0.05232341889222617837, 0.1877055431802803764 ) ) ;
#1082 = CARTESIAN_POINT ( 'NONE',  ( -0.07556107578874274311, 0.1164219276754522164, 0.1877055431802803209 ) ) ;
#1083 = CARTESIAN_POINT ( 'NONE',  ( -0.1616387316153825582, 0.1931752252600517361, 0.1877055431802802654 ) ) ;
#1084 = CARTESIAN_POINT ( 'NONE',  ( 0.005037600557759176235, 0.1043273921969912338, 0.1877055431802803209 ) ) ;
#1085 = CARTESIAN_POINT ( 'NONE',  ( -0.3445889713084316353, 0.06738254556382559934, 0.2270756231802802949 ) ) ;
#1086 = CARTESIAN_POINT ( 'NONE',  ( -0.1026716080504351813, 0.1568294230427715319, 0.2270756231802802672 ) ) ;
#1087 = ORIENTED_EDGE ( 'NONE', *, *, #6739, .F. ) ;
#1088 = LINE ( 'NONE', #1767, #3080 ) ;
#1089 = CARTESIAN_POINT ( 'NONE',  ( 0.1541572036264606538, 0.1573994665691200445, 0.2270756231802803504 ) ) ;
#1090 = CARTESIAN_POINT ( 'NONE',  ( -0.2662299705326390820, 0.1615744102140276028, 0.1877055431802802654 ) ) ;
#1091 = CARTESIAN_POINT ( 'NONE',  ( -0.4226371309371074747, 0.05329246524022301923, 0.2270756231802803504 ) ) ;
#1092 = CARTESIAN_POINT ( 'NONE',  ( 0.000000000000000000, 0.5999999999999999778, 0.000000000000000000 ) ) ;
#1093 = CARTESIAN_POINT ( 'NONE',  ( 0.2705390491462907332, 0.1254872592240083018, 0.1877055431802802099 ) ) ;
#1094 = CARTESIAN_POINT ( 'NONE',  ( 0.08957976104477237411, 0.1574051511789754387, 0.1877055431802803209 ) ) ;
#1095 = DIRECTION ( 'NONE',  ( 0.3120445760271238211, 0.000000000000000000, 0.9500674621162713551 ) ) ;
#1096 = ORIENTED_EDGE ( 'NONE', *, *, #5902, .T. ) ;
#1097 = EDGE_CURVE ( 'NONE', #671, #6371, #2620, .T. ) ;
#1098 = ORIENTED_EDGE ( 'NONE', *, *, #4372, .F. ) ;
#1099 = CARTESIAN_POINT ( 'NONE',  ( -0.9967088083045573255, 0.5999999999999999778, -0.06651786402957461652 ) ) ;
#1100 = VECTOR ( 'NONE', #7215, 39.37007874015748143 ) ;
#1101 = CARTESIAN_POINT ( 'NONE',  ( 0.005150740282325298562, 0.09950115364960929187, 0.1877055431802803209 ) ) ;
#1102 = PERSON_AND_ORGANIZATION ( #6420, #5697 ) ;
#1103 = CARTESIAN_POINT ( 'NONE',  ( -0.2065010073567250248, 0.1578916287957479736, 0.1877055431802802377 ) ) ;
#1104 = CARTESIAN_POINT ( 'NONE',  ( -0.08267858986997013437, 0.07675600905957458142, 0.1877055431802803764 ) ) ;
#1105 = B_SPLINE_SURFACE_WITH_KNOTS ( 'NONE', 3, 1, ( 
 ( #3406, #7081 ),
 ( #371, #2697 ),
 ( #6395, #3368 ),
 ( #876, #3975 ),
 ( #2813, #2148 ),
 ( #5121, #4570 ),
 ( #1594, #2227 ),
 ( #4530, #1631 ),
 ( #6475, #7724 ),
 ( #948, #4010 ),
 ( #5876, #2108 ),
 ( #420, #2735 ),
 ( #5794, #2856 ),
 ( #2189, #5274 ),
 ( #4493, #7563 ),
 ( #5156, #6922 ),
 ( #1479, #7604 ),
 ( #3894, #333 ),
 ( #6958, #2776 ) ),
 .UNSPECIFIED., .F., .F., .F.,
 ( 4, 1, 1, 1, 1, 1, 1, 1, 1, 1, 1, 1, 1, 1, 1, 1, 4 ),
 ( 2, 2 ),
 ( 0.000000000000000000, 0.1107342804863385016, 0.2123411929916478036, 0.3055021255634831623, 0.3898348410859877045, 0.4666904579461287339, 0.5352618542933008650, 0.5967629138889615215, 0.6510657189836184244, 0.7010355511102169812, 0.7478602709077569743, 0.7918333971357294221, 0.8342840069087872346, 0.8753338897746169023, 0.9160347492783125212, 0.9576522807232384915, 1.000000000000000000 ),
 ( 0.000000000000000000, 1.000000000000000000 ),
 .UNSPECIFIED. ) ;
#1106 = FACE_OUTER_BOUND ( 'NONE', #5753, .T. ) ;
#1107 = LINE ( 'NONE', #7801, #4405 ) ;
#1108 = ORIENTED_EDGE ( 'NONE', *, *, #1822, .F. ) ;
#1109 = CARTESIAN_POINT ( 'NONE',  ( -0.1611507149804329020, 0.1614130559125752651, 0.1877055431802802654 ) ) ;
#1110 = CARTESIAN_POINT ( 'NONE',  ( -0.2721328181054288309, 0.1162354866542672643, 0.2270756231802803782 ) ) ;
#1111 = CARTESIAN_POINT ( 'NONE',  ( -0.2410720989417100280, 0.1691558818591955837, 0.1877055431802802377 ) ) ;
#1112 = CARTESIAN_POINT ( 'NONE',  ( -0.2954459031291063464, 0.1479768008205193663, 0.1877055431802802654 ) ) ;
#1113 = VERTEX_POINT ( 'NONE', #7489 ) ;
#1114 = EDGE_LOOP ( 'NONE', ( #5401, #6839, #465, #5542 ) ) ;
#1115 = EDGE_CURVE ( 'NONE', #6830, #334, #7038, .T. ) ;
#1116 = CARTESIAN_POINT ( 'NONE',  ( 0.003384134185010541189, 0.1699169685597647361, 0.2270756231802802949 ) ) ;
#1117 = CARTESIAN_POINT ( 'NONE',  ( -2.810706616979199380E-05, 0.07667352791291130731, 0.2270756231802802949 ) ) ;
#1118 = CARTESIAN_POINT ( 'NONE',  ( -0.4065758076228589979, 0.1715876375599909853, 0.1877055431802803487 ) ) ;
#1119 = DIRECTION ( 'NONE',  ( 0.000000000000000000, 1.000000000000000000, 0.000000000000000000 ) ) ;
#1120 = CARTESIAN_POINT ( 'NONE',  ( -0.1439618556191487042, 0.1964160600194861384, 0.1877055431802803209 ) ) ;
#1121 = EDGE_CURVE ( 'NONE', #581, #5201, #5879, .T. ) ;
#1122 = CARTESIAN_POINT ( 'NONE',  ( -0.2426433308095423402, 0.05194420531806830804, 0.1877055431802803487 ) ) ;
#1123 = DIRECTION ( 'NONE',  ( 0.000000000000000000, 1.000000000000000000, 0.000000000000000000 ) ) ;
#1124 = VECTOR ( 'NONE', #2002, 39.37007874015748143 ) ;
#1125 = CARTESIAN_POINT ( 'NONE',  ( -0.7763573127152830766, 0.5999999999999999778, -0.1978062665827001188 ) ) ;
#1126 = CARTESIAN_POINT ( 'NONE',  ( 0.1779642895158392579, 0.1435112042227956186, 0.1877055431802803764 ) ) ;
#1127 = CARTESIAN_POINT ( 'NONE',  ( -0.3325859613586179542, 0.08319201105033526000, 0.2270756231802803504 ) ) ;
#1128 = CYLINDRICAL_SURFACE ( 'NONE', #2647, 0.02000000000000001776 ) ;
#1129 = CARTESIAN_POINT ( 'NONE',  ( -0.7685990390254923144, 0.000000000000000000, 0.08959530821986565197 ) ) ;
#1130 = PLANE ( 'NONE',  #4488 ) ;
#1131 = CARTESIAN_POINT ( 'NONE',  ( -0.2568585960560219594, 0.07764787570090499191, 0.2270756231802803782 ) ) ;
#1132 = CARTESIAN_POINT ( 'NONE',  ( 0.3635726934665041155, 0.1219272540881391753, 0.2270756231802803782 ) ) ;
#1133 = EDGE_CURVE ( 'NONE', #2658, #945, #283, .T. ) ;
#1134 = DIRECTION ( 'NONE',  ( -0.3090169943757413717, -0.000000000000000000, -0.9510565162948956264 ) ) ;
#1135 = VERTEX_POINT ( 'NONE', #1715 ) ;
#1136 = AXIS2_PLACEMENT_3D ( 'NONE', #130, #7404, #3806 ) ;
#1137 = ORIENTED_EDGE ( 'NONE', *, *, #7213, .T. ) ;
#1138 = DIRECTION ( 'NONE',  ( 6.829619984160661399E-15, -1.000000000000000000, 0.000000000000000000 ) ) ;
#1139 = LINE ( 'NONE', #4986, #1418 ) ;
#1140 = CARTESIAN_POINT ( 'NONE',  ( -0.3873829398693962589, 0.1116533956497245544, 0.1877055431802802377 ) ) ;
#1141 = CARTESIAN_POINT ( 'NONE',  ( 0.002242012933646667615, 0.1177140840914067954, 0.1877055431802802654 ) ) ;
#1142 = ADVANCED_FACE ( 'NONE', ( #3372 ), #6438, .T. ) ;
#1143 = VECTOR ( 'NONE', #2522, 39.37007874015748143 ) ;
#1144 = CARTESIAN_POINT ( 'NONE',  ( -0.2253637247568067159, 0.1890230343564093529, 0.2270756231802802672 ) ) ;
#1145 = AXIS2_PLACEMENT_3D ( 'NONE', #6250, #1416, #3232 ) ;
#1146 = CARTESIAN_POINT ( 'NONE',  ( -0.05474824770475324870, 0.1116465705686482818, 0.1877055431802803487 ) ) ;
#1147 = CARTESIAN_POINT ( 'NONE',  ( -0.3942995538211619411, 0.08500882221256597648, 0.2270756231802802949 ) ) ;
#1148 = CARTESIAN_POINT ( 'NONE',  ( 0.1489359146715841520, 0.1575507258785614484, 0.2270756231802802949 ) ) ;
#1149 = ORIENTED_EDGE ( 'NONE', *, *, #4352, .T. ) ;
#1150 = CARTESIAN_POINT ( 'NONE',  ( 0.0005945647360027288232, 0.1217390580505347403, 0.2270756231802802394 ) ) ;
#1151 = ADVANCED_FACE ( 'NONE', ( #2309 ), #1073, .T. ) ;
#1152 = CARTESIAN_POINT ( 'NONE',  ( -0.2645013994219807540, 0.08391923291525860140, 0.1877055431802802377 ) ) ;
#1153 = CARTESIAN_POINT ( 'NONE',  ( 0.1779642895158392579, 0.1435112042227956186, 0.2270756231802803782 ) ) ;
#1154 = DIRECTION ( 'NONE',  ( -0.3120445760271325919, -0.000000000000000000, 0.9500674621162684685 ) ) ;
#1155 = ORIENTED_EDGE ( 'NONE', *, *, #2736, .T. ) ;
#1156 = ORIENTED_EDGE ( 'NONE', *, *, #4831, .F. ) ;
#1157 = CARTESIAN_POINT ( 'NONE',  ( -0.02955143931041341598, 0.1180628407279488978, 0.1877055431802803209 ) ) ;
#1158 = CARTESIAN_POINT ( 'NONE',  ( -0.01908764042373331526, 0.05689934592194337976, 0.1877055431802802099 ) ) ;
#1159 = LINE ( 'NONE', #1082, #4660 ) ;
#1160 = VECTOR ( 'NONE', #2402, 39.37007874015748143 ) ;
#1161 = CARTESIAN_POINT ( 'NONE',  ( 0.2083104414735224563, 0.05508757223430543054, 0.2270756231802802949 ) ) ;
#1162 = CARTESIAN_POINT ( 'NONE',  ( -0.1026716080504351813, 0.1568294230427715319, 0.1877055431802802654 ) ) ;
#1163 = EDGE_LOOP ( 'NONE', ( #6308, #1719, #7888, #6338 ) ) ;
#1164 = DIRECTION ( 'NONE',  ( 0.000000000000000000, 0.000000000000000000, 1.000000000000000000 ) ) ;
#1165 = ORIENTED_EDGE ( 'NONE', *, *, #7424, .F. ) ;
#1166 = LINE ( 'NONE', #1692, #4484 ) ;
#1167 = DIRECTION ( 'NONE',  ( -1.000000000000000000, 0.000000000000000000, 0.000000000000000000 ) ) ;
#1168 = CARTESIAN_POINT ( 'NONE',  ( 0.1182135305104696776, 0.05508757223430543054, 0.2270756231802802949 ) ) ;
#1169 = CARTESIAN_POINT ( 'NONE',  ( -0.04514232705060423900, 0.1438595286243720406, 0.1877055431802803209 ) ) ;
#1170 = CARTESIAN_POINT ( 'NONE',  ( -0.4025144658145909382, 0.1959848636283641476, 0.1877055431802802654 ) ) ;
#1171 = CARTESIAN_POINT ( 'NONE',  ( -0.3626175537459139786, 0.1110784246041664758, 0.1877055431802803209 ) ) ;
#1172 = CARTESIAN_POINT ( 'NONE',  ( -0.2609201040557452833, 0.08015459038088899868, 0.1877055431802803209 ) ) ;
#1173 = CARTESIAN_POINT ( 'NONE',  ( 0.05284910490982360626, 0.09941834398879766110, 0.2270756231802802949 ) ) ;
#1174 = CARTESIAN_POINT ( 'NONE',  ( -0.2510128562342425207, 0.1716322787276937933, 0.2270756231802804059 ) ) ;
#1175 = B_SPLINE_SURFACE_WITH_KNOTS ( 'NONE', 3, 1, ( 
 ( #7071, #2991 ),
 ( #7902, #3063 ),
 ( #5373, #3671 ),
 ( #4271, #6693 ),
 ( #1249, #3027 ),
 ( #4780, #1625 ),
 ( #1848, #520 ),
 ( #2952, #7823 ),
 ( #3629, #4820 ),
 ( #5975, #32 ),
 ( #5230, #4234 ),
 ( #5407, #4311 ),
 ( #2479, #559 ),
 ( #7221, #7340 ),
 ( #1770, #7677 ),
 ( #4040, #3706 ),
 ( #6468, #4637 ),
 ( #6128, #677 ),
 ( #2441, #6613 ) ),
 .UNSPECIFIED., .F., .F., .F.,
 ( 4, 1, 1, 1, 1, 1, 1, 1, 1, 1, 1, 1, 1, 1, 1, 1, 4 ),
 ( 2, 2 ),
 ( 0.000000000000000000, 0.1043212003319297643, 0.2002351177995658205, 0.2872866360596424973, 0.3662604197152598551, 0.4376827211855112143, 0.5011798321686558033, 0.5580212203309157237, 0.6084121485345170832, 0.6557430552930170187, 0.7019436693135175931, 0.7482150555409745607, 0.7942519338520296346, 0.8425045303297394872, 0.8922367909940878139, 0.9446164986685385845, 1.000000000000000000 ),
 ( 0.000000000000000000, 1.000000000000000000 ),
 .UNSPECIFIED. ) ;
#1176 = VECTOR ( 'NONE', #1611, 39.37007874015748143 ) ;
#1177 = ORIENTED_EDGE ( 'NONE', *, *, #3054, .T. ) ;
#1178 = ORIENTED_EDGE ( 'NONE', *, *, #4978, .F. ) ;
#1179 = CARTESIAN_POINT ( 'NONE',  ( 0.3599327082697006963, 0.1402787686463412287, 0.2270756231802803504 ) ) ;
#1180 = CARTESIAN_POINT ( 'NONE',  ( 0.05284910490982360626, 0.05508757223430543054, 0.1877055431802803209 ) ) ;
#1181 = DIRECTION ( 'NONE',  ( -0.000000000000000000, -0.000000000000000000, -1.000000000000000000 ) ) ;
#1182 = CARTESIAN_POINT ( 'NONE',  ( -0.2348316567497764906, 0.08575474995487882002, 0.2270756231802803504 ) ) ;
#1183 = VECTOR ( 'NONE', #6890, 39.37007874015747433 ) ;
#1184 = CARTESIAN_POINT ( 'NONE',  ( 0.07620347815547665049, 0.1345445871169877183, 0.1877055431802802654 ) ) ;
#1185 = CARTESIAN_POINT ( 'NONE',  ( -0.04232781716447878845, 0.05159036609242168003, 0.1877055431802803209 ) ) ;
#1186 = ORIENTED_EDGE ( 'NONE', *, *, #5001, .F. ) ;
#1187 = CARTESIAN_POINT ( 'NONE',  ( -0.1350114001508027073, 0.1688399671391144219, 0.2270756231802803782 ) ) ;
#1188 = CARTESIAN_POINT ( 'NONE',  ( 0.1156396680292166718, 0.1410176109679389667, 0.2270756231802803504 ) ) ;
#1189 = CARTESIAN_POINT ( 'NONE',  ( -0.1460239268203260554, 0.1716604321450908854, 0.1877055431802803764 ) ) ;
#1190 = CARTESIAN_POINT ( 'NONE',  ( 0.08495165008446524391, 0.1575507258785614484, 0.2270756231802802949 ) ) ;
#1191 = EDGE_CURVE ( 'NONE', #1135, #232, #2816, .T. ) ;
#1192 = LINE ( 'NONE', #5358, #2410 ) ;
#1193 = ORIENTED_EDGE ( 'NONE', *, *, #44, .F. ) ;
#1194 = ORIENTED_EDGE ( 'NONE', *, *, #7569, .T. ) ;
#1195 = CARTESIAN_POINT ( 'NONE',  ( -0.08671277677804216377, 0.08865308808328585533, 0.2270756231802802949 ) ) ;
#1196 = CARTESIAN_POINT ( 'NONE',  ( -0.03934369083078773782, 0.05159837386943683796, 0.1877055431802802654 ) ) ;
#1197 = CARTESIAN_POINT ( 'NONE',  ( -0.2360597612375675003, 0.05328671837024311769, 0.1877055431802804042 ) ) ;
#1198 = CARTESIAN_POINT ( 'NONE',  ( 0.3610799374447052346, 0.1374209254441111361, 0.1877055431802802654 ) ) ;
#1199 = DIRECTION ( 'NONE',  ( 0.000000000000000000, 0.000000000000000000, 1.000000000000000000 ) ) ;
#1200 = ORIENTED_EDGE ( 'NONE', *, *, #5477, .F. ) ;
#1201 = CARTESIAN_POINT ( 'NONE',  ( -0.7763573127152828546, 0.5999999999999999778, -0.2178062665827001088 ) ) ;
#1202 = CARTESIAN_POINT ( 'NONE',  ( 0.07152774484834745206, 0.1556904053540596189, 0.1877055431802803209 ) ) ;
#1203 = LINE ( 'NONE', #4776, #6898 ) ;
#1204 = CARTESIAN_POINT ( 'NONE',  ( 0.1808861155185997605, 0.1374209254441111083, 0.2270756231802802949 ) ) ;
#1205 = CARTESIAN_POINT ( 'NONE',  ( -0.3156288625014166960, 0.06257592268613049180, 0.2270756231802803504 ) ) ;
#1206 = DIRECTION ( 'NONE',  ( 0.000000000000000000, 0.000000000000000000, 1.000000000000000000 ) ) ;
#1207 = CARTESIAN_POINT ( 'NONE',  ( -0.4537332434783338253, 0.09361685175999387432, 0.2270756231802802672 ) ) ;
#1208 = CARTESIAN_POINT ( 'NONE',  ( 0.2492232649092255836, 0.1337100102930795509, 0.1877055431802804042 ) ) ;
#1209 = CARTESIAN_POINT ( 'NONE',  ( 0.2729097726231135557, 0.1171212717988584229, 0.2270756231802802672 ) ) ;
#1210 = CARTESIAN_POINT ( 'NONE',  ( -0.1587738566452771838, 0.1650322215440100937, 0.2270756231802802394 ) ) ;
#1211 = DIRECTION ( 'NONE',  ( -0.000000000000000000, -1.000000000000000000, -0.000000000000000000 ) ) ;
#1212 = CARTESIAN_POINT ( 'NONE',  ( 0.09319590835031493770, 0.1122657820408914792, 0.2270756231802804059 ) ) ;
#1213 = VERTEX_POINT ( 'NONE', #4724 ) ;
#1214 =( BOUNDED_CURVE ( )  B_SPLINE_CURVE ( 3, ( #6564, #3053, #5081, #2071 ),
 .UNSPECIFIED., .F., .F. ) 
 B_SPLINE_CURVE_WITH_KNOTS ( ( 4, 4 ),
 ( 4.712388980384690562, 6.283185307179586232 ),
 .UNSPECIFIED. ) 
 CURVE ( )  GEOMETRIC_REPRESENTATION_ITEM ( )  RATIONAL_B_SPLINE_CURVE ( ( 1.000000000000000000, 0.8047378541243652705, 0.8047378541243652705, 1.000000000000000000 ) ) 
 REPRESENTATION_ITEM ( '' )  );
#1215 = ORIENTED_EDGE ( 'NONE', *, *, #5602, .T. ) ;
#1216 = CARTESIAN_POINT ( 'NONE',  ( 0.2947913305811339924, 0.1396086327027084295, 0.2270756231802802949 ) ) ;
#1217 = LINE ( 'NONE', #6624, #3071 ) ;
#1218 = CARTESIAN_POINT ( 'NONE',  ( -0.3446372669859970594, 0.06839232440470720265, 0.1877055431802803209 ) ) ;
#1219 = CARTESIAN_POINT ( 'NONE',  ( 0.09234494814586630129, 0.1191993570952817050, 0.1877055431802803764 ) ) ;
#1220 = CARTESIAN_POINT ( 'NONE',  ( 0.2824525682755134603, 0.1530408857370942066, 0.2270756231802802949 ) ) ;
#1221 = CARTESIAN_POINT ( 'NONE',  ( -0.2076484891586798665, 0.1622763871575219619, 0.1877055431802803487 ) ) ;
#1222 = VERTEX_POINT ( 'NONE', #3526 ) ;
#1223 = CARTESIAN_POINT ( 'NONE',  ( -0.3696089154075639094, 0.07751678226972766317, 0.2270756231802802949 ) ) ;
#1224 = VERTEX_POINT ( 'NONE', #7162 ) ;
#1225 = DIRECTION ( 'NONE',  ( 6.829619984160661399E-15, 0.000000000000000000, -1.000000000000000000 ) ) ;
#1226 = CARTESIAN_POINT ( 'NONE',  ( -2.810706616979199380E-05, 0.07667352791291130731, 0.1877055431802803209 ) ) ;
#1227 = ADVANCED_FACE ( 'NONE', ( #7122 ), #6430, .T. ) ;
#1228 = CARTESIAN_POINT ( 'NONE',  ( -0.2356446563304160080, 0.1637728252068556267, 0.1877055431802802654 ) ) ;
#1229 = CARTESIAN_POINT ( 'NONE',  ( 0.1507074002124195733, 0.1574994064281522166, 0.2270756231802803504 ) ) ;
#1230 = CARTESIAN_POINT ( 'NONE',  ( -0.2968697753306905884, 0.1315847090563787847, 0.1877055431802802654 ) ) ;
#1231 = EDGE_CURVE ( 'NONE', #3467, #4096, #4824, .T. ) ;
#1232 = EDGE_CURVE ( 'NONE', #4807, #7268, #1629, .T. ) ;
#1233 = AXIS2_PLACEMENT_3D ( 'NONE', #4654, #6488, #5206 ) ;
#1234 = EDGE_LOOP ( 'NONE', ( #6004, #217, #3940 ) ) ;
#1235 = VECTOR ( 'NONE', #7383, 39.37007874015748143 ) ;
#1236 = EDGE_CURVE ( 'NONE', #7726, #6392, #2293, .T. ) ;
#1237 = DIRECTION ( 'NONE',  ( -0.000000000000000000, -0.000000000000000000, 1.000000000000000000 ) ) ;
#1238 = CARTESIAN_POINT ( 'NONE',  ( -0.3445889713084316353, 0.06738254556382559934, 0.2270756231802802949 ) ) ;
#1239 = CARTESIAN_POINT ( 'NONE',  ( -0.03848995096540334948, 0.1204519978349515019, 0.1877055431802803209 ) ) ;
#1240 = CARTESIAN_POINT ( 'NONE',  ( 0.3554326931113872545, 0.1469729603695233144, 0.1877055431802802654 ) ) ;
#1241 = CARTESIAN_POINT ( 'NONE',  ( -0.4121291659522705042, 0.1715317114765750328, 0.2270756231802803504 ) ) ;
#1242 = ADVANCED_FACE ( 'NONE', ( #4034 ), #7078, .T. ) ;
#1243 = ORIENTED_EDGE ( 'NONE', *, *, #4294, .F. ) ;
#1244 = DIRECTION ( 'NONE',  ( -0.000000000000000000, -0.000000000000000000, 1.000000000000000000 ) ) ;
#1245 = LINE ( 'NONE', #5971, #7349 ) ;
#1246 = CARTESIAN_POINT ( 'NONE',  ( 0.1564009654602561417, 0.1248285621300073978, 0.1877055431802803764 ) ) ;
#1247 = CARTESIAN_POINT ( 'NONE',  ( 0.08033175606727160911, 0.1574212869062753262, 0.2270756231802802949 ) ) ;
#1248 = CARTESIAN_POINT ( 'NONE',  ( 0.05284910490982360626, 0.1557841197812466771, 0.2270756231802802949 ) ) ;
#1249 = CARTESIAN_POINT ( 'NONE',  ( 0.1582413911273953810, 0.1167065637596284011, 0.1877055431802802654 ) ) ;
#1250 = CARTESIAN_POINT ( 'NONE',  ( -0.4527536213306876389, 0.08894954109946527632, 0.2270756231802802949 ) ) ;
#1251 = CARTESIAN_POINT ( 'NONE',  ( -0.4515577551159229430, 0.08467664980136548059, 0.1877055431802803487 ) ) ;
#1252 = LINE ( 'NONE', #680, #5095 ) ;
#1253 = CARTESIAN_POINT ( 'NONE',  ( -0.1527372607831924967, 0.1700609446030215410, 0.2270756231802803782 ) ) ;
#1254 = CARTESIAN_POINT ( 'NONE',  ( -0.4556180965176318542, 0.1099467693285309244, 0.2270756231802803782 ) ) ;
#1255 = B_SPLINE_CURVE_WITH_KNOTS ( 'NONE', 3,
 ( #433, #5287, #4620, #1529, #7738, #4697, #7616, #3343, #7132, #6448, #1683 ),
 .UNSPECIFIED., .F., .F.,
 ( 4, 1, 1, 1, 1, 1, 1, 1, 4 ),
 ( 0.000000000000000000, 0.1240354330026169766, 0.2428459548115300959, 0.3603416824496161186, 0.4790424316556562978, 0.5993341100427886925, 0.7254884757708249809, 0.8585494285274621884, 1.000000000000000000 ),
 .UNSPECIFIED. ) ;
#1256 = EDGE_CURVE ( 'NONE', #6392, #7692, #4567, .T. ) ;
#1257 = CARTESIAN_POINT ( 'NONE',  ( -0.2722064169960918822, 0.1223566200336189819, 0.1877055431802803209 ) ) ;
#1258 = VECTOR ( 'NONE', #2318, 39.37007874015748854 ) ;
#1259 = ORIENTED_EDGE ( 'NONE', *, *, #1397, .T. ) ;
#1260 = CARTESIAN_POINT ( 'NONE',  ( 0.3617726446099944204, 0.1349340663793115180, 0.1877055431802803209 ) ) ;
#1261 = CARTESIAN_POINT ( 'NONE',  ( -0.3749711051486032121, 0.1796241573958957949, 0.2270756231802802949 ) ) ;
#1262 = CARTESIAN_POINT ( 'NONE',  ( 0.6637217283835672443, 0.2349999999999998201, 0.2270756231802802672 ) ) ;
#1263 = LINE ( 'NONE', #777, #6907 ) ;
#1264 = CARTESIAN_POINT ( 'NONE',  ( 0.2742512618592611862, 0.1565217714367488355, 0.1877055431802803487 ) ) ;
#1265 = AXIS2_PLACEMENT_3D ( 'NONE', #7779, #2354, #350 ) ;
#1266 = CARTESIAN_POINT ( 'NONE',  ( -0.2705896730861199750, 0.1918203824745193242, 0.1877055431802802654 ) ) ;
#1267 = CARTESIAN_POINT ( 'NONE',  ( -0.2493407341395096899, 0.1963982879168535423, 0.2270756231802802949 ) ) ;
#1268 = ORIENTED_EDGE ( 'NONE', *, *, #1585, .T. ) ;
#1269 = CARTESIAN_POINT ( 'NONE',  ( -0.1835674299985387281, 0.1719068894025105321, 0.1877055431802803209 ) ) ;
#1270 = CARTESIAN_POINT ( 'NONE',  ( -0.02179431451913660389, 0.08772806630270606199, 0.2270756231802803782 ) ) ;
#1271 = CIRCLE ( 'NONE', #3933, 0.01999999999999999001 ) ;
#1272 = CARTESIAN_POINT ( 'NONE',  ( -0.2431324537288871712, 0.1702958176987575956, 0.1877055431802803487 ) ) ;
#1273 = CARTESIAN_POINT ( 'NONE',  ( -0.01959717340790121526, 0.09942815129111690076, 0.2270756231802802949 ) ) ;
#1274 = CARTESIAN_POINT ( 'NONE',  ( -0.1287472747356734892, 0.09922927556695514129, 0.1877055431802803209 ) ) ;
#1275 = ORIENTED_EDGE ( 'NONE', *, *, #1256, .F. ) ;
#1276 = CARTESIAN_POINT ( 'NONE',  ( 0.7080070247953581530, 0.02000000000000012879, -0.06523805343214902908 ) ) ;
#1277 = PLANE ( 'NONE',  #6696 ) ;
#1278 = CARTESIAN_POINT ( 'NONE',  ( -0.2603940266877965981, 0.05254056712124510753, 0.1877055431802802654 ) ) ;
#1279 = CARTESIAN_POINT ( 'NONE',  ( 0.3637623462446168965, 0.1151063910882870051, 0.1877055431802803209 ) ) ;
#1280 = CARTESIAN_POINT ( 'NONE',  ( -0.1644434450598916964, 0.1469510892946729042, 0.1877055431802803209 ) ) ;
#1281 = ORIENTED_EDGE ( 'NONE', *, *, #3910, .T. ) ;
#1282 = CARTESIAN_POINT ( 'NONE',  ( -0.05935798548993393570, 0.1928828478248565959, 0.1877055431802803209 ) ) ;
#1283 = CARTESIAN_POINT ( 'NONE',  ( 0.08495165008446524391, 0.1575507258785614484, 0.1877055431802803209 ) ) ;
#1284 = CARTESIAN_POINT ( 'NONE',  ( -0.04795967283110105783, 0.07800394508303395980, 0.2270756231802803504 ) ) ;
#1285 = CARTESIAN_POINT ( 'NONE',  ( -0.4113194682340468589, 0.07638673844217866438, 0.1877055431802803209 ) ) ;
#1286 = CARTESIAN_POINT ( 'NONE',  ( -0.3354305845520811902, 0.08237936879585076866, 0.2270756231802802394 ) ) ;
#1287 = CARTESIAN_POINT ( 'NONE',  ( -0.03661293198700642931, 0.1451844831973581607, 0.1877055431802803487 ) ) ;
#1288 = DIRECTION ( 'NONE',  ( -0.6575212211385357275, -0.7534360249898385264, 0.000000000000000000 ) ) ;
#1289 = CARTESIAN_POINT ( 'NONE',  ( 0.2332031547285542128, 0.1060534965843292071, 0.1877055431802803487 ) ) ;
#1290 = CARTESIAN_POINT ( 'NONE',  ( 0.2674310560410740334, 0.1300300362658862730, 0.2270756231802802949 ) ) ;
#1291 = CARTESIAN_POINT ( 'NONE',  ( 0.2582201017859991898, 0.1344665642319647358, 0.1877055431802801821 ) ) ;
#1292 = ADVANCED_FACE ( 'NONE', ( #2445 ), #7306, .F. ) ;
#1293 = CARTESIAN_POINT ( 'NONE',  ( -0.4366204344922640090, 0.06066711964617890057, 0.1877055431802803209 ) ) ;
#1294 = B_SPLINE_CURVE_WITH_KNOTS ( 'NONE', 3,
 ( #14, #1189, #4169, #7198, #7161, #1714, #3525, #5956, #7241, #618, #1790, #1109, #3047, #1751, #4213, #6594, #3613, #504, #2463 ),
 .UNSPECIFIED., .F., .F.,
 ( 4, 1, 1, 1, 1, 1, 1, 1, 1, 1, 1, 1, 1, 1, 1, 1, 4 ),
 ( 0.000000000000000000, 0.05646686847186281610, 0.1111640986969636702, 0.1649370968759851785, 0.2183217523125939585, 0.2723929232482762974, 0.3279763434477043771, 0.3852910519840211934, 0.4449029182928192494, 0.5068438192198360115, 0.5694881852629684049, 0.6341532155537225046, 0.7009760953100506731, 0.7708974968462686261, 0.8436256105557798923, 0.9196596761155401145, 1.000000000000000000 ),
 .UNSPECIFIED. ) ;
#1295 = CARTESIAN_POINT ( 'NONE',  ( -0.05844707922100601805, 0.08865308808328585533, 0.1877055431802803209 ) ) ;
#1296 = ORIENTED_EDGE ( 'NONE', *, *, #2395, .T. ) ;
#1297 = CARTESIAN_POINT ( 'NONE',  ( -0.3695288629898882404, 0.1700109328996069757, 0.1877055431802802654 ) ) ;
#1298 = CARTESIAN_POINT ( 'NONE',  ( -0.3630528261564755499, 0.1425268345822788274, 0.2270756231802802949 ) ) ;
#1299 = CARTESIAN_POINT ( 'NONE',  ( -0.3871046128704032085, 0.1176336335723350141, 0.1877055431802804042 ) ) ;
#1300 = EDGE_LOOP ( 'NONE', ( #6220, #530, #1712, #5245 ) ) ;
#1301 = CARTESIAN_POINT ( 'NONE',  ( 0.09271595069700812319, 0.1171212717988584506, 0.2270756231802803782 ) ) ;
#1302 = CARTESIAN_POINT ( 'NONE',  ( 0.2667045629304228282, 0.1575016855261949789, 0.2270756231802802949 ) ) ;
#1303 = CARTESIAN_POINT ( 'NONE',  ( -0.2845516599240086042, 0.1791639872930616273, 0.1877055431802803209 ) ) ;
#1304 = VECTOR ( 'NONE', #2558, 39.37007874015748143 ) ;
#1305 = CARTESIAN_POINT ( 'NONE',  ( -0.2033087792008162475, 0.1239300035890399387, 0.2270756231802802949 ) ) ;
#1306 = ORIENTED_EDGE ( 'NONE', *, *, #2500, .F. ) ;
#1307 = CARTESIAN_POINT ( 'NONE',  ( -0.1787812631280868703, 0.1797849417789524895, 0.2270756231802803504 ) ) ;
#1308 = CARTESIAN_POINT ( 'NONE',  ( -0.03007738720384646111, 0.07870854999685523989, 0.1877055431802802377 ) ) ;
#1309 = CARTESIAN_POINT ( 'NONE',  ( -0.01987563253311519160, 0.1031887928196531662, 0.1877055431802803764 ) ) ;
#1310 = LINE ( 'NONE', #3733, #1531 ) ;
#1311 = AXIS2_PLACEMENT_3D ( 'NONE', #2117, #1526, #3341 ) ;
#1312 = ORIENTED_EDGE ( 'NONE', *, *, #5367, .T. ) ;
#1313 = LINE ( 'NONE', #1355, #478 ) ;
#1314 = DIRECTION ( 'NONE',  ( -0.3120445760271238211, 0.000000000000000000, -0.9500674621162713551 ) ) ;
#1315 = CARTESIAN_POINT ( 'NONE',  ( 0.2560270949816773611, 0.1567790315492731124, 0.1877055431802803487 ) ) ;
#1316 = EDGE_CURVE ( 'NONE', #3251, #5191, #1330, .T. ) ;
#1317 = ORIENTED_EDGE ( 'NONE', *, *, #6409, .F. ) ;
#1318 = DIRECTION ( 'NONE',  ( 0.3120445760271370328, -0.000000000000000000, 0.9500674621162671363 ) ) ;
#1319 = CARTESIAN_POINT ( 'NONE',  ( -1.018337751696372973, 0.5799999999999999600, -0.1978062665827011180 ) ) ;
#1320 = ORIENTED_EDGE ( 'NONE', *, *, #292, .T. ) ;
#1321 = CARTESIAN_POINT ( 'NONE',  ( -0.02179431451913660389, 0.08772806630270606199, 0.2270756231802803782 ) ) ;
#1322 = CARTESIAN_POINT ( 'NONE',  ( -0.02398849668569989074, 0.1434669011510060765, 0.1877055431802803487 ) ) ;
#1323 = CARTESIAN_POINT ( 'NONE',  ( -0.05793038158736983634, 0.08768015771445679396, 0.2270756231802803504 ) ) ;
#1324 = CARTESIAN_POINT ( 'NONE',  ( -0.04091903434921115301, 0.05155436003967591579, 0.1877055431802803209 ) ) ;
#1325 = CARTESIAN_POINT ( 'NONE',  ( -0.2301279424953179831, 0.05552830710193069896, 0.2270756231802802949 ) ) ;
#1326 = CARTESIAN_POINT ( 'NONE',  ( -0.3380128332248474865, 0.08095084671190523606, 0.1877055431802802654 ) ) ;
#1327 = CARTESIAN_POINT ( 'NONE',  ( -0.3680053595260553978, 0.1663007680598010407, 0.2270756231802804892 ) ) ;
#1328 = CARTESIAN_POINT ( 'NONE',  ( 0.2984073524365751795, 0.1000532180550201544, 0.2270756231802802949 ) ) ;
#1329 = CARTESIAN_POINT ( 'NONE',  ( 0.2667045629304228282, 0.1575016855261949789, 0.1877055431802803209 ) ) ;
#1330 = LINE ( 'NONE', #1371, #6173 ) ;
#1331 = CARTESIAN_POINT ( 'NONE',  ( -0.4486674837294805096, 0.07717231874924690427, 0.2270756231802802949 ) ) ;
#1332 = ADVANCED_FACE ( 'NONE', ( #4939 ), #3633, .T. ) ;
#1333 = CARTESIAN_POINT ( 'NONE',  ( -0.1880302006106504553, 0.1577874236224421634, 0.2270756231802802394 ) ) ;
#1334 = EDGE_CURVE ( 'NONE', #5283, #1222, #4900, .T. ) ;
#1335 = EDGE_CURVE ( 'NONE', #232, #6096, #3908, .T. ) ;
#1336 = ORIENTED_EDGE ( 'NONE', *, *, #7026, .T. ) ;
#1337 = DIRECTION ( 'NONE',  ( 1.000000000000000000, 0.000000000000000000, 0.000000000000000000 ) ) ;
#1338 = FACE_OUTER_BOUND ( 'NONE', #237, .T. ) ;
#1339 = CARTESIAN_POINT ( 'NONE',  ( -0.04091903434921115301, 0.05155436003967591579, 0.2270756231802802949 ) ) ;
#1340 = ADVANCED_FACE ( 'NONE', ( #5272 ), #971, .T. ) ;
#1341 = CARTESIAN_POINT ( 'NONE',  ( -0.2961556134907856186, 0.1041195125825901402, 0.1877055431802803487 ) ) ;
#1342 = ORIENTED_EDGE ( 'NONE', *, *, #3032, .F. ) ;
#1343 = CARTESIAN_POINT ( 'NONE',  ( 0.08893834584932630571, 0.1279598359600032376, 0.1877055431802803209 ) ) ;
#1344 = CARTESIAN_POINT ( 'NONE',  ( 0.3320773252847482038, 0.1312183860301154859, 0.2270756231802803782 ) ) ;
#1345 = DIRECTION ( 'NONE',  ( -1.000000000000000000, 6.829619984160637733E-15, 0.000000000000000000 ) ) ;
#1346 = ORIENTED_EDGE ( 'NONE', *, *, #4628, .F. ) ;
#1347 = ADVANCED_FACE ( 'NONE', ( #418 ), #6503, .T. ) ;
#1348 = CARTESIAN_POINT ( 'NONE',  ( -0.3623420577576794699, 0.1173761928999585563, 0.2270756231802802672 ) ) ;
#1349 = ORIENTED_EDGE ( 'NONE', *, *, #642, .F. ) ;
#1350 = CARTESIAN_POINT ( 'NONE',  ( 0.1182102974814389779, 0.1034225540286860118, 0.1877055431802803209 ) ) ;
#1351 = CARTESIAN_POINT ( 'NONE',  ( -0.01959503830808758534, 0.09784415641987861956, 0.2270756231802802949 ) ) ;
#1352 = B_SPLINE_CURVE_WITH_KNOTS ( 'NONE', 3,
 ( #7742, #4106, #6947, #2020, #2058, #3924, #6911, #2871, #6309, #1469, #3502, #167, #6452, #1086, #5107 ),
 .UNSPECIFIED., .F., .F.,
 ( 4, 1, 1, 1, 1, 1, 1, 1, 1, 1, 1, 1, 4 ),
 ( 0.000000000000000000, 0.08961452888211535184, 0.1749485612865261941, 0.2575481258745664359, 0.3389007874900942796, 0.4200531858831907384, 0.5014014271193618644, 0.5842520267159582170, 0.6703704767286314814, 0.7564732666582518750, 0.8392065940498486531, 0.9201204666578204350, 1.000000000000000000 ),
 .UNSPECIFIED. ) ;
#1353 = LINE ( 'NONE', #3171, #4690 ) ;
#1354 = ORIENTED_EDGE ( 'NONE', *, *, #1874, .F. ) ;
#1355 = CARTESIAN_POINT ( 'NONE',  ( 0.3390392926748146407, 0.05508757223430543054, 0.1877055431802803209 ) ) ;
#1356 = CARTESIAN_POINT ( 'NONE',  ( -0.04091903434921115301, 0.05155436003967591579, 0.2270756231802802949 ) ) ;
#1357 = CARTESIAN_POINT ( 'NONE',  ( 0.2330429268359290595, 0.1437491157432898847, 0.1877055431802803209 ) ) ;
#1358 = ORIENTED_EDGE ( 'NONE', *, *, #3369, .F. ) ;
#1359 = CARTESIAN_POINT ( 'NONE',  ( 0.3581581114419445933, 0.1435112042227956186, 0.1877055431802803487 ) ) ;
#1360 = CARTESIAN_POINT ( 'NONE',  ( -0.1644434450598916964, 0.1469510892946729042, 0.2270756231802802949 ) ) ;
#1361 = AXIS2_PLACEMENT_3D ( 'NONE', #3621, #4298, #6683 ) ;
#1362 = ORIENTED_EDGE ( 'NONE', *, *, #1813, .T. ) ;
#1363 = CARTESIAN_POINT ( 'NONE',  ( -0.2954459031291063464, 0.1479768008205193663, 0.1877055431802802654 ) ) ;
#1364 = EDGE_CURVE ( 'NONE', #7268, #7726, #670, .T. ) ;
#1365 = CARTESIAN_POINT ( 'NONE',  ( -0.05053081379788537664, 0.07934645263187115050, 0.2270756231802803504 ) ) ;
#1366 = CARTESIAN_POINT ( 'NONE',  ( -0.4288473925660292174, 0.09613924618955294044, 0.1877055431802803209 ) ) ;
#1367 = CARTESIAN_POINT ( 'NONE',  ( -0.2485866321814278190, 0.05157522662077296260, 0.2270756231802802949 ) ) ;
#1368 = FACE_OUTER_BOUND ( 'NONE', #614, .T. ) ;
#1369 = CARTESIAN_POINT ( 'NONE',  ( 0.3064682536461310614, 0.1289860745467273917, 0.2270756231802802672 ) ) ;
#1370 = CARTESIAN_POINT ( 'NONE',  ( 0.2939822818024767637, 0.1410137884066511027, 0.1877055431802803487 ) ) ;
#1371 = CARTESIAN_POINT ( 'NONE',  ( 0.6584346073235440855, 0.01999999999999999001, -0.2178062665826999977 ) ) ;
#1372 = EDGE_CURVE ( 'NONE', #2374, #1911, #4250, .T. ) ;
#1373 = CARTESIAN_POINT ( 'NONE',  ( -0.4124647804781725324, 0.05161729494470003454, 0.1877055431802803487 ) ) ;
#1374 = CARTESIAN_POINT ( 'NONE',  ( -0.2688107291236060403, 0.1552088707095490849, 0.1877055431802803209 ) ) ;
#1375 = EDGE_LOOP ( 'NONE', ( #5843, #2773, #6689, #7781, #919, #145, #2099, #2885, #3140, #6601, #1484, #1940, #3800, #5325, #1096, #7128, #5421, #6817, #4527 ) ) ;
#1376 = CARTESIAN_POINT ( 'NONE',  ( -0.1300977186323075685, 0.1406417856887164086, 0.2270756231802803504 ) ) ;
#1377 = CARTESIAN_POINT ( 'NONE',  ( -0.3626296265731024371, 0.1366511633406932436, 0.1877055431802803209 ) ) ;
#1378 = DIRECTION ( 'NONE',  ( -0.000000000000000000, -0.000000000000000000, 1.000000000000000000 ) ) ;
#1379 = CARTESIAN_POINT ( 'NONE',  ( 0.2984062485736394543, 0.1012036206847684999, 0.2270756231802802672 ) ) ;
#1380 = ORIENTED_EDGE ( 'NONE', *, *, #6027, .F. ) ;
#1381 = EDGE_CURVE ( 'NONE', #4891, #733, #3520, .T. ) ;
#1382 = CARTESIAN_POINT ( 'NONE',  ( 0.09335490421127630445, 0.1095042037285957615, 0.2270756231802803504 ) ) ;
#1383 = APPLICATION_CONTEXT ( 'configuration controlled 3d designs of mechanical parts and assemblies' ) ;
#1384 = CARTESIAN_POINT ( 'NONE',  ( 0.1399058819421314659, 0.1345465433445408032, 0.2270756231802802949 ) ) ;
#1385 = AXIS2_PLACEMENT_3D ( 'NONE', #6217, #3194, #2010 ) ;
#1386 = CARTESIAN_POINT ( 'NONE',  ( -0.2342743688315188644, 0.08677403637468353303, 0.2270756231802802949 ) ) ;
#1387 = ORIENTED_EDGE ( 'NONE', *, *, #3364, .F. ) ;
#1388 = CARTESIAN_POINT ( 'NONE',  ( -0.1416410911916266835, 0.1714991493265146383, 0.1877055431802803487 ) ) ;
#1389 = ORIENTED_EDGE ( 'NONE', *, *, #5603, .F. ) ;
#1390 = AXIS2_PLACEMENT_3D ( 'NONE', #3113, #6937, #7505 ) ;
#1391 = DIRECTION ( 'NONE',  ( -0.000000000000000000, -1.000000000000000000, -0.000000000000000000 ) ) ;
#1392 = EDGE_CURVE ( 'NONE', #7328, #2683, #3139, .T. ) ;
#1393 = CARTESIAN_POINT ( 'NONE',  ( -0.02402808256187561123, 0.08415804434633480935, 0.1877055431802803209 ) ) ;
#1394 = CARTESIAN_POINT ( 'NONE',  ( -0.02955143931041341598, 0.1180628407279488978, 0.2270756231802802949 ) ) ;
#1395 = EDGE_CURVE ( 'NONE', #7522, #2278, #1352, .T. ) ;
#1396 = CARTESIAN_POINT ( 'NONE',  ( -0.1183079442219282240, 0.1126614906851347020, 0.1877055431802803209 ) ) ;
#1397 = EDGE_CURVE ( 'NONE', #4265, #7166, #5855, .T. ) ;
#1398 = ORIENTED_EDGE ( 'NONE', *, *, #4427, .F. ) ;
#1399 = DIMENSIONAL_EXPONENTS ( 1.000000000000000000, 0.000000000000000000, 0.000000000000000000, 0.000000000000000000, 0.000000000000000000, 0.000000000000000000, 0.000000000000000000 ) ;
#1400 = LINE ( 'NONE', #6760, #3282 ) ;
#1401 = CARTESIAN_POINT ( 'NONE',  ( 0.2984073524365751795, 0.05508757223430543054, 0.1877055431802803209 ) ) ;
#1402 = CARTESIAN_POINT ( 'NONE',  ( 0.2341430152185438318, 0.1448594210569836005, 0.2270756231802802949 ) ) ;
#1403 = ORIENTED_EDGE ( 'NONE', *, *, #1492, .T. ) ;
#1404 = CARTESIAN_POINT ( 'NONE',  ( 0.2344537485990290659, 0.1165991252979789450, 0.2270756231802802949 ) ) ;
#1405 = CARTESIAN_POINT ( 'NONE',  ( 0.2435597195323108699, 0.1309152108147105531, 0.1877055431802802654 ) ) ;
#1406 = EDGE_LOOP ( 'NONE', ( #2939, #6381, #2905, #818 ) ) ;
#1407 = CARTESIAN_POINT ( 'NONE',  ( -0.03181665873765611441, 0.07783548662964830112, 0.2270756231802802949 ) ) ;
#1408 = ADVANCED_FACE ( 'NONE', ( #4519 ), #5927, .T. ) ;
#1409 = CARTESIAN_POINT ( 'NONE',  ( -0.03951127011541345074, 0.07628684540208252596, 0.2270756231802802949 ) ) ;
#1410 = CARTESIAN_POINT ( 'NONE',  ( -0.4312009657544200736, 0.1223566200336189819, 0.1877055431802803487 ) ) ;
#1411 = CARTESIAN_POINT ( 'NONE',  ( -0.2342743688315188644, 0.08677403637468353303, 0.1877055431802803209 ) ) ;
#1412 = CARTESIAN_POINT ( 'NONE',  ( -0.3445886526833372154, 0.06940194745278642496, 0.1877055431802803209 ) ) ;
#1413 = CARTESIAN_POINT ( 'NONE',  ( -0.1042225985057719934, 0.1421644981614254288, 0.2270756231802802949 ) ) ;
#1414 = CARTESIAN_POINT ( 'NONE',  ( -0.3680946337436749594, 0.08123346297016426076, 0.1877055431802803209 ) ) ;
#1415 = DIRECTION ( 'NONE',  ( 0.3120445760271359226, -0.000000000000000000, -0.9500674621162674693 ) ) ;
#1416 = DIRECTION ( 'NONE',  ( -0.000000000000000000, -1.000000000000000000, -0.000000000000000000 ) ) ;
#1417 = CARTESIAN_POINT ( 'NONE',  ( -0.3946392050887442271, 0.1637728252068556267, 0.1877055431802803209 ) ) ;
#1418 = VECTOR ( 'NONE', #1378, 39.37007874015748143 ) ;
#1419 = ORIENTED_EDGE ( 'NONE', *, *, #492, .F. ) ;
#1420 = CARTESIAN_POINT ( 'NONE',  ( -0.3325913691455152366, 0.05347327707437946748, 0.1877055431802803209 ) ) ;
#1421 = CARTESIAN_POINT ( 'NONE',  ( 0.09348104514806306053, 0.1033656044874853297, 0.1877055431802803209 ) ) ;
#1422 = CARTESIAN_POINT ( 'NONE',  ( -0.03167896581075362039, 0.05232341889222617837, 0.2270756231802803782 ) ) ;
#1423 = CARTESIAN_POINT ( 'NONE',  ( -0.2534702317198442301, 0.05161729494470002760, 0.1877055431802803487 ) ) ;
#1424 = ORIENTED_EDGE ( 'NONE', *, *, #489, .F. ) ;
#1425 = CARTESIAN_POINT ( 'NONE',  ( -0.3932689175898471112, 0.08677403637468354691, 0.2270756231802803504 ) ) ;
#1426 = EDGE_CURVE ( 'NONE', #7217, #1516, #2124, .T. ) ;
#1427 = CARTESIAN_POINT ( 'NONE',  ( 0.1182135305104696776, 0.1000532180550201544, 0.2270756231802802949 ) ) ;
#1428 = VECTOR ( 'NONE', #2528, 39.37007874015748143 ) ;
#1429 = DIRECTION ( 'NONE',  ( -0.000000000000000000, -0.000000000000000000, 1.000000000000000000 ) ) ;
#1430 = ORIENTED_EDGE ( 'NONE', *, *, #3347, .F. ) ;
#1431 = CARTESIAN_POINT ( 'NONE',  ( -0.2047088851018872002, 0.09962180876590485956, 0.2270756231802802949 ) ) ;
#1432 = VERTEX_POINT ( 'NONE', #1801 ) ;
#1433 = CARTESIAN_POINT ( 'NONE',  ( -0.2413654391637924113, 0.07862314684757659711, 0.1877055431802803487 ) ) ;
#1434 = CARTESIAN_POINT ( 'NONE',  ( -0.01962109770757058252, 0.09627333185593746345, 0.1877055431802803209 ) ) ;
#1435 = PERSON_AND_ORGANIZATION_ROLE ( 'design_owner' ) ;
#1436 = CARTESIAN_POINT ( 'NONE',  ( -0.1062423888502868202, 0.1353547172686054012, 0.2270756231802804059 ) ) ;
#1437 = VECTOR ( 'NONE', #6178, 39.37007874015748143 ) ;
#1438 = CARTESIAN_POINT ( 'NONE',  ( 0.3190488742607218153, 0.1565164389030433700, 0.1877055431802802654 ) ) ;
#1439 = ADVANCED_FACE ( 'NONE', ( #4774 ), #3022, .T. ) ;
#1440 = EDGE_LOOP ( 'NONE', ( #2503, #1678, #7310, #6805 ) ) ;
#1441 = DIRECTION ( 'NONE',  ( 0.000000000000000000, -1.000000000000000000, 0.000000000000000000 ) ) ;
#1442 = CARTESIAN_POINT ( 'NONE',  ( 0.05483150847149315110, 0.1186273202245977654, 0.2270756231802802394 ) ) ;
#1443 = CARTESIAN_POINT ( 'NONE',  ( -0.2880282729443373602, 0.07382863289451574440, 0.1877055431802803209 ) ) ;
#1444 = EDGE_CURVE ( 'NONE', #262, #2650, #7818, .T. ) ;
#1445 = EDGE_LOOP ( 'NONE', ( #4373, #4499, #6713, #5734 ) ) ;
#1446 = DIRECTION ( 'NONE',  ( -0.000000000000000000, -1.000000000000000000, 0.000000000000000000 ) ) ;
#1447 = SPHERICAL_SURFACE ( 'NONE', #6976, 0.02000000000000000042 ) ;
#1448 = ORIENTED_EDGE ( 'NONE', *, *, #7201, .F. ) ;
#1449 = CARTESIAN_POINT ( 'NONE',  ( -0.02101325830148443805, 0.08970881242483075280, 0.2270756231802802394 ) ) ;
#1450 = CARTESIAN_POINT ( 'NONE',  ( 0.1145975086550285460, 0.1396086327027084295, 0.1877055431802803209 ) ) ;
#1451 = CARTESIAN_POINT ( 'NONE',  ( -0.7573361823893850486, 0.5999999999999999778, -0.1916259266951852447 ) ) ;
#1452 = CARTESIAN_POINT ( 'NONE',  ( -0.2248540962743048321, 0.05869635865683608261, 0.2270756231802802394 ) ) ;
#1453 = CARTESIAN_POINT ( 'NONE',  ( 0.7954022872182959780, 0.000000000000000000, 0.2070756231802803049 ) ) ;
#1454 = CARTESIAN_POINT ( 'NONE',  ( 0.003384134185010541189, 0.1928828478248565959, 0.2270756231802802949 ) ) ;
#1455 = CARTESIAN_POINT ( 'NONE',  ( -0.4075811809397560381, 0.05157522662077296260, 0.2270756231802803504 ) ) ;
#1456 = CARTESIAN_POINT ( 'NONE',  ( 0.1808861155185997605, 0.1374209254441111083, 0.1877055431802803209 ) ) ;
#1457 = DIRECTION ( 'NONE',  ( -1.149629425163052975E-16, 0.000000000000000000, 1.000000000000000000 ) ) ;
#1458 = AXIS2_PLACEMENT_3D ( 'NONE', #3790, #772, #7506 ) ;
#1459 = ORIENTED_EDGE ( 'NONE', *, *, #4684, .T. ) ;
#1460 = CYLINDRICAL_SURFACE ( 'NONE', #7491, 0.02000000000000000042 ) ;
#1461 = FACE_OUTER_BOUND ( 'NONE', #2568, .T. ) ;
#1462 = DIRECTION ( 'NONE',  ( -1.000000000000000000, 0.000000000000000000, -4.023702988070684994E-15 ) ) ;
#1463 = CARTESIAN_POINT ( 'NONE',  ( -0.2636425821787793944, 0.05329246524022302617, 0.1877055431802803764 ) ) ;
#1464 = ORIENTED_EDGE ( 'NONE', *, *, #3217, .F. ) ;
#1465 = CARTESIAN_POINT ( 'NONE',  ( -0.2325897861065663597, 0.1584472979274401949, 0.2270756231802802394 ) ) ;
#1466 = CARTESIAN_POINT ( 'NONE',  ( -0.2613247931036843941, 0.1677728282420782868, 0.2270756231802803782 ) ) ;
#1467 = CARTESIAN_POINT ( 'NONE',  ( -0.1318279501222769934, 0.1368065115488129313, 0.2270756231802803782 ) ) ;
#1468 = ORIENTED_EDGE ( 'NONE', *, *, #1675, .T. ) ;
#1469 = CARTESIAN_POINT ( 'NONE',  ( -0.1080496390724431793, 0.1756506930000498179, 0.2270756231802803504 ) ) ;
#1470 = ORIENTED_EDGE ( 'NONE', *, *, #3965, .F. ) ;
#1471 = DIRECTION ( 'NONE',  ( 0.2073096204707153556, 0.9782753810969014863, 0.000000000000000000 ) ) ;
#1472 = CARTESIAN_POINT ( 'NONE',  ( 0.05384220956523508295, 0.1143143531211425201, 0.1877055431802803209 ) ) ;
#1473 = CARTESIAN_POINT ( 'NONE',  ( -0.03848995096540334948, 0.1204519978349515019, 0.2270756231802802949 ) ) ;
#1474 = CARTESIAN_POINT ( 'NONE',  ( 0.3306138545720399002, 0.1322648544531810633, 0.1877055431802803487 ) ) ;
#1475 = CARTESIAN_POINT ( 'NONE',  ( 0.3240268557894206425, 0.1574036748098806837, 0.1877055431802803209 ) ) ;
#1476 = ORIENTED_EDGE ( 'NONE', *, *, #5367, .F. ) ;
#1477 = CARTESIAN_POINT ( 'NONE',  ( -0.4285363693972682464, 0.1526920952687719213, 0.1877055431802803209 ) ) ;
#1478 = CARTESIAN_POINT ( 'NONE',  ( -0.04795967283110105783, 0.07800394508303395980, 0.2270756231802803504 ) ) ;
#1479 = CARTESIAN_POINT ( 'NONE',  ( -0.4113194682340468589, 0.07638673844217866438, 0.1877055431802803209 ) ) ;
#1480 = ORIENTED_EDGE ( 'NONE', *, *, #6926, .T. ) ;
#1481 = EDGE_CURVE ( 'NONE', #4096, #4389, #4144, .T. ) ;
#1482 = CARTESIAN_POINT ( 'NONE',  ( 0.3179256538786945363, 0.1344713808013103806, 0.1877055431802804042 ) ) ;
#1483 = LINE ( 'NONE', #7003, #2532 ) ;
#1484 = ORIENTED_EDGE ( 'NONE', *, *, #1335, .T. ) ;
#1485 = CARTESIAN_POINT ( 'NONE',  ( -0.2906944989948131441, 0.1676881295743992972, 0.1877055431802803487 ) ) ;
#1486 = DIRECTION ( 'NONE',  ( -0.9510565162948948492, 0.000000000000000000, -0.3090169943757437032 ) ) ;
#1487 = CARTESIAN_POINT ( 'NONE',  ( -0.3238226732386465523, 0.05432447098737500091, 0.1877055431802802377 ) ) ;
#1488 = CARTESIAN_POINT ( 'NONE',  ( -0.4455362941634450902, 0.1761562561201592547, 0.2270756231802803504 ) ) ;
#1489 = CARTESIAN_POINT ( 'NONE',  ( 0.1182124266475340496, 0.1012036206847684999, 0.2270756231802802394 ) ) ;
#1490 = B_SPLINE_SURFACE_WITH_KNOTS ( 'NONE', 3, 1, ( 
 ( #920, #5761 ),
 ( #3414, #6483 ),
 ( #7733, #5804 ),
 ( #1601, #4577 ),
 ( #7006, #5725 ),
 ( #4692, #263 ),
 ( #2703, #302 ),
 ( #2742, #3454 ),
 ( #4017, #6327 ),
 ( #3376, #1037 ),
 ( #2198, #7049 ) ),
 .UNSPECIFIED., .F., .F., .F.,
 ( 4, 1, 1, 1, 1, 1, 1, 1, 4 ),
 ( 2, 2 ),
 ( 0.000000000000000000, 0.1279023639831299852, 0.2498982783358975890, 0.3732797639331219552, 0.5010486153180322422, 0.6288174667029410303, 0.7501456124741444631, 0.8732612132643373659, 1.000000000000000000 ),
 ( 0.000000000000000000, 1.000000000000000000 ),
 .UNSPECIFIED. ) ;
#1491 = CARTESIAN_POINT ( 'NONE',  ( 0.2987275078380837168, 0.1096012986368785080, 0.2270756231802802672 ) ) ;
#1492 = EDGE_CURVE ( 'NONE', #3553, #5464, #7897, .T. ) ;
#1493 = DIRECTION ( 'NONE',  ( 1.000000000000000000, 0.000000000000000000, 1.149629425163053468E-16 ) ) ;
#1494 = CARTESIAN_POINT ( 'NONE',  ( -1.018337751696372528, 0.5999999999999999778, -0.2178062665827011080 ) ) ;
#1495 = VERTEX_POINT ( 'NONE', #5479 ) ;
#1496 = LINE ( 'NONE', #3235, #7618 ) ;
#1497 = CARTESIAN_POINT ( 'NONE',  ( 0.2341430152185438318, 0.1448594210569836005, 0.2270756231802802949 ) ) ;
#1498 = CARTESIAN_POINT ( 'NONE',  ( 0.1588454707487091389, 0.05508757223430543054, 0.2270756231802802949 ) ) ;
#1499 = CARTESIAN_POINT ( 'NONE',  ( -0.2912194663499317326, 0.08076255979346130820, 0.1877055431802803209 ) ) ;
#1500 = ADVANCED_FACE ( 'NONE', ( #4184 ), #4227, .F. ) ;
#1501 = ORIENTED_EDGE ( 'NONE', *, *, #1856, .T. ) ;
#1502 = CARTESIAN_POINT ( 'NONE',  ( 0.2651454720105707041, 0.1575507258785614484, 0.2270756231802802949 ) ) ;
#1503 = FACE_OUTER_BOUND ( 'NONE', #5128, .T. ) ;
#1504 = VECTOR ( 'NONE', #1879, 39.37007874015748143 ) ;
#1505 = CARTESIAN_POINT ( 'NONE',  ( -0.2611303606496963581, 0.1953783880358854474, 0.2270756231802803504 ) ) ;
#1506 = EDGE_LOOP ( 'NONE', ( #5031, #2072, #258, #3763 ) ) ;
#1507 = CARTESIAN_POINT ( 'NONE',  ( -0.2076928889397027800, 0.08526648473679680762, 0.2270756231802802949 ) ) ;
#1508 = ORIENTED_EDGE ( 'NONE', *, *, #5477, .T. ) ;
#1509 = CARTESIAN_POINT ( 'NONE',  ( -0.2353050050628337220, 0.08500882221256597648, 0.1877055431802803209 ) ) ;
#1510 = CARTESIAN_POINT ( 'NONE',  ( 0.6859622457331169265, 0.01999999999999999001, -0.2178062665826999977 ) ) ;
#1511 = CARTESIAN_POINT ( 'NONE',  ( -0.03117805396589841752, 0.1189715044211966249, 0.2270756231802803782 ) ) ;
#1512 = CARTESIAN_POINT ( 'NONE',  ( 0.09234494814586630129, 0.1191993570952817050, 0.1877055431802803764 ) ) ;
#1513 = CARTESIAN_POINT ( 'NONE',  ( 0.2978789563505130356, 0.1437830399075659682, 0.1877055431802803209 ) ) ;
#1514 = VECTOR ( 'NONE', #2699, 39.37007874015748143 ) ;
#1515 = AXIS2_PLACEMENT_3D ( 'NONE', #1788, #4720, #4211 ) ;
#1516 = VERTEX_POINT ( 'NONE', #6608 ) ;
#1517 = CARTESIAN_POINT ( 'NONE',  ( 0.09348104514806306053, 0.1033656044874853297, 0.2270756231802802949 ) ) ;
#1518 = CARTESIAN_POINT ( 'NONE',  ( 0.7075911891248071184, 0.5999999999999999778, -0.06651786402957461652 ) ) ;
#1519 = CARTESIAN_POINT ( 'NONE',  ( -0.3146049633316461702, 0.06839232440470720265, 0.1877055431802803209 ) ) ;
#1520 = ORIENTED_EDGE ( 'NONE', *, *, #4182, .T. ) ;
#1521 = CARTESIAN_POINT ( 'NONE',  ( 0.2554567416956101122, 0.1345848466134695887, 0.2270756231802803504 ) ) ;
#1522 = CARTESIAN_POINT ( 'NONE',  ( 0.2330429268359290595, 0.09941834398879766110, 0.2270756231802803504 ) ) ;
#1523 = ORIENTED_EDGE ( 'NONE', *, *, #7852, .T. ) ;
#1524 = PLANE ( 'NONE',  #1708 ) ;
#1525 = ORIENTED_EDGE ( 'NONE', *, *, #4294, .T. ) ;
#1526 = DIRECTION ( 'NONE',  ( -1.000000000000000000, 1.445077109225377968E-16, 0.000000000000000000 ) ) ;
#1527 = CARTESIAN_POINT ( 'NONE',  ( -0.1644020105505862306, 0.1478815228559046957, 0.2270756231802802949 ) ) ;
#1528 = CARTESIAN_POINT ( 'NONE',  ( -0.3963433752819029432, 0.1658718614849219175, 0.2270756231802803504 ) ) ;
#1529 = CARTESIAN_POINT ( 'NONE',  ( -0.4044191985402883494, 0.07681518911668357152, 0.1877055431802803487 ) ) ;
#1530 = DIRECTION ( 'NONE',  ( 0.000000000000000000, -0.000000000000000000, -1.000000000000000000 ) ) ;
#1531 = VECTOR ( 'NONE', #6153, 39.37007874015748143 ) ;
#1532 = DIRECTION ( 'NONE',  ( -0.000000000000000000, -0.000000000000000000, 1.000000000000000000 ) ) ;
#1533 = CIRCLE ( 'NONE', #1145, 0.01999999999999999001 ) ;
#1534 = CARTESIAN_POINT ( 'NONE',  ( -0.3873833531357551152, 0.1362842676182428325, 0.1877055431802803209 ) ) ;
#1535 = ORIENTED_EDGE ( 'NONE', *, *, #3798, .T. ) ;
#1536 = CARTESIAN_POINT ( 'NONE',  ( -0.2961556134907856186, 0.1041195125825901402, 0.2270756231802803504 ) ) ;
#1537 = CARTESIAN_POINT ( 'NONE',  ( -0.4270611443010312036, 0.1575394107282613865, 0.2270756231802804059 ) ) ;
#1538 = CARTESIAN_POINT ( 'NONE',  ( 0.05284802374193178776, 0.1005779424458190102, 0.1877055431802803209 ) ) ;
#1539 = CARTESIAN_POINT ( 'NONE',  ( -0.02032006456575256859, 0.1053113976590799583, 0.2270756231802802116 ) ) ;
#1540 = LINE ( 'NONE', #859, #1063 ) ;
#1541 = ADVANCED_FACE ( 'NONE', ( #2436 ), #4892, .T. ) ;
#1542 = CARTESIAN_POINT ( 'NONE',  ( -0.2641325776890587895, 0.1648753588776872281, 0.2270756231802803504 ) ) ;
#1543 = CARTESIAN_POINT ( 'NONE',  ( -0.1318279501222769934, 0.1368065115488129313, 0.1877055431802803487 ) ) ;
#1544 = ORIENTED_EDGE ( 'NONE', *, *, #428, .F. ) ;
#1545 = EDGE_LOOP ( 'NONE', ( #4614, #43, #3943 ) ) ;
#1546 = PLANE ( 'NONE',  #4462 ) ;
#1547 = CARTESIAN_POINT ( 'NONE',  ( 2.274039045451191861E-17, 0.5999999999999999778, -0.1978062665827000910 ) ) ;
#1548 = CARTESIAN_POINT ( 'NONE',  ( 0.05316982589663458297, 0.1090490693218374024, 0.1877055431802802654 ) ) ;
#1549 = FACE_OUTER_BOUND ( 'NONE', #1896, .T. ) ;
#1550 = CARTESIAN_POINT ( 'NONE',  ( -0.2476377692918951268, 0.07635462944205607949, 0.2270756231802802949 ) ) ;
#1551 = B_SPLINE_SURFACE_WITH_KNOTS ( 'NONE', 3, 1, ( 
 ( #5950, #5312 ),
 ( #496, #5912 ),
 ( #6549, #7837 ),
 ( #453, #6586 ),
 ( #6510, #6629 ),
 ( #7155, #4755 ),
 ( #1707, #8 ),
 ( #4249, #2965 ),
 ( #7193, #1744 ),
 ( #7762, #1144 ),
 ( #4164, #3606 ),
 ( #5385, #3562 ),
 ( #2373, #6064 ),
 ( #4205, #2416 ),
 ( #4797, #4834 ),
 ( #2929, #7236 ),
 ( #5419, #1067 ),
 ( #1784, #6022 ),
 ( #1221, #5461 ),
 ( #1103, #4084 ),
 ( #4679, #572 ),
 ( #1823, #3003 ),
 ( #6670, #2892 ),
 ( #3484, #3644 ),
 ( #7114, #1666 ),
 ( #2302, #4716 ),
 ( #4124, #5348 ) ),
 .UNSPECIFIED., .F., .F., .F.,
 ( 4, 1, 1, 1, 1, 1, 1, 1, 1, 1, 1, 1, 1, 1, 1, 1, 1, 1, 1, 1, 1, 1, 1, 1, 4 ),
 ( 2, 2 ),
 ( 0.000000000000000000, 0.03663489025512748493, 0.07203398234778954357, 0.1066259706074961094, 0.1403056939382975321, 0.1736194704926827537, 0.2064256725696816397, 0.2390670061327426765, 0.2718828805625946865, 0.3048398888131205187, 0.3385290337045874232, 0.3726161878593848842, 0.4075482500265397157, 0.4437189059571695626, 0.4813115090919059536, 0.5201129981462018215, 0.5609129028334483014, 0.6040246006136040791, 0.6500745638656777459, 0.6995722277770578534, 0.7523625390892968445, 0.8087887173463874646, 0.8689542125204781087, 0.9326747199379386011, 0.9999999999999998890 ),
 ( 0.000000000000000000, 1.000000000000000000 ),
 .UNSPECIFIED. ) ;
#1552 = ORIENTED_EDGE ( 'NONE', *, *, #6926, .F. ) ;
#1553 = CARTESIAN_POINT ( 'NONE',  ( -0.4297134760389005326, 0.1468684287692857970, 0.1877055431802803487 ) ) ;
#1554 = CARTESIAN_POINT ( 'NONE',  ( -0.05692623870202734998, 0.08578937857363107267, 0.2270756231802802394 ) ) ;
#1555 = CARTESIAN_POINT ( 'NONE',  ( -0.2969258755945229367, 0.1204333066650963013, 0.1877055431802802654 ) ) ;
#1556 = ORIENTED_EDGE ( 'NONE', *, *, #1574, .T. ) ;
#1557 = CARTESIAN_POINT ( 'NONE',  ( -0.9047987034429123554, 0.5999999999999999778, 0.2133165147008230234 ) ) ;
#1558 = CARTESIAN_POINT ( 'NONE',  ( -0.2499306182377636076, 0.1716835746570795351, 0.1877055431802803487 ) ) ;
#1559 = CARTESIAN_POINT ( 'NONE',  ( 0.7290471563225167095, 0.5999999999999999778, -0.06520454656100567459 ) ) ;
#1560 = VERTEX_POINT ( 'NONE', #2394 ) ;
#1561 = LINE ( 'NONE', #3981, #4744 ) ;
#1562 = ORIENTED_EDGE ( 'NONE', *, *, #4316, .F. ) ;
#1563 = B_SPLINE_CURVE_WITH_KNOTS ( 'NONE', 3,
 ( #7386, #679, #6695, #451, #637, #6775, #2888, #3105, #2300, #7152, #4862, #72, #1704, #4121, #3631, #3029, #5448, #7304, #1251, #3065, #34, #1889, #187, #6812, #6333, #4382, #7419 ),
 .UNSPECIFIED., .F., .F.,
 ( 4, 1, 1, 1, 1, 1, 1, 1, 1, 1, 1, 1, 1, 1, 1, 1, 1, 1, 1, 1, 1, 1, 1, 1, 4 ),
 ( 0.000000000000000000, 0.03821733796913662218, 0.07486720303994341685, 0.1101580815531045393, 0.1444539266593011240, 0.1780797262741533327, 0.2111707725935982050, 0.2436870542144176643, 0.2758717334447997049, 0.3083755160139867724, 0.3412633249363588583, 0.3751503394709056471, 0.4096552607042133753, 0.4451573674923581803, 0.4820734672046718683, 0.5205757562184276654, 0.5605536808978381913, 0.6031075754382528853, 0.6486887095294888717, 0.6979476778875632892, 0.7507677670183535712, 0.8073094024459648299, 0.8676555707911409732, 0.9318612220995584616, 1.000000000000000000 ),
 .UNSPECIFIED. ) ;
#1564 = CARTESIAN_POINT ( 'NONE',  ( -0.03975969909784833611, 0.1699169685597647361, 0.1877055431802803209 ) ) ;
#1565 = CARTESIAN_POINT ( 'NONE',  ( -0.1453696198529464134, 0.1716835746570795351, 0.1877055431802803209 ) ) ;
#1566 = CARTESIAN_POINT ( 'NONE',  ( -0.3870358133215511254, 0.1239300035890399387, 0.2270756231802803782 ) ) ;
#1567 = DIRECTION ( 'NONE',  ( -0.9510565162951747364, 0.000000000000000000, 0.3090169943748823367 ) ) ;
#1568 = CARTESIAN_POINT ( 'NONE',  ( -0.3938262055081047097, 0.08575474995487882002, 0.2270756231802802949 ) ) ;
#1569 = CARTESIAN_POINT ( 'NONE',  ( -0.05314432204525233044, 0.05286954145079670458, 0.2270756231802802672 ) ) ;
#1570 = ORIENTED_EDGE ( 'NONE', *, *, #5280, .F. ) ;
#1571 = CARTESIAN_POINT ( 'NONE',  ( 0.2341430152185438318, 0.1448594210569836005, 0.1877055431802803209 ) ) ;
#1572 = CARTESIAN_POINT ( 'NONE',  ( -0.4252245192909672733, 0.1615744102140276028, 0.2270756231802803504 ) ) ;
#1573 = CARTESIAN_POINT ( 'NONE',  ( -0.2652462866733727442, 0.1633393263715990917, 0.1877055431802802654 ) ) ;
#1574 = EDGE_CURVE ( 'NONE', #945, #4944, #5738, .T. ) ;
#1575 = CARTESIAN_POINT ( 'NONE',  ( -0.4286919581732846485, 0.05556186941036738575, 0.2270756231802803504 ) ) ;
#1576 = CARTESIAN_POINT ( 'NONE',  ( -0.4113574698810303354, 0.1963553113052852461, 0.1877055431802802654 ) ) ;
#1577 = DIRECTION ( 'NONE',  ( -0.000000000000000000, -0.000000000000000000, 1.000000000000000000 ) ) ;
#1578 = EDGE_CURVE ( 'NONE', #6017, #4891, #6687, .T. ) ;
#1579 = DIRECTION ( 'NONE',  ( 0.3120445760271389757, 0.000000000000000000, -0.9500674621162663591 ) ) ;
#1580 = EDGE_LOOP ( 'NONE', ( #3044, #6411, #7425 ) ) ;
#1581 = EDGE_CURVE ( 'NONE', #7048, #6254, #6731, .T. ) ;
#1582 = EDGE_CURVE ( 'NONE', #7217, #1079, #4525, .T. ) ;
#1583 = VERTEX_POINT ( 'NONE', #2913 ) ;
#1584 = FACE_OUTER_BOUND ( 'NONE', #6066, .T. ) ;
#1585 = EDGE_CURVE ( 'NONE', #7437, #2604, #705, .T. ) ;
#1586 = LINE ( 'NONE', #1547, #2903 ) ;
#1587 = DIRECTION ( 'NONE',  ( 0.000000000000000000, -1.000000000000000000, 0.000000000000000000 ) ) ;
#1588 = ADVANCED_FACE ( 'NONE', ( #6766 ), #388, .T. ) ;
#1589 = DATE_TIME_ROLE ( 'classification_date' ) ;
#1590 = CARTESIAN_POINT ( 'NONE',  ( 0.3219265732450374840, 0.1345749701712322111, 0.2270756231802802949 ) ) ;
#1591 = CARTESIAN_POINT ( 'NONE',  ( -0.4559098543515551771, 0.1256884697678956608, 0.1877055431802803487 ) ) ;
#1592 = CARTESIAN_POINT ( 'NONE',  ( -0.1285056947219405665, 0.1606268664293881987, 0.2270756231802803782 ) ) ;
#1593 = DIRECTION ( 'NONE',  ( 0.000000000000000000, 0.000000000000000000, -1.000000000000000000 ) ) ;
#1594 = CARTESIAN_POINT ( 'NONE',  ( -0.4288473925660292174, 0.09613924618955294044, 0.1877055431802803209 ) ) ;
#1595 = EDGE_LOOP ( 'NONE', ( #4751, #3699, #1403, #4531, #3495, #7610, #2694 ) ) ;
#1596 = CARTESIAN_POINT ( 'NONE',  ( -0.02398849668569989074, 0.1434669011510060765, 0.2270756231802803504 ) ) ;
#1597 = CARTESIAN_POINT ( 'NONE',  ( 0.3042593962401852203, 0.1266195112699204928, 0.1877055431802803209 ) ) ;
#1598 = CARTESIAN_POINT ( 'NONE',  ( -0.2055168497023298624, 0.1531454916444926484, 0.1877055431802803209 ) ) ;
#1599 = DIRECTION ( 'NONE',  ( 1.166092728201162238E-29, -1.707404996040164561E-15, 1.000000000000000000 ) ) ;
#1600 = VERTEX_POINT ( 'NONE', #2552 ) ;
#1601 = CARTESIAN_POINT ( 'NONE',  ( -0.3156288625014166960, 0.06257592268613049180, 0.1877055431802803487 ) ) ;
#1602 = VERTEX_POINT ( 'NONE', #5605 ) ;
#1603 = CARTESIAN_POINT ( 'NONE',  ( -0.02032006456575256859, 0.1053113976590799583, 0.1877055431802802099 ) ) ;
#1604 = CARTESIAN_POINT ( 'NONE',  ( -0.1473120351618774637, 0.1716148723937459264, 0.1877055431802802654 ) ) ;
#1605 = CARTESIAN_POINT ( 'NONE',  ( -0.4065758076228589979, 0.1715876375599909853, 0.2270756231802803504 ) ) ;
#1606 = CARTESIAN_POINT ( 'NONE',  ( -0.1655355737953568829, 0.1913155063054358118, 0.1877055431802803487 ) ) ;
#1607 = CARTESIAN_POINT ( 'NONE',  ( -0.01300807422368090334, 0.1379967597445732330, 0.2270756231802803782 ) ) ;
#1608 = DIRECTION ( 'NONE',  ( -0.3120445760271329250, 0.000000000000000000, -0.9500674621162682465 ) ) ;
#1609 = CARTESIAN_POINT ( 'NONE',  ( 0.3389791963079278325, 0.1096055511159636509, 0.2270756231802802672 ) ) ;
#1610 = ORIENTED_EDGE ( 'NONE', *, *, #1232, .F. ) ;
#1611 = DIRECTION ( 'NONE',  ( 1.000000000000000000, -1.445077109225377968E-16, -0.000000000000000000 ) ) ;
#1612 = CARTESIAN_POINT ( 'NONE',  ( -0.4285363693972682464, 0.1526920952687719213, 0.2270756231802803504 ) ) ;
#1613 = DIRECTION ( 'NONE',  ( 0.000000000000000000, 0.000000000000000000, -1.000000000000000000 ) ) ;
#1614 = EDGE_CURVE ( 'NONE', #3478, #4389, #6928, .T. ) ;
#1615 = CARTESIAN_POINT ( 'NONE',  ( -0.2969389023584984577, 0.1226326522363244131, 0.1877055431802803209 ) ) ;
#1616 = CARTESIAN_POINT ( 'NONE',  ( -0.2453006920191722895, 0.1711007067043828489, 0.2270756231802802949 ) ) ;
#1617 = CARTESIAN_POINT ( 'NONE',  ( 0.9554703231235291971, 0.000000000000000000, -0.1978062665826999800 ) ) ;
#1618 = CARTESIAN_POINT ( 'NONE',  ( 0.3554326931113872545, 0.1469729603695233144, 0.2270756231802802672 ) ) ;
#1619 = CARTESIAN_POINT ( 'NONE',  ( -0.1451877144358069416, 0.1183612938691500638, 0.2270756231802803504 ) ) ;
#1620 = ORIENTED_EDGE ( 'NONE', *, *, #749, .T. ) ;
#1621 = AXIS2_PLACEMENT_3D ( 'NONE', #6296, #2711, #1457 ) ;
#1622 = ORIENTED_EDGE ( 'NONE', *, *, #5038, .F. ) ;
#1623 = DIRECTION ( 'NONE',  ( 0.000000000000000000, 1.000000000000000000, 0.000000000000000000 ) ) ;
#1624 = EDGE_CURVE ( 'NONE', #7692, #6082, #5647, .T. ) ;
#1625 = CARTESIAN_POINT ( 'NONE',  ( 0.1578006642873100995, 0.1197558209504470672, 0.2270756231802803504 ) ) ;
#1626 = CARTESIAN_POINT ( 'NONE',  ( 0.05284910490982360626, 0.05508757223430543054, 0.1877055431802803209 ) ) ;
#1627 = CARTESIAN_POINT ( 'NONE',  ( 0.08495165008446524391, 0.1575507258785614484, 0.2270756231802802949 ) ) ;
#1628 = CARTESIAN_POINT ( 'NONE',  ( -0.03919123378856682882, 0.1204253880466772952, 0.2270756231802804337 ) ) ;
#1629 = B_SPLINE_CURVE_WITH_KNOTS ( 'NONE', 3,
 ( #6013, #7224, #1056, #5376, #1773, #4669, #3593, #3550, #7826, #3474, #2921, #2879, #562, #5901, #403 ),
 .UNSPECIFIED., .F., .F.,
 ( 4, 1, 1, 1, 1, 1, 1, 1, 1, 1, 1, 1, 4 ),
 ( 0.000000000000000000, 0.1038439242634202897, 0.2011148859465238248, 0.2911157193792177633, 0.3743484039713635969, 0.4507073961858710787, 0.5200404120163609756, 0.5832583224453374848, 0.6395782998253257690, 0.7415365099482680300, 0.8350600486817364443, 0.9208729600458338549, 1.000000000000000000 ),
 .UNSPECIFIED. ) ;
#1630 = CARTESIAN_POINT ( 'NONE',  ( -0.1328377578501198364, 0.09453257400091152896, 0.1877055431802803209 ) ) ;
#1631 = CARTESIAN_POINT ( 'NONE',  ( -0.4278266607103948238, 0.09234934665383356944, 0.2270756231802802394 ) ) ;
#1632 = ADVANCED_FACE ( 'NONE', ( #4457 ), #527, .T. ) ;
#1633 = VERTEX_POINT ( 'NONE', #2277 ) ;
#1634 = CARTESIAN_POINT ( 'NONE',  ( -0.3814504244934946442, 0.06065192630318334832, 0.2270756231802803504 ) ) ;
#1635 = CARTESIAN_POINT ( 'NONE',  ( -0.2675715988698872949, 0.08908294506367803178, 0.2270756231802802949 ) ) ;
#1636 = CARTESIAN_POINT ( 'NONE',  ( -0.04440886694058338025, 0.1440638065245837818, 0.2270756231802802672 ) ) ;
#1637 = CARTESIAN_POINT ( 'NONE',  ( -0.1062423888502868202, 0.1353547172686054012, 0.1877055431802803764 ) ) ;
#1638 = AXIS2_PLACEMENT_3D ( 'NONE', #3927, #4600, #5827 ) ;
#1639 = ORIENTED_EDGE ( 'NONE', *, *, #7201, .T. ) ;
#1640 = CARTESIAN_POINT ( 'NONE',  ( 0.7954022872182958670, 0.5799999999999999600, 0.2070756231802802771 ) ) ;
#1641 = ORIENTED_EDGE ( 'NONE', *, *, #6663, .T. ) ;
#1642 = CARTESIAN_POINT ( 'NONE',  ( -0.3146049633316461702, 0.06839232440470720265, 0.1877055431802803209 ) ) ;
#1643 = DIRECTION ( 'NONE',  ( -0.000000000000000000, -1.000000000000000000, -0.000000000000000000 ) ) ;
#1644 = CARTESIAN_POINT ( 'NONE',  ( -0.3884840821424204171, 0.1467150649914887584, 0.2270756231802802672 ) ) ;
#1645 = DIRECTION ( 'NONE',  ( 0.000000000000000000, 0.000000000000000000, -1.000000000000000000 ) ) ;
#1646 = CARTESIAN_POINT ( 'NONE',  ( -0.03225946985468784028, 0.1450847261361962459, 0.1877055431802803209 ) ) ;
#1647 = CARTESIAN_POINT ( 'NONE',  ( -0.1275434182591382026, 0.1935346466653846131, 0.1877055431802803487 ) ) ;
#1648 = CARTESIAN_POINT ( 'NONE',  ( -0.2040974220950442786, 0.1051600924646580587, 0.1877055431802802377 ) ) ;
#1649 = ORIENTED_EDGE ( 'NONE', *, *, #2843, .F. ) ;
#1650 = CARTESIAN_POINT ( 'NONE',  ( -0.2969389023584984577, 0.1226326522363244131, 0.2270756231802802949 ) ) ;
#1651 = CARTESIAN_POINT ( 'NONE',  ( -0.4203193418620126964, 0.1677728282420783146, 0.2270756231802803782 ) ) ;
#1652 = CARTESIAN_POINT ( 'NONE',  ( 0.9279426847140814782, 0.01999999999999999001, -0.1978062665826999800 ) ) ;
#1653 = VECTOR ( 'NONE', #1134, 39.37007874015748854 ) ;
#1654 = FACE_OUTER_BOUND ( 'NONE', #7593, .T. ) ;
#1655 = CARTESIAN_POINT ( 'NONE',  ( -0.4016378795678705593, 0.05194420531806829416, 0.1877055431802802377 ) ) ;
#1656 = CARTESIAN_POINT ( 'NONE',  ( 0.2714807275994840507, 0.1231556170097662106, 0.1877055431802803764 ) ) ;
#1657 = DIRECTION ( 'NONE',  ( 0.3090169943748820591, 0.000000000000000000, 0.9510565162951748475 ) ) ;
#1658 = CARTESIAN_POINT ( 'NONE',  ( -0.2662299705326390820, 0.1615744102140276028, 0.2270756231802803504 ) ) ;
#1659 = ORIENTED_EDGE ( 'NONE', *, *, #286, .F. ) ;
#1660 = ORIENTED_EDGE ( 'NONE', *, *, #2168, .F. ) ;
#1661 = CARTESIAN_POINT ( 'NONE',  ( 0.3581581114419445933, 0.1435112042227956186, 0.1877055431802803487 ) ) ;
#1662 = EDGE_CURVE ( 'NONE', #2764, #6180, #1561, .T. ) ;
#1663 = CARTESIAN_POINT ( 'NONE',  ( 0.9063137413222659422, 0.5999999999999999778, -0.06651786402957461652 ) ) ;
#1664 = CARTESIAN_POINT ( 'NONE',  ( -0.2491554507824048081, 0.07630976186235563508, 0.1877055431802802654 ) ) ;
#1665 = PERSON_AND_ORGANIZATION ( #6420, #5697 ) ;
#1666 = CARTESIAN_POINT ( 'NONE',  ( -0.2033446582285708681, 0.1304104755484992717, 0.2270756231802802949 ) ) ;
#1667 = CARTESIAN_POINT ( 'NONE',  ( -0.06737957185187622156, 0.05911111712874865531, 0.1877055431802804042 ) ) ;
#1668 = DIRECTION ( 'NONE',  ( 1.000000000000000000, -0.000000000000000000, 1.149629425163053468E-16 ) ) ;
#1669 = CARTESIAN_POINT ( 'NONE',  ( 0.1176851344244075753, 0.1437830399075659682, 0.2270756231802803504 ) ) ;
#1670 = EDGE_LOOP ( 'NONE', ( #2088, #7572, #7553, #5624 ) ) ;
#1671 = CARTESIAN_POINT ( 'NONE',  ( -0.3626175537459139786, 0.1110784246041664758, 0.2270756231802802949 ) ) ;
#1672 = CARTESIAN_POINT ( 'NONE',  ( -0.3380128332248474865, 0.08095084671190523606, 0.1877055431802802654 ) ) ;
#1673 = CARTESIAN_POINT ( 'NONE',  ( -0.2280678466239395852, 0.1302825303198413831, 0.1877055431802803209 ) ) ;
#1674 = CARTESIAN_POINT ( 'NONE',  ( -0.1034907831655028781, 0.1454778591117225350, 0.1877055431802802377 ) ) ;
#1675 = EDGE_CURVE ( 'NONE', #581, #3952, #3731, .T. ) ;
#1676 = ORIENTED_EDGE ( 'NONE', *, *, #5696, .F. ) ;
#1677 = CARTESIAN_POINT ( 'NONE',  ( -0.2722064169960918822, 0.1223566200336189819, 0.1877055431802803209 ) ) ;
#1678 = ORIENTED_EDGE ( 'NONE', *, *, #6953, .F. ) ;
#1679 = EDGE_CURVE ( 'NONE', #7205, #2683, #5884, .T. ) ;
#1680 = CARTESIAN_POINT ( 'NONE',  ( -0.4311757396977515810, 0.1202585984994352375, 0.2270756231802803504 ) ) ;
#1681 = CARTESIAN_POINT ( 'NONE',  ( -0.02730854026858038283, 0.05343678319887784633, 0.2270756231802802672 ) ) ;
#1682 = CARTESIAN_POINT ( 'NONE',  ( -0.4081314770723162844, 0.1716511639888169127, 0.2270756231802802672 ) ) ;
#1683 = CARTESIAN_POINT ( 'NONE',  ( -0.3938262055081047097, 0.08575474995487882002, 0.1877055431802803209 ) ) ;
#1684 = B_SPLINE_SURFACE_WITH_KNOTS ( 'NONE', 3, 1, ( 
 ( #42, #4795 ),
 ( #1781, #6142 ),
 ( #3116, #7190 ),
 ( #4202, #1742 ),
 ( #533, #2963 ),
 ( #2371, #7233 ),
 ( #6099, #3076 ),
 ( #3039, #1817 ),
 ( #6625, #5458 ),
 ( #5, #3001 ),
 ( #5497, #5417 ),
 ( #2453, #4871 ),
 ( #774, #6822 ),
 ( #2641, #7508 ),
 ( #5100, #817 ),
 ( #7543, #3196 ),
 ( #277, #4948 ),
 ( #6258, #1379 ),
 ( #6301, #6343 ) ),
 .UNSPECIFIED., .F., .F., .F.,
 ( 4, 1, 1, 1, 1, 1, 1, 1, 1, 1, 1, 1, 1, 1, 1, 1, 4 ),
 ( 2, 2 ),
 ( 0.000000000000000000, 0.07061958908030437077, 0.1385768908401555366, 0.2060734598181211130, 0.2744631881640026694, 0.3426003686445656671, 0.4107400792371032061, 0.4801183847928303661, 0.5526004757567167802, 0.5917843457786854389, 0.6356630389305280016, 0.6835687881021350609, 0.7369646345616783778, 0.7948709303760277400, 0.8584208566785909156, 0.9265985076834626355, 1.000000000000000000 ),
 ( 0.000000000000000000, 1.000000000000000000 ),
 .UNSPECIFIED. ) ;
#1685 = CARTESIAN_POINT ( 'NONE',  ( 0.1835779561111157976, 0.05508757223430543054, 0.2270756231802802949 ) ) ;
#1686 = CARTESIAN_POINT ( 'NONE',  ( -0.1227574078834096083, 0.1911716900992753432, 0.1877055431802803487 ) ) ;
#1687 = VECTOR ( 'NONE', #4383, 39.37007874015748143 ) ;
#1688 = ADVANCED_FACE ( 'NONE', ( #5126 ), #6401, .T. ) ;
#1689 = CARTESIAN_POINT ( 'NONE',  ( -0.2224558757351664251, 0.06065192630318335526, 0.1877055431802803764 ) ) ;
#1690 = VECTOR ( 'NONE', #569, 39.37007874015748143 ) ;
#1691 = ORIENTED_EDGE ( 'NONE', *, *, #3377, .F. ) ;
#1692 = CARTESIAN_POINT ( 'NONE',  ( 0.6837217283835673731, 0.5999999999999999778, 0.000000000000000000 ) ) ;
#1693 = CARTESIAN_POINT ( 'NONE',  ( 0.1507074002124195733, 0.1574994064281522166, 0.2270756231802803504 ) ) ;
#1694 = CARTESIAN_POINT ( 'NONE',  ( -0.2705896730861199750, 0.1918203824745193242, 0.2270756231802802672 ) ) ;
#1695 = CARTESIAN_POINT ( 'NONE',  ( -0.4160102527794666827, 0.05194176459345253155, 0.2270756231802802949 ) ) ;
#1696 = CARTESIAN_POINT ( 'NONE',  ( 0.3365947873863616713, 0.1248285621300074116, 0.1877055431802803487 ) ) ;
#1697 = CARTESIAN_POINT ( 'NONE',  ( 0.2691321677754317521, 0.1279598359600032098, 0.2270756231802803504 ) ) ;
#1698 = CARTESIAN_POINT ( 'NONE',  ( 0.1137884598763712618, 0.1410137884066510472, 0.1877055431802803209 ) ) ;
#1699 = CARTESIAN_POINT ( 'NONE',  ( 0.2330429268359290595, 0.1557841197812466771, 0.1877055431802803209 ) ) ;
#1700 = ORIENTED_EDGE ( 'NONE', *, *, #782, .F. ) ;
#1701 = VECTOR ( 'NONE', #7129, 39.37007874015748143 ) ;
#1702 = ORIENTED_EDGE ( 'NONE', *, *, #6141, .T. ) ;
#1703 = CARTESIAN_POINT ( 'NONE',  ( 0.3521486950495297252, 0.1500672567449960748, 0.1877055431802803209 ) ) ;
#1704 = CARTESIAN_POINT ( 'NONE',  ( -0.4412148742766019427, 0.06522988328734857788, 0.1877055431802803764 ) ) ;
#1705 = CARTESIAN_POINT ( 'NONE',  ( -0.2378003767967910576, 0.08161063583256158993, 0.1877055431802802654 ) ) ;
#1706 = PERSON_AND_ORGANIZATION ( #6420, #5697 ) ;
#1707 = CARTESIAN_POINT ( 'NONE',  ( -0.2338671654535293409, 0.1935602870887397353, 0.1877055431802803209 ) ) ;
#1708 = AXIS2_PLACEMENT_3D ( 'NONE', #4059, #5844, #6361 ) ;
#1709 = CARTESIAN_POINT ( 'NONE',  ( -0.04268500777310202388, 0.1199381103451959002, 0.2270756231802802949 ) ) ;
#1710 = CARTESIAN_POINT ( 'NONE',  ( -0.1888604029292720032, 0.1524775614272266822, 0.2270756231802803504 ) ) ;
#1711 = CARTESIAN_POINT ( 'NONE',  ( 0.1340704558410670544, 0.1550795952179742643, 0.2270756231802804059 ) ) ;
#1712 = ORIENTED_EDGE ( 'NONE', *, *, #7811, .T. ) ;
#1713 = ADVANCED_FACE ( 'NONE', ( #2155 ), #1524, .T. ) ;
#1714 = CARTESIAN_POINT ( 'NONE',  ( -0.1527372607831924967, 0.1700609446030215410, 0.1877055431802803764 ) ) ;
#1715 = CARTESIAN_POINT ( 'NONE',  ( 0.1588454707487091389, 0.1056566717699403968, 0.1877055431802803209 ) ) ;
#1716 = CARTESIAN_POINT ( 'NONE',  ( -0.2280503529776458649, 0.1261019343576196272, 0.1877055431802803209 ) ) ;
#1717 = CARTESIAN_POINT ( 'NONE',  ( 0.1340704558410670544, 0.1550795952179742643, 0.1877055431802804042 ) ) ;
#1718 = ORIENTED_EDGE ( 'NONE', *, *, #1236, .F. ) ;
#1719 = ORIENTED_EDGE ( 'NONE', *, *, #144, .T. ) ;
#1720 = CARTESIAN_POINT ( 'NONE',  ( -0.03117805396589841752, 0.1189715044211966249, 0.1877055431802803764 ) ) ;
#1721 = CARTESIAN_POINT ( 'NONE',  ( -0.3306207253809359536, 0.05337222490834010041, 0.2270756231802802672 ) ) ;
#1722 = CARTESIAN_POINT ( 'NONE',  ( -0.2461792416571752795, 0.05161594897970089857, 0.1877055431802802654 ) ) ;
#1723 = ADVANCED_FACE ( 'NONE', ( #2822 ), #1490, .T. ) ;
#1724 = CARTESIAN_POINT ( 'NONE',  ( -0.1273447170162817776, 0.1533550363974388875, 0.1877055431802803209 ) ) ;
#1725 = CARTESIAN_POINT ( 'NONE',  ( 0.002242012933646667615, 0.1177140840914067954, 0.1877055431802802654 ) ) ;
#1726 = CARTESIAN_POINT ( 'NONE',  ( -0.3436071549549841175, 0.06258414922910718325, 0.2270756231802804059 ) ) ;
#1727 = DIRECTION ( 'NONE',  ( 0.000000000000000000, -1.000000000000000000, 0.000000000000000000 ) ) ;
#1728 = CARTESIAN_POINT ( 'NONE',  ( 0.05970463544723062649, 0.1498559489173968973, 0.1877055431802802377 ) ) ;
#1729 = CARTESIAN_POINT ( 'NONE',  ( -0.05053081379788537664, 0.07934645263187115050, 0.1877055431802803487 ) ) ;
#1730 = EDGE_CURVE ( 'NONE', #5629, #7791, #5012, .T. ) ;
#1731 = CARTESIAN_POINT ( 'NONE',  ( 0.1591564641603178121, 0.1564162333108067016, 0.2270756231802802394 ) ) ;
#1732 = CARTESIAN_POINT ( 'NONE',  ( -0.3170214723594543815, 0.05996860798968742245, 0.2270756231802802949 ) ) ;
#1733 = CARTESIAN_POINT ( 'NONE',  ( 0.1182135305104696776, 0.05508757223430543054, 0.1877055431802803209 ) ) ;
#1734 = CARTESIAN_POINT ( 'NONE',  ( -0.3730646272167696953, 0.07088963399828972223, 0.1877055431802803209 ) ) ;
#1735 = CARTESIAN_POINT ( 'NONE',  ( 0.2736748670741685485, 0.1033656044874853436, 0.1877055431802803209 ) ) ;
#1736 = CARTESIAN_POINT ( 'NONE',  ( 0.2984073524365751795, 0.05508757223430543054, 0.2270756231802802949 ) ) ;
#1737 = CARTESIAN_POINT ( 'NONE',  ( 0.09234494814586630129, 0.1191993570952817050, 0.2270756231802803782 ) ) ;
#1738 = VERTEX_POINT ( 'NONE', #4615 ) ;
#1739 = ORIENTED_EDGE ( 'NONE', *, *, #5881, .F. ) ;
#1740 = EDGE_CURVE ( 'NONE', #7880, #3436, #882, .T. ) ;
#1741 = CARTESIAN_POINT ( 'NONE',  ( 0.2978789563505130356, 0.1437830399075659682, 0.2270756231802802949 ) ) ;
#1742 = CARTESIAN_POINT ( 'NONE',  ( 0.3147576199445136780, 0.1337531185352375807, 0.2270756231802803504 ) ) ;
#1743 = CARTESIAN_POINT ( 'NONE',  ( -0.2413654391637924113, 0.07862314684757659711, 0.1877055431802803487 ) ) ;
#1744 = CARTESIAN_POINT ( 'NONE',  ( -0.2280718227040035018, 0.1907596177290536432, 0.2270756231802802672 ) ) ;
#1745 = AXIS2_PLACEMENT_3D ( 'NONE', #74, #5567, #7906 ) ;
#1746 = VECTOR ( 'NONE', #616, 39.37007874015748143 ) ;
#1747 = CARTESIAN_POINT ( 'NONE',  ( -0.08636448350592255963, 0.08724906565447565487, 0.1877055431802802654 ) ) ;
#1748 = CARTESIAN_POINT ( 'NONE',  ( -0.4044191985402883494, 0.07681518911668357152, 0.1877055431802803487 ) ) ;
#1749 = CARTESIAN_POINT ( 'NONE',  ( -0.1008456255565603754, 0.07805345149939728333, 0.1877055431802803209 ) ) ;
#1750 = ORIENTED_EDGE ( 'NONE', *, *, #3321, .T. ) ;
#1751 = CARTESIAN_POINT ( 'NONE',  ( -0.1628890834677349242, 0.1571693242842661375, 0.1877055431802802099 ) ) ;
#1752 = CARTESIAN_POINT ( 'NONE',  ( -0.2661148331240897891, 0.08629280190399006567, 0.1877055431802803764 ) ) ;
#1753 = CARTESIAN_POINT ( 'NONE',  ( -0.01962720502259097596, 0.1009516909195801865, 0.2270756231802802394 ) ) ;
#1754 = CARTESIAN_POINT ( 'NONE',  ( 0.1156396680292166718, 0.1410176109679389667, 0.1877055431802803487 ) ) ;
#1755 = B_SPLINE_CURVE_WITH_KNOTS ( 'NONE', 3,
 ( #3854, #2927, #2070, #256, #3332, #370, #914, #332, #5346, #2337, #1442, #2107, #6278, #834, #3254, #215, #4492, #5755, #295 ),
 .UNSPECIFIED., .F., .F.,
 ( 4, 1, 1, 1, 1, 1, 1, 1, 1, 1, 1, 1, 1, 1, 1, 1, 4 ),
 ( 0.000000000000000000, 0.06743327249907170307, 0.1335521599200663045, 0.1997046778589729454, 0.2671201877316288220, 0.3352777423402917290, 0.4036283107667173464, 0.4742054460698436613, 0.5479942499729127947, 0.5881356421708164861, 0.6324115522410839185, 0.6818573288135474364, 0.7356293597745978685, 0.7938970358079765477, 0.8577893042072283203, 0.9262923936168981909, 1.000000000000000000 ),
 .UNSPECIFIED. ) ;
#1756 = EDGE_LOOP ( 'NONE', ( #4955, #2721, #5642, #6641 ) ) ;
#1757 = ORIENTED_EDGE ( 'NONE', *, *, #6147, .T. ) ;
#1758 = CARTESIAN_POINT ( 'NONE',  ( -0.02170077366240975511, 0.1092495959426832419, 0.1877055431802802654 ) ) ;
#1759 = CARTESIAN_POINT ( 'NONE',  ( -0.3446372669859970594, 0.06839232440470720265, 0.2270756231802802949 ) ) ;
#1760 = LINE ( 'NONE', #3498, #322 ) ;
#1761 = DIRECTION ( 'NONE',  ( -0.000000000000000000, 1.000000000000000000, -0.000000000000000000 ) ) ;
#1762 = CARTESIAN_POINT ( 'NONE',  ( -0.3422541382856664205, 0.05996049174431000717, 0.2270756231802802672 ) ) ;
#1763 = EDGE_LOOP ( 'NONE', ( #3649, #1200, #4546, #1676, #5430, #3728, #4435, #3488, #1935, #900, #4328, #553, #6357, #1349, #993, #1464, #3811, #5275, #1358 ) ) ;
#1764 = CARTESIAN_POINT ( 'NONE',  ( 0.6387277482552385921, 0.5999999999999999778, 0.2097867123636783793 ) ) ;
#1765 = ORIENTED_EDGE ( 'NONE', *, *, #6728, .F. ) ;
#1766 = CIRCLE ( 'NONE', #6334, 0.02000000000000001776 ) ;
#1767 = CARTESIAN_POINT ( 'NONE',  ( -0.1927091426169278421, 0.05508757223430543054, 0.2270756231802802949 ) ) ;
#1768 = CARTESIAN_POINT ( 'NONE',  ( 0.1835503148683232943, 0.1178957599393610639, 0.2270756231802803504 ) ) ;
#1769 = LINE ( 'NONE', #1168, #5674 ) ;
#1770 = CARTESIAN_POINT ( 'NONE',  ( 0.1470467594951865020, 0.1337600740702422908, 0.1877055431802803209 ) ) ;
#1771 = FACE_OUTER_BOUND ( 'NONE', #7504, .T. ) ;
#1772 = CARTESIAN_POINT ( 'NONE',  ( 0.3253488284592351842, 0.1342334086874205634, 0.1877055431802802377 ) ) ;
#1773 = CARTESIAN_POINT ( 'NONE',  ( -0.1422421802963854676, 0.1217799337332532150, 0.1877055431802803764 ) ) ;
#1774 = LINE ( 'NONE', #1173, #6600 ) ;
#1775 = CARTESIAN_POINT ( 'NONE',  ( 0.08307865209968463838, 0.1329969936317888790, 0.2270756231802802949 ) ) ;
#1776 = ORIENTED_EDGE ( 'NONE', *, *, #4214, .F. ) ;
#1777 = ORIENTED_EDGE ( 'NONE', *, *, #3239, .F. ) ;
#1778 = CARTESIAN_POINT ( 'NONE',  ( 0.3610799374447052346, 0.1374209254441111361, 0.2270756231802802672 ) ) ;
#1779 = LINE ( 'NONE', #607, #5869 ) ;
#1780 = EDGE_CURVE ( 'NONE', #7166, #1977, #2235, .T. ) ;
#1781 = CARTESIAN_POINT ( 'NONE',  ( 0.3200997038682369955, 0.1345465433445408032, 0.1877055431802803487 ) ) ;
#1782 = CARTESIAN_POINT ( 'NONE',  ( -0.2353050050628337220, 0.08500882221256597648, 0.2270756231802803504 ) ) ;
#1783 = DESIGN_CONTEXT ( 'detailed design', #1383, 'design' ) ;
#1784 = CARTESIAN_POINT ( 'NONE',  ( -0.2090108107677271509, 0.1663007680598009852, 0.1877055431802803487 ) ) ;
#1785 = VECTOR ( 'NONE', #1657, 39.37007874015748854 ) ;
#1786 = CARTESIAN_POINT ( 'NONE',  ( -0.08671277677804216377, 0.08865308808328585533, 0.2270756231802802949 ) ) ;
#1787 = VERTEX_POINT ( 'NONE', #3494 ) ;
#1788 = CARTESIAN_POINT ( 'NONE',  ( -0.05474824770475324176, 0.1116465705686482679, 0.1877055431802803209 ) ) ;
#1789 = DIRECTION ( 'NONE',  ( -1.000000000000000000, 0.000000000000000000, -0.000000000000000000 ) ) ;
#1790 = CARTESIAN_POINT ( 'NONE',  ( -0.1600326549389189945, 0.1633045394404971373, 0.1877055431802803487 ) ) ;
#1791 = CARTESIAN_POINT ( 'NONE',  ( 0.1826921663030095511, 0.1290529220651498166, 0.2270756231802802949 ) ) ;
#1792 = CARTESIAN_POINT ( 'NONE',  ( -0.7763573127152829656, 0.5799999999999999600, -0.1978062665827001188 ) ) ;
#1793 = ORIENTED_EDGE ( 'NONE', *, *, #2502, .T. ) ;
#1794 = ORIENTED_EDGE ( 'NONE', *, *, #891, .F. ) ;
#1795 = CARTESIAN_POINT ( 'NONE',  ( -0.4297345498267970410, 0.1004043316527998136, 0.2270756231802802949 ) ) ;
#1796 = CARTESIAN_POINT ( 'NONE',  ( -2.810706616979199380E-05, 0.07667352791291130731, 0.1877055431802803209 ) ) ;
#1797 = AXIS2_PLACEMENT_3D ( 'NONE', #4829, #5381, #2926 ) ;
#1798 = CARTESIAN_POINT ( 'NONE',  ( -0.2507333322954742316, 0.07632033556876730018, 0.1877055431802803764 ) ) ;
#1799 = CARTESIAN_POINT ( 'NONE',  ( -0.4231271264473870364, 0.1648753588776872281, 0.2270756231802803782 ) ) ;
#1800 = ORIENTED_EDGE ( 'NONE', *, *, #4206, .F. ) ;
#1801 = CARTESIAN_POINT ( 'NONE',  ( 0.6859622457331169265, 0.5799999999999999600, -0.2178062665826999977 ) ) ;
#1802 = EDGE_LOOP ( 'NONE', ( #4633, #2228, #3493, #4537 ) ) ;
#1803 = DIRECTION ( 'NONE',  ( 0.000000000000000000, 1.000000000000000000, 0.000000000000000000 ) ) ;
#1804 = CARTESIAN_POINT ( 'NONE',  ( 0.08495165008446524391, 0.1575507258785614484, 0.2270756231802802949 ) ) ;
#1805 = CARTESIAN_POINT ( 'NONE',  ( 0.2721489976647086806, 0.1210515645800658152, 0.1877055431802802377 ) ) ;
#1806 = DIRECTION ( 'NONE',  ( 0.3090169943757414273, 0.000000000000000000, 0.9510565162948957374 ) ) ;
#1807 = CARTESIAN_POINT ( 'NONE',  ( -0.3991748916257754631, 0.1954130865284157692, 0.1877055431802802654 ) ) ;
#1808 = LINE ( 'NONE', #2519, #2688 ) ;
#1809 = CARTESIAN_POINT ( 'NONE',  ( -0.1644020105505862306, 0.1478815228559046957, 0.2270756231802802949 ) ) ;
#1810 = CARTESIAN_POINT ( 'NONE',  ( -0.4502140151082599795, 0.08076255979346129432, 0.1877055431802803209 ) ) ;
#1811 = CARTESIAN_POINT ( 'NONE',  ( -0.2641325776890587895, 0.1648753588776872281, 0.1877055431802803487 ) ) ;
#1812 = EDGE_LOOP ( 'NONE', ( #2743, #2574, #1921, #4158 ) ) ;
#1813 = EDGE_CURVE ( 'NONE', #4286, #2510, #7127, .T. ) ;
#1814 = ORIENTED_EDGE ( 'NONE', *, *, #4551, .F. ) ;
#1815 = FACE_BOUND ( 'NONE', #2741, .T. ) ;
#1816 = CARTESIAN_POINT ( 'NONE',  ( 0.6837217283835673731, 0.5799999999999999600, 0.2070756231802803049 ) ) ;
#1817 = CARTESIAN_POINT ( 'NONE',  ( 0.3042593962401852203, 0.1266195112699204928, 0.2270756231802803504 ) ) ;
#1818 = EDGE_CURVE ( 'NONE', #4474, #5760, #6522, .T. ) ;
#1819 = CARTESIAN_POINT ( 'NONE',  ( 0.09297301466729925024, 0.1148058578033423205, 0.2270756231802802949 ) ) ;
#1820 = CIRCLE ( 'NONE', #5572, 0.01999999999999999001 ) ;
#1821 = VECTOR ( 'NONE', #1913, 39.37007874015748143 ) ;
#1822 = EDGE_CURVE ( 'NONE', #2197, #545, #5077, .T. ) ;
#1823 = CARTESIAN_POINT ( 'NONE',  ( -0.2046861512015537288, 0.1480261618427363979, 0.1877055431802803487 ) ) ;
#1824 = EDGE_CURVE ( 'NONE', #4727, #5845, #2143, .T. ) ;
#1825 = CARTESIAN_POINT ( 'NONE',  ( -0.3838486450326329402, 0.05869635865683606873, 0.2270756231802802116 ) ) ;
#1826 = ORIENTED_EDGE ( 'NONE', *, *, #3347, .T. ) ;
#1827 = VECTOR ( 'NONE', #1532, 39.37007874015748143 ) ;
#1828 = CARTESIAN_POINT ( 'NONE',  ( -0.1726535823766880140, 0.1863168320338939032, 0.1877055431802803487 ) ) ;
#1829 = EDGE_CURVE ( 'NONE', #4722, #3818, #871, .T. ) ;
#1830 = CARTESIAN_POINT ( 'NONE',  ( -0.04091903434921115301, 0.05155436003967591579, 0.1877055431802803209 ) ) ;
#1831 = CARTESIAN_POINT ( 'NONE',  ( -0.2356446563304160080, 0.1637728252068556267, 0.2270756231802803782 ) ) ;
#1832 = CARTESIAN_POINT ( 'NONE',  ( 0.1822267182067013047, 0.1321571736990937163, 0.2270756231802803782 ) ) ;
#1833 = CARTESIAN_POINT ( 'NONE',  ( 0.1438330338633151129, 0.1574036748098806004, 0.1877055431802802377 ) ) ;
#1834 = VERTEX_POINT ( 'NONE', #6876 ) ;
#1835 = ORIENTED_EDGE ( 'NONE', *, *, #5941, .F. ) ;
#1836 = FACE_OUTER_BOUND ( 'NONE', #3717, .T. ) ;
#1837 = ADVANCED_FACE ( 'NONE', ( #6352 ), #3444, .T. ) ;
#1838 = CARTESIAN_POINT ( 'NONE',  ( -0.3354246580235467068, 0.05433163519004473307, 0.1877055431802803487 ) ) ;
#1839 = DIRECTION ( 'NONE',  ( 0.000000000000000000, 1.000000000000000000, 0.000000000000000000 ) ) ;
#1840 = LINE ( 'NONE', #3055, #6317 ) ;
#1841 = DIRECTION ( 'NONE',  ( -0.000000000000000000, -0.000000000000000000, 1.000000000000000000 ) ) ;
#1842 = ORIENTED_EDGE ( 'NONE', *, *, #7125, .T. ) ;
#1843 = CARTESIAN_POINT ( 'NONE',  ( -0.3146542512795814650, 0.06940157933896519415, 0.1877055431802802654 ) ) ;
#1844 = CARTESIAN_POINT ( 'NONE',  ( 0.08033175606727160911, 0.1574212869062753262, 0.1877055431802803209 ) ) ;
#1845 = CARTESIAN_POINT ( 'NONE',  ( 0.7811982400720804964, 0.5799999999999999600, 0.2538266948626245467 ) ) ;
#1846 = CARTESIAN_POINT ( 'NONE',  ( 0.1489359146715841520, 0.1575507258785614484, 0.2270756231802802949 ) ) ;
#1847 = CARTESIAN_POINT ( 'NONE',  ( -0.3296211151588215871, 0.05332096613699067317, 0.2270756231802802949 ) ) ;
#1848 = CARTESIAN_POINT ( 'NONE',  ( 0.1571699756879950394, 0.1224609800327510489, 0.1877055431802802654 ) ) ;
#1849 = CARTESIAN_POINT ( 'NONE',  ( 0.6859622457331169265, 0.5999999999999999778, -0.2178062665826999977 ) ) ;
#1850 = CARTESIAN_POINT ( 'NONE',  ( 0.2462919406036102876, 0.1325572742355684563, 0.1877055431802803209 ) ) ;
#1851 = FACE_OUTER_BOUND ( 'NONE', #5803, .T. ) ;
#1852 = CARTESIAN_POINT ( 'NONE',  ( 0.1588454707487091389, 0.1056566717699403968, 0.2270756231802802949 ) ) ;
#1853 = CARTESIAN_POINT ( 'NONE',  ( -0.4257333098180551278, 0.05432712697290471848, 0.1877055431802802377 ) ) ;
#1854 = B_SPLINE_CURVE_WITH_KNOTS ( 'NONE', 3,
 ( #6102, #1386, #4326, #5583, #3121, #650, #4361, #7399, #4284, #6826, #822 ),
 .UNSPECIFIED., .F., .F.,
 ( 4, 1, 1, 1, 1, 1, 1, 1, 4 ),
 ( 0.000000000000000000, 0.08887073112253614238, 0.1863547159714915302, 0.2940776543961755585, 0.4122365279576112318, 0.5417781444209643915, 0.6827026066315659003, 0.8350963526041702556, 1.000000000000000000 ),
 .UNSPECIFIED. ) ;
#1855 = CARTESIAN_POINT ( 'NONE',  ( -0.1692296888840178481, 0.1890555692661894105, 0.2270756231802802949 ) ) ;
#1856 = EDGE_CURVE ( 'NONE', #3922, #3583, #1864, .T. ) ;
#1857 = ORIENTED_EDGE ( 'NONE', *, *, #4631, .F. ) ;
#1858 = CARTESIAN_POINT ( 'NONE',  ( 0.3274146453981864879, 0.1575013016409105848, 0.2270756231802803504 ) ) ;
#1859 = CARTESIAN_POINT ( 'NONE',  ( -0.3928617142118576155, 0.1935602870887397631, 0.2270756231802803504 ) ) ;
#1860 = CARTESIAN_POINT ( 'NONE',  ( 0.7954022872182958670, 0.5799999999999999600, 0.2270756231802802949 ) ) ;
#1861 = CARTESIAN_POINT ( 'NONE',  ( 0.09347497399893862913, 0.1065134203498643017, 0.2270756231802804892 ) ) ;
#1862 = CARTESIAN_POINT ( 'NONE',  ( 0.1240655743140797185, 0.1266195112699204928, 0.2270756231802802949 ) ) ;
#1863 = CARTESIAN_POINT ( 'NONE',  ( 0.08957976104477237411, 0.1574051511789754387, 0.1877055431802803209 ) ) ;
#1864 = B_SPLINE_CURVE_WITH_KNOTS ( 'NONE', 3,
 ( #251, #1591, #2104, #2693, #3850, #6274, #4563, #831, #291, #6316, #4604 ),
 .UNSPECIFIED., .F., .F.,
 ( 4, 1, 1, 1, 1, 1, 1, 1, 4 ),
 ( 0.000000000000000000, 0.1610711239484212687, 0.3107888083803542756, 0.4499038238309442939, 0.5783763165061847067, 0.6966172119048391620, 0.8059873227104091820, 0.9065617032890804783, 1.000000000000000000 ),
 .UNSPECIFIED. ) ;
#1865 = CARTESIAN_POINT ( 'NONE',  ( -0.1441030870729165247, 0.1716209277666180255, 0.1877055431802803209 ) ) ;
#1866 = ORIENTED_EDGE ( 'NONE', *, *, #4771, .F. ) ;
#1867 = CARTESIAN_POINT ( 'NONE',  ( -0.1813688884068177520, 0.1760051564090625298, 0.1877055431802803209 ) ) ;
#1868 = CARTESIAN_POINT ( 'NONE',  ( -0.3879599928649458129, 0.1061605371993063207, 0.2270756231802802949 ) ) ;
#1869 = CARTESIAN_POINT ( 'NONE',  ( -0.2280503529776458649, 0.1261019343576196272, 0.2270756231802804059 ) ) ;
#1870 = DIRECTION ( 'NONE',  ( 0.000000000000000000, 0.000000000000000000, -1.000000000000000000 ) ) ;
#1871 = CARTESIAN_POINT ( 'NONE',  ( -0.2856215820475758171, 0.1776734734557873785, 0.1877055431802803209 ) ) ;
#1872 = ORIENTED_EDGE ( 'NONE', *, *, #6485, .T. ) ;
#1873 = VECTOR ( 'NONE', #1577, 39.37007874015748143 ) ;
#1874 = EDGE_CURVE ( 'NONE', #3177, #5342, #7557, .T. ) ;
#1875 = LINE ( 'NONE', #6233, #7027 ) ;
#1876 = CARTESIAN_POINT ( 'NONE',  ( -0.1026122316538751328, 0.1550940392744830920, 0.1877055431802803209 ) ) ;
#1877 = CARTESIAN_POINT ( 'NONE',  ( -0.4089251669960918267, 0.1716835746570795074, 0.1877055431802803209 ) ) ;
#1878 = VECTOR ( 'NONE', #2353, 39.37007874015748143 ) ;
#1879 = DIRECTION ( 'NONE',  ( -0.000000000000000000, -0.000000000000000000, 1.000000000000000000 ) ) ;
#1880 = CARTESIAN_POINT ( 'NONE',  ( -0.2645013994219807540, 0.08391923291525860140, 0.2270756231802802394 ) ) ;
#1881 = ORIENTED_EDGE ( 'NONE', *, *, #6116, .F. ) ;
#1882 = CARTESIAN_POINT ( 'NONE',  ( -0.3296211151588215871, 0.08335326979134158321, 0.1877055431802803209 ) ) ;
#1883 = CARTESIAN_POINT ( 'NONE',  ( 0.05394919329243837852, 0.1448594210569836005, 0.1877055431802803764 ) ) ;
#1884 = CARTESIAN_POINT ( 'NONE',  ( 0.9063137413222659422, 0.5999999999999999778, -0.06651786402957461652 ) ) ;
#1885 = CARTESIAN_POINT ( 'NONE',  ( -0.4311273668637569112, 0.1162354866542672505, 0.1877055431802802654 ) ) ;
#1886 = CARTESIAN_POINT ( 'NONE',  ( 0.2714807275994840507, 0.1231556170097662106, 0.1877055431802804042 ) ) ;
#1887 = CARTESIAN_POINT ( 'NONE',  ( 0.1345637980184082039, 0.1337531185352375529, 0.2270756231802802949 ) ) ;
#1888 = CARTESIAN_POINT ( 'NONE',  ( -0.3928617142118576155, 0.1935602870887397631, 0.2270756231802804059 ) ) ;
#1889 = CARTESIAN_POINT ( 'NONE',  ( -0.4545211211598248480, 0.09867708236101879749, 0.1877055431802803209 ) ) ;
#1890 = CARTESIAN_POINT ( 'NONE',  ( 0.2736727905277395734, 0.1044422681723898433, 0.2270756231802802949 ) ) ;
#1891 = CARTESIAN_POINT ( 'NONE',  ( 0.1578006642873100995, 0.1197558209504470672, 0.2270756231802803504 ) ) ;
#1892 = CARTESIAN_POINT ( 'NONE',  ( -0.4551501622491137544, 0.1041195125825900847, 0.1877055431802803209 ) ) ;
#1893 = CARTESIAN_POINT ( 'NONE',  ( -0.2720679599032729823, 0.1316704175347040706, 0.2270756231802804337 ) ) ;
#1894 = VECTOR ( 'NONE', #4533, 39.37007874015748143 ) ;
#1895 = VECTOR ( 'NONE', #4181, 39.37007874015748143 ) ;
#1896 = EDGE_LOOP ( 'NONE', ( #4489, #6149, #3395, #3998 ) ) ;
#1897 = CARTESIAN_POINT ( 'NONE',  ( 0.1588454707487091389, 0.05508757223430543054, 0.1877055431802803209 ) ) ;
#1898 = CARTESIAN_POINT ( 'NONE',  ( -0.3645113984606581647, 0.1531454916444926484, 0.2270756231802802949 ) ) ;
#1899 = CARTESIAN_POINT ( 'NONE',  ( -0.3896097548068300220, 0.09658589484604272746, 0.1877055431802803209 ) ) ;
#1900 = EDGE_LOOP ( 'NONE', ( #2940, #6034, #6946, #795 ) ) ;
#1901 = CARTESIAN_POINT ( 'NONE',  ( 0.2083104414735224286, 0.05508757223430543054, 0.2270756231802802949 ) ) ;
#1902 = CARTESIAN_POINT ( 'NONE',  ( -0.7203208832789490534, 0.5999999999999999778, 0.2365855411210313064 ) ) ;
#1903 = CARTESIAN_POINT ( 'NONE',  ( 0.08957976104477237411, 0.1574051511789754387, 0.2270756231802803504 ) ) ;
#1904 = CARTESIAN_POINT ( 'NONE',  ( -0.3623164880116803155, 0.1217030750678314566, 0.2270756231802802672 ) ) ;
#1905 = EDGE_CURVE ( 'NONE', #7000, #7120, #5190, .T. ) ;
#1906 = VERTEX_POINT ( 'NONE', #211 ) ;
#1907 = CARTESIAN_POINT ( 'NONE',  ( -0.1486570534972381508, 0.1963271893724093942, 0.2270756231802802672 ) ) ;
#1908 = CARTESIAN_POINT ( 'NONE',  ( -0.03362685790243533090, 0.07713541903298914981, 0.1877055431802802654 ) ) ;
#1909 = CARTESIAN_POINT ( 'NONE',  ( 0.1831266415657444857, 0.1256504890311046230, 0.2270756231802802949 ) ) ;
#1910 = CARTESIAN_POINT ( 'NONE',  ( -0.1051352322305385140, 0.1387934803129742267, 0.2270756231802802949 ) ) ;
#1911 = VERTEX_POINT ( 'NONE', #7520 ) ;
#1912 = EDGE_CURVE ( 'NONE', #5361, #3617, #2186, .T. ) ;
#1913 = DIRECTION ( 'NONE',  ( -0.000000000000000000, -0.000000000000000000, 1.000000000000000000 ) ) ;
#1914 = CARTESIAN_POINT ( 'NONE',  ( -0.1109778147752464444, 0.1803588126667233782, 0.2270756231802802672 ) ) ;
#1915 = CARTESIAN_POINT ( 'NONE',  ( -0.2667387610597269365, 0.05432712697290471848, 0.1877055431802802654 ) ) ;
#1916 = ADVANCED_FACE ( 'NONE', ( #4985 ), #5661, .F. ) ;
#1917 = LINE ( 'NONE', #4337, #1504 ) ;
#1918 = CARTESIAN_POINT ( 'NONE',  ( -0.4312009657544200736, 0.1223566200336189819, 0.2270756231802802949 ) ) ;
#1919 = ADVANCED_FACE ( 'NONE', ( #1461 ), #2601, .T. ) ;
#1920 = EDGE_CURVE ( 'NONE', #334, #2220, #7427, .T. ) ;
#1921 = ORIENTED_EDGE ( 'NONE', *, *, #7502, .T. ) ;
#1922 = CARTESIAN_POINT ( 'NONE',  ( 0.05611517690109347339, 0.1470455209631993665, 0.2270756231802802949 ) ) ;
#1923 = CARTESIAN_POINT ( 'NONE',  ( -0.01300807422368090334, 0.1379967597445732330, 0.1877055431802803487 ) ) ;
#1924 = CARTESIAN_POINT ( 'NONE',  ( -0.2788019907243203255, 0.1859040987637402553, 0.1877055431802802377 ) ) ;
#1925 = CARTESIAN_POINT ( 'NONE',  ( -0.08636448350592255963, 0.08724906565447565487, 0.1877055431802802654 ) ) ;
#1926 = CARTESIAN_POINT ( 'NONE',  ( -0.4559334511168267046, 0.1226326522363244131, 0.2270756231802802949 ) ) ;
#1927 = CARTESIAN_POINT ( 'NONE',  ( 0.1196329223292847688, 0.1170300000176340005, 0.2270756231802802949 ) ) ;
#1928 = CARTESIAN_POINT ( 'NONE',  ( -0.3695288629898882404, 0.1700109328996069757, 0.2270756231802803504 ) ) ;
#1929 = CARTESIAN_POINT ( 'NONE',  ( 0.2435597195323108699, 0.1309152108147105531, 0.1877055431802802654 ) ) ;
#1930 = EDGE_CURVE ( 'NONE', #1583, #6686, #686, .T. ) ;
#1931 = DIRECTION ( 'NONE',  ( -1.000000000000000000, -0.000000000000000000, -0.000000000000000000 ) ) ;
#1932 = CARTESIAN_POINT ( 'NONE',  ( -0.1492054537420249571, 0.1713115934558359921, 0.2270756231802803504 ) ) ;
#1933 = CARTESIAN_POINT ( 'NONE',  ( -0.4088147541150096154, 0.05155436003967591579, 0.1877055431802803209 ) ) ;
#1934 = DIRECTION ( 'NONE',  ( -0.000000000000000000, -0.000000000000000000, 1.000000000000000000 ) ) ;
#1935 = ORIENTED_EDGE ( 'NONE', *, *, #6869, .F. ) ;
#1936 = CARTESIAN_POINT ( 'NONE',  ( -0.3436071549549841175, 0.06258414922910718325, 0.1877055431802804042 ) ) ;
#1937 = CARTESIAN_POINT ( 'NONE',  ( -0.3636806999598819479, 0.1480261618427363701, 0.1877055431802803764 ) ) ;
#1938 = CARTESIAN_POINT ( 'NONE',  ( -0.3626296265731024371, 0.1366511633406932436, 0.2270756231802802949 ) ) ;
#1939 = CARTESIAN_POINT ( 'NONE',  ( -0.2947386947200055229, 0.09361685175999388819, 0.1877055431802802377 ) ) ;
#1940 = ORIENTED_EDGE ( 'NONE', *, *, #7036, .T. ) ;
#1941 = CARTESIAN_POINT ( 'NONE',  ( 0.09234494814586630129, 0.1191993570952817050, 0.2270756231802804892 ) ) ;
#1942 = DIRECTION ( 'NONE',  ( -0.000000000000000000, -0.000000000000000000, 1.000000000000000000 ) ) ;
#1943 = FACE_OUTER_BOUND ( 'NONE', #4333, .T. ) ;
#1944 = CARTESIAN_POINT ( 'NONE',  ( -0.2046861512015537288, 0.1480261618427363979, 0.2270756231802803504 ) ) ;
#1945 = ORIENTED_EDGE ( 'NONE', *, *, #448, .F. ) ;
#1946 = CARTESIAN_POINT ( 'NONE',  ( 0.3212076123800438054, 0.1345848466134695887, 0.1877055431802803487 ) ) ;
#1947 = CARTESIAN_POINT ( 'NONE',  ( -0.02101325830148443805, 0.08970881242483075280, 0.2270756231802802394 ) ) ;
#1948 = CARTESIAN_POINT ( 'NONE',  ( -0.02507727918848490570, 0.1143339945519418893, 0.2270756231802802949 ) ) ;
#1949 = CARTESIAN_POINT ( 'NONE',  ( -0.1008456255565603754, 0.05508757223430543054, 0.1877055431802803209 ) ) ;
#1950 = ORIENTED_EDGE ( 'NONE', *, *, #5291, .F. ) ;
#1951 = ADVANCED_FACE ( 'NONE', ( #4355 ), #194, .T. ) ;
#1952 = CARTESIAN_POINT ( 'NONE',  ( -0.4121291659522705042, 0.1715317114765750328, 0.1877055431802803487 ) ) ;
#1953 = CARTESIAN_POINT ( 'NONE',  ( -0.1080496390724431793, 0.1756506930000498179, 0.2270756231802803504 ) ) ;
#1954 = CARTESIAN_POINT ( 'NONE',  ( -0.2776258857339357622, 0.06066711964617892833, 0.1877055431802803209 ) ) ;
#1955 = ORIENTED_EDGE ( 'NONE', *, *, #7803, .T. ) ;
#1956 = CARTESIAN_POINT ( 'NONE',  ( -0.2675715988698872949, 0.08908294506367803178, 0.1877055431802802654 ) ) ;
#1957 = CARTESIAN_POINT ( 'NONE',  ( -0.2627499461633203692, 0.08190168858459757895, 0.2270756231802803504 ) ) ;
#1958 = ORIENTED_EDGE ( 'NONE', *, *, #4067, .F. ) ;
#1959 = CARTESIAN_POINT ( 'NONE',  ( -0.2962927824037647206, 0.1401030605031331200, 0.1877055431802803764 ) ) ;
#1960 = ADVANCED_FACE ( 'NONE', ( #1338 ), #1973, .T. ) ;
#1961 = DIRECTION ( 'NONE',  ( 0.000000000000000000, -1.000000000000000000, -0.000000000000000000 ) ) ;
#1962 = CARTESIAN_POINT ( 'NONE',  ( -0.3146049633316461702, 0.06839232440470720265, 0.1877055431802803209 ) ) ;
#1963 = CARTESIAN_POINT ( 'NONE',  ( -0.2498202053566814518, 0.05155436003967592273, 0.2270756231802803504 ) ) ;
#1964 = DIRECTION ( 'NONE',  ( -1.000000000000000000, 0.000000000000000000, -0.000000000000000000 ) ) ;
#1965 = CARTESIAN_POINT ( 'NONE',  ( 0.3147576199445136780, 0.1337531185352375807, 0.2270756231802802949 ) ) ;
#1966 = LINE ( 'NONE', #4348, #1687 ) ;
#1967 = CARTESIAN_POINT ( 'NONE',  ( -0.1628890834677349242, 0.1571693242842661375, 0.2270756231802802116 ) ) ;
#1968 = CARTESIAN_POINT ( 'NONE',  ( 0.1182135305104696776, 0.1000532180550201544, 0.1877055431802803209 ) ) ;
#1969 = CARTESIAN_POINT ( 'NONE',  ( -0.1655355737953568829, 0.1913155063054358118, 0.2270756231802803504 ) ) ;
#1970 = EDGE_CURVE ( 'NONE', #581, #2685, #991, .T. ) ;
#1971 = ORIENTED_EDGE ( 'NONE', *, *, #3514, .F. ) ;
#1972 = CARTESIAN_POINT ( 'NONE',  ( -0.1507303888673315606, 0.1123058706817441632, 0.2270756231802802949 ) ) ;
#1973 = PLANE ( 'NONE',  #26 ) ;
#1974 = DIRECTION ( 'NONE',  ( 0.000000000000000000, 0.000000000000000000, -1.000000000000000000 ) ) ;
#1975 = EDGE_CURVE ( 'NONE', #839, #3330, #6857, .T. ) ;
#1976 = CARTESIAN_POINT ( 'NONE',  ( -0.2331057812615791036, 0.08891139733545250223, 0.1877055431802803209 ) ) ;
#1977 = VERTEX_POINT ( 'NONE', #7466 ) ;
#1978 = CARTESIAN_POINT ( 'NONE',  ( 0.2861581414739868823, 0.1505145623102361607, 0.2270756231802803504 ) ) ;
#1979 = CARTESIAN_POINT ( 'NONE',  ( -0.8857973542005871392, 0.5799999999999999600, 0.2070756231802803049 ) ) ;
#1980 = ORIENTED_EDGE ( 'NONE', *, *, #4372, .T. ) ;
#1981 = CARTESIAN_POINT ( 'NONE',  ( -0.3655218432427715936, 0.08968081195020953522, 0.2270756231802803504 ) ) ;
#1982 = EDGE_CURVE ( 'NONE', #78, #6532, #2133, .T. ) ;
#1983 = ORIENTED_EDGE ( 'NONE', *, *, #4978, .T. ) ;
#1984 = CARTESIAN_POINT ( 'NONE',  ( 0.1183738541507912134, 0.1066331478077492678, 0.1877055431802803764 ) ) ;
#1985 = CARTESIAN_POINT ( 'NONE',  ( -0.3873829398693962589, 0.1116533956497245544, 0.1877055431802802377 ) ) ;
#1986 = CARTESIAN_POINT ( 'NONE',  ( -0.1155082003810783131, 0.1168132738654407005, 0.2270756231802803504 ) ) ;
#1987 = ORIENTED_EDGE ( 'NONE', *, *, #3716, .T. ) ;
#1988 = LINE ( 'NONE', #3812, #4232 ) ;
#1989 = CARTESIAN_POINT ( 'NONE',  ( -0.1227574078834096083, 0.1911716900992753432, 0.1877055431802803487 ) ) ;
#1990 = CARTESIAN_POINT ( 'NONE',  ( -0.2862340349378904580, 0.07072684147570754143, 0.1877055431802803487 ) ) ;
#1991 = EDGE_LOOP ( 'NONE', ( #2059, #6384, #5619, #7645 ) ) ;
#1992 = CARTESIAN_POINT ( 'NONE',  ( 0.003384134185010541189, 0.1699169685597647361, 0.1877055431802803209 ) ) ;
#1993 = CARTESIAN_POINT ( 'NONE',  ( 0.2358028920877462409, 0.1209931974105246527, 0.1877055431802803764 ) ) ;
#1994 = AXIS2_PLACEMENT_3D ( 'NONE', #4721, #3652, #5424 ) ;
#1995 = ORIENTED_EDGE ( 'NONE', *, *, #2550, .F. ) ;
#1996 = CARTESIAN_POINT ( 'NONE',  ( 0.06739305646467812216, 0.1542048047760349039, 0.2270756231802802949 ) ) ;
#1997 = B_SPLINE_CURVE_WITH_KNOTS ( 'NONE', 3,
 ( #803, #6243, #3863, #1924, #2667, #2553, #7381, #5011, #841, #6123, #4932 ),
 .UNSPECIFIED., .F., .F.,
 ( 4, 1, 1, 1, 1, 1, 1, 1, 4 ),
 ( 0.000000000000000000, 0.1323140339085643324, 0.2587000085531550031, 0.3809118214856540563, 0.5005348689728935652, 0.6209226176484480275, 0.7423757653984722760, 0.8682808341788562645, 1.000000000000000000 ),
 .UNSPECIFIED. ) ;
#1998 = EDGE_CURVE ( 'NONE', #974, #7042, #7870, .T. ) ;
#1999 = DIRECTION ( 'NONE',  ( 0.000000000000000000, 1.000000000000000000, -0.000000000000000000 ) ) ;
#2000 = CARTESIAN_POINT ( 'NONE',  ( -0.08081801466344307183, 0.07321206205817967771, 0.1877055431802803209 ) ) ;
#2001 = CARTESIAN_POINT ( 'NONE',  ( -0.2392828171765361833, 0.05253816099495971226, 0.2270756231802802116 ) ) ;
#2002 = DIRECTION ( 'NONE',  ( 0.000000000000000000, -1.000000000000000000, 0.000000000000000000 ) ) ;
#2003 = CARTESIAN_POINT ( 'NONE',  ( -0.1026353496870095056, 0.1540443565201723153, 0.2270756231802802949 ) ) ;
#2004 = CARTESIAN_POINT ( 'NONE',  ( -0.3920199256676207278, 0.05432943408580805100, 0.2270756231802802949 ) ) ;
#2005 = DIRECTION ( 'NONE',  ( 0.000000000000000000, 1.000000000000000000, 0.000000000000000000 ) ) ;
#2006 = DIRECTION ( 'NONE',  ( -0.000000000000000000, -0.000000000000000000, 1.000000000000000000 ) ) ;
#2007 = CARTESIAN_POINT ( 'NONE',  ( -0.1787812631280868703, 0.1797849417789524895, 0.2270756231802803504 ) ) ;
#2008 = ORIENTED_EDGE ( 'NONE', *, *, #6969, .T. ) ;
#2009 = CARTESIAN_POINT ( 'NONE',  ( -0.3422541382856664205, 0.05996049174431000717, 0.1877055431802802654 ) ) ;
#2010 = DIRECTION ( 'NONE',  ( -6.829619984160658243E-15, 1.000000000000000000, 0.000000000000000000 ) ) ;
#2011 = CARTESIAN_POINT ( 'NONE',  ( -1.018337751696372750, 0.5799999999999999600, -0.1978062665827011180 ) ) ;
#2012 = CARTESIAN_POINT ( 'NONE',  ( -0.2296355019478855952, 0.1011273984085603733, 0.2270756231802803504 ) ) ;
#2013 = EDGE_LOOP ( 'NONE', ( #5021, #284, #7107, #1380 ) ) ;
#2014 = CARTESIAN_POINT ( 'NONE',  ( -0.4095324378420436839, 0.1964160600194861384, 0.1877055431802803209 ) ) ;
#2015 = CARTESIAN_POINT ( 'NONE',  ( 0.3212076123800438054, 0.1345848466134695887, 0.2270756231802803504 ) ) ;
#2016 = VECTOR ( 'NONE', #7783, 39.37007874015748143 ) ;
#2017 = CARTESIAN_POINT ( 'NONE',  ( 0.1092518855273153927, 0.1473770897489063703, 0.2270756231802802672 ) ) ;
#2018 = ORIENTED_EDGE ( 'NONE', *, *, #6979, .F. ) ;
#2019 = CC_DESIGN_PERSON_AND_ORGANIZATION_ASSIGNMENT ( #746, #1435, ( #7376 ) ) ;
#2020 = CARTESIAN_POINT ( 'NONE',  ( -0.1326980689821333770, 0.1952257780714161395, 0.2270756231802802949 ) ) ;
#2021 = EDGE_CURVE ( 'NONE', #4323, #974, #3236, .T. ) ;
#2022 = EDGE_LOOP ( 'NONE', ( #5682, #6326, #5905, #3357 ) ) ;
#2023 = AXIS2_PLACEMENT_3D ( 'NONE', #3884, #5110, #7636 ) ;
#2024 = CARTESIAN_POINT ( 'NONE',  ( -0.2033087792008162475, 0.1239300035890399387, 0.1877055431802803209 ) ) ;
#2025 = CARTESIAN_POINT ( 'NONE',  ( -0.3938262055081047097, 0.08575474995487882002, 0.1877055431802803209 ) ) ;
#2026 = LINE ( 'NONE', #3929, #4307 ) ;
#2027 = CARTESIAN_POINT ( 'NONE',  ( -0.1026818805772646281, 0.1519316044205593075, 0.1877055431802803487 ) ) ;
#2028 = ORIENTED_EDGE ( 'NONE', *, *, #2268, .F. ) ;
#2029 = AXIS2_PLACEMENT_3D ( 'NONE', #1979, #48, #1345 ) ;
#2030 = DIRECTION ( 'NONE',  ( -0.3120445760271329250, -0.000000000000000000, -0.9500674621162682465 ) ) ;
#2031 = CARTESIAN_POINT ( 'NONE',  ( -0.1039117551669436618, 0.1655105160120904639, 0.2270756231802803504 ) ) ;
#2032 = CARTESIAN_POINT ( 'NONE',  ( 0.2398984573733361214, 0.1498559489173968973, 0.1877055431802803764 ) ) ;
#2033 = EDGE_LOOP ( 'NONE', ( #3876, #1649, #7271, #3972 ) ) ;
#2034 = CARTESIAN_POINT ( 'NONE',  ( 0.2332031547285542128, 0.1060534965843292071, 0.2270756231802803504 ) ) ;
#2035 = FACE_OUTER_BOUND ( 'NONE', #1580, .T. ) ;
#2036 = ORIENTED_EDGE ( 'NONE', *, *, #5786, .F. ) ;
#2037 = CARTESIAN_POINT ( 'NONE',  ( 0.06739305646467812216, 0.1542048047760349039, 0.1877055431802803209 ) ) ;
#2038 = LINE ( 'NONE', #761, #1183 ) ;
#2039 = CARTESIAN_POINT ( 'NONE',  ( -0.08567912421664132527, 0.08448627954583701194, 0.1877055431802803764 ) ) ;
#2040 = CARTESIAN_POINT ( 'NONE',  ( -0.2140700784584413652, 0.07088963399828969447, 0.2270756231802803504 ) ) ;
#2041 = CARTESIAN_POINT ( 'NONE',  ( 0.6584346073235440855, 0.5999999999999999778, -0.2178062665826999977 ) ) ;
#2042 = CARTESIAN_POINT ( 'NONE',  ( -0.1109149880835703372, 0.1246195939314029555, 0.2270756231802803504 ) ) ;
#2043 = CARTESIAN_POINT ( 'NONE',  ( -0.3623164880116803155, 0.1217030750678314566, 0.2270756231802802672 ) ) ;
#2044 = CARTESIAN_POINT ( 'NONE',  ( -0.1273447170162817776, 0.1533550363974388875, 0.2270756231802802949 ) ) ;
#2045 = CARTESIAN_POINT ( 'NONE',  ( -0.3870358133215511254, 0.1239300035890399387, 0.1877055431802803209 ) ) ;
#2046 = ORIENTED_EDGE ( 'NONE', *, *, #495, .T. ) ;
#2047 = CARTESIAN_POINT ( 'NONE',  ( -0.3623033279591444944, 0.1239300035890399387, 0.2270756231802802949 ) ) ;
#2048 = DIRECTION ( 'NONE',  ( 5.515458263038554773E-13, -6.079817393581883364E-13, 1.000000000000000000 ) ) ;
#2049 = CARTESIAN_POINT ( 'NONE',  ( 0.004410711597490657963, 0.08981608499764620612, 0.2270756231802803782 ) ) ;
#2050 = CARTESIAN_POINT ( 'NONE',  ( -0.2342743688315188644, 0.08677403637468353303, 0.2270756231802802949 ) ) ;
#2051 = EDGE_LOOP ( 'NONE', ( #3665, #6074, #1281, #6781 ) ) ;
#2052 = CARTESIAN_POINT ( 'NONE',  ( -0.3896097548068300220, 0.09658589484604272746, 0.2270756231802802949 ) ) ;
#2053 = CARTESIAN_POINT ( 'NONE',  ( -0.2720679599032729823, 0.1316704175347040706, 0.2270756231802803782 ) ) ;
#2054 = CARTESIAN_POINT ( 'NONE',  ( -0.1451877144358069416, 0.1183612938691500638, 0.1877055431802803209 ) ) ;
#2055 = B_SPLINE_SURFACE_WITH_KNOTS ( 'NONE', 3, 1, ( 
 ( #5355, #4882 ),
 ( #7804, #1869 ),
 ( #3569, #460 ),
 ( #540, #7843 ),
 ( #2381, #2897 ),
 ( #5320, #4804 ),
 ( #7768, #6637 ),
 ( #7282, #2421 ),
 ( #6028, #5425 ),
 ( #7884, #4841 ),
 ( #1228, #1831 ),
 ( #4254, #3653 ),
 ( #6071, #6516 ),
 ( #1072, #6717 ),
 ( #1272, #6108 ),
 ( #658, #3690 ),
 ( #4291, #4544 ),
 ( #7578, #6295 ),
 ( #961, #5654 ) ),
 .UNSPECIFIED., .F., .F., .F.,
 ( 4, 1, 1, 1, 1, 1, 1, 1, 1, 1, 1, 1, 1, 1, 1, 1, 4 ),
 ( 2, 2 ),
 ( 0.000000000000000000, 0.1121147956622135650, 0.2158018426882336027, 0.3102026923156548932, 0.3959929252987141046, 0.4734102307422355382, 0.5427784203605524604, 0.6045480222829328065, 0.6593572656120958442, 0.7087643617117437289, 0.7553555059484811096, 0.7986869938006718739, 0.8400168391480735686, 0.8802034470065461802, 0.9197333482458334153, 0.9590486059010158160, 1.000000000000000000 ),
 ( 0.000000000000000000, 1.000000000000000000 ),
 .UNSPECIFIED. ) ;
#2056 = EDGE_LOOP ( 'NONE', ( #5604, #916, #7471, #7544 ) ) ;
#2057 = EDGE_CURVE ( 'NONE', #1600, #2636, #123, .T. ) ;
#2058 = CARTESIAN_POINT ( 'NONE',  ( -0.1275434182591382026, 0.1935346466653846131, 0.2270756231802803504 ) ) ;
#2059 = ORIENTED_EDGE ( 'NONE', *, *, #2839, .F. ) ;
#2060 = ADVANCED_FACE ( 'NONE', ( #5296 ), #5865, .T. ) ;
#2061 = CARTESIAN_POINT ( 'NONE',  ( -0.2491554507824048081, 0.07630976186235563508, 0.1877055431802802654 ) ) ;
#2062 = CARTESIAN_POINT ( 'NONE',  ( 0.06336589760620550682, 0.1309152108147106086, 0.2270756231802803504 ) ) ;
#2063 = CARTESIAN_POINT ( 'NONE',  ( 0.000000000000000000, 0.000000000000000000, 0.000000000000000000 ) ) ;
#2064 = CARTESIAN_POINT ( 'NONE',  ( -0.1130339196046089567, 0.1207918202247336148, 0.2270756231802803504 ) ) ;
#2065 = VECTOR ( 'NONE', #310, 39.37007874015748143 ) ;
#2066 = DIRECTION ( 'NONE',  ( 1.000000000000000000, 0.000000000000000000, 0.000000000000000000 ) ) ;
#2067 = EDGE_CURVE ( 'NONE', #2662, #6948, #315, .T. ) ;
#2068 = VERTEX_POINT ( 'NONE', #4587 ) ;
#2069 = CARTESIAN_POINT ( 'NONE',  ( -0.4278052778819342317, 0.1552088707095490572, 0.1877055431802802654 ) ) ;
#2070 = CARTESIAN_POINT ( 'NONE',  ( 0.07209538438128022808, 0.1344773349726026135, 0.2270756231802803504 ) ) ;
#2071 = CARTESIAN_POINT ( 'NONE',  ( 0.6637217283835672443, 0.5799999999999999600, 0.06959530821986563420 ) ) ;
#2072 = ORIENTED_EDGE ( 'NONE', *, *, #695, .F. ) ;
#2073 = CARTESIAN_POINT ( 'NONE',  ( 0.2333636478227400501, 0.1090490693218373885, 0.2270756231802802672 ) ) ;
#2074 = CARTESIAN_POINT ( 'NONE',  ( 0.2330429268359290595, 0.1437491157432898847, 0.1877055431802803209 ) ) ;
#2075 = AXIS2_PLACEMENT_3D ( 'NONE', #1564, #6403, #5806 ) ;
#2076 = ORIENTED_EDGE ( 'NONE', *, *, #6865, .F. ) ;
#2077 = CARTESIAN_POINT ( 'NONE',  ( 0.08339461499879391448, 0.1575071012801285142, 0.1877055431802803209 ) ) ;
#2078 = EDGE_CURVE ( 'NONE', #7732, #2374, #2439, .T. ) ;
#2079 = CARTESIAN_POINT ( 'NONE',  ( -0.3189615606608379172, 0.07905651595615444116, 0.2270756231802802949 ) ) ;
#2080 = VECTOR ( 'NONE', #7819, 39.37007874015748143 ) ;
#2081 = CARTESIAN_POINT ( 'NONE',  ( -0.1635168167180246768, 0.1548206752725384550, 0.1877055431802803209 ) ) ;
#2082 = B_SPLINE_CURVE_WITH_KNOTS ( 'NONE', 3,
 ( #6574, #402, #3430, #1171, #2251, #3592, #7183, #2878, #443, #4114, #4152, #4629, #1734, #5938, #4192, #483, #4668, #7668, #5299, #2920, #7750, #1055, #7103, #1655, #6538, #4074, #2215 ),
 .UNSPECIFIED., .F., .F.,
 ( 4, 1, 1, 1, 1, 1, 1, 1, 1, 1, 1, 1, 1, 1, 1, 1, 1, 1, 1, 1, 1, 1, 1, 1, 4 ),
 ( 0.000000000000000000, 0.06849087449695404062, 0.1330765404908784422, 0.1938289871915770402, 0.2510828574460500229, 0.3044008371534409063, 0.3544083437255270974, 0.4012947817777443027, 0.4447006845454780644, 0.4856924920892445319, 0.5246764844274039996, 0.5623067591777589636, 0.5979465846525344741, 0.6324735490267265892, 0.6657520428969369020, 0.6979852995504444158, 0.7295862241486809063, 0.7608251968744892402, 0.7923550795612064324, 0.8243126039626629264, 0.8571562719790694063, 0.8909268871454048000, 0.9259604429163003081, 0.9620613229943378863, 1.000000000000000000 ),
 .UNSPECIFIED. ) ;
#2083 = CARTESIAN_POINT ( 'NONE',  ( -0.2036230049875858428, 0.1110784246041664758, 0.2270756231802802949 ) ) ;
#2084 = CARTESIAN_POINT ( 'NONE',  ( 0.1201895375455847986, 0.1190068638102623894, 0.2270756231802802949 ) ) ;
#2085 = DIRECTION ( 'NONE',  ( 0.000000000000000000, -1.000000000000000000, 0.000000000000000000 ) ) ;
#2086 = CARTESIAN_POINT ( 'NONE',  ( 0.1797388863435951389, 0.1402787686463412287, 0.1877055431802803209 ) ) ;
#2087 = CARTESIAN_POINT ( 'NONE',  ( -0.06057182075878203564, 0.05536094582991313295, 0.2270756231802802394 ) ) ;
#2088 = ORIENTED_EDGE ( 'NONE', *, *, #2656, .F. ) ;
#2089 = CARTESIAN_POINT ( 'NONE',  ( -0.2926640161568907494, 0.1617776613979029221, 0.2270756231802802949 ) ) ;
#2090 = CARTESIAN_POINT ( 'NONE',  ( 0.06740535429733456041, 0.1541201693648987792, 0.1877055431802803487 ) ) ;
#2091 = CARTESIAN_POINT ( 'NONE',  ( 0.6859622457331169265, 0.01999999999999999001, -0.1978062665827000077 ) ) ;
#2092 = CARTESIAN_POINT ( 'NONE',  ( -0.2862340349378904580, 0.07072684147570754143, 0.1877055431802803487 ) ) ;
#2093 = ORIENTED_EDGE ( 'NONE', *, *, #7879, .T. ) ;
#2094 = DIRECTION ( 'NONE',  ( -0.000000000000000000, -0.000000000000000000, 1.000000000000000000 ) ) ;
#2095 = CARTESIAN_POINT ( 'NONE',  ( 0.1182135305104696776, 0.1000532180550201544, 0.1877055431802803209 ) ) ;
#2096 = PLANE ( 'NONE',  #4057 ) ;
#2097 = ORIENTED_EDGE ( 'NONE', *, *, #5796, .T. ) ;
#2098 = CARTESIAN_POINT ( 'NONE',  ( -0.2065272944844433745, 0.08968081195020950747, 0.1877055431802802377 ) ) ;
#2099 = ORIENTED_EDGE ( 'NONE', *, *, #7858, .T. ) ;
#2100 = CARTESIAN_POINT ( 'NONE',  ( -0.2499306182377636076, 0.07628684540208253984, 0.1877055431802803487 ) ) ;
#2101 = CARTESIAN_POINT ( 'NONE',  ( 0.06902944298311999849, 0.1337100102930794399, 0.2270756231802801284 ) ) ;
#2102 = FACE_OUTER_BOUND ( 'NONE', #3162, .T. ) ;
#2103 = CARTESIAN_POINT ( 'NONE',  ( 0.09347497399893862913, 0.1065134203498643017, 0.1877055431802803764 ) ) ;
#2104 = CARTESIAN_POINT ( 'NONE',  ( -0.4558643240890188908, 0.1315847090563788124, 0.1877055431802803487 ) ) ;
#2105 = ORIENTED_EDGE ( 'NONE', *, *, #6680, .F. ) ;
#2106 = CARTESIAN_POINT ( 'NONE',  ( -0.1350114001508027073, 0.1688399671391144219, 0.1877055431802803764 ) ) ;
#2107 = CARTESIAN_POINT ( 'NONE',  ( 0.05425992667292360572, 0.1165991252979789450, 0.2270756231802803782 ) ) ;
#2108 = CARTESIAN_POINT ( 'NONE',  ( -0.4234959481803091674, 0.08391923291525861528, 0.2270756231802803782 ) ) ;
#2109 = ORIENTED_EDGE ( 'NONE', *, *, #6342, .F. ) ;
#2110 = CARTESIAN_POINT ( 'NONE',  ( -0.3870358133215511254, 0.1239300035890399387, 0.1877055431802803209 ) ) ;
#2111 = CARTESIAN_POINT ( 'NONE',  ( 0.2522892063073856606, 0.1344773349726025580, 0.1877055431802802377 ) ) ;
#2112 = EDGE_CURVE ( 'NONE', #221, #3797, #698, .T. ) ;
#2113 = ORIENTED_EDGE ( 'NONE', *, *, #1829, .F. ) ;
#2114 = DIRECTION ( 'NONE',  ( -0.2022968521692534161, -0.9793242484501295531, 0.000000000000000000 ) ) ;
#2115 = ORIENTED_EDGE ( 'NONE', *, *, #3716, .F. ) ;
#2116 = AXIS2_PLACEMENT_3D ( 'NONE', #2947, #7177, #7335 ) ;
#2117 = CARTESIAN_POINT ( 'NONE',  ( 0.8098845308779292207, 0.2149999999999998301, 0.2070756231802803049 ) ) ;
#2118 = DIRECTION ( 'NONE',  ( -1.000000000000000000, 0.000000000000000000, -0.000000000000000000 ) ) ;
#2119 = DIRECTION ( 'NONE',  ( -0.6575212211385357275, -0.7534360249898385264, 0.000000000000000000 ) ) ;
#2120 = CARTESIAN_POINT ( 'NONE',  ( -0.7984020917776490922, 0.5917157287525378617, -0.06523805343215513530 ) ) ;
#2121 = B_SPLINE_SURFACE_WITH_KNOTS ( 'NONE', 3, 1, ( 
 ( #6050, #3548 ),
 ( #7785, #2480 ),
 ( #7903, #6011 ),
 ( #1170, #3591 ),
 ( #1807, #2328 ),
 ( #7341, #6656 ),
 ( #5447, #1888 ),
 ( #4745, #7182 ),
 ( #4312, #598 ),
 ( #6573, #5976 ),
 ( #4191, #5374 ),
 ( #5408, #560 ),
 ( #3028, #6694 ),
 ( #7824, #6774 ),
 ( #71, #5522 ),
 ( #4346, #2517 ),
 ( #4936, #1928 ),
 ( #3104, #1327 ),
 ( #7385, #6129 ),
 ( #678, #5868 ),
 ( #6991, #7069 ),
 ( #7758, #975 ),
 ( #2886, #5146 ),
 ( #2849, #6423 ),
 ( #2766, #2260 ),
 ( #5825, #3481 ),
 ( #363, #3396 ) ),
 .UNSPECIFIED., .F., .F., .F.,
 ( 4, 1, 1, 1, 1, 1, 1, 1, 1, 1, 1, 1, 1, 1, 1, 1, 1, 1, 1, 1, 1, 1, 1, 1, 4 ),
 ( 2, 2 ),
 ( 0.000000000000000000, 0.03663489025512680491, 0.07203398234778887743, 0.1066259706074958041, 0.1403056939382968937, 0.1736194704926824761, 0.2064256725696813621, 0.2390670061327420937, 0.2718828805625944089, 0.3048398888131205742, 0.3385290337045869791, 0.3726161878593846066, 0.4075482500265393271, 0.4437189059571693406, 0.4813115090919057315, 0.5201129981462014884, 0.5609129028334480793, 0.6040246006136038570, 0.6500745638656776348, 0.6995722277770576314, 0.7523625390892966225, 0.8087887173463874646, 0.8689542125204782197, 0.9326747199379387121, 1.000000000000000000 ),
 ( 0.000000000000000000, 1.000000000000000000 ),
 .UNSPECIFIED. ) ;
#2122 = CARTESIAN_POINT ( 'NONE',  ( -0.1155082003810783131, 0.1168132738654407005, 0.2270756231802802949 ) ) ;
#2123 = FACE_OUTER_BOUND ( 'NONE', #5108, .T. ) ;
#2124 = CIRCLE ( 'NONE', #6558, 0.01999999999999999001 ) ;
#2125 = CARTESIAN_POINT ( 'NONE',  ( -0.06405126866297237986, 0.05708010435297108248, 0.2270756231802803504 ) ) ;
#2126 = ORIENTED_EDGE ( 'NONE', *, *, #381, .F. ) ;
#2127 = CARTESIAN_POINT ( 'NONE',  ( -0.2925632063575947517, 0.08467664980136548059, 0.2270756231802802949 ) ) ;
#2128 = CARTESIAN_POINT ( 'NONE',  ( -0.4181110359688795519, 0.1693594917623949259, 0.2270756231802802949 ) ) ;
#2129 = DIRECTION ( 'NONE',  ( 0.3120445760271329250, 0.000000000000000000, 0.9500674621162682465 ) ) ;
#2130 = CARTESIAN_POINT ( 'NONE',  ( -0.03784434067711382049, 0.1204420268666136495, 0.2270756231802802672 ) ) ;
#2131 = CARTESIAN_POINT ( 'NONE',  ( 0.2784931471963981164, 0.1550865778502543701, 0.2270756231802802949 ) ) ;
#2132 = CARTESIAN_POINT ( 'NONE',  ( 0.1182124266475340496, 0.1012036206847684999, 0.2270756231802802394 ) ) ;
#2133 = B_SPLINE_CURVE_WITH_KNOTS ( 'NONE', 3,
 ( #3873, #3753, #3273, #815, #3832, #3718, #6299, #730, #854, #2526, #7393, #5700, #234, #4946, #7541, #6176, #1297, #117, #6139, #2565, #3114, #1937, #4391, #1377, #5534, #6256, #80 ),
 .UNSPECIFIED., .F., .F.,
 ( 4, 1, 1, 1, 1, 1, 1, 1, 1, 1, 1, 1, 1, 1, 1, 1, 1, 1, 1, 1, 1, 1, 1, 1, 4 ),
 ( 0.000000000000000000, 0.03663489025512680491, 0.07203398234778887743, 0.1066259706074958041, 0.1403056939382968937, 0.1736194704926824761, 0.2064256725696813621, 0.2390670061327420937, 0.2718828805625944089, 0.3048398888131205742, 0.3385290337045869791, 0.3726161878593846066, 0.4075482500265393271, 0.4437189059571693406, 0.4813115090919057315, 0.5201129981462014884, 0.5609129028334480793, 0.6040246006136038570, 0.6500745638656776348, 0.6995722277770576314, 0.7523625390892966225, 0.8087887173463874646, 0.8689542125204782197, 0.9326747199379387121, 1.000000000000000000 ),
 .UNSPECIFIED. ) ;
#2134 = CARTESIAN_POINT ( 'NONE',  ( -0.1300977186323075685, 0.1406417856887164086, 0.1877055431802803487 ) ) ;
#2135 = ORIENTED_EDGE ( 'NONE', *, *, #943, .F. ) ;
#2136 = ORIENTED_EDGE ( 'NONE', *, *, #3636, .F. ) ;
#2137 = CARTESIAN_POINT ( 'NONE',  ( 0.3482947828972355331, 0.1526861201370247334, 0.1877055431802803487 ) ) ;
#2138 = CARTESIAN_POINT ( 'NONE',  ( 0.6837217283835673731, 0.5799999999999999600, 0.2270756231802802949 ) ) ;
#2139 = CARTESIAN_POINT ( 'NONE',  ( 0.07209538438128022808, 0.1344773349726026135, 0.1877055431802803487 ) ) ;
#2140 = PERSON_AND_ORGANIZATION_ROLE ( 'creator' ) ;
#2141 = CARTESIAN_POINT ( 'NONE',  ( 0.3212076123800438054, 0.1345848466134695887, 0.1877055431802803487 ) ) ;
#2142 = ADVANCED_FACE ( 'NONE', ( #5371 ), #3960, .T. ) ;
#2143 = LINE ( 'NONE', #3290, #2844 ) ;
#2144 = CIRCLE ( 'NONE', #4927, 0.01999999999999999001 ) ;
#2145 = ORIENTED_EDGE ( 'NONE', *, *, #1426, .T. ) ;
#2146 = CARTESIAN_POINT ( 'NONE',  ( -0.4305272750531110582, 0.1398691223169714337, 0.1877055431802803487 ) ) ;
#2147 = CARTESIAN_POINT ( 'NONE',  ( 0.2651454720105707041, 0.1575507258785614484, 0.2270756231802802949 ) ) ;
#2148 = CARTESIAN_POINT ( 'NONE',  ( -0.4303661849054036814, 0.1051849547086359943, 0.2270756231802802949 ) ) ;
#2149 = ORIENTED_EDGE ( 'NONE', *, *, #7309, .F. ) ;
#2150 = DIRECTION ( 'NONE',  ( 0.000000000000000000, 0.000000000000000000, 1.000000000000000000 ) ) ;
#2151 = CARTESIAN_POINT ( 'NONE',  ( 0.2370712586133445765, 0.1236164632634708799, 0.1877055431802802377 ) ) ;
#2152 = CARTESIAN_POINT ( 'NONE',  ( -0.4089251669960918822, 0.1716835746570795351, 0.2270756231802803782 ) ) ;
#2153 = VECTOR ( 'NONE', #7730, 39.37007874015748143 ) ;
#2154 = ORIENTED_EDGE ( 'NONE', *, *, #498, .T. ) ;
#2155 = FACE_OUTER_BOUND ( 'NONE', #2056, .T. ) ;
#2156 = ADVANCED_FACE ( 'NONE', ( #3506 ), #5935, .T. ) ;
#2157 = ORIENTED_EDGE ( 'NONE', *, *, #5578, .F. ) ;
#2158 = CARTESIAN_POINT ( 'NONE',  ( -0.3146049633316461702, 0.06839232440470720265, 0.2270756231802802949 ) ) ;
#2159 = CARTESIAN_POINT ( 'NONE',  ( -0.1460239268203260554, 0.1716604321450908854, 0.1877055431802803487 ) ) ;
#2160 = CARTESIAN_POINT ( 'NONE',  ( -0.3930338153696311676, 0.1613261747899569776, 0.2270756231802803504 ) ) ;
#2161 = ADVANCED_FACE ( 'NONE', ( #2916 ), #5405, .T. ) ;
#2162 = FACE_OUTER_BOUND ( 'NONE', #3980, .T. ) ;
#2163 = LINE ( 'NONE', #2749, #5104 ) ;
#2164 = VECTOR ( 'NONE', #3034, 39.37007874015748143 ) ;
#2165 = CARTESIAN_POINT ( 'NONE',  ( -0.3967949255551194154, 0.08161063583256165932, 0.2270756231802802949 ) ) ;
#2166 = CC_DESIGN_PERSON_AND_ORGANIZATION_ASSIGNMENT ( #5911, #5270, ( #93 ) ) ;
#2167 = CARTESIAN_POINT ( 'NONE',  ( -0.05692210797796943417, 0.05398637665328333279, 0.2270756231802803782 ) ) ;
#2168 = EDGE_CURVE ( 'NONE', #7767, #4265, #2989, .T. ) ;
#2169 = ORIENTED_EDGE ( 'NONE', *, *, #2891, .T. ) ;
#2170 = CARTESIAN_POINT ( 'NONE',  ( -0.4552873311620927455, 0.1401030605031330645, 0.2270756231802802116 ) ) ;
#2171 = EDGE_CURVE ( 'NONE', #6444, #4098, #7269, .T. ) ;
#2172 = DIRECTION ( 'NONE',  ( 0.000000000000000000, -1.000000000000000000, 0.000000000000000000 ) ) ;
#2173 = CARTESIAN_POINT ( 'NONE',  ( -0.2613247931036843941, 0.1677728282420782868, 0.1877055431802803764 ) ) ;
#2174 = CARTESIAN_POINT ( 'NONE',  ( 0.02811661954741698222, 0.05508757223430543054, 0.1877055431802803209 ) ) ;
#2175 = CARTESIAN_POINT ( 'NONE',  ( -0.4250166792295633766, 0.1939056131176329634, 0.1877055431802803209 ) ) ;
#2176 = DIRECTION ( 'NONE',  ( 1.000000000000000000, 0.000000000000000000, 0.000000000000000000 ) ) ;
#2177 = CARTESIAN_POINT ( 'NONE',  ( -0.1274087995397273909, 0.1520349204902285145, 0.2270756231802803504 ) ) ;
#2178 = VERTEX_POINT ( 'NONE', #3101 ) ;
#2179 = ORIENTED_EDGE ( 'NONE', *, *, #3648, .F. ) ;
#2180 = DIRECTION ( 'NONE',  ( -0.3120445760271329250, 0.000000000000000000, -0.9500674621162682465 ) ) ;
#2181 = CARTESIAN_POINT ( 'NONE',  ( -0.2348316567497764906, 0.08575474995487882002, 0.1877055431802803209 ) ) ;
#2182 = CARTESIAN_POINT ( 'NONE',  ( 0.8144036364606211942, 0.01999999999999999001, 0.2133165147008229401 ) ) ;
#2183 = AXIS2_PLACEMENT_3D ( 'NONE', #984, #3893, #7040 ) ;
#2184 = DATE_TIME_ROLE ( 'creation_date' ) ;
#2185 = CARTESIAN_POINT ( 'NONE',  ( 0.3253488284592351842, 0.1342334086874205634, 0.1877055431802802377 ) ) ;
#2186 = LINE ( 'NONE', #4007, #4870 ) ;
#2187 = CARTESIAN_POINT ( 'NONE',  ( -0.4261533736314790932, 0.1596440259293350206, 0.1877055431802803209 ) ) ;
#2188 = CARTESIAN_POINT ( 'NONE',  ( 0.2978789563505130356, 0.1437830399075659682, 0.1877055431802803209 ) ) ;
#2189 = CARTESIAN_POINT ( 'NONE',  ( -0.4179493065363239501, 0.07873544403918712742, 0.1877055431802803487 ) ) ;
#2190 = ORIENTED_EDGE ( 'NONE', *, *, #5217, .T. ) ;
#2191 = CARTESIAN_POINT ( 'NONE',  ( -0.3864148220550844837, 0.05700635576611832317, 0.2270756231802803782 ) ) ;
#2192 = ADVANCED_FACE ( 'NONE', ( #4933 ), #7382, .T. ) ;
#2193 = CARTESIAN_POINT ( 'NONE',  ( -0.2707400010684687941, 0.1004043316527997581, 0.2270756231802802672 ) ) ;
#2194 = CARTESIAN_POINT ( 'NONE',  ( -0.03867117395476036418, 0.1451326032264409760, 0.1877055431802802377 ) ) ;
#2195 = LINE ( 'NONE', #6440, #6214 ) ;
#2196 = AXIS2_PLACEMENT_3D ( 'NONE', #5053, #3825, #268 ) ;
#2197 = VERTEX_POINT ( 'NONE', #3779 ) ;
#2198 = CARTESIAN_POINT ( 'NONE',  ( -0.3296211151588215871, 0.05332096613699067317, 0.1877055431802803209 ) ) ;
#2199 = EDGE_CURVE ( 'NONE', #6193, #7855, #6846, .T. ) ;
#2200 = ORIENTED_EDGE ( 'NONE', *, *, #3849, .F. ) ;
#2201 = CARTESIAN_POINT ( 'NONE',  ( -0.01962720502259097596, 0.1009516909195801865, 0.1877055431802802377 ) ) ;
#2202 = CARTESIAN_POINT ( 'NONE',  ( -0.1600326549389189945, 0.1633045394404971373, 0.1877055431802803209 ) ) ;
#2203 = CARTESIAN_POINT ( 'NONE',  ( -0.3878303113314107708, 0.1417658585635452606, 0.2270756231802803782 ) ) ;
#2204 = CARTESIAN_POINT ( 'NONE',  ( -0.1726535823766880140, 0.1863168320338939032, 0.1877055431802803487 ) ) ;
#2205 = VECTOR ( 'NONE', #4296, 39.37007874015748143 ) ;
#2206 = CARTESIAN_POINT ( 'NONE',  ( 0.6637217283835672443, 0.5999999999999999778, 0.2070756231802803049 ) ) ;
#2207 = DIRECTION ( 'NONE',  ( -0.9500674621162681355, 0.000000000000000000, 0.3120445760271335356 ) ) ;
#2208 = CARTESIAN_POINT ( 'NONE',  ( -0.3903620531034030505, 0.1550520783006190950, 0.1877055431802802654 ) ) ;
#2209 = EDGE_CURVE ( 'NONE', #7880, #3793, #7835, .T. ) ;
#2210 = ORIENTED_EDGE ( 'NONE', *, *, #5010, .T. ) ;
#2211 = CARTESIAN_POINT ( 'NONE',  ( 0.3390392926748146407, 0.1056566717699403968, 0.1877055431802803209 ) ) ;
#2212 = CARTESIAN_POINT ( 'NONE',  ( -0.4100074049925707675, 0.1716322787276937933, 0.2270756231802803782 ) ) ;
#2213 = CARTESIAN_POINT ( 'NONE',  ( -0.2721910901938922045, 0.1239760281754862942, 0.1877055431802803209 ) ) ;
#2214 = CARTESIAN_POINT ( 'NONE',  ( -0.8071171996103133628, -6.420656947571570314E-18, -0.06522417443169820084 ) ) ;
#2215 = CARTESIAN_POINT ( 'NONE',  ( -0.4088147541150096154, 0.05155436003967591579, 0.1877055431802803209 ) ) ;
#2216 = CARTESIAN_POINT ( 'NONE',  ( -0.1008456255565603754, 0.07805345149939728333, 0.1877055431802803209 ) ) ;
#2217 = CARTESIAN_POINT ( 'NONE',  ( -0.2611303606496963581, 0.1953783880358854474, 0.1877055431802803487 ) ) ;
#2218 = ORIENTED_EDGE ( 'NONE', *, *, #7628, .T. ) ;
#2219 = ADVANCED_FACE ( 'NONE', ( #718 ), #5649, .F. ) ;
#2220 = VERTEX_POINT ( 'NONE', #107 ) ;
#2221 = CARTESIAN_POINT ( 'NONE',  ( 0.3309012221385250196, 0.1574994064281522166, 0.2270756231802802672 ) ) ;
#2222 = CARTESIAN_POINT ( 'NONE',  ( -0.3146049633316461702, 0.06839232440470720265, 0.2270756231802802949 ) ) ;
#2223 = DIRECTION ( 'NONE',  ( 0.000000000000000000, 0.000000000000000000, -1.000000000000000000 ) ) ;
#2224 = CARTESIAN_POINT ( 'NONE',  ( 0.6837217283835673731, 0.2149999999999998579, 0.2270756231802802949 ) ) ;
#2225 = CARTESIAN_POINT ( 'NONE',  ( 0.3291297365976896261, 0.1575507258785614484, 0.1877055431802803209 ) ) ;
#2226 = CARTESIAN_POINT ( 'NONE',  ( -0.02537295488820908926, 0.08253517975705738918, 0.1877055431802804042 ) ) ;
#2227 = CARTESIAN_POINT ( 'NONE',  ( -0.4288473925660292174, 0.09613924618955294044, 0.2270756231802802949 ) ) ;
#2228 = ORIENTED_EDGE ( 'NONE', *, *, #5445, .F. ) ;
#2229 = CARTESIAN_POINT ( 'NONE',  ( -0.1519115830570651193, 0.1110392997226963135, 0.2270756231802802949 ) ) ;
#2230 = CARTESIAN_POINT ( 'NONE',  ( 0.3089933926363369610, 0.1309813300517349011, 0.1877055431802803209 ) ) ;
#2231 = CARTESIAN_POINT ( 'NONE',  ( -0.2033209562063738873, 0.1261294150002502668, 0.1877055431802802654 ) ) ;
#2232 = CARTESIAN_POINT ( 'NONE',  ( -0.1214467488109761267, 0.1083430186888722779, 0.1877055431802803487 ) ) ;
#2233 = EDGE_CURVE ( 'NONE', #301, #7653, #2554, .T. ) ;
#2234 = ORIENTED_EDGE ( 'NONE', *, *, #4303, .F. ) ;
#2235 = LINE ( 'NONE', #4651, #669 ) ;
#2236 = ORIENTED_EDGE ( 'NONE', *, *, #3563, .F. ) ;
#2237 = CARTESIAN_POINT ( 'NONE',  ( 0.9554703231235291971, 0.5999999999999999778, -0.2178062665826999700 ) ) ;
#2238 = CARTESIAN_POINT ( 'NONE',  ( -0.3296211151588215871, 0.05332096613699067317, 0.1877055431802803209 ) ) ;
#2239 = CARTESIAN_POINT ( 'NONE',  ( -0.4021270024872153903, 0.1702958176987575956, 0.2270756231802803782 ) ) ;
#2240 = FACE_OUTER_BOUND ( 'NONE', #2013, .T. ) ;
#2241 = CARTESIAN_POINT ( 'NONE',  ( 0.004481950065355245691, 0.1090122533191039828, 0.1877055431802803487 ) ) ;
#2242 = CARTESIAN_POINT ( 'NONE',  ( -0.1109778147752464444, 0.1803588126667233782, 0.1877055431802802654 ) ) ;
#2243 = CARTESIAN_POINT ( 'NONE',  ( 0.3365947873863616713, 0.1248285621300074116, 0.2270756231802803504 ) ) ;
#2244 = EDGE_CURVE ( 'NONE', #4944, #2368, #6104, .T. ) ;
#2245 = CARTESIAN_POINT ( 'NONE',  ( -0.2091000849853468235, 0.08123346297016426076, 0.1877055431802803209 ) ) ;
#2246 = ORIENTED_EDGE ( 'NONE', *, *, #411, .F. ) ;
#2247 = CARTESIAN_POINT ( 'NONE',  ( 0.2651454720105707041, 0.1575507258785614484, 0.1877055431802803209 ) ) ;
#2248 = CARTESIAN_POINT ( 'NONE',  ( -0.4089251669960918822, 0.1716835746570795351, 0.1877055431802803487 ) ) ;
#2249 = CARTESIAN_POINT ( 'NONE',  ( -0.2531346171939422018, 0.1715317114765749218, 0.1877055431802802377 ) ) ;
#2250 = FACE_OUTER_BOUND ( 'NONE', #5182, .T. ) ;
#2251 = CARTESIAN_POINT ( 'NONE',  ( -0.3630919708533725809, 0.1051600924646581003, 0.1877055431802803209 ) ) ;
#2252 = CARTESIAN_POINT ( 'NONE',  ( 0.2721489976647086806, 0.1210515645800658152, 0.2270756231802802394 ) ) ;
#2253 = CARTESIAN_POINT ( 'NONE',  ( 0.3617726446099944204, 0.1349340663793115180, 0.2270756231802802949 ) ) ;
#2254 = CARTESIAN_POINT ( 'NONE',  ( -0.2629776881016986367, 0.1662518209824076221, 0.1877055431802803209 ) ) ;
#2255 = B_SPLINE_SURFACE_WITH_KNOTS ( 'NONE', 3, 1, ( 
 ( #6380, #3356 ),
 ( #4517, #7512 ),
 ( #4632, #2761 ),
 ( #2054, #1619 ),
 ( #6306, #1015 ),
 ( #7631, #280 ),
 ( #899, #6346 ),
 ( #7588, #2645 ),
 ( #7066, #936 ),
 ( #1543, #1467 ),
 ( #2134, #5143 ),
 ( #5181, #3880 ),
 ( #2720, #4554 ),
 ( #6986, #2177 ),
 ( #3959, #5778 ) ),
 .UNSPECIFIED., .F., .F., .F.,
 ( 4, 1, 1, 1, 1, 1, 1, 1, 1, 1, 1, 1, 4 ),
 ( 2, 2 ),
 ( 0.000000000000000000, 0.1038439242634202897, 0.2011148859465238248, 0.2911157193792177633, 0.3743484039713635969, 0.4507073961858710787, 0.5200404120163609756, 0.5832583224453374848, 0.6395782998253257690, 0.7415365099482680300, 0.8350600486817364443, 0.9208729600458338549, 1.000000000000000000 ),
 ( 0.000000000000000000, 1.000000000000000000 ),
 .UNSPECIFIED. ) ;
#2256 = ORIENTED_EDGE ( 'NONE', *, *, #642, .T. ) ;
#2257 = VECTOR ( 'NONE', #1643, 39.37007874015748143 ) ;
#2258 = AXIS2_PLACEMENT_3D ( 'NONE', #4139, #1839, #5473 ) ;
#2259 = ORIENTED_EDGE ( 'NONE', *, *, #4133, .T. ) ;
#2260 = CARTESIAN_POINT ( 'NONE',  ( -0.3623392069868989762, 0.1304104755484992439, 0.2270756231802803782 ) ) ;
#2261 = CARTESIAN_POINT ( 'NONE',  ( 0.05284910490982360626, 0.09941834398879766110, 0.1877055431802803209 ) ) ;
#2262 = CARTESIAN_POINT ( 'NONE',  ( -0.4414543001043751413, 0.1820782355482234161, 0.2270756231802802949 ) ) ;
#2263 = PRODUCT_RELATED_PRODUCT_CATEGORY ( 'detail', '', ( #7376 ) ) ;
#2264 = CARTESIAN_POINT ( 'NONE',  ( 0.6837217283835673731, 0.5799999999999999600, 0.2070756231802803049 ) ) ;
#2265 = ADVANCED_FACE ( 'NONE', ( #3303 ), #6967, .T. ) ;
#2266 = CARTESIAN_POINT ( 'NONE',  ( -0.04919871432823313268, 0.05209785147764359192, 0.1877055431802803209 ) ) ;
#2267 = CARTESIAN_POINT ( 'NONE',  ( -0.4066323180502234291, 0.07635462944205610725, 0.2270756231802802949 ) ) ;
#2268 = EDGE_CURVE ( 'NONE', #6843, #3240, #4659, .T. ) ;
#2269 = CARTESIAN_POINT ( 'NONE',  ( 0.005011894346760734954, 0.09459938963702042847, 0.1877055431802802654 ) ) ;
#2270 = ORIENTED_EDGE ( 'NONE', *, *, #7325, .T. ) ;
#2271 = CARTESIAN_POINT ( 'NONE',  ( -0.3712752612891410120, 0.07407194944985386054, 0.1877055431802803487 ) ) ;
#2272 = DIRECTION ( 'NONE',  ( 0.000000000000000000, 0.000000000000000000, -1.000000000000000000 ) ) ;
#2273 = CARTESIAN_POINT ( 'NONE',  ( -0.2469868076634662291, 0.1963633432147293967, 0.1877055431802802377 ) ) ;
#2274 = CARTESIAN_POINT ( 'NONE',  ( -0.1109149880835703372, 0.1246195939314029555, 0.1877055431802803487 ) ) ;
#2275 = AXIS2_PLACEMENT_3D ( 'NONE', #7093, #5170, #1645 ) ;
#2276 = ORIENTED_EDGE ( 'NONE', *, *, #5839, .T. ) ;
#2277 = CARTESIAN_POINT ( 'NONE',  ( -0.2499306182377636076, 0.1716835746570795351, 0.1877055431802803487 ) ) ;
#2278 = VERTEX_POINT ( 'NONE', #5807 ) ;
#2279 = CARTESIAN_POINT ( 'NONE',  ( -0.02377157035934944485, 0.1127706681234370428, 0.1877055431802802654 ) ) ;
#2280 = CARTESIAN_POINT ( 'NONE',  ( 0.6637217283835672443, 0.02000000000000012879, 0.06959530821986563420 ) ) ;
#2281 = CARTESIAN_POINT ( 'NONE',  ( -0.3870449017359741672, 0.1261019343576195995, 0.2270756231802803504 ) ) ;
#2282 = AXIS2_PLACEMENT_3D ( 'NONE', #4658, #7056, #7816 ) ;
#2283 = CARTESIAN_POINT ( 'NONE',  ( 0.005037600557759176235, 0.1043273921969912338, 0.2270756231802803504 ) ) ;
#2284 = CARTESIAN_POINT ( 'NONE',  ( -0.3354246580235467068, 0.05433163519004473307, 0.2270756231802803504 ) ) ;
#2285 = CARTESIAN_POINT ( 'NONE',  ( -0.2036230049875858428, 0.1110784246041664758, 0.1877055431802803209 ) ) ;
#2286 = ORIENTED_EDGE ( 'NONE', *, *, #2962, .F. ) ;
#2287 = CARTESIAN_POINT ( 'NONE',  ( -0.2896729349711523183, 0.07717231874924689039, 0.2270756231802803504 ) ) ;
#2288 = CARTESIAN_POINT ( 'NONE',  ( -0.4310625086616012291, 0.1316704175347040151, 0.2270756231802803504 ) ) ;
#2289 = CARTESIAN_POINT ( 'NONE',  ( -0.2720679599032729823, 0.1316704175347040706, 0.1877055431802803764 ) ) ;
#2290 = VECTOR ( 'NONE', #1429, 39.37007874015748143 ) ;
#2291 = CARTESIAN_POINT ( 'NONE',  ( -0.4100482939947536765, 0.05157562912308821107, 0.2270756231802803782 ) ) ;
#2292 = FACE_OUTER_BOUND ( 'NONE', #5711, .T. ) ;
#2293 = LINE ( 'NONE', #2994, #6560 ) ;
#2294 = CARTESIAN_POINT ( 'NONE',  ( 0.1022587463494080418, 0.1530408857370942066, 0.1877055431802803209 ) ) ;
#2295 = CARTESIAN_POINT ( 'NONE',  ( 0.7075911891248071184, 0.5799999999999999600, -0.06651786402957461652 ) ) ;
#2296 = ORIENTED_EDGE ( 'NONE', *, *, #3559, .T. ) ;
#2297 = VERTEX_POINT ( 'NONE', #7655 ) ;
#2298 = B_SPLINE_CURVE_WITH_KNOTS ( 'NONE', 3,
 ( #5766, #4102, #4582, #3986, #960, #5809, #2789, #886, #5729, #5209, #2204, #7054, #1606, #1083, #3499, #5926, #7777, #7172, #2909 ),
 .UNSPECIFIED., .F., .F.,
 ( 4, 1, 1, 1, 1, 1, 1, 1, 1, 1, 1, 1, 1, 1, 1, 1, 4 ),
 ( 0.000000000000000000, 0.07493991020077289678, 0.1464280851715762388, 0.2147529716359184992, 0.2804215366912471974, 0.3436044295193644293, 0.4055426388186584297, 0.4661994619307759380, 0.5265381448244670359, 0.5859019063092086865, 0.6440895746157920820, 0.7016130759883659751, 0.7587535874365711752, 0.8166294493897658935, 0.8756554749553046024, 0.9366243322865290821, 0.9999999999999998890 ),
 .UNSPECIFIED. ) ;
#2299 = CARTESIAN_POINT ( 'NONE',  ( -0.4095324378420436839, 0.1964160600194861384, 0.2270756231802802949 ) ) ;
#2300 = CARTESIAN_POINT ( 'NONE',  ( -0.4314903265564606905, 0.05703069578812471063, 0.1877055431802802654 ) ) ;
#2301 = CARTESIAN_POINT ( 'NONE',  ( -0.4250166792295633766, 0.1939056131176329634, 0.1877055431802803209 ) ) ;
#2302 = CARTESIAN_POINT ( 'NONE',  ( -0.2033209562063738873, 0.1261294150002502668, 0.1877055431802802654 ) ) ;
#2303 = CARTESIAN_POINT ( 'NONE',  ( -0.04091903434921115301, 0.05155436003967591579, 0.1877055431802803209 ) ) ;
#2304 = EDGE_CURVE ( 'NONE', #6161, #3616, #3903, .T. ) ;
#2305 = DIRECTION ( 'NONE',  ( -0.9510565162948955154, 0.000000000000000000, -0.3090169943757414828 ) ) ;
#2306 = CARTESIAN_POINT ( 'NONE',  ( -0.02311185638330307338, 0.05496623005808691509, 0.1877055431802803487 ) ) ;
#2307 = EDGE_LOOP ( 'NONE', ( #3917, #5698, #6919, #7246 ) ) ;
#2308 = CARTESIAN_POINT ( 'NONE',  ( -0.2499306182377636076, 0.1716835746570795351, 0.2270756231802804059 ) ) ;
#2309 = FACE_OUTER_BOUND ( 'NONE', #4514, .T. ) ;
#2310 = CARTESIAN_POINT ( 'NONE',  ( -0.2159765563902749375, 0.1796241573958957671, 0.1877055431802802377 ) ) ;
#2311 = CARTESIAN_POINT ( 'NONE',  ( -0.04881276980937691856, 0.1169988999532208113, 0.1877055431802803764 ) ) ;
#2312 = ADVANCED_FACE ( 'NONE', ( #7091 ), #7210, .T. ) ;
#2313 = ORIENTED_EDGE ( 'NONE', *, *, #3397, .F. ) ;
#2314 = VERTEX_POINT ( 'NONE', #5130 ) ;
#2315 = CARTESIAN_POINT ( 'NONE',  ( -0.4136436667442776605, 0.07686560122631561076, 0.2270756231802802949 ) ) ;
#2316 = CARTESIAN_POINT ( 'NONE',  ( -0.3403052263477343020, 0.05767891528925657429, 0.2270756231802803782 ) ) ;
#2317 = CARTESIAN_POINT ( 'NONE',  ( -0.2301279424953179831, 0.05552830710193069896, 0.1877055431802803209 ) ) ;
#2318 = DIRECTION ( 'NONE',  ( 0.2073096204707153833, 0.9782753810969014863, 0.000000000000000000 ) ) ;
#2319 = B_SPLINE_SURFACE_WITH_KNOTS ( 'NONE', 3, 1, ( 
 ( #6682, #4138 ),
 ( #2351, #5888 ),
 ( #5328, #4810 ),
 ( #431, #2866 ),
 ( #5285, #6563 ),
 ( #5924, #7775 ),
 ( #1796, #1117 ),
 ( #7736, #2387 ),
 ( #3497, #4695 ),
 ( #468, #6603 ),
 ( #3534, #3577 ),
 ( #6000, #511 ),
 ( #1158, #4220 ),
 ( #2942, #548 ),
 ( #7130, #1681 ),
 ( #1081, #4100 ),
 ( #6644, #6525 ),
 ( #1196, #7813 ),
 ( #4370, #1356 ) ),
 .UNSPECIFIED., .F., .F., .F.,
 ( 4, 1, 1, 1, 1, 1, 1, 1, 1, 1, 1, 1, 1, 1, 1, 1, 4 ),
 ( 2, 2 ),
 ( 0.000000000000000000, 0.06675541313745012029, 0.1317279436682002314, 0.1948100844364490658, 0.2568986387839164998, 0.3187508905638007928, 0.3803512888945382864, 0.4433244176166943329, 0.5074626919635751854, 0.5715056738698082173, 0.6333612917281039589, 0.6939415159323160109, 0.7539288461040352107, 0.8138015296774558927, 0.8745236442162156454, 0.9362219827335217515, 1.000000000000000000 ),
 ( 0.000000000000000000, 1.000000000000000000 ),
 .UNSPECIFIED. ) ;
#2320 = CARTESIAN_POINT ( 'NONE',  ( -0.02013436944860653999, 0.1420556185930608728, 0.1877055431802802654 ) ) ;
#2321 = CARTESIAN_POINT ( 'NONE',  ( -0.1382176131055445900, 0.1962368245099450903, 0.1877055431802803487 ) ) ;
#2322 = EDGE_CURVE ( 'NONE', #6187, #6371, #3693, .T. ) ;
#2323 = DIRECTION ( 'NONE',  ( -0.000000000000000000, -0.000000000000000000, 1.000000000000000000 ) ) ;
#2324 = EDGE_LOOP ( 'NONE', ( #5790, #6936, #3117, #5555 ) ) ;
#2325 = CARTESIAN_POINT ( 'NONE',  ( 0.09348104514806306053, 0.05508757223430543054, 0.2270756231802802949 ) ) ;
#2326 = CARTESIAN_POINT ( 'NONE',  ( 0.05970463544723062649, 0.1498559489173968973, 0.2270756231802802394 ) ) ;
#2327 = CARTESIAN_POINT ( 'NONE',  ( -0.3380128332248474865, 0.08095084671190523606, 0.2270756231802802672 ) ) ;
#2328 = CARTESIAN_POINT ( 'NONE',  ( -0.3991748916257754631, 0.1954130865284157692, 0.2270756231802803504 ) ) ;
#2329 = CARTESIAN_POINT ( 'NONE',  ( 0.3233255012307871823, 0.1345557529479893266, 0.1877055431802803487 ) ) ;
#2330 = CARTESIAN_POINT ( 'NONE',  ( 0.2735487261373817924, 0.1095042037285957753, 0.2270756231802803504 ) ) ;
#2331 = CARTESIAN_POINT ( 'NONE',  ( 0.1145975086550285460, 0.1396086327027084295, 0.2270756231802802949 ) ) ;
#2332 = CARTESIAN_POINT ( 'NONE',  ( 0.08528488752235362236, 0.1317139707104719726, 0.2270756231802803782 ) ) ;
#2333 = ORIENTED_EDGE ( 'NONE', *, *, #6070, .F. ) ;
#2334 = VECTOR ( 'NONE', #7248, 39.37007874015748143 ) ;
#2335 = ORIENTED_EDGE ( 'NONE', *, *, #3798, .F. ) ;
#2336 = DIRECTION ( 'NONE',  ( -1.000000000000000000, -6.829619984160661399E-15, 0.000000000000000000 ) ) ;
#2337 = CARTESIAN_POINT ( 'NONE',  ( 0.05560907016164067657, 0.1209931974105246250, 0.2270756231802802949 ) ) ;
#2338 = FACE_OUTER_BOUND ( 'NONE', #3597, .T. ) ;
#2339 = FACE_OUTER_BOUND ( 'NONE', #4353, .T. ) ;
#2340 = CARTESIAN_POINT ( 'NONE',  ( -0.08267858986997013437, 0.07675600905957458142, 0.2270756231802803782 ) ) ;
#2341 = CARTESIAN_POINT ( 'NONE',  ( 0.9279426847140812562, 0.5799999999999999600, -0.1978062665826999800 ) ) ;
#2342 = CARTESIAN_POINT ( 'NONE',  ( 0.1438330338633151129, 0.1574036748098806004, 0.2270756231802802394 ) ) ;
#2343 = ORIENTED_EDGE ( 'NONE', *, *, #5359, .F. ) ;
#2344 = CARTESIAN_POINT ( 'NONE',  ( 0.003542319501758874403, 0.1134727218448998987, 0.2270756231802802672 ) ) ;
#2345 = DIRECTION ( 'NONE',  ( -0.000000000000000000, -0.000000000000000000, 1.000000000000000000 ) ) ;
#2346 = CARTESIAN_POINT ( 'NONE',  ( -0.2283888043774270904, 0.1362842676182428880, 0.1877055431802804042 ) ) ;
#2347 = CARTESIAN_POINT ( 'NONE',  ( -0.05084722511986255328, 0.1155116739609657467, 0.1877055431802802654 ) ) ;
#2348 = EDGE_LOOP ( 'NONE', ( #205, #3447, #2396, #7475 ) ) ;
#2349 = VERTEX_POINT ( 'NONE', #5764 ) ;
#2350 = DIRECTION ( 'NONE',  ( 1.000000000000000000, -0.000000000000000000, -0.000000000000000000 ) ) ;
#2351 = CARTESIAN_POINT ( 'NONE',  ( 0.005104042574566637798, 0.09785255556547339806, 0.1877055431802803209 ) ) ;
#2352 = CARTESIAN_POINT ( 'NONE',  ( -0.4042952407775005641, 0.1711007067043827656, 0.1877055431802802654 ) ) ;
#2353 = DIRECTION ( 'NONE',  ( 0.000000000000000000, -1.000000000000000000, 0.000000000000000000 ) ) ;
#2354 = DIRECTION ( 'NONE',  ( 0.000000000000000000, 1.000000000000000000, 0.000000000000000000 ) ) ;
#2355 = ADVANCED_FACE ( 'NONE', ( #2907 ), #3319, .T. ) ;
#2356 = CARTESIAN_POINT ( 'NONE',  ( 0.9279426847140814782, 0.01999999999999999001, -0.1978062665826999800 ) ) ;
#2357 = CARTESIAN_POINT ( 'NONE',  ( -0.03225946985468784028, 0.1450847261361962459, 0.1877055431802803209 ) ) ;
#2358 = CARTESIAN_POINT ( 'NONE',  ( -0.05844707922100601805, 0.08865308808328585533, 0.1877055431802803209 ) ) ;
#2359 = CARTESIAN_POINT ( 'NONE',  ( 0.1831266415657444857, 0.1256504890311046230, 0.1877055431802803209 ) ) ;
#2360 = CARTESIAN_POINT ( 'NONE',  ( 0.2563973000815820691, 0.1345445871169877183, 0.1877055431802803209 ) ) ;
#2361 = CARTESIAN_POINT ( 'NONE',  ( -1.018337751696372973, 0.5999999999999999778, -0.1978062665827011180 ) ) ;
#2362 = CARTESIAN_POINT ( 'NONE',  ( -0.4502140151082599795, 0.08076255979346129432, 0.2270756231802802949 ) ) ;
#2363 = CARTESIAN_POINT ( 'NONE',  ( 0.3290155636567175801, 0.1331568200646063571, 0.1877055431802803209 ) ) ;
#2364 = CARTESIAN_POINT ( 'NONE',  ( 0.2733897302764203840, 0.1122657820408914653, 0.2270756231802802949 ) ) ;
#2365 = LINE ( 'NONE', #3476, #497 ) ;
#2366 = PLANE ( 'NONE',  #494 ) ;
#2367 = ORIENTED_EDGE ( 'NONE', *, *, #1231, .T. ) ;
#2368 = VERTEX_POINT ( 'NONE', #4769 ) ;
#2369 = DIRECTION ( 'NONE',  ( -0.000000000000000000, 1.000000000000000000, -0.000000000000000000 ) ) ;
#2370 = CARTESIAN_POINT ( 'NONE',  ( -0.3793506713378937412, 0.1848155675275942877, 0.2270756231802802949 ) ) ;
#2371 = CARTESIAN_POINT ( 'NONE',  ( 0.3089933926363369610, 0.1309813300517349011, 0.1877055431802803209 ) ) ;
#2372 = CARTESIAN_POINT ( 'NONE',  ( -0.2491554507824048081, 0.07630976186235563508, 0.2270756231802802949 ) ) ;
#2373 = CARTESIAN_POINT ( 'NONE',  ( -0.2180748296108302176, 0.1823503844418958297, 0.1877055431802804042 ) ) ;
#2374 = VERTEX_POINT ( 'NONE', #3015 ) ;
#2375 = VECTOR ( 'NONE', #977, 39.37007874015748143 ) ;
#2376 = CARTESIAN_POINT ( 'NONE',  ( -0.04919871432823313268, 0.05209785147764359192, 0.2270756231802802949 ) ) ;
#2377 = B_SPLINE_CURVE_WITH_KNOTS ( 'NONE', 3,
 ( #7179, #4741, #7258, #3586, #4894, #1729, #3668, #5481, #6533, #6652, #4855 ),
 .UNSPECIFIED., .F., .F.,
 ( 4, 1, 1, 1, 1, 1, 1, 1, 4 ),
 ( 0.000000000000000000, 0.1381137870618392993, 0.2684083835837744458, 0.3941909055405326545, 0.5170923452347711002, 0.6374931640526645404, 0.7570041724766219948, 0.8772941249553334320, 1.000000000000000000 ),
 .UNSPECIFIED. ) ;
#2378 = B_SPLINE_SURFACE_WITH_KNOTS ( 'NONE', 3, 1, ( 
 ( #5914, #5316 ),
 ( #6474, #1027 ),
 ( #7764, #1710 ),
 ( #3522, #5953 ),
 ( #500, #2931 ),
 ( #7800, #6068 ),
 ( #1269, #3086 ),
 ( #1867, #7320 ),
 ( #89, #1307 ),
 ( #2461, #4403 ),
 ( #1828, #700 ),
 ( #7362, #785 ),
 ( #6831, #5544 ),
 ( #5588, #7402 ),
 ( #6106, #4252 ),
 ( #3045, #3651 ),
 ( #5465, #1907 ),
 ( #4879, #51 ),
 ( #12, #4288 ) ),
 .UNSPECIFIED., .F., .F., .F.,
 ( 4, 1, 1, 1, 1, 1, 1, 1, 1, 1, 1, 1, 1, 1, 1, 1, 4 ),
 ( 2, 2 ),
 ( 0.000000000000000000, 0.07493991020077289678, 0.1464280851715762388, 0.2147529716359184992, 0.2804215366912471974, 0.3436044295193644293, 0.4055426388186584297, 0.4661994619307759380, 0.5265381448244670359, 0.5859019063092086865, 0.6440895746157920820, 0.7016130759883659751, 0.7587535874365711752, 0.8166294493897658935, 0.8756554749553046024, 0.9366243322865290821, 0.9999999999999998890 ),
 ( 0.000000000000000000, 1.000000000000000000 ),
 .UNSPECIFIED. ) ;
#2379 = CARTESIAN_POINT ( 'NONE',  ( -0.7488296743058353577, 0.000000000000000000, -0.1978062665827000077 ) ) ;
#2380 = CARTESIAN_POINT ( 'NONE',  ( -0.01162578450638179425, 0.06213384993132084477, 0.1877055431802802654 ) ) ;
#2381 = CARTESIAN_POINT ( 'NONE',  ( -0.2288357625730825518, 0.1417658585635452051, 0.1877055431802802377 ) ) ;
#2382 = CARTESIAN_POINT ( 'NONE',  ( -0.02170077366240975511, 0.1092495959426832419, 0.1877055431802802654 ) ) ;
#2383 = CARTESIAN_POINT ( 'NONE',  ( -0.04679745052976254371, 0.1182669062334356785, 0.1877055431802803209 ) ) ;
#2384 = ORIENTED_EDGE ( 'NONE', *, *, #4256, .T. ) ;
#2385 = EDGE_LOOP ( 'NONE', ( #6521, #372, #3504, #4174 ) ) ;
#2386 = CARTESIAN_POINT ( 'NONE',  ( -0.02646967364885310231, 0.1157679220066906989, 0.1877055431802803209 ) ) ;
#2387 = CARTESIAN_POINT ( 'NONE',  ( -0.002337405033162591027, 0.07268270597061290972, 0.2270756231802803782 ) ) ;
#2388 = CARTESIAN_POINT ( 'NONE',  ( -0.2065272944844433745, 0.08968081195020950747, 0.1877055431802802377 ) ) ;
#2389 = VECTOR ( 'NONE', #6783, 39.37007874015748143 ) ;
#2390 = CARTESIAN_POINT ( 'NONE',  ( -0.2523249194757186675, 0.07638673844217866438, 0.1877055431802803209 ) ) ;
#2391 = CARTESIAN_POINT ( 'NONE',  ( -0.4089251669960918822, 0.1716835746570795351, 0.2270756231802803782 ) ) ;
#2392 = ADVANCED_FACE ( 'NONE', ( #7890 ), #2319, .T. ) ;
#2393 = ORIENTED_EDGE ( 'NONE', *, *, #5881, .T. ) ;
#2394 = CARTESIAN_POINT ( 'NONE',  ( -0.05844707922100601805, 0.08865308808328585533, 0.1877055431802803209 ) ) ;
#2395 = EDGE_CURVE ( 'NONE', #7846, #3616, #2545, .T. ) ;
#2396 = ORIENTED_EDGE ( 'NONE', *, *, #5127, .F. ) ;
#2397 = VECTOR ( 'NONE', #685, 39.37007874015748143 ) ;
#2398 = DIRECTION ( 'NONE',  ( -0.000000000000000000, -0.000000000000000000, 1.000000000000000000 ) ) ;
#2399 = CARTESIAN_POINT ( 'NONE',  ( 0.1815788226838891128, 0.1349340663793115180, 0.2270756231802802949 ) ) ;
#2400 = CARTESIAN_POINT ( 'NONE',  ( -0.3147495973499863653, 0.06541068756753537494, 0.2270756231802803504 ) ) ;
#2401 = FACE_OUTER_BOUND ( 'NONE', #5509, .T. ) ;
#2402 = DIRECTION ( 'NONE',  ( -0.000000000000000000, -0.000000000000000000, 1.000000000000000000 ) ) ;
#2403 = CARTESIAN_POINT ( 'NONE',  ( 0.2733897302764203840, 0.1122657820408914653, 0.2270756231802802949 ) ) ;
#2404 = CARTESIAN_POINT ( 'NONE',  ( -0.2546491179859494691, 0.07686560122631563852, 0.1877055431802803209 ) ) ;
#2405 = ADVANCED_FACE ( 'NONE', ( #6881 ), #1277, .T. ) ;
#2406 = CARTESIAN_POINT ( 'NONE',  ( -0.4527536213306876389, 0.08894954109946527632, 0.2270756231802802949 ) ) ;
#2407 = CARTESIAN_POINT ( 'NONE',  ( 0.07620347815547665049, 0.1345445871169877183, 0.2270756231802802672 ) ) ;
#2408 = EDGE_LOOP ( 'NONE', ( #6154, #6561, #3375, #2864, #4867 ) ) ;
#2409 = EDGE_CURVE ( 'NONE', #1977, #6494, #4593, .T. ) ;
#2410 = VECTOR ( 'NONE', #4257, 39.37007874015748143 ) ;
#2411 = EDGE_LOOP ( 'NONE', ( #2218, #7478, #5117, #4339 ) ) ;
#2412 = FACE_BOUND ( 'NONE', #11, .T. ) ;
#2413 = CARTESIAN_POINT ( 'NONE',  ( -0.3843582735151348517, 0.1890230343564093252, 0.2270756231802802949 ) ) ;
#2414 = DIRECTION ( 'NONE',  ( -0.000000000000000000, -0.000000000000000000, 1.000000000000000000 ) ) ;
#2415 = DIRECTION ( 'NONE',  ( -0.9500674621162713551, 0.000000000000000000, 0.3120445760271237656 ) ) ;
#2416 = CARTESIAN_POINT ( 'NONE',  ( -0.2159765563902749375, 0.1796241573958957671, 0.2270756231802802394 ) ) ;
#2417 = CARTESIAN_POINT ( 'NONE',  ( -0.2435199170562627191, 0.1959848636283641754, 0.2270756231802802949 ) ) ;
#2418 = EDGE_LOOP ( 'NONE', ( #7435, #2367, #3479, #3788, #2210, #7802, #4304, #5717, #2976, #6609, #4168, #1983 ) ) ;
#2419 = CARTESIAN_POINT ( 'NONE',  ( -0.1441030870729165247, 0.1716209277666180255, 0.2270756231802802949 ) ) ;
#2420 = CARTESIAN_POINT ( 'NONE',  ( 0.004410711597490657963, 0.08981608499764620612, 0.1877055431802803764 ) ) ;
#2421 = CARTESIAN_POINT ( 'NONE',  ( -0.2313675043450748314, 0.1550520783006191783, 0.2270756231802804059 ) ) ;
#2422 = CARTESIAN_POINT ( 'NONE',  ( 0.2984073524365751795, 0.1000532180550201544, 0.2270756231802802949 ) ) ;
#2423 = CARTESIAN_POINT ( 'NONE',  ( 0.1295226231470765210, 0.1530595368310478932, 0.1877055431802802377 ) ) ;
#2424 = EDGE_LOOP ( 'NONE', ( #94, #4555, #3530, #1866, #5058 ) ) ;
#2425 = AXIS2_PLACEMENT_3D ( 'NONE', #1652, #7062, #1613 ) ;
#2426 = ORIENTED_EDGE ( 'NONE', *, *, #7266, .T. ) ;
#2427 = B_SPLINE_CURVE_WITH_KNOTS ( 'NONE', 3,
 ( #5449, #1890, #7863, #4313, #2403, #6210, #1209, #7905, #3710, #3783, #2993, #7263, #1290, #4823, #6698, #2444, #3747, #638, #3066 ),
 .UNSPECIFIED., .F., .F.,
 ( 4, 1, 1, 1, 1, 1, 1, 1, 1, 1, 1, 1, 1, 1, 1, 1, 4 ),
 ( 0.000000000000000000, 0.07853045759749702204, 0.1510671628769045260, 0.2183054637753022997, 0.2802866665778167565, 0.3370635526514701441, 0.3881523464865522799, 0.4342343330671827872, 0.4749941157865085195, 0.5490306370642880074, 0.6172961961720997426, 0.6816626372954095459, 0.7435420049347599702, 0.8043195746589865136, 0.8670125846987272178, 0.9313790258220370211, 1.000000000000000000 ),
 .UNSPECIFIED. ) ;
#2428 = FACE_OUTER_BOUND ( 'NONE', #6651, .T. ) ;
#2429 = CARTESIAN_POINT ( 'NONE',  ( -0.3436071549549841175, 0.06258414922910718325, 0.1877055431802804042 ) ) ;
#2430 = CARTESIAN_POINT ( 'NONE',  ( -0.2274202732967562368, 0.05700635576611834399, 0.1877055431802804042 ) ) ;
#2431 = AXIS2_PLACEMENT_3D ( 'NONE', #1099, #7676, #2180 ) ;
#2432 = CARTESIAN_POINT ( 'NONE',  ( -0.2627499461633203692, 0.08190168858459757895, 0.1877055431802803487 ) ) ;
#2433 = CARTESIAN_POINT ( 'NONE',  ( -0.2707400010684687941, 0.1004043316527997581, 0.2270756231802802394 ) ) ;
#2434 = EDGE_CURVE ( 'NONE', #4244, #4578, #4335, .T. ) ;
#2435 = ORIENTED_EDGE ( 'NONE', *, *, #501, .T. ) ;
#2436 = FACE_OUTER_BOUND ( 'NONE', #5085, .T. ) ;
#2437 = CARTESIAN_POINT ( 'NONE',  ( -0.4095324378420436839, 0.1964160600194861384, 0.2270756231802802949 ) ) ;
#2438 = CARTESIAN_POINT ( 'NONE',  ( 0.1417327513189319821, 0.1345749701712321833, 0.1877055431802803487 ) ) ;
#2439 = LINE ( 'NONE', #30, #2016 ) ;
#2440 = CARTESIAN_POINT ( 'NONE',  ( -0.2033475089993513341, 0.1173761928999585702, 0.2270756231802802949 ) ) ;
#2441 = CARTESIAN_POINT ( 'NONE',  ( 0.1410137904539383036, 0.1345848466134695609, 0.1877055431802803209 ) ) ;
#2442 = CARTESIAN_POINT ( 'NONE',  ( -0.4486674837294805096, 0.07717231874924690427, 0.2270756231802802949 ) ) ;
#2443 = DIRECTION ( 'NONE',  ( 1.000000000000000000, -0.000000000000000000, -0.000000000000000000 ) ) ;
#2444 = CARTESIAN_POINT ( 'NONE',  ( 0.2608682405892451817, 0.1339514032287845713, 0.2270756231802804059 ) ) ;
#2445 = FACE_OUTER_BOUND ( 'NONE', #4907, .T. ) ;
#2446 = CARTESIAN_POINT ( 'NONE',  ( -0.4559334511168267046, 0.1226326522363244131, 0.2270756231802802949 ) ) ;
#2447 = ADVANCED_FACE ( 'NONE', ( #4922, #5553 ), #3735, .T. ) ;
#2448 = CARTESIAN_POINT ( 'NONE',  ( -0.1532000745507962336, 0.1956544512307437922, 0.2270756231802803782 ) ) ;
#2449 = AXIS2_PLACEMENT_3D ( 'NONE', #1816, #4280, #7232 ) ;
#2450 = ORIENTED_EDGE ( 'NONE', *, *, #3539, .F. ) ;
#2451 = CARTESIAN_POINT ( 'NONE',  ( 0.02811661954741698222, 0.05508757223430543054, 0.1877055431802803209 ) ) ;
#2452 = DIRECTION ( 'NONE',  ( 1.000000000000000000, 0.000000000000000000, 0.000000000000000000 ) ) ;
#2453 = CARTESIAN_POINT ( 'NONE',  ( 0.2998267442553902984, 0.1170300000176340421, 0.1877055431802803764 ) ) ;
#2454 = FACE_OUTER_BOUND ( 'NONE', #4616, .T. ) ;
#2455 = CARTESIAN_POINT ( 'NONE',  ( 0.1287995707102314868, 0.1309813300517348456, 0.2270756231802802116 ) ) ;
#2456 = AXIS2_PLACEMENT_3D ( 'NONE', #3983, #2824, #4501 ) ;
#2457 = CARTESIAN_POINT ( 'NONE',  ( -0.2824597513460468390, 0.1820782355482234716, 0.1877055431802803487 ) ) ;
#2458 = EDGE_CURVE ( 'NONE', #684, #5933, #3813, .T. ) ;
#2459 = CARTESIAN_POINT ( 'NONE',  ( -0.2040582773981474696, 0.1425268345822788552, 0.2270756231802803782 ) ) ;
#2460 = ORIENTED_EDGE ( 'NONE', *, *, #1780, .T. ) ;
#2461 = CARTESIAN_POINT ( 'NONE',  ( -0.1758596273385354958, 0.1832280172534359319, 0.1877055431802802377 ) ) ;
#2462 = CARTESIAN_POINT ( 'NONE',  ( -0.3896097548068300220, 0.09658589484604272746, 0.1877055431802803209 ) ) ;
#2463 = CARTESIAN_POINT ( 'NONE',  ( -0.1644434450598916964, 0.1469510892946729042, 0.1877055431802803209 ) ) ;
#2464 = CARTESIAN_POINT ( 'NONE',  ( 0.2736748670741685485, 0.05508757223430543054, 0.1877055431802803209 ) ) ;
#2465 = CARTESIAN_POINT ( 'NONE',  ( -0.2884523469766824832, 0.1730059482948133609, 0.1877055431802803209 ) ) ;
#2466 = VERTEX_POINT ( 'NONE', #6156 ) ;
#2467 = CARTESIAN_POINT ( 'NONE',  ( 0.3212076123800438054, 0.1345848466134695887, 0.2270756231802803504 ) ) ;
#2468 = LINE ( 'NONE', #4887, #2828 ) ;
#2469 = CARTESIAN_POINT ( 'NONE',  ( -0.2179973363931030916, 0.06525601599062937075, 0.1877055431802803764 ) ) ;
#2470 = CARTESIAN_POINT ( 'NONE',  ( -0.7741167953658587564, 0.5799999999999999600, 0.2070756231802803049 ) ) ;
#2471 = CARTESIAN_POINT ( 'NONE',  ( -0.4252245192909672733, 0.1615744102140276028, 0.2270756231802802949 ) ) ;
#2472 = B_SPLINE_CURVE_WITH_KNOTS ( 'NONE', 3,
 ( #3422, #2831, #5251, #4968, #4813, #2433, #7894, #4264, #5476, #3739, #1880, #1957, #6685, #2509, #2549, #3096, #6119, #712, #6160 ),
 .UNSPECIFIED., .F., .F.,
 ( 4, 1, 1, 1, 1, 1, 1, 1, 1, 1, 1, 1, 1, 1, 1, 1, 4 ),
 ( 0.000000000000000000, 0.1107342804863385433, 0.2123411929916479146, 0.3055021255634832733, 0.3898348410859878155, 0.4666904579461289004, 0.5352618542933011980, 0.5967629138889616325, 0.6510657189836188685, 0.7010355511102174253, 0.7478602709077570854, 0.7918333971357295331, 0.8342840069087867905, 0.8753338897746164582, 0.9160347492783130763, 0.9576522807232378254, 1.000000000000000000 ),
 .UNSPECIFIED. ) ;
#2473 = ORIENTED_EDGE ( 'NONE', *, *, #4316, .T. ) ;
#2474 = CARTESIAN_POINT ( 'NONE',  ( -0.2498202053566814518, 0.05155436003967592273, 0.1877055431802803487 ) ) ;
#2475 = CARTESIAN_POINT ( 'NONE',  ( -0.03661293198700642931, 0.1451844831973581607, 0.1877055431802803487 ) ) ;
#2476 = CARTESIAN_POINT ( 'NONE',  ( 0.000000000000000000, 0.5999999999999999778, 0.2070756231802803049 ) ) ;
#2477 = CARTESIAN_POINT ( 'NONE',  ( -0.04919871432823313268, 0.05209785147764359192, 0.1877055431802803209 ) ) ;
#2478 = CARTESIAN_POINT ( 'NONE',  ( 0.2736748670741685485, 0.1033656044874853297, 0.1877055431802803209 ) ) ;
#2479 = CARTESIAN_POINT ( 'NONE',  ( 0.1504200326459344539, 0.1322648544531810355, 0.1877055431802803209 ) ) ;
#2480 = CARTESIAN_POINT ( 'NONE',  ( -0.4083352828978380478, 0.1963982879168536255, 0.2270756231802804059 ) ) ;
#2481 = CARTESIAN_POINT ( 'NONE',  ( 0.2388858798743354883, 0.1264391226870164586, 0.1877055431802803764 ) ) ;
#2482 = CARTESIAN_POINT ( 'NONE',  ( -0.05474824770475324870, 0.1116465705686482818, 0.1877055431802803487 ) ) ;
#2483 = CARTESIAN_POINT ( 'NONE',  ( 0.2475991762234400484, 0.1541201693648987514, 0.1877055431802803209 ) ) ;
#2484 = CARTESIAN_POINT ( 'NONE',  ( -0.4226371309371074747, 0.05329246524022301923, 0.2270756231802803504 ) ) ;
#2485 = CARTESIAN_POINT ( 'NONE',  ( -0.2701823250228759243, 0.1499195022516500719, 0.1877055431802803487 ) ) ;
#2486 = ADVANCED_FACE ( 'NONE', ( #4450 ), #4086, .T. ) ;
#2487 = ORIENTED_EDGE ( 'NONE', *, *, #4494, .F. ) ;
#2488 = DIRECTION ( 'NONE',  ( 0.000000000000000000, 1.000000000000000000, 0.000000000000000000 ) ) ;
#2489 = CARTESIAN_POINT ( 'NONE',  ( -0.4083352828978380478, 0.1963982879168536255, 0.2270756231802803504 ) ) ;
#2490 = CARTESIAN_POINT ( 'NONE',  ( 0.3274146453981864879, 0.1575013016409105848, 0.1877055431802803487 ) ) ;
#2491 = ORIENTED_EDGE ( 'NONE', *, *, #1818, .F. ) ;
#2492 = CARTESIAN_POINT ( 'NONE',  ( 0.07802627985989384063, 0.1344665642319647636, 0.2270756231802804337 ) ) ;
#2493 = CARTESIAN_POINT ( 'NONE',  ( 0.1196329223292847688, 0.1170300000176340005, 0.1877055431802803209 ) ) ;
#2494 = CARTESIAN_POINT ( 'NONE',  ( 0.1137884598763712618, 0.1410137884066510472, 0.2270756231802803504 ) ) ;
#2495 = CARTESIAN_POINT ( 'NONE',  ( -0.3749359705302107160, 0.06792182635784672906, 0.2270756231802803782 ) ) ;
#2496 = ORIENTED_EDGE ( 'NONE', *, *, #6729, .T. ) ;
#2497 = CARTESIAN_POINT ( 'NONE',  ( 0.1345637980184082039, 0.1337531185352375529, 0.1877055431802803209 ) ) ;
#2498 = CARTESIAN_POINT ( 'NONE',  ( -0.3879599928649458129, 0.1061605371993063207, 0.1877055431802803209 ) ) ;
#2499 = CARTESIAN_POINT ( 'NONE',  ( 0.8872925146169755584, 0.5999999999999999778, -0.07269823557238540290 ) ) ;
#2500 = EDGE_CURVE ( 'NONE', #2619, #1906, #2468, .T. ) ;
#2501 = CARTESIAN_POINT ( 'NONE',  ( -0.1008456255565603754, 0.07805345149939728333, 0.2270756231802802949 ) ) ;
#2502 = EDGE_CURVE ( 'NONE', #2959, #770, #3206, .T. ) ;
#2503 = ORIENTED_EDGE ( 'NONE', *, *, #6035, .F. ) ;
#2504 = FACE_OUTER_BOUND ( 'NONE', #6463, .T. ) ;
#2505 = CARTESIAN_POINT ( 'NONE',  ( -0.03661293198700642931, 0.1451844831973581607, 0.2270756231802803504 ) ) ;
#2506 = CARTESIAN_POINT ( 'NONE',  ( -0.2636425821787793944, 0.05329246524022302617, 0.1877055431802803764 ) ) ;
#2507 = VECTOR ( 'NONE', #5210, 39.37007874015748143 ) ;
#2508 = DIRECTION ( 'NONE',  ( 0.000000000000000000, 0.000000000000000000, 1.000000000000000000 ) ) ;
#2509 = CARTESIAN_POINT ( 'NONE',  ( -0.2589547577779958143, 0.07873544403918712742, 0.2270756231802802672 ) ) ;
#2510 = VERTEX_POINT ( 'NONE', #2660 ) ;
#2511 = CARTESIAN_POINT ( 'NONE',  ( 0.06344880417221121505, 0.1522592120339255339, 0.2270756231802803504 ) ) ;
#2512 = CARTESIAN_POINT ( 'NONE',  ( 0.3637717780372212717, 0.05508757223430543054, 0.2270756231802802949 ) ) ;
#2513 = LINE ( 'NONE', #7494, #7538 ) ;
#2514 = CARTESIAN_POINT ( 'NONE',  ( -0.07620051569095862010, 0.06685761028705906883, 0.1877055431802802377 ) ) ;
#2515 = LINE ( 'NONE', #4934, #1235 ) ;
#2516 = CARTESIAN_POINT ( 'NONE',  ( 0.1262744317200257538, 0.1289860745467274750, 0.2270756231802804059 ) ) ;
#2517 = CARTESIAN_POINT ( 'NONE',  ( -0.3711906631348765306, 0.1734624954450431356, 0.2270756231802803504 ) ) ;
#2518 = CARTESIAN_POINT ( 'NONE',  ( 0.05284593774774872660, 0.1028152597527481338, 0.2270756231802803782 ) ) ;
#2519 = CARTESIAN_POINT ( 'NONE',  ( 0.05284910490982360626, 0.05508757223430543054, 0.2270756231802802949 ) ) ;
#2520 = DIRECTION ( 'NONE',  ( -1.000000000000000000, 0.000000000000000000, -1.149629425163053468E-16 ) ) ;
#2521 = CARTESIAN_POINT ( 'NONE',  ( -0.4559204243528510725, 0.1204333066650962736, 0.2270756231802802394 ) ) ;
#2522 = DIRECTION ( 'NONE',  ( -1.000000000000000000, 0.000000000000000000, 0.000000000000000000 ) ) ;
#2523 = CIRCLE ( 'NONE', #4302, 0.01999999999999999001 ) ;
#2524 = ORIENTED_EDGE ( 'NONE', *, *, #5350, .T. ) ;
#2525 = CARTESIAN_POINT ( 'NONE',  ( 0.6859622457331169265, 0.5999999999999999778, -0.1978062665827000077 ) ) ;
#2526 = CARTESIAN_POINT ( 'NONE',  ( -0.3843582735151348517, 0.1890230343564093252, 0.1877055431802803209 ) ) ;
#2527 = CARTESIAN_POINT ( 'NONE',  ( -0.3623155049647021619, 0.1261294150002503223, 0.2270756231802802949 ) ) ;
#2528 = DIRECTION ( 'NONE',  ( 0.000000000000000000, 1.000000000000000000, 0.000000000000000000 ) ) ;
#2529 = VERTEX_POINT ( 'NONE', #5719 ) ;
#2530 = CARTESIAN_POINT ( 'NONE',  ( 0.08307865209968463838, 0.1329969936317888790, 0.2270756231802804059 ) ) ;
#2531 = CARTESIAN_POINT ( 'NONE',  ( 0.1262744317200257538, 0.1289860745467274750, 0.1877055431802804042 ) ) ;
#2532 = VECTOR ( 'NONE', #260, 39.37007874015748143 ) ;
#2533 = EDGE_CURVE ( 'NONE', #2650, #6193, #7673, .T. ) ;
#2534 = CARTESIAN_POINT ( 'NONE',  ( -0.3630919708533725809, 0.1051600924646581003, 0.2270756231802802949 ) ) ;
#2535 = ORIENTED_EDGE ( 'NONE', *, *, #2876, .T. ) ;
#2536 = DIRECTION ( 'NONE',  ( 1.000000000000000000, 0.000000000000000000, 0.000000000000000000 ) ) ;
#2537 = CARTESIAN_POINT ( 'NONE',  ( -0.03951127011541345074, 0.07628684540208252596, 0.2270756231802802949 ) ) ;
#2538 = AXIS2_PLACEMENT_3D ( 'NONE', #7024, #1579, #5067 ) ;
#2539 = VECTOR ( 'NONE', #299, 39.37007874015748143 ) ;
#2540 = CARTESIAN_POINT ( 'NONE',  ( -0.01958174508008132114, 0.09864545382122244521, 0.2270756231802802949 ) ) ;
#2541 = CARTESIAN_POINT ( 'NONE',  ( -0.1328377578501198364, 0.09453257400091152896, 0.1877055431802803209 ) ) ;
#2542 = ADVANCED_FACE ( 'NONE', ( #6394 ), #3367, .F. ) ;
#2543 = ORIENTED_EDGE ( 'NONE', *, *, #2718, .T. ) ;
#2544 = DIRECTION ( 'NONE',  ( -1.000000000000000000, -6.829619984160637733E-15, 0.000000000000000000 ) ) ;
#2545 = LINE ( 'NONE', #6800, #3645 ) ;
#2546 = CARTESIAN_POINT ( 'NONE',  ( -0.2724957777981324436, 0.05703069578812471757, 0.2270756231802803504 ) ) ;
#2547 = ORIENTED_EDGE ( 'NONE', *, *, #98, .T. ) ;
#2548 = CARTESIAN_POINT ( 'NONE',  ( 0.3624205401328068898, 0.1321571736990937163, 0.1877055431802803209 ) ) ;
#2549 = CARTESIAN_POINT ( 'NONE',  ( -0.2568585960560219594, 0.07764787570090499191, 0.2270756231802803504 ) ) ;
#2550 = EDGE_CURVE ( 'NONE', #3097, #5599, #7795, .T. ) ;
#2551 = VERTEX_POINT ( 'NONE', #5120 ) ;
#2552 = CARTESIAN_POINT ( 'NONE',  ( 0.2330429268359290595, 0.1437491157432898847, 0.2270756231802802949 ) ) ;
#2553 = CARTESIAN_POINT ( 'NONE',  ( -0.2705896730861199750, 0.1918203824745193242, 0.1877055431802802654 ) ) ;
#2554 = LINE ( 'NONE', #4974, #5673 ) ;
#2555 = CARTESIAN_POINT ( 'NONE',  ( -0.2426433308095423402, 0.05194420531806830804, 0.2270756231802803504 ) ) ;
#2556 = CARTESIAN_POINT ( 'NONE',  ( -0.3325859613586179542, 0.08319201105033526000, 0.1877055431802803487 ) ) ;
#2557 = CARTESIAN_POINT ( 'NONE',  ( 0.2984041194075444658, 0.1034225540286860118, 0.2270756231802802949 ) ) ;
#2558 = DIRECTION ( 'NONE',  ( 0.000000000000000000, 1.000000000000000000, 0.000000000000000000 ) ) ;
#2559 = CARTESIAN_POINT ( 'NONE',  ( 0.1488217417306120227, 0.1331568200646063571, 0.2270756231802802949 ) ) ;
#2560 = CARTESIAN_POINT ( 'NONE',  ( -0.4412148742766019427, 0.06522988328734857788, 0.2270756231802803782 ) ) ;
#2561 = EDGE_CURVE ( 'NONE', #1113, #272, #4753, .T. ) ;
#2562 = LINE ( 'NONE', #77, #7883 ) ;
#2563 = EDGE_LOOP ( 'NONE', ( #1757, #6559, #6923, #3234 ) ) ;
#2564 = DIRECTION ( 'NONE',  ( -0.000000000000000000, -0.000000000000000000, 1.000000000000000000 ) ) ;
#2565 = CARTESIAN_POINT ( 'NONE',  ( -0.3654955561150531884, 0.1578916287957480569, 0.1877055431802803209 ) ) ;
#2566 = CARTESIAN_POINT ( 'NONE',  ( -0.7541167953658587386, 0.5999999999999999778, 0.2270756231802802672 ) ) ;
#2567 = FACE_OUTER_BOUND ( 'NONE', #4209, .T. ) ;
#2568 = EDGE_LOOP ( 'NONE', ( #5478, #1036, #2987, #1470, #2491 ) ) ;
#2569 = CARTESIAN_POINT ( 'NONE',  ( 0.09347896860163414090, 0.1044422681723898572, 0.2270756231802804059 ) ) ;
#2570 = CARTESIAN_POINT ( 'NONE',  ( 0.2894457074534207974, 0.1473770897489063703, 0.1877055431802802654 ) ) ;
#2571 = CARTESIAN_POINT ( 'NONE',  ( 0.1059643195478812833, 0.1505145623102361607, 0.1877055431802803764 ) ) ;
#2572 = VERTEX_POINT ( 'NONE', #3935 ) ;
#2573 = CARTESIAN_POINT ( 'NONE',  ( -0.2280718227040035018, 0.1907596177290536432, 0.2270756231802802672 ) ) ;
#2574 = ORIENTED_EDGE ( 'NONE', *, *, #7606, .F. ) ;
#2575 = CARTESIAN_POINT ( 'NONE',  ( 0.1182135305104696776, 0.1000532180550201544, 0.1877055431802803209 ) ) ;
#2576 = CARTESIAN_POINT ( 'NONE',  ( -0.3938262055081047097, 0.08575474995487882002, 0.2270756231802802949 ) ) ;
#2577 = VECTOR ( 'NONE', #3302, 39.37007874015748143 ) ;
#2578 = APPLICATION_PROTOCOL_DEFINITION ( 'international standard', 'config_control_design', 1994, #1383 ) ;
#2579 = CARTESIAN_POINT ( 'NONE',  ( -0.1109149880835703372, 0.1246195939314029555, 0.2270756231802803782 ) ) ;
#2580 = ORIENTED_EDGE ( 'NONE', *, *, #5708, .F. ) ;
#2581 = DIRECTION ( 'NONE',  ( 0.3120445760271329250, 0.000000000000000000, 0.9500674621162682465 ) ) ;
#2582 = CARTESIAN_POINT ( 'NONE',  ( -0.1382176131055445900, 0.1962368245099450903, 0.2270756231802803504 ) ) ;
#2583 = CARTESIAN_POINT ( 'NONE',  ( -0.2696974094149564571, 0.05556186941036737881, 0.2270756231802803782 ) ) ;
#2584 = ORIENTED_EDGE ( 'NONE', *, *, #4154, .F. ) ;
#2585 = DIRECTION ( 'NONE',  ( -0.9510565162948947382, 0.000000000000000000, -0.3090169943757442028 ) ) ;
#2586 = CARTESIAN_POINT ( 'NONE',  ( 0.2492232649092255836, 0.1337100102930795509, 0.2270756231802804337 ) ) ;
#2587 = VERTEX_POINT ( 'NONE', #6998 ) ;
#2588 = CARTESIAN_POINT ( 'NONE',  ( -0.02685783383535584809, 0.08107939211908005150, 0.2270756231802802394 ) ) ;
#2589 = DIRECTION ( 'NONE',  ( 0.000000000000000000, -1.000000000000000000, 0.000000000000000000 ) ) ;
#2590 = CARTESIAN_POINT ( 'NONE',  ( -0.06737957185187622156, 0.05911111712874865531, 0.1877055431802804042 ) ) ;
#2591 = CARTESIAN_POINT ( 'NONE',  ( -0.2280647927093399085, 0.1217767639787256384, 0.1877055431802803487 ) ) ;
#2592 = CARTESIAN_POINT ( 'NONE',  ( -0.3436131738253824230, 0.07419441303091992013, 0.2270756231802803782 ) ) ;
#2593 = CARTESIAN_POINT ( 'NONE',  ( -0.1214467488109761267, 0.1083430186888722779, 0.2270756231802803504 ) ) ;
#2594 = CARTESIAN_POINT ( 'NONE',  ( -0.3982773659348645134, 0.05253816099495971226, 0.2270756231802802949 ) ) ;
#2595 = CARTESIAN_POINT ( 'NONE',  ( 0.2554567416956101122, 0.1345848466134695887, 0.2270756231802803504 ) ) ;
#2596 = DIRECTION ( 'NONE',  ( -0.000000000000000000, -0.000000000000000000, 1.000000000000000000 ) ) ;
#2597 = CARTESIAN_POINT ( 'NONE',  ( -0.2721613912209162600, 0.1271139794595063377, 0.1877055431802803487 ) ) ;
#2598 = ADVANCED_FACE ( 'NONE', ( #5793 ), #4009, .T. ) ;
#2599 = ORIENTED_EDGE ( 'NONE', *, *, #749, .F. ) ;
#2600 = CARTESIAN_POINT ( 'NONE',  ( -0.7603555893585303149, 0.5799999999999999600, -0.2470545071240703994 ) ) ;
#2601 = CYLINDRICAL_SURFACE ( 'NONE', #1458, 0.01999999999999999001 ) ;
#2602 = CARTESIAN_POINT ( 'NONE',  ( 0.001892088496386552842, 0.08084314753173230117, 0.2270756231802802672 ) ) ;
#2603 = CARTESIAN_POINT ( 'NONE',  ( -0.2799871972093601058, 0.06283736900783651325, 0.1877055431802803209 ) ) ;
#2604 = VERTEX_POINT ( 'NONE', #5155 ) ;
#2605 = CARTESIAN_POINT ( 'NONE',  ( 0.1835779561111157976, 0.1136616056483979037, 0.2270756231802802949 ) ) ;
#2606 = CARTESIAN_POINT ( 'NONE',  ( 0.3290155636567175801, 0.1331568200646063571, 0.2270756231802802949 ) ) ;
#2607 = CARTESIAN_POINT ( 'NONE',  ( 0.1022587463494080418, 0.1530408857370942066, 0.1877055431802803209 ) ) ;
#2608 = ORIENTED_EDGE ( 'NONE', *, *, #1856, .F. ) ;
#2609 = CARTESIAN_POINT ( 'NONE',  ( -0.2033219392533521519, 0.1217030750678314982, 0.1877055431802803487 ) ) ;
#2610 = ORIENTED_EDGE ( 'NONE', *, *, #144, .F. ) ;
#2611 = FACE_OUTER_BOUND ( 'NONE', #5158, .T. ) ;
#2612 = CARTESIAN_POINT ( 'NONE',  ( -0.02537295488820908926, 0.08253517975705738918, 0.2270756231802804059 ) ) ;
#2613 = CARTESIAN_POINT ( 'NONE',  ( -0.02646967364885310231, 0.1157679220066906989, 0.2270756231802802949 ) ) ;
#2614 = CARTESIAN_POINT ( 'NONE',  ( -0.1075697499520214123, 0.1318677055539967391, 0.2270756231802803782 ) ) ;
#2615 = ORIENTED_EDGE ( 'NONE', *, *, #5463, .T. ) ;
#2616 = CARTESIAN_POINT ( 'NONE',  ( -0.4242408354317009911, 0.1633393263715991750, 0.1877055431802803487 ) ) ;
#2617 = CARTESIAN_POINT ( 'NONE',  ( -0.1039117551669436618, 0.1655105160120904639, 0.1877055431802803487 ) ) ;
#2618 = CARTESIAN_POINT ( 'NONE',  ( -0.2896729349711523183, 0.07717231874924689039, 0.1877055431802803487 ) ) ;
#2619 = VERTEX_POINT ( 'NONE', #5835 ) ;
#2620 = LINE ( 'NONE', #5044, #4925 ) ;
#2621 = CARTESIAN_POINT ( 'NONE',  ( 0.2333636478227400501, 0.1090490693218373885, 0.2270756231802802949 ) ) ;
#2622 = AXIS2_PLACEMENT_3D ( 'NONE', #6206, #5562, #3183 ) ;
#2623 = AXIS2_PLACEMENT_3D ( 'NONE', #6345, #3316, #5741 ) ;
#2624 = ORIENTED_EDGE ( 'NONE', *, *, #4831, .T. ) ;
#2625 = CARTESIAN_POINT ( 'NONE',  ( -0.2969153055932269303, 0.1256884697678956608, 0.2270756231802802672 ) ) ;
#2626 = CARTESIAN_POINT ( 'NONE',  ( -0.05692623870202734998, 0.08578937857363107267, 0.1877055431802802377 ) ) ;
#2627 = CARTESIAN_POINT ( 'NONE',  ( -0.07054727920656675422, 0.06141691812481056556, 0.1877055431802802654 ) ) ;
#2628 = CARTESIAN_POINT ( 'NONE',  ( -0.2040974220950442786, 0.1051600924646580587, 0.2270756231802802394 ) ) ;
#2629 = PLANE ( 'NONE',  #3662 ) ;
#2630 = PLANE ( 'NONE',  #2196 ) ;
#2631 = CARTESIAN_POINT ( 'NONE',  ( -0.3666874376980309713, 0.08526648473679682150, 0.2270756231802802949 ) ) ;
#2632 = CARTESIAN_POINT ( 'NONE',  ( -0.3985131825996502397, 0.07997006610843980512, 0.2270756231802802949 ) ) ;
#2633 = EDGE_CURVE ( 'NONE', #1906, #1224, #1755, .T. ) ;
#2634 = DIRECTION ( 'NONE',  ( -0.000000000000000000, 1.000000000000000000, -0.000000000000000000 ) ) ;
#2635 = EDGE_CURVE ( 'NONE', #7442, #7437, #6589, .T. ) ;
#2636 = VERTEX_POINT ( 'NONE', #2147 ) ;
#2637 = CARTESIAN_POINT ( 'NONE',  ( 0.05284910490982360626, 0.1437491157432898847, 0.1877055431802803209 ) ) ;
#2638 = CARTESIAN_POINT ( 'NONE',  ( 0.2984073524365751795, 0.1000532180550201544, 0.1877055431802803209 ) ) ;
#2639 = CARTESIAN_POINT ( 'NONE',  ( -0.03934369083078773782, 0.05159837386943683796, 0.2270756231802802672 ) ) ;
#2640 = EDGE_CURVE ( 'NONE', #2896, #4854, #5066, .T. ) ;
#2641 = CARTESIAN_POINT ( 'NONE',  ( 0.2990532999088790223, 0.1123228830382821952, 0.1877055431802803487 ) ) ;
#2642 = ORIENTED_EDGE ( 'NONE', *, *, #2057, .F. ) ;
#2643 = CARTESIAN_POINT ( 'NONE',  ( -0.2283888043774270904, 0.1362842676182428880, 0.2270756231802804059 ) ) ;
#2644 = CARTESIAN_POINT ( 'NONE',  ( -0.2531346171939422018, 0.1715317114765749218, 0.2270756231802802394 ) ) ;
#2645 = CARTESIAN_POINT ( 'NONE',  ( -0.1353280792654910081, 0.1309240386405216838, 0.2270756231802802949 ) ) ;
#2646 = ORIENTED_EDGE ( 'NONE', *, *, #244, .F. ) ;
#2647 = AXIS2_PLACEMENT_3D ( 'NONE', #7261, #1806, #5446 ) ;
#2648 = EDGE_CURVE ( 'NONE', #6642, #972, #6204, .T. ) ;
#2649 = CARTESIAN_POINT ( 'NONE',  ( -0.2033219392533521519, 0.1217030750678314982, 0.2270756231802803504 ) ) ;
#2650 = VERTEX_POINT ( 'NONE', #3720 ) ;
#2651 = CIRCLE ( 'NONE', #4931, 0.02000000000000001776 ) ;
#2652 = FACE_OUTER_BOUND ( 'NONE', #7712, .T. ) ;
#2653 = CARTESIAN_POINT ( 'NONE',  ( 0.05687743668723920648, 0.1236164632634709354, 0.2270756231802802672 ) ) ;
#2654 = LENGTH_MEASURE_WITH_UNIT ( LENGTH_MEASURE( 0.02539999999999999897 ), #787 );
#2655 = CARTESIAN_POINT ( 'NONE',  ( -0.1155082003810783131, 0.1168132738654407005, 0.1877055431802803209 ) ) ;
#2656 = EDGE_CURVE ( 'NONE', #4767, #1738, #6020, .T. ) ;
#2657 = DIRECTION ( 'NONE',  ( 0.000000000000000000, -1.000000000000000000, 0.000000000000000000 ) ) ;
#2658 = VERTEX_POINT ( 'NONE', #1218 ) ;
#2659 = CARTESIAN_POINT ( 'NONE',  ( -0.4291768737812042267, 0.1499195022516500719, 0.1877055431802803209 ) ) ;
#2660 = CARTESIAN_POINT ( 'NONE',  ( -0.2722064169960918822, 0.1223566200336189819, 0.2270756231802803782 ) ) ;
#2661 = CARTESIAN_POINT ( 'NONE',  ( 0.2363089988271989683, 0.1470455209631993942, 0.1877055431802802654 ) ) ;
#2662 = VERTEX_POINT ( 'NONE', #5985 ) ;
#2663 = CARTESIAN_POINT ( 'NONE',  ( 0.2522892063073856606, 0.1344773349726025580, 0.2270756231802802394 ) ) ;
#2664 = CYLINDRICAL_SURFACE ( 'NONE', #6720, 0.02000000000000003511 ) ;
#2665 = VERTEX_POINT ( 'NONE', #3603 ) ;
#2666 = CARTESIAN_POINT ( 'NONE',  ( -0.2969389023584984577, 0.1226326522363244131, 0.1877055431802803209 ) ) ;
#2667 = CARTESIAN_POINT ( 'NONE',  ( -0.2748722031695673973, 0.1891761643304311624, 0.1877055431802803764 ) ) ;
#2668 = CARTESIAN_POINT ( 'NONE',  ( -0.1573907602311647447, 0.1665803233801773919, 0.2270756231802803504 ) ) ;
#2669 = CARTESIAN_POINT ( 'NONE',  ( -0.2296355019478855952, 0.1011273984085603733, 0.1877055431802803487 ) ) ;
#2670 = DIRECTION ( 'NONE',  ( -0.3090169943748808934, -0.000000000000000000, -0.9510565162951752916 ) ) ;
#2671 = CARTESIAN_POINT ( 'NONE',  ( 0.3212076123800438054, 0.1345848466134695887, 0.2270756231802803504 ) ) ;
#2672 = CARTESIAN_POINT ( 'NONE',  ( 0.7290471563225168206, 0.000000000000000000, -0.06520454656100536928 ) ) ;
#2673 = CARTESIAN_POINT ( 'NONE',  ( -0.4000666477000382470, 0.1691558818591955837, 0.1877055431802802654 ) ) ;
#2674 = EDGE_LOOP ( 'NONE', ( #281, #1387, #3861, #881 ) ) ;
#2675 = CARTESIAN_POINT ( 'NONE',  ( -0.1519115830570651193, 0.1110392997226963135, 0.2270756231802802949 ) ) ;
#2676 = DIRECTION ( 'NONE',  ( -0.000000000000000000, -0.000000000000000000, 1.000000000000000000 ) ) ;
#2677 = CARTESIAN_POINT ( 'NONE',  ( -2.810706616979199380E-05, 0.07667352791291130731, 0.2270756231802802949 ) ) ;
#2678 = CARTESIAN_POINT ( 'NONE',  ( -0.2283883911110681786, 0.1116533956497245961, 0.1877055431802802654 ) ) ;
#2679 = ORIENTED_EDGE ( 'NONE', *, *, #5253, .T. ) ;
#2680 = CARTESIAN_POINT ( 'NONE',  ( -0.2303307283609905831, 0.1511439014104072331, 0.2270756231802802672 ) ) ;
#2681 = CARTESIAN_POINT ( 'NONE',  ( -0.4559334511168267046, 0.1226326522363244131, 0.1877055431802803209 ) ) ;
#2682 = DIRECTION ( 'NONE',  ( -0.000000000000000000, -0.000000000000000000, 1.000000000000000000 ) ) ;
#2683 = VERTEX_POINT ( 'NONE', #7313 ) ;
#2684 = CARTESIAN_POINT ( 'NONE',  ( -0.03975969909784833611, 0.1699169685597647361, 0.1877055431802803209 ) ) ;
#2685 = VERTEX_POINT ( 'NONE', #1860 ) ;
#2686 = CARTESIAN_POINT ( 'NONE',  ( 0.7954022872182958670, 0.5799999999999999600, 0.2070756231802803049 ) ) ;
#2687 = CARTESIAN_POINT ( 'NONE',  ( 0.07209538438128022808, 0.1344773349726026135, 0.2270756231802803504 ) ) ;
#2688 = VECTOR ( 'NONE', #4863, 39.37007874015748143 ) ;
#2689 = EDGE_CURVE ( 'NONE', #5599, #232, #570, .T. ) ;
#2690 = CARTESIAN_POINT ( 'NONE',  ( 0.3389791963079278325, 0.1096055511159636509, 0.1877055431802802654 ) ) ;
#2691 = B_SPLINE_CURVE_WITH_KNOTS ( 'NONE', 3,
 ( #5252, #3423, #1609, #5854, #4027, #2832, #7057, #2243, #392, #6451, #7433, #1344, #4397, #2606, #6709, #4990, #122, #5582, #2015 ),
 .UNSPECIFIED., .F., .F.,
 ( 4, 1, 1, 1, 1, 1, 1, 1, 1, 1, 1, 1, 1, 1, 1, 1, 4 ),
 ( 0.000000000000000000, 0.1043212003319297226, 0.2002351177995656539, 0.2872866360596422197, 0.3662604197152595220, 0.4376827211855108257, 0.5011798321686554702, 0.5580212203309153907, 0.6084121485345166391, 0.6557430552930165746, 0.7019436693135174821, 0.7482150555409735615, 0.7942519338520301897, 0.8425045303297388211, 0.8922367909940882580, 0.9446164986685376963, 1.000000000000000000 ),
 .UNSPECIFIED. ) ;
#2692 = AXIS2_PLACEMENT_3D ( 'NONE', #6051, #4714, #4937 ) ;
#2693 = CARTESIAN_POINT ( 'NONE',  ( -0.4552873311620927455, 0.1401030605031330645, 0.1877055431802802099 ) ) ;
#2694 = ORIENTED_EDGE ( 'NONE', *, *, #979, .T. ) ;
#2695 = CARTESIAN_POINT ( 'NONE',  ( -0.3296211151588215871, 0.08335326979134158321, 0.2270756231802802949 ) ) ;
#2696 = CARTESIAN_POINT ( 'NONE',  ( -0.05287789928214595842, 0.08113841478389340056, 0.2270756231802802394 ) ) ;
#2697 = CARTESIAN_POINT ( 'NONE',  ( -0.4311757396977515810, 0.1202585984994352375, 0.2270756231802803504 ) ) ;
#2698 = VERTEX_POINT ( 'NONE', #608 ) ;
#2699 = DIRECTION ( 'NONE',  ( -0.000000000000000000, -0.000000000000000000, 1.000000000000000000 ) ) ;
#2700 = CARTESIAN_POINT ( 'NONE',  ( 0.003384134185010541189, 0.1699169685597647361, 0.1877055431802803209 ) ) ;
#2701 = VECTOR ( 'NONE', #7889, 39.37007874015748143 ) ;
#2702 = ORIENTED_EDGE ( 'NONE', *, *, #1231, .F. ) ;
#2703 = CARTESIAN_POINT ( 'NONE',  ( -0.3212439952847431779, 0.05575621770363470980, 0.1877055431802803764 ) ) ;
#2704 = CARTESIAN_POINT ( 'NONE',  ( -0.3170235655082765946, 0.07678879398295586356, 0.1877055431802803487 ) ) ;
#2705 = CARTESIAN_POINT ( 'NONE',  ( -0.1644434450598916964, 0.1469510892946729042, 0.1877055431802802654 ) ) ;
#2706 = CARTESIAN_POINT ( 'NONE',  ( -0.3981535318754050867, 0.1676639657016522067, 0.2270756231802803504 ) ) ;
#2707 = CARTESIAN_POINT ( 'NONE',  ( 0.1156396680292166718, 0.1410176109679389667, 0.2270756231802803504 ) ) ;
#2708 = CARTESIAN_POINT ( 'NONE',  ( 0.3024351880697742079, 0.1238680015157979375, 0.2270756231802803504 ) ) ;
#2709 = CARTESIAN_POINT ( 'NONE',  ( 0.1591564641603178121, 0.1564162333108067016, 0.1877055431802802377 ) ) ;
#2710 = AXIS2_PLACEMENT_3D ( 'NONE', #1640, #3900, #6963 ) ;
#2711 = DIRECTION ( 'NONE',  ( -1.000000000000000000, 0.000000000000000000, -1.149629425163053468E-16 ) ) ;
#2712 = ORIENTED_EDGE ( 'NONE', *, *, #2876, .F. ) ;
#2713 = CARTESIAN_POINT ( 'NONE',  ( 0.2475868783907836101, 0.1542048047760349039, 0.1877055431802803209 ) ) ;
#2714 = CARTESIAN_POINT ( 'NONE',  ( 0.2330429268359290595, 0.1437491157432898847, 0.2270756231802802949 ) ) ;
#2715 = FACE_OUTER_BOUND ( 'NONE', #1670, .T. ) ;
#2716 = CARTESIAN_POINT ( 'NONE',  ( -0.02646967364885310231, 0.1157679220066906989, 0.2270756231802802949 ) ) ;
#2717 = CARTESIAN_POINT ( 'NONE',  ( -0.3921003300199073505, 0.08891139733545252999, 0.2270756231802803504 ) ) ;
#2718 = EDGE_CURVE ( 'NONE', #6185, #3246, #4281, .T. ) ;
#2719 = CARTESIAN_POINT ( 'NONE',  ( 0.1191990628910641753, 0.1147944594768764981, 0.2270756231802802672 ) ) ;
#2720 = CARTESIAN_POINT ( 'NONE',  ( -0.1275423792654898636, 0.1492831449455364612, 0.1877055431802802654 ) ) ;
#2721 = ORIENTED_EDGE ( 'NONE', *, *, #2891, .F. ) ;
#2722 = ORIENTED_EDGE ( 'NONE', *, *, #4290, .T. ) ;
#2723 = CARTESIAN_POINT ( 'NONE',  ( -0.4338667519278955331, 0.1891761643304311069, 0.2270756231802802949 ) ) ;
#2724 = CARTESIAN_POINT ( 'NONE',  ( -0.7763573127152829656, 0.02000000000000000042, -0.1978062665827001188 ) ) ;
#2725 = CARTESIAN_POINT ( 'NONE',  ( 0.2947913305811339924, 0.1396086327027084295, 0.2270756231802802949 ) ) ;
#2726 = PERSON_AND_ORGANIZATION_ROLE ( 'design_supplier' ) ;
#2727 = CARTESIAN_POINT ( 'NONE',  ( 0.3320773252847482038, 0.1312183860301154859, 0.2270756231802803782 ) ) ;
#2728 = ADVANCED_FACE ( 'NONE', ( #646 ), #3641, .T. ) ;
#2729 = CARTESIAN_POINT ( 'NONE',  ( -0.2362236267803421164, 0.08356120867961623622, 0.2270756231802803504 ) ) ;
#2730 = ADVANCED_FACE ( 'NONE', ( #7834 ), #1684, .T. ) ;
#2731 = ORIENTED_EDGE ( 'NONE', *, *, #574, .T. ) ;
#2732 = ADVANCED_FACE ( 'NONE', ( #2567 ), #4595, .T. ) ;
#2733 = CARTESIAN_POINT ( 'NONE',  ( -0.01962109770757058252, 0.09627333185593746345, 0.1877055431802803209 ) ) ;
#2734 = CARTESIAN_POINT ( 'NONE',  ( -0.05501613693774622810, 0.08327908516273330175, 0.2270756231802803782 ) ) ;
#2735 = CARTESIAN_POINT ( 'NONE',  ( -0.4217444949216486161, 0.08190168858459762058, 0.2270756231802803504 ) ) ;
#2736 = EDGE_CURVE ( 'NONE', #4098, #6360, #198, .T. ) ;
#2737 = ORIENTED_EDGE ( 'NONE', *, *, #1232, .T. ) ;
#2738 = CARTESIAN_POINT ( 'NONE',  ( 0.2336875110853142701, 0.1117986576282369859, 0.2270756231802802672 ) ) ;
#2739 = CARTESIAN_POINT ( 'NONE',  ( 0.2344537485990290659, 0.1165991252979789450, 0.1877055431802803209 ) ) ;
#2740 = EDGE_CURVE ( 'NONE', #2587, #4722, #904, .T. ) ;
#2741 = EDGE_LOOP ( 'NONE', ( #4011, #6310, #1071, #5517, #1320, #5078, #892, #1620, #426, #2823, #1149, #2524, #1523, #5955, #6913, #2154, #995, #7526, #7560 ) ) ;
#2742 = CARTESIAN_POINT ( 'NONE',  ( -0.3238226732386465523, 0.05432447098737500091, 0.1877055431802802377 ) ) ;
#2743 = ORIENTED_EDGE ( 'NONE', *, *, #1624, .F. ) ;
#2744 = FACE_OUTER_BOUND ( 'NONE', #4037, .T. ) ;
#2745 = CARTESIAN_POINT ( 'NONE',  ( -0.1620751645058368384, 0.1593589450602535262, 0.1877055431802803487 ) ) ;
#2746 = CARTESIAN_POINT ( 'NONE',  ( -0.3915843348648948008, 0.1584472979274402504, 0.2270756231802804892 ) ) ;
#2747 = CARTESIAN_POINT ( 'NONE',  ( 0.1388550523346163967, 0.1565164389030434533, 0.2270756231802803782 ) ) ;
#2748 = B_SPLINE_SURFACE_WITH_KNOTS ( 'NONE', 3, 1, ( 
 ( #3946, #1566 ),
 ( #6405, #2281 ),
 ( #346, #4581 ),
 ( #6366, #5286 ),
 ( #7737, #2203 ),
 ( #7575, #924 ),
 ( #7131, #3342 ),
 ( #5765, #308 ),
 ( #3419, #2746 ),
 ( #5169, #2160 ),
 ( #2788, #5207 ),
 ( #7656, #4619 ),
 ( #385, #7053 ),
 ( #6447, #2826 ),
 ( #7695, #2239 ),
 ( #2352, #3016 ),
 ( #1118, #6645 ),
 ( #5433, #512 ),
 ( #1877, #2908 ) ),
 .UNSPECIFIED., .F., .F., .F.,
 ( 4, 1, 1, 1, 1, 1, 1, 1, 1, 1, 1, 1, 1, 1, 1, 1, 4 ),
 ( 2, 2 ),
 ( 0.000000000000000000, 0.1121147956622135511, 0.2158018426882335195, 0.3102026923156547822, 0.3959929252987141046, 0.4734102307422356493, 0.5427784203605526825, 0.6045480222829329175, 0.6593572656120957332, 0.7087643617117435069, 0.7553555059484816647, 0.7986869938006724290, 0.8400168391480737906, 0.8802034470065464022, 0.9197333482458340814, 0.9590486059010152609, 1.000000000000000000 ),
 ( 0.000000000000000000, 1.000000000000000000 ),
 .UNSPECIFIED. ) ;
#2749 = CARTESIAN_POINT ( 'NONE',  ( 0.2083104414735224563, 0.05508757223430543054, 0.1877055431802803209 ) ) ;
#2750 = CARTESIAN_POINT ( 'NONE',  ( -0.4044191985402883494, 0.07681518911668357152, 0.2270756231802803504 ) ) ;
#2751 = VECTOR ( 'NONE', #3122, 39.37007874015748143 ) ;
#2752 = VECTOR ( 'NONE', #7454, 39.37007874015748143 ) ;
#2753 = CARTESIAN_POINT ( 'NONE',  ( -0.1008456255565603754, 0.05508757223430543054, 0.1877055431802803209 ) ) ;
#2754 = ORIENTED_EDGE ( 'NONE', *, *, #4494, .T. ) ;
#2755 = CARTESIAN_POINT ( 'NONE',  ( -0.2534702317198442301, 0.05161729494470002760, 0.2270756231802803504 ) ) ;
#2756 = CARTESIAN_POINT ( 'NONE',  ( 0.1835779561111157976, 0.1136616056483979037, 0.1877055431802803209 ) ) ;
#2757 = CARTESIAN_POINT ( 'NONE',  ( 0.07526291976950461038, 0.1345848466134695609, 0.1877055431802803209 ) ) ;
#2758 = FACE_OUTER_BOUND ( 'NONE', #2051, .T. ) ;
#2759 = CARTESIAN_POINT ( 'NONE',  ( -0.2356446563304160080, 0.1637728252068556267, 0.2270756231802802672 ) ) ;
#2760 = CARTESIAN_POINT ( 'NONE',  ( 0.1188594779827735065, 0.1123228830382821952, 0.2270756231802802672 ) ) ;
#2761 = CARTESIAN_POINT ( 'NONE',  ( -0.1484427660099137125, 0.1147588430224843192, 0.2270756231802802949 ) ) ;
#2762 = ORIENTED_EDGE ( 'NONE', *, *, #7766, .F. ) ;
#2763 = EDGE_CURVE ( 'NONE', #2604, #5867, #5826, .T. ) ;
#2764 = VERTEX_POINT ( 'NONE', #2174 ) ;
#2765 = B_SPLINE_CURVE_WITH_KNOTS ( 'NONE', 3,
 ( #5034, #3205, #5505, #2497, #4915, #6754, #6150, #7438, #4956, #5632, #3125, #128, #6227, #6795, #4364, #1984, #1350, #3764, #2575 ),
 .UNSPECIFIED., .F., .F.,
 ( 4, 1, 1, 1, 1, 1, 1, 1, 1, 1, 1, 1, 1, 1, 1, 1, 4 ),
 ( 0.000000000000000000, 0.07061958908030542548, 0.1385768908401558697, 0.2060734598181213906, 0.2744631881640022808, 0.3426003686445658336, 0.4107400792371033171, 0.4801183847928305326, 0.5526004757567168912, 0.5917843457786856609, 0.6356630389305280016, 0.6835687881021350609, 0.7369646345616784888, 0.7948709303760277400, 0.8584208566785909156, 0.9265985076834626355, 1.000000000000000000 ),
 .UNSPECIFIED. ) ;
#2766 = CARTESIAN_POINT ( 'NONE',  ( -0.3623392069868989762, 0.1304104755484992439, 0.1877055431802803209 ) ) ;
#2767 = CARTESIAN_POINT ( 'NONE',  ( 0.2330429268359290595, 0.1557841197812466771, 0.1877055431802803209 ) ) ;
#2768 = CARTESIAN_POINT ( 'NONE',  ( 0.05425992667292360572, 0.1165991252979789450, 0.1877055431802803764 ) ) ;
#2769 = PERSON_AND_ORGANIZATION ( #6420, #5697 ) ;
#2770 = ADVANCED_FACE ( 'NONE', ( #2250 ), #6376, .T. ) ;
#2771 = CARTESIAN_POINT ( 'NONE',  ( -0.2348316567497764906, 0.08575474995487882002, 0.2270756231802802949 ) ) ;
#2772 = AXIS2_PLACEMENT_3D ( 'NONE', #227, #2670, #5090 ) ;
#2773 = ORIENTED_EDGE ( 'NONE', *, *, #5546, .T. ) ;
#2774 = CARTESIAN_POINT ( 'NONE',  ( -0.02037363930895946459, 0.09178501556971967179, 0.1877055431802803209 ) ) ;
#2775 = CARTESIAN_POINT ( 'NONE',  ( -0.04526924552104932831, 0.07698584946338497825, 0.2270756231802803504 ) ) ;
#2776 = CARTESIAN_POINT ( 'NONE',  ( -0.4089251669960918267, 0.07628684540208252596, 0.2270756231802802949 ) ) ;
#2777 = VERTEX_POINT ( 'NONE', #1011 ) ;
#2778 = CARTESIAN_POINT ( 'NONE',  ( -0.3712752612891410120, 0.07407194944985386054, 0.2270756231802803504 ) ) ;
#2779 = EDGE_CURVE ( 'NONE', #3793, #801, #3429, .T. ) ;
#2780 = CARTESIAN_POINT ( 'NONE',  ( -0.2707400010684687941, 0.1004043316527997581, 0.1877055431802802377 ) ) ;
#2781 = CARTESIAN_POINT ( 'NONE',  ( -0.2373488265235746131, 0.1658718614849219175, 0.1877055431802803209 ) ) ;
#2782 = CARTESIAN_POINT ( 'NONE',  ( 0.2330429268359290595, 0.09941834398879766110, 0.1877055431802803209 ) ) ;
#2783 = ORIENTED_EDGE ( 'NONE', *, *, #7606, .T. ) ;
#2784 = CARTESIAN_POINT ( 'NONE',  ( -0.7624010666133208547, 0.5999999999999998668, 0.07092093513243420688 ) ) ;
#2785 = VERTEX_POINT ( 'NONE', #5140 ) ;
#2786 = CARTESIAN_POINT ( 'NONE',  ( -0.01958174508008132114, 0.09864545382122244521, 0.1877055431802803209 ) ) ;
#2787 = CARTESIAN_POINT ( 'NONE',  ( -0.1587738566452771838, 0.1650322215440100937, 0.2270756231802802394 ) ) ;
#2788 = CARTESIAN_POINT ( 'NONE',  ( -0.3946392050887442271, 0.1637728252068556267, 0.1877055431802803209 ) ) ;
#2789 = CARTESIAN_POINT ( 'NONE',  ( -0.1835674299985387281, 0.1719068894025105321, 0.1877055431802803209 ) ) ;
#2790 = EDGE_CURVE ( 'NONE', #177, #7846, #401, .T. ) ;
#2791 = CARTESIAN_POINT ( 'NONE',  ( -0.4095324378420436839, 0.1964160600194861384, 0.1877055431802803209 ) ) ;
#2792 = CYLINDRICAL_SURFACE ( 'NONE', #7483, 0.01999999999999996572 ) ;
#2793 = VECTOR ( 'NONE', #485, 39.37007874015748143 ) ;
#2794 = EDGE_CURVE ( 'NONE', #6786, #3616, #6124, .T. ) ;
#2795 = CARTESIAN_POINT ( 'NONE',  ( 0.003384134185010541189, 0.1928828478248565959, 0.1877055431802803209 ) ) ;
#2796 = ADVANCED_FACE ( 'NONE', ( #1654 ), #4032, .T. ) ;
#2797 = ORIENTED_EDGE ( 'NONE', *, *, #3369, .T. ) ;
#2798 = CARTESIAN_POINT ( 'NONE',  ( -0.2822203255182735848, 0.06522988328734859176, 0.2270756231802802672 ) ) ;
#2799 = CARTESIAN_POINT ( 'NONE',  ( -0.4261533736314790932, 0.1596440259293350206, 0.2270756231802803504 ) ) ;
#2800 = CARTESIAN_POINT ( 'NONE',  ( -0.2718444800489454027, 0.1359225141953649962, 0.1877055431802802099 ) ) ;
#2801 = CARTESIAN_POINT ( 'NONE',  ( -0.7541167953658587386, 0.5999999999999999778, 0.06959530821986563420 ) ) ;
#2802 = CARTESIAN_POINT ( 'NONE',  ( -0.05084722511986255328, 0.1155116739609657467, 0.2270756231802802672 ) ) ;
#2803 = CARTESIAN_POINT ( 'NONE',  ( -0.2718444800489454027, 0.1359225141953649962, 0.2270756231802802116 ) ) ;
#2804 = FACE_OUTER_BOUND ( 'NONE', #3610, .T. ) ;
#2805 = ORIENTED_EDGE ( 'NONE', *, *, #1582, .F. ) ;
#2806 = ORIENTED_EDGE ( 'NONE', *, *, #6865, .T. ) ;
#2807 = FACE_OUTER_BOUND ( 'NONE', #3021, .T. ) ;
#2808 = CARTESIAN_POINT ( 'NONE',  ( 0.06609811867750484127, 0.1325572742355684841, 0.2270756231802803782 ) ) ;
#2809 = VECTOR ( 'NONE', #7470, 39.37007874015748143 ) ;
#2810 = CARTESIAN_POINT ( 'NONE',  ( 0.3390392926748146407, 0.1056566717699403968, 0.1877055431802803209 ) ) ;
#2811 = CARTESIAN_POINT ( 'NONE',  ( -0.2499306182377636076, 0.07628684540208253984, 0.2270756231802803504 ) ) ;
#2812 = CARTESIAN_POINT ( 'NONE',  ( -0.1300862637929051657, 0.1638139701241914103, 0.2270756231802802672 ) ) ;
#2813 = CARTESIAN_POINT ( 'NONE',  ( -0.4303661849054036814, 0.1051849547086359943, 0.1877055431802803209 ) ) ;
#2814 = ORIENTED_EDGE ( 'NONE', *, *, #7469, .F. ) ;
#2815 = CARTESIAN_POINT ( 'NONE',  ( -0.3891224912536462299, 0.05552830710193074060, 0.1877055431802803487 ) ) ;
#2816 = LINE ( 'NONE', #4092, #7590 ) ;
#2817 = CARTESIAN_POINT ( 'NONE',  ( -0.03867117395476036418, 0.1451326032264409760, 0.2270756231802802394 ) ) ;
#2818 = ADVANCED_FACE ( 'NONE', ( #2758 ), #5899, .T. ) ;
#2819 = CARTESIAN_POINT ( 'NONE',  ( -0.1075697499520214123, 0.1318677055539967391, 0.1877055431802803487 ) ) ;
#2820 = AXIS2_PLACEMENT_3D ( 'NONE', #5256, #4070, #314 ) ;
#2821 = ORIENTED_EDGE ( 'NONE', *, *, #6703, .F. ) ;
#2822 = FACE_OUTER_BOUND ( 'NONE', #7228, .T. ) ;
#2823 = ORIENTED_EDGE ( 'NONE', *, *, #630, .T. ) ;
#2824 = DIRECTION ( 'NONE',  ( -8.215320435513970122E-14, 8.471558355861791338E-13, -1.000000000000000000 ) ) ;
#2825 = CARTESIAN_POINT ( 'NONE',  ( -0.1460239268203260554, 0.1716604321450908854, 0.2270756231802803782 ) ) ;
#2826 = CARTESIAN_POINT ( 'NONE',  ( -0.4000666477000382470, 0.1691558818591955837, 0.2270756231802803504 ) ) ;
#2827 = CARTESIAN_POINT ( 'NONE',  ( -0.8194422233048108684, 0.5999999999999999778, -0.06520454656102096791 ) ) ;
#2828 = VECTOR ( 'NONE', #5511, 39.37007874015748143 ) ;
#2829 = VECTOR ( 'NONE', #135, 39.37007874015748143 ) ;
#2830 = CARTESIAN_POINT ( 'NONE',  ( -0.1381290669875001875, 0.1705262004404511089, 0.2270756231802802949 ) ) ;
#2831 = CARTESIAN_POINT ( 'NONE',  ( -0.2721811909394233897, 0.1202585984994352652, 0.2270756231802803504 ) ) ;
#2832 = CARTESIAN_POINT ( 'NONE',  ( 0.3379944862134157124, 0.1197558209504471088, 0.2270756231802804059 ) ) ;
#2833 = CARTESIAN_POINT ( 'NONE',  ( -0.2122807125308127929, 0.07407194944985388829, 0.2270756231802802672 ) ) ;
#2834 =( BOUNDED_CURVE ( )  B_SPLINE_CURVE ( 3, ( #57, #4886, #4410, #1276 ),
 .UNSPECIFIED., .F., .F. ) 
 B_SPLINE_CURVE_WITH_KNOTS ( ( 4, 4 ),
 ( 4.712388980384689674, 6.283185307179586232 ),
 .UNSPECIFIED. ) 
 CURVE ( )  GEOMETRIC_REPRESENTATION_ITEM ( )  RATIONAL_B_SPLINE_CURVE ( ( 1.000000000000000000, 0.8047378541243649375, 0.8047378541243649375, 1.000000000000000000 ) ) 
 REPRESENTATION_ITEM ( '' )  );
#2835 = ORIENTED_EDGE ( 'NONE', *, *, #5343, .F. ) ;
#2836 = CARTESIAN_POINT ( 'NONE',  ( -0.2969005740012761185, 0.1161615667949961461, 0.2270756231802803504 ) ) ;
#2837 = CARTESIAN_POINT ( 'NONE',  ( -0.4301928829884437144, 0.1435190334104978205, 0.2270756231802802949 ) ) ;
#2838 = CARTESIAN_POINT ( 'NONE',  ( 0.05869205794822994482, 0.1264391226870164586, 0.1877055431802803487 ) ) ;
#2839 = EDGE_CURVE ( 'NONE', #2683, #5294, #7165, .T. ) ;
#2840 = CARTESIAN_POINT ( 'NONE',  ( 0.8873123920799406150, 0.01999999999999999001, -0.07275875555011726559 ) ) ;
#2841 = CARTESIAN_POINT ( 'NONE',  ( -0.2499306182377636076, 0.1716835746570795351, 0.2270756231802804059 ) ) ;
#2842 = CARTESIAN_POINT ( 'NONE',  ( 0.2725387700719718032, 0.1191993570952817050, 0.1877055431802803209 ) ) ;
#2843 = EDGE_CURVE ( 'NONE', #2896, #5184, #6614, .T. ) ;
#2844 = VECTOR ( 'NONE', #6391, 39.37007874015748143 ) ;
#2845 = DIRECTION ( 'NONE',  ( 0.000000000000000000, -0.000000000000000000, 1.000000000000000000 ) ) ;
#2846 = CARTESIAN_POINT ( 'NONE',  ( -0.2531346171939422018, 0.1715317114765749218, 0.2270756231802802949 ) ) ;
#2847 = ORIENTED_EDGE ( 'NONE', *, *, #6527, .T. ) ;
#2848 = EDGE_LOOP ( 'NONE', ( #3555, #127, #3012, #5659 ) ) ;
#2849 = CARTESIAN_POINT ( 'NONE',  ( -0.3626296265731024371, 0.1366511633406932436, 0.1877055431802803209 ) ) ;
#2850 = CARTESIAN_POINT ( 'NONE',  ( 0.05300933280244871787, 0.1060534965843292071, 0.2270756231802803504 ) ) ;
#2851 = CARTESIAN_POINT ( 'NONE',  ( -0.4414543001043751413, 0.1820782355482234161, 0.1877055431802803209 ) ) ;
#2852 = CARTESIAN_POINT ( 'NONE',  ( 0.3233255012307871823, 0.1345557529479893266, 0.2270756231802803504 ) ) ;
#2853 = B_SPLINE_CURVE_WITH_KNOTS ( 'NONE', 3,
 ( #2391, #7293, #1241, #7333, #7412, #4926, #3661, #1799, #626, #2471, #3698, #6764, #4225, #63, #668, #6079, #4301, #7373, #5435, #4851, #4375, #3056, #1918 ),
 .UNSPECIFIED., .F., .F.,
 ( 4, 1, 1, 1, 1, 1, 1, 1, 1, 1, 1, 1, 1, 1, 1, 1, 1, 1, 1, 1, 4 ),
 ( 0.000000000000000000, 0.05383370089591479890, 0.1055426304091381801, 0.1580541720958376362, 0.2119873357804051839, 0.2402068903290461299, 0.2697935103595444084, 0.3013430987966757568, 0.3346080613711926444, 0.3702844416648602976, 0.4080888380149461092, 0.4486813458099819796, 0.4920692965602020963, 0.5386641566662652147, 0.5903710538753821346, 0.6463877841547197578, 0.7071953757631237458, 0.7729467746818399210, 0.8436426012467370672, 0.9193083570571426444, 1.000000000000000000 ),
 .UNSPECIFIED. ) ;
#2854 = CARTESIAN_POINT ( 'NONE',  ( -0.05692210797796943417, 0.05398637665328333279, 0.1877055431802803764 ) ) ;
#2855 = CARTESIAN_POINT ( 'NONE',  ( -0.1416410911916266835, 0.1714991493265146383, 0.2270756231802803504 ) ) ;
#2856 = CARTESIAN_POINT ( 'NONE',  ( -0.4199146528140735857, 0.08015459038088897092, 0.2270756231802802949 ) ) ;
#2857 = VERTEX_POINT ( 'NONE', #3672 ) ;
#2858 = CARTESIAN_POINT ( 'NONE',  ( -0.3637034338602154193, 0.09962180876590485956, 0.1877055431802803764 ) ) ;
#2859 = CARTESIAN_POINT ( 'NONE',  ( -0.3446372669859970594, 0.06839232440470720265, 0.1877055431802803209 ) ) ;
#2860 = CARTESIAN_POINT ( 'NONE',  ( -0.04078312759435188950, 0.1448707201617174811, 0.2270756231802804059 ) ) ;
#2861 = CARTESIAN_POINT ( 'NONE',  ( -0.4312009657544200736, 0.1223566200336189819, 0.2270756231802802949 ) ) ;
#2862 = ORIENTED_EDGE ( 'NONE', *, *, #4046, .F. ) ;
#2863 = DIRECTION ( 'NONE',  ( 0.000000000000000000, -0.000000000000000000, -1.000000000000000000 ) ) ;
#2864 = ORIENTED_EDGE ( 'NONE', *, *, #697, .T. ) ;
#2865 = CARTESIAN_POINT ( 'NONE',  ( -0.02092560702567814249, 0.1073357630095603116, 0.1877055431802803487 ) ) ;
#2866 = CARTESIAN_POINT ( 'NONE',  ( 0.004410711597490657963, 0.08981608499764620612, 0.2270756231802803782 ) ) ;
#2867 = CARTESIAN_POINT ( 'NONE',  ( -0.3930338153696311676, 0.1613261747899569776, 0.2270756231802802672 ) ) ;
#2868 = CARTESIAN_POINT ( 'NONE',  ( 0.1438330338633151129, 0.1574036748098806004, 0.2270756231802802394 ) ) ;
#2869 = CARTESIAN_POINT ( 'NONE',  ( -0.009727215283376939095, 0.1353856014405740993, 0.1877055431802803764 ) ) ;
#2870 = CARTESIAN_POINT ( 'NONE',  ( -0.3446372669859970594, 0.06839232440470720265, 0.2270756231802802394 ) ) ;
#2871 = CARTESIAN_POINT ( 'NONE',  ( -0.1144142663811540672, 0.1845905405906591301, 0.2270756231802803782 ) ) ;
#2872 = EDGE_LOOP ( 'NONE', ( #6607, #655, #6174, #3338, #2234 ) ) ;
#2873 = DIRECTION ( 'NONE',  ( -0.9510565162951750695, 0.000000000000000000, 0.3090169943748815595 ) ) ;
#2874 = CARTESIAN_POINT ( 'NONE',  ( -0.4181110359688795519, 0.1693594917623949259, 0.1877055431802802654 ) ) ;
#2875 = CARTESIAN_POINT ( 'NONE',  ( -0.2788019907243203255, 0.1859040987637402553, 0.2270756231802802394 ) ) ;
#2876 = EDGE_CURVE ( 'NONE', #2883, #3112, #5486, .T. ) ;
#2877 = DIRECTION ( 'NONE',  ( 0.9510565162951747364, 0.000000000000000000, -0.3090169943748823367 ) ) ;
#2878 = CARTESIAN_POINT ( 'NONE',  ( -0.3655218432427715936, 0.08968081195020953522, 0.1877055431802803487 ) ) ;
#2879 = CARTESIAN_POINT ( 'NONE',  ( -0.1285101265212551525, 0.1450601787554674782, 0.1877055431802802377 ) ) ;
#2880 = CARTESIAN_POINT ( 'NONE',  ( 0.3440326985383167502, 0.1548969904002742981, 0.2270756231802802949 ) ) ;
#2881 = EDGE_CURVE ( 'NONE', #7067, #6955, #3630, .T. ) ;
#2882 = CARTESIAN_POINT ( 'NONE',  ( 0.09335490421127630445, 0.1095042037285957615, 0.2270756231802802394 ) ) ;
#2883 = VERTEX_POINT ( 'NONE', #2992 ) ;
#2884 = VECTOR ( 'NONE', #5633, 39.37007874015748143 ) ;
#2885 = ORIENTED_EDGE ( 'NONE', *, *, #244, .T. ) ;
#2886 = CARTESIAN_POINT ( 'NONE',  ( -0.3630528261564755499, 0.1425268345822788274, 0.1877055431802803209 ) ) ;
#2887 = CIRCLE ( 'NONE', #3902, 0.02000000000000005940 ) ;
#2888 = CARTESIAN_POINT ( 'NONE',  ( -0.4257333098180551278, 0.05432712697290471848, 0.1877055431802802377 ) ) ;
#2889 = CARTESIAN_POINT ( 'NONE',  ( -0.4250166792295633766, 0.1939056131176329634, 0.2270756231802802949 ) ) ;
#2890 = AXIS2_PLACEMENT_3D ( 'NONE', #4267, #3023, #3625 ) ;
#2891 = EDGE_CURVE ( 'NONE', #5191, #1432, #6737, .T. ) ;
#2892 = CARTESIAN_POINT ( 'NONE',  ( -0.2040582773981474696, 0.1425268345822788552, 0.2270756231802803782 ) ) ;
#2893 = CARTESIAN_POINT ( 'NONE',  ( -0.05409515101747065097, 0.1123457184102434059, 0.2270756231802804892 ) ) ;
#2894 = CARTESIAN_POINT ( 'NONE',  ( -0.4066323180502234291, 0.07635462944205610725, 0.1877055431802803209 ) ) ;
#2895 = DIRECTION ( 'NONE',  ( -0.000000000000000000, 0.000000000000000000, 1.000000000000000000 ) ) ;
#2896 = VERTEX_POINT ( 'NONE', #4272 ) ;
#2897 = CARTESIAN_POINT ( 'NONE',  ( -0.2288357625730825518, 0.1417658585635452051, 0.2270756231802803504 ) ) ;
#2898 = EDGE_CURVE ( 'NONE', #1787, #7846, #5828, .T. ) ;
#2899 = CARTESIAN_POINT ( 'NONE',  ( -0.3436131738253824230, 0.07419441303091992013, 0.1877055431802803764 ) ) ;
#2900 = CARTESIAN_POINT ( 'NONE',  ( -0.2493407341395096899, 0.1963982879168535423, 0.1877055431802803209 ) ) ;
#2901 = CARTESIAN_POINT ( 'NONE',  ( 0.1145975086550285460, 0.1396086327027084295, 0.1877055431802803209 ) ) ;
#2902 = VECTOR ( 'NONE', #6199, 39.37007874015748143 ) ;
#2903 = VECTOR ( 'NONE', #6349, 39.37007874015748143 ) ;
#2904 = EDGE_LOOP ( 'NONE', ( #5319, #1955, #1570, #6599 ) ) ;
#2905 = ORIENTED_EDGE ( 'NONE', *, *, #5853, .T. ) ;
#2906 = CARTESIAN_POINT ( 'NONE',  ( -0.4251093818824179804, 0.08629280190399002404, 0.2270756231802802672 ) ) ;
#2907 = FACE_OUTER_BOUND ( 'NONE', #5215, .T. ) ;
#2908 = CARTESIAN_POINT ( 'NONE',  ( -0.4089251669960918267, 0.1716835746570795074, 0.2270756231802803782 ) ) ;
#2909 = CARTESIAN_POINT ( 'NONE',  ( -0.1439618556191487042, 0.1964160600194861384, 0.1877055431802803209 ) ) ;
#2910 = VECTOR ( 'NONE', #5851, 39.37007874015748143 ) ;
#2911 = CARTESIAN_POINT ( 'NONE',  ( 0.9469638150399793952, 0.5799999999999999600, -0.1916259266951851059 ) ) ;
#2912 = CARTESIAN_POINT ( 'NONE',  ( -0.1326980689821333770, 0.1952257780714161395, 0.1877055431802803209 ) ) ;
#2913 = CARTESIAN_POINT ( 'NONE',  ( 0.09348104514806306053, 0.1033656044874853297, 0.1877055431802803209 ) ) ;
#2914 = VERTEX_POINT ( 'NONE', #1733 ) ;
#2915 = CARTESIAN_POINT ( 'NONE',  ( -0.03848995096540334948, 0.1204519978349515019, 0.2270756231802802949 ) ) ;
#2916 = FACE_OUTER_BOUND ( 'NONE', #5429, .T. ) ;
#2917 = CARTESIAN_POINT ( 'NONE',  ( 0.05384220956523508295, 0.1143143531211425201, 0.1877055431802803209 ) ) ;
#2918 = AXIS2_PLACEMENT_3D ( 'NONE', #2957, #1095, #5942 ) ;
#2919 = CARTESIAN_POINT ( 'NONE',  ( -0.7541167953658587386, 0.02000000000000012879, 0.06959530821986563420 ) ) ;
#2920 = CARTESIAN_POINT ( 'NONE',  ( -0.3891224912536462299, 0.05552830710193074060, 0.1877055431802803487 ) ) ;
#2921 = CARTESIAN_POINT ( 'NONE',  ( -0.1300977186323075685, 0.1406417856887164086, 0.1877055431802803487 ) ) ;
#2922 = CARTESIAN_POINT ( 'NONE',  ( 0.8873123920799406150, 0.000000000000000000, -0.07275875555011726559 ) ) ;
#2923 = CARTESIAN_POINT ( 'NONE',  ( 0.09128690567337843786, 0.1231556170097661551, 0.2270756231802802672 ) ) ;
#2924 = VERTEX_POINT ( 'NONE', #4822 ) ;
#2925 = ORIENTED_EDGE ( 'NONE', *, *, #2458, .T. ) ;
#2926 = DIRECTION ( 'NONE',  ( -1.000000000000000000, 0.000000000000000000, -0.000000000000000000 ) ) ;
#2927 = CARTESIAN_POINT ( 'NONE',  ( 0.07420016972631168772, 0.1345487750351062051, 0.2270756231802802949 ) ) ;
#2928 = CARTESIAN_POINT ( 'NONE',  ( -0.4338667519278955331, 0.1891761643304311069, 0.1877055431802803209 ) ) ;
#2929 = CARTESIAN_POINT ( 'NONE',  ( -0.2121961143765483948, 0.1734624954450431356, 0.1877055431802803209 ) ) ;
#2930 = CARTESIAN_POINT ( 'NONE',  ( -0.05409515101747065097, 0.1123457184102434059, 0.1877055431802803764 ) ) ;
#2931 = CARTESIAN_POINT ( 'NONE',  ( -0.1869177579952076285, 0.1628046595012549724, 0.2270756231802802949 ) ) ;
#2932 = CARTESIAN_POINT ( 'NONE',  ( 0.1388550523346163967, 0.1565164389030434533, 0.2270756231802803782 ) ) ;
#2933 = ORIENTED_EDGE ( 'NONE', *, *, #1624, .T. ) ;
#2934 = CARTESIAN_POINT ( 'NONE',  ( 0.002242012933646667615, 0.1177140840914067954, 0.2270756231802802672 ) ) ;
#2935 = CARTESIAN_POINT ( 'NONE',  ( 0.8144036364606211942, 0.5999999999999999778, 0.2133165147008229401 ) ) ;
#2936 = CARTESIAN_POINT ( 'NONE',  ( -0.2280718227040035018, 0.1907596177290536432, 0.1877055431802802654 ) ) ;
#2937 = ADVANCED_FACE ( 'NONE', ( #1771 ), #2121, .T. ) ;
#2938 = LINE ( 'NONE', #6678, #7375 ) ;
#2939 = ORIENTED_EDGE ( 'NONE', *, *, #1335, .F. ) ;
#2940 = ORIENTED_EDGE ( 'NONE', *, *, #5602, .F. ) ;
#2941 = DIRECTION ( 'NONE',  ( 0.3090169943757442028, 0.000000000000000000, -0.9510565162948947382 ) ) ;
#2942 = CARTESIAN_POINT ( 'NONE',  ( -0.02311185638330307338, 0.05496623005808691509, 0.1877055431802803487 ) ) ;
#2943 = CARTESIAN_POINT ( 'NONE',  ( -0.2140700784584413652, 0.07088963399828969447, 0.1877055431802803487 ) ) ;
#2944 = B_SPLINE_SURFACE_WITH_KNOTS ( 'NONE', 3, 1, ( 
 ( #6426, #5829 ),
 ( #6387, #365 ),
 ( #2139, #2687 ),
 ( #7596, #2101 ),
 ( #4041, #2808 ),
 ( #6993, #2062 ),
 ( #7678, #4483 ),
 ( #5111, #1020 ),
 ( #4561, #2653 ),
 ( #7555, #6915 ),
 ( #4522, #5783 ),
 ( #2768, #5187 ),
 ( #1472, #3885 ),
 ( #6312, #867 ),
 ( #1548, #3287 ),
 ( #3967, #2850 ),
 ( #3482, #2518 ),
 ( #6546, #413 ),
 ( #2261, #4675 ) ),
 .UNSPECIFIED., .F., .F., .F.,
 ( 4, 1, 1, 1, 1, 1, 1, 1, 1, 1, 1, 1, 1, 1, 1, 1, 4 ),
 ( 2, 2 ),
 ( 0.000000000000000000, 0.06743327249907170307, 0.1335521599200663045, 0.1997046778589729454, 0.2671201877316288220, 0.3352777423402917290, 0.4036283107667173464, 0.4742054460698436613, 0.5479942499729127947, 0.5881356421708164861, 0.6324115522410839185, 0.6818573288135474364, 0.7356293597745978685, 0.7938970358079765477, 0.8577893042072283203, 0.9262923936168981909, 1.000000000000000000 ),
 ( 0.000000000000000000, 1.000000000000000000 ),
 .UNSPECIFIED. ) ;
#2945 = CARTESIAN_POINT ( 'NONE',  ( 0.005112526620958028969, 0.1011312464064599709, 0.1877055431802803209 ) ) ;
#2946 = CARTESIAN_POINT ( 'NONE',  ( -0.3325913691455152366, 0.05347327707437946748, 0.2270756231802802949 ) ) ;
#2947 = CARTESIAN_POINT ( 'NONE',  ( 0.05284910490982360626, 0.09941834398879766110, 0.1877055431802803209 ) ) ;
#2948 = LINE ( 'NONE', #6122, #4287 ) ;
#2949 = DIRECTION ( 'NONE',  ( -0.9510565162948950713, 0.000000000000000000, -0.3090169943757430371 ) ) ;
#2950 = CARTESIAN_POINT ( 'NONE',  ( 0.1752388711852818914, 0.1469729603695233422, 0.1877055431802803209 ) ) ;
#2951 = CARTESIAN_POINT ( 'NONE',  ( 0.2705390491462907332, 0.1254872592240083018, 0.1877055431802802377 ) ) ;
#2952 = CARTESIAN_POINT ( 'NONE',  ( 0.1564009654602561417, 0.1248285621300073978, 0.1877055431802803764 ) ) ;
#2953 = CARTESIAN_POINT ( 'NONE',  ( -0.4559334511168267046, 0.1226326522363244131, 0.2270756231802802949 ) ) ;
#2954 = DIRECTION ( 'NONE',  ( 0.9510565162948956264, 0.000000000000000000, -0.3090169943757413717 ) ) ;
#2955 = DIRECTION ( 'NONE',  ( 1.000000000000000000, -0.000000000000000000, 1.149629425163053468E-16 ) ) ;
#2956 = LINE ( 'NONE', #1736, #2793 ) ;
#2957 = CARTESIAN_POINT ( 'NONE',  ( -0.8174034410199739753, 0.01999999999999999001, -0.05899716191161049478 ) ) ;
#2958 = ORIENTED_EDGE ( 'NONE', *, *, #3322, .F. ) ;
#2959 = VERTEX_POINT ( 'NONE', #5267 ) ;
#2960 = CARTESIAN_POINT ( 'NONE',  ( -0.07556107578874275699, 0.1164219276754524246, 0.2270756231802802949 ) ) ;
#2961 = CARTESIAN_POINT ( 'NONE',  ( 0.6837217283835673731, 0.5999999999999999778, 0.07279565469083784657 ) ) ;
#2962 = EDGE_CURVE ( 'NONE', #7230, #5283, #5781, .T. ) ;
#2963 = CARTESIAN_POINT ( 'NONE',  ( 0.3117764766671405896, 0.1325788366085081382, 0.2270756231802803782 ) ) ;
#2964 = CARTESIAN_POINT ( 'NONE',  ( -0.4446161308059040640, 0.1776734734557873785, 0.1877055431802803209 ) ) ;
#2965 = CARTESIAN_POINT ( 'NONE',  ( -0.2308943043826122976, 0.1922970275678682894, 0.2270756231802803504 ) ) ;
#2966 = CARTESIAN_POINT ( 'NONE',  ( -0.08671277677804216377, 0.08865308808328585533, 0.1877055431802803209 ) ) ;
#2967 = CARTESIAN_POINT ( 'NONE',  ( -0.4003599879221206859, 0.07862314684757659711, 0.2270756231802803504 ) ) ;
#2968 = CARTESIAN_POINT ( 'NONE',  ( 0.1145975086550285599, 0.1396086327027084573, 0.1877055431802803209 ) ) ;
#2969 = ADVANCED_FACE ( 'NONE', ( #4120 ), #7635, .T. ) ;
#2970 = CARTESIAN_POINT ( 'NONE',  ( 0.6669411154072134584, 0.01999999999999999001, -0.1916259266952023976 ) ) ;
#2971 = CARTESIAN_POINT ( 'NONE',  ( -0.02032006456575256859, 0.1053113976590799583, 0.2270756231802802116 ) ) ;
#2972 = CARTESIAN_POINT ( 'NONE',  ( 0.1472208234720809861, 0.1575013016409105848, 0.1877055431802802377 ) ) ;
#2973 = ADVANCED_FACE ( 'NONE', ( #5745 ), #6545, .F. ) ;
#2974 = ADVANCED_FACE ( 'NONE', ( #2807 ), #1546, .T. ) ;
#2975 = EDGE_LOOP ( 'NONE', ( #1108, #3284, #5000, #2615 ) ) ;
#2976 = ORIENTED_EDGE ( 'NONE', *, *, #3664, .T. ) ;
#2977 = EDGE_CURVE ( 'NONE', #3348, #138, #305, .T. ) ;
#2978 = CARTESIAN_POINT ( 'NONE',  ( -0.1453696198529463857, 0.1716835746570795074, 0.2270756231802802949 ) ) ;
#2979 = CARTESIAN_POINT ( 'NONE',  ( -0.3380223737797696248, 0.05574665881171125825, 0.2270756231802802949 ) ) ;
#2980 = FACE_OUTER_BOUND ( 'NONE', #3153, .T. ) ;
#2981 = B_SPLINE_CURVE_WITH_KNOTS ( 'NONE', 3,
 ( #446, #486, #3512, #2882, #1212, #1058, #5412, #1737, #4156, #2923, #5341, #7267, #3477, #2332, #1775, #7789, #7828, #2407, #5904 ),
 .UNSPECIFIED., .F., .F.,
 ( 4, 1, 1, 1, 1, 1, 1, 1, 1, 1, 1, 1, 1, 1, 1, 1, 4 ),
 ( 0.000000000000000000, 0.07853045759749699428, 0.1510671628769044705, 0.2183054637753022442, 0.2802866665778167010, 0.3370635526514699776, 0.3881523464865521134, 0.4342343330671824542, 0.4749941157865084640, 0.5490306370642878964, 0.6172961961720991875, 0.6816626372954089907, 0.7435420049347599702, 0.8043195746589858475, 0.8670125846987265517, 0.9313790258220363549, 1.000000000000000000 ),
 .UNSPECIFIED. ) ;
#2982 = CARTESIAN_POINT ( 'NONE',  ( -0.2589547577779958143, 0.07873544403918712742, 0.1877055431802802654 ) ) ;
#2983 = CARTESIAN_POINT ( 'NONE',  ( 0.9469638150399793952, 0.5999999999999999778, -0.1916259266951851059 ) ) ;
#2984 = ADVANCED_FACE ( 'NONE', ( #1584 ), #6307, .T. ) ;
#2985 = ORIENTED_EDGE ( 'NONE', *, *, #3888, .F. ) ;
#2986 = CARTESIAN_POINT ( 'NONE',  ( 0.000000000000000000, 0.5999999999999999778, 0.000000000000000000 ) ) ;
#2987 = ORIENTED_EDGE ( 'NONE', *, *, #4241, .F. ) ;
#2988 = CARTESIAN_POINT ( 'NONE',  ( 0.1582413911273953810, 0.1167065637596284011, 0.1877055431802802654 ) ) ;
#2989 = LINE ( 'NONE', #6770, #6453 ) ;
#2990 = CARTESIAN_POINT ( 'NONE',  ( 0.2733897302764203840, 0.1122657820408914653, 0.1877055431802803209 ) ) ;
#2991 = CARTESIAN_POINT ( 'NONE',  ( 0.1588454707487091389, 0.1056566717699403968, 0.2270756231802802949 ) ) ;
#2992 = CARTESIAN_POINT ( 'NONE',  ( -0.05474824770475324870, 0.1116465705686482818, 0.2270756231802803504 ) ) ;
#2993 = CARTESIAN_POINT ( 'NONE',  ( 0.2705390491462907332, 0.1254872592240083018, 0.2270756231802802394 ) ) ;
#2994 = CARTESIAN_POINT ( 'NONE',  ( -0.1453696198529463857, 0.1716835746570795074, 0.1877055431802803209 ) ) ;
#2995 = CARTESIAN_POINT ( 'NONE',  ( 0.8872926109963680252, 0.000000000000000000, -0.07269820391708950447 ) ) ;
#2996 = CARTESIAN_POINT ( 'NONE',  ( -0.2629776881016986367, 0.1662518209824076221, 0.2270756231802803782 ) ) ;
#2997 = EDGE_LOOP ( 'NONE', ( #2821, #5922, #1556, #1826 ) ) ;
#2998 = ORIENTED_EDGE ( 'NONE', *, *, #2794, .F. ) ;
#2999 = CARTESIAN_POINT ( 'NONE',  ( 0.3637441367944289072, 0.1178957599393610639, 0.2270756231802802672 ) ) ;
#3000 = CARTESIAN_POINT ( 'NONE',  ( -0.3898888531409404057, 0.1922970275678682339, 0.2270756231802802949 ) ) ;
#3001 = CARTESIAN_POINT ( 'NONE',  ( 0.3011724267051345549, 0.1213151523856658420, 0.2270756231802803504 ) ) ;
#3002 = CARTESIAN_POINT ( 'NONE',  ( -0.7984020917776485371, 0.5999999999999999778, -0.06523805343215297037 ) ) ;
#3003 = CARTESIAN_POINT ( 'NONE',  ( -0.2046861512015537288, 0.1480261618427363979, 0.2270756231802803504 ) ) ;
#3004 = CARTESIAN_POINT ( 'NONE',  ( -0.07054727920656675422, 0.06141691812481056556, 0.2270756231802802672 ) ) ;
#3005 = EDGE_LOOP ( 'NONE', ( #1468, #3694, #6758 ) ) ;
#3006 = CARTESIAN_POINT ( 'NONE',  ( -0.1453696198529463857, 0.1716835746570795074, 0.1877055431802803209 ) ) ;
#3007 = CARTESIAN_POINT ( 'NONE',  ( -0.03951127011541345074, 0.07628684540208252596, 0.1877055431802803209 ) ) ;
#3008 = EDGE_CURVE ( 'NONE', #3112, #6254, #5456, .T. ) ;
#3009 = CARTESIAN_POINT ( 'NONE',  ( 0.005037600557759176235, 0.1043273921969912338, 0.2270756231802802949 ) ) ;
#3010 = CARTESIAN_POINT ( 'NONE',  ( -0.7573361823893850486, 0.5799999999999999600, -0.1916259266951852169 ) ) ;
#3011 = CARTESIAN_POINT ( 'NONE',  ( -0.04268500777310202388, 0.1199381103451959002, 0.1877055431802802099 ) ) ;
#3012 = ORIENTED_EDGE ( 'NONE', *, *, #143, .T. ) ;
#3013 = ORIENTED_EDGE ( 'NONE', *, *, #3559, .F. ) ;
#3014 = CARTESIAN_POINT ( 'NONE',  ( -0.4265661476282155418, 0.08908294506367810117, 0.2270756231802803504 ) ) ;
#3015 = CARTESIAN_POINT ( 'NONE',  ( 0.6637217283835672443, 0.5799999999999999600, 0.06959530821986563420 ) ) ;
#3016 = CARTESIAN_POINT ( 'NONE',  ( -0.4042952407775005641, 0.1711007067043827656, 0.2270756231802803504 ) ) ;
#3017 = ADVANCED_FACE ( 'NONE', ( #6097, #4904, #6705, #3556, #1815, #4245, #644, #2412 ), #491, .F. ) ;
#3018 = CARTESIAN_POINT ( 'NONE',  ( 0.3617726446099944204, 0.1349340663793115180, 0.1877055431802803209 ) ) ;
#3019 = CARTESIAN_POINT ( 'NONE',  ( 0.003384134185010541189, 0.1928828478248565959, 0.2270756231802802949 ) ) ;
#3020 = VECTOR ( 'NONE', #6530, 39.37007874015748143 ) ;
#3021 = EDGE_LOOP ( 'NONE', ( #447, #5779, #4903, #7279 ) ) ;
#3022 = PLANE ( 'NONE',  #2116 ) ;
#3023 = DIRECTION ( 'NONE',  ( 1.000000000000000000, 0.000000000000000000, 0.000000000000000000 ) ) ;
#3024 = DIRECTION ( 'NONE',  ( -1.000000000000000000, 0.000000000000000000, 0.000000000000000000 ) ) ;
#3025 = CARTESIAN_POINT ( 'NONE',  ( 0.1719548731234241956, 0.1500672567449960193, 0.2270756231802802949 ) ) ;
#3026 = CARTESIAN_POINT ( 'NONE',  ( 0.2554567416956101122, 0.1345848466134695887, 0.1877055431802803487 ) ) ;
#3027 = CARTESIAN_POINT ( 'NONE',  ( 0.1582413911273953810, 0.1167065637596284011, 0.2270756231802802672 ) ) ;
#3028 = CARTESIAN_POINT ( 'NONE',  ( -0.3770693783691583256, 0.1823503844418958575, 0.1877055431802803209 ) ) ;
#3029 = CARTESIAN_POINT ( 'NONE',  ( -0.4470228217026655515, 0.07382863289451571664, 0.1877055431802802377 ) ) ;
#3030 = LINE ( 'NONE', #6740, #6111 ) ;
#3031 = CARTESIAN_POINT ( 'NONE',  ( 0.1410137904539383036, 0.1345848466134695609, 0.2270756231802802949 ) ) ;
#3032 = EDGE_CURVE ( 'NONE', #974, #2685, #5345, .T. ) ;
#3033 = CARTESIAN_POINT ( 'NONE',  ( -0.4389817459676882416, 0.06283736900783655488, 0.1877055431802802654 ) ) ;
#3034 = DIRECTION ( 'NONE',  ( 0.000000000000000000, -1.000000000000000000, 0.000000000000000000 ) ) ;
#3035 = VECTOR ( 'NONE', #5706, 39.37007874015748143 ) ;
#3036 = VERTEX_POINT ( 'NONE', #3074 ) ;
#3037 = CARTESIAN_POINT ( 'NONE',  ( 0.3599327082697006963, 0.1402787686463412287, 0.1877055431802803487 ) ) ;
#3038 = LINE ( 'NONE', #3602, #1690 ) ;
#3039 = CARTESIAN_POINT ( 'NONE',  ( 0.3042593962401852203, 0.1266195112699204928, 0.1877055431802803209 ) ) ;
#3040 = CARTESIAN_POINT ( 'NONE',  ( 0.08893834584932630571, 0.1279598359600032376, 0.2270756231802804059 ) ) ;
#3041 = CARTESIAN_POINT ( 'NONE',  ( 0.1287995707102314868, 0.1309813300517348456, 0.1877055431802802099 ) ) ;
#3042 = CARTESIAN_POINT ( 'NONE',  ( -0.2969389023584984577, 0.1226326522363244131, 0.2270756231802802949 ) ) ;
#3043 = CARTESIAN_POINT ( 'NONE',  ( -0.1350114001508027073, 0.1688399671391144219, 0.1877055431802803764 ) ) ;
#3044 = ORIENTED_EDGE ( 'NONE', *, *, #7135, .T. ) ;
#3045 = CARTESIAN_POINT ( 'NONE',  ( -0.1532000745507962336, 0.1956544512307437922, 0.1877055431802803764 ) ) ;
#3046 = CARTESIAN_POINT ( 'NONE',  ( -0.05474824770475324870, 0.1116465705686482818, 0.1877055431802803487 ) ) ;
#3047 = CARTESIAN_POINT ( 'NONE',  ( -0.1620751645058368384, 0.1593589450602535262, 0.1877055431802803764 ) ) ;
#3048 = CARTESIAN_POINT ( 'NONE',  ( 0.09829932527029258682, 0.1550865778502543701, 0.2270756231802802949 ) ) ;
#3049 = DIRECTION ( 'NONE',  ( -0.3090169943757429816, -8.067033093576374369E-17, 0.9510565162948950713 ) ) ;
#3050 = ORIENTED_EDGE ( 'NONE', *, *, #2434, .T. ) ;
#3051 = DIRECTION ( 'NONE',  ( -0.000000000000000000, -0.000000000000000000, 1.000000000000000000 ) ) ;
#3052 = CARTESIAN_POINT ( 'NONE',  ( -0.1026716080504351813, 0.1568294230427715319, 0.1877055431802802654 ) ) ;
#3053 = CARTESIAN_POINT ( 'NONE',  ( 0.6720059996310292494, 0.5999999999999999778, 0.07092093513243491465 ) ) ;
#3054 = EDGE_CURVE ( 'NONE', #2764, #6578, #6665, .T. ) ;
#3055 = CARTESIAN_POINT ( 'NONE',  ( 0.6637217283835672443, 0.5999999999999999778, 0.06959530821986563420 ) ) ;
#3056 = CARTESIAN_POINT ( 'NONE',  ( -0.4311856389522204513, 0.1239760281754862942, 0.2270756231802802949 ) ) ;
#3057 = ORIENTED_EDGE ( 'NONE', *, *, #7325, .F. ) ;
#3058 = CARTESIAN_POINT ( 'NONE',  ( -0.2505378890837154926, 0.1964160600194861384, 0.1877055431802803209 ) ) ;
#3059 = CARTESIAN_POINT ( 'NONE',  ( -1.018337751696372750, 0.5799999999999999600, -0.1978062665827011180 ) ) ;
#3060 = CARTESIAN_POINT ( 'NONE',  ( 0.1532254223763054868, 0.1299918611598430140, 0.1877055431802802377 ) ) ;
#3061 = CARTESIAN_POINT ( 'NONE',  ( 0.08339461499879391448, 0.1575071012801285142, 0.2270756231802802949 ) ) ;
#3062 = DIRECTION ( 'NONE',  ( -1.000000000000000000, 0.000000000000000000, 0.000000000000000000 ) ) ;
#3063 = CARTESIAN_POINT ( 'NONE',  ( 0.1588248856393025266, 0.1070093011813757211, 0.2270756231802802672 ) ) ;
#3064 = CARTESIAN_POINT ( 'NONE',  ( -0.4559204243528510725, 0.1204333066650962736, 0.2270756231802802394 ) ) ;
#3065 = CARTESIAN_POINT ( 'NONE',  ( -0.4527536213306876389, 0.08894954109946527632, 0.1877055431802803209 ) ) ;
#3066 = CARTESIAN_POINT ( 'NONE',  ( 0.2554567416956101122, 0.1345848466134695887, 0.2270756231802803504 ) ) ;
#3067 = CARTESIAN_POINT ( 'NONE',  ( -0.1510071775529253368, 0.1707770959844660819, 0.2270756231802802672 ) ) ;
#3068 = CARTESIAN_POINT ( 'NONE',  ( -0.4502140151082599795, 0.08076255979346129432, 0.2270756231802802949 ) ) ;
#3069 = CARTESIAN_POINT ( 'NONE',  ( -0.1455469877042948890, 0.1963860566590812373, 0.2270756231802803504 ) ) ;
#3070 = B_SPLINE_CURVE_WITH_KNOTS ( 'NONE', 3,
 ( #279, #5142, #2400, #1205, #1732, #4859, #3670, #7181, #7220, #7822, #7301 ),
 .UNSPECIFIED., .F., .F.,
 ( 4, 1, 1, 1, 1, 1, 1, 1, 4 ),
 ( 0.000000000000000000, 0.1279023639831299852, 0.2498982783358975890, 0.3732797639331219552, 0.5010486153180322422, 0.6288174667029410303, 0.7501456124741444631, 0.8732612132643373659, 1.000000000000000000 ),
 .UNSPECIFIED. ) ;
#3071 = VECTOR ( 'NONE', #6019, 39.37007874015748143 ) ;
#3072 = EDGE_CURVE ( 'NONE', #1213, #3164, #1820, .T. ) ;
#3073 = EDGE_LOOP ( 'NONE', ( #5455, #1765, #3932, #7359 ) ) ;
#3074 = CARTESIAN_POINT ( 'NONE',  ( 0.2736748670741685485, 0.05508757223430543054, 0.2270756231802802949 ) ) ;
#3075 = DIRECTION ( 'NONE',  ( -0.000000000000000000, -0.000000000000000000, 1.000000000000000000 ) ) ;
#3076 = CARTESIAN_POINT ( 'NONE',  ( 0.3064682536461310614, 0.1289860745467273917, 0.2270756231802802949 ) ) ;
#3077 = EDGE_LOOP ( 'NONE', ( #3734, #407, #1029, #313 ) ) ;
#3078 = CARTESIAN_POINT ( 'NONE',  ( 0.08067441866313963816, 0.1339514032287845435, 0.1877055431802803487 ) ) ;
#3079 = CARTESIAN_POINT ( 'NONE',  ( 0.2667045629304228282, 0.1575016855261949789, 0.1877055431802803209 ) ) ;
#3080 = VECTOR ( 'NONE', #1803, 39.37007874015748143 ) ;
#3081 = CARTESIAN_POINT ( 'NONE',  ( 0.2330429268359290595, 0.05508757223430543054, 0.1877055431802803209 ) ) ;
#3082 = ADVANCED_FACE ( 'NONE', ( #6623 ), #7272, .T. ) ;
#3083 = CARTESIAN_POINT ( 'NONE',  ( -0.3637034338602154193, 0.09962180876590485956, 0.2270756231802803782 ) ) ;
#3084 = EDGE_LOOP ( 'NONE', ( #7675, #438, #4662, #1544 ) ) ;
#3085 = VECTOR ( 'NONE', #452, 39.37007874015748143 ) ;
#3086 = CARTESIAN_POINT ( 'NONE',  ( -0.1835674299985387281, 0.1719068894025105321, 0.2270756231802802949 ) ) ;
#3087 = CARTESIAN_POINT ( 'NONE',  ( -0.02843397636708446322, 0.07981073560993762195, 0.2270756231802803504 ) ) ;
#3088 = AXIS2_PLACEMENT_3D ( 'NONE', #3941, #7088, #2863 ) ;
#3089 = CARTESIAN_POINT ( 'NONE',  ( 0.1591564641603178121, 0.1564162333108067016, 0.2270756231802802394 ) ) ;
#3090 = DIRECTION ( 'NONE',  ( -0.000000000000000000, -0.000000000000000000, 1.000000000000000000 ) ) ;
#3091 = ORIENTED_EDGE ( 'NONE', *, *, #4290, .F. ) ;
#3092 = CARTESIAN_POINT ( 'NONE',  ( -0.7741167953658588674, 0.2150000000000000522, 0.2270756231802802949 ) ) ;
#3093 = CARTESIAN_POINT ( 'NONE',  ( -0.03867117395476036418, 0.1451326032264409760, 0.2270756231802802394 ) ) ;
#3094 = CARTESIAN_POINT ( 'NONE',  ( 0.2605255779933770555, 0.1574212869062752984, 0.2270756231802802672 ) ) ;
#3095 = CARTESIAN_POINT ( 'NONE',  ( 0.3633204634918499321, 0.1256504890311046230, 0.1877055431802802377 ) ) ;
#3096 = CARTESIAN_POINT ( 'NONE',  ( -0.2546491179859494691, 0.07686560122631563852, 0.2270756231802802949 ) ) ;
#3097 = VERTEX_POINT ( 'NONE', #1897 ) ;
#3098 = CARTESIAN_POINT ( 'NONE',  ( 0.05611517690109347339, 0.1470455209631993665, 0.1877055431802803209 ) ) ;
#3099 = CARTESIAN_POINT ( 'NONE',  ( 0.06344880417221121505, 0.1522592120339255339, 0.1877055431802803487 ) ) ;
#3100 = CARTESIAN_POINT ( 'NONE',  ( -0.05287789928214595842, 0.08113841478389340056, 0.1877055431802802377 ) ) ;
#3101 = CARTESIAN_POINT ( 'NONE',  ( 0.1182135305104696776, 0.1000532180550201544, 0.2270756231802802949 ) ) ;
#3102 = CARTESIAN_POINT ( 'NONE',  ( 0.2735487261373817924, 0.1095042037285957753, 0.1877055431802803487 ) ) ;
#3103 = CARTESIAN_POINT ( 'NONE',  ( 0.1145975086550285460, 0.1396086327027084295, 0.2270756231802802949 ) ) ;
#3104 = CARTESIAN_POINT ( 'NONE',  ( -0.3680053595260553978, 0.1663007680598010407, 0.1877055431802804042 ) ) ;
#3105 = CARTESIAN_POINT ( 'NONE',  ( -0.4286919581732846485, 0.05556186941036738575, 0.1877055431802803487 ) ) ;
#3106 = CARTESIAN_POINT ( 'NONE',  ( 0.2651454720105707041, 0.1575507258785614484, 0.1877055431802803209 ) ) ;
#3107 = CARTESIAN_POINT ( 'NONE',  ( -0.1611507149804329020, 0.1614130559125752651, 0.2270756231802802672 ) ) ;
#3108 = EDGE_CURVE ( 'NONE', #5184, #6347, #981, .T. ) ;
#3109 = CARTESIAN_POINT ( 'NONE',  ( -0.4452285836962185939, 0.07072684147570752755, 0.2270756231802802949 ) ) ;
#3110 = LINE ( 'NONE', #5527, #4565 ) ;
#3111 = B_SPLINE_CURVE_WITH_KNOTS ( 'NONE', 3,
 ( #934, #318, #5665, #2643, #6905, #7510, #2680, #3877, #1465, #5102, #2759, #5179, #3994, #6615, #5221, #1616, #4033, #3549, #2841 ),
 .UNSPECIFIED., .F., .F.,
 ( 4, 1, 1, 1, 1, 1, 1, 1, 1, 1, 1, 1, 1, 1, 1, 1, 4 ),
 ( 0.000000000000000000, 0.1121147956622135650, 0.2158018426882336027, 0.3102026923156548932, 0.3959929252987141046, 0.4734102307422355382, 0.5427784203605524604, 0.6045480222829328065, 0.6593572656120958442, 0.7087643617117437289, 0.7553555059484811096, 0.7986869938006718739, 0.8400168391480735686, 0.8802034470065461802, 0.9197333482458334153, 0.9590486059010158160, 1.000000000000000000 ),
 .UNSPECIFIED. ) ;
#3112 = VERTEX_POINT ( 'NONE', #2960 ) ;
#3113 = CARTESIAN_POINT ( 'NONE',  ( -0.7763573127152829656, 0.02000000000000000042, -0.1978062665827001188 ) ) ;
#3114 = CARTESIAN_POINT ( 'NONE',  ( -0.3645113984606581647, 0.1531454916444926484, 0.1877055431802803209 ) ) ;
#3115 = CARTESIAN_POINT ( 'NONE',  ( -0.4059813564217945037, 0.1963633432147294244, 0.2270756231802802672 ) ) ;
#3116 = CARTESIAN_POINT ( 'NONE',  ( 0.3179256538786945363, 0.1344713808013103806, 0.1877055431802804042 ) ) ;
#3117 = ORIENTED_EDGE ( 'NONE', *, *, #1364, .T. ) ;
#3118 = EDGE_CURVE ( 'NONE', #4096, #3192, #7831, .T. ) ;
#3119 = CARTESIAN_POINT ( 'NONE',  ( 0.09319590835031493770, 0.1122657820408914792, 0.2270756231802805170 ) ) ;
#3120 = CARTESIAN_POINT ( 'NONE',  ( 0.2924049119097414939, 0.1437533640175095440, 0.2270756231802802949 ) ) ;
#3121 = CARTESIAN_POINT ( 'NONE',  ( -0.2306152060485017752, 0.09658589484604271358, 0.2270756231802803504 ) ) ;
#3122 = DIRECTION ( 'NONE',  ( 0.3120445760271389757, -0.000000000000000000, -0.9500674621162662481 ) ) ;
#3123 = AXIS2_PLACEMENT_3D ( 'NONE', #592, #3624, #6083 ) ;
#3124 = ORIENTED_EDGE ( 'NONE', *, *, #1982, .T. ) ;
#3125 = CARTESIAN_POINT ( 'NONE',  ( 0.1201895375455847986, 0.1190068638102623894, 0.1877055431802803209 ) ) ;
#3126 = EDGE_CURVE ( 'NONE', #5837, #2777, #2365, .T. ) ;
#3127 = CARTESIAN_POINT ( 'NONE',  ( -0.3873829398693962589, 0.1116533956497245544, 0.2270756231802802394 ) ) ;
#3128 = AXIS2_PLACEMENT_3D ( 'NONE', #2483, #4237, #154 ) ;
#3129 = AXIS2_PLACEMENT_3D ( 'NONE', #6009, #31, #6692 ) ;
#3130 = CARTESIAN_POINT ( 'NONE',  ( 0.1022587463494080418, 0.1530408857370942066, 0.2270756231802802949 ) ) ;
#3131 = CARTESIAN_POINT ( 'NONE',  ( 0.1182135305104696776, 0.05508757223430543054, 0.1877055431802803209 ) ) ;
#3132 = EDGE_LOOP ( 'NONE', ( #5225, #115, #5921, #6990 ) ) ;
#3133 = CYLINDRICAL_SURFACE ( 'NONE', #6253, 0.01999999999999996919 ) ;
#3134 = CARTESIAN_POINT ( 'NONE',  ( -0.1382176131055445900, 0.1962368245099450903, 0.1877055431802803487 ) ) ;
#3135 = CARTESIAN_POINT ( 'NONE',  ( -0.2498202053566813963, 0.05155436003967591579, 0.1877055431802803209 ) ) ;
#3136 = EDGE_LOOP ( 'NONE', ( #1622, #5039, #1177, #3524 ) ) ;
#3137 = DIRECTION ( 'NONE',  ( -1.000000000000000000, -6.829619984160637733E-15, 0.000000000000000000 ) ) ;
#3138 = CARTESIAN_POINT ( 'NONE',  ( -0.9047987034429123554, 0.01999999999999999001, 0.2133165147008230511 ) ) ;
#3139 = B_SPLINE_CURVE_WITH_KNOTS ( 'NONE', 3,
 ( #6103, #1904, #1348, #6792, #2534, #3083, #5503, #1981, #783, #3726, #1223, #49, #87, #2495, #4401, #4911, #4327, #1825, #5462, #4953, #9, #7318, #3761, #3163, #5586, #5669, #3424 ),
 .UNSPECIFIED., .F., .F.,
 ( 4, 1, 1, 1, 1, 1, 1, 1, 1, 1, 1, 1, 1, 1, 1, 1, 1, 1, 1, 1, 1, 1, 1, 1, 4 ),
 ( 0.000000000000000000, 0.06849087449695404062, 0.1330765404908784422, 0.1938289871915770402, 0.2510828574460500229, 0.3044008371534409063, 0.3544083437255270974, 0.4012947817777443027, 0.4447006845454780644, 0.4856924920892445319, 0.5246764844274039996, 0.5623067591777589636, 0.5979465846525344741, 0.6324735490267265892, 0.6657520428969369020, 0.6979852995504444158, 0.7295862241486809063, 0.7608251968744892402, 0.7923550795612064324, 0.8243126039626629264, 0.8571562719790694063, 0.8909268871454048000, 0.9259604429163003081, 0.9620613229943378863, 1.000000000000000000 ),
 .UNSPECIFIED. ) ;
#3140 = ORIENTED_EDGE ( 'NONE', *, *, #747, .T. ) ;
#3141 = CARTESIAN_POINT ( 'NONE',  ( 0.07583327305557185927, 0.1567790315492730568, 0.1877055431802803209 ) ) ;
#3142 = B_SPLINE_CURVE_WITH_KNOTS ( 'NONE', 3,
 ( #4510, #5022, #7465, #4431, #5699, #7540, #2089, #6856, #6138, #3752, #6175 ),
 .UNSPECIFIED., .F., .F.,
 ( 4, 1, 1, 1, 1, 1, 1, 1, 4 ),
 ( 0.000000000000000000, 0.1610711239484212687, 0.3107888083803543311, 0.4499038238309443494, 0.5783763165061847067, 0.6966172119048389400, 0.8059873227104095150, 0.9065617032890808114, 1.000000000000000000 ),
 .UNSPECIFIED. ) ;
#3143 = CARTESIAN_POINT ( 'NONE',  ( 0.6837217283835673731, 0.5799999999999999600, 0.2070756231802803049 ) ) ;
#3144 = CARTESIAN_POINT ( 'NONE',  ( -0.4179493065363239501, 0.07873544403918712742, 0.1877055431802803487 ) ) ;
#3145 = CARTESIAN_POINT ( 'NONE',  ( -0.2281100641120749062, 0.1176336335723349447, 0.1877055431802803487 ) ) ;
#3146 = CARTESIAN_POINT ( 'NONE',  ( 0.1222413661436687338, 0.1238680015157979097, 0.2270756231802802672 ) ) ;
#3147 = CARTESIAN_POINT ( 'NONE',  ( -0.1314494496053169870, 0.09612663253265037178, 0.2270756231802803504 ) ) ;
#3148 = DIRECTION ( 'NONE',  ( -0.000000000000000000, -0.000000000000000000, 1.000000000000000000 ) ) ;
#3149 = CARTESIAN_POINT ( 'NONE',  ( -0.1460239268203260554, 0.1716604321450908854, 0.2270756231802803782 ) ) ;
#3150 = CARTESIAN_POINT ( 'NONE',  ( -0.4160102527794666827, 0.05194176459345253155, 0.1877055431802803209 ) ) ;
#3151 = CARTESIAN_POINT ( 'NONE',  ( -0.2695418206389400551, 0.1526920952687719213, 0.2270756231802802949 ) ) ;
#3152 = CIRCLE ( 'NONE', #1390, 0.01999999999999999001 ) ;
#3153 = EDGE_LOOP ( 'NONE', ( #4994, #3244, #7623, #2958, #3856 ) ) ;
#3154 = CARTESIAN_POINT ( 'NONE',  ( -0.05844707922100601805, 0.08865308808328585533, 0.2270756231802802949 ) ) ;
#3155 = DIRECTION ( 'NONE',  ( 1.365923996832132280E-14, 0.000000000000000000, 1.000000000000000000 ) ) ;
#3156 = LINE ( 'NONE', #856, #1437 ) ;
#3157 = CARTESIAN_POINT ( 'NONE',  ( -0.2280647927093399085, 0.1217767639787256384, 0.1877055431802803487 ) ) ;
#3158 = ORIENTED_EDGE ( 'NONE', *, *, #4003, .T. ) ;
#3159 = DIRECTION ( 'NONE',  ( 0.000000000000000000, -1.000000000000000000, 0.000000000000000000 ) ) ;
#3160 = CARTESIAN_POINT ( 'NONE',  ( 0.2784931471963981164, 0.1550865778502543701, 0.2270756231802802949 ) ) ;
#3161 = CARTESIAN_POINT ( 'NONE',  ( 0.09829932527029258682, 0.1550865778502543701, 0.2270756231802803504 ) ) ;
#3162 = EDGE_LOOP ( 'NONE', ( #1793, #4016, #4481, #7050 ) ) ;
#3163 = CARTESIAN_POINT ( 'NONE',  ( -0.4016378795678705593, 0.05194420531806829416, 0.2270756231802802394 ) ) ;
#3164 = VERTEX_POINT ( 'NONE', #7752 ) ;
#3165 = LINE ( 'NONE', #6715, #3787 ) ;
#3166 = CARTESIAN_POINT ( 'NONE',  ( -0.03181665873765611441, 0.07783548662964830112, 0.2270756231802802949 ) ) ;
#3167 = AXIS2_PLACEMENT_3D ( 'NONE', #1792, #507, #6073 ) ;
#3168 = B_SPLINE_SURFACE_WITH_KNOTS ( 'NONE', 3, 1, ( 
 ( #424, #3978 ),
 ( #7085, #1636 ),
 ( #3527, #5800 ),
 ( #3410, #2860 ),
 ( #2194, #2817 ),
 ( #4054, #7045 ),
 ( #6439, #990 ) ),
 .UNSPECIFIED., .F., .F., .F.,
 ( 4, 1, 1, 1, 4 ),
 ( 2, 2 ),
 ( 0.000000000000000000, 0.2636542475285981180, 0.5199803460206632311, 0.7671028029252663361, 1.000000000000000000 ),
 ( 0.000000000000000000, 1.000000000000000000 ),
 .UNSPECIFIED. ) ;
#3169 = VECTOR ( 'NONE', #1211, 39.37007874015748143 ) ;
#3170 = PERSON_AND_ORGANIZATION ( #6420, #5697 ) ;
#3171 = CARTESIAN_POINT ( 'NONE',  ( -0.04091903434921115301, 0.05155436003967591579, 0.1877055431802803209 ) ) ;
#3172 = ORIENTED_EDGE ( 'NONE', *, *, #2740, .T. ) ;
#3173 = CARTESIAN_POINT ( 'NONE',  ( -0.4203193418620126964, 0.1677728282420783146, 0.1877055431802803487 ) ) ;
#3174 = CARTESIAN_POINT ( 'NONE',  ( -0.1439618556191487042, 0.1964160600194861384, 0.1877055431802803209 ) ) ;
#3175 = CARTESIAN_POINT ( 'NONE',  ( 0.2475868783907836101, 0.1542048047760349039, 0.1877055431802803209 ) ) ;
#3176 = EDGE_CURVE ( 'NONE', #7792, #3036, #2956, .T. ) ;
#3177 = VERTEX_POINT ( 'NONE', #405 ) ;
#3178 = CARTESIAN_POINT ( 'NONE',  ( 0.005150740282325298562, 0.09950115364960929187, 0.1877055431802803209 ) ) ;
#3179 = LINE ( 'NONE', #141, #3536 ) ;
#3180 = ORIENTED_EDGE ( 'NONE', *, *, #1392, .T. ) ;
#3181 = CARTESIAN_POINT ( 'NONE',  ( 0.05970463544723062649, 0.1498559489173968973, 0.2270756231802802394 ) ) ;
#3182 = DIRECTION ( 'NONE',  ( 0.000000000000000000, -1.000000000000000000, 0.000000000000000000 ) ) ;
#3183 = DIRECTION ( 'NONE',  ( -1.000000000000000000, 0.000000000000000000, -0.000000000000000000 ) ) ;
#3184 = VECTOR ( 'NONE', #4705, 39.37007874015748143 ) ;
#3185 = CARTESIAN_POINT ( 'NONE',  ( -0.2461792416571752795, 0.05161594897970089857, 0.2270756231802802672 ) ) ;
#3186 = CARTESIAN_POINT ( 'NONE',  ( -0.3445886526833372154, 0.06940194745278642496, 0.2270756231802802949 ) ) ;
#3187 = CARTESIAN_POINT ( 'NONE',  ( -0.1130339196046089567, 0.1207918202247336148, 0.2270756231802802949 ) ) ;
#3188 = CARTESIAN_POINT ( 'NONE',  ( -0.4075811809397560381, 0.05157522662077296260, 0.1877055431802803487 ) ) ;
#3189 = CARTESIAN_POINT ( 'NONE',  ( -0.1559229772452952467, 0.1679415619380320301, 0.2270756231802802949 ) ) ;
#3190 = CARTESIAN_POINT ( 'NONE',  ( -0.4389817459676882416, 0.06283736900783655488, 0.2270756231802802672 ) ) ;
#3191 = CARTESIAN_POINT ( 'NONE',  ( -0.1854330556462952528, 0.1675117182258942516, 0.2270756231802803504 ) ) ;
#3192 = VERTEX_POINT ( 'NONE', #2922 ) ;
#3193 = CARTESIAN_POINT ( 'NONE',  ( -0.3354246580235467068, 0.05433163519004473307, 0.1877055431802803487 ) ) ;
#3194 = DIRECTION ( 'NONE',  ( 1.000000000000000000, 6.829619984160661399E-15, -0.000000000000000000 ) ) ;
#3195 = DIRECTION ( 'NONE',  ( 0.000000000000000000, 0.000000000000000000, 1.000000000000000000 ) ) ;
#3196 = CARTESIAN_POINT ( 'NONE',  ( 0.2985676760768966043, 0.1066331478077492539, 0.2270756231802803782 ) ) ;
#3197 = ORIENTED_EDGE ( 'NONE', *, *, #1740, .T. ) ;
#3198 = FACE_OUTER_BOUND ( 'NONE', #963, .T. ) ;
#3199 = CARTESIAN_POINT ( 'NONE',  ( -0.7541167953658587386, 0.5799999999999999600, 0.2270756231802802672 ) ) ;
#3200 = VECTOR ( 'NONE', #3075, 39.37007874015748143 ) ;
#3201 = CARTESIAN_POINT ( 'NONE',  ( 0.1145975086550285460, 0.1396086327027084295, 0.1877055431802803209 ) ) ;
#3202 = ORIENTED_EDGE ( 'NONE', *, *, #552, .F. ) ;
#3203 = CARTESIAN_POINT ( 'NONE',  ( -0.2369550202667025651, 0.1946156568559112010, 0.2270756231802802394 ) ) ;
#3204 = ORIENTED_EDGE ( 'NONE', *, *, #2779, .F. ) ;
#3205 = CARTESIAN_POINT ( 'NONE',  ( 0.1399058819421314659, 0.1345465433445408032, 0.1877055431802803209 ) ) ;
#3206 = CIRCLE ( 'NONE', #408, 0.01999999999999999001 ) ;
#3207 = CARTESIAN_POINT ( 'NONE',  ( -0.01958174508008132114, 0.09864545382122244521, 0.2270756231802802949 ) ) ;
#3208 = VECTOR ( 'NONE', #6880, 39.37007874015748143 ) ;
#3209 = CARTESIAN_POINT ( 'NONE',  ( -0.1042225985057719934, 0.1421644981614254288, 0.1877055431802803209 ) ) ;
#3210 = AXIS2_PLACEMENT_3D ( 'NONE', #6407, #1493, #3383 ) ;
#3211 = ORIENTED_EDGE ( 'NONE', *, *, #1780, .F. ) ;
#3212 = EDGE_CURVE ( 'NONE', #1224, #6835, #1774, .T. ) ;
#3213 = DIRECTION ( 'NONE',  ( 0.000000000000000000, 1.000000000000000000, 0.000000000000000000 ) ) ;
#3214 = CARTESIAN_POINT ( 'NONE',  ( -0.1056166750260301990, 0.1706654568845270836, 0.2270756231802802672 ) ) ;
#3215 = CARTESIAN_POINT ( 'NONE',  ( -0.2822203255182735848, 0.06522988328734859176, 0.2270756231802802949 ) ) ;
#3216 = EDGE_LOOP ( 'NONE', ( #4376, #7168, #5369, #6348 ) ) ;
#3217 = EDGE_CURVE ( 'NONE', #254, #6185, #7447, .T. ) ;
#3218 = CARTESIAN_POINT ( 'NONE',  ( 0.2462919406036102876, 0.1325572742355684563, 0.2270756231802802949 ) ) ;
#3219 = CARTESIAN_POINT ( 'NONE',  ( 0.2522892063073856606, 0.1344773349726025580, 0.2270756231802802672 ) ) ;
#3220 = EDGE_CURVE ( 'NONE', #1079, #7791, #5377, .T. ) ;
#3221 = ADVANCED_FACE ( 'NONE', ( #6014 ), #6617, .T. ) ;
#3222 = ORIENTED_EDGE ( 'NONE', *, *, #7076, .T. ) ;
#3223 = CARTESIAN_POINT ( 'NONE',  ( -0.02402808256187561123, 0.08415804434633480935, 0.2270756231802802949 ) ) ;
#3224 = CARTESIAN_POINT ( 'NONE',  ( -1.018337751696372750, 0.5799999999999999600, -0.1978062665827011180 ) ) ;
#3225 = CARTESIAN_POINT ( 'NONE',  ( -0.3147495973499863653, 0.06541068756753537494, 0.1877055431802803487 ) ) ;
#3226 = CARTESIAN_POINT ( 'NONE',  ( -0.4559098543515551771, 0.1256884697678956608, 0.2270756231802803504 ) ) ;
#3227 = CARTESIAN_POINT ( 'NONE',  ( -0.3354305845520811902, 0.08237936879585076866, 0.2270756231802802394 ) ) ;
#3228 = CARTESIAN_POINT ( 'NONE',  ( -0.1026818805772646281, 0.1519316044205593075, 0.2270756231802803504 ) ) ;
#3229 = EDGE_CURVE ( 'NONE', #4430, #4242, #5262, .T. ) ;
#3230 = CARTESIAN_POINT ( 'NONE',  ( -0.3630919708533725809, 0.1051600924646581003, 0.2270756231802802949 ) ) ;
#3231 = CARTESIAN_POINT ( 'NONE',  ( -0.7763573127152829656, 0.000000000000000000, -0.1978062665827001188 ) ) ;
#3232 = DIRECTION ( 'NONE',  ( 0.000000000000000000, 0.000000000000000000, -1.000000000000000000 ) ) ;
#3233 = CARTESIAN_POINT ( 'NONE',  ( -0.3915843348648948008, 0.1584472979274402504, 0.1877055431802804042 ) ) ;
#3234 = ORIENTED_EDGE ( 'NONE', *, *, #1444, .F. ) ;
#3235 = CARTESIAN_POINT ( 'NONE',  ( -0.8857973542005868062, 0.5999999999999999778, 0.2270756231802802949 ) ) ;
#3236 = LINE ( 'NONE', #4664, #5812 ) ;
#3237 = CARTESIAN_POINT ( 'NONE',  ( -0.01525898059224916649, 0.05929131556389691943, 0.2270756231802803782 ) ) ;
#3238 = CARTESIAN_POINT ( 'NONE',  ( -0.2306152060485017752, 0.09658589484604271358, 0.1877055431802803487 ) ) ;
#3239 = EDGE_CURVE ( 'NONE', #6347, #1834, #7833, .T. ) ;
#3240 = VERTEX_POINT ( 'NONE', #7105 ) ;
#3241 = CARTESIAN_POINT ( 'NONE',  ( -0.3879599928649458129, 0.1061605371993063207, 0.2270756231802802949 ) ) ;
#3242 = CARTESIAN_POINT ( 'NONE',  ( 0.1183738541507912134, 0.1066331478077492678, 0.1877055431802803764 ) ) ;
#3243 = LINE ( 'NONE', #3081, #6598 ) ;
#3244 = ORIENTED_EDGE ( 'NONE', *, *, #1097, .T. ) ;
#3245 = CARTESIAN_POINT ( 'NONE',  ( -0.2033087792008162475, 0.1239300035890399387, 0.1877055431802803209 ) ) ;
#3246 = VERTEX_POINT ( 'NONE', #2331 ) ;
#3247 = DIRECTION ( 'NONE',  ( -9.170757360903252313E-14, 4.415806224023343805E-15, 1.000000000000000000 ) ) ;
#3248 = CARTESIAN_POINT ( 'NONE',  ( -0.3870358133215511254, 0.1239300035890399387, 0.1877055431802803209 ) ) ;
#3249 = DIRECTION ( 'NONE',  ( -0.000000000000000000, -0.000000000000000000, 1.000000000000000000 ) ) ;
#3250 = CARTESIAN_POINT ( 'NONE',  ( -0.2395186338413221872, 0.07997006610843987451, 0.2270756231802803782 ) ) ;
#3251 = VERTEX_POINT ( 'NONE', #4670 ) ;
#3252 = EDGE_CURVE ( 'NONE', #7288, #3553, #4748, .T. ) ;
#3253 = CARTESIAN_POINT ( 'NONE',  ( -0.1285056947219405665, 0.1606268664293881987, 0.1877055431802803764 ) ) ;
#3254 = CARTESIAN_POINT ( 'NONE',  ( 0.05316982589663458297, 0.1090490693218374024, 0.2270756231802802672 ) ) ;
#3255 = CARTESIAN_POINT ( 'NONE',  ( -0.2925632063575947517, 0.08467664980136548059, 0.2270756231802803504 ) ) ;
#3256 = ORIENTED_EDGE ( 'NONE', *, *, #6070, .T. ) ;
#3257 = PLANE ( 'NONE',  #7360 ) ;
#3258 = CARTESIAN_POINT ( 'NONE',  ( 0.2330397596738541521, 0.1028152597527480921, 0.2270756231802803504 ) ) ;
#3259 = AXIS2_PLACEMENT_3D ( 'NONE', #7453, #7338, #4420 ) ;
#3260 = AXIS2_PLACEMENT_3D ( 'NONE', #3705, #6087, #558 ) ;
#3261 = ORIENTED_EDGE ( 'NONE', *, *, #2533, .T. ) ;
#3262 = CARTESIAN_POINT ( 'NONE',  ( -0.2942020380832132687, 0.1551927591837698184, 0.2270756231802804059 ) ) ;
#3263 = DIRECTION ( 'NONE',  ( 0.000000000000000000, 0.000000000000000000, 1.000000000000000000 ) ) ;
#3264 = CARTESIAN_POINT ( 'NONE',  ( -0.4217444949216486161, 0.08190168858459762058, 0.1877055431802803487 ) ) ;
#3265 = CARTESIAN_POINT ( 'NONE',  ( -0.4446161308059040640, 0.1776734734557873785, 0.2270756231802802949 ) ) ;
#3266 = CLOSED_SHELL ( 'NONE', ( #134, #3017, #398, #2973, #6170, #6191, #7115, #2542, #4792, #7546, #182, #992, #1916, #391, #1500, #5823, #5636, #1292, #5585, #853, #7374, #5203, #5658, #7713, #2192, #6874, #6424, #4954, #3082, #4056, #6793, #1919, #7031, #5244, #6189, #3762, #2770, #7366, #197, #6621, #5072, #3416, #5528, #7007, #3970, #7229, #3860, #1541, #6031, #4222, #5454, #5832, #7463, #5694, #7225, #4966, #6964, #7719, #2161, #7669, #7892, #653, #2156, #4524, #52, #3326, #2598, #2796, #2974, #4050, #4105, #4872, #4388, #1837, #2984, #7058, #242, #1713, #3807, #2730, #7839, #2405, #7865, #1242, #7710, #1151, #2818, #1332, #1142, #1960, #2265, #1588, #3942, #4999, #2142, #4543, #5311, #4, #7016, #4393, #2969, #6975, #4490, #248, #5213, #1439, #5208, #1951, #6878, #5400, #6435, #4785, #6302, #7817, #741, #2392, #1347, #1688, #6032, #5025, #7868, #1340, #6767, #2728, #2312, #7592, #6788, #2486, #3663, #6672, #1025, #4970, #3221, #5109, #909, #3962, #6712, #6236, #3951, #3841, #1408, #4880, #1632, #2447, #589, #2732, #173, #1227, #4145, #7047, #6293, #1723, #2355, #6888, #152, #2937, #543, #3317, #4634, #7176, #4757, #5048, #6759, #4920, #2060, #5593, #2219 ) ) ;
#3267 = CARTESIAN_POINT ( 'NONE',  ( -0.3380128332248474865, 0.08095084671190523606, 0.2270756231802802672 ) ) ;
#3268 = CARTESIAN_POINT ( 'NONE',  ( -0.05935798548993393570, 0.1928828478248565959, 0.2270756231802802949 ) ) ;
#3269 = CARTESIAN_POINT ( 'NONE',  ( 0.1815788226838891128, 0.1349340663793115180, 0.1877055431802803209 ) ) ;
#3270 = DIRECTION ( 'NONE',  ( -0.9746736483397868689, 0.2236320174572719588, 0.000000000000000000 ) ) ;
#3271 = VERTEX_POINT ( 'NONE', #3551 ) ;
#3272 = CARTESIAN_POINT ( 'NONE',  ( -0.3380223737797696248, 0.05574665881171125825, 0.1877055431802803209 ) ) ;
#3273 = CARTESIAN_POINT ( 'NONE',  ( -0.4059813564217945037, 0.1963633432147294244, 0.1877055431802802654 ) ) ;
#3274 = CARTESIAN_POINT ( 'NONE',  ( -0.7541167953658587386, 0.5799999999999999600, 0.06959530821986563420 ) ) ;
#3275 = EDGE_CURVE ( 'NONE', #1911, #671, #5979, .T. ) ;
#3276 = CARTESIAN_POINT ( 'NONE',  ( -0.2281100641120749062, 0.1176336335723349447, 0.2270756231802803504 ) ) ;
#3277 = VERTEX_POINT ( 'NONE', #3634 ) ;
#3278 = CARTESIAN_POINT ( 'NONE',  ( 0.2861581414739868823, 0.1505145623102361607, 0.2270756231802803504 ) ) ;
#3279 = CARTESIAN_POINT ( 'NONE',  ( 0.3291297365976896261, 0.1575507258785614484, 0.1877055431802803209 ) ) ;
#3280 = LINE ( 'NONE', #970, #3035 ) ;
#3281 = ORIENTED_EDGE ( 'NONE', *, *, #501, .F. ) ;
#3282 = VECTOR ( 'NONE', #792, 39.37007874015748143 ) ;
#3283 = CARTESIAN_POINT ( 'NONE',  ( -0.2140700784584413652, 0.07088963399828969447, 0.1877055431802803487 ) ) ;
#3284 = ORIENTED_EDGE ( 'NONE', *, *, #6626, .F. ) ;
#3285 = AXIS2_PLACEMENT_3D ( 'NONE', #2063, #5749, #289 ) ;
#3286 = CARTESIAN_POINT ( 'NONE',  ( -0.2433317667169717369, 0.07756395911590233117, 0.1877055431802802654 ) ) ;
#3287 = CARTESIAN_POINT ( 'NONE',  ( 0.05316982589663458297, 0.1090490693218374024, 0.2270756231802802672 ) ) ;
#3288 = CARTESIAN_POINT ( 'NONE',  ( -0.03657309055899751749, 0.1204223933587418166, 0.2270756231802802394 ) ) ;
#3289 = CARTESIAN_POINT ( 'NONE',  ( 0.09297301466729925024, 0.1148058578033423205, 0.1877055431802802099 ) ) ;
#3290 = CARTESIAN_POINT ( 'NONE',  ( -0.1927091426169278421, 0.05508757223430543054, 0.1877055431802803209 ) ) ;
#3291 = ORIENTED_EDGE ( 'NONE', *, *, #5626, .F. ) ;
#3292 = VECTOR ( 'NONE', #463, 39.37007874015748143 ) ;
#3293 = CARTESIAN_POINT ( 'NONE',  ( -0.3170235655082765946, 0.07678879398295586356, 0.2270756231802803504 ) ) ;
#3294 = CARTESIAN_POINT ( 'NONE',  ( -0.03951127011541345074, 0.07628684540208252596, 0.2270756231802802949 ) ) ;
#3295 = FACE_OUTER_BOUND ( 'NONE', #3077, .T. ) ;
#3296 = ORIENTED_EDGE ( 'NONE', *, *, #6285, .F. ) ;
#3297 = CARTESIAN_POINT ( 'NONE',  ( -0.1472190356110728016, 0.07805345149939728333, 0.1877055431802803209 ) ) ;
#3298 = CARTESIAN_POINT ( 'NONE',  ( 0.2333636478227400501, 0.1090490693218373885, 0.1877055431802802654 ) ) ;
#3299 = ORIENTED_EDGE ( 'NONE', *, *, #3008, .T. ) ;
#3300 = CARTESIAN_POINT ( 'NONE',  ( -0.4312009657544200736, 0.1223566200336189819, 0.1877055431802803209 ) ) ;
#3301 = EDGE_CURVE ( 'NONE', #4837, #6542, #4508, .T. ) ;
#3302 = DIRECTION ( 'NONE',  ( -1.000000000000000000, 0.000000000000000000, 0.000000000000000000 ) ) ;
#3303 = FACE_OUTER_BOUND ( 'NONE', #5266, .T. ) ;
#3304 = CARTESIAN_POINT ( 'NONE',  ( -0.3946392050887442271, 0.1637728252068556267, 0.2270756231802802949 ) ) ;
#3305 = CARTESIAN_POINT ( 'NONE',  ( 0.1340704558410670544, 0.1550795952179742643, 0.2270756231802804059 ) ) ;
#3306 = CARTESIAN_POINT ( 'NONE',  ( -0.1026122316538751328, 0.1550940392744830920, 0.2270756231802802949 ) ) ;
#3307 = DIRECTION ( 'NONE',  ( -0.000000000000000000, -0.000000000000000000, 1.000000000000000000 ) ) ;
#3308 = CARTESIAN_POINT ( 'NONE',  ( -0.07620051569095862010, 0.06685761028705906883, 0.2270756231802802394 ) ) ;
#3309 = VERTEX_POINT ( 'NONE', #1968 ) ;
#3310 = CARTESIAN_POINT ( 'NONE',  ( -0.2937590725723595031, 0.08894954109946526244, 0.2270756231802803504 ) ) ;
#3311 = CARTESIAN_POINT ( 'NONE',  ( -0.4297134760389005326, 0.1468684287692857970, 0.2270756231802803782 ) ) ;
#3312 = DIRECTION ( 'NONE',  ( -0.000000000000000000, 0.000000000000000000, -1.000000000000000000 ) ) ;
#3313 = CARTESIAN_POINT ( 'NONE',  ( -0.2331057812615791036, 0.08891139733545250223, 0.2270756231802802949 ) ) ;
#3314 = B_SPLINE_CURVE_WITH_KNOTS ( 'NONE', 3,
 ( #3426, #4029, #2755, #5137, #5895, #6455, #4702, #397, #5771, #3953, #5814, #7018, #2798, #4663, #1051, #7581, #2287, #5735, #2127, #3310, #1007, #7099, #1536, #5857, #2836, #7746, #1650 ),
 .UNSPECIFIED., .F., .F.,
 ( 4, 1, 1, 1, 1, 1, 1, 1, 1, 1, 1, 1, 1, 1, 1, 1, 1, 1, 1, 1, 1, 1, 1, 1, 4 ),
 ( 0.000000000000000000, 0.03821733796913594217, 0.07486720303994311154, 0.1101580815531042479, 0.1444539266593011795, 0.1780797262741530829, 0.2111707725935979829, 0.2436870542144174701, 0.2758717334447992608, 0.3083755160139863283, 0.3412633249363586918, 0.3751503394709052586, 0.4096552607042131533, 0.4451573674923581803, 0.4820734672046717018, 0.5205757562184276654, 0.5605536808978380803, 0.6031075754382528853, 0.6486887095294888717, 0.6979476778875631782, 0.7507677670183535712, 0.8073094024459647189, 0.8676555707911409732, 0.9318612220995584616, 1.000000000000000000 ),
 .UNSPECIFIED. ) ;
#3315 = CARTESIAN_POINT ( 'NONE',  ( -0.4338667519278955331, 0.1891761643304311069, 0.1877055431802803209 ) ) ;
#3316 = DIRECTION ( 'NONE',  ( 1.000000000000000000, -0.000000000000000000, 0.000000000000000000 ) ) ;
#3317 = ADVANCED_FACE ( 'NONE', ( #7389 ), #7658, .T. ) ;
#3318 = CARTESIAN_POINT ( 'NONE',  ( -0.2559324281055025407, 0.1962364953311521998, 0.2270756231802802672 ) ) ;
#3319 = B_SPLINE_SURFACE_WITH_KNOTS ( 'NONE', 3, 1, ( 
 ( #7850, #4847 ),
 ( #3620, #1721 ),
 ( #5966, #5432 ),
 ( #1838, #5396 ),
 ( #4261, #2979 ),
 ( #7208, #2316 ),
 ( #7249, #7289 ),
 ( #2429, #6037 ),
 ( #4731, #585 ),
 ( #7170, #1238 ),
 ( #4178, #1759 ) ),
 .UNSPECIFIED., .F., .F., .F.,
 ( 4, 1, 1, 1, 1, 1, 1, 1, 4 ),
 ( 2, 2 ),
 ( 0.000000000000000000, 0.1266784397236901116, 0.2497354186915829721, 0.3720307030292098749, 0.4997387169341107604, 0.6274467308390131448, 0.7502207113971045560, 0.8721585370692582773, 1.000000000000000000 ),
 ( 0.000000000000000000, 1.000000000000000000 ),
 .UNSPECIFIED. ) ;
#3320 = ORIENTED_EDGE ( 'NONE', *, *, #2233, .F. ) ;
#3321 = EDGE_CURVE ( 'NONE', #5707, #4051, #6659, .T. ) ;
#3322 = EDGE_CURVE ( 'NONE', #2374, #1738, #3828, .T. ) ;
#3323 = ORIENTED_EDGE ( 'NONE', *, *, #7569, .F. ) ;
#3324 = DIRECTION ( 'NONE',  ( 0.000000000000000000, 0.000000000000000000, -1.000000000000000000 ) ) ;
#3325 = FACE_OUTER_BOUND ( 'NONE', #3852, .T. ) ;
#3326 = ADVANCED_FACE ( 'NONE', ( #3451 ), #1076, .T. ) ;
#3327 = CARTESIAN_POINT ( 'NONE',  ( -0.02377157035934944485, 0.1127706681234370428, 0.2270756231802802672 ) ) ;
#3328 = CARTESIAN_POINT ( 'NONE',  ( 0.3272405814212919761, 0.1337600740702423463, 0.1877055431802803764 ) ) ;
#3329 = CARTESIAN_POINT ( 'NONE',  ( 0.3054252769083534713, 0.1505148894691868133, 0.1877055431802803209 ) ) ;
#3330 = VERTEX_POINT ( 'NONE', #2152 ) ;
#3331 = CARTESIAN_POINT ( 'NONE',  ( -0.03007738720384646111, 0.07870854999685523989, 0.1877055431802802377 ) ) ;
#3332 = CARTESIAN_POINT ( 'NONE',  ( 0.06609811867750484127, 0.1325572742355684841, 0.2270756231802803782 ) ) ;
#3333 = DIRECTION ( 'NONE',  ( 0.000000000000000000, 0.000000000000000000, -1.000000000000000000 ) ) ;
#3334 = ORIENTED_EDGE ( 'NONE', *, *, #1191, .T. ) ;
#3335 = CARTESIAN_POINT ( 'NONE',  ( 0.2340360314913405848, 0.1143143531211425062, 0.2270756231802803504 ) ) ;
#3336 = CARTESIAN_POINT ( 'NONE',  ( -0.08671277677804216377, 0.08865308808328585533, 0.1877055431802803209 ) ) ;
#3337 = CIRCLE ( 'NONE', #661, 0.02000000000000001776 ) ;
#3338 = ORIENTED_EDGE ( 'NONE', *, *, #6663, .F. ) ;
#3339 = CARTESIAN_POINT ( 'NONE',  ( -0.2865417454051167878, 0.1761562561201592547, 0.2270756231802802949 ) ) ;
#3340 = ORIENTED_EDGE ( 'NONE', *, *, #4551, .T. ) ;
#3341 = DIRECTION ( 'NONE',  ( 0.000000000000000000, -1.000000000000000000, 0.000000000000000000 ) ) ;
#3342 = CARTESIAN_POINT ( 'NONE',  ( -0.3893252771193188577, 0.1511439014104072331, 0.2270756231802804337 ) ) ;
#3343 = CARTESIAN_POINT ( 'NONE',  ( -0.3967949255551194154, 0.08161063583256165932, 0.1877055431802803209 ) ) ;
#3344 = PLANE ( 'NONE',  #654 ) ;
#3345 = CARTESIAN_POINT ( 'NONE',  ( 0.1822267182067013047, 0.1321571736990937163, 0.1877055431802803764 ) ) ;
#3346 = CYLINDRICAL_SURFACE ( 'NONE', #1621, 0.01999999999999999001 ) ;
#3347 = EDGE_CURVE ( 'NONE', #4944, #7029, #6480, .T. ) ;
#3348 = VERTEX_POINT ( 'NONE', #7124 ) ;
#3349 = CARTESIAN_POINT ( 'NONE',  ( 0.2517215667744530094, 0.1556904053540596189, 0.1877055431802803487 ) ) ;
#3350 = CARTESIAN_POINT ( 'NONE',  ( 0.2436426260983166336, 0.1522592120339255062, 0.2270756231802802672 ) ) ;
#3351 = CARTESIAN_POINT ( 'NONE',  ( 0.07209538438128022808, 0.1344773349726026135, 0.1877055431802803487 ) ) ;
#3352 = EDGE_CURVE ( 'NONE', #1911, #3553, #693, .T. ) ;
#3353 = CARTESIAN_POINT ( 'NONE',  ( -0.03657309055899751749, 0.1204223933587418166, 0.2270756231802802394 ) ) ;
#3354 = CARTESIAN_POINT ( 'NONE',  ( 0.005150740282325298562, 0.09950115364960929187, 0.2270756231802802949 ) ) ;
#3355 = CARTESIAN_POINT ( 'NONE',  ( 0.1182124266475340496, 0.1012036206847684999, 0.1877055431802802377 ) ) ;
#3356 = CARTESIAN_POINT ( 'NONE',  ( -0.1519115830570651193, 0.1110392997226963135, 0.2270756231802803504 ) ) ;
#3357 = ORIENTED_EDGE ( 'NONE', *, *, #1578, .T. ) ;
#3358 = ORIENTED_EDGE ( 'NONE', *, *, #565, .F. ) ;
#3359 = CARTESIAN_POINT ( 'NONE',  ( -0.4377965394826485723, 0.1859040987637403108, 0.2270756231802802949 ) ) ;
#3360 = EDGE_CURVE ( 'NONE', #567, #5191, #1533, .T. ) ;
#3361 = FACE_OUTER_BOUND ( 'NONE', #3760, .T. ) ;
#3362 = CARTESIAN_POINT ( 'NONE',  ( 0.3373637976141005135, 0.1224609800327510212, 0.1877055431802802654 ) ) ;
#3363 = CARTESIAN_POINT ( 'NONE',  ( -0.2353050050628337220, 0.08500882221256597648, 0.2270756231802802949 ) ) ;
#3364 = EDGE_CURVE ( 'NONE', #972, #6753, #7004, .T. ) ;
#3365 = EDGE_LOOP ( 'NONE', ( #987, #2149, #6673, #6058 ) ) ;
#3366 = CARTESIAN_POINT ( 'NONE',  ( -0.02179431451913660389, 0.08772806630270606199, 0.1877055431802803764 ) ) ;
#3367 = PLANE ( 'NONE',  #4856 ) ;
#3368 = CARTESIAN_POINT ( 'NONE',  ( -0.4311273668637569112, 0.1162354866542672505, 0.2270756231802802672 ) ) ;
#3369 = EDGE_CURVE ( 'NONE', #6578, #4244, #7459, .T. ) ;
#3370 = ORIENTED_EDGE ( 'NONE', *, *, #4003, .F. ) ;
#3371 = CARTESIAN_POINT ( 'NONE',  ( -0.3982773659348645134, 0.05253816099495971226, 0.1877055431802803209 ) ) ;
#3372 = FACE_OUTER_BOUND ( 'NONE', #3136, .T. ) ;
#3373 = CARTESIAN_POINT ( 'NONE',  ( -0.2046861512015537288, 0.1480261618427363979, 0.1877055431802803487 ) ) ;
#3374 = CARTESIAN_POINT ( 'NONE',  ( -0.1026818805772646281, 0.1519316044205593075, 0.1877055431802803487 ) ) ;
#3375 = ORIENTED_EDGE ( 'NONE', *, *, #6382, .T. ) ;
#3376 = CARTESIAN_POINT ( 'NONE',  ( -0.3286217417368046401, 0.05337264514309884161, 0.1877055431802803209 ) ) ;
#3377 = EDGE_CURVE ( 'NONE', #254, #3797, #2195, .T. ) ;
#3378 = VERTEX_POINT ( 'NONE', #4015 ) ;
#3379 = CARTESIAN_POINT ( 'NONE',  ( -0.3147505510894377245, 0.07137348245802210833, 0.2270756231802803504 ) ) ;
#3380 = CARTESIAN_POINT ( 'NONE',  ( -0.1492054537420249571, 0.1713115934558359921, 0.2270756231802803504 ) ) ;
#3381 = CARTESIAN_POINT ( 'NONE',  ( -0.4042952407775005641, 0.1711007067043827656, 0.2270756231802802672 ) ) ;
#3382 = DIRECTION ( 'NONE',  ( 1.000000000000000000, 0.000000000000000000, 2.068798887015335163E-13 ) ) ;
#3383 = DIRECTION ( 'NONE',  ( 0.000000000000000000, 0.000000000000000000, -1.000000000000000000 ) ) ;
#3384 = VECTOR ( 'NONE', #4507, 39.37007874015748143 ) ;
#3385 = CARTESIAN_POINT ( 'NONE',  ( -0.03975969909784833611, 0.1699169685597647361, 0.1877055431802803209 ) ) ;
#3386 = EDGE_LOOP ( 'NONE', ( #832, #3937, #4416, #3202 ) ) ;
#3387 = CARTESIAN_POINT ( 'NONE',  ( -0.4544404518874348153, 0.1479768008205194219, 0.2270756231802803782 ) ) ;
#3388 = CARTESIAN_POINT ( 'NONE',  ( -0.4203193418620126964, 0.1677728282420783146, 0.1877055431802803487 ) ) ;
#3389 = CARTESIAN_POINT ( 'NONE',  ( -0.2671588248731507909, 0.1596440259293350206, 0.1877055431802803487 ) ) ;
#3390 = CARTESIAN_POINT ( 'NONE',  ( -0.4412148742766019427, 0.06522988328734857788, 0.2270756231802803782 ) ) ;
#3391 = CARTESIAN_POINT ( 'NONE',  ( -0.04679745052976254371, 0.1182669062334356785, 0.2270756231802802949 ) ) ;
#3392 = CARTESIAN_POINT ( 'NONE',  ( -0.2707189272805722302, 0.1468684287692857970, 0.2270756231802802394 ) ) ;
#3393 = DIRECTION ( 'NONE',  ( 0.000000000000000000, 0.000000000000000000, -1.000000000000000000 ) ) ;
#3394 = ORIENTED_EDGE ( 'NONE', *, *, #5603, .T. ) ;
#3395 = ORIENTED_EDGE ( 'NONE', *, *, #381, .T. ) ;
#3396 = CARTESIAN_POINT ( 'NONE',  ( -0.3623033279591444944, 0.1239300035890399387, 0.2270756231802803782 ) ) ;
#3397 = EDGE_CURVE ( 'NONE', #7008, #7067, #4408, .T. ) ;
#3398 = LINE ( 'NONE', #2024, #6585 ) ;
#3399 = FACE_OUTER_BOUND ( 'NONE', #203, .T. ) ;
#3400 = AXIS2_PLACEMENT_3D ( 'NONE', #7859, #4818, #5609 ) ;
#3401 = CARTESIAN_POINT ( 'NONE',  ( 0.3389791963079278325, 0.1096055511159636509, 0.2270756231802802672 ) ) ;
#3402 = CARTESIAN_POINT ( 'NONE',  ( 0.2958334899553221042, 0.1410176109679389389, 0.2270756231802802949 ) ) ;
#3403 = AXIS2_PLACEMENT_3D ( 'NONE', #3464, #5929, #1002 ) ;
#3404 = CARTESIAN_POINT ( 'NONE',  ( -0.3147505510894377245, 0.07137348245802210833, 0.2270756231802803504 ) ) ;
#3405 = CARTESIAN_POINT ( 'NONE',  ( -0.7763573127152829656, 0.01999999999999999001, -0.1978062665827001188 ) ) ;
#3406 = CARTESIAN_POINT ( 'NONE',  ( -0.4312009657544201846, 0.1223566200336189957, 0.1877055431802803487 ) ) ;
#3407 = EDGE_LOOP ( 'NONE', ( #7772, #2135, #3425, #1259 ) ) ;
#3408 = CARTESIAN_POINT ( 'NONE',  ( -0.3645409709208579652, 0.09446649819021490924, 0.1877055431802802377 ) ) ;
#3409 = CARTESIAN_POINT ( 'NONE',  ( -0.2722064169960918822, 0.1223566200336189957, 0.1877055431802803487 ) ) ;
#3410 = CARTESIAN_POINT ( 'NONE',  ( -0.04078312759435188950, 0.1448707201617174811, 0.1877055431802804042 ) ) ;
#3411 = CARTESIAN_POINT ( 'NONE',  ( 0.7167221326280208693, 0.5999999999999998668, -0.06522417443168906925 ) ) ;
#3412 = VECTOR ( 'NONE', #5980, 39.37007874015748854 ) ;
#3413 = VERTEX_POINT ( 'NONE', #155 ) ;
#3414 = CARTESIAN_POINT ( 'NONE',  ( -0.3146539283962488387, 0.06738290738076412045, 0.1877055431802803487 ) ) ;
#3415 = ORIENTED_EDGE ( 'NONE', *, *, #3352, .F. ) ;
#3416 = ADVANCED_FACE ( 'NONE', ( #953 ), #4649, .T. ) ;
#3417 = PLANE ( 'NONE',  #1060 ) ;
#3418 = CARTESIAN_POINT ( 'NONE',  ( -0.1453696198529464134, 0.1716835746570795351, 0.2270756231802803504 ) ) ;
#3419 = CARTESIAN_POINT ( 'NONE',  ( -0.3915843348648948008, 0.1584472979274402504, 0.1877055431802804042 ) ) ;
#3420 = CARTESIAN_POINT ( 'NONE',  ( 0.6859622457331169265, 0.5799999999999999600, -0.1978062665827000355 ) ) ;
#3421 = CARTESIAN_POINT ( 'NONE',  ( -0.1416410911916266835, 0.1714991493265146383, 0.2270756231802803504 ) ) ;
#3422 = CARTESIAN_POINT ( 'NONE',  ( -0.2722064169960918822, 0.1223566200336189819, 0.2270756231802803782 ) ) ;
#3423 = CARTESIAN_POINT ( 'NONE',  ( 0.3390187075654079729, 0.1070093011813757072, 0.2270756231802802949 ) ) ;
#3424 = CARTESIAN_POINT ( 'NONE',  ( -0.4088147541150096154, 0.05155436003967591579, 0.2270756231802802949 ) ) ;
#3425 = ORIENTED_EDGE ( 'NONE', *, *, #2168, .T. ) ;
#3426 = CARTESIAN_POINT ( 'NONE',  ( -0.2498202053566814518, 0.05155436003967592273, 0.2270756231802803504 ) ) ;
#3427 = CARTESIAN_POINT ( 'NONE',  ( -0.4089251669960918822, 0.1716835746570795351, 0.2270756231802803782 ) ) ;
#3428 = DIRECTION ( 'NONE',  ( 0.3090169943757414828, 0.000000000000000000, 0.9510565162948956264 ) ) ;
#3429 = LINE ( 'NONE', #5860, #3184 ) ;
#3430 = CARTESIAN_POINT ( 'NONE',  ( -0.3623420577576794699, 0.1173761928999585563, 0.1877055431802802654 ) ) ;
#3431 = CARTESIAN_POINT ( 'NONE',  ( 0.2736727905277395734, 0.1044422681723898433, 0.2270756231802802949 ) ) ;
#3432 = CARTESIAN_POINT ( 'NONE',  ( 0.08651074100431738190, 0.1575016855261949789, 0.1877055431802803209 ) ) ;
#3433 = CARTESIAN_POINT ( 'NONE',  ( -0.2523629211227021996, 0.1963553113052853016, 0.1877055431802803209 ) ) ;
#3434 = EDGE_LOOP ( 'NONE', ( #3531, #7871, #3881, #4960, #157 ) ) ;
#3435 = CIRCLE ( 'NONE', #7901, 0.01999999999999999001 ) ;
#3436 = VERTEX_POINT ( 'NONE', #2861 ) ;
#3437 = CARTESIAN_POINT ( 'NONE',  ( 0.3440326985383167502, 0.1548969904002742981, 0.1877055431802803209 ) ) ;
#3438 = CARTESIAN_POINT ( 'NONE',  ( 0.6859622457331169265, 0.5799999999999999600, -0.1978062665827000077 ) ) ;
#3439 = VECTOR ( 'NONE', #2414, 39.37007874015748143 ) ;
#3440 = CARTESIAN_POINT ( 'NONE',  ( 0.005112526620958028969, 0.1011312464064599709, 0.1877055431802803209 ) ) ;
#3441 = APPROVAL_ROLE ( '' ) ;
#3442 = CARTESIAN_POINT ( 'NONE',  ( 0.3390187075654079729, 0.1070093011813757072, 0.1877055431802803209 ) ) ;
#3443 = CARTESIAN_POINT ( 'NONE',  ( -0.04059675501143053533, 0.1203720563224143086, 0.2270756231802804892 ) ) ;
#3444 = B_SPLINE_SURFACE_WITH_KNOTS ( 'NONE', 3, 1, ( 
 ( #980, #4487 ),
 ( #7600, #3402 ),
 ( #1513, #910 ),
 ( #5787, #5115 ),
 ( #3329, #5833 ),
 ( #5151, #3931 ),
 ( #367, #6429 ),
 ( #1438, #7559 ),
 ( #1475, #3889 ),
 ( #329, #5716 ),
 ( #2225, #944 ) ),
 .UNSPECIFIED., .F., .F., .F.,
 ( 4, 1, 1, 1, 1, 1, 1, 1, 4 ),
 ( 2, 2 ),
 ( 0.000000000000000000, 0.1301487483170938320, 0.2554454699082554514, 0.3791765200660622281, 0.5019048217042506588, 0.6253442449896170485, 0.7482783196877674792, 0.8725642119243279815, 1.000000000000000000 ),
 ( 0.000000000000000000, 1.000000000000000000 ),
 .UNSPECIFIED. ) ;
#3445 = CARTESIAN_POINT ( 'NONE',  ( 0.2736748670741685485, 0.1033656044874853297, 0.1877055431802803209 ) ) ;
#3446 = CARTESIAN_POINT ( 'NONE',  ( -0.2966235477593034964, 0.1099467693285309106, 0.1877055431802803209 ) ) ;
#3447 = ORIENTED_EDGE ( 'NONE', *, *, #1614, .F. ) ;
#3448 = CARTESIAN_POINT ( 'NONE',  ( -0.3950543099958955806, 0.05328671837024312463, 0.1877055431802802654 ) ) ;
#3449 = CARTESIAN_POINT ( 'NONE',  ( 0.3064682536461310614, 0.1289860745467273917, 0.1877055431802802654 ) ) ;
#3450 = CARTESIAN_POINT ( 'NONE',  ( -0.2040582773981474696, 0.1425268345822788552, 0.1877055431802803764 ) ) ;
#3451 = FACE_OUTER_BOUND ( 'NONE', #4576, .T. ) ;
#3452 = AXIS2_PLACEMENT_3D ( 'NONE', #2566, #4472, #5701 ) ;
#3453 = ORIENTED_EDGE ( 'NONE', *, *, #5796, .F. ) ;
#3454 = CARTESIAN_POINT ( 'NONE',  ( -0.3238226732386465523, 0.05432447098737500091, 0.2270756231802802394 ) ) ;
#3455 = EDGE_CURVE ( 'NONE', #4711, #1977, #5279, .T. ) ;
#3456 = EDGE_LOOP ( 'NONE', ( #1535, #6860, #1881, #7017 ) ) ;
#3457 = DIRECTION ( 'NONE',  ( -0.3090169943757437032, 0.000000000000000000, 0.9510565162948948492 ) ) ;
#3458 = CARTESIAN_POINT ( 'NONE',  ( -0.1611507149804329020, 0.1614130559125752651, 0.1877055431802802377 ) ) ;
#3459 = CARTESIAN_POINT ( 'NONE',  ( -0.3870358133215511254, 0.1239300035890399387, 0.2270756231802802949 ) ) ;
#3460 = EDGE_CURVE ( 'NONE', #4798, #4992, #4787, .T. ) ;
#3461 = CARTESIAN_POINT ( 'NONE',  ( -1.026844259779922552, 0.01999999999999999001, -0.2239866064702160375 ) ) ;
#3462 = AXIS2_PLACEMENT_3D ( 'NONE', #7624, #7060, #2873 ) ;
#3463 = CARTESIAN_POINT ( 'NONE',  ( -0.1323135088368465051, 0.1665728294736274484, 0.2270756231802802672 ) ) ;
#3464 = CARTESIAN_POINT ( 'NONE',  ( -0.9776876779786592975, 0.01999999999999999001, -0.07269820391708943508 ) ) ;
#3465 = CARTESIAN_POINT ( 'NONE',  ( -0.2179973363931030916, 0.06525601599062937075, 0.2270756231802803782 ) ) ;
#3466 = VECTOR ( 'NONE', #2094, 39.37007874015748143 ) ;
#3467 = VERTEX_POINT ( 'NONE', #3572 ) ;
#3468 = CARTESIAN_POINT ( 'NONE',  ( -0.4496890477531413355, 0.1676881295743993250, 0.2270756231802802949 ) ) ;
#3469 = EDGE_CURVE ( 'NONE', #4722, #104, #6588, .T. ) ;
#3470 = CARTESIAN_POINT ( 'NONE',  ( -0.4219722368600267171, 0.1662518209824075388, 0.1877055431802802654 ) ) ;
#3471 = CARTESIAN_POINT ( 'NONE',  ( -0.2711983342301157451, 0.1435190334104979593, 0.1877055431802803764 ) ) ;
#3472 = CARTESIAN_POINT ( 'NONE',  ( -0.02507727918848490570, 0.1143339945519418893, 0.2270756231802802949 ) ) ;
#3473 = CARTESIAN_POINT ( 'NONE',  ( 0.3390187075654079729, 0.1070093011813757072, 0.1877055431802803209 ) ) ;
#3474 = CARTESIAN_POINT ( 'NONE',  ( -0.1318279501222769934, 0.1368065115488129313, 0.1877055431802803487 ) ) ;
#3475 = VECTOR ( 'NONE', #159, 39.37007874015748143 ) ;
#3476 = CARTESIAN_POINT ( 'NONE',  ( 0.3390392926748146407, 0.1056566717699403968, 0.1877055431802803209 ) ) ;
#3477 = CARTESIAN_POINT ( 'NONE',  ( 0.08723723411496853153, 0.1300300362658862174, 0.2270756231802802672 ) ) ;
#3478 = VERTEX_POINT ( 'NONE', #4293 ) ;
#3479 = ORIENTED_EDGE ( 'NONE', *, *, #3118, .T. ) ;
#3480 = EDGE_CURVE ( 'NONE', #5998, #262, #103, .T. ) ;
#3481 = CARTESIAN_POINT ( 'NONE',  ( -0.3623155049647021619, 0.1261294150002503223, 0.2270756231802803782 ) ) ;
#3482 = CARTESIAN_POINT ( 'NONE',  ( 0.05284593774774872660, 0.1028152597527481338, 0.1877055431802803764 ) ) ;
#3483 = CARTESIAN_POINT ( 'NONE',  ( -0.4377965394826485723, 0.1859040987637403108, 0.1877055431802803209 ) ) ;
#3484 = CARTESIAN_POINT ( 'NONE',  ( -0.2036350778147741625, 0.1366511633406932158, 0.1877055431802803209 ) ) ;
#3485 = CARTESIAN_POINT ( 'NONE',  ( -0.05084722511986255328, 0.1155116739609657467, 0.2270756231802803782 ) ) ;
#3486 = CARTESIAN_POINT ( 'NONE',  ( -0.4023263154752999005, 0.07756395911590234504, 0.1877055431802802654 ) ) ;
#3487 = CARTESIAN_POINT ( 'NONE',  ( 0.1213109099223790704, 0.1473936209300835409, 0.2270756231802802394 ) ) ;
#3488 = ORIENTED_EDGE ( 'NONE', *, *, #4476, .F. ) ;
#3489 = CARTESIAN_POINT ( 'NONE',  ( -0.001476745059752488558, 0.1255223641856654249, 0.2270756231802803504 ) ) ;
#3490 = CARTESIAN_POINT ( 'NONE',  ( 0.2998267442553902984, 0.1170300000176340421, 0.1877055431802803764 ) ) ;
#3491 = FACE_OUTER_BOUND ( 'NONE', #3574, .T. ) ;
#3492 = CARTESIAN_POINT ( 'NONE',  ( -0.2969153055932269303, 0.1256884697678956608, 0.1877055431802802654 ) ) ;
#3493 = ORIENTED_EDGE ( 'NONE', *, *, #2322, .F. ) ;
#3494 = CARTESIAN_POINT ( 'NONE',  ( -0.7685990390254923144, 0.000000000000000000, 0.08959530821986565197 ) ) ;
#3495 = ORIENTED_EDGE ( 'NONE', *, *, #6027, .T. ) ;
#3496 = CARTESIAN_POINT ( 'NONE',  ( -0.03657309055899751749, 0.1204223933587418166, 0.1877055431802802377 ) ) ;
#3497 = CARTESIAN_POINT ( 'NONE',  ( -0.005074849400937514292, 0.06890030431375913922, 0.1877055431802802654 ) ) ;
#3498 = CARTESIAN_POINT ( 'NONE',  ( -0.8629613462613513475, 0.5999999999999999778, 0.2803931384887746181 ) ) ;
#3499 = CARTESIAN_POINT ( 'NONE',  ( -0.1575398258959171127, 0.1946610542872618810, 0.1877055431802803487 ) ) ;
#3500 = CARTESIAN_POINT ( 'NONE',  ( 0.005150740282325298562, 0.09950115364960929187, 0.2270756231802803504 ) ) ;
#3501 = CARTESIAN_POINT ( 'NONE',  ( -0.1039117551669436618, 0.1655105160120904639, 0.1877055431802803487 ) ) ;
#3502 = CARTESIAN_POINT ( 'NONE',  ( -0.1056166750260301990, 0.1706654568845270836, 0.2270756231802802672 ) ) ;
#3503 = AXIS2_PLACEMENT_3D ( 'NONE', #2986, #4143, #5402 ) ;
#3504 = ORIENTED_EDGE ( 'NONE', *, *, #489, .T. ) ;
#3505 = CARTESIAN_POINT ( 'NONE',  ( -0.7488296743058352467, 0.5799999999999999600, -0.2178062665826999977 ) ) ;
#3506 = FACE_OUTER_BOUND ( 'NONE', #5743, .T. ) ;
#3507 = DIRECTION ( 'NONE',  ( 0.000000000000000000, 0.000000000000000000, -1.000000000000000000 ) ) ;
#3508 = CARTESIAN_POINT ( 'NONE',  ( -0.4257333098180551278, 0.05432712697290471848, 0.2270756231802802394 ) ) ;
#3509 = DIRECTION ( 'NONE',  ( 0.000000000000000000, -1.000000000000000000, 0.000000000000000000 ) ) ;
#3510 = CARTESIAN_POINT ( 'NONE',  ( 0.2674310560410740334, 0.1300300362658862730, 0.2270756231802802949 ) ) ;
#3511 = CARTESIAN_POINT ( 'NONE',  ( 0.3624205401328068898, 0.1321571736990937163, 0.2270756231802802949 ) ) ;
#3512 = CARTESIAN_POINT ( 'NONE',  ( 0.09347497399893862913, 0.1065134203498643017, 0.2270756231802803782 ) ) ;
#3513 = ORIENTED_EDGE ( 'NONE', *, *, #574, .F. ) ;
#3514 = EDGE_CURVE ( 'NONE', #2068, #2924, #620, .T. ) ;
#3515 = ORIENTED_EDGE ( 'NONE', *, *, #7476, .T. ) ;
#3516 = CARTESIAN_POINT ( 'NONE',  ( 0.3633204634918499321, 0.1256504890311046230, 0.2270756231802802394 ) ) ;
#3517 = CARTESIAN_POINT ( 'NONE',  ( -0.4201249094080245494, 0.1953783880358854197, 0.1877055431802803764 ) ) ;
#3518 = APPROVAL_STATUS ( 'not_yet_approved' ) ;
#3519 = CARTESIAN_POINT ( 'NONE',  ( 0.07526291976950461038, 0.1345848466134695609, 0.1877055431802803209 ) ) ;
#3520 = B_SPLINE_CURVE_WITH_KNOTS ( 'NONE', 3,
 ( #652, #1267, #5630, #2417, #5541, #3203, #7358, #4876, #2573, #3799, #4285, #6828, #6711, #3647, #4993, #6148, #3686, #7436, #7400, #739, #6671, #1944, #2459, #6065, #6225, #4836, #1305 ),
 .UNSPECIFIED., .F., .F.,
 ( 4, 1, 1, 1, 1, 1, 1, 1, 1, 1, 1, 1, 1, 1, 1, 1, 1, 1, 1, 1, 1, 1, 1, 1, 4 ),
 ( 0.000000000000000000, 0.03663489025512748493, 0.07203398234778954357, 0.1066259706074961094, 0.1403056939382975321, 0.1736194704926827537, 0.2064256725696816397, 0.2390670061327426765, 0.2718828805625946865, 0.3048398888131205187, 0.3385290337045874232, 0.3726161878593848842, 0.4075482500265397157, 0.4437189059571695626, 0.4813115090919059536, 0.5201129981462018215, 0.5609129028334483014, 0.6040246006136040791, 0.6500745638656777459, 0.6995722277770578534, 0.7523625390892968445, 0.8087887173463874646, 0.8689542125204781087, 0.9326747199379386011, 0.9999999999999998890 ),
 .UNSPECIFIED. ) ;
#3521 = CARTESIAN_POINT ( 'NONE',  ( -0.03919123378856682882, 0.1204253880466772952, 0.1877055431802803487 ) ) ;
#3522 = CARTESIAN_POINT ( 'NONE',  ( -0.1880302006106504553, 0.1577874236224421634, 0.1877055431802802377 ) ) ;
#3523 = CARTESIAN_POINT ( 'NONE',  ( 0.001892088496386552842, 0.08084314753173230117, 0.1877055431802802654 ) ) ;
#3524 = ORIENTED_EDGE ( 'NONE', *, *, #5626, .T. ) ;
#3525 = CARTESIAN_POINT ( 'NONE',  ( -0.1543772395293016020, 0.1691116808052713083, 0.1877055431802802377 ) ) ;
#3526 = CARTESIAN_POINT ( 'NONE',  ( 0.2083104414735224563, 0.1557841197812466771, 0.2270756231802802949 ) ) ;
#3527 = CARTESIAN_POINT ( 'NONE',  ( -0.04296233290831966145, 0.1444666845143455225, 0.1877055431802801821 ) ) ;
#3528 = CARTESIAN_POINT ( 'NONE',  ( -0.2926640161568907494, 0.1617776613979029221, 0.1877055431802803209 ) ) ;
#3529 = CIRCLE ( 'NONE', #6067, 0.02000000000000005940 ) ;
#3530 = ORIENTED_EDGE ( 'NONE', *, *, #2740, .F. ) ;
#3531 = ORIENTED_EDGE ( 'NONE', *, *, #5788, .T. ) ;
#3532 = B_SPLINE_CURVE_WITH_KNOTS ( 'NONE', 3,
 ( #3306, #2003, #3228, #5730, #808, #1413, #6209, #7498, #151, #4424, #2042, #3187, #2122, #5612, #2593, #6894, #6292, #3147, #846 ),
 .UNSPECIFIED., .F., .F.,
 ( 4, 1, 1, 1, 1, 1, 1, 1, 1, 1, 1, 1, 1, 1, 1, 1, 4 ),
 ( 0.000000000000000000, 0.04551775165131785594, 0.09161599061816488865, 0.1392465550335721114, 0.1882415637234043926, 0.2386730793725370670, 0.2906638743206418352, 0.3448398555786326702, 0.4004316067351771924, 0.4591437176132940889, 0.5225510475946141264, 0.5901008583230445970, 0.6622596565248671796, 0.7396813070012565605, 0.8215754713854218627, 0.9083300466844450582, 0.9999999999999998890 ),
 .UNSPECIFIED. ) ;
#3533 = CARTESIAN_POINT ( 'NONE',  ( -0.7603555893585306480, 0.5999999999999999778, -0.2470545071240704549 ) ) ;
#3534 = CARTESIAN_POINT ( 'NONE',  ( -0.01162578450638179425, 0.06213384993132084477, 0.1877055431802802654 ) ) ;
#3535 = CARTESIAN_POINT ( 'NONE',  ( -0.2159414217718825801, 0.06792182635784677069, 0.1877055431802803487 ) ) ;
#3536 = VECTOR ( 'NONE', #5007, 39.37007874015748143 ) ;
#3537 = CARTESIAN_POINT ( 'NONE',  ( -0.01647570697056421896, 0.1402187978926991152, 0.1877055431802803209 ) ) ;
#3538 = LINE ( 'NONE', #4104, #5560 ) ;
#3539 = EDGE_CURVE ( 'NONE', #5005, #581, #4765, .T. ) ;
#3540 = CARTESIAN_POINT ( 'NONE',  ( -0.2461792416571752795, 0.05161594897970089857, 0.1877055431802802654 ) ) ;
#3541 = DIRECTION ( 'NONE',  ( -1.000000000000000000, -6.829619984160637733E-15, 0.000000000000000000 ) ) ;
#3542 = CARTESIAN_POINT ( 'NONE',  ( 0.3390392926748146407, 0.05508757223430543054, 0.1877055431802803209 ) ) ;
#3543 = CARTESIAN_POINT ( 'NONE',  ( 0.1815788226838891128, 0.1349340663793115180, 0.1877055431802803209 ) ) ;
#3544 = DIRECTION ( 'NONE',  ( -0.000000000000000000, -0.000000000000000000, 1.000000000000000000 ) ) ;
#3545 = VECTOR ( 'NONE', #6213, 39.37007874015748143 ) ;
#3546 = CARTESIAN_POINT ( 'NONE',  ( 0.1315826547410351155, 0.1325788366085081382, 0.2270756231802803504 ) ) ;
#3547 = AXIS2_PLACEMENT_3D ( 'NONE', #4689, #7086, #4055 ) ;
#3548 = CARTESIAN_POINT ( 'NONE',  ( -0.4095324378420436839, 0.1964160600194861384, 0.2270756231802803782 ) ) ;
#3549 = CARTESIAN_POINT ( 'NONE',  ( -0.2491369283139881208, 0.1716511639888169127, 0.2270756231802802672 ) ) ;
#3550 = CARTESIAN_POINT ( 'NONE',  ( -0.1353280792654910081, 0.1309240386405216838, 0.1877055431802802654 ) ) ;
#3551 = CARTESIAN_POINT ( 'NONE',  ( -0.2033087792008162475, 0.1239300035890399387, 0.1877055431802803209 ) ) ;
#3552 = CARTESIAN_POINT ( 'NONE',  ( 0.9279426847140814782, 0.000000000000000000, -0.1978062665826999800 ) ) ;
#3553 = VERTEX_POINT ( 'NONE', #6639 ) ;
#3554 = EDGE_CURVE ( 'NONE', #4265, #4711, #1192, .T. ) ;
#3555 = ORIENTED_EDGE ( 'NONE', *, *, #546, .F. ) ;
#3556 = FACE_OUTER_BOUND ( 'NONE', #1039, .T. ) ;
#3557 = DIRECTION ( 'NONE',  ( -1.000000000000000000, 0.000000000000000000, 0.000000000000000000 ) ) ;
#3558 = CARTESIAN_POINT ( 'NONE',  ( -0.3870593414676681832, 0.1217767639787256384, 0.1877055431802803209 ) ) ;
#3559 = EDGE_CURVE ( 'NONE', #5174, #4624, #4134, .T. ) ;
#3560 = CARTESIAN_POINT ( 'NONE',  ( -0.4446161308059040640, 0.1776734734557873785, 0.2270756231802802949 ) ) ;
#3561 = APPROVAL ( #4123, 'UNSPECIFIED' ) ;
#3562 = CARTESIAN_POINT ( 'NONE',  ( -0.2203561225795654666, 0.1848155675275943433, 0.2270756231802802949 ) ) ;
#3563 = EDGE_CURVE ( 'NONE', #5998, #7025, #2938, .T. ) ;
#3564 = CARTESIAN_POINT ( 'NONE',  ( -0.06405126866297237986, 0.05708010435297108248, 0.1877055431802803487 ) ) ;
#3565 = CARTESIAN_POINT ( 'NONE',  ( -0.4081499995407331660, 0.07630976186235564895, 0.2270756231802803504 ) ) ;
#3566 = EDGE_CURVE ( 'NONE', #6185, #1602, #6688, .T. ) ;
#3567 = FACE_OUTER_BOUND ( 'NONE', #1059, .T. ) ;
#3568 = ORIENTED_EDGE ( 'NONE', *, *, #4459, .T. ) ;
#3569 = CARTESIAN_POINT ( 'NONE',  ( -0.2280678466239395852, 0.1302825303198413831, 0.1877055431802803209 ) ) ;
#3570 = CARTESIAN_POINT ( 'NONE',  ( -0.2627499461633203692, 0.08190168858459757895, 0.1877055431802803487 ) ) ;
#3571 = CARTESIAN_POINT ( 'NONE',  ( -0.01987563253311519160, 0.1031887928196531662, 0.2270756231802803782 ) ) ;
#3572 = CARTESIAN_POINT ( 'NONE',  ( 0.6859622457331169265, 0.000000000000000000, -0.1978062665827000077 ) ) ;
#3573 = B_SPLINE_CURVE_WITH_KNOTS ( 'NONE', 3,
 ( #5880, #1716, #1673, #2346, #4648, #462, #506, #6518, #4093, #4132, #6556, #2781, #1074, #1111, #7770, #375, #7648, #4764, #1558 ),
 .UNSPECIFIED., .F., .F.,
 ( 4, 1, 1, 1, 1, 1, 1, 1, 1, 1, 1, 1, 1, 1, 1, 1, 4 ),
 ( 0.000000000000000000, 0.1121147956622135650, 0.2158018426882336027, 0.3102026923156548932, 0.3959929252987141046, 0.4734102307422355382, 0.5427784203605524604, 0.6045480222829328065, 0.6593572656120958442, 0.7087643617117437289, 0.7553555059484811096, 0.7986869938006718739, 0.8400168391480735686, 0.8802034470065461802, 0.9197333482458334153, 0.9590486059010158160, 1.000000000000000000 ),
 .UNSPECIFIED. ) ;
#3574 = EDGE_LOOP ( 'NONE', ( #929, #4596, #4028, #7244 ) ) ;
#3575 = EDGE_LOOP ( 'NONE', ( #7087, #643, #4119, #1178 ) ) ;
#3576 = CARTESIAN_POINT ( 'NONE',  ( -0.4179493065363239501, 0.07873544403918712742, 0.2270756231802803504 ) ) ;
#3577 = CARTESIAN_POINT ( 'NONE',  ( -0.01162578450638179425, 0.06213384993132084477, 0.2270756231802802672 ) ) ;
#3578 = CARTESIAN_POINT ( 'NONE',  ( -0.2055464221625296906, 0.09446649819021490924, 0.1877055431802803209 ) ) ;
#3579 = B_SPLINE_SURFACE_WITH_KNOTS ( 'NONE', 3, 1, ( 
 ( #6025, #6591 ),
 ( #7723, #3565 ),
 ( #2894, #2267 ),
 ( #1748, #7280 ),
 ( #3486, #4088 ),
 ( #576, #2967 ),
 ( #5423, #538 ),
 ( #4682, #6551 ),
 ( #7195, #4802 ),
 ( #5990, #1147 ),
 ( #5352, #5388 ) ),
 .UNSPECIFIED., .F., .F., .F.,
 ( 4, 1, 1, 1, 1, 1, 1, 1, 4 ),
 ( 2, 2 ),
 ( 0.000000000000000000, 0.1240354330026169766, 0.2428459548115300959, 0.3603416824496161186, 0.4790424316556562978, 0.5993341100427886925, 0.7254884757708249809, 0.8585494285274621884, 1.000000000000000000 ),
 ( 0.000000000000000000, 1.000000000000000000 ),
 .UNSPECIFIED. ) ;
#3580 = AXIS2_PLACEMENT_3D ( 'NONE', #6060, #5535, #5382 ) ;
#3581 = CARTESIAN_POINT ( 'NONE',  ( -0.1350114001508027073, 0.1688399671391144219, 0.2270756231802803782 ) ) ;
#3582 = CARTESIAN_POINT ( 'NONE',  ( -0.1273447170162817776, 0.1533550363974388875, 0.2270756231802802949 ) ) ;
#3583 = VERTEX_POINT ( 'NONE', #5996 ) ;
#3584 = CARTESIAN_POINT ( 'NONE',  ( -0.7741167953658588674, 0.5799999999999999600, 0.2070756231802803049 ) ) ;
#3585 = DIRECTION ( 'NONE',  ( -0.000000000000000000, -0.000000000000000000, 1.000000000000000000 ) ) ;
#3586 = CARTESIAN_POINT ( 'NONE',  ( -0.05501613693774622810, 0.08327908516273330175, 0.1877055431802803764 ) ) ;
#3587 = CARTESIAN_POINT ( 'NONE',  ( 0.1681009609711301422, 0.1526861201370246779, 0.1877055431802802654 ) ) ;
#3588 = VECTOR ( 'NONE', #2941, 39.37007874015748143 ) ;
#3589 = CARTESIAN_POINT ( 'NONE',  ( -0.3446372669859970594, 0.06839232440470720265, 0.2270756231802802394 ) ) ;
#3590 = FACE_OUTER_BOUND ( 'NONE', #1406, .T. ) ;
#3591 = CARTESIAN_POINT ( 'NONE',  ( -0.4025144658145909382, 0.1959848636283641476, 0.2270756231802803504 ) ) ;
#3592 = CARTESIAN_POINT ( 'NONE',  ( -0.3637034338602154193, 0.09962180876590485956, 0.1877055431802803764 ) ) ;
#3593 = CARTESIAN_POINT ( 'NONE',  ( -0.1373277689934798429, 0.1280688799625346874, 0.1877055431802803487 ) ) ;
#3594 = CARTESIAN_POINT ( 'NONE',  ( -0.1008456255565603754, 0.05508757223430543054, 0.1877055431802803209 ) ) ;
#3595 = EDGE_CURVE ( 'NONE', #7690, #7734, #1271, .T. ) ;
#3596 = CARTESIAN_POINT ( 'NONE',  ( -0.2613247931036843941, 0.1677728282420782868, 0.1877055431802803764 ) ) ;
#3597 = EDGE_LOOP ( 'NONE', ( #1354, #2762, #4693, #7580 ) ) ;
#3598 = EDGE_CURVE ( 'NONE', #4430, #3617, #4843, .T. ) ;
#3599 = EDGE_LOOP ( 'NONE', ( #1872, #1562, #4790, #4828 ) ) ;
#3600 = B_SPLINE_CURVE_WITH_KNOTS ( 'NONE', 3,
 ( #400, #5258, #4549, #2875, #7140, #1694, #5936, #4111, #6536, #481, #7138 ),
 .UNSPECIFIED., .F., .F.,
 ( 4, 1, 1, 1, 1, 1, 1, 1, 4 ),
 ( 0.000000000000000000, 0.1323140339085643324, 0.2587000085531550031, 0.3809118214856540563, 0.5005348689728935652, 0.6209226176484480275, 0.7423757653984722760, 0.8682808341788562645, 1.000000000000000000 ),
 .UNSPECIFIED. ) ;
#3601 = CARTESIAN_POINT ( 'NONE',  ( 0.3637717780372212717, 0.1136616056483979037, 0.2270756231802802949 ) ) ;
#3602 = CARTESIAN_POINT ( 'NONE',  ( -0.3296211151588215871, 0.05332096613699067317, 0.1877055431802803209 ) ) ;
#3603 = CARTESIAN_POINT ( 'NONE',  ( -0.03661293198700642931, 0.1451844831973581607, 0.1877055431802803487 ) ) ;
#3604 = FACE_OUTER_BOUND ( 'NONE', #7126, .T. ) ;
#3605 = UNCERTAINTY_MEASURE_WITH_UNIT (LENGTH_MEASURE( 1.000000000000000082E-05 ), #7556, 'distance_accuracy_value', 'NONE');
#3606 = CARTESIAN_POINT ( 'NONE',  ( -0.2227710537038979366, 0.1870569757980301284, 0.2270756231802803504 ) ) ;
#3607 = ORIENTED_EDGE ( 'NONE', *, *, #2718, .F. ) ;
#3608 = CARTESIAN_POINT ( 'NONE',  ( -0.06057182075878203564, 0.05536094582991313295, 0.2270756231802802394 ) ) ;
#3609 = EDGE_CURVE ( 'NONE', #5005, #7847, #5324, .T. ) ;
#3610 = EDGE_LOOP ( 'NONE', ( #3057, #6523, #2737, #4557 ) ) ;
#3611 = CARTESIAN_POINT ( 'NONE',  ( -0.1381290669875001875, 0.1705262004404511089, 0.1877055431802803209 ) ) ;
#3612 = LINE ( 'NONE', #7281, #6313 ) ;
#3613 = CARTESIAN_POINT ( 'NONE',  ( -0.1643213624304233900, 0.1496925185430179606, 0.1877055431802803209 ) ) ;
#3614 = CARTESIAN_POINT ( 'NONE',  ( -0.7541167953658587386, 0.02000000000000012879, 0.06959530821986563420 ) ) ;
#3615 = CARTESIAN_POINT ( 'NONE',  ( 0.1213109099223790704, 0.1473936209300835409, 0.1877055431802802377 ) ) ;
#3616 = VERTEX_POINT ( 'NONE', #7326 ) ;
#3617 = VERTEX_POINT ( 'NONE', #2501 ) ;
#3618 = EDGE_CURVE ( 'NONE', #6444, #3982, #1353, .T. ) ;
#3619 = CARTESIAN_POINT ( 'NONE',  ( 0.3637717780372212717, 0.05508757223430543054, 0.1877055431802803209 ) ) ;
#3620 = CARTESIAN_POINT ( 'NONE',  ( -0.3306207253809359536, 0.05337222490834010041, 0.1877055431802802654 ) ) ;
#3621 = CARTESIAN_POINT ( 'NONE',  ( 0.7080070247953581530, 0.5999999999999999778, -0.06523805343214902908 ) ) ;
#3622 = CARTESIAN_POINT ( 'NONE',  ( -0.2499306182377636076, 0.07628684540208253984, 0.1877055431802803487 ) ) ;
#3623 = ORIENTED_EDGE ( 'NONE', *, *, #2021, .F. ) ;
#3624 = DIRECTION ( 'NONE',  ( 0.000000000000000000, 1.000000000000000000, -0.000000000000000000 ) ) ;
#3625 = DIRECTION ( 'NONE',  ( 0.000000000000000000, 0.000000000000000000, -1.000000000000000000 ) ) ;
#3626 = DIRECTION ( 'NONE',  ( 1.000000000000000000, 0.000000000000000000, 0.000000000000000000 ) ) ;
#3627 = CARTESIAN_POINT ( 'NONE',  ( 0.1826921663030095511, 0.1290529220651498166, 0.1877055431802803209 ) ) ;
#3628 = CARTESIAN_POINT ( 'NONE',  ( 0.09348104514806306053, 0.05508757223430543054, 0.2270756231802802949 ) ) ;
#3629 = CARTESIAN_POINT ( 'NONE',  ( 0.1555089182645158774, 0.1268619752917069243, 0.1877055431802802654 ) ) ;
#3630 = LINE ( 'NONE', #482, #7909 ) ;
#3631 = CARTESIAN_POINT ( 'NONE',  ( -0.4452285836962185939, 0.07072684147570752755, 0.1877055431802803209 ) ) ;
#3632 = LINE ( 'NONE', #6657, #261 ) ;
#3633 = PLANE ( 'NONE',  #3128 ) ;
#3634 = CARTESIAN_POINT ( 'NONE',  ( -0.9047987034429123554, 0.5799999999999999600, 0.2133165147008230511 ) ) ;
#3635 = CARTESIAN_POINT ( 'NONE',  ( -0.2680665955427028457, 0.1575394107282612755, 0.2270756231802802672 ) ) ;
#3636 = EDGE_CURVE ( 'NONE', #4242, #2068, #55, .T. ) ;
#3637 = ORIENTED_EDGE ( 'NONE', *, *, #5265, .F. ) ;
#3638 = ORIENTED_EDGE ( 'NONE', *, *, #3878, .T. ) ;
#3639 = CARTESIAN_POINT ( 'NONE',  ( 0.2958334899553221042, 0.1410176109679389389, 0.2270756231802802949 ) ) ;
#3640 = FACE_OUTER_BOUND ( 'NONE', #1756, .T. ) ;
#3641 = PLANE ( 'NONE',  #1035 ) ;
#3642 = LINE ( 'NONE', #2605, #22 ) ;
#3643 = CARTESIAN_POINT ( 'NONE',  ( 0.1377318319525889789, 0.1344713808013102974, 0.1877055431802802654 ) ) ;
#3644 = CARTESIAN_POINT ( 'NONE',  ( -0.2036350778147741625, 0.1366511633406932158, 0.2270756231802802949 ) ) ;
#3645 = VECTOR ( 'NONE', #1314, 39.37007874015747433 ) ;
#3646 = VECTOR ( 'NONE', #5808, 39.37007874015748143 ) ;
#3647 = CARTESIAN_POINT ( 'NONE',  ( -0.2159765563902749375, 0.1796241573958957671, 0.2270756231802802394 ) ) ;
#3648 = EDGE_CURVE ( 'NONE', #2914, #7391, #7440, .T. ) ;
#3649 = ORIENTED_EDGE ( 'NONE', *, *, #3054, .F. ) ;
#3650 =( BOUNDED_CURVE ( )  B_SPLINE_CURVE ( 3, ( #7576, #2120, #267, #2827 ),
 .UNSPECIFIED., .F., .T. ) 
 B_SPLINE_CURVE_WITH_KNOTS ( ( 4, 4 ),
 ( 0.000000000000000000, 1.570796326794896558 ),
 .UNSPECIFIED. ) 
 CURVE ( )  GEOMETRIC_REPRESENTATION_ITEM ( )  RATIONAL_B_SPLINE_CURVE ( ( 1.000000000000000000, 0.8047378541243649375, 0.8047378541243649375, 1.000000000000000000 ) ) 
 REPRESENTATION_ITEM ( '' )  );
#3651 = CARTESIAN_POINT ( 'NONE',  ( -0.1532000745507962336, 0.1956544512307437922, 0.2270756231802803782 ) ) ;
#3652 = DIRECTION ( 'NONE',  ( 0.3120445760271325919, 0.000000000000000000, -0.9500674621162684685 ) ) ;
#3653 = CARTESIAN_POINT ( 'NONE',  ( -0.2373488265235746131, 0.1658718614849219175, 0.2270756231802804059 ) ) ;
#3654 = CARTESIAN_POINT ( 'NONE',  ( 0.1797388863435951389, 0.1402787686463412287, 0.2270756231802802949 ) ) ;
#3655 = DIRECTION ( 'NONE',  ( -0.000000000000000000, -0.000000000000000000, 1.000000000000000000 ) ) ;
#3656 = ORIENTED_EDGE ( 'NONE', *, *, #5217, .F. ) ;
#3657 = CARTESIAN_POINT ( 'NONE',  ( -1.018337751696372750, 0.5799999999999999600, -0.1978062665827011180 ) ) ;
#3658 = CARTESIAN_POINT ( 'NONE',  ( -0.1027911296930446999, 0.1603226616116348868, 0.1877055431802803209 ) ) ;
#3659 = CARTESIAN_POINT ( 'NONE',  ( -0.2047088851018872002, 0.09962180876590485956, 0.1877055431802803209 ) ) ;
#3660 = CARTESIAN_POINT ( 'NONE',  ( -0.4089251669960918267, 0.07628684540208252596, 0.2270756231802802949 ) ) ;
#3661 = CARTESIAN_POINT ( 'NONE',  ( -0.4219722368600267171, 0.1662518209824075388, 0.2270756231802802672 ) ) ;
#3662 = AXIS2_PLACEMENT_3D ( 'NONE', #5052, #1964, #4976 ) ;
#3663 = ADVANCED_FACE ( 'NONE', ( #4959 ), #5091, .T. ) ;
#3664 = EDGE_CURVE ( 'NONE', #728, #6786, #4332, .T. ) ;
#3665 = ORIENTED_EDGE ( 'NONE', *, *, #2561, .F. ) ;
#3666 = CARTESIAN_POINT ( 'NONE',  ( -0.2392828171765361833, 0.05253816099495971226, 0.1877055431802802099 ) ) ;
#3667 = FACE_OUTER_BOUND ( 'NONE', #4691, .T. ) ;
#3668 = CARTESIAN_POINT ( 'NONE',  ( -0.04795967283110105783, 0.07800394508303395980, 0.1877055431802803487 ) ) ;
#3669 = CARTESIAN_POINT ( 'NONE',  ( 0.1541572036264606538, 0.1573994665691200445, 0.1877055431802803487 ) ) ;
#3670 = CARTESIAN_POINT ( 'NONE',  ( -0.3212439952847431779, 0.05575621770363470980, 0.2270756231802803782 ) ) ;
#3671 = CARTESIAN_POINT ( 'NONE',  ( 0.1587853743818223862, 0.1096055511159636370, 0.2270756231802802394 ) ) ;
#3672 = CARTESIAN_POINT ( 'NONE',  ( 0.1489359146715841520, 0.1575507258785614484, 0.2270756231802802949 ) ) ;
#3673 = DIRECTION ( 'NONE',  ( 0.000000000000000000, 0.000000000000000000, 1.000000000000000000 ) ) ;
#3674 = CARTESIAN_POINT ( 'NONE',  ( 0.2784931471963981164, 0.1550865778502543701, 0.1877055431802803209 ) ) ;
#3675 = CARTESIAN_POINT ( 'NONE',  ( -0.1600326549389189945, 0.1633045394404971373, 0.2270756231802803504 ) ) ;
#3676 = CARTESIAN_POINT ( 'NONE',  ( -0.4556180965176318542, 0.1099467693285309244, 0.1877055431802803764 ) ) ;
#3677 = DIRECTION ( 'NONE',  ( -0.3090169943748820591, -0.000000000000000000, -0.9510565162951748475 ) ) ;
#3678 = VECTOR ( 'NONE', #580, 39.37007874015748143 ) ;
#3679 = EDGE_LOOP ( 'NONE', ( #1193, #2333, #737, #3721 ) ) ;
#3680 = CARTESIAN_POINT ( 'NONE',  ( 0.3617726446099944204, 0.1349340663793115180, 0.2270756231802802949 ) ) ;
#3681 = CARTESIAN_POINT ( 'NONE',  ( -0.4025144658145909382, 0.1959848636283641476, 0.2270756231802802672 ) ) ;
#3682 = DIRECTION ( 'NONE',  ( 0.000000000000000000, -1.000000000000000000, 1.505160636016375623E-12 ) ) ;
#3683 = CARTESIAN_POINT ( 'NONE',  ( 0.08723723411496853153, 0.1300300362658862174, 0.1877055431802802654 ) ) ;
#3684 = CARTESIAN_POINT ( 'NONE',  ( 0.2742512618592611862, 0.1565217714367488355, 0.2270756231802803504 ) ) ;
#3685 = CARTESIAN_POINT ( 'NONE',  ( 0.1835779561111157976, 0.05508757223430543054, 0.1877055431802803209 ) ) ;
#3686 = CARTESIAN_POINT ( 'NONE',  ( -0.2105343142315600491, 0.1700109328996070868, 0.2270756231802802949 ) ) ;
#3687 = ORIENTED_EDGE ( 'NONE', *, *, #697, .F. ) ;
#3688 = CARTESIAN_POINT ( 'NONE',  ( 0.05284910490982360626, 0.05508757223430543054, 0.2270756231802802949 ) ) ;
#3689 = CARTESIAN_POINT ( 'NONE',  ( -0.02843397636708446322, 0.07981073560993762195, 0.1877055431802803487 ) ) ;
#3690 = CARTESIAN_POINT ( 'NONE',  ( -0.2453006920191722895, 0.1711007067043828489, 0.2270756231802804059 ) ) ;
#3691 = CARTESIAN_POINT ( 'NONE',  ( 0.1092518855273153927, 0.1473770897489063703, 0.2270756231802802394 ) ) ;
#3692 = CARTESIAN_POINT ( 'NONE',  ( -0.1314494496053169870, 0.09612663253265037178, 0.2270756231802803782 ) ) ;
#3693 =( BOUNDED_CURVE ( )  B_SPLINE_CURVE ( 3, ( #6446, #997, #5363, #2280 ),
 .UNSPECIFIED., .F., .T. ) 
 B_SPLINE_CURVE_WITH_KNOTS ( ( 4, 4 ),
 ( 4.712388980384689674, 6.283185307179586232 ),
 .UNSPECIFIED. ) 
 CURVE ( )  GEOMETRIC_REPRESENTATION_ITEM ( )  RATIONAL_B_SPLINE_CURVE ( ( 1.000000000000000000, 0.8047378541243649375, 0.8047378541243649375, 1.000000000000000000 ) ) 
 REPRESENTATION_ITEM ( '' )  );
#3694 = ORIENTED_EDGE ( 'NONE', *, *, #6910, .T. ) ;
#3695 = DIRECTION ( 'NONE',  ( -0.000000000000000000, 0.000000000000000000, 1.000000000000000000 ) ) ;
#3696 = DIRECTION ( 'NONE',  ( 0.000000000000000000, -0.000000000000000000, 1.000000000000000000 ) ) ;
#3697 = CARTESIAN_POINT ( 'NONE',  ( 0.2398984573733361214, 0.1498559489173968973, 0.2270756231802803782 ) ) ;
#3698 = CARTESIAN_POINT ( 'NONE',  ( -0.4261533736314790932, 0.1596440259293350206, 0.2270756231802802949 ) ) ;
#3699 = ORIENTED_EDGE ( 'NONE', *, *, #3252, .T. ) ;
#3700 = CARTESIAN_POINT ( 'NONE',  ( -0.03951127011541345074, 0.07628684540208252596, 0.2270756231802802949 ) ) ;
#3701 = EDGE_CURVE ( 'NONE', #4837, #177, #3848, .T. ) ;
#3702 = ORIENTED_EDGE ( 'NONE', *, *, #7619, .F. ) ;
#3703 = CARTESIAN_POINT ( 'NONE',  ( -0.04242573316557761431, 0.07639752971394304926, 0.1877055431802802654 ) ) ;
#3704 = CARTESIAN_POINT ( 'NONE',  ( -0.4303661849054036814, 0.1051849547086359943, 0.1877055431802803209 ) ) ;
#3705 = CARTESIAN_POINT ( 'NONE',  ( 0.1835779561111157976, 0.1136616056483979037, 0.1877055431802803209 ) ) ;
#3706 = CARTESIAN_POINT ( 'NONE',  ( 0.1451550065331297934, 0.1342334086874206189, 0.2270756231802802949 ) ) ;
#3707 = CARTESIAN_POINT ( 'NONE',  ( -0.7601155371032704000, -5.231179923393054590E-17, 0.07787957946732766701 ) ) ;
#3708 = VECTOR ( 'NONE', #4723, 39.37007874015748854 ) ;
#3709 = SPHERICAL_SURFACE ( 'NONE', #2692, 0.02000000000000000042 ) ;
#3710 = CARTESIAN_POINT ( 'NONE',  ( 0.2721489976647086806, 0.1210515645800658152, 0.2270756231802802394 ) ) ;
#3711 = CARTESIAN_POINT ( 'NONE',  ( 0.1532254223763054868, 0.1299918611598430140, 0.2270756231802802394 ) ) ;
#3712 = CARTESIAN_POINT ( 'NONE',  ( -0.4527536213306876389, 0.08894954109946527632, 0.1877055431802803209 ) ) ;
#3713 = B_SPLINE_CURVE_WITH_KNOTS ( 'NONE', 3,
 ( #2695, #833, #6431, #6920, #874, #7079, #3293, #3934, #3404, #7642, #5834 ),
 .UNSPECIFIED., .F., .F.,
 ( 4, 1, 1, 1, 1, 1, 1, 1, 4 ),
 ( 0.000000000000000000, 0.1271196250723280741, 0.2502765869192745130, 0.3719693125512791299, 0.4993749699591257807, 0.6266295960519263630, 0.7493508004417341883, 0.8717133012381531598, 1.000000000000000000 ),
 .UNSPECIFIED. ) ;
#3714 = CARTESIAN_POINT ( 'NONE',  ( -0.2720679599032729823, 0.1316704175347040706, 0.1877055431802803764 ) ) ;
#3715 = CIRCLE ( 'NONE', #6889, 0.02000000000000002817 ) ;
#3716 = EDGE_CURVE ( 'NONE', #7515, #2604, #4367, .T. ) ;
#3717 = EDGE_LOOP ( 'NONE', ( #2835, #6303, #5813, #621 ) ) ;
#3718 = CARTESIAN_POINT ( 'NONE',  ( -0.3959495690250308675, 0.1946156568559112565, 0.1877055431802803487 ) ) ;
#3719 = CARTESIAN_POINT ( 'NONE',  ( 0.1182135305104696776, 0.1000532180550201544, 0.1877055431802803209 ) ) ;
#3720 = CARTESIAN_POINT ( 'NONE',  ( -0.7763573127152828546, 0.01999999999999999001, -0.2178062665827001088 ) ) ;
#3721 = ORIENTED_EDGE ( 'NONE', *, *, #695, .T. ) ;
#3722 = DIRECTION ( 'NONE',  ( 0.000000000000000000, -0.000000000000000000, 1.000000000000000000 ) ) ;
#3723 = CARTESIAN_POINT ( 'NONE',  ( 0.2651454720105707041, 0.1575507258785614484, 0.2270756231802802949 ) ) ;
#3724 = VECTOR ( 'NONE', #6570, 39.37007874015748143 ) ;
#3725 = FACE_OUTER_BOUND ( 'NONE', #4535, .T. ) ;
#3726 = CARTESIAN_POINT ( 'NONE',  ( -0.3680946337436749594, 0.08123346297016426076, 0.2270756231802802949 ) ) ;
#3727 = EDGE_CURVE ( 'NONE', #2662, #5344, #1310, .T. ) ;
#3728 = ORIENTED_EDGE ( 'NONE', *, *, #6534, .F. ) ;
#3729 = LINE ( 'NONE', #656, #7745 ) ;
#3730 = CARTESIAN_POINT ( 'NONE',  ( 0.02811661954741698222, 0.05508757223430543054, 0.2270756231802802949 ) ) ;
#3731 = CIRCLE ( 'NONE', #2710, 0.01999999999999996919 ) ;
#3732 = FACE_OUTER_BOUND ( 'NONE', #5360, .T. ) ;
#3733 = CARTESIAN_POINT ( 'NONE',  ( 0.1835779561111157976, 0.1136616056483979037, 0.1877055431802803209 ) ) ;
#3734 = ORIENTED_EDGE ( 'NONE', *, *, #6382, .F. ) ;
#3735 = PLANE ( 'NONE',  #3845 ) ;
#3736 = CARTESIAN_POINT ( 'NONE',  ( -0.2696974094149564571, 0.05556186941036737881, 0.1877055431802803487 ) ) ;
#3737 = ORIENTED_EDGE ( 'NONE', *, *, #738, .T. ) ;
#3738 = CARTESIAN_POINT ( 'NONE',  ( 0.3440326985383167502, 0.1548969904002742981, 0.1877055431802803209 ) ) ;
#3739 = CARTESIAN_POINT ( 'NONE',  ( -0.2661148331240897891, 0.08629280190399006567, 0.2270756231802803782 ) ) ;
#3740 = ORIENTED_EDGE ( 'NONE', *, *, #1824, .T. ) ;
#3741 = CARTESIAN_POINT ( 'NONE',  ( -0.01990259800716330171, 0.09397233717685304910, 0.2270756231802802672 ) ) ;
#3742 = CARTESIAN_POINT ( 'NONE',  ( -0.05692623870202734998, 0.08578937857363107267, 0.2270756231802802394 ) ) ;
#3743 = CARTESIAN_POINT ( 'NONE',  ( -0.4297345498267970410, 0.1004043316527998136, 0.1877055431802803209 ) ) ;
#3744 = CARTESIAN_POINT ( 'NONE',  ( -0.4558643240890188908, 0.1315847090563788124, 0.1877055431802803487 ) ) ;
#3745 = CARTESIAN_POINT ( 'NONE',  ( -0.3325859613586179542, 0.08319201105033526000, 0.2270756231802803504 ) ) ;
#3746 = DIRECTION ( 'NONE',  ( -0.000000000000000000, -0.000000000000000000, 1.000000000000000000 ) ) ;
#3747 = CARTESIAN_POINT ( 'NONE',  ( 0.2582201017859991898, 0.1344665642319647358, 0.2270756231802802116 ) ) ;
#3748 = CARTESIAN_POINT ( 'NONE',  ( 0.2632724740257900153, 0.1329969936317887957, 0.1877055431802801821 ) ) ;
#3749 = CARTESIAN_POINT ( 'NONE',  ( -0.4537332434783338253, 0.09361685175999387432, 0.2270756231802802672 ) ) ;
#3750 = CARTESIAN_POINT ( 'NONE',  ( 0.05284910490982360626, 0.05508757223430543054, 0.1877055431802803209 ) ) ;
#3751 = EDGE_LOOP ( 'NONE', ( #6226, #937, #6353, #7097 ) ) ;
#3752 = CARTESIAN_POINT ( 'NONE',  ( -0.2865417454051167878, 0.1761562561201592547, 0.2270756231802802949 ) ) ;
#3753 = CARTESIAN_POINT ( 'NONE',  ( -0.4083352828978380478, 0.1963982879168536255, 0.1877055431802803487 ) ) ;
#3754 = PLANE ( 'NONE',  #3452 ) ;
#3755 = CARTESIAN_POINT ( 'NONE',  ( -0.2966235477593034964, 0.1099467693285309106, 0.1877055431802803209 ) ) ;
#3756 = ORIENTED_EDGE ( 'NONE', *, *, #7518, .T. ) ;
#3757 = CARTESIAN_POINT ( 'NONE',  ( 0.07620347815547665049, 0.1345445871169877183, 0.1877055431802802654 ) ) ;
#3758 = CARTESIAN_POINT ( 'NONE',  ( 0.1209786047790291919, 0.1213151523856658837, 0.2270756231802802949 ) ) ;
#3759 = CARTESIAN_POINT ( 'NONE',  ( 0.08651074100431738190, 0.1575016855261949789, 0.1877055431802803209 ) ) ;
#3760 = EDGE_LOOP ( 'NONE', ( #7295, #6962, #1508, #6959 ) ) ;
#3761 = CARTESIAN_POINT ( 'NONE',  ( -0.3982773659348645134, 0.05253816099495971226, 0.2270756231802802949 ) ) ;
#3762 = ADVANCED_FACE ( 'NONE', ( #5549 ), #6797, .T. ) ;
#3763 = ORIENTED_EDGE ( 'NONE', *, *, #4713, .T. ) ;
#3764 = CARTESIAN_POINT ( 'NONE',  ( 0.1182124266475340496, 0.1012036206847684999, 0.1877055431802802377 ) ) ;
#3765 = CARTESIAN_POINT ( 'NONE',  ( -0.3871046128704032085, 0.1176336335723350141, 0.1877055431802804042 ) ) ;
#3766 = VECTOR ( 'NONE', #4779, 39.37007874015748143 ) ;
#3767 = CARTESIAN_POINT ( 'NONE',  ( -0.02796555271408338386, 0.1170220235364478473, 0.1877055431802802654 ) ) ;
#3768 = CARTESIAN_POINT ( 'NONE',  ( -0.1090951645737894132, 0.1282931994486727900, 0.1877055431802802654 ) ) ;
#3769 = EDGE_LOOP ( 'NONE', ( #503, #125, #2547, #873 ) ) ;
#3770 = LINE ( 'NONE', #5002, #799 ) ;
#3771 = DIRECTION ( 'NONE',  ( 7.492926119852202457E-14, -5.378579671923889107E-14, 1.000000000000000000 ) ) ;
#3772 = CARTESIAN_POINT ( 'NONE',  ( 0.2436426260983166336, 0.1522592120339255062, 0.1877055431802802654 ) ) ;
#3773 = VERTEX_POINT ( 'NONE', #6315 ) ;
#3774 = CARTESIAN_POINT ( 'NONE',  ( 0.3635726934665041155, 0.1219272540881391753, 0.1877055431802803764 ) ) ;
#3775 = CARTESIAN_POINT ( 'NONE',  ( 0.2435597195323108699, 0.1309152108147105531, 0.2270756231802802949 ) ) ;
#3776 = ORIENTED_EDGE ( 'NONE', *, *, #286, .T. ) ;
#3777 = CARTESIAN_POINT ( 'NONE',  ( -0.2954459031291063464, 0.1479768008205193663, 0.2270756231802802672 ) ) ;
#3778 = CARTESIAN_POINT ( 'NONE',  ( -0.04242573316557761431, 0.07639752971394304926, 0.2270756231802802672 ) ) ;
#3779 = CARTESIAN_POINT ( 'NONE',  ( -0.1927091426169278421, 0.06761943423713200063, 0.2270756231802802949 ) ) ;
#3780 = CARTESIAN_POINT ( 'NONE',  ( -0.4559334511168267046, 0.1226326522363244131, 0.1877055431802803209 ) ) ;
#3781 = PLANE ( 'NONE',  #212 ) ;
#3782 = CARTESIAN_POINT ( 'NONE',  ( 0.2984062485736394543, 0.1012036206847684999, 0.2270756231802802394 ) ) ;
#3783 = CARTESIAN_POINT ( 'NONE',  ( 0.2714807275994840507, 0.1231556170097662106, 0.2270756231802804059 ) ) ;
#3784 = CARTESIAN_POINT ( 'NONE',  ( 0.1582413911273953810, 0.1167065637596284011, 0.2270756231802802672 ) ) ;
#3785 = CARTESIAN_POINT ( 'NONE',  ( -0.4515577551159229430, 0.08467664980136548059, 0.2270756231802803504 ) ) ;
#3786 = CARTESIAN_POINT ( 'NONE',  ( -0.2721910901938922045, 0.1239760281754862942, 0.2270756231802803782 ) ) ;
#3787 = VECTOR ( 'NONE', #615, 39.37007874015747433 ) ;
#3788 = ORIENTED_EDGE ( 'NONE', *, *, #7469, .T. ) ;
#3789 = CARTESIAN_POINT ( 'NONE',  ( -0.3306207253809359536, 0.05337222490834010041, 0.1877055431802802654 ) ) ;
#3790 = CARTESIAN_POINT ( 'NONE',  ( -1.018337751696372750, 0.5999999999999999778, -0.1978062665827011180 ) ) ;
#3791 = CARTESIAN_POINT ( 'NONE',  ( -0.07556107578874274311, 0.1164219276754522164, 0.1877055431802803209 ) ) ;
#3792 = CARTESIAN_POINT ( 'NONE',  ( -0.2510537452364254296, 0.05157562912308819719, 0.1877055431802803209 ) ) ;
#3793 = VERTEX_POINT ( 'NONE', #290 ) ;
#3794 = CARTESIAN_POINT ( 'NONE',  ( 0.09348104514806306053, 0.1033656044874853297, 0.2270756231802804059 ) ) ;
#3795 = CARTESIAN_POINT ( 'NONE',  ( 0.2651454720105707041, 0.1575507258785614484, 0.1877055431802803209 ) ) ;
#3796 = CARTESIAN_POINT ( 'NONE',  ( 0.08495165008446524391, 0.1575507258785614484, 0.1877055431802803209 ) ) ;
#3797 = VERTEX_POINT ( 'NONE', #1627 ) ;
#3798 = EDGE_CURVE ( 'NONE', #4767, #7120, #377, .T. ) ;
#3799 = CARTESIAN_POINT ( 'NONE',  ( -0.2253637247568067159, 0.1890230343564093529, 0.2270756231802802672 ) ) ;
#3800 = ORIENTED_EDGE ( 'NONE', *, *, #4591, .T. ) ;
#3801 = EDGE_CURVE ( 'NONE', #2466, #7732, #5709, .T. ) ;
#3802 = DIRECTION ( 'NONE',  ( 0.000000000000000000, 0.000000000000000000, 1.000000000000000000 ) ) ;
#3803 = CARTESIAN_POINT ( 'NONE',  ( -0.03007738720384646111, 0.07870854999685523989, 0.2270756231802802394 ) ) ;
#3804 = VECTOR ( 'NONE', #7226, 39.37007874015748143 ) ;
#3805 = B_SPLINE_CURVE_WITH_KNOTS ( 'NONE', 3,
 ( #5556, #667, #100, #6646, #4967, #625, #7893, #7411, #1956, #4812, #4374, #2432, #6803, #2982, #7853, #7251, #2390, #1798, #3622 ),
 .UNSPECIFIED., .F., .F.,
 ( 4, 1, 1, 1, 1, 1, 1, 1, 1, 1, 1, 1, 1, 1, 1, 1, 4 ),
 ( 0.000000000000000000, 0.1107342804863385433, 0.2123411929916479146, 0.3055021255634832733, 0.3898348410859878155, 0.4666904579461289004, 0.5352618542933011980, 0.5967629138889616325, 0.6510657189836188685, 0.7010355511102174253, 0.7478602709077570854, 0.7918333971357295331, 0.8342840069087867905, 0.8753338897746164582, 0.9160347492783130763, 0.9576522807232378254, 1.000000000000000000 ),
 .UNSPECIFIED. ) ;
#3806 = DIRECTION ( 'NONE',  ( 0.000000000000000000, 0.000000000000000000, -1.000000000000000000 ) ) ;
#3807 = ADVANCED_FACE ( 'NONE', ( #1549 ), #5224, .T. ) ;
#3808 = CARTESIAN_POINT ( 'NONE',  ( -0.1214467488109761267, 0.1083430186888722779, 0.2270756231802803782 ) ) ;
#3809 = B_SPLINE_CURVE_WITH_KNOTS ( 'NONE', 3,
 ( #4860, #6088, #635, #1887, #3546, #7302, #2516, #4381, #3146, #6246, #2084, #1927, #3866, #4345, #4935, #7384, #764, #1489, #6208 ),
 .UNSPECIFIED., .F., .F.,
 ( 4, 1, 1, 1, 1, 1, 1, 1, 1, 1, 1, 1, 1, 1, 1, 1, 4 ),
 ( 0.000000000000000000, 0.07061958908030542548, 0.1385768908401558697, 0.2060734598181213906, 0.2744631881640022808, 0.3426003686445658336, 0.4107400792371033171, 0.4801183847928305326, 0.5526004757567168912, 0.5917843457786856609, 0.6356630389305280016, 0.6835687881021350609, 0.7369646345616784888, 0.7948709303760277400, 0.8584208566785909156, 0.9265985076834626355, 1.000000000000000000 ),
 .UNSPECIFIED. ) ;
#3810 = EDGE_CURVE ( 'NONE', #1583, #2619, #5161, .T. ) ;
#3811 = ORIENTED_EDGE ( 'NONE', *, *, #98, .F. ) ;
#3812 = CARTESIAN_POINT ( 'NONE',  ( 0.09348104514806306053, 0.05508757223430543054, 0.1877055431802803209 ) ) ;
#3813 = LINE ( 'NONE', #6196, #7285 ) ;
#3814 = CARTESIAN_POINT ( 'NONE',  ( 0.2475868783907836101, 0.1542048047760349039, 0.2270756231802802949 ) ) ;
#3815 = ORIENTED_EDGE ( 'NONE', *, *, #3072, .T. ) ;
#3816 = PLANE ( 'NONE',  #7743 ) ;
#3817 = CARTESIAN_POINT ( 'NONE',  ( 0.2388858798743354883, 0.1264391226870164586, 0.2270756231802804059 ) ) ;
#3818 = VERTEX_POINT ( 'NONE', #3042 ) ;
#3819 = CARTESIAN_POINT ( 'NONE',  ( -0.03882968303957561040, 0.07631248986405900214, 0.2270756231802802949 ) ) ;
#3820 = CARTESIAN_POINT ( 'NONE',  ( -0.04526924552104932831, 0.07698584946338497825, 0.1877055431802803487 ) ) ;
#3821 = CARTESIAN_POINT ( 'NONE',  ( -0.4251093818824179804, 0.08629280190399002404, 0.1877055431802802654 ) ) ;
#3822 = VECTOR ( 'NONE', #5495, 39.37007874015748854 ) ;
#3823 = CARTESIAN_POINT ( 'NONE',  ( -0.4496890477531413355, 0.1676881295743993250, 0.1877055431802803209 ) ) ;
#3824 = FACE_OUTER_BOUND ( 'NONE', #6886, .T. ) ;
#3825 = DIRECTION ( 'NONE',  ( 0.000000000000000000, 1.000000000000000000, 0.000000000000000000 ) ) ;
#3826 = CARTESIAN_POINT ( 'NONE',  ( -0.3623420577576794699, 0.1173761928999585563, 0.1877055431802802654 ) ) ;
#3827 = CARTESIAN_POINT ( 'NONE',  ( 0.1541572036264606538, 0.1573994665691200445, 0.1877055431802803487 ) ) ;
#3828 = LINE ( 'NONE', #5801, #758 ) ;
#3829 = CARTESIAN_POINT ( 'NONE',  ( -0.3981535318754050867, 0.1676639657016522067, 0.1877055431802803487 ) ) ;
#3830 = EDGE_LOOP ( 'NONE', ( #4760, #2473, #6024, #2259 ) ) ;
#3831 = CARTESIAN_POINT ( 'NONE',  ( -0.1318279501222769934, 0.1368065115488129313, 0.2270756231802803504 ) ) ;
#3832 = CARTESIAN_POINT ( 'NONE',  ( -0.3991748916257754631, 0.1954130865284157692, 0.1877055431802802654 ) ) ;
#3833 = FACE_OUTER_BOUND ( 'NONE', #7550, .T. ) ;
#3834 = CARTESIAN_POINT ( 'NONE',  ( -0.2724957777981324436, 0.05703069578812471757, 0.1877055431802803209 ) ) ;
#3835 = EDGE_LOOP ( 'NONE', ( #4129, #7589, #4635, #1155 ) ) ;
#3836 = CARTESIAN_POINT ( 'NONE',  ( -0.04059675501143053533, 0.1203720563224143086, 0.2270756231802803782 ) ) ;
#3837 = CARTESIAN_POINT ( 'NONE',  ( -0.2721910901938922045, 0.1239760281754862942, 0.2270756231802802949 ) ) ;
#3838 = VECTOR ( 'NONE', #3746, 39.37007874015748143 ) ;
#3839 = CARTESIAN_POINT ( 'NONE',  ( 0.1137884598763712618, 0.1410137884066510472, 0.1877055431802803209 ) ) ;
#3840 = EDGE_LOOP ( 'NONE', ( #1165, #2113, #3911, #7377 ) ) ;
#3841 = ADVANCED_FACE ( 'NONE', ( #2339 ), #1551, .T. ) ;
#3842 = CARTESIAN_POINT ( 'NONE',  ( -0.2274202732967562368, 0.05700635576611834399, 0.1877055431802804042 ) ) ;
#3843 = ORIENTED_EDGE ( 'NONE', *, *, #5751, .T. ) ;
#3844 = SPHERICAL_SURFACE ( 'NONE', #4173, 0.02000000000000000042 ) ;
#3845 = AXIS2_PLACEMENT_3D ( 'NONE', #6761, #3771, #7444 ) ;
#3846 = CARTESIAN_POINT ( 'NONE',  ( -0.3896097548068300220, 0.09658589484604272746, 0.2270756231802802949 ) ) ;
#3847 = VECTOR ( 'NONE', #3626, 39.37007874015748143 ) ;
#3848 = LINE ( 'NONE', #6272, #4318 ) ;
#3849 = EDGE_CURVE ( 'NONE', #2587, #2314, #7797, .T. ) ;
#3850 = CARTESIAN_POINT ( 'NONE',  ( -0.4544404518874348153, 0.1479768008205194219, 0.1877055431802803764 ) ) ;
#3851 = CIRCLE ( 'NONE', #7679, 0.01999999999999997960 ) ;
#3852 = EDGE_LOOP ( 'NONE', ( #1739, #689, #3740, #6553 ) ) ;
#3853 = PLANE ( 'NONE',  #6771 ) ;
#3854 = CARTESIAN_POINT ( 'NONE',  ( 0.07526291976950461038, 0.1345848466134695609, 0.2270756231802802949 ) ) ;
#3855 = CARTESIAN_POINT ( 'NONE',  ( -0.2799871972093601058, 0.06283736900783651325, 0.2270756231802803504 ) ) ;
#3856 = ORIENTED_EDGE ( 'NONE', *, *, #1372, .T. ) ;
#3857 = VECTOR ( 'NONE', #7682, 39.37007874015748143 ) ;
#3858 = CARTESIAN_POINT ( 'NONE',  ( 0.3212076123800438054, 0.1345848466134695887, 0.1877055431802803487 ) ) ;
#3859 = CARTESIAN_POINT ( 'NONE',  ( 0.2330418456680372896, 0.1005779424458190102, 0.2270756231802803782 ) ) ;
#3860 = ADVANCED_FACE ( 'NONE', ( #1943 ), #6751, .T. ) ;
#3861 = ORIENTED_EDGE ( 'NONE', *, *, #4303, .T. ) ;
#3862 = CARTESIAN_POINT ( 'NONE',  ( 0.07152774484834745206, 0.1556904053540596189, 0.1877055431802803209 ) ) ;
#3863 = CARTESIAN_POINT ( 'NONE',  ( -0.2824597513460468390, 0.1820782355482234716, 0.1877055431802803487 ) ) ;
#3864 = CARTESIAN_POINT ( 'NONE',  ( -0.4308740125669482390, 0.1104501117364100199, 0.1877055431802803209 ) ) ;
#3865 = CARTESIAN_POINT ( 'NONE',  ( -0.4552873311620927455, 0.1401030605031330645, 0.2270756231802802116 ) ) ;
#3866 = CARTESIAN_POINT ( 'NONE',  ( 0.1191990628910641753, 0.1147944594768764981, 0.2270756231802802672 ) ) ;
#3867 = CARTESIAN_POINT ( 'NONE',  ( 0.3089933926363369610, 0.1309813300517349011, 0.2270756231802802949 ) ) ;
#3868 = CARTESIAN_POINT ( 'NONE',  ( -0.4088147541150096154, 0.05155436003967591579, 0.1877055431802803209 ) ) ;
#3869 = CARTESIAN_POINT ( 'NONE',  ( -0.4081499995407331660, 0.07630976186235564895, 0.2270756231802803504 ) ) ;
#3870 = CARTESIAN_POINT ( 'NONE',  ( -0.4089251669960918822, 0.1716835746570795351, 0.1877055431802803487 ) ) ;
#3871 = ORIENTED_EDGE ( 'NONE', *, *, #3460, .T. ) ;
#3872 = CARTESIAN_POINT ( 'NONE',  ( 0.6637217283835672443, 0.01999999999999999001, 0.08959530821986563809 ) ) ;
#3873 = CARTESIAN_POINT ( 'NONE',  ( -0.4095324378420436839, 0.1964160600194861384, 0.1877055431802803209 ) ) ;
#3874 = FACE_OUTER_BOUND ( 'NONE', #7484, .T. ) ;
#3875 = CARTESIAN_POINT ( 'NONE',  ( -0.2776258857339357622, 0.06066711964617892833, 0.1877055431802803209 ) ) ;
#3876 = ORIENTED_EDGE ( 'NONE', *, *, #3108, .F. ) ;
#3877 = CARTESIAN_POINT ( 'NONE',  ( -0.2313675043450748314, 0.1550520783006191783, 0.2270756231802802949 ) ) ;
#3878 = EDGE_CURVE ( 'NONE', #6948, #3097, #165, .T. ) ;
#3879 = CARTESIAN_POINT ( 'NONE',  ( 0.1185336859119783121, 0.1096012986368785080, 0.1877055431802802654 ) ) ;
#3880 = CARTESIAN_POINT ( 'NONE',  ( -0.1285101265212551525, 0.1450601787554674782, 0.2270756231802802672 ) ) ;
#3881 = ORIENTED_EDGE ( 'NONE', *, *, #4631, .T. ) ;
#3882 = CARTESIAN_POINT ( 'NONE',  ( -0.2076928889397027800, 0.08526648473679680762, 0.1877055431802803209 ) ) ;
#3883 = ORIENTED_EDGE ( 'NONE', *, *, #3664, .F. ) ;
#3884 = CARTESIAN_POINT ( 'NONE',  ( 0.9279426847140814782, 0.5799999999999999600, -0.1978062665826999800 ) ) ;
#3885 = CARTESIAN_POINT ( 'NONE',  ( 0.05384220956523508295, 0.1143143531211425201, 0.2270756231802802949 ) ) ;
#3886 = CARTESIAN_POINT ( 'NONE',  ( -0.03291032528041618055, 0.1196328100508765729, 0.2270756231802802949 ) ) ;
#3887 = CARTESIAN_POINT ( 'NONE',  ( 0.3212076123800438054, 0.1345848466134695887, 0.2270756231802803504 ) ) ;
#3888 = EDGE_CURVE ( 'NONE', #5342, #784, #1854, .T. ) ;
#3889 = CARTESIAN_POINT ( 'NONE',  ( 0.3240268557894206425, 0.1574036748098806837, 0.2270756231802802949 ) ) ;
#3890 = B_SPLINE_SURFACE_WITH_KNOTS ( 'NONE', 3, 1, ( 
 ( #7094, #4065 ),
 ( #5331, #5891 ),
 ( #1646, #4103 ),
 ( #435, #7173 ),
 ( #513, #5850 ),
 ( #2320, #4621 ),
 ( #3537, #7739 ),
 ( #4657, #1607 ),
 ( #2869, #4024 ),
 ( #389, #5968 ),
 ( #6449, #7659 ),
 ( #1001, #4735 ),
 ( #4180, #471 ),
 ( #1725, #4140 ),
 ( #6605, #6566 ),
 ( #2241, #6529 ),
 ( #1084, #2283 ),
 ( #2945, #4698 ),
 ( #7697, #3500 ) ),
 .UNSPECIFIED., .F., .F., .F.,
 ( 4, 1, 1, 1, 1, 1, 1, 1, 1, 1, 1, 1, 1, 1, 1, 1, 4 ),
 ( 2, 2 ),
 ( 0.000000000000000000, 0.06340052940042834040, 0.1249764099331407696, 0.1844921876584958986, 0.2434736282965417054, 0.3022637321141444788, 0.3613835718304162503, 0.4214817654110648015, 0.4834545367577933739, 0.5459360688045384880, 0.6081426980855854092, 0.6698202920949499761, 0.7323322942692659376, 0.7960922343214104080, 0.8616426668792320775, 0.9294352318828827952, 1.000000000000000000 ),
 ( 0.000000000000000000, 1.000000000000000000 ),
 .UNSPECIFIED. ) ;
#3891 = EDGE_LOOP ( 'NONE', ( #3637, #1639, #3656 ) ) ;
#3892 = CARTESIAN_POINT ( 'NONE',  ( -0.4311856389522204513, 0.1239760281754862942, 0.1877055431802803209 ) ) ;
#3893 = DIRECTION ( 'NONE',  ( -0.3090169943757437032, 0.000000000000000000, 0.9510565162948948492 ) ) ;
#3894 = CARTESIAN_POINT ( 'NONE',  ( -0.4097278810538023119, 0.07632033556876727243, 0.1877055431802802654 ) ) ;
#3895 = ORIENTED_EDGE ( 'NONE', *, *, #5437, .T. ) ;
#3896 = CARTESIAN_POINT ( 'NONE',  ( 0.3147576199445136780, 0.1337531185352375807, 0.1877055431802803209 ) ) ;
#3897 = CARTESIAN_POINT ( 'NONE',  ( 0.2543939916524171618, 0.1345487750351061773, 0.2270756231802802949 ) ) ;
#3898 = VECTOR ( 'NONE', #1942, 39.37007874015748143 ) ;
#3899 = ORIENTED_EDGE ( 'NONE', *, *, #5948, .F. ) ;
#3900 = DIRECTION ( 'NONE',  ( -0.3120445760271339242, -1.622149931392516552E-15, 0.9500674621162680245 ) ) ;
#3901 = CARTESIAN_POINT ( 'NONE',  ( -0.3189615606608379172, 0.07905651595615444116, 0.1877055431802803209 ) ) ;
#3902 = AXIS2_PLACEMENT_3D ( 'NONE', #2470, #4299, #5475 ) ;
#3903 = LINE ( 'NONE', #3984, #2257 ) ;
#3904 = CARTESIAN_POINT ( 'NONE',  ( -0.4496890477531413355, 0.1676881295743993250, 0.2270756231802802949 ) ) ;
#3905 = DIRECTION ( 'NONE',  ( -1.149629425163053468E-16, 0.000000000000000000, 1.000000000000000000 ) ) ;
#3906 = CARTESIAN_POINT ( 'NONE',  ( -0.2348316567497764906, 0.08575474995487882002, 0.2270756231802802949 ) ) ;
#3907 = DIRECTION ( 'NONE',  ( 0.000000000000000000, -1.000000000000000000, 0.000000000000000000 ) ) ;
#3908 = B_SPLINE_CURVE_WITH_KNOTS ( 'NONE', 3,
 ( #1852, #4980, #767, #6699, #3784, #1891, #601, #7421, #4349, #6741, #3711, #4275, #112, #2559, #4384, #5614, #6658, #6055, #3031 ),
 .UNSPECIFIED., .F., .F.,
 ( 4, 1, 1, 1, 1, 1, 1, 1, 1, 1, 1, 1, 1, 1, 1, 1, 4 ),
 ( 0.000000000000000000, 0.1043212003319297643, 0.2002351177995658205, 0.2872866360596424973, 0.3662604197152598551, 0.4376827211855112143, 0.5011798321686558033, 0.5580212203309157237, 0.6084121485345170832, 0.6557430552930170187, 0.7019436693135175931, 0.7482150555409745607, 0.7942519338520296346, 0.8425045303297394872, 0.8922367909940878139, 0.9446164986685385845, 1.000000000000000000 ),
 .UNSPECIFIED. ) ;
#3909 = CARTESIAN_POINT ( 'NONE',  ( -0.06737957185187622156, 0.05911111712874865531, 0.2270756231802804059 ) ) ;
#3910 = EDGE_CURVE ( 'NONE', #4988, #7230, #3243, .T. ) ;
#3911 = ORIENTED_EDGE ( 'NONE', *, *, #3469, .T. ) ;
#3912 = CARTESIAN_POINT ( 'NONE',  ( -0.4455362941634450902, 0.1761562561201592547, 0.2270756231802803504 ) ) ;
#3913 = EDGE_CURVE ( 'NONE', #1222, #4845, #4439, .T. ) ;
#3914 = CARTESIAN_POINT ( 'NONE',  ( -0.4261533736314790932, 0.1596440259293350206, 0.1877055431802803209 ) ) ;
#3915 = CARTESIAN_POINT ( 'NONE',  ( -0.02730854026858038283, 0.05343678319887784633, 0.2270756231802802672 ) ) ;
#3916 = CARTESIAN_POINT ( 'NONE',  ( -0.2925632063575947517, 0.08467664980136548059, 0.1877055431802803209 ) ) ;
#3917 = ORIENTED_EDGE ( 'NONE', *, *, #6729, .F. ) ;
#3918 = CARTESIAN_POINT ( 'NONE',  ( 0.2939822818024767637, 0.1410137884066511027, 0.2270756231802803504 ) ) ;
#3919 = PLANE ( 'NONE',  #2623 ) ;
#3920 = CIRCLE ( 'NONE', #4300, 0.01999999999999999001 ) ;
#3921 = CARTESIAN_POINT ( 'NONE',  ( -0.2559324281055025407, 0.1962364953311521998, 0.1877055431802802654 ) ) ;
#3922 = VERTEX_POINT ( 'NONE', #5540 ) ;
#3923 = CIRCLE ( 'NONE', #4043, 0.01999999999999999001 ) ;
#3924 = CARTESIAN_POINT ( 'NONE',  ( -0.1227574078834096083, 0.1911716900992753432, 0.2270756231802803504 ) ) ;
#3925 = ORIENTED_EDGE ( 'NONE', *, *, #7794, .T. ) ;
#3926 = APPROVAL_PERSON_ORGANIZATION ( #3170, #6135, #5590 ) ;
#3927 = CARTESIAN_POINT ( 'NONE',  ( 0.1182135305104696776, 0.05508757223430543054, 0.1877055431802803209 ) ) ;
#3928 = CARTESIAN_POINT ( 'NONE',  ( -0.7979862561071006111, 0.5799999999999999600, -0.06651786402956820499 ) ) ;
#3929 = CARTESIAN_POINT ( 'NONE',  ( -0.03951127011541345074, 0.07628684540208252596, 0.1877055431802803209 ) ) ;
#3930 = CARTESIAN_POINT ( 'NONE',  ( 0.09128690567337843786, 0.1231556170097661551, 0.1877055431802802654 ) ) ;
#3931 = CARTESIAN_POINT ( 'NONE',  ( 0.3097164450731819674, 0.1530595368310478932, 0.2270756231802802394 ) ) ;
#3932 = ORIENTED_EDGE ( 'NONE', *, *, #3595, .F. ) ;
#3933 = AXIS2_PLACEMENT_3D ( 'NONE', #4884, #542, #7845 ) ;
#3934 = CARTESIAN_POINT ( 'NONE',  ( -0.3156228264399692507, 0.07420273433367358118, 0.2270756231802802949 ) ) ;
#3935 = CARTESIAN_POINT ( 'NONE',  ( 0.1835779561111157976, 0.05508757223430543054, 0.2270756231802802949 ) ) ;
#3936 = CARTESIAN_POINT ( 'NONE',  ( -0.2955265724014966566, 0.09867708236101875585, 0.2270756231802803504 ) ) ;
#3937 = ORIENTED_EDGE ( 'NONE', *, *, #4159, .F. ) ;
#3938 = CARTESIAN_POINT ( 'NONE',  ( 0.2388858798743354883, 0.1264391226870164586, 0.2270756231802803782 ) ) ;
#3939 = DIRECTION ( 'NONE',  ( -0.3120445760271238211, 0.000000000000000000, -0.9500674621162713551 ) ) ;
#3940 = ORIENTED_EDGE ( 'NONE', *, *, #1481, .F. ) ;
#3941 = CARTESIAN_POINT ( 'NONE',  ( -0.08671277677804216377, 0.08865308808328585533, 0.1877055431802803209 ) ) ;
#3942 = ADVANCED_FACE ( 'NONE', ( #3725 ), #5789, .T. ) ;
#3943 = ORIENTED_EDGE ( 'NONE', *, *, #6147, .F. ) ;
#3944 = CARTESIAN_POINT ( 'NONE',  ( -0.3212534869478648192, 0.08094136243757026061, 0.1877055431802802377 ) ) ;
#3945 = CARTESIAN_POINT ( 'NONE',  ( -0.1600326549389189945, 0.1633045394404971373, 0.2270756231802803504 ) ) ;
#3946 = CARTESIAN_POINT ( 'NONE',  ( -0.3870358133215511254, 0.1239300035890399387, 0.1877055431802803209 ) ) ;
#3947 = CYLINDRICAL_SURFACE ( 'NONE', #6714, 0.02000000000000001776 ) ;
#3948 = FACE_OUTER_BOUND ( 'NONE', #5326, .T. ) ;
#3949 = CARTESIAN_POINT ( 'NONE',  ( 0.2736748670741685485, 0.1033656044874853297, 0.1877055431802803209 ) ) ;
#3950 = FACE_OUTER_BOUND ( 'NONE', #6215, .T. ) ;
#3951 = ADVANCED_FACE ( 'NONE', ( #7474 ), #455, .T. ) ;
#3952 = VERTEX_POINT ( 'NONE', #5742 ) ;
#3953 = CARTESIAN_POINT ( 'NONE',  ( -0.2751416144506559358, 0.05872463622662364019, 0.2270756231802802949 ) ) ;
#3954 = DIRECTION ( 'NONE',  ( 1.000000000000000000, 0.000000000000000000, 0.000000000000000000 ) ) ;
#3955 = CARTESIAN_POINT ( 'NONE',  ( 0.05284910490982360626, 0.09941834398879766110, 0.1877055431802803209 ) ) ;
#3956 = CARTESIAN_POINT ( 'NONE',  ( -0.02955143931041341598, 0.1180628407279488978, 0.2270756231802802949 ) ) ;
#3957 = DIRECTION ( 'NONE',  ( -0.000000000000000000, -0.000000000000000000, 1.000000000000000000 ) ) ;
#3958 = CARTESIAN_POINT ( 'NONE',  ( -0.2510128562342425207, 0.1716322787276937933, 0.2270756231802803504 ) ) ;
#3959 = CARTESIAN_POINT ( 'NONE',  ( -0.1273447170162817776, 0.1533550363974388875, 0.1877055431802803209 ) ) ;
#3960 = B_SPLINE_SURFACE_WITH_KNOTS ( 'NONE', 3, 1, ( 
 ( #4857, #1846 ),
 ( #7821, #1693 ),
 ( #3669, #1089 ),
 ( #4778, #1731 ),
 ( #4231, #4110 ),
 ( #3587, #6008 ),
 ( #7219, #3025 ),
 ( #2950, #595 ),
 ( #1126, #7300 ),
 ( #6653, #4147 ),
 ( #6571, #1204 ),
 ( #3543, #2399 ),
 ( #5973, #633 ),
 ( #3627, #518 ),
 ( #2359, #4269 ),
 ( #7259, #6047 ),
 ( #5482, #1768 ),
 ( #6535, #4703 ),
 ( #4187, #7139 ) ),
 .UNSPECIFIED., .F., .F., .F.,
 ( 4, 1, 1, 1, 1, 1, 1, 1, 1, 1, 1, 1, 1, 1, 1, 1, 4 ),
 ( 2, 2 ),
 ( 0.000000000000000000, 0.08262448802834902739, 0.1609035096889219474, 0.2369858734405623224, 0.3117293825942817342, 0.3843065689375972926, 0.4539081745805043089, 0.5215461238351107864, 0.5892318135186285222, 0.6252927058056745313, 0.6651281288184925922, 0.7096317992610260417, 0.7583679804267096092, 0.8116041424391526871, 0.8697632805123174382, 0.9325424043570746946, 0.9999999999999998890 ),
 ( 0.000000000000000000, 1.000000000000000000 ),
 .UNSPECIFIED. ) ;
#3961 = ORIENTED_EDGE ( 'NONE', *, *, #2635, .T. ) ;
#3962 = ADVANCED_FACE ( 'NONE', ( #2804 ), #2255, .T. ) ;
#3963 = ORIENTED_EDGE ( 'NONE', *, *, #5253, .F. ) ;
#3964 = CARTESIAN_POINT ( 'NONE',  ( 0.3343510255525660169, 0.1573994665691200445, 0.1877055431802803487 ) ) ;
#3965 = EDGE_CURVE ( 'NONE', #5760, #7690, #6471, .T. ) ;
#3966 = DIRECTION ( 'NONE',  ( -0.000000000000000000, -0.000000000000000000, 1.000000000000000000 ) ) ;
#3967 = CARTESIAN_POINT ( 'NONE',  ( 0.05300933280244871787, 0.1060534965843292071, 0.1877055431802803487 ) ) ;
#3968 = COORDINATED_UNIVERSAL_TIME_OFFSET ( 5, 0, .BEHIND. ) ;
#3969 = DIRECTION ( 'NONE',  ( -0.3120445760271389757, 0.000000000000000000, 0.9500674621162663591 ) ) ;
#3970 = ADVANCED_FACE ( 'NONE', ( #6462 ), #3996, .T. ) ;
#3971 = CARTESIAN_POINT ( 'NONE',  ( -0.2491554507824048081, 0.07630976186235563508, 0.2270756231802802672 ) ) ;
#3972 = ORIENTED_EDGE ( 'NONE', *, *, #4427, .T. ) ;
#3973 = CARTESIAN_POINT ( 'NONE',  ( -0.03551284735904771533, 0.07662987020876313449, 0.1877055431802803209 ) ) ;
#3974 = CARTESIAN_POINT ( 'NONE',  ( 0.2958334899553221042, 0.1410176109679389389, 0.1877055431802803209 ) ) ;
#3975 = CARTESIAN_POINT ( 'NONE',  ( -0.4308740125669482390, 0.1104501117364100199, 0.2270756231802802949 ) ) ;
#3976 = EDGE_LOOP ( 'NONE', ( #7509, #1342, #477, #297 ) ) ;
#3977 = CARTESIAN_POINT ( 'NONE',  ( -0.2713716361470753236, 0.1051849547086360359, 0.1877055431802803487 ) ) ;
#3978 = CARTESIAN_POINT ( 'NONE',  ( -0.04514232705060423900, 0.1438595286243720406, 0.2270756231802802949 ) ) ;
#3979 = CARTESIAN_POINT ( 'NONE',  ( -0.1183079442219282240, 0.1126614906851347020, 0.1877055431802803209 ) ) ;
#3980 = EDGE_LOOP ( 'NONE', ( #1659, #2608, #1950, #5380, #5916 ) ) ;
#3981 = CARTESIAN_POINT ( 'NONE',  ( 0.02811661954741698222, 0.05508757223430543054, 0.1877055431802803209 ) ) ;
#3982 = VERTEX_POINT ( 'NONE', #6419 ) ;
#3983 = CARTESIAN_POINT ( 'NONE',  ( -0.1598674246082739947, 0.1634903506973723886, 0.1877055431802803209 ) ) ;
#3984 = CARTESIAN_POINT ( 'NONE',  ( -0.7984020917776485371, 0.5999999999999999778, -0.06523805343215297037 ) ) ;
#3985 = FACE_OUTER_BOUND ( 'NONE', #2674, .T. ) ;
#3986 = CARTESIAN_POINT ( 'NONE',  ( -0.1880302006106504553, 0.1577874236224421634, 0.1877055431802802377 ) ) ;
#3987 = CARTESIAN_POINT ( 'NONE',  ( 0.1835685243185114779, 0.1151063910882870051, 0.1877055431802802654 ) ) ;
#3988 = CARTESIAN_POINT ( 'NONE',  ( -0.07054727920656675422, 0.06141691812481056556, 0.2270756231802802672 ) ) ;
#3989 = ORIENTED_EDGE ( 'NONE', *, *, #4459, .F. ) ;
#3990 = CYLINDRICAL_SURFACE ( 'NONE', #3462, 0.02000000000000003164 ) ;
#3991 = CARTESIAN_POINT ( 'NONE',  ( -0.4311559399792444514, 0.1271139794595063932, 0.2270756231802803782 ) ) ;
#3992 = CARTESIAN_POINT ( 'NONE',  ( 0.06902944298311999849, 0.1337100102930794399, 0.1877055431802801266 ) ) ;
#3993 = CARTESIAN_POINT ( 'NONE',  ( -0.4366204344922640090, 0.06066711964617890057, 0.2270756231802802949 ) ) ;
#3994 = CARTESIAN_POINT ( 'NONE',  ( -0.2391589831170769231, 0.1676639657016522345, 0.2270756231802803782 ) ) ;
#3995 = CARTESIAN_POINT ( 'NONE',  ( -0.2591164872105513606, 0.1693594917623948704, 0.2270756231802802394 ) ) ;
#3996 = CYLINDRICAL_SURFACE ( 'NONE', #2538, 0.02000000000000000389 ) ;
#3997 = VERTEX_POINT ( 'NONE', #6908 ) ;
#3998 = ORIENTED_EDGE ( 'NONE', *, *, #4214, .T. ) ;
#3999 = CARTESIAN_POINT ( 'NONE',  ( 0.3291297365976896261, 0.1575507258785614484, 0.1877055431802803209 ) ) ;
#4000 = LOCAL_TIME ( 12, 3, 37.00000000000000000, #6548 ) ;
#4001 = DIRECTION ( 'NONE',  ( -0.000000000000000000, 0.000000000000000000, -1.000000000000000000 ) ) ;
#4002 = CARTESIAN_POINT ( 'NONE',  ( -0.1927091426169278421, 0.05508757223430543054, 0.1877055431802803209 ) ) ;
#4003 = EDGE_CURVE ( 'NONE', #6542, #7217, #3280, .T. ) ;
#4004 = CALENDAR_DATE ( 2026, 10, 6 ) ;
#4005 = CARTESIAN_POINT ( 'NONE',  ( 0.08893834584932630571, 0.1279598359600032376, 0.1877055431802803209 ) ) ;
#4006 = EDGE_CURVE ( 'NONE', #5394, #7522, #5105, .T. ) ;
#4007 = CARTESIAN_POINT ( 'NONE',  ( -0.1472190356110728016, 0.07805345149939728333, 0.2270756231802802949 ) ) ;
#4008 = CARTESIAN_POINT ( 'NONE',  ( -0.1300862637929051657, 0.1638139701241914103, 0.1877055431802802654 ) ) ;
#4009 = CYLINDRICAL_SURFACE ( 'NONE', #2183, 0.02000000000000002817 ) ;
#4010 = CARTESIAN_POINT ( 'NONE',  ( -0.4251093818824179804, 0.08629280190399002404, 0.2270756231802802672 ) ) ;
#4011 = ORIENTED_EDGE ( 'NONE', *, *, #745, .T. ) ;
#4012 = CARTESIAN_POINT ( 'NONE',  ( -0.02013436944860653999, 0.1420556185930608728, 0.2270756231802802672 ) ) ;
#4013 = CARTESIAN_POINT ( 'NONE',  ( 0.3011724267051345549, 0.1213151523856658420, 0.1877055431802803209 ) ) ;
#4014 = CARTESIAN_POINT ( 'NONE',  ( -0.2033087792008162475, 0.1239300035890399387, 0.1877055431802803209 ) ) ;
#4015 = CARTESIAN_POINT ( 'NONE',  ( 0.2736748670741685485, 0.1033656044874853297, 0.2270756231802802949 ) ) ;
#4016 = ORIENTED_EDGE ( 'NONE', *, *, #7705, .F. ) ;
#4017 = CARTESIAN_POINT ( 'NONE',  ( -0.3266515648028209262, 0.05347452576505899724, 0.1877055431802804042 ) ) ;
#4018 = ORIENTED_EDGE ( 'NONE', *, *, #6969, .F. ) ;
#4019 = DIRECTION ( 'NONE',  ( -0.000000000000000000, -0.000000000000000000, 1.000000000000000000 ) ) ;
#4020 = CARTESIAN_POINT ( 'NONE',  ( -0.1644434450598916964, 0.1469510892946729042, 0.2270756231802802949 ) ) ;
#4021 = CARTESIAN_POINT ( 'NONE',  ( -0.2969389023584984577, 0.1226326522363244131, 0.1877055431802803209 ) ) ;
#4022 = CARTESIAN_POINT ( 'NONE',  ( 0.1489359146715841520, 0.1575507258785614484, 0.2270756231802802949 ) ) ;
#4023 = B_SPLINE_SURFACE_WITH_KNOTS ( 'NONE', 3, 1, ( 
 ( #5625, #3794 ),
 ( #4873, #2569 ),
 ( #6062, #1861 ),
 ( #609, #1382 ),
 ( #6221, #3119 ),
 ( #5580, #1819 ),
 ( #4282, #1301 ),
 ( #1219, #1941 ),
 ( #5499, #4989 ),
 ( #4359, #4324 ),
 ( #6787, #6144 ),
 ( #1343, #3040 ),
 ( #3683, #5459 ),
 ( #6100, #4248 ),
 ( #84, #2530 ),
 ( #3078, #45 ),
 ( #4950, #2492 ),
 ( #3757, #4908 ),
 ( #7432, #7397 ) ),
 .UNSPECIFIED., .F., .F., .F.,
 ( 4, 1, 1, 1, 1, 1, 1, 1, 1, 1, 1, 1, 1, 1, 1, 1, 4 ),
 ( 2, 2 ),
 ( 0.000000000000000000, 0.07853045759749699428, 0.1510671628769044705, 0.2183054637753022442, 0.2802866665778167010, 0.3370635526514699776, 0.3881523464865521134, 0.4342343330671824542, 0.4749941157865084640, 0.5490306370642878964, 0.6172961961720991875, 0.6816626372954089907, 0.7435420049347599702, 0.8043195746589858475, 0.8670125846987265517, 0.9313790258220363549, 1.000000000000000000 ),
 ( 0.000000000000000000, 1.000000000000000000 ),
 .UNSPECIFIED. ) ;
#4024 = CARTESIAN_POINT ( 'NONE',  ( -0.009727215283376939095, 0.1353856014405740993, 0.2270756231802804059 ) ) ;
#4025 = CARTESIAN_POINT ( 'NONE',  ( -0.1420161284721263573, 0.1963553482031242248, 0.1877055431802803209 ) ) ;
#4026 = VECTOR ( 'NONE', #6183, 39.37007874015747433 ) ;
#4027 = CARTESIAN_POINT ( 'NONE',  ( 0.3384352130535007164, 0.1167065637596283456, 0.2270756231802802116 ) ) ;
#4028 = ORIENTED_EDGE ( 'NONE', *, *, #7028, .T. ) ;
#4029 = CARTESIAN_POINT ( 'NONE',  ( -0.2510537452364254296, 0.05157562912308819719, 0.2270756231802802949 ) ) ;
#4030 = CARTESIAN_POINT ( 'NONE',  ( 0.2560270949816773611, 0.1567790315492731124, 0.2270756231802803504 ) ) ;
#4031 = CARTESIAN_POINT ( 'NONE',  ( 0.05300933280244871787, 0.1060534965843292071, 0.1877055431802803487 ) ) ;
#4032 = CYLINDRICAL_SURFACE ( 'NONE', #6620, 0.01999999999999996225 ) ;
#4033 = CARTESIAN_POINT ( 'NONE',  ( -0.2475812588645307788, 0.1715876375599909576, 0.2270756231802802949 ) ) ;
#4034 = FACE_OUTER_BOUND ( 'NONE', #1506, .T. ) ;
#4035 = CARTESIAN_POINT ( 'NONE',  ( 0.6785924831695953063, 0.5999999999999999778, -0.2204880634973469533 ) ) ;
#4036 = CARTESIAN_POINT ( 'NONE',  ( -0.2705896730861199750, 0.1918203824745193242, 0.2270756231802802672 ) ) ;
#4037 = EDGE_LOOP ( 'NONE', ( #509, #5063, #4644, #1459 ) ) ;
#4038 = ORIENTED_EDGE ( 'NONE', *, *, #1397, .F. ) ;
#4039 = CARTESIAN_POINT ( 'NONE',  ( -0.4113574698810303354, 0.1963553113052852461, 0.2270756231802802672 ) ) ;
#4040 = CARTESIAN_POINT ( 'NONE',  ( 0.1451550065331297934, 0.1342334086874206189, 0.1877055431802803209 ) ) ;
#4041 = CARTESIAN_POINT ( 'NONE',  ( 0.06609811867750484127, 0.1325572742355684841, 0.1877055431802803764 ) ) ;
#4042 = CARTESIAN_POINT ( 'NONE',  ( -0.4377965394826485723, 0.1859040987637403108, 0.2270756231802802949 ) ) ;
#4043 = AXIS2_PLACEMENT_3D ( 'NONE', #4995, #1391, #3802 ) ;
#4044 = CARTESIAN_POINT ( 'NONE',  ( 0.3373637976141005135, 0.1224609800327510212, 0.2270756231802802672 ) ) ;
#4045 = CARTESIAN_POINT ( 'NONE',  ( -0.06405126866297237986, 0.05708010435297108248, 0.2270756231802803504 ) ) ;
#4046 = EDGE_CURVE ( 'NONE', #3583, #3348, #7671, .T. ) ;
#4047 = CIRCLE ( 'NONE', #7367, 0.01999999999999999001 ) ;
#4048 = FACE_OUTER_BOUND ( 'NONE', #4518, .T. ) ;
#4049 = CARTESIAN_POINT ( 'NONE',  ( -0.2505378890837154926, 0.1964160600194861384, 0.2270756231802802949 ) ) ;
#4050 = ADVANCED_FACE ( 'NONE', ( #7549 ), #2096, .T. ) ;
#4051 = VERTEX_POINT ( 'NONE', #564 ) ;
#4052 = CARTESIAN_POINT ( 'NONE',  ( -0.3749359705302107160, 0.06792182635784672906, 0.1877055431802803764 ) ) ;
#4053 = CARTESIAN_POINT ( 'NONE',  ( 0.2984062485736394543, 0.1012036206847684999, 0.1877055431802802377 ) ) ;
#4054 = CARTESIAN_POINT ( 'NONE',  ( -0.03728532286187875161, 0.1451675349378337976, 0.1877055431802802654 ) ) ;
#4055 = DIRECTION ( 'NONE',  ( 0.000000000000000000, 0.000000000000000000, -1.000000000000000000 ) ) ;
#4056 = ADVANCED_FACE ( 'NONE', ( #6541 ), #5302, .T. ) ;
#4057 = AXIS2_PLACEMENT_3D ( 'NONE', #4709, #406, #7867 ) ;
#4058 = ORIENTED_EDGE ( 'NONE', *, *, #5948, .T. ) ;
#4059 = CARTESIAN_POINT ( 'NONE',  ( 0.3390392926748146407, 0.05508757223430543054, 0.1877055431802803209 ) ) ;
#4060 = EDGE_LOOP ( 'NONE', ( #4469, #6579, #25, #7406 ) ) ;
#4061 = PLANE ( 'NONE',  #2075 ) ;
#4062 = CARTESIAN_POINT ( 'NONE',  ( -0.1510071775529253368, 0.1707770959844660819, 0.2270756231802802672 ) ) ;
#4063 = CARTESIAN_POINT ( 'NONE',  ( -0.1328377578501198364, 0.09453257400091152896, 0.2270756231802802949 ) ) ;
#4064 = FACE_OUTER_BOUND ( 'NONE', #3386, .T. ) ;
#4065 = CARTESIAN_POINT ( 'NONE',  ( -0.03661293198700642237, 0.1451844831973581329, 0.2270756231802803504 ) ) ;
#4066 = CARTESIAN_POINT ( 'NONE',  ( -0.3444946102169020863, 0.06540961882519540083, 0.2270756231802803504 ) ) ;
#4067 = EDGE_CURVE ( 'NONE', #6686, #1906, #2981, .T. ) ;
#4068 = CARTESIAN_POINT ( 'NONE',  ( -0.2179973363931030916, 0.06525601599062937075, 0.1877055431802803764 ) ) ;
#4069 = EDGE_LOOP ( 'NONE', ( #2646, #7368, #7672, #3340 ) ) ;
#4070 = DIRECTION ( 'NONE',  ( 0.000000000000000000, -1.000000000000000000, 0.000000000000000000 ) ) ;
#4071 = CARTESIAN_POINT ( 'NONE',  ( -0.4301928829884437144, 0.1435190334104978205, 0.1877055431802802654 ) ) ;
#4072 = CARTESIAN_POINT ( 'NONE',  ( 0.07420016972631168772, 0.1345487750351062051, 0.1877055431802803209 ) ) ;
#4073 = CARTESIAN_POINT ( 'NONE',  ( -0.02170077366240975511, 0.1092495959426832419, 0.2270756231802802672 ) ) ;
#4074 = CARTESIAN_POINT ( 'NONE',  ( -0.4075811809397560381, 0.05157522662077296260, 0.1877055431802803487 ) ) ;
#4075 = CARTESIAN_POINT ( 'NONE',  ( 0.2736687959250440061, 0.1065134203498642879, 0.1877055431802802654 ) ) ;
#4076 = CARTESIAN_POINT ( 'NONE',  ( 0.3343510255525660169, 0.1573994665691200445, 0.2270756231802803504 ) ) ;
#4077 = CARTESIAN_POINT ( 'NONE',  ( -0.2671588248731507909, 0.1596440259293350206, 0.1877055431802803487 ) ) ;
#4078 = ORIENTED_EDGE ( 'NONE', *, *, #3554, .T. ) ;
#4079 = ORIENTED_EDGE ( 'NONE', *, *, #7277, .T. ) ;
#4080 = CARTESIAN_POINT ( 'NONE',  ( 0.3581581114419445933, 0.1435112042227956186, 0.2270756231802803504 ) ) ;
#4081 = CARTESIAN_POINT ( 'NONE',  ( 0.2350253303975985697, 0.1186273202245977793, 0.1877055431802803209 ) ) ;
#4082 = CARTESIAN_POINT ( 'NONE',  ( -0.2454246497819601858, 0.07681518911668358540, 0.2270756231802803504 ) ) ;
#4083 = APPROVAL_ROLE ( '' ) ;
#4084 = CARTESIAN_POINT ( 'NONE',  ( -0.2065010073567250248, 0.1578916287957479736, 0.2270756231802802394 ) ) ;
#4085 = CARTESIAN_POINT ( 'NONE',  ( -0.07620051569095862010, 0.06685761028705906883, 0.2270756231802802394 ) ) ;
#4086 = B_SPLINE_SURFACE_WITH_KNOTS ( 'NONE', 3, 1, ( 
 ( #3174, #707 ),
 ( #7408, #5597 ),
 ( #3134, #2582 ),
 ( #7486, #6234 ),
 ( #6114, #5640 ),
 ( #1989, #6076 ),
 ( #6837, #4963 ),
 ( #4411, #793 ),
 ( #96, #1914 ),
 ( #5472, #1953 ),
 ( #664, #3214 ),
 ( #2617, #2031 ),
 ( #3658, #623 ),
 ( #3052, #4297 ),
 ( #1876, #20 ) ),
 .UNSPECIFIED., .F., .F., .F.,
 ( 4, 1, 1, 1, 1, 1, 1, 1, 1, 1, 1, 1, 4 ),
 ( 2, 2 ),
 ( 0.000000000000000000, 0.08961452888211535184, 0.1749485612865261941, 0.2575481258745664359, 0.3389007874900942796, 0.4200531858831907384, 0.5014014271193618644, 0.5842520267159582170, 0.6703704767286314814, 0.7564732666582518750, 0.8392065940498486531, 0.9201204666578204350, 1.000000000000000000 ),
 ( 0.000000000000000000, 1.000000000000000000 ),
 .UNSPECIFIED. ) ;
#4087 = VECTOR ( 'NONE', #6131, 39.37007874015748143 ) ;
#4088 = CARTESIAN_POINT ( 'NONE',  ( -0.4023263154752999005, 0.07756395911590234504, 0.2270756231802802672 ) ) ;
#4089 = CARTESIAN_POINT ( 'NONE',  ( -0.03934369083078773782, 0.05159837386943683796, 0.1877055431802802654 ) ) ;
#4090 = ORIENTED_EDGE ( 'NONE', *, *, #303, .T. ) ;
#4091 = CARTESIAN_POINT ( 'NONE',  ( -0.4051737904155034986, 0.05161594897970092632, 0.2270756231802803782 ) ) ;
#4092 = CARTESIAN_POINT ( 'NONE',  ( 0.1588454707487091389, 0.1056566717699403968, 0.1877055431802803209 ) ) ;
#4093 = CARTESIAN_POINT ( 'NONE',  ( -0.2325897861065663597, 0.1584472979274401949, 0.1877055431802802377 ) ) ;
#4094 = DIRECTION ( 'NONE',  ( 1.000000000000000000, 0.000000000000000000, 0.000000000000000000 ) ) ;
#4095 = AXIS2_PLACEMENT_3D ( 'NONE', #41, #4246, #4869 ) ;
#4096 = VERTEX_POINT ( 'NONE', #3552 ) ;
#4097 = DIRECTION ( 'NONE',  ( -0.000000000000000000, -0.000000000000000000, 1.000000000000000000 ) ) ;
#4098 = VERTEX_POINT ( 'NONE', #6577 ) ;
#4099 = CARTESIAN_POINT ( 'NONE',  ( -0.03848995096540334948, 0.1204519978349515019, 0.1877055431802803209 ) ) ;
#4100 = CARTESIAN_POINT ( 'NONE',  ( -0.03167896581075362039, 0.05232341889222617837, 0.2270756231802803782 ) ) ;
#4101 = CARTESIAN_POINT ( 'NONE',  ( -0.4000666477000382470, 0.1691558818591955837, 0.2270756231802802672 ) ) ;
#4102 = CARTESIAN_POINT ( 'NONE',  ( -0.1890691146111261045, 0.1488219709668135993, 0.1877055431802803209 ) ) ;
#4103 = CARTESIAN_POINT ( 'NONE',  ( -0.03225946985468784028, 0.1450847261361962459, 0.2270756231802803504 ) ) ;
#4104 = CARTESIAN_POINT ( 'NONE',  ( -0.7541167953658587386, 0.2350000000000000144, 0.06959530821986563420 ) ) ;
#4105 = ADVANCED_FACE ( 'NONE', ( #4788 ), #2366, .T. ) ;
#4106 = CARTESIAN_POINT ( 'NONE',  ( -0.1420161284721263573, 0.1963553482031242248, 0.2270756231802802949 ) ) ;
#4107 = AXIS2_PLACEMENT_3D ( 'NONE', #3059, #7298, #3541 ) ;
#4108 = VERTEX_POINT ( 'NONE', #4117 ) ;
#4109 = CARTESIAN_POINT ( 'NONE',  ( 0.1578006642873100995, 0.1197558209504470672, 0.1877055431802803487 ) ) ;
#4110 = CARTESIAN_POINT ( 'NONE',  ( 0.1638388766122112761, 0.1548969904002743259, 0.2270756231802803782 ) ) ;
#4111 = CARTESIAN_POINT ( 'NONE',  ( -0.2611303606496963581, 0.1953783880358854474, 0.2270756231802803504 ) ) ;
#4112 = VECTOR ( 'NONE', #222, 39.37007874015748143 ) ;
#4113 = CARTESIAN_POINT ( 'NONE',  ( -0.4193885754461248450, 0.05254056712124510753, 0.2270756231802802949 ) ) ;
#4114 = CARTESIAN_POINT ( 'NONE',  ( -0.3680946337436749594, 0.08123346297016426076, 0.1877055431802803209 ) ) ;
#4115 = CARTESIAN_POINT ( 'NONE',  ( 0.2725387700719718032, 0.1191993570952817050, 0.2270756231802803504 ) ) ;
#4116 = CARTESIAN_POINT ( 'NONE',  ( 0.3482947828972355331, 0.1526861201370247334, 0.2270756231802803504 ) ) ;
#4117 = CARTESIAN_POINT ( 'NONE',  ( -0.3446372669859970594, 0.06839232440470720265, 0.2270756231802802394 ) ) ;
#4118 = ORIENTED_EDGE ( 'NONE', *, *, #1115, .T. ) ;
#4119 = ORIENTED_EDGE ( 'NONE', *, *, #6485, .F. ) ;
#4120 = FACE_OUTER_BOUND ( 'NONE', #352, .T. ) ;
#4121 = CARTESIAN_POINT ( 'NONE',  ( -0.4432858480008909363, 0.06787146062695061099, 0.1877055431802802654 ) ) ;
#4122 = CARTESIAN_POINT ( 'NONE',  ( -0.001476745059752488558, 0.1255223641856654249, 0.1877055431802803487 ) ) ;
#4123 = APPROVAL_STATUS ( 'not_yet_approved' ) ;
#4124 = CARTESIAN_POINT ( 'NONE',  ( -0.2033087792008162475, 0.1239300035890399387, 0.1877055431802803209 ) ) ;
#4125 = CARTESIAN_POINT ( 'NONE',  ( -0.08081801466344307183, 0.07321206205817967771, 0.2270756231802802949 ) ) ;
#4126 = B_SPLINE_CURVE_WITH_KNOTS ( 'NONE', 3,
 ( #4351, #6779, #7461, #1333, #6172, #3191, #4982, #7423, #2007, #6095, #603, #1855, #1969, #5617, #6854, #2448, #4865, #3069, #312 ),
 .UNSPECIFIED., .F., .F.,
 ( 4, 1, 1, 1, 1, 1, 1, 1, 1, 1, 1, 1, 1, 1, 1, 1, 4 ),
 ( 0.000000000000000000, 0.07493991020077289678, 0.1464280851715762388, 0.2147529716359184992, 0.2804215366912471974, 0.3436044295193644293, 0.4055426388186584297, 0.4661994619307759380, 0.5265381448244670359, 0.5859019063092086865, 0.6440895746157920820, 0.7016130759883659751, 0.7587535874365711752, 0.8166294493897658935, 0.8756554749553046024, 0.9366243322865290821, 0.9999999999999998890 ),
 .UNSPECIFIED. ) ;
#4127 = DIRECTION ( 'NONE',  ( 0.3090169943757409832, 0.000000000000000000, -0.9510565162948958484 ) ) ;
#4128 = CARTESIAN_POINT ( 'NONE',  ( -0.03167896581075362039, 0.05232341889222617837, 0.1877055431802803764 ) ) ;
#4129 = ORIENTED_EDGE ( 'NONE', *, *, #4256, .F. ) ;
#4130 = CARTESIAN_POINT ( 'NONE',  ( 0.005150740282325298562, 0.09950115364960929187, 0.2270756231802802949 ) ) ;
#4131 = CARTESIAN_POINT ( 'NONE',  ( -0.2722064169960918822, 0.1223566200336189957, 0.2270756231802803782 ) ) ;
#4132 = CARTESIAN_POINT ( 'NONE',  ( -0.2340392666113030040, 0.1613261747899569776, 0.1877055431802803487 ) ) ;
#4133 = EDGE_CURVE ( 'NONE', #1911, #3413, #7227, .T. ) ;
#4134 = LINE ( 'NONE', #5920, #3292 ) ;
#4135 = ORIENTED_EDGE ( 'NONE', *, *, #830, .T. ) ;
#4136 = ORIENTED_EDGE ( 'NONE', *, *, #3301, .T. ) ;
#4137 = CARTESIAN_POINT ( 'NONE',  ( -0.4089251669960918267, 0.07628684540208252596, 0.2270756231802802949 ) ) ;
#4138 = CARTESIAN_POINT ( 'NONE',  ( 0.005150740282325298562, 0.09950115364960929187, 0.2270756231802802949 ) ) ;
#4139 = CARTESIAN_POINT ( 'NONE',  ( 0.003384134185010541189, 0.1699169685597647361, 0.1877055431802803209 ) ) ;
#4140 = CARTESIAN_POINT ( 'NONE',  ( 0.002242012933646667615, 0.1177140840914067954, 0.2270756231802802949 ) ) ;
#4141 = CARTESIAN_POINT ( 'NONE',  ( -0.1026122316538751328, 0.1550940392744830920, 0.1877055431802803209 ) ) ;
#4142 = EDGE_CURVE ( 'NONE', #3240, #4474, #7186, .T. ) ;
#4143 = DIRECTION ( 'NONE',  ( 0.000000000000000000, -1.000000000000000000, 0.000000000000000000 ) ) ;
#4144 = CIRCLE ( 'NONE', #6944, 0.02000000000000002817 ) ;
#4145 = ADVANCED_FACE ( 'NONE', ( #7753 ), #911, .T. ) ;
#4146 = CARTESIAN_POINT ( 'NONE',  ( 0.2554567416956101122, 0.1345848466134695887, 0.1877055431802803487 ) ) ;
#4147 = CARTESIAN_POINT ( 'NONE',  ( 0.1797388863435951389, 0.1402787686463412287, 0.2270756231802802949 ) ) ;
#4148 = CARTESIAN_POINT ( 'NONE',  ( -0.3422519698348963080, 0.07679695432603397820, 0.2270756231802802672 ) ) ;
#4149 = VECTOR ( 'NONE', #7345, 39.37007874015748143 ) ;
#4150 = CARTESIAN_POINT ( 'NONE',  ( -0.4470228217026655515, 0.07382863289451571664, 0.2270756231802802394 ) ) ;
#4151 = VECTOR ( 'NONE', #3270, 39.37007874015748143 ) ;
#4152 = CARTESIAN_POINT ( 'NONE',  ( -0.3696089154075639094, 0.07751678226972766317, 0.1877055431802803209 ) ) ;
#4153 = CARTESIAN_POINT ( 'NONE',  ( 0.2731668365934048492, 0.1148058578033423621, 0.1877055431802803209 ) ) ;
#4154 = EDGE_CURVE ( 'NONE', #3616, #6193, #3110, .T. ) ;
#4155 = CARTESIAN_POINT ( 'NONE',  ( 0.3610799374447052346, 0.1374209254441111361, 0.2270756231802802672 ) ) ;
#4156 = CARTESIAN_POINT ( 'NONE',  ( 0.09195517573860327587, 0.1210515645800658291, 0.2270756231802802672 ) ) ;
#4157 = B_SPLINE_SURFACE_WITH_KNOTS ( 'NONE', 3, 1, ( 
 ( #2964, #3560 ),
 ( #7275, #414 ),
 ( #2851, #2262 ),
 ( #3483, #4042 ),
 ( #2928, #5986 ),
 ( #1021, #6509 ),
 ( #2301, #2889 ),
 ( #3517, #571 ),
 ( #1065, #5269 ),
 ( #7718, #6627 ),
 ( #4676, #7796 ) ),
 .UNSPECIFIED., .F., .F., .F.,
 ( 4, 1, 1, 1, 1, 1, 1, 1, 4 ),
 ( 2, 2 ),
 ( 0.000000000000000000, 0.1323140339085647765, 0.2587000085531553917, 0.3809118214856537232, 0.5005348689728924549, 0.6209226176484483606, 0.7423757653984724980, 0.8682808341788563755, 1.000000000000000000 ),
 ( 0.000000000000000000, 1.000000000000000000 ),
 .UNSPECIFIED. ) ;
#4158 = ORIENTED_EDGE ( 'NONE', *, *, #5578, .T. ) ;
#4159 = EDGE_CURVE ( 'NONE', #7829, #7734, #2562, .T. ) ;
#4160 = ORIENTED_EDGE ( 'NONE', *, *, #428, .T. ) ;
#4161 = CARTESIAN_POINT ( 'NONE',  ( 0.3624205401328068898, 0.1321571736990937163, 0.2270756231802802949 ) ) ;
#4162 = CARTESIAN_POINT ( 'NONE',  ( -0.3879599928649458129, 0.1061605371993063207, 0.1877055431802803209 ) ) ;
#4163 = CARTESIAN_POINT ( 'NONE',  ( -0.2395186338413221872, 0.07997006610843987451, 0.2270756231802804059 ) ) ;
#4164 = CARTESIAN_POINT ( 'NONE',  ( -0.2227710537038979366, 0.1870569757980301284, 0.1877055431802803487 ) ) ;
#4165 = CARTESIAN_POINT ( 'NONE',  ( -0.04474808200312601486, 0.1192358229715188844, 0.1877055431802803764 ) ) ;
#4166 = CARTESIAN_POINT ( 'NONE',  ( -0.1441030870729165247, 0.1716209277666180255, 0.1877055431802803209 ) ) ;
#4167 = CARTESIAN_POINT ( 'NONE',  ( 0.1472208234720809861, 0.1575013016409105848, 0.2270756231802802394 ) ) ;
#4168 = ORIENTED_EDGE ( 'NONE', *, *, #6388, .T. ) ;
#4169 = CARTESIAN_POINT ( 'NONE',  ( -0.1473120351618774637, 0.1716148723937459264, 0.1877055431802803209 ) ) ;
#4170 = CARTESIAN_POINT ( 'NONE',  ( -0.2627499461633203692, 0.08190168858459757895, 0.2270756231802803782 ) ) ;
#4171 = PLANE ( 'NONE',  #611 ) ;
#4172 = CARTESIAN_POINT ( 'NONE',  ( 0.1388550523346163967, 0.1565164389030434533, 0.1877055431802803764 ) ) ;
#4173 = AXIS2_PLACEMENT_3D ( 'NONE', #2724, #905, #3324 ) ;
#4174 = ORIENTED_EDGE ( 'NONE', *, *, #2843, .T. ) ;
#4175 = ORIENTED_EDGE ( 'NONE', *, *, #2881, .F. ) ;
#4176 = EDGE_CURVE ( 'NONE', #5670, #6835, #7390, .T. ) ;
#4177 = CARTESIAN_POINT ( 'NONE',  ( 0.3291297365976896261, 0.1575507258785614484, 0.2270756231802802949 ) ) ;
#4178 = CARTESIAN_POINT ( 'NONE',  ( -0.3446372669859970594, 0.06839232440470720265, 0.1877055431802803209 ) ) ;
#4179 = CARTESIAN_POINT ( 'NONE',  ( -0.2224558757351664251, 0.06065192630318335526, 0.1877055431802803764 ) ) ;
#4180 = CARTESIAN_POINT ( 'NONE',  ( 0.0005945647360027288232, 0.1217390580505347403, 0.1877055431802802377 ) ) ;
#4181 = DIRECTION ( 'NONE',  ( -0.3120445760271325919, -0.000000000000000000, 0.9500674621162684685 ) ) ;
#4182 = EDGE_CURVE ( 'NONE', #2914, #5174, #4317, .T. ) ;
#4183 = ORIENTED_EDGE ( 'NONE', *, *, #4866, .F. ) ;
#4184 = FACE_OUTER_BOUND ( 'NONE', #1595, .T. ) ;
#4185 = CARTESIAN_POINT ( 'NONE',  ( 0.1588454707487091389, 0.05508757223430543054, 0.1877055431802803209 ) ) ;
#4186 = CARTESIAN_POINT ( 'NONE',  ( 0.1587853743818223862, 0.1096055511159636370, 0.1877055431802802377 ) ) ;
#4187 = CARTESIAN_POINT ( 'NONE',  ( 0.1835779561111157976, 0.1136616056483979037, 0.1877055431802803209 ) ) ;
#4188 = CYLINDRICAL_SURFACE ( 'NONE', #3129, 0.01999999999999999001 ) ;
#4189 = LINE ( 'NONE', #5485, #6201 ) ;
#4190 = VECTOR ( 'NONE', #7144, 39.37007874015748143 ) ;
#4191 = CARTESIAN_POINT ( 'NONE',  ( -0.3817656024622261279, 0.1870569757980301284, 0.1877055431802803209 ) ) ;
#4192 = CARTESIAN_POINT ( 'NONE',  ( -0.3769918851514313940, 0.06525601599062941238, 0.1877055431802803209 ) ) ;
#4193 = CARTESIAN_POINT ( 'NONE',  ( 0.2731668365934048492, 0.1148058578033423621, 0.2270756231802803504 ) ) ;
#4194 = CARTESIAN_POINT ( 'NONE',  ( 0.1059643195478812833, 0.1505145623102361607, 0.1877055431802803764 ) ) ;
#4195 = B_SPLINE_CURVE_WITH_KNOTS ( 'NONE', 3,
 ( #4491, #6320, #5079, #3973, #6997, #6393, #3331, #7683, #7523, #2226, #294, #6354, #3366, #5754, #2774, #946, #2733, #4528, #4642 ),
 .UNSPECIFIED., .F., .F.,
 ( 4, 1, 1, 1, 1, 1, 1, 1, 1, 1, 1, 1, 1, 1, 1, 1, 4 ),
 ( 0.000000000000000000, 0.06117934308804601207, 0.1203713884446012405, 0.1784417313622624346, 0.2359341281810944102, 0.2942679362243738050, 0.3526542946283819924, 0.4131221280938570106, 0.4755857683820425841, 0.5389001041802266023, 0.6018690472303240835, 0.6643326875185097125, 0.7276470233166936197, 0.7924087308653701145, 0.8591195288732142998, 0.9281350966840261618, 1.000000000000000000 ),
 .UNSPECIFIED. ) ;
#4196 = EDGE_CURVE ( 'NONE', #647, #3467, #114, .T. ) ;
#4197 = CARTESIAN_POINT ( 'NONE',  ( -1.045865390105820358, 0.5799999999999999600, -0.2178062665827011912 ) ) ;
#4198 = ORIENTED_EDGE ( 'NONE', *, *, #3554, .F. ) ;
#4199 = ORIENTED_EDGE ( 'NONE', *, *, #7216, .F. ) ;
#4200 = CARTESIAN_POINT ( 'NONE',  ( 0.3610799374447052346, 0.1374209254441111361, 0.1877055431802802654 ) ) ;
#4201 = CARTESIAN_POINT ( 'NONE',  ( -0.3666430379170080855, 0.1622763871575219063, 0.2270756231802802949 ) ) ;
#4202 = CARTESIAN_POINT ( 'NONE',  ( 0.3147576199445136780, 0.1337531185352375807, 0.1877055431802803209 ) ) ;
#4203 = CARTESIAN_POINT ( 'NONE',  ( -0.2348316567497764906, 0.08575474995487882002, 0.1877055431802803209 ) ) ;
#4204 = EDGE_CURVE ( 'NONE', #1560, #7442, #4902, .T. ) ;
#4205 = CARTESIAN_POINT ( 'NONE',  ( -0.2159765563902749375, 0.1796241573958957671, 0.1877055431802802377 ) ) ;
#4206 = EDGE_CURVE ( 'NONE', #4051, #1113, #5453, .T. ) ;
#4207 = CARTESIAN_POINT ( 'NONE',  ( -0.04679745052976254371, 0.1182669062334356785, 0.2270756231802804059 ) ) ;
#4208 = EDGE_CURVE ( 'NONE', #6082, #7522, #4126, .T. ) ;
#4209 = EDGE_LOOP ( 'NONE', ( #2985, #6987, #5046, #4258 ) ) ;
#4210 = VECTOR ( 'NONE', #7222, 39.37007874015748143 ) ;
#4211 = DIRECTION ( 'NONE',  ( -0.9746736483397868689, 0.2236320174572719588, 0.000000000000000000 ) ) ;
#4212 = CARTESIAN_POINT ( 'NONE',  ( 0.9063137413222659422, 0.5799999999999999600, -0.06651786402957461652 ) ) ;
#4213 = CARTESIAN_POINT ( 'NONE',  ( -0.1635168167180246768, 0.1548206752725384550, 0.1877055431802803487 ) ) ;
#4214 = EDGE_CURVE ( 'NONE', #6830, #6622, #928, .T. ) ;
#4215 = CARTESIAN_POINT ( 'NONE',  ( -0.02092560702567814249, 0.1073357630095603116, 0.2270756231802803504 ) ) ;
#4216 = CARTESIAN_POINT ( 'NONE',  ( -0.1008456255565603754, 0.05508757223430543054, 0.2270756231802802949 ) ) ;
#4217 = ORIENTED_EDGE ( 'NONE', *, *, #5708, .T. ) ;
#4218 = EDGE_LOOP ( 'NONE', ( #5595, #5379, #490, #2093 ) ) ;
#4219 = LINE ( 'NONE', #3619, #7674 ) ;
#4220 = CARTESIAN_POINT ( 'NONE',  ( -0.01908764042373331526, 0.05689934592194337976, 0.2270756231802802116 ) ) ;
#4221 = FACE_OUTER_BOUND ( 'NONE', #5724, .T. ) ;
#4222 = ADVANCED_FACE ( 'NONE', ( #3950 ), #3346, .T. ) ;
#4223 = CIRCLE ( 'NONE', #2449, 0.01999999999999999001 ) ;
#4224 = CARTESIAN_POINT ( 'NONE',  ( 0.9279426847140814782, 0.5799999999999999600, -0.1978062665826999800 ) ) ;
#4225 = CARTESIAN_POINT ( 'NONE',  ( -0.4278052778819342317, 0.1552088707095490572, 0.2270756231802802672 ) ) ;
#4226 = EDGE_LOOP ( 'NONE', ( #1006, #4479, #2754, #6454 ) ) ;
#4227 = PLANE ( 'NONE',  #3503 ) ;
#4228 = CARTESIAN_POINT ( 'NONE',  ( -0.1644434450598916964, 0.1469510892946729042, 0.1877055431802803209 ) ) ;
#4229 = DIRECTION ( 'NONE',  ( -0.000000000000000000, -0.000000000000000000, 1.000000000000000000 ) ) ;
#4230 = VECTOR ( 'NONE', #6432, 39.37007874015748143 ) ;
#4231 = CARTESIAN_POINT ( 'NONE',  ( 0.1638388766122112761, 0.1548969904002743259, 0.1877055431802803764 ) ) ;
#4232 = VECTOR ( 'NONE', #5040, 39.37007874015748143 ) ;
#4233 = CARTESIAN_POINT ( 'NONE',  ( 0.2654787094484591381, 0.1317139707104720003, 0.1877055431802803764 ) ) ;
#4234 = CARTESIAN_POINT ( 'NONE',  ( 0.1532254223763054868, 0.1299918611598430140, 0.2270756231802802394 ) ) ;
#4235 = CARTESIAN_POINT ( 'NONE',  ( -0.4551501622491137544, 0.1041195125825900847, 0.2270756231802802949 ) ) ;
#4236 = CARTESIAN_POINT ( 'NONE',  ( 0.2697735829708778343, 0.1574051511789754387, 0.1877055431802803209 ) ) ;
#4237 = DIRECTION ( 'NONE',  ( -8.485139404292639085E-14, 8.407059903618724710E-14, 1.000000000000000000 ) ) ;
#4238 = CARTESIAN_POINT ( 'NONE',  ( -0.4341361632089842937, 0.05872463622662365407, 0.2270756231802803504 ) ) ;
#4239 = B_SPLINE_CURVE_WITH_KNOTS ( 'NONE', 3,
 ( #889, #3869, #6369, #2750, #5172, #7620, #2632, #2165, #4583, #7014, #1568 ),
 .UNSPECIFIED., .F., .F.,
 ( 4, 1, 1, 1, 1, 1, 1, 1, 4 ),
 ( 0.000000000000000000, 0.1240354330026169766, 0.2428459548115300959, 0.3603416824496161186, 0.4790424316556562978, 0.5993341100427886925, 0.7254884757708249809, 0.8585494285274621884, 1.000000000000000000 ),
 .UNSPECIFIED. ) ;
#4240 = CARTESIAN_POINT ( 'NONE',  ( -0.2641325776890587895, 0.1648753588776872281, 0.2270756231802804059 ) ) ;
#4241 = EDGE_CURVE ( 'NONE', #7690, #6268, #5769, .T. ) ;
#4242 = VERTEX_POINT ( 'NONE', #2753 ) ;
#4243 = VECTOR ( 'NONE', #1119, 39.37007874015748143 ) ;
#4244 = VERTEX_POINT ( 'NONE', #5173 ) ;
#4245 = FACE_BOUND ( 'NONE', #7450, .T. ) ;
#4246 = DIRECTION ( 'NONE',  ( 0.000000000000000000, -1.000000000000000000, 0.000000000000000000 ) ) ;
#4247 = CARTESIAN_POINT ( 'NONE',  ( -0.3938262055081047097, 0.08575474995487882002, 0.1877055431802803209 ) ) ;
#4248 = CARTESIAN_POINT ( 'NONE',  ( 0.08528488752235362236, 0.1317139707104719726, 0.2270756231802804892 ) ) ;
#4249 = CARTESIAN_POINT ( 'NONE',  ( -0.2308943043826122976, 0.1922970275678682894, 0.1877055431802803487 ) ) ;
#4250 = LINE ( 'NONE', #696, #2751 ) ;
#4251 = VERTEX_POINT ( 'NONE', #6336 ) ;
#4252 = CARTESIAN_POINT ( 'NONE',  ( -0.1575398258959171127, 0.1946610542872618810, 0.2270756231802803504 ) ) ;
#4253 = CARTESIAN_POINT ( 'NONE',  ( 0.1472208234720809861, 0.1575013016409105848, 0.1877055431802802099 ) ) ;
#4254 = CARTESIAN_POINT ( 'NONE',  ( -0.2373488265235746131, 0.1658718614849219175, 0.1877055431802803209 ) ) ;
#4255 = FACE_OUTER_BOUND ( 'NONE', #3679, .T. ) ;
#4256 = EDGE_CURVE ( 'NONE', #3982, #6360, #903, .T. ) ;
#4257 = DIRECTION ( 'NONE',  ( -0.2022968521692534161, -0.9793242484501295531, 0.000000000000000000 ) ) ;
#4258 = ORIENTED_EDGE ( 'NONE', *, *, #6582, .T. ) ;
#4259 = ORIENTED_EDGE ( 'NONE', *, *, #7117, .F. ) ;
#4260 = SPHERICAL_SURFACE ( 'NONE', #6640, 0.02000000000000000042 ) ;
#4261 = CARTESIAN_POINT ( 'NONE',  ( -0.3380223737797696248, 0.05574665881171125825, 0.1877055431802803209 ) ) ;
#4262 = CARTESIAN_POINT ( 'NONE',  ( -0.2426433308095423402, 0.05194420531806830804, 0.1877055431802803487 ) ) ;
#4263 = FACE_OUTER_BOUND ( 'NONE', #2975, .T. ) ;
#4264 = CARTESIAN_POINT ( 'NONE',  ( -0.2688321119520666880, 0.09234934665383363883, 0.2270756231802803504 ) ) ;
#4265 = VERTEX_POINT ( 'NONE', #3385 ) ;
#4266 = CARTESIAN_POINT ( 'NONE',  ( -0.3146049633316461702, 0.06839232440470720265, 0.1877055431802803209 ) ) ;
#4267 = CARTESIAN_POINT ( 'NONE',  ( 0.9279426847140814782, 0.02000000000000000042, -0.1978062665826999800 ) ) ;
#4268 = CARTESIAN_POINT ( 'NONE',  ( 0.1586173968046643290, 0.1133293759661705147, 0.1877055431802803487 ) ) ;
#4269 = CARTESIAN_POINT ( 'NONE',  ( 0.1831266415657444857, 0.1256504890311046230, 0.2270756231802802949 ) ) ;
#4270 = CARTESIAN_POINT ( 'NONE',  ( 0.2729097726231135557, 0.1171212717988584229, 0.1877055431802802654 ) ) ;
#4271 = CARTESIAN_POINT ( 'NONE',  ( 0.1586173968046643290, 0.1133293759661705147, 0.1877055431802803487 ) ) ;
#4272 = CARTESIAN_POINT ( 'NONE',  ( 0.2947913305811339924, 0.1396086327027084295, 0.1877055431802803209 ) ) ;
#4273 = CARTESIAN_POINT ( 'NONE',  ( 0.2330418456680372896, 0.1005779424458190102, 0.1877055431802803487 ) ) ;
#4274 = CARTESIAN_POINT ( 'NONE',  ( 0.2894457074534207974, 0.1473770897489063703, 0.1877055431802802654 ) ) ;
#4275 = CARTESIAN_POINT ( 'NONE',  ( 0.1518835033586426186, 0.1312183860301155136, 0.2270756231802803504 ) ) ;
#4276 = CARTESIAN_POINT ( 'NONE',  ( -0.4432858480008909363, 0.06787146062695061099, 0.2270756231802802672 ) ) ;
#4277 = CARTESIAN_POINT ( 'NONE',  ( -0.2688107291236060403, 0.1552088707095490849, 0.2270756231802803782 ) ) ;
#4278 = ORIENTED_EDGE ( 'NONE', *, *, #1392, .F. ) ;
#4279 = CARTESIAN_POINT ( 'NONE',  ( 0.3635726934665041155, 0.1219272540881391753, 0.2270756231802803782 ) ) ;
#4280 = DIRECTION ( 'NONE',  ( 1.000000000000000000, -0.000000000000000000, -0.000000000000000000 ) ) ;
#4281 = LINE ( 'NONE', #82, #3439 ) ;
#4282 = CARTESIAN_POINT ( 'NONE',  ( 0.09271595069700812319, 0.1171212717988584506, 0.1877055431802802654 ) ) ;
#4283 = CARTESIAN_POINT ( 'NONE',  ( 0.1222413661436687338, 0.1238680015157979097, 0.2270756231802802672 ) ) ;
#4284 = CARTESIAN_POINT ( 'NONE',  ( -0.2281100641120749062, 0.1176336335723349447, 0.2270756231802803504 ) ) ;
#4285 = CARTESIAN_POINT ( 'NONE',  ( -0.2227710537038979366, 0.1870569757980301284, 0.2270756231802803504 ) ) ;
#4286 = VERTEX_POINT ( 'NONE', #351 ) ;
#4287 = VECTOR ( 'NONE', #3585, 39.37007874015748143 ) ;
#4288 = CARTESIAN_POINT ( 'NONE',  ( -0.1439618556191487042, 0.1964160600194861384, 0.2270756231802802949 ) ) ;
#4289 = CARTESIAN_POINT ( 'NONE',  ( -0.01959503830808758534, 0.09784415641987861956, 0.1877055431802803209 ) ) ;
#4290 = EDGE_CURVE ( 'NONE', #2658, #4108, #270, .T. ) ;
#4291 = CARTESIAN_POINT ( 'NONE',  ( -0.2475812588645307788, 0.1715876375599909576, 0.1877055431802803209 ) ) ;
#4292 = CARTESIAN_POINT ( 'NONE',  ( 0.1137884598763712618, 0.1410137884066510472, 0.2270756231802802949 ) ) ;
#4293 = CARTESIAN_POINT ( 'NONE',  ( 0.9063137413222659422, 0.02000000000000012879, -0.06651786402957461652 ) ) ;
#4294 = EDGE_CURVE ( 'NONE', #4992, #5584, #5057, .T. ) ;
#4295 = VERTEX_POINT ( 'NONE', #2795 ) ;
#4296 = DIRECTION ( 'NONE',  ( -0.000000000000000000, -0.000000000000000000, 1.000000000000000000 ) ) ;
#4297 = CARTESIAN_POINT ( 'NONE',  ( -0.1026716080504351813, 0.1568294230427715319, 0.2270756231802802672 ) ) ;
#4298 = DIRECTION ( 'NONE',  ( 0.9500674621162662481, -0.000000000000000000, 0.3120445760271389757 ) ) ;
#4299 = DIRECTION ( 'NONE',  ( 0.000000000000000000, 0.000000000000000000, 1.000000000000000000 ) ) ;
#4300 = AXIS2_PLACEMENT_3D ( 'NONE', #178, #1446, #2150 ) ;
#4301 = CARTESIAN_POINT ( 'NONE',  ( -0.4301928829884437144, 0.1435190334104978205, 0.2270756231802802672 ) ) ;
#4302 = AXIS2_PLACEMENT_3D ( 'NONE', #5690, #6848, #6932 ) ;
#4303 = EDGE_CURVE ( 'NONE', #972, #839, #7255, .T. ) ;
#4304 = ORIENTED_EDGE ( 'NONE', *, *, #4159, .T. ) ;
#4305 = CARTESIAN_POINT ( 'NONE',  ( -0.3147505510894377245, 0.07137348245802210833, 0.1877055431802803487 ) ) ;
#4306 = SPHERICAL_SURFACE ( 'NONE', #4107, 0.02000000000000000042 ) ;
#4307 = VECTOR ( 'NONE', #5634, 39.37007874015748143 ) ;
#4308 = CARTESIAN_POINT ( 'NONE',  ( -0.03951127011541345074, 0.07628684540208252596, 0.1877055431802803209 ) ) ;
#4309 = CARTESIAN_POINT ( 'NONE',  ( -0.4158531448143500953, 0.07764787570090497804, 0.1877055431802802654 ) ) ;
#4310 = CARTESIAN_POINT ( 'NONE',  ( 0.2691321677754317521, 0.1279598359600032098, 0.1877055431802803487 ) ) ;
#4311 = CARTESIAN_POINT ( 'NONE',  ( 0.1518835033586426186, 0.1312183860301155136, 0.2270756231802803504 ) ) ;
#4312 = CARTESIAN_POINT ( 'NONE',  ( -0.3870663714623316931, 0.1907596177290536432, 0.1877055431802803209 ) ) ;
#4313 = CARTESIAN_POINT ( 'NONE',  ( 0.2735487261373817924, 0.1095042037285957753, 0.2270756231802803504 ) ) ;
#4314 = CARTESIAN_POINT ( 'NONE',  ( -0.1453696198529463857, 0.1716835746570795074, 0.2270756231802802949 ) ) ;
#4315 = CARTESIAN_POINT ( 'NONE',  ( -0.4551501622491137544, 0.1041195125825900847, 0.2270756231802802949 ) ) ;
#4316 = EDGE_CURVE ( 'NONE', #567, #671, #849, .T. ) ;
#4317 = LINE ( 'NONE', #6743, #1143 ) ;
#4318 = VECTOR ( 'NONE', #829, 39.37007874015748143 ) ;
#4319 = ORIENTED_EDGE ( 'NONE', *, *, #7599, .T. ) ;
#4320 = CARTESIAN_POINT ( 'NONE',  ( 0.3190488742607218153, 0.1565164389030433700, 0.2270756231802802672 ) ) ;
#4321 = CARTESIAN_POINT ( 'NONE',  ( -0.3636806999598819479, 0.1480261618427363701, 0.2270756231802803782 ) ) ;
#4322 = CARTESIAN_POINT ( 'NONE',  ( -0.3907480384660738659, 0.09251811426148003059, 0.1877055431802803209 ) ) ;
#4323 = VERTEX_POINT ( 'NONE', #1003 ) ;
#4324 = CARTESIAN_POINT ( 'NONE',  ( 0.09128690567337843786, 0.1231556170097661551, 0.2270756231802803782 ) ) ;
#4325 = CARTESIAN_POINT ( 'NONE',  ( 0.9469638150399793952, 0.01999999999999999001, -0.1916259266951851059 ) ) ;
#4326 = CARTESIAN_POINT ( 'NONE',  ( -0.2331057812615791036, 0.08891139733545250223, 0.2270756231802802949 ) ) ;
#4327 = CARTESIAN_POINT ( 'NONE',  ( -0.3814504244934946442, 0.06065192630318334832, 0.2270756231802803504 ) ) ;
#4328 = ORIENTED_EDGE ( 'NONE', *, *, #537, .F. ) ;
#4329 = FACE_OUTER_BOUND ( 'NONE', #3073, .T. ) ;
#4330 = LINE ( 'NONE', #3730, #2884 ) ;
#4331 = CARTESIAN_POINT ( 'NONE',  ( 0.1833788715403987246, 0.1219272540881391753, 0.2270756231802803504 ) ) ;
#4332 = LINE ( 'NONE', #6110, #7113 ) ;
#4333 = EDGE_LOOP ( 'NONE', ( #3815, #466, #7203 ) ) ;
#4334 = CARTESIAN_POINT ( 'NONE',  ( 0.003384134185010541189, 0.1928828478248565959, 0.1877055431802803209 ) ) ;
#4335 = LINE ( 'NONE', #6723, #193 ) ;
#4336 = CARTESIAN_POINT ( 'NONE',  ( -0.2667387610597269365, 0.05432712697290471848, 0.2270756231802802949 ) ) ;
#4337 = CARTESIAN_POINT ( 'NONE',  ( -0.2856215820475758171, 0.1776734734557873785, 0.1877055431802803209 ) ) ;
#4338 = CARTESIAN_POINT ( 'NONE',  ( 0.7954022872182958670, 0.5799999999999999600, 0.2070756231802803049 ) ) ;
#4339 = ORIENTED_EDGE ( 'NONE', *, *, #5166, .F. ) ;
#4340 = CARTESIAN_POINT ( 'NONE',  ( -0.2968697753306905884, 0.1315847090563787847, 0.1877055431802802654 ) ) ;
#4341 = CARTESIAN_POINT ( 'NONE',  ( -0.009727215283376939095, 0.1353856014405740993, 0.1877055431802803764 ) ) ;
#4342 = CARTESIAN_POINT ( 'NONE',  ( 0.2736748670741685485, 0.05508757223430543054, 0.1877055431802803209 ) ) ;
#4343 = CARTESIAN_POINT ( 'NONE',  ( -0.4097278810538023119, 0.07632033556876727243, 0.1877055431802802654 ) ) ;
#4344 = LINE ( 'NONE', #108, #2752 ) ;
#4345 = CARTESIAN_POINT ( 'NONE',  ( 0.1188594779827735065, 0.1123228830382821952, 0.2270756231802802672 ) ) ;
#4346 = CARTESIAN_POINT ( 'NONE',  ( -0.3711906631348765306, 0.1734624954450431356, 0.1877055431802802654 ) ) ;
#4347 = CARTESIAN_POINT ( 'NONE',  ( 0.2543939916524171618, 0.1345487750351061773, 0.1877055431802802654 ) ) ;
#4348 = CARTESIAN_POINT ( 'NONE',  ( 0.7793428639020660853, 0.5999999999999999778, 0.2559709949484936242 ) ) ;
#4349 = CARTESIAN_POINT ( 'NONE',  ( 0.1555089182645158774, 0.1268619752917069243, 0.2270756231802802672 ) ) ;
#4350 = CARTESIAN_POINT ( 'NONE',  ( -0.4366204344922640090, 0.06066711964617890057, 0.2270756231802802949 ) ) ;
#4351 = CARTESIAN_POINT ( 'NONE',  ( -0.1891759304222983273, 0.1469510892946729042, 0.2270756231802802949 ) ) ;
#4352 = EDGE_CURVE ( 'NONE', #2777, #6622, #2691, .T. ) ;
#4353 = EDGE_LOOP ( 'NONE', ( #5883, #4402, #4652, #1480 ) ) ;
#4354 = CARTESIAN_POINT ( 'NONE',  ( 0.1182135305104696776, 0.05508757223430543054, 0.2270756231802802949 ) ) ;
#4355 = FACE_OUTER_BOUND ( 'NONE', #1763, .T. ) ;
#4356 = CARTESIAN_POINT ( 'NONE',  ( 7.959136659079044339E-16, 0.5799999999999999600, -0.1978062665826970101 ) ) ;
#4357 = CARTESIAN_POINT ( 'NONE',  ( -0.2955265724014966566, 0.09867708236101875585, 0.1877055431802803209 ) ) ;
#4358 = EDGE_LOOP ( 'NONE', ( #5255, #6143, #6868, #5136 ) ) ;
#4359 = CARTESIAN_POINT ( 'NONE',  ( 0.09128690567337843786, 0.1231556170097661551, 0.1877055431802802654 ) ) ;
#4360 = CARTESIAN_POINT ( 'NONE',  ( 0.1345637980184082039, 0.1337531185352375529, 0.2270756231802802949 ) ) ;
#4361 = CARTESIAN_POINT ( 'NONE',  ( -0.2289654441066175938, 0.1061605371993063207, 0.2270756231802803504 ) ) ;
#4362 = CARTESIAN_POINT ( 'NONE',  ( -0.1381290669875001875, 0.1705262004404511089, 0.1877055431802803209 ) ) ;
#4363 = ORIENTED_EDGE ( 'NONE', *, *, #3801, .F. ) ;
#4364 = CARTESIAN_POINT ( 'NONE',  ( 0.1185336859119783121, 0.1096012986368785080, 0.1877055431802802654 ) ) ;
#4365 = CARTESIAN_POINT ( 'NONE',  ( -0.01990259800716330171, 0.09397233717685304910, 0.2270756231802802672 ) ) ;
#4366 = APPLICATION_PROTOCOL_DEFINITION ( 'international standard', 'config_control_design', 1994, #5581 ) ;
#4367 = LINE ( 'NONE', #660, #617 ) ;
#4368 = ORIENTED_EDGE ( 'NONE', *, *, #7322, .T. ) ;
#4369 = LINE ( 'NONE', #4334, #2829 ) ;
#4370 = CARTESIAN_POINT ( 'NONE',  ( -0.04091903434921115301, 0.05155436003967591579, 0.1877055431802803209 ) ) ;
#4371 = CARTESIAN_POINT ( 'NONE',  ( -0.2776258857339357622, 0.06066711964617892833, 0.2270756231802803504 ) ) ;
#4372 = EDGE_CURVE ( 'NONE', #7791, #4912, #6063, .T. ) ;
#4373 = ORIENTED_EDGE ( 'NONE', *, *, #7036, .F. ) ;
#4374 = CARTESIAN_POINT ( 'NONE',  ( -0.2645013994219807540, 0.08391923291525860140, 0.1877055431802802377 ) ) ;
#4375 = CARTESIAN_POINT ( 'NONE',  ( -0.4311559399792444514, 0.1271139794595063932, 0.2270756231802803504 ) ) ;
#4376 = ORIENTED_EDGE ( 'NONE', *, *, #7599, .F. ) ;
#4377 = CARTESIAN_POINT ( 'NONE',  ( -0.03551284735904771533, 0.07662987020876313449, 0.2270756231802802949 ) ) ;
#4378 = CARTESIAN_POINT ( 'NONE',  ( -0.7984020917776485371, 0.5799999999999999600, -0.06523805343215297037 ) ) ;
#4379 = CARTESIAN_POINT ( 'NONE',  ( -0.05314432204525233044, 0.05286954145079670458, 0.1877055431802802654 ) ) ;
#4380 = FACE_OUTER_BOUND ( 'NONE', #5668, .T. ) ;
#4381 = CARTESIAN_POINT ( 'NONE',  ( 0.1240655743140797185, 0.1266195112699204928, 0.2270756231802802949 ) ) ;
#4382 = CARTESIAN_POINT ( 'NONE',  ( -0.4559204243528510725, 0.1204333066650962736, 0.1877055431802802377 ) ) ;
#4383 = DIRECTION ( 'NONE',  ( 0.3120445760271325919, 0.000000000000000000, -0.9500674621162684685 ) ) ;
#4384 = CARTESIAN_POINT ( 'NONE',  ( 0.1470467594951865020, 0.1337600740702422908, 0.2270756231802802949 ) ) ;
#4385 = CARTESIAN_POINT ( 'NONE',  ( -0.4088147541150096154, 0.05155436003967591579, 0.2270756231802802949 ) ) ;
#4386 = EDGE_CURVE ( 'NONE', #5629, #1516, #6825, .T. ) ;
#4387 = CARTESIAN_POINT ( 'NONE',  ( 0.6774557376495844441, 0.000000000000000000, -0.2239866064702421555 ) ) ;
#4388 = ADVANCED_FACE ( 'NONE', ( #5539 ), #253, .T. ) ;
#4389 = VERTEX_POINT ( 'NONE', #4325 ) ;
#4390 = CARTESIAN_POINT ( 'NONE',  ( -0.1484427660099137125, 0.1147588430224843192, 0.2270756231802802672 ) ) ;
#4391 = CARTESIAN_POINT ( 'NONE',  ( -0.3630528261564755499, 0.1425268345822788274, 0.1877055431802803209 ) ) ;
#4392 = PLANE ( 'NONE',  #132 ) ;
#4393 = ADVANCED_FACE ( 'NONE', ( #4951 ), #5288, .T. ) ;
#4394 = CARTESIAN_POINT ( 'NONE',  ( -0.08671277677804216377, 0.08865308808328585533, 0.1877055431802803209 ) ) ;
#4395 = ORIENTED_EDGE ( 'NONE', *, *, #1679, .T. ) ;
#4396 = DIRECTION ( 'NONE',  ( 1.000000000000000000, 0.000000000000000000, 0.000000000000000000 ) ) ;
#4397 = CARTESIAN_POINT ( 'NONE',  ( 0.3306138545720399002, 0.1322648544531810633, 0.2270756231802803504 ) ) ;
#4398 = CARTESIAN_POINT ( 'NONE',  ( -0.2498202053566814518, 0.05155436003967592273, 0.1877055431802803487 ) ) ;
#4399 = ORIENTED_EDGE ( 'NONE', *, *, #1316, .T. ) ;
#4400 = EDGE_CURVE ( 'NONE', #3922, #5294, #5222, .T. ) ;
#4401 = CARTESIAN_POINT ( 'NONE',  ( -0.3769918851514313940, 0.06525601599062941238, 0.2270756231802802949 ) ) ;
#4402 = ORIENTED_EDGE ( 'NONE', *, *, #1578, .F. ) ;
#4403 = CARTESIAN_POINT ( 'NONE',  ( -0.1758596273385354958, 0.1832280172534359319, 0.2270756231802802394 ) ) ;
#4404 = CARTESIAN_POINT ( 'NONE',  ( -0.03882968303957561040, 0.07631248986405900214, 0.2270756231802802949 ) ) ;
#4405 = VECTOR ( 'NONE', #5991, 39.37007874015748143 ) ;
#4406 = CARTESIAN_POINT ( 'NONE',  ( -0.03657309055899751749, 0.1204223933587418166, 0.1877055431802802377 ) ) ;
#4407 = CARTESIAN_POINT ( 'NONE',  ( -0.1026122316538751328, 0.1550940392744830920, 0.2270756231802803504 ) ) ;
#4408 = B_SPLINE_CURVE_WITH_KNOTS ( 'NONE', 3,
 ( #5842, #376, #3374, #4613, #1674, #5162, #7046, #1637, #2819, #7689, #2274, #7609, #5019, #3979, #2232, #6399, #5882, #1034, #5241 ),
 .UNSPECIFIED., .F., .F.,
 ( 4, 1, 1, 1, 1, 1, 1, 1, 1, 1, 1, 1, 1, 1, 1, 1, 4 ),
 ( 0.000000000000000000, 0.04551775165131785594, 0.09161599061816488865, 0.1392465550335721114, 0.1882415637234043926, 0.2386730793725370670, 0.2906638743206418352, 0.3448398555786326702, 0.4004316067351771924, 0.4591437176132940889, 0.5225510475946141264, 0.5901008583230445970, 0.6622596565248671796, 0.7396813070012565605, 0.8215754713854218627, 0.9083300466844450582, 0.9999999999999998890 ),
 .UNSPECIFIED. ) ;
#4409 = ORIENTED_EDGE ( 'NONE', *, *, #747, .F. ) ;
#4410 = CARTESIAN_POINT ( 'NONE',  ( 0.7080070247953581530, 0.008284271247461888824, -0.06523805343214908459 ) ) ;
#4411 = CARTESIAN_POINT ( 'NONE',  ( -0.1144142663811540672, 0.1845905405906591301, 0.1877055431802803764 ) ) ;
#4412 = CARTESIAN_POINT ( 'NONE',  ( -0.2880282729443373602, 0.07382863289451574440, 0.2270756231802803504 ) ) ;
#4413 = ORIENTED_EDGE ( 'NONE', *, *, #6415, .F. ) ;
#4414 = DIRECTION ( 'NONE',  ( 0.3090169943757437032, 0.000000000000000000, -0.9510565162948948492 ) ) ;
#4415 = LINE ( 'NONE', #4612, #2153 ) ;
#4416 = ORIENTED_EDGE ( 'NONE', *, *, #7462, .F. ) ;
#4417 = CARTESIAN_POINT ( 'NONE',  ( -0.1644434450598916964, 0.1469510892946729042, 0.2270756231802802949 ) ) ;
#4418 = EDGE_CURVE ( 'NONE', #4295, #7601, #4592, .T. ) ;
#4419 = CARTESIAN_POINT ( 'NONE',  ( -0.05501613693774622810, 0.08327908516273330175, 0.2270756231802803782 ) ) ;
#4420 = DIRECTION ( 'NONE',  ( 0.9510565162948948492, 0.000000000000000000, 0.3090169943757438142 ) ) ;
#4421 = VECTOR ( 'NONE', #2172, 39.37007874015748143 ) ;
#4422 = CARTESIAN_POINT ( 'NONE',  ( -0.2122807125308127929, 0.07407194944985388829, 0.2270756231802802672 ) ) ;
#4423 = CARTESIAN_POINT ( 'NONE',  ( 0.6837217283835673731, 0.2149999999999998579, 0.2270756231802802949 ) ) ;
#4424 = CARTESIAN_POINT ( 'NONE',  ( -0.1090951645737894132, 0.1282931994486727900, 0.2270756231802802672 ) ) ;
#4425 = CARTESIAN_POINT ( 'NONE',  ( -0.3950543099958955806, 0.05328671837024312463, 0.2270756231802802672 ) ) ;
#4426 = CARTESIAN_POINT ( 'NONE',  ( 0.1779642895158392579, 0.1435112042227956186, 0.1877055431802803764 ) ) ;
#4427 = EDGE_CURVE ( 'NONE', #4854, #6347, #5065, .T. ) ;
#4428 = CARTESIAN_POINT ( 'NONE',  ( -0.03848995096540334948, 0.1204519978349515019, 0.1877055431802803209 ) ) ;
#4429 = CARTESIAN_POINT ( 'NONE',  ( -0.2701823250228759243, 0.1499195022516500719, 0.2270756231802804059 ) ) ;
#4430 = VERTEX_POINT ( 'NONE', #5180 ) ;
#4431 = CARTESIAN_POINT ( 'NONE',  ( -0.2962927824037647206, 0.1401030605031331200, 0.2270756231802803782 ) ) ;
#4432 = DIRECTION ( 'NONE',  ( 0.000000000000000000, -1.000000000000000000, -6.079817393581883364E-13 ) ) ;
#4433 = FACE_OUTER_BOUND ( 'NONE', #7513, .T. ) ;
#4434 = CARTESIAN_POINT ( 'NONE',  ( -0.2570157040211384913, 0.05194176459345253849, 0.1877055431802803209 ) ) ;
#4435 = ORIENTED_EDGE ( 'NONE', *, *, #4182, .F. ) ;
#4436 = EDGE_CURVE ( 'NONE', #4727, #2924, #898, .T. ) ;
#4437 = CARTESIAN_POINT ( 'NONE',  ( -0.04881276980937691856, 0.1169988999532208113, 0.2270756231802803782 ) ) ;
#4438 = CARTESIAN_POINT ( 'NONE',  ( -0.2562133934397275992, 0.1706780374008278756, 0.2270756231802804059 ) ) ;
#4439 = LINE ( 'NONE', #5628, #7761 ) ;
#4440 = ORIENTED_EDGE ( 'NONE', *, *, #1395, .F. ) ;
#4441 = CARTESIAN_POINT ( 'NONE',  ( -0.2201377551621611361, 0.06280155140425276727, 0.1877055431802802099 ) ) ;
#4442 = ORIENTED_EDGE ( 'NONE', *, *, #6116, .T. ) ;
#4443 = SPHERICAL_SURFACE ( 'NONE', #742, 0.02000000000000000042 ) ;
#4444 = CARTESIAN_POINT ( 'NONE',  ( -0.3907480384660738659, 0.09251811426148003059, 0.1877055431802803209 ) ) ;
#4445 = CARTESIAN_POINT ( 'NONE',  ( -0.4312009657544200736, 0.1223566200336189819, 0.1877055431802803487 ) ) ;
#4446 = EDGE_CURVE ( 'NONE', #4096, #3251, #5036, .T. ) ;
#4447 = CARTESIAN_POINT ( 'NONE',  ( -0.1214467488109761267, 0.1083430186888722779, 0.1877055431802803487 ) ) ;
#4448 = ORIENTED_EDGE ( 'NONE', *, *, #6953, .T. ) ;
#4449 = DIRECTION ( 'NONE',  ( 0.000000000000000000, 0.000000000000000000, 1.000000000000000000 ) ) ;
#4450 = FACE_OUTER_BOUND ( 'NONE', #4673, .T. ) ;
#4451 = CARTESIAN_POINT ( 'NONE',  ( -0.2510537452364254296, 0.05157562912308819719, 0.2270756231802803504 ) ) ;
#4452 = ORIENTED_EDGE ( 'NONE', *, *, #6281, .T. ) ;
#4453 = CARTESIAN_POINT ( 'NONE',  ( -0.3296211151588215871, 0.08335326979134158321, 0.1877055431802803209 ) ) ;
#4454 = CARTESIAN_POINT ( 'NONE',  ( 0.2388858798743354883, 0.1264391226870164586, 0.1877055431802803764 ) ) ;
#4455 = VECTOR ( 'NONE', #2085, 39.37007874015748143 ) ;
#4456 = ORIENTED_EDGE ( 'NONE', *, *, #5502, .F. ) ;
#4457 = FACE_OUTER_BOUND ( 'NONE', #3840, .T. ) ;
#4458 = B_SPLINE_CURVE_WITH_KNOTS ( 'NONE', 3,
 ( #4830, #2489, #3115, #3681, #6706, #6746, #1859, #3000, #6666, #2413, #4794, #2370, #6140, #1261, #7273, #6098, #4905, #645, #4201, #7352, #1898, #4321, #1298, #1938, #687, #2527, #6581 ),
 .UNSPECIFIED., .F., .F.,
 ( 4, 1, 1, 1, 1, 1, 1, 1, 1, 1, 1, 1, 1, 1, 1, 1, 1, 1, 1, 1, 1, 1, 1, 1, 4 ),
 ( 0.000000000000000000, 0.03663489025512680491, 0.07203398234778887743, 0.1066259706074958041, 0.1403056939382968937, 0.1736194704926824761, 0.2064256725696813621, 0.2390670061327420937, 0.2718828805625944089, 0.3048398888131205742, 0.3385290337045869791, 0.3726161878593846066, 0.4075482500265393271, 0.4437189059571693406, 0.4813115090919057315, 0.5201129981462014884, 0.5609129028334480793, 0.6040246006136038570, 0.6500745638656776348, 0.6995722277770576314, 0.7523625390892966225, 0.8087887173463874646, 0.8689542125204782197, 0.9326747199379387121, 1.000000000000000000 ),
 .UNSPECIFIED. ) ;
#4459 = EDGE_CURVE ( 'NONE', #555, #2510, #5529, .T. ) ;
#4460 = DIRECTION ( 'NONE',  ( -0.000000000000000000, -0.000000000000000000, 1.000000000000000000 ) ) ;
#4461 = CARTESIAN_POINT ( 'NONE',  ( -0.07865639792755345361, 0.06991097007626477511, 0.1877055431802803764 ) ) ;
#4462 = AXIS2_PLACEMENT_3D ( 'NONE', #6385, #4558, #5228 ) ;
#4463 = CARTESIAN_POINT ( 'NONE',  ( -0.4558643240890188908, 0.1315847090563788124, 0.2270756231802803504 ) ) ;
#4464 = LINE ( 'NONE', #5521, #5822 ) ;
#4465 = CARTESIAN_POINT ( 'NONE',  ( 0.3042593962401852203, 0.1266195112699204928, 0.2270756231802802949 ) ) ;
#4466 = CARTESIAN_POINT ( 'NONE',  ( -0.4016378795678705593, 0.05194420531806829416, 0.2270756231802802394 ) ) ;
#4467 = CARTESIAN_POINT ( 'NONE',  ( -0.1273926299706706344, 0.1546321466917572884, 0.2270756231802802949 ) ) ;
#4468 = CARTESIAN_POINT ( 'NONE',  ( -0.3884840821424204171, 0.1467150649914887584, 0.1877055431802802654 ) ) ;
#4469 = ORIENTED_EDGE ( 'NONE', *, *, #2794, .T. ) ;
#4470 = CARTESIAN_POINT ( 'NONE',  ( -0.1273447170162817776, 0.1533550363974388875, 0.2270756231802802949 ) ) ;
#4471 = CARTESIAN_POINT ( 'NONE',  ( 0.02811661954741698222, 0.1557841197812466771, 0.1877055431802803209 ) ) ;
#4472 = DIRECTION ( 'NONE',  ( -1.000000000000000000, 0.000000000000000000, 0.000000000000000000 ) ) ;
#4473 = CARTESIAN_POINT ( 'NONE',  ( -0.2281100641120749062, 0.1176336335723349447, 0.1877055431802803487 ) ) ;
#4474 = VERTEX_POINT ( 'NONE', #5103 ) ;
#4475 = CARTESIAN_POINT ( 'NONE',  ( -0.4201249094080245494, 0.1953783880358854197, 0.1877055431802803764 ) ) ;
#4476 = EDGE_CURVE ( 'NONE', #3309, #2914, #7547, .T. ) ;
#4477 = CARTESIAN_POINT ( 'NONE',  ( 0.1185336859119783121, 0.1096012986368785080, 0.2270756231802802672 ) ) ;
#4478 = DIRECTION ( 'NONE',  ( -0.000000000000000000, -1.000000000000000000, -0.000000000000000000 ) ) ;
#4479 = ORIENTED_EDGE ( 'NONE', *, *, #6703, .T. ) ;
#4480 = CARTESIAN_POINT ( 'NONE',  ( -0.2106143666492356348, 0.07751678226972763541, 0.1877055431802803487 ) ) ;
#4481 = ORIENTED_EDGE ( 'NONE', *, *, #5776, .F. ) ;
#4482 = SPHERICAL_SURFACE ( 'NONE', #2023, 0.02000000000000000042 ) ;
#4483 = CARTESIAN_POINT ( 'NONE',  ( 0.06087879998804703041, 0.1288730008591923160, 0.2270756231802802672 ) ) ;
#4484 = VECTOR ( 'NONE', #2398, 39.37007874015748143 ) ;
#4485 = CARTESIAN_POINT ( 'NONE',  ( -0.03470930143143786256, 0.1200882268406615466, 0.1877055431802803487 ) ) ;
#4486 = CARTESIAN_POINT ( 'NONE',  ( -0.1109149880835703372, 0.1246195939314029555, 0.1877055431802803487 ) ) ;
#4487 = CARTESIAN_POINT ( 'NONE',  ( 0.2947913305811339924, 0.1396086327027084295, 0.2270756231802802949 ) ) ;
#4488 = AXIS2_PLACEMENT_3D ( 'NONE', #522, #2954, #5375 ) ;
#4489 = ORIENTED_EDGE ( 'NONE', *, *, #4352, .F. ) ;
#4490 = ADVANCED_FACE ( 'NONE', ( #1503 ), #3919, .T. ) ;
#4491 = CARTESIAN_POINT ( 'NONE',  ( -0.03951127011541345074, 0.07628684540208252596, 0.1877055431802803209 ) ) ;
#4492 = CARTESIAN_POINT ( 'NONE',  ( 0.05284593774774872660, 0.1028152597527481338, 0.2270756231802803782 ) ) ;
#4493 = CARTESIAN_POINT ( 'NONE',  ( -0.4158531448143500953, 0.07764787570090497804, 0.1877055431802802654 ) ) ;
#4494 = EDGE_CURVE ( 'NONE', #7029, #4571, #3070, .T. ) ;
#4495 = ORIENTED_EDGE ( 'NONE', *, *, #5902, .F. ) ;
#4496 = DIRECTION ( 'NONE',  ( -0.3120445760271389757, 0.000000000000000000, 0.9500674621162662481 ) ) ;
#4497 = CARTESIAN_POINT ( 'NONE',  ( 0.2344537485990290659, 0.1165991252979789450, 0.2270756231802803504 ) ) ;
#4498 = EDGE_CURVE ( 'NONE', #7391, #4624, #1769, .T. ) ;
#4499 = ORIENTED_EDGE ( 'NONE', *, *, #6630, .F. ) ;
#4500 = CARTESIAN_POINT ( 'NONE',  ( -0.02537295488820908926, 0.08253517975705738918, 0.2270756231802804059 ) ) ;
#4501 = DIRECTION ( 'NONE',  ( 0.000000000000000000, 1.000000000000000000, 8.471558355861791338E-13 ) ) ;
#4502 = CARTESIAN_POINT ( 'NONE',  ( -0.1639738843970750259, 0.1523270544271657645, 0.1877055431802803209 ) ) ;
#4503 = CARTESIAN_POINT ( 'NONE',  ( -0.4474468957350107856, 0.1730059482948134442, 0.2270756231802802949 ) ) ;
#4504 = CARTESIAN_POINT ( 'NONE',  ( -0.3444936690555228109, 0.07137456980022420516, 0.1877055431802803209 ) ) ;
#4505 = CARTESIAN_POINT ( 'NONE',  ( 0.2998267442553902984, 0.1170300000176340421, 0.2270756231802803782 ) ) ;
#4506 = LINE ( 'NONE', #3949, #415 ) ;
#4507 = DIRECTION ( 'NONE',  ( -0.000000000000000000, -0.000000000000000000, 1.000000000000000000 ) ) ;
#4508 =( BOUNDED_CURVE ( )  B_SPLINE_CURVE ( 3, ( #7307, #4940, #640, #37 ),
 .UNSPECIFIED., .F., .F. ) 
 B_SPLINE_CURVE_WITH_KNOTS ( ( 4, 4 ),
 ( 0.000000000000000000, 1.570796326794896558 ),
 .UNSPECIFIED. ) 
 CURVE ( )  GEOMETRIC_REPRESENTATION_ITEM ( )  RATIONAL_B_SPLINE_CURVE ( ( 1.000000000000000000, 0.8047378541243649375, 0.8047378541243649375, 1.000000000000000000 ) ) 
 REPRESENTATION_ITEM ( '' )  );
#4509 = ORIENTED_EDGE ( 'NONE', *, *, #7001, .F. ) ;
#4510 = CARTESIAN_POINT ( 'NONE',  ( -0.2969389023584984577, 0.1226326522363244131, 0.2270756231802802949 ) ) ;
#4511 = CARTESIAN_POINT ( 'NONE',  ( 0.7954022872182958670, 0.5799999999999999600, 0.2070756231802803049 ) ) ;
#4512 = CARTESIAN_POINT ( 'NONE',  ( -0.7763573127152829656, 0.01999999999999999001, -0.1978062665827000910 ) ) ;
#4513 = CARTESIAN_POINT ( 'NONE',  ( -0.2880282729443373602, 0.07382863289451574440, 0.1877055431802803209 ) ) ;
#4514 = EDGE_LOOP ( 'NONE', ( #1800, #4597, #6864, #508 ) ) ;
#4515 = CARTESIAN_POINT ( 'NONE',  ( 0.2824525682755134603, 0.1530408857370942066, 0.2270756231802802949 ) ) ;
#4516 = DIRECTION ( 'NONE',  ( 0.000000000000000000, -1.000000000000000000, 0.000000000000000000 ) ) ;
#4517 = CARTESIAN_POINT ( 'NONE',  ( -0.1507303888673315606, 0.1123058706817441632, 0.1877055431802803209 ) ) ;
#4518 = EDGE_LOOP ( 'NONE', ( #5907, #2157, #4949, #5163 ) ) ;
#4519 = FACE_OUTER_BOUND ( 'NONE', #7059, .T. ) ;
#4520 = ORIENTED_EDGE ( 'NONE', *, *, #6363, .F. ) ;
#4521 = FACE_OUTER_BOUND ( 'NONE', #7188, .T. ) ;
#4522 = CARTESIAN_POINT ( 'NONE',  ( 0.05483150847149315110, 0.1186273202245977654, 0.1877055431802802377 ) ) ;
#4523 = CARTESIAN_POINT ( 'NONE',  ( 0.09319590835031493770, 0.1122657820408914792, 0.1877055431802804042 ) ) ;
#4524 = ADVANCED_FACE ( 'NONE', ( #634 ), #4188, .T. ) ;
#4525 = CIRCLE ( 'NONE', #5530, 0.01999999999999999001 ) ;
#4526 = CARTESIAN_POINT ( 'NONE',  ( -0.2454246497819601858, 0.07681518911668358540, 0.2270756231802802949 ) ) ;
#4527 = ORIENTED_EDGE ( 'NONE', *, *, #525, .T. ) ;
#4528 = CARTESIAN_POINT ( 'NONE',  ( -0.01959503830808758534, 0.09784415641987861956, 0.1877055431802803209 ) ) ;
#4529 = CARTESIAN_POINT ( 'NONE',  ( -0.04048917570443432562, 0.07632398390935549171, 0.2270756231802802394 ) ) ;
#4530 = CARTESIAN_POINT ( 'NONE',  ( -0.4278266607103948238, 0.09234934665383356944, 0.1877055431802802377 ) ) ;
#4531 = ORIENTED_EDGE ( 'NONE', *, *, #5906, .T. ) ;
#4532 = EDGE_CURVE ( 'NONE', #4108, #6043, #7639, .T. ) ;
#4533 = DIRECTION ( 'NONE',  ( -0.000000000000000000, -0.000000000000000000, 1.000000000000000000 ) ) ;
#4534 = CARTESIAN_POINT ( 'NONE',  ( 0.2330429268359290595, 0.09941834398879766110, 0.1877055431802803209 ) ) ;
#4535 = EDGE_LOOP ( 'NONE', ( #5678, #1691, #6396, #2543 ) ) ;
#4536 = CARTESIAN_POINT ( 'NONE',  ( -0.2926640161568907494, 0.1617776613979029221, 0.2270756231802802949 ) ) ;
#4537 = ORIENTED_EDGE ( 'NONE', *, *, #6388, .F. ) ;
#4538 = CARTESIAN_POINT ( 'NONE',  ( 0.2984073524365751795, 0.05508757223430543054, 0.1877055431802803209 ) ) ;
#4539 = CARTESIAN_POINT ( 'NONE',  ( -0.1559229772452952467, 0.1679415619380320301, 0.2270756231802802949 ) ) ;
#4540 = CARTESIAN_POINT ( 'NONE',  ( -0.3903620531034030505, 0.1550520783006190950, 0.2270756231802802672 ) ) ;
#4541 = CARTESIAN_POINT ( 'NONE',  ( 0.2984073524365751795, 0.05508757223430543054, 0.1877055431802803209 ) ) ;
#4542 = CARTESIAN_POINT ( 'NONE',  ( 0.3117764766671405896, 0.1325788366085081382, 0.2270756231802803504 ) ) ;
#4543 = ADVANCED_FACE ( 'NONE', ( #6572 ), #5974, .T. ) ;
#4544 = CARTESIAN_POINT ( 'NONE',  ( -0.2475812588645307788, 0.1715876375599909576, 0.2270756231802804059 ) ) ;
#4545 = CARTESIAN_POINT ( 'NONE',  ( -0.08081801466344307183, 0.07321206205817967771, 0.2270756231802802949 ) ) ;
#4546 = ORIENTED_EDGE ( 'NONE', *, *, #5437, .F. ) ;
#4547 = CARTESIAN_POINT ( 'NONE',  ( 0.2635884369248993053, 0.1575071012801285142, 0.1877055431802802654 ) ) ;
#4548 = CARTESIAN_POINT ( 'NONE',  ( -0.4121291659522705042, 0.1715317114765750328, 0.1877055431802803487 ) ) ;
#4549 = CARTESIAN_POINT ( 'NONE',  ( -0.2824597513460468390, 0.1820782355482234716, 0.2270756231802803504 ) ) ;
#4550 = CARTESIAN_POINT ( 'NONE',  ( -0.02377157035934944485, 0.1127706681234370428, 0.2270756231802802672 ) ) ;
#4551 = EDGE_CURVE ( 'NONE', #6948, #2572, #6048, .T. ) ;
#4552 = CARTESIAN_POINT ( 'NONE',  ( 0.2742512618592611862, 0.1565217714367488355, 0.2270756231802803504 ) ) ;
#4553 = CARTESIAN_POINT ( 'NONE',  ( 0.1183738541507912134, 0.1066331478077492678, 0.2270756231802803782 ) ) ;
#4554 = CARTESIAN_POINT ( 'NONE',  ( -0.1275423792654898636, 0.1492831449455364612, 0.2270756231802802949 ) ) ;
#4555 = ORIENTED_EDGE ( 'NONE', *, *, #3469, .F. ) ;
#4556 = AXIS2_PLACEMENT_3D ( 'NONE', #826, #3247, #5671 ) ;
#4557 = ORIENTED_EDGE ( 'NONE', *, *, #58, .T. ) ;
#4558 = DIRECTION ( 'NONE',  ( 1.000000000000000000, -0.000000000000000000, 0.000000000000000000 ) ) ;
#4559 = VECTOR ( 'NONE', #5399, 39.37007874015748143 ) ;
#4560 = CARTESIAN_POINT ( 'NONE',  ( -1.018337751696372750, 0.5799999999999999600, -0.1978062665827011180 ) ) ;
#4561 = CARTESIAN_POINT ( 'NONE',  ( 0.05687743668723920648, 0.1236164632634709354, 0.1877055431802802654 ) ) ;
#4562 = CARTESIAN_POINT ( 'NONE',  ( 0.09195517573860327587, 0.1210515645800658291, 0.1877055431802802654 ) ) ;
#4563 = CARTESIAN_POINT ( 'NONE',  ( -0.4516585649152190518, 0.1617776613979029221, 0.1877055431802803764 ) ) ;
#4564 = ORIENTED_EDGE ( 'NONE', *, *, #7028, .F. ) ;
#4565 = VECTOR ( 'NONE', #5020, 39.37007874015748143 ) ;
#4566 = AXIS2_PLACEMENT_3D ( 'NONE', #40, #2488, #7351 ) ;
#4567 = B_SPLINE_CURVE_WITH_KNOTS ( 'NONE', 3,
 ( #4314, #3149, #6777, #1932, #3067, #1253, #6814, #3189, #6132, #1210, #3675, #3107, #6092, #1967, #36, #639, #7264, #1809, #5525 ),
 .UNSPECIFIED., .F., .F.,
 ( 4, 1, 1, 1, 1, 1, 1, 1, 1, 1, 1, 1, 1, 1, 1, 1, 4 ),
 ( 0.000000000000000000, 0.05646686847186281610, 0.1111640986969636702, 0.1649370968759851785, 0.2183217523125939585, 0.2723929232482762974, 0.3279763434477043771, 0.3852910519840211934, 0.4449029182928192494, 0.5068438192198360115, 0.5694881852629684049, 0.6341532155537225046, 0.7009760953100506731, 0.7708974968462686261, 0.8436256105557798923, 0.9196596761155401145, 1.000000000000000000 ),
 .UNSPECIFIED. ) ;
#4568 = DIRECTION ( 'NONE',  ( -0.7534360249898387485, 0.6575212211385357275, 0.000000000000000000 ) ) ;
#4569 = DIRECTION ( 'NONE',  ( -0.3090169943748820591, 0.000000000000000000, -0.9510565162951748475 ) ) ;
#4570 = CARTESIAN_POINT ( 'NONE',  ( -0.4297345498267970410, 0.1004043316527998136, 0.2270756231802802949 ) ) ;
#4571 = VERTEX_POINT ( 'NONE', #1847 ) ;
#4572 = B_SPLINE_CURVE_WITH_KNOTS ( 'NONE', 3,
 ( #95, #7407, #1952, #6194, #751, #3173, #174, #5596, #2616, #7561, #2187, #331, #2069, #1477, #2659, #1553, #7602, #2146, #913, #5235, #5679, #3892, #214 ),
 .UNSPECIFIED., .F., .F.,
 ( 4, 1, 1, 1, 1, 1, 1, 1, 1, 1, 1, 1, 1, 1, 1, 1, 1, 1, 1, 1, 4 ),
 ( 0.000000000000000000, 0.05383370089591479890, 0.1055426304091381801, 0.1580541720958376362, 0.2119873357804051839, 0.2402068903290461299, 0.2697935103595444084, 0.3013430987966757568, 0.3346080613711926444, 0.3702844416648602976, 0.4080888380149461092, 0.4486813458099819796, 0.4920692965602020963, 0.5386641566662652147, 0.5903710538753821346, 0.6463877841547197578, 0.7071953757631237458, 0.7729467746818399210, 0.8436426012467370672, 0.9193083570571426444, 1.000000000000000000 ),
 .UNSPECIFIED. ) ;
#4573 = LINE ( 'NONE', #1557, #476 ) ;
#4574 = CARTESIAN_POINT ( 'NONE',  ( 0.6859622457331169265, 0.02000000000000000042, -0.1978062665827000077 ) ) ;
#4575 = CARTESIAN_POINT ( 'NONE',  ( 0.7080070247953581530, 0.5917157287525380838, -0.06523805343214943153 ) ) ;
#4576 = EDGE_LOOP ( 'NONE', ( #1702, #6791, #544 ) ) ;
#4577 = CARTESIAN_POINT ( 'NONE',  ( -0.3156288625014166960, 0.06257592268613049180, 0.2270756231802803504 ) ) ;
#4578 = VERTEX_POINT ( 'NONE', #1248 ) ;
#4579 = FACE_OUTER_BOUND ( 'NONE', #362, .T. ) ;
#4580 = CARTESIAN_POINT ( 'NONE',  ( -0.1473120351618774637, 0.1716148723937459264, 0.2270756231802802949 ) ) ;
#4581 = CARTESIAN_POINT ( 'NONE',  ( -0.3870623953822679431, 0.1302825303198414386, 0.2270756231802804059 ) ) ;
#4582 = CARTESIAN_POINT ( 'NONE',  ( -0.1888604029292720032, 0.1524775614272266822, 0.1877055431802803487 ) ) ;
#4583 = CARTESIAN_POINT ( 'NONE',  ( -0.3952181755386702244, 0.08356120867961618071, 0.2270756231802802672 ) ) ;
#4584 = CARTESIAN_POINT ( 'NONE',  ( -0.04232781716447878845, 0.05159036609242168003, 0.2270756231802802949 ) ) ;
#4585 = ORIENTED_EDGE ( 'NONE', *, *, #4142, .T. ) ;
#4586 = CARTESIAN_POINT ( 'NONE',  ( -0.7541167953658587386, 0.2350000000000000144, 0.2070756231802803049 ) ) ;
#4587 = CARTESIAN_POINT ( 'NONE',  ( -0.1008456255565603754, 0.05508757223430543054, 0.2270756231802802949 ) ) ;
#4588 = CARTESIAN_POINT ( 'NONE',  ( -0.2629776881016986367, 0.1662518209824076221, 0.1877055431802803209 ) ) ;
#4589 = DIRECTION ( 'NONE',  ( 0.3090169943748821146, 0.000000000000000000, 0.9510565162951749585 ) ) ;
#4590 = CARTESIAN_POINT ( 'NONE',  ( -0.04474808200312601486, 0.1192358229715188844, 0.2270756231802803782 ) ) ;
#4591 = EDGE_CURVE ( 'NONE', #2178, #7391, #7860, .T. ) ;
#4592 = LINE ( 'NONE', #969, #458 ) ;
#4593 = B_SPLINE_CURVE_WITH_KNOTS ( 'NONE', 3,
 ( #59, #7330, #5003, #5041, #3093, #175, #2505 ),
 .UNSPECIFIED., .F., .F.,
 ( 4, 1, 1, 1, 4 ),
 ( 0.000000000000000000, 0.2636542475285981180, 0.5199803460206632311, 0.7671028029252663361, 1.000000000000000000 ),
 .UNSPECIFIED. ) ;
#4594 = CARTESIAN_POINT ( 'NONE',  ( -0.2660221304712351853, 0.1939056131176330466, 0.1877055431802803487 ) ) ;
#4595 = B_SPLINE_SURFACE_WITH_KNOTS ( 'NONE', 3, 1, ( 
 ( #6179, #7429 ),
 ( #119, #2050 ),
 ( #1976, #3313 ),
 ( #6859, #5062 ),
 ( #3238, #5663 ),
 ( #5026, #2012 ),
 ( #857, #896 ),
 ( #2678, #4987 ),
 ( #4473, #3276 ),
 ( #3157, #6903 ),
 ( #732, #5577 ) ),
 .UNSPECIFIED., .F., .F., .F.,
 ( 4, 1, 1, 1, 1, 1, 1, 1, 4 ),
 ( 2, 2 ),
 ( 0.000000000000000000, 0.08887073112253614238, 0.1863547159714915302, 0.2940776543961755585, 0.4122365279576112318, 0.5417781444209643915, 0.6827026066315659003, 0.8350963526041702556, 1.000000000000000000 ),
 ( 0.000000000000000000, 1.000000000000000000 ),
 .UNSPECIFIED. ) ;
#4596 = ORIENTED_EDGE ( 'NONE', *, *, #3455, .F. ) ;
#4597 = ORIENTED_EDGE ( 'NONE', *, *, #3321, .F. ) ;
#4598 = CARTESIAN_POINT ( 'NONE',  ( 0.3554326931113872545, 0.1469729603695233144, 0.2270756231802802672 ) ) ;
#4599 = AXIS2_PLACEMENT_3D ( 'NONE', #1009, #3428, #5859 ) ;
#4600 = DIRECTION ( 'NONE',  ( 0.000000000000000000, 1.000000000000000000, 0.000000000000000000 ) ) ;
#4601 = DIRECTION ( 'NONE',  ( 0.000000000000000000, 0.000000000000000000, -1.000000000000000000 ) ) ;
#4602 = COORDINATED_UNIVERSAL_TIME_OFFSET ( 5, 0, .BEHIND. ) ;
#4603 = CARTESIAN_POINT ( 'NONE',  ( 0.3334192443024109886, 0.1299918611598430140, 0.1877055431802803487 ) ) ;
#4604 = CARTESIAN_POINT ( 'NONE',  ( -0.4446161308059040640, 0.1776734734557873785, 0.1877055431802803209 ) ) ;
#4605 = VECTOR ( 'NONE', #4229, 39.37007874015748143 ) ;
#4606 = CARTESIAN_POINT ( 'NONE',  ( -0.1273447170162817776, 0.1533550363974388875, 0.1877055431802803209 ) ) ;
#4607 = CARTESIAN_POINT ( 'NONE',  ( 0.3015047318484846417, 0.1473936209300835687, 0.1877055431802803209 ) ) ;
#4608 = CARTESIAN_POINT ( 'NONE',  ( 0.005104042574566637798, 0.09785255556547339806, 0.1877055431802803209 ) ) ;
#4609 = ORIENTED_EDGE ( 'NONE', *, *, #782, .T. ) ;
#4610 = CARTESIAN_POINT ( 'NONE',  ( -0.03225946985468784028, 0.1450847261361962459, 0.2270756231802802949 ) ) ;
#4611 = CARTESIAN_POINT ( 'NONE',  ( -0.2698528438077009151, 0.09613924618955294044, 0.1877055431802803209 ) ) ;
#4612 = CARTESIAN_POINT ( 'NONE',  ( 0.9063137413222659422, 0.01999999999999999001, -0.06651786402957461652 ) ) ;
#4613 = CARTESIAN_POINT ( 'NONE',  ( -0.1030054160402788799, 0.1487344919511475461, 0.1877055431802802654 ) ) ;
#4614 = ORIENTED_EDGE ( 'NONE', *, *, #3480, .F. ) ;
#4615 = CARTESIAN_POINT ( 'NONE',  ( 0.6637217283835672443, 0.2349999999999998201, 0.06959530821986563420 ) ) ;
#4616 = EDGE_LOOP ( 'NONE', ( #1958, #7529, #5877, #245 ) ) ;
#4617 = DIRECTION ( 'NONE',  ( -1.000000000000000000, 0.000000000000000000, 0.000000000000000000 ) ) ;
#4618 = CARTESIAN_POINT ( 'NONE',  ( -0.1628890834677349242, 0.1571693242842661375, 0.2270756231802802116 ) ) ;
#4619 = CARTESIAN_POINT ( 'NONE',  ( -0.3963433752819029432, 0.1658718614849219175, 0.2270756231802804059 ) ) ;
#4620 = CARTESIAN_POINT ( 'NONE',  ( -0.4066323180502234291, 0.07635462944205610725, 0.1877055431802803209 ) ) ;
#4621 = CARTESIAN_POINT ( 'NONE',  ( -0.02013436944860653999, 0.1420556185930608728, 0.2270756231802802949 ) ) ;
#4622 = CARTESIAN_POINT ( 'NONE',  ( 0.7908831816356038935, 0.000000000000000000, 0.2208347316597377152 ) ) ;
#4623 = CARTESIAN_POINT ( 'NONE',  ( -0.3930338153696311676, 0.1613261747899569776, 0.1877055431802802654 ) ) ;
#4624 = VERTEX_POINT ( 'NONE', #3628 ) ;
#4625 = CARTESIAN_POINT ( 'NONE',  ( -0.4516585649152190518, 0.1617776613979029221, 0.2270756231802803782 ) ) ;
#4626 = CARTESIAN_POINT ( 'NONE',  ( -0.4121291659522705042, 0.1715317114765750328, 0.2270756231802803782 ) ) ;
#4627 = CARTESIAN_POINT ( 'NONE',  ( -1.037358882022270556, 0.01999999999999999001, -0.1916259266951862716 ) ) ;
#4628 = EDGE_CURVE ( 'NONE', #6730, #5943, #404, .T. ) ;
#4629 = CARTESIAN_POINT ( 'NONE',  ( -0.3712752612891410120, 0.07407194944985386054, 0.1877055431802803487 ) ) ;
#4630 = CARTESIAN_POINT ( 'NONE',  ( 0.1122110899836359921, 0.1437533640175094607, 0.1877055431802803209 ) ) ;
#4631 = EDGE_CURVE ( 'NONE', #733, #2314, #6867, .T. ) ;
#4632 = CARTESIAN_POINT ( 'NONE',  ( -0.1484427660099137125, 0.1147588430224843192, 0.1877055431802802654 ) ) ;
#4633 = ORIENTED_EDGE ( 'NONE', *, *, #2898, .T. ) ;
#4634 = ADVANCED_FACE ( 'NONE', ( #4380 ), #7146, .T. ) ;
#4635 = ORIENTED_EDGE ( 'NONE', *, *, #2171, .T. ) ;
#4636 = CARTESIAN_POINT ( 'NONE',  ( 0.3393502860864233139, 0.1564162333108067016, 0.1877055431802802654 ) ) ;
#4637 = CARTESIAN_POINT ( 'NONE',  ( 0.1431316793046816527, 0.1345557529479892434, 0.2270756231802802116 ) ) ;
#4638 = CARTESIAN_POINT ( 'NONE',  ( -0.7763573127152829656, 0.5999999999999999778, -0.1978062665827001188 ) ) ;
#4639 = EDGE_CURVE ( 'NONE', #1018, #5537, #4877, .T. ) ;
#4640 = CARTESIAN_POINT ( 'NONE',  ( 0.6720059996310292494, 0.2267157287525379261, 0.2270756231802802949 ) ) ;
#4641 = CARTESIAN_POINT ( 'NONE',  ( -0.08432858592391366537, 0.08050104484880638012, 0.1877055431802802654 ) ) ;
#4642 = CARTESIAN_POINT ( 'NONE',  ( -0.01958174508008132114, 0.09864545382122244521, 0.1877055431802803209 ) ) ;
#4643 = CARTESIAN_POINT ( 'NONE',  ( -0.2961556134907856186, 0.1041195125825901402, 0.1877055431802803487 ) ) ;
#4644 = ORIENTED_EDGE ( 'NONE', *, *, #7705, .T. ) ;
#4645 = CARTESIAN_POINT ( 'NONE',  ( -0.3769918851514313940, 0.06525601599062941238, 0.2270756231802802949 ) ) ;
#4646 = EDGE_CURVE ( 'NONE', #3240, #301, #2515, .T. ) ;
#4647 = CARTESIAN_POINT ( 'NONE',  ( -0.2688321119520666880, 0.09234934665383363883, 0.1877055431802803487 ) ) ;
#4648 = CARTESIAN_POINT ( 'NONE',  ( -0.2288357625730825518, 0.1417658585635452051, 0.1877055431802802377 ) ) ;
#4649 = CYLINDRICAL_SURFACE ( 'NONE', #3547, 0.01999999999999999001 ) ;
#4650 = EDGE_LOOP ( 'NONE', ( #5532, #5152, #459, #1, #5106 ) ) ;
#4651 = CARTESIAN_POINT ( 'NONE',  ( -0.03975969909784833611, 0.1699169685597647361, 0.2270756231802802949 ) ) ;
#4652 = ORIENTED_EDGE ( 'NONE', *, *, #7808, .T. ) ;
#4653 = CARTESIAN_POINT ( 'NONE',  ( -0.3296211151588215871, 0.08335326979134158321, 0.1877055431802803209 ) ) ;
#4654 = CARTESIAN_POINT ( 'NONE',  ( -0.9777073625825051240, 0.5799999999999999600, -0.07275878689828080281 ) ) ;
#4655 = LINE ( 'NONE', #6489, #714 ) ;
#4656 = DIRECTION ( 'NONE',  ( -0.000000000000000000, -0.000000000000000000, 1.000000000000000000 ) ) ;
#4657 = CARTESIAN_POINT ( 'NONE',  ( -0.01300807422368090334, 0.1379967597445732330, 0.1877055431802803487 ) ) ;
#4658 = CARTESIAN_POINT ( 'NONE',  ( 0.6637217283835672443, 0.5999999999999999778, 0.06959530821986563420 ) ) ;
#4659 = CIRCLE ( 'NONE', #1233, 0.02000000000000003858 ) ;
#4660 = VECTOR ( 'NONE', #7250, 39.37007874015748143 ) ;
#4661 = CARTESIAN_POINT ( 'NONE',  ( -0.2201377551621611361, 0.06280155140425276727, 0.2270756231802802116 ) ) ;
#4662 = ORIENTED_EDGE ( 'NONE', *, *, #3072, .F. ) ;
#4663 = CARTESIAN_POINT ( 'NONE',  ( -0.2842912992425627450, 0.06787146062695062487, 0.2270756231802802672 ) ) ;
#4664 = CARTESIAN_POINT ( 'NONE',  ( 0.8098845308779292207, 0.01999999999999999001, 0.2270756231802802949 ) ) ;
#4665 = CARTESIAN_POINT ( 'NONE',  ( 0.05483150847149315110, 0.1186273202245977654, 0.1877055431802802377 ) ) ;
#4666 = EDGE_CURVE ( 'NONE', #99, #938, #4344, .T. ) ;
#4667 = CARTESIAN_POINT ( 'NONE',  ( -0.03291032528041618055, 0.1196328100508765729, 0.2270756231802802949 ) ) ;
#4668 = CARTESIAN_POINT ( 'NONE',  ( -0.3814504244934946442, 0.06065192630318334832, 0.1877055431802803487 ) ) ;
#4669 = CARTESIAN_POINT ( 'NONE',  ( -0.1396672416376079362, 0.1250511642327805928, 0.1877055431802802377 ) ) ;
#4670 = CARTESIAN_POINT ( 'NONE',  ( 0.9279426847140814782, 0.01999999999999999001, -0.2178062665826999700 ) ) ;
#4671 = CARTESIAN_POINT ( 'NONE',  ( -0.2562133934397275992, 0.1706780374008278756, 0.1877055431802804042 ) ) ;
#4672 = EDGE_LOOP ( 'NONE', ( #7605, #166, #1842, #4448 ) ) ;
#4673 = EDGE_LOOP ( 'NONE', ( #4440, #6198, #3515, #6748 ) ) ;
#4674 = CARTESIAN_POINT ( 'NONE',  ( 0.3309012221385250196, 0.1574994064281522166, 0.1877055431802802654 ) ) ;
#4675 = CARTESIAN_POINT ( 'NONE',  ( 0.05284910490982360626, 0.09941834398879766110, 0.2270756231802802949 ) ) ;
#4676 = CARTESIAN_POINT ( 'NONE',  ( -0.4095324378420436839, 0.1964160600194861384, 0.1877055431802803209 ) ) ;
#4677 = AXIS2_PLACEMENT_3D ( 'NONE', #1630, #4568, #5154 ) ;
#4678 = SECURITY_CLASSIFICATION_LEVEL ( 'unclassified' ) ;
#4679 = CARTESIAN_POINT ( 'NONE',  ( -0.2055168497023298624, 0.1531454916444926484, 0.1877055431802803209 ) ) ;
#4680 = CARTESIAN_POINT ( 'NONE',  ( -0.05314432204525233044, 0.05286954145079670458, 0.1877055431802802654 ) ) ;
#4681 =( GEOMETRIC_REPRESENTATION_CONTEXT ( 3 ) GLOBAL_UNCERTAINTY_ASSIGNED_CONTEXT ( ( #3605 ) ) GLOBAL_UNIT_ASSIGNED_CONTEXT ( ( #7556, #5075, #6951 ) ) REPRESENTATION_CONTEXT ( 'NONE', 'WORKASPACE' ) );
#4682 = CARTESIAN_POINT ( 'NONE',  ( -0.3967949255551194154, 0.08161063583256165932, 0.1877055431802803209 ) ) ;
#4683 = FACE_OUTER_BOUND ( 'NONE', #6240, .T. ) ;
#4684 = EDGE_CURVE ( 'NONE', #770, #5005, #4655, .T. ) ;
#4685 = ORIENTED_EDGE ( 'NONE', *, *, #4400, .F. ) ;
#4686 = CARTESIAN_POINT ( 'NONE',  ( -0.3838486450326329402, 0.05869635865683606873, 0.1877055431802802099 ) ) ;
#4687 = CARTESIAN_POINT ( 'NONE',  ( 0.02811661954741698222, 0.05508757223430543054, 0.1877055431802803209 ) ) ;
#4688 = CARTESIAN_POINT ( 'NONE',  ( -0.2180748296108302176, 0.1823503844418958297, 0.1877055431802804042 ) ) ;
#4689 = CARTESIAN_POINT ( 'NONE',  ( 0.6837217283835673731, 0.5999999999999999778, 0.2070756231802803049 ) ) ;
#4690 = VECTOR ( 'NONE', #5635, 39.37007874015748143 ) ;
#4691 = EDGE_LOOP ( 'NONE', ( #6633, #628, #4965 ) ) ;
#4692 = CARTESIAN_POINT ( 'NONE',  ( -0.3189617161525609701, 0.05767658588707254980, 0.1877055431802803209 ) ) ;
#4693 = ORIENTED_EDGE ( 'NONE', *, *, #6973, .T. ) ;
#4694 = CARTESIAN_POINT ( 'NONE',  ( -0.03784434067711382049, 0.1204420268666136495, 0.1877055431802802654 ) ) ;
#4695 = CARTESIAN_POINT ( 'NONE',  ( -0.005074849400937514292, 0.06890030431375913922, 0.2270756231802802672 ) ) ;
#4696 = CARTESIAN_POINT ( 'NONE',  ( -0.3878303113314107708, 0.1417658585635452606, 0.2270756231802802949 ) ) ;
#4697 = CARTESIAN_POINT ( 'NONE',  ( -0.4003599879221206859, 0.07862314684757659711, 0.1877055431802803487 ) ) ;
#4698 = CARTESIAN_POINT ( 'NONE',  ( 0.005112526620958028969, 0.1011312464064599709, 0.2270756231802803504 ) ) ;
#4699 = CARTESIAN_POINT ( 'NONE',  ( -0.3403052263477343020, 0.05767891528925657429, 0.2270756231802803782 ) ) ;
#4700 = CARTESIAN_POINT ( 'NONE',  ( -0.2106143666492356348, 0.07751678226972763541, 0.2270756231802803504 ) ) ;
#4701 = VERTEX_POINT ( 'NONE', #1042 ) ;
#4702 = CARTESIAN_POINT ( 'NONE',  ( -0.2667387610597269365, 0.05432712697290471848, 0.2270756231802802672 ) ) ;
#4703 = CARTESIAN_POINT ( 'NONE',  ( 0.1835685243185114779, 0.1151063910882870051, 0.2270756231802802672 ) ) ;
#4704 = LINE ( 'NONE', #7020, #4849 ) ;
#4705 = DIRECTION ( 'NONE',  ( -0.000000000000000000, -0.000000000000000000, 1.000000000000000000 ) ) ;
#4706 = FACE_OUTER_BOUND ( 'NONE', #5504, .T. ) ;
#4707 = CARTESIAN_POINT ( 'NONE',  ( 0.2735487261373817924, 0.1095042037285957753, 0.1877055431802803209 ) ) ;
#4708 = CARTESIAN_POINT ( 'NONE',  ( 0.1145975086550285460, 0.1396086327027084295, 0.1877055431802803209 ) ) ;
#4709 = CARTESIAN_POINT ( 'NONE',  ( 0.2083104414735224563, 0.1557841197812466771, 0.1877055431802803209 ) ) ;
#4710 = VERTEX_POINT ( 'NONE', #5728 ) ;
#4711 = VERTEX_POINT ( 'NONE', #959 ) ;
#4712 = CARTESIAN_POINT ( 'NONE',  ( 0.3393502860864233139, 0.1564162333108067016, 0.2270756231802802672 ) ) ;
#4713 = EDGE_CURVE ( 'NONE', #5943, #6649, #432, .T. ) ;
#4714 = DIRECTION ( 'NONE',  ( -0.000000000000000000, 1.000000000000000000, 0.000000000000000000 ) ) ;
#4715 = CARTESIAN_POINT ( 'NONE',  ( -0.7541167953658587386, 0.5999999999999999778, 0.2070756231802803049 ) ) ;
#4716 = CARTESIAN_POINT ( 'NONE',  ( -0.2033209562063738873, 0.1261294150002502668, 0.2270756231802802672 ) ) ;
#4717 = CARTESIAN_POINT ( 'NONE',  ( -0.05692210797796943417, 0.05398637665328333279, 0.2270756231802803782 ) ) ;
#4718 = B_SPLINE_SURFACE_WITH_KNOTS ( 'NONE', 3, 1, ( 
 ( #3135, #6115 ),
 ( #7525, #4451 ),
 ( #60, #794 ),
 ( #176, #5598 ),
 ( #1278, #137 ),
 ( #2506, #4923 ),
 ( #1915, #4336 ),
 ( #3736, #2583 ),
 ( #6157, #2546 ),
 ( #4964, #7409 ),
 ( #1954, #4371 ),
 ( #6197, #3855 ),
 ( #753, #3215 ),
 ( #5004, #6801 ),
 ( #1990, #6279 ),
 ( #1443, #4412 ),
 ( #2618, #6838 ),
 ( #5042, #6882 ),
 ( #835, #3255 ),
 ( #5681, #7644 ),
 ( #257, #6433 ),
 ( #1028, #3936 ),
 ( #4643, #6999 ),
 ( #3446, #985 ),
 ( #5720, #5836 ),
 ( #1555, #6322 ),
 ( #5236, #7041 ) ),
 .UNSPECIFIED., .F., .F., .F.,
 ( 4, 1, 1, 1, 1, 1, 1, 1, 1, 1, 1, 1, 1, 1, 1, 1, 1, 1, 1, 1, 1, 1, 1, 1, 4 ),
 ( 2, 2 ),
 ( 0.000000000000000000, 0.03821733796913594217, 0.07486720303994311154, 0.1101580815531042479, 0.1444539266593011795, 0.1780797262741530829, 0.2111707725935979829, 0.2436870542144174701, 0.2758717334447992608, 0.3083755160139863283, 0.3412633249363586918, 0.3751503394709052586, 0.4096552607042131533, 0.4451573674923581803, 0.4820734672046717018, 0.5205757562184276654, 0.5605536808978380803, 0.6031075754382528853, 0.6486887095294888717, 0.6979476778875631782, 0.7507677670183535712, 0.8073094024459647189, 0.8676555707911409732, 0.9318612220995584616, 1.000000000000000000 ),
 ( 0.000000000000000000, 1.000000000000000000 ),
 .UNSPECIFIED. ) ;
#4719 = VECTOR ( 'NONE', #6776, 39.37007874015748143 ) ;
#4720 = DIRECTION ( 'NONE',  ( 0.2236320174572719588, 0.9746736483397868689, 0.000000000000000000 ) ) ;
#4721 = CARTESIAN_POINT ( 'NONE',  ( 0.7793428639020660853, 0.5799999999999999600, 0.2559709949484936242 ) ) ;
#4722 = VERTEX_POINT ( 'NONE', #4021 ) ;
#4723 = DIRECTION ( 'NONE',  ( 0.3090169943757413717, 0.000000000000000000, 0.9510565162948956264 ) ) ;
#4724 = CARTESIAN_POINT ( 'NONE',  ( -0.8857973542005868062, 0.5799999999999999600, 0.2270756231802802949 ) ) ;
#4725 = CARTESIAN_POINT ( 'NONE',  ( -0.2505378890837154926, 0.1964160600194861384, 0.1877055431802803209 ) ) ;
#4726 = CARTESIAN_POINT ( 'NONE',  ( -0.2962927824037647206, 0.1401030605031331200, 0.1877055431802803764 ) ) ;
#4727 = VERTEX_POINT ( 'NONE', #7615 ) ;
#4728 = ORIENTED_EDGE ( 'NONE', *, *, #1822, .T. ) ;
#4729 = EDGE_CURVE ( 'NONE', #1495, #5361, #266, .T. ) ;
#4730 = CARTESIAN_POINT ( 'NONE',  ( 0.6637217283835672443, 0.02000000000000012879, 0.06959530821986563420 ) ) ;
#4731 = CARTESIAN_POINT ( 'NONE',  ( -0.3444946102169020863, 0.06540961882519540083, 0.1877055431802803487 ) ) ;
#4732 = CARTESIAN_POINT ( 'NONE',  ( -0.2330253769092923144, 0.05432943408580807876, 0.1877055431802802377 ) ) ;
#4733 = LINE ( 'NONE', #470, #1258 ) ;
#4734 = CIRCLE ( 'NONE', #7286, 0.01999999999999999001 ) ;
#4735 = CARTESIAN_POINT ( 'NONE',  ( -0.001476745059752488558, 0.1255223641856654249, 0.2270756231802803782 ) ) ;
#4736 = CARTESIAN_POINT ( 'NONE',  ( -0.1183807820028971169, 0.1881698014779805139, 0.1877055431802802099 ) ) ;
#4737 = EDGE_CURVE ( 'NONE', #6753, #3330, #7070, .T. ) ;
#4738 = B_SPLINE_CURVE_WITH_KNOTS ( 'NONE', 3,
 ( #964, #6495, #5216, #2170, #3387, #7664, #4625, #3468, #439, #3912, #6339 ),
 .UNSPECIFIED., .F., .F.,
 ( 4, 1, 1, 1, 1, 1, 1, 1, 4 ),
 ( 0.000000000000000000, 0.1610711239484212687, 0.3107888083803542756, 0.4499038238309442939, 0.5783763165061847067, 0.6966172119048391620, 0.8059873227104091820, 0.9065617032890804783, 1.000000000000000000 ),
 .UNSPECIFIED. ) ;
#4739 = DIRECTION ( 'NONE',  ( -0.3090169943757429816, -0.000000000000000000, 0.9510565162948950713 ) ) ;
#4740 = ORIENTED_EDGE ( 'NONE', *, *, #7291, .F. ) ;
#4741 = CARTESIAN_POINT ( 'NONE',  ( -0.05793038158736983634, 0.08768015771445679396, 0.1877055431802803487 ) ) ;
#4742 = CARTESIAN_POINT ( 'NONE',  ( 0.07583327305557185927, 0.1567790315492730568, 0.2270756231802802949 ) ) ;
#4743 = CARTESIAN_POINT ( 'NONE',  ( -0.3296211151588215871, 0.08335326979134158321, 0.2270756231802802949 ) ) ;
#4744 = VECTOR ( 'NONE', #7652, 39.37007874015748143 ) ;
#4745 = CARTESIAN_POINT ( 'NONE',  ( -0.3898888531409404057, 0.1922970275678682339, 0.1877055431802803209 ) ) ;
#4746 = CARTESIAN_POINT ( 'NONE',  ( 0.3219265732450374840, 0.1345749701712322111, 0.1877055431802803209 ) ) ;
#4747 = CARTESIAN_POINT ( 'NONE',  ( -0.2507333322954742316, 0.07632033556876730018, 0.2270756231802804059 ) ) ;
#4748 = LINE ( 'NONE', #4035, #1785 ) ;
#4749 = DIRECTION ( 'NONE',  ( -1.000000000000000000, 0.000000000000000000, -0.000000000000000000 ) ) ;
#4750 = ORIENTED_EDGE ( 'NONE', *, *, #1730, .F. ) ;
#4751 = ORIENTED_EDGE ( 'NONE', *, *, #6979, .T. ) ;
#4752 = CARTESIAN_POINT ( 'NONE',  ( 0.3624205401328068898, 0.1321571736990937163, 0.1877055431802803209 ) ) ;
#4753 = LINE ( 'NONE', #947, #798 ) ;
#4754 = CARTESIAN_POINT ( 'NONE',  ( -0.2476377692918951268, 0.07635462944205607949, 0.1877055431802803209 ) ) ;
#4755 = CARTESIAN_POINT ( 'NONE',  ( -0.2369550202667025651, 0.1946156568559112010, 0.2270756231802802394 ) ) ;
#4756 = CARTESIAN_POINT ( 'NONE',  ( -0.04474808200312601486, 0.1192358229715188844, 0.2270756231802804892 ) ) ;
#4757 = ADVANCED_FACE ( 'NONE', ( #3985 ), #2748, .T. ) ;
#4758 = CARTESIAN_POINT ( 'NONE',  ( 0.3637717780372212717, 0.1136616056483979037, 0.1877055431802803209 ) ) ;
#4759 = CARTESIAN_POINT ( 'NONE',  ( 0.003349613246886850356, 0.08523475899910881726, 0.1877055431802803487 ) ) ;
#4760 = ORIENTED_EDGE ( 'NONE', *, *, #590, .T. ) ;
#4761 = EDGE_CURVE ( 'NONE', #7757, #1600, #7891, .T. ) ;
#4762 = CARTESIAN_POINT ( 'NONE',  ( 0.004481950065355245691, 0.1090122533191039828, 0.2270756231802803504 ) ) ;
#4763 = CARTESIAN_POINT ( 'NONE',  ( -0.3354305845520811902, 0.08237936879585076866, 0.1877055431802802377 ) ) ;
#4764 = CARTESIAN_POINT ( 'NONE',  ( -0.2491369283139881208, 0.1716511639888169127, 0.1877055431802802654 ) ) ;
#4765 = LINE ( 'NONE', #6597, #7500 ) ;
#4766 = ORIENTED_EDGE ( 'NONE', *, *, #3888, .T. ) ;
#4767 = VERTEX_POINT ( 'NONE', #5364 ) ;
#4768 = LINE ( 'NONE', #6681, #1701 ) ;
#4769 = CARTESIAN_POINT ( 'NONE',  ( -0.3296211151588215871, 0.05332096613699067317, 0.1877055431802803209 ) ) ;
#4770 = CARTESIAN_POINT ( 'NONE',  ( -0.2033219392533521519, 0.1217030750678314982, 0.1877055431802803487 ) ) ;
#4771 = EDGE_CURVE ( 'NONE', #3271, #2587, #210, .T. ) ;
#4772 = CARTESIAN_POINT ( 'NONE',  ( -0.1453696198529463857, 0.1716835746570795074, 0.2270756231802802949 ) ) ;
#4773 = LINE ( 'NONE', #4622, #1895 ) ;
#4774 = FACE_OUTER_BOUND ( 'NONE', #7464, .T. ) ;
#4775 = FACE_OUTER_BOUND ( 'NONE', #5196, .T. ) ;
#4776 = CARTESIAN_POINT ( 'NONE',  ( -0.1008456255565603754, 0.05508757223430543054, 0.1877055431802803209 ) ) ;
#4777 = EDGE_CURVE ( 'NONE', #5584, #3112, #1159, .T. ) ;
#4778 = CARTESIAN_POINT ( 'NONE',  ( 0.1591564641603178121, 0.1564162333108067016, 0.1877055431802802377 ) ) ;
#4779 = DIRECTION ( 'NONE',  ( 0.000000000000000000, -1.000000000000000000, 0.000000000000000000 ) ) ;
#4780 = CARTESIAN_POINT ( 'NONE',  ( 0.1578006642873100995, 0.1197558209504470672, 0.1877055431802803487 ) ) ;
#4781 = CARTESIAN_POINT ( 'NONE',  ( 0.2947913305811339924, 0.1396086327027084295, 0.1877055431802803209 ) ) ;
#4782 = VECTOR ( 'NONE', #3544, 39.37007874015748143 ) ;
#4783 = CARTESIAN_POINT ( 'NONE',  ( -0.2499306182377636076, 0.1716835746570795351, 0.1877055431802803487 ) ) ;
#4784 = CARTESIAN_POINT ( 'NONE',  ( -0.2523249194757186675, 0.07638673844217866438, 0.1877055431802803209 ) ) ;
#4785 = ADVANCED_FACE ( 'NONE', ( #4888 ), #7331, .T. ) ;
#4786 = CARTESIAN_POINT ( 'NONE',  ( 0.3393502860864233139, 0.1564162333108067016, 0.2270756231802802672 ) ) ;
#4787 = B_SPLINE_CURVE_WITH_KNOTS ( 'NONE', 3,
 ( #4428, #6030, #7807, #3011, #6557, #2383, #2311, #2347, #5427, #4806, #7202 ),
 .UNSPECIFIED., .F., .F.,
 ( 4, 1, 1, 1, 1, 1, 1, 1, 4 ),
 ( 0.000000000000000000, 0.1103603399843298555, 0.2211857967812667358, 0.3343638213725840247, 0.4529765798274164590, 0.5772343082002691084, 0.7088043240432456704, 0.8493551270704516876, 1.000000000000000000 ),
 .UNSPECIFIED. ) ;
#4788 = FACE_OUTER_BOUND ( 'NONE', #1440, .T. ) ;
#4789 = B_SPLINE_SURFACE_WITH_KNOTS ( 'NONE', 3, 1, ( 
 ( #4653, #7654 ),
 ( #1040, #7573 ),
 ( #6445, #996 ),
 ( #6966, #430 ),
 ( #3944, #344 ),
 ( #3901, #2079 ),
 ( #2704, #7090 ),
 ( #922, #306 ),
 ( #5763, #3379 ),
 ( #6487, #5167 ),
 ( #1642, #2158 ) ),
 .UNSPECIFIED., .F., .F., .F.,
 ( 4, 1, 1, 1, 1, 1, 1, 1, 4 ),
 ( 2, 2 ),
 ( 0.000000000000000000, 0.1271196250723280741, 0.2502765869192745130, 0.3719693125512791299, 0.4993749699591257807, 0.6266295960519263630, 0.7493508004417341883, 0.8717133012381531598, 1.000000000000000000 ),
 ( 0.000000000000000000, 1.000000000000000000 ),
 .UNSPECIFIED. ) ;
#4790 = ORIENTED_EDGE ( 'NONE', *, *, #7135, .F. ) ;
#4791 = ORIENTED_EDGE ( 'NONE', *, *, #3032, .T. ) ;
#4792 = ADVANCED_FACE ( 'NONE', ( #2980 ), #5967, .F. ) ;
#4793 = CARTESIAN_POINT ( 'NONE',  ( 0.3628859882291150529, 0.1290529220651498166, 0.2270756231802802949 ) ) ;
#4794 = CARTESIAN_POINT ( 'NONE',  ( -0.3817656024622261279, 0.1870569757980301284, 0.2270756231802802949 ) ) ;
#4795 = CARTESIAN_POINT ( 'NONE',  ( 0.3212076123800437499, 0.1345848466134695609, 0.2270756231802803504 ) ) ;
#4796 = CARTESIAN_POINT ( 'NONE',  ( -0.2362236267803421164, 0.08356120867961623622, 0.2270756231802803782 ) ) ;
#4797 = CARTESIAN_POINT ( 'NONE',  ( -0.2140148360177498710, 0.1766616843148396676, 0.1877055431802803209 ) ) ;
#4798 = VERTEX_POINT ( 'NONE', #1239 ) ;
#4799 = CARTESIAN_POINT ( 'NONE',  ( -0.06737957185187622156, 0.05911111712874865531, 0.2270756231802804059 ) ) ;
#4800 = ORIENTED_EDGE ( 'NONE', *, *, #4142, .F. ) ;
#4801 = AXIS2_PLACEMENT_3D ( 'NONE', #6611, #1167, #557 ) ;
#4802 = CARTESIAN_POINT ( 'NONE',  ( -0.3952181755386702244, 0.08356120867961618071, 0.2270756231802802672 ) ) ;
#4803 = CARTESIAN_POINT ( 'NONE',  ( 0.2736748670741685485, 0.05508757223430543054, 0.1877055431802803209 ) ) ;
#4804 = CARTESIAN_POINT ( 'NONE',  ( -0.2294895333840923091, 0.1467150649914887584, 0.2270756231802804337 ) ) ;
#4805 = CARTESIAN_POINT ( 'NONE',  ( -0.02264807911442003399, 0.1110642885193749568, 0.1877055431802803209 ) ) ;
#4806 = CARTESIAN_POINT ( 'NONE',  ( -0.05409515101747065097, 0.1123457184102434059, 0.1877055431802803764 ) ) ;
#4807 = VERTEX_POINT ( 'NONE', #6077 ) ;
#4808 = ORIENTED_EDGE ( 'NONE', *, *, #300, .F. ) ;
#4809 = CARTESIAN_POINT ( 'NONE',  ( -0.4311273668637569112, 0.1162354866542672505, 0.2270756231802802672 ) ) ;
#4810 = CARTESIAN_POINT ( 'NONE',  ( 0.005011894346760734954, 0.09459938963702042847, 0.2270756231802802672 ) ) ;
#4811 = CARTESIAN_POINT ( 'NONE',  ( 0.2330429268359290595, 0.1557841197812466771, 0.2270756231802802949 ) ) ;
#4812 = CARTESIAN_POINT ( 'NONE',  ( -0.2661148331240897891, 0.08629280190399006567, 0.1877055431802803764 ) ) ;
#4813 = CARTESIAN_POINT ( 'NONE',  ( -0.2713716361470753236, 0.1051849547086360359, 0.2270756231802803504 ) ) ;
#4814 = EDGE_LOOP ( 'NONE', ( #2145, #4135, #2805 ) ) ;
#4815 = CARTESIAN_POINT ( 'NONE',  ( -0.3286226940489787585, 0.08329852876002377671, 0.1877055431802803209 ) ) ;
#4816 = ORIENTED_EDGE ( 'NONE', *, *, #1372, .F. ) ;
#4817 = CARTESIAN_POINT ( 'NONE',  ( 0.1431316793046816527, 0.1345557529479892434, 0.1877055431802802099 ) ) ;
#4818 = DIRECTION ( 'NONE',  ( -1.166092728201162238E-29, 1.707404996040164561E-15, 1.000000000000000000 ) ) ;
#4819 = CARTESIAN_POINT ( 'NONE',  ( 0.1835779561111157976, 0.05508757223430543054, 0.1877055431802803209 ) ) ;
#4820 = CARTESIAN_POINT ( 'NONE',  ( 0.1555089182645158774, 0.1268619752917069243, 0.2270756231802802672 ) ) ;
#4821 = VECTOR ( 'NONE', #6853, 39.37007874015748143 ) ;
#4822 = CARTESIAN_POINT ( 'NONE',  ( -0.1927091426169278421, 0.05508757223430543054, 0.2270756231802802949 ) ) ;
#4823 = CARTESIAN_POINT ( 'NONE',  ( 0.2654787094484591381, 0.1317139707104720003, 0.2270756231802803782 ) ) ;
#4824 = LINE ( 'NONE', #1617, #7204 ) ;
#4825 = CARTESIAN_POINT ( 'NONE',  ( -0.4100482939947536765, 0.05157562912308821107, 0.1877055431802803764 ) ) ;
#4826 = CARTESIAN_POINT ( 'NONE',  ( -0.2591164872105513606, 0.1693594917623948704, 0.1877055431802802377 ) ) ;
#4827 = ORIENTED_EDGE ( 'NONE', *, *, #5957, .T. ) ;
#4828 = ORIENTED_EDGE ( 'NONE', *, *, #4196, .F. ) ;
#4829 = CARTESIAN_POINT ( 'NONE',  ( 0.8098845308779292207, 0.5999999999999999778, 0.2270756231802802949 ) ) ;
#4830 = CARTESIAN_POINT ( 'NONE',  ( -0.4095324378420436839, 0.1964160600194861384, 0.2270756231802802949 ) ) ;
#4831 = EDGE_CURVE ( 'NONE', #7025, #6843, #1760, .T. ) ;
#4832 = DIRECTION ( 'NONE',  ( -3.726486969798281663E-13, 1.505160636016375623E-12, 1.000000000000000000 ) ) ;
#4833 = CARTESIAN_POINT ( 'NONE',  ( -0.2454246497819601858, 0.07681518911668358540, 0.1877055431802803209 ) ) ;
#4834 = CARTESIAN_POINT ( 'NONE',  ( -0.2140148360177498710, 0.1766616843148396676, 0.2270756231802802949 ) ) ;
#4835 = AXIS2_PLACEMENT_3D ( 'NONE', #5099, #7542, #3507 ) ;
#4836 = CARTESIAN_POINT ( 'NONE',  ( -0.2033209562063738873, 0.1261294150002502668, 0.2270756231802802672 ) ) ;
#4837 = VERTEX_POINT ( 'NONE', #7851 ) ;
#4838 = VECTOR ( 'NONE', #7189, 39.37007874015748143 ) ;
#4839 = CARTESIAN_POINT ( 'NONE',  ( -0.3870358133215511254, 0.1239300035890399387, 0.2270756231802802949 ) ) ;
#4840 = CARTESIAN_POINT ( 'NONE',  ( -0.01525898059224916649, 0.05929131556389691943, 0.1877055431802803764 ) ) ;
#4841 = CARTESIAN_POINT ( 'NONE',  ( -0.2340392666113030040, 0.1613261747899569776, 0.2270756231802804337 ) ) ;
#4842 = DIRECTION ( 'NONE',  ( -0.000000000000000000, 0.000000000000000000, 1.000000000000000000 ) ) ;
#4843 = LINE ( 'NONE', #7771, #888 ) ;
#4844 = ORIENTED_EDGE ( 'NONE', *, *, #1046, .T. ) ;
#4845 = VERTEX_POINT ( 'NONE', #4811 ) ;
#4846 = CARTESIAN_POINT ( 'NONE',  ( -0.4217444949216486161, 0.08190168858459762058, 0.2270756231802803504 ) ) ;
#4847 = CARTESIAN_POINT ( 'NONE',  ( -0.3296211151588215871, 0.05332096613699067317, 0.2270756231802802949 ) ) ;
#4848 = CARTESIAN_POINT ( 'NONE',  ( -0.2036230049875858428, 0.1110784246041664758, 0.1877055431802803209 ) ) ;
#4849 = VECTOR ( 'NONE', #2129, 39.37007874015748143 ) ;
#4850 = CARTESIAN_POINT ( 'NONE',  ( -0.1927091426169278421, 0.06761943423713200063, 0.1877055431802803209 ) ) ;
#4851 = CARTESIAN_POINT ( 'NONE',  ( -0.4310625086616012291, 0.1316704175347040151, 0.2270756231802802949 ) ) ;
#4852 = ORIENTED_EDGE ( 'NONE', *, *, #1975, .F. ) ;
#4853 = CARTESIAN_POINT ( 'NONE',  ( -0.3189615606608379172, 0.07905651595615444116, 0.1877055431802803209 ) ) ;
#4854 = VERTEX_POINT ( 'NONE', #624 ) ;
#4855 = CARTESIAN_POINT ( 'NONE',  ( -0.03951127011541345074, 0.07628684540208252596, 0.1877055431802803209 ) ) ;
#4856 = AXIS2_PLACEMENT_3D ( 'NONE', #1518, #6355, #4569 ) ;
#4857 = CARTESIAN_POINT ( 'NONE',  ( 0.1489359146715841520, 0.1575507258785614484, 0.1877055431802803209 ) ) ;
#4858 = CIRCLE ( 'NONE', #17, 0.01999999999999999001 ) ;
#4859 = CARTESIAN_POINT ( 'NONE',  ( -0.3189617161525609701, 0.05767658588707254980, 0.2270756231802802949 ) ) ;
#4860 = CARTESIAN_POINT ( 'NONE',  ( 0.1410137904539383036, 0.1345848466134695609, 0.2270756231802802949 ) ) ;
#4861 = DIRECTION ( 'NONE',  ( -0.9746736483397868689, 0.2236320174572719588, 0.000000000000000000 ) ) ;
#4862 = CARTESIAN_POINT ( 'NONE',  ( -0.4366204344922640090, 0.06066711964617890057, 0.1877055431802803209 ) ) ;
#4863 = DIRECTION ( 'NONE',  ( -1.000000000000000000, 0.000000000000000000, 0.000000000000000000 ) ) ;
#4864 = CARTESIAN_POINT ( 'NONE',  ( 0.2632724740257900153, 0.1329969936317887957, 0.2270756231802802116 ) ) ;
#4865 = CARTESIAN_POINT ( 'NONE',  ( -0.1486570534972381508, 0.1963271893724093942, 0.2270756231802802672 ) ) ;
#4866 = EDGE_CURVE ( 'NONE', #5464, #2374, #1214, .T. ) ;
#4867 = ORIENTED_EDGE ( 'NONE', *, *, #339, .T. ) ;
#4868 = CARTESIAN_POINT ( 'NONE',  ( 0.3054252769083534713, 0.1505148894691868133, 0.2270756231802802949 ) ) ;
#4869 = DIRECTION ( 'NONE',  ( 0.000000000000000000, 0.000000000000000000, -1.000000000000000000 ) ) ;
#4870 = VECTOR ( 'NONE', #2066, 39.37007874015748143 ) ;
#4871 = CARTESIAN_POINT ( 'NONE',  ( 0.2998267442553902984, 0.1170300000176340421, 0.2270756231802804059 ) ) ;
#4872 = ADVANCED_FACE ( 'NONE', ( #4221 ), #7722, .T. ) ;
#4873 = CARTESIAN_POINT ( 'NONE',  ( 0.09347896860163414090, 0.1044422681723898572, 0.1877055431802803209 ) ) ;
#4874 = CARTESIAN_POINT ( 'NONE',  ( 0.2697735829708778343, 0.1574051511789754387, 0.1877055431802803209 ) ) ;
#4875 = CARTESIAN_POINT ( 'NONE',  ( -0.2824597513460468390, 0.1820782355482234716, 0.2270756231802803504 ) ) ;
#4876 = CARTESIAN_POINT ( 'NONE',  ( -0.2308943043826122976, 0.1922970275678682894, 0.2270756231802803504 ) ) ;
#4877 = B_SPLINE_CURVE_WITH_KNOTS ( 'NONE', 3,
 ( #5520, #1411, #7533, #185, #226, #2669, #6245, #5089, #3145, #2591, #5014 ),
 .UNSPECIFIED., .F., .F.,
 ( 4, 1, 1, 1, 1, 1, 1, 1, 4 ),
 ( 0.000000000000000000, 0.08887073112253614238, 0.1863547159714915302, 0.2940776543961755585, 0.4122365279576112318, 0.5417781444209643915, 0.6827026066315659003, 0.8350963526041702556, 1.000000000000000000 ),
 .UNSPECIFIED. ) ;
#4878 = ORIENTED_EDGE ( 'NONE', *, *, #3849, .T. ) ;
#4879 = CARTESIAN_POINT ( 'NONE',  ( -0.1455469877042948890, 0.1963860566590812373, 0.1877055431802803487 ) ) ;
#4880 = ADVANCED_FACE ( 'NONE', ( #5554 ), #4718, .T. ) ;
#4881 = CARTESIAN_POINT ( 'NONE',  ( -0.3886300507062138698, 0.1011273984085603872, 0.2270756231802803504 ) ) ;
#4882 = CARTESIAN_POINT ( 'NONE',  ( -0.2280412645632228785, 0.1239300035890399387, 0.2270756231802804059 ) ) ;
#4883 = LINE ( 'NONE', #2422, #220 ) ;
#4884 = CARTESIAN_POINT ( 'NONE',  ( -1.018337751696372750, 0.01999999999999999001, -0.1978062665827011180 ) ) ;
#4885 = ORIENTED_EDGE ( 'NONE', *, *, #7803, .F. ) ;
#4886 = CARTESIAN_POINT ( 'NONE',  ( 0.7167221326280210913, -1.495768192777239595E-17, -0.06522417443168870843 ) ) ;
#4887 = CARTESIAN_POINT ( 'NONE',  ( 0.07526291976950461038, 0.1345848466134695609, 0.1877055431802803209 ) ) ;
#4888 = FACE_OUTER_BOUND ( 'NONE', #3407, .T. ) ;
#4889 = CARTESIAN_POINT ( 'NONE',  ( 0.3628859882291150529, 0.1290529220651498166, 0.1877055431802803209 ) ) ;
#4890 = DIRECTION ( 'NONE',  ( -1.365923996832132280E-14, 0.000000000000000000, 1.000000000000000000 ) ) ;
#4891 = VERTEX_POINT ( 'NONE', #4049 ) ;
#4892 = SPHERICAL_SURFACE ( 'NONE', #3123, 0.02000000000000000042 ) ;
#4893 = FACE_OUTER_BOUND ( 'NONE', #1234, .T. ) ;
#4894 = CARTESIAN_POINT ( 'NONE',  ( -0.05287789928214595842, 0.08113841478389340056, 0.1877055431802802377 ) ) ;
#4895 = CARTESIAN_POINT ( 'NONE',  ( -0.08432858592391366537, 0.08050104484880638012, 0.1877055431802802654 ) ) ;
#4896 = CARTESIAN_POINT ( 'NONE',  ( 0.2736727905277395734, 0.1044422681723898433, 0.1877055431802803209 ) ) ;
#4897 = CARTESIAN_POINT ( 'NONE',  ( -0.03728532286187875161, 0.1451675349378337976, 0.1877055431802802654 ) ) ;
#4898 = CARTESIAN_POINT ( 'NONE',  ( 0.2522892063073856606, 0.1344773349726025580, 0.1877055431802802377 ) ) ;
#4899 = CARTESIAN_POINT ( 'NONE',  ( -0.03848995096540334948, 0.1204519978349515019, 0.1877055431802803209 ) ) ;
#4900 = LINE ( 'NONE', #6211, #4149 ) ;
#4901 = CARTESIAN_POINT ( 'NONE',  ( -0.4432858480008909363, 0.06787146062695061099, 0.1877055431802802654 ) ) ;
#4902 = LINE ( 'NONE', #1295, #5571 ) ;
#4903 = ORIENTED_EDGE ( 'NONE', *, *, #2962, .T. ) ;
#4904 = FACE_BOUND ( 'NONE', #6484, .T. ) ;
#4905 = CARTESIAN_POINT ( 'NONE',  ( -0.3695288629898882404, 0.1700109328996069757, 0.2270756231802802672 ) ) ;
#4906 = CARTESIAN_POINT ( 'NONE',  ( -0.3921003300199073505, 0.08891139733545252999, 0.1877055431802803487 ) ) ;
#4907 = EDGE_LOOP ( 'NONE', ( #6996, #2097, #5558, #6323 ) ) ;
#4908 = CARTESIAN_POINT ( 'NONE',  ( 0.07620347815547665049, 0.1345445871169877183, 0.2270756231802803782 ) ) ;
#4909 = CARTESIAN_POINT ( 'NONE',  ( 0.2894457074534207974, 0.1473770897489063703, 0.2270756231802802672 ) ) ;
#4910 = CARTESIAN_POINT ( 'NONE',  ( 0.1022587463494080418, 0.1530408857370942066, 0.2270756231802803504 ) ) ;
#4911 = CARTESIAN_POINT ( 'NONE',  ( -0.3791323039204894108, 0.06280155140425276727, 0.2270756231802802949 ) ) ;
#4912 = VERTEX_POINT ( 'NONE', #7684 ) ;
#4913 = AXIS2_PLACEMENT_3D ( 'NONE', #6118, #1318, #6159 ) ;
#4914 = B_SPLINE_CURVE_WITH_KNOTS ( 'NONE', 3,
 ( #819, #1425, #2717, #5064, #2052, #7585, #3241, #5141, #238, #6984, #6377 ),
 .UNSPECIFIED., .F., .F.,
 ( 4, 1, 1, 1, 1, 1, 1, 1, 4 ),
 ( 0.000000000000000000, 0.08887073112253615625, 0.1863547159714915580, 0.2940776543961753364, 0.4122365279576110098, 0.5417781444209641695, 0.6827026066315660113, 0.8350963526041702556, 1.000000000000000000 ),
 .UNSPECIFIED. ) ;
#4915 = CARTESIAN_POINT ( 'NONE',  ( 0.1315826547410351155, 0.1325788366085081382, 0.1877055431802803487 ) ) ;
#4916 = CARTESIAN_POINT ( 'NONE',  ( -0.3870358133215511254, 0.1239300035890399387, 0.2270756231802802949 ) ) ;
#4917 = CARTESIAN_POINT ( 'NONE',  ( 0.09405743993315573981, 0.1565217714367488355, 0.2270756231802803504 ) ) ;
#4918 = CARTESIAN_POINT ( 'NONE',  ( -0.1183079442219282240, 0.1126614906851347020, 0.2270756231802803504 ) ) ;
#4919 = ORIENTED_EDGE ( 'NONE', *, *, #7247, .T. ) ;
#4920 = ADVANCED_FACE ( 'NONE', ( #3295 ), #1105, .T. ) ;
#4921 = CARTESIAN_POINT ( 'NONE',  ( -0.1927091426169278421, 0.06761943423713200063, 0.1877055431802803209 ) ) ;
#4922 = FACE_BOUND ( 'NONE', #4650, .T. ) ;
#4923 = CARTESIAN_POINT ( 'NONE',  ( -0.2636425821787793944, 0.05329246524022302617, 0.2270756231802804059 ) ) ;
#4924 = CARTESIAN_POINT ( 'NONE',  ( 0.3309012221385250196, 0.1574994064281522166, 0.1877055431802802654 ) ) ;
#4925 = VECTOR ( 'NONE', #4496, 39.37007874015748143 ) ;
#4926 = CARTESIAN_POINT ( 'NONE',  ( -0.4203193418620126964, 0.1677728282420783146, 0.2270756231802803504 ) ) ;
#4927 = AXIS2_PLACEMENT_3D ( 'NONE', #2686, #5147, #206 ) ;
#4928 = EDGE_LOOP ( 'NONE', ( #1137, #1098, #4750, #6823 ) ) ;
#4929 = CARTESIAN_POINT ( 'NONE',  ( -0.2969153055932269303, 0.1256884697678956608, 0.1877055431802802654 ) ) ;
#4930 = CARTESIAN_POINT ( 'NONE',  ( -0.02013436944860653999, 0.1420556185930608728, 0.1877055431802802654 ) ) ;
#4931 = AXIS2_PLACEMENT_3D ( 'NONE', #6647, #551, #6726 ) ;
#4932 = CARTESIAN_POINT ( 'NONE',  ( -0.2505378890837154926, 0.1964160600194861384, 0.1877055431802803209 ) ) ;
#4933 = FACE_OUTER_BOUND ( 'NONE', #776, .T. ) ;
#4934 = CARTESIAN_POINT ( 'NONE',  ( -0.9967088083045573255, 0.5999999999999999778, -0.06651786402957461652 ) ) ;
#4935 = CARTESIAN_POINT ( 'NONE',  ( 0.1185336859119783121, 0.1096012986368785080, 0.2270756231802802672 ) ) ;
#4936 = CARTESIAN_POINT ( 'NONE',  ( -0.3695288629898882404, 0.1700109328996069757, 0.1877055431802802654 ) ) ;
#4937 = DIRECTION ( 'NONE',  ( 0.000000000000000000, 0.000000000000000000, -1.000000000000000000 ) ) ;
#4938 = CARTESIAN_POINT ( 'NONE',  ( -0.3296211151588215871, 0.08335326979134158321, 0.1877055431802803209 ) ) ;
#4939 = FACE_OUTER_BOUND ( 'NONE', #605, .T. ) ;
#4940 = CARTESIAN_POINT ( 'NONE',  ( -0.7541167953658588496, 0.2350000000000000144, 0.2187913519328184286 ) ) ;
#4941 = CARTESIAN_POINT ( 'NONE',  ( -0.2721613912209162600, 0.1271139794595063377, 0.2270756231802804059 ) ) ;
#4942 = AXIS2_PLACEMENT_3D ( 'NONE', #2264, #6917, #6472 ) ;
#4943 = AXIS2_PLACEMENT_3D ( 'NONE', #5200, #1599, #5615 ) ;
#4944 = VERTEX_POINT ( 'NONE', #1519 ) ;
#4945 = LINE ( 'NONE', #2637, #5309 ) ;
#4946 = CARTESIAN_POINT ( 'NONE',  ( -0.3749711051486032121, 0.1796241573958957949, 0.1877055431802803209 ) ) ;
#4947 = FACE_OUTER_BOUND ( 'NONE', #6704, .T. ) ;
#4948 = CARTESIAN_POINT ( 'NONE',  ( 0.2984041194075444658, 0.1034225540286860118, 0.2270756231802803504 ) ) ;
#4949 = ORIENTED_EDGE ( 'NONE', *, *, #7253, .T. ) ;
#4950 = CARTESIAN_POINT ( 'NONE',  ( 0.07802627985989384063, 0.1344665642319647636, 0.1877055431802803487 ) ) ;
#4951 = FACE_OUTER_BOUND ( 'NONE', #1445, .T. ) ;
#4952 = DIRECTION ( 'NONE',  ( -1.000000000000000000, 0.000000000000000000, 0.000000000000000000 ) ) ;
#4953 = CARTESIAN_POINT ( 'NONE',  ( -0.3891224912536462299, 0.05552830710193074060, 0.2270756231802803504 ) ) ;
#4954 = ADVANCED_FACE ( 'NONE', ( #5195 ), #6356, .T. ) ;
#4955 = ORIENTED_EDGE ( 'NONE', *, *, #5265, .T. ) ;
#4956 = CARTESIAN_POINT ( 'NONE',  ( 0.1222413661436687338, 0.1238680015157979097, 0.1877055431802802654 ) ) ;
#4957 = CARTESIAN_POINT ( 'NONE',  ( -0.03551284735904771533, 0.07662987020876313449, 0.1877055431802803209 ) ) ;
#4958 = MECHANICAL_CONTEXT ( 'NONE', #5581, 'mechanical' ) ;
#4959 = FACE_OUTER_BOUND ( 'NONE', #6721, .T. ) ;
#4960 = ORIENTED_EDGE ( 'NONE', *, *, #5802, .T. ) ;
#4961 = EDGE_CURVE ( 'NONE', #5664, #6444, #6486, .T. ) ;
#4962 = CARTESIAN_POINT ( 'NONE',  ( 0.003384134185010541189, 0.1928828478248565959, 0.1877055431802803209 ) ) ;
#4963 = CARTESIAN_POINT ( 'NONE',  ( -0.1183807820028971169, 0.1881698014779805139, 0.2270756231802802116 ) ) ;
#4964 = CARTESIAN_POINT ( 'NONE',  ( -0.2751416144506559358, 0.05872463622662364019, 0.1877055431802803209 ) ) ;
#4965 = ORIENTED_EDGE ( 'NONE', *, *, #7621, .T. ) ;
#4966 = ADVANCED_FACE ( 'NONE', ( #3567 ), #7119, .T. ) ;
#4967 = CARTESIAN_POINT ( 'NONE',  ( -0.2713716361470753236, 0.1051849547086360359, 0.1877055431802803487 ) ) ;
#4968 = CARTESIAN_POINT ( 'NONE',  ( -0.2718794638086199367, 0.1104501117364099783, 0.2270756231802802394 ) ) ;
#4969 = CC_DESIGN_PERSON_AND_ORGANIZATION_ASSIGNMENT ( #1665, #2140, ( #848 ) ) ;
#4970 = ADVANCED_FACE ( 'NONE', ( #4683 ), #6552, .T. ) ;
#4971 = ORIENTED_EDGE ( 'NONE', *, *, #4133, .F. ) ;
#4972 = DIRECTION ( 'NONE',  ( -1.000000000000000000, 0.000000000000000000, 0.000000000000000000 ) ) ;
#4973 = CARTESIAN_POINT ( 'NONE',  ( -0.3296211151588215871, 0.08335326979134158321, 0.2270756231802802949 ) ) ;
#4974 = CARTESIAN_POINT ( 'NONE',  ( -0.9002795978602203819, 0.01999999999999999001, 0.2270756231802802949 ) ) ;
#4975 = CARTESIAN_POINT ( 'NONE',  ( -0.2159414217718825801, 0.06792182635784677069, 0.2270756231802803504 ) ) ;
#4976 = DIRECTION ( 'NONE',  ( -0.000000000000000000, 0.000000000000000000, 1.000000000000000000 ) ) ;
#4977 = CARTESIAN_POINT ( 'NONE',  ( -0.1472190356110728016, 0.07805345149939728333, 0.2270756231802802949 ) ) ;
#4978 = EDGE_CURVE ( 'NONE', #6187, #647, #1107, .T. ) ;
#4979 = LINE ( 'NONE', #6091, #4087 ) ;
#4980 = CARTESIAN_POINT ( 'NONE',  ( 0.1588248856393025266, 0.1070093011813757211, 0.2270756231802802672 ) ) ;
#4981 = CARTESIAN_POINT ( 'NONE',  ( -0.4286919581732846485, 0.05556186941036738575, 0.1877055431802803487 ) ) ;
#4982 = CARTESIAN_POINT ( 'NONE',  ( -0.1835674299985387281, 0.1719068894025105321, 0.2270756231802802949 ) ) ;
#4983 = ORIENTED_EDGE ( 'NONE', *, *, #7794, .F. ) ;
#4984 = CARTESIAN_POINT ( 'NONE',  ( -0.3446372669859970594, 0.06839232440470720265, 0.1877055431802803209 ) ) ;
#4985 = FACE_OUTER_BOUND ( 'NONE', #591, .T. ) ;
#4986 = CARTESIAN_POINT ( 'NONE',  ( -0.1891759304222983273, 0.1469510892946729042, 0.1877055431802803209 ) ) ;
#4987 = CARTESIAN_POINT ( 'NONE',  ( -0.2283883911110681786, 0.1116533956497245961, 0.2270756231802802672 ) ) ;
#4988 = VERTEX_POINT ( 'NONE', #5318 ) ;
#4989 = CARTESIAN_POINT ( 'NONE',  ( 0.09195517573860327587, 0.1210515645800658291, 0.2270756231802803782 ) ) ;
#4990 = CARTESIAN_POINT ( 'NONE',  ( 0.3253488284592351842, 0.1342334086874205634, 0.2270756231802802394 ) ) ;
#4991 = CARTESIAN_POINT ( 'NONE',  ( 0.1122110899836359921, 0.1437533640175094607, 0.1877055431802803209 ) ) ;
#4992 = VERTEX_POINT ( 'NONE', #3046 ) ;
#4993 = CARTESIAN_POINT ( 'NONE',  ( -0.2140148360177498710, 0.1766616843148396676, 0.2270756231802802949 ) ) ;
#4994 = ORIENTED_EDGE ( 'NONE', *, *, #3275, .T. ) ;
#4995 = CARTESIAN_POINT ( 'NONE',  ( -1.018337751696372750, 0.5799999999999999600, -0.1978062665827011180 ) ) ;
#4996 = CARTESIAN_POINT ( 'NONE',  ( -0.03748864898259949424, 0.07636294577512661719, 0.1877055431802803487 ) ) ;
#4997 = CARTESIAN_POINT ( 'NONE',  ( -0.03291032528041618055, 0.1196328100508765729, 0.1877055431802803209 ) ) ;
#4998 = CARTESIAN_POINT ( 'NONE',  ( -0.1130339196046089567, 0.1207918202247336148, 0.1877055431802803209 ) ) ;
#4999 = ADVANCED_FACE ( 'NONE', ( #5466 ), #7790, .T. ) ;
#5000 = ORIENTED_EDGE ( 'NONE', *, *, #6375, .T. ) ;
#5001 = EDGE_CURVE ( 'NONE', #2698, #6730, #5389, .T. ) ;
#5002 = CARTESIAN_POINT ( 'NONE',  ( -0.2280412645632228785, 0.1239300035890399387, 0.1877055431802803209 ) ) ;
#5003 = CARTESIAN_POINT ( 'NONE',  ( -0.04296233290831966145, 0.1444666845143455225, 0.2270756231802801561 ) ) ;
#5004 = CARTESIAN_POINT ( 'NONE',  ( -0.2842912992425627450, 0.06787146062695062487, 0.1877055431802802654 ) ) ;
#5005 = VERTEX_POINT ( 'NONE', #4212 ) ;
#5006 = CARTESIAN_POINT ( 'NONE',  ( 0.2330397596738541521, 0.1028152597527480921, 0.2270756231802802949 ) ) ;
#5007 = DIRECTION ( 'NONE',  ( 1.000000000000000000, 0.000000000000000000, 0.000000000000000000 ) ) ;
#5008 = ORIENTED_EDGE ( 'NONE', *, *, #1675, .F. ) ;
#5009 = CARTESIAN_POINT ( 'NONE',  ( -0.01962109770757058252, 0.09627333185593746345, 0.2270756231802802949 ) ) ;
#5010 = EDGE_CURVE ( 'NONE', #7042, #2785, #3612, .T. ) ;
#5011 = CARTESIAN_POINT ( 'NONE',  ( -0.2611303606496963581, 0.1953783880358854474, 0.1877055431802803487 ) ) ;
#5012 =( BOUNDED_CURVE ( )  B_SPLINE_CURVE ( 3, ( #7571, #427, #2784, #5202 ),
 .UNSPECIFIED., .F., .T. ) 
 B_SPLINE_CURVE_WITH_KNOTS ( ( 4, 4 ),
 ( 0.000000000000000000, 1.570796326794896780 ),
 .UNSPECIFIED. ) 
 CURVE ( )  GEOMETRIC_REPRESENTATION_ITEM ( )  RATIONAL_B_SPLINE_CURVE ( ( 1.000000000000000000, 0.8047378541243649375, 0.8047378541243649375, 1.000000000000000000 ) ) 
 REPRESENTATION_ITEM ( '' )  );
#5013 = CARTESIAN_POINT ( 'NONE',  ( -0.08267858986997013437, 0.07675600905957458142, 0.1877055431802803764 ) ) ;
#5014 = CARTESIAN_POINT ( 'NONE',  ( -0.2280412645632228785, 0.1239300035890399387, 0.1877055431802803209 ) ) ;
#5015 = DIRECTION ( 'NONE',  ( 1.000000000000000000, 0.000000000000000000, 1.149629425163053468E-16 ) ) ;
#5016 = LINE ( 'NONE', #3268, #6117 ) ;
#5017 = CARTESIAN_POINT ( 'NONE',  ( -0.3749359705302107160, 0.06792182635784672906, 0.2270756231802803782 ) ) ;
#5018 = CARTESIAN_POINT ( 'NONE',  ( 0.6669411154072134584, 0.5999999999999999778, -0.1916259266952023976 ) ) ;
#5019 = CARTESIAN_POINT ( 'NONE',  ( -0.1155082003810783131, 0.1168132738654407005, 0.1877055431802803209 ) ) ;
#5020 = DIRECTION ( 'NONE',  ( 0.3090169943757442028, 0.000000000000000000, -0.9510565162948947382 ) ) ;
#5021 = ORIENTED_EDGE ( 'NONE', *, *, #5502, .T. ) ;
#5022 = CARTESIAN_POINT ( 'NONE',  ( -0.2969153055932269303, 0.1256884697678956608, 0.2270756231802802672 ) ) ;
#5023 = DIRECTION ( 'NONE',  ( 0.000000000000000000, -1.000000000000000000, 0.000000000000000000 ) ) ;
#5024 = CYLINDRICAL_SURFACE ( 'NONE', #5474, 0.01999999999999999001 ) ;
#5025 = ADVANCED_FACE ( 'NONE', ( #577 ), #6565, .T. ) ;
#5026 = CARTESIAN_POINT ( 'NONE',  ( -0.2296355019478855952, 0.1011273984085603733, 0.1877055431802803487 ) ) ;
#5027 = EDGE_LOOP ( 'NONE', ( #1275, #1718, #2731, #2783 ) ) ;
#5028 = FACE_OUTER_BOUND ( 'NONE', #6515, .T. ) ;
#5029 = CARTESIAN_POINT ( 'NONE',  ( 0.1377318319525889789, 0.1344713808013102974, 0.2270756231802802672 ) ) ;
#5030 = CARTESIAN_POINT ( 'NONE',  ( 0.1145975086550285460, 0.1396086327027084295, 0.2270756231802803504 ) ) ;
#5031 = ORIENTED_EDGE ( 'NONE', *, *, #498, .F. ) ;
#5032 = CARTESIAN_POINT ( 'NONE',  ( -0.2036230049875858428, 0.1110784246041664758, 0.2270756231802802949 ) ) ;
#5033 = ORIENTED_EDGE ( 'NONE', *, *, #1920, .T. ) ;
#5034 = CARTESIAN_POINT ( 'NONE',  ( 0.1410137904539383036, 0.1345848466134695609, 0.1877055431802803209 ) ) ;
#5035 = CARTESIAN_POINT ( 'NONE',  ( -0.3932689175898471112, 0.08677403637468354691, 0.2270756231802803504 ) ) ;
#5036 = CIRCLE ( 'NONE', #6697, 0.01999999999999999001 ) ;
#5037 = CARTESIAN_POINT ( 'NONE',  ( -0.1328377578501198364, 0.09453257400091152896, 0.2270756231802803504 ) ) ;
#5038 = EDGE_CURVE ( 'NONE', #6180, #2551, #4330, .T. ) ;
#5039 = ORIENTED_EDGE ( 'NONE', *, *, #1662, .F. ) ;
#5040 = DIRECTION ( 'NONE',  ( 0.000000000000000000, 1.000000000000000000, 0.000000000000000000 ) ) ;
#5041 = CARTESIAN_POINT ( 'NONE',  ( -0.04078312759435188950, 0.1448707201617174811, 0.2270756231802804059 ) ) ;
#5042 = CARTESIAN_POINT ( 'NONE',  ( -0.2912194663499317326, 0.08076255979346130820, 0.1877055431802803209 ) ) ;
#5043 = ORIENTED_EDGE ( 'NONE', *, *, #1998, .F. ) ;
#5044 = CARTESIAN_POINT ( 'NONE',  ( 0.6637217283835672443, 0.01999999999999999001, 0.06959530821986564808 ) ) ;
#5045 = CARTESIAN_POINT ( 'NONE',  ( 0.2340360314913405848, 0.1143143531211425062, 0.1877055431802803487 ) ) ;
#5046 = ORIENTED_EDGE ( 'NONE', *, *, #4639, .T. ) ;
#5047 = CARTESIAN_POINT ( 'NONE',  ( -0.03007738720384646111, 0.07870854999685523989, 0.2270756231802802394 ) ) ;
#5048 = ADVANCED_FACE ( 'NONE', ( #170 ), #5351, .T. ) ;
#5049 = CARTESIAN_POINT ( 'NONE',  ( -0.05501613693774622810, 0.08327908516273330175, 0.1877055431802803764 ) ) ;
#5050 = CARTESIAN_POINT ( 'NONE',  ( -0.06405126866297237986, 0.05708010435297108248, 0.1877055431802803487 ) ) ;
#5051 = CARTESIAN_POINT ( 'NONE',  ( -0.2360597612375675003, 0.05328671837024311769, 0.2270756231802804059 ) ) ;
#5052 = CARTESIAN_POINT ( 'NONE',  ( 0.3637717780372212717, 0.1136616056483979037, 0.1877055431802803209 ) ) ;
#5053 = CARTESIAN_POINT ( 'NONE',  ( 0.1835779561111157976, 0.05508757223430543054, 0.1877055431802803209 ) ) ;
#5054 = CIRCLE ( 'NONE', #348, 0.02000000000000003858 ) ;
#5055 = CARTESIAN_POINT ( 'NONE',  ( -0.3769918851514313940, 0.06525601599062941238, 0.1877055431802803209 ) ) ;
#5056 = CARTESIAN_POINT ( 'NONE',  ( -0.2856215820475758171, 0.1776734734557873785, 0.2270756231802802672 ) ) ;
#5057 = LINE ( 'NONE', #6935, #4151 ) ;
#5058 = ORIENTED_EDGE ( 'NONE', *, *, #7808, .F. ) ;
#5059 = CARTESIAN_POINT ( 'NONE',  ( -0.1422421802963854676, 0.1217799337332532150, 0.2270756231802803782 ) ) ;
#5060 = DIRECTION ( 'NONE',  ( 1.000000000000000000, 0.000000000000000000, 4.023702988070684994E-15 ) ) ;
#5061 = DIRECTION ( 'NONE',  ( -0.000000000000000000, -1.000000000000000000, -0.000000000000000000 ) ) ;
#5062 = CARTESIAN_POINT ( 'NONE',  ( -0.2317534897077457301, 0.09251811426148005835, 0.2270756231802803504 ) ) ;
#5063 = ORIENTED_EDGE ( 'NONE', *, *, #1614, .T. ) ;
#5064 = CARTESIAN_POINT ( 'NONE',  ( -0.3907480384660738659, 0.09251811426148003059, 0.2270756231802802949 ) ) ;
#5065 = LINE ( 'NONE', #3279, #973 ) ;
#5066 = B_SPLINE_CURVE_WITH_KNOTS ( 'NONE', 3,
 ( #7643, #3974, #2188, #4607, #6667, #6583, #7353, #688, #7274, #2490, #6061 ),
 .UNSPECIFIED., .F., .F.,
 ( 4, 1, 1, 1, 1, 1, 1, 1, 4 ),
 ( 0.000000000000000000, 0.1301487483170938320, 0.2554454699082554514, 0.3791765200660622281, 0.5019048217042506588, 0.6253442449896170485, 0.7482783196877674792, 0.8725642119243279815, 1.000000000000000000 ),
 .UNSPECIFIED. ) ;
#5067 = DIRECTION ( 'NONE',  ( -0.9500674621162663591, 0.000000000000000000, -0.3120445760271389202 ) ) ;
#5068 = ORIENTED_EDGE ( 'NONE', *, *, #300, .T. ) ;
#5069 = AXIS2_PLACEMENT_3D ( 'NONE', #862, #4478, #3393 ) ;
#5070 = APPROVAL ( #3518, 'UNSPECIFIED' ) ;
#5071 = CARTESIAN_POINT ( 'NONE',  ( -0.2033087792008162475, 0.1239300035890399387, 0.2270756231802802949 ) ) ;
#5072 = ADVANCED_FACE ( 'NONE', ( #7363 ), #7517, .T. ) ;
#5073 = ORIENTED_EDGE ( 'NONE', *, *, #1581, .T. ) ;
#5074 = CARTESIAN_POINT ( 'NONE',  ( -0.8857973542005870282, 0.01999999999999999001, 0.2070756231802803882 ) ) ;
#5075 =( NAMED_UNIT ( * ) PLANE_ANGLE_UNIT ( ) SI_UNIT ( $, .RADIAN. ) );
#5076 = CARTESIAN_POINT ( 'NONE',  ( -0.1249399367562533669, 0.1038708664619727440, 0.1877055431802802377 ) ) ;
#5077 = LINE ( 'NONE', #6995, #417 ) ;
#5078 = ORIENTED_EDGE ( 'NONE', *, *, #3108, .T. ) ;
#5079 = CARTESIAN_POINT ( 'NONE',  ( -0.03748864898259949424, 0.07636294577512661719, 0.1877055431802803487 ) ) ;
#5080 = DIRECTION ( 'NONE',  ( 0.000000000000000000, 0.000000000000000000, 1.000000000000000000 ) ) ;
#5081 = CARTESIAN_POINT ( 'NONE',  ( 0.6637217283835672443, 0.5917157287525380838, 0.06959530821986507909 ) ) ;
#5082 = ORIENTED_EDGE ( 'NONE', *, *, #3514, .T. ) ;
#5083 = CARTESIAN_POINT ( 'NONE',  ( 0.2358028920877462409, 0.1209931974105246527, 0.2270756231802803782 ) ) ;
#5084 = DIRECTION ( 'NONE',  ( 0.000000000000000000, 0.000000000000000000, -1.000000000000000000 ) ) ;
#5085 = EDGE_LOOP ( 'NONE', ( #5824, #4442, #4456 ) ) ;
#5086 = CARTESIAN_POINT ( 'NONE',  ( 0.07152774484834745206, 0.1556904053540596189, 0.2270756231802802949 ) ) ;
#5087 = PLANE ( 'NONE',  #2456 ) ;
#5088 = CARTESIAN_POINT ( 'NONE',  ( -0.1620751645058368384, 0.1593589450602535262, 0.2270756231802803782 ) ) ;
#5089 = CARTESIAN_POINT ( 'NONE',  ( -0.2283883911110681786, 0.1116533956497245961, 0.1877055431802802654 ) ) ;
#5090 = DIRECTION ( 'NONE',  ( -0.9510565162951751805, 0.000000000000000000, 0.3090169943748807824 ) ) ;
#5091 = B_SPLINE_SURFACE_WITH_KNOTS ( 'NONE', 3, 1, ( 
 ( #171, #4407 ),
 ( #5591, #748 ),
 ( #2027, #5508 ),
 ( #131, #6834 ),
 ( #5676, #7519 ),
 ( #3209, #703 ),
 ( #7481, #1910 ),
 ( #209, #1436 ),
 ( #6757, #2614 ),
 ( #3768, #7405 ),
 ( #4486, #2579 ),
 ( #4998, #2064 ),
 ( #2655, #1986 ),
 ( #1396, #4918 ),
 ( #4447, #3808 ),
 ( #5076, #6230 ),
 ( #1274, #788 ),
 ( #92, #3692 ),
 ( #2541, #5037 ) ),
 .UNSPECIFIED., .F., .F., .F.,
 ( 4, 1, 1, 1, 1, 1, 1, 1, 1, 1, 1, 1, 1, 1, 1, 1, 4 ),
 ( 2, 2 ),
 ( 0.000000000000000000, 0.04551775165131785594, 0.09161599061816488865, 0.1392465550335721114, 0.1882415637234043926, 0.2386730793725370670, 0.2906638743206418352, 0.3448398555786326702, 0.4004316067351771924, 0.4591437176132940889, 0.5225510475946141264, 0.5901008583230445970, 0.6622596565248671796, 0.7396813070012565605, 0.8215754713854218627, 0.9083300466844450582, 0.9999999999999998890 ),
 ( 0.000000000000000000, 1.000000000000000000 ),
 .UNSPECIFIED. ) ;
#5092 = CARTESIAN_POINT ( 'NONE',  ( 0.3200997038682369955, 0.1345465433445408032, 0.2270756231802803504 ) ) ;
#5093 = CARTESIAN_POINT ( 'NONE',  ( 0.1489359146715841520, 0.1575507258785614484, 0.1877055431802803209 ) ) ;
#5094 = CARTESIAN_POINT ( 'NONE',  ( 0.7080070247953581530, 0.01999999999999999001, -0.06523805343214902908 ) ) ;
#5095 = VECTOR ( 'NONE', #1931, 39.37007874015748143 ) ;
#5096 = ORIENTED_EDGE ( 'NONE', *, *, #143, .F. ) ;
#5097 = CARTESIAN_POINT ( 'NONE',  ( -0.1353280792654910081, 0.1309240386405216838, 0.2270756231802802672 ) ) ;
#5098 = CARTESIAN_POINT ( 'NONE',  ( -0.7488296743058352467, 0.5999999999999999778, -0.2178062665826999977 ) ) ;
#5099 = CARTESIAN_POINT ( 'NONE',  ( -0.8857973542005868062, 0.5999999999999999778, 0.2070756231802803049 ) ) ;
#5100 = CARTESIAN_POINT ( 'NONE',  ( 0.2987275078380837168, 0.1096012986368785080, 0.1877055431802802654 ) ) ;
#5101 = ORIENTED_EDGE ( 'NONE', *, *, #2839, .T. ) ;
#5102 = CARTESIAN_POINT ( 'NONE',  ( -0.2340392666113030040, 0.1613261747899569776, 0.2270756231802803504 ) ) ;
#5103 = CARTESIAN_POINT ( 'NONE',  ( -1.037358882022270556, 0.5799999999999999600, -0.1916259266951862716 ) ) ;
#5104 = VECTOR ( 'NONE', #6971, 39.37007874015748143 ) ;
#5105 = LINE ( 'NONE', #359, #6851 ) ;
#5106 = ORIENTED_EDGE ( 'NONE', *, *, #7811, .F. ) ;
#5107 = CARTESIAN_POINT ( 'NONE',  ( -0.1026122316538751328, 0.1550940392744830920, 0.2270756231802802949 ) ) ;
#5108 = EDGE_LOOP ( 'NONE', ( #5963, #5303, #6105, #2702 ) ) ;
#5109 = ADVANCED_FACE ( 'NONE', ( #3325 ), #5713, .T. ) ;
#5110 = DIRECTION ( 'NONE',  ( 0.000000000000000000, 0.000000000000000000, 1.000000000000000000 ) ) ;
#5111 = CARTESIAN_POINT ( 'NONE',  ( 0.05869205794822994482, 0.1264391226870164586, 0.1877055431802803487 ) ) ;
#5112 = AXIS2_PLACEMENT_3D ( 'NONE', #5648, #1961, #147 ) ;
#5113 = CARTESIAN_POINT ( 'NONE',  ( 0.3346256200865330710, 0.1285610075922887785, 0.1877055431802802654 ) ) ;
#5114 = B_SPLINE_CURVE_WITH_KNOTS ( 'NONE', 3,
 ( #932, #7626, #2249, #6497, #355, #2173, #4588, #6457, #1573, #1090, #3389, #5219, #6981, #1053, #966, #5816, #3471, #7704, #2800, #2289, #7666, #2213, #5336 ),
 .UNSPECIFIED., .F., .F.,
 ( 4, 1, 1, 1, 1, 1, 1, 1, 1, 1, 1, 1, 1, 1, 1, 1, 1, 1, 1, 1, 4 ),
 ( 0.000000000000000000, 0.05383370089591479890, 0.1055426304091387074, 0.1580541720958376639, 0.2119873357804047675, 0.2402068903290461299, 0.2697935103595444084, 0.3013430987966757568, 0.3346080613711929774, 0.3702844416648601311, 0.4080888380149463313, 0.4486813458099819796, 0.4920692965602020963, 0.5386641566662651037, 0.5903710538753822457, 0.6463877841547199798, 0.7071953757631238568, 0.7729467746818400320, 0.8436426012467370672, 0.9193083570571426444, 1.000000000000000000 ),
 .UNSPECIFIED. ) ;
#5115 = CARTESIAN_POINT ( 'NONE',  ( 0.3015047318484846417, 0.1473936209300835687, 0.2270756231802802949 ) ) ;
#5116 = EDGE_CURVE ( 'NONE', #7653, #2785, #6177, .T. ) ;
#5117 = ORIENTED_EDGE ( 'NONE', *, *, #7213, .F. ) ;
#5118 = VECTOR ( 'NONE', #4097, 39.37007874015748143 ) ;
#5119 = CARTESIAN_POINT ( 'NONE',  ( -0.1274854690015066738, 0.1571067526413934823, 0.2270756231802802116 ) ) ;
#5120 = CARTESIAN_POINT ( 'NONE',  ( 0.02811661954741698222, 0.1557841197812466771, 0.2270756231802802949 ) ) ;
#5121 = CARTESIAN_POINT ( 'NONE',  ( -0.4297345498267970410, 0.1004043316527998136, 0.1877055431802803209 ) ) ;
#5122 = ORIENTED_EDGE ( 'NONE', *, *, #2268, .T. ) ;
#5123 = FACE_OUTER_BOUND ( 'NONE', #3132, .T. ) ;
#5124 = CARTESIAN_POINT ( 'NONE',  ( -0.7741167953658587564, 0.5999999999999999778, 0.07279565469083813800 ) ) ;
#5125 = ORIENTED_EDGE ( 'NONE', *, *, #6181, .T. ) ;
#5126 = FACE_OUTER_BOUND ( 'NONE', #858, .T. ) ;
#5127 = EDGE_CURVE ( 'NONE', #3192, #3478, #6434, .T. ) ;
#5128 = EDGE_LOOP ( 'NONE', ( #4495, #3013, #39, #5414 ) ) ;
#5129 = CARTESIAN_POINT ( 'NONE',  ( 0.2330429268359290595, 0.05508757223430543054, 0.1877055431802803209 ) ) ;
#5130 = CARTESIAN_POINT ( 'NONE',  ( -0.2498202053566814518, 0.05155436003967592273, 0.2270756231802803504 ) ) ;
#5131 = CARTESIAN_POINT ( 'NONE',  ( -0.4089251669960918822, 0.1716835746570795351, 0.2270756231802803782 ) ) ;
#5132 = CARTESIAN_POINT ( 'NONE',  ( -0.4088147541150096154, 0.05155436003967591579, 0.1877055431802803209 ) ) ;
#5133 = LINE ( 'NONE', #228, #6507 ) ;
#5134 = CARTESIAN_POINT ( 'NONE',  ( 0.1831266415657444857, 0.1256504890311046230, 0.1877055431802803209 ) ) ;
#5135 = CARTESIAN_POINT ( 'NONE',  ( -0.04919871432823313268, 0.05209785147764359192, 0.2270756231802802949 ) ) ;
#5136 = ORIENTED_EDGE ( 'NONE', *, *, #982, .T. ) ;
#5137 = CARTESIAN_POINT ( 'NONE',  ( -0.2570157040211384913, 0.05194176459345253849, 0.2270756231802802949 ) ) ;
#5138 = CARTESIAN_POINT ( 'NONE',  ( 0.2635884369248993053, 0.1575071012801285142, 0.2270756231802802672 ) ) ;
#5139 = DIRECTION ( 'NONE',  ( 1.000000000000000000, 0.000000000000000000, 0.000000000000000000 ) ) ;
#5140 = CARTESIAN_POINT ( 'NONE',  ( -0.8857973542005870282, 0.000000000000000000, 0.2070756231802803049 ) ) ;
#5141 = CARTESIAN_POINT ( 'NONE',  ( -0.3873829398693962589, 0.1116533956497245544, 0.2270756231802802394 ) ) ;
#5142 = CARTESIAN_POINT ( 'NONE',  ( -0.3146539283962488387, 0.06738290738076412045, 0.2270756231802803504 ) ) ;
#5143 = CARTESIAN_POINT ( 'NONE',  ( -0.1300977186323075685, 0.1406417856887164086, 0.2270756231802803782 ) ) ;
#5144 = ORIENTED_EDGE ( 'NONE', *, *, #3008, .F. ) ;
#5145 = ORIENTED_EDGE ( 'NONE', *, *, #6276, .F. ) ;
#5146 = CARTESIAN_POINT ( 'NONE',  ( -0.3630528261564755499, 0.1425268345822788274, 0.2270756231802803782 ) ) ;
#5147 = DIRECTION ( 'NONE',  ( 1.000000000000000000, 0.000000000000000000, 0.000000000000000000 ) ) ;
#5148 = DIRECTION ( 'NONE',  ( 0.000000000000000000, -0.000000000000000000, 1.000000000000000000 ) ) ;
#5149 = CALENDAR_DATE ( 2026, 10, 6 ) ;
#5150 = CARTESIAN_POINT ( 'NONE',  ( 0.3379944862134157124, 0.1197558209504471088, 0.2270756231802804059 ) ) ;
#5151 = CARTESIAN_POINT ( 'NONE',  ( 0.3097164450731819674, 0.1530595368310478932, 0.1877055431802802377 ) ) ;
#5152 = ORIENTED_EDGE ( 'NONE', *, *, #6973, .F. ) ;
#5153 = AXIS2_PLACEMENT_3D ( 'NONE', #4687, #505, #2272 ) ;
#5154 = DIRECTION ( 'NONE',  ( -0.6575212211385356165, -0.7534360249898386375, 0.000000000000000000 ) ) ;
#5155 = CARTESIAN_POINT ( 'NONE',  ( -0.01958174508008132114, 0.09864545382122244521, 0.2270756231802802949 ) ) ;
#5156 = CARTESIAN_POINT ( 'NONE',  ( -0.4136436667442776605, 0.07686560122631561076, 0.1877055431802803209 ) ) ;
#5157 = AXIS2_PLACEMENT_3D ( 'NONE', #1749, #1789, #2895 ) ;
#5158 = EDGE_LOOP ( 'NONE', ( #3261, #3394, #4740 ) ) ;
#5159 = CARTESIAN_POINT ( 'NONE',  ( 0.2543939916524171618, 0.1345487750351061773, 0.2270756231802802672 ) ) ;
#5160 = CARTESIAN_POINT ( 'NONE',  ( 0.2350253303975985697, 0.1186273202245977793, 0.2270756231802803504 ) ) ;
#5161 = B_SPLINE_CURVE_WITH_KNOTS ( 'NONE', 3,
 ( #5271, #869, #2103, #250, #4523, #3289, #5715, #1512, #4562, #3930, #6351, #4005, #7276, #5987, #7877, #612, #535, #1184, #3519 ),
 .UNSPECIFIED., .F., .F.,
 ( 4, 1, 1, 1, 1, 1, 1, 1, 1, 1, 1, 1, 1, 1, 1, 1, 4 ),
 ( 0.000000000000000000, 0.07853045759749699428, 0.1510671628769044705, 0.2183054637753022442, 0.2802866665778167010, 0.3370635526514699776, 0.3881523464865521134, 0.4342343330671824542, 0.4749941157865084640, 0.5490306370642878964, 0.6172961961720991875, 0.6816626372954089907, 0.7435420049347599702, 0.8043195746589858475, 0.8670125846987265517, 0.9313790258220363549, 1.000000000000000000 ),
 .UNSPECIFIED. ) ;
#5162 = CARTESIAN_POINT ( 'NONE',  ( -0.1042225985057719934, 0.1421644981614254288, 0.1877055431802803209 ) ) ;
#5163 = ORIENTED_EDGE ( 'NONE', *, *, #4006, .T. ) ;
#5164 = CARTESIAN_POINT ( 'NONE',  ( -0.2906944989948131441, 0.1676881295743992972, 0.2270756231802803504 ) ) ;
#5165 = ORIENTED_EDGE ( 'NONE', *, *, #5957, .F. ) ;
#5166 = EDGE_CURVE ( 'NONE', #7855, #6161, #5672, .T. ) ;
#5167 = CARTESIAN_POINT ( 'NONE',  ( -0.3146542512795814650, 0.06940157933896519415, 0.2270756231802802672 ) ) ;
#5168 = CARTESIAN_POINT ( 'NONE',  ( -0.1639738843970750259, 0.1523270544271657645, 0.2270756231802803504 ) ) ;
#5169 = CARTESIAN_POINT ( 'NONE',  ( -0.3930338153696311676, 0.1613261747899569776, 0.1877055431802802654 ) ) ;
#5170 = DIRECTION ( 'NONE',  ( 1.000000000000000000, 0.000000000000000000, 0.000000000000000000 ) ) ;
#5171 = CARTESIAN_POINT ( 'NONE',  ( -0.05935798548993393570, 0.1928828478248565959, 0.1877055431802803209 ) ) ;
#5172 = CARTESIAN_POINT ( 'NONE',  ( -0.4023263154752999005, 0.07756395911590234504, 0.2270756231802802672 ) ) ;
#5173 = CARTESIAN_POINT ( 'NONE',  ( 0.05284910490982360626, 0.1557841197812466771, 0.1877055431802803209 ) ) ;
#5174 = VERTEX_POINT ( 'NONE', #906 ) ;
#5175 = FACE_OUTER_BOUND ( 'NONE', #3599, .T. ) ;
#5176 = CARTESIAN_POINT ( 'NONE',  ( -0.4242408354317009911, 0.1633393263715991750, 0.1877055431802803487 ) ) ;
#5177 = CARTESIAN_POINT ( 'NONE',  ( 0.05284593774774872660, 0.1028152597527481338, 0.1877055431802803764 ) ) ;
#5178 = CARTESIAN_POINT ( 'NONE',  ( -0.7984020917776485371, 0.02000000000000012879, -0.06523805343215297037 ) ) ;
#5179 = CARTESIAN_POINT ( 'NONE',  ( -0.2373488265235746131, 0.1658718614849219175, 0.2270756231802802949 ) ) ;
#5180 = CARTESIAN_POINT ( 'NONE',  ( -0.1008456255565603754, 0.07805345149939728333, 0.1877055431802803209 ) ) ;
#5181 = CARTESIAN_POINT ( 'NONE',  ( -0.1285101265212551525, 0.1450601787554674782, 0.1877055431802802377 ) ) ;
#5182 = EDGE_LOOP ( 'NONE', ( #851, #7612, #1448, #4971 ) ) ;
#5183 = VECTOR ( 'NONE', #456, 39.37007874015748143 ) ;
#5184 = VERTEX_POINT ( 'NONE', #2725 ) ;
#5185 = CARTESIAN_POINT ( 'NONE',  ( 0.3521486950495297252, 0.1500672567449960748, 0.2270756231802802949 ) ) ;
#5186 = DIRECTION ( 'NONE',  ( -0.000000000000000000, -0.000000000000000000, 1.000000000000000000 ) ) ;
#5187 = CARTESIAN_POINT ( 'NONE',  ( 0.05425992667292360572, 0.1165991252979789450, 0.2270756231802803782 ) ) ;
#5188 = DATE_AND_TIME ( #5149, #7568 ) ;
#5189 = CARTESIAN_POINT ( 'NONE',  ( 0.3384352130535007164, 0.1167065637596283456, 0.2270756231802802116 ) ) ;
#5190 = LINE ( 'NONE', #7640, #6267 ) ;
#5191 = VERTEX_POINT ( 'NONE', #1510 ) ;
#5192 = VECTOR ( 'NONE', #4094, 39.37007874015748143 ) ;
#5193 = FACE_OUTER_BOUND ( 'NONE', #4358, .T. ) ;
#5194 = CARTESIAN_POINT ( 'NONE',  ( -0.05844707922100601805, 0.08865308808328585533, 0.2270756231802802949 ) ) ;
#5195 = FACE_OUTER_BOUND ( 'NONE', #3751, .T. ) ;
#5196 = EDGE_LOOP ( 'NONE', ( #5997, #1995, #7160, #3334 ) ) ;
#5197 = CARTESIAN_POINT ( 'NONE',  ( -0.03514772183500916580, 0.1451509087560731714, 0.2270756231802802949 ) ) ;
#5198 = DIRECTION ( 'NONE',  ( -1.000000000000000000, 0.000000000000000000, -0.000000000000000000 ) ) ;
#5199 = CARTESIAN_POINT ( 'NONE',  ( -0.2105343142315600491, 0.1700109328996070868, 0.1877055431802803209 ) ) ;
#5200 = CARTESIAN_POINT ( 'NONE',  ( 0.7954022872182958670, 0.02000000000000000042, 0.2070756231802803049 ) ) ;
#5201 = VERTEX_POINT ( 'NONE', #2182 ) ;
#5202 = CARTESIAN_POINT ( 'NONE',  ( -0.7741167953658587564, 0.5999999999999999778, 0.07279565469083813800 ) ) ;
#5203 = ADVANCED_FACE ( 'NONE', ( #5747 ), #6950, .T. ) ;
#5204 = ORIENTED_EDGE ( 'NONE', *, *, #2502, .F. ) ;
#5205 = CARTESIAN_POINT ( 'NONE',  ( -0.01959717340790121526, 0.09942815129111690076, 0.1877055431802803209 ) ) ;
#5206 = DIRECTION ( 'NONE',  ( 0.9500674671574050878, 0.000000000000000000, -0.3120445606786200199 ) ) ;
#5207 = CARTESIAN_POINT ( 'NONE',  ( -0.3946392050887442271, 0.1637728252068556267, 0.2270756231802803782 ) ) ;
#5208 = ADVANCED_FACE ( 'NONE', ( #3361 ), #247, .T. ) ;
#5209 = CARTESIAN_POINT ( 'NONE',  ( -0.1758596273385354958, 0.1832280172534359319, 0.1877055431802802377 ) ) ;
#5210 = DIRECTION ( 'NONE',  ( -0.000000000000000000, -0.000000000000000000, 1.000000000000000000 ) ) ;
#5211 = CARTESIAN_POINT ( 'NONE',  ( -0.1056166750260301990, 0.1706654568845270836, 0.1877055431802802654 ) ) ;
#5212 = CARTESIAN_POINT ( 'NONE',  ( -0.3870449017359741672, 0.1261019343576195995, 0.1877055431802802654 ) ) ;
#5213 = ADVANCED_FACE ( 'NONE', ( #3399 ), #2944, .T. ) ;
#5214 = VECTOR ( 'NONE', #5220, 39.37007874015748143 ) ;
#5215 = EDGE_LOOP ( 'NONE', ( #6158, #5551, #6260, #2722 ) ) ;
#5216 = CARTESIAN_POINT ( 'NONE',  ( -0.4558643240890188908, 0.1315847090563788124, 0.2270756231802803504 ) ) ;
#5217 = EDGE_CURVE ( 'NONE', #1432, #7288, #6873, .T. ) ;
#5218 = CARTESIAN_POINT ( 'NONE',  ( -0.4278052778819342317, 0.1552088707095490572, 0.2270756231802802949 ) ) ;
#5219 = CARTESIAN_POINT ( 'NONE',  ( -0.2680665955427028457, 0.1575394107282612755, 0.1877055431802802099 ) ) ;
#5220 = DIRECTION ( 'NONE',  ( -0.000000000000000000, -1.000000000000000000, -0.000000000000000000 ) ) ;
#5221 = CARTESIAN_POINT ( 'NONE',  ( -0.2431324537288871712, 0.1702958176987575956, 0.2270756231802803504 ) ) ;
#5222 = LINE ( 'NONE', #2681, #7467 ) ;
#5223 = DIRECTION ( 'NONE',  ( -0.000000000000000000, -0.000000000000000000, 1.000000000000000000 ) ) ;
#5224 = B_SPLINE_SURFACE_WITH_KNOTS ( 'NONE', 3, 1, ( 
 ( #2810, #6390 ),
 ( #3442, #6952 ),
 ( #2690, #3401 ),
 ( #7075, #7681 ),
 ( #942, #5189 ),
 ( #5831, #5150 ),
 ( #3362, #4044 ),
 ( #5785, #328 ),
 ( #1024, #5872 ),
 ( #5113, #366 ),
 ( #4603, #5233 ),
 ( #7638, #2727 ),
 ( #1474, #7558 ),
 ( #416, #6428 ),
 ( #3328, #7598 ),
 ( #2185, #7035 ),
 ( #5750, #2852 ),
 ( #7720, #1590 ),
 ( #2141, #3887 ) ),
 .UNSPECIFIED., .F., .F., .F.,
 ( 4, 1, 1, 1, 1, 1, 1, 1, 1, 1, 1, 1, 1, 1, 1, 1, 4 ),
 ( 2, 2 ),
 ( 0.000000000000000000, 0.1043212003319297226, 0.2002351177995656539, 0.2872866360596422197, 0.3662604197152595220, 0.4376827211855108257, 0.5011798321686554702, 0.5580212203309153907, 0.6084121485345166391, 0.6557430552930165746, 0.7019436693135174821, 0.7482150555409735615, 0.7942519338520301897, 0.8425045303297388211, 0.8922367909940882580, 0.9446164986685376963, 1.000000000000000000 ),
 ( 0.000000000000000000, 1.000000000000000000 ),
 .UNSPECIFIED. ) ;
#5225 = ORIENTED_EDGE ( 'NONE', *, *, #2304, .T. ) ;
#5226 = B_SPLINE_CURVE_WITH_KNOTS ( 'NONE', 3,
 ( #1521, #5159, #2663, #140, #3218, #878, #5643, #3938, #917, #5083, #7527, #1404, #3335, #2738, #2073, #2034, #5006, #7002, #7607 ),
 .UNSPECIFIED., .F., .F.,
 ( 4, 1, 1, 1, 1, 1, 1, 1, 1, 1, 1, 1, 1, 1, 1, 1, 4 ),
 ( 0.000000000000000000, 0.06743327249907167531, 0.1335521599200664156, 0.1997046778589727234, 0.2671201877316286000, 0.3352777423402916734, 0.4036283107667172354, 0.4742054460698434948, 0.5479942499729125727, 0.5881356421708163751, 0.6324115522410838075, 0.6818573288135472144, 0.7356293597745977575, 0.7938970358079763256, 0.8577893042072283203, 0.9262923936168980799, 1.000000000000000000 ),
 .UNSPECIFIED. ) ;
#5227 = EDGE_LOOP ( 'NONE', ( #340, #7082, #5587, #3320 ) ) ;
#5228 = DIRECTION ( 'NONE',  ( 0.000000000000000000, 0.000000000000000000, -1.000000000000000000 ) ) ;
#5229 = AXIS2_PLACEMENT_3D ( 'NONE', #2011, #5061, #5622 ) ;
#5230 = CARTESIAN_POINT ( 'NONE',  ( 0.1532254223763054868, 0.1299918611598430140, 0.1877055431802802377 ) ) ;
#5231 = CARTESIAN_POINT ( 'NONE',  ( 0.000000000000000000, 0.5799999999999999600, 0.2070756231802803049 ) ) ;
#5232 = APPROVAL_DATE_TIME ( #7073, #5070 ) ;
#5233 = CARTESIAN_POINT ( 'NONE',  ( 0.3334192443024109886, 0.1299918611598430140, 0.2270756231802803504 ) ) ;
#5234 = CARTESIAN_POINT ( 'NONE',  ( -0.2413654391637924113, 0.07862314684757659711, 0.2270756231802803504 ) ) ;
#5235 = CARTESIAN_POINT ( 'NONE',  ( -0.4310625086616012291, 0.1316704175347040151, 0.1877055431802803209 ) ) ;
#5236 = CARTESIAN_POINT ( 'NONE',  ( -0.2969389023584984577, 0.1226326522363244131, 0.1877055431802803209 ) ) ;
#5237 = ORIENTED_EDGE ( 'NONE', *, *, #7564, .F. ) ;
#5238 = CARTESIAN_POINT ( 'NONE',  ( -0.01647570697056421896, 0.1402187978926991152, 0.2270756231802802949 ) ) ;
#5239 = CARTESIAN_POINT ( 'NONE',  ( -0.2688321119520666880, 0.09234934665383363883, 0.2270756231802803782 ) ) ;
#5240 = CARTESIAN_POINT ( 'NONE',  ( -0.2369550202667025651, 0.1946156568559112010, 0.1877055431802802377 ) ) ;
#5241 = CARTESIAN_POINT ( 'NONE',  ( -0.1328377578501198364, 0.09453257400091152896, 0.1877055431802803209 ) ) ;
#5242 = AXIS2_PLACEMENT_3D ( 'NONE', #5993, #7323, #5917 ) ;
#5243 = ORIENTED_EDGE ( 'NONE', *, *, #6415, .T. ) ;
#5244 = ADVANCED_FACE ( 'NONE', ( #5909 ), #3709, .T. ) ;
#5245 = ORIENTED_EDGE ( 'NONE', *, *, #393, .T. ) ;
#5246 = LINE ( 'NONE', #7531, #5748 ) ;
#5247 = CARTESIAN_POINT ( 'NONE',  ( -0.3212439952847431779, 0.05575621770363470980, 0.1877055431802803764 ) ) ;
#5248 = CARTESIAN_POINT ( 'NONE',  ( -0.3870623953822679431, 0.1302825303198414386, 0.2270756231802803504 ) ) ;
#5249 = DIRECTION ( 'NONE',  ( -0.3090169943748823922, 1.623838647438936271E-15, -0.9510565162951747364 ) ) ;
#5250 = CARTESIAN_POINT ( 'NONE',  ( -0.1441030870729165247, 0.1716209277666180255, 0.2270756231802802949 ) ) ;
#5251 = CARTESIAN_POINT ( 'NONE',  ( -0.2721328181054288309, 0.1162354866542672643, 0.2270756231802803504 ) ) ;
#5252 = CARTESIAN_POINT ( 'NONE',  ( 0.3390392926748146407, 0.1056566717699403968, 0.2270756231802802949 ) ) ;
#5253 = EDGE_CURVE ( 'NONE', #5943, #5707, #7741, .T. ) ;
#5254 = CARTESIAN_POINT ( 'NONE',  ( -0.2159414217718825801, 0.06792182635784677069, 0.1877055431802803487 ) ) ;
#5255 = ORIENTED_EDGE ( 'NONE', *, *, #4729, .F. ) ;
#5256 = CARTESIAN_POINT ( 'NONE',  ( 0.000000000000000000, 0.000000000000000000, 0.000000000000000000 ) ) ;
#5257 = CARTESIAN_POINT ( 'NONE',  ( -0.4305272750531110582, 0.1398691223169714337, 0.1877055431802803487 ) ) ;
#5258 = CARTESIAN_POINT ( 'NONE',  ( -0.2845516599240086042, 0.1791639872930616273, 0.2270756231802802949 ) ) ;
#5259 = DIRECTION ( 'NONE',  ( -0.3120445760271325919, 0.000000000000000000, 0.9500674621162684685 ) ) ;
#5260 = CARTESIAN_POINT ( 'NONE',  ( 0.3388112187307698031, 0.1133293759661704869, 0.1877055431802803487 ) ) ;
#5261 = CARTESIAN_POINT ( 'NONE',  ( 0.2736727905277395734, 0.1044422681723898433, 0.1877055431802802654 ) ) ;
#5262 = LINE ( 'NONE', #2216, #7633 ) ;
#5263 = CARTESIAN_POINT ( 'NONE',  ( -0.2562133934397275992, 0.1706780374008278756, 0.2270756231802804892 ) ) ;
#5264 = ORIENTED_EDGE ( 'NONE', *, *, #5317, .T. ) ;
#5265 = EDGE_CURVE ( 'NONE', #3413, #1432, #3435, .T. ) ;
#5266 = EDGE_LOOP ( 'NONE', ( #1419, #304, #4079, #7869 ) ) ;
#5267 = CARTESIAN_POINT ( 'NONE',  ( 0.9279426847140814782, 0.5799999999999999600, -0.2178062665826999700 ) ) ;
#5268 = CARTESIAN_POINT ( 'NONE',  ( 0.2554567416956101122, 0.1345848466134695887, 0.1877055431802803487 ) ) ;
#5269 = CARTESIAN_POINT ( 'NONE',  ( -0.4149269768638307321, 0.1962364953311522275, 0.2270756231802802949 ) ) ;
#5270 = PERSON_AND_ORGANIZATION_ROLE ( 'creator' ) ;
#5271 = CARTESIAN_POINT ( 'NONE',  ( 0.09348104514806306053, 0.1033656044874853297, 0.1877055431802803209 ) ) ;
#5272 = FACE_OUTER_BOUND ( 'NONE', #5413, .T. ) ;
#5273 = CARTESIAN_POINT ( 'NONE',  ( -0.1453696198529463857, 0.1716835746570795074, 0.2270756231802802949 ) ) ;
#5274 = CARTESIAN_POINT ( 'NONE',  ( -0.4179493065363239501, 0.07873544403918712742, 0.2270756231802803504 ) ) ;
#5275 = ORIENTED_EDGE ( 'NONE', *, *, #7277, .F. ) ;
#5276 = CARTESIAN_POINT ( 'NONE',  ( -0.3645409709208579652, 0.09446649819021490924, 0.2270756231802802394 ) ) ;
#5277 = CARTESIAN_POINT ( 'NONE',  ( -0.3422519698348963080, 0.07679695432603397820, 0.1877055431802802654 ) ) ;
#5278 = CARTESIAN_POINT ( 'NONE',  ( -0.2253637247568067159, 0.1890230343564093529, 0.1877055431802802654 ) ) ;
#5279 = LINE ( 'NONE', #6519, #6989 ) ;
#5280 = EDGE_CURVE ( 'NONE', #5005, #3478, #6090, .T. ) ;
#5281 = ORIENTED_EDGE ( 'NONE', *, *, #3229, .F. ) ;
#5282 = CARTESIAN_POINT ( 'NONE',  ( -0.2856215820475758171, 0.1776734734557873785, 0.1877055431802803209 ) ) ;
#5283 = VERTEX_POINT ( 'NONE', #599 ) ;
#5284 = CARTESIAN_POINT ( 'NONE',  ( -0.03291032528041618055, 0.1196328100508765729, 0.1877055431802803209 ) ) ;
#5285 = CARTESIAN_POINT ( 'NONE',  ( 0.003349613246886850356, 0.08523475899910881726, 0.1877055431802803487 ) ) ;
#5286 = CARTESIAN_POINT ( 'NONE',  ( -0.3873833531357551152, 0.1362842676182428325, 0.2270756231802803782 ) ) ;
#5287 = CARTESIAN_POINT ( 'NONE',  ( -0.4081499995407331660, 0.07630976186235564895, 0.1877055431802803487 ) ) ;
#5288 = B_SPLINE_SURFACE_WITH_KNOTS ( 'NONE', 3, 1, ( 
 ( #691, #778 ),
 ( #85, #1384 ),
 ( #3643, #5029 ),
 ( #6101, #4360 ),
 ( #610, #649 ),
 ( #3041, #2455 ),
 ( #2531, #5460 ),
 ( #7356, #1862 ),
 ( #7398, #4283 ),
 ( #5500, #3758 ),
 ( #6750, #46 ),
 ( #2493, #6789 ),
 ( #5777, #2719 ),
 ( #319, #2760 ),
 ( #3879, #4477 ),
 ( #3242, #4553 ),
 ( #6378, #5666 ),
 ( #3355, #2132 ),
 ( #7630, #1427 ) ),
 .UNSPECIFIED., .F., .F., .F.,
 ( 4, 1, 1, 1, 1, 1, 1, 1, 1, 1, 1, 1, 1, 1, 1, 1, 4 ),
 ( 2, 2 ),
 ( 0.000000000000000000, 0.07061958908030542548, 0.1385768908401558697, 0.2060734598181213906, 0.2744631881640022808, 0.3426003686445658336, 0.4107400792371033171, 0.4801183847928305326, 0.5526004757567168912, 0.5917843457786856609, 0.6356630389305280016, 0.6835687881021350609, 0.7369646345616784888, 0.7948709303760277400, 0.8584208566785909156, 0.9265985076834626355, 1.000000000000000000 ),
 ( 0.000000000000000000, 1.000000000000000000 ),
 .UNSPECIFIED. ) ;
#5289 = FACE_OUTER_BOUND ( 'NONE', #2848, .T. ) ;
#5290 = FACE_OUTER_BOUND ( 'NONE', #5227, .T. ) ;
#5291 = EDGE_CURVE ( 'NONE', #7205, #3922, #1563, .T. ) ;
#5292 = CARTESIAN_POINT ( 'NONE',  ( -0.2330253769092923144, 0.05432943408580807876, 0.2270756231802802394 ) ) ;
#5293 = AXIS2_PLACEMENT_3D ( 'NONE', #6763, #2508, #3137 ) ;
#5294 = VERTEX_POINT ( 'NONE', #765 ) ;
#5295 = CARTESIAN_POINT ( 'NONE',  ( 0.2363089988271989683, 0.1470455209631993942, 0.1877055431802802654 ) ) ;
#5296 = FACE_OUTER_BOUND ( 'NONE', #168, .T. ) ;
#5297 = CARTESIAN_POINT ( 'NONE',  ( 0.06336589760620550682, 0.1309152108147106086, 0.1877055431802803487 ) ) ;
#5298 = CARTESIAN_POINT ( 'NONE',  ( -0.7984020917776490922, 0.008284271247461892293, -0.06523805343215458019 ) ) ;
#5299 = CARTESIAN_POINT ( 'NONE',  ( -0.3864148220550844837, 0.05700635576611832317, 0.1877055431802803764 ) ) ;
#5300 = CARTESIAN_POINT ( 'NONE',  ( 0.2736687959250440061, 0.1065134203498642879, 0.2270756231802802949 ) ) ;
#5301 = CARTESIAN_POINT ( 'NONE',  ( 0.3637623462446168965, 0.1151063910882870051, 0.2270756231802802949 ) ) ;
#5302 = CYLINDRICAL_SURFACE ( 'NONE', #2918, 0.02000000000000003858 ) ;
#5303 = ORIENTED_EDGE ( 'NONE', *, *, #1316, .F. ) ;
#5304 = ORIENTED_EDGE ( 'NONE', *, *, #3220, .T. ) ;
#5305 = CARTESIAN_POINT ( 'NONE',  ( 0.3291297365976896261, 0.1575507258785614484, 0.2270756231802802949 ) ) ;
#5306 = CARTESIAN_POINT ( 'NONE',  ( 0.2336875110853142701, 0.1117986576282369859, 0.1877055431802802654 ) ) ;
#5307 = CARTESIAN_POINT ( 'NONE',  ( -0.2413654391637924113, 0.07862314684757659711, 0.2270756231802803782 ) ) ;
#5308 = VECTOR ( 'NONE', #4414, 39.37007874015748143 ) ;
#5309 = VECTOR ( 'NONE', #2564, 39.37007874015748143 ) ;
#5310 = DATE_AND_TIME ( #327, #4000 ) ;
#5311 = ADVANCED_FACE ( 'NONE', ( #5565 ), #2630, .T. ) ;
#5312 = CARTESIAN_POINT ( 'NONE',  ( -0.2505378890837154926, 0.1964160600194861384, 0.2270756231802802949 ) ) ;
#5313 = EDGE_CURVE ( 'NONE', #5933, #938, #5133, .T. ) ;
#5314 = CARTESIAN_POINT ( 'NONE',  ( -0.03848995096540334948, 0.1204519978349515019, 0.2270756231802804059 ) ) ;
#5315 = CC_DESIGN_APPROVAL ( #6135, ( #848 ) ) ;
#5316 = CARTESIAN_POINT ( 'NONE',  ( -0.1891759304222983273, 0.1469510892946729042, 0.2270756231802802949 ) ) ;
#5317 = EDGE_CURVE ( 'NONE', #6642, #3997, #721, .T. ) ;
#5318 = CARTESIAN_POINT ( 'NONE',  ( 0.2330429268359290595, 0.05508757223430543054, 0.1877055431802803209 ) ) ;
#5319 = ORIENTED_EDGE ( 'NONE', *, *, #1121, .T. ) ;
#5320 = CARTESIAN_POINT ( 'NONE',  ( -0.2294895333840923091, 0.1467150649914887584, 0.1877055431802803487 ) ) ;
#5321 = CARTESIAN_POINT ( 'NONE',  ( 0.3003833594716903144, 0.1190068638102623894, 0.1877055431802802654 ) ) ;
#5322 = CARTESIAN_POINT ( 'NONE',  ( -0.2140148360177498710, 0.1766616843148396676, 0.1877055431802803209 ) ) ;
#5323 = CARTESIAN_POINT ( 'NONE',  ( 0.1252314549822480250, 0.1505148894691868411, 0.1877055431802803764 ) ) ;
#5324 = CIRCLE ( 'NONE', #229, 0.02000000000000002470 ) ;
#5325 = ORIENTED_EDGE ( 'NONE', *, *, #4498, .T. ) ;
#5326 = EDGE_LOOP ( 'NONE', ( #1476, #7350, #5721, #6927 ) ) ;
#5327 = CARTESIAN_POINT ( 'NONE',  ( -0.4158531448143500953, 0.07764787570090497804, 0.2270756231802802672 ) ) ;
#5328 = CARTESIAN_POINT ( 'NONE',  ( 0.005011894346760734954, 0.09459938963702042847, 0.1877055431802802654 ) ) ;
#5329 = CARTESIAN_POINT ( 'NONE',  ( -0.2076928889397027800, 0.08526648473679680762, 0.1877055431802803209 ) ) ;
#5330 = LINE ( 'NONE', #6528, #2397 ) ;
#5331 = CARTESIAN_POINT ( 'NONE',  ( -0.03514772183500916580, 0.1451509087560731714, 0.1877055431802803209 ) ) ;
#5332 = PLANE ( 'NONE',  #1265 ) ;
#5333 = CARTESIAN_POINT ( 'NONE',  ( -0.2360597612375675003, 0.05328671837024311769, 0.2270756231802804059 ) ) ;
#5334 = ORIENTED_EDGE ( 'NONE', *, *, #6375, .F. ) ;
#5335 = CARTESIAN_POINT ( 'NONE',  ( 0.1410137904539383036, 0.1345848466134695609, 0.1877055431802803209 ) ) ;
#5336 = CARTESIAN_POINT ( 'NONE',  ( -0.2722064169960918822, 0.1223566200336189819, 0.1877055431802803764 ) ) ;
#5337 = CARTESIAN_POINT ( 'NONE',  ( -0.4452285836962185939, 0.07072684147570752755, 0.2270756231802802949 ) ) ;
#5338 = CARTESIAN_POINT ( 'NONE',  ( 0.3334192443024109886, 0.1299918611598430140, 0.1877055431802803487 ) ) ;
#5339 = CARTESIAN_POINT ( 'NONE',  ( -0.2589547577779958143, 0.07873544403918712742, 0.1877055431802802654 ) ) ;
#5340 = DIRECTION ( 'NONE',  ( 0.000000000000000000, -1.000000000000000000, 0.000000000000000000 ) ) ;
#5341 = CARTESIAN_POINT ( 'NONE',  ( 0.09034522722018523133, 0.1254872592240082463, 0.2270756231802802672 ) ) ;
#5342 = VERTEX_POINT ( 'NONE', #3906 ) ;
#5343 = EDGE_CURVE ( 'NONE', #7601, #6362, #5652, .T. ) ;
#5344 = VERTEX_POINT ( 'NONE', #6167 ) ;
#5345 = LINE ( 'NONE', #2, #378 ) ;
#5346 = CARTESIAN_POINT ( 'NONE',  ( 0.05687743668723920648, 0.1236164632634709354, 0.2270756231802802672 ) ) ;
#5347 = CARTESIAN_POINT ( 'NONE',  ( 0.0005945647360027288232, 0.1217390580505347403, 0.1877055431802802377 ) ) ;
#5348 = CARTESIAN_POINT ( 'NONE',  ( -0.2033087792008162475, 0.1239300035890399387, 0.2270756231802802949 ) ) ;
#5349 = CARTESIAN_POINT ( 'NONE',  ( -0.05314432204525233044, 0.05286954145079670458, 0.2270756231802802672 ) ) ;
#5350 = EDGE_CURVE ( 'NONE', #6622, #4701, #5637, .T. ) ;
#5351 = B_SPLINE_SURFACE_WITH_KNOTS ( 'NONE', 3, 1, ( 
 ( #2025, #2576 ),
 ( #5506, #5035 ),
 ( #6151, #13 ),
 ( #4444, #7321 ),
 ( #2462, #3846 ),
 ( #6755, #4881 ),
 ( #2498, #1868 ),
 ( #1985, #3127 ),
 ( #3765, #6270 ),
 ( #6190, #827 ),
 ( #3248, #4916 ) ),
 .UNSPECIFIED., .F., .F., .F.,
 ( 4, 1, 1, 1, 1, 1, 1, 1, 4 ),
 ( 2, 2 ),
 ( 0.000000000000000000, 0.08887073112253615625, 0.1863547159714915580, 0.2940776543961753364, 0.4122365279576110098, 0.5417781444209641695, 0.6827026066315660113, 0.8350963526041702556, 1.000000000000000000 ),
 ( 0.000000000000000000, 1.000000000000000000 ),
 .UNSPECIFIED. ) ;
#5352 = CARTESIAN_POINT ( 'NONE',  ( -0.3938262055081047097, 0.08575474995487882002, 0.1877055431802803209 ) ) ;
#5353 = CARTESIAN_POINT ( 'NONE',  ( -0.02730854026858038283, 0.05343678319887784633, 0.1877055431802802654 ) ) ;
#5354 = ORIENTED_EDGE ( 'NONE', *, *, #5350, .F. ) ;
#5355 = CARTESIAN_POINT ( 'NONE',  ( -0.2280412645632228785, 0.1239300035890399387, 0.1877055431802803209 ) ) ;
#5356 = CARTESIAN_POINT ( 'NONE',  ( -0.3403053888768601265, 0.07905418170832102798, 0.1877055431802803487 ) ) ;
#5357 = CARTESIAN_POINT ( 'NONE',  ( -0.2090108107677271509, 0.1663007680598009852, 0.1877055431802803487 ) ) ;
#5358 = CARTESIAN_POINT ( 'NONE',  ( -0.03975969909784833611, 0.1699169685597647361, 0.1877055431802803209 ) ) ;
#5359 = EDGE_CURVE ( 'NONE', #2278, #1495, #3532, .T. ) ;
#5360 = EDGE_LOOP ( 'NONE', ( #7663, #4808, #5033, #750 ) ) ;
#5361 = VERTEX_POINT ( 'NONE', #4977 ) ;
#5362 = LINE ( 'NONE', #7812, #7157 ) ;
#5363 = CARTESIAN_POINT ( 'NONE',  ( 0.6637217283835672443, 0.008284271247461892293, 0.06959530821986564808 ) ) ;
#5364 = CARTESIAN_POINT ( 'NONE',  ( 0.6637217283835672443, 0.2349999999999998201, 0.2070756231802803049 ) ) ;
#5365 = LINE ( 'NONE', #1161, #4243 ) ;
#5366 = LINE ( 'NONE', #6492, #2910 ) ;
#5367 = EDGE_CURVE ( 'NONE', #6254, #7601, #5016, .T. ) ;
#5368 = DIRECTION ( 'NONE',  ( 0.000000000000000000, 1.000000000000000000, 0.000000000000000000 ) ) ;
#5369 = ORIENTED_EDGE ( 'NONE', *, *, #901, .T. ) ;
#5370 = FACE_OUTER_BOUND ( 'NONE', #4218, .T. ) ;
#5371 = FACE_OUTER_BOUND ( 'NONE', #6794, .T. ) ;
#5372 = CARTESIAN_POINT ( 'NONE',  ( 0.2582201017859991898, 0.1344665642319647358, 0.1877055431802802099 ) ) ;
#5373 = CARTESIAN_POINT ( 'NONE',  ( 0.1587853743818223862, 0.1096055511159636370, 0.1877055431802802377 ) ) ;
#5374 = CARTESIAN_POINT ( 'NONE',  ( -0.3817656024622261279, 0.1870569757980301284, 0.2270756231802803782 ) ) ;
#5375 = DIRECTION ( 'NONE',  ( -0.3090169943757413717, 0.000000000000000000, -0.9510565162948956264 ) ) ;
#5376 = CARTESIAN_POINT ( 'NONE',  ( -0.1451877144358069416, 0.1183612938691500638, 0.1877055431802803209 ) ) ;
#5377 = LINE ( 'NONE', #1057, #4190 ) ;
#5378 = CARTESIAN_POINT ( 'NONE',  ( -0.2499306182377636076, 0.1716835746570795351, 0.1877055431802803487 ) ) ;
#5379 = ORIENTED_EDGE ( 'NONE', *, *, #4204, .F. ) ;
#5380 = ORIENTED_EDGE ( 'NONE', *, *, #386, .F. ) ;
#5381 = DIRECTION ( 'NONE',  ( 0.000000000000000000, 0.000000000000000000, -1.000000000000000000 ) ) ;
#5382 = DIRECTION ( 'NONE',  ( -1.000000000000000000, 0.000000000000000000, 0.000000000000000000 ) ) ;
#5383 = CARTESIAN_POINT ( 'NONE',  ( -0.04092446425969534229, 0.1448264824302759601, 0.1877055431802803487 ) ) ;
#5384 = CARTESIAN_POINT ( 'NONE',  ( -0.2378003767967910576, 0.08161063583256158993, 0.2270756231802802949 ) ) ;
#5385 = CARTESIAN_POINT ( 'NONE',  ( -0.2203561225795654666, 0.1848155675275943433, 0.1877055431802803209 ) ) ;
#5386 = CARTESIAN_POINT ( 'NONE',  ( -0.08567912421664132527, 0.08448627954583701194, 0.2270756231802803782 ) ) ;
#5387 = SECURITY_CLASSIFICATION ( '', '', #4678 ) ;
#5388 = CARTESIAN_POINT ( 'NONE',  ( -0.3938262055081047097, 0.08575474995487882002, 0.2270756231802802949 ) ) ;
#5389 = LINE ( 'NONE', #4803, #1746 ) ;
#5390 = FACE_OUTER_BOUND ( 'NONE', #1300, .T. ) ;
#5391 = CARTESIAN_POINT ( 'NONE',  ( -0.02092560702567814249, 0.1073357630095603116, 0.1877055431802803487 ) ) ;
#5392 = CARTESIAN_POINT ( 'NONE',  ( 0.1489359146715841520, 0.1575507258785614484, 0.1877055431802803209 ) ) ;
#5393 = ORIENTED_EDGE ( 'NONE', *, *, #7125, .F. ) ;
#5394 = VERTEX_POINT ( 'NONE', #926 ) ;
#5395 = LINE ( 'NONE', #7849, #2334 ) ;
#5396 = CARTESIAN_POINT ( 'NONE',  ( -0.3354246580235467068, 0.05433163519004473307, 0.2270756231802803504 ) ) ;
#5397 = DIRECTION ( 'NONE',  ( 0.3090169943757413717, 0.000000000000000000, 0.9510565162948956264 ) ) ;
#5398 = FACE_OUTER_BOUND ( 'NONE', #1545, .T. ) ;
#5399 = DIRECTION ( 'NONE',  ( -0.000000000000000000, 1.000000000000000000, -0.000000000000000000 ) ) ;
#5400 = ADVANCED_FACE ( 'NONE', ( #3948 ), #3344, .T. ) ;
#5401 = ORIENTED_EDGE ( 'NONE', *, *, #339, .F. ) ;
#5402 = DIRECTION ( 'NONE',  ( 0.000000000000000000, -0.000000000000000000, -1.000000000000000000 ) ) ;
#5403 = ORIENTED_EDGE ( 'NONE', *, *, #1364, .F. ) ;
#5404 = CARTESIAN_POINT ( 'NONE',  ( 0.1544317981604275691, 0.1285610075922887507, 0.1877055431802803487 ) ) ;
#5405 = SPHERICAL_SURFACE ( 'NONE', #3400, 0.02000000000000000042 ) ;
#5406 = CARTESIAN_POINT ( 'NONE',  ( 0.2725387700719718032, 0.1191993570952817050, 0.1877055431802803487 ) ) ;
#5407 = CARTESIAN_POINT ( 'NONE',  ( 0.1518835033586426186, 0.1312183860301155136, 0.1877055431802803487 ) ) ;
#5408 = CARTESIAN_POINT ( 'NONE',  ( -0.3793506713378937412, 0.1848155675275942877, 0.1877055431802803209 ) ) ;
#5409 = CARTESIAN_POINT ( 'NONE',  ( 0.2924049119097414939, 0.1437533640175095440, 0.1877055431802803209 ) ) ;
#5410 = CARTESIAN_POINT ( 'NONE',  ( -0.2609201040557452833, 0.08015459038088899868, 0.2270756231802803504 ) ) ;
#5411 = CARTESIAN_POINT ( 'NONE',  ( 0.1092518855273153927, 0.1473770897489063703, 0.1877055431802802377 ) ) ;
#5412 = CARTESIAN_POINT ( 'NONE',  ( 0.09271595069700812319, 0.1171212717988584506, 0.2270756231802802672 ) ) ;
#5413 = EDGE_LOOP ( 'NONE', ( #6909, #1050, #3871, #2435 ) ) ;
#5414 = ORIENTED_EDGE ( 'NONE', *, *, #1930, .T. ) ;
#5415 = CARTESIAN_POINT ( 'NONE',  ( 0.3637623462446168965, 0.1151063910882870051, 0.1877055431802803209 ) ) ;
#5416 = LINE ( 'NONE', #5984, #5607 ) ;
#5417 = CARTESIAN_POINT ( 'NONE',  ( 0.3003833594716903144, 0.1190068638102623894, 0.2270756231802802949 ) ) ;
#5418 = CARTESIAN_POINT ( 'NONE',  ( -0.2499306182377635799, 0.07628684540208252596, 0.1877055431802803209 ) ) ;
#5419 = CARTESIAN_POINT ( 'NONE',  ( -0.2105343142315600491, 0.1700109328996070868, 0.1877055431802803209 ) ) ;
#5420 = CARTESIAN_POINT ( 'NONE',  ( -0.04510623169765844848, 0.05166137756356337096, 0.1877055431802803487 ) ) ;
#5421 = ORIENTED_EDGE ( 'NONE', *, *, #2633, .T. ) ;
#5422 = AXIS2_PLACEMENT_3D ( 'NONE', #4511, #6901, #3155 ) ;
#5423 = CARTESIAN_POINT ( 'NONE',  ( -0.3985131825996502397, 0.07997006610843980512, 0.1877055431802803209 ) ) ;
#5424 = DIRECTION ( 'NONE',  ( -0.9500674621162680245, 0.000000000000000000, -0.3120445760271338687 ) ) ;
#5425 = CARTESIAN_POINT ( 'NONE',  ( -0.2325897861065663597, 0.1584472979274401949, 0.2270756231802803504 ) ) ;
#5426 = CARTESIAN_POINT ( 'NONE',  ( 0.08651074100431738190, 0.1575016855261949789, 0.2270756231802802949 ) ) ;
#5427 = CARTESIAN_POINT ( 'NONE',  ( -0.05283271886415522728, 0.1136971671809041823, 0.1877055431802802654 ) ) ;
#5428 = AXIS2_PLACEMENT_3D ( 'NONE', #6269, #5782, #1471 ) ;
#5429 = EDGE_LOOP ( 'NONE', ( #3222, #813, #3358 ) ) ;
#5430 = ORIENTED_EDGE ( 'NONE', *, *, #3810, .F. ) ;
#5431 = DIRECTION ( 'NONE',  ( -0.000000000000000000, -0.000000000000000000, 1.000000000000000000 ) ) ;
#5432 = CARTESIAN_POINT ( 'NONE',  ( -0.3325913691455152366, 0.05347327707437946748, 0.2270756231802802949 ) ) ;
#5433 = CARTESIAN_POINT ( 'NONE',  ( -0.4081314770723162844, 0.1716511639888169127, 0.1877055431802802654 ) ) ;
#5434 = CARTESIAN_POINT ( 'NONE',  ( 0.3637717780372212717, 0.1136616056483979037, 0.1877055431802803209 ) ) ;
#5435 = CARTESIAN_POINT ( 'NONE',  ( -0.4308390288072737051, 0.1359225141953649962, 0.2270756231802802672 ) ) ;
#5436 = VECTOR ( 'NONE', #7365, 39.37007874015748143 ) ;
#5437 = EDGE_CURVE ( 'NONE', #3773, #5670, #6368, .T. ) ;
#5438 = ORIENTED_EDGE ( 'NONE', *, *, #4532, .F. ) ;
#5439 = CARTESIAN_POINT ( 'NONE',  ( -0.3212534869478648192, 0.08094136243757026061, 0.1877055431802802377 ) ) ;
#5440 = EDGE_CURVE ( 'NONE', #7230, #272, #2163, .T. ) ;
#5441 = CARTESIAN_POINT ( 'NONE',  ( 0.06739305646467812216, 0.1542048047760349039, 0.1877055431802803209 ) ) ;
#5442 = CARTESIAN_POINT ( 'NONE',  ( 0.1588454707487091389, 0.1056566717699403968, 0.1877055431802803209 ) ) ;
#5443 = CARTESIAN_POINT ( 'NONE',  ( 0.05611517690109347339, 0.1470455209631993665, 0.2270756231802802949 ) ) ;
#5444 = CARTESIAN_POINT ( 'NONE',  ( -0.2033087792008162475, 0.1239300035890399387, 0.2270756231802802949 ) ) ;
#5445 = EDGE_CURVE ( 'NONE', #6371, #7846, #1217, .T. ) ;
#5446 = DIRECTION ( 'NONE',  ( 0.9510565162948955154, 0.000000000000000000, -0.3090169943757414828 ) ) ;
#5447 = CARTESIAN_POINT ( 'NONE',  ( -0.3928617142118576155, 0.1935602870887397631, 0.1877055431802803487 ) ) ;
#5448 = CARTESIAN_POINT ( 'NONE',  ( -0.4486674837294805096, 0.07717231874924690427, 0.1877055431802803209 ) ) ;
#5449 = CARTESIAN_POINT ( 'NONE',  ( 0.2736748670741685485, 0.1033656044874853297, 0.2270756231802802949 ) ) ;
#5450 = CARTESIAN_POINT ( 'NONE',  ( 0.2608682405892451817, 0.1339514032287845713, 0.2270756231802804059 ) ) ;
#5451 = EDGE_CURVE ( 'NONE', #2529, #2636, #5416, .T. ) ;
#5452 = CARTESIAN_POINT ( 'NONE',  ( -0.4486674837294805096, 0.07717231874924690427, 0.1877055431802803209 ) ) ;
#5453 = LINE ( 'NONE', #7908, #2164 ) ;
#5454 = ADVANCED_FACE ( 'NONE', ( #3640 ), #7394, .T. ) ;
#5455 = ORIENTED_EDGE ( 'NONE', *, *, #7291, .T. ) ;
#5456 = LINE ( 'NONE', #7231, #3822 ) ;
#5457 = DIRECTION ( 'NONE',  ( -0.000000000000000000, -0.000000000000000000, 1.000000000000000000 ) ) ;
#5458 = CARTESIAN_POINT ( 'NONE',  ( 0.3024351880697742079, 0.1238680015157979375, 0.2270756231802803782 ) ) ;
#5459 = CARTESIAN_POINT ( 'NONE',  ( 0.08723723411496853153, 0.1300300362658862174, 0.2270756231802803782 ) ) ;
#5460 = CARTESIAN_POINT ( 'NONE',  ( 0.1262744317200257538, 0.1289860745467274750, 0.2270756231802804059 ) ) ;
#5461 = CARTESIAN_POINT ( 'NONE',  ( -0.2076484891586798665, 0.1622763871575219619, 0.2270756231802803504 ) ) ;
#5462 = CARTESIAN_POINT ( 'NONE',  ( -0.3864148220550844837, 0.05700635576611832317, 0.2270756231802803782 ) ) ;
#5463 = EDGE_CURVE ( 'NONE', #4807, #545, #1779, .T. ) ;
#5464 = VERTEX_POINT ( 'NONE', #2961 ) ;
#5465 = CARTESIAN_POINT ( 'NONE',  ( -0.1486570534972381508, 0.1963271893724093942, 0.1877055431802802654 ) ) ;
#5466 = FACE_OUTER_BOUND ( 'NONE', #7446, .T. ) ;
#5467 = LINE ( 'NONE', #6554, #3708 ) ;
#5468 = CARTESIAN_POINT ( 'NONE',  ( 0.1638388766122112761, 0.1548969904002743259, 0.2270756231802803782 ) ) ;
#5469 = DIRECTION ( 'NONE',  ( 0.9510565162948951823, 0.000000000000000000, 0.3090169943757426485 ) ) ;
#5470 = ORIENTED_EDGE ( 'NONE', *, *, #3176, .F. ) ;
#5471 = LINE ( 'NONE', #663, #3208 ) ;
#5472 = CARTESIAN_POINT ( 'NONE',  ( -0.1080496390724431793, 0.1756506930000498179, 0.1877055431802803487 ) ) ;
#5473 = DIRECTION ( 'NONE',  ( 0.000000000000000000, -0.000000000000000000, 1.000000000000000000 ) ) ;
#5474 = AXIS2_PLACEMENT_3D ( 'NONE', #4356, #1462, #816 ) ;
#5475 = DIRECTION ( 'NONE',  ( 1.000000000000000000, 0.000000000000000000, 0.000000000000000000 ) ) ;
#5476 = CARTESIAN_POINT ( 'NONE',  ( -0.2675715988698872949, 0.08908294506367803178, 0.2270756231802802672 ) ) ;
#5477 = EDGE_CURVE ( 'NONE', #5670, #2764, #5496, .T. ) ;
#5478 = ORIENTED_EDGE ( 'NONE', *, *, #6872, .T. ) ;
#5479 = CARTESIAN_POINT ( 'NONE',  ( -0.1328377578501198364, 0.09453257400091152896, 0.2270756231802802949 ) ) ;
#5480 = LINE ( 'NONE', #28, #2080 ) ;
#5481 = CARTESIAN_POINT ( 'NONE',  ( -0.04526924552104932831, 0.07698584946338497825, 0.1877055431802803487 ) ) ;
#5482 = CARTESIAN_POINT ( 'NONE',  ( 0.1835503148683232943, 0.1178957599393610639, 0.1877055431802803487 ) ) ;
#5483 = VECTOR ( 'NONE', #7898, 39.37007874015748143 ) ;
#5484 = CARTESIAN_POINT ( 'NONE',  ( -0.3436131738253824230, 0.07419441303091992013, 0.2270756231802803782 ) ) ;
#5485 = CARTESIAN_POINT ( 'NONE',  ( 0.000000000000000000, 0.5999999999999999778, 0.2070756231802803049 ) ) ;
#5486 = LINE ( 'NONE', #7262, #7270 ) ;
#5487 = CARTESIAN_POINT ( 'NONE',  ( 0.2344537485990290659, 0.1165991252979789450, 0.1877055431802803209 ) ) ;
#5488 = LINE ( 'NONE', #2482, #651 ) ;
#5489 = CARTESIAN_POINT ( 'NONE',  ( 0.2563973000815820691, 0.1345445871169877183, 0.2270756231802802949 ) ) ;
#5490 = CARTESIAN_POINT ( 'NONE',  ( -0.4257333098180551278, 0.05432712697290471848, 0.2270756231802802394 ) ) ;
#5491 = B_SPLINE_CURVE_WITH_KNOTS ( 'NONE', 3,
 ( #5965, #1680, #4809, #1080, #5923, #1795, #547, #467, #3014, #2906, #7169, #4846, #5999, #3576, #5327, #2315, #7774, #6643, #4137 ),
 .UNSPECIFIED., .F., .F.,
 ( 4, 1, 1, 1, 1, 1, 1, 1, 1, 1, 1, 1, 1, 1, 1, 1, 4 ),
 ( 0.000000000000000000, 0.1107342804863385016, 0.2123411929916478036, 0.3055021255634831623, 0.3898348410859877045, 0.4666904579461287339, 0.5352618542933008650, 0.5967629138889615215, 0.6510657189836184244, 0.7010355511102169812, 0.7478602709077569743, 0.7918333971357294221, 0.8342840069087872346, 0.8753338897746169023, 0.9160347492783125212, 0.9576522807232384915, 1.000000000000000000 ),
 .UNSPECIFIED. ) ;
#5492 = CARTESIAN_POINT ( 'NONE',  ( -0.2680665955427028457, 0.1575394107282612755, 0.1877055431802802099 ) ) ;
#5493 = VECTOR ( 'NONE', #6499, 39.37007874015748143 ) ;
#5494 = ORIENTED_EDGE ( 'NONE', *, *, #474, .T. ) ;
#5495 = DIRECTION ( 'NONE',  ( 0.2073096204707153833, 0.9782753810969014863, 0.000000000000000000 ) ) ;
#5496 = LINE ( 'NONE', #1180, #7151 ) ;
#5497 = CARTESIAN_POINT ( 'NONE',  ( 0.3003833594716903144, 0.1190068638102623894, 0.1877055431802802654 ) ) ;
#5498 = ORIENTED_EDGE ( 'NONE', *, *, #1912, .T. ) ;
#5499 = CARTESIAN_POINT ( 'NONE',  ( 0.09195517573860327587, 0.1210515645800658291, 0.1877055431802802654 ) ) ;
#5500 = CARTESIAN_POINT ( 'NONE',  ( 0.1209786047790291919, 0.1213151523856658837, 0.1877055431802803209 ) ) ;
#5501 = CARTESIAN_POINT ( 'NONE',  ( 0.1092518855273153927, 0.1473770897489063703, 0.1877055431802802377 ) ) ;
#5502 = EDGE_CURVE ( 'NONE', #2466, #7000, #4223, .T. ) ;
#5503 = CARTESIAN_POINT ( 'NONE',  ( -0.3645409709208579652, 0.09446649819021490924, 0.2270756231802802394 ) ) ;
#5504 = EDGE_LOOP ( 'NONE', ( #2624, #4217, #1336, #5304, #1980, #7896, #7492 ) ) ;
#5505 = CARTESIAN_POINT ( 'NONE',  ( 0.1377318319525889789, 0.1344713808013102974, 0.1877055431802802654 ) ) ;
#5506 = CARTESIAN_POINT ( 'NONE',  ( -0.3932689175898471112, 0.08677403637468354691, 0.1877055431802803487 ) ) ;
#5507 = FACE_OUTER_BOUND ( 'NONE', #7254, .T. ) ;
#5508 = CARTESIAN_POINT ( 'NONE',  ( -0.1026818805772646281, 0.1519316044205593075, 0.2270756231802803782 ) ) ;
#5509 = EDGE_LOOP ( 'NONE', ( #5515, #4800, #2028, #1156 ) ) ;
#5510 = LINE ( 'NONE', #7369, #2205 ) ;
#5511 = DIRECTION ( 'NONE',  ( -0.000000000000000000, -0.000000000000000000, 1.000000000000000000 ) ) ;
#5512 = CARTESIAN_POINT ( 'NONE',  ( 0.2635884369248993053, 0.1575071012801285142, 0.1877055431802802654 ) ) ;
#5513 = CARTESIAN_POINT ( 'NONE',  ( 0.3482947828972355331, 0.1526861201370247334, 0.1877055431802803487 ) ) ;
#5514 = CARTESIAN_POINT ( 'NONE',  ( -1.018337751696372528, 0.01999999999999999001, -0.2178062665827011080 ) ) ;
#5515 = ORIENTED_EDGE ( 'NONE', *, *, #6093, .T. ) ;
#5516 = CARTESIAN_POINT ( 'NONE',  ( 0.9554703231235291971, 0.01999999999999999001, -0.2178062665826999700 ) ) ;
#5517 = ORIENTED_EDGE ( 'NONE', *, *, #2057, .T. ) ;
#5518 = CARTESIAN_POINT ( 'NONE',  ( -0.05053081379788537664, 0.07934645263187115050, 0.1877055431802803487 ) ) ;
#5519 = CARTESIAN_POINT ( 'NONE',  ( -0.04232781716447878845, 0.05159036609242168003, 0.1877055431802803209 ) ) ;
#5520 = CARTESIAN_POINT ( 'NONE',  ( -0.2348316567497764906, 0.08575474995487882002, 0.1877055431802803209 ) ) ;
#5521 = CARTESIAN_POINT ( 'NONE',  ( 0.2083104414735224563, 0.1557841197812466771, 0.1877055431802803209 ) ) ;
#5522 = CARTESIAN_POINT ( 'NONE',  ( -0.3730093847760780901, 0.1766616843148396399, 0.2270756231802803782 ) ) ;
#5523 = DIRECTION ( 'NONE',  ( -0.000000000000000000, -1.000000000000000000, -0.000000000000000000 ) ) ;
#5524 = LINE ( 'NONE', #4938, #7148 ) ;
#5525 = CARTESIAN_POINT ( 'NONE',  ( -0.1644434450598916964, 0.1469510892946729042, 0.2270756231802802949 ) ) ;
#5526 = CARTESIAN_POINT ( 'NONE',  ( -0.4558951227596042544, 0.1161615667949961322, 0.1877055431802802654 ) ) ;
#5527 = CARTESIAN_POINT ( 'NONE',  ( -0.7488296743058352467, 0.01999999999999999001, -0.2178062665826999977 ) ) ;
#5528 = ADVANCED_FACE ( 'NONE', ( #4947 ), #3, .T. ) ;
#5529 = B_SPLINE_CURVE_WITH_KNOTS ( 'NONE', 3,
 ( #6943, #3958, #2644, #4438, #3995, #1466, #6305, #1542, #7670, #935, #860, #6418, #6862, #6262, #7511, #3392, #358, #821, #2803, #2053, #5705, #3837, #239 ),
 .UNSPECIFIED., .F., .F.,
 ( 4, 1, 1, 1, 1, 1, 1, 1, 1, 1, 1, 1, 1, 1, 1, 1, 1, 1, 1, 1, 4 ),
 ( 0.000000000000000000, 0.05383370089591479890, 0.1055426304091387074, 0.1580541720958376639, 0.2119873357804047675, 0.2402068903290461299, 0.2697935103595444084, 0.3013430987966757568, 0.3346080613711929774, 0.3702844416648601311, 0.4080888380149463313, 0.4486813458099819796, 0.4920692965602020963, 0.5386641566662651037, 0.5903710538753822457, 0.6463877841547199798, 0.7071953757631238568, 0.7729467746818400320, 0.8436426012467370672, 0.9193083570571426444, 1.000000000000000000 ),
 .UNSPECIFIED. ) ;
#5530 = AXIS2_PLACEMENT_3D ( 'NONE', #6568, #5931, #475 ) ;
#5531 = VECTOR ( 'NONE', #204, 39.37007874015748143 ) ;
#5532 = ORIENTED_EDGE ( 'NONE', *, *, #4639, .F. ) ;
#5533 = CARTESIAN_POINT ( 'NONE',  ( -0.1396672416376079362, 0.1250511642327805928, 0.2270756231802802394 ) ) ;
#5534 = CARTESIAN_POINT ( 'NONE',  ( -0.3623392069868989762, 0.1304104755484992439, 0.1877055431802803209 ) ) ;
#5535 = DIRECTION ( 'NONE',  ( 0.000000000000000000, 0.000000000000000000, -1.000000000000000000 ) ) ;
#5536 = CARTESIAN_POINT ( 'NONE',  ( 0.1588454707487091389, 0.05508757223430543054, 0.2270756231802802949 ) ) ;
#5537 = VERTEX_POINT ( 'NONE', #81 ) ;
#5538 = SPHERICAL_SURFACE ( 'NONE', #7548, 0.02000000000000000042 ) ;
#5539 = FACE_OUTER_BOUND ( 'NONE', #2385, .T. ) ;
#5540 = CARTESIAN_POINT ( 'NONE',  ( -0.4559334511168267046, 0.1226326522363244131, 0.1877055431802803209 ) ) ;
#5541 = CARTESIAN_POINT ( 'NONE',  ( -0.2401803428674472440, 0.1954130865284158525, 0.2270756231802802949 ) ) ;
#5542 = ORIENTED_EDGE ( 'NONE', *, *, #3364, .T. ) ;
#5543 = EDGE_CURVE ( 'NONE', #2368, #4571, #3038, .T. ) ;
#5544 = CARTESIAN_POINT ( 'NONE',  ( -0.1655355737953568829, 0.1913155063054358118, 0.2270756231802803504 ) ) ;
#5545 = CARTESIAN_POINT ( 'NONE',  ( -0.02101325830148443805, 0.08970881242483075280, 0.1877055431802802377 ) ) ;
#5546 = EDGE_CURVE ( 'NONE', #2551, #4578, #7873, .T. ) ;
#5547 = CARTESIAN_POINT ( 'NONE',  ( 0.1835685243185114779, 0.1151063910882870051, 0.2270756231802802672 ) ) ;
#5548 = EDGE_CURVE ( 'NONE', #3309, #2178, #7312, .T. ) ;
#5549 = FACE_OUTER_BOUND ( 'NONE', #7238, .T. ) ;
#5550 = EDGE_CURVE ( 'NONE', #138, #7328, #4458, .T. ) ;
#5551 = ORIENTED_EDGE ( 'NONE', *, *, #5543, .F. ) ;
#5552 = CARTESIAN_POINT ( 'NONE',  ( -0.3938262055081047097, 0.08575474995487882002, 0.1877055431802803209 ) ) ;
#5553 = FACE_OUTER_BOUND ( 'NONE', #2424, .T. ) ;
#5554 = FACE_OUTER_BOUND ( 'NONE', #5757, .T. ) ;
#5555 = ORIENTED_EDGE ( 'NONE', *, *, #1236, .T. ) ;
#5556 = CARTESIAN_POINT ( 'NONE',  ( -0.2722064169960918822, 0.1223566200336189819, 0.1877055431802803764 ) ) ;
#5557 = FACE_OUTER_BOUND ( 'NONE', #3005, .T. ) ;
#5558 = ORIENTED_EDGE ( 'NONE', *, *, #2656, .T. ) ;
#5559 = CARTESIAN_POINT ( 'NONE',  ( -0.02843397636708446322, 0.07981073560993762195, 0.2270756231802803504 ) ) ;
#5560 = VECTOR ( 'NONE', #6450, 39.37007874015748143 ) ;
#5561 = CARTESIAN_POINT ( 'NONE',  ( -0.04526924552104932831, 0.07698584946338497825, 0.2270756231802803504 ) ) ;
#5562 = DIRECTION ( 'NONE',  ( 0.000000000000000000, 0.000000000000000000, -1.000000000000000000 ) ) ;
#5563 = CARTESIAN_POINT ( 'NONE',  ( -0.2076928889397027800, 0.08526648473679680762, 0.2270756231802802949 ) ) ;
#5564 = CARTESIAN_POINT ( 'NONE',  ( -0.3296211151588215871, 0.08335326979134158321, 0.2270756231802802949 ) ) ;
#5565 = FACE_OUTER_BOUND ( 'NONE', #5797, .T. ) ;
#5566 = CARTESIAN_POINT ( 'NONE',  ( 0.1588454707487091389, 0.05508757223430543054, 0.1877055431802803209 ) ) ;
#5567 = DIRECTION ( 'NONE',  ( -1.445077109225377968E-16, -1.000000000000000000, 0.000000000000000000 ) ) ;
#5568 = CARTESIAN_POINT ( 'NONE',  ( -0.4193885754461248450, 0.05254056712124510753, 0.1877055431802803209 ) ) ;
#5569 = CARTESIAN_POINT ( 'NONE',  ( -0.2722064169960918822, 0.1223566200336189819, 0.2270756231802803782 ) ) ;
#5570 = B_SPLINE_CURVE_WITH_KNOTS ( 'NONE', 3,
 ( #3106, #1329, #4236, #111, #3674, #7420, #73, #4274, #5409, #1370, #6054 ),
 .UNSPECIFIED., .F., .F.,
 ( 4, 1, 1, 1, 1, 1, 1, 1, 4 ),
 ( 0.000000000000000000, 0.1279957221563329806, 0.2519554385112742212, 0.3734136720239900620, 0.4948012916471809519, 0.6170686537101857105, 0.7406196001507227011, 0.8669612012552120328, 0.9999999999999998890 ),
 .UNSPECIFIED. ) ;
#5571 = VECTOR ( 'NONE', #1934, 39.37007874015748143 ) ;
#5572 = AXIS2_PLACEMENT_3D ( 'NONE', #7793, #2336, #1138 ) ;
#5573 = ORIENTED_EDGE ( 'NONE', *, *, #1426, .F. ) ;
#5574 = CARTESIAN_POINT ( 'NONE',  ( -0.3296211151588215871, 0.05332096613699067317, 0.2270756231802802949 ) ) ;
#5575 = DIRECTION ( 'NONE',  ( 0.000000000000000000, -0.000000000000000000, -1.000000000000000000 ) ) ;
#5576 = CARTESIAN_POINT ( 'NONE',  ( -0.002337405033162591027, 0.07268270597061290972, 0.2270756231802803782 ) ) ;
#5577 = CARTESIAN_POINT ( 'NONE',  ( -0.2280412645632228785, 0.1239300035890399387, 0.2270756231802802949 ) ) ;
#5578 = EDGE_CURVE ( 'NONE', #2349, #6082, #1139, .T. ) ;
#5579 = ORIENTED_EDGE ( 'NONE', *, *, #223, .F. ) ;
#5580 = CARTESIAN_POINT ( 'NONE',  ( 0.09297301466729925024, 0.1148058578033423205, 0.1877055431802802099 ) ) ;
#5581 = APPLICATION_CONTEXT ( 'configuration controlled 3d designs of mechanical parts and assemblies' ) ;
#5582 = CARTESIAN_POINT ( 'NONE',  ( 0.3219265732450374840, 0.1345749701712322111, 0.2270756231802802949 ) ) ;
#5583 = CARTESIAN_POINT ( 'NONE',  ( -0.2317534897077457301, 0.09251811426148005835, 0.2270756231802803504 ) ) ;
#5584 = VERTEX_POINT ( 'NONE', #3791 ) ;
#5585 = ADVANCED_FACE ( 'NONE', ( #2715 ), #5662, .F. ) ;
#5586 = CARTESIAN_POINT ( 'NONE',  ( -0.4051737904155034986, 0.05161594897970092632, 0.2270756231802803782 ) ) ;
#5587 = ORIENTED_EDGE ( 'NONE', *, *, #5116, .F. ) ;
#5588 = CARTESIAN_POINT ( 'NONE',  ( -0.1616387316153825582, 0.1931752252600517361, 0.1877055431802802654 ) ) ;
#5589 = CARTESIAN_POINT ( 'NONE',  ( -0.01958174508008132114, 0.09864545382122244521, 0.1877055431802803209 ) ) ;
#5590 = APPROVAL_ROLE ( '' ) ;
#5591 = CARTESIAN_POINT ( 'NONE',  ( -0.1026353496870095056, 0.1540443565201723153, 0.1877055431802803209 ) ) ;
#5592 = B_SPLINE_CURVE_WITH_KNOTS ( 'NONE', 3,
 ( #2786, #5205, #2201, #7051, #1603, #2865, #1758, #6036, #2279, #510, #2386, #6075, #1157, #1720, #5284, #6602, #3496, #4694, #4099 ),
 .UNSPECIFIED., .F., .F.,
 ( 4, 1, 1, 1, 1, 1, 1, 1, 1, 1, 1, 1, 1, 1, 1, 1, 4 ),
 ( 0.000000000000000000, 0.07289060658065167619, 0.1418833354390771351, 0.2092821354239182696, 0.2746226384553198119, 0.3384391539790461700, 0.4013048615705234190, 0.4650061847340463128, 0.5283200864625129389, 0.5907402649620381307, 0.6509809274188461670, 0.7096903202894506713, 0.7672117550042970580, 0.8241879505444248410, 0.8817668141839341001, 0.9399547263812985110, 1.000000000000000000 ),
 .UNSPECIFIED. ) ;
#5593 = ADVANCED_FACE ( 'NONE', ( #3833 ), #4392, .F. ) ;
#5594 = VECTOR ( 'NONE', #1623, 39.37007874015748143 ) ;
#5595 = ORIENTED_EDGE ( 'NONE', *, *, #2635, .F. ) ;
#5596 = CARTESIAN_POINT ( 'NONE',  ( -0.4231271264473870364, 0.1648753588776872281, 0.1877055431802803764 ) ) ;
#5597 = CARTESIAN_POINT ( 'NONE',  ( -0.1420161284721263573, 0.1963553482031242248, 0.2270756231802802949 ) ) ;
#5598 = CARTESIAN_POINT ( 'NONE',  ( -0.2570157040211384913, 0.05194176459345253849, 0.2270756231802803504 ) ) ;
#5599 = VERTEX_POINT ( 'NONE', #1498 ) ;
#5600 = CARTESIAN_POINT ( 'NONE',  ( -0.2348316567497764906, 0.08575474995487882002, 0.1877055431802803209 ) ) ;
#5601 = CARTESIAN_POINT ( 'NONE',  ( 0.6637217283835672443, 0.5799999999999999600, 0.2070756231802803049 ) ) ;
#5602 = EDGE_CURVE ( 'NONE', #293, #3982, #76, .T. ) ;
#5603 = EDGE_CURVE ( 'NONE', #6193, #728, #3715, .T. ) ;
#5604 = ORIENTED_EDGE ( 'NONE', *, *, #630, .F. ) ;
#5605 = CARTESIAN_POINT ( 'NONE',  ( 0.1489359146715841520, 0.1575507258785614484, 0.1877055431802803209 ) ) ;
#5606 = EDGE_CURVE ( 'NONE', #3467, #5191, #368, .T. ) ;
#5607 = VECTOR ( 'NONE', #5457, 39.37007874015748143 ) ;
#5608 = DIRECTION ( 'NONE',  ( -0.9510565162948955154, 0.000000000000000000, 0.3090169943757414828 ) ) ;
#5609 = DIRECTION ( 'NONE',  ( 1.000000000000000000, 6.829619984160637733E-15, 0.000000000000000000 ) ) ;
#5610 = CARTESIAN_POINT ( 'NONE',  ( -0.4455362941634450902, 0.1761562561201592547, 0.1877055431802803487 ) ) ;
#5611 = CARTESIAN_POINT ( 'NONE',  ( -0.3444936690555228109, 0.07137456980022420516, 0.2270756231802802949 ) ) ;
#5612 = CARTESIAN_POINT ( 'NONE',  ( -0.1183079442219282240, 0.1126614906851347020, 0.2270756231802802949 ) ) ;
#5613 = CARTESIAN_POINT ( 'NONE',  ( -0.3655218432427715936, 0.08968081195020953522, 0.2270756231802803504 ) ) ;
#5614 = CARTESIAN_POINT ( 'NONE',  ( 0.1451550065331297934, 0.1342334086874206189, 0.2270756231802802949 ) ) ;
#5615 = DIRECTION ( 'NONE',  ( 1.000000000000000000, 6.829619984160637733E-15, 0.000000000000000000 ) ) ;
#5616 = EDGE_CURVE ( 'NONE', #5638, #6268, #395, .T. ) ;
#5617 = CARTESIAN_POINT ( 'NONE',  ( -0.1616387316153825582, 0.1931752252600517361, 0.2270756231802802672 ) ) ;
#5618 = VECTOR ( 'NONE', #4617, 39.37007874015748143 ) ;
#5619 = ORIENTED_EDGE ( 'NONE', *, *, #5291, .T. ) ;
#5620 = CARTESIAN_POINT ( 'NONE',  ( -0.1451877144358069416, 0.1183612938691500638, 0.2270756231802802949 ) ) ;
#5621 = DIRECTION ( 'NONE',  ( -4.023702988070684994E-15, 0.000000000000000000, 1.000000000000000000 ) ) ;
#5622 = DIRECTION ( 'NONE',  ( 0.000000000000000000, 0.000000000000000000, 1.000000000000000000 ) ) ;
#5623 = CARTESIAN_POINT ( 'NONE',  ( -0.2498202053566814518, 0.05155436003967592273, 0.1877055431802803487 ) ) ;
#5624 = ORIENTED_EDGE ( 'NONE', *, *, #3322, .T. ) ;
#5625 = CARTESIAN_POINT ( 'NONE',  ( 0.09348104514806306053, 0.1033656044874853297, 0.1877055431802803209 ) ) ;
#5626 = EDGE_CURVE ( 'NONE', #6578, #2551, #3156, .T. ) ;
#5627 = CARTESIAN_POINT ( 'NONE',  ( 0.2939822818024767637, 0.1410137884066511027, 0.2270756231802803504 ) ) ;
#5628 = CARTESIAN_POINT ( 'NONE',  ( 0.2083104414735224563, 0.1557841197812466771, 0.2270756231802802949 ) ) ;
#5629 = VERTEX_POINT ( 'NONE', #3274 ) ;
#5630 = CARTESIAN_POINT ( 'NONE',  ( -0.2469868076634662291, 0.1963633432147293967, 0.2270756231802802394 ) ) ;
#5631 = ORIENTED_EDGE ( 'NONE', *, *, #1256, .T. ) ;
#5632 = CARTESIAN_POINT ( 'NONE',  ( 0.1209786047790291919, 0.1213151523856658837, 0.1877055431802803209 ) ) ;
#5633 = DIRECTION ( 'NONE',  ( 0.000000000000000000, 1.000000000000000000, 0.000000000000000000 ) ) ;
#5634 = DIRECTION ( 'NONE',  ( -0.000000000000000000, -0.000000000000000000, 1.000000000000000000 ) ) ;
#5635 = DIRECTION ( 'NONE',  ( -0.000000000000000000, -0.000000000000000000, 1.000000000000000000 ) ) ;
#5636 = ADVANCED_FACE ( 'NONE', ( #6341 ), #3754, .F. ) ;
#5637 = B_SPLINE_CURVE_WITH_KNOTS ( 'NONE', 3,
 ( #2671, #5092, #6247, #1965, #4542, #3867, #1369, #4465, #2708, #110, #887, #4505, #7456, #7577, #1491, #6849, #2557, #3782, #1328 ),
 .UNSPECIFIED., .F., .F.,
 ( 4, 1, 1, 1, 1, 1, 1, 1, 1, 1, 1, 1, 1, 1, 1, 1, 4 ),
 ( 0.000000000000000000, 0.07061958908030437077, 0.1385768908401555366, 0.2060734598181211130, 0.2744631881640026694, 0.3426003686445656671, 0.4107400792371032061, 0.4801183847928303661, 0.5526004757567167802, 0.5917843457786854389, 0.6356630389305280016, 0.6835687881021350609, 0.7369646345616783778, 0.7948709303760277400, 0.8584208566785909156, 0.9265985076834626355, 1.000000000000000000 ),
 .UNSPECIFIED. ) ;
#5638 = VERTEX_POINT ( 'NONE', #6902 ) ;
#5639 = CARTESIAN_POINT ( 'NONE',  ( -0.03661293198700642931, 0.1451844831973581607, 0.2270756231802803504 ) ) ;
#5640 = CARTESIAN_POINT ( 'NONE',  ( -0.1275434182591382026, 0.1935346466653846131, 0.2270756231802803504 ) ) ;
#5641 = CARTESIAN_POINT ( 'NONE',  ( 0.2635884369248993053, 0.1575071012801285142, 0.2270756231802802672 ) ) ;
#5642 = ORIENTED_EDGE ( 'NONE', *, *, #3360, .F. ) ;
#5643 = CARTESIAN_POINT ( 'NONE',  ( 0.2410726219141525462, 0.1288730008591923437, 0.2270756231802802949 ) ) ;
#5644 = CARTESIAN_POINT ( 'NONE',  ( 0.2358028920877462409, 0.1209931974105246527, 0.2270756231802804059 ) ) ;
#5645 = B_SPLINE_SURFACE_WITH_KNOTS ( 'NONE', 3, 1, ( 
 ( #6718, #2540 ),
 ( #6638, #1273 ),
 ( #54, #1753 ),
 ( #1309, #3571 ),
 ( #541, #2971 ),
 ( #5391, #4215 ),
 ( #2382, #7844 ),
 ( #4805, #6029 ),
 ( #579, #3327 ),
 ( #208, #1948 ),
 ( #6314, #2613 ),
 ( #3767, #5675 ),
 ( #868, #1394 ),
 ( #907, #1511 ),
 ( #4997, #3886 ),
 ( #4485, #6833 ),
 ( #4406, #3288 ),
 ( #6229, #6916 ),
 ( #5714, #1473 ) ),
 .UNSPECIFIED., .F., .F., .F.,
 ( 4, 1, 1, 1, 1, 1, 1, 1, 1, 1, 1, 1, 1, 1, 1, 1, 4 ),
 ( 2, 2 ),
 ( 0.000000000000000000, 0.07289060658065167619, 0.1418833354390771351, 0.2092821354239182696, 0.2746226384553198119, 0.3384391539790461700, 0.4013048615705234190, 0.4650061847340463128, 0.5283200864625129389, 0.5907402649620381307, 0.6509809274188461670, 0.7096903202894506713, 0.7672117550042970580, 0.8241879505444248410, 0.8817668141839341001, 0.9399547263812985110, 1.000000000000000000 ),
 ( 0.000000000000000000, 1.000000000000000000 ),
 .UNSPECIFIED. ) ;
#5646 = VERTEX_POINT ( 'NONE', #160 ) ;
#5647 = LINE ( 'NONE', #4417, #7167 ) ;
#5648 = CARTESIAN_POINT ( 'NONE',  ( -0.7763573127152829656, 0.5799999999999999600, -0.1978062665827000910 ) ) ;
#5649 = PLANE ( 'NONE',  #2622 ) ;
#5650 = CARTESIAN_POINT ( 'NONE',  ( -0.2047088851018872002, 0.09962180876590485956, 0.2270756231802802949 ) ) ;
#5651 = CARTESIAN_POINT ( 'NONE',  ( -0.3422519698348963080, 0.07679695432603397820, 0.1877055431802802654 ) ) ;
#5652 = LINE ( 'NONE', #1454, #4455 ) ;
#5653 = CARTESIAN_POINT ( 'NONE',  ( -0.3696089154075639094, 0.07751678226972766317, 0.1877055431802803209 ) ) ;
#5654 = CARTESIAN_POINT ( 'NONE',  ( -0.2499306182377635799, 0.1716835746570795074, 0.2270756231802804059 ) ) ;
#5655 = CC_DESIGN_PERSON_AND_ORGANIZATION_ASSIGNMENT ( #2769, #5949, ( #5387 ) ) ;
#5656 = CARTESIAN_POINT ( 'NONE',  ( -0.3870358133215511254, 0.1239300035890399387, 0.1877055431802803209 ) ) ;
#5657 = CARTESIAN_POINT ( 'NONE',  ( -0.07350291997861883864, 0.06401431351405678649, 0.2270756231802804059 ) ) ;
#5658 = ADVANCED_FACE ( 'NONE', ( #4433 ), #5024, .T. ) ;
#5659 = ORIENTED_EDGE ( 'NONE', *, *, #986, .T. ) ;
#5660 = CARTESIAN_POINT ( 'NONE',  ( -0.3444946102169020863, 0.06540961882519540083, 0.1877055431802803487 ) ) ;
#5661 = PLANE ( 'NONE',  #7296 ) ;
#5662 = PLANE ( 'NONE',  #7662 ) ;
#5663 = CARTESIAN_POINT ( 'NONE',  ( -0.2306152060485017752, 0.09658589484604271358, 0.2270756231802803504 ) ) ;
#5664 = VERTEX_POINT ( 'NONE', #895 ) ;
#5665 = CARTESIAN_POINT ( 'NONE',  ( -0.2280678466239395852, 0.1302825303198413831, 0.2270756231802802949 ) ) ;
#5666 = CARTESIAN_POINT ( 'NONE',  ( 0.1182102974814389779, 0.1034225540286860118, 0.2270756231802802949 ) ) ;
#5667 = CARTESIAN_POINT ( 'NONE',  ( -0.2845516599240086042, 0.1791639872930616273, 0.2270756231802802949 ) ) ;
#5668 = EDGE_LOOP ( 'NONE', ( #5762, #4685, #1501, #7319 ) ) ;
#5669 = CARTESIAN_POINT ( 'NONE',  ( -0.4075811809397560381, 0.05157522662077296260, 0.2270756231802803504 ) ) ;
#5670 = VERTEX_POINT ( 'NONE', #7583 ) ;
#5671 = DIRECTION ( 'NONE',  ( 1.000000000000000000, 0.000000000000000000, 9.170757360903252313E-14 ) ) ;
#5672 = LINE ( 'NONE', #3928, #2375 ) ;
#5673 = VECTOR ( 'NONE', #6244, 39.37007874015748143 ) ;
#5674 = VECTOR ( 'NONE', #3062, 39.37007874015748143 ) ;
#5675 = CARTESIAN_POINT ( 'NONE',  ( -0.02796555271408338386, 0.1170220235364478473, 0.2270756231802802672 ) ) ;
#5676 = CARTESIAN_POINT ( 'NONE',  ( -0.1034907831655028781, 0.1454778591117225350, 0.1877055431802802377 ) ) ;
#5677 = DIRECTION ( 'NONE',  ( 0.000000000000000000, -1.000000000000000000, 0.000000000000000000 ) ) ;
#5678 = ORIENTED_EDGE ( 'NONE', *, *, #7842, .F. ) ;
#5679 = CARTESIAN_POINT ( 'NONE',  ( -0.4311559399792444514, 0.1271139794595063932, 0.1877055431802803487 ) ) ;
#5680 = DIRECTION ( 'NONE',  ( 0.000000000000000000, -1.000000000000000000, 0.000000000000000000 ) ) ;
#5681 = CARTESIAN_POINT ( 'NONE',  ( -0.2937590725723595031, 0.08894954109946526244, 0.1877055431802803487 ) ) ;
#5682 = ORIENTED_EDGE ( 'NONE', *, *, #5788, .F. ) ;
#5683 = DIRECTION ( 'NONE',  ( 0.6847574953382551399, 0.7287710014662215352, 0.000000000000000000 ) ) ;
#5684 = CARTESIAN_POINT ( 'NONE',  ( 0.2543939916524171618, 0.1345487750351061773, 0.1877055431802802654 ) ) ;
#5685 = ORIENTED_EDGE ( 'NONE', *, *, #4646, .F. ) ;
#5686 = CARTESIAN_POINT ( 'NONE',  ( 0.05284910490982360626, 0.1437491157432898847, 0.1877055431802803209 ) ) ;
#5687 = FACE_OUTER_BOUND ( 'NONE', #2904, .T. ) ;
#5688 = CARTESIAN_POINT ( 'NONE',  ( -0.4199146528140735857, 0.08015459038088897092, 0.1877055431802803209 ) ) ;
#5689 = CARTESIAN_POINT ( 'NONE',  ( -0.2055464221625296906, 0.09446649819021490924, 0.2270756231802802949 ) ) ;
#5690 = CARTESIAN_POINT ( 'NONE',  ( -0.8857973542005868062, 0.01999999999999999001, 0.2070756231802803049 ) ) ;
#5691 = DIRECTION ( 'NONE',  ( 1.000000000000000000, 0.000000000000000000, 0.000000000000000000 ) ) ;
#5692 = AXIS2_PLACEMENT_3D ( 'NONE', #6674, #743, #1225 ) ;
#5693 = CARTESIAN_POINT ( 'NONE',  ( 0.1507074002124195733, 0.1574994064281522166, 0.1877055431802803487 ) ) ;
#5694 = ADVANCED_FACE ( 'NONE', ( #3874 ), #6300, .T. ) ;
#5695 = CARTESIAN_POINT ( 'NONE',  ( -0.3870623953822679431, 0.1302825303198414386, 0.1877055431802803487 ) ) ;
#5696 = EDGE_CURVE ( 'NONE', #2619, #3773, #6259, .T. ) ;
#5697 = ORGANIZATION ( 'UNSPECIFIED', 'UNSPECIFIED', '' ) ;
#5698 = ORIENTED_EDGE ( 'NONE', *, *, #979, .F. ) ;
#5699 = CARTESIAN_POINT ( 'NONE',  ( -0.2954459031291063464, 0.1479768008205193663, 0.2270756231802802672 ) ) ;
#5700 = CARTESIAN_POINT ( 'NONE',  ( -0.3793506713378937412, 0.1848155675275942877, 0.1877055431802803209 ) ) ;
#5701 = DIRECTION ( 'NONE',  ( 0.000000000000000000, 0.000000000000000000, 1.000000000000000000 ) ) ;
#5702 = CARTESIAN_POINT ( 'NONE',  ( -0.2822203255182735848, 0.06522988328734859176, 0.1877055431802802654 ) ) ;
#5703 = ORIENTED_EDGE ( 'NONE', *, *, #3566, .T. ) ;
#5704 = CARTESIAN_POINT ( 'NONE',  ( -0.05409515101747065097, 0.1123457184102434059, 0.2270756231802803782 ) ) ;
#5705 = CARTESIAN_POINT ( 'NONE',  ( -0.2721613912209162600, 0.1271139794595063377, 0.2270756231802803504 ) ) ;
#5706 = DIRECTION ( 'NONE',  ( 0.000000000000000000, 1.000000000000000000, 0.000000000000000000 ) ) ;
#5707 = VERTEX_POINT ( 'NONE', #6374 ) ;
#5708 = EDGE_CURVE ( 'NONE', #6843, #3164, #4704, .T. ) ;
#5709 = CIRCLE ( 'NONE', #4942, 0.02000000000000005940 ) ;
#5710 = CARTESIAN_POINT ( 'NONE',  ( -0.2224558757351664251, 0.06065192630318335526, 0.2270756231802803782 ) ) ;
#5711 = EDGE_LOOP ( 'NONE', ( #7149, #5894, #5685, #4585 ) ) ;
#5712 = FACE_OUTER_BOUND ( 'NONE', #3365, .T. ) ;
#5713 = PLANE ( 'NONE',  #7343 ) ;
#5714 = CARTESIAN_POINT ( 'NONE',  ( -0.03848995096540334948, 0.1204519978349515019, 0.1877055431802803209 ) ) ;
#5715 = CARTESIAN_POINT ( 'NONE',  ( 0.09271595069700812319, 0.1171212717988584506, 0.1877055431802802654 ) ) ;
#5716 = CARTESIAN_POINT ( 'NONE',  ( 0.3274146453981864879, 0.1575013016409105848, 0.2270756231802803504 ) ) ;
#5717 = ORIENTED_EDGE ( 'NONE', *, *, #6728, .T. ) ;
#5718 = CARTESIAN_POINT ( 'NONE',  ( -0.1273926299706706344, 0.1546321466917572884, 0.1877055431802803209 ) ) ;
#5719 = CARTESIAN_POINT ( 'NONE',  ( 0.2651454720105707041, 0.1575507258785614484, 0.1877055431802803209 ) ) ;
#5720 = CARTESIAN_POINT ( 'NONE',  ( -0.2969005740012761185, 0.1161615667949961461, 0.1877055431802803487 ) ) ;
#5721 = ORIENTED_EDGE ( 'NONE', *, *, #411, .T. ) ;
#5722 = CARTESIAN_POINT ( 'NONE',  ( 0.7954022872182958670, 0.01999999999999999001, 0.2270756231802802949 ) ) ;
#5723 = LINE ( 'NONE', #3336, #7108 ) ;
#5724 = EDGE_LOOP ( 'NONE', ( #2642, #64, #566, #877 ) ) ;
#5725 = CARTESIAN_POINT ( 'NONE',  ( -0.3170214723594543815, 0.05996860798968742245, 0.2270756231802802949 ) ) ;
#5726 = CYLINDRICAL_SURFACE ( 'NONE', #1311, 0.01999999999999999001 ) ;
#5727 = CARTESIAN_POINT ( 'NONE',  ( -0.1643213624304233900, 0.1496925185430179606, 0.1877055431802802654 ) ) ;
#5728 = CARTESIAN_POINT ( 'NONE',  ( 0.3637717780372212717, 0.1136616056483979037, 0.1877055431802803209 ) ) ;
#5729 = CARTESIAN_POINT ( 'NONE',  ( -0.1787812631280868703, 0.1797849417789524895, 0.1877055431802803487 ) ) ;
#5730 = CARTESIAN_POINT ( 'NONE',  ( -0.1030054160402788799, 0.1487344919511475461, 0.2270756231802802672 ) ) ;
#5731 = LINE ( 'NONE', #7536, #6264 ) ;
#5732 = CARTESIAN_POINT ( 'NONE',  ( -0.07865639792755345361, 0.06991097007626477511, 0.2270756231802803782 ) ) ;
#5733 = AXIS2_PLACEMENT_3D ( 'NONE', #1092, #3509, #35 ) ;
#5734 = ORIENTED_EDGE ( 'NONE', *, *, #5548, .T. ) ;
#5735 = CARTESIAN_POINT ( 'NONE',  ( -0.2912194663499317326, 0.08076255979346130820, 0.2270756231802802949 ) ) ;
#5736 = CARTESIAN_POINT ( 'NONE',  ( -0.4312009657544200736, 0.1223566200336189819, 0.1877055431802803209 ) ) ;
#5737 = CARTESIAN_POINT ( 'NONE',  ( 0.8098845308779292207, 0.5999999999999999778, 0.2270756231802802949 ) ) ;
#5738 = B_SPLINE_CURVE_WITH_KNOTS ( 'NONE', 3,
 ( #1882, #4815, #629, #6650, #5439, #4853, #7780, #7297, #4305, #1843, #4266 ),
 .UNSPECIFIED., .F., .F.,
 ( 4, 1, 1, 1, 1, 1, 1, 1, 4 ),
 ( 0.000000000000000000, 0.1271196250723280741, 0.2502765869192745130, 0.3719693125512791299, 0.4993749699591257807, 0.6266295960519263630, 0.7493508004417341883, 0.8717133012381531598, 1.000000000000000000 ),
 .UNSPECIFIED. ) ;
#5739 = CARTESIAN_POINT ( 'NONE',  ( -0.2667387610597269365, 0.05432712697290471848, 0.1877055431802802654 ) ) ;
#5740 = CARTESIAN_POINT ( 'NONE',  ( -0.05283271886415522728, 0.1136971671809041823, 0.2270756231802802672 ) ) ;
#5741 = DIRECTION ( 'NONE',  ( 0.000000000000000000, 0.000000000000000000, -1.000000000000000000 ) ) ;
#5742 = CARTESIAN_POINT ( 'NONE',  ( 0.7954022872182958670, 0.5999999999999999778, 0.2070756231802803049 ) ) ;
#5743 = EDGE_LOOP ( 'NONE', ( #6664, #162, #5043, #3623 ) ) ;
#5744 = ORIENTED_EDGE ( 'NONE', *, *, #1075, .T. ) ;
#5745 = FACE_OUTER_BOUND ( 'NONE', #662, .T. ) ;
#5746 = CARTESIAN_POINT ( 'NONE',  ( 0.1410137904539383036, 0.1345848466134695609, 0.1877055431802803209 ) ) ;
#5747 = FACE_OUTER_BOUND ( 'NONE', #2563, .T. ) ;
#5748 = VECTOR ( 'NONE', #7009, 39.37007874015748143 ) ;
#5749 = DIRECTION ( 'NONE',  ( 0.000000000000000000, 0.000000000000000000, 1.000000000000000000 ) ) ;
#5750 = CARTESIAN_POINT ( 'NONE',  ( 0.3233255012307871823, 0.1345557529479893266, 0.1877055431802803487 ) ) ;
#5751 = EDGE_CURVE ( 'NONE', #1633, #4286, #5114, .T. ) ;
#5752 = CARTESIAN_POINT ( 'NONE',  ( -0.2969389023584984577, 0.1226326522363244131, 0.1877055431802803209 ) ) ;
#5753 = EDGE_LOOP ( 'NONE', ( #3687, #3204, #4919, #5264 ) ) ;
#5754 = CARTESIAN_POINT ( 'NONE',  ( -0.02101325830148443805, 0.08970881242483075280, 0.1877055431802802377 ) ) ;
#5755 = CARTESIAN_POINT ( 'NONE',  ( 0.05284802374193178776, 0.1005779424458190102, 0.2270756231802802949 ) ) ;
#5756 = CARTESIAN_POINT ( 'NONE',  ( 0.005150740282325298562, 0.09950115364960929187, 0.1877055431802803209 ) ) ;
#5757 = EDGE_LOOP ( 'NONE', ( #6006, #2200, #3172, #5982 ) ) ;
#5758 = FACE_OUTER_BOUND ( 'NONE', #582, .T. ) ;
#5759 = CARTESIAN_POINT ( 'NONE',  ( 0.2370712586133445765, 0.1236164632634708799, 0.2270756231802802672 ) ) ;
#5760 = VERTEX_POINT ( 'NONE', #4627 ) ;
#5761 = CARTESIAN_POINT ( 'NONE',  ( -0.3146049633316461702, 0.06839232440470720265, 0.2270756231802802949 ) ) ;
#5762 = ORIENTED_EDGE ( 'NONE', *, *, #5839, .F. ) ;
#5763 = CARTESIAN_POINT ( 'NONE',  ( -0.3147505510894377245, 0.07137348245802210833, 0.1877055431802803487 ) ) ;
#5764 = CARTESIAN_POINT ( 'NONE',  ( -0.1891759304222983273, 0.1469510892946729042, 0.1877055431802803209 ) ) ;
#5765 = CARTESIAN_POINT ( 'NONE',  ( -0.3903620531034030505, 0.1550520783006190950, 0.1877055431802802654 ) ) ;
#5766 = CARTESIAN_POINT ( 'NONE',  ( -0.1891759304222983273, 0.1469510892946729042, 0.1877055431802803209 ) ) ;
#5767 = DIRECTION ( 'NONE',  ( 0.000000000000000000, -1.000000000000000000, 0.000000000000000000 ) ) ;
#5768 = CARTESIAN_POINT ( 'NONE',  ( 0.1681009609711301422, 0.1526861201370246779, 0.1877055431802802654 ) ) ;
#5769 = LINE ( 'NONE', #1494, #7725 ) ;
#5770 = EDGE_LOOP ( 'NONE', ( #5470, #4199, #6465, #3256 ) ) ;
#5771 = CARTESIAN_POINT ( 'NONE',  ( -0.2724957777981324436, 0.05703069578812471757, 0.2270756231802802949 ) ) ;
#5772 = CARTESIAN_POINT ( 'NONE',  ( -0.4312009657544200736, 0.1223566200336189819, 0.2270756231802803504 ) ) ;
#5773 = CARTESIAN_POINT ( 'NONE',  ( 0.05425992667292360572, 0.1165991252979789450, 0.1877055431802803764 ) ) ;
#5774 = CARTESIAN_POINT ( 'NONE',  ( -0.03117805396589841752, 0.1189715044211966249, 0.2270756231802803782 ) ) ;
#5775 = CARTESIAN_POINT ( 'NONE',  ( -0.03848995096540334948, 0.1204519978349515019, 0.2270756231802802949 ) ) ;
#5776 = EDGE_CURVE ( 'NONE', #3251, #4389, #1048, .T. ) ;
#5777 = CARTESIAN_POINT ( 'NONE',  ( 0.1191990628910641753, 0.1147944594768764981, 0.1877055431802802654 ) ) ;
#5778 = CARTESIAN_POINT ( 'NONE',  ( -0.1273447170162817776, 0.1533550363974388875, 0.2270756231802803504 ) ) ;
#5779 = ORIENTED_EDGE ( 'NONE', *, *, #5440, .F. ) ;
#5780 = ORIENTED_EDGE ( 'NONE', *, *, #5546, .F. ) ;
#5781 = LINE ( 'NONE', #7030, #5594 ) ;
#5782 = DIRECTION ( 'NONE',  ( 0.9782753810969015973, -0.2073096204707153833, 0.000000000000000000 ) ) ;
#5783 = CARTESIAN_POINT ( 'NONE',  ( 0.05483150847149315110, 0.1186273202245977654, 0.2270756231802802394 ) ) ;
#5784 = PERSON_AND_ORGANIZATION ( #6420, #5697 ) ;
#5785 = CARTESIAN_POINT ( 'NONE',  ( 0.3365947873863616713, 0.1248285621300074116, 0.1877055431802803487 ) ) ;
#5786 = EDGE_CURVE ( 'NONE', #5760, #7734, #5852, .T. ) ;
#5787 = CARTESIAN_POINT ( 'NONE',  ( 0.3015047318484846417, 0.1473936209300835687, 0.1877055431802803209 ) ) ;
#5788 = EDGE_CURVE ( 'NONE', #709, #4891, #3600, .T. ) ;
#5789 = B_SPLINE_SURFACE_WITH_KNOTS ( 'NONE', 3, 1, ( 
 ( #3796, #6184 ),
 ( #3759, #6223 ),
 ( #1863, #1903 ),
 ( #86, #736 ),
 ( #780, #3161 ),
 ( #2607, #4910 ),
 ( #2571, #7357 ),
 ( #5501, #2017 ),
 ( #4991, #7434 ),
 ( #3839, #2494 ),
 ( #3201, #5030 ) ),
 .UNSPECIFIED., .F., .F., .F.,
 ( 4, 1, 1, 1, 1, 1, 1, 1, 4 ),
 ( 2, 2 ),
 ( 0.000000000000000000, 0.1279957221563329806, 0.2519554385112742212, 0.3734136720239900620, 0.4948012916471809519, 0.6170686537101857105, 0.7406196001507227011, 0.8669612012552118108, 0.9999999999999998890 ),
 ( 0.000000000000000000, 1.000000000000000000 ),
 .UNSPECIFIED. ) ;
#5790 = ORIENTED_EDGE ( 'NONE', *, *, #738, .F. ) ;
#5791 = EDGE_CURVE ( 'NONE', #7757, #2529, #1038, .T. ) ;
#5792 = PLANE ( 'NONE',  #4677 ) ;
#5793 = FACE_OUTER_BOUND ( 'NONE', #2348, .T. ) ;
#5794 = CARTESIAN_POINT ( 'NONE',  ( -0.4199146528140735857, 0.08015459038088897092, 0.1877055431802803209 ) ) ;
#5795 = AXIS2_PLACEMENT_3D ( 'NONE', #7637, #326, #7072 ) ;
#5796 = EDGE_CURVE ( 'NONE', #4837, #4767, #6978, .T. ) ;
#5797 = EDGE_LOOP ( 'NONE', ( #4409, #1814, #3638, #323 ) ) ;
#5798 = CARTESIAN_POINT ( 'NONE',  ( -0.3637034338602154193, 0.09962180876590485956, 0.2270756231802803782 ) ) ;
#5799 = CARTESIAN_POINT ( 'NONE',  ( -0.2721328181054288309, 0.1162354866542672643, 0.1877055431802803487 ) ) ;
#5800 = CARTESIAN_POINT ( 'NONE',  ( -0.04296233290831966145, 0.1444666845143455225, 0.2270756231802801561 ) ) ;
#5801 = CARTESIAN_POINT ( 'NONE',  ( 0.6637217283835672443, 0.5999999999999999778, 0.06959530821986563420 ) ) ;
#5802 = EDGE_CURVE ( 'NONE', #2314, #3818, #3314, .T. ) ;
#5803 = EDGE_LOOP ( 'NONE', ( #4278, #4520, #6977, #4395 ) ) ;
#5804 = CARTESIAN_POINT ( 'NONE',  ( -0.3147495973499863653, 0.06541068756753537494, 0.2270756231802803504 ) ) ;
#5805 = ORIENTED_EDGE ( 'NONE', *, *, #7728, .T. ) ;
#5806 = DIRECTION ( 'NONE',  ( -0.2022968521692534438, -0.9793242484501295531, 0.000000000000000000 ) ) ;
#5807 = CARTESIAN_POINT ( 'NONE',  ( -0.1026122316538751328, 0.1550940392744830920, 0.2270756231802802949 ) ) ;
#5808 = DIRECTION ( 'NONE',  ( -0.000000000000000000, -0.000000000000000000, 1.000000000000000000 ) ) ;
#5809 = CARTESIAN_POINT ( 'NONE',  ( -0.1854330556462952528, 0.1675117182258942516, 0.1877055431802803487 ) ) ;
#5810 = CARTESIAN_POINT ( 'NONE',  ( 0.7954022872182959780, 0.02000000000000000042, 0.2070756231802802771 ) ) ;
#5811 = CARTESIAN_POINT ( 'NONE',  ( -0.08432858592391366537, 0.08050104484880638012, 0.2270756231802802672 ) ) ;
#5812 = VECTOR ( 'NONE', #3954, 39.37007874015748143 ) ;
#5813 = ORIENTED_EDGE ( 'NONE', *, *, #6628, .T. ) ;
#5814 = CARTESIAN_POINT ( 'NONE',  ( -0.2776258857339357622, 0.06066711964617892833, 0.2270756231802802949 ) ) ;
#5815 = CARTESIAN_POINT ( 'NONE',  ( -0.4231271264473870364, 0.1648753588776872281, 0.2270756231802804059 ) ) ;
#5816 = CARTESIAN_POINT ( 'NONE',  ( -0.2707189272805722302, 0.1468684287692857970, 0.1877055431802802377 ) ) ;
#5817 = CARTESIAN_POINT ( 'NONE',  ( -0.01959717340790121526, 0.09942815129111690076, 0.2270756231802802949 ) ) ;
#5818 = CARTESIAN_POINT ( 'NONE',  ( -0.04268500777310202388, 0.1199381103451959002, 0.2270756231802802116 ) ) ;
#5819 = DIRECTION ( 'NONE',  ( -0.000000000000000000, -0.000000000000000000, 1.000000000000000000 ) ) ;
#5820 = CARTESIAN_POINT ( 'NONE',  ( -0.2505378890837154926, 0.1964160600194861384, 0.2270756231802802949 ) ) ;
#5821 = ORIENTED_EDGE ( 'NONE', *, *, #7879, .F. ) ;
#5822 = VECTOR ( 'NONE', #6291, 39.37007874015748143 ) ;
#5823 = ADVANCED_FACE ( 'NONE', ( #6372 ), #930, .T. ) ;
#5824 = ORIENTED_EDGE ( 'NONE', *, *, #3801, .T. ) ;
#5825 = CARTESIAN_POINT ( 'NONE',  ( -0.3623155049647021619, 0.1261294150002503223, 0.1877055431802803209 ) ) ;
#5826 = B_SPLINE_CURVE_WITH_KNOTS ( 'NONE', 3,
 ( #933, #5817, #6537, #356, #1539, #7706, #4073, #6416, #4550, #3472, #2716, #442, #3956, #5774, #4667, #317, #3353, #2130, #5937 ),
 .UNSPECIFIED., .F., .F.,
 ( 4, 1, 1, 1, 1, 1, 1, 1, 1, 1, 1, 1, 1, 1, 1, 1, 4 ),
 ( 0.000000000000000000, 0.07289060658065167619, 0.1418833354390771351, 0.2092821354239182696, 0.2746226384553198119, 0.3384391539790461700, 0.4013048615705234190, 0.4650061847340463128, 0.5283200864625129389, 0.5907402649620381307, 0.6509809274188461670, 0.7096903202894506713, 0.7672117550042970580, 0.8241879505444248410, 0.8817668141839341001, 0.9399547263812985110, 1.000000000000000000 ),
 .UNSPECIFIED. ) ;
#5827 = DIRECTION ( 'NONE',  ( 0.000000000000000000, -0.000000000000000000, 1.000000000000000000 ) ) ;
#5828 =( BOUNDED_CURVE ( )  B_SPLINE_CURVE ( 3, ( #1129, #3707, #33, #2919 ),
 .UNSPECIFIED., .F., .F. ) 
 B_SPLINE_CURVE_WITH_KNOTS ( ( 4, 4 ),
 ( 4.712388980384686121, 6.283185307179586232 ),
 .UNSPECIFIED. ) 
 CURVE ( )  GEOMETRIC_REPRESENTATION_ITEM ( )  RATIONAL_B_SPLINE_CURVE ( ( 1.000000000000000000, 0.8047378541243641603, 0.8047378541243641603, 1.000000000000000000 ) ) 
 REPRESENTATION_ITEM ( '' )  );
#5829 = CARTESIAN_POINT ( 'NONE',  ( 0.07526291976950461038, 0.1345848466134695609, 0.2270756231802802949 ) ) ;
#5830 = VECTOR ( 'NONE', #7537, 39.37007874015748143 ) ;
#5831 = CARTESIAN_POINT ( 'NONE',  ( 0.3379944862134157124, 0.1197558209504471088, 0.1877055431802804042 ) ) ;
#5832 = ADVANCED_FACE ( 'NONE', ( #5175 ), #3990, .T. ) ;
#5833 = CARTESIAN_POINT ( 'NONE',  ( 0.3054252769083534713, 0.1505148894691868133, 0.2270756231802802949 ) ) ;
#5834 = CARTESIAN_POINT ( 'NONE',  ( -0.3146049633316461702, 0.06839232440470720265, 0.2270756231802802949 ) ) ;
#5835 = CARTESIAN_POINT ( 'NONE',  ( 0.07526291976950461038, 0.1345848466134695609, 0.1877055431802803209 ) ) ;
#5836 = CARTESIAN_POINT ( 'NONE',  ( -0.2969005740012761185, 0.1161615667949961461, 0.2270756231802803782 ) ) ;
#5837 = VERTEX_POINT ( 'NONE', #2211 ) ;
#5838 = CARTESIAN_POINT ( 'NONE',  ( -0.3623164880116803155, 0.1217030750678314566, 0.1877055431802802654 ) ) ;
#5839 = EDGE_CURVE ( 'NONE', #5294, #3348, #4738, .T. ) ;
#5840 = CARTESIAN_POINT ( 'NONE',  ( -0.3296211151588215871, 0.08335326979134158321, 0.1877055431802803209 ) ) ;
#5841 = CARTESIAN_POINT ( 'NONE',  ( -0.2121961143765483948, 0.1734624954450431356, 0.1877055431802803209 ) ) ;
#5842 = CARTESIAN_POINT ( 'NONE',  ( -0.1026122316538751328, 0.1550940392744830920, 0.1877055431802803209 ) ) ;
#5843 = ORIENTED_EDGE ( 'NONE', *, *, #5038, .T. ) ;
#5844 = DIRECTION ( 'NONE',  ( 1.000000000000000000, -0.000000000000000000, 0.000000000000000000 ) ) ;
#5845 = VERTEX_POINT ( 'NONE', #556 ) ;
#5846 = CARTESIAN_POINT ( 'NONE',  ( -0.7573361823893850486, 0.01999999999999999001, -0.1916259266951852169 ) ) ;
#5847 = CARTESIAN_POINT ( 'NONE',  ( -0.3170214723594543815, 0.05996860798968742245, 0.1877055431802803209 ) ) ;
#5848 = CARTESIAN_POINT ( 'NONE',  ( -0.3873833531357551152, 0.1362842676182428325, 0.2270756231802802949 ) ) ;
#5849 = PLANE ( 'NONE',  #7235 ) ;
#5850 = CARTESIAN_POINT ( 'NONE',  ( -0.02398849668569989074, 0.1434669011510060765, 0.2270756231802803782 ) ) ;
#5851 = DIRECTION ( 'NONE',  ( -0.000000000000000000, -1.000000000000000000, -0.000000000000000000 ) ) ;
#5852 = CIRCLE ( 'NONE', #4599, 0.02000000000000001776 ) ;
#5853 = EDGE_CURVE ( 'NONE', #1135, #6879, #7214, .T. ) ;
#5854 = CARTESIAN_POINT ( 'NONE',  ( 0.3388112187307698031, 0.1133293759661704869, 0.2270756231802803504 ) ) ;
#5855 = LINE ( 'NONE', #2684, #5531 ) ;
#5856 = EDGE_LOOP ( 'NONE', ( #2712, #3281, #1525, #1061 ) ) ;
#5857 = CARTESIAN_POINT ( 'NONE',  ( -0.2966235477593034964, 0.1099467693285309106, 0.2270756231802802949 ) ) ;
#5858 = CARTESIAN_POINT ( 'NONE',  ( -0.4100074049925707675, 0.1716322787276937933, 0.1877055431802803487 ) ) ;
#5859 = DIRECTION ( 'NONE',  ( -0.9510565162948955154, 0.000000000000000000, 0.3090169943757414828 ) ) ;
#5860 = CARTESIAN_POINT ( 'NONE',  ( -0.4089251669960918267, 0.07628684540208252596, 0.1877055431802803209 ) ) ;
#5861 = CARTESIAN_POINT ( 'NONE',  ( 0.3384352130535007164, 0.1167065637596283456, 0.1877055431802802099 ) ) ;
#5862 = CARTESIAN_POINT ( 'NONE',  ( 0.2729097726231135557, 0.1171212717988584229, 0.1877055431802802377 ) ) ;
#5863 = CARTESIAN_POINT ( 'NONE',  ( 0.7080070247953581530, 0.5999999999999999778, -0.06523805343214902908 ) ) ;
#5864 = CARTESIAN_POINT ( 'NONE',  ( -0.2652462866733727442, 0.1633393263715990917, 0.2270756231802803504 ) ) ;
#5865 = B_SPLINE_SURFACE_WITH_KNOTS ( 'NONE', 3, 1, ( 
 ( #2248, #3427 ),
 ( #5858, #2212 ),
 ( #4548, #4626 ),
 ( #6456, #7582 ),
 ( #2874, #2128 ),
 ( #3388, #1651 ),
 ( #3470, #354 ),
 ( #7061, #5815 ),
 ( #5176, #399 ),
 ( #1052, #1572 ),
 ( #3914, #2799 ),
 ( #6496, #1537 ),
 ( #7625, #5218 ),
 ( #6373, #1612 ),
 ( #931, #7665 ),
 ( #1008, #3311 ),
 ( #4071, #2837 ),
 ( #5257, #7703 ),
 ( #5896, #7019 ),
 ( #7747, #2288 ),
 ( #6938, #3991 ),
 ( #6340, #894 ),
 ( #5736, #5772 ) ),
 .UNSPECIFIED., .F., .F., .F.,
 ( 4, 1, 1, 1, 1, 1, 1, 1, 1, 1, 1, 1, 1, 1, 1, 1, 1, 1, 1, 1, 4 ),
 ( 2, 2 ),
 ( 0.000000000000000000, 0.05383370089591479890, 0.1055426304091381801, 0.1580541720958376362, 0.2119873357804051839, 0.2402068903290461299, 0.2697935103595444084, 0.3013430987966757568, 0.3346080613711926444, 0.3702844416648602976, 0.4080888380149461092, 0.4486813458099819796, 0.4920692965602020963, 0.5386641566662652147, 0.5903710538753821346, 0.6463877841547197578, 0.7071953757631237458, 0.7729467746818399210, 0.8436426012467370672, 0.9193083570571426444, 1.000000000000000000 ),
 ( 0.000000000000000000, 1.000000000000000000 ),
 .UNSPECIFIED. ) ;
#5866 = ORIENTED_EDGE ( 'NONE', *, *, #2633, .F. ) ;
#5867 = VERTEX_POINT ( 'NONE', #2915 ) ;
#5868 = CARTESIAN_POINT ( 'NONE',  ( -0.3654955561150531884, 0.1578916287957480569, 0.2270756231802803782 ) ) ;
#5869 = VECTOR ( 'NONE', #532, 39.37007874015748143 ) ;
#5870 = CARTESIAN_POINT ( 'NONE',  ( 0.2370712586133445765, 0.1236164632634708799, 0.1877055431802802377 ) ) ;
#5871 = FACE_OUTER_BOUND ( 'NONE', #172, .T. ) ;
#5872 = CARTESIAN_POINT ( 'NONE',  ( 0.3357027401906212405, 0.1268619752917068411, 0.2270756231802802394 ) ) ;
#5873 = CARTESIAN_POINT ( 'NONE',  ( -0.07054727920656675422, 0.06141691812481056556, 0.1877055431802802654 ) ) ;
#5874 = VECTOR ( 'NONE', #4019, 39.37007874015748143 ) ;
#5875 = CARTESIAN_POINT ( 'NONE',  ( -0.1416410911916266835, 0.1714991493265146383, 0.1877055431802803487 ) ) ;
#5876 = CARTESIAN_POINT ( 'NONE',  ( -0.4234959481803091674, 0.08391923291525861528, 0.1877055431802803764 ) ) ;
#5877 = ORIENTED_EDGE ( 'NONE', *, *, #3810, .T. ) ;
#5878 = CARTESIAN_POINT ( 'NONE',  ( -0.4016378795678705593, 0.05194420531806829416, 0.1877055431802802377 ) ) ;
#5879 = LINE ( 'NONE', #2935, #872 ) ;
#5880 = CARTESIAN_POINT ( 'NONE',  ( -0.2280412645632228785, 0.1239300035890399387, 0.1877055431802803209 ) ) ;
#5881 = EDGE_CURVE ( 'NONE', #2924, #2197, #1088, .T. ) ;
#5882 = CARTESIAN_POINT ( 'NONE',  ( -0.1287472747356734892, 0.09922927556695514129, 0.1877055431802803209 ) ) ;
#5883 = ORIENTED_EDGE ( 'NONE', *, *, #1381, .F. ) ;
#5884 = LINE ( 'NONE', #955, #7551 ) ;
#5885 = ORIENTED_EDGE ( 'NONE', *, *, #4476, .T. ) ;
#5886 = VECTOR ( 'NONE', #2676, 39.37007874015748143 ) ;
#5887 = LINE ( 'NONE', #5129, #5874 ) ;
#5888 = CARTESIAN_POINT ( 'NONE',  ( 0.005104042574566637798, 0.09785255556547339806, 0.2270756231802802949 ) ) ;
#5889 = CARTESIAN_POINT ( 'NONE',  ( -0.3915843348648948008, 0.1584472979274402504, 0.2270756231802804059 ) ) ;
#5890 = CARTESIAN_POINT ( 'NONE',  ( 0.2083104414735224563, 0.05508757223430543054, 0.1877055431802803209 ) ) ;
#5891 = CARTESIAN_POINT ( 'NONE',  ( -0.03514772183500916580, 0.1451509087560731714, 0.2270756231802803504 ) ) ;
#5892 = LINE ( 'NONE', #7134, #3020 ) ;
#5893 = CARTESIAN_POINT ( 'NONE',  ( -0.2301279424953179831, 0.05552830710193069896, 0.2270756231802802949 ) ) ;
#5894 = ORIENTED_EDGE ( 'NONE', *, *, #552, .T. ) ;
#5895 = CARTESIAN_POINT ( 'NONE',  ( -0.2603940266877965981, 0.05254056712124510753, 0.2270756231802802672 ) ) ;
#5896 = CARTESIAN_POINT ( 'NONE',  ( -0.4308390288072737051, 0.1359225141953649962, 0.1877055431802802654 ) ) ;
#5897 = CARTESIAN_POINT ( 'NONE',  ( 0.06609811867750484127, 0.1325572742355684841, 0.1877055431802803764 ) ) ;
#5898 = CC_DESIGN_DATE_AND_TIME_ASSIGNMENT ( #6427, #2184, ( #848 ) ) ;
#5899 = PLANE ( 'NONE',  #7650 ) ;
#5900 = CARTESIAN_POINT ( 'NONE',  ( 0.3272405814212919761, 0.1337600740702423463, 0.1877055431802803764 ) ) ;
#5901 = CARTESIAN_POINT ( 'NONE',  ( -0.1274087995397273909, 0.1520349204902285145, 0.1877055431802803209 ) ) ;
#5902 = EDGE_CURVE ( 'NONE', #4624, #6686, #7857, .T. ) ;
#5903 = CARTESIAN_POINT ( 'NONE',  ( 0.3599327082697006963, 0.1402787686463412287, 0.2270756231802803504 ) ) ;
#5904 = CARTESIAN_POINT ( 'NONE',  ( 0.07526291976950461038, 0.1345848466134695609, 0.2270756231802802949 ) ) ;
#5905 = ORIENTED_EDGE ( 'NONE', *, *, #6042, .T. ) ;
#5906 = EDGE_CURVE ( 'NONE', #5464, #2466, #1166, .T. ) ;
#5907 = ORIENTED_EDGE ( 'NONE', *, *, #4208, .F. ) ;
#5908 = CARTESIAN_POINT ( 'NONE',  ( 0.1182135305104696776, 0.1000532180550201544, 0.1877055431802803209 ) ) ;
#5909 = FACE_OUTER_BOUND ( 'NONE', #4814, .T. ) ;
#5910 = CARTESIAN_POINT ( 'NONE',  ( -0.2433317667169717369, 0.07756395911590233117, 0.2270756231802802949 ) ) ;
#5911 = PERSON_AND_ORGANIZATION ( #6420, #5697 ) ;
#5912 = CARTESIAN_POINT ( 'NONE',  ( -0.2493407341395096899, 0.1963982879168535423, 0.2270756231802802949 ) ) ;
#5913 = CARTESIAN_POINT ( 'NONE',  ( -0.06057182075878203564, 0.05536094582991313295, 0.1877055431802802377 ) ) ;
#5914 = CARTESIAN_POINT ( 'NONE',  ( -0.1891759304222983273, 0.1469510892946729042, 0.1877055431802803209 ) ) ;
#5915 = CARTESIAN_POINT ( 'NONE',  ( 0.1252314549822480250, 0.1505148894691868411, 0.1877055431802803487 ) ) ;
#5916 = ORIENTED_EDGE ( 'NONE', *, *, #1982, .F. ) ;
#5917 = DIRECTION ( 'NONE',  ( 6.829619984160661399E-15, 0.000000000000000000, 1.000000000000000000 ) ) ;
#5918 = CARTESIAN_POINT ( 'NONE',  ( 0.2985676760768966043, 0.1066331478077492539, 0.1877055431802803487 ) ) ;
#5919 = CARTESIAN_POINT ( 'NONE',  ( -0.2401803428674472440, 0.1954130865284158525, 0.1877055431802803209 ) ) ;
#5920 = CARTESIAN_POINT ( 'NONE',  ( 0.09348104514806306053, 0.05508757223430543054, 0.1877055431802803209 ) ) ;
#5921 = ORIENTED_EDGE ( 'NONE', *, *, #2199, .T. ) ;
#5922 = ORIENTED_EDGE ( 'NONE', *, *, #529, .F. ) ;
#5923 = CARTESIAN_POINT ( 'NONE',  ( -0.4303661849054036814, 0.1051849547086359943, 0.2270756231802802949 ) ) ;
#5924 = CARTESIAN_POINT ( 'NONE',  ( 0.001892088496386552842, 0.08084314753173230117, 0.1877055431802802654 ) ) ;
#5925 = CARTESIAN_POINT ( 'NONE',  ( 0.2330429268359290595, 0.1437491157432898847, 0.1877055431802803209 ) ) ;
#5926 = CARTESIAN_POINT ( 'NONE',  ( -0.1532000745507962336, 0.1956544512307437922, 0.1877055431802803764 ) ) ;
#5927 = B_SPLINE_SURFACE_WITH_KNOTS ( 'NONE', 3, 1, ( 
 ( #3245, #5071 ),
 ( #2609, #2649 ),
 ( #7096, #7514 ),
 ( #2285, #5032 ),
 ( #1648, #7136 ),
 ( #7700, #1431 ),
 ( #7552, #1005 ),
 ( #2098, #1047 ),
 ( #3882, #1507 ),
 ( #2245, #394 ),
 ( #4480, #4700 ),
 ( #864, #2833 ),
 ( #3283, #6531 ),
 ( #5254, #7477 ),
 ( #4068, #3465 ),
 ( #4441, #4661 ),
 ( #1689, #5710 ),
 ( #6866, #6493 ),
 ( #3842, #6266 ),
 ( #243, #5893 ),
 ( #437, #5292 ),
 ( #824, #5333 ),
 ( #3666, #5970 ),
 ( #1122, #27 ),
 ( #3540, #515 ),
 ( #554, #7256 ),
 ( #2474, #6044 ) ),
 .UNSPECIFIED., .F., .F., .F.,
 ( 4, 1, 1, 1, 1, 1, 1, 1, 1, 1, 1, 1, 1, 1, 1, 1, 1, 1, 1, 1, 1, 1, 1, 1, 4 ),
 ( 2, 2 ),
 ( 0.000000000000000000, 0.06849087449695398511, 0.1330765404908783867, 0.1938289871915769291, 0.2510828574460498563, 0.3044008371534406288, 0.3544083437255269864, 0.4012947817777441917, 0.4447006845454779533, 0.4856924920892442543, 0.5246764844274038886, 0.5623067591777588525, 0.5979465846525343631, 0.6324735490267259230, 0.6657520428969364579, 0.6979852995504439717, 0.7295862241486802402, 0.7608251968744887961, 0.7923550795612057662, 0.8243126039626629264, 0.8571562719790687401, 0.8909268871454045780, 0.9259604429162996420, 0.9620613229943375533, 1.000000000000000000 ),
 ( 0.000000000000000000, 1.000000000000000000 ),
 .UNSPECIFIED. ) ;
#5928 = CARTESIAN_POINT ( 'NONE',  ( 0.3637717780372212717, 0.1136616056483979037, 0.2270756231802802949 ) ) ;
#5929 = DIRECTION ( 'NONE',  ( 0.3090169943757411497, 0.000000000000000000, 0.9510565162948958484 ) ) ;
#5930 = EDGE_CURVE ( 'NONE', #1018, #5342, #7782, .T. ) ;
#5931 = DIRECTION ( 'NONE',  ( -1.000000000000000000, 0.000000000000000000, -6.829619984160661399E-15 ) ) ;
#5932 = CIRCLE ( 'NONE', #861, 0.01999999999999999001 ) ;
#5933 = VERTEX_POINT ( 'NONE', #3542 ) ;
#5934 = CARTESIAN_POINT ( 'NONE',  ( 0.1488217417306120227, 0.1331568200646063571, 0.1877055431802803209 ) ) ;
#5935 = CYLINDRICAL_SURFACE ( 'NONE', #4801, 0.01999999999999999001 ) ;
#5936 = CARTESIAN_POINT ( 'NONE',  ( -0.2660221304712351853, 0.1939056131176330466, 0.2270756231802803504 ) ) ;
#5937 = CARTESIAN_POINT ( 'NONE',  ( -0.03848995096540334948, 0.1204519978349515019, 0.2270756231802802949 ) ) ;
#5938 = CARTESIAN_POINT ( 'NONE',  ( -0.3749359705302107160, 0.06792182635784672906, 0.1877055431802803764 ) ) ;
#5939 = CARTESIAN_POINT ( 'NONE',  ( 0.2654787094484591381, 0.1317139707104720003, 0.1877055431802803487 ) ) ;
#5940 = CARTESIAN_POINT ( 'NONE',  ( 0.3637441367944289072, 0.1178957599393610639, 0.2270756231802802672 ) ) ;
#5941 = EDGE_CURVE ( 'NONE', #1560, #7287, #2377, .T. ) ;
#5942 = DIRECTION ( 'NONE',  ( 0.9500674621162714661, 0.000000000000000000, -0.3120445760271233770 ) ) ;
#5943 = VERTEX_POINT ( 'NONE', #4146 ) ;
#5944 = ORIENTED_EDGE ( 'NONE', *, *, #4713, .F. ) ;
#5945 = CARTESIAN_POINT ( 'NONE',  ( 0.3637441367944289072, 0.1178957599393610639, 0.1877055431802802654 ) ) ;
#5946 = CARTESIAN_POINT ( 'NONE',  ( -0.003901989143717674718, 0.1290875194454862707, 0.1877055431802803209 ) ) ;
#5947 = VECTOR ( 'NONE', #6513, 39.37007874015748143 ) ;
#5948 = EDGE_CURVE ( 'NONE', #4242, #4727, #1203, .T. ) ;
#5949 = PERSON_AND_ORGANIZATION_ROLE ( 'classification_officer' ) ;
#5950 = CARTESIAN_POINT ( 'NONE',  ( -0.2505378890837154926, 0.1964160600194861384, 0.1877055431802803209 ) ) ;
#5951 = CARTESIAN_POINT ( 'NONE',  ( -0.04881276980937691856, 0.1169988999532208113, 0.1877055431802803764 ) ) ;
#5952 = VECTOR ( 'NONE', #1841, 39.37007874015748143 ) ;
#5953 = CARTESIAN_POINT ( 'NONE',  ( -0.1880302006106504553, 0.1577874236224421634, 0.2270756231802802394 ) ) ;
#5954 = CARTESIAN_POINT ( 'NONE',  ( 0.1176851344244075753, 0.1437830399075659682, 0.1877055431802803209 ) ) ;
#5955 = ORIENTED_EDGE ( 'NONE', *, *, #3176, .T. ) ;
#5956 = CARTESIAN_POINT ( 'NONE',  ( -0.1559229772452952467, 0.1679415619380320301, 0.1877055431802803209 ) ) ;
#5957 = EDGE_CURVE ( 'NONE', #6268, #262, #29, .T. ) ;
#5958 = CARTESIAN_POINT ( 'NONE',  ( -0.2718794638086199367, 0.1104501117364099783, 0.1877055431802802377 ) ) ;
#5959 = CARTESIAN_POINT ( 'NONE',  ( -0.2076484891586798665, 0.1622763871575219619, 0.1877055431802803487 ) ) ;
#5960 = CARTESIAN_POINT ( 'NONE',  ( -0.2865417454051167878, 0.1761562561201592547, 0.1877055431802803209 ) ) ;
#5961 = B_SPLINE_CURVE_WITH_KNOTS ( 'NONE', 3,
 ( #7064, #3473, #6012, #5260, #5861, #7707, #7223, #1696, #7786, #6459, #5338, #5977, #1012, #2363, #5900, #1772, #2329, #4746, #561 ),
 .UNSPECIFIED., .F., .F.,
 ( 4, 1, 1, 1, 1, 1, 1, 1, 1, 1, 1, 1, 1, 1, 1, 1, 4 ),
 ( 0.000000000000000000, 0.1043212003319297226, 0.2002351177995656539, 0.2872866360596422197, 0.3662604197152595220, 0.4376827211855108257, 0.5011798321686554702, 0.5580212203309153907, 0.6084121485345166391, 0.6557430552930165746, 0.7019436693135174821, 0.7482150555409735615, 0.7942519338520301897, 0.8425045303297388211, 0.8922367909940882580, 0.9446164986685376963, 1.000000000000000000 ),
 .UNSPECIFIED. ) ;
#5962 = VECTOR ( 'NONE', #3249, 39.37007874015748143 ) ;
#5963 = ORIENTED_EDGE ( 'NONE', *, *, #5606, .T. ) ;
#5964 = ORIENTED_EDGE ( 'NONE', *, *, #7728, .F. ) ;
#5965 = CARTESIAN_POINT ( 'NONE',  ( -0.4312009657544200736, 0.1223566200336189819, 0.2270756231802802949 ) ) ;
#5966 = CARTESIAN_POINT ( 'NONE',  ( -0.3325913691455152366, 0.05347327707437946748, 0.1877055431802803209 ) ) ;
#5967 = PLANE ( 'NONE',  #1361 ) ;
#5968 = CARTESIAN_POINT ( 'NONE',  ( -0.006691412005940147560, 0.1323836881771348339, 0.2270756231802803504 ) ) ;
#5969 = CARTESIAN_POINT ( 'NONE',  ( 0.05284910490982360626, 0.09941834398879766110, 0.1877055431802803209 ) ) ;
#5970 = CARTESIAN_POINT ( 'NONE',  ( -0.2392828171765361833, 0.05253816099495971226, 0.2270756231802802116 ) ) ;
#5971 = CARTESIAN_POINT ( 'NONE',  ( 0.2736748670741685485, 0.05508757223430543054, 0.2270756231802802949 ) ) ;
#5972 = LINE ( 'NONE', #2476, #3847 ) ;
#5973 = CARTESIAN_POINT ( 'NONE',  ( 0.1822267182067013047, 0.1321571736990937163, 0.1877055431802803764 ) ) ;
#5974 = PLANE ( 'NONE',  #3260 ) ;
#5975 = CARTESIAN_POINT ( 'NONE',  ( 0.1544317981604275691, 0.1285610075922887507, 0.1877055431802803487 ) ) ;
#5976 = CARTESIAN_POINT ( 'NONE',  ( -0.3843582735151348517, 0.1890230343564093252, 0.2270756231802803782 ) ) ;
#5977 = CARTESIAN_POINT ( 'NONE',  ( 0.3320773252847482038, 0.1312183860301154859, 0.1877055431802803764 ) ) ;
#5978 = CARTESIAN_POINT ( 'NONE',  ( -0.2523249194757186675, 0.07638673844217866438, 0.2270756231802803504 ) ) ;
#5979 = LINE ( 'NONE', #5863, #3169 ) ;
#5980 = DIRECTION ( 'NONE',  ( -0.3090169943748820591, -0.000000000000000000, -0.9510565162951748475 ) ) ;
#5981 = ORIENTED_EDGE ( 'NONE', *, *, #7253, .F. ) ;
#5982 = ORIENTED_EDGE ( 'NONE', *, *, #1829, .T. ) ;
#5983 = CARTESIAN_POINT ( 'NONE',  ( 0.3240268557894206425, 0.1574036748098806837, 0.2270756231802802949 ) ) ;
#5984 = CARTESIAN_POINT ( 'NONE',  ( 0.2651454720105707041, 0.1575507258785614484, 0.1877055431802803209 ) ) ;
#5985 = CARTESIAN_POINT ( 'NONE',  ( 0.1835779561111157976, 0.1136616056483979037, 0.1877055431802803209 ) ) ;
#5986 = CARTESIAN_POINT ( 'NONE',  ( -0.4338667519278955331, 0.1891761643304311069, 0.2270756231802802949 ) ) ;
#5987 = CARTESIAN_POINT ( 'NONE',  ( 0.08528488752235362236, 0.1317139707104719726, 0.1877055431802803764 ) ) ;
#5988 = CARTESIAN_POINT ( 'NONE',  ( -0.07620051569095862010, 0.06685761028705906883, 0.1877055431802802377 ) ) ;
#5989 = B_SPLINE_SURFACE_WITH_KNOTS ( 'NONE', 3, 1, ( 
 ( #2358, #67 ),
 ( #674, #1323 ),
 ( #2626, #3742 ),
 ( #5049, #4419 ),
 ( #3100, #224 ),
 ( #5518, #1365 ),
 ( #6733, #1284 ),
 ( #3820, #5561 ),
 ( #3703, #3778 ),
 ( #6288, #717 ),
 ( #4308, #1409 ) ),
 .UNSPECIFIED., .F., .F., .F.,
 ( 4, 1, 1, 1, 1, 1, 1, 1, 4 ),
 ( 2, 2 ),
 ( 0.000000000000000000, 0.1381137870618392993, 0.2684083835837744458, 0.3941909055405326545, 0.5170923452347711002, 0.6374931640526645404, 0.7570041724766219948, 0.8772941249553334320, 1.000000000000000000 ),
 ( 0.000000000000000000, 1.000000000000000000 ),
 .UNSPECIFIED. ) ;
#5990 = CARTESIAN_POINT ( 'NONE',  ( -0.3942995538211619411, 0.08500882221256597648, 0.1877055431802803209 ) ) ;
#5991 = DIRECTION ( 'NONE',  ( 0.3120445760271389757, -0.000000000000000000, -0.9500674621162662481 ) ) ;
#5992 = EDGE_LOOP ( 'NONE', ( #4136, #4018, #2335, #3453 ) ) ;
#5993 = CARTESIAN_POINT ( 'NONE',  ( -0.8857973542005870282, 0.02000000000000000042, 0.2070756231802803049 ) ) ;
#5994 = CARTESIAN_POINT ( 'NONE',  ( -0.2645013994219807540, 0.08391923291525860140, 0.2270756231802802672 ) ) ;
#5995 = DIRECTION ( 'NONE',  ( 1.000000000000000000, -0.000000000000000000, 0.000000000000000000 ) ) ;
#5996 = CARTESIAN_POINT ( 'NONE',  ( -0.4446161308059040640, 0.1776734734557873785, 0.1877055431802803209 ) ) ;
#5997 = ORIENTED_EDGE ( 'NONE', *, *, #2689, .F. ) ;
#5998 = VERTEX_POINT ( 'NONE', #1125 ) ;
#5999 = CARTESIAN_POINT ( 'NONE',  ( -0.4199146528140735857, 0.08015459038088897092, 0.2270756231802802949 ) ) ;
#6000 = CARTESIAN_POINT ( 'NONE',  ( -0.01525898059224916649, 0.05929131556389691943, 0.1877055431802803764 ) ) ;
#6001 = CARTESIAN_POINT ( 'NONE',  ( -0.2485866321814278190, 0.05157522662077296260, 0.1877055431802803209 ) ) ;
#6002 = LINE ( 'NONE', #2791, #2507 ) ;
#6003 = LINE ( 'NONE', #2983, #4559 ) ;
#6004 = ORIENTED_EDGE ( 'NONE', *, *, #4446, .T. ) ;
#6005 = DIRECTION ( 'NONE',  ( -0.9510565162948950713, 0.000000000000000000, -0.3090169943757430371 ) ) ;
#6006 = ORIENTED_EDGE ( 'NONE', *, *, #5802, .F. ) ;
#6007 = CARTESIAN_POINT ( 'NONE',  ( 0.1451550065331297934, 0.1342334086874206189, 0.1877055431802803209 ) ) ;
#6008 = CARTESIAN_POINT ( 'NONE',  ( 0.1681009609711301422, 0.1526861201370246779, 0.2270756231802802672 ) ) ;
#6009 = CARTESIAN_POINT ( 'NONE',  ( 0.7954022872182958670, 0.5999999999999999778, 0.2070756231802802771 ) ) ;
#6010 = CARTESIAN_POINT ( 'NONE',  ( -0.04440886694058338025, 0.1440638065245837818, 0.1877055431802802654 ) ) ;
#6011 = CARTESIAN_POINT ( 'NONE',  ( -0.4059813564217945037, 0.1963633432147294244, 0.2270756231802803504 ) ) ;
#6012 = CARTESIAN_POINT ( 'NONE',  ( 0.3389791963079278325, 0.1096055511159636509, 0.1877055431802802654 ) ) ;
#6013 = CARTESIAN_POINT ( 'NONE',  ( -0.1519115830570651193, 0.1110392997226963135, 0.1877055431802803209 ) ) ;
#6014 = FACE_OUTER_BOUND ( 'NONE', #791, .T. ) ;
#6015 = CARTESIAN_POINT ( 'NONE',  ( -0.2591164872105513606, 0.1693594917623948704, 0.2270756231802802949 ) ) ;
#6016 = ORIENTED_EDGE ( 'NONE', *, *, #1585, .F. ) ;
#6017 = VERTEX_POINT ( 'NONE', #479 ) ;
#6018 = CARTESIAN_POINT ( 'NONE',  ( 0.3628859882291150529, 0.1290529220651498166, 0.1877055431802803209 ) ) ;
#6019 = DIRECTION ( 'NONE',  ( -1.000000000000000000, 0.000000000000000000, 0.000000000000000000 ) ) ;
#6020 = LINE ( 'NONE', #1262, #6231 ) ;
#6021 = PLANE ( 'NONE',  #6520 ) ;
#6022 = CARTESIAN_POINT ( 'NONE',  ( -0.2090108107677271509, 0.1663007680598009852, 0.2270756231802803504 ) ) ;
#6023 = CARTESIAN_POINT ( 'NONE',  ( -0.1273447170162817776, 0.1533550363974388875, 0.1877055431802803209 ) ) ;
#6024 = ORIENTED_EDGE ( 'NONE', *, *, #3275, .F. ) ;
#6025 = CARTESIAN_POINT ( 'NONE',  ( -0.4089251669960918267, 0.07628684540208252596, 0.1877055431802803209 ) ) ;
#6026 = DIRECTION ( 'NONE',  ( -1.000000000000000000, -0.000000000000000000, 0.000000000000000000 ) ) ;
#6027 = EDGE_CURVE ( 'NONE', #2466, #3952, #5972, .T. ) ;
#6028 = CARTESIAN_POINT ( 'NONE',  ( -0.2325897861065663597, 0.1584472979274401949, 0.1877055431802802377 ) ) ;
#6029 = CARTESIAN_POINT ( 'NONE',  ( -0.02264807911442003399, 0.1110642885193749568, 0.2270756231802802949 ) ) ;
#6030 = CARTESIAN_POINT ( 'NONE',  ( -0.03919123378856682882, 0.1204253880466772952, 0.1877055431802803487 ) ) ;
#6031 = ADVANCED_FACE ( 'NONE', ( #517 ), #7299, .T. ) ;
#6032 = ADVANCED_FACE ( 'NONE', ( #5370 ), #5989, .T. ) ;
#6033 = ORIENTED_EDGE ( 'NONE', *, *, #2244, .T. ) ;
#6034 = ORIENTED_EDGE ( 'NONE', *, *, #986, .F. ) ;
#6035 = EDGE_CURVE ( 'NONE', #4845, #1600, #2513, .T. ) ;
#6036 = CARTESIAN_POINT ( 'NONE',  ( -0.02264807911442003399, 0.1110642885193749568, 0.1877055431802803209 ) ) ;
#6037 = CARTESIAN_POINT ( 'NONE',  ( -0.3436071549549841175, 0.06258414922910718325, 0.2270756231802804059 ) ) ;
#6038 = DIRECTION ( 'NONE',  ( -0.000000000000000000, -0.000000000000000000, 1.000000000000000000 ) ) ;
#6039 = PLANE ( 'NONE',  #6331 ) ;
#6040 = CARTESIAN_POINT ( 'NONE',  ( 0.2554567416956101122, 0.1345848466134695609, 0.1877055431802803209 ) ) ;
#6041 = B_SPLINE_CURVE_WITH_KNOTS ( 'NONE', 3,
 ( #7629, #6417, #7472, #968, #3315, #6304, #2175, #4475, #200, #1576, #2014 ),
 .UNSPECIFIED., .F., .F.,
 ( 4, 1, 1, 1, 1, 1, 1, 1, 4 ),
 ( 0.000000000000000000, 0.1323140339085647765, 0.2587000085531553917, 0.3809118214856537232, 0.5005348689728924549, 0.6209226176484483606, 0.7423757653984724980, 0.8682808341788563755, 1.000000000000000000 ),
 .UNSPECIFIED. ) ;
#6042 = EDGE_CURVE ( 'NONE', #104, #6017, #1997, .T. ) ;
#6043 = VERTEX_POINT ( 'NONE', #4973 ) ;
#6044 = CARTESIAN_POINT ( 'NONE',  ( -0.2498202053566814518, 0.05155436003967592273, 0.2270756231802803504 ) ) ;
#6045 = CARTESIAN_POINT ( 'NONE',  ( 0.08339461499879391448, 0.1575071012801285142, 0.1877055431802803209 ) ) ;
#6046 = CARTESIAN_POINT ( 'NONE',  ( 0.1518835033586426186, 0.1312183860301155136, 0.1877055431802803487 ) ) ;
#6047 = CARTESIAN_POINT ( 'NONE',  ( 0.1833788715403987246, 0.1219272540881391753, 0.2270756231802803504 ) ) ;
#6048 = LINE ( 'NONE', #4819, #4782 ) ;
#6049 = CARTESIAN_POINT ( 'NONE',  ( -0.04296233290831966145, 0.1444666845143455225, 0.1877055431802801821 ) ) ;
#6050 = CARTESIAN_POINT ( 'NONE',  ( -0.4095324378420436839, 0.1964160600194861384, 0.1877055431802803209 ) ) ;
#6051 = CARTESIAN_POINT ( 'NONE',  ( -0.7741167953658587564, 0.5799999999999999600, 0.2070756231802803049 ) ) ;
#6052 = VECTOR ( 'NONE', #675, 39.37007874015748143 ) ;
#6053 = VECTOR ( 'NONE', #7699, 39.37007874015748854 ) ;
#6054 = CARTESIAN_POINT ( 'NONE',  ( 0.2947913305811339924, 0.1396086327027084295, 0.1877055431802803209 ) ) ;
#6055 = CARTESIAN_POINT ( 'NONE',  ( 0.1417327513189319821, 0.1345749701712321833, 0.2270756231802803504 ) ) ;
#6056 = CARTESIAN_POINT ( 'NONE',  ( -0.4100482939947536765, 0.05157562912308821107, 0.2270756231802803782 ) ) ;
#6057 = CARTESIAN_POINT ( 'NONE',  ( -0.2721910901938922045, 0.1239760281754862942, 0.1877055431802803209 ) ) ;
#6058 = ORIENTED_EDGE ( 'NONE', *, *, #1574, .F. ) ;
#6059 = CARTESIAN_POINT ( 'NONE',  ( 0.3015047318484846417, 0.1473936209300835687, 0.2270756231802802949 ) ) ;
#6060 = CARTESIAN_POINT ( 'NONE',  ( 0.6837217283835673731, 0.5799999999999999600, 0.2270756231802802672 ) ) ;
#6061 = CARTESIAN_POINT ( 'NONE',  ( 0.3291297365976896261, 0.1575507258785614484, 0.1877055431802803209 ) ) ;
#6062 = CARTESIAN_POINT ( 'NONE',  ( 0.09347497399893862913, 0.1065134203498643017, 0.1877055431802803764 ) ) ;
#6063 = LINE ( 'NONE', #1902, #4026 ) ;
#6064 = CARTESIAN_POINT ( 'NONE',  ( -0.2180748296108302176, 0.1823503844418958297, 0.2270756231802804059 ) ) ;
#6065 = CARTESIAN_POINT ( 'NONE',  ( -0.2036350778147741625, 0.1366511633406932158, 0.2270756231802802949 ) ) ;
#6066 = EDGE_LOOP ( 'NONE', ( #1777, #1398, #956, #7570 ) ) ;
#6067 = AXIS2_PLACEMENT_3D ( 'NONE', #4560, #4001, #976 ) ;
#6068 = CARTESIAN_POINT ( 'NONE',  ( -0.1854330556462952528, 0.1675117182258942516, 0.2270756231802803504 ) ) ;
#6069 = CARTESIAN_POINT ( 'NONE',  ( 0.1388550523346163967, 0.1565164389030434533, 0.1877055431802803487 ) ) ;
#6070 = EDGE_CURVE ( 'NONE', #2698, #3036, #7452, .T. ) ;
#6071 = CARTESIAN_POINT ( 'NONE',  ( -0.2391589831170769231, 0.1676639657016522345, 0.1877055431802803764 ) ) ;
#6072 = PLANE ( 'NONE',  #7755 ) ;
#6073 = DIRECTION ( 'NONE',  ( 6.829619984160661399E-15, 0.000000000000000000, -1.000000000000000000 ) ) ;
#6074 = ORIENTED_EDGE ( 'NONE', *, *, #6195, .F. ) ;
#6075 = CARTESIAN_POINT ( 'NONE',  ( -0.02796555271408338386, 0.1170220235364478473, 0.1877055431802802654 ) ) ;
#6076 = CARTESIAN_POINT ( 'NONE',  ( -0.1227574078834096083, 0.1911716900992753432, 0.2270756231802803504 ) ) ;
#6077 = CARTESIAN_POINT ( 'NONE',  ( -0.1519115830570651193, 0.1110392997226963135, 0.1877055431802803209 ) ) ;
#6078 = DIRECTION ( 'NONE',  ( -6.829619984160661399E-15, 1.000000000000000000, 0.000000000000000000 ) ) ;
#6079 = CARTESIAN_POINT ( 'NONE',  ( -0.4297134760389005326, 0.1468684287692857970, 0.2270756231802803504 ) ) ;
#6080 = VECTOR ( 'NONE', #3677, 39.37007874015748854 ) ;
#6081 = B_SPLINE_SURFACE_WITH_KNOTS ( 'NONE', 3, 1, ( 
 ( #6040, #588 ),
 ( #5684, #3897 ),
 ( #2111, #3219 ),
 ( #797, #2586 ),
 ( #6841, #6239 ),
 ( #1405, #3775 ),
 ( #6200, #6961 ),
 ( #4454, #3817 ),
 ( #2151, #5759 ),
 ( #1993, #5644 ),
 ( #179, #5160 ),
 ( #2739, #4497 ),
 ( #5045, #6283 ),
 ( #838, #6325 ),
 ( #3298, #2621 ),
 ( #7490, #756 ),
 ( #219, #3258 ),
 ( #6885, #3859 ),
 ( #4534, #1522 ) ),
 .UNSPECIFIED., .F., .F., .F.,
 ( 4, 1, 1, 1, 1, 1, 1, 1, 1, 1, 1, 1, 1, 1, 1, 1, 4 ),
 ( 2, 2 ),
 ( 0.000000000000000000, 0.06743327249907167531, 0.1335521599200664156, 0.1997046778589727234, 0.2671201877316286000, 0.3352777423402916734, 0.4036283107667172354, 0.4742054460698434948, 0.5479942499729125727, 0.5881356421708163751, 0.6324115522410838075, 0.6818573288135472144, 0.7356293597745977575, 0.7938970358079763256, 0.8577893042072283203, 0.9262923936168980799, 1.000000000000000000 ),
 ( 0.000000000000000000, 1.000000000000000000 ),
 .UNSPECIFIED. ) ;
#6082 = VERTEX_POINT ( 'NONE', #6769 ) ;
#6083 = DIRECTION ( 'NONE',  ( 0.000000000000000000, 0.000000000000000000, 1.000000000000000000 ) ) ;
#6084 = DIRECTION ( 'NONE',  ( 0.000000000000000000, 0.000000000000000000, -1.000000000000000000 ) ) ;
#6085 = DIRECTION ( 'NONE',  ( 0.3090169943757437032, 0.000000000000000000, -0.9510565162948948492 ) ) ;
#6086 = CARTESIAN_POINT ( 'NONE',  ( 0.06344880417221121505, 0.1522592120339255339, 0.2270756231802803504 ) ) ;
#6087 = DIRECTION ( 'NONE',  ( -1.000000000000000000, 0.000000000000000000, -0.000000000000000000 ) ) ;
#6088 = CARTESIAN_POINT ( 'NONE',  ( 0.1399058819421314659, 0.1345465433445408032, 0.2270756231802802949 ) ) ;
#6089 = CARTESIAN_POINT ( 'NONE',  ( -0.4515577551159229430, 0.08467664980136548059, 0.2270756231802803504 ) ) ;
#6090 = LINE ( 'NONE', #1663, #10 ) ;
#6091 = CARTESIAN_POINT ( 'NONE',  ( 0.05284910490982360626, 0.1557841197812466771, 0.2270756231802802949 ) ) ;
#6092 = CARTESIAN_POINT ( 'NONE',  ( -0.1620751645058368384, 0.1593589450602535262, 0.2270756231802803782 ) ) ;
#6093 = EDGE_CURVE ( 'NONE', #7025, #4474, #3337, .T. ) ;
#6094 = CARTESIAN_POINT ( 'NONE',  ( -0.4452285836962185939, 0.07072684147570752755, 0.1877055431802803209 ) ) ;
#6095 = CARTESIAN_POINT ( 'NONE',  ( -0.1758596273385354958, 0.1832280172534359319, 0.2270756231802802394 ) ) ;
#6096 = VERTEX_POINT ( 'NONE', #6163 ) ;
#6097 = FACE_BOUND ( 'NONE', #4226, .T. ) ;
#6098 = CARTESIAN_POINT ( 'NONE',  ( -0.3711906631348765306, 0.1734624954450431356, 0.2270756231802802672 ) ) ;
#6099 = CARTESIAN_POINT ( 'NONE',  ( 0.3064682536461310614, 0.1289860745467273917, 0.1877055431802802654 ) ) ;
#6100 = CARTESIAN_POINT ( 'NONE',  ( 0.08528488752235362236, 0.1317139707104719726, 0.1877055431802803764 ) ) ;
#6101 = CARTESIAN_POINT ( 'NONE',  ( 0.1345637980184082039, 0.1337531185352375529, 0.1877055431802803209 ) ) ;
#6102 = CARTESIAN_POINT ( 'NONE',  ( -0.2348316567497764906, 0.08575474995487882002, 0.2270756231802802949 ) ) ;
#6103 = CARTESIAN_POINT ( 'NONE',  ( -0.3623033279591444944, 0.1239300035890399387, 0.2270756231802802949 ) ) ;
#6104 = B_SPLINE_CURVE_WITH_KNOTS ( 'NONE', 3,
 ( #1962, #804, #3225, #762, #5847, #7574, #5247, #1487, #6329, #7694, #2238 ),
 .UNSPECIFIED., .F., .F.,
 ( 4, 1, 1, 1, 1, 1, 1, 1, 4 ),
 ( 0.000000000000000000, 0.1279023639831299852, 0.2498982783358975890, 0.3732797639331219552, 0.5010486153180322422, 0.6288174667029410303, 0.7501456124741444631, 0.8732612132643373659, 1.000000000000000000 ),
 .UNSPECIFIED. ) ;
#6105 = ORIENTED_EDGE ( 'NONE', *, *, #4446, .F. ) ;
#6106 = CARTESIAN_POINT ( 'NONE',  ( -0.1575398258959171127, 0.1946610542872618810, 0.1877055431802803487 ) ) ;
#6107 = CARTESIAN_POINT ( 'NONE',  ( -0.03362685790243533090, 0.07713541903298914981, 0.2270756231802802672 ) ) ;
#6108 = CARTESIAN_POINT ( 'NONE',  ( -0.2431324537288871712, 0.1702958176987575956, 0.2270756231802804337 ) ) ;
#6109 = CARTESIAN_POINT ( 'NONE',  ( 0.1719548731234241956, 0.1500672567449960193, 0.2270756231802802949 ) ) ;
#6110 = CARTESIAN_POINT ( 'NONE',  ( -0.8174232221035474533, 0.000000000000000000, -0.07141839331966816362 ) ) ;
#6111 = VECTOR ( 'NONE', #7344, 39.37007874015748143 ) ;
#6112 = ORIENTED_EDGE ( 'NONE', *, *, #6739, .T. ) ;
#6113 = DIRECTION ( 'NONE',  ( -1.000000000000000000, 0.000000000000000000, -0.000000000000000000 ) ) ;
#6114 = CARTESIAN_POINT ( 'NONE',  ( -0.1275434182591382026, 0.1935346466653846131, 0.1877055431802803487 ) ) ;
#6115 = CARTESIAN_POINT ( 'NONE',  ( -0.2498202053566813963, 0.05155436003967591579, 0.2270756231802803504 ) ) ;
#6116 = EDGE_CURVE ( 'NONE', #7732, #7000, #4858, .T. ) ;
#6117 = VECTOR ( 'NONE', #5691, 39.37007874015748143 ) ;
#6118 = CARTESIAN_POINT ( 'NONE',  ( -0.8857973542005870282, 0.5799999999999999600, 0.2070756231802803049 ) ) ;
#6119 = CARTESIAN_POINT ( 'NONE',  ( -0.2523249194757186675, 0.07638673844217866438, 0.2270756231802802949 ) ) ;
#6120 = ORIENTED_EDGE ( 'NONE', *, *, #1912, .F. ) ;
#6121 = CARTESIAN_POINT ( 'NONE',  ( -0.03748864898259949424, 0.07636294577512661719, 0.2270756231802803504 ) ) ;
#6122 = CARTESIAN_POINT ( 'NONE',  ( -0.1273447170162817776, 0.1533550363974388875, 0.1877055431802803209 ) ) ;
#6123 = CARTESIAN_POINT ( 'NONE',  ( -0.2523629211227021996, 0.1963553113052853016, 0.1877055431802803209 ) ) ;
#6124 =( BOUNDED_CURVE ( )  B_SPLINE_CURVE ( 3, ( #7667, #2214, #5298, #5178 ),
 .UNSPECIFIED., .F., .T. ) 
 B_SPLINE_CURVE_WITH_KNOTS ( ( 4, 4 ),
 ( 4.712388980384689674, 6.283185307179586232 ),
 .UNSPECIFIED. ) 
 CURVE ( )  GEOMETRIC_REPRESENTATION_ITEM ( )  RATIONAL_B_SPLINE_CURVE ( ( 1.000000000000000000, 0.8047378541243649375, 0.8047378541243649375, 1.000000000000000000 ) ) 
 REPRESENTATION_ITEM ( '' )  );
#6125 = CARTESIAN_POINT ( 'NONE',  ( -0.4311757396977515810, 0.1202585984994352375, 0.1877055431802803487 ) ) ;
#6126 = AXIS2_PLACEMENT_3D ( 'NONE', #1884, #6807, #6205 ) ;
#6127 = CARTESIAN_POINT ( 'NONE',  ( 0.2632724740257900153, 0.1329969936317887957, 0.1877055431802802099 ) ) ;
#6128 = CARTESIAN_POINT ( 'NONE',  ( 0.1417327513189319821, 0.1345749701712321833, 0.1877055431802803487 ) ) ;
#6129 = CARTESIAN_POINT ( 'NONE',  ( -0.3666430379170080855, 0.1622763871575219063, 0.2270756231802803782 ) ) ;
#6130 = CARTESIAN_POINT ( 'NONE',  ( 0.2330429268359290595, 0.09941834398879766110, 0.1877055431802803209 ) ) ;
#6131 = DIRECTION ( 'NONE',  ( 0.000000000000000000, -1.000000000000000000, 0.000000000000000000 ) ) ;
#6132 = CARTESIAN_POINT ( 'NONE',  ( -0.1573907602311647447, 0.1665803233801773919, 0.2270756231802803504 ) ) ;
#6133 = CARTESIAN_POINT ( 'NONE',  ( -0.4537332434783338253, 0.09361685175999387432, 0.1877055431802802654 ) ) ;
#6134 = CARTESIAN_POINT ( 'NONE',  ( -0.2707189272805722302, 0.1468684287692857970, 0.2270756231802802949 ) ) ;
#6135 = APPROVAL ( #6271, 'UNSPECIFIED' ) ;
#6136 = VECTOR ( 'NONE', #2657, 39.37007874015748143 ) ;
#6137 = ORIENTED_EDGE ( 'NONE', *, *, #4498, .F. ) ;
#6138 = CARTESIAN_POINT ( 'NONE',  ( -0.2884523469766824832, 0.1730059482948133609, 0.2270756231802802949 ) ) ;
#6139 = CARTESIAN_POINT ( 'NONE',  ( -0.3666430379170080855, 0.1622763871575219063, 0.1877055431802803209 ) ) ;
#6140 = CARTESIAN_POINT ( 'NONE',  ( -0.3770693783691583256, 0.1823503844418958575, 0.2270756231802802949 ) ) ;
#6141 = EDGE_CURVE ( 'NONE', #5201, #974, #4734, .T. ) ;
#6142 = CARTESIAN_POINT ( 'NONE',  ( 0.3200997038682369955, 0.1345465433445408032, 0.2270756231802803782 ) ) ;
#6143 = ORIENTED_EDGE ( 'NONE', *, *, #627, .F. ) ;
#6144 = CARTESIAN_POINT ( 'NONE',  ( 0.09034522722018523133, 0.1254872592240082463, 0.2270756231802803782 ) ) ;
#6145 = CARTESIAN_POINT ( 'NONE',  ( 0.2924049119097414939, 0.1437533640175095440, 0.1877055431802803209 ) ) ;
#6146 = CARTESIAN_POINT ( 'NONE',  ( -0.2788019907243203255, 0.1859040987637402553, 0.1877055431802802377 ) ) ;
#6147 = EDGE_CURVE ( 'NONE', #262, #7855, #7799, .T. ) ;
#6148 = CARTESIAN_POINT ( 'NONE',  ( -0.2121961143765483948, 0.1734624954450431356, 0.2270756231802802949 ) ) ;
#6149 = ORIENTED_EDGE ( 'NONE', *, *, #3126, .F. ) ;
#6150 = CARTESIAN_POINT ( 'NONE',  ( 0.1262744317200257538, 0.1289860745467274750, 0.1877055431802804042 ) ) ;
#6151 = CARTESIAN_POINT ( 'NONE',  ( -0.3921003300199073505, 0.08891139733545252999, 0.1877055431802803487 ) ) ;
#6152 = CARTESIAN_POINT ( 'NONE',  ( 0.1122110899836359921, 0.1437533640175094607, 0.2270756231802802949 ) ) ;
#6153 = DIRECTION ( 'NONE',  ( -0.000000000000000000, -0.000000000000000000, 1.000000000000000000 ) ) ;
#6154 = ORIENTED_EDGE ( 'NONE', *, *, #4737, .T. ) ;
#6155 = CARTESIAN_POINT ( 'NONE',  ( -0.04091903434921115301, 0.05155436003967591579, 0.1877055431802803209 ) ) ;
#6156 = CARTESIAN_POINT ( 'NONE',  ( 0.6837217283835673731, 0.5999999999999999778, 0.2070756231802803049 ) ) ;
#6157 = CARTESIAN_POINT ( 'NONE',  ( -0.2724957777981324436, 0.05703069578812471757, 0.1877055431802803209 ) ) ;
#6158 = ORIENTED_EDGE ( 'NONE', *, *, #7460, .F. ) ;
#6159 = DIRECTION ( 'NONE',  ( 0.9500674621162670253, 0.000000000000000000, -0.3120445760271369218 ) ) ;
#6160 = CARTESIAN_POINT ( 'NONE',  ( -0.2499306182377636076, 0.07628684540208253984, 0.2270756231802803504 ) ) ;
#6161 = VERTEX_POINT ( 'NONE', #4378 ) ;
#6162 = CARTESIAN_POINT ( 'NONE',  ( 0.06344880417221121505, 0.1522592120339255339, 0.1877055431802803487 ) ) ;
#6163 = CARTESIAN_POINT ( 'NONE',  ( 0.1410137904539383036, 0.1345848466134695609, 0.2270756231802802949 ) ) ;
#6164 = CARTESIAN_POINT ( 'NONE',  ( -0.4089251669960918267, 0.07628684540208252596, 0.1877055431802803209 ) ) ;
#6165 = CARTESIAN_POINT ( 'NONE',  ( -0.4531965868415412380, 0.1551927591837697906, 0.2270756231802802672 ) ) ;
#6166 = CARTESIAN_POINT ( 'NONE',  ( -0.3306197741949742919, 0.08329895247165206018, 0.2270756231802802949 ) ) ;
#6167 = CARTESIAN_POINT ( 'NONE',  ( 0.1835779561111157976, 0.1136616056483979037, 0.2270756231802802949 ) ) ;
#6168 = CARTESIAN_POINT ( 'NONE',  ( -0.3623033279591444944, 0.1239300035890399387, 0.1877055431802803209 ) ) ;
#6169 = CARTESIAN_POINT ( 'NONE',  ( 0.2608682405892451817, 0.1339514032287845713, 0.1877055431802803764 ) ) ;
#6170 = ADVANCED_FACE ( 'NONE', ( #5687 ), #7337, .F. ) ;
#6171 = CARTESIAN_POINT ( 'NONE',  ( -0.4545211211598248480, 0.09867708236101879749, 0.1877055431802803209 ) ) ;
#6172 = CARTESIAN_POINT ( 'NONE',  ( -0.1869177579952076285, 0.1628046595012549724, 0.2270756231802802949 ) ) ;
#6173 = VECTOR ( 'NONE', #2520, 39.37007874015748143 ) ;
#6174 = ORIENTED_EDGE ( 'NONE', *, *, #2209, .F. ) ;
#6175 = CARTESIAN_POINT ( 'NONE',  ( -0.2856215820475758171, 0.1776734734557873785, 0.2270756231802802672 ) ) ;
#6176 = CARTESIAN_POINT ( 'NONE',  ( -0.3711906631348765306, 0.1734624954450431356, 0.1877055431802802654 ) ) ;
#6177 = CIRCLE ( 'NONE', #7206, 0.01999999999999996919 ) ;
#6178 = DIRECTION ( 'NONE',  ( -0.000000000000000000, -0.000000000000000000, 1.000000000000000000 ) ) ;
#6179 = CARTESIAN_POINT ( 'NONE',  ( -0.2348316567497764906, 0.08575474995487882002, 0.1877055431802803209 ) ) ;
#6180 = VERTEX_POINT ( 'NONE', #183 ) ;
#6181 = EDGE_CURVE ( 'NONE', #6161, #5629, #2038, .T. ) ;
#6182 = CARTESIAN_POINT ( 'NONE',  ( -0.7763573127152828546, 0.5799999999999999600, -0.2178062665827001088 ) ) ;
#6183 = DIRECTION ( 'NONE',  ( -0.3120445760271238211, 0.000000000000000000, -0.9500674621162713551 ) ) ;
#6184 = CARTESIAN_POINT ( 'NONE',  ( 0.08495165008446524391, 0.1575507258785614484, 0.2270756231802803504 ) ) ;
#6185 = VERTEX_POINT ( 'NONE', #1450 ) ;
#6186 = CARTESIAN_POINT ( 'NONE',  ( -0.1300862637929051657, 0.1638139701241914103, 0.1877055431802802654 ) ) ;
#6187 = VERTEX_POINT ( 'NONE', #7613 ) ;
#6188 = CARTESIAN_POINT ( 'NONE',  ( -0.9777073625825051240, 0.5999999999999999778, -0.07275878689828080281 ) ) ;
#6189 = ADVANCED_FACE ( 'NONE', ( #6929 ), #5726, .T. ) ;
#6190 = CARTESIAN_POINT ( 'NONE',  ( -0.3870593414676681832, 0.1217767639787256384, 0.1877055431802803209 ) ) ;
#6191 = ADVANCED_FACE ( 'NONE', ( #2744 ), #3417, .F. ) ;
#6192 = CARTESIAN_POINT ( 'NONE',  ( 0.6387277482552388141, 0.5799999999999999600, 0.2097867123636784070 ) ) ;
#6193 = VERTEX_POINT ( 'NONE', #5846 ) ;
#6194 = CARTESIAN_POINT ( 'NONE',  ( -0.4152079421980557905, 0.1706780374008278200, 0.1877055431802803209 ) ) ;
#6195 = EDGE_CURVE ( 'NONE', #4988, #1113, #5887, .T. ) ;
#6196 = CARTESIAN_POINT ( 'NONE',  ( 0.3637717780372212717, 0.05508757223430543054, 0.1877055431802803209 ) ) ;
#6197 = CARTESIAN_POINT ( 'NONE',  ( -0.2799871972093601058, 0.06283736900783651325, 0.1877055431802803209 ) ) ;
#6198 = ORIENTED_EDGE ( 'NONE', *, *, #4006, .F. ) ;
#6199 = DIRECTION ( 'NONE',  ( -0.000000000000000000, -0.000000000000000000, 1.000000000000000000 ) ) ;
#6200 = CARTESIAN_POINT ( 'NONE',  ( 0.2410726219141525462, 0.1288730008591923437, 0.1877055431802803209 ) ) ;
#6201 = VECTOR ( 'NONE', #597, 39.37007874015748143 ) ;
#6202 = ORIENTED_EDGE ( 'NONE', *, *, #3455, .T. ) ;
#6203 = CARTESIAN_POINT ( 'NONE',  ( 0.05284910490982360626, 0.1437491157432898847, 0.2270756231802802949 ) ) ;
#6204 = B_SPLINE_CURVE_WITH_KNOTS ( 'NONE', 3,
 ( #4247, #6707, #4906, #4322, #1899, #7874, #4162, #1140, #1299, #3558, #6747 ),
 .UNSPECIFIED., .F., .F.,
 ( 4, 1, 1, 1, 1, 1, 1, 1, 4 ),
 ( 0.000000000000000000, 0.08887073112253615625, 0.1863547159714915580, 0.2940776543961753364, 0.4122365279576110098, 0.5417781444209641695, 0.6827026066315660113, 0.8350963526041702556, 1.000000000000000000 ),
 .UNSPECIFIED. ) ;
#6205 = DIRECTION ( 'NONE',  ( -0.3120445760271325919, 0.000000000000000000, 0.9500674621162684685 ) ) ;
#6206 = CARTESIAN_POINT ( 'NONE',  ( 0.8098845308779292207, 0.5999999999999999778, 0.2270756231802802949 ) ) ;
#6207 = CARTESIAN_POINT ( 'NONE',  ( -0.2201377551621611361, 0.06280155140425276727, 0.2270756231802802116 ) ) ;
#6208 = CARTESIAN_POINT ( 'NONE',  ( 0.1182135305104696776, 0.1000532180550201544, 0.2270756231802802949 ) ) ;
#6209 = CARTESIAN_POINT ( 'NONE',  ( -0.1051352322305385140, 0.1387934803129742267, 0.2270756231802802672 ) ) ;
#6210 = CARTESIAN_POINT ( 'NONE',  ( 0.2731668365934048492, 0.1148058578033423621, 0.2270756231802803504 ) ) ;
#6211 = CARTESIAN_POINT ( 'NONE',  ( 0.2083104414735224563, 0.1557841197812466771, 0.1877055431802803209 ) ) ;
#6212 = CARTESIAN_POINT ( 'NONE',  ( -0.4314903265564606905, 0.05703069578812471063, 0.1877055431802802654 ) ) ;
#6213 = DIRECTION ( 'NONE',  ( -0.000000000000000000, -0.000000000000000000, 1.000000000000000000 ) ) ;
#6214 = VECTOR ( 'NONE', #2596, 39.37007874015748143 ) ;
#6215 = EDGE_LOOP ( 'NONE', ( #2190, #2018, #213, #6421 ) ) ;
#6216 = DIRECTION ( 'NONE',  ( 0.000000000000000000, -1.000000000000000000, 0.000000000000000000 ) ) ;
#6217 = CARTESIAN_POINT ( 'NONE',  ( 0.7954022872182958670, 0.01999999999999999001, 0.2070756231802803049 ) ) ;
#6218 = CARTESIAN_POINT ( 'NONE',  ( 0.003349613246886850356, 0.08523475899910881726, 0.2270756231802803504 ) ) ;
#6219 = CARTESIAN_POINT ( 'NONE',  ( -0.2696974094149564571, 0.05556186941036737881, 0.1877055431802803487 ) ) ;
#6220 = ORIENTED_EDGE ( 'NONE', *, *, #343, .F. ) ;
#6221 = CARTESIAN_POINT ( 'NONE',  ( 0.09319590835031493770, 0.1122657820408914792, 0.1877055431802804042 ) ) ;
#6222 = CARTESIAN_POINT ( 'NONE',  ( 0.2939822818024767637, 0.1410137884066511027, 0.1877055431802803487 ) ) ;
#6223 = CARTESIAN_POINT ( 'NONE',  ( 0.08651074100431738190, 0.1575016855261949789, 0.2270756231802803504 ) ) ;
#6224 = ORIENTED_EDGE ( 'NONE', *, *, #276, .T. ) ;
#6225 = CARTESIAN_POINT ( 'NONE',  ( -0.2033446582285708681, 0.1304104755484992717, 0.2270756231802802949 ) ) ;
#6226 = ORIENTED_EDGE ( 'NONE', *, *, #1730, .T. ) ;
#6227 = CARTESIAN_POINT ( 'NONE',  ( 0.1191990628910641753, 0.1147944594768764981, 0.1877055431802802654 ) ) ;
#6228 = CARTESIAN_POINT ( 'NONE',  ( -0.01962109770757058252, 0.09627333185593746345, 0.2270756231802802949 ) ) ;
#6229 = CARTESIAN_POINT ( 'NONE',  ( -0.03784434067711382049, 0.1204420268666136495, 0.1877055431802802654 ) ) ;
#6230 = CARTESIAN_POINT ( 'NONE',  ( -0.1249399367562533669, 0.1038708664619727440, 0.2270756231802802672 ) ) ;
#6231 = VECTOR ( 'NONE', #1181, 39.37007874015748143 ) ;
#6232 = ORIENTED_EDGE ( 'NONE', *, *, #3301, .F. ) ;
#6233 = CARTESIAN_POINT ( 'NONE',  ( 0.9279426847140814782, 0.5999999999999999778, -0.2178062665826999700 ) ) ;
#6234 = CARTESIAN_POINT ( 'NONE',  ( -0.1326980689821333770, 0.1952257780714161395, 0.2270756231802802949 ) ) ;
#6235 = CARTESIAN_POINT ( 'NONE',  ( 0.2517215667744530094, 0.1556904053540596189, 0.1877055431802803487 ) ) ;
#6236 = ADVANCED_FACE ( 'NONE', ( #383 ), #5087, .F. ) ;
#6237 = ORIENTED_EDGE ( 'NONE', *, *, #2078, .F. ) ;
#6238 = LINE ( 'NONE', #3297, #1894 ) ;
#6239 = CARTESIAN_POINT ( 'NONE',  ( 0.2462919406036102876, 0.1325572742355684563, 0.2270756231802803504 ) ) ;
#6240 = EDGE_LOOP ( 'NONE', ( #5579, #912, #759, #7773 ) ) ;
#6241 = CARTESIAN_POINT ( 'NONE',  ( 0.08495165008446524391, 0.1575507258785614484, 0.1877055431802803209 ) ) ;
#6242 = AXIS2_PLACEMENT_3D ( 'NONE', #3438, #2443, #6738 ) ;
#6243 = CARTESIAN_POINT ( 'NONE',  ( -0.2845516599240086042, 0.1791639872930616273, 0.1877055431802803209 ) ) ;
#6244 = DIRECTION ( 'NONE',  ( 0.3120445760271329250, 0.000000000000000000, 0.9500674621162682465 ) ) ;
#6245 = CARTESIAN_POINT ( 'NONE',  ( -0.2289654441066175938, 0.1061605371993063207, 0.1877055431802803487 ) ) ;
#6246 = CARTESIAN_POINT ( 'NONE',  ( 0.1209786047790291919, 0.1213151523856658837, 0.2270756231802802949 ) ) ;
#6247 = CARTESIAN_POINT ( 'NONE',  ( 0.3179256538786945363, 0.1344713808013103806, 0.2270756231802804059 ) ) ;
#6248 = CARTESIAN_POINT ( 'NONE',  ( -0.3623420577576794699, 0.1173761928999585563, 0.2270756231802802672 ) ) ;
#6249 = CARTESIAN_POINT ( 'NONE',  ( 0.1752388711852818914, 0.1469729603695233422, 0.1877055431802803209 ) ) ;
#6250 = CARTESIAN_POINT ( 'NONE',  ( 0.6859622457331169265, 0.01999999999999999001, -0.1978062665827000355 ) ) ;
#6251 = CARTESIAN_POINT ( 'NONE',  ( -0.4021270024872153903, 0.1702958176987575956, 0.1877055431802803209 ) ) ;
#6252 = AXIS2_PLACEMENT_3D ( 'NONE', #3405, #5680, #1593 ) ;
#6253 = AXIS2_PLACEMENT_3D ( 'NONE', #19, #2581, #6722 ) ;
#6254 = VERTEX_POINT ( 'NONE', #264 ) ;
#6255 = CARTESIAN_POINT ( 'NONE',  ( -0.3403052263477343020, 0.05767891528925657429, 0.1877055431802803764 ) ) ;
#6256 = CARTESIAN_POINT ( 'NONE',  ( -0.3623155049647021619, 0.1261294150002503223, 0.1877055431802803209 ) ) ;
#6257 = DIRECTION ( 'NONE',  ( 0.3090169943757429816, 1.623838647438458616E-15, -0.9510565162948950713 ) ) ;
#6258 = CARTESIAN_POINT ( 'NONE',  ( 0.2984062485736394543, 0.1012036206847684999, 0.1877055431802802377 ) ) ;
#6259 = B_SPLINE_CURVE_WITH_KNOTS ( 'NONE', 3,
 ( #2757, #4072, #3351, #3992, #5897, #5297, #6414, #2838, #7748, #7101, #4665, #5773, #2917, #441, #316, #4031, #5177, #1538, #3955 ),
 .UNSPECIFIED., .F., .F.,
 ( 4, 1, 1, 1, 1, 1, 1, 1, 1, 1, 1, 1, 1, 1, 1, 1, 4 ),
 ( 0.000000000000000000, 0.06743327249907170307, 0.1335521599200663045, 0.1997046778589729454, 0.2671201877316288220, 0.3352777423402917290, 0.4036283107667173464, 0.4742054460698436613, 0.5479942499729127947, 0.5881356421708164861, 0.6324115522410839185, 0.6818573288135474364, 0.7356293597745978685, 0.7938970358079765477, 0.8577893042072283203, 0.9262923936168981909, 1.000000000000000000 ),
 .UNSPECIFIED. ) ;
#6260 = ORIENTED_EDGE ( 'NONE', *, *, #7309, .T. ) ;
#6261 = CARTESIAN_POINT ( 'NONE',  ( 0.2947913305811339924, 0.1396086327027084295, 0.2270756231802802949 ) ) ;
#6262 = CARTESIAN_POINT ( 'NONE',  ( -0.2695418206389400551, 0.1526920952687719213, 0.2270756231802802394 ) ) ;
#6263 = CARTESIAN_POINT ( 'NONE',  ( -0.2856215820475758171, 0.1776734734557873785, 0.2270756231802802949 ) ) ;
#6264 = VECTOR ( 'NONE', #2005, 39.37007874015748143 ) ;
#6265 = ORIENTED_EDGE ( 'NONE', *, *, #546, .T. ) ;
#6266 = CARTESIAN_POINT ( 'NONE',  ( -0.2274202732967562368, 0.05700635576611834399, 0.2270756231802804059 ) ) ;
#6267 = VECTOR ( 'NONE', #5677, 39.37007874015748143 ) ;
#6268 = VERTEX_POINT ( 'NONE', #883 ) ;
#6269 = CARTESIAN_POINT ( 'NONE',  ( -0.07556107578874274311, 0.1164219276754522164, 0.1877055431802803209 ) ) ;
#6270 = CARTESIAN_POINT ( 'NONE',  ( -0.3871046128704032085, 0.1176336335723350141, 0.2270756231802804059 ) ) ;
#6271 = APPROVAL_STATUS ( 'not_yet_approved' ) ;
#6272 = CARTESIAN_POINT ( 'NONE',  ( -0.7541167953658587386, 0.2350000000000000144, 0.2270756231802802672 ) ) ;
#6273 = B_SPLINE_CURVE_WITH_KNOTS ( 'NONE', 3,
 ( #1120, #4025, #2321, #2912, #1647, #1686, #4736, #7698, #2242, #6606, #5211, #3501, #7660, #1162, #4141 ),
 .UNSPECIFIED., .F., .F.,
 ( 4, 1, 1, 1, 1, 1, 1, 1, 1, 1, 1, 1, 4 ),
 ( 0.000000000000000000, 0.08961452888211535184, 0.1749485612865261941, 0.2575481258745664359, 0.3389007874900942796, 0.4200531858831907384, 0.5014014271193618644, 0.5842520267159582170, 0.6703704767286314814, 0.7564732666582518750, 0.8392065940498486531, 0.9201204666578204350, 1.000000000000000000 ),
 .UNSPECIFIED. ) ;
#6274 = CARTESIAN_POINT ( 'NONE',  ( -0.4531965868415412380, 0.1551927591837697906, 0.1877055431802802654 ) ) ;
#6275 = ORIENTED_EDGE ( 'NONE', *, *, #2458, .F. ) ;
#6276 = EDGE_CURVE ( 'NONE', #7008, #2278, #5246, .T. ) ;
#6277 = CARTESIAN_POINT ( 'NONE',  ( -0.1323135088368465051, 0.1665728294736274484, 0.2270756231802802672 ) ) ;
#6278 = CARTESIAN_POINT ( 'NONE',  ( 0.05384220956523508295, 0.1143143531211425201, 0.2270756231802802949 ) ) ;
#6279 = CARTESIAN_POINT ( 'NONE',  ( -0.2862340349378904580, 0.07072684147570754143, 0.2270756231802803782 ) ) ;
#6280 = ORIENTED_EDGE ( 'NONE', *, *, #1395, .T. ) ;
#6281 = EDGE_CURVE ( 'NONE', #6362, #7166, #957, .T. ) ;
#6282 = CARTESIAN_POINT ( 'NONE',  ( 0.3390392926748146407, 0.05508757223430543054, 0.2270756231802802949 ) ) ;
#6283 = CARTESIAN_POINT ( 'NONE',  ( 0.2340360314913405848, 0.1143143531211425062, 0.2270756231802803782 ) ) ;
#6284 = B_SPLINE_SURFACE_WITH_KNOTS ( 'NONE', 3, 1, ( 
 ( #186, #150 ),
 ( #1412, #3186 ),
 ( #4504, #5611 ),
 ( #6773, #2592 ),
 ( #5651, #844 ),
 ( #807, #70 ),
 ( #1326, #3267 ),
 ( #6893, #3227 ),
 ( #2556, #3745 ),
 ( #7497, #6166 ),
 ( #720, #5564 ) ),
 .UNSPECIFIED., .F., .F., .F.,
 ( 4, 1, 1, 1, 1, 1, 1, 1, 4 ),
 ( 2, 2 ),
 ( 0.000000000000000000, 0.1282260268668412861, 0.2505306575576874417, 0.3726387697203853433, 0.4998332120264972200, 0.6271786142189242907, 0.7498417788579270216, 0.8729404948669952091, 1.000000000000000000 ),
 ( 0.000000000000000000, 1.000000000000000000 ),
 .UNSPECIFIED. ) ;
#6285 = EDGE_CURVE ( 'NONE', #2220, #2698, #7693, .T. ) ;
#6286 = ORIENTED_EDGE ( 'NONE', *, *, #3965, .T. ) ;
#6287 = CARTESIAN_POINT ( 'NONE',  ( 0.08033175606727160911, 0.1574212869062753262, 0.2270756231802802949 ) ) ;
#6288 = CARTESIAN_POINT ( 'NONE',  ( -0.04048917570443432562, 0.07632398390935549171, 0.1877055431802802377 ) ) ;
#6289 = CARTESIAN_POINT ( 'NONE',  ( -0.4278266607103948238, 0.09234934665383356944, 0.1877055431802802377 ) ) ;
#6290 = CARTESIAN_POINT ( 'NONE',  ( -0.4544404518874348153, 0.1479768008205194219, 0.2270756231802803782 ) ) ;
#6291 = DIRECTION ( 'NONE',  ( 1.000000000000000000, 0.000000000000000000, 0.000000000000000000 ) ) ;
#6292 = CARTESIAN_POINT ( 'NONE',  ( -0.1287472747356734892, 0.09922927556695514129, 0.2270756231802802949 ) ) ;
#6293 = ADVANCED_FACE ( 'NONE', ( #6364 ), #4789, .T. ) ;
#6294 = CARTESIAN_POINT ( 'NONE',  ( -0.3630919708533725809, 0.1051600924646581003, 0.1877055431802803209 ) ) ;
#6295 = CARTESIAN_POINT ( 'NONE',  ( -0.2491369283139881208, 0.1716511639888169127, 0.2270756231802803782 ) ) ;
#6296 = CARTESIAN_POINT ( 'NONE',  ( 2.274039045451191861E-17, 0.5799999999999999600, -0.1978062665827000910 ) ) ;
#6297 = ORIENTED_EDGE ( 'NONE', *, *, #393, .F. ) ;
#6298 = CYLINDRICAL_SURFACE ( 'NONE', #7361, 0.02000000000000002817 ) ;
#6299 = CARTESIAN_POINT ( 'NONE',  ( -0.3928617142118576155, 0.1935602870887397631, 0.1877055431802803487 ) ) ;
#6300 = CYLINDRICAL_SURFACE ( 'NONE', #4835, 0.01999999999999999001 ) ;
#6301 = CARTESIAN_POINT ( 'NONE',  ( 0.2984073524365751795, 0.1000532180550201544, 0.1877055431802803209 ) ) ;
#6302 = ADVANCED_FACE ( 'NONE', ( #4579 ), #4061, .T. ) ;
#6303 = ORIENTED_EDGE ( 'NONE', *, *, #4418, .F. ) ;
#6304 = CARTESIAN_POINT ( 'NONE',  ( -0.4295842218444481664, 0.1918203824745194075, 0.1877055431802803209 ) ) ;
#6305 = CARTESIAN_POINT ( 'NONE',  ( -0.2629776881016986367, 0.1662518209824076221, 0.2270756231802802949 ) ) ;
#6306 = CARTESIAN_POINT ( 'NONE',  ( -0.1422421802963854676, 0.1217799337332532150, 0.1877055431802803764 ) ) ;
#6307 = B_SPLINE_SURFACE_WITH_KNOTS ( 'NONE', 3, 1, ( 
 ( #3999, #5305 ),
 ( #4674, #2221 ),
 ( #3964, #324 ),
 ( #4636, #4712 ),
 ( #3437, #412 ),
 ( #2137, #7150 ),
 ( #1703, #5185 ),
 ( #7110, #4598 ),
 ( #1661, #4080 ),
 ( #3037, #1179 ),
 ( #4200, #1778 ),
 ( #1260, #3680 ),
 ( #4752, #4161 ),
 ( #6018, #4793 ),
 ( #6745, #3516 ),
 ( #568, #4279 ),
 ( #5945, #2999 ),
 ( #5415, #606 ),
 ( #7872, #3601 ) ),
 .UNSPECIFIED., .F., .F., .F.,
 ( 4, 1, 1, 1, 1, 1, 1, 1, 1, 1, 1, 1, 1, 1, 1, 1, 4 ),
 ( 2, 2 ),
 ( 0.000000000000000000, 0.08262448802834879147, 0.1609035096889222527, 0.2369858734405616563, 0.3117293825942815677, 0.3843065689375976812, 0.4539081745805039758, 0.5215461238351104534, 0.5892318135186286332, 0.6252927058056747533, 0.6651281288184925922, 0.7096317992610261527, 0.7583679804267097202, 0.8116041424391529091, 0.8697632805123174382, 0.9325424043570746946, 1.000000000000000000 ),
 ( 0.000000000000000000, 1.000000000000000000 ),
 .UNSPECIFIED. ) ;
#6308 = ORIENTED_EDGE ( 'NONE', *, *, #4386, .T. ) ;
#6309 = CARTESIAN_POINT ( 'NONE',  ( -0.1109778147752464444, 0.1803588126667233782, 0.2270756231802802672 ) ) ;
#6310 = ORIENTED_EDGE ( 'NONE', *, *, #3913, .T. ) ;
#6311 = CARTESIAN_POINT ( 'NONE',  ( -0.1472190356110728016, 0.07805345149939728333, 0.1877055431802803209 ) ) ;
#6312 = CARTESIAN_POINT ( 'NONE',  ( 0.05349368915920885842, 0.1117986576282369859, 0.1877055431802803209 ) ) ;
#6313 = VECTOR ( 'NONE', #6026, 39.37007874015748143 ) ;
#6314 = CARTESIAN_POINT ( 'NONE',  ( -0.02646967364885310231, 0.1157679220066906989, 0.1877055431802803209 ) ) ;
#6315 = CARTESIAN_POINT ( 'NONE',  ( 0.05284910490982360626, 0.09941834398879766110, 0.1877055431802803209 ) ) ;
#6316 = CARTESIAN_POINT ( 'NONE',  ( -0.4455362941634450902, 0.1761562561201592547, 0.1877055431802803487 ) ) ;
#6317 = VECTOR ( 'NONE', #62, 39.37007874015748143 ) ;
#6318 = AXIS2_PLACEMENT_3D ( 'NONE', #4185, #7336, #6084 ) ;
#6319 = ORIENTED_EDGE ( 'NONE', *, *, #5359, .T. ) ;
#6320 = CARTESIAN_POINT ( 'NONE',  ( -0.03882968303957561040, 0.07631248986405900214, 0.1877055431802803209 ) ) ;
#6321 = CARTESIAN_POINT ( 'NONE',  ( -0.05793038158736983634, 0.08768015771445679396, 0.2270756231802803504 ) ) ;
#6322 = CARTESIAN_POINT ( 'NONE',  ( -0.2969258755945229367, 0.1204333066650963013, 0.2270756231802802949 ) ) ;
#6323 = ORIENTED_EDGE ( 'NONE', *, *, #7564, .T. ) ;
#6324 = CARTESIAN_POINT ( 'NONE',  ( 0.3117764766671405896, 0.1325788366085081382, 0.1877055431802803487 ) ) ;
#6325 = CARTESIAN_POINT ( 'NONE',  ( 0.2336875110853142701, 0.1117986576282369859, 0.2270756231802802949 ) ) ;
#6326 = ORIENTED_EDGE ( 'NONE', *, *, #800, .F. ) ;
#6327 = CARTESIAN_POINT ( 'NONE',  ( -0.3266515648028209262, 0.05347452576505899724, 0.2270756231802804059 ) ) ;
#6328 = CARTESIAN_POINT ( 'NONE',  ( 0.003384134185010541189, 0.1699169685597647361, 0.2270756231802802949 ) ) ;
#6329 = CARTESIAN_POINT ( 'NONE',  ( -0.3266515648028209262, 0.05347452576505899724, 0.1877055431802804042 ) ) ;
#6330 = CARTESIAN_POINT ( 'NONE',  ( -0.4516585649152190518, 0.1617776613979029221, 0.1877055431802803764 ) ) ;
#6331 = AXIS2_PLACEMENT_3D ( 'NONE', #4850, #755, #5683 ) ;
#6332 = CARTESIAN_POINT ( 'NONE',  ( 0.2330429268359290595, 0.09941834398879766110, 0.1877055431802803209 ) ) ;
#6333 = CARTESIAN_POINT ( 'NONE',  ( -0.4558951227596042544, 0.1161615667949961322, 0.1877055431802802654 ) ) ;
#6334 = AXIS2_PLACEMENT_3D ( 'NONE', #2341, #4127, #2305 ) ;
#6335 = CYLINDRICAL_SURFACE ( 'NONE', #3210, 0.01999999999999999001 ) ;
#6336 = CARTESIAN_POINT ( 'NONE',  ( -0.2499306182377636076, 0.07628684540208253984, 0.1877055431802803487 ) ) ;
#6337 = LOCAL_TIME ( 12, 3, 37.00000000000000000, #4602 ) ;
#6338 = ORIENTED_EDGE ( 'NONE', *, *, #7518, .F. ) ;
#6339 = CARTESIAN_POINT ( 'NONE',  ( -0.4446161308059040640, 0.1776734734557873785, 0.2270756231802802672 ) ) ;
#6340 = CARTESIAN_POINT ( 'NONE',  ( -0.4311856389522204513, 0.1239760281754862942, 0.1877055431802803209 ) ) ;
#6341 = FACE_OUTER_BOUND ( 'NONE', #1163, .T. ) ;
#6342 = EDGE_CURVE ( 'NONE', #7515, #4798, #5592, .T. ) ;
#6343 = CARTESIAN_POINT ( 'NONE',  ( 0.2984073524365751795, 0.1000532180550201544, 0.2270756231802803504 ) ) ;
#6344 = CARTESIAN_POINT ( 'NONE',  ( -0.03919123378856682882, 0.1204253880466772952, 0.2270756231802803504 ) ) ;
#6345 = CARTESIAN_POINT ( 'NONE',  ( 0.09348104514806306053, 0.05508757223430543054, 0.1877055431802803209 ) ) ;
#6346 = CARTESIAN_POINT ( 'NONE',  ( -0.1373277689934798429, 0.1280688799625346874, 0.2270756231802803782 ) ) ;
#6347 = VERTEX_POINT ( 'NONE', #4177 ) ;
#6348 = ORIENTED_EDGE ( 'NONE', *, *, #7766, .T. ) ;
#6349 = DIRECTION ( 'NONE',  ( -1.000000000000000000, 0.000000000000000000, -1.149629425163053468E-16 ) ) ;
#6350 = DIRECTION ( 'NONE',  ( 0.000000000000000000, 0.000000000000000000, -1.000000000000000000 ) ) ;
#6351 = CARTESIAN_POINT ( 'NONE',  ( 0.09034522722018523133, 0.1254872592240082463, 0.1877055431802802654 ) ) ;
#6352 = FACE_OUTER_BOUND ( 'NONE', #2033, .T. ) ;
#6353 = ORIENTED_EDGE ( 'NONE', *, *, #830, .F. ) ;
#6354 = CARTESIAN_POINT ( 'NONE',  ( -0.02284877664480545328, 0.08590192298536696025, 0.1877055431802803209 ) ) ;
#6355 = DIRECTION ( 'NONE',  ( 0.9510565162951748475, 0.000000000000000000, -0.3090169943748820591 ) ) ;
#6356 = CYLINDRICAL_SURFACE ( 'NONE', #855, 0.02000000000000005940 ) ;
#6357 = ORIENTED_EDGE ( 'NONE', *, *, #2067, .F. ) ;
#6358 = LINE ( 'NONE', #3178, #1514 ) ;
#6359 = DIRECTION ( 'NONE',  ( 1.000000000000000000, 0.000000000000000000, 0.000000000000000000 ) ) ;
#6360 = VERTEX_POINT ( 'NONE', #1195 ) ;
#6361 = DIRECTION ( 'NONE',  ( 0.000000000000000000, 0.000000000000000000, -1.000000000000000000 ) ) ;
#6362 = VERTEX_POINT ( 'NONE', #1116 ) ;
#6363 = EDGE_CURVE ( 'NONE', #6532, #7328, #6524, .T. ) ;
#6364 = FACE_OUTER_BOUND ( 'NONE', #2997, .T. ) ;
#6365 = CARTESIAN_POINT ( 'NONE',  ( 0.05284910490982360626, 0.1557841197812466771, 0.1877055431802803209 ) ) ;
#6366 = CARTESIAN_POINT ( 'NONE',  ( -0.3873833531357551152, 0.1362842676182428325, 0.1877055431802803209 ) ) ;
#6367 = DIRECTION ( 'NONE',  ( -0.3090169943757414273, 0.000000000000000000, -0.9510565162948957374 ) ) ;
#6368 = LINE ( 'NONE', #7617, #2065 ) ;
#6369 = CARTESIAN_POINT ( 'NONE',  ( -0.4066323180502234291, 0.07635462944205610725, 0.2270756231802802949 ) ) ;
#6370 = CARTESIAN_POINT ( 'NONE',  ( -0.3893252771193188577, 0.1511439014104072331, 0.1877055431802803764 ) ) ;
#6371 = VERTEX_POINT ( 'NONE', #4730 ) ;
#6372 = FACE_OUTER_BOUND ( 'NONE', #2418, .T. ) ;
#6373 = CARTESIAN_POINT ( 'NONE',  ( -0.4285363693972682464, 0.1526920952687719213, 0.1877055431802803209 ) ) ;
#6374 = CARTESIAN_POINT ( 'NONE',  ( 0.2330429268359290595, 0.09941834398879766110, 0.1877055431802803209 ) ) ;
#6375 = EDGE_CURVE ( 'NONE', #5845, #4807, #4768, .T. ) ;
#6376 = CYLINDRICAL_SURFACE ( 'NONE', #6877, 0.02000000000000003858 ) ;
#6377 = CARTESIAN_POINT ( 'NONE',  ( -0.3870358133215511254, 0.1239300035890399387, 0.2270756231802802949 ) ) ;
#6378 = CARTESIAN_POINT ( 'NONE',  ( 0.1182102974814389779, 0.1034225540286860118, 0.1877055431802803209 ) ) ;
#6379 = EDGE_CURVE ( 'NONE', #4710, #1834, #7735, .T. ) ;
#6380 = CARTESIAN_POINT ( 'NONE',  ( -0.1519115830570651193, 0.1110392997226963135, 0.1877055431802803209 ) ) ;
#6381 = ORIENTED_EDGE ( 'NONE', *, *, #1191, .F. ) ;
#6382 = EDGE_CURVE ( 'NONE', #3436, #801, #5491, .T. ) ;
#6383 = EDGE_CURVE ( 'NONE', #4912, #5998, #6562, .T. ) ;
#6384 = ORIENTED_EDGE ( 'NONE', *, *, #1679, .F. ) ;
#6385 = CARTESIAN_POINT ( 'NONE',  ( 0.2083104414735224563, 0.05508757223430543054, 0.1877055431802803209 ) ) ;
#6386 = FACE_OUTER_BOUND ( 'NONE', #699, .T. ) ;
#6387 = CARTESIAN_POINT ( 'NONE',  ( 0.07420016972631168772, 0.1345487750351062051, 0.1877055431802803209 ) ) ;
#6388 = EDGE_CURVE ( 'NONE', #1787, #6187, #5362, .T. ) ;
#6389 = COORDINATED_UNIVERSAL_TIME_OFFSET ( 5, 0, .BEHIND. ) ;
#6390 = CARTESIAN_POINT ( 'NONE',  ( 0.3390392926748146407, 0.1056566717699403968, 0.2270756231802802949 ) ) ;
#6391 = DIRECTION ( 'NONE',  ( 0.000000000000000000, 1.000000000000000000, 0.000000000000000000 ) ) ;
#6392 = VERTEX_POINT ( 'NONE', #2978 ) ;
#6393 = CARTESIAN_POINT ( 'NONE',  ( -0.03181665873765611441, 0.07783548662964830112, 0.1877055431802803209 ) ) ;
#6394 = FACE_OUTER_BOUND ( 'NONE', #3830, .T. ) ;
#6395 = CARTESIAN_POINT ( 'NONE',  ( -0.4311273668637569112, 0.1162354866542672505, 0.1877055431802802654 ) ) ;
#6396 = ORIENTED_EDGE ( 'NONE', *, *, #3217, .T. ) ;
#6397 = CARTESIAN_POINT ( 'NONE',  ( -0.2713716361470753236, 0.1051849547086360359, 0.2270756231802803782 ) ) ;
#6398 = CARTESIAN_POINT ( 'NONE',  ( -0.2435199170562627191, 0.1959848636283641754, 0.1877055431802803209 ) ) ;
#6399 = CARTESIAN_POINT ( 'NONE',  ( -0.1249399367562533669, 0.1038708664619727440, 0.1877055431802802377 ) ) ;
#6400 = ORIENTED_EDGE ( 'NONE', *, *, #3480, .T. ) ;
#6401 = PLANE ( 'NONE',  #3088 ) ;
#6402 = ORIENTED_EDGE ( 'NONE', *, *, #7502, .F. ) ;
#6403 = DIRECTION ( 'NONE',  ( -0.9793242484501296641, 0.2022968521692534716, 0.000000000000000000 ) ) ;
#6404 = CARTESIAN_POINT ( 'NONE',  ( -0.1510071775529253368, 0.1707770959844660819, 0.1877055431802802377 ) ) ;
#6405 = CARTESIAN_POINT ( 'NONE',  ( -0.3870449017359741672, 0.1261019343576195995, 0.1877055431802802654 ) ) ;
#6406 = CARTESIAN_POINT ( 'NONE',  ( 0.1472208234720809861, 0.1575013016409105848, 0.2270756231802802394 ) ) ;
#6407 = CARTESIAN_POINT ( 'NONE',  ( 0.6584346073235440855, 0.01999999999999999001, -0.1978062665827000077 ) ) ;
#6408 = CARTESIAN_POINT ( 'NONE',  ( -0.08267858986997013437, 0.07675600905957458142, 0.2270756231802803782 ) ) ;
#6409 = EDGE_CURVE ( 'NONE', #2297, #7757, #5395, .T. ) ;
#6410 = CC_DESIGN_APPROVAL ( #5070, ( #5387 ) ) ;
#6411 = ORIENTED_EDGE ( 'NONE', *, *, #3360, .T. ) ;
#6412 = CARTESIAN_POINT ( 'NONE',  ( 0.2436426260983166336, 0.1522592120339255062, 0.1877055431802802654 ) ) ;
#6413 = CARTESIAN_POINT ( 'NONE',  ( 0.2651454720105707041, 0.1575507258785614484, 0.2270756231802802949 ) ) ;
#6414 = CARTESIAN_POINT ( 'NONE',  ( 0.06087879998804703041, 0.1288730008591923160, 0.1877055431802802654 ) ) ;
#6415 = EDGE_CURVE ( 'NONE', #684, #99, #4219, .T. ) ;
#6416 = CARTESIAN_POINT ( 'NONE',  ( -0.02264807911442003399, 0.1110642885193749568, 0.2270756231802802949 ) ) ;
#6417 = CARTESIAN_POINT ( 'NONE',  ( -0.4435462086823367955, 0.1791639872930616273, 0.1877055431802802654 ) ) ;
#6418 = CARTESIAN_POINT ( 'NONE',  ( -0.2680665955427028457, 0.1575394107282612755, 0.2270756231802802116 ) ) ;
#6419 = CARTESIAN_POINT ( 'NONE',  ( -0.04091903434921115301, 0.05155436003967591579, 0.2270756231802802949 ) ) ;
#6420 = PERSON ( 'UNSPECIFIED', 'UNSPECIFIED', 'UNSPECIFIED', ('UNSPECIFIED'), ('UNSPECIFIED'), ('UNSPECIFIED') ) ;
#6421 = ORIENTED_EDGE ( 'NONE', *, *, #6780, .F. ) ;
#6422 = ORIENTED_EDGE ( 'NONE', *, *, #6780, .T. ) ;
#6423 = CARTESIAN_POINT ( 'NONE',  ( -0.3626296265731024371, 0.1366511633406932436, 0.2270756231802803782 ) ) ;
#6424 = ADVANCED_FACE ( 'NONE', ( #2428 ), #4260, .T. ) ;
#6425 = PLANE ( 'NONE',  #1638 ) ;
#6426 = CARTESIAN_POINT ( 'NONE',  ( 0.07526291976950461038, 0.1345848466134695609, 0.1877055431802803209 ) ) ;
#6427 = DATE_AND_TIME ( #1066, #6337 ) ;
#6428 = CARTESIAN_POINT ( 'NONE',  ( 0.3290155636567175801, 0.1331568200646063571, 0.2270756231802802949 ) ) ;
#6429 = CARTESIAN_POINT ( 'NONE',  ( 0.3142642777671725840, 0.1550795952179742643, 0.2270756231802803782 ) ) ;
#6430 = B_SPLINE_SURFACE_WITH_KNOTS ( 'NONE', 3, 1, ( 
 ( #3409, #4131 ),
 ( #951, #336 ),
 ( #5799, #1110 ),
 ( #5958, #7199 ),
 ( #3977, #6397 ),
 ( #2780, #2193 ),
 ( #4611, #374 ),
 ( #4647, #5239 ),
 ( #7084, #1635 ),
 ( #1752, #6595 ),
 ( #1152, #5994 ),
 ( #3570, #4170 ),
 ( #1172, #5410 ),
 ( #5339, #1013 ),
 ( #7864, #1131 ),
 ( #2404, #6575 ),
 ( #4784, #5978 ),
 ( #523, #4747 ),
 ( #7104, #7184 ) ),
 .UNSPECIFIED., .F., .F., .F.,
 ( 4, 1, 1, 1, 1, 1, 1, 1, 1, 1, 1, 1, 1, 1, 1, 1, 4 ),
 ( 2, 2 ),
 ( 0.000000000000000000, 0.1107342804863385433, 0.2123411929916479146, 0.3055021255634832733, 0.3898348410859878155, 0.4666904579461289004, 0.5352618542933011980, 0.5967629138889616325, 0.6510657189836188685, 0.7010355511102174253, 0.7478602709077570854, 0.7918333971357295331, 0.8342840069087867905, 0.8753338897746164582, 0.9160347492783130763, 0.9576522807232378254, 1.000000000000000000 ),
 ( 0.000000000000000000, 1.000000000000000000 ),
 .UNSPECIFIED. ) ;
#6431 = CARTESIAN_POINT ( 'NONE',  ( -0.3266569753211469584, 0.08319075312369016151, 0.2270756231802802672 ) ) ;
#6432 = DIRECTION ( 'NONE',  ( -0.000000000000000000, -0.000000000000000000, 1.000000000000000000 ) ) ;
#6433 = CARTESIAN_POINT ( 'NONE',  ( -0.2947386947200055229, 0.09361685175999388819, 0.2270756231802802672 ) ) ;
#6434 = CIRCLE ( 'NONE', #5795, 0.02000000000000003858 ) ;
#6435 = ADVANCED_FACE ( 'NONE', ( #1836 ), #3853, .T. ) ;
#6436 = ORIENTED_EDGE ( 'NONE', *, *, #4771, .T. ) ;
#6437 = CARTESIAN_POINT ( 'NONE',  ( -0.01300807422368090334, 0.1379967597445732330, 0.2270756231802803504 ) ) ;
#6438 = PLANE ( 'NONE',  #5153 ) ;
#6439 = CARTESIAN_POINT ( 'NONE',  ( -0.03661293198700642931, 0.1451844831973581607, 0.1877055431802803487 ) ) ;
#6440 = CARTESIAN_POINT ( 'NONE',  ( 0.08495165008446524391, 0.1575507258785614484, 0.1877055431802803209 ) ) ;
#6441 = EDGE_CURVE ( 'NONE', #2685, #7000, #5471, .T. ) ;
#6442 = ORIENTED_EDGE ( 'NONE', *, *, #4591, .F. ) ;
#6443 = DIRECTION ( 'NONE',  ( -0.000000000000000000, -0.000000000000000000, 1.000000000000000000 ) ) ;
#6444 = VERTEX_POINT ( 'NONE', #6155 ) ;
#6445 = CARTESIAN_POINT ( 'NONE',  ( -0.3266569753211469584, 0.08319075312369016151, 0.1877055431802802654 ) ) ;
#6446 = CARTESIAN_POINT ( 'NONE',  ( 0.6782039720432005980, 0.000000000000000000, 0.08959530821986563809 ) ) ;
#6447 = CARTESIAN_POINT ( 'NONE',  ( -0.4000666477000382470, 0.1691558818591955837, 0.1877055431802802654 ) ) ;
#6448 = CARTESIAN_POINT ( 'NONE',  ( -0.3942995538211619411, 0.08500882221256597648, 0.1877055431802803209 ) ) ;
#6449 = CARTESIAN_POINT ( 'NONE',  ( -0.003901989143717674718, 0.1290875194454862707, 0.1877055431802803209 ) ) ;
#6450 = DIRECTION ( 'NONE',  ( -1.000000000000000000, 1.445077109225377721E-16, -0.000000000000000000 ) ) ;
#6451 = CARTESIAN_POINT ( 'NONE',  ( 0.3346256200865330710, 0.1285610075922887785, 0.2270756231802802672 ) ) ;
#6452 = CARTESIAN_POINT ( 'NONE',  ( -0.1027911296930446999, 0.1603226616116348868, 0.2270756231802802949 ) ) ;
#6453 = VECTOR ( 'NONE', #68, 39.37007874015748143 ) ;
#6454 = ORIENTED_EDGE ( 'NONE', *, *, #7460, .T. ) ;
#6455 = CARTESIAN_POINT ( 'NONE',  ( -0.2636425821787793944, 0.05329246524022302617, 0.2270756231802803782 ) ) ;
#6456 = CARTESIAN_POINT ( 'NONE',  ( -0.4152079421980557905, 0.1706780374008278200, 0.1877055431802803209 ) ) ;
#6457 = CARTESIAN_POINT ( 'NONE',  ( -0.2641325776890587895, 0.1648753588776872281, 0.1877055431802803487 ) ) ;
#6458 = CARTESIAN_POINT ( 'NONE',  ( -0.2969258755945229367, 0.1204333066650963013, 0.1877055431802802654 ) ) ;
#6459 = CARTESIAN_POINT ( 'NONE',  ( 0.3346256200865330710, 0.1285610075922887785, 0.1877055431802802654 ) ) ;
#6460 = CARTESIAN_POINT ( 'NONE',  ( 0.2736748670741685485, 0.1033656044874853436, 0.2270756231802803504 ) ) ;
#6461 = CARTESIAN_POINT ( 'NONE',  ( 0.08495165008446524391, 0.1575507258785614484, 0.1877055431802803209 ) ) ;
#6462 = FACE_OUTER_BOUND ( 'NONE', #3575, .T. ) ;
#6463 = EDGE_LOOP ( 'NONE', ( #5122, #18, #1794, #2580 ) ) ;
#6464 = CIRCLE ( 'NONE', #2772, 0.02000000000000002817 ) ;
#6465 = ORIENTED_EDGE ( 'NONE', *, *, #6285, .T. ) ;
#6466 = DIRECTION ( 'NONE',  ( -0.000000000000000000, 0.000000000000000000, 1.000000000000000000 ) ) ;
#6467 = EDGE_CURVE ( 'NONE', #2959, #3251, #1875, .T. ) ;
#6468 = CARTESIAN_POINT ( 'NONE',  ( 0.1431316793046816527, 0.1345557529479892434, 0.1877055431802802099 ) ) ;
#6469 = DIRECTION ( 'NONE',  ( 0.3120445760271339242, -1.622149931392516552E-15, 0.9500674621162680245 ) ) ;
#6470 = CARTESIAN_POINT ( 'NONE',  ( -0.006691412005940147560, 0.1323836881771348339, 0.1877055431802803209 ) ) ;
#6471 = CIRCLE ( 'NONE', #5069, 0.01999999999999999001 ) ;
#6472 = DIRECTION ( 'NONE',  ( 1.000000000000000000, 0.000000000000000000, 0.000000000000000000 ) ) ;
#6473 = CARTESIAN_POINT ( 'NONE',  ( -0.04881276980937691856, 0.1169988999532208113, 0.2270756231802804892 ) ) ;
#6474 = CARTESIAN_POINT ( 'NONE',  ( -0.1890691146111261045, 0.1488219709668135993, 0.1877055431802803209 ) ) ;
#6475 = CARTESIAN_POINT ( 'NONE',  ( -0.4265661476282155418, 0.08908294506367810117, 0.1877055431802803487 ) ) ;
#6476 = ORIENTED_EDGE ( 'NONE', *, *, #6680, .T. ) ;
#6477 = CARTESIAN_POINT ( 'NONE',  ( -0.3791323039204894108, 0.06280155140425276727, 0.1877055431802803209 ) ) ;
#6478 = DIRECTION ( 'NONE',  ( 0.000000000000000000, -1.000000000000000000, 0.000000000000000000 ) ) ;
#6479 = CARTESIAN_POINT ( 'NONE',  ( -0.9776875815992668306, 0.000000000000000000, -0.07269823557238536127 ) ) ;
#6480 = LINE ( 'NONE', #811, #361 ) ;
#6481 = CC_DESIGN_DATE_AND_TIME_ASSIGNMENT ( #5188, #1589, ( #5387 ) ) ;
#6482 = ORIENTED_EDGE ( 'NONE', *, *, #3598, .T. ) ;
#6483 = CARTESIAN_POINT ( 'NONE',  ( -0.3146539283962488387, 0.06738290738076412045, 0.2270756231802803504 ) ) ;
#6484 = EDGE_LOOP ( 'NONE', ( #5631, #2933, #7641, #6280, #6319, #6543, #5498, #825, #5082, #2393, #4728, #2270, #3737 ) ) ;
#6485 = EDGE_CURVE ( 'NONE', #647, #671, #2834, .T. ) ;
#6486 = B_SPLINE_CURVE_WITH_KNOTS ( 'NONE', 3,
 ( #5756, #4608, #2269, #2420, #4759, #3523, #1226, #6636, #6675, #7240, #2380, #4840, #7196, #2306, #5353, #4128, #457, #4089, #1830 ),
 .UNSPECIFIED., .F., .F.,
 ( 4, 1, 1, 1, 1, 1, 1, 1, 1, 1, 1, 1, 1, 1, 1, 1, 4 ),
 ( 0.000000000000000000, 0.06675541313745012029, 0.1317279436682002314, 0.1948100844364490658, 0.2568986387839164998, 0.3187508905638007928, 0.3803512888945382864, 0.4433244176166943329, 0.5074626919635751854, 0.5715056738698082173, 0.6333612917281039589, 0.6939415159323160109, 0.7539288461040352107, 0.8138015296774558927, 0.8745236442162156454, 0.9362219827335217515, 1.000000000000000000 ),
 .UNSPECIFIED. ) ;
#6487 = CARTESIAN_POINT ( 'NONE',  ( -0.3146542512795814650, 0.06940157933896519415, 0.1877055431802802654 ) ) ;
#6488 = DIRECTION ( 'NONE',  ( 0.3120445606786206860, -0.000000000000000000, 0.9500674671574049768 ) ) ;
#6489 = CARTESIAN_POINT ( 'NONE',  ( 0.9554703231235291971, 0.5799999999999999600, -0.2178062665826999700 ) ) ;
#6490 = CYLINDRICAL_SURFACE ( 'NONE', #2275, 0.01999999999999999001 ) ;
#6491 = LINE ( 'NONE', #5928, #1878 ) ;
#6492 = CARTESIAN_POINT ( 'NONE',  ( -0.7541167953658587386, 0.5999999999999999778, 0.06959530821986563420 ) ) ;
#6493 = CARTESIAN_POINT ( 'NONE',  ( -0.2248540962743048321, 0.05869635865683608261, 0.2270756231802802394 ) ) ;
#6494 = VERTEX_POINT ( 'NONE', #5639 ) ;
#6495 = CARTESIAN_POINT ( 'NONE',  ( -0.4559098543515551771, 0.1256884697678956608, 0.2270756231802803504 ) ) ;
#6496 = CARTESIAN_POINT ( 'NONE',  ( -0.4270611443010312036, 0.1575394107282613865, 0.1877055431802803764 ) ) ;
#6497 = CARTESIAN_POINT ( 'NONE',  ( -0.2562133934397275992, 0.1706780374008278756, 0.1877055431802804042 ) ) ;
#6498 = DIRECTION ( 'NONE',  ( 0.9500674621162683575, 0.000000000000000000, 0.3120445760271331470 ) ) ;
#6499 = DIRECTION ( 'NONE',  ( -0.000000000000000000, -0.000000000000000000, 1.000000000000000000 ) ) ;
#6500 = CARTESIAN_POINT ( 'NONE',  ( 0.2714807275994840507, 0.1231556170097662106, 0.2270756231802804059 ) ) ;
#6501 = CARTESIAN_POINT ( 'NONE',  ( 0.3521486950495297252, 0.1500672567449960748, 0.2270756231802802949 ) ) ;
#6502 = CARTESIAN_POINT ( 'NONE',  ( -0.2510128562342425207, 0.1716322787276937933, 0.1877055431802803487 ) ) ;
#6503 = B_SPLINE_SURFACE_WITH_KNOTS ( 'NONE', 3, 1, ( 
 ( #2303, #7116 ),
 ( #1185, #1026 ),
 ( #5420, #6587 ),
 ( #2266, #2376 ),
 ( #4680, #5349 ),
 ( #2854, #4717 ),
 ( #5913, #3608 ),
 ( #3564, #4045 ),
 ( #1667, #4799 ),
 ( #5873, #3004 ),
 ( #536, #1068 ),
 ( #5988, #4085 ),
 ( #7156, #6631 ),
 ( #7721, #4125 ),
 ( #1104, #2340 ),
 ( #4641, #7077 ),
 ( #7798, #5386 ),
 ( #1747, #7237 ),
 ( #2966, #1786 ) ),
 .UNSPECIFIED., .F., .F., .F.,
 ( 4, 1, 1, 1, 1, 1, 1, 1, 1, 1, 1, 1, 1, 1, 1, 1, 4 ),
 ( 2, 2 ),
 ( 0.000000000000000000, 0.06593481762567697524, 0.1300372587941653058, 0.1923620702496508517, 0.2538195214289182822, 0.3141994357375421654, 0.3746698781567774361, 0.4351541180379872031, 0.4964786684939704320, 0.5578092661396397700, 0.6190309229821124859, 0.6796911875192902519, 0.7409612864102639307, 0.8033752905051763094, 0.8668176884999612142, 0.9323179771745060407, 1.000000000000000000 ),
 ( 0.000000000000000000, 1.000000000000000000 ),
 .UNSPECIFIED. ) ;
#6504 = ORIENTED_EDGE ( 'NONE', *, *, #627, .T. ) ;
#6505 = VERTEX_POINT ( 'NONE', #706 ) ;
#6506 = DIRECTION ( 'NONE',  ( -1.000000000000000000, 0.000000000000000000, -0.000000000000000000 ) ) ;
#6507 = VECTOR ( 'NONE', #7535, 39.37007874015748143 ) ;
#6508 = CARTESIAN_POINT ( 'NONE',  ( 0.2358028920877462409, 0.1209931974105246527, 0.1877055431802803764 ) ) ;
#6509 = CARTESIAN_POINT ( 'NONE',  ( -0.4295842218444481664, 0.1918203824745194075, 0.2270756231802802949 ) ) ;
#6510 = CARTESIAN_POINT ( 'NONE',  ( -0.2401803428674472440, 0.1954130865284158525, 0.1877055431802803209 ) ) ;
#6511 = CARTESIAN_POINT ( 'NONE',  ( -0.04679745052976254371, 0.1182669062334356785, 0.1877055431802803209 ) ) ;
#6512 = VECTOR ( 'NONE', #1237, 39.37007874015748143 ) ;
#6513 = DIRECTION ( 'NONE',  ( 0.000000000000000000, -1.000000000000000000, 0.000000000000000000 ) ) ;
#6514 = CARTESIAN_POINT ( 'NONE',  ( 0.1145975086550285599, 0.1396086327027084573, 0.2270756231802803504 ) ) ;
#6515 = EDGE_LOOP ( 'NONE', ( #6286, #7197, #2036 ) ) ;
#6516 = CARTESIAN_POINT ( 'NONE',  ( -0.2391589831170769231, 0.1676639657016522345, 0.2270756231802804892 ) ) ;
#6517 = CARTESIAN_POINT ( 'NONE',  ( 0.3024351880697742079, 0.1238680015157979375, 0.1877055431802803487 ) ) ;
#6518 = CARTESIAN_POINT ( 'NONE',  ( -0.2313675043450748314, 0.1550520783006191783, 0.1877055431802803209 ) ) ;
#6519 = CARTESIAN_POINT ( 'NONE',  ( -0.04514232705060423900, 0.1438595286243720406, 0.1877055431802803209 ) ) ;
#6520 = AXIS2_PLACEMENT_3D ( 'NONE', #3002, #2415, #690 ) ;
#6521 = ORIENTED_EDGE ( 'NONE', *, *, #292, .F. ) ;
#6522 = LINE ( 'NONE', #1078, #6136 ) ;
#6523 = ORIENTED_EDGE ( 'NONE', *, *, #5463, .F. ) ;
#6524 = LINE ( 'NONE', #584, #6512 ) ;
#6525 = CARTESIAN_POINT ( 'NONE',  ( -0.03624437272289682266, 0.05168496632243541056, 0.2270756231802802672 ) ) ;
#6526 = DIRECTION ( 'NONE',  ( -0.3090169943757437032, -0.000000000000000000, 0.9510565162948948492 ) ) ;
#6527 = EDGE_CURVE ( 'NONE', #3277, #3240, #7443, .T. ) ;
#6528 = CARTESIAN_POINT ( 'NONE',  ( 0.05284910490982360626, 0.1557841197812466771, 0.1877055431802803209 ) ) ;
#6529 = CARTESIAN_POINT ( 'NONE',  ( 0.004481950065355245691, 0.1090122533191039828, 0.2270756231802803782 ) ) ;
#6530 = DIRECTION ( 'NONE',  ( -1.000000000000000000, 0.000000000000000000, 0.000000000000000000 ) ) ;
#6531 = CARTESIAN_POINT ( 'NONE',  ( -0.2140700784584413652, 0.07088963399828969447, 0.2270756231802803504 ) ) ;
#6532 = VERTEX_POINT ( 'NONE', #622 ) ;
#6533 = CARTESIAN_POINT ( 'NONE',  ( -0.04242573316557761431, 0.07639752971394304926, 0.1877055431802802654 ) ) ;
#6534 = EDGE_CURVE ( 'NONE', #5174, #1583, #1988, .T. ) ;
#6535 = CARTESIAN_POINT ( 'NONE',  ( 0.1835685243185114779, 0.1151063910882870051, 0.1877055431802802654 ) ) ;
#6536 = CARTESIAN_POINT ( 'NONE',  ( -0.2559324281055025407, 0.1962364953311521998, 0.2270756231802802672 ) ) ;
#6537 = CARTESIAN_POINT ( 'NONE',  ( -0.01962720502259097596, 0.1009516909195801865, 0.2270756231802802394 ) ) ;
#6538 = CARTESIAN_POINT ( 'NONE',  ( -0.4051737904155034986, 0.05161594897970092632, 0.1877055431802803764 ) ) ;
#6539 = CARTESIAN_POINT ( 'NONE',  ( 0.2674310560410740334, 0.1300300362658862730, 0.1877055431802802654 ) ) ;
#6540 = CARTESIAN_POINT ( 'NONE',  ( 0.3637717780372212717, 0.1136616056483979037, 0.2270756231802802949 ) ) ;
#6541 = FACE_OUTER_BOUND ( 'NONE', #4060, .T. ) ;
#6542 = VERTEX_POINT ( 'NONE', #3092 ) ;
#6543 = ORIENTED_EDGE ( 'NONE', *, *, #4729, .T. ) ;
#6544 = EDGE_CURVE ( 'NONE', #2665, #6494, #5510, .T. ) ;
#6545 = PLANE ( 'NONE',  #2431 ) ;
#6546 = CARTESIAN_POINT ( 'NONE',  ( 0.05284802374193178776, 0.1005779424458190102, 0.1877055431802803209 ) ) ;
#6547 = CARTESIAN_POINT ( 'NONE',  ( 0.004481950065355245691, 0.1090122533191039828, 0.1877055431802803487 ) ) ;
#6548 = COORDINATED_UNIVERSAL_TIME_OFFSET ( 5, 0, .BEHIND. ) ;
#6549 = CARTESIAN_POINT ( 'NONE',  ( -0.2469868076634662291, 0.1963633432147293967, 0.1877055431802802377 ) ) ;
#6550 = CARTESIAN_POINT ( 'NONE',  ( -0.05283271886415522728, 0.1136971671809041823, 0.1877055431802802654 ) ) ;
#6551 = CARTESIAN_POINT ( 'NONE',  ( -0.3967949255551194154, 0.08161063583256165932, 0.2270756231802802949 ) ) ;
#6552 = PLANE ( 'NONE',  #5157 ) ;
#6553 = ORIENTED_EDGE ( 'NONE', *, *, #6626, .T. ) ;
#6554 = CARTESIAN_POINT ( 'NONE',  ( -0.9967088083045573255, 0.01999999999999999001, -0.06651786402957458877 ) ) ;
#6555 = CARTESIAN_POINT ( 'NONE',  ( -0.3445886526833372154, 0.06940194745278642496, 0.1877055431802803209 ) ) ;
#6556 = CARTESIAN_POINT ( 'NONE',  ( -0.2356446563304160080, 0.1637728252068556267, 0.1877055431802802654 ) ) ;
#6557 = CARTESIAN_POINT ( 'NONE',  ( -0.04474808200312601486, 0.1192358229715188844, 0.1877055431802803764 ) ) ;
#6558 = AXIS2_PLACEMENT_3D ( 'NONE', #3584, #5368, #1164 ) ;
#6559 = ORIENTED_EDGE ( 'NONE', *, *, #2199, .F. ) ;
#6560 = VECTOR ( 'NONE', #444, 39.37007874015748143 ) ;
#6561 = ORIENTED_EDGE ( 'NONE', *, *, #7619, .T. ) ;
#6562 = LINE ( 'NONE', #3533, #3588 ) ;
#6563 = CARTESIAN_POINT ( 'NONE',  ( 0.003349613246886850356, 0.08523475899910881726, 0.2270756231802803504 ) ) ;
#6564 = CARTESIAN_POINT ( 'NONE',  ( 0.6837217283835673731, 0.5999999999999999778, 0.07279565469083784657 ) ) ;
#6565 = B_SPLINE_SURFACE_WITH_KNOTS ( 'NONE', 3, 1, ( 
 ( #3007, #2537 ),
 ( #6871, #4404 ),
 ( #4996, #129 ),
 ( #4957, #53 ),
 ( #1908, #6107 ),
 ( #7480, #3166 ),
 ( #1308, #3803 ),
 ( #3689, #3087 ),
 ( #7439, #744 ),
 ( #6832, #2612 ),
 ( #1393, #6716 ),
 ( #6796, #701 ),
 ( #7403, #1270 ),
 ( #5545, #1947 ),
 ( #90, #786 ),
 ( #657, #4365 ),
 ( #1434, #6228 ),
 ( #4289, #1351 ),
 ( #5589, #3207 ) ),
 .UNSPECIFIED., .F., .F., .F.,
 ( 4, 1, 1, 1, 1, 1, 1, 1, 1, 1, 1, 1, 1, 1, 1, 1, 4 ),
 ( 2, 2 ),
 ( 0.000000000000000000, 0.06117934308804601207, 0.1203713884446012405, 0.1784417313622624346, 0.2359341281810944102, 0.2942679362243738050, 0.3526542946283819924, 0.4131221280938570106, 0.4755857683820425841, 0.5389001041802266023, 0.6018690472303240835, 0.6643326875185097125, 0.7276470233166936197, 0.7924087308653701145, 0.8591195288732142998, 0.9281350966840261618, 1.000000000000000000 ),
 ( 0.000000000000000000, 1.000000000000000000 ),
 .UNSPECIFIED. ) ;
#6566 = CARTESIAN_POINT ( 'NONE',  ( 0.003542319501758874403, 0.1134727218448998987, 0.2270756231802802949 ) ) ;
#6567 = PLANE ( 'NONE',  #2282 ) ;
#6568 = CARTESIAN_POINT ( 'NONE',  ( -0.7741167953658587564, 0.5799999999999999600, 0.2070756231802803049 ) ) ;
#6569 = CARTESIAN_POINT ( 'NONE',  ( 0.07583327305557185927, 0.1567790315492730568, 0.1877055431802803209 ) ) ;
#6570 = DIRECTION ( 'NONE',  ( 0.000000000000000000, 1.000000000000000000, 0.000000000000000000 ) ) ;
#6571 = CARTESIAN_POINT ( 'NONE',  ( 0.1808861155185997605, 0.1374209254441111083, 0.1877055431802803209 ) ) ;
#6572 = FACE_OUTER_BOUND ( 'NONE', #4069, .T. ) ;
#6573 = CARTESIAN_POINT ( 'NONE',  ( -0.3843582735151348517, 0.1890230343564093252, 0.1877055431802803209 ) ) ;
#6574 = CARTESIAN_POINT ( 'NONE',  ( -0.3623033279591444944, 0.1239300035890399387, 0.1877055431802803209 ) ) ;
#6575 = CARTESIAN_POINT ( 'NONE',  ( -0.2546491179859494691, 0.07686560122631563852, 0.2270756231802803504 ) ) ;
#6576 = CARTESIAN_POINT ( 'NONE',  ( 0.3291297365976896261, 0.1575507258785614484, 0.2270756231802802949 ) ) ;
#6577 = CARTESIAN_POINT ( 'NONE',  ( -0.08671277677804216377, 0.08865308808328585533, 0.1877055431802803209 ) ) ;
#6578 = VERTEX_POINT ( 'NONE', #7329 ) ;
#6579 = ORIENTED_EDGE ( 'NONE', *, *, #2395, .F. ) ;
#6580 = CARTESIAN_POINT ( 'NONE',  ( 0.3097164450731819674, 0.1530595368310478932, 0.2270756231802802394 ) ) ;
#6581 = CARTESIAN_POINT ( 'NONE',  ( -0.3623033279591444944, 0.1239300035890399387, 0.2270756231802802949 ) ) ;
#6582 = EDGE_CURVE ( 'NONE', #5537, #784, #3770, .T. ) ;
#6583 = CARTESIAN_POINT ( 'NONE',  ( 0.3097164450731819674, 0.1530595368310478932, 0.1877055431802802377 ) ) ;
#6584 = CARTESIAN_POINT ( 'NONE',  ( 0.003542319501758874403, 0.1134727218448998987, 0.1877055431802802654 ) ) ;
#6585 = VECTOR ( 'NONE', #3966, 39.37007874015748143 ) ;
#6586 = CARTESIAN_POINT ( 'NONE',  ( -0.2435199170562627191, 0.1959848636283641754, 0.2270756231802802949 ) ) ;
#6587 = CARTESIAN_POINT ( 'NONE',  ( -0.04510623169765844848, 0.05166137756356337096, 0.2270756231802803504 ) ) ;
#6588 = B_SPLINE_CURVE_WITH_KNOTS ( 'NONE', 3,
 ( #7243, #3492, #1230, #4726, #1112, #7886, #3528, #6719, #2465, #5960, #1871 ),
 .UNSPECIFIED., .F., .F.,
 ( 4, 1, 1, 1, 1, 1, 1, 1, 4 ),
 ( 0.000000000000000000, 0.1610711239484212687, 0.3107888083803543311, 0.4499038238309443494, 0.5783763165061847067, 0.6966172119048389400, 0.8059873227104095150, 0.9065617032890808114, 1.000000000000000000 ),
 .UNSPECIFIED. ) ;
#6589 = B_SPLINE_CURVE_WITH_KNOTS ( 'NONE', 3,
 ( #5194, #6321, #1554, #2734, #2696, #6921, #1478, #2775, #7562, #4529, #3294 ),
 .UNSPECIFIED., .F., .F.,
 ( 4, 1, 1, 1, 1, 1, 1, 1, 4 ),
 ( 0.000000000000000000, 0.1381137870618392993, 0.2684083835837744458, 0.3941909055405326545, 0.5170923452347711002, 0.6374931640526645404, 0.7570041724766219948, 0.8772941249553334320, 1.000000000000000000 ),
 .UNSPECIFIED. ) ;
#6590 = VECTOR ( 'NONE', #436, 39.37007874015748143 ) ;
#6591 = CARTESIAN_POINT ( 'NONE',  ( -0.4089251669960918267, 0.07628684540208252596, 0.2270756231802802949 ) ) ;
#6592 = CARTESIAN_POINT ( 'NONE',  ( 0.1489359146715841520, 0.1575507258785614484, 0.1877055431802802654 ) ) ;
#6593 = ORIENTED_EDGE ( 'NONE', *, *, #1492, .F. ) ;
#6594 = CARTESIAN_POINT ( 'NONE',  ( -0.1639738843970750259, 0.1523270544271657645, 0.1877055431802803487 ) ) ;
#6595 = CARTESIAN_POINT ( 'NONE',  ( -0.2661148331240897891, 0.08629280190399006567, 0.2270756231802804059 ) ) ;
#6596 = CARTESIAN_POINT ( 'NONE',  ( 0.1681009609711301422, 0.1526861201370246779, 0.2270756231802802672 ) ) ;
#6597 = CARTESIAN_POINT ( 'NONE',  ( 0.9063137413222659422, 0.5799999999999999600, -0.06651786402957461652 ) ) ;
#6598 = VECTOR ( 'NONE', #6790, 39.37007874015748143 ) ;
#6599 = ORIENTED_EDGE ( 'NONE', *, *, #3539, .T. ) ;
#6600 = VECTOR ( 'NONE', #5340, 39.37007874015748143 ) ;
#6601 = ORIENTED_EDGE ( 'NONE', *, *, #2689, .T. ) ;
#6602 = CARTESIAN_POINT ( 'NONE',  ( -0.03470930143143786256, 0.1200882268406615466, 0.1877055431802803487 ) ) ;
#6603 = CARTESIAN_POINT ( 'NONE',  ( -0.008213576461935602827, 0.06536509714943251892, 0.2270756231802803504 ) ) ;
#6604 = CARTESIAN_POINT ( 'NONE',  ( -0.2033087792008162475, 0.1239300035890399387, 0.1877055431802803209 ) ) ;
#6605 = CARTESIAN_POINT ( 'NONE',  ( 0.003542319501758874403, 0.1134727218448998987, 0.1877055431802802654 ) ) ;
#6606 = CARTESIAN_POINT ( 'NONE',  ( -0.1080496390724431793, 0.1756506930000498179, 0.1877055431802803487 ) ) ;
#6607 = ORIENTED_EDGE ( 'NONE', *, *, #2648, .F. ) ;
#6608 = CARTESIAN_POINT ( 'NONE',  ( -0.7541167953658587386, 0.5799999999999999600, 0.2070756231802803049 ) ) ;
#6609 = ORIENTED_EDGE ( 'NONE', *, *, #6829, .T. ) ;
#6610 = CARTESIAN_POINT ( 'NONE',  ( 0.1470467594951865020, 0.1337600740702422908, 0.1877055431802803209 ) ) ;
#6611 = CARTESIAN_POINT ( 'NONE',  ( 0.8098845308779292207, 0.01999999999999999001, 0.2070756231802803049 ) ) ;
#6612 = CARTESIAN_POINT ( 'NONE',  ( -0.3306197741949742919, 0.08329895247165206018, 0.2270756231802802949 ) ) ;
#6613 = CARTESIAN_POINT ( 'NONE',  ( 0.1410137904539383036, 0.1345848466134695609, 0.2270756231802802949 ) ) ;
#6614 = LINE ( 'NONE', #4781, #1160 ) ;
#6615 = CARTESIAN_POINT ( 'NONE',  ( -0.2410720989417100280, 0.1691558818591955837, 0.2270756231802802394 ) ) ;
#6616 = CARTESIAN_POINT ( 'NONE',  ( 0.2729097726231135557, 0.1171212717988584229, 0.2270756231802802672 ) ) ;
#6617 = PLANE ( 'NONE',  #7245 ) ;
#6618 = CARTESIAN_POINT ( 'NONE',  ( -0.2499306182377636076, 0.1716835746570795351, 0.2270756231802804059 ) ) ;
#6619 = ORIENTED_EDGE ( 'NONE', *, *, #2640, .F. ) ;
#6620 = AXIS2_PLACEMENT_3D ( 'NONE', #2840, #5259, #6498 ) ;
#6621 = ADVANCED_FACE ( 'NONE', ( #2504 ), #3133, .T. ) ;
#6622 = VERTEX_POINT ( 'NONE', #2467 ) ;
#6623 = FACE_OUTER_BOUND ( 'NONE', #865, .T. ) ;
#6624 = CARTESIAN_POINT ( 'NONE',  ( -0.7541167953658587386, 0.01999999999999999001, 0.06959530821986563420 ) ) ;
#6625 = CARTESIAN_POINT ( 'NONE',  ( 0.3024351880697742079, 0.1238680015157979375, 0.1877055431802803487 ) ) ;
#6626 = EDGE_CURVE ( 'NONE', #5845, #2197, #6799, .T. ) ;
#6627 = CARTESIAN_POINT ( 'NONE',  ( -0.4113574698810303354, 0.1963553113052852461, 0.2270756231802802672 ) ) ;
#6628 = EDGE_CURVE ( 'NONE', #4295, #7767, #4369, .T. ) ;
#6629 = CARTESIAN_POINT ( 'NONE',  ( -0.2401803428674472440, 0.1954130865284158525, 0.2270756231802802949 ) ) ;
#6630 = EDGE_CURVE ( 'NONE', #6879, #6096, #1400, .T. ) ;
#6631 = CARTESIAN_POINT ( 'NONE',  ( -0.07865639792755345361, 0.06991097007626477511, 0.2270756231802803782 ) ) ;
#6632 = VECTOR ( 'NONE', #2452, 39.37007874015748143 ) ;
#6633 = ORIENTED_EDGE ( 'NONE', *, *, #5616, .F. ) ;
#6634 = CARTESIAN_POINT ( 'NONE',  ( 0.6584346073235440855, 0.5799999999999999600, -0.2178062665826999977 ) ) ;
#6635 = EDGE_CURVE ( 'NONE', #5933, #5837, #1313, .T. ) ;
#6636 = CARTESIAN_POINT ( 'NONE',  ( -0.002337405033162591027, 0.07268270597061290972, 0.1877055431802803764 ) ) ;
#6637 = CARTESIAN_POINT ( 'NONE',  ( -0.2303307283609905831, 0.1511439014104072331, 0.2270756231802803782 ) ) ;
#6638 = CARTESIAN_POINT ( 'NONE',  ( -0.01959717340790121526, 0.09942815129111690076, 0.1877055431802803209 ) ) ;
#6639 = CARTESIAN_POINT ( 'NONE',  ( 0.7290471563225167095, 0.5999999999999999778, -0.06520454656100567459 ) ) ;
#6640 = AXIS2_PLACEMENT_3D ( 'NONE', #3657, #4449, #2544 ) ;
#6641 = ORIENTED_EDGE ( 'NONE', *, *, #590, .F. ) ;
#6642 = VERTEX_POINT ( 'NONE', #5552 ) ;
#6643 = CARTESIAN_POINT ( 'NONE',  ( -0.4097278810538023119, 0.07632033556876727243, 0.2270756231802802672 ) ) ;
#6644 = CARTESIAN_POINT ( 'NONE',  ( -0.03624437272289682266, 0.05168496632243541056, 0.1877055431802802654 ) ) ;
#6645 = CARTESIAN_POINT ( 'NONE',  ( -0.4065758076228589979, 0.1715876375599909853, 0.2270756231802804059 ) ) ;
#6646 = CARTESIAN_POINT ( 'NONE',  ( -0.2718794638086199367, 0.1104501117364099783, 0.1877055431802802377 ) ) ;
#6647 = CARTESIAN_POINT ( 'NONE',  ( -0.7763573127152830766, 0.5799999999999999600, -0.1978062665827001188 ) ) ;
#6648 = CIRCLE ( 'NONE', #5242, 0.01999999999999999001 ) ;
#6649 = VERTEX_POINT ( 'NONE', #7485 ) ;
#6650 = CARTESIAN_POINT ( 'NONE',  ( -0.3238167797823842120, 0.08238643483567407999, 0.1877055431802803487 ) ) ;
#6651 = EDGE_LOOP ( 'NONE', ( #4509, #7685, #7431 ) ) ;
#6652 = CARTESIAN_POINT ( 'NONE',  ( -0.04048917570443432562, 0.07632398390935549171, 0.1877055431802802377 ) ) ;
#6653 = CARTESIAN_POINT ( 'NONE',  ( 0.1797388863435951389, 0.1402787686463412287, 0.1877055431802803209 ) ) ;
#6654 = CARTESIAN_POINT ( 'NONE',  ( -0.3444936690555228109, 0.07137456980022420516, 0.2270756231802802949 ) ) ;
#6655 = DIRECTION ( 'NONE',  ( 1.000000000000000000, 0.000000000000000000, 0.000000000000000000 ) ) ;
#6656 = CARTESIAN_POINT ( 'NONE',  ( -0.3959495690250308675, 0.1946156568559112565, 0.2270756231802804059 ) ) ;
#6657 = CARTESIAN_POINT ( 'NONE',  ( -1.045865390105820358, 0.01999999999999999001, -0.2178062665827011912 ) ) ;
#6658 = CARTESIAN_POINT ( 'NONE',  ( 0.1431316793046816527, 0.1345557529479892434, 0.2270756231802802116 ) ) ;
#6659 = LINE ( 'NONE', #2782, #4821 ) ;
#6660 = B_SPLINE_CURVE_WITH_KNOTS ( 'NONE', 3,
 ( #5574, #7212, #2946, #2284, #1045, #4699, #1762, #1726, #4066, #1085, #2870 ),
 .UNSPECIFIED., .F., .F.,
 ( 4, 1, 1, 1, 1, 1, 1, 1, 4 ),
 ( 0.000000000000000000, 0.1266784397236901116, 0.2497354186915829721, 0.3720307030292098749, 0.4997387169341107604, 0.6274467308390131448, 0.7502207113971045560, 0.8721585370692582773, 1.000000000000000000 ),
 .UNSPECIFIED. ) ;
#6661 = CARTESIAN_POINT ( 'NONE',  ( -0.2652462866733727442, 0.1633393263715990917, 0.1877055431802802654 ) ) ;
#6662 = ORIENTED_EDGE ( 'NONE', *, *, #6628, .F. ) ;
#6663 = EDGE_CURVE ( 'NONE', #839, #7880, #4572, .T. ) ;
#6664 = ORIENTED_EDGE ( 'NONE', *, *, #565, .T. ) ;
#6665 = LINE ( 'NONE', #2451, #4838 ) ;
#6666 = CARTESIAN_POINT ( 'NONE',  ( -0.3870663714623316931, 0.1907596177290536432, 0.2270756231802802949 ) ) ;
#6667 = CARTESIAN_POINT ( 'NONE',  ( 0.3054252769083534713, 0.1505148894691868133, 0.1877055431802803209 ) ) ;
#6668 = CARTESIAN_POINT ( 'NONE',  ( 0.3637717780372212717, 0.05508757223430543054, 0.1877055431802803209 ) ) ;
#6669 = CARTESIAN_POINT ( 'NONE',  ( 0.2697735829708778343, 0.1574051511789754387, 0.2270756231802802949 ) ) ;
#6670 = CARTESIAN_POINT ( 'NONE',  ( -0.2040582773981474696, 0.1425268345822788552, 0.1877055431802803764 ) ) ;
#6671 = CARTESIAN_POINT ( 'NONE',  ( -0.2055168497023298624, 0.1531454916444926484, 0.2270756231802802949 ) ) ;
#6672 = ADVANCED_FACE ( 'NONE', ( #5193 ), #5792, .T. ) ;
#6673 = ORIENTED_EDGE ( 'NONE', *, *, #2244, .F. ) ;
#6674 = CARTESIAN_POINT ( 'NONE',  ( -0.7488296743058353577, 0.01999999999999999001, -0.1978062665827000077 ) ) ;
#6675 = CARTESIAN_POINT ( 'NONE',  ( -0.005074849400937514292, 0.06890030431375913922, 0.1877055431802802654 ) ) ;
#6676 = CARTESIAN_POINT ( 'NONE',  ( 0.005112526620958028969, 0.1011312464064599709, 0.2270756231802802949 ) ) ;
#6677 = CARTESIAN_POINT ( 'NONE',  ( 0.08957976104477237411, 0.1574051511789754387, 0.2270756231802802949 ) ) ;
#6678 = CARTESIAN_POINT ( 'NONE',  ( 7.959136659079044339E-16, 0.5999999999999999778, -0.1978062665826970101 ) ) ;
#6679 = EDGE_LOOP ( 'NONE', ( #5438, #3091, #487, #836 ) ) ;
#6680 = EDGE_CURVE ( 'NONE', #7287, #7515, #4195, .T. ) ;
#6681 = CARTESIAN_POINT ( 'NONE',  ( -0.1927091426169278421, 0.06761943423713200063, 0.1877055431802803209 ) ) ;
#6682 = CARTESIAN_POINT ( 'NONE',  ( 0.005150740282325298562, 0.09950115364960929187, 0.1877055431802803209 ) ) ;
#6683 = DIRECTION ( 'NONE',  ( 0.3120445760271389757, 0.000000000000000000, -0.9500674621162662481 ) ) ;
#6684 = CARTESIAN_POINT ( 'NONE',  ( 0.3521486950495297252, 0.1500672567449960748, 0.1877055431802803209 ) ) ;
#6685 = CARTESIAN_POINT ( 'NONE',  ( -0.2609201040557452833, 0.08015459038088899868, 0.2270756231802802949 ) ) ;
#6686 = VERTEX_POINT ( 'NONE', #1517 ) ;
#6687 = LINE ( 'NONE', #3058, #7587 ) ;
#6688 = B_SPLINE_CURVE_WITH_KNOTS ( 'NONE', 3,
 ( #2901, #1754, #16, #3615, #5323, #2423, #1717, #4172, #1833, #2972, #5392 ),
 .UNSPECIFIED., .F., .F.,
 ( 4, 1, 1, 1, 1, 1, 1, 1, 4 ),
 ( 0.000000000000000000, 0.1301487483170940818, 0.2554454699082550628, 0.3791765200660621726, 0.5019048217042502147, 0.6253442449896166044, 0.7482783196877671461, 0.8725642119243287587, 1.000000000000000000 ),
 .UNSPECIFIED. ) ;
#6689 = ORIENTED_EDGE ( 'NONE', *, *, #492, .T. ) ;
#6690 = CARTESIAN_POINT ( 'NONE',  ( 0.1588248856393025266, 0.1070093011813757211, 0.1877055431802802654 ) ) ;
#6691 = CARTESIAN_POINT ( 'NONE',  ( 0.05284910490982360626, 0.1437491157432898847, 0.2270756231802802949 ) ) ;
#6692 = DIRECTION ( 'NONE',  ( 0.000000000000000000, 0.000000000000000000, -1.000000000000000000 ) ) ;
#6693 = CARTESIAN_POINT ( 'NONE',  ( 0.1586173968046643290, 0.1133293759661705147, 0.2270756231802803504 ) ) ;
#6694 = CARTESIAN_POINT ( 'NONE',  ( -0.3770693783691583256, 0.1823503844418958575, 0.2270756231802803782 ) ) ;
#6695 = CARTESIAN_POINT ( 'NONE',  ( -0.4124647804781725324, 0.05161729494470003454, 0.1877055431802803487 ) ) ;
#6696 = AXIS2_PLACEMENT_3D ( 'NONE', #1401, #136, #3696 ) ;
#6697 = AXIS2_PLACEMENT_3D ( 'NONE', #6906, #2176, #7023 ) ;
#6698 = CARTESIAN_POINT ( 'NONE',  ( 0.2632724740257900153, 0.1329969936317887957, 0.2270756231802802116 ) ) ;
#6699 = CARTESIAN_POINT ( 'NONE',  ( 0.1586173968046643290, 0.1133293759661705147, 0.2270756231802803504 ) ) ;
#6700 = CARTESIAN_POINT ( 'NONE',  ( -0.4470228217026655515, 0.07382863289451571664, 0.2270756231802802394 ) ) ;
#6701 = B_SPLINE_CURVE_WITH_KNOTS ( 'NONE', 3,
 ( #2044, #4467, #6896, #7778, #1044, #3463, #3581, #2830, #3421, #5250, #4772 ),
 .UNSPECIFIED., .F., .F.,
 ( 4, 1, 1, 1, 1, 1, 1, 1, 4 ),
 ( 0.000000000000000000, 0.1327548717475871276, 0.2572338481110643116, 0.3786007316763537744, 0.5014062774984530124, 0.6239419536469539285, 0.7436418348746464124, 0.8681208112381235686, 1.000000000000000000 ),
 .UNSPECIFIED. ) ;
#6702 = CARTESIAN_POINT ( 'NONE',  ( -0.2695418206389400551, 0.1526920952687719213, 0.1877055431802802377 ) ) ;
#6703 = EDGE_CURVE ( 'NONE', #6043, #7029, #3713, .T. ) ;
#6704 = EDGE_LOOP ( 'NONE', ( #6904, #6237, #4363, #410 ) ) ;
#6705 = FACE_BOUND ( 'NONE', #1375, .T. ) ;
#6706 = CARTESIAN_POINT ( 'NONE',  ( -0.3991748916257754631, 0.1954130865284157692, 0.2270756231802802672 ) ) ;
#6707 = CARTESIAN_POINT ( 'NONE',  ( -0.3932689175898471112, 0.08677403637468354691, 0.1877055431802803487 ) ) ;
#6708 = DIRECTION ( 'NONE',  ( 0.000000000000000000, 0.000000000000000000, -1.000000000000000000 ) ) ;
#6709 = CARTESIAN_POINT ( 'NONE',  ( 0.3272405814212919761, 0.1337600740702423463, 0.2270756231802803782 ) ) ;
#6710 = CARTESIAN_POINT ( 'NONE',  ( -0.2748722031695673973, 0.1891761643304311624, 0.1877055431802803764 ) ) ;
#6711 = CARTESIAN_POINT ( 'NONE',  ( -0.2180748296108302176, 0.1823503844418958297, 0.2270756231802804059 ) ) ;
#6712 = ADVANCED_FACE ( 'NONE', ( #369 ), #845, .T. ) ;
#6713 = ORIENTED_EDGE ( 'NONE', *, *, #6869, .T. ) ;
#6714 = AXIS2_PLACEMENT_3D ( 'NONE', #3461, #6367, #925 ) ;
#6715 = CARTESIAN_POINT ( 'NONE',  ( -0.7731181446081841768, 0.000000000000000000, 0.07583619974040817224 ) ) ;
#6716 = CARTESIAN_POINT ( 'NONE',  ( -0.02402808256187561123, 0.08415804434633480935, 0.2270756231802802949 ) ) ;
#6717 = CARTESIAN_POINT ( 'NONE',  ( -0.2410720989417100280, 0.1691558818591955837, 0.2270756231802803504 ) ) ;
#6718 = CARTESIAN_POINT ( 'NONE',  ( -0.01958174508008132114, 0.09864545382122244521, 0.1877055431802803209 ) ) ;
#6719 = CARTESIAN_POINT ( 'NONE',  ( -0.2906944989948131441, 0.1676881295743992972, 0.1877055431802803487 ) ) ;
#6720 = AXIS2_PLACEMENT_3D ( 'NONE', #7608, #3939, #918 ) ;
#6721 = EDGE_LOOP ( 'NONE', ( #2343, #5145, #902, #6504 ) ) ;
#6722 = DIRECTION ( 'NONE',  ( 0.9500674621162680245, 0.000000000000000000, -0.3120445760271338687 ) ) ;
#6723 = CARTESIAN_POINT ( 'NONE',  ( 0.05284910490982360626, 0.1557841197812466771, 0.1877055431802803209 ) ) ;
#6724 = CARTESIAN_POINT ( 'NONE',  ( 0.2651454720105707041, 0.1575507258785614484, 0.2270756231802802949 ) ) ;
#6725 = CARTESIAN_POINT ( 'NONE',  ( -0.4089251669960918822, 0.1716835746570795351, 0.1877055431802803487 ) ) ;
#6726 = DIRECTION ( 'NONE',  ( -0.9510565162948955154, 0.000000000000000000, -0.3090169943757414828 ) ) ;
#6727 = VECTOR ( 'NONE', #4952, 39.37007874015748143 ) ;
#6728 = EDGE_CURVE ( 'NONE', #7734, #728, #7840, .T. ) ;
#6729 = EDGE_CURVE ( 'NONE', #5646, #770, #1766, .T. ) ;
#6730 = VERTEX_POINT ( 'NONE', #3445 ) ;
#6731 = LINE ( 'NONE', #1282, #61 ) ;
#6732 = SPHERICAL_SURFACE ( 'NONE', #2890, 0.02000000000000000042 ) ;
#6733 = CARTESIAN_POINT ( 'NONE',  ( -0.04795967283110105783, 0.07800394508303395980, 0.1877055431802803487 ) ) ;
#6734 = CARTESIAN_POINT ( 'NONE',  ( -0.4136436667442776605, 0.07686560122631561076, 0.1877055431802803209 ) ) ;
#6735 = CARTESIAN_POINT ( 'NONE',  ( 0.2674310560410740334, 0.1300300362658862730, 0.1877055431802803209 ) ) ;
#6736 = CARTESIAN_POINT ( 'NONE',  ( -0.04078312759435188950, 0.1448707201617174811, 0.1877055431802804042 ) ) ;
#6737 = LINE ( 'NONE', #1849, #4210 ) ;
#6738 = DIRECTION ( 'NONE',  ( 0.000000000000000000, 0.000000000000000000, 1.000000000000000000 ) ) ;
#6739 = EDGE_CURVE ( 'NONE', #4710, #684, #7158, .T. ) ;
#6740 = CARTESIAN_POINT ( 'NONE',  ( -0.05935798548993393570, 0.1928828478248565959, 0.1877055431802803209 ) ) ;
#6741 = CARTESIAN_POINT ( 'NONE',  ( 0.1544317981604275691, 0.1285610075922887507, 0.2270756231802803504 ) ) ;
#6742 = CARTESIAN_POINT ( 'NONE',  ( -0.4341361632089842937, 0.05872463622662365407, 0.1877055431802803487 ) ) ;
#6743 = CARTESIAN_POINT ( 'NONE',  ( 0.1182135305104696776, 0.05508757223430543054, 0.1877055431802803209 ) ) ;
#6744 = ORIENTED_EDGE ( 'NONE', *, *, #4204, .T. ) ;
#6745 = CARTESIAN_POINT ( 'NONE',  ( 0.3633204634918499321, 0.1256504890311046230, 0.1877055431802802377 ) ) ;
#6746 = CARTESIAN_POINT ( 'NONE',  ( -0.3959495690250308675, 0.1946156568559112565, 0.2270756231802803504 ) ) ;
#6747 = CARTESIAN_POINT ( 'NONE',  ( -0.3870358133215511254, 0.1239300035890399387, 0.1877055431802803209 ) ) ;
#6748 = ORIENTED_EDGE ( 'NONE', *, *, #6276, .T. ) ;
#6749 = DIRECTION ( 'NONE',  ( 0.000000000000000000, -1.000000000000000000, 0.000000000000000000 ) ) ;
#6750 = CARTESIAN_POINT ( 'NONE',  ( 0.1201895375455847986, 0.1190068638102623894, 0.1877055431802803209 ) ) ;
#6751 = SPHERICAL_SURFACE ( 'NONE', #2029, 0.02000000000000000042 ) ;
#6752 = CARTESIAN_POINT ( 'NONE',  ( -0.1285056947219405665, 0.1606268664293881987, 0.1877055431802803764 ) ) ;
#6753 = VERTEX_POINT ( 'NONE', #4839 ) ;
#6754 = CARTESIAN_POINT ( 'NONE',  ( 0.1287995707102314868, 0.1309813300517348456, 0.1877055431802802099 ) ) ;
#6755 = CARTESIAN_POINT ( 'NONE',  ( -0.3886300507062138698, 0.1011273984085603872, 0.1877055431802803487 ) ) ;
#6756 = CARTESIAN_POINT ( 'NONE',  ( 0.1835503148683232943, 0.1178957599393610639, 0.2270756231802803504 ) ) ;
#6757 = CARTESIAN_POINT ( 'NONE',  ( -0.1075697499520214123, 0.1318677055539967391, 0.1877055431802803487 ) ) ;
#6758 = ORIENTED_EDGE ( 'NONE', *, *, #1970, .F. ) ;
#6759 = ADVANCED_FACE ( 'NONE', ( #1106 ), #3579, .T. ) ;
#6760 = CARTESIAN_POINT ( 'NONE',  ( 0.1410137904539383036, 0.1345848466134695609, 0.1877055431802803209 ) ) ;
#6761 = CARTESIAN_POINT ( 'NONE',  ( -0.2705698424564054183, 0.1917130180172843534, 0.1877055431802803209 ) ) ;
#6762 = CARTESIAN_POINT ( 'NONE',  ( 0.2363089988271989683, 0.1470455209631993942, 0.2270756231802802672 ) ) ;
#6763 = CARTESIAN_POINT ( 'NONE',  ( -0.7763573127152829656, 0.5799999999999999600, -0.1978062665827001188 ) ) ;
#6764 = CARTESIAN_POINT ( 'NONE',  ( -0.4270611443010312036, 0.1575394107282613865, 0.2270756231802803782 ) ) ;
#6765 = ORIENTED_EDGE ( 'NONE', *, *, #6441, .T. ) ;
#6766 = FACE_OUTER_BOUND ( 'NONE', #3769, .T. ) ;
#6767 = ADVANCED_FACE ( 'NONE', ( #1069 ), #7239, .T. ) ;
#6768 = CARTESIAN_POINT ( 'NONE',  ( -0.02803432371687295671, 0.1444564371944007664, 0.1877055431802802377 ) ) ;
#6769 = CARTESIAN_POINT ( 'NONE',  ( -0.1891759304222983273, 0.1469510892946729042, 0.2270756231802802949 ) ) ;
#6770 = CARTESIAN_POINT ( 'NONE',  ( 0.003384134185010541189, 0.1699169685597647361, 0.1877055431802803209 ) ) ;
#6771 = AXIS2_PLACEMENT_3D ( 'NONE', #4962, #6113, #3695 ) ;
#6772 = CARTESIAN_POINT ( 'NONE',  ( -0.4544404518874348153, 0.1479768008205194219, 0.1877055431802803764 ) ) ;
#6773 = CARTESIAN_POINT ( 'NONE',  ( -0.3436131738253824230, 0.07419441303091992013, 0.1877055431802803764 ) ) ;
#6774 = CARTESIAN_POINT ( 'NONE',  ( -0.3749711051486032121, 0.1796241573958957949, 0.2270756231802803782 ) ) ;
#6775 = CARTESIAN_POINT ( 'NONE',  ( -0.4226371309371074747, 0.05329246524022301923, 0.1877055431802803487 ) ) ;
#6776 = DIRECTION ( 'NONE',  ( -0.000000000000000000, -0.000000000000000000, 1.000000000000000000 ) ) ;
#6777 = CARTESIAN_POINT ( 'NONE',  ( -0.1473120351618774637, 0.1716148723937459264, 0.2270756231802802949 ) ) ;
#6778 = CARTESIAN_POINT ( 'NONE',  ( -0.4193885754461248450, 0.05254056712124510753, 0.2270756231802802949 ) ) ;
#6779 = CARTESIAN_POINT ( 'NONE',  ( -0.1890691146111261045, 0.1488219709668135993, 0.2270756231802802949 ) ) ;
#6780 = EDGE_CURVE ( 'NONE', #1432, #2959, #7118, .T. ) ;
#6781 = ORIENTED_EDGE ( 'NONE', *, *, #5440, .T. ) ;
#6782 = CARTESIAN_POINT ( 'NONE',  ( -0.1275423792654898636, 0.1492831449455364612, 0.2270756231802802672 ) ) ;
#6783 = DIRECTION ( 'NONE',  ( -0.000000000000000000, -0.000000000000000000, 1.000000000000000000 ) ) ;
#6784 = CARTESIAN_POINT ( 'NONE',  ( -0.01162578450638179425, 0.06213384993132084477, 0.2270756231802802672 ) ) ;
#6785 = CARTESIAN_POINT ( 'NONE',  ( -0.2603940266877965981, 0.05254056712124510753, 0.1877055431802802654 ) ) ;
#6786 = VERTEX_POINT ( 'NONE', #7881 ) ;
#6787 = CARTESIAN_POINT ( 'NONE',  ( 0.09034522722018523133, 0.1254872592240082463, 0.1877055431802802654 ) ) ;
#6788 = ADVANCED_FACE ( 'NONE', ( #4048 ), #2378, .T. ) ;
#6789 = CARTESIAN_POINT ( 'NONE',  ( 0.1196329223292847688, 0.1170300000176340005, 0.2270756231802802949 ) ) ;
#6790 = DIRECTION ( 'NONE',  ( -1.000000000000000000, 0.000000000000000000, 0.000000000000000000 ) ) ;
#6791 = ORIENTED_EDGE ( 'NONE', *, *, #1998, .T. ) ;
#6792 = CARTESIAN_POINT ( 'NONE',  ( -0.3626175537459139786, 0.1110784246041664758, 0.2270756231802802949 ) ) ;
#6793 = ADVANCED_FACE ( 'NONE', ( #4329 ), #169, .T. ) ;
#6794 = EDGE_LOOP ( 'NONE', ( #133, #7744, #2256, #781 ) ) ;
#6795 = CARTESIAN_POINT ( 'NONE',  ( 0.1188594779827735065, 0.1123228830382821952, 0.1877055431802802654 ) ) ;
#6796 = CARTESIAN_POINT ( 'NONE',  ( -0.02284877664480545328, 0.08590192298536696025, 0.1877055431802803209 ) ) ;
#6797 = CYLINDRICAL_SURFACE ( 'NONE', #102, 0.02000000000000000042 ) ;
#6798 = ORIENTED_EDGE ( 'NONE', *, *, #5445, .T. ) ;
#6799 = LINE ( 'NONE', #4921, #1821 ) ;
#6800 = CARTESIAN_POINT ( 'NONE',  ( -0.7984020917776485371, 0.01999999999999999001, -0.06523805343215297037 ) ) ;
#6801 = CARTESIAN_POINT ( 'NONE',  ( -0.2842912992425627450, 0.06787146062695062487, 0.2270756231802802949 ) ) ;
#6802 = EDGE_LOOP ( 'NONE', ( #3513, #5403, #1610, #5334, #360, #3899, #5281, #4983, #4175, #2313, #449, #5981, #6402 ) ) ;
#6803 = CARTESIAN_POINT ( 'NONE',  ( -0.2609201040557452833, 0.08015459038088899868, 0.1877055431802803209 ) ) ;
#6804 = DIRECTION ( 'NONE',  ( 1.000000000000000000, 0.000000000000000000, 0.000000000000000000 ) ) ;
#6805 = ORIENTED_EDGE ( 'NONE', *, *, #4761, .T. ) ;
#6806 = CARTESIAN_POINT ( 'NONE',  ( 0.08495165008446524391, 0.1575507258785614484, 0.2270756231802802949 ) ) ;
#6807 = DIRECTION ( 'NONE',  ( -0.9500674621162684685, 0.000000000000000000, -0.3120445760271325919 ) ) ;
#6808 = CARTESIAN_POINT ( 'NONE',  ( -0.04510623169765844848, 0.05166137756356337096, 0.1877055431802803487 ) ) ;
#6809 = CARTESIAN_POINT ( 'NONE',  ( -0.2224558757351664251, 0.06065192630318335526, 0.2270756231802803782 ) ) ;
#6810 = B_SPLINE_CURVE_WITH_KNOTS ( 'NONE', 3,
 ( #66, #1883, #673, #1728, #3099, #5441, #1202, #6569, #1844, #6045, #1283 ),
 .UNSPECIFIED., .F., .F.,
 ( 4, 1, 1, 1, 1, 1, 1, 1, 4 ),
 ( 0.000000000000000000, 0.1301910772608028954, 0.2563355306687227775, 0.3791141384848785711, 0.5005508106381949540, 0.6221158091713963056, 0.7447145812206031890, 0.8702230945705810017, 1.000000000000000000 ),
 .UNSPECIFIED. ) ;
#6811 = CARTESIAN_POINT ( 'NONE',  ( -0.1328377578501198364, 0.09453257400091152896, 0.1877055431802803209 ) ) ;
#6812 = CARTESIAN_POINT ( 'NONE',  ( -0.4556180965176318542, 0.1099467693285309244, 0.1877055431802803764 ) ) ;
#6813 = DIRECTION ( 'NONE',  ( -1.000000000000000000, 0.000000000000000000, -4.023702988070684994E-15 ) ) ;
#6814 = CARTESIAN_POINT ( 'NONE',  ( -0.1543772395293016020, 0.1691116808052713083, 0.2270756231802802394 ) ) ;
#6815 = CARTESIAN_POINT ( 'NONE',  ( -0.4124647804781725324, 0.05161729494470003454, 0.2270756231802803504 ) ) ;
#6816 = CARTESIAN_POINT ( 'NONE',  ( -0.2718444800489454027, 0.1359225141953649962, 0.2270756231802802672 ) ) ;
#6817 = ORIENTED_EDGE ( 'NONE', *, *, #3212, .T. ) ;
#6818 = CARTESIAN_POINT ( 'NONE',  ( -0.1274087995397273909, 0.1520349204902285145, 0.2270756231802802949 ) ) ;
#6819 = CARTESIAN_POINT ( 'NONE',  ( -0.4089251669960918822, 0.1716835746570795351, 0.1877055431802803487 ) ) ;
#6820 = AXIS2_PLACEMENT_3D ( 'NONE', #5231, #941, #6350 ) ;
#6821 = CARTESIAN_POINT ( 'NONE',  ( 0.005104042574566637798, 0.09785255556547339806, 0.2270756231802802949 ) ) ;
#6822 = CARTESIAN_POINT ( 'NONE',  ( 0.2993928848171694690, 0.1147944594768764842, 0.2270756231802802394 ) ) ;
#6823 = ORIENTED_EDGE ( 'NONE', *, *, #6181, .F. ) ;
#6824 = DIRECTION ( 'NONE',  ( 0.000000000000000000, 1.000000000000000000, 0.000000000000000000 ) ) ;
#6825 = LINE ( 'NONE', #3199, #3898 ) ;
#6826 = CARTESIAN_POINT ( 'NONE',  ( -0.2280647927093399085, 0.1217767639787256384, 0.2270756231802803504 ) ) ;
#6827 = ORIENTED_EDGE ( 'NONE', *, *, #5543, .T. ) ;
#6828 = CARTESIAN_POINT ( 'NONE',  ( -0.2203561225795654666, 0.1848155675275943433, 0.2270756231802802949 ) ) ;
#6829 = EDGE_CURVE ( 'NONE', #6786, #1787, #3165, .T. ) ;
#6830 = VERTEX_POINT ( 'NONE', #1946 ) ;
#6831 = CARTESIAN_POINT ( 'NONE',  ( -0.1655355737953568829, 0.1913155063054358118, 0.1877055431802803487 ) ) ;
#6832 = CARTESIAN_POINT ( 'NONE',  ( -0.02537295488820908926, 0.08253517975705738918, 0.1877055431802804042 ) ) ;
#6833 = CARTESIAN_POINT ( 'NONE',  ( -0.03470930143143786256, 0.1200882268406615466, 0.2270756231802803504 ) ) ;
#6834 = CARTESIAN_POINT ( 'NONE',  ( -0.1030054160402788799, 0.1487344919511475461, 0.2270756231802802949 ) ) ;
#6835 = VERTEX_POINT ( 'NONE', #3688 ) ;
#6836 = CARTESIAN_POINT ( 'NONE',  ( -0.9967088083045573255, 0.5799999999999999600, -0.06651786402957461652 ) ) ;
#6837 = CARTESIAN_POINT ( 'NONE',  ( -0.1183807820028971169, 0.1881698014779805139, 0.1877055431802802099 ) ) ;
#6838 = CARTESIAN_POINT ( 'NONE',  ( -0.2896729349711523183, 0.07717231874924689039, 0.2270756231802803782 ) ) ;
#6839 = ORIENTED_EDGE ( 'NONE', *, *, #5317, .F. ) ;
#6840 = CARTESIAN_POINT ( 'NONE',  ( -0.7741167953658587564, 0.5999999999999999778, 0.2070756231802803049 ) ) ;
#6841 = CARTESIAN_POINT ( 'NONE',  ( 0.2462919406036102876, 0.1325572742355684563, 0.1877055431802803209 ) ) ;
#6842 = CIRCLE ( 'NONE', #3403, 0.02000000000000001429 ) ;
#6843 = VERTEX_POINT ( 'NONE', #6188 ) ;
#6844 = CARTESIAN_POINT ( 'NONE',  ( -0.03362685790243533090, 0.07713541903298914981, 0.2270756231802802672 ) ) ;
#6845 = CARTESIAN_POINT ( 'NONE',  ( 0.7954022872182958670, 0.01999999999999999001, 0.2070756231802802771 ) ) ;
#6846 = LINE ( 'NONE', #1451, #6052 ) ;
#6847 = CARTESIAN_POINT ( 'NONE',  ( -0.4559098543515551771, 0.1256884697678956608, 0.1877055431802803487 ) ) ;
#6848 = DIRECTION ( 'NONE',  ( 0.000000000000000000, -1.000000000000000000, 0.000000000000000000 ) ) ;
#6849 = CARTESIAN_POINT ( 'NONE',  ( 0.2985676760768966043, 0.1066331478077492539, 0.2270756231802803504 ) ) ;
#6850 = CARTESIAN_POINT ( 'NONE',  ( -0.3666874376980309713, 0.08526648473679682150, 0.1877055431802803209 ) ) ;
#6851 = VECTOR ( 'NONE', #5223, 39.37007874015748143 ) ;
#6852 = CARTESIAN_POINT ( 'NONE',  ( 0.1833788715403987246, 0.1219272540881391753, 0.1877055431802803487 ) ) ;
#6853 = DIRECTION ( 'NONE',  ( -0.000000000000000000, -0.000000000000000000, 1.000000000000000000 ) ) ;
#6854 = CARTESIAN_POINT ( 'NONE',  ( -0.1575398258959171127, 0.1946610542872618810, 0.2270756231802803504 ) ) ;
#6855 = ORIENTED_EDGE ( 'NONE', *, *, #343, .T. ) ;
#6856 = CARTESIAN_POINT ( 'NONE',  ( -0.2906944989948131441, 0.1676881295743992972, 0.2270756231802803504 ) ) ;
#6857 = LINE ( 'NONE', #6819, #2389 ) ;
#6858 = DIRECTION ( 'NONE',  ( 1.000000000000000000, 0.000000000000000000, -0.000000000000000000 ) ) ;
#6859 = CARTESIAN_POINT ( 'NONE',  ( -0.2317534897077457301, 0.09251811426148005835, 0.1877055431802803487 ) ) ;
#6860 = ORIENTED_EDGE ( 'NONE', *, *, #1905, .F. ) ;
#6861 = CARTESIAN_POINT ( 'NONE',  ( 0.2894457074534207974, 0.1473770897489063703, 0.2270756231802802672 ) ) ;
#6862 = CARTESIAN_POINT ( 'NONE',  ( -0.2688107291236060403, 0.1552088707095490849, 0.2270756231802802949 ) ) ;
#6863 = CARTESIAN_POINT ( 'NONE',  ( -0.2856215820475758171, 0.1776734734557873785, 0.1877055431802803209 ) ) ;
#6864 = ORIENTED_EDGE ( 'NONE', *, *, #7117, .T. ) ;
#6865 = EDGE_CURVE ( 'NONE', #6360, #7442, #3729, .T. ) ;
#6866 = CARTESIAN_POINT ( 'NONE',  ( -0.2248540962743048321, 0.05869635865683608261, 0.1877055431802802377 ) ) ;
#6867 = B_SPLINE_CURVE_WITH_KNOTS ( 'NONE', 3,
 ( #5444, #7900, #2440, #2083, #2628, #5650, #5689, #149, #5563, #763, #69, #4422, #2040, #4975, #805, #6207, #6809, #1452, #7496, #1325, #719, #5051, #2001, #2555, #3185, #1367, #1963 ),
 .UNSPECIFIED., .F., .F.,
 ( 4, 1, 1, 1, 1, 1, 1, 1, 1, 1, 1, 1, 1, 1, 1, 1, 1, 1, 1, 1, 1, 1, 1, 1, 4 ),
 ( 0.000000000000000000, 0.06849087449695398511, 0.1330765404908783867, 0.1938289871915769291, 0.2510828574460498563, 0.3044008371534406288, 0.3544083437255269864, 0.4012947817777441917, 0.4447006845454779533, 0.4856924920892442543, 0.5246764844274038886, 0.5623067591777588525, 0.5979465846525343631, 0.6324735490267259230, 0.6657520428969364579, 0.6979852995504439717, 0.7295862241486802402, 0.7608251968744887961, 0.7923550795612057662, 0.8243126039626629264, 0.8571562719790687401, 0.8909268871454045780, 0.9259604429162996420, 0.9620613229943375533, 1.000000000000000000 ),
 .UNSPECIFIED. ) ;
#6868 = ORIENTED_EDGE ( 'NONE', *, *, #2881, .T. ) ;
#6869 = EDGE_CURVE ( 'NONE', #6879, #3309, #2765, .T. ) ;
#6870 = CARTESIAN_POINT ( 'NONE',  ( 0.6859622457331169265, 0.5799999999999999600, -0.1978062665827000077 ) ) ;
#6871 = CARTESIAN_POINT ( 'NONE',  ( -0.03882968303957561040, 0.07631248986405900214, 0.1877055431802803209 ) ) ;
#6872 = EDGE_CURVE ( 'NONE', #4474, #5638, #3923, .T. ) ;
#6873 = CIRCLE ( 'NONE', #6242, 0.01999999999999999001 ) ;
#6874 = ADVANCED_FACE ( 'NONE', ( #2611 ), #3844, .T. ) ;
#6875 = DIRECTION ( 'NONE',  ( -0.3090169943757442028, -0.000000000000000000, 0.9510565162948947382 ) ) ;
#6876 = CARTESIAN_POINT ( 'NONE',  ( 0.3637717780372212717, 0.1136616056483979037, 0.2270756231802802949 ) ) ;
#6877 = AXIS2_PLACEMENT_3D ( 'NONE', #7102, #4589, #2877 ) ;
#6878 = ADVANCED_FACE ( 'NONE', ( #4521 ), #6914, .T. ) ;
#6879 = VERTEX_POINT ( 'NONE', #5746 ) ;
#6880 = DIRECTION ( 'NONE',  ( -1.000000000000000000, -0.000000000000000000, -0.000000000000000000 ) ) ;
#6881 = FACE_OUTER_BOUND ( 'NONE', #5770, .T. ) ;
#6882 = CARTESIAN_POINT ( 'NONE',  ( -0.2912194663499317326, 0.08076255979346130820, 0.2270756231802803504 ) ) ;
#6883 = ORIENTED_EDGE ( 'NONE', *, *, #2736, .F. ) ;
#6884 = DIRECTION ( 'NONE',  ( -0.3090169943757442028, 0.000000000000000000, 0.9510565162948947382 ) ) ;
#6885 = CARTESIAN_POINT ( 'NONE',  ( 0.2330418456680372896, 0.1005779424458190102, 0.1877055431802803487 ) ) ;
#6886 = EDGE_LOOP ( 'NONE', ( #2599, #740, #6112, #5243 ) ) ;
#6887 = CARTESIAN_POINT ( 'NONE',  ( -0.2962927824037647206, 0.1401030605031331200, 0.2270756231802803782 ) ) ;
#6888 = ADVANCED_FACE ( 'NONE', ( #5712 ), #325, .T. ) ;
#6889 = AXIS2_PLACEMENT_3D ( 'NONE', #4512, #6257, #773 ) ;
#6890 = DIRECTION ( 'NONE',  ( 0.3120445760271238211, -0.000000000000000000, 0.9500674621162713551 ) ) ;
#6891 = CARTESIAN_POINT ( 'NONE',  ( -0.08671277677804216377, 0.08865308808328585533, 0.1877055431802803209 ) ) ;
#6892 = CARTESIAN_POINT ( 'NONE',  ( -0.4516585649152190518, 0.1617776613979029221, 0.2270756231802803782 ) ) ;
#6893 = CARTESIAN_POINT ( 'NONE',  ( -0.3354305845520811902, 0.08237936879585076866, 0.1877055431802802377 ) ) ;
#6894 = CARTESIAN_POINT ( 'NONE',  ( -0.1249399367562533669, 0.1038708664619727440, 0.2270756231802802394 ) ) ;
#6895 = CARTESIAN_POINT ( 'NONE',  ( -0.4051737904155034986, 0.05161594897970092632, 0.1877055431802803764 ) ) ;
#6896 = CARTESIAN_POINT ( 'NONE',  ( -0.1274854690015066738, 0.1571067526413934823, 0.2270756231802802116 ) ) ;
#6897 = CARTESIAN_POINT ( 'NONE',  ( -0.3963433752819029432, 0.1658718614849219175, 0.1877055431802803487 ) ) ;
#6898 = VECTOR ( 'NONE', #3024, 39.37007874015748143 ) ;
#6899 = ORIENTED_EDGE ( 'NONE', *, *, #1075, .F. ) ;
#6900 = FACE_OUTER_BOUND ( 'NONE', #1802, .T. ) ;
#6901 = DIRECTION ( 'NONE',  ( -0.000000000000000000, -1.000000000000000000, -0.000000000000000000 ) ) ;
#6902 = CARTESIAN_POINT ( 'NONE',  ( -1.038337751696372768, 0.5799999999999999600, -0.1978062665827011180 ) ) ;
#6903 = CARTESIAN_POINT ( 'NONE',  ( -0.2280647927093399085, 0.1217767639787256384, 0.2270756231802803504 ) ) ;
#6904 = ORIENTED_EDGE ( 'NONE', *, *, #4866, .T. ) ;
#6905 = CARTESIAN_POINT ( 'NONE',  ( -0.2288357625730825518, 0.1417658585635452051, 0.2270756231802802394 ) ) ;
#6906 = CARTESIAN_POINT ( 'NONE',  ( 0.9279426847140814782, 0.02000000000000000042, -0.1978062665826999800 ) ) ;
#6907 = VECTOR ( 'NONE', #6749, 39.37007874015748143 ) ;
#6908 = CARTESIAN_POINT ( 'NONE',  ( -0.3938262055081047097, 0.08575474995487882002, 0.2270756231802802949 ) ) ;
#6909 = ORIENTED_EDGE ( 'NONE', *, *, #303, .F. ) ;
#6910 = EDGE_CURVE ( 'NONE', #3952, #2685, #2144, .T. ) ;
#6911 = CARTESIAN_POINT ( 'NONE',  ( -0.1183807820028971169, 0.1881698014779805139, 0.2270756231802802116 ) ) ;
#6912 = AXIS2_PLACEMENT_3D ( 'NONE', #2090, #2048, #4432 ) ;
#6913 = ORIENTED_EDGE ( 'NONE', *, *, #44, .T. ) ;
#6914 = PLANE ( 'NONE',  #5428 ) ;
#6915 = CARTESIAN_POINT ( 'NONE',  ( 0.05560907016164067657, 0.1209931974105246250, 0.2270756231802802949 ) ) ;
#6916 = CARTESIAN_POINT ( 'NONE',  ( -0.03784434067711382049, 0.1204420268666136495, 0.2270756231802802672 ) ) ;
#6917 = DIRECTION ( 'NONE',  ( 0.000000000000000000, -0.000000000000000000, 1.000000000000000000 ) ) ;
#6918 = DIRECTION ( 'NONE',  ( 0.6847574953382551399, 0.7287710014662215352, 0.000000000000000000 ) ) ;
#6919 = ORIENTED_EDGE ( 'NONE', *, *, #3609, .F. ) ;
#6920 = CARTESIAN_POINT ( 'NONE',  ( -0.3238167797823842120, 0.08238643483567407999, 0.2270756231802803504 ) ) ;
#6921 = CARTESIAN_POINT ( 'NONE',  ( -0.05053081379788537664, 0.07934645263187115050, 0.2270756231802803504 ) ) ;
#6922 = CARTESIAN_POINT ( 'NONE',  ( -0.4136436667442776605, 0.07686560122631561076, 0.2270756231802802949 ) ) ;
#6923 = ORIENTED_EDGE ( 'NONE', *, *, #2533, .F. ) ;
#6924 = CARTESIAN_POINT ( 'NONE',  ( 0.3200997038682369955, 0.1345465433445408032, 0.1877055431802803487 ) ) ;
#6925 = CARTESIAN_POINT ( 'NONE',  ( -1.018337751696372750, 0.000000000000000000, -0.1978062665827011180 ) ) ;
#6926 = EDGE_CURVE ( 'NONE', #3271, #733, #3398, .T. ) ;
#6927 = ORIENTED_EDGE ( 'NONE', *, *, #4418, .T. ) ;
#6928 = LINE ( 'NONE', #5516, #4112 ) ;
#6929 = FACE_OUTER_BOUND ( 'NONE', #5992, .T. ) ;
#6930 = CARTESIAN_POINT ( 'NONE',  ( -0.1644020105505862306, 0.1478815228559046957, 0.1877055431802802654 ) ) ;
#6931 = CARTESIAN_POINT ( 'NONE',  ( -0.4552873311620927455, 0.1401030605031330645, 0.1877055431802802099 ) ) ;
#6932 = DIRECTION ( 'NONE',  ( 0.000000000000000000, 0.000000000000000000, -1.000000000000000000 ) ) ;
#6933 = CARTESIAN_POINT ( 'NONE',  ( -0.3938262055081047097, 0.08575474995487882002, 0.1877055431802803209 ) ) ;
#6934 = LINE ( 'NONE', #5018, #7294 ) ;
#6935 = CARTESIAN_POINT ( 'NONE',  ( -0.05474824770475324176, 0.1116465705686482679, 0.1877055431802803209 ) ) ;
#6936 = ORIENTED_EDGE ( 'NONE', *, *, #58, .F. ) ;
#6937 = DIRECTION ( 'NONE',  ( -1.000000000000000000, -0.000000000000000000, -6.829619984160660610E-15 ) ) ;
#6938 = CARTESIAN_POINT ( 'NONE',  ( -0.4311559399792444514, 0.1271139794595063932, 0.1877055431802803487 ) ) ;
#6939 = CARTESIAN_POINT ( 'NONE',  ( -0.03624437272289682266, 0.05168496632243541056, 0.2270756231802802672 ) ) ;
#6940 = CARTESIAN_POINT ( 'NONE',  ( -0.2896729349711523183, 0.07717231874924689039, 0.1877055431802803487 ) ) ;
#6941 = ORIENTED_EDGE ( 'NONE', *, *, #7175, .F. ) ;
#6942 = CARTESIAN_POINT ( 'NONE',  ( 0.2924049119097414939, 0.1437533640175095440, 0.2270756231802802949 ) ) ;
#6943 = CARTESIAN_POINT ( 'NONE',  ( -0.2499306182377636076, 0.1716835746570795351, 0.2270756231802804059 ) ) ;
#6944 = AXIS2_PLACEMENT_3D ( 'NONE', #2356, #4739, #6005 ) ;
#6945 = CARTESIAN_POINT ( 'NONE',  ( -0.2660221304712351853, 0.1939056131176330466, 0.2270756231802803504 ) ) ;
#6946 = ORIENTED_EDGE ( 'NONE', *, *, #4961, .T. ) ;
#6947 = CARTESIAN_POINT ( 'NONE',  ( -0.1382176131055445900, 0.1962368245099450903, 0.2270756231802803504 ) ) ;
#6948 = VERTEX_POINT ( 'NONE', #246 ) ;
#6949 = CARTESIAN_POINT ( 'NONE',  ( -0.2362236267803421164, 0.08356120867961623622, 0.1877055431802803487 ) ) ;
#6950 = CYLINDRICAL_SURFACE ( 'NONE', #1010, 0.01999999999999999001 ) ;
#6951 =( NAMED_UNIT ( * ) SI_UNIT ( $, .STERADIAN. ) SOLID_ANGLE_UNIT ( ) );
#6952 = CARTESIAN_POINT ( 'NONE',  ( 0.3390187075654079729, 0.1070093011813757072, 0.2270756231802802949 ) ) ;
#6953 = EDGE_CURVE ( 'NONE', #2297, #4845, #940, .T. ) ;
#6954 = CARTESIAN_POINT ( 'NONE',  ( -0.2433317667169717369, 0.07756395911590233117, 0.2270756231802802672 ) ) ;
#6955 = VERTEX_POINT ( 'NONE', #6311 ) ;
#6956 = CARTESIAN_POINT ( 'NONE',  ( -0.1273926299706706344, 0.1546321466917572884, 0.2270756231802802949 ) ) ;
#6957 = CARTESIAN_POINT ( 'NONE',  ( 0.9279426847140814782, 0.5799999999999999600, -0.1978062665826999800 ) ) ;
#6958 = CARTESIAN_POINT ( 'NONE',  ( -0.4089251669960918267, 0.07628684540208252596, 0.1877055431802803209 ) ) ;
#6959 = ORIENTED_EDGE ( 'NONE', *, *, #1662, .T. ) ;
#6960 = CARTESIAN_POINT ( 'NONE',  ( -0.1472190356110728016, 0.07805345149939728333, 0.1877055431802803209 ) ) ;
#6961 = CARTESIAN_POINT ( 'NONE',  ( 0.2410726219141525462, 0.1288730008591923437, 0.2270756231802803504 ) ) ;
#6962 = ORIENTED_EDGE ( 'NONE', *, *, #4176, .F. ) ;
#6963 = DIRECTION ( 'NONE',  ( 0.9500674621162680245, 0.000000000000000000, 0.3120445760271338687 ) ) ;
#6964 = ADVANCED_FACE ( 'NONE', ( #2652 ), #4482, .T. ) ;
#6965 = ORIENTED_EDGE ( 'NONE', *, *, #2790, .F. ) ;
#6966 = CARTESIAN_POINT ( 'NONE',  ( -0.3238167797823842120, 0.08238643483567407999, 0.1877055431802803487 ) ) ;
#6967 = PLANE ( 'NONE',  #7080 ) ;
#6968 = CARTESIAN_POINT ( 'NONE',  ( -0.3870449017359741672, 0.1261019343576195995, 0.2270756231802802672 ) ) ;
#6969 = EDGE_CURVE ( 'NONE', #7120, #6542, #287, .T. ) ;
#6970 = CARTESIAN_POINT ( 'NONE',  ( -0.7741167953658588674, 0.5799999999999999600, 0.2270756231802802949 ) ) ;
#6971 = DIRECTION ( 'NONE',  ( -0.000000000000000000, -0.000000000000000000, 1.000000000000000000 ) ) ;
#6972 = CARTESIAN_POINT ( 'NONE',  ( -0.1328377578501198364, 0.09453257400091152896, 0.1877055431802803209 ) ) ;
#6973 = EDGE_CURVE ( 'NONE', #4251, #1018, #7430, .T. ) ;
#6974 = CARTESIAN_POINT ( 'NONE',  ( -0.3446372669859970594, 0.06839232440470720265, 0.1877055431802803209 ) ) ;
#6975 = ADVANCED_FACE ( 'NONE', ( #6386 ), #6425, .T. ) ;
#6976 = AXIS2_PLACEMENT_3D ( 'NONE', #4574, #6359, #5084 ) ;
#6977 = ORIENTED_EDGE ( 'NONE', *, *, #386, .T. ) ;
#6978 = LINE ( 'NONE', #4586, #1176 ) ;
#6979 = EDGE_CURVE ( 'NONE', #5646, #7288, #1586, .T. ) ;
#6980 = CARTESIAN_POINT ( 'NONE',  ( 0.2605255779933770555, 0.1574212869062752984, 0.2270756231802802672 ) ) ;
#6981 = CARTESIAN_POINT ( 'NONE',  ( -0.2688107291236060403, 0.1552088707095490849, 0.1877055431802803209 ) ) ;
#6982 = B_SPLINE_CURVE_WITH_KNOTS ( 'NONE', 3,
 ( #550, #4924, #7372, #7292, #3738, #5513, #6684, #1240, #1359, #587, #1198, #3018, #2548, #4889, #3095, #3774, #7332, #1279, #5434 ),
 .UNSPECIFIED., .F., .F.,
 ( 4, 1, 1, 1, 1, 1, 1, 1, 1, 1, 1, 1, 1, 1, 1, 1, 4 ),
 ( 0.000000000000000000, 0.08262448802834879147, 0.1609035096889222527, 0.2369858734405616563, 0.3117293825942815677, 0.3843065689375976812, 0.4539081745805039758, 0.5215461238351104534, 0.5892318135186286332, 0.6252927058056747533, 0.6651281288184925922, 0.7096317992610261527, 0.7583679804267097202, 0.8116041424391529091, 0.8697632805123174382, 0.9325424043570746946, 1.000000000000000000 ),
 .UNSPECIFIED. ) ;
#6983 = CARTESIAN_POINT ( 'NONE',  ( -0.4341361632089842937, 0.05872463622662365407, 0.2270756231802803504 ) ) ;
#6984 = CARTESIAN_POINT ( 'NONE',  ( -0.3870593414676681832, 0.1217767639787256384, 0.2270756231802802949 ) ) ;
#6985 = CARTESIAN_POINT ( 'NONE',  ( -0.1927091426169278421, 0.05508757223430543054, 0.1877055431802803209 ) ) ;
#6986 = CARTESIAN_POINT ( 'NONE',  ( -0.1274087995397273909, 0.1520349204902285145, 0.1877055431802803209 ) ) ;
#6987 = ORIENTED_EDGE ( 'NONE', *, *, #5930, .F. ) ;
#6988 = VECTOR ( 'NONE', #2682, 39.37007874015748143 ) ;
#6989 = VECTOR ( 'NONE', #2006, 39.37007874015748143 ) ;
#6990 = ORIENTED_EDGE ( 'NONE', *, *, #5166, .T. ) ;
#6991 = CARTESIAN_POINT ( 'NONE',  ( -0.3645113984606581647, 0.1531454916444926484, 0.1877055431802803209 ) ) ;
#6992 = DIRECTION ( 'NONE',  ( -1.000000000000000000, 1.445077109225377968E-16, 0.000000000000000000 ) ) ;
#6993 = CARTESIAN_POINT ( 'NONE',  ( 0.06336589760620550682, 0.1309152108147106086, 0.1877055431802803487 ) ) ;
#6994 = DIRECTION ( 'NONE',  ( 0.9500674621162664701, 0.000000000000000000, 0.3120445760271385316 ) ) ;
#6995 = CARTESIAN_POINT ( 'NONE',  ( -0.1927091426169278421, 0.06761943423713200063, 0.2270756231802802949 ) ) ;
#6996 = ORIENTED_EDGE ( 'NONE', *, *, #3701, .F. ) ;
#6997 = CARTESIAN_POINT ( 'NONE',  ( -0.03362685790243533090, 0.07713541903298914981, 0.1877055431802802654 ) ) ;
#6998 = CARTESIAN_POINT ( 'NONE',  ( -0.2498202053566814518, 0.05155436003967592273, 0.1877055431802803487 ) ) ;
#6999 = CARTESIAN_POINT ( 'NONE',  ( -0.2961556134907856186, 0.1041195125825901402, 0.2270756231802803782 ) ) ;
#7000 = VERTEX_POINT ( 'NONE', #2138 ) ;
#7001 = EDGE_CURVE ( 'NONE', #5638, #7025, #3529, .T. ) ;
#7002 = CARTESIAN_POINT ( 'NONE',  ( 0.2330418456680372896, 0.1005779424458190102, 0.2270756231802803504 ) ) ;
#7003 = CARTESIAN_POINT ( 'NONE',  ( -0.2499306182377636076, 0.07628684540208253984, 0.1877055431802803487 ) ) ;
#7004 = LINE ( 'NONE', #5656, #2539 ) ;
#7005 = ORIENTED_EDGE ( 'NONE', *, *, #1031, .F. ) ;
#7006 = CARTESIAN_POINT ( 'NONE',  ( -0.3170214723594543815, 0.05996860798968742245, 0.1877055431802803209 ) ) ;
#7007 = ADVANCED_FACE ( 'NONE', ( #364 ), #4443, .T. ) ;
#7008 = VERTEX_POINT ( 'NONE', #7479 ) ;
#7009 = DIRECTION ( 'NONE',  ( -0.000000000000000000, -0.000000000000000000, 1.000000000000000000 ) ) ;
#7010 = CARTESIAN_POINT ( 'NONE',  ( -0.1573907602311647447, 0.1665803233801773919, 0.1877055431802803209 ) ) ;
#7011 = CARTESIAN_POINT ( 'NONE',  ( -0.3893252771193188577, 0.1511439014104072331, 0.2270756231802803782 ) ) ;
#7012 = CARTESIAN_POINT ( 'NONE',  ( 0.1213109099223790704, 0.1473936209300835409, 0.2270756231802802394 ) ) ;
#7013 = B_SPLINE_SURFACE_WITH_KNOTS ( 'NONE', 3, 1, ( 
 ( #6168, #722 ),
 ( #5838, #2043 ),
 ( #3826, #6248 ),
 ( #7457, #1671 ),
 ( #6294, #3230 ),
 ( #2858, #5798 ),
 ( #3408, #5276 ),
 ( #809, #5613 ),
 ( #6850, #2631 ),
 ( #1414, #7727 ),
 ( #5653, #766 ),
 ( #2271, #2778 ),
 ( #7121, #188 ),
 ( #4052, #5017 ),
 ( #5055, #4645 ),
 ( #6477, #7686 ),
 ( #7083, #1634 ),
 ( #4686, #7499 ),
 ( #950, #2191 ),
 ( #2815, #7646 ),
 ( #1030, #2004 ),
 ( #3448, #4425 ),
 ( #3371, #2594 ),
 ( #5878, #4466 ),
 ( #6895, #4091 ),
 ( #3188, #1455 ),
 ( #3868, #335 ) ),
 .UNSPECIFIED., .F., .F., .F.,
 ( 4, 1, 1, 1, 1, 1, 1, 1, 1, 1, 1, 1, 1, 1, 1, 1, 1, 1, 1, 1, 1, 1, 1, 1, 4 ),
 ( 2, 2 ),
 ( 0.000000000000000000, 0.06849087449695404062, 0.1330765404908784422, 0.1938289871915770402, 0.2510828574460500229, 0.3044008371534409063, 0.3544083437255270974, 0.4012947817777443027, 0.4447006845454780644, 0.4856924920892445319, 0.5246764844274039996, 0.5623067591777589636, 0.5979465846525344741, 0.6324735490267265892, 0.6657520428969369020, 0.6979852995504444158, 0.7295862241486809063, 0.7608251968744892402, 0.7923550795612064324, 0.8243126039626629264, 0.8571562719790694063, 0.8909268871454048000, 0.9259604429163003081, 0.9620613229943378863, 1.000000000000000000 ),
 ( 0.000000000000000000, 1.000000000000000000 ),
 .UNSPECIFIED. ) ;
#7014 = CARTESIAN_POINT ( 'NONE',  ( -0.3942995538211619411, 0.08500882221256597648, 0.2270756231802802949 ) ) ;
#7015 = CARTESIAN_POINT ( 'NONE',  ( 0.3212076123800438054, 0.1345848466134695887, 0.1877055431802803487 ) ) ;
#7016 = ADVANCED_FACE ( 'NONE', ( #3590 ), #1175, .T. ) ;
#7017 = ORIENTED_EDGE ( 'NONE', *, *, #775, .F. ) ;
#7018 = CARTESIAN_POINT ( 'NONE',  ( -0.2799871972093601058, 0.06283736900783651325, 0.2270756231802802949 ) ) ;
#7019 = CARTESIAN_POINT ( 'NONE',  ( -0.4308390288072737051, 0.1359225141953649962, 0.2270756231802802949 ) ) ;
#7020 = CARTESIAN_POINT ( 'NONE',  ( -0.8609359989257699963, 0.5999999999999999778, 0.2827698237058569042 ) ) ;
#7021 = CARTESIAN_POINT ( 'NONE',  ( 0.2330429268359290595, 0.05508757223430543054, 0.1877055431802803209 ) ) ;
#7022 = CARTESIAN_POINT ( 'NONE',  ( -0.05474824770475324870, 0.1116465705686482818, 0.2270756231802803504 ) ) ;
#7023 = DIRECTION ( 'NONE',  ( 0.000000000000000000, 0.000000000000000000, -1.000000000000000000 ) ) ;
#7024 = CARTESIAN_POINT ( 'NONE',  ( 0.7270083740376835912, 0.01999999999999999001, -0.05899716191160625511 ) ) ;
#7025 = VERTEX_POINT ( 'NONE', #2361 ) ;
#7026 = EDGE_CURVE ( 'NONE', #3164, #1079, #4189, .T. ) ;
#7027 = VECTOR ( 'NONE', #1441, 39.37007874015748143 ) ;
#7028 = EDGE_CURVE ( 'NONE', #4711, #2665, #870, .T. ) ;
#7029 = VERTEX_POINT ( 'NONE', #2222 ) ;
#7030 = CARTESIAN_POINT ( 'NONE',  ( 0.2083104414735224563, 0.05508757223430543054, 0.1877055431802803209 ) ) ;
#7031 = ADVANCED_FACE ( 'NONE', ( #2401 ), #1128, .T. ) ;
#7032 = CARTESIAN_POINT ( 'NONE',  ( -0.2395186338413221872, 0.07997006610843987451, 0.1877055431802803764 ) ) ;
#7033 = DIRECTION ( 'NONE',  ( 1.000000000000000000, -0.000000000000000000, 0.000000000000000000 ) ) ;
#7034 = SHAPE_DEFINITION_REPRESENTATION ( #757, #727 ) ;
#7035 = CARTESIAN_POINT ( 'NONE',  ( 0.3253488284592351842, 0.1342334086874205634, 0.2270756231802802394 ) ) ;
#7036 = EDGE_CURVE ( 'NONE', #6096, #2178, #3809, .T. ) ;
#7037 = CARTESIAN_POINT ( 'NONE',  ( -0.2378003767967910576, 0.08161063583256158993, 0.2270756231802802672 ) ) ;
#7038 = B_SPLINE_CURVE_WITH_KNOTS ( 'NONE', 3,
 ( #3858, #6924, #1482, #3896, #6324, #2230, #3449, #1597, #6517, #4013, #5321, #3490, #423, #1032, #7044, #5918, #461, #4053, #7687 ),
 .UNSPECIFIED., .F., .F.,
 ( 4, 1, 1, 1, 1, 1, 1, 1, 1, 1, 1, 1, 1, 1, 1, 1, 4 ),
 ( 0.000000000000000000, 0.07061958908030437077, 0.1385768908401555366, 0.2060734598181211130, 0.2744631881640026694, 0.3426003686445656671, 0.4107400792371032061, 0.4801183847928303661, 0.5526004757567167802, 0.5917843457786854389, 0.6356630389305280016, 0.6835687881021350609, 0.7369646345616783778, 0.7948709303760277400, 0.8584208566785909156, 0.9265985076834626355, 1.000000000000000000 ),
 .UNSPECIFIED. ) ;
#7039 = CARTESIAN_POINT ( 'NONE',  ( -0.1273447170162817776, 0.1533550363974388875, 0.2270756231802802949 ) ) ;
#7040 = DIRECTION ( 'NONE',  ( 0.9510565162948950713, 0.000000000000000000, 0.3090169943757430371 ) ) ;
#7041 = CARTESIAN_POINT ( 'NONE',  ( -0.2969389023584984577, 0.1226326522363244131, 0.2270756231802803504 ) ) ;
#7042 = VERTEX_POINT ( 'NONE', #1453 ) ;
#7043 = CARTESIAN_POINT ( 'NONE',  ( -0.02803432371687295671, 0.1444564371944007664, 0.2270756231802802394 ) ) ;
#7044 = CARTESIAN_POINT ( 'NONE',  ( 0.2987275078380837168, 0.1096012986368785080, 0.1877055431802802654 ) ) ;
#7045 = CARTESIAN_POINT ( 'NONE',  ( -0.03728532286187875161, 0.1451675349378337976, 0.2270756231802802672 ) ) ;
#7046 = CARTESIAN_POINT ( 'NONE',  ( -0.1051352322305385140, 0.1387934803129742267, 0.1877055431802802654 ) ) ;
#7047 = ADVANCED_FACE ( 'NONE', ( #7418 ), #6284, .T. ) ;
#7048 = VERTEX_POINT ( 'NONE', #109 ) ;
#7049 = CARTESIAN_POINT ( 'NONE',  ( -0.3296211151588215871, 0.05332096613699067317, 0.2270756231802802949 ) ) ;
#7050 = ORIENTED_EDGE ( 'NONE', *, *, #6467, .F. ) ;
#7051 = CARTESIAN_POINT ( 'NONE',  ( -0.01987563253311519160, 0.1031887928196531662, 0.1877055431802803764 ) ) ;
#7052 = CARTESIAN_POINT ( 'NONE',  ( -0.1635168167180246768, 0.1548206752725384550, 0.2270756231802803504 ) ) ;
#7053 = CARTESIAN_POINT ( 'NONE',  ( -0.3981535318754050867, 0.1676639657016522067, 0.2270756231802804059 ) ) ;
#7054 = CARTESIAN_POINT ( 'NONE',  ( -0.1692296888840178481, 0.1890555692661894105, 0.1877055431802803209 ) ) ;
#7055 = CARTESIAN_POINT ( 'NONE',  ( -0.2280412645632228785, 0.1239300035890399387, 0.2270756231802802949 ) ) ;
#7056 = DIRECTION ( 'NONE',  ( 0.000000000000000000, -0.000000000000000000, 1.000000000000000000 ) ) ;
#7057 = CARTESIAN_POINT ( 'NONE',  ( 0.3373637976141005135, 0.1224609800327510212, 0.2270756231802802672 ) ) ;
#7058 = ADVANCED_FACE ( 'NONE', ( #3824 ), #2629, .T. ) ;
#7059 = EDGE_LOOP ( 'NONE', ( #1857, #1552, #6436, #4878 ) ) ;
#7060 = DIRECTION ( 'NONE',  ( -0.3090169943748821146, 0.000000000000000000, -0.9510565162951749585 ) ) ;
#7061 = CARTESIAN_POINT ( 'NONE',  ( -0.4231271264473870364, 0.1648753588776872281, 0.1877055431802803764 ) ) ;
#7062 = DIRECTION ( 'NONE',  ( 0.000000000000000000, -1.000000000000000000, 0.000000000000000000 ) ) ;
#7063 = DIRECTION ( 'NONE',  ( 0.000000000000000000, 1.000000000000000000, 0.000000000000000000 ) ) ;
#7064 = CARTESIAN_POINT ( 'NONE',  ( 0.3390392926748146407, 0.1056566717699403968, 0.1877055431802803209 ) ) ;
#7065 = CARTESIAN_POINT ( 'NONE',  ( 0.3309012221385250196, 0.1574994064281522166, 0.2270756231802802672 ) ) ;
#7066 = CARTESIAN_POINT ( 'NONE',  ( -0.1336498768581784458, 0.1335908286038665349, 0.1877055431802803209 ) ) ;
#7067 = VERTEX_POINT ( 'NONE', #6811 ) ;
#7068 = EDGE_LOOP ( 'NONE', ( #379, #1243, #754, #2109, #2105, #1835, #5964, #7810, #715, #5096, #4564, #4198, #1660, #6662, #2246 ) ) ;
#7069 = CARTESIAN_POINT ( 'NONE',  ( -0.3645113984606581647, 0.1531454916444926484, 0.2270756231802803782 ) ) ;
#7070 = B_SPLINE_CURVE_WITH_KNOTS ( 'NONE', 3,
 ( #3459, #6968, #5248, #5848, #4696, #1644, #7011, #4540, #5889, #2867, #3304, #1528, #2706, #4101, #7092, #3381, #1605, #1682, #5131 ),
 .UNSPECIFIED., .F., .F.,
 ( 4, 1, 1, 1, 1, 1, 1, 1, 1, 1, 1, 1, 1, 1, 1, 1, 4 ),
 ( 0.000000000000000000, 0.1121147956622135511, 0.2158018426882335195, 0.3102026923156547822, 0.3959929252987141046, 0.4734102307422356493, 0.5427784203605526825, 0.6045480222829329175, 0.6593572656120957332, 0.7087643617117435069, 0.7553555059484816647, 0.7986869938006724290, 0.8400168391480737906, 0.8802034470065464022, 0.9197333482458340814, 0.9590486059010152609, 1.000000000000000000 ),
 .UNSPECIFIED. ) ;
#7071 = CARTESIAN_POINT ( 'NONE',  ( 0.1588454707487091389, 0.1056566717699403968, 0.1877055431802803209 ) ) ;
#7072 = DIRECTION ( 'NONE',  ( 0.9500674671574050878, 0.000000000000000000, 0.3120445606786195758 ) ) ;
#7073 = DATE_AND_TIME ( #4004, #434 ) ;
#7074 = CC_DESIGN_PERSON_AND_ORGANIZATION_ASSIGNMENT ( #5784, #2726, ( #93 ) ) ;
#7075 = CARTESIAN_POINT ( 'NONE',  ( 0.3388112187307698031, 0.1133293759661704869, 0.1877055431802803487 ) ) ;
#7076 = EDGE_CURVE ( 'NONE', #4323, #7653, #2523, .T. ) ;
#7077 = CARTESIAN_POINT ( 'NONE',  ( -0.08432858592391366537, 0.08050104484880638012, 0.2270756231802802672 ) ) ;
#7078 = B_SPLINE_SURFACE_WITH_KNOTS ( 'NONE', 3, 1, ( 
 ( #1735, #6460 ),
 ( #5261, #3431 ),
 ( #4075, #5300 ),
 ( #4707, #2330 ),
 ( #7787, #2364 ),
 ( #4153, #4193 ),
 ( #5862, #6616 ),
 ( #2842, #4115 ),
 ( #7708, #2252 ),
 ( #1656, #6500 ),
 ( #1093, #7143 ),
 ( #7751, #1697 ),
 ( #6539, #3510 ),
 ( #5939, #484 ),
 ( #3748, #4864 ),
 ( #6169, #5450 ),
 ( #1291, #7388 ),
 ( #681, #5489 ),
 ( #723, #2595 ) ),
 .UNSPECIFIED., .F., .F., .F.,
 ( 4, 1, 1, 1, 1, 1, 1, 1, 1, 1, 1, 1, 1, 1, 1, 1, 4 ),
 ( 2, 2 ),
 ( 0.000000000000000000, 0.07853045759749702204, 0.1510671628769045260, 0.2183054637753022997, 0.2802866665778167565, 0.3370635526514701441, 0.3881523464865522799, 0.4342343330671827872, 0.4749941157865085195, 0.5490306370642880074, 0.6172961961720997426, 0.6816626372954095459, 0.7435420049347599702, 0.8043195746589865136, 0.8670125846987272178, 0.9313790258220370211, 1.000000000000000000 ),
 ( 0.000000000000000000, 1.000000000000000000 ),
 .UNSPECIFIED. ) ;
#7079 = CARTESIAN_POINT ( 'NONE',  ( -0.3189615606608379172, 0.07905651595615444116, 0.2270756231802802949 ) ) ;
#7080 = AXIS2_PLACEMENT_3D ( 'NONE', #6365, #2118, #384 ) ;
#7081 = CARTESIAN_POINT ( 'NONE',  ( -0.4312009657544201846, 0.1223566200336189957, 0.2270756231802803504 ) ) ;
#7082 = ORIENTED_EDGE ( 'NONE', *, *, #139, .F. ) ;
#7083 = CARTESIAN_POINT ( 'NONE',  ( -0.3814504244934946442, 0.06065192630318334832, 0.1877055431802803487 ) ) ;
#7084 = CARTESIAN_POINT ( 'NONE',  ( -0.2675715988698872949, 0.08908294506367803178, 0.1877055431802802654 ) ) ;
#7085 = CARTESIAN_POINT ( 'NONE',  ( -0.04440886694058338025, 0.1440638065245837818, 0.1877055431802802654 ) ) ;
#7086 = DIRECTION ( 'NONE',  ( 0.000000000000000000, -1.000000000000000000, 0.000000000000000000 ) ) ;
#7087 = ORIENTED_EDGE ( 'NONE', *, *, #2322, .T. ) ;
#7088 = DIRECTION ( 'NONE',  ( 0.000000000000000000, -1.000000000000000000, 0.000000000000000000 ) ) ;
#7089 = ORIENTED_EDGE ( 'NONE', *, *, #1874, .T. ) ;
#7090 = CARTESIAN_POINT ( 'NONE',  ( -0.3170235655082765946, 0.07678879398295586356, 0.2270756231802803504 ) ) ;
#7091 = FACE_OUTER_BOUND ( 'NONE', #5027, .T. ) ;
#7092 = CARTESIAN_POINT ( 'NONE',  ( -0.4021270024872153903, 0.1702958176987575956, 0.2270756231802802949 ) ) ;
#7093 = CARTESIAN_POINT ( 'NONE',  ( 0.000000000000000000, 0.5799999999999999600, 0.2070756231802803049 ) ) ;
#7094 = CARTESIAN_POINT ( 'NONE',  ( -0.03661293198700642237, 0.1451844831973581329, 0.1877055431802803209 ) ) ;
#7095 = CARTESIAN_POINT ( 'NONE',  ( -0.1439618556191487042, 0.1964160600194861384, 0.2270756231802802949 ) ) ;
#7096 = CARTESIAN_POINT ( 'NONE',  ( -0.2033475089993513341, 0.1173761928999585702, 0.1877055431802803209 ) ) ;
#7097 = ORIENTED_EDGE ( 'NONE', *, *, #4386, .F. ) ;
#7098 = VECTOR ( 'NONE', #6992, 39.37007874015748143 ) ;
#7099 = CARTESIAN_POINT ( 'NONE',  ( -0.2955265724014966566, 0.09867708236101875585, 0.2270756231802802949 ) ) ;
#7100 = CARTESIAN_POINT ( 'NONE',  ( 0.2517215667744530094, 0.1556904053540596189, 0.2270756231802803504 ) ) ;
#7101 = CARTESIAN_POINT ( 'NONE',  ( 0.05560907016164067657, 0.1209931974105246250, 0.1877055431802803209 ) ) ;
#7102 = CARTESIAN_POINT ( 'NONE',  ( 0.6785924831695951953, 0.5799999999999999600, -0.2204880634973469256 ) ) ;
#7103 = CARTESIAN_POINT ( 'NONE',  ( -0.3982773659348645134, 0.05253816099495971226, 0.1877055431802803209 ) ) ;
#7104 = CARTESIAN_POINT ( 'NONE',  ( -0.2499306182377636076, 0.07628684540208253984, 0.1877055431802803487 ) ) ;
#7105 = CARTESIAN_POINT ( 'NONE',  ( -0.9967088083045573255, 0.5799999999999999600, -0.06651786402957461652 ) ) ;
#7106 = CARTESIAN_POINT ( 'NONE',  ( -0.2662299705326390820, 0.1615744102140276028, 0.1877055431802802654 ) ) ;
#7107 = ORIENTED_EDGE ( 'NONE', *, *, #6910, .F. ) ;
#7108 = VECTOR ( 'NONE', #7449, 39.37007874015748143 ) ;
#7109 = EDGE_LOOP ( 'NONE', ( #7005, #5944, #2679, #1750 ) ) ;
#7110 = CARTESIAN_POINT ( 'NONE',  ( 0.3554326931113872545, 0.1469729603695233144, 0.1877055431802802654 ) ) ;
#7111 = CARTESIAN_POINT ( 'NONE',  ( 0.2340360314913405848, 0.1143143531211425062, 0.1877055431802803487 ) ) ;
#7112 = CARTESIAN_POINT ( 'NONE',  ( -0.2499306182377635799, 0.07628684540208252596, 0.2270756231802803504 ) ) ;
#7113 = VECTOR ( 'NONE', #6875, 39.37007874015748143 ) ;
#7114 = CARTESIAN_POINT ( 'NONE',  ( -0.2033446582285708681, 0.1304104755484992717, 0.1877055431802803209 ) ) ;
#7115 = ADVANCED_FACE ( 'NONE', ( #1368 ), #3781, .F. ) ;
#7116 = CARTESIAN_POINT ( 'NONE',  ( -0.04091903434921115301, 0.05155436003967591579, 0.2270756231802802949 ) ) ;
#7117 = EDGE_CURVE ( 'NONE', #5707, #4988, #7455, .T. ) ;
#7118 = LINE ( 'NONE', #6634, #1000 ) ;
#7119 = CYLINDRICAL_SURFACE ( 'NONE', #1994, 0.01999999999999996919 ) ;
#7120 = VERTEX_POINT ( 'NONE', #4423 ) ;
#7121 = CARTESIAN_POINT ( 'NONE',  ( -0.3730646272167696953, 0.07088963399828972223, 0.1877055431802803209 ) ) ;
#7122 = FACE_OUTER_BOUND ( 'NONE', #3216, .T. ) ;
#7123 = CARTESIAN_POINT ( 'NONE',  ( -0.2033446582285708681, 0.1304104755484992717, 0.1877055431802803209 ) ) ;
#7124 = CARTESIAN_POINT ( 'NONE',  ( -0.4446161308059040640, 0.1776734734557873785, 0.2270756231802802672 ) ) ;
#7125 = EDGE_CURVE ( 'NONE', #5283, #2297, #4464, .T. ) ;
#7126 = EDGE_LOOP ( 'NONE', ( #330, #1296, #7632, #5125, #3756 ) ) ;
#7127 = LINE ( 'NONE', #1677, #5118 ) ;
#7128 = ORIENTED_EDGE ( 'NONE', *, *, #4067, .T. ) ;
#7129 = DIRECTION ( 'NONE',  ( 0.6847574953382551399, 0.7287710014662215352, 0.000000000000000000 ) ) ;
#7130 = CARTESIAN_POINT ( 'NONE',  ( -0.02730854026858038283, 0.05343678319887784633, 0.1877055431802802654 ) ) ;
#7131 = CARTESIAN_POINT ( 'NONE',  ( -0.3893252771193188577, 0.1511439014104072331, 0.1877055431802803764 ) ) ;
#7132 = CARTESIAN_POINT ( 'NONE',  ( -0.3952181755386702244, 0.08356120867961618071, 0.1877055431802802654 ) ) ;
#7133 = LINE ( 'NONE', #1685, #806 ) ;
#7134 = CARTESIAN_POINT ( 'NONE',  ( -0.1644434450598916964, 0.1469510892946729042, 0.1877055431802803209 ) ) ;
#7135 = EDGE_CURVE ( 'NONE', #3467, #567, #6464, .T. ) ;
#7136 = CARTESIAN_POINT ( 'NONE',  ( -0.2040974220950442786, 0.1051600924646580587, 0.2270756231802802394 ) ) ;
#7137 = ORIENTED_EDGE ( 'NONE', *, *, #2409, .T. ) ;
#7138 = CARTESIAN_POINT ( 'NONE',  ( -0.2505378890837154926, 0.1964160600194861384, 0.2270756231802802949 ) ) ;
#7139 = CARTESIAN_POINT ( 'NONE',  ( 0.1835779561111157976, 0.1136616056483979037, 0.2270756231802802949 ) ) ;
#7140 = CARTESIAN_POINT ( 'NONE',  ( -0.2748722031695673973, 0.1891761643304311624, 0.2270756231802803782 ) ) ;
#7141 = CARTESIAN_POINT ( 'NONE',  ( -0.4124647804781725324, 0.05161729494470003454, 0.2270756231802803504 ) ) ;
#7142 = PLANE ( 'NONE',  #5733 ) ;
#7143 = CARTESIAN_POINT ( 'NONE',  ( 0.2705390491462907332, 0.1254872592240083018, 0.2270756231802802394 ) ) ;
#7144 = DIRECTION ( 'NONE',  ( 0.000000000000000000, 0.000000000000000000, -1.000000000000000000 ) ) ;
#7145 = CARTESIAN_POINT ( 'NONE',  ( -0.2531346171939422018, 0.1715317114765749218, 0.1877055431802802377 ) ) ;
#7146 = B_SPLINE_SURFACE_WITH_KNOTS ( 'NONE', 3, 1, ( 
 ( #3780, #1926 ),
 ( #6847, #3226 ),
 ( #3744, #4463 ),
 ( #6931, #3865 ),
 ( #6772, #6290 ),
 ( #885, #6165 ),
 ( #6330, #6892 ),
 ( #3823, #3904 ),
 ( #843, #4503 ),
 ( #5610, #1488 ),
 ( #7417, #3265 ) ),
 .UNSPECIFIED., .F., .F., .F.,
 ( 4, 1, 1, 1, 1, 1, 1, 1, 4 ),
 ( 2, 2 ),
 ( 0.000000000000000000, 0.1610711239484212687, 0.3107888083803542756, 0.4499038238309442939, 0.5783763165061847067, 0.6966172119048391620, 0.8059873227104091820, 0.9065617032890804783, 1.000000000000000000 ),
 ( 0.000000000000000000, 1.000000000000000000 ),
 .UNSPECIFIED. ) ;
#7147 = ORIENTED_EDGE ( 'NONE', *, *, #5550, .F. ) ;
#7148 = VECTOR ( 'NONE', #7387, 39.37007874015748143 ) ;
#7149 = ORIENTED_EDGE ( 'NONE', *, *, #1818, .T. ) ;
#7150 = CARTESIAN_POINT ( 'NONE',  ( 0.3482947828972355331, 0.1526861201370247334, 0.2270756231802803504 ) ) ;
#7151 = VECTOR ( 'NONE', #3557, 39.37007874015748143 ) ;
#7152 = CARTESIAN_POINT ( 'NONE',  ( -0.4341361632089842937, 0.05872463622662365407, 0.1877055431802803487 ) ) ;
#7153 = CARTESIAN_POINT ( 'NONE',  ( -0.2476377692918951268, 0.07635462944205607949, 0.2270756231802803504 ) ) ;
#7154 = DATE_AND_TIME ( #1023, #880 ) ;
#7155 = CARTESIAN_POINT ( 'NONE',  ( -0.2369550202667025651, 0.1946156568559112010, 0.1877055431802802377 ) ) ;
#7156 = CARTESIAN_POINT ( 'NONE',  ( -0.07865639792755345361, 0.06991097007626477511, 0.1877055431802803764 ) ) ;
#7157 = VECTOR ( 'NONE', #2350, 39.37007874015748143 ) ;
#7158 = LINE ( 'NONE', #4758, #5947 ) ;
#7159 = CARTESIAN_POINT ( 'NONE',  ( 0.1295226231470765210, 0.1530595368310478932, 0.2270756231802802394 ) ) ;
#7160 = ORIENTED_EDGE ( 'NONE', *, *, #537, .T. ) ;
#7161 = CARTESIAN_POINT ( 'NONE',  ( -0.1510071775529253368, 0.1707770959844660819, 0.1877055431802802654 ) ) ;
#7162 = CARTESIAN_POINT ( 'NONE',  ( 0.05284910490982360626, 0.09941834398879766110, 0.2270756231802802949 ) ) ;
#7163 = CARTESIAN_POINT ( 'NONE',  ( -0.2065010073567250248, 0.1578916287957479736, 0.1877055431802802377 ) ) ;
#7164 = DIRECTION ( 'NONE',  ( -1.000000000000000000, 0.000000000000000000, -4.023702988070684994E-15 ) ) ;
#7165 = B_SPLINE_CURVE_WITH_KNOTS ( 'NONE', 3,
 ( #7627, #2291, #7141, #1695, #4113, #1091, #3508, #1575, #7584, #6983, #3993, #967, #3390, #521, #5337, #4150, #2442, #2362, #6089, #1250, #1207, #7862, #4235, #636, #7303, #3064, #2953 ),
 .UNSPECIFIED., .F., .F.,
 ( 4, 1, 1, 1, 1, 1, 1, 1, 1, 1, 1, 1, 1, 1, 1, 1, 1, 1, 1, 1, 1, 1, 1, 1, 4 ),
 ( 0.000000000000000000, 0.03821733796913662218, 0.07486720303994341685, 0.1101580815531045393, 0.1444539266593011240, 0.1780797262741533327, 0.2111707725935982050, 0.2436870542144176643, 0.2758717334447997049, 0.3083755160139867724, 0.3412633249363588583, 0.3751503394709056471, 0.4096552607042133753, 0.4451573674923581803, 0.4820734672046718683, 0.5205757562184276654, 0.5605536808978381913, 0.6031075754382528853, 0.6486887095294888717, 0.6979476778875632892, 0.7507677670183535712, 0.8073094024459648299, 0.8676555707911409732, 0.9318612220995584616, 1.000000000000000000 ),
 .UNSPECIFIED. ) ;
#7166 = VERTEX_POINT ( 'NONE', #7534 ) ;
#7167 = VECTOR ( 'NONE', #4972, 39.37007874015748143 ) ;
#7168 = ORIENTED_EDGE ( 'NONE', *, *, #1813, .F. ) ;
#7169 = CARTESIAN_POINT ( 'NONE',  ( -0.4234959481803091674, 0.08391923291525861528, 0.2270756231802803782 ) ) ;
#7170 = CARTESIAN_POINT ( 'NONE',  ( -0.3445889713084316353, 0.06738254556382559934, 0.1877055431802803209 ) ) ;
#7171 = CARTESIAN_POINT ( 'NONE',  ( -0.2392828171765361833, 0.05253816099495971226, 0.1877055431802802099 ) ) ;
#7172 = CARTESIAN_POINT ( 'NONE',  ( -0.1455469877042948890, 0.1963860566590812373, 0.1877055431802803487 ) ) ;
#7173 = CARTESIAN_POINT ( 'NONE',  ( -0.02803432371687295671, 0.1444564371944007664, 0.2270756231802802672 ) ) ;
#7174 = CARTESIAN_POINT ( 'NONE',  ( -0.01958174508008132114, 0.09864545382122244521, 0.1877055431802803209 ) ) ;
#7175 = EDGE_CURVE ( 'NONE', #3246, #2857, #7895, .T. ) ;
#7176 = ADVANCED_FACE ( 'NONE', ( #309, #2162 ), #5849, .T. ) ;
#7177 = DIRECTION ( 'NONE',  ( -1.000000000000000000, 0.000000000000000000, -0.000000000000000000 ) ) ;
#7178 = CARTESIAN_POINT ( 'NONE',  ( -0.4095324378420436839, 0.1964160600194861384, 0.1877055431802803209 ) ) ;
#7179 = CARTESIAN_POINT ( 'NONE',  ( -0.05844707922100601805, 0.08865308808328585533, 0.1877055431802803209 ) ) ;
#7180 = CARTESIAN_POINT ( 'NONE',  ( 0.06739305646467812216, 0.1542048047760349039, 0.2270756231802802949 ) ) ;
#7181 = CARTESIAN_POINT ( 'NONE',  ( -0.3238226732386465523, 0.05432447098737500091, 0.2270756231802802394 ) ) ;
#7182 = CARTESIAN_POINT ( 'NONE',  ( -0.3898888531409404057, 0.1922970275678682339, 0.2270756231802803782 ) ) ;
#7183 = CARTESIAN_POINT ( 'NONE',  ( -0.3645409709208579652, 0.09446649819021490924, 0.1877055431802802377 ) ) ;
#7184 = CARTESIAN_POINT ( 'NONE',  ( -0.2499306182377636076, 0.07628684540208253984, 0.2270756231802803782 ) ) ;
#7185 = CARTESIAN_POINT ( 'NONE',  ( 0.09405743993315573981, 0.1565217714367488355, 0.1877055431802803487 ) ) ;
#7186 = LINE ( 'NONE', #4197, #1653 ) ;
#7187 = ORIENTED_EDGE ( 'NONE', *, *, #6342, .T. ) ;
#7188 = EDGE_LOOP ( 'NONE', ( #5144, #7410, #2426, #5073 ) ) ;
#7189 = DIRECTION ( 'NONE',  ( 0.000000000000000000, 1.000000000000000000, 0.000000000000000000 ) ) ;
#7190 = CARTESIAN_POINT ( 'NONE',  ( 0.3179256538786945363, 0.1344713808013103806, 0.2270756231802804337 ) ) ;
#7191 = CARTESIAN_POINT ( 'NONE',  ( -0.2433317667169717369, 0.07756395911590233117, 0.1877055431802802654 ) ) ;
#7192 = B_SPLINE_CURVE_WITH_KNOTS ( 'NONE', 3,
 ( #4725, #2900, #2273, #6398, #5919, #5240, #952, #1033, #2936, #5278, #7688, #337, #4688, #2310, #5322, #5841, #5199, #5357, #5959, #7163, #1598, #3373, #3450, #7806, #7123, #2231, #4014 ),
 .UNSPECIFIED., .F., .F.,
 ( 4, 1, 1, 1, 1, 1, 1, 1, 1, 1, 1, 1, 1, 1, 1, 1, 1, 1, 1, 1, 1, 1, 1, 1, 4 ),
 ( 0.000000000000000000, 0.03663489025512748493, 0.07203398234778954357, 0.1066259706074961094, 0.1403056939382975321, 0.1736194704926827537, 0.2064256725696816397, 0.2390670061327426765, 0.2718828805625946865, 0.3048398888131205187, 0.3385290337045874232, 0.3726161878593848842, 0.4075482500265397157, 0.4437189059571695626, 0.4813115090919059536, 0.5201129981462018215, 0.5609129028334483014, 0.6040246006136040791, 0.6500745638656777459, 0.6995722277770578534, 0.7523625390892968445, 0.8087887173463874646, 0.8689542125204781087, 0.9326747199379386011, 0.9999999999999998890 ),
 .UNSPECIFIED. ) ;
#7193 = CARTESIAN_POINT ( 'NONE',  ( -0.2280718227040035018, 0.1907596177290536432, 0.1877055431802802654 ) ) ;
#7194 = CARTESIAN_POINT ( 'NONE',  ( -0.05283271886415522728, 0.1136971671809041823, 0.2270756231802803782 ) ) ;
#7195 = CARTESIAN_POINT ( 'NONE',  ( -0.3952181755386702244, 0.08356120867961618071, 0.1877055431802802654 ) ) ;
#7196 = CARTESIAN_POINT ( 'NONE',  ( -0.01908764042373331526, 0.05689934592194337976, 0.1877055431802802099 ) ) ;
#7197 = ORIENTED_EDGE ( 'NONE', *, *, #3595, .T. ) ;
#7198 = CARTESIAN_POINT ( 'NONE',  ( -0.1492054537420249571, 0.1713115934558359921, 0.1877055431802803487 ) ) ;
#7199 = CARTESIAN_POINT ( 'NONE',  ( -0.2718794638086199367, 0.1104501117364099783, 0.2270756231802802672 ) ) ;
#7200 = DIRECTION ( 'NONE',  ( 0.000000000000000000, -1.000000000000000000, 0.000000000000000000 ) ) ;
#7201 = EDGE_CURVE ( 'NONE', #3413, #7288, #5054, .T. ) ;
#7202 = CARTESIAN_POINT ( 'NONE',  ( -0.05474824770475324870, 0.1116465705686482818, 0.1877055431802803487 ) ) ;
#7203 = ORIENTED_EDGE ( 'NONE', *, *, #1046, .F. ) ;
#7204 = VECTOR ( 'NONE', #2955, 39.37007874015748143 ) ;
#7205 = VERTEX_POINT ( 'NONE', #5132 ) ;
#7206 = AXIS2_PLACEMENT_3D ( 'NONE', #5074, #6469, #207 ) ;
#7207 = CARTESIAN_POINT ( 'NONE',  ( 0.3637717780372212717, 0.1136616056483979037, 0.1877055431802803209 ) ) ;
#7208 = CARTESIAN_POINT ( 'NONE',  ( -0.3403052263477343020, 0.05767891528925657429, 0.1877055431802803764 ) ) ;
#7209 = CARTESIAN_POINT ( 'NONE',  ( -0.2201377551621611361, 0.06280155140425276727, 0.1877055431802802099 ) ) ;
#7210 = B_SPLINE_SURFACE_WITH_KNOTS ( 'NONE', 3, 1, ( 
 ( #1565, #3418 ),
 ( #2159, #2825 ),
 ( #1604, #4580 ),
 ( #307, #3380 ),
 ( #6404, #4062 ),
 ( #884, #225 ),
 ( #958, #265 ),
 ( #345, #4539 ),
 ( #7010, #2668 ),
 ( #1041, #2787 ),
 ( #2202, #3945 ),
 ( #3458, #923 ),
 ( #2745, #5088 ),
 ( #7532, #4618 ),
 ( #2081, #7052 ),
 ( #4502, #5168 ),
 ( #5727, #7614 ),
 ( #6930, #1527 ),
 ( #2705, #4020 ) ),
 .UNSPECIFIED., .F., .F., .F.,
 ( 4, 1, 1, 1, 1, 1, 1, 1, 1, 1, 1, 1, 1, 1, 1, 1, 4 ),
 ( 2, 2 ),
 ( 0.000000000000000000, 0.05646686847186281610, 0.1111640986969636702, 0.1649370968759851785, 0.2183217523125939585, 0.2723929232482762974, 0.3279763434477043771, 0.3852910519840211934, 0.4449029182928192494, 0.5068438192198360115, 0.5694881852629684049, 0.6341532155537225046, 0.7009760953100506731, 0.7708974968462686261, 0.8436256105557798923, 0.9196596761155401145, 1.000000000000000000 ),
 ( 0.000000000000000000, 1.000000000000000000 ),
 .UNSPECIFIED. ) ;
#7211 = LINE ( 'NONE', #2206, #7348 ) ;
#7212 = CARTESIAN_POINT ( 'NONE',  ( -0.3306207253809359536, 0.05337222490834010041, 0.2270756231802802672 ) ) ;
#7213 = EDGE_CURVE ( 'NONE', #6161, #4912, #3650, .T. ) ;
#7214 = B_SPLINE_CURVE_WITH_KNOTS ( 'NONE', 3,
 ( #5442, #6690, #4186, #4268, #2988, #4109, #7218, #1246, #594, #5404, #3060, #6046, #7820, #5934, #6610, #6007, #4817, #2438, #5335 ),
 .UNSPECIFIED., .F., .F.,
 ( 4, 1, 1, 1, 1, 1, 1, 1, 1, 1, 1, 1, 1, 1, 1, 1, 4 ),
 ( 0.000000000000000000, 0.1043212003319297643, 0.2002351177995658205, 0.2872866360596424973, 0.3662604197152598551, 0.4376827211855112143, 0.5011798321686558033, 0.5580212203309157237, 0.6084121485345170832, 0.6557430552930170187, 0.7019436693135175931, 0.7482150555409745607, 0.7942519338520296346, 0.8425045303297394872, 0.8922367909940878139, 0.9446164986685385845, 1.000000000000000000 ),
 .UNSPECIFIED. ) ;
#7215 = DIRECTION ( 'NONE',  ( -0.3120445760271389757, 0.000000000000000000, 0.9500674621162662481 ) ) ;
#7216 = EDGE_CURVE ( 'NONE', #2220, #7792, #7657, .T. ) ;
#7217 = VERTEX_POINT ( 'NONE', #6970 ) ;
#7218 = CARTESIAN_POINT ( 'NONE',  ( 0.1571699756879950394, 0.1224609800327510489, 0.1877055431802802654 ) ) ;
#7219 = CARTESIAN_POINT ( 'NONE',  ( 0.1719548731234241956, 0.1500672567449960193, 0.1877055431802803209 ) ) ;
#7220 = CARTESIAN_POINT ( 'NONE',  ( -0.3266515648028209262, 0.05347452576505899724, 0.2270756231802804059 ) ) ;
#7221 = CARTESIAN_POINT ( 'NONE',  ( 0.1488217417306120227, 0.1331568200646063571, 0.1877055431802803209 ) ) ;
#7222 = DIRECTION ( 'NONE',  ( -0.000000000000000000, 1.000000000000000000, -0.000000000000000000 ) ) ;
#7223 = CARTESIAN_POINT ( 'NONE',  ( 0.3373637976141005135, 0.1224609800327510212, 0.1877055431802802654 ) ) ;
#7224 = CARTESIAN_POINT ( 'NONE',  ( -0.1507303888673315606, 0.1123058706817441632, 0.1877055431802803209 ) ) ;
#7225 = ADVANCED_FACE ( 'NONE', ( #2240 ), #6490, .T. ) ;
#7226 = DIRECTION ( 'NONE',  ( -0.3090169943757437032, -0.000000000000000000, 0.9510565162948948492 ) ) ;
#7227 = LINE ( 'NONE', #2295, #3412 ) ;
#7228 = EDGE_LOOP ( 'NONE', ( #2487, #1430, #6033, #6827 ) ) ;
#7229 = ADVANCED_FACE ( 'NONE', ( #4064 ), #3947, .T. ) ;
#7230 = VERTEX_POINT ( 'NONE', #5890 ) ;
#7231 = CARTESIAN_POINT ( 'NONE',  ( -0.07556107578874274311, 0.1164219276754522164, 0.2270756231802802949 ) ) ;
#7232 = DIRECTION ( 'NONE',  ( 0.000000000000000000, 0.000000000000000000, 1.000000000000000000 ) ) ;
#7233 = CARTESIAN_POINT ( 'NONE',  ( 0.3089933926363369610, 0.1309813300517349011, 0.2270756231802803504 ) ) ;
#7234 = CARTESIAN_POINT ( 'NONE',  ( -0.2353050050628337220, 0.08500882221256597648, 0.1877055431802803209 ) ) ;
#7235 = AXIS2_PLACEMENT_3D ( 'NONE', #999, #1043, #3382 ) ;
#7236 = CARTESIAN_POINT ( 'NONE',  ( -0.2121961143765483948, 0.1734624954450431356, 0.2270756231802802949 ) ) ;
#7237 = CARTESIAN_POINT ( 'NONE',  ( -0.08636448350592255963, 0.08724906565447565487, 0.2270756231802802672 ) ) ;
#7238 = EDGE_LOOP ( 'NONE', ( #4183, #6593, #3415, #4816 ) ) ;
#7239 = PLANE ( 'NONE',  #1515 ) ;
#7240 = CARTESIAN_POINT ( 'NONE',  ( -0.008213576461935602827, 0.06536509714943251892, 0.1877055431802803487 ) ) ;
#7241 = CARTESIAN_POINT ( 'NONE',  ( -0.1573907602311647447, 0.1665803233801773919, 0.1877055431802803487 ) ) ;
#7242 = CARTESIAN_POINT ( 'NONE',  ( 0.1489359146715841520, 0.1575507258785614484, 0.2270756231802802949 ) ) ;
#7243 = CARTESIAN_POINT ( 'NONE',  ( -0.2969389023584984577, 0.1226326522363244131, 0.1877055431802803209 ) ) ;
#7244 = ORIENTED_EDGE ( 'NONE', *, *, #6544, .T. ) ;
#7245 = AXIS2_PLACEMENT_3D ( 'NONE', #3594, #563, #2845 ) ;
#7246 = ORIENTED_EDGE ( 'NONE', *, *, #4684, .F. ) ;
#7247 = EDGE_CURVE ( 'NONE', #3793, #6642, #1255, .T. ) ;
#7248 = DIRECTION ( 'NONE',  ( 0.000000000000000000, -1.000000000000000000, 0.000000000000000000 ) ) ;
#7249 = CARTESIAN_POINT ( 'NONE',  ( -0.3422541382856664205, 0.05996049174431000717, 0.1877055431802802654 ) ) ;
#7250 = DIRECTION ( 'NONE',  ( -0.000000000000000000, -0.000000000000000000, 1.000000000000000000 ) ) ;
#7251 = CARTESIAN_POINT ( 'NONE',  ( -0.2546491179859494691, 0.07686560122631563852, 0.1877055431802803209 ) ) ;
#7252 = LINE ( 'NONE', #1280, #5952 ) ;
#7253 = EDGE_CURVE ( 'NONE', #2349, #5394, #2298, .T. ) ;
#7254 = EDGE_LOOP ( 'NONE', ( #7714, #2115, #7187, #2046 ) ) ;
#7255 = B_SPLINE_CURVE_WITH_KNOTS ( 'NONE', 3,
 ( #2045, #5212, #5695, #1534, #7579, #4468, #6370, #2208, #3233, #4623, #1417, #6897, #3829, #2673, #6251, #812, #190, #231, #3870 ),
 .UNSPECIFIED., .F., .F.,
 ( 4, 1, 1, 1, 1, 1, 1, 1, 1, 1, 1, 1, 1, 1, 1, 1, 4 ),
 ( 0.000000000000000000, 0.1121147956622135511, 0.2158018426882335195, 0.3102026923156547822, 0.3959929252987141046, 0.4734102307422356493, 0.5427784203605526825, 0.6045480222829329175, 0.6593572656120957332, 0.7087643617117435069, 0.7553555059484816647, 0.7986869938006724290, 0.8400168391480737906, 0.8802034470065464022, 0.9197333482458340814, 0.9590486059010152609, 1.000000000000000000 ),
 .UNSPECIFIED. ) ;
#7256 = CARTESIAN_POINT ( 'NONE',  ( -0.2485866321814278190, 0.05157522662077296260, 0.2270756231802802949 ) ) ;
#7257 = PLANE ( 'NONE',  #6318 ) ;
#7258 = CARTESIAN_POINT ( 'NONE',  ( -0.05692623870202734998, 0.08578937857363107267, 0.1877055431802802377 ) ) ;
#7259 = CARTESIAN_POINT ( 'NONE',  ( 0.1833788715403987246, 0.1219272540881391753, 0.1877055431802803487 ) ) ;
#7260 = CARTESIAN_POINT ( 'NONE',  ( 0.2731668365934048492, 0.1148058578033423621, 0.1877055431802803487 ) ) ;
#7261 = CARTESIAN_POINT ( 'NONE',  ( -0.8629613462613512365, 0.5799999999999999600, 0.2803931384887745626 ) ) ;
#7262 = CARTESIAN_POINT ( 'NONE',  ( -0.05474824770475324176, 0.1116465705686482679, 0.2270756231802802949 ) ) ;
#7263 = CARTESIAN_POINT ( 'NONE',  ( 0.2691321677754317521, 0.1279598359600032098, 0.2270756231802803504 ) ) ;
#7264 = CARTESIAN_POINT ( 'NONE',  ( -0.1643213624304233900, 0.1496925185430179606, 0.2270756231802802949 ) ) ;
#7265 = CARTESIAN_POINT ( 'NONE',  ( -0.4545211211598248480, 0.09867708236101879749, 0.2270756231802802949 ) ) ;
#7266 = EDGE_CURVE ( 'NONE', #5584, #7048, #4733, .T. ) ;
#7267 = CARTESIAN_POINT ( 'NONE',  ( 0.08893834584932630571, 0.1279598359600032376, 0.2270756231802802949 ) ) ;
#7268 = VERTEX_POINT ( 'NONE', #1724 ) ;
#7269 = B_SPLINE_CURVE_WITH_KNOTS ( 'NONE', 3,
 ( #1324, #5519, #6808, #2477, #4379, #184, #148, #5050, #2590, #2627, #7495, #2514, #4461, #2000, #5013, #4895, #2039, #1925, #6891 ),
 .UNSPECIFIED., .F., .F.,
 ( 4, 1, 1, 1, 1, 1, 1, 1, 1, 1, 1, 1, 1, 1, 1, 1, 4 ),
 ( 0.000000000000000000, 0.06593481762567697524, 0.1300372587941653058, 0.1923620702496508517, 0.2538195214289182822, 0.3141994357375421654, 0.3746698781567774361, 0.4351541180379872031, 0.4964786684939704320, 0.5578092661396397700, 0.6190309229821124859, 0.6796911875192902519, 0.7409612864102639307, 0.8033752905051763094, 0.8668176884999612142, 0.9323179771745060407, 1.000000000000000000 ),
 .UNSPECIFIED. ) ;
#7270 = VECTOR ( 'NONE', #4861, 39.37007874015748143 ) ;
#7271 = ORIENTED_EDGE ( 'NONE', *, *, #2640, .T. ) ;
#7272 = CYLINDRICAL_SURFACE ( 'NONE', #4566, 0.01999999999999999001 ) ;
#7273 = CARTESIAN_POINT ( 'NONE',  ( -0.3730093847760780901, 0.1766616843148396399, 0.2270756231802802949 ) ) ;
#7274 = CARTESIAN_POINT ( 'NONE',  ( 0.3240268557894206425, 0.1574036748098806837, 0.1877055431802803209 ) ) ;
#7275 = CARTESIAN_POINT ( 'NONE',  ( -0.4435462086823367955, 0.1791639872930616273, 0.1877055431802802654 ) ) ;
#7276 = CARTESIAN_POINT ( 'NONE',  ( 0.08723723411496853153, 0.1300300362658862174, 0.1877055431802802654 ) ) ;
#7277 = EDGE_CURVE ( 'NONE', #4244, #6505, #5330, .T. ) ;
#7278 = CARTESIAN_POINT ( 'NONE',  ( -0.1274854690015066738, 0.1571067526413934823, 0.1877055431802802099 ) ) ;
#7279 = ORIENTED_EDGE ( 'NONE', *, *, #1334, .T. ) ;
#7280 = CARTESIAN_POINT ( 'NONE',  ( -0.4044191985402883494, 0.07681518911668357152, 0.2270756231802803504 ) ) ;
#7281 = CARTESIAN_POINT ( 'NONE',  ( -0.9002795978602203819, 0.000000000000000000, 0.2070756231802803049 ) ) ;
#7282 = CARTESIAN_POINT ( 'NONE',  ( -0.2313675043450748314, 0.1550520783006191783, 0.1877055431802803209 ) ) ;
#7283 = CARTESIAN_POINT ( 'NONE',  ( 0.1752388711852818914, 0.1469729603695233422, 0.2270756231802802949 ) ) ;
#7284 = CARTESIAN_POINT ( 'NONE',  ( 0.8872926109963680252, 0.5799999999999999600, -0.07269820391708947671 ) ) ;
#7285 = VECTOR ( 'NONE', #752, 39.37007874015748143 ) ;
#7286 = AXIS2_PLACEMENT_3D ( 'NONE', #6845, #3182, #106 ) ;
#7287 = VERTEX_POINT ( 'NONE', #7426 ) ;
#7288 = VERTEX_POINT ( 'NONE', #2525 ) ;
#7289 = CARTESIAN_POINT ( 'NONE',  ( -0.3422541382856664205, 0.05996049174431000717, 0.2270756231802802672 ) ) ;
#7290 = CARTESIAN_POINT ( 'NONE',  ( -0.2106143666492356348, 0.07751678226972763541, 0.1877055431802803487 ) ) ;
#7291 = EDGE_CURVE ( 'NONE', #2650, #728, #3152, .T. ) ;
#7292 = CARTESIAN_POINT ( 'NONE',  ( 0.3393502860864233139, 0.1564162333108067016, 0.1877055431802802654 ) ) ;
#7293 = CARTESIAN_POINT ( 'NONE',  ( -0.4100074049925707675, 0.1716322787276937933, 0.2270756231802803504 ) ) ;
#7294 = VECTOR ( 'NONE', #3907, 39.37007874015748143 ) ;
#7295 = ORIENTED_EDGE ( 'NONE', *, *, #525, .F. ) ;
#7296 = AXIS2_PLACEMENT_3D ( 'NONE', #5098, #5621, #5060 ) ;
#7297 = CARTESIAN_POINT ( 'NONE',  ( -0.3156228264399692507, 0.07420273433367358118, 0.1877055431802803209 ) ) ;
#7298 = DIRECTION ( 'NONE',  ( 0.000000000000000000, 0.000000000000000000, 1.000000000000000000 ) ) ;
#7299 = CYLINDRICAL_SURFACE ( 'NONE', #271, 0.02000000000000002817 ) ;
#7300 = CARTESIAN_POINT ( 'NONE',  ( 0.1779642895158392579, 0.1435112042227956186, 0.2270756231802803782 ) ) ;
#7301 = CARTESIAN_POINT ( 'NONE',  ( -0.3296211151588215871, 0.05332096613699067317, 0.2270756231802802949 ) ) ;
#7302 = CARTESIAN_POINT ( 'NONE',  ( 0.1287995707102314868, 0.1309813300517348456, 0.2270756231802802116 ) ) ;
#7303 = CARTESIAN_POINT ( 'NONE',  ( -0.4558951227596042544, 0.1161615667949961322, 0.2270756231802802672 ) ) ;
#7304 = CARTESIAN_POINT ( 'NONE',  ( -0.4502140151082599795, 0.08076255979346129432, 0.1877055431802803209 ) ) ;
#7305 = LINE ( 'NONE', #5566, #1304 ) ;
#7306 = PLANE ( 'NONE',  #1745 ) ;
#7307 = CARTESIAN_POINT ( 'NONE',  ( -0.7541167953658587386, 0.2350000000000000144, 0.2070756231802803049 ) ) ;
#7308 = CARTESIAN_POINT ( 'NONE',  ( -0.2711983342301157451, 0.1435190334104979593, 0.1877055431802803764 ) ) ;
#7309 = EDGE_CURVE ( 'NONE', #2368, #2658, #7715, .T. ) ;
#7310 = ORIENTED_EDGE ( 'NONE', *, *, #6409, .T. ) ;
#7311 = CARTESIAN_POINT ( 'NONE',  ( 0.3142642777671725840, 0.1550795952179742643, 0.2270756231802803782 ) ) ;
#7312 = LINE ( 'NONE', #3719, #3200 ) ;
#7313 = CARTESIAN_POINT ( 'NONE',  ( -0.4088147541150096154, 0.05155436003967591579, 0.2270756231802802949 ) ) ;
#7314 = CARTESIAN_POINT ( 'NONE',  ( 0.05284910490982360626, 0.1437491157432898847, 0.2270756231802802949 ) ) ;
#7315 = CARTESIAN_POINT ( 'NONE',  ( 0.2947913305811339924, 0.1396086327027084295, 0.1877055431802803209 ) ) ;
#7316 = CC_DESIGN_SECURITY_CLASSIFICATION ( #5387, ( #93 ) ) ;
#7317 = CARTESIAN_POINT ( 'NONE',  ( -0.2788019907243203255, 0.1859040987637402553, 0.2270756231802802394 ) ) ;
#7318 = CARTESIAN_POINT ( 'NONE',  ( -0.3950543099958955806, 0.05328671837024312463, 0.2270756231802802672 ) ) ;
#7319 = ORIENTED_EDGE ( 'NONE', *, *, #4046, .T. ) ;
#7320 = CARTESIAN_POINT ( 'NONE',  ( -0.1813688884068177520, 0.1760051564090625298, 0.2270756231802802949 ) ) ;
#7321 = CARTESIAN_POINT ( 'NONE',  ( -0.3907480384660738659, 0.09251811426148003059, 0.2270756231802802949 ) ) ;
#7322 = EDGE_CURVE ( 'NONE', #1213, #4323, #1496, .T. ) ;
#7323 = DIRECTION ( 'NONE',  ( 1.000000000000000000, -0.000000000000000000, -6.829619984160660610E-15 ) ) ;
#7324 = CARTESIAN_POINT ( 'NONE',  ( 0.1145975086550285460, 0.1396086327027084295, 0.2270756231802802949 ) ) ;
#7325 = EDGE_CURVE ( 'NONE', #545, #7539, #473, .T. ) ;
#7326 = CARTESIAN_POINT ( 'NONE',  ( -0.7984020917776485371, 0.02000000000000012879, -0.06523805343215297037 ) ) ;
#7327 = EDGE_CURVE ( 'NONE', #6505, #221, #4945, .T. ) ;
#7328 = VERTEX_POINT ( 'NONE', #2047 ) ;
#7329 = CARTESIAN_POINT ( 'NONE',  ( 0.02811661954741698222, 0.1557841197812466771, 0.1877055431802803209 ) ) ;
#7330 = CARTESIAN_POINT ( 'NONE',  ( -0.04440886694058338025, 0.1440638065245837818, 0.2270756231802802672 ) ) ;
#7331 = PLANE ( 'NONE',  #2258 ) ;
#7332 = CARTESIAN_POINT ( 'NONE',  ( 0.3637441367944289072, 0.1178957599393610639, 0.1877055431802802654 ) ) ;
#7333 = CARTESIAN_POINT ( 'NONE',  ( -0.4152079421980557905, 0.1706780374008278200, 0.2270756231802802949 ) ) ;
#7334 = ORIENTED_EDGE ( 'NONE', *, *, #982, .F. ) ;
#7335 = DIRECTION ( 'NONE',  ( -0.000000000000000000, 0.000000000000000000, 1.000000000000000000 ) ) ;
#7336 = DIRECTION ( 'NONE',  ( 1.000000000000000000, -0.000000000000000000, 0.000000000000000000 ) ) ;
#7337 = PLANE ( 'NONE',  #6126 ) ;
#7338 = DIRECTION ( 'NONE',  ( -0.3090169943757442028, 0.000000000000000000, 0.9510565162948947382 ) ) ;
#7339 = CARTESIAN_POINT ( 'NONE',  ( 0.2736687959250440061, 0.1065134203498642879, 0.1877055431802803209 ) ) ;
#7340 = CARTESIAN_POINT ( 'NONE',  ( 0.1488217417306120227, 0.1331568200646063571, 0.2270756231802802949 ) ) ;
#7341 = CARTESIAN_POINT ( 'NONE',  ( -0.3959495690250308675, 0.1946156568559112565, 0.1877055431802803487 ) ) ;
#7342 = CARTESIAN_POINT ( 'NONE',  ( 0.2333636478227400501, 0.1090490693218373885, 0.1877055431802802654 ) ) ;
#7343 = AXIS2_PLACEMENT_3D ( 'NONE', #4002, #7033, #4601 ) ;
#7344 = DIRECTION ( 'NONE',  ( 1.000000000000000000, 0.000000000000000000, 0.000000000000000000 ) ) ;
#7345 = DIRECTION ( 'NONE',  ( -0.000000000000000000, -0.000000000000000000, 1.000000000000000000 ) ) ;
#7346 = CARTESIAN_POINT ( 'NONE',  ( -0.4160102527794666827, 0.05194176459345253155, 0.2270756231802802949 ) ) ;
#7347 = CARTESIAN_POINT ( 'NONE',  ( -0.2707189272805722302, 0.1468684287692857970, 0.1877055431802802377 ) ) ;
#7348 = VECTOR ( 'NONE', #1761, 39.37007874015748143 ) ;
#7349 = VECTOR ( 'NONE', #1123, 39.37007874015748143 ) ;
#7350 = ORIENTED_EDGE ( 'NONE', *, *, #1581, .F. ) ;
#7351 = DIRECTION ( 'NONE',  ( 0.000000000000000000, 0.000000000000000000, 1.000000000000000000 ) ) ;
#7352 = CARTESIAN_POINT ( 'NONE',  ( -0.3654955561150531884, 0.1578916287957480569, 0.2270756231802802949 ) ) ;
#7353 = CARTESIAN_POINT ( 'NONE',  ( 0.3142642777671725840, 0.1550795952179742643, 0.1877055431802803764 ) ) ;
#7354 = ORIENTED_EDGE ( 'NONE', *, *, #7076, .F. ) ;
#7355 = CARTESIAN_POINT ( 'NONE',  ( 0.08495165008446524391, 0.1575507258785614484, 0.1877055431802803209 ) ) ;
#7356 = CARTESIAN_POINT ( 'NONE',  ( 0.1240655743140797185, 0.1266195112699204928, 0.1877055431802803209 ) ) ;
#7357 = CARTESIAN_POINT ( 'NONE',  ( 0.1059643195478812833, 0.1505145623102361607, 0.2270756231802804059 ) ) ;
#7358 = CARTESIAN_POINT ( 'NONE',  ( -0.2338671654535293409, 0.1935602870887397353, 0.2270756231802802949 ) ) ;
#7359 = ORIENTED_EDGE ( 'NONE', *, *, #474, .F. ) ;
#7360 = AXIS2_PLACEMENT_3D ( 'NONE', #7566, #2585, #6884 ) ;
#7361 = AXIS2_PLACEMENT_3D ( 'NONE', #2600, #7392, #852 ) ;
#7362 = CARTESIAN_POINT ( 'NONE',  ( -0.1692296888840178481, 0.1890555692661894105, 0.1877055431802803209 ) ) ;
#7363 = FACE_OUTER_BOUND ( 'NONE', #3084, .T. ) ;
#7364 = CARTESIAN_POINT ( 'NONE',  ( 0.1541572036264606538, 0.1573994665691200445, 0.2270756231802803504 ) ) ;
#7365 = DIRECTION ( 'NONE',  ( -0.000000000000000000, -0.000000000000000000, 1.000000000000000000 ) ) ;
#7366 = ADVANCED_FACE ( 'NONE', ( #6900 ), #1460, .T. ) ;
#7367 = AXIS2_PLACEMENT_3D ( 'NONE', #1319, #24, #4890 ) ;
#7368 = ORIENTED_EDGE ( 'NONE', *, *, #3727, .F. ) ;
#7369 = CARTESIAN_POINT ( 'NONE',  ( -0.03661293198700642931, 0.1451844831973581607, 0.1877055431802803487 ) ) ;
#7370 = DIRECTION ( 'NONE',  ( -0.000000000000000000, -0.000000000000000000, 1.000000000000000000 ) ) ;
#7371 = CARTESIAN_POINT ( 'NONE',  ( 0.2436426260983166336, 0.1522592120339255062, 0.2270756231802802672 ) ) ;
#7372 = CARTESIAN_POINT ( 'NONE',  ( 0.3343510255525660169, 0.1573994665691200445, 0.1877055431802803487 ) ) ;
#7373 = CARTESIAN_POINT ( 'NONE',  ( -0.4305272750531110582, 0.1398691223169714337, 0.2270756231802803504 ) ) ;
#7374 = ADVANCED_FACE ( 'NONE', ( #158 ), #6298, .T. ) ;
#7375 = VECTOR ( 'NONE', #7164, 39.37007874015748143 ) ;
#7376 = PRODUCT ( 'SingleDoveTail', 'SingleDoveTail', '', ( #4958 ) ) ;
#7377 = ORIENTED_EDGE ( 'NONE', *, *, #800, .T. ) ;
#7378 = CARTESIAN_POINT ( 'NONE',  ( 0.05970463544723062649, 0.1498559489173968973, 0.1877055431802802377 ) ) ;
#7379 = B_SPLINE_CURVE_WITH_KNOTS ( 'NONE', 3,
 ( #1190, #5426, #6677, #4917, #3048, #3130, #7885, #3691, #6152, #4292, #7324 ),
 .UNSPECIFIED., .F., .F.,
 ( 4, 1, 1, 1, 1, 1, 1, 1, 4 ),
 ( 0.000000000000000000, 0.1279957221563329806, 0.2519554385112742212, 0.3734136720239900620, 0.4948012916471809519, 0.6170686537101857105, 0.7406196001507227011, 0.8669612012552118108, 0.9999999999999998890 ),
 .UNSPECIFIED. ) ;
#7380 = CARTESIAN_POINT ( 'NONE',  ( -0.01647570697056421896, 0.1402187978926991152, 0.1877055431802803209 ) ) ;
#7381 = CARTESIAN_POINT ( 'NONE',  ( -0.2660221304712351853, 0.1939056131176330466, 0.1877055431802803487 ) ) ;
#7382 = CYLINDRICAL_SURFACE ( 'NONE', #3259, 0.02000000000000003164 ) ;
#7383 = DIRECTION ( 'NONE',  ( -0.000000000000000000, -1.000000000000000000, -0.000000000000000000 ) ) ;
#7384 = CARTESIAN_POINT ( 'NONE',  ( 0.1183738541507912134, 0.1066331478077492678, 0.2270756231802803782 ) ) ;
#7385 = CARTESIAN_POINT ( 'NONE',  ( -0.3666430379170080855, 0.1622763871575219063, 0.1877055431802803209 ) ) ;
#7386 = CARTESIAN_POINT ( 'NONE',  ( -0.4088147541150096154, 0.05155436003967591579, 0.1877055431802803209 ) ) ;
#7387 = DIRECTION ( 'NONE',  ( -0.000000000000000000, -0.000000000000000000, 1.000000000000000000 ) ) ;
#7388 = CARTESIAN_POINT ( 'NONE',  ( 0.2582201017859991898, 0.1344665642319647358, 0.2270756231802802116 ) ) ;
#7389 = FACE_OUTER_BOUND ( 'NONE', #1991, .T. ) ;
#7390 = LINE ( 'NONE', #3750, #3545 ) ;
#7391 = VERTEX_POINT ( 'NONE', #4354 ) ;
#7392 = DIRECTION ( 'NONE',  ( 0.3090169943757442028, 0.000000000000000000, -0.9510565162948947382 ) ) ;
#7393 = CARTESIAN_POINT ( 'NONE',  ( -0.3817656024622261279, 0.1870569757980301284, 0.1877055431802803209 ) ) ;
#7394 = CYLINDRICAL_SURFACE ( 'NONE', #4095, 0.01999999999999999001 ) ;
#7395 = CARTESIAN_POINT ( 'NONE',  ( -0.2937590725723595031, 0.08894954109946526244, 0.1877055431802803487 ) ) ;
#7396 = ORIENTED_EDGE ( 'NONE', *, *, #6467, .T. ) ;
#7397 = CARTESIAN_POINT ( 'NONE',  ( 0.07526291976950461038, 0.1345848466134695609, 0.2270756231802804059 ) ) ;
#7398 = CARTESIAN_POINT ( 'NONE',  ( 0.1222413661436687338, 0.1238680015157979097, 0.1877055431802802654 ) ) ;
#7399 = CARTESIAN_POINT ( 'NONE',  ( -0.2283883911110681786, 0.1116533956497245961, 0.2270756231802802672 ) ) ;
#7400 = CARTESIAN_POINT ( 'NONE',  ( -0.2076484891586798665, 0.1622763871575219619, 0.2270756231802803504 ) ) ;
#7401 = ORIENTED_EDGE ( 'NONE', *, *, #2977, .F. ) ;
#7402 = CARTESIAN_POINT ( 'NONE',  ( -0.1616387316153825582, 0.1931752252600517361, 0.2270756231802802672 ) ) ;
#7403 = CARTESIAN_POINT ( 'NONE',  ( -0.02179431451913660389, 0.08772806630270606199, 0.1877055431802803764 ) ) ;
#7404 = DIRECTION ( 'NONE',  ( 0.000000000000000000, -1.000000000000000000, 0.000000000000000000 ) ) ;
#7405 = CARTESIAN_POINT ( 'NONE',  ( -0.1090951645737894132, 0.1282931994486727900, 0.2270756231802802949 ) ) ;
#7406 = ORIENTED_EDGE ( 'NONE', *, *, #6829, .F. ) ;
#7407 = CARTESIAN_POINT ( 'NONE',  ( -0.4100074049925707675, 0.1716322787276937933, 0.1877055431802803487 ) ) ;
#7408 = CARTESIAN_POINT ( 'NONE',  ( -0.1420161284721263573, 0.1963553482031242248, 0.1877055431802803209 ) ) ;
#7409 = CARTESIAN_POINT ( 'NONE',  ( -0.2751416144506559358, 0.05872463622662364019, 0.2270756231802803504 ) ) ;
#7410 = ORIENTED_EDGE ( 'NONE', *, *, #4777, .F. ) ;
#7411 = CARTESIAN_POINT ( 'NONE',  ( -0.2688321119520666880, 0.09234934665383363883, 0.1877055431802803487 ) ) ;
#7412 = CARTESIAN_POINT ( 'NONE',  ( -0.4181110359688795519, 0.1693594917623949259, 0.2270756231802802672 ) ) ;
#7413 = ORIENTED_EDGE ( 'NONE', *, *, #1444, .T. ) ;
#7414 = CARTESIAN_POINT ( 'NONE',  ( -0.2968697753306905884, 0.1315847090563787847, 0.2270756231802802672 ) ) ;
#7415 = DIRECTION ( 'NONE',  ( 0.3090169943757414828, 2.110468640233826265E-15, 0.9510565162948955154 ) ) ;
#7416 = CARTESIAN_POINT ( 'NONE',  ( -0.4265661476282155418, 0.08908294506367810117, 0.1877055431802803487 ) ) ;
#7417 = CARTESIAN_POINT ( 'NONE',  ( -0.4446161308059040640, 0.1776734734557873785, 0.1877055431802803209 ) ) ;
#7418 = FACE_OUTER_BOUND ( 'NONE', #6679, .T. ) ;
#7419 = CARTESIAN_POINT ( 'NONE',  ( -0.4559334511168267046, 0.1226326522363244131, 0.1877055431802803209 ) ) ;
#7420 = CARTESIAN_POINT ( 'NONE',  ( 0.2824525682755134603, 0.1530408857370942066, 0.1877055431802803209 ) ) ;
#7421 = CARTESIAN_POINT ( 'NONE',  ( 0.1564009654602561417, 0.1248285621300073978, 0.2270756231802803782 ) ) ;
#7422 = CARTESIAN_POINT ( 'NONE',  ( -0.4286919581732846485, 0.05556186941036738575, 0.2270756231802803504 ) ) ;
#7423 = CARTESIAN_POINT ( 'NONE',  ( -0.1813688884068177520, 0.1760051564090625298, 0.2270756231802802949 ) ) ;
#7424 = EDGE_CURVE ( 'NONE', #3818, #709, #3142, .T. ) ;
#7425 = ORIENTED_EDGE ( 'NONE', *, *, #5606, .F. ) ;
#7426 = CARTESIAN_POINT ( 'NONE',  ( -0.03951127011541345074, 0.07628684540208252596, 0.1877055431802803209 ) ) ;
#7427 = LINE ( 'NONE', #2638, #3475 ) ;
#7428 = DIRECTION ( 'NONE',  ( -1.000000000000000000, 0.000000000000000000, -0.000000000000000000 ) ) ;
#7429 = CARTESIAN_POINT ( 'NONE',  ( -0.2348316567497764906, 0.08575474995487882002, 0.2270756231802802949 ) ) ;
#7430 = B_SPLINE_CURVE_WITH_KNOTS ( 'NONE', 3,
 ( #2100, #2061, #7554, #866, #3286, #1433, #7032, #7595, #6949, #1509, #2181 ),
 .UNSPECIFIED., .F., .F.,
 ( 4, 1, 1, 1, 1, 1, 1, 1, 4 ),
 ( 0.000000000000000000, 0.1240354330026189611, 0.2428459548115304290, 0.3603416824496165627, 0.4790424316556552986, 0.5993341100427879153, 0.7254884757708269793, 0.8585494285274631876, 1.000000000000000000 ),
 .UNSPECIFIED. ) ;
#7431 = ORIENTED_EDGE ( 'NONE', *, *, #6093, .F. ) ;
#7432 = CARTESIAN_POINT ( 'NONE',  ( 0.07526291976950461038, 0.1345848466134695609, 0.1877055431802803209 ) ) ;
#7433 = CARTESIAN_POINT ( 'NONE',  ( 0.3334192443024109886, 0.1299918611598430140, 0.2270756231802803504 ) ) ;
#7434 = CARTESIAN_POINT ( 'NONE',  ( 0.1122110899836359921, 0.1437533640175094607, 0.2270756231802803504 ) ) ;
#7435 = ORIENTED_EDGE ( 'NONE', *, *, #4196, .T. ) ;
#7436 = CARTESIAN_POINT ( 'NONE',  ( -0.2090108107677271509, 0.1663007680598009852, 0.2270756231802803504 ) ) ;
#7437 = VERTEX_POINT ( 'NONE', #729 ) ;
#7438 = CARTESIAN_POINT ( 'NONE',  ( 0.1240655743140797185, 0.1266195112699204928, 0.1877055431802803209 ) ) ;
#7439 = CARTESIAN_POINT ( 'NONE',  ( -0.02685783383535584809, 0.08107939211908005150, 0.1877055431802802377 ) ) ;
#7440 = LINE ( 'NONE', #3131, #5962 ) ;
#7441 = APPROVAL_PERSON_ORGANIZATION ( #1706, #3561, #4083 ) ;
#7442 = VERTEX_POINT ( 'NONE', #3154 ) ;
#7443 = LINE ( 'NONE', #6836, #142 ) ;
#7444 = DIRECTION ( 'NONE',  ( 1.000000000000000000, 0.000000000000000000, -7.492926119852202457E-14 ) ) ;
#7445 = CARTESIAN_POINT ( 'NONE',  ( 0.2605255779933770555, 0.1574212869062752984, 0.1877055431802802654 ) ) ;
#7446 = EDGE_LOOP ( 'NONE', ( #6941, #3607, #5703, #6224 ) ) ;
#7447 = B_SPLINE_CURVE_WITH_KNOTS ( 'NONE', 3,
 ( #6461, #3432, #1094, #7185, #7788, #2294, #4194, #5411, #4630, #1698, #4708 ),
 .UNSPECIFIED., .F., .F.,
 ( 4, 1, 1, 1, 1, 1, 1, 1, 4 ),
 ( 0.000000000000000000, 0.1279957221563329806, 0.2519554385112742212, 0.3734136720239900620, 0.4948012916471809519, 0.6170686537101857105, 0.7406196001507227011, 0.8669612012552118108, 0.9999999999999998890 ),
 .UNSPECIFIED. ) ;
#7448 = DIRECTION ( 'NONE',  ( -0.000000000000000000, 1.000000000000000000, -0.000000000000000000 ) ) ;
#7449 = DIRECTION ( 'NONE',  ( 1.000000000000000000, 0.000000000000000000, 0.000000000000000000 ) ) ;
#7450 = EDGE_LOOP ( 'NONE', ( #3299, #1312, #7830, #4452, #2460, #7137, #6265, #1215, #2384, #2806, #3961, #1268, #7634, #4090, #2535 ) ) ;
#7451 = CARTESIAN_POINT ( 'NONE',  ( 0.05394919329243837852, 0.1448594210569836005, 0.2270756231802803782 ) ) ;
#7452 = LINE ( 'NONE', #4342, #409 ) ;
#7453 = CARTESIAN_POINT ( 'NONE',  ( -0.8170073864329985280, 0.01999999999999999001, -0.07269820391708309293 ) ) ;
#7454 = DIRECTION ( 'NONE',  ( -1.000000000000000000, 0.000000000000000000, 0.000000000000000000 ) ) ;
#7455 = LINE ( 'NONE', #6332, #1124 ) ;
#7456 = CARTESIAN_POINT ( 'NONE',  ( 0.2993928848171694690, 0.1147944594768764842, 0.2270756231802802116 ) ) ;
#7457 = CARTESIAN_POINT ( 'NONE',  ( -0.3626175537459139786, 0.1110784246041664758, 0.1877055431802803209 ) ) ;
#7458 = CARTESIAN_POINT ( 'NONE',  ( 0.1835779561111157976, 0.1136616056483979037, 0.1877055431802803209 ) ) ;
#7459 = LINE ( 'NONE', #7649, #5192 ) ;
#7460 = EDGE_CURVE ( 'NONE', #4571, #4108, #6660, .T. ) ;
#7461 = CARTESIAN_POINT ( 'NONE',  ( -0.1888604029292720032, 0.1524775614272266822, 0.2270756231802803504 ) ) ;
#7462 = EDGE_CURVE ( 'NONE', #301, #7829, #6842, .T. ) ;
#7463 = ADVANCED_FACE ( 'NONE', ( #5290 ), #2792, .T. ) ;
#7464 = EDGE_LOOP ( 'NONE', ( #823, #3323, #3895, #88 ) ) ;
#7465 = CARTESIAN_POINT ( 'NONE',  ( -0.2968697753306905884, 0.1315847090563787847, 0.2270756231802802672 ) ) ;
#7466 = CARTESIAN_POINT ( 'NONE',  ( -0.04514232705060423900, 0.1438595286243720406, 0.2270756231802802949 ) ) ;
#7467 = VECTOR ( 'NONE', #5819, 39.37007874015748143 ) ;
#7468 = CARTESIAN_POINT ( 'NONE',  ( 0.005011894346760734954, 0.09459938963702042847, 0.2270756231802802672 ) ) ;
#7469 = EDGE_CURVE ( 'NONE', #3192, #7042, #4773, .T. ) ;
#7470 = DIRECTION ( 'NONE',  ( -0.000000000000000000, -0.000000000000000000, 1.000000000000000000 ) ) ;
#7471 = ORIENTED_EDGE ( 'NONE', *, *, #6635, .T. ) ;
#7472 = CARTESIAN_POINT ( 'NONE',  ( -0.4414543001043751413, 0.1820782355482234161, 0.1877055431802803209 ) ) ;
#7473 = CARTESIAN_POINT ( 'NONE',  ( 0.2784931471963981164, 0.1550865778502543701, 0.1877055431802803209 ) ) ;
#7474 = FACE_OUTER_BOUND ( 'NONE', #2022, .T. ) ;
#7475 = ORIENTED_EDGE ( 'NONE', *, *, #3118, .F. ) ;
#7476 = EDGE_CURVE ( 'NONE', #5394, #7008, #6273, .T. ) ;
#7477 = CARTESIAN_POINT ( 'NONE',  ( -0.2159414217718825801, 0.06792182635784677069, 0.2270756231802803504 ) ) ;
#7478 = ORIENTED_EDGE ( 'NONE', *, *, #6383, .F. ) ;
#7479 = CARTESIAN_POINT ( 'NONE',  ( -0.1026122316538751328, 0.1550940392744830920, 0.1877055431802803209 ) ) ;
#7480 = CARTESIAN_POINT ( 'NONE',  ( -0.03181665873765611441, 0.07783548662964830112, 0.1877055431802803209 ) ) ;
#7481 = CARTESIAN_POINT ( 'NONE',  ( -0.1051352322305385140, 0.1387934803129742267, 0.1877055431802802654 ) ) ;
#7482 = B_SPLINE_CURVE_WITH_KNOTS ( 'NONE', 3,
 ( #2475, #516, #2357, #6768, #1322, #4930, #7380, #1923, #4341, #6470, #5946, #4122, #5347, #1141, #6584, #6547, #7760, #3440, #1101 ),
 .UNSPECIFIED., .F., .F.,
 ( 4, 1, 1, 1, 1, 1, 1, 1, 1, 1, 1, 1, 1, 1, 1, 1, 4 ),
 ( 0.000000000000000000, 0.06340052940042834040, 0.1249764099331407696, 0.1844921876584958986, 0.2434736282965417054, 0.3022637321141444788, 0.3613835718304162503, 0.4214817654110648015, 0.4834545367577933739, 0.5459360688045384880, 0.6081426980855854092, 0.6698202920949499761, 0.7323322942692659376, 0.7960922343214104080, 0.8616426668792320775, 0.9294352318828827952, 1.000000000000000000 ),
 .UNSPECIFIED. ) ;
#7483 = AXIS2_PLACEMENT_3D ( 'NONE', #514, #1608, #2207 ) ;
#7484 = EDGE_LOOP ( 'NONE', ( #4844, #6899, #7354, #321 ) ) ;
#7485 = CARTESIAN_POINT ( 'NONE',  ( 0.2554567416956101122, 0.1345848466134695887, 0.2270756231802803504 ) ) ;
#7486 = CARTESIAN_POINT ( 'NONE',  ( -0.1326980689821333770, 0.1952257780714161395, 0.1877055431802803209 ) ) ;
#7487 = CARTESIAN_POINT ( 'NONE',  ( 0.2341430152185438318, 0.1448594210569836005, 0.1877055431802803209 ) ) ;
#7488 = EDGE_LOOP ( 'NONE', ( #6016, #5821, #6476, #1987 ) ) ;
#7489 = CARTESIAN_POINT ( 'NONE',  ( 0.2330429268359290595, 0.05508757223430543054, 0.2270756231802802949 ) ) ;
#7490 = CARTESIAN_POINT ( 'NONE',  ( 0.2332031547285542128, 0.1060534965843292071, 0.1877055431802803487 ) ) ;
#7491 = AXIS2_PLACEMENT_3D ( 'NONE', #3872, #1337, #79 ) ;
#7492 = ORIENTED_EDGE ( 'NONE', *, *, #3563, .T. ) ;
#7493 = CARTESIAN_POINT ( 'NONE',  ( -0.01959503830808758534, 0.09784415641987861956, 0.2270756231802802949 ) ) ;
#7494 = CARTESIAN_POINT ( 'NONE',  ( 0.2330429268359290595, 0.1557841197812466771, 0.2270756231802802949 ) ) ;
#7495 = CARTESIAN_POINT ( 'NONE',  ( -0.07350291997861883864, 0.06401431351405678649, 0.1877055431802804042 ) ) ;
#7496 = CARTESIAN_POINT ( 'NONE',  ( -0.2274202732967562368, 0.05700635576611834399, 0.2270756231802804059 ) ) ;
#7497 = CARTESIAN_POINT ( 'NONE',  ( -0.3306197741949742919, 0.08329895247165206018, 0.1877055431802803209 ) ) ;
#7498 = CARTESIAN_POINT ( 'NONE',  ( -0.1062423888502868202, 0.1353547172686054012, 0.2270756231802803782 ) ) ;
#7499 = CARTESIAN_POINT ( 'NONE',  ( -0.3838486450326329402, 0.05869635865683606873, 0.2270756231802802116 ) ) ;
#7500 = VECTOR ( 'NONE', #1154, 39.37007874015748143 ) ;
#7501 = CARTESIAN_POINT ( 'NONE',  ( -0.2033087792008162475, 0.1239300035890399387, 0.2270756231802802949 ) ) ;
#7502 = EDGE_CURVE ( 'NONE', #83, #2349, #5892, .T. ) ;
#7503 = CARTESIAN_POINT ( 'NONE',  ( -0.08636448350592255963, 0.08724906565447565487, 0.2270756231802802672 ) ) ;
#7504 = EDGE_LOOP ( 'NONE', ( #7147, #1700, #3124, #7856 ) ) ;
#7505 = DIRECTION ( 'NONE',  ( 6.829619984160661399E-15, 0.000000000000000000, -1.000000000000000000 ) ) ;
#7506 = DIRECTION ( 'NONE',  ( 0.000000000000000000, 0.000000000000000000, -1.000000000000000000 ) ) ;
#7507 = CARTESIAN_POINT ( 'NONE',  ( -0.01908764042373331526, 0.05689934592194337976, 0.2270756231802802116 ) ) ;
#7508 = CARTESIAN_POINT ( 'NONE',  ( 0.2990532999088790223, 0.1123228830382821952, 0.2270756231802803782 ) ) ;
#7509 = ORIENTED_EDGE ( 'NONE', *, *, #1970, .T. ) ;
#7510 = CARTESIAN_POINT ( 'NONE',  ( -0.2294895333840923091, 0.1467150649914887584, 0.2270756231802803504 ) ) ;
#7511 = CARTESIAN_POINT ( 'NONE',  ( -0.2701823250228759243, 0.1499195022516500719, 0.2270756231802803504 ) ) ;
#7512 = CARTESIAN_POINT ( 'NONE',  ( -0.1507303888673315606, 0.1123058706817441632, 0.2270756231802803504 ) ) ;
#7513 = EDGE_LOOP ( 'NONE', ( #6400, #5165, #180, #2236 ) ) ;
#7514 = CARTESIAN_POINT ( 'NONE',  ( -0.2033475089993513341, 0.1173761928999585702, 0.2270756231802802949 ) ) ;
#7515 = VERTEX_POINT ( 'NONE', #7174 ) ;
#7516 = CARTESIAN_POINT ( 'NONE',  ( 0.8098845308779292207, 0.2149999999999998856, 0.2270756231802802949 ) ) ;
#7517 = CYLINDRICAL_SURFACE ( 'NONE', #6820, 0.01999999999999999001 ) ;
#7518 = EDGE_CURVE ( 'NONE', #5629, #177, #5366, .T. ) ;
#7519 = CARTESIAN_POINT ( 'NONE',  ( -0.1034907831655028781, 0.1454778591117225350, 0.2270756231802802672 ) ) ;
#7520 = CARTESIAN_POINT ( 'NONE',  ( 0.7080070247953581530, 0.5799999999999999600, -0.06523805343214902908 ) ) ;
#7521 = B_SPLINE_SURFACE_WITH_KNOTS ( 'NONE', 3, 1, ( 
 ( #5418, #7112 ),
 ( #1664, #2372 ),
 ( #4754, #7153 ),
 ( #4833, #4082 ),
 ( #7191, #5910 ),
 ( #1743, #5307 ),
 ( #534, #4163 ),
 ( #1705, #5384 ),
 ( #7836, #4796 ),
 ( #7234, #1782 ),
 ( #4203, #1182 ) ),
 .UNSPECIFIED., .F., .F., .F.,
 ( 4, 1, 1, 1, 1, 1, 1, 1, 4 ),
 ( 2, 2 ),
 ( 0.000000000000000000, 0.1240354330026189611, 0.2428459548115304290, 0.3603416824496165627, 0.4790424316556552986, 0.5993341100427879153, 0.7254884757708269793, 0.8585494285274631876, 1.000000000000000000 ),
 ( 0.000000000000000000, 1.000000000000000000 ),
 .UNSPECIFIED. ) ;
#7522 = VERTEX_POINT ( 'NONE', #7095 ) ;
#7523 = CARTESIAN_POINT ( 'NONE',  ( -0.02685783383535584809, 0.08107939211908005150, 0.1877055431802802377 ) ) ;
#7524 = CARTESIAN_POINT ( 'NONE',  ( 0.1588454707487091389, 0.05508757223430543054, 0.1877055431802803209 ) ) ;
#7525 = CARTESIAN_POINT ( 'NONE',  ( -0.2510537452364254296, 0.05157562912308819719, 0.1877055431802803209 ) ) ;
#7526 = ORIENTED_EDGE ( 'NONE', *, *, #4206, .T. ) ;
#7527 = CARTESIAN_POINT ( 'NONE',  ( 0.2350253303975985697, 0.1186273202245977793, 0.2270756231802802949 ) ) ;
#7528 = CARTESIAN_POINT ( 'NONE',  ( -0.1453696198529463857, 0.1716835746570795074, 0.1877055431802803209 ) ) ;
#7529 = ORIENTED_EDGE ( 'NONE', *, *, #1930, .F. ) ;
#7530 = CARTESIAN_POINT ( 'NONE',  ( -0.2926640161568907494, 0.1617776613979029221, 0.1877055431802803209 ) ) ;
#7531 = CARTESIAN_POINT ( 'NONE',  ( -0.1026122316538751328, 0.1550940392744830920, 0.1877055431802803209 ) ) ;
#7532 = CARTESIAN_POINT ( 'NONE',  ( -0.1628890834677349242, 0.1571693242842661375, 0.1877055431802801821 ) ) ;
#7533 = CARTESIAN_POINT ( 'NONE',  ( -0.2331057812615791036, 0.08891139733545250223, 0.1877055431802803209 ) ) ;
#7534 = CARTESIAN_POINT ( 'NONE',  ( -0.03975969909784833611, 0.1699169685597647361, 0.2270756231802802949 ) ) ;
#7535 = DIRECTION ( 'NONE',  ( -0.000000000000000000, -0.000000000000000000, 1.000000000000000000 ) ) ;
#7536 = CARTESIAN_POINT ( 'NONE',  ( 0.3390392926748146407, 0.05508757223430543054, 0.2270756231802802949 ) ) ;
#7537 = DIRECTION ( 'NONE',  ( -0.000000000000000000, -0.000000000000000000, 1.000000000000000000 ) ) ;
#7538 = VECTOR ( 'NONE', #2589, 39.37007874015748143 ) ;
#7539 = VERTEX_POINT ( 'NONE', #3582 ) ;
#7540 = CARTESIAN_POINT ( 'NONE',  ( -0.2942020380832132687, 0.1551927591837698184, 0.2270756231802804059 ) ) ;
#7541 = CARTESIAN_POINT ( 'NONE',  ( -0.3730093847760780901, 0.1766616843148396399, 0.1877055431802803209 ) ) ;
#7542 = DIRECTION ( 'NONE',  ( 0.000000000000000000, -1.000000000000000000, 0.000000000000000000 ) ) ;
#7543 = CARTESIAN_POINT ( 'NONE',  ( 0.2985676760768966043, 0.1066331478077492539, 0.1877055431802803487 ) ) ;
#7544 = ORIENTED_EDGE ( 'NONE', *, *, #3126, .T. ) ;
#7545 = CARTESIAN_POINT ( 'NONE',  ( 0.2667045629304228282, 0.1575016855261949789, 0.2270756231802802949 ) ) ;
#7546 = ADVANCED_FACE ( 'NONE', ( #7740 ), #6567, .F. ) ;
#7547 = LINE ( 'NONE', #2095, #7848 ) ;
#7548 = AXIS2_PLACEMENT_3D ( 'NONE', #648, #4396, #6708 ) ;
#7549 = FACE_OUTER_BOUND ( 'NONE', #4672, .T. ) ;
#7550 = EDGE_LOOP ( 'NONE', ( #6855, #3568, #4319, #7089, #4766 ) ) ;
#7551 = VECTOR ( 'NONE', #6443, 39.37007874015748143 ) ;
#7552 = CARTESIAN_POINT ( 'NONE',  ( -0.2055464221625296906, 0.09446649819021490924, 0.1877055431802803209 ) ) ;
#7553 = ORIENTED_EDGE ( 'NONE', *, *, #2078, .T. ) ;
#7554 = CARTESIAN_POINT ( 'NONE',  ( -0.2476377692918951268, 0.07635462944205607949, 0.1877055431802803209 ) ) ;
#7555 = CARTESIAN_POINT ( 'NONE',  ( 0.05560907016164067657, 0.1209931974105246250, 0.1877055431802803209 ) ) ;
#7556 =( CONVERSION_BASED_UNIT ( 'INCH', #2654 ) LENGTH_UNIT ( ) NAMED_UNIT ( #1399 ) );
#7557 = B_SPLINE_CURVE_WITH_KNOTS ( 'NONE', 3,
 ( #2811, #3971, #1550, #4526, #6954, #5234, #3250, #7037, #2729, #3363, #2771 ),
 .UNSPECIFIED., .F., .F.,
 ( 4, 1, 1, 1, 1, 1, 1, 1, 4 ),
 ( 0.000000000000000000, 0.1240354330026189611, 0.2428459548115304290, 0.3603416824496165627, 0.4790424316556552986, 0.5993341100427879153, 0.7254884757708269793, 0.8585494285274631876, 1.000000000000000000 ),
 .UNSPECIFIED. ) ;
#7558 = CARTESIAN_POINT ( 'NONE',  ( 0.3306138545720399002, 0.1322648544531810633, 0.2270756231802803504 ) ) ;
#7559 = CARTESIAN_POINT ( 'NONE',  ( 0.3190488742607218153, 0.1565164389030433700, 0.2270756231802802672 ) ) ;
#7560 = ORIENTED_EDGE ( 'NONE', *, *, #2561, .T. ) ;
#7561 = CARTESIAN_POINT ( 'NONE',  ( -0.4252245192909672733, 0.1615744102140276028, 0.1877055431802803209 ) ) ;
#7562 = CARTESIAN_POINT ( 'NONE',  ( -0.04242573316557761431, 0.07639752971394304926, 0.2270756231802802672 ) ) ;
#7563 = CARTESIAN_POINT ( 'NONE',  ( -0.4158531448143500953, 0.07764787570090497804, 0.2270756231802802672 ) ) ;
#7564 = EDGE_CURVE ( 'NONE', #1738, #177, #3538, .T. ) ;
#7565 = EDGE_LOOP ( 'NONE', ( #5354, #1776, #4118, #5068 ) ) ;
#7566 = CARTESIAN_POINT ( 'NONE',  ( -0.7979862561071006111, 0.5999999999999999778, -0.06651786402956820499 ) ) ;
#7567 = CARTESIAN_POINT ( 'NONE',  ( 0.2984073524365751795, 0.05508757223430543054, 0.2270756231802802949 ) ) ;
#7568 = LOCAL_TIME ( 12, 3, 37.00000000000000000, #3968 ) ;
#7569 = EDGE_CURVE ( 'NONE', #3773, #1224, #390, .T. ) ;
#7570 = ORIENTED_EDGE ( 'NONE', *, *, #6379, .T. ) ;
#7571 = CARTESIAN_POINT ( 'NONE',  ( -0.7541167953658587386, 0.5799999999999999600, 0.06959530821986563420 ) ) ;
#7572 = ORIENTED_EDGE ( 'NONE', *, *, #775, .T. ) ;
#7573 = CARTESIAN_POINT ( 'NONE',  ( -0.3286226940489787585, 0.08329852876002377671, 0.2270756231802802949 ) ) ;
#7574 = CARTESIAN_POINT ( 'NONE',  ( -0.3189617161525609701, 0.05767658588707254980, 0.1877055431802803209 ) ) ;
#7575 = CARTESIAN_POINT ( 'NONE',  ( -0.3884840821424204171, 0.1467150649914887584, 0.1877055431802802654 ) ) ;
#7576 = CARTESIAN_POINT ( 'NONE',  ( -0.7984020917776485371, 0.5799999999999999600, -0.06523805343215297037 ) ) ;
#7577 = CARTESIAN_POINT ( 'NONE',  ( 0.2990532999088790223, 0.1123228830382821952, 0.2270756231802803504 ) ) ;
#7578 = CARTESIAN_POINT ( 'NONE',  ( -0.2491369283139881208, 0.1716511639888169127, 0.1877055431802802654 ) ) ;
#7579 = CARTESIAN_POINT ( 'NONE',  ( -0.3878303113314107708, 0.1417658585635452606, 0.1877055431802803209 ) ) ;
#7580 = ORIENTED_EDGE ( 'NONE', *, *, #5930, .T. ) ;
#7581 = CARTESIAN_POINT ( 'NONE',  ( -0.2880282729443373602, 0.07382863289451574440, 0.2270756231802802949 ) ) ;
#7582 = CARTESIAN_POINT ( 'NONE',  ( -0.4152079421980557905, 0.1706780374008278200, 0.2270756231802803504 ) ) ;
#7583 = CARTESIAN_POINT ( 'NONE',  ( 0.05284910490982360626, 0.05508757223430543054, 0.1877055431802803209 ) ) ;
#7584 = CARTESIAN_POINT ( 'NONE',  ( -0.4314903265564606905, 0.05703069578812471063, 0.2270756231802802672 ) ) ;
#7585 = CARTESIAN_POINT ( 'NONE',  ( -0.3886300507062138698, 0.1011273984085603872, 0.2270756231802803504 ) ) ;
#7586 = DIRECTION ( 'NONE',  ( -0.000000000000000000, -0.000000000000000000, 1.000000000000000000 ) ) ;
#7587 = VECTOR ( 'NONE', #1244, 39.37007874015748143 ) ;
#7588 = CARTESIAN_POINT ( 'NONE',  ( -0.1353280792654910081, 0.1309240386405216838, 0.1877055431802802654 ) ) ;
#7589 = ORIENTED_EDGE ( 'NONE', *, *, #3618, .F. ) ;
#7590 = VECTOR ( 'NONE', #2345, 39.37007874015748143 ) ;
#7591 = VECTOR ( 'NONE', #6038, 39.37007874015748143 ) ;
#7592 = ADVANCED_FACE ( 'NONE', ( #472 ), #5332, .T. ) ;
#7593 = EDGE_LOOP ( 'NONE', ( #704, #2814, #56, #4885 ) ) ;
#7594 = CARTESIAN_POINT ( 'NONE',  ( -0.4295842218444481664, 0.1918203824745194075, 0.2270756231802802949 ) ) ;
#7595 = CARTESIAN_POINT ( 'NONE',  ( -0.2378003767967910576, 0.08161063583256158993, 0.1877055431802802654 ) ) ;
#7596 = CARTESIAN_POINT ( 'NONE',  ( 0.06902944298311999849, 0.1337100102930794399, 0.1877055431802801266 ) ) ;
#7597 = APPROVAL_DATE_TIME ( #7154, #6135 ) ;
#7598 = CARTESIAN_POINT ( 'NONE',  ( 0.3272405814212919761, 0.1337600740702423463, 0.2270756231802803782 ) ) ;
#7599 = EDGE_CURVE ( 'NONE', #2510, #3177, #2472, .T. ) ;
#7600 = CARTESIAN_POINT ( 'NONE',  ( 0.2958334899553221042, 0.1410176109679389389, 0.1877055431802803209 ) ) ;
#7601 = VERTEX_POINT ( 'NONE', #3019 ) ;
#7602 = CARTESIAN_POINT ( 'NONE',  ( -0.4301928829884437144, 0.1435190334104978205, 0.1877055431802802654 ) ) ;
#7603 = DIRECTION ( 'NONE',  ( -1.000000000000000000, 0.000000000000000000, 0.000000000000000000 ) ) ;
#7604 = CARTESIAN_POINT ( 'NONE',  ( -0.4113194682340468589, 0.07638673844217866438, 0.2270756231802802949 ) ) ;
#7605 = ORIENTED_EDGE ( 'NONE', *, *, #3913, .F. ) ;
#7606 = EDGE_CURVE ( 'NONE', #83, #7692, #7252, .T. ) ;
#7607 = CARTESIAN_POINT ( 'NONE',  ( 0.2330429268359290595, 0.09941834398879766110, 0.2270756231802802949 ) ) ;
#7608 = CARTESIAN_POINT ( 'NONE',  ( -0.7203208832789490534, 0.5799999999999999600, 0.2365855411210313064 ) ) ;
#7609 = CARTESIAN_POINT ( 'NONE',  ( -0.1130339196046089567, 0.1207918202247336148, 0.1877055431802803209 ) ) ;
#7610 = ORIENTED_EDGE ( 'NONE', *, *, #448, .T. ) ;
#7611 = CARTESIAN_POINT ( 'NONE',  ( -0.2865417454051167878, 0.1761562561201592547, 0.1877055431802803209 ) ) ;
#7612 = ORIENTED_EDGE ( 'NONE', *, *, #3252, .F. ) ;
#7613 = CARTESIAN_POINT ( 'NONE',  ( 0.6782039720432005980, 0.000000000000000000, 0.08959530821986563809 ) ) ;
#7614 = CARTESIAN_POINT ( 'NONE',  ( -0.1643213624304233900, 0.1496925185430179606, 0.2270756231802802949 ) ) ;
#7615 = CARTESIAN_POINT ( 'NONE',  ( -0.1927091426169278421, 0.05508757223430543054, 0.1877055431802803209 ) ) ;
#7616 = CARTESIAN_POINT ( 'NONE',  ( -0.3985131825996502397, 0.07997006610843980512, 0.1877055431802803209 ) ) ;
#7617 = CARTESIAN_POINT ( 'NONE',  ( 0.05284910490982360626, 0.09941834398879766110, 0.1877055431802803209 ) ) ;
#7618 = VECTOR ( 'NONE', #6216, 39.37007874015748143 ) ;
#7619 = EDGE_CURVE ( 'NONE', #3330, #3436, #2853, .T. ) ;
#7620 = CARTESIAN_POINT ( 'NONE',  ( -0.4003599879221206859, 0.07862314684757659711, 0.2270756231802803504 ) ) ;
#7621 = EDGE_CURVE ( 'NONE', #7025, #6268, #4047, .T. ) ;
#7622 = CARTESIAN_POINT ( 'NONE',  ( -0.04091903434921115301, 0.05155436003967591579, 0.2270756231802802949 ) ) ;
#7623 = ORIENTED_EDGE ( 'NONE', *, *, #820, .F. ) ;
#7624 = CARTESIAN_POINT ( 'NONE',  ( 0.7266123194507106975, 0.01999999999999999001, -0.07269820391707225438 ) ) ;
#7625 = CARTESIAN_POINT ( 'NONE',  ( -0.4278052778819342317, 0.1552088707095490572, 0.1877055431802802654 ) ) ;
#7626 = CARTESIAN_POINT ( 'NONE',  ( -0.2510128562342425207, 0.1716322787276937933, 0.1877055431802803487 ) ) ;
#7627 = CARTESIAN_POINT ( 'NONE',  ( -0.4088147541150096154, 0.05155436003967591579, 0.2270756231802802949 ) ) ;
#7628 = EDGE_CURVE ( 'NONE', #7855, #5998, #2651, .T. ) ;
#7629 = CARTESIAN_POINT ( 'NONE',  ( -0.4446161308059040640, 0.1776734734557873785, 0.1877055431802803209 ) ) ;
#7630 = CARTESIAN_POINT ( 'NONE',  ( 0.1182135305104696776, 0.1000532180550201544, 0.1877055431802803209 ) ) ;
#7631 = CARTESIAN_POINT ( 'NONE',  ( -0.1396672416376079362, 0.1250511642327805928, 0.1877055431802802377 ) ) ;
#7632 = ORIENTED_EDGE ( 'NONE', *, *, #2304, .F. ) ;
#7633 = VECTOR ( 'NONE', #7709, 39.37007874015748143 ) ;
#7634 = ORIENTED_EDGE ( 'NONE', *, *, #2763, .T. ) ;
#7635 = PLANE ( 'NONE',  #779 ) ;
#7636 = DIRECTION ( 'NONE',  ( -1.000000000000000000, -6.829619984160637733E-15, 0.000000000000000000 ) ) ;
#7637 = CARTESIAN_POINT ( 'NONE',  ( 0.8873122956002137407, 0.02000000000000000042, -0.07275878689828084445 ) ) ;
#7638 = CARTESIAN_POINT ( 'NONE',  ( 0.3320773252847482038, 0.1312183860301154859, 0.1877055431802803764 ) ) ;
#7639 = B_SPLINE_CURVE_WITH_KNOTS ( 'NONE', 3,
 ( #3589, #7784, #6654, #5484, #4148, #676, #2327, #1286, #1127, #6612, #4743 ),
 .UNSPECIFIED., .F., .F.,
 ( 4, 1, 1, 1, 1, 1, 1, 1, 4 ),
 ( 0.000000000000000000, 0.1282260268668412861, 0.2505306575576874417, 0.3726387697203853433, 0.4998332120264972200, 0.6271786142189242907, 0.7498417788579270216, 0.8729404948669952091, 1.000000000000000000 ),
 .UNSPECIFIED. ) ;
#7640 = CARTESIAN_POINT ( 'NONE',  ( 0.6837217283835673731, 0.5999999999999999778, 0.2270756231802802949 ) ) ;
#7641 = ORIENTED_EDGE ( 'NONE', *, *, #4208, .T. ) ;
#7642 = CARTESIAN_POINT ( 'NONE',  ( -0.3146542512795814650, 0.06940157933896519415, 0.2270756231802802672 ) ) ;
#7643 = CARTESIAN_POINT ( 'NONE',  ( 0.2947913305811339924, 0.1396086327027084295, 0.1877055431802803209 ) ) ;
#7644 = CARTESIAN_POINT ( 'NONE',  ( -0.2937590725723595031, 0.08894954109946526244, 0.2270756231802803782 ) ) ;
#7645 = ORIENTED_EDGE ( 'NONE', *, *, #4400, .T. ) ;
#7646 = CARTESIAN_POINT ( 'NONE',  ( -0.3891224912536462299, 0.05552830710193074060, 0.2270756231802803504 ) ) ;
#7647 = CARTESIAN_POINT ( 'NONE',  ( -0.3444936690555228109, 0.07137456980022420516, 0.1877055431802803209 ) ) ;
#7648 = CARTESIAN_POINT ( 'NONE',  ( -0.2475812588645307788, 0.1715876375599909576, 0.1877055431802803209 ) ) ;
#7649 = CARTESIAN_POINT ( 'NONE',  ( 0.02811661954741698222, 0.1557841197812466771, 0.1877055431802803209 ) ) ;
#7650 = AXIS2_PLACEMENT_3D ( 'NONE', #7021, #7063, #7749 ) ;
#7651 = EDGE_LOOP ( 'NONE', ( #631, #6798, #6965, #5237 ) ) ;
#7652 = DIRECTION ( 'NONE',  ( -0.000000000000000000, -0.000000000000000000, 1.000000000000000000 ) ) ;
#7653 = VERTEX_POINT ( 'NONE', #3138 ) ;
#7654 = CARTESIAN_POINT ( 'NONE',  ( -0.3296211151588215871, 0.08335326979134158321, 0.2270756231802802949 ) ) ;
#7655 = CARTESIAN_POINT ( 'NONE',  ( 0.2330429268359290595, 0.1557841197812466771, 0.1877055431802803209 ) ) ;
#7656 = CARTESIAN_POINT ( 'NONE',  ( -0.3963433752819029432, 0.1658718614849219175, 0.1877055431802803487 ) ) ;
#7657 = LINE ( 'NONE', #4541, #7876 ) ;
#7658 = B_SPLINE_SURFACE_WITH_KNOTS ( 'NONE', 3, 1, ( 
 ( #1933, #4385 ),
 ( #4825, #6056 ),
 ( #1373, #6815 ),
 ( #3150, #7346 ),
 ( #5568, #6778 ),
 ( #682, #2484 ),
 ( #1853, #5490 ),
 ( #4981, #7422 ),
 ( #6212, #602 ),
 ( #6742, #4238 ),
 ( #1293, #4350 ),
 ( #3033, #3190 ),
 ( #113, #2560 ),
 ( #4901, #4276 ),
 ( #6094, #3109 ),
 ( #768, #6700 ),
 ( #5452, #1331 ),
 ( #1810, #3068 ),
 ( #7866, #3785 ),
 ( #3712, #2406 ),
 ( #6133, #3749 ),
 ( #6171, #7265 ),
 ( #1892, #4315 ),
 ( #3676, #1254 ),
 ( #5526, #75 ),
 ( #7907, #2521 ),
 ( #724, #2446 ) ),
 .UNSPECIFIED., .F., .F., .F.,
 ( 4, 1, 1, 1, 1, 1, 1, 1, 1, 1, 1, 1, 1, 1, 1, 1, 1, 1, 1, 1, 1, 1, 1, 1, 4 ),
 ( 2, 2 ),
 ( 0.000000000000000000, 0.03821733796913662218, 0.07486720303994341685, 0.1101580815531045393, 0.1444539266593011240, 0.1780797262741533327, 0.2111707725935982050, 0.2436870542144176643, 0.2758717334447997049, 0.3083755160139867724, 0.3412633249363588583, 0.3751503394709056471, 0.4096552607042133753, 0.4451573674923581803, 0.4820734672046718683, 0.5205757562184276654, 0.5605536808978381913, 0.6031075754382528853, 0.6486887095294888717, 0.6979476778875632892, 0.7507677670183535712, 0.8073094024459648299, 0.8676555707911409732, 0.9318612220995584616, 1.000000000000000000 ),
 ( 0.000000000000000000, 1.000000000000000000 ),
 .UNSPECIFIED. ) ;
#7659 = CARTESIAN_POINT ( 'NONE',  ( -0.003901989143717674718, 0.1290875194454862707, 0.2270756231802803504 ) ) ;
#7660 = CARTESIAN_POINT ( 'NONE',  ( -0.1027911296930446999, 0.1603226616116348868, 0.1877055431802803209 ) ) ;
#7661 = CARTESIAN_POINT ( 'NONE',  ( -0.08567912421664132527, 0.08448627954583701194, 0.2270756231802803782 ) ) ;
#7662 = AXIS2_PLACEMENT_3D ( 'NONE', #196, #6858, #3312 ) ;
#7663 = ORIENTED_EDGE ( 'NONE', *, *, #7852, .F. ) ;
#7664 = CARTESIAN_POINT ( 'NONE',  ( -0.4531965868415412380, 0.1551927591837697906, 0.2270756231802802672 ) ) ;
#7665 = CARTESIAN_POINT ( 'NONE',  ( -0.4291768737812042267, 0.1499195022516500719, 0.2270756231802803504 ) ) ;
#7666 = CARTESIAN_POINT ( 'NONE',  ( -0.2721613912209162600, 0.1271139794595063377, 0.1877055431802803487 ) ) ;
#7667 = CARTESIAN_POINT ( 'NONE',  ( -0.8194422233048108684, 0.000000000000000000, -0.06520454656102059321 ) ) ;
#7668 = CARTESIAN_POINT ( 'NONE',  ( -0.3838486450326329402, 0.05869635865683606873, 0.1877055431802802099 ) ) ;
#7669 = ADVANCED_FACE ( 'NONE', ( #5557 ), #101, .T. ) ;
#7670 = CARTESIAN_POINT ( 'NONE',  ( -0.2652462866733727442, 0.1633393263715990917, 0.2270756231802802672 ) ) ;
#7671 = LINE ( 'NONE', #240, #6988 ) ;
#7672 = ORIENTED_EDGE ( 'NONE', *, *, #2067, .T. ) ;
#7673 = CIRCLE ( 'NONE', #6252, 0.01999999999999999001 ) ;
#7674 = VECTOR ( 'NONE', #5431, 39.37007874015748143 ) ;
#7675 = ORIENTED_EDGE ( 'NONE', *, *, #1582, .T. ) ;
#7676 = DIRECTION ( 'NONE',  ( 0.9500674621162682465, 0.000000000000000000, -0.3120445760271329250 ) ) ;
#7677 = CARTESIAN_POINT ( 'NONE',  ( 0.1470467594951865020, 0.1337600740702422908, 0.2270756231802802949 ) ) ;
#7678 = CARTESIAN_POINT ( 'NONE',  ( 0.06087879998804703041, 0.1288730008591923160, 0.1877055431802802654 ) ) ;
#7679 = AXIS2_PLACEMENT_3D ( 'NONE', #5810, #1415, #810 ) ;
#7680 = APPROVAL_DATE_TIME ( #5310, #3561 ) ;
#7681 = CARTESIAN_POINT ( 'NONE',  ( 0.3388112187307698031, 0.1133293759661704869, 0.2270756231802803504 ) ) ;
#7682 = DIRECTION ( 'NONE',  ( -0.000000000000000000, -0.000000000000000000, 1.000000000000000000 ) ) ;
#7683 = CARTESIAN_POINT ( 'NONE',  ( -0.02843397636708446322, 0.07981073560993762195, 0.1877055431802803487 ) ) ;
#7684 = CARTESIAN_POINT ( 'NONE',  ( -0.8194422233048108684, 0.5999999999999999778, -0.06520454656102096791 ) ) ;
#7685 = ORIENTED_EDGE ( 'NONE', *, *, #6872, .F. ) ;
#7686 = CARTESIAN_POINT ( 'NONE',  ( -0.3791323039204894108, 0.06280155140425276727, 0.2270756231802802949 ) ) ;
#7687 = CARTESIAN_POINT ( 'NONE',  ( 0.2984073524365751795, 0.1000532180550201544, 0.1877055431802803209 ) ) ;
#7688 = CARTESIAN_POINT ( 'NONE',  ( -0.2227710537038979366, 0.1870569757980301284, 0.1877055431802803487 ) ) ;
#7689 = CARTESIAN_POINT ( 'NONE',  ( -0.1090951645737894132, 0.1282931994486727900, 0.1877055431802802654 ) ) ;
#7690 = VERTEX_POINT ( 'NONE', #5514 ) ;
#7691 = DIRECTION ( 'NONE',  ( -0.000000000000000000, -0.000000000000000000, 1.000000000000000000 ) ) ;
#7692 = VERTEX_POINT ( 'NONE', #1360 ) ;
#7693 = LINE ( 'NONE', #4538, #2577 ) ;
#7694 = CARTESIAN_POINT ( 'NONE',  ( -0.3286217417368046401, 0.05337264514309884161, 0.1877055431802803209 ) ) ;
#7695 = CARTESIAN_POINT ( 'NONE',  ( -0.4021270024872153903, 0.1702958176987575956, 0.1877055431802803209 ) ) ;
#7696 = CARTESIAN_POINT ( 'NONE',  ( 0.1295226231470765210, 0.1530595368310478932, 0.2270756231802802394 ) ) ;
#7697 = CARTESIAN_POINT ( 'NONE',  ( 0.005150740282325298562, 0.09950115364960929187, 0.1877055431802803209 ) ) ;
#7698 = CARTESIAN_POINT ( 'NONE',  ( -0.1144142663811540672, 0.1845905405906591301, 0.1877055431802803764 ) ) ;
#7699 = DIRECTION ( 'NONE',  ( 0.3090169943748820591, 0.000000000000000000, 0.9510565162951748475 ) ) ;
#7700 = CARTESIAN_POINT ( 'NONE',  ( -0.2047088851018872002, 0.09962180876590485956, 0.1877055431802803209 ) ) ;
#7701 = ORIENTED_EDGE ( 'NONE', *, *, #5696, .T. ) ;
#7702 = CARTESIAN_POINT ( 'NONE',  ( 0.2605255779933770555, 0.1574212869062752984, 0.1877055431802802654 ) ) ;
#7703 = CARTESIAN_POINT ( 'NONE',  ( -0.4305272750531110582, 0.1398691223169714337, 0.2270756231802803782 ) ) ;
#7704 = CARTESIAN_POINT ( 'NONE',  ( -0.2715327262947828113, 0.1398691223169714337, 0.1877055431802803764 ) ) ;
#7705 = EDGE_CURVE ( 'NONE', #4389, #770, #6003, .T. ) ;
#7706 = CARTESIAN_POINT ( 'NONE',  ( -0.02092560702567814249, 0.1073357630095603116, 0.2270756231802803504 ) ) ;
#7707 = CARTESIAN_POINT ( 'NONE',  ( 0.3379944862134157124, 0.1197558209504471088, 0.1877055431802804042 ) ) ;
#7708 = CARTESIAN_POINT ( 'NONE',  ( 0.2721489976647086806, 0.1210515645800658152, 0.1877055431802802099 ) ) ;
#7709 = DIRECTION ( 'NONE',  ( 0.000000000000000000, -1.000000000000000000, 0.000000000000000000 ) ) ;
#7710 = ADVANCED_FACE ( 'NONE', ( #7854 ), #6081, .T. ) ;
#7711 = CARTESIAN_POINT ( 'NONE',  ( -0.2613247931036843941, 0.1677728282420782868, 0.2270756231802804337 ) ) ;
#7712 = EDGE_LOOP ( 'NONE', ( #7887, #2496, #5204 ) ) ;
#7713 = ADVANCED_FACE ( 'NONE', ( #879 ), #2664, .T. ) ;
#7714 = ORIENTED_EDGE ( 'NONE', *, *, #2763, .F. ) ;
#7715 = B_SPLINE_CURVE_WITH_KNOTS ( 'NONE', 3,
 ( #233, #3789, #1420, #3193, #3272, #6255, #2009, #1936, #5660, #814, #4984 ),
 .UNSPECIFIED., .F., .F.,
 ( 4, 1, 1, 1, 1, 1, 1, 1, 4 ),
 ( 0.000000000000000000, 0.1266784397236901116, 0.2497354186915829721, 0.3720307030292098749, 0.4997387169341107604, 0.6274467308390131448, 0.7502207113971045560, 0.8721585370692582773, 1.000000000000000000 ),
 .UNSPECIFIED. ) ;
#7716 = CARTESIAN_POINT ( 'NONE',  ( -0.4149269768638307321, 0.1962364953311522275, 0.2270756231802802949 ) ) ;
#7717 = CARTESIAN_POINT ( 'NONE',  ( 0.2410726219141525462, 0.1288730008591923437, 0.1877055431802803209 ) ) ;
#7718 = CARTESIAN_POINT ( 'NONE',  ( -0.4113574698810303354, 0.1963553113052852461, 0.1877055431802802654 ) ) ;
#7719 = ADVANCED_FACE ( 'NONE', ( #2035 ), #1447, .T. ) ;
#7720 = CARTESIAN_POINT ( 'NONE',  ( 0.3219265732450374840, 0.1345749701712322111, 0.1877055431802803209 ) ) ;
#7721 = CARTESIAN_POINT ( 'NONE',  ( -0.08081801466344307183, 0.07321206205817967771, 0.1877055431802803209 ) ) ;
#7722 = B_SPLINE_SURFACE_WITH_KNOTS ( 'NONE', 3, 1, ( 
 ( #1357, #665 ),
 ( #7487, #1402 ),
 ( #2661, #6762 ),
 ( #2032, #3697 ),
 ( #3772, #7371 ),
 ( #3175, #3814 ),
 ( #6235, #708 ),
 ( #1315, #216 ),
 ( #7445, #3094 ),
 ( #5512, #5641 ),
 ( #97, #6724 ) ),
 .UNSPECIFIED., .F., .F., .F.,
 ( 4, 1, 1, 1, 1, 1, 1, 1, 4 ),
 ( 2, 2 ),
 ( 0.000000000000000000, 0.1301910772608031730, 0.2563355306687233326, 0.3791141384848785156, 0.5005508106381952871, 0.6221158091713964167, 0.7447145812206027449, 0.8702230945705810017, 1.000000000000000000 ),
 ( 0.000000000000000000, 1.000000000000000000 ),
 .UNSPECIFIED. ) ;
#7723 = CARTESIAN_POINT ( 'NONE',  ( -0.4081499995407331660, 0.07630976186235564895, 0.1877055431802803487 ) ) ;
#7724 = CARTESIAN_POINT ( 'NONE',  ( -0.4265661476282155418, 0.08908294506367810117, 0.2270756231802803504 ) ) ;
#7725 = VECTOR ( 'NONE', #2634, 39.37007874015748143 ) ;
#7726 = VERTEX_POINT ( 'NONE', #7528 ) ;
#7727 = CARTESIAN_POINT ( 'NONE',  ( -0.3680946337436749594, 0.08123346297016426076, 0.2270756231802802949 ) ) ;
#7728 = EDGE_CURVE ( 'NONE', #4098, #1560, #5723, .T. ) ;
#7729 = CARTESIAN_POINT ( 'NONE',  ( -0.3306197741949742919, 0.08329895247165206018, 0.1877055431802803209 ) ) ;
#7730 = DIRECTION ( 'NONE',  ( 0.3120445760271325919, 0.000000000000000000, -0.9500674621162684685 ) ) ;
#7731 = CARTESIAN_POINT ( 'NONE',  ( 0.7080070247953581530, 0.5799999999999999600, -0.06523805343214902908 ) ) ;
#7732 = VERTEX_POINT ( 'NONE', #5601 ) ;
#7733 = CARTESIAN_POINT ( 'NONE',  ( -0.3147495973499863653, 0.06541068756753537494, 0.1877055431802803487 ) ) ;
#7734 = VERTEX_POINT ( 'NONE', #6925 ) ;
#7735 = LINE ( 'NONE', #7207, #2701 ) ;
#7736 = CARTESIAN_POINT ( 'NONE',  ( -0.002337405033162591027, 0.07268270597061290972, 0.1877055431802803764 ) ) ;
#7737 = CARTESIAN_POINT ( 'NONE',  ( -0.3878303113314107708, 0.1417658585635452606, 0.1877055431802803209 ) ) ;
#7738 = CARTESIAN_POINT ( 'NONE',  ( -0.4023263154752999005, 0.07756395911590234504, 0.1877055431802802654 ) ) ;
#7739 = CARTESIAN_POINT ( 'NONE',  ( -0.01647570697056421896, 0.1402187978926991152, 0.2270756231802803504 ) ) ;
#7740 = FACE_OUTER_BOUND ( 'NONE', #7651, .T. ) ;
#7741 = B_SPLINE_CURVE_WITH_KNOTS ( 'NONE', 3,
 ( #5268, #4347, #4898, #1208, #1850, #1929, #7717, #2481, #5870, #6508, #4081, #5487, #7111, #5306, #7342, #1289, #7759, #4273, #6130 ),
 .UNSPECIFIED., .F., .F.,
 ( 4, 1, 1, 1, 1, 1, 1, 1, 1, 1, 1, 1, 1, 1, 1, 1, 4 ),
 ( 0.000000000000000000, 0.06743327249907167531, 0.1335521599200664156, 0.1997046778589727234, 0.2671201877316286000, 0.3352777423402916734, 0.4036283107667172354, 0.4742054460698434948, 0.5479942499729125727, 0.5881356421708163751, 0.6324115522410838075, 0.6818573288135472144, 0.7356293597745977575, 0.7938970358079763256, 0.8577893042072283203, 0.9262923936168980799, 1.000000000000000000 ),
 .UNSPECIFIED. ) ;
#7742 = CARTESIAN_POINT ( 'NONE',  ( -0.1439618556191487042, 0.1964160600194861384, 0.2270756231802802949 ) ) ;
#7743 = AXIS2_PLACEMENT_3D ( 'NONE', #6960, #796, #259 ) ;
#7744 = ORIENTED_EDGE ( 'NONE', *, *, #276, .F. ) ;
#7745 = VECTOR ( 'NONE', #2536, 39.37007874015748143 ) ;
#7746 = CARTESIAN_POINT ( 'NONE',  ( -0.2969258755945229367, 0.1204333066650963013, 0.2270756231802802672 ) ) ;
#7747 = CARTESIAN_POINT ( 'NONE',  ( -0.4310625086616012291, 0.1316704175347040151, 0.1877055431802803209 ) ) ;
#7748 = CARTESIAN_POINT ( 'NONE',  ( 0.05687743668723920648, 0.1236164632634709354, 0.1877055431802802654 ) ) ;
#7749 = DIRECTION ( 'NONE',  ( 0.000000000000000000, -0.000000000000000000, 1.000000000000000000 ) ) ;
#7750 = CARTESIAN_POINT ( 'NONE',  ( -0.3920199256676207278, 0.05432943408580805100, 0.1877055431802803209 ) ) ;
#7751 = CARTESIAN_POINT ( 'NONE',  ( 0.2691321677754317521, 0.1279598359600032098, 0.1877055431802803209 ) ) ;
#7752 = CARTESIAN_POINT ( 'NONE',  ( -0.8857973542005870282, 0.5999999999999999778, 0.2070756231802803049 ) ) ;
#7753 = FACE_OUTER_BOUND ( 'NONE', #191, .T. ) ;
#7754 = ORIENTED_EDGE ( 'NONE', *, *, #2233, .T. ) ;
#7755 = AXIS2_PLACEMENT_3D ( 'NONE', #2464, #5995, #1870 ) ;
#7756 = B_SPLINE_CURVE_WITH_KNOTS ( 'NONE', 3,
 ( #5093, #5693, #3827, #2709, #189, #5768, #927, #6249, #4426, #2086, #1456, #3269, #3345, #269, #5134, #6852, #230, #3987, #7458 ),
 .UNSPECIFIED., .F., .F.,
 ( 4, 1, 1, 1, 1, 1, 1, 1, 1, 1, 1, 1, 1, 1, 1, 1, 4 ),
 ( 0.000000000000000000, 0.08262448802834902739, 0.1609035096889219474, 0.2369858734405623224, 0.3117293825942817342, 0.3843065689375972926, 0.4539081745805043089, 0.5215461238351107864, 0.5892318135186285222, 0.6252927058056745313, 0.6651281288184925922, 0.7096317992610260417, 0.7583679804267096092, 0.8116041424391526871, 0.8697632805123174382, 0.9325424043570746946, 0.9999999999999998890 ),
 .UNSPECIFIED. ) ;
#7757 = VERTEX_POINT ( 'NONE', #2074 ) ;
#7758 = CARTESIAN_POINT ( 'NONE',  ( -0.3636806999598819479, 0.1480261618427363701, 0.1877055431802803764 ) ) ;
#7759 = CARTESIAN_POINT ( 'NONE',  ( 0.2330397596738541521, 0.1028152597527480921, 0.1877055431802803209 ) ) ;
#7760 = CARTESIAN_POINT ( 'NONE',  ( 0.005037600557759176235, 0.1043273921969912338, 0.1877055431802803209 ) ) ;
#7761 = VECTOR ( 'NONE', #124, 39.37007874015748143 ) ;
#7762 = CARTESIAN_POINT ( 'NONE',  ( -0.2253637247568067159, 0.1890230343564093529, 0.1877055431802802654 ) ) ;
#7763 = CARTESIAN_POINT ( 'NONE',  ( -0.04059675501143053533, 0.1203720563224143086, 0.1877055431802803764 ) ) ;
#7764 = CARTESIAN_POINT ( 'NONE',  ( -0.1888604029292720032, 0.1524775614272266822, 0.1877055431802803487 ) ) ;
#7765 = CARTESIAN_POINT ( 'NONE',  ( 0.1295226231470765210, 0.1530595368310478932, 0.1877055431802802099 ) ) ;
#7766 = EDGE_CURVE ( 'NONE', #4251, #3177, #1483, .T. ) ;
#7767 = VERTEX_POINT ( 'NONE', #2700 ) ;
#7768 = CARTESIAN_POINT ( 'NONE',  ( -0.2303307283609905831, 0.1511439014104072331, 0.1877055431802802654 ) ) ;
#7769 = CARTESIAN_POINT ( 'NONE',  ( -0.3325859613586179542, 0.08319201105033526000, 0.1877055431802803487 ) ) ;
#7770 = CARTESIAN_POINT ( 'NONE',  ( -0.2431324537288871712, 0.1702958176987575956, 0.1877055431802803487 ) ) ;
#7771 = CARTESIAN_POINT ( 'NONE',  ( -0.1008456255565603754, 0.07805345149939728333, 0.1877055431802803209 ) ) ;
#7772 = ORIENTED_EDGE ( 'NONE', *, *, #6281, .F. ) ;
#7773 = ORIENTED_EDGE ( 'NONE', *, *, #3636, .T. ) ;
#7774 = CARTESIAN_POINT ( 'NONE',  ( -0.4113194682340468589, 0.07638673844217866438, 0.2270756231802802949 ) ) ;
#7775 = CARTESIAN_POINT ( 'NONE',  ( 0.001892088496386552842, 0.08084314753173230117, 0.2270756231802802672 ) ) ;
#7776 = CARTESIAN_POINT ( 'NONE',  ( -0.2248540962743048321, 0.05869635865683608261, 0.1877055431802802377 ) ) ;
#7777 = CARTESIAN_POINT ( 'NONE',  ( -0.1486570534972381508, 0.1963271893724093942, 0.1877055431802802654 ) ) ;
#7778 = CARTESIAN_POINT ( 'NONE',  ( -0.1285056947219405665, 0.1606268664293881987, 0.2270756231802803782 ) ) ;
#7779 = CARTESIAN_POINT ( 'NONE',  ( -0.1644434450598916964, 0.1469510892946729042, 0.1877055431802803209 ) ) ;
#7780 = CARTESIAN_POINT ( 'NONE',  ( -0.3170235655082765946, 0.07678879398295586356, 0.1877055431802803487 ) ) ;
#7781 = ORIENTED_EDGE ( 'NONE', *, *, #2112, .T. ) ;
#7782 = LINE ( 'NONE', #632, #4605 ) ;
#7783 = DIRECTION ( 'NONE',  ( 0.000000000000000000, 0.000000000000000000, -1.000000000000000000 ) ) ;
#7784 = CARTESIAN_POINT ( 'NONE',  ( -0.3445886526833372154, 0.06940194745278642496, 0.2270756231802802949 ) ) ;
#7785 = CARTESIAN_POINT ( 'NONE',  ( -0.4083352828978380478, 0.1963982879168536255, 0.1877055431802803487 ) ) ;
#7786 = CARTESIAN_POINT ( 'NONE',  ( 0.3357027401906212405, 0.1268619752917068411, 0.1877055431802802377 ) ) ;
#7787 = CARTESIAN_POINT ( 'NONE',  ( 0.2733897302764203840, 0.1122657820408914653, 0.1877055431802802654 ) ) ;
#7788 = CARTESIAN_POINT ( 'NONE',  ( 0.09829932527029258682, 0.1550865778502543701, 0.1877055431802803209 ) ) ;
#7789 = CARTESIAN_POINT ( 'NONE',  ( 0.08067441866313963816, 0.1339514032287845435, 0.2270756231802803504 ) ) ;
#7790 = B_SPLINE_SURFACE_WITH_KNOTS ( 'NONE', 3, 1, ( 
 ( #2968, #6514 ),
 ( #1070, #1188 ),
 ( #5954, #1669 ),
 ( #7882, #3487 ),
 ( #5915, #539 ),
 ( #7765, #7159 ),
 ( #502, #1711 ),
 ( #6069, #2932 ),
 ( #7841, #2342 ),
 ( #4253, #4167 ),
 ( #6592, #1148 ) ),
 .UNSPECIFIED., .F., .F., .F.,
 ( 4, 1, 1, 1, 1, 1, 1, 1, 4 ),
 ( 2, 2 ),
 ( 0.000000000000000000, 0.1301487483170940818, 0.2554454699082550628, 0.3791765200660621726, 0.5019048217042502147, 0.6253442449896166044, 0.7482783196877671461, 0.8725642119243287587, 1.000000000000000000 ),
 ( 0.000000000000000000, 1.000000000000000000 ),
 .UNSPECIFIED. ) ;
#7791 = VERTEX_POINT ( 'NONE', #5124 ) ;
#7792 = VERTEX_POINT ( 'NONE', #7567 ) ;
#7793 = CARTESIAN_POINT ( 'NONE',  ( -0.8857973542005868062, 0.5799999999999999600, 0.2070756231802803049 ) ) ;
#7794 = EDGE_CURVE ( 'NONE', #6955, #4430, #3179, .T. ) ;
#7795 = LINE ( 'NONE', #7524, #4230 ) ;
#7796 = CARTESIAN_POINT ( 'NONE',  ( -0.4095324378420436839, 0.1964160600194861384, 0.2270756231802802949 ) ) ;
#7797 = LINE ( 'NONE', #4398, #2290 ) ;
#7798 = CARTESIAN_POINT ( 'NONE',  ( -0.08567912421664132527, 0.08448627954583701194, 0.1877055431802803764 ) ) ;
#7799 = CIRCLE ( 'NONE', #5112, 0.01999999999999999001 ) ;
#7800 = CARTESIAN_POINT ( 'NONE',  ( -0.1854330556462952528, 0.1675117182258942516, 0.1877055431802803487 ) ) ;
#7801 = CARTESIAN_POINT ( 'NONE',  ( 0.7270083740376835912, 0.000000000000000000, -0.05899716191160625511 ) ) ;
#7802 = ORIENTED_EDGE ( 'NONE', *, *, #139, .T. ) ;
#7803 = EDGE_CURVE ( 'NONE', #5201, #3478, #4415, .T. ) ;
#7804 = CARTESIAN_POINT ( 'NONE',  ( -0.2280503529776458649, 0.1261019343576196272, 0.1877055431802803209 ) ) ;
#7805 = DIRECTION ( 'NONE',  ( -0.000000000000000000, 0.000000000000000000, 1.000000000000000000 ) ) ;
#7806 = CARTESIAN_POINT ( 'NONE',  ( -0.2036350778147741625, 0.1366511633406932158, 0.1877055431802803209 ) ) ;
#7807 = CARTESIAN_POINT ( 'NONE',  ( -0.04059675501143053533, 0.1203720563224143086, 0.1877055431802803764 ) ) ;
#7808 = EDGE_CURVE ( 'NONE', #6017, #3271, #7192, .T. ) ;
#7809 = ORIENTED_EDGE ( 'NONE', *, *, #5548, .F. ) ;
#7810 = ORIENTED_EDGE ( 'NONE', *, *, #2171, .F. ) ;
#7811 = EDGE_CURVE ( 'NONE', #5537, #1633, #3573, .T. ) ;
#7812 = CARTESIAN_POINT ( 'NONE',  ( 0.6637217283835672443, 0.000000000000000000, 0.08959530821986563809 ) ) ;
#7813 = CARTESIAN_POINT ( 'NONE',  ( -0.03934369083078773782, 0.05159837386943683796, 0.2270756231802802672 ) ) ;
#7814 = CARTESIAN_POINT ( 'NONE',  ( -0.2033475089993513341, 0.1173761928999585702, 0.1877055431802803209 ) ) ;
#7815 = DIRECTION ( 'NONE',  ( -1.000000000000000000, 0.000000000000000000, 0.000000000000000000 ) ) ;
#7816 = DIRECTION ( 'NONE',  ( 1.000000000000000000, 0.000000000000000000, -0.000000000000000000 ) ) ;
#7817 = ADVANCED_FACE ( 'NONE', ( #3491 ), #3168, .T. ) ;
#7818 = LINE ( 'NONE', #1201, #710 ) ;
#7819 = DIRECTION ( 'NONE',  ( -0.3120445760271329250, -0.000000000000000000, -0.9500674621162682465 ) ) ;
#7820 = CARTESIAN_POINT ( 'NONE',  ( 0.1504200326459344539, 0.1322648544531810355, 0.1877055431802803209 ) ) ;
#7821 = CARTESIAN_POINT ( 'NONE',  ( 0.1507074002124195733, 0.1574994064281522166, 0.1877055431802803487 ) ) ;
#7822 = CARTESIAN_POINT ( 'NONE',  ( -0.3286217417368046401, 0.05337264514309884161, 0.2270756231802802949 ) ) ;
#7823 = CARTESIAN_POINT ( 'NONE',  ( 0.1564009654602561417, 0.1248285621300073978, 0.2270756231802803782 ) ) ;
#7824 = CARTESIAN_POINT ( 'NONE',  ( -0.3749711051486032121, 0.1796241573958957949, 0.1877055431802803209 ) ) ;
#7825 = LINE ( 'NONE', #4783, #5493 ) ;
#7826 = CARTESIAN_POINT ( 'NONE',  ( -0.1336498768581784458, 0.1335908286038665349, 0.1877055431802803209 ) ) ;
#7827 = CARTESIAN_POINT ( 'NONE',  ( 0.3581581114419445933, 0.1435112042227956186, 0.2270756231802803504 ) ) ;
#7828 = CARTESIAN_POINT ( 'NONE',  ( 0.07802627985989384063, 0.1344665642319647636, 0.2270756231802803504 ) ) ;
#7829 = VERTEX_POINT ( 'NONE', #6479 ) ;
#7830 = ORIENTED_EDGE ( 'NONE', *, *, #5343, .T. ) ;
#7831 = LINE ( 'NONE', #2995, #3804 ) ;
#7832 = CARTESIAN_POINT ( 'NONE',  ( 0.02811661954741698222, 0.1557841197812466771, 0.2270756231802802949 ) ) ;
#7833 = B_SPLINE_CURVE_WITH_KNOTS ( 'NONE', 3,
 ( #6576, #7065, #4076, #4786, #2880, #4116, #6501, #1618, #7827, #5903, #4155, #2253, #3511, #1014, #445, #1132, #5940, #5301, #6540 ),
 .UNSPECIFIED., .F., .F.,
 ( 4, 1, 1, 1, 1, 1, 1, 1, 1, 1, 1, 1, 1, 1, 1, 1, 4 ),
 ( 0.000000000000000000, 0.08262448802834879147, 0.1609035096889222527, 0.2369858734405616563, 0.3117293825942815677, 0.3843065689375976812, 0.4539081745805039758, 0.5215461238351104534, 0.5892318135186286332, 0.6252927058056747533, 0.6651281288184925922, 0.7096317992610261527, 0.7583679804267097202, 0.8116041424391529091, 0.8697632805123174382, 0.9325424043570746946, 1.000000000000000000 ),
 .UNSPECIFIED. ) ;
#7834 = FACE_OUTER_BOUND ( 'NONE', #7565, .T. ) ;
#7835 = B_SPLINE_CURVE_WITH_KNOTS ( 'NONE', 3,
 ( #1410, #6125, #1885, #3864, #3704, #3743, #1366, #6289, #7416, #3821, #842, #3264, #5688, #3144, #4309, #6734, #1285, #4343, #6164 ),
 .UNSPECIFIED., .F., .F.,
 ( 4, 1, 1, 1, 1, 1, 1, 1, 1, 1, 1, 1, 1, 1, 1, 1, 4 ),
 ( 0.000000000000000000, 0.1107342804863385016, 0.2123411929916478036, 0.3055021255634831623, 0.3898348410859877045, 0.4666904579461287339, 0.5352618542933008650, 0.5967629138889615215, 0.6510657189836184244, 0.7010355511102169812, 0.7478602709077569743, 0.7918333971357294221, 0.8342840069087872346, 0.8753338897746169023, 0.9160347492783125212, 0.9576522807232384915, 1.000000000000000000 ),
 .UNSPECIFIED. ) ;
#7836 = CARTESIAN_POINT ( 'NONE',  ( -0.2362236267803421164, 0.08356120867961623622, 0.1877055431802803487 ) ) ;
#7837 = CARTESIAN_POINT ( 'NONE',  ( -0.2469868076634662291, 0.1963633432147293967, 0.2270756231802802394 ) ) ;
#7838 = CARTESIAN_POINT ( 'NONE',  ( -0.03848995096540334948, 0.1204519978349515019, 0.1877055431802803209 ) ) ;
#7839 = ADVANCED_FACE ( 'NONE', ( #3732 ), #4171, .T. ) ;
#7840 = LINE ( 'NONE', #2379, #5183 ) ;
#7841 = CARTESIAN_POINT ( 'NONE',  ( 0.1438330338633151129, 0.1574036748098806004, 0.1877055431802802099 ) ) ;
#7842 = EDGE_CURVE ( 'NONE', #3797, #3246, #7379, .T. ) ;
#7843 = CARTESIAN_POINT ( 'NONE',  ( -0.2283888043774270904, 0.1362842676182428880, 0.2270756231802805170 ) ) ;
#7844 = CARTESIAN_POINT ( 'NONE',  ( -0.02170077366240975511, 0.1092495959426832419, 0.2270756231802802672 ) ) ;
#7845 = DIRECTION ( 'NONE',  ( -6.829619984160661399E-15, 0.000000000000000000, 1.000000000000000000 ) ) ;
#7846 = VERTEX_POINT ( 'NONE', #3614 ) ;
#7847 = VERTEX_POINT ( 'NONE', #2499 ) ;
#7848 = VECTOR ( 'NONE', #4516, 39.37007874015748143 ) ;
#7849 = CARTESIAN_POINT ( 'NONE',  ( 0.2330429268359290595, 0.1557841197812466771, 0.1877055431802803209 ) ) ;
#7850 = CARTESIAN_POINT ( 'NONE',  ( -0.3296211151588215871, 0.05332096613699067317, 0.1877055431802803209 ) ) ;
#7851 = CARTESIAN_POINT ( 'NONE',  ( -0.7541167953658587386, 0.2350000000000000144, 0.2070756231802803049 ) ) ;
#7852 = EDGE_CURVE ( 'NONE', #4701, #7792, #4883, .T. ) ;
#7853 = CARTESIAN_POINT ( 'NONE',  ( -0.2568585960560219594, 0.07764787570090499191, 0.1877055431802803487 ) ) ;
#7854 = FACE_OUTER_BOUND ( 'NONE', #7109, .T. ) ;
#7855 = VERTEX_POINT ( 'NONE', #3010 ) ;
#7856 = ORIENTED_EDGE ( 'NONE', *, *, #6363, .T. ) ;
#7857 = LINE ( 'NONE', #2325, #3724 ) ;
#7858 = EDGE_CURVE ( 'NONE', #2857, #5344, #1016, .T. ) ;
#7859 = CARTESIAN_POINT ( 'NONE',  ( -0.8857973542005871392, 0.02000000000000000042, 0.2070756231802803049 ) ) ;
#7860 = LINE ( 'NONE', #519, #3766 ) ;
#7861 = CARTESIAN_POINT ( 'NONE',  ( -0.03867117395476036418, 0.1451326032264409760, 0.1877055431802802377 ) ) ;
#7862 = CARTESIAN_POINT ( 'NONE',  ( -0.4545211211598248480, 0.09867708236101879749, 0.2270756231802802949 ) ) ;
#7863 = CARTESIAN_POINT ( 'NONE',  ( 0.2736687959250440061, 0.1065134203498642879, 0.2270756231802802949 ) ) ;
#7864 = CARTESIAN_POINT ( 'NONE',  ( -0.2568585960560219594, 0.07764787570090499191, 0.1877055431802803487 ) ) ;
#7865 = ADVANCED_FACE ( 'NONE', ( #4255 ), #6072, .T. ) ;
#7866 = CARTESIAN_POINT ( 'NONE',  ( -0.4515577551159229430, 0.08467664980136548059, 0.1877055431802803487 ) ) ;
#7867 = DIRECTION ( 'NONE',  ( 0.000000000000000000, -0.000000000000000000, -1.000000000000000000 ) ) ;
#7868 = ADVANCED_FACE ( 'NONE', ( #5507 ), #5645, .T. ) ;
#7869 = ORIENTED_EDGE ( 'NONE', *, *, #7327, .T. ) ;
#7870 = CIRCLE ( 'NONE', #1385, 0.02000000000000000042 ) ;
#7871 = ORIENTED_EDGE ( 'NONE', *, *, #1381, .T. ) ;
#7872 = CARTESIAN_POINT ( 'NONE',  ( 0.3637717780372212717, 0.1136616056483979037, 0.1877055431802803209 ) ) ;
#7873 = LINE ( 'NONE', #7832, #6632 ) ;
#7874 = CARTESIAN_POINT ( 'NONE',  ( -0.3886300507062138698, 0.1011273984085603872, 0.1877055431802803487 ) ) ;
#7875 = CARTESIAN_POINT ( 'NONE',  ( -0.7541167953658587386, 0.2350000000000000144, 0.06959530821986563420 ) ) ;
#7876 = VECTOR ( 'NONE', #4656, 39.37007874015748143 ) ;
#7877 = CARTESIAN_POINT ( 'NONE',  ( 0.08307865209968463838, 0.1329969936317888790, 0.1877055431802803209 ) ) ;
#7878 = CARTESIAN_POINT ( 'NONE',  ( -0.05474824770475324870, 0.1116465705686482818, 0.2270756231802804337 ) ) ;
#7879 = EDGE_CURVE ( 'NONE', #7287, #7437, #2026, .T. ) ;
#7880 = VERTEX_POINT ( 'NONE', #4445 ) ;
#7881 = CARTESIAN_POINT ( 'NONE',  ( -0.8194422233048108684, 0.000000000000000000, -0.06520454656102059321 ) ) ;
#7882 = CARTESIAN_POINT ( 'NONE',  ( 0.1213109099223790704, 0.1473936209300835409, 0.1877055431802802099 ) ) ;
#7883 = VECTOR ( 'NONE', #769, 39.37007874015748854 ) ;
#7884 = CARTESIAN_POINT ( 'NONE',  ( -0.2340392666113030040, 0.1613261747899569776, 0.1877055431802803487 ) ) ;
#7885 = CARTESIAN_POINT ( 'NONE',  ( 0.1059643195478812833, 0.1505145623102361607, 0.2270756231802803782 ) ) ;
#7886 = CARTESIAN_POINT ( 'NONE',  ( -0.2942020380832132687, 0.1551927591837698184, 0.1877055431802804042 ) ) ;
#7887 = ORIENTED_EDGE ( 'NONE', *, *, #850, .T. ) ;
#7888 = ORIENTED_EDGE ( 'NONE', *, *, #3701, .T. ) ;
#7889 = DIRECTION ( 'NONE',  ( -0.000000000000000000, -0.000000000000000000, 1.000000000000000000 ) ) ;
#7890 = FACE_OUTER_BOUND ( 'NONE', #1900, .T. ) ;
#7891 = LINE ( 'NONE', #5925, #7591 ) ;
#7892 = ADVANCED_FACE ( 'NONE', ( #2102 ), #249, .T. ) ;
#7893 = CARTESIAN_POINT ( 'NONE',  ( -0.2698528438077009151, 0.09613924618955294044, 0.1877055431802803209 ) ) ;
#7894 = CARTESIAN_POINT ( 'NONE',  ( -0.2698528438077009151, 0.09613924618955294044, 0.2270756231802802949 ) ) ;
#7895 = B_SPLINE_CURVE_WITH_KNOTS ( 'NONE', 3,
 ( #3103, #2707, #387, #7012, #347, #7696, #3305, #2747, #2868, #6406, #4022 ),
 .UNSPECIFIED., .F., .F.,
 ( 4, 1, 1, 1, 1, 1, 1, 1, 4 ),
 ( 0.000000000000000000, 0.1301487483170940818, 0.2554454699082550628, 0.3791765200660621726, 0.5019048217042502147, 0.6253442449896166044, 0.7482783196877671461, 0.8725642119243287587, 1.000000000000000000 ),
 .UNSPECIFIED. ) ;
#7896 = ORIENTED_EDGE ( 'NONE', *, *, #6383, .T. ) ;
#7897 = LINE ( 'NONE', #1764, #1100 ) ;
#7898 = DIRECTION ( 'NONE',  ( 1.000000000000000000, -0.000000000000000000, 4.023702988070684994E-15 ) ) ;
#7899 = CARTESIAN_POINT ( 'NONE',  ( 0.07152774484834745206, 0.1556904053540596189, 0.2270756231802802949 ) ) ;
#7900 = CARTESIAN_POINT ( 'NONE',  ( -0.2033219392533521519, 0.1217030750678314982, 0.2270756231802803504 ) ) ;
#7901 = AXIS2_PLACEMENT_3D ( 'NONE', #7904, #5523, #3673 ) ;
#7902 = CARTESIAN_POINT ( 'NONE',  ( 0.1588248856393025266, 0.1070093011813757211, 0.1877055431802802654 ) ) ;
#7903 = CARTESIAN_POINT ( 'NONE',  ( -0.4059813564217945037, 0.1963633432147294244, 0.1877055431802802654 ) ) ;
#7904 = CARTESIAN_POINT ( 'NONE',  ( 0.6859622457331169265, 0.5799999999999999600, -0.1978062665827000077 ) ) ;
#7905 = CARTESIAN_POINT ( 'NONE',  ( 0.2725387700719718032, 0.1191993570952817050, 0.2270756231802803504 ) ) ;
#7906 = DIRECTION ( 'NONE',  ( 1.000000000000000000, -1.445077109225377968E-16, 0.000000000000000000 ) ) ;
#7907 = CARTESIAN_POINT ( 'NONE',  ( -0.4559204243528510725, 0.1204333066650962736, 0.1877055431802802377 ) ) ;
#7908 = CARTESIAN_POINT ( 'NONE',  ( 0.2330429268359290595, 0.09941834398879766110, 0.2270756231802802949 ) ) ;
#7909 = VECTOR ( 'NONE', #1288, 39.37007874015748143 ) ;
ENDSEC;
END-ISO-10303-21;
